"pathway","control_mean","neuropathy_mean","delta_GSVA","CI95_low","CI95_high","moderated_t","p_value","FDR_BH","n_control","n_neuropathy","tested_family_size","direction","complete_separation","study","GSEA_NES","GSEA_FDR","direction_agrees_with_GSEA","selected_for_display"
"GOBP_ACTIVATION_OF_GTPASE_ACTIVITY",-0.0304024082798014,0.0609857882902376,0.091388196570039,-0.230606661083504,0.413383054223582,0.610990534447912,0.551378333985535,0.751722234845019,4,4,3789,"higher_in_neuropathy","overlap","OIPN_GSE160543",1.01180165618717,0.606504060407715,TRUE,TRUE
"GOBP_ACTIVATION_OF_IMMUNE_RESPONSE",-0.0543412642311777,0.0519644684014357,0.106305732632613,-0.142711883439851,0.355323348705078,0.919009338838344,0.374256119063983,0.618158864487111,4,4,3789,"higher_in_neuropathy","overlap","OIPN_GSE160543",1.3802841629529,0.00988541134360117,TRUE,TRUE
"GOBP_ADAPTIVE_IMMUNE_RESPONSE",-0.0994982617547168,0.0998604185306375,0.199358680285354,-0.064064786060463,0.462782146631172,1.62919849682207,0.126425684988192,0.389529334672688,4,4,3789,"higher_in_neuropathy","overlap","OIPN_GSE160543",1.65554086186172,0.00015726978163421,TRUE,TRUE
"GOBP_ADAPTIVE_IMMUNE_RESPONSE_BASED_ON_SOMATIC_RECOMBINATION_OF_IMMUNE_RECEPTORS_BUILT_FROM_IMMUNOGLOBULIN_SUPERFAMILY_DOMAINS",-0.105330842565941,0.0875478573144629,0.192878699880404,-0.0611702576265405,0.446927657387348,1.63440681226915,0.125319612572008,0.388572841272781,4,4,3789,"higher_in_neuropathy","overlap","OIPN_GSE160543",1.49208642824838,0.00627768849251022,TRUE,TRUE
"GOBP_ALCOHOL_CATABOLIC_PROCESS",-0.062727303591972,0.032825851839375,0.095553155431347,-0.228131297321276,0.41923760818397,0.635501389337621,0.535750076575729,0.744049512144015,4,4,3789,"higher_in_neuropathy","overlap","OIPN_GSE160543",0.934568663482734,0.697676971243757,TRUE,TRUE
"GOBP_AMELOGENESIS",-0.102844396461241,0.104793413843672,0.207637810304912,-0.158883736256793,0.574159356866617,1.2195517697774,0.243561100125539,0.51080605366631,4,4,3789,"higher_in_neuropathy","overlap","OIPN_GSE160543",1.04482099261838,0.565216034887977,TRUE,TRUE
"GOBP_AMP_METABOLIC_PROCESS",-0.102386901558494,0.0573379339439437,0.159724835502438,-0.160365272861031,0.479814943865907,1.07422067547993,0.301592245441372,0.559614602339548,4,4,3789,"higher_in_neuropathy","overlap","OIPN_GSE160543",1.11453414752572,0.491778974478808,TRUE,TRUE
"GOBP_AMYLOID_BETA_CLEARANCE",0.0433951159412498,-0.0415442487348296,-0.0849393646760794,-0.395572294351339,0.225693564999181,-0.588646852965852,0.565839748994551,0.761174379248386,4,4,3789,"lower_in_neuropathy","overlap","OIPN_GSE160543",-0.909267081382549,0.729666594102182,TRUE,TRUE
"GOBP_AMYLOID_BETA_METABOLIC_PROCESS",-0.0345655955654705,-0.0119439736197346,0.022621621945736,-0.272145311468492,0.317388555359964,0.165210744300763,0.871232066415462,0.938786563780025,4,4,3789,"higher_in_neuropathy","overlap","OIPN_GSE160543",0.763983962978568,0.920747507211832,TRUE,TRUE
"GOBP_AMYLOID_FIBRIL_FORMATION",0.0511855359729317,-0.0944961108781857,-0.145681646851117,-0.388382056282763,0.0970187625805282,-1.29219377405362,0.218021179034555,0.485359722304305,4,4,3789,"lower_in_neuropathy","overlap","OIPN_GSE160543",-1.08275825274364,0.505143671104582,TRUE,TRUE
"GOBP_ANATOMICAL_STRUCTURE_MATURATION",-0.0533307770621881,0.0748818526375542,0.128212629699742,-0.122020737578437,0.378445996977921,1.10300860035948,0.289341836777691,0.548845864234101,4,4,3789,"higher_in_neuropathy","overlap","OIPN_GSE160543",1.25372477217628,0.164194728142235,TRUE,TRUE
"GOBP_ANGIOTENSIN_ACTIVATED_SIGNALING_PATHWAY",-0.0713062119674538,0.0805060380937371,0.151812250061191,-0.13886927587208,0.442493775994461,1.1243012582871,0.280523898348075,0.543407490204937,4,4,3789,"higher_in_neuropathy","overlap","OIPN_GSE160543",1.23108023021642,0.37079849210131,TRUE,TRUE
"GOBP_ANIMAL_ORGAN_FORMATION",-0.00342729382381412,0.0406040240407049,0.044031317864519,-0.330624724794059,0.418687360523097,0.253001009208458,0.8040879284008,0.909188051540027,4,4,3789,"higher_in_neuropathy","overlap","OIPN_GSE160543",0.811767211006027,0.863715416467801,TRUE,TRUE
"GOBP_ANIMAL_ORGAN_MATURATION",-0.0607525596315736,0.0734789346267064,0.13423149425828,-0.183032039519336,0.451495028035896,0.910809555957037,0.378408102392258,0.620418996090119,4,4,3789,"higher_in_neuropathy","overlap","OIPN_GSE160543",1.21261249878357,0.370997896086705,TRUE,TRUE
"GOBP_ANTIGEN_PROCESSING_AND_PRESENTATION",0.035801151480383,-0.0297216263800634,-0.0655227778604464,-0.365359251833509,0.234313696112617,-0.47043665156679,0.64557017748667,0.814540593572093,4,4,3789,"lower_in_neuropathy","overlap","OIPN_GSE160543",-0.946834459721105,0.702058264321446,TRUE,TRUE
"GOBP_ANTIGEN_PROCESSING_AND_PRESENTATION_OF_EXOGENOUS_ANTIGEN",0.0574680824922168,-0.0619331902655068,-0.119401272757724,-0.510564731888882,0.271762186373435,-0.657118946265646,0.522175433787435,0.736057559010637,4,4,3789,"lower_in_neuropathy","overlap","OIPN_GSE160543",-1.22407931404222,0.34295407113628,TRUE,TRUE
"GOBP_ANTIGEN_PROCESSING_AND_PRESENTATION_OF_EXOGENOUS_PEPTIDE_ANTIGEN",0.117452945060043,-0.114738721727021,-0.232191666787064,-0.636871811529964,0.172488477955836,-1.23517372146523,0.237878832605089,0.507501631047682,4,4,3789,"lower_in_neuropathy","overlap","OIPN_GSE160543",-1.41512584668572,0.192064043859783,TRUE,TRUE
"GOBP_ANTIGEN_PROCESSING_AND_PRESENTATION_OF_EXOGENOUS_PEPTIDE_ANTIGEN_VIA_MHC_CLASS_II",0.159870808603141,-0.123672315109655,-0.283543123712796,-0.741105347769216,0.174019100343624,-1.3340197772965,0.204316031189106,0.475155387832688,4,4,3789,"lower_in_neuropathy","overlap","OIPN_GSE160543",-1.60244566911773,0.0869319663174581,TRUE,TRUE
"GOBP_ANTIGEN_PROCESSING_AND_PRESENTATION_OF_PEPTIDE_ANTIGEN",0.0564777688694992,-0.0697666886689653,-0.126244457538464,-0.476626678987291,0.224137763910362,-0.775646022393727,0.451363006395227,0.68135243787565,4,4,3789,"lower_in_neuropathy","overlap","OIPN_GSE160543",-1.12835958079475,0.440222714614156,TRUE,TRUE
"GOBP_ANTIGEN_PROCESSING_AND_PRESENTATION_OF_PEPTIDE_OR_POLYSACCHARIDE_ANTIGEN_VIA_MHC_CLASS_II",0.145948181791223,-0.115802914631453,-0.261751096422675,-0.699306390280686,0.175804197435335,-1.28780135538265,0.219502263430532,0.487215950260829,4,4,3789,"lower_in_neuropathy","overlap","OIPN_GSE160543",-1.52069390158304,0.130972200240606,TRUE,TRUE
"GOBP_ANTIGEN_RECEPTOR_MEDIATED_SIGNALING_PATHWAY",-0.0935873178845284,0.0837592195278212,0.17734653741235,-0.108127709172151,0.46282078399685,1.33736233901395,0.203251534571821,0.47427629307477,4,4,3789,"higher_in_neuropathy","overlap","OIPN_GSE160543",1.5410222299822,0.017376696698455,TRUE,TRUE
"GOBP_APICAL_PROTEIN_LOCALIZATION",-0.119888034191478,0.191485379006426,0.311373413197904,-0.0618654761041985,0.684612302500006,1.79592398206179,0.0949640557054004,0.353421850019623,4,4,3789,"higher_in_neuropathy","overlap","OIPN_GSE160543",0.871374896397524,0.753163847501248,TRUE,TRUE
"GOBP_APOPTOTIC_CELL_CLEARANCE",-0.0747256064143463,0.101372378333274,0.17609798474762,-0.166986495707933,0.519182465203173,1.10496017092986,0.288525061634094,0.548845864234101,4,4,3789,"higher_in_neuropathy","overlap","OIPN_GSE160543",1.90660108237109,0.00382740365594328,TRUE,TRUE
"GOBP_APPENDAGE_DEVELOPMENT",-0.0297872682262333,0.0778078434694251,0.107595111695658,-0.170341067136055,0.385531290527372,0.833375577887401,0.419166841563633,0.658467314545857,4,4,3789,"higher_in_neuropathy","overlap","OIPN_GSE160543",1.20106477298448,0.252090934859342,TRUE,TRUE
"GOBP_APPENDAGE_MORPHOGENESIS",-0.0569513150212871,0.105859110140807,0.162810425162094,-0.158372533326976,0.483993383651165,1.09124691054609,0.294301119771912,0.552431773691225,4,4,3789,"higher_in_neuropathy","overlap","OIPN_GSE160543",1.32365174000235,0.139040544048231,TRUE,TRUE
"GOBP_ARF_PROTEIN_SIGNAL_TRANSDUCTION",-0.0709851153933318,0.0773664619510367,0.148351577344369,-0.198638667847628,0.495341822536365,0.920382205334099,0.373564043207733,0.617284849417402,4,4,3789,"higher_in_neuropathy","overlap","OIPN_GSE160543",0.921087849523035,0.706245336870403,TRUE,TRUE
"GOBP_ASYMMETRIC_CELL_DIVISION",-0.0381631448556314,0.0553212916692107,0.0934844365248421,-0.177594449925218,0.364563322974903,0.742398238326508,0.470596014917296,0.693269168165488,4,4,3789,"higher_in_neuropathy","overlap","OIPN_GSE160543",-0.983779726513143,0.640922128763843,FALSE,TRUE
"GOBP_ATP_SYNTHESIS_COUPLED_ELECTRON_TRANSPORT",0.265524123454842,-0.259301219202895,-0.524825342657737,-0.963740462316784,-0.0859102229986901,-2.57411275948867,0.0225980323402204,0.190419875859093,4,4,3789,"lower_in_neuropathy","overlap","OIPN_GSE160543",-2.51447996704326,2.07030377394519e-08,TRUE,TRUE
"GOBP_ATP_TRANSPORT",-0.0548953327540737,0.000928508953455531,0.0558238417075293,-0.221426538670704,0.333074222085762,0.433451869977588,0.671547907419537,0.82681951761649,4,4,3789,"higher_in_neuropathy","overlap","OIPN_GSE160543",-1.11805284070847,0.496223034888441,FALSE,TRUE
"GOBP_ATRIOVENTRICULAR_VALVE_DEVELOPMENT",-0.205722652247247,0.224841414984652,0.4305640672319,0.0635245068490454,0.797603627614754,2.52533046381406,0.0248104377470772,0.197908944470895,4,4,3789,"higher_in_neuropathy","overlap","OIPN_GSE160543",1.53984760129579,0.12205773098737,TRUE,TRUE
"GOBP_AXON_ENSHEATHMENT_IN_CENTRAL_NERVOUS_SYSTEM",0.0583175425625091,-0.0477085489025206,-0.10602609146503,-0.373815535539553,0.161763352609493,-0.852339487723081,0.408926394719375,0.645592545663213,4,4,3789,"lower_in_neuropathy","overlap","OIPN_GSE160543",0.771145202766382,0.864396571316126,FALSE,TRUE
"GOBP_B_CELL_ACTIVATION",-0.141348599682726,0.138638257199212,0.279986856881938,0.0131379972022068,0.546835716561669,2.25873668186953,0.0410715691501438,0.244043105758154,4,4,3789,"higher_in_neuropathy","overlap","OIPN_GSE160543",1.80957160719393,5.94215901254309e-05,TRUE,TRUE
"GOBP_B_CELL_DIFFERENTIATION",-0.160226697028365,0.156322459167727,0.316549156196092,0.037395621306035,0.595702691086148,2.44113242549852,0.0291281929709705,0.21591738371673,4,4,3789,"higher_in_neuropathy","overlap","OIPN_GSE160543",1.76519123661422,0.00128882163703562,TRUE,TRUE
"GOBP_B_CELL_HOMEOSTASIS",0.0275667253438089,-0.00606712142208042,-0.0336338467658893,-0.322248215338884,0.254980521807106,-0.25087183337199,0.805699785374421,0.910195732493643,4,4,3789,"lower_in_neuropathy","overlap","OIPN_GSE160543",-0.614448752362416,0.981759479553903,TRUE,TRUE
"GOBP_B_CELL_MEDIATED_IMMUNITY",-0.157118869071358,0.169113651501399,0.326232520572757,0.0665993890516732,0.58586565209384,2.70495753175084,0.0175659172115433,0.172633523491805,4,4,3789,"higher_in_neuropathy","overlap","OIPN_GSE160543",1.60327072405559,0.0143400762103453,TRUE,TRUE
"GOBP_B_CELL_PROLIFERATION",-0.106675736210913,0.105382861501788,0.212058597712701,-0.103063640428574,0.527180835853977,1.44867225895305,0.170308243674401,0.445603017197273,4,4,3789,"higher_in_neuropathy","overlap","OIPN_GSE160543",1.71819162510217,0.00592061516942952,TRUE,TRUE
"GOBP_B_CELL_RECEPTOR_SIGNALING_PATHWAY",-0.183069257705805,0.188360696566725,0.371429954272529,-0.000846277607862878,0.743706186152922,2.14785483796648,0.0504531900261462,0.265820157298759,4,4,3789,"higher_in_neuropathy","overlap","OIPN_GSE160543",2.08742957757313,0.000333123835431856,TRUE,TRUE
"GOBP_BICELLULAR_TIGHT_JUNCTION_ASSEMBLY",-0.228699871120417,0.20013027386437,0.428830144984787,0.137349555558405,0.720310734411168,3.16715252437734,0.00714269084472496,0.120282913825168,4,4,3789,"higher_in_neuropathy","neuropathy_above_control","OIPN_GSE160543",1.73485166079933,0.0221993518118414,TRUE,TRUE
"GOBP_BILE_ACID_BIOSYNTHETIC_PROCESS",0.0135550831179312,-0.0208286246698364,-0.0343837077877676,-0.303909153825775,0.23514173825024,-0.274628904682886,0.787768724588608,0.899052920923565,4,4,3789,"lower_in_neuropathy","overlap","OIPN_GSE160543",1.09434431137943,0.506971460695853,FALSE,TRUE
"GOBP_BILE_ACID_METABOLIC_PROCESS",-0.00212060057470408,-0.00246453694381476,-0.000343936369110683,-0.276150911406539,0.275463038668317,-0.00268451705855511,0.997897422801001,0.998424434907049,4,4,3789,"lower_in_neuropathy","overlap","OIPN_GSE160543",1.03422781144176,0.571879584432671,FALSE,TRUE
"GOBP_BLASTOCYST_FORMATION",-0.0216137747856071,0.0374443518806505,0.0590581266662576,-0.195868549030958,0.313984802363473,0.498721045270708,0.62602144038294,0.802771111193137,4,4,3789,"higher_in_neuropathy","overlap","OIPN_GSE160543",-0.78538520721183,0.878985767807639,FALSE,TRUE
"GOBP_BONE_MATURATION",-0.108808785699176,0.130056695372613,0.238865481071789,-0.0797741201532895,0.557505082296868,1.61378975687942,0.129747670538,0.39517790753038,4,4,3789,"higher_in_neuropathy","overlap","OIPN_GSE160543",1.17132845766287,0.422380421996556,TRUE,TRUE
"GOBP_BONE_MORPHOGENESIS",-0.102187639160877,0.12590673483197,0.228094373992847,-0.0787482064407056,0.5349369544264,1.6002662943878,0.132725127017345,0.39754585475788,4,4,3789,"higher_in_neuropathy","overlap","OIPN_GSE160543",1.60870392029191,0.0256905546661644,TRUE,TRUE
"GOBP_C4_DICARBOXYLATE_TRANSPORT",0.0748705737888505,-0.0217617006401312,-0.0966322744289816,-0.411423032026831,0.218158483168868,-0.660835765655343,0.519861457682613,0.73443514659188,4,4,3789,"lower_in_neuropathy","overlap","OIPN_GSE160543",0.912784783828515,0.721741836111975,FALSE,TRUE
"GOBP_CAMERA_TYPE_EYE_MORPHOGENESIS",-0.0977682844959175,0.0877254338156353,0.185493718311553,-0.0663360224677115,0.437323459090817,1.5856798208039,0.136002488769823,0.402442196706217,4,4,3789,"higher_in_neuropathy","overlap","OIPN_GSE160543",1.44351355096198,0.069843103400604,TRUE,TRUE
"GOBP_CARBOHYDRATE_CATABOLIC_PROCESS",-0.0319546573324286,0.0408281931832657,0.0727828505156943,-0.185410283583124,0.330975984614513,0.606844866195033,0.554046163047653,0.752970197915193,4,4,3789,"higher_in_neuropathy","overlap","OIPN_GSE160543",1.18595634010847,0.277599734216184,TRUE,TRUE
"GOBP_CARDIAC_ATRIUM_DEVELOPMENT",-0.130841425692857,0.206372787414007,0.337214213106863,-0.0368366678277804,0.711265094041507,1.94074510870697,0.0735130836917884,0.30912215424028,4,4,3789,"higher_in_neuropathy","overlap","OIPN_GSE160543",1.42944769395347,0.183302049267566,TRUE,TRUE
"GOBP_CARDIAC_ATRIUM_MORPHOGENESIS",-0.103185345765466,0.191292135241071,0.294477481006537,-0.0720928132253698,0.661047775238445,1.72937084188293,0.106580294180875,0.367454717608131,4,4,3789,"higher_in_neuropathy","overlap","OIPN_GSE160543",1.21246765931434,0.386622856173849,TRUE,TRUE
"GOBP_CARDIAC_CELL_DEVELOPMENT",-0.0942700647537332,0.115284243701858,0.209554308455591,-0.103161354055146,0.522269970966329,1.44258121200776,0.171988583692121,0.445794842996516,4,4,3789,"higher_in_neuropathy","overlap","OIPN_GSE160543",1.32349126249728,0.190204596741277,TRUE,TRUE
"GOBP_CARDIAC_MUSCLE_CELL_DIFFERENTIATION",-0.101016224145261,0.117425344870023,0.218441569015284,-0.0814315011543943,0.518314639184962,1.56816274532519,0.140030043844199,0.406344239181231,4,4,3789,"higher_in_neuropathy","overlap","OIPN_GSE160543",1.27452500647481,0.213342432340213,TRUE,TRUE
"GOBP_CD8_POSITIVE_ALPHA_BETA_T_CELL_ACTIVATION",0.0591363539898194,-0.0243010012081623,-0.0834373551979817,-0.378793277900915,0.211918567504952,-0.608146422356275,0.553207824849651,0.752370584477864,4,4,3789,"lower_in_neuropathy","overlap","OIPN_GSE160543",-1.05958415855916,0.536942102071087,TRUE,TRUE
"GOBP_CD8_POSITIVE_ALPHA_BETA_T_CELL_DIFFERENTIATION",0.0178306087655799,-0.0423064176169355,-0.0601370263825154,-0.359351151747551,0.23907709898252,-0.432666398495097,0.672104543219527,0.82681951761649,4,4,3789,"lower_in_neuropathy","overlap","OIPN_GSE160543",-1.13292357945414,0.457855468651662,TRUE,TRUE
"GOBP_CELL_ADHESION_MEDIATED_BY_INTEGRIN",-0.178331679464784,0.175200621958871,0.353532301423655,0.0165482930398712,0.690516309807439,2.25846372545463,0.0410925050075751,0.244043105758154,4,4,3789,"higher_in_neuropathy","overlap","OIPN_GSE160543",1.84205197607259,0.00237411531021595,TRUE,TRUE
"GOBP_CELL_FATE_DETERMINATION",-0.0587162449632071,0.114433750894648,0.173149995857855,-0.182285819333571,0.528585811049281,1.04870806865045,0.312766902890774,0.568108243074372,4,4,3789,"higher_in_neuropathy","overlap","OIPN_GSE160543",1.75367782574271,0.0323645028285485,TRUE,TRUE
"GOBP_CELL_FATE_SPECIFICATION",-0.0979511132101706,0.15988416325094,0.25783527646111,-0.0356963746177247,0.551366927539945,1.89095289245005,0.0803359197866796,0.322547225472652,4,4,3789,"higher_in_neuropathy","overlap","OIPN_GSE160543",1.54780419597944,0.0484324241411613,TRUE,TRUE
"GOBP_CELL_JUNCTION_DISASSEMBLY",0.0499867232023888,-0.0486911235238538,-0.0986778467262427,-0.382643804282374,0.185288110829889,-0.748077678041842,0.467275248334589,0.690695157365781,4,4,3789,"lower_in_neuropathy","overlap","OIPN_GSE160543",-0.98867217454598,0.629578038914117,TRUE,TRUE
"GOBP_CELL_KILLING",0.0460805323337041,-0.0506537007815509,-0.096734233115255,-0.364722770754942,0.171254304524432,-0.77706488706329,0.450553380469113,0.68135243787565,4,4,3789,"lower_in_neuropathy","overlap","OIPN_GSE160543",-1.0201313750346,0.576893481418563,TRUE,TRUE
"GOBP_CELL_PROLIFERATION_IN_FOREBRAIN",-0.153766871924915,0.16156709571444,0.315333967639355,-0.0785472775901569,0.709215212868867,1.72345030005218,0.107672162305734,0.369203459707172,4,4,3789,"higher_in_neuropathy","overlap","OIPN_GSE160543",1.20133521160725,0.398773465010988,TRUE,TRUE
"GOBP_CELL_VOLUME_HOMEOSTASIS",-0.115824444236655,0.118799191822421,0.234623636059076,-0.0223956357954446,0.491642907913597,1.96516663957377,0.070363176792007,0.306522151959709,4,4,3789,"higher_in_neuropathy","overlap","OIPN_GSE160543",1.40610842795881,0.1863872747431,TRUE,TRUE
"GOBP_CELLULAR_COMPONENT_ASSEMBLY_INVOLVED_IN_MORPHOGENESIS",-0.0124250596940087,0.0261160018479734,0.0385410615419821,-0.231700662024522,0.308782785108486,0.307018525175114,0.763524620062311,0.881632561665419,4,4,3789,"higher_in_neuropathy","overlap","OIPN_GSE160543",0.879338101027744,0.822652915557455,TRUE,TRUE
"GOBP_CELLULAR_COMPONENT_MAINTENANCE",0.0729824916622815,-0.0511449937384073,-0.124127485400689,-0.431745639084072,0.183490668282694,-0.868658967055212,0.400247862707074,0.638542800756675,4,4,3789,"lower_in_neuropathy","overlap","OIPN_GSE160543",-1.21466334809008,0.307828315545007,TRUE,TRUE
"GOBP_CELLULAR_HYPEROSMOTIC_RESPONSE",0.00692746998280337,-0.00023948840692406,-0.00716695838972743,-0.248088465266053,0.233754548486598,-0.0640401916731675,0.94987894567341,0.975879706929406,4,4,3789,"lower_in_neuropathy","overlap","OIPN_GSE160543",1.05536057327391,0.557509489993574,FALSE,TRUE
"GOBP_CELLULAR_PIGMENTATION",0.135091037740431,-0.14962936504382,-0.284720402784251,-0.52919506776298,-0.0402457378055217,-2.50713685254367,0.0256878603992227,0.201260158786205,4,4,3789,"lower_in_neuropathy","overlap","OIPN_GSE160543",-1.34118466780754,0.196914357249472,TRUE,TRUE
"GOBP_CELLULAR_RESPIRATION",0.12283115156729,-0.134912615710105,-0.257743767277395,-0.54372782260721,0.0282402880524206,-1.94016945360185,0.0735888580429487,0.30912215424028,4,4,3789,"lower_in_neuropathy","overlap","OIPN_GSE160543",-1.68368890477059,0.000346595266455714,TRUE,TRUE
"GOBP_CELLULAR_RESPONSE_TO_ANGIOTENSIN",-0.0975009094318912,0.0902110067740774,0.187711916205969,-0.0808784344070536,0.456302266818991,1.50450885399082,0.155535132068745,0.429848734798303,4,4,3789,"higher_in_neuropathy","overlap","OIPN_GSE160543",1.25454933964052,0.314404952076677,TRUE,TRUE
"GOBP_CELLULAR_RESPONSE_TO_BIOTIC_STIMULUS",-0.137986581972661,0.138843961422353,0.276830543395014,0.0250162041065516,0.528644882683477,2.36661089351961,0.0335420811819156,0.228243835847097,4,4,3789,"higher_in_neuropathy","overlap","OIPN_GSE160543",1.86000446376359,2.1815891831337e-05,TRUE,TRUE
"GOBP_CELLULAR_RESPONSE_TO_INTERLEUKIN_1",-0.143383708017162,0.13536898384776,0.278752691864922,0.0120555882683717,0.545449795461471,2.25005990989935,0.0417420237501792,0.24674029327524,4,4,3789,"higher_in_neuropathy","overlap","OIPN_GSE160543",1.68304391897237,0.0178163971871243,TRUE,TRUE
"GOBP_CELLULAR_RESPONSE_TO_KETONE",0.0130399262116336,-0.00562550249424229,-0.0186654287058759,-0.271574486325583,0.234243628913831,-0.158879146019282,0.876121736825105,0.941512935578584,4,4,3789,"lower_in_neuropathy","overlap","OIPN_GSE160543",1.04178532281083,0.546616004602035,FALSE,TRUE
"GOBP_CELLULAR_RESPONSE_TO_MOLECULE_OF_BACTERIAL_ORIGIN",-0.153443151848373,0.154224142577276,0.307667294425649,0.0580628072079029,0.557271781643395,2.65351932492667,0.0193987702556229,0.180151814947439,4,4,3789,"higher_in_neuropathy","neuropathy_above_control","OIPN_GSE160543",1.91110167156675,4.84057102343841e-05,TRUE,TRUE
"GOBP_CELLULAR_RESPONSE_TO_PH",0.0270008711778023,-0.0593558449155242,-0.0863567160933265,-0.490698367422717,0.317984935236064,-0.459770338071773,0.653014734905833,0.81821191486713,4,4,3789,"lower_in_neuropathy","overlap","OIPN_GSE160543",0.942647715298284,0.685981682214027,FALSE,TRUE
"GOBP_CELLULAR_RESPONSE_TO_PROSTAGLANDIN_STIMULUS",-0.0478035982446598,0.0499198359753333,0.0977234342199931,-0.215038874347882,0.410485742787868,0.672632149857276,0.512556591338099,0.728187823239617,4,4,3789,"higher_in_neuropathy","overlap","OIPN_GSE160543",1.06397569041885,0.553114574885835,TRUE,TRUE
"GOBP_CELLULAR_RESPONSE_TO_UNFOLDED_PROTEIN",0.0695753654083794,-0.0567660402706473,-0.126341405679027,-0.377617187132818,0.124934375774765,-1.08240149441527,0.298072403814312,0.55580528447462,4,4,3789,"lower_in_neuropathy","overlap","OIPN_GSE160543",-1.57460118449805,0.0312430426716141,TRUE,TRUE
"GOBP_CHOLESTEROL_STORAGE",-0.00613848096798581,0.0169639244688215,0.0231024054368073,-0.223332804490714,0.269537615364329,0.201812356504326,0.843079644729,0.927805807472518,4,4,3789,"higher_in_neuropathy","overlap","OIPN_GSE160543",-0.795275677730112,0.839832268825726,FALSE,TRUE
"GOBP_CILIUM_MOVEMENT",-0.0618908289863708,0.0406315914821093,0.10252242046848,-0.125235276158704,0.330280117095665,0.969034188941235,0.349608377114516,0.600171809054382,4,4,3789,"higher_in_neuropathy","overlap","OIPN_GSE160543",0.686926121901818,0.998917377323338,TRUE,TRUE
"GOBP_COLLAGEN_FIBRIL_ORGANIZATION",-0.216140646423005,0.220075633460858,0.436216279883864,0.130903197981544,0.741529361786184,3.07574103983685,0.00854008088500381,0.12906618475824,4,4,3789,"higher_in_neuropathy","neuropathy_above_control","OIPN_GSE160543",2.25144279035649,4.91387078011194e-06,TRUE,TRUE
"GOBP_CORONARY_VASCULATURE_DEVELOPMENT",-0.200992363689383,0.203609962346701,0.404602326036084,0.120765046756298,0.688439605315869,3.0686845788577,0.00865862995127386,0.129609794976836,4,4,3789,"higher_in_neuropathy","neuropathy_above_control","OIPN_GSE160543",1.58950884280486,0.0748395546425837,TRUE,TRUE
"GOBP_CYTOKINE_MEDIATED_SIGNALING_PATHWAY",-0.101502653033596,0.106229994231453,0.207732647265048,-0.0544515383116433,0.46991683284174,1.70565650219622,0.111013256719173,0.372567962541139,4,4,3789,"higher_in_neuropathy","overlap","OIPN_GSE160543",1.54775390267813,0.0009231622415687,TRUE,TRUE
"GOBP_CYTOPLASMIC_TRANSLATION",-0.0294593863915777,-0.0200777088193675,0.00938167757221019,-0.457220005550367,0.475983360694787,0.0432840124216037,0.966110262550857,0.984824262793973,4,4,3789,"higher_in_neuropathy","overlap","OIPN_GSE160543",-0.916635693432976,0.782707687183181,FALSE,TRUE
"GOBP_DECIDUALIZATION",0.0399473992719072,-0.041149208744294,-0.0810966080162012,-0.3379760538054,0.175782837772998,-0.679620773126806,0.5082571807456,0.723979871370331,4,4,3789,"lower_in_neuropathy","overlap","OIPN_GSE160543",-0.843450653308593,0.800902789147035,TRUE,TRUE
"GOBP_DEFENSE_RESPONSE_TO_VIRUS",-0.127416184925858,0.102083808850018,0.229499993775876,0.00622618918641835,0.452773798365333,2.21277989170142,0.0447415838531996,0.254161710974173,4,4,3789,"higher_in_neuropathy","neuropathy_above_control","OIPN_GSE160543",1.56193292918597,0.00474036422344618,TRUE,TRUE
"GOBP_DEFINITIVE_HEMOPOIESIS",-0.176085858082544,0.232219464023944,0.408305322106488,0.0436739513016629,0.772936692911314,2.41059538956777,0.0308653072736532,0.219004961160809,4,4,3789,"higher_in_neuropathy","overlap","OIPN_GSE160543",1.52949155837436,0.133906855471845,TRUE,TRUE
"GOBP_DENDRITE_EXTENSION",0.0929244560971264,-0.090263780078364,-0.18318823617549,-0.596572882048252,0.230196409697271,-0.953974025838536,0.356905304720058,0.605005599193748,4,4,3789,"lower_in_neuropathy","overlap","OIPN_GSE160543",0.78771710804744,0.86323456887268,FALSE,TRUE
"GOBP_DEVELOPMENTAL_GROWTH_INVOLVED_IN_MORPHOGENESIS",0.0462337396816257,-0.0193852650045763,-0.065619004686202,-0.384437527379416,0.253199518007012,-0.443077202047242,0.664743163801876,0.82230226824855,4,4,3789,"lower_in_neuropathy","overlap","OIPN_GSE160543",0.911272326166135,0.808622357523969,FALSE,TRUE
"GOBP_DEVELOPMENTAL_MATURATION",0.0106311823557439,0.0190408776913707,0.00840969533562686,-0.236700926892895,0.253520317564149,0.0738603635634029,0.942207189887067,0.972718747632055,4,4,3789,"higher_in_neuropathy","overlap","OIPN_GSE160543",1.00525198706406,0.59714731166516,TRUE,TRUE
"GOBP_DIENCEPHALON_DEVELOPMENT",-0.00817372732845451,0.0792297195093963,0.0874034468378508,-0.240611412120242,0.415418305795943,0.573625373091897,0.575675067184975,0.766963651661167,4,4,3789,"higher_in_neuropathy","overlap","OIPN_GSE160543",0.787319923432956,0.898629293802335,TRUE,TRUE
"GOBP_EAR_DEVELOPMENT",-0.0732084410314386,0.0918299364023769,0.165038377433816,-0.111004758324852,0.441081513192483,1.28706744066828,0.219750515749277,0.487215950260829,4,4,3789,"higher_in_neuropathy","overlap","OIPN_GSE160543",1.33867396631338,0.0964926715170606,TRUE,TRUE
"GOBP_EAR_MORPHOGENESIS",-0.0729877493041603,0.0946114597192528,0.167599209023413,-0.102704626860421,0.437903044907247,1.33479037630734,0.204070220650474,0.475155387832688,4,4,3789,"higher_in_neuropathy","overlap","OIPN_GSE160543",1.15782287290191,0.350300622061128,TRUE,TRUE
"GOBP_EATING_BEHAVIOR",0.00650369982607424,-0.0127599274774485,-0.0192636273035228,-0.313500219961146,0.2749729653541,-0.140940139024676,0.890003377441188,0.949119841577444,4,4,3789,"lower_in_neuropathy","overlap","OIPN_GSE160543",-0.878193867841645,0.7686361671801,TRUE,TRUE
"GOBP_ELECTRON_TRANSPORT_CHAIN",0.246628588465117,-0.239236755282435,-0.485865343747552,-0.876949333631871,-0.0947813538632325,-2.67447902411602,0.0186305075797979,0.177811066044973,4,4,3789,"lower_in_neuropathy","overlap","OIPN_GSE160543",-2.30640701375847,5.26499484245173e-07,TRUE,TRUE
"GOBP_EMBRYONIC_BRAIN_DEVELOPMENT",0.0707809512874563,-0.0336027270136965,-0.104383678301153,-0.382189451829516,0.17342209522721,-0.808881011088735,0.432640377157403,0.669364797488526,4,4,3789,"lower_in_neuropathy","overlap","OIPN_GSE160543",-0.844665097187701,0.789209434594421,TRUE,TRUE
"GOBP_EMBRYONIC_HEART_TUBE_DEVELOPMENT",-0.0940123347035258,0.151497383478995,0.245509718182521,-0.125599261804443,0.616618698169485,1.42416574398307,0.177153054345893,0.449369178505582,4,4,3789,"higher_in_neuropathy","overlap","OIPN_GSE160543",1.27012186526116,0.244081459809055,TRUE,TRUE
"GOBP_EMBRYONIC_HEART_TUBE_MORPHOGENESIS",-0.0694983340578398,0.144097082541819,0.213595416599659,-0.167877754550165,0.595068587749483,1.20537239319159,0.248810136799987,0.513196302849837,4,4,3789,"higher_in_neuropathy","overlap","OIPN_GSE160543",1.16519317431445,0.39430243902439,TRUE,TRUE
"GOBP_ENDOCHONDRAL_BONE_MORPHOGENESIS",-0.111678616804244,0.144100678309777,0.255779295114022,-0.0620954893682981,0.573654079596342,1.73221828403146,0.106058656183986,0.367301657603885,4,4,3789,"higher_in_neuropathy","overlap","OIPN_GSE160543",1.68245227622193,0.0269087410517251,TRUE,TRUE
"GOBP_ENDOCRINE_HORMONE_SECRETION",-0.0141036311802723,0.0518025511521135,0.0659061823323858,-0.222107839641936,0.353920204306707,0.492612961315155,0.630218994462462,0.804819605668442,4,4,3789,"higher_in_neuropathy","overlap","OIPN_GSE160543",0.814643323406607,0.857424681129282,TRUE,TRUE
"GOBP_ENDOCRINE_PROCESS",-0.040719648578273,0.0441911398551655,0.0849107884334385,-0.169976630221026,0.339798207087902,0.717146338489969,0.485535562420887,0.704088353022718,4,4,3789,"higher_in_neuropathy","overlap","OIPN_GSE160543",1.28979387670047,0.205848146529918,TRUE,TRUE
"GOBP_ENSHEATHMENT_OF_NEURONS",0.0128355078394294,0.0410919412984352,0.0282564334590058,-0.24811969279846,0.304632559716471,0.220094976212494,0.829098107318697,0.92124713449576,4,4,3789,"higher_in_neuropathy","overlap","OIPN_GSE160543",1.19165735154698,0.277038469182379,TRUE,TRUE
"GOBP_EPIBOLY",0.0516331627904525,-0.0275174242235116,-0.079150587013964,-0.366705111256787,0.208403937228859,-0.592553061204446,0.563296956006624,0.759548813633131,4,4,3789,"lower_in_neuropathy","overlap","OIPN_GSE160543",-1.03174385951217,0.567265994194723,TRUE,TRUE
"GOBP_EPIDERMIS_DEVELOPMENT",-0.0827090846071463,0.0984409881518719,0.181150072759018,-0.0855630522367939,0.44786319775483,1.46213487414112,0.166642894337152,0.442281167765081,4,4,3789,"higher_in_neuropathy","overlap","OIPN_GSE160543",1.48294501377066,0.00907061951960996,TRUE,TRUE
"GOBP_ERBB_SIGNALING_PATHWAY",0.0389323927445366,-0.0324291442303145,-0.0713615369748511,-0.323408304842975,0.180685230893273,-0.609503738178501,0.552334310321597,0.751722234845019,4,4,3789,"lower_in_neuropathy","overlap","OIPN_GSE160543",-0.918391416918367,0.776527256744361,TRUE,TRUE
"GOBP_ERK1_AND_ERK2_CASCADE",-0.0496029976034038,0.0593263862382421,0.108929383841646,-0.131494291939173,0.349353059622465,0.97535143056276,0.346579168334299,0.597617038073571,4,4,3789,"higher_in_neuropathy","overlap","OIPN_GSE160543",1.62142752164826,0.00126673062086099,TRUE,TRUE
"GOBP_ESTABLISHMENT_OF_PIGMENT_GRANULE_LOCALIZATION",0.157611749569071,-0.218647039717908,-0.37625878928698,-0.67354750497507,-0.0789700735988892,-2.72459239341744,0.0169117323351809,0.169602754862412,4,4,3789,"lower_in_neuropathy","overlap","OIPN_GSE160543",-1.44048927611456,0.192574900298066,TRUE,TRUE
"GOBP_ESTABLISHMENT_OF_PROTEIN_LOCALIZATION_TO_ORGANELLE",0.0525099314023291,-0.0576967795114201,-0.110206710913749,-0.342196794563683,0.121783372736185,-1.02266155698906,0.324485830097736,0.579668463102461,4,4,3789,"lower_in_neuropathy","overlap","OIPN_GSE160543",-1.35410686998677,0.0280517057569296,TRUE,TRUE
"GOBP_ESTABLISHMENT_OF_TISSUE_POLARITY",-0.0056145753229256,0.00315205998935955,0.00876663531228515,-0.301935088865358,0.319468359489928,0.0607410909868889,0.95245748530634,0.976878194424156,4,4,3789,"higher_in_neuropathy","overlap","OIPN_GSE160543",-0.611800889954261,0.978469624148101,FALSE,TRUE
"GOBP_ESTABLISHMENT_OR_MAINTENANCE_OF_BIPOLAR_CELL_POLARITY",0.000440355480310149,0.0102893059245891,0.00984895044427896,-0.268103430135066,0.287801331023624,0.0762803830450396,0.940317499024676,0.972718747632055,4,4,3789,"higher_in_neuropathy","overlap","OIPN_GSE160543",0.639558840139407,0.981759479553903,TRUE,TRUE
"GOBP_ESTABLISHMENT_OR_MAINTENANCE_OF_MONOPOLAR_CELL_POLARITY",0.0456826767940144,-0.0830865740349109,-0.128769250828925,-0.4318974250091,0.174358923351249,-0.914490453744608,0.37654037261498,0.6193396417522,4,4,3789,"lower_in_neuropathy","overlap","OIPN_GSE160543",0.809506773937387,0.830319746642494,FALSE,TRUE
"GOBP_ESTROGEN_RECEPTOR_SIGNALING_PATHWAY",-0.0240943968023408,0.0431951199475502,0.067289516749891,-0.194032144126324,0.328611177626106,0.554326078362017,0.588442107730811,0.776407731954918,4,4,3789,"higher_in_neuropathy","overlap","OIPN_GSE160543",0.963549599232933,0.673486334858268,TRUE,TRUE
"GOBP_EXOCYTOSIS",0.0934980386047732,-0.0957053222316411,-0.189203360836414,-0.479754777353717,0.101348055680888,-1.40184229966114,0.183585316124672,0.455035873893476,4,4,3789,"lower_in_neuropathy","overlap","OIPN_GSE160543",-1.54297740096639,0.00199554414102083,TRUE,TRUE
"GOBP_EXTRACELLULAR_MATRIX_ASSEMBLY",-0.148206774701417,0.212287196367063,0.36049397106848,-0.0118336275747322,0.732821569711692,2.08432811923169,0.056693788426233,0.278254876097146,4,4,3789,"higher_in_neuropathy","overlap","OIPN_GSE160543",1.93013684900674,0.00353010681671769,TRUE,TRUE
"GOBP_EXTRACELLULAR_TRANSPORT",-0.0533039595562093,0.0558813922015071,0.109185351757716,-0.141816831328184,0.360187534843616,0.93644050339095,0.365534487396045,0.611483519975105,4,4,3789,"higher_in_neuropathy","overlap","OIPN_GSE160543",0.725662067566715,0.934239497579428,TRUE,TRUE
"GOBP_EXTRACELLULAR_VESICLE_BIOGENESIS",0.191771188326451,-0.21097367814871,-0.402744866475161,-0.782515455709472,-0.022974277240849,-2.2829794169983,0.0392517474560184,0.2426432366216,4,4,3789,"lower_in_neuropathy","overlap","OIPN_GSE160543",-1.49117802746767,0.158229551402216,TRUE,TRUE
"GOBP_EYE_MORPHOGENESIS",-0.0984397290739947,0.0953359149251612,0.193775643999156,-0.0554074627694221,0.442958750767734,1.67407111735865,0.117168741781782,0.380334549811854,4,4,3789,"higher_in_neuropathy","overlap","OIPN_GSE160543",1.5040747701633,0.0351120708913545,TRUE,TRUE
"GOBP_FATTY_ACID_TRANSMEMBRANE_TRANSPORT",-0.0817547033594393,0.00220878911893866,0.083963492478378,-0.256823998727782,0.424750983684538,0.53039590260702,0.604472578124387,0.787355630547432,4,4,3789,"higher_in_neuropathy","overlap","OIPN_GSE160543",0.729357005298416,0.891787740564277,TRUE,TRUE
"GOBP_FEEDING_BEHAVIOR",0.0526198590229471,-0.0354066605019638,-0.0880265195249109,-0.34791819632931,0.171865157279488,-0.729145954269619,0.478400870765612,0.699059351843774,4,4,3789,"lower_in_neuropathy","overlap","OIPN_GSE160543",-1.1745665724488,0.348599161651206,TRUE,TRUE
"GOBP_FIBRINOLYSIS",-0.0933798974499373,0.147470646266686,0.240850543716623,-0.0364862206980718,0.518187308131318,1.86953455836392,0.0834432374217963,0.329991826864315,4,4,3789,"higher_in_neuropathy","overlap","OIPN_GSE160543",-0.90261886627895,0.721757699711261,FALSE,TRUE
"GOBP_FILOPODIUM_ASSEMBLY",0.0531299787472363,-0.0535629449699174,-0.106692923717154,-0.366119143805464,0.152733296371156,-0.885350138024365,0.391500196780911,0.63296577988968,4,4,3789,"lower_in_neuropathy","overlap","OIPN_GSE160543",-0.963279779365943,0.673053389545946,TRUE,TRUE
"GOBP_FOREBRAIN_DEVELOPMENT",-0.0221024001580287,0.0514072815422971,0.0735096817003258,-0.193952712414325,0.340972075814977,0.591663972938352,0.563875178508684,0.759787713858251,4,4,3789,"higher_in_neuropathy","overlap","OIPN_GSE160543",1.18457693729422,0.215199491600354,TRUE,TRUE
"GOBP_G_PROTEIN_COUPLED_DOPAMINE_RECEPTOR_SIGNALING_PATHWAY",-0.00475173876214183,0.046700113195514,0.0514518519576558,-0.244666010003898,0.34756971391921,0.374050050133084,0.714189515728656,0.853495673688732,4,4,3789,"higher_in_neuropathy","overlap","OIPN_GSE160543",1.04741415484125,0.565216034887977,TRUE,TRUE
"GOBP_G_PROTEIN_COUPLED_RECEPTOR_SIGNALING_PATHWAY_COUPLED_TO_CYCLIC_NUCLEOTIDE_SECOND_MESSENGER",0.0173894065840678,-0.0427433110626736,-0.0601327176467414,-0.354613719957178,0.234348284663695,-0.439589044318986,0.667205643381196,0.824271986557336,4,4,3789,"lower_in_neuropathy","overlap","OIPN_GSE160543",-1.11211762116219,0.468862802180253,TRUE,TRUE
"GOBP_GLUCOSE_6_PHOSPHATE_METABOLIC_PROCESS",-0.00507318499775941,-0.0028803462207533,0.00219283877700611,-0.355811213430793,0.360196890984806,0.0131859696246269,0.98967274514752,0.994133094211016,4,4,3789,"higher_in_neuropathy","overlap","OIPN_GSE160543",0.527665370097946,0.992547433314572,TRUE,TRUE
"GOBP_GLUCOSE_CATABOLIC_PROCESS",-0.021436641671547,0.0198485373876248,0.0412851790591718,-0.348551782724641,0.431122140842985,0.227984052833611,0.823083261583687,0.917629456986972,4,4,3789,"higher_in_neuropathy","overlap","OIPN_GSE160543",1.04200032677159,0.571640559294116,TRUE,TRUE
"GOBP_GLUTAMATE_SECRETION",-0.0298185786331008,0.0122282554746372,0.0420468341077381,-0.308626769712457,0.392720437927933,0.25812111698199,0.800215649464635,0.906703676980114,4,4,3789,"higher_in_neuropathy","overlap","OIPN_GSE160543",0.879127994987205,0.758280338002607,TRUE,TRUE
"GOBP_GLYCEROLIPID_CATABOLIC_PROCESS",0.0685092529936084,-0.0369514309546585,-0.105460683948267,-0.354072612022637,0.143151244126103,-0.913191652191321,0.377198674684818,0.619508356471945,4,4,3789,"lower_in_neuropathy","overlap","OIPN_GSE160543",0.991756779114136,0.629695203247544,FALSE,TRUE
"GOBP_GLYCOLYTIC_PROCESS_THROUGH_FRUCTOSE_6_PHOSPHATE",-0.00559519046286934,-0.0214500583112333,-0.015854867848364,-0.46371873500825,0.432008999311522,-0.0762096402721535,0.940372733807233,0.972718747632055,4,4,3789,"lower_in_neuropathy","overlap","OIPN_GSE160543",0.85548219584807,0.783291664443787,FALSE,TRUE
"GOBP_GLYCOLYTIC_PROCESS_THROUGH_GLUCOSE_6_PHOSPHATE",-0.0111210251774813,0.00106275418849115,0.0121837793659725,-0.489481985128484,0.513849543860429,0.0522830449177769,0.959070661904101,0.980814774076826,4,4,3789,"higher_in_neuropathy","overlap","OIPN_GSE160543",0.837143831233305,0.796492093186409,TRUE,TRUE
"GOBP_GPI_ANCHOR_METABOLIC_PROCESS",0.120136362637469,-0.112111541885434,-0.232247904522903,-0.560411359928319,0.0959155508825121,-1.52354364221738,0.150752744892893,0.4219185773444,4,4,3789,"lower_in_neuropathy","overlap","OIPN_GSE160543",-1.14569986689375,0.441036435461168,TRUE,TRUE
"GOBP_HEART_FORMATION",-0.0152226029390175,0.113794245410919,0.129016848349936,-0.280529270815947,0.538562967515819,0.678167424283312,0.509149543814241,0.724868287346891,4,4,3789,"higher_in_neuropathy","overlap","OIPN_GSE160543",0.975315833247055,0.653314874143031,TRUE,TRUE
"GOBP_HEMOSTASIS",-0.0994922685568993,0.118428862510772,0.217921131067671,-0.063171093249769,0.499013355385111,1.66895191090444,0.118194027257731,0.380431690429743,4,4,3789,"higher_in_neuropathy","overlap","OIPN_GSE160543",1.49644864073048,0.0158806734677139,TRUE,TRUE
"GOBP_HETEROTYPIC_CELL_CELL_ADHESION",-0.138936419724211,0.108179232768599,0.24711565249281,-0.0785868744701069,0.572818179455726,1.63332435380382,0.125548796930777,0.388647378734243,4,4,3789,"higher_in_neuropathy","overlap","OIPN_GSE160543",1.59502762057624,0.0496183001633943,TRUE,TRUE
"GOBP_HOMEOSTASIS_OF_NUMBER_OF_CELLS",-0.0609981269774624,0.0578094455051727,0.118807572482635,-0.110589238082716,0.348204383047986,1.11493630634575,0.284376876845806,0.54641268141003,4,4,3789,"higher_in_neuropathy","overlap","OIPN_GSE160543",1.37222104969691,0.0334877516833277,TRUE,TRUE
"GOBP_HUMORAL_IMMUNE_RESPONSE",-0.0780240718858532,0.0814714135545496,0.159495485440403,-0.187363936653783,0.506354907534589,0.989892900495057,0.33967725382489,0.591367884542444,4,4,3789,"higher_in_neuropathy","overlap","OIPN_GSE160543",1.56436383756613,0.0163667548070888,TRUE,TRUE
"GOBP_HUMORAL_IMMUNE_RESPONSE_MEDIATED_BY_CIRCULATING_IMMUNOGLOBULIN",-0.165256690784109,0.206463358538247,0.371720049322356,0.0565165278185075,0.686923570826204,2.53874006099997,0.0241822857361452,0.194950384370753,4,4,3789,"higher_in_neuropathy","overlap","OIPN_GSE160543",1.7626463630712,0.0154717083601639,TRUE,TRUE
"GOBP_ICOSANOID_BIOSYNTHETIC_PROCESS",-0.0246456594397217,-0.0361960858522345,-0.0115504264125128,-0.342964192114639,0.319863339289613,-0.075027553476768,0.941295734634803,0.972718747632055,4,4,3789,"lower_in_neuropathy","overlap","OIPN_GSE160543",-0.931687791563412,0.710778823705784,TRUE,TRUE
"GOBP_IMMUNE_RESPONSE_REGULATING_CELL_SURFACE_RECEPTOR_SIGNALING_PATHWAY",-0.0516771161446691,0.0493875404490387,0.101064656593708,-0.160570247673371,0.362699560860787,0.831566401004334,0.420152511013084,0.658922957048252,4,4,3789,"higher_in_neuropathy","overlap","OIPN_GSE160543",1.36908735172585,0.0352938619460527,TRUE,TRUE
"GOBP_IMMUNE_RESPONSE_REGULATING_SIGNALING_PATHWAY",-0.046951708237332,0.0437904224132169,0.0907421306505489,-0.157116587967966,0.338600849269064,0.788130406575363,0.444270734656052,0.677597180553065,4,4,3789,"higher_in_neuropathy","overlap","OIPN_GSE160543",1.34048412358268,0.0174292978829276,TRUE,TRUE
"GOBP_IMMUNE_RESPONSE_TO_TUMOR_CELL",0.0690689549164152,-0.0755285288153761,-0.144597483731791,-0.464012343887129,0.174817376423546,-0.974538339460907,0.346968010219364,0.597753631188323,4,4,3789,"lower_in_neuropathy","overlap","OIPN_GSE160543",-0.899929739283569,0.730968186610901,TRUE,TRUE
"GOBP_INFLAMMATORY_CELL_APOPTOTIC_PROCESS",0.0486949606839312,0.026201700729355,-0.0224932599545762,-0.338226489217925,0.293239969308772,-0.153364704385784,0.880384652402382,0.943109258680415,4,4,3789,"lower_in_neuropathy","overlap","OIPN_GSE160543",-0.745409694208612,0.87822095947518,TRUE,TRUE
"GOBP_INFLAMMATORY_RESPONSE_TO_ANTIGENIC_STIMULUS",-0.183723447131644,0.18049366307549,0.364217110207133,0.0717273932656902,0.656706827148577,2.68066814143634,0.0184093653516065,0.177237012666109,4,4,3789,"higher_in_neuropathy","overlap","OIPN_GSE160543",1.69465018688644,0.0193220847154849,TRUE,TRUE
"GOBP_INNER_EAR_AUDITORY_RECEPTOR_CELL_DIFFERENTIATION",0.0789213788480525,-0.0616892300413519,-0.140610608889404,-0.441837785735741,0.160616567956932,-1.00488704717265,0.332663912549594,0.586534930037419,4,4,3789,"lower_in_neuropathy","overlap","OIPN_GSE160543",-1.06291646209356,0.535207437051133,TRUE,TRUE
"GOBP_INNER_EAR_MORPHOGENESIS",-0.0199733964825151,0.073222130278581,0.0931955267610961,-0.19368207014138,0.380073123663572,0.699345434538435,0.496236983115342,0.711404437769213,4,4,3789,"higher_in_neuropathy","overlap","OIPN_GSE160543",0.99650974771086,0.619933738117519,TRUE,TRUE
"GOBP_INORGANIC_ANION_TRANSPORT",-0.0106352995646646,0.0358760032130618,0.0465113027777264,-0.230143647222742,0.323166252778195,0.361920655649384,0.723026275904366,0.860680665850343,4,4,3789,"higher_in_neuropathy","overlap","OIPN_GSE160543",1.05042085096735,0.522762151028026,TRUE,TRUE
"GOBP_INORGANIC_ION_IMPORT_ACROSS_PLASMA_MEMBRANE",-0.0173881391809951,0.0122441852715851,0.0296323244525802,-0.279165650902737,0.338430299807897,0.206578246635721,0.839429428096327,0.926477746302646,4,4,3789,"higher_in_neuropathy","overlap","OIPN_GSE160543",1.13548526952975,0.38048613119563,TRUE,TRUE
"GOBP_INSULIN_LIKE_GROWTH_FACTOR_RECEPTOR_SIGNALING_PATHWAY",0.0111276737578552,0.0249633307573189,0.0138356569994637,-0.322737114222273,0.3504084282212,0.0884940597433788,0.930786313235636,0.970857954669071,4,4,3789,"higher_in_neuropathy","overlap","OIPN_GSE160543",0.970404410110531,0.660455542496175,TRUE,TRUE
"GOBP_INTEGRIN_MEDIATED_SIGNALING_PATHWAY",-0.180670343837035,0.207170791594889,0.387841135431924,0.124769293290498,0.65091297757335,3.17375073593585,0.00705112583529613,0.120282913825168,4,4,3789,"higher_in_neuropathy","neuropathy_above_control","OIPN_GSE160543",2.08474984238154,4.11928369255443e-05,TRUE,TRUE
"GOBP_INTERFERON_MEDIATED_SIGNALING_PATHWAY",-0.125012491816213,0.13448913554319,0.259501627359402,-0.00265775577207905,0.521661010490884,2.13092414425966,0.0520507812243261,0.267598928166854,4,4,3789,"higher_in_neuropathy","overlap","OIPN_GSE160543",1.59431726321998,0.0322600213917402,TRUE,TRUE
"GOBP_INTERLEUKIN_6_MEDIATED_SIGNALING_PATHWAY",-0.0046817204830067,0.0278891089625464,0.0325708294455531,-0.379094446195576,0.444236105086682,0.170324802469642,0.867286650786333,0.93777944301436,4,4,3789,"higher_in_neuropathy","overlap","OIPN_GSE160543",-0.621997793666211,0.962693802220579,FALSE,TRUE
"GOBP_INTERLEUKIN_6_PRODUCTION",-0.0953108253411533,0.131901733458143,0.227212558799296,-0.0570485157576017,0.511473633356194,1.72071224844872,0.108180441545493,0.369729960093642,4,4,3789,"higher_in_neuropathy","overlap","OIPN_GSE160543",1.55493590645258,0.0244977473655357,TRUE,TRUE
"GOBP_INTERLEUKIN_8_PRODUCTION",-0.101329606132634,0.104519079971425,0.205848686104059,-0.127522985089131,0.53922035729725,1.32926851464743,0.205836923107911,0.476302580486136,4,4,3789,"higher_in_neuropathy","overlap","OIPN_GSE160543",1.62471871087792,0.0311107398399321,TRUE,TRUE
"GOBP_INTRINSIC_APOPTOTIC_SIGNALING_PATHWAY_IN_RESPONSE_TO_DNA_DAMAGE",-0.224882967367336,0.197689117071546,0.422572084438882,0.184872318031333,0.660271850846431,3.82706078099751,0.00197394506272049,0.0840368296926735,4,4,3789,"higher_in_neuropathy","neuropathy_above_control","OIPN_GSE160543",1.95723801822288,0.00030406581551773,TRUE,TRUE
"GOBP_INTRINSIC_APOPTOTIC_SIGNALING_PATHWAY_IN_RESPONSE_TO_ENDOPLASMIC_RETICULUM_STRESS",-0.0575665168442614,0.0380761663828942,0.0956426832271556,-0.163518837771545,0.354804204225856,0.794464585147217,0.440699586650396,0.675354579895683,4,4,3789,"higher_in_neuropathy","overlap","OIPN_GSE160543",1.11131010842663,0.463407694855016,TRUE,TRUE
"GOBP_INTRINSIC_APOPTOTIC_SIGNALING_PATHWAY_IN_RESPONSE_TO_OXIDATIVE_STRESS",0.0025436862924852,0.0308128945156539,0.0282692082231687,-0.258108173731753,0.314646590178091,0.212504553866259,0.83489581743809,0.925387951934273,4,4,3789,"higher_in_neuropathy","overlap","OIPN_GSE160543",-0.748213904106584,0.93396237667062,FALSE,TRUE
"GOBP_LABYRINTHINE_LAYER_BLOOD_VESSEL_DEVELOPMENT",0.0131977094239159,-0.0517298334860347,-0.0649275429099506,-0.327874668593602,0.198019582773701,-0.531561907273619,0.603686441815952,0.787171204005913,4,4,3789,"lower_in_neuropathy","overlap","OIPN_GSE160543",-0.857117288692995,0.776209821940263,TRUE,TRUE
"GOBP_LENS_FIBER_CELL_DIFFERENTIATION",-0.0991613995240473,0.10775810930431,0.206919508828357,-0.0575708736971809,0.471409891353895,1.68416588170646,0.115169707230568,0.378234559887779,4,4,3789,"higher_in_neuropathy","overlap","OIPN_GSE160543",1.26245314100763,0.306156800651308,TRUE,TRUE
"GOBP_LEUKOCYTE_CELL_CELL_ADHESION",-0.0887756798646565,0.0813768029516276,0.170152482816284,-0.0973217209797201,0.437626686612288,1.36946109248598,0.193256839695793,0.46286859796693,4,4,3789,"higher_in_neuropathy","overlap","OIPN_GSE160543",1.67595166879254,0.00017070530874174,TRUE,TRUE
"GOBP_LEUKOCYTE_DEGRANULATION",0.0147775825864093,0.00066207043043591,-0.0141155121559734,-0.310913104345873,0.282682080033927,-0.102383407123912,0.91996100057186,0.965506336909658,4,4,3789,"lower_in_neuropathy","overlap","OIPN_GSE160543",-0.882663449416611,0.801276553221491,TRUE,TRUE
"GOBP_LEUKOCYTE_MEDIATED_CYTOTOXICITY",0.0881473381318491,-0.0809669477326927,-0.169114285864542,-0.424379665887483,0.0861510941583993,-1.42620412646062,0.176575140363356,0.449369178505582,4,4,3789,"lower_in_neuropathy","overlap","OIPN_GSE160543",-1.13159647240035,0.390614684628424,TRUE,TRUE
"GOBP_LEUKOCYTE_MIGRATION",-0.0684822262116702,0.0603537950298002,0.12883602124147,-0.146747435853674,0.404419478336615,1.00641585813213,0.331954720497143,0.586069454732451,4,4,3789,"higher_in_neuropathy","overlap","OIPN_GSE160543",1.50707571813807,0.0036158475178013,TRUE,TRUE
"GOBP_LEUKOCYTE_PROLIFERATION",-0.0885189634877537,0.0834370915293138,0.171956055017068,-0.0859791552336073,0.429891265267742,1.43515944361456,0.174054681861436,0.44716495177977,4,4,3789,"higher_in_neuropathy","overlap","OIPN_GSE160543",1.69951390645388,0.000150418376429232,TRUE,TRUE
"GOBP_LIPID_OXIDATION",0.102022039351862,-0.0811470948422517,-0.183169134194113,-0.427671050972,0.0613327825837732,-1.61273620377402,0.129977540070457,0.39517790753038,4,4,3789,"lower_in_neuropathy","overlap","OIPN_GSE160543",1.27993991300232,0.206044688156614,FALSE,TRUE
"GOBP_LIPOPOLYSACCHARIDE_MEDIATED_SIGNALING_PATHWAY",-0.14210264821373,0.112563696832113,0.254666345045842,-0.0287359566866911,0.538068646778376,1.93446774668093,0.0743432301972546,0.310977682924648,4,4,3789,"higher_in_neuropathy","overlap","OIPN_GSE160543",1.73050696224673,0.0156319213958677,TRUE,TRUE
"GOBP_LONG_CHAIN_FATTY_ACID_BIOSYNTHETIC_PROCESS",0.0690123126512611,-0.10466329789391,-0.173675610545171,-0.537158198087493,0.189806976997151,-1.02860477052564,0.321784130532711,0.576144989978915,4,4,3789,"lower_in_neuropathy","overlap","OIPN_GSE160543",1.60092193717867,0.09688658176375,FALSE,TRUE
"GOBP_LONG_CHAIN_FATTY_ACID_METABOLIC_PROCESS",0.00291206927725587,-0.0279532637695579,-0.0308653330468137,-0.312214921856161,0.250484255762534,-0.236166337018817,0.816857089619085,0.916109521597133,4,4,3789,"lower_in_neuropathy","overlap","OIPN_GSE160543",1.37437351622486,0.145700881870386,FALSE,TRUE
"GOBP_LYMPH_NODE_DEVELOPMENT",0.00769117744698723,-0.065484609349904,-0.0731757867968912,-0.389089008041496,0.242737434447713,-0.498646654655523,0.626072481809374,0.802771111193137,4,4,3789,"lower_in_neuropathy","overlap","OIPN_GSE160543",-0.949992231182805,0.674348606167726,TRUE,TRUE
"GOBP_LYMPH_VESSEL_DEVELOPMENT",-0.208348316634484,0.229708798904496,0.438057115538981,0.0970097283560979,0.779104502721864,2.76509032992041,0.0156366728601449,0.164284628299102,4,4,3789,"higher_in_neuropathy","overlap","OIPN_GSE160543",1.86677786977917,0.0162036574542848,TRUE,TRUE
"GOBP_LYMPHOCYTE_DIFFERENTIATION",-0.123888817685182,0.102941332699965,0.226830150385148,-0.0299367394205434,0.483597040190838,1.90175720844378,0.078808487209438,0.319912933466711,4,4,3789,"higher_in_neuropathy","overlap","OIPN_GSE160543",1.63716541491099,0.000133763411133746,TRUE,TRUE
"GOBP_LYTIC_VACUOLE_ORGANIZATION",0.0810139093289009,-0.0793451398865609,-0.160359049215462,-0.396487348174354,0.0757692497434302,-1.46197095651503,0.166687122609801,0.442281167765081,4,4,3789,"lower_in_neuropathy","overlap","OIPN_GSE160543",-1.24457186722082,0.229619625100438,TRUE,TRUE
"GOBP_MACROPHAGE_MIGRATION",0.00847968535437233,-0.0155950334287912,-0.0240747187831635,-0.326327641899331,0.278178204333004,-0.171468371852447,0.866404904923478,0.93744444653825,4,4,3789,"lower_in_neuropathy","overlap","OIPN_GSE160543",-0.743695514649728,0.930793292529505,TRUE,TRUE
"GOBP_MAST_CELL_ACTIVATION",0.00228614619418983,-0.0230569915931741,-0.0253431377873639,-0.311848136183504,0.261161860608777,-0.190423916255432,0.851817179109617,0.930504707196983,4,4,3789,"lower_in_neuropathy","overlap","OIPN_GSE160543",-0.94665791215609,0.694043756959283,TRUE,TRUE
"GOBP_MAST_CELL_ACTIVATION_INVOLVED_IN_IMMUNE_RESPONSE",0.0313110881425823,-0.0313215439524497,-0.062632632095032,-0.358526789817577,0.233261525627513,-0.45567749862308,0.655881647679504,0.818639440205237,4,4,3789,"lower_in_neuropathy","overlap","OIPN_GSE160543",-1.13878034879968,0.417965355479776,TRUE,TRUE
"GOBP_MATERNAL_PLACENTA_DEVELOPMENT",-0.0112253082701562,-0.00239542989457335,0.00882987837558281,-0.231932916979868,0.249592673731034,0.0789511854792414,0.938232417601433,0.972718747632055,4,4,3789,"higher_in_neuropathy","overlap","OIPN_GSE160543",-0.888880047703449,0.755278665367706,FALSE,TRUE
"GOBP_MATING_BEHAVIOR",-0.0284487480436677,0.0166241991637525,0.0450729472074202,-0.173687773129879,0.26383366754472,0.44354728232418,0.664411615991965,0.82230226824855,4,4,3789,"higher_in_neuropathy","overlap","OIPN_GSE160543",0.637597202788196,0.962866907074146,TRUE,TRUE
"GOBP_MEMBRANE_INVAGINATION",-0.060529173904428,0.0660041008174447,0.126533274721873,-0.1409972323728,0.394063781816545,1.01818043154461,0.326533741061379,0.581441114384848,4,4,3789,"higher_in_neuropathy","overlap","OIPN_GSE160543",1.70866167444728,0.0182355162698035,TRUE,TRUE
"GOBP_MEMBRANE_LIPID_CATABOLIC_PROCESS",0.0139855657693898,-0.050524423013874,-0.0645099887832638,-0.329295013223496,0.200275035656968,-0.52447749596808,0.608470724423448,0.789553279054947,4,4,3789,"lower_in_neuropathy","overlap","OIPN_GSE160543",-1.04309872006174,0.557509489993574,TRUE,TRUE
"GOBP_MEMBRANE_REPOLARIZATION_DURING_ACTION_POTENTIAL",0.0561539243191142,-0.0790625640294673,-0.135216488348581,-0.486085474647624,0.215652497950461,-0.829617647368842,0.42121592051816,0.659847774167903,4,4,3789,"lower_in_neuropathy","overlap","OIPN_GSE160543",0.865802817249855,0.776527256744361,FALSE,TRUE
"GOBP_MESENCHYMAL_CELL_PROLIFERATION",-0.205033493909897,0.164365200080081,0.369398693989978,0.0430026474149058,0.695794740565051,2.43637299337667,0.0293926439768246,0.21591738371673,4,4,3789,"higher_in_neuropathy","overlap","OIPN_GSE160543",1.57423108658822,0.0720835552849859,TRUE,TRUE
"GOBP_METANEPHRIC_NEPHRON_DEVELOPMENT",-0.0644461756632251,0.141588211470693,0.206034387133918,-0.147717563673922,0.559786337941758,1.25381706816737,0.231234686971596,0.498843353392264,4,4,3789,"higher_in_neuropathy","overlap","OIPN_GSE160543",1.50457504168777,0.128686769790037,TRUE,TRUE
"GOBP_METANEPHROS_DEVELOPMENT",-0.0442876165227984,0.0901240184773446,0.134411635000143,-0.200067097556342,0.468890367556628,0.865090745338445,0.402134803472838,0.640137261839009,4,4,3789,"higher_in_neuropathy","overlap","OIPN_GSE160543",1.44825539687212,0.101080541789119,TRUE,TRUE
"GOBP_METHYLATION",-0.00661999134380298,0.000813309384790795,0.00743330072859378,-0.233508036521814,0.248374637979001,0.0664146208877489,0.948023479050947,0.974779094199196,4,4,3789,"higher_in_neuropathy","overlap","OIPN_GSE160543",0.800347094127236,0.959079000878104,TRUE,TRUE
"GOBP_MIDDLE_EAR_MORPHOGENESIS",-0.188520900116679,0.206577490586731,0.39509839070341,0.127377134827288,0.662819646579532,3.17698905071705,0.00700661622012401,0.120282913825168,4,4,3789,"higher_in_neuropathy","neuropathy_above_control","OIPN_GSE160543",0.997422108261516,0.624700932590462,TRUE,TRUE
"GOBP_MITOCHONDRIAL_ELECTRON_TRANSPORT_NADH_TO_UBIQUINONE",0.267566590187017,-0.233761809609593,-0.50132839979661,-0.948706488298253,-0.0539503112949661,-2.41235328073693,0.0307626798298319,0.219004961160809,4,4,3789,"lower_in_neuropathy","overlap","OIPN_GSE160543",-2.37914513006575,3.5621256144307e-06,TRUE,TRUE
"GOBP_MODIFIED_AMINO_ACID_BIOSYNTHETIC_PROCESS",-0.0154245447658369,0.0376329769961101,0.053057521761947,-0.216309256486553,0.322424300010447,0.424029664095346,0.678238249270903,0.829517342313574,4,4,3789,"higher_in_neuropathy","overlap","OIPN_GSE160543",0.754697057465986,0.915788992853977,TRUE,TRUE
"GOBP_MODIFIED_AMINO_ACID_TRANSPORT",-0.0241293515943019,0.00917458131746336,0.0333039329117652,-0.238432891609638,0.305040757433169,0.263839817542262,0.795897128909446,0.903702194017947,4,4,3789,"higher_in_neuropathy","overlap","OIPN_GSE160543",0.767356346460276,0.895443036961099,TRUE,TRUE
"GOBP_MONONUCLEAR_CELL_DIFFERENTIATION",-0.11324332560254,0.0999758514518203,0.21321917705436,-0.0465084302376045,0.472946784346325,1.76726411522871,0.0998208561558148,0.359525878302645,4,4,3789,"higher_in_neuropathy","overlap","OIPN_GSE160543",1.57485651001954,0.000292477093661433,TRUE,TRUE
"GOBP_MONONUCLEAR_CELL_MIGRATION",-0.0840387122628666,0.0755141772614752,0.159552889524342,-0.122696968678498,0.441802747727181,1.21692623035458,0.244526455150888,0.51080605366631,4,4,3789,"higher_in_neuropathy","overlap","OIPN_GSE160543",1.56974384726298,0.00830949059880907,TRUE,TRUE
"GOBP_MONOSACCHARIDE_CATABOLIC_PROCESS",-0.0595686522175573,0.0628214042569652,0.122390056474522,-0.224586874604319,0.469366987553364,0.759344487708445,0.46073055736696,0.686826141505023,4,4,3789,"higher_in_neuropathy","overlap","OIPN_GSE160543",1.18445720192269,0.362404165171025,TRUE,TRUE
"GOBP_MRNA_METHYLGUANOSINE_CAP_DECAPPING",0.0155721565066231,0.00174182620306412,-0.013830330303559,-0.390224301823548,0.36256364121643,-0.0791012240903482,0.938115297102165,0.972718747632055,4,4,3789,"lower_in_neuropathy","overlap","OIPN_GSE160543",-0.625114442621172,0.968631861073531,TRUE,TRUE
"GOBP_MRNA_MODIFICATION",0.144042954406087,-0.143101987802042,-0.287144942208129,-0.54088277306874,-0.0334071113475176,-2.43617935796449,0.0294034515422457,0.21591738371673,4,4,3789,"lower_in_neuropathy","overlap","OIPN_GSE160543",-0.851651354752345,0.800902789147035,TRUE,TRUE
"GOBP_MRNA_TRANSCRIPTION",-0.0059467032113548,0.0157460621622261,0.0216927653735809,-0.226246356828869,0.269631887576031,0.18834893576041,0.853411385985171,0.930793247408697,4,4,3789,"higher_in_neuropathy","overlap","OIPN_GSE160543",-0.800243044921206,0.875378956096284,FALSE,TRUE
"GOBP_MULTICELLULAR_ORGANISMAL_LEVEL_WATER_HOMEOSTASIS",0.0517456832244975,-0.0445341499676962,-0.0962798331921936,-0.478787042520631,0.286227376136243,-0.54186239864902,0.59676405487808,0.781589700633614,4,4,3789,"lower_in_neuropathy","overlap","OIPN_GSE160543",1.06486190539166,0.52822166071273,FALSE,TRUE
"GOBP_MUSCLE_CELL_APOPTOTIC_PROCESS",0.0374857005686545,0.0339636613890632,-0.0035220391795913,-0.267945558546891,0.260901480187708,-0.0286739426656767,0.977545167008974,0.989294507958601,4,4,3789,"lower_in_neuropathy","overlap","OIPN_GSE160543",0.91221646257453,0.753824662265481,FALSE,TRUE
"GOBP_MUSCLE_CELL_DEVELOPMENT",-0.0534346226739637,0.0649391206341633,0.118373743308127,-0.156595081111637,0.393342567727891,0.926755635147591,0.370362701621494,0.615748834346253,4,4,3789,"higher_in_neuropathy","overlap","OIPN_GSE160543",1.48611237685098,0.0360702200828019,TRUE,TRUE
"GOBP_MUSCLE_CELL_PROLIFERATION",-0.0585592896857805,0.0776062232796727,0.136165512965453,-0.172573989629283,0.444905015560189,0.949441557943,0.359122167225256,0.605355179078319,4,4,3789,"higher_in_neuropathy","overlap","OIPN_GSE160543",1.60757212180943,0.00493169125875624,TRUE,TRUE
"GOBP_MYELIN_ASSEMBLY",0.0347544799089219,0.00133237781631394,-0.033422102092608,-0.416779160307568,0.349934956122352,-0.187682426070948,0.853923607192395,0.931083898604887,4,4,3789,"lower_in_neuropathy","overlap","OIPN_GSE160543",0.681740762277653,0.93278129021429,FALSE,TRUE
"GOBP_MYELIN_MAINTENANCE",-0.0544098852488338,0.0292170929751135,0.0836269782239473,-0.258053657492516,0.42530761394041,0.526889263230967,0.606839883199715,0.788386239487864,4,4,3789,"higher_in_neuropathy","overlap","OIPN_GSE160543",0.938211240821223,0.681668645126671,TRUE,TRUE
"GOBP_MYELOID_CELL_DIFFERENTIATION",-0.080079727857675,0.085212626606784,0.165292354464459,-0.0880559934779964,0.418640702406914,1.4045202340424,0.182803656095227,0.454490192221006,4,4,3789,"higher_in_neuropathy","overlap","OIPN_GSE160543",1.39347229062637,0.0145743767328756,TRUE,TRUE
"GOBP_MYELOID_CELL_HOMEOSTASIS",-0.142378122702568,0.129165219560327,0.271543342262895,0.0348089186760604,0.50827776584973,2.46928408184764,0.0276099830269636,0.209151152342019,4,4,3789,"higher_in_neuropathy","neuropathy_above_control","OIPN_GSE160543",1.57140220651171,0.012147385106506,TRUE,TRUE
"GOBP_MYOBLAST_PROLIFERATION",-0.029252588332981,0.041266219930753,0.0705188082637339,-0.289788456168651,0.430826072696118,0.421332787770743,0.680158444897084,0.830257843980364,4,4,3789,"higher_in_neuropathy","overlap","OIPN_GSE160543",-0.738431567102825,0.8844698653498,FALSE,TRUE
"GOBP_MYOFIBRIL_ASSEMBLY",-0.057509109201041,0.0916852279920968,0.149194337193138,-0.151533083071583,0.449921757457859,1.06800336624484,0.304287831036411,0.562138757580186,4,4,3789,"higher_in_neuropathy","overlap","OIPN_GSE160543",1.25544925011495,0.26738647189584,TRUE,TRUE
"GOBP_MYOTUBE_CELL_DEVELOPMENT",-0.0515783155833918,0.0298163425067334,0.0813946580901252,-0.184641564820117,0.347430881000367,0.658640513323725,0.521227440479893,0.735268343997883,4,4,3789,"higher_in_neuropathy","overlap","OIPN_GSE160543",1.46545672731321,0.153350178253306,TRUE,TRUE
"GOBP_NADH_DEHYDROGENASE_COMPLEX_ASSEMBLY",0.34632790934259,-0.273635076164344,-0.619962985506934,-1.04123053600822,-0.198695435005651,-3.16811592435697,0.00712924793421179,0.120282913825168,4,4,3789,"lower_in_neuropathy","overlap","OIPN_GSE160543",-2.23405324152958,0.000230724205538672,TRUE,TRUE
"GOBP_NATURAL_KILLER_CELL_MEDIATED_IMMUNITY",0.193935465765065,-0.140354177156145,-0.33428964292121,-0.591702358893144,-0.0768769269492761,-2.79567211960469,0.0147365956838702,0.160585526494251,4,4,3789,"lower_in_neuropathy","neuropathy_below_control","OIPN_GSE160543",-1.34382498051696,0.192064043859783,TRUE,TRUE
"GOBP_NEGATIVE_REGULATION_OF_ACTIN_FILAMENT_POLYMERIZATION",0.00952095503814493,0.0184884013911623,0.00896744635301733,-0.239621873044432,0.257556765750467,0.0776568254305287,0.939242859719095,0.972718747632055,4,4,3789,"higher_in_neuropathy","overlap","OIPN_GSE160543",0.881860388051734,0.782300239914755,TRUE,TRUE
"GOBP_NEGATIVE_REGULATION_OF_ADAPTIVE_IMMUNE_RESPONSE",-0.10723520593402,0.0868143104428667,0.194049516376887,-0.0342576592844888,0.422356692038262,1.82972707334501,0.089507439304965,0.343975979936187,4,4,3789,"higher_in_neuropathy","neuropathy_above_control","OIPN_GSE160543",1.64620129380438,0.0323477058228432,TRUE,TRUE
"GOBP_NEGATIVE_REGULATION_OF_AXONOGENESIS",0.0633372909070726,-0.0455929810393431,-0.108930271946416,-0.434147572575951,0.21628702868312,-0.721054776379761,0.483204668674859,0.702287107636763,4,4,3789,"lower_in_neuropathy","overlap","OIPN_GSE160543",1.11281579133075,0.458036137407992,FALSE,TRUE
"GOBP_NEGATIVE_REGULATION_OF_BMP_SIGNALING_PATHWAY",-0.147300161019437,0.155655887697216,0.302956048716653,0.0297900824529527,0.576122014980353,2.38751632146143,0.0322433616510148,0.22277756408727,4,4,3789,"higher_in_neuropathy","overlap","OIPN_GSE160543",1.46770780780488,0.113057462465429,TRUE,TRUE
"GOBP_NEGATIVE_REGULATION_OF_CAMP_PKA_SIGNAL_TRANSDUCTION",0.0518536566057332,-0.0244229011254533,-0.0762765577311865,-0.372912258249769,0.220359142787396,-0.553555256046363,0.588955045908196,0.776407731954918,4,4,3789,"lower_in_neuropathy","overlap","OIPN_GSE160543",-0.895773206235472,0.741391426696282,TRUE,TRUE
"GOBP_NEGATIVE_REGULATION_OF_CARDIAC_MUSCLE_TISSUE_GROWTH",0.0927551087255911,-0.038637923832634,-0.131393032558225,-0.444198171551804,0.181412106435354,-0.904256767789394,0.381748768693507,0.623468139905043,4,4,3789,"lower_in_neuropathy","overlap","OIPN_GSE160543",-0.875606943456225,0.753824662265481,TRUE,TRUE
"GOBP_NEGATIVE_REGULATION_OF_CATALYTIC_ACTIVITY",-0.00895331666187521,0.0243401442909951,0.0332934609528703,-0.177340401621437,0.243927323527177,0.340270314709447,0.738901487630514,0.869741452821379,4,4,3789,"higher_in_neuropathy","overlap","OIPN_GSE160543",-1.00553733655869,0.607950901827406,FALSE,TRUE
"GOBP_NEGATIVE_REGULATION_OF_CELL_ACTIVATION",-0.0221292507442171,0.0409197790679374,0.0630490298121546,-0.213412413067722,0.339510472692032,0.490949869274828,0.631364209794348,0.80519656375321,4,4,3789,"higher_in_neuropathy","overlap","OIPN_GSE160543",1.50254782350281,0.0198995000367065,TRUE,TRUE
"GOBP_NEGATIVE_REGULATION_OF_CELL_ADHESION",-0.0608540199201095,0.075304673511927,0.136158693432036,-0.106103622105173,0.378421008969246,1.20990932061082,0.247121107380156,0.512637505750608,4,4,3789,"higher_in_neuropathy","overlap","OIPN_GSE160543",1.57992797422107,0.00526792684356278,TRUE,TRUE
"GOBP_NEGATIVE_REGULATION_OF_CELL_CELL_ADHESION",-0.0593225430744793,0.0638965011394985,0.123219044213978,-0.1246318080545,0.371069896482456,1.07023889458431,0.303316545931002,0.561054869721148,4,4,3789,"higher_in_neuropathy","overlap","OIPN_GSE160543",1.51135730152973,0.0324269200433797,TRUE,TRUE
"GOBP_NEGATIVE_REGULATION_OF_CELL_KILLING",0.20655778726925,-0.155838912656134,-0.362396699925384,-0.600531628022717,-0.124261771828051,-3.27607960113802,0.00577227154062155,0.116493872583046,4,4,3789,"lower_in_neuropathy","neuropathy_below_control","OIPN_GSE160543",-1.46151320152263,0.169698727530994,TRUE,TRUE
"GOBP_NEGATIVE_REGULATION_OF_CELL_MATRIX_ADHESION",0.00465090792447929,0.0358795428949122,0.0312286349704329,-0.298262207027158,0.360719476968024,0.204034197437945,0.841377453550493,0.927357140036229,4,4,3789,"higher_in_neuropathy","overlap","OIPN_GSE160543",-1.3025732731265,0.274796438017351,FALSE,TRUE
"GOBP_NEGATIVE_REGULATION_OF_CELL_SUBSTRATE_ADHESION",0.00129422488225146,0.04008988971334,0.0387956648310885,-0.260115456649139,0.337706786311316,0.279405168549897,0.784178477595788,0.896575815211358,4,4,3789,"higher_in_neuropathy","overlap","OIPN_GSE160543",-0.982116036495147,0.640922128763843,FALSE,TRUE
"GOBP_NEGATIVE_REGULATION_OF_CELL_SUBSTRATE_JUNCTION_ORGANIZATION",-0.00963190544724854,0.0236092008148279,0.0332411062620764,-0.282350767539182,0.348832980063335,0.226747740233507,0.824025105145748,0.917629456986972,4,4,3789,"higher_in_neuropathy","overlap","OIPN_GSE160543",-0.99199497980819,0.627094908617755,FALSE,TRUE
"GOBP_NEGATIVE_REGULATION_OF_CYTOKINE_PRODUCTION",-0.0704331743000048,0.0987336272929572,0.169166801592962,-0.0955301827637932,0.433863785949717,1.37581314866845,0.191327379842542,0.460864235361342,4,4,3789,"higher_in_neuropathy","overlap","OIPN_GSE160543",1.65303753207127,0.00067728349231604,TRUE,TRUE
"GOBP_NEGATIVE_REGULATION_OF_CYTOKINE_PRODUCTION_INVOLVED_IN_IMMUNE_RESPONSE",-0.258539156241393,0.252484084523778,0.511023240765171,0.246035322489089,0.776011159041253,4.1515272159874,0.0010584623001007,0.0695314889077757,4,4,3789,"higher_in_neuropathy","neuropathy_above_control","OIPN_GSE160543",1.85898745171413,0.0134488218294864,TRUE,TRUE
"GOBP_NEGATIVE_REGULATION_OF_DEFENSE_RESPONSE",-0.0677860777626591,0.0928072180664135,0.160593295829073,-0.0732307675588806,0.394417359217026,1.47853469033182,0.162267333741898,0.435762756038315,4,4,3789,"higher_in_neuropathy","overlap","OIPN_GSE160543",1.78436463718277,0.000104904139049722,TRUE,TRUE
"GOBP_NEGATIVE_REGULATION_OF_DNA_REPLICATION",0.0131430805726761,-0.000441684132988639,-0.0135847647056647,-0.321241533860882,0.294072004449553,-0.0950558733884139,0.925670139590902,0.968350126700698,4,4,3789,"lower_in_neuropathy","overlap","OIPN_GSE160543",-0.983506991169452,0.634538906207439,TRUE,TRUE
"GOBP_NEGATIVE_REGULATION_OF_ENDOCYTOSIS",0.107854345699114,-0.0996642194397749,-0.207518565138889,-0.478262090634007,0.0632249603562283,-1.65003131687964,0.12205175187294,0.384070492036666,4,4,3789,"lower_in_neuropathy","overlap","OIPN_GSE160543",-1.00949296819215,0.595565124578065,TRUE,TRUE
"GOBP_NEGATIVE_REGULATION_OF_ENDOPLASMIC_RETICULUM_UNFOLDED_PROTEIN_RESPONSE",-0.0196305290329846,-0.0409380364758188,-0.0213075074428342,-0.33815316190515,0.295538147019482,-0.144769876726425,0.887036509329878,0.94728898924772,4,4,3789,"lower_in_neuropathy","overlap","OIPN_GSE160543",-1.04649515079296,0.559071690965715,TRUE,TRUE
"GOBP_NEGATIVE_REGULATION_OF_FAT_CELL_DIFFERENTIATION",-0.118848464370686,0.160271805622533,0.279120269993219,0.00223604085150553,0.556004499134932,2.17013358270453,0.048420579595406,0.261719794703271,4,4,3789,"higher_in_neuropathy","overlap","OIPN_GSE160543",1.39435857881691,0.174076419343557,TRUE,TRUE
"GOBP_NEGATIVE_REGULATION_OF_FATTY_ACID_METABOLIC_PROCESS",-0.00162612518676576,0.0476941192350855,0.0493202444218513,-0.233609102980741,0.332249591824443,0.375267136464397,0.713305147064666,0.853495673688732,4,4,3789,"higher_in_neuropathy","overlap","OIPN_GSE160543",1.05600264593537,0.555784024429594,TRUE,TRUE
"GOBP_NEGATIVE_REGULATION_OF_HORMONE_SECRETION",0.00181064097410653,-0.00903085389200368,-0.0108414948661102,-0.297104466691747,0.275421476959527,-0.0815299740034146,0.936219618705206,0.972672370516596,4,4,3789,"lower_in_neuropathy","overlap","OIPN_GSE160543",0.865217391927892,0.804993411044367,FALSE,TRUE
"GOBP_NEGATIVE_REGULATION_OF_IMMUNE_RESPONSE",-0.0579473543526143,0.068315067583069,0.126262421935683,-0.102043642173296,0.354568486044663,1.19055641502835,0.254388554705331,0.518214104181988,4,4,3789,"higher_in_neuropathy","overlap","OIPN_GSE160543",1.65311697511227,0.00469289864678094,TRUE,TRUE
"GOBP_NEGATIVE_REGULATION_OF_IMMUNE_SYSTEM_PROCESS",-0.0429285275787214,0.0508110824532213,0.0937396100319426,-0.145151064042412,0.332630284106297,0.84472871506761,0.413016118753918,0.650423139633664,4,4,3789,"higher_in_neuropathy","overlap","OIPN_GSE160543",1.51599307325159,0.00195010264157094,TRUE,TRUE
"GOBP_NEGATIVE_REGULATION_OF_INFLAMMATORY_RESPONSE",-0.0991281672805764,0.11049888984117,0.209627057121746,-0.0601424502664435,0.479396564509936,1.6728145200516,0.11741969325639,0.380334549811854,4,4,3789,"higher_in_neuropathy","overlap","OIPN_GSE160543",1.87069981645318,0.00015726978163421,TRUE,TRUE
"GOBP_NEGATIVE_REGULATION_OF_INFLAMMATORY_RESPONSE_TO_ANTIGENIC_STIMULUS",-0.164373790447675,0.161534884040604,0.325908674488279,0.0233862218394189,0.628431127137139,2.3191648396976,0.0366765978586208,0.23877599533731,4,4,3789,"higher_in_neuropathy","overlap","OIPN_GSE160543",1.75529021484011,0.0323645028285485,TRUE,TRUE
"GOBP_NEGATIVE_REGULATION_OF_INTRINSIC_APOPTOTIC_SIGNALING_PATHWAY_BY_P53_CLASS_MEDIATOR",-0.0448660431594011,0.0345145245612764,0.0793805677206774,-0.250069764429989,0.408830899871344,0.518701569146859,0.61238523771766,0.792191077402599,4,4,3789,"higher_in_neuropathy","overlap","OIPN_GSE160543",-0.980300414828409,0.639888162963263,FALSE,TRUE
"GOBP_NEGATIVE_REGULATION_OF_KINASE_ACTIVITY",0.061726904218249,-0.0359168287479734,-0.0976437329662224,-0.332909418545285,0.13762195261284,-0.893468194174937,0.387292674725677,0.628459076888904,4,4,3789,"lower_in_neuropathy","overlap","OIPN_GSE160543",-1.03766850355641,0.555979457079971,TRUE,TRUE
"GOBP_NEGATIVE_REGULATION_OF_LYMPHOCYTE_DIFFERENTIATION",-0.0242354287924473,0.0208546326643908,0.0450900614568381,-0.234230122715774,0.32441024562945,0.347513610405589,0.733576050428031,0.866357896211583,4,4,3789,"higher_in_neuropathy","overlap","OIPN_GSE160543",-1.02075362587279,0.579075297680293,FALSE,TRUE
"GOBP_NEGATIVE_REGULATION_OF_MOLECULAR_FUNCTION",-0.0366139505876507,0.0446547914946335,0.0812687420822842,-0.133362874479942,0.29590035864451,0.81512300804397,0.429180582499451,0.666583296718188,4,4,3789,"higher_in_neuropathy","overlap","OIPN_GSE160543",-1.05315556690253,0.485486197849432,FALSE,TRUE
"GOBP_NEGATIVE_REGULATION_OF_MUSCLE_CELL_APOPTOTIC_PROCESS",-0.0559103375612581,0.0710081961623733,0.126918533723631,-0.119323386220413,0.373160453667675,1.10957424712696,0.286600859503989,0.548449826596269,4,4,3789,"higher_in_neuropathy","overlap","OIPN_GSE160543",0.812352931450419,0.856378346273746,TRUE,TRUE
"GOBP_NEGATIVE_REGULATION_OF_NATURAL_KILLER_CELL_MEDIATED_IMMUNITY",0.203627159413091,-0.148689045875317,-0.352316205288408,-0.663081864341217,-0.0415505462356,-2.44057921998044,0.0291588136767769,0.21591738371673,4,4,3789,"lower_in_neuropathy","overlap","OIPN_GSE160543",-1.03967594982952,0.577853536395166,TRUE,TRUE
"GOBP_NEGATIVE_REGULATION_OF_NEURON_DIFFERENTIATION",-0.017499392181445,0.0488852339167032,0.0663846260981483,-0.221066442142465,0.353835694338761,0.497160822104158,0.627092370002681,0.803503288719217,4,4,3789,"higher_in_neuropathy","overlap","OIPN_GSE160543",0.970794619868138,0.656083180222475,TRUE,TRUE
"GOBP_NEGATIVE_REGULATION_OF_NUCLEOTIDE_CATABOLIC_PROCESS",-0.102380037498657,0.0567308904205095,0.159110927919166,-0.0997265281372521,0.417948383975585,1.32332402335689,0.20775265875806,0.477533696843175,4,4,3789,"higher_in_neuropathy","overlap","OIPN_GSE160543",1.21281526684524,0.379174477046817,TRUE,TRUE
"GOBP_NEGATIVE_REGULATION_OF_ORGANELLE_ASSEMBLY",-0.0714758330705817,0.0550197646707679,0.12649559774135,-0.1204236188468,0.373414814329499,1.10284335849398,0.289411073741613,0.548845864234101,4,4,3789,"higher_in_neuropathy","overlap","OIPN_GSE160543",0.907740250820448,0.740459362867267,TRUE,TRUE
"GOBP_NEGATIVE_REGULATION_OF_PEPTIDYL_TYROSINE_PHOSPHORYLATION",0.046798262658724,-0.0672340138222503,-0.114032276480974,-0.360494024297225,0.132429471335276,-0.996028078026502,0.336794911300012,0.589592642683635,4,4,3789,"lower_in_neuropathy","overlap","OIPN_GSE160543",-1.12999927639408,0.468862802180253,TRUE,TRUE
"GOBP_NEGATIVE_REGULATION_OF_PRODUCTION_OF_MOLECULAR_MEDIATOR_OF_IMMUNE_RESPONSE",-0.223047208837306,0.212783200468671,0.435830409305978,0.17330920828368,0.698351610328275,3.57393341952864,0.00322659986900464,0.0919217060425456,4,4,3789,"higher_in_neuropathy","neuropathy_above_control","OIPN_GSE160543",1.72442430216949,0.0323645028285485,TRUE,TRUE
"GOBP_NEGATIVE_REGULATION_OF_PROTEIN_BINDING",-0.144190435138886,0.125853993833271,0.270044428972157,-0.0108892902443339,0.550978148188648,2.06930574925368,0.0582706637272088,0.279477904889106,4,4,3789,"higher_in_neuropathy","overlap","OIPN_GSE160543",1.0624701398139,0.551927023187418,TRUE,TRUE
"GOBP_NEGATIVE_REGULATION_OF_PROTEIN_LOCALIZATION_TO_MEMBRANE",0.0467667804212793,-0.0655259433003162,-0.112292723721596,-0.364522349765134,0.139936902321943,-0.958404470751946,0.354747644255667,0.604215549467402,4,4,3789,"lower_in_neuropathy","overlap","OIPN_GSE160543",-1.14684270789714,0.435826310553016,TRUE,TRUE
"GOBP_NEGATIVE_REGULATION_OF_PROTEIN_LOCALIZATION_TO_NUCLEUS",-0.0347828191377368,0.0681411197254512,0.102923938863188,-0.119688874320144,0.32553675204652,0.995312712736018,0.337130088996362,0.589592642683635,4,4,3789,"higher_in_neuropathy","overlap","OIPN_GSE160543",-0.782449448880559,0.883214296774048,FALSE,TRUE
"GOBP_NEGATIVE_REGULATION_OF_PROTEIN_SECRETION",0.0787103116612699,-0.0540040118138686,-0.132714323475139,-0.383665798344791,0.118237151394514,-1.13846938426842,0.274770068731525,0.537879715007818,4,4,3789,"lower_in_neuropathy","overlap","OIPN_GSE160543",0.924441893004932,0.727200568945081,FALSE,TRUE
"GOBP_NEGATIVE_REGULATION_OF_REACTIVE_OXYGEN_SPECIES_METABOLIC_PROCESS",-0.0317103313055331,0.0322905141739379,0.064000845479471,-0.203896891650691,0.331898582609633,0.514292246516178,0.615381895564373,0.79308911642633,4,4,3789,"higher_in_neuropathy","overlap","OIPN_GSE160543",1.07298101822868,0.514821274154994,TRUE,TRUE
"GOBP_NEGATIVE_REGULATION_OF_RECEPTOR_MEDIATED_ENDOCYTOSIS",0.10294292619897,-0.0417115337580829,-0.144654459957053,-0.436677890874989,0.147368970960883,-1.06636882500813,0.304999456381943,0.562730993289139,4,4,3789,"lower_in_neuropathy","overlap","OIPN_GSE160543",-1.07284606111686,0.521494330166225,TRUE,TRUE
"GOBP_NEGATIVE_REGULATION_OF_RESPONSE_TO_EXTERNAL_STIMULUS",-0.0626804975736476,0.0841240911485176,0.146804588722165,-0.0882984102632544,0.381907587707585,1.34423368016228,0.201077368771755,0.471530740784362,4,4,3789,"higher_in_neuropathy","overlap","OIPN_GSE160543",1.65357631402238,0.000133763411133746,TRUE,TRUE
"GOBP_NEGATIVE_REGULATION_OF_SIGNAL_TRANSDUCTION_BY_P53_CLASS_MEDIATOR",-0.076802695663833,0.095546260098755,0.172348955762588,-0.0870790436665572,0.431776955191733,1.43016162545831,0.175457595181817,0.447984385541715,4,4,3789,"higher_in_neuropathy","overlap","OIPN_GSE160543",-0.923023178429783,0.710778823705784,FALSE,TRUE
"GOBP_NEGATIVE_REGULATION_OF_SIGNAL_TRANSDUCTION_IN_ABSENCE_OF_LIGAND",-0.0678705440951518,0.113750265240031,0.181620809335183,-0.109259504884781,0.472501123555147,1.34414025229151,0.201106803142657,0.471530740784362,4,4,3789,"higher_in_neuropathy","overlap","OIPN_GSE160543",1.06057377603022,0.551927023187418,TRUE,TRUE
"GOBP_NEGATIVE_REGULATION_OF_STEM_CELL_DIFFERENTIATION",0.0185928067697937,0.00598330308847417,-0.0126095036813195,-0.354399470792118,0.329180463429479,-0.0794203859829773,0.937866163531921,0.972718747632055,4,4,3789,"lower_in_neuropathy","overlap","OIPN_GSE160543",-0.928385744179312,0.699498228609468,TRUE,TRUE
"GOBP_NEGATIVE_REGULATION_OF_STEROID_BIOSYNTHETIC_PROCESS",-0.12634010823005,0.176293131734412,0.302633239964462,-0.0228811806515831,0.628147660580506,2.00142677429563,0.0659133016321287,0.296082592246131,4,4,3789,"higher_in_neuropathy","overlap","OIPN_GSE160543",1.02570935378758,0.588867344708413,TRUE,TRUE
"GOBP_NEGATIVE_REGULATION_OF_STEROID_METABOLIC_PROCESS",-0.154646038706727,0.18537711442349,0.340023153130217,0.0192252310624073,0.660821075198026,2.28176153543258,0.0393413237522207,0.2426432366216,4,4,3789,"higher_in_neuropathy","overlap","OIPN_GSE160543",1.10523326917836,0.502693378472773,TRUE,TRUE
"GOBP_NEGATIVE_REGULATION_OF_TISSUE_REMODELING",0.00555104893698254,0.0416250678358881,0.0360740188989055,-0.262045256985503,0.334193294783314,0.260494034272859,0.798422887066791,0.905213740004809,4,4,3789,"higher_in_neuropathy","overlap","OIPN_GSE160543",-0.785424338673966,0.848512417736882,FALSE,TRUE
"GOBP_NEGATIVE_REGULATION_OF_TRANSMEMBRANE_RECEPTOR_PROTEIN_SERINE_THREONINE_KINASE_SIGNALING_PATHWAY",-0.0751938775905307,0.100025943679433,0.175219821269963,-0.0962221313649771,0.446661773904904,1.38963125385965,0.187184606775732,0.459179203429455,4,4,3789,"higher_in_neuropathy","overlap","OIPN_GSE160543",1.40679666781866,0.0808153211705701,TRUE,TRUE
"GOBP_NEGATIVE_REGULATION_OF_TUMOR_NECROSIS_FACTOR_SUPERFAMILY_CYTOKINE_PRODUCTION",-0.116249262995906,0.143667328131399,0.259916591127305,-0.0507729095589528,0.570606091813563,1.80094618770267,0.0941350023700325,0.352448146225349,4,4,3789,"higher_in_neuropathy","overlap","OIPN_GSE160543",1.98190633163723,0.00155922676760979,TRUE,TRUE
"GOBP_NEPHRON_DEVELOPMENT",-0.0806734811608007,0.097261891365208,0.177935372526009,-0.147313446239916,0.503184191291933,1.17771410069127,0.259301880436601,0.522584685365579,4,4,3789,"higher_in_neuropathy","overlap","OIPN_GSE160543",1.6779864672957,0.00469289864678094,TRUE,TRUE
"GOBP_NEPHRON_EPITHELIUM_DEVELOPMENT",-0.0728629517689999,0.0863820623988425,0.159245014167842,-0.15545221522202,0.473942243557705,1.08934698405128,0.295108143491266,0.552962869176813,4,4,3789,"higher_in_neuropathy","overlap","OIPN_GSE160543",1.40401084912107,0.0966107153256707,TRUE,TRUE
"GOBP_NEURON_FATE_COMMITMENT",-0.032159381659966,0.087474909685693,0.119634291345659,-0.211135467975237,0.450404050666555,0.778615769000057,0.449669472736419,0.68135243787565,4,4,3789,"higher_in_neuropathy","overlap","OIPN_GSE160543",0.852792290378113,0.810922465112089,TRUE,TRUE
"GOBP_NEURON_MIGRATION",0.0262052702693656,-0.0196365199464763,-0.0458417902158419,-0.385733723818742,0.294050143387058,-0.290344779976132,0.775974730345773,0.890150848707276,4,4,3789,"lower_in_neuropathy","overlap","OIPN_GSE160543",0.94525648432099,0.725136861801624,FALSE,TRUE
"GOBP_NEURONAL_STEM_CELL_POPULATION_MAINTENANCE",-0.0259490392700845,0.054055783909067,0.0800048231791515,-0.288378556014039,0.448388202372341,0.46752996747558,0.647595023261496,0.816279954470329,4,4,3789,"higher_in_neuropathy","overlap","OIPN_GSE160543",0.950386879804894,0.677102694863385,TRUE,TRUE
"GOBP_NEUROTRANSMITTER_RECEPTOR_LOCALIZATION_TO_POSTSYNAPTIC_SPECIALIZATION_MEMBRANE",0.0957308733186605,-0.0712656163656086,-0.166996489684269,-0.457232540704142,0.123239561335604,-1.23865196743635,0.236627967861947,0.506258255352296,4,4,3789,"lower_in_neuropathy","overlap","OIPN_GSE160543",0.995013939005666,0.629578038914117,FALSE,TRUE
"GOBP_NEUROTROPHIN_SIGNALING_PATHWAY",0.0982950084484538,-0.0914664449557202,-0.189761453404174,-0.52601949845919,0.146496591650842,-1.2148666920815,0.245285795859201,0.51080605366631,4,4,3789,"lower_in_neuropathy","overlap","OIPN_GSE160543",-0.9700373255386,0.652331983094065,TRUE,TRUE
"GOBP_NEUTRAL_LIPID_CATABOLIC_PROCESS",-0.0433638335778099,0.0943368507565052,0.137700684334315,-0.176330654006719,0.45173202267535,0.943966146463755,0.361813068687453,0.607731517550176,4,4,3789,"higher_in_neuropathy","overlap","OIPN_GSE160543",1.40151124017923,0.196395569513778,TRUE,TRUE
"GOBP_NK_T_CELL_ACTIVATION",-0.0161744948525015,0.0214622575165556,0.0376367523690571,-0.238523532933164,0.313797037671278,0.293389272233184,0.773696528172686,0.888600699694711,4,4,3789,"higher_in_neuropathy","overlap","OIPN_GSE160543",-0.822443364909446,0.816648355881456,FALSE,TRUE
"GOBP_NUCLEAR_MEMBRANE_ORGANIZATION",0.0575519007125694,-0.0282883678384577,-0.0858402685510271,-0.344215975040436,0.172535437938382,-0.715208556280213,0.486693718104883,0.704655138670004,4,4,3789,"lower_in_neuropathy","overlap","OIPN_GSE160543",-1.00959797250297,0.602490435025912,TRUE,TRUE
"GOBP_NUCLEOBASE_METABOLIC_PROCESS",0.167763146653568,-0.166933726052833,-0.334696872706401,-0.618091862619571,-0.0513018827932309,-2.54245220367518,0.0240111232393219,0.194488169434763,4,4,3789,"lower_in_neuropathy","overlap","OIPN_GSE160543",-1.21517959821935,0.351402132395372,TRUE,TRUE
"GOBP_NUCLEOSIDE_DIPHOSPHATE_CATABOLIC_PROCESS",-0.0460351184087767,0.0331714931283388,0.0792066115371155,-0.199934064855,0.358347287929231,0.610845837731907,0.551471330863725,0.751722234845019,4,4,3789,"higher_in_neuropathy","overlap","OIPN_GSE160543",1.24386701144489,0.252543691065282,TRUE,TRUE
"GOBP_NUCLEOSIDE_DIPHOSPHATE_METABOLIC_PROCESS",-0.0211479065775306,0.0106171425233045,0.0317650491008351,-0.234231976651874,0.297762074853544,0.257078680007059,0.801003592670032,0.907325145777803,4,4,3789,"higher_in_neuropathy","overlap","OIPN_GSE160543",1.21589196636625,0.257229659273455,TRUE,TRUE
"GOBP_NUCLEOSIDE_PHOSPHATE_BIOSYNTHETIC_PROCESS",0.132394652536863,-0.13695685478375,-0.269351507320613,-0.534117028932455,-0.0045859857087705,-2.19003619015128,0.0466697258813124,0.257791846569559,4,4,3789,"lower_in_neuropathy","overlap","OIPN_GSE160543",-1.65894890062312,0.000394583587260174,TRUE,TRUE
"GOBP_NUCLEOSIDE_PHOSPHATE_CATABOLIC_PROCESS",-0.0487815048178372,0.0318280877653144,0.0806095925831516,-0.159402028142,0.320621213308303,0.723015765830931,0.48203773908501,0.701398230949732,4,4,3789,"higher_in_neuropathy","overlap","OIPN_GSE160543",1.18768924156158,0.272337079035326,TRUE,TRUE
"GOBP_NUCLEUS_LOCALIZATION",-0.25077868242098,0.180711588310234,0.431490270731214,0.172926183545331,0.690054357917096,3.59249452093319,0.00311204358036924,0.0907041009693774,4,4,3789,"higher_in_neuropathy","neuropathy_above_control","OIPN_GSE160543",1.91799320274473,0.0102542273629968,TRUE,TRUE
"GOBP_ORGANOPHOSPHATE_CATABOLIC_PROCESS",-0.0201689578694825,0.00449525128139477,0.0246642091508772,-0.206029547946494,0.255357966248248,0.230157251903926,0.821428371627949,0.917446143842292,4,4,3789,"higher_in_neuropathy","overlap","OIPN_GSE160543",1.03478410334685,0.536221497338582,TRUE,TRUE
"GOBP_OXIDATIVE_PHOSPHORYLATION",0.212749246090862,-0.209400930509454,-0.422150176600316,-0.834724146752748,-0.00957620644788476,-2.20271577442349,0.0455853887169447,0.256101956410704,4,4,3789,"lower_in_neuropathy","overlap","OIPN_GSE160543",-2.27098109848562,6.73724536129596e-07,TRUE,TRUE
"GOBP_PEPTIDE_BIOSYNTHETIC_PROCESS",0.145012583538922,-0.081703399416327,-0.226715982955249,-0.521165426100156,0.0677334601896581,-1.65754264838314,0.120507325035051,0.383442754003193,4,4,3789,"lower_in_neuropathy","overlap","OIPN_GSE160543",-0.969751174653368,0.65107826757163,TRUE,TRUE
"GOBP_PEPTIDE_CATABOLIC_PROCESS",-0.0234721937234161,0.00888688042826372,0.0323590741516798,-0.304000373362553,0.368718521665913,0.207102703266787,0.839027977807027,0.926464211881633,4,4,3789,"higher_in_neuropathy","overlap","OIPN_GSE160543",1.17236450312262,0.426672028956364,TRUE,TRUE
"GOBP_PEPTIDE_METABOLIC_PROCESS",0.0231070468228278,-0.0364013982699502,-0.059508445092778,-0.325523462076198,0.206506571890642,-0.481577025146683,0.637836799070864,0.809636057514071,4,4,3789,"lower_in_neuropathy","overlap","OIPN_GSE160543",0.863495617553694,0.803404638439157,FALSE,TRUE
"GOBP_PEPTIDYL_SERINE_MODIFICATION",0.0598219748146443,-0.0545595048022453,-0.11438147961689,-0.428521171576639,0.19975821234286,-0.783837807958777,0.446701296106266,0.679080678669159,4,4,3789,"lower_in_neuropathy","overlap","OIPN_GSE160543",-1.26373652336845,0.259824677218785,TRUE,TRUE
"GOBP_PERIPHERAL_NERVOUS_SYSTEM_AXON_ENSHEATHMENT",-0.197667758574296,0.208671427555522,0.406339186129817,0.0283439615046729,0.784334410754962,2.31417237028431,0.0370221253433971,0.239387300894739,4,4,3789,"higher_in_neuropathy","overlap","OIPN_GSE160543",1.68943655494638,0.0484324241411613,TRUE,TRUE
"GOBP_PERIPHERAL_NERVOUS_SYSTEM_DEVELOPMENT",-0.053968848042845,0.0645460876219973,0.118514935664842,-0.137820164292525,0.374850035622209,0.995309886193628,0.337131413820085,0.589592642683635,4,4,3789,"higher_in_neuropathy","overlap","OIPN_GSE160543",1.36463419947691,0.150156979583214,TRUE,TRUE
"GOBP_PHAGOCYTOSIS",-0.0951437872815539,0.097299121624435,0.192442908905989,-0.0775318058547466,0.462417623666724,1.53451851506212,0.148052509093144,0.418947690032802,4,4,3789,"higher_in_neuropathy","overlap","OIPN_GSE160543",1.86089852361486,4.84057102343841e-05,TRUE,TRUE
"GOBP_PHARYNGEAL_SYSTEM_DEVELOPMENT",-0.0361358638370976,0.0989504666684345,0.135086330505532,-0.240937888865074,0.511110549876138,0.773372806473429,0.45266204902626,0.681420939118196,4,4,3789,"higher_in_neuropathy","overlap","OIPN_GSE160543",1.31698436493677,0.274796438017351,TRUE,TRUE
"GOBP_PHOSPHATIDYLETHANOLAMINE_METABOLIC_PROCESS",0.123295631704139,-0.114404382466346,-0.237700014170485,-0.513353373971826,0.0379533456308558,-1.85634728975565,0.0854099191058422,0.33570350984651,4,4,3789,"lower_in_neuropathy","overlap","OIPN_GSE160543",1.27005274611332,0.329687075117455,FALSE,TRUE
"GOBP_PIGMENT_GRANULE_LOCALIZATION",0.203150998248143,-0.251267097444289,-0.454418095692432,-0.727739370302028,-0.181096821082835,-3.57911366575213,0.00319420552167669,0.0916882175881285,4,4,3789,"lower_in_neuropathy","overlap","OIPN_GSE160543",-1.45024425400857,0.177511568461456,TRUE,TRUE
"GOBP_PIGMENTATION",0.0519552599861136,-0.0480543849305436,-0.100009644916657,-0.317549127114031,0.117529837280716,-0.98968526842463,0.339775108115308,0.591367884542444,4,4,3789,"lower_in_neuropathy","overlap","OIPN_GSE160543",-1.16274885842167,0.338446251052331,TRUE,TRUE
"GOBP_PITUITARY_GLAND_DEVELOPMENT",-0.0803328551660512,0.107511323062717,0.187844178228768,-0.22159701428451,0.597285370742047,0.987641924822007,0.340739183718457,0.592773538617646,4,4,3789,"higher_in_neuropathy","overlap","OIPN_GSE160543",1.36515346249659,0.22970540694869,TRUE,TRUE
"GOBP_PLASMA_MEMBRANE_PHOSPHOLIPID_SCRAMBLING",0.16917985064686,-0.124093029460178,-0.293272880107038,-0.569333566767075,-0.0172121934470013,-2.28697096682125,0.0389595140838815,0.2426432366216,4,4,3789,"lower_in_neuropathy","overlap","OIPN_GSE160543",-1.27268917809372,0.307828315545007,TRUE,TRUE
"GOBP_PLASMA_MEMBRANE_TUBULATION",-0.00663398916283919,0.0657264235279215,0.0723604126907607,-0.245144252251397,0.389865077632918,0.49061885599804,0.631592265436897,0.80521638416568,4,4,3789,"higher_in_neuropathy","overlap","OIPN_GSE160543",1.13338193040256,0.473944490787527,TRUE,TRUE
"GOBP_PLASMINOGEN_ACTIVATION",0.0172122009076273,0.0255359271005739,0.00832372619294657,-0.282762160324562,0.299409612710456,0.0615587720030464,0.951818342215679,0.976878194424156,4,4,3789,"higher_in_neuropathy","overlap","OIPN_GSE160543",-1.28034455676578,0.318166137435397,FALSE,TRUE
"GOBP_PLATELET_DENSE_GRANULE_ORGANIZATION",0.162555654569506,-0.148619454727045,-0.311175109296551,-0.574913980996678,-0.0474362375964242,-2.53994327637778,0.0241266784469072,0.194916811589193,4,4,3789,"lower_in_neuropathy","overlap","OIPN_GSE160543",-1.32629454893928,0.280795358299324,TRUE,TRUE
"GOBP_POSITIVE_REGULATION_OF_ADAPTIVE_IMMUNE_RESPONSE",-0.04985351606546,0.0380391158989564,0.0878926319644164,-0.15626983115631,0.332055095085142,0.774937867256522,0.451767433564218,0.68135243787565,4,4,3789,"higher_in_neuropathy","overlap","OIPN_GSE160543",-0.855790461821174,0.847448841683494,FALSE,TRUE
"GOBP_POSITIVE_REGULATION_OF_B_CELL_ACTIVATION",-0.150270615159453,0.138017653016304,0.288288268175757,0.0403378537980725,0.536238682553442,2.50296883264092,0.0258930348092238,0.201707116450062,4,4,3789,"higher_in_neuropathy","overlap","OIPN_GSE160543",1.65690269707279,0.0247116058573101,TRUE,TRUE
"GOBP_POSITIVE_REGULATION_OF_BINDING",-0.00612249474572037,0.0455861586309,0.0517086533766204,-0.196119585169495,0.299536891922736,0.449164835510403,0.660455233002489,0.821219482895037,4,4,3789,"higher_in_neuropathy","overlap","OIPN_GSE160543",-0.892274825643445,0.752059265106857,FALSE,TRUE
"GOBP_POSITIVE_REGULATION_OF_BLOOD_PRESSURE",-0.116251654631647,0.0985304832766249,0.214782137908272,-0.0214358643773462,0.451000140193891,1.95739502232009,0.071351949862355,0.306522151959709,4,4,3789,"higher_in_neuropathy","overlap","OIPN_GSE160543",1.12122704901509,0.474411344129081,TRUE,TRUE
"GOBP_POSITIVE_REGULATION_OF_CALCIUM_MEDIATED_SIGNALING",-0.00936220796023696,0.00416148378164019,0.0135236917418772,-0.227237484341662,0.254284867825417,0.120921107935972,0.90553888422031,0.956800566734733,4,4,3789,"higher_in_neuropathy","overlap","OIPN_GSE160543",-0.890574609054605,0.768998303935386,FALSE,TRUE
"GOBP_POSITIVE_REGULATION_OF_CELL_ACTIVATION",-0.100815458945406,0.096953899737736,0.197769358683142,-0.059347076478221,0.454885793844504,1.65585566442964,0.120852700178121,0.383442754003193,4,4,3789,"higher_in_neuropathy","overlap","OIPN_GSE160543",1.67300186276891,0.000147377894978298,TRUE,TRUE
"GOBP_POSITIVE_REGULATION_OF_CELL_ADHESION",-0.105798670712808,0.107871435960378,0.213670106673186,-0.0425254449305333,0.469865658276905,1.79541766169413,0.0950479981974126,0.353421850019623,4,4,3789,"higher_in_neuropathy","overlap","OIPN_GSE160543",1.69694571681035,3.70495529961063e-05,TRUE,TRUE
"GOBP_POSITIVE_REGULATION_OF_CELL_CELL_ADHESION",-0.0887803834067805,0.0909495282725079,0.179729911679288,-0.0901885612084949,0.449648384567072,1.43344509756533,0.174534852748785,0.447406161750541,4,4,3789,"higher_in_neuropathy","overlap","OIPN_GSE160543",1.51705213105542,0.00459917707190813,TRUE,TRUE
"GOBP_POSITIVE_REGULATION_OF_CELL_DEVELOPMENT",-0.0873668985723576,0.099118401587843,0.186485300160201,-0.0544384147677541,0.427409015088155,1.6663198339199,0.118724229256264,0.381225512416937,4,4,3789,"higher_in_neuropathy","overlap","OIPN_GSE160543",1.42088155546537,0.00635966421739935,TRUE,TRUE
"GOBP_POSITIVE_REGULATION_OF_CELL_GROWTH",0.100542328926803,-0.0856104512707273,-0.18615278019753,-0.447445449854275,0.0751398894592157,-1.53368302790861,0.148256614238746,0.419212172649707,4,4,3789,"lower_in_neuropathy","overlap","OIPN_GSE160543",-1.21592125763751,0.238997962647425,TRUE,TRUE
"GOBP_POSITIVE_REGULATION_OF_CELLULAR_COMPONENT_BIOGENESIS",0.0119958151814852,-0.00230211604802164,-0.0142979312295068,-0.254335694516914,0.2257398320579,-0.128229203164092,0.899862503626215,0.954622703926457,4,4,3789,"lower_in_neuropathy","overlap","OIPN_GSE160543",-0.999739108039543,0.619946797272339,TRUE,TRUE
"GOBP_POSITIVE_REGULATION_OF_CHONDROCYTE_DIFFERENTIATION",-0.0839090749095936,0.14419361670277,0.228102691612363,-0.146732145276606,0.602937528501332,1.31003763943058,0.212086545470099,0.480888652887992,4,4,3789,"higher_in_neuropathy","overlap","OIPN_GSE160543",1.36132663472623,0.259174522667549,TRUE,TRUE
"GOBP_POSITIVE_REGULATION_OF_COLLAGEN_METABOLIC_PROCESS",-0.094458632988651,0.0740515257412194,0.16851015872987,-0.174296205867751,0.511316523327492,1.05820673699351,0.308571373765201,0.564576049160556,4,4,3789,"higher_in_neuropathy","overlap","OIPN_GSE160543",-0.941998614340585,0.681514069473626,FALSE,TRUE
"GOBP_POSITIVE_REGULATION_OF_CYTOKINE_PRODUCTION",-0.064794138319349,0.0596205950375246,0.124414733356874,-0.132229818803228,0.381059285516975,1.04359760610865,0.31504142896914,0.570555432073791,4,4,3789,"higher_in_neuropathy","overlap","OIPN_GSE160543",1.38870005891434,0.0156319213958677,TRUE,TRUE
"GOBP_POSITIVE_REGULATION_OF_CYTOKINE_PRODUCTION_INVOLVED_IN_IMMUNE_RESPONSE",0.0234342519116221,-0.0292912883195404,-0.0527255402311625,-0.318004524898182,0.212553444435857,-0.427869670390491,0.67550815410558,0.828805417492016,4,4,3789,"lower_in_neuropathy","overlap","OIPN_GSE160543",-0.743326150799345,0.94783563931378,TRUE,TRUE
"GOBP_POSITIVE_REGULATION_OF_DNA_TEMPLATED_TRANSCRIPTION_INITIATION",0.0240930576998198,-0.0325453432860757,-0.0566384009858955,-0.337019510968674,0.223742708996883,-0.434866090523113,0.6705462057363,0.826769827579353,4,4,3789,"lower_in_neuropathy","overlap","OIPN_GSE160543",-0.982635589809818,0.643013678353696,TRUE,TRUE
"GOBP_POSITIVE_REGULATION_OF_ERBB_SIGNALING_PATHWAY",-0.0157318741986246,0.0066061758427788,0.0223380500414034,-0.262407050373258,0.307083150456065,0.168881590520489,0.86839969783863,0.93796079108055,4,4,3789,"higher_in_neuropathy","overlap","OIPN_GSE160543",-0.870201617314211,0.775461085556578,FALSE,TRUE
"GOBP_POSITIVE_REGULATION_OF_EXOCYTOSIS",0.168179770374952,-0.147500084279962,-0.315679854654915,-0.615737528976545,-0.0156221803332841,-2.2648291185781,0.0406068857833585,0.243896347517671,4,4,3789,"lower_in_neuropathy","overlap","OIPN_GSE160543",-1.48236846524415,0.0694197240476248,TRUE,TRUE
"GOBP_POSITIVE_REGULATION_OF_G_PROTEIN_COUPLED_RECEPTOR_SIGNALING_PATHWAY",0.0324883089000644,0.0134615699198189,-0.0190267389802455,-0.309584866261926,0.271531388301435,-0.140969332565393,0.889980754874488,0.949119841577444,4,4,3789,"lower_in_neuropathy","overlap","OIPN_GSE160543",-0.806586116504151,0.849229665642145,TRUE,TRUE
"GOBP_POSITIVE_REGULATION_OF_GLUCONEOGENESIS",0.0496039787098837,0.018180515026492,-0.0314234636833917,-0.306741651496512,0.243894724129729,-0.245704133396113,0.809615721736713,0.91213348264126,4,4,3789,"lower_in_neuropathy","overlap","OIPN_GSE160543",0.87083042372807,0.758802468928936,FALSE,TRUE
"GOBP_POSITIVE_REGULATION_OF_GROWTH",0.0442654164822358,-0.0264629799426447,-0.0707283964248805,-0.316975011482268,0.175518218632507,-0.618325067159334,0.546675696864344,0.748598933482057,4,4,3789,"lower_in_neuropathy","overlap","OIPN_GSE160543",-0.918115680189974,0.803404638439157,TRUE,TRUE
"GOBP_POSITIVE_REGULATION_OF_HEMOPOIESIS",-0.150773552219685,0.147429987676529,0.298203539896214,0.0418005710680656,0.554606508724363,2.50370441985731,0.0258567107204708,0.201707116450062,4,4,3789,"higher_in_neuropathy","overlap","OIPN_GSE160543",1.63039271242558,0.00551424079932585,TRUE,TRUE
"GOBP_POSITIVE_REGULATION_OF_INFLAMMASOME_MEDIATED_SIGNALING_PATHWAY",0.0108504528925943,0.00417019344281066,-0.00668025944978367,-0.336332528459991,0.322972009560424,-0.0436245109766385,0.965843846020237,0.984824262793973,4,4,3789,"lower_in_neuropathy","overlap","OIPN_GSE160543",-0.841383433635073,0.8102125986286,TRUE,TRUE
"GOBP_POSITIVE_REGULATION_OF_INTERFERON_ALPHA_PRODUCTION",-0.0659623979600928,0.122358637172986,0.188321035133079,-0.15389968975446,0.530541760020618,1.18463848333816,0.256643658673212,0.520568962908351,4,4,3789,"higher_in_neuropathy","overlap","OIPN_GSE160543",-0.972786003040179,0.649081241333649,FALSE,TRUE
"GOBP_POSITIVE_REGULATION_OF_INTERLEUKIN_10_PRODUCTION",0.0324839942745638,-0.0447972731165185,-0.0772812673910822,-0.391693995316516,0.237131460534351,-0.529136143889382,0.605322499811208,0.787355630547432,4,4,3789,"lower_in_neuropathy","overlap","OIPN_GSE160543",-0.87811601241464,0.7686361671801,TRUE,TRUE
"GOBP_POSITIVE_REGULATION_OF_INTERLEUKIN_2_PRODUCTION",0.0144655421985447,-0.0132275878878779,-0.0276931300864226,-0.361233053265546,0.305846793092701,-0.178738262670545,0.860803859943977,0.934819669053519,4,4,3789,"lower_in_neuropathy","overlap","OIPN_GSE160543",-1.0081786676157,0.602490435025912,TRUE,TRUE
"GOBP_POSITIVE_REGULATION_OF_LEUKOCYTE_CELL_CELL_ADHESION",-0.0950105551337543,0.0964670271813766,0.191477582315131,-0.068746969487273,0.451702134117535,1.58402844811761,0.136377878218734,0.402442196706217,4,4,3789,"higher_in_neuropathy","overlap","OIPN_GSE160543",1.51592211740689,0.0096145274570976,TRUE,TRUE
"GOBP_POSITIVE_REGULATION_OF_LEUKOCYTE_CHEMOTAXIS",-0.00708827756291831,0.0107783171461558,0.0178665947090741,-0.271202736975292,0.30693592639344,0.133055575701392,0.896116847089899,0.953224798883669,4,4,3789,"higher_in_neuropathy","overlap","OIPN_GSE160543",-0.923817994387363,0.729666594102182,FALSE,TRUE
"GOBP_POSITIVE_REGULATION_OF_LEUKOCYTE_DEGRANULATION",0.0717428714294047,-0.0551150870250437,-0.126857958454448,-0.412750304303377,0.15903438739448,-0.955231203541044,0.356292115176269,0.605005599193748,4,4,3789,"lower_in_neuropathy","overlap","OIPN_GSE160543",-0.739806909972117,0.898044686565009,TRUE,TRUE
"GOBP_POSITIVE_REGULATION_OF_LEUKOCYTE_MEDIATED_IMMUNITY",-0.0148525175906416,-0.0100374990130063,0.00481501857763534,-0.25981028572584,0.269440322881111,0.0391705714650561,0.969329068697742,0.986717257562226,4,4,3789,"higher_in_neuropathy","overlap","OIPN_GSE160543",-0.89488305241797,0.802238982116541,FALSE,TRUE
"GOBP_POSITIVE_REGULATION_OF_LEUKOCYTE_PROLIFERATION",-0.0831888966527393,0.0653839679545064,0.148572864607246,-0.132403154985026,0.429548884199518,1.13831786571585,0.274831123846697,0.537879715007818,4,4,3789,"higher_in_neuropathy","overlap","OIPN_GSE160543",1.54325614398947,0.0231029206085519,TRUE,TRUE
"GOBP_POSITIVE_REGULATION_OF_LIPID_BIOSYNTHETIC_PROCESS",-0.00791436221820348,-0.0102737052434969,-0.00235934302529342,-0.225668067613016,0.220949381562429,-0.0227446211559003,0.982187502047749,0.991613909740929,4,4,3789,"lower_in_neuropathy","overlap","OIPN_GSE160543",1.1036114903773,0.446572997758384,FALSE,TRUE
"GOBP_POSITIVE_REGULATION_OF_LIPID_METABOLIC_PROCESS",-0.0376417631831179,0.0128385187882035,0.0504802819713214,-0.175921012595041,0.276881576537684,0.479994407338231,0.638932768572112,0.810212938460419,4,4,3789,"higher_in_neuropathy","overlap","OIPN_GSE160543",1.28782952404098,0.18389604196621,TRUE,TRUE
"GOBP_POSITIVE_REGULATION_OF_LYMPHOCYTE_DIFFERENTIATION",-0.161770348346952,0.158279633152463,0.320049981499415,0.0609832211566404,0.579116741842189,2.65949650002523,0.0191765970936686,0.179851797989877,4,4,3789,"higher_in_neuropathy","overlap","OIPN_GSE160543",1.69031125397395,0.00503121708464702,TRUE,TRUE
"GOBP_POSITIVE_REGULATION_OF_MACROPHAGE_CHEMOTAXIS",0.0499498735055149,-0.00375476579233854,-0.0537046392978534,-0.412993741183861,0.305584462588154,-0.321781499208237,0.752557751681698,0.876288051973557,4,4,3789,"lower_in_neuropathy","overlap","OIPN_GSE160543",-0.818885063873909,0.81528219018568,TRUE,TRUE
"GOBP_POSITIVE_REGULATION_OF_MACROPHAGE_MIGRATION",0.105168081951421,-0.0522177894074801,-0.157385871358901,-0.501019184599763,0.18624744188196,-0.985970211946032,0.341529370097907,0.593407994469452,4,4,3789,"lower_in_neuropathy","overlap","OIPN_GSE160543",-0.97297987899251,0.648671249630351,TRUE,TRUE
"GOBP_POSITIVE_REGULATION_OF_MAP_KINASE_ACTIVITY",-0.000286171262460548,-0.000682086993025161,-0.000395915730564612,-0.278654871371882,0.277863039910752,-0.00306299944173195,0.997600987388802,0.998391479454879,4,4,3789,"lower_in_neuropathy","overlap","OIPN_GSE160543",1.04389533013888,0.566921697703634,FALSE,TRUE
"GOBP_POSITIVE_REGULATION_OF_MEIOTIC_CELL_CYCLE",-0.0499419647814327,0.0882084394292262,0.138150404210659,-0.189129777580367,0.465430586001685,0.908710953774206,0.37947579822594,0.621094513813428,4,4,3789,"higher_in_neuropathy","overlap","OIPN_GSE160543",0.800991624188631,0.831876591340973,TRUE,TRUE
"GOBP_POSITIVE_REGULATION_OF_MESENCHYMAL_CELL_PROLIFERATION",-0.0742402406327838,0.0887318924747269,0.162972133107511,-0.187816456822868,0.51376072303789,1.00014093329076,0.334872505348605,0.587966599984183,4,4,3789,"higher_in_neuropathy","overlap","OIPN_GSE160543",0.963480325203913,0.665340853800492,TRUE,TRUE
"GOBP_POSITIVE_REGULATION_OF_MUSCLE_CELL_DIFFERENTIATION",-0.112432945502214,0.120284483113748,0.232717428615962,-0.0244203910889476,0.489855248320872,1.94830194169559,0.0725249326168844,0.30765887274467,4,4,3789,"higher_in_neuropathy","overlap","OIPN_GSE160543",1.46521113194771,0.114108081884984,TRUE,TRUE
"GOBP_POSITIVE_REGULATION_OF_MUSCLE_HYPERTROPHY",0.0348793972882776,-0.0120563658115821,-0.0469357630998597,-0.375877226882881,0.282005700683161,-0.307169841361647,0.763411939374301,0.881632561665419,4,4,3789,"lower_in_neuropathy","overlap","OIPN_GSE160543",-1.1024212806306,0.492476339896086,TRUE,TRUE
"GOBP_POSITIVE_REGULATION_OF_MYELOID_LEUKOCYTE_CYTOKINE_PRODUCTION_INVOLVED_IN_IMMUNE_RESPONSE",0.090854588817693,-0.0905605303964055,-0.181415119214099,-0.541855578307607,0.17902533987941,-1.08351082675035,0.297597470488493,0.55574017529862,4,4,3789,"lower_in_neuropathy","overlap","OIPN_GSE160543",-0.816333617129023,0.821372640569983,TRUE,TRUE
"GOBP_POSITIVE_REGULATION_OF_NATURAL_KILLER_CELL_MEDIATED_CYTOTOXICITY",0.12607504702735,-0.0773601165519165,-0.203435163579266,-0.531905744371665,0.125035417213132,-1.33328457590929,0.204550773981867,0.475194900439787,4,4,3789,"lower_in_neuropathy","overlap","OIPN_GSE160543",-0.909317839377862,0.716649968487375,TRUE,TRUE
"GOBP_POSITIVE_REGULATION_OF_NATURAL_KILLER_CELL_MEDIATED_IMMUNITY",0.0987953099081321,-0.0473768449635801,-0.146172154871712,-0.497149804280647,0.204805494537222,-0.896558225292561,0.385699238156919,0.626678564912764,4,4,3789,"lower_in_neuropathy","overlap","OIPN_GSE160543",-0.852223342608677,0.783380572701026,TRUE,TRUE
"GOBP_POSITIVE_REGULATION_OF_NERVOUS_SYSTEM_DEVELOPMENT",0.0484451279072333,-0.014134550154996,-0.0625796780622292,-0.33651584309253,0.211356486968072,-0.491787248735491,0.630787461636519,0.80500292763246,4,4,3789,"lower_in_neuropathy","overlap","OIPN_GSE160543",-1.19511352853554,0.216537414765621,TRUE,TRUE
"GOBP_POSITIVE_REGULATION_OF_NEUROTRANSMITTER_TRANSPORT",0.0812670541142846,-0.0616895411882738,-0.142956595302558,-0.54666563680128,0.260752446196164,-0.762305461479275,0.459020097763533,0.686003073019561,4,4,3789,"lower_in_neuropathy","overlap","OIPN_GSE160543",-1.08606121462638,0.518221780331854,TRUE,TRUE
"GOBP_POSITIVE_REGULATION_OF_NEUTROPHIL_MIGRATION",-0.0196373771790971,0.00331545690903645,0.0229528340881335,-0.267598119113622,0.313503787289889,0.170062016278112,0.867489297378023,0.93777944301436,4,4,3789,"higher_in_neuropathy","overlap","OIPN_GSE160543",-0.783973122233712,0.868747634351623,FALSE,TRUE
"GOBP_POSITIVE_REGULATION_OF_OLIGODENDROCYTE_DIFFERENTIATION",0.161737819842602,-0.102309088078644,-0.264046907921246,-0.555058082961513,0.0269642671190213,-1.95328102209245,0.0718804851377606,0.307182455566481,4,4,3789,"lower_in_neuropathy","overlap","OIPN_GSE160543",-0.818277320251053,0.814006358500411,TRUE,TRUE
"GOBP_POSITIVE_REGULATION_OF_ORGAN_GROWTH",-0.07876596150969,0.120341951447349,0.199107912957039,-0.08175010500598,0.479965930920057,1.52614221056487,0.150109647257892,0.421847763999686,4,4,3789,"higher_in_neuropathy","overlap","OIPN_GSE160543",1.3686503535217,0.200390308915227,TRUE,TRUE
"GOBP_POSITIVE_REGULATION_OF_PEPTIDYL_SERINE_PHOSPHORYLATION",-0.0937260140671912,0.0843607227460167,0.178086736813208,-0.0786404455728638,0.43481391919928,1.49332051941128,0.158405554594363,0.432432197811079,4,4,3789,"higher_in_neuropathy","overlap","OIPN_GSE160543",-0.638064177274815,0.955591771843769,FALSE,TRUE
"GOBP_POSITIVE_REGULATION_OF_PEPTIDYL_TYROSINE_PHOSPHORYLATION",0.0680990789718381,-0.0279214930243759,-0.0960205719962139,-0.413538725354463,0.221497581362036,-0.651012068412908,0.5259901675784,0.737670971408331,4,4,3789,"lower_in_neuropathy","overlap","OIPN_GSE160543",-0.914601306414051,0.729666594102182,TRUE,TRUE
"GOBP_POSITIVE_REGULATION_OF_PHAGOCYTOSIS",-0.133610066261516,0.163620579720539,0.297230645982055,0.00970350347995619,0.584757788484154,2.22539981708032,0.0437042043917591,0.252431753720084,4,4,3789,"higher_in_neuropathy","overlap","OIPN_GSE160543",1.64681806571734,0.0381897401833552,TRUE,TRUE
"GOBP_POSITIVE_REGULATION_OF_PROTEASOMAL_PROTEIN_CATABOLIC_PROCESS",0.0290171348755615,-0.0660387124970325,-0.095055847372594,-0.361670563522449,0.17155886877726,-0.767517049209692,0.456019179913359,0.683758081793318,4,4,3789,"lower_in_neuropathy","overlap","OIPN_GSE160543",0.783708141902883,0.936941830706155,FALSE,TRUE
"GOBP_POSITIVE_REGULATION_OF_PROTEIN_EXPORT_FROM_NUCLEUS",-0.0365389056822371,0.0162020752497689,0.052740980932006,-0.173256589080988,0.278738550945,0.502386249866537,0.623509121327438,0.801174026266578,4,4,3789,"higher_in_neuropathy","overlap","OIPN_GSE160543",0.664747640297816,0.938323419317163,TRUE,TRUE
"GOBP_POSITIVE_REGULATION_OF_PROTEIN_LOCALIZATION_TO_CELL_PERIPHERY",0.107161601910711,-0.039379936822506,-0.146541538733217,-0.38522126560604,0.0921381881396067,-1.3217171528855,0.208272972602173,0.477533696843175,4,4,3789,"lower_in_neuropathy","overlap","OIPN_GSE160543",-1.33208055675704,0.192654676127136,TRUE,TRUE
"GOBP_POSITIVE_REGULATION_OF_PROTEIN_LOCALIZATION_TO_MEMBRANE",0.0438690999335132,-0.00613769099431533,-0.0500067909278285,-0.30007935366864,0.200065771812983,-0.430483243966366,0.673652719486371,0.827380925164946,4,4,3789,"lower_in_neuropathy","overlap","OIPN_GSE160543",-1.08983876683468,0.475505085327873,TRUE,TRUE
"GOBP_POSITIVE_REGULATION_OF_PROTEIN_LOCALIZATION_TO_PLASMA_MEMBRANE",0.111172674756018,-0.0434740125064711,-0.154646687262489,-0.395830952464756,0.0865375779397786,-1.38033646490796,0.189963052523136,0.460449730821714,4,4,3789,"lower_in_neuropathy","overlap","OIPN_GSE160543",-1.43485864032358,0.13010552464073,TRUE,TRUE
"GOBP_POSITIVE_REGULATION_OF_RECEPTOR_SIGNALING_PATHWAY_VIA_STAT",0.0954658240291548,-0.0916932239556645,-0.187159047984819,-0.515213390408023,0.140895294438385,-1.22816961159867,0.240413464258275,0.51080605366631,4,4,3789,"lower_in_neuropathy","overlap","OIPN_GSE160543",-1.03950305922554,0.561695562195071,TRUE,TRUE
"GOBP_POSITIVE_REGULATION_OF_REGULATED_SECRETORY_PATHWAY",0.149654130254597,-0.114604350395429,-0.264258480650026,-0.618917982994381,0.0904010216943289,-1.60402319563835,0.131892114116808,0.395612271768157,4,4,3789,"lower_in_neuropathy","overlap","OIPN_GSE160543",-1.23204380317872,0.315372896323703,TRUE,TRUE
"GOBP_POSITIVE_REGULATION_OF_RELEASE_OF_CYTOCHROME_C_FROM_MITOCHONDRIA",-0.0585266146332118,0.0569376140564521,0.115464228689664,-0.13699110513579,0.367919562515118,0.984591809958133,0.342181896479079,0.593919929344586,4,4,3789,"higher_in_neuropathy","overlap","OIPN_GSE160543",-1.13642906727865,0.463407694855016,FALSE,TRUE
"GOBP_POSITIVE_REGULATION_OF_RESPONSE_TO_ENDOPLASMIC_RETICULUM_STRESS",-0.0251046364826383,0.0391654128854841,0.0642700493681225,-0.161419828970202,0.289959927706447,0.613041481400504,0.550061110822889,0.75078586055761,4,4,3789,"higher_in_neuropathy","overlap","OIPN_GSE160543",-0.909849685616374,0.729666594102182,FALSE,TRUE
"GOBP_POSITIVE_REGULATION_OF_SMOOTH_MUSCLE_CELL_MIGRATION",0.03357311486669,2.35055408629031e-05,-0.0335496093258271,-0.396622270185916,0.329523051534262,-0.198924021381967,0.84529366981884,0.928335144336931,4,4,3789,"lower_in_neuropathy","overlap","OIPN_GSE160543",-0.718404639675262,0.92560754961496,TRUE,TRUE
"GOBP_POSITIVE_REGULATION_OF_SMOOTH_MUSCLE_CONTRACTION",-0.0854389833262686,0.0515237777225844,0.136962761048853,-0.222826365343869,0.496751887441575,0.819497776310555,0.426766461087896,0.6646341212564,4,4,3789,"higher_in_neuropathy","overlap","OIPN_GSE160543",-0.826921040954864,0.820907696075369,FALSE,TRUE
"GOBP_POSITIVE_REGULATION_OF_SMOOTHENED_SIGNALING_PATHWAY",-0.0326144737968429,0.0598684688391186,0.0924829426359615,-0.20008302001302,0.385048905284943,0.680504736096847,0.50771487074477,0.723479370158681,4,4,3789,"higher_in_neuropathy","overlap","OIPN_GSE160543",0.955375912079982,0.681514069473626,TRUE,TRUE
"GOBP_POSITIVE_REGULATION_OF_STEROID_BIOSYNTHETIC_PROCESS",-0.0603327168439403,0.032862419411218,0.0931951362551584,-0.215467727518578,0.401858000028894,0.649983268317855,0.526634379611876,0.737950319655843,4,4,3789,"higher_in_neuropathy","overlap","OIPN_GSE160543",1.44570883299666,0.178935205481572,TRUE,TRUE
"GOBP_POSITIVE_REGULATION_OF_STEROID_METABOLIC_PROCESS",-0.0643187599522385,0.00268614398593107,0.0670049039381695,-0.183737179784602,0.317746987660941,0.575271248836191,0.574593049300692,0.766642019785302,4,4,3789,"higher_in_neuropathy","overlap","OIPN_GSE160543",1.55010854281506,0.105140478668054,TRUE,TRUE
"GOBP_POSITIVE_REGULATION_OF_STRIATED_MUSCLE_CELL_DIFFERENTIATION",0.00398349535466498,0.0318858228667055,0.0279023275120405,-0.229003001526621,0.284807656550702,0.233808679973632,0.818649808832852,0.916626514677209,4,4,3789,"higher_in_neuropathy","overlap","OIPN_GSE160543",0.914987314845219,0.727187422086223,TRUE,TRUE
"GOBP_POSITIVE_REGULATION_OF_T_CELL_CYTOKINE_PRODUCTION",0.0726618895974006,-0.03593230856885,-0.108594198166251,-0.414914515773173,0.197726119440672,-0.763174990984626,0.458518552577419,0.685877140037837,4,4,3789,"lower_in_neuropathy","overlap","OIPN_GSE160543",-0.801861732669482,0.839442248263076,TRUE,TRUE
"GOBP_POSITIVE_REGULATION_OF_T_CELL_MEDIATED_IMMUNITY",0.107141023674472,-0.0759943998914162,-0.183135423565888,-0.431458824775167,0.06518797764339,-1.58762533314621,0.135561375836309,0.402225570120417,4,4,3789,"lower_in_neuropathy","overlap","OIPN_GSE160543",-1.08052605493785,0.505143671104582,TRUE,TRUE
"GOBP_POTASSIUM_ION_IMPORT_ACROSS_PLASMA_MEMBRANE",-0.0961138022590777,0.0741750854356992,0.170288887694777,-0.131421271059152,0.471999046448705,1.21503751237432,0.24522274532129,0.51080605366631,4,4,3789,"higher_in_neuropathy","overlap","OIPN_GSE160543",1.28688551961754,0.257229659273455,TRUE,TRUE
"GOBP_POTASSIUM_ION_TRANSPORT",0.100472746798286,-0.0984266210919824,-0.198899367890268,-0.519131579671297,0.121332843890761,-1.33709325776976,0.203337061350635,0.47427629307477,4,4,3789,"lower_in_neuropathy","overlap","OIPN_GSE160543",-1.40938330925576,0.0449428728970045,TRUE,TRUE
"GOBP_PROTEASOMAL_UBIQUITIN_INDEPENDENT_PROTEIN_CATABOLIC_PROCESS",0.205892723898448,-0.193802051018007,-0.399694774916455,-0.782583091504358,-0.0168064583285516,-2.24724109057904,0.0419620435148363,0.247269335735171,4,4,3789,"lower_in_neuropathy","overlap","OIPN_GSE160543",-1.66122177172072,0.0773662260804643,TRUE,TRUE
"GOBP_PROTEIN_AUTOUBIQUITINATION",0.040327179003355,-0.00567849910135719,-0.0460056781047122,-0.315406018179343,0.223394661969919,-0.367626329164233,0.718864235489498,0.856802953214755,4,4,3789,"lower_in_neuropathy","overlap","OIPN_GSE160543",0.880905655842063,0.795870444456676,FALSE,TRUE
"GOBP_PROTEIN_CONTAINING_COMPLEX_LOCALIZATION",0.00232653024642267,-0.0291532690036348,-0.0314797992500575,-0.317754659496466,0.254795060996352,-0.236723870889267,0.816433306787384,0.916109521597133,4,4,3789,"lower_in_neuropathy","overlap","OIPN_GSE160543",1.13080024216729,0.403403227621532,FALSE,TRUE
"GOBP_PROTEIN_DEACETYLATION",-0.192083719105124,0.134605070741917,0.326688789847041,0.0527771111960718,0.60060046849801,2.5675386719357,0.0228846800102258,0.191836399466251,4,4,3789,"higher_in_neuropathy","neuropathy_above_control","OIPN_GSE160543",1.47731947906398,0.138464340871282,TRUE,TRUE
"GOBP_PROTEIN_DEACYLATION",-0.0894488470949454,0.0782672778180573,0.167716124913003,-0.0910478044089098,0.426480054234915,1.395289715525,0.185509577207942,0.457654316818556,4,4,3789,"higher_in_neuropathy","overlap","OIPN_GSE160543",1.18386755195188,0.384188317192978,TRUE,TRUE
"GOBP_PROTEIN_HETEROOLIGOMERIZATION",-0.0536515425571087,0.024174513661873,0.0778260562189817,-0.154987840708036,0.310639953145999,0.719630288526243,0.48405341230097,0.702796171117908,4,4,3789,"higher_in_neuropathy","overlap","OIPN_GSE160543",0.926037518793862,0.712941643009806,TRUE,TRUE
"GOBP_PROTEIN_HOMOTETRAMERIZATION",-0.00467215947981808,-0.0223794061103643,-0.0177072466305462,-0.255822832017101,0.220408338756009,-0.160087169151981,0.875188409495843,0.941268488100979,4,4,3789,"lower_in_neuropathy","overlap","OIPN_GSE160543",1.13577777395788,0.425161334698188,FALSE,TRUE
"GOBP_PROTEIN_LOCALIZATION_TO_NUCLEOLUS",-0.000645435380134861,-0.0623420706644411,-0.0616966352843062,-0.39587270934932,0.272479438780708,-0.397447196711966,0.69726485408091,0.843005385646688,4,4,3789,"lower_in_neuropathy","overlap","OIPN_GSE160543",-0.596083772041455,0.973573905843575,TRUE,TRUE
"GOBP_PROTEIN_N_LINKED_GLYCOSYLATION",0.0301670875074998,-0.056033169029625,-0.0862002565371248,-0.338703938926858,0.166303425852608,-0.734909993727313,0.474996516669525,0.697505559836607,4,4,3789,"lower_in_neuropathy","overlap","OIPN_GSE160543",-0.946944802506448,0.699737717855968,TRUE,TRUE
"GOBP_PROTEIN_TETRAMERIZATION",-0.0279769688773978,0.0148372838365253,0.0428142527139231,-0.194878018561263,0.28050652398911,0.387763224830646,0.704250180484955,0.848174475222608,4,4,3789,"higher_in_neuropathy","overlap","OIPN_GSE160543",1.25413866380693,0.243652815636943,TRUE,TRUE
"GOBP_PROTON_MOTIVE_FORCE_DRIVEN_ATP_SYNTHESIS",0.259170435001422,-0.235296170944205,-0.494466605945627,-0.923531285377471,-0.0654019265137824,-2.48089002335133,0.0270064264851611,0.206971596575924,4,4,3789,"lower_in_neuropathy","overlap","OIPN_GSE160543",-2.17024493214846,0.000141799734824948,TRUE,TRUE
"GOBP_PROTON_TRANSMEMBRANE_TRANSPORT",0.179555344410302,-0.165325002565463,-0.344880346975765,-0.632446838435577,-0.0573138555159528,-2.58180524647973,0.022267024257699,0.190419875859093,4,4,3789,"lower_in_neuropathy","overlap","OIPN_GSE160543",-2.07727884429933,9.20564724211427e-06,TRUE,TRUE
"GOBP_PURINE_CONTAINING_COMPOUND_BIOSYNTHETIC_PROCESS",0.143798303370299,-0.133552792196737,-0.277351095567037,-0.546716891613363,-0.00798529952071036,-2.21656641346429,0.0444279224331447,0.253138944510053,4,4,3789,"lower_in_neuropathy","overlap","OIPN_GSE160543",-1.6532551892956,0.002141931132172,TRUE,TRUE
"GOBP_PURINE_CONTAINING_COMPOUND_METABOLIC_PROCESS",0.0788621455789443,-0.0869482366875631,-0.165810382266507,-0.39772594249134,0.0661051779583254,-1.53912943234303,0.146930382555343,0.417330749252021,4,4,3789,"lower_in_neuropathy","overlap","OIPN_GSE160543",-1.37846619703824,0.0119106398570132,TRUE,TRUE
"GOBP_PURINE_CONTAINING_COMPOUND_SALVAGE",-0.0966603851060598,0.0328182857924186,0.129478670898478,-0.137589644669753,0.39654698646671,1.04368436218776,0.315002715402008,0.570555432073791,4,4,3789,"higher_in_neuropathy","overlap","OIPN_GSE160543",0.990088648945061,0.634538906207439,TRUE,TRUE
"GOBP_PURINE_NUCLEOSIDE_MONOPHOSPHATE_METABOLIC_PROCESS",-0.0506371677590267,0.030682194477261,0.0813193622362877,-0.17378752372831,0.336426248200885,0.686222720786768,0.504215085331674,0.719033104373997,4,4,3789,"higher_in_neuropathy","overlap","OIPN_GSE160543",0.952237016405248,0.681169511928343,TRUE,TRUE
"GOBP_PYRIDINE_CONTAINING_COMPOUND_BIOSYNTHETIC_PROCESS",-0.0106161587805763,0.0604918253751863,0.0711079841557626,-0.283216028503749,0.425431996815274,0.432027201859205,0.672557667177691,0.826840039239543,4,4,3789,"higher_in_neuropathy","overlap","OIPN_GSE160543",0.88897102862069,0.733197526694353,TRUE,TRUE
"GOBP_PYRIMIDINE_CONTAINING_COMPOUND_BIOSYNTHETIC_PROCESS",0.121038297169804,-0.129531303012606,-0.25056960018241,-0.551671522461652,0.0505323220968327,-1.79146431971065,0.0957056984520907,0.35385625487415,4,4,3789,"lower_in_neuropathy","overlap","OIPN_GSE160543",-0.945518502549118,0.681514069473626,TRUE,TRUE
"GOBP_PYRIMIDINE_NUCLEOBASE_METABOLIC_PROCESS",0.145135609920952,-0.174231726267902,-0.319367336188854,-0.637184712658443,-0.00154995971926503,-2.16324729100839,0.0490405399431435,0.264275037392677,4,4,3789,"lower_in_neuropathy","overlap","OIPN_GSE160543",-1.35755902886714,0.255383876269287,TRUE,TRUE
"GOBP_PYRIMIDINE_NUCLEOSIDE_MONOPHOSPHATE_METABOLIC_PROCESS",0.0695054321594599,-0.107514290434714,-0.177019722594174,-0.462643189374913,0.108603744186564,-1.33420044333435,0.204258379672218,0.475155387832688,4,4,3789,"lower_in_neuropathy","overlap","OIPN_GSE160543",-1.11384520141376,0.486076483839724,TRUE,TRUE
"GOBP_PYRIMIDINE_RIBONUCLEOTIDE_BIOSYNTHETIC_PROCESS",0.220400411411782,-0.223846629103916,-0.444247040515698,-0.748945178355354,-0.139548902676042,-3.13868732941123,0.00755149229147855,0.124945870272543,4,4,3789,"lower_in_neuropathy","overlap","OIPN_GSE160543",-1.21663312965848,0.381565034404088,TRUE,TRUE
"GOBP_PYRUVATE_METABOLIC_PROCESS",0.0225289870568497,-0.0302202651619973,-0.052749252218847,-0.326273453571471,0.220774949133777,-0.415158428823505,0.684563330967352,0.832416707649324,4,4,3789,"lower_in_neuropathy","overlap","OIPN_GSE160543",1.03267201340295,0.558714802420309,FALSE,TRUE
"GOBP_RAP_PROTEIN_SIGNAL_TRANSDUCTION",0.0835433039990934,0.00328015612322102,-0.0802631478758724,-0.479137844715694,0.318611548963949,-0.43318460354863,0.671737287146711,0.82681951761649,4,4,3789,"lower_in_neuropathy","overlap","OIPN_GSE160543",0.923561208716744,0.69973771495394,FALSE,TRUE
"GOBP_RECEPTOR_CATABOLIC_PROCESS",0.0549482255467553,-0.0454952990330866,-0.100443524579842,-0.347590974913935,0.146703925754252,-0.87490141762294,0.396961029181522,0.637724254395707,4,4,3789,"lower_in_neuropathy","overlap","OIPN_GSE160543",-1.08546429011137,0.508613513513513,TRUE,TRUE
"GOBP_RECEPTOR_MEDIATED_ENDOCYTOSIS",0.0369500051246033,-0.00607968865923113,-0.0430296937838345,-0.299952870633835,0.213893483066166,-0.360544008600115,0.724031855335779,0.861261527833721,4,4,3789,"lower_in_neuropathy","overlap","OIPN_GSE160543",-1.00085973320847,0.616853489780216,TRUE,TRUE
"GOBP_REGULATED_EXOCYTOSIS",0.0824177572029232,-0.073738114898512,-0.156155872101435,-0.458814564651464,0.146502820448594,-1.11070436703348,0.286131042250017,0.547827447743969,4,4,3789,"lower_in_neuropathy","overlap","OIPN_GSE160543",-1.3654593173575,0.0604160107429434,TRUE,TRUE
"GOBP_REGULATION_OF_ADAPTIVE_IMMUNE_RESPONSE",-0.102871856601317,0.0882370989672683,0.191108955568586,-0.0413032889526104,0.423521200089782,1.77017150321392,0.0993182895307382,0.358798688680179,4,4,3789,"higher_in_neuropathy","overlap","OIPN_GSE160543",1.44892834662027,0.0479518510840376,TRUE,TRUE
"GOBP_REGULATION_OF_ALCOHOL_BIOSYNTHETIC_PROCESS",-0.0281190763519645,0.0384827095553311,0.0666017859072956,-0.177895353154244,0.311098924968835,0.586415450183929,0.567295060255448,0.761754018585336,4,4,3789,"higher_in_neuropathy","overlap","OIPN_GSE160543",0.893207768792225,0.758280338002607,TRUE,TRUE
"GOBP_REGULATION_OF_AMYLOID_PRECURSOR_PROTEIN_CATABOLIC_PROCESS",-0.0413361380843091,0.00720802900518114,0.0485441670894902,-0.249202264245709,0.34629059842469,0.350981155944018,0.731031660659023,0.865832755996772,4,4,3789,"higher_in_neuropathy","overlap","OIPN_GSE160543",-0.921265179037819,0.716554837349821,FALSE,TRUE
"GOBP_REGULATION_OF_ANATOMICAL_STRUCTURE_SIZE",-0.00617332430098087,0.00620341774597905,0.0123767420469599,-0.22433797496892,0.24909145906284,0.112557487644484,0.912041706900051,0.960349822774419,4,4,3789,"higher_in_neuropathy","overlap","OIPN_GSE160543",1.28709902238082,0.060052818306048,TRUE,TRUE
"GOBP_REGULATION_OF_ANDROGEN_RECEPTOR_SIGNALING_PATHWAY",0.0284853326029326,0.00989594288863276,-0.0185893897142998,-0.300935240182946,0.263756460754346,-0.141734975732019,0.889387480796533,0.948997230283882,4,4,3789,"lower_in_neuropathy","overlap","OIPN_GSE160543",-0.682762966187454,0.948154838119627,TRUE,TRUE
"GOBP_REGULATION_OF_AXON_EXTENSION",0.0844461904775921,-0.0425215129391908,-0.126967703416783,-0.482169171858139,0.228233765024573,-0.769505667077855,0.454877349457799,0.683127339316528,4,4,3789,"lower_in_neuropathy","overlap","OIPN_GSE160543",0.934333402244689,0.720956758935837,FALSE,TRUE
"GOBP_REGULATION_OF_B_CELL_ACTIVATION",-0.142610584856296,0.1430015571925,0.285612142048796,0.013993436119783,0.557230847977809,2.2636553340895,0.040696025544242,0.243896347517671,4,4,3789,"higher_in_neuropathy","overlap","OIPN_GSE160543",1.7490247638015,0.00217053105389144,TRUE,TRUE
"GOBP_REGULATION_OF_B_CELL_PROLIFERATION",-0.0961564521387897,0.0823640354286708,0.178520487567461,-0.135690552574267,0.492731527709188,1.22309427922592,0.242263325895145,0.51080605366631,4,4,3789,"higher_in_neuropathy","overlap","OIPN_GSE160543",1.60990290585816,0.0446885378192992,TRUE,TRUE
"GOBP_REGULATION_OF_BMP_SIGNALING_PATHWAY",-0.141459759675233,0.148877607822161,0.290337367497394,0.0321198375530673,0.548554897441721,2.42053029866846,0.0302895667164975,0.217295724113036,4,4,3789,"higher_in_neuropathy","overlap","OIPN_GSE160543",1.51479669743221,0.0532537199384571,TRUE,TRUE
"GOBP_REGULATION_OF_BODY_FLUID_LEVELS",-0.0870267619176994,0.0964078534121316,0.183434615329831,-0.068759486939977,0.435628717599639,1.56581222028199,0.140578185577271,0.406914243813813,4,4,3789,"higher_in_neuropathy","overlap","OIPN_GSE160543",1.51346086582916,0.00341988612272627,TRUE,TRUE
"GOBP_REGULATION_OF_CARBOHYDRATE_CATABOLIC_PROCESS",-0.0549424918253421,0.0779426786457072,0.132885170471049,-0.120691118825316,0.386461459767415,1.12813529410545,0.278957921726034,0.542137472663766,4,4,3789,"higher_in_neuropathy","overlap","OIPN_GSE160543",1.30515133587083,0.224071137168358,TRUE,TRUE
"GOBP_REGULATION_OF_CARDIOCYTE_DIFFERENTIATION",-0.105936061574298,0.17000966824521,0.275945729819508,-0.0937340666894801,0.645625526328496,1.60690895999247,0.131255324450228,0.395612271768157,4,4,3789,"higher_in_neuropathy","overlap","OIPN_GSE160543",0.931882531331704,0.695209010599116,TRUE,TRUE
"GOBP_REGULATION_OF_CATALYTIC_ACTIVITY",-0.0523703554379406,0.0496589127323153,0.102029268170256,-0.10886012953528,0.312918665875792,1.04150974068615,0.315974157751038,0.571195650629143,4,4,3789,"higher_in_neuropathy","neuropathy_above_control","OIPN_GSE160543",1.32859861833285,0.0315500119523391,TRUE,TRUE
"GOBP_REGULATION_OF_CELL_CELL_ADHESION",-0.0679113317279007,0.0694525698226987,0.137363901550599,-0.121854236058791,0.39658203915999,1.1407764379114,0.273841705061715,0.537198210835526,4,4,3789,"higher_in_neuropathy","overlap","OIPN_GSE160543",1.54411718024297,0.00155922676760979,TRUE,TRUE
"GOBP_REGULATION_OF_CELL_KILLING",0.0462443435109775,-0.0549540907560757,-0.101198434267053,-0.375579020959091,0.173182152424985,-0.793987606925715,0.440967862407474,0.675354579895683,4,4,3789,"lower_in_neuropathy","overlap","OIPN_GSE160543",-1.08901173373394,0.473944490787527,TRUE,TRUE
"GOBP_REGULATION_OF_CELL_SIZE",0.0632843507716849,-0.0595452866948338,-0.122829637466519,-0.393519446102808,0.147860171169771,-0.976842566271933,0.34586687109745,0.597261817757533,4,4,3789,"lower_in_neuropathy","overlap","OIPN_GSE160543",1.03364684393897,0.549520694910587,FALSE,TRUE
"GOBP_REGULATION_OF_CELLULAR_COMPONENT_SIZE",0.0296668570759872,-0.0266228845393206,-0.0562897416153078,-0.289500549339679,0.176921066109063,-0.519605683686378,0.611771673986505,0.791985798063495,4,4,3789,"lower_in_neuropathy","overlap","OIPN_GSE160543",1.06446712834109,0.454808870109624,FALSE,TRUE
"GOBP_REGULATION_OF_CHOLESTEROL_METABOLIC_PROCESS",-0.00127449124453814,-0.0263385112413345,-0.0250640199967964,-0.284410059238915,0.234282019245322,-0.20804841883232,0.838304188963285,0.926393268207981,4,4,3789,"lower_in_neuropathy","overlap","OIPN_GSE160543",0.904860161948271,0.744392898213334,FALSE,TRUE
"GOBP_REGULATION_OF_CHONDROCYTE_DIFFERENTIATION",-0.115366097998835,0.15889472934569,0.274260827344525,-0.0847095908559138,0.633231245544964,1.64474445803096,0.123149103835046,0.385999595102233,4,4,3789,"higher_in_neuropathy","overlap","OIPN_GSE160543",1.65266002115916,0.0479518510840376,TRUE,TRUE
"GOBP_REGULATION_OF_CILIUM_ASSEMBLY",0.0113072215505193,-0.0340405567831523,-0.0453477783336716,-0.295543967909935,0.204848411242592,-0.390183261648855,0.702501899304364,0.847160947315161,4,4,3789,"lower_in_neuropathy","overlap","OIPN_GSE160543",0.772737055095704,0.94362626268726,FALSE,TRUE
"GOBP_REGULATION_OF_COMPLEMENT_ACTIVATION",0.0441672498136141,-0.0806595806716146,-0.124826830485229,-0.420819921444323,0.171166260473865,-0.90786166964656,0.379908470829444,0.621534195152316,4,4,3789,"lower_in_neuropathy","overlap","OIPN_GSE160543",-0.820846409524565,0.816648355881456,TRUE,TRUE
"GOBP_REGULATION_OF_DNA_DAMAGE_RESPONSE_SIGNAL_TRANSDUCTION_BY_P53_CLASS_MEDIATOR",-0.0488664024089491,0.084576826191985,0.133443228600934,-0.150294331240772,0.41718078844264,1.01244868923616,0.329166810856119,0.583901238920335,4,4,3789,"higher_in_neuropathy","overlap","OIPN_GSE160543",-0.763831498437423,0.895443036961099,FALSE,TRUE
"GOBP_REGULATION_OF_DNA_STRAND_ELONGATION",-0.130335499697854,0.0969796219996951,0.227315121697549,-0.0292870050585331,0.483917248453632,1.90704695657387,0.0780702933615987,0.319102849565369,4,4,3789,"higher_in_neuropathy","overlap","OIPN_GSE160543",1.24325951854115,0.369299782863375,TRUE,TRUE
"GOBP_REGULATION_OF_DNA_TEMPLATED_TRANSCRIPTION_INITIATION",-0.0123109657340207,-0.0159490364526708,-0.00363807071865015,-0.297450408120995,0.290174266683695,-0.0266559656197299,0.979125046487992,0.990413151812408,4,4,3789,"lower_in_neuropathy","overlap","OIPN_GSE160543",-0.830496197127262,0.871319434773534,TRUE,TRUE
"GOBP_REGULATION_OF_ENDOPLASMIC_RETICULUM_UNFOLDED_PROTEIN_RESPONSE",-0.0163517507121897,0.0124630737604098,0.0288148244725995,-0.220866582288531,0.27849623123373,0.248440895936998,0.807541211376262,0.911425577705604,4,4,3789,"higher_in_neuropathy","overlap","OIPN_GSE160543",-1.314272563227,0.265572412630912,FALSE,TRUE
"GOBP_REGULATION_OF_ESTABLISHMENT_OR_MAINTENANCE_OF_CELL_POLARITY",-0.0745344628226939,0.0224365977479092,0.0969710605706031,-0.21975658336876,0.413698704509966,0.659097229741086,0.520943081814266,0.735140907632869,4,4,3789,"higher_in_neuropathy","overlap","OIPN_GSE160543",1.20817869192882,0.381329396798909,TRUE,TRUE
"GOBP_REGULATION_OF_EXCITATORY_SYNAPSE_ASSEMBLY",-0.0304313400473308,-0.00829577314202603,0.0221355669053048,-0.340979546121837,0.385250679932447,0.13123196600241,0.897531817853975,0.953514129610043,4,4,3789,"higher_in_neuropathy","overlap","OIPN_GSE160543",-0.763505224602797,0.872768970437605,FALSE,TRUE
"GOBP_REGULATION_OF_EXOCYTOSIS",0.137891896444667,-0.117380681731529,-0.255272578176197,-0.542995905495763,0.0324507491433698,-1.9099517743842,0.0776675914014615,0.318143247373122,4,4,3789,"lower_in_neuropathy","overlap","OIPN_GSE160543",-1.63842428035407,0.00451648238923499,TRUE,TRUE
"GOBP_REGULATION_OF_EXOSOMAL_SECRETION",0.124760156599701,-0.190307715714565,-0.315067872314267,-0.696472626405018,0.0663368817764844,-1.77832579869148,0.0979207253587455,0.356408864922465,4,4,3789,"lower_in_neuropathy","overlap","OIPN_GSE160543",-1.27155618193907,0.330833418621907,TRUE,TRUE
"GOBP_REGULATION_OF_EXTRINSIC_APOPTOTIC_SIGNALING_PATHWAY_IN_ABSENCE_OF_LIGAND",-0.0207657266002028,0.0722153380735278,0.0929810646737306,-0.188953968504743,0.374916097852204,0.709968010910115,0.48983416053647,0.707053073699755,4,4,3789,"higher_in_neuropathy","overlap","OIPN_GSE160543",0.97098021217347,0.658760380095965,TRUE,TRUE
"GOBP_REGULATION_OF_FATTY_ACID_BETA_OXIDATION",-0.0848803312628273,-0.00187040751195564,0.0830099237508717,-0.221761668848038,0.387781516349782,0.586339080194234,0.567344903786703,0.761754018585336,4,4,3789,"higher_in_neuropathy","overlap","OIPN_GSE160543",1.31688772512621,0.301132596139467,TRUE,TRUE
"GOBP_REGULATION_OF_FATTY_ACID_OXIDATION",-0.0201632975724782,0.0172569092146538,0.037420206787132,-0.248496267080131,0.323336680654395,0.281747658123645,0.782419526859352,0.895375290628235,4,4,3789,"higher_in_neuropathy","overlap","OIPN_GSE160543",1.12529265146869,0.470566799922724,TRUE,TRUE
"GOBP_REGULATION_OF_GLYCOLYTIC_PROCESS",-0.0606608997940248,0.0706469363326613,0.131307836126686,-0.119068524387215,0.381684196640587,1.12899139861787,0.278609160087174,0.541914839615145,4,4,3789,"higher_in_neuropathy","overlap","OIPN_GSE160543",1.37151522007485,0.187277580071174,TRUE,TRUE
"GOBP_REGULATION_OF_HEMOPOIESIS",-0.117196949469301,0.108686276950984,0.225883226420285,-0.0151156135035386,0.466882066344108,2.01772670156006,0.0639982816180677,0.292895848624958,4,4,3789,"higher_in_neuropathy","overlap","OIPN_GSE160543",1.60055785821691,0.000444256492282554,TRUE,TRUE
"GOBP_REGULATION_OF_IMMUNE_EFFECTOR_PROCESS",-0.0666923263876103,0.0619996716394372,0.128691998027048,-0.117992301097061,0.375376297151156,1.12306100012498,0.281031892034928,0.544113356627665,4,4,3789,"higher_in_neuropathy","overlap","OIPN_GSE160543",1.3772175658718,0.031849937953984,TRUE,TRUE
"GOBP_REGULATION_OF_INFLAMMASOME_MEDIATED_SIGNALING_PATHWAY",0.0650762328617725,-0.0516762614987426,-0.116752494360515,-0.395536488338525,0.162031499617495,-0.901553789257327,0.383132628056585,0.624464387012187,4,4,3789,"lower_in_neuropathy","overlap","OIPN_GSE160543",-0.759859591198637,0.916219426614055,TRUE,TRUE
"GOBP_REGULATION_OF_INFLAMMATORY_RESPONSE",-0.088857334286789,0.0998328071966185,0.188690141483408,-0.0682600403165259,0.445640323283341,1.5808606587582,0.137100472086702,0.403039697672107,4,4,3789,"higher_in_neuropathy","overlap","OIPN_GSE160543",1.72382077981533,4.78357505057102e-05,TRUE,TRUE
"GOBP_REGULATION_OF_INFLAMMATORY_RESPONSE_TO_ANTIGENIC_STIMULUS",-0.139380757177021,0.144310840981577,0.283691598158598,-0.0139657483197509,0.581348944636947,2.05174403256818,0.0601654567400939,0.28587626314971,4,4,3789,"higher_in_neuropathy","overlap","OIPN_GSE160543",1.6885904788961,0.0323477058228432,TRUE,TRUE
"GOBP_REGULATION_OF_INTRINSIC_APOPTOTIC_SIGNALING_PATHWAY_BY_P53_CLASS_MEDIATOR",0.0162080429619009,-0.0291337823529615,-0.0453418253148624,-0.350735633347949,0.260051982718224,-0.319618628081789,0.754161058458332,0.877456817073117,4,4,3789,"lower_in_neuropathy","overlap","OIPN_GSE160543",-1.10838909977769,0.480414163822526,TRUE,TRUE
"GOBP_REGULATION_OF_LAMELLIPODIUM_ASSEMBLY",0.132956962623036,-0.148353596346068,-0.281310558969104,-0.516560219392941,-0.0460608985452668,-2.57424773565154,0.0225921835247503,0.190419875859093,4,4,3789,"lower_in_neuropathy","neuropathy_below_control","OIPN_GSE160543",-1.33854749683753,0.241864046379465,TRUE,TRUE
"GOBP_REGULATION_OF_LAMELLIPODIUM_ORGANIZATION",0.0959483198928608,-0.0907102643670757,-0.186658584259937,-0.44277966557627,0.0694624970563968,-1.56890248815181,0.139857915303464,0.406344239181231,4,4,3789,"lower_in_neuropathy","overlap","OIPN_GSE160543",-1.24456414648734,0.301725563702519,TRUE,TRUE
"GOBP_REGULATION_OF_LEUKOCYTE_APOPTOTIC_PROCESS",-0.13140428551563,0.13536902159173,0.26677330710736,-0.0101008091221213,0.543647423336842,2.07421287772748,0.0577511621397159,0.279106062943091,4,4,3789,"higher_in_neuropathy","overlap","OIPN_GSE160543",1.55782622099523,0.0461454146876142,TRUE,TRUE
"GOBP_REGULATION_OF_LEUKOCYTE_DIFFERENTIATION",-0.129418785321075,0.121665077049398,0.251083862370473,0.00726627002251762,0.494901454718428,2.2169049507387,0.0443999800190194,0.253138944510053,4,4,3789,"higher_in_neuropathy","overlap","OIPN_GSE160543",1.6079042441418,0.000624363963391345,TRUE,TRUE
"GOBP_REGULATION_OF_LEUKOCYTE_MIGRATION",-0.0798009417208117,0.0767042762052647,0.156505217926076,-0.119623342682981,0.432633778535133,1.22014319895008,0.24334405636973,0.51080605366631,4,4,3789,"higher_in_neuropathy","overlap","OIPN_GSE160543",1.43988480365827,0.0441190354505653,TRUE,TRUE
"GOBP_REGULATION_OF_LEUKOCYTE_PROLIFERATION",-0.080451644861389,0.0769341594799374,0.157385804341326,-0.116545257389536,0.431316866072189,1.23685157964562,0.237274784467955,0.507069463253854,4,4,3789,"higher_in_neuropathy","overlap","OIPN_GSE160543",1.72397274748154,0.000302189556357931,TRUE,TRUE
"GOBP_REGULATION_OF_LIPID_BIOSYNTHETIC_PROCESS",-0.0204089698111132,0.0275476494066537,0.0479566192177669,-0.182543986926208,0.278457225361742,0.447888383159737,0.661353302017812,0.821219482895037,4,4,3789,"higher_in_neuropathy","overlap","OIPN_GSE160543",1.13488897905885,0.35663375962116,TRUE,TRUE
"GOBP_REGULATION_OF_LYMPHOCYTE_ACTIVATION",-0.0828862980730933,0.073747564066773,0.156633862139866,-0.0954873228463649,0.408755047126097,1.33742558734076,0.203231435490427,0.47427629307477,4,4,3789,"higher_in_neuropathy","overlap","OIPN_GSE160543",1.60037483390061,0.000318523121554011,TRUE,TRUE
"GOBP_REGULATION_OF_LYMPHOCYTE_DIFFERENTIATION",-0.127207685892179,0.111755237241446,0.238962923133625,-0.00755311501750588,0.485478961284755,2.08678955215808,0.0564392140872101,0.278118295923555,4,4,3789,"higher_in_neuropathy","overlap","OIPN_GSE160543",1.62145644994022,0.0031021030058194,TRUE,TRUE
"GOBP_REGULATION_OF_MACROPHAGE_CHEMOTAXIS",0.0192527205889223,-0.0113551008480051,-0.0306078214369274,-0.350905310306868,0.289689667433013,-0.205717953929182,0.840088048101556,0.926664807643899,4,4,3789,"lower_in_neuropathy","overlap","OIPN_GSE160543",-0.662919982787766,0.953688375575503,TRUE,TRUE
"GOBP_REGULATION_OF_MACROPHAGE_MIGRATION",0.0389203371827124,-0.0252140912542708,-0.0641344284369832,-0.395493866625336,0.26722500975137,-0.416663247444775,0.683488658753452,0.831910866693488,4,4,3789,"lower_in_neuropathy","overlap","OIPN_GSE160543",-0.814311755036957,0.845865182707288,TRUE,TRUE
"GOBP_REGULATION_OF_MEGAKARYOCYTE_DIFFERENTIATION",-0.0416291296401821,0.0931020845901105,0.134731214230293,-0.120775408551654,0.39023783701224,1.13516599539488,0.276103526038642,0.539255804206399,4,4,3789,"higher_in_neuropathy","overlap","OIPN_GSE160543",1.02837182970966,0.588096475550831,TRUE,TRUE
"GOBP_REGULATION_OF_MEMBRANE_DEPOLARIZATION",0.0397000296394435,-0.0158558296845393,-0.0555558593239829,-0.319600480072847,0.208488761424882,-0.452945402912474,0.657798553500528,0.820292401482621,4,4,3789,"lower_in_neuropathy","overlap","OIPN_GSE160543",0.97505185500353,0.656083180222475,FALSE,TRUE
"GOBP_REGULATION_OF_MEMBRANE_POTENTIAL",0.109367995571062,-0.0950763064283605,-0.204444301999422,-0.511187434532423,0.102298830533578,-1.43480695614798,0.174153320169363,0.44716495177977,4,4,3789,"lower_in_neuropathy","overlap","OIPN_GSE160543",-1.67050967474393,5.97355478219419e-05,TRUE,TRUE
"GOBP_REGULATION_OF_MESENCHYMAL_CELL_PROLIFERATION",-0.103559288913727,0.116497998397565,0.220057287311292,-0.116731162367578,0.556845736990161,1.40660409429558,0.182197302702631,0.453876120933772,4,4,3789,"higher_in_neuropathy","overlap","OIPN_GSE160543",1.11760717502787,0.468515754914084,TRUE,TRUE
"GOBP_REGULATION_OF_MITOCHONDRIAL_DEPOLARIZATION",-0.0114808330756814,0.0558160819262281,0.0672969150019095,-0.245026969425719,0.379620799429538,0.463856097033912,0.650158467163651,0.817085440453207,4,4,3789,"higher_in_neuropathy","overlap","OIPN_GSE160543",1.15667371976825,0.444613215772876,TRUE,TRUE
"GOBP_REGULATION_OF_MUSCLE_HYPERTROPHY",0.00756522123012188,0.015543584842157,0.00797836361203513,-0.278505078621112,0.294461805845183,0.0599525430955842,0.953073888690284,0.977055455694666,4,4,3789,"higher_in_neuropathy","overlap","OIPN_GSE160543",-0.876207394808087,0.795870444456676,FALSE,TRUE
"GOBP_REGULATION_OF_MUSCLE_ORGAN_DEVELOPMENT",-0.15984935814162,0.177820516608492,0.337669874750112,0.0431835954750141,0.63215615402521,2.46842856083191,0.0276549821386517,0.209151152342019,4,4,3789,"higher_in_neuropathy","overlap","OIPN_GSE160543",1.79679568596531,0.0197831659325482,TRUE,TRUE
"GOBP_REGULATION_OF_NATURAL_KILLER_CELL_MEDIATED_IMMUNITY",0.1341299827719,-0.0722499695497149,-0.206379952321614,-0.529981420511712,0.117221515868483,-1.37293613428736,0.192199319210353,0.462376647928907,4,4,3789,"lower_in_neuropathy","overlap","OIPN_GSE160543",-1.06447928963631,0.534309094559326,TRUE,TRUE
"GOBP_REGULATION_OF_NEUROTRANSMITTER_RECEPTOR_LOCALIZATION_TO_POSTSYNAPTIC_SPECIALIZATION_MEMBRANE",0.118336401304318,-0.0870881707030247,-0.205424572007343,-0.510648905194908,0.0997997611802219,-1.44886041868209,0.170256554852598,0.445603017197273,4,4,3789,"lower_in_neuropathy","overlap","OIPN_GSE160543",1.06806340061354,0.544184911523955,FALSE,TRUE
"GOBP_REGULATION_OF_OLIGODENDROCYTE_DIFFERENTIATION",0.16269179887522,-0.102883169806733,-0.265574968681953,-0.557216896812114,0.0260669594482081,-1.96033588077492,0.0709763064210578,0.306522151959709,4,4,3789,"lower_in_neuropathy","overlap","OIPN_GSE160543",-1.09118569172419,0.49927634944524,TRUE,TRUE
"GOBP_REGULATION_OF_OXIDATIVE_PHOSPHORYLATION",-0.0357724758289992,0.0205619525611912,0.0563344283901904,-0.264067209418243,0.376736066198624,0.378505744887126,0.710953978637711,0.852200134469563,4,4,3789,"higher_in_neuropathy","overlap","OIPN_GSE160543",0.947225035816771,0.680913994186311,TRUE,TRUE
"GOBP_REGULATION_OF_PEPTIDYL_SERINE_PHOSPHORYLATION",-0.00443656510445375,0.00807876975270352,0.0125153348571573,-0.271992736281885,0.297023405996199,0.0946980843212025,0.925949017619862,0.968374503936422,4,4,3789,"higher_in_neuropathy","overlap","OIPN_GSE160543",-1.21417859359071,0.369299782863375,FALSE,TRUE
"GOBP_REGULATION_OF_PEPTIDYL_TYROSINE_PHOSPHORYLATION",0.0723821147189272,-0.0706225088887771,-0.143004623607704,-0.42017157486679,0.134162327651382,-1.11071323132191,0.286127359450966,0.547827447743969,4,4,3789,"lower_in_neuropathy","overlap","OIPN_GSE160543",-1.22057154177303,0.305615120999961,TRUE,TRUE
"GOBP_REGULATION_OF_PHAGOCYTOSIS",-0.132157378594743,0.145298499383761,0.277455877978504,-0.0326294028376684,0.587541158794677,1.92622089338605,0.075446788405921,0.311742509563833,4,4,3789,"higher_in_neuropathy","overlap","OIPN_GSE160543",1.97770920246366,0.000379240452493477,TRUE,TRUE
"GOBP_REGULATION_OF_PHOSPHORYLATION",-0.0363022148408922,0.0455974691364601,0.0818996839773523,-0.146521893982277,0.310321261936981,0.771859776801825,0.453527982114294,0.682453345604074,4,4,3789,"higher_in_neuropathy","overlap","OIPN_GSE160543",1.3289478669133,0.0472934037740694,TRUE,TRUE
"GOBP_REGULATION_OF_PLASMA_LIPOPROTEIN_PARTICLE_LEVELS",0.0530221270993069,-0.024174701208707,-0.0771968283080139,-0.367322603055329,0.212928946439301,-0.572804544763329,0.576215089940866,0.767139485518603,4,4,3789,"lower_in_neuropathy","overlap","OIPN_GSE160543",0.963705397403039,0.674348606167726,FALSE,TRUE
"GOBP_REGULATION_OF_POLYSACCHARIDE_BIOSYNTHETIC_PROCESS",-0.00889330626965495,0.0173328680878506,0.0262261743575055,-0.27726754560725,0.329719894322261,0.18602809820304,0.855195275479534,0.931420353090033,4,4,3789,"higher_in_neuropathy","overlap","OIPN_GSE160543",0.711345723777251,0.92560754961496,TRUE,TRUE
"GOBP_REGULATION_OF_POSTSYNAPTIC_DENSITY_ASSEMBLY",-0.055463770395578,0.0267044337730978,0.0821682041686758,-0.274931520138486,0.439267928475838,0.495344780743635,0.628339995902623,0.803503288719217,4,4,3789,"higher_in_neuropathy","overlap","OIPN_GSE160543",-0.673282084293521,0.929561839746282,FALSE,TRUE
"GOBP_REGULATION_OF_POSTSYNAPTIC_DENSITY_ORGANIZATION",0.0240760016873146,0.0108656265938962,-0.0132103750934184,-0.383932695725253,0.357511945538416,-0.0767113675330939,0.939981000417109,0.972718747632055,4,4,3789,"lower_in_neuropathy","overlap","OIPN_GSE160543",-0.890808418242037,0.739871215971783,TRUE,TRUE
"GOBP_REGULATION_OF_POSTSYNAPTIC_MEMBRANE_NEUROTRANSMITTER_RECEPTOR_LEVELS",0.159339203059984,-0.129952178166476,-0.28929138122646,-0.582309851796064,0.00372708934314447,-2.12536639144321,0.0525853996378936,0.268888096124128,4,4,3789,"lower_in_neuropathy","overlap","OIPN_GSE160543",-1.74938136438002,0.00289786738169574,TRUE,TRUE
"GOBP_REGULATION_OF_POSTSYNAPTIC_SPECIALIZATION_ASSEMBLY",-0.0979958712787121,-0.00413555210186755,0.0938603191768446,-0.257786984601968,0.445507622955657,0.574603207307797,0.575032098239596,0.766642019785302,4,4,3789,"higher_in_neuropathy","overlap","OIPN_GSE160543",-0.634726254883215,0.960312965680176,FALSE,TRUE
"GOBP_REGULATION_OF_PROTEIN_BINDING",-0.0787783602687561,0.0907900879360112,0.169568448204767,-0.0844311574054495,0.423568053814984,1.43716063962444,0.173495557974101,0.44716495177977,4,4,3789,"higher_in_neuropathy","overlap","OIPN_GSE160543",1.06516353987128,0.537181607494318,TRUE,TRUE
"GOBP_REGULATION_OF_PROTEIN_EXPORT_FROM_NUCLEUS",-0.079496658155614,0.0203559571348635,0.0998526152904775,-0.133651238709208,0.333356469290163,0.920573994155005,0.373467430840732,0.617284849417402,4,4,3789,"higher_in_neuropathy","overlap","OIPN_GSE160543",0.927292454903171,0.708084280964718,TRUE,TRUE
"GOBP_REGULATION_OF_PROTEIN_LOCALIZATION_TO_PLASMA_MEMBRANE",0.100468999505491,-0.0690936558058913,-0.169562655311383,-0.402354342188255,0.0632290315654897,-1.56803608375075,0.140059534539638,0.406344239181231,4,4,3789,"lower_in_neuropathy","overlap","OIPN_GSE160543",-1.36956437149623,0.121233970408456,TRUE,TRUE
"GOBP_REGULATION_OF_PROTEIN_MATURATION",0.0183546304499674,-0.000923538444422056,-0.0192781688943894,-0.265978211309806,0.227421873521027,-0.168224740693323,0.868906375994669,0.938092414681304,4,4,3789,"lower_in_neuropathy","overlap","OIPN_GSE160543",-0.954426037715428,0.674595554330097,TRUE,TRUE
"GOBP_REGULATION_OF_PROTEIN_TYROSINE_KINASE_ACTIVITY",0.156848746508022,-0.124899039823265,-0.281747786331287,-0.538053467423592,-0.0254421052389815,-2.3664405082867,0.0335528679247381,0.228243835847097,4,4,3789,"lower_in_neuropathy","overlap","OIPN_GSE160543",-1.44886942019594,0.187753857791652,TRUE,TRUE
"GOBP_REGULATION_OF_PROTEOLYSIS",0.0304394241483201,-0.0530468609247718,-0.083486285073092,-0.315695314738611,0.148722744592427,-0.773979296547804,0.452315236652582,0.68135243787565,4,4,3789,"lower_in_neuropathy","overlap","OIPN_GSE160543",-1.19783729803092,0.175738096871234,TRUE,TRUE
"GOBP_REGULATION_OF_REACTIVE_OXYGEN_SPECIES_BIOSYNTHETIC_PROCESS",0.0669799374687383,-0.0741105890127339,-0.141090526481472,-0.388174508941883,0.105993455978938,-1.2292679887964,0.240014589627517,0.51080605366631,4,4,3789,"lower_in_neuropathy","overlap","OIPN_GSE160543",0.756026365933929,0.912786843430284,FALSE,TRUE
"GOBP_REGULATION_OF_REGULATED_SECRETORY_PATHWAY",0.104462244375207,-0.0739874906879718,-0.178449735063179,-0.4945124158414,0.137612945715041,-1.21544692454085,0.245071681013974,0.51080605366631,4,4,3789,"lower_in_neuropathy","overlap","OIPN_GSE160543",-1.32810421609987,0.140034409306898,TRUE,TRUE
"GOBP_REGULATION_OF_RELEASE_OF_CYTOCHROME_C_FROM_MITOCHONDRIA",0.0292911750230116,-0.0283398236667696,-0.0576309986897812,-0.348573191713198,0.233311194333636,-0.426425088642383,0.676534640016834,0.828805417492016,4,4,3789,"lower_in_neuropathy","overlap","OIPN_GSE160543",-1.34256171358497,0.23379876821832,TRUE,TRUE
"GOBP_REGULATION_OF_RESPONSE_TO_CYTOKINE_STIMULUS",-0.1492277749001,0.14464463337646,0.293872408276559,0.0487235645758214,0.539021251977297,2.58060939360838,0.0223181723776852,0.190419875859093,4,4,3789,"higher_in_neuropathy","overlap","OIPN_GSE160543",1.67862952365858,0.0025292850330978,TRUE,TRUE
"GOBP_REGULATION_OF_RESPONSE_TO_TUMOR_CELL",0.0506103028523667,-0.0875942564672407,-0.138204559319607,-0.455530216354962,0.179121097715747,-0.937584660692358,0.364966992344956,0.611073766679204,4,4,3789,"lower_in_neuropathy","overlap","OIPN_GSE160543",-0.858693930820915,0.780582667432464,TRUE,TRUE
"GOBP_REGULATION_OF_SKELETAL_MUSCLE_TISSUE_DEVELOPMENT",-0.028525836057192,0.0747819578413267,0.103307793898519,-0.214049844770287,0.420665432567324,0.700773131831462,0.495373543736007,0.710769511215823,4,4,3789,"higher_in_neuropathy","overlap","OIPN_GSE160543",1.37181348710683,0.254998197332051,TRUE,TRUE
"GOBP_REGULATION_OF_STEROID_BIOSYNTHETIC_PROCESS",-0.131893780550102,0.155383108122061,0.287276888672164,0.0365949794518701,0.537958797892457,2.46701054481198,0.027729722605524,0.209298643331336,4,4,3789,"higher_in_neuropathy","overlap","OIPN_GSE160543",1.5482583085147,0.0619102135785269,TRUE,TRUE
"GOBP_REGULATION_OF_SYSTEMIC_ARTERIAL_BLOOD_PRESSURE_MEDIATED_BY_A_CHEMICAL_SIGNAL",-0.00383812456947374,-0.00697021977056887,-0.00313209520109513,-0.285625214199006,0.279361023796815,-0.0238682397387127,0.981307713054318,0.991594940002044,4,4,3789,"lower_in_neuropathy","overlap","OIPN_GSE160543",1.02838114615437,0.578237611382089,FALSE,TRUE
"GOBP_REGULATION_OF_T_CELL_ACTIVATION",-0.0758129064054691,0.073601777267607,0.149414683673076,-0.0972061193207981,0.39603548666695,1.30423810088756,0.214000982342055,0.481059582399606,4,4,3789,"higher_in_neuropathy","overlap","OIPN_GSE160543",1.49018195504799,0.00367565154204285,TRUE,TRUE
"GOBP_REGULATION_OF_T_CELL_MEDIATED_CYTOTOXICITY",0.0647645053136876,-0.0769304299965183,-0.141694935310206,-0.434842098639206,0.151452228018795,-1.04054757673661,0.316404672348358,0.571428648011406,4,4,3789,"lower_in_neuropathy","overlap","OIPN_GSE160543",-0.924734002948478,0.704761310137307,TRUE,TRUE
"GOBP_REGULATION_OF_TELOMERE_MAINTENANCE_IN_RESPONSE_TO_DNA_DAMAGE",-0.193325851028686,0.0782920611184001,0.271617912147086,-0.030968293900385,0.574204118194557,1.93242475140698,0.0746152388238952,0.310977682924648,4,4,3789,"higher_in_neuropathy","overlap","OIPN_GSE160543",1.38674148371211,0.242161766206942,TRUE,TRUE
"GOBP_REGULATION_OF_TELOMERE_MAINTENANCE_VIA_TELOMERASE",0.00225265515574986,0.00177657917805738,-0.000476075977692482,-0.31566125977674,0.314709107821355,-0.00325164993928431,0.997453232461787,0.998391479454879,4,4,3789,"lower_in_neuropathy","overlap","OIPN_GSE160543",-1.21106058680134,0.348070111541088,TRUE,TRUE
"GOBP_REGULATION_OF_TELOMERE_MAINTENANCE_VIA_TELOMERE_LENGTHENING",-0.0134927548024329,0.00905677103508665,0.0225495258375196,-0.284365302329419,0.329464354004458,0.158165898859104,0.876672886973216,0.941512935578584,4,4,3789,"higher_in_neuropathy","overlap","OIPN_GSE160543",-1.03234865569849,0.562560355010294,FALSE,TRUE
"GOBP_REGULATION_OF_TRANS_SYNAPTIC_SIGNALING",0.131280330918929,-0.115586134625617,-0.246866465544546,-0.567720871719619,0.0739879406305282,-1.65633203816933,0.120755085198668,0.383442754003193,4,4,3789,"lower_in_neuropathy","overlap","OIPN_GSE160543",-1.87011970236163,1.80428571428571e-08,TRUE,TRUE
"GOBP_REGULATION_OF_TRANSLATION_IN_RESPONSE_TO_STRESS",0.0216560930466127,0.0174170705372017,-0.00423902250941107,-0.282011378160597,0.273533333141775,-0.0328526201096145,0.974273989594226,0.987830919607312,4,4,3789,"lower_in_neuropathy","overlap","OIPN_GSE160543",-0.800402569473371,0.830319746642494,TRUE,TRUE
"GOBP_REGULATION_OF_TRANSMEMBRANE_RECEPTOR_PROTEIN_SERINE_THREONINE_KINASE_SIGNALING_PATHWAY",-0.0769252422406015,0.105589511807413,0.182514754048015,-0.0838853101154721,0.448914818211501,1.47488094038165,0.1632337297545,0.43740636636478,4,4,3789,"higher_in_neuropathy","overlap","OIPN_GSE160543",1.60554153440044,0.00209816706373,TRUE,TRUE
"GOBP_REGULATION_OF_TYPE_2_IMMUNE_RESPONSE",0.0239359263138448,-0.0435009331811317,-0.0674368594949765,-0.371676280761404,0.236802561771451,-0.477172230821194,0.640889319322179,0.811607496962479,4,4,3789,"lower_in_neuropathy","overlap","OIPN_GSE160543",-0.738655517846537,0.899788591131531,TRUE,TRUE
"GOBP_REGULATION_OF_TYROSINE_PHOSPHORYLATION_OF_STAT_PROTEIN",0.204675718826028,-0.138892534887204,-0.343568253713231,-0.667267317635451,-0.0198691897910116,-2.28488788474209,0.0391117653503339,0.2426432366216,4,4,3789,"lower_in_neuropathy","overlap","OIPN_GSE160543",-1.31810298623504,0.267460740294452,TRUE,TRUE
"GOBP_REGULATION_OF_VASCULAR_PERMEABILITY",-0.106136317662353,0.138418488982351,0.244554806644704,-0.0709689282170325,0.560078541506441,1.66854329471584,0.118276202514182,0.380431690429743,4,4,3789,"higher_in_neuropathy","overlap","OIPN_GSE160543",1.44298124677034,0.141360398996503,TRUE,TRUE
"GOBP_REGULATION_OF_VASCULATURE_DEVELOPMENT",-0.142426203310964,0.151425441031698,0.293851644342663,0.0122327425946171,0.575470546090708,2.24625799415677,0.0420390345009886,0.247338356714668,4,4,3789,"higher_in_neuropathy","overlap","OIPN_GSE160543",1.90555242728869,2.47363161054744e-06,TRUE,TRUE
"GOBP_REGULATION_OF_WNT_SIGNALING_PATHWAY",-0.0407972706109329,0.073739979725243,0.114537250336176,-0.128222751709411,0.357297252381763,1.01569410386903,0.327674042060178,0.582617055544821,4,4,3789,"higher_in_neuropathy","overlap","OIPN_GSE160543",1.27014290790665,0.12280580495211,TRUE,TRUE
"GOBP_REGULATORY_NCRNA_PROCESSING",0.0711937942143872,-0.0325555766661414,-0.103749370880529,-0.420742243489311,0.213243501728253,-0.704578335602209,0.493076614786376,0.709330896639642,4,4,3789,"lower_in_neuropathy","overlap","OIPN_GSE160543",-0.625045294591983,0.993013222729479,TRUE,TRUE
"GOBP_RELEASE_OF_CYTOCHROME_C_FROM_MITOCHONDRIA",0.0348778241858095,-0.024930242266102,-0.0598080664519115,-0.329359051363671,0.209742918459848,-0.477652604460094,0.640556090177578,0.811456712030372,4,4,3789,"lower_in_neuropathy","overlap","OIPN_GSE160543",-1.31354866330125,0.236713179095271,TRUE,TRUE
"GOBP_RENAL_ABSORPTION",-0.0695891449568939,0.0872897953817385,0.156878940338632,-0.13465267806844,0.448410558745704,1.15843666460721,0.266814209699162,0.529575191487756,4,4,3789,"higher_in_neuropathy","overlap","OIPN_GSE160543",1.21340684825017,0.361940396306815,TRUE,TRUE
"GOBP_RENAL_SYSTEM_DEVELOPMENT",-0.110651239409784,0.121378099215133,0.232029338624917,-0.0494732433699486,0.513531920619783,1.77440940372666,0.0985897588664966,0.35848534380239,4,4,3789,"higher_in_neuropathy","overlap","OIPN_GSE160543",1.78079264764367,3.70495529961063e-05,TRUE,TRUE
"GOBP_RENAL_SYSTEM_PROCESS",0.0473514263267686,-0.0204723514276156,-0.0678237777543842,-0.378593800802115,0.242946245293347,-0.469825048278795,0.64599598831643,0.814806524544258,4,4,3789,"lower_in_neuropathy","overlap","OIPN_GSE160543",1.2152952747538,0.258901174801887,FALSE,TRUE
"GOBP_RENAL_TUBULE_DEVELOPMENT",-0.0499611207495027,0.0692384256382735,0.119199546387776,-0.179850903517723,0.418249996293276,0.85807145251589,0.405864057585972,0.643438876231485,4,4,3789,"higher_in_neuropathy","overlap","OIPN_GSE160543",1.19083048927858,0.319854663407222,TRUE,TRUE
"GOBP_REPLACEMENT_OSSIFICATION",-0.0308362545656737,0.0763348234220714,0.107171077987745,-0.22044321978768,0.43478537576317,0.704219526604175,0.493292930231052,0.709330896639642,4,4,3789,"higher_in_neuropathy","overlap","OIPN_GSE160543",1.13938117381281,0.447473707797309,TRUE,TRUE
"GOBP_RESPONSE_TO_ACIDIC_PH",0.115183033800268,-0.0915276056629144,-0.206710639463183,-0.643778310790352,0.230357031863986,-1.01813989972993,0.326552307049606,0.581441114384848,4,4,3789,"lower_in_neuropathy","overlap","OIPN_GSE160543",-1.00076417818589,0.616895903705894,TRUE,TRUE
"GOBP_RESPONSE_TO_ALKALOID",-0.0122285063591356,0.02645273114533,0.0386812375044656,-0.219119750041003,0.296482225049934,0.323004887633798,0.751651396654277,0.875501734375363,4,4,3789,"higher_in_neuropathy","overlap","OIPN_GSE160543",0.900151926916625,0.782300239914755,TRUE,TRUE
"GOBP_RESPONSE_TO_AMINE",0.096555441326916,-0.0737026911415492,-0.170258132468465,-0.416462220341457,0.0759459554045266,-1.48869564127553,0.159605076100736,0.433240872567813,4,4,3789,"lower_in_neuropathy","overlap","OIPN_GSE160543",-1.16345609899915,0.397440222419628,TRUE,TRUE
"GOBP_RESPONSE_TO_AMPHETAMINE",0.103603836500554,-0.0812373321779793,-0.184841168678534,-0.460455573262575,0.0907732359055082,-1.44374370976095,0.171666821889032,0.445794842996516,4,4,3789,"lower_in_neuropathy","overlap","OIPN_GSE160543",-1.19774881647317,0.376082201289043,TRUE,TRUE
"GOBP_RESPONSE_TO_AXON_INJURY",0.0131006321199705,-0.0365216289388885,-0.049622261058859,-0.275372397913165,0.176127875795447,-0.473196842295408,0.643650088102821,0.813201128316635,4,4,3789,"lower_in_neuropathy","overlap","OIPN_GSE160543",-0.912781464766791,0.746791242002215,TRUE,TRUE
"GOBP_RESPONSE_TO_BACTERIUM",-0.111279457989541,0.0963919909884074,0.207671448977949,-0.0435233312585843,0.458866229214482,1.77975201537005,0.0976780911707164,0.356210093788108,4,4,3789,"higher_in_neuropathy","overlap","OIPN_GSE160543",1.80981393935607,2.65349765149945e-07,TRUE,TRUE
"GOBP_RESPONSE_TO_BMP",-0.109552300582243,0.104123757140001,0.213676057722244,-0.0458359499170617,0.47318806536155,1.77252233333465,0.0989135734787684,0.35848534380239,4,4,3789,"higher_in_neuropathy","overlap","OIPN_GSE160543",1.38686125455609,0.0858416271854818,TRUE,TRUE
"GOBP_RESPONSE_TO_CADMIUM_ION",-0.0070521044505154,0.0169985020763154,0.0240506065268308,-0.24633000236716,0.294431215420822,0.19148898732287,0.850999146941885,0.93030460697138,4,4,3789,"higher_in_neuropathy","overlap","OIPN_GSE160543",0.997013249772296,0.628657829628055,TRUE,TRUE
"GOBP_RESPONSE_TO_CAFFEINE",0.0954164812004939,-0.0975094586116312,-0.192925939812125,-0.569150637798659,0.183298758174408,-1.1039175384225,0.288961210560301,0.548845864234101,4,4,3789,"lower_in_neuropathy","overlap","OIPN_GSE160543",0.901055461850588,0.72036655231271,FALSE,TRUE
"GOBP_RESPONSE_TO_COCAINE",-0.049414497799423,0.0691504724027585,0.118564970202182,-0.127257332417468,0.364387272821831,1.0383133191133,0.317406031819927,0.571874205689826,4,4,3789,"higher_in_neuropathy","overlap","OIPN_GSE160543",0.950493671597979,0.681668645126671,TRUE,TRUE
"GOBP_RESPONSE_TO_ETHER",0.0746499302437396,-0.11743272664097,-0.19208265688471,-0.53350929171164,0.149343977942221,-1.2111113316693,0.2466751190372,0.512217262657332,4,4,3789,"lower_in_neuropathy","overlap","OIPN_GSE160543",-1.16298706523321,0.448156594809612,TRUE,TRUE
"GOBP_RESPONSE_TO_FIBROBLAST_GROWTH_FACTOR",0.0503653409141137,-0.0112829113536144,-0.0616482522677281,-0.336965473606786,0.21366896907133,-0.48203736304529,0.637518178585521,0.809502807862111,4,4,3789,"lower_in_neuropathy","overlap","OIPN_GSE160543",-0.913197368362125,0.758280338002607,TRUE,TRUE
"GOBP_RESPONSE_TO_GLUCAGON",0.0340728326772323,-0.0411827459625944,-0.0752555786398268,-0.436844870680186,0.286333713400533,-0.448039650046889,0.661246847298095,0.821219482895037,4,4,3789,"lower_in_neuropathy","overlap","OIPN_GSE160543",0.944681924813601,0.684169319808148,FALSE,TRUE
"GOBP_RESPONSE_TO_GROWTH_HORMONE",0.0292987620333753,-0.0183832179798921,-0.0476819800132674,-0.290213362471774,0.19484940244524,-0.423233123919172,0.678805150124761,0.829942792456509,4,4,3789,"lower_in_neuropathy","overlap","OIPN_GSE160543",-1.03958242788168,0.561042293583657,TRUE,TRUE
"GOBP_RESPONSE_TO_INTERLEUKIN_7",-0.0195141695568872,-0.0169515101424446,0.00256265941444258,-0.35430395448552,0.359429273314405,0.0154588891036652,0.987892735146626,0.993398506759704,4,4,3789,"higher_in_neuropathy","overlap","OIPN_GSE160543",-1.17234936006114,0.424998309389784,FALSE,TRUE
"GOBP_RESPONSE_TO_LEPTIN",-0.0944705125188134,0.0872602078152323,0.181730720334046,-0.125309381552589,0.48877082222068,1.27416759988295,0.224150717663388,0.49112352643014,4,4,3789,"higher_in_neuropathy","overlap","OIPN_GSE160543",1.41035533866501,0.226885848401312,TRUE,TRUE
"GOBP_RESPONSE_TO_METAL_ION",0.00653830049863048,-0.00583277099392948,-0.01237107149256,-0.245427608154246,0.220685465169126,-0.114271871277844,0.910708200169397,0.95985351055406,4,4,3789,"lower_in_neuropathy","overlap","OIPN_GSE160543",1.16298275184622,0.26652928088705,FALSE,TRUE
"GOBP_RESPONSE_TO_MOLECULE_OF_BACTERIAL_ORIGIN",-0.128798836148948,0.138089704162531,0.266888540311479,0.0170589226429312,0.516718157980027,2.29974304436197,0.0380381889844648,0.2426432366216,4,4,3789,"higher_in_neuropathy","overlap","OIPN_GSE160543",1.88380958484093,2.47363161054744e-06,TRUE,TRUE
"GOBP_RESPONSE_TO_MONOAMINE",0.0129503238509849,-0.00670990712216341,-0.0196602309731483,-0.289572592572218,0.250252130625921,-0.156804727320349,0.87772489493844,0.941591060849872,4,4,3789,"lower_in_neuropathy","overlap","OIPN_GSE160543",0.8363676519517,0.840289073248832,FALSE,TRUE
"GOBP_RESPONSE_TO_NICOTINE",-0.0530591001891591,0.061253788081865,0.114312888271024,-0.121306275432083,0.349932051974131,1.04442653877856,0.314671672872761,0.57047414761478,4,4,3789,"higher_in_neuropathy","overlap","OIPN_GSE160543",1.29558481100223,0.263758832220476,TRUE,TRUE
"GOBP_RESPONSE_TO_NITRIC_OXIDE",-0.0764767776848102,-0.00826434873088585,0.0682124289539243,-0.205606869884016,0.342031727791864,0.536281445545112,0.60050970763294,0.784596993869383,4,4,3789,"higher_in_neuropathy","overlap","OIPN_GSE160543",0.867930548890494,0.75500363081608,TRUE,TRUE
"GOBP_RESPONSE_TO_OXYGEN_RADICAL",0.00256999757618024,0.0208988364925803,0.0183288389164,-0.305625394092245,0.342283071925045,0.121799247807975,0.904856520007072,0.956793250943793,4,4,3789,"higher_in_neuropathy","overlap","OIPN_GSE160543",1.41772894579327,0.213087088674508,TRUE,TRUE
"GOBP_RESPONSE_TO_PAIN",0.105317027939965,-0.0965346191036097,-0.201851647043575,-0.50965785293113,0.10595455884398,-1.41171892485995,0.180716051980592,0.452219615970199,4,4,3789,"lower_in_neuropathy","overlap","OIPN_GSE160543",-1.13523075217528,0.442414424269727,TRUE,TRUE
"GOBP_RESPONSE_TO_PROSTAGLANDIN",-0.0816924408547696,0.0667603203215629,0.148452761176332,-0.161420899772115,0.45832642212478,1.03132828221475,0.32055154206533,0.574751677519936,4,4,3789,"higher_in_neuropathy","overlap","OIPN_GSE160543",1.06926569896967,0.538450863208862,TRUE,TRUE
"GOBP_RESPONSE_TO_PROSTAGLANDIN_E",-0.128898587800284,0.0772289571742751,0.206127544974559,-0.0914415774846808,0.503696667433798,1.49121916804416,0.158949621691134,0.432790390548306,4,4,3789,"higher_in_neuropathy","overlap","OIPN_GSE160543",1.09341500583098,0.51398738716177,TRUE,TRUE
"GOBP_RESPONSE_TO_TOXIC_SUBSTANCE",-0.024157574811857,0.0181580260630275,0.0423156008748845,-0.222122383142729,0.306753584892498,0.344484737804373,0.735801227772592,0.867392095832063,4,4,3789,"higher_in_neuropathy","overlap","OIPN_GSE160543",1.16676331343159,0.289691027547753,TRUE,TRUE
"GOBP_RESPONSE_TO_TUMOR_NECROSIS_FACTOR",-0.16584544173941,0.146256454236868,0.312101895976278,0.0703094269882472,0.553894364964309,2.77873382662673,0.015228660741079,0.163924419170308,4,4,3789,"higher_in_neuropathy","overlap","OIPN_GSE160543",1.7316046073869,0.000679181331314108,TRUE,TRUE
"GOBP_RESPONSE_TO_TYPE_I_INTERFERON",0.0537609836781242,-0.0516296999842101,-0.105390683662334,-0.344925240767287,0.134143873442618,-0.947168738735805,0.360237443068097,0.60637035619059,4,4,3789,"lower_in_neuropathy","overlap","OIPN_GSE160543",-1.21095717196543,0.283044398600708,TRUE,TRUE
"GOBP_RESPONSE_TO_VIRUS",-0.103187103463809,0.0832099355547449,0.186397039018554,-0.0347419725485031,0.407536050585611,1.81454171181962,0.0919230212841948,0.348994316278371,4,4,3789,"higher_in_neuropathy","neuropathy_above_control","OIPN_GSE160543",1.46014599498013,0.00796295070302454,TRUE,TRUE
"GOBP_RESPONSE_TO_WOUNDING",-0.0667885034344318,0.0814638751949239,0.148252378629356,-0.0928165569602513,0.389321314218963,1.32389557545445,0.207567840317453,0.477533696843175,4,4,3789,"higher_in_neuropathy","overlap","OIPN_GSE160543",1.66905905086051,1.51985147878414e-05,TRUE,TRUE
"GOBP_RESPONSE_TO_ZINC_ION",-0.0148486501091363,-0.0152820558358131,-0.000433405726676724,-0.228914946680381,0.228048135227028,-0.00408354021814123,0.996801680223656,0.998382650374685,4,4,3789,"lower_in_neuropathy","overlap","OIPN_GSE160543",1.22073658425567,0.346556865186769,FALSE,TRUE
"GOBP_RNA_DECAPPING",0.0384588609119846,-0.0229732329199066,-0.0614320938318912,-0.415115944017914,0.292251756354132,-0.373915440414978,0.714287353197934,0.853495673688732,4,4,3789,"lower_in_neuropathy","overlap","OIPN_GSE160543",-0.677641302323242,0.950526130237432,TRUE,TRUE
"GOBP_RNA_LOCALIZATION",-0.0168986897195969,0.0123680541576166,0.0292667438772135,-0.227439979187568,0.285973466941995,0.245431597964332,0.809822389972341,0.91213348264126,4,4,3789,"higher_in_neuropathy","overlap","OIPN_GSE160543",-0.889978608874982,0.846015002883842,FALSE,TRUE
"GOBP_RNA_TEMPLATED_DNA_BIOSYNTHETIC_PROCESS",0.0485435240258573,-0.0388111957551334,-0.0873547197809907,-0.360381784351608,0.185672344789627,-0.688769624516624,0.50266078747043,0.717393538396712,4,4,3789,"lower_in_neuropathy","overlap","OIPN_GSE160543",-1.28511641716924,0.249037576759122,TRUE,TRUE
"GOBP_RRNA_METHYLATION",0.0912368444459186,-0.085974311999364,-0.177211156445283,-0.519141303513171,0.164718990622606,-1.11569882979775,0.284061669914723,0.54641268141003,4,4,3789,"lower_in_neuropathy","overlap","OIPN_GSE160543",-1.06477118651383,0.541419989153937,TRUE,TRUE
"GOBP_RRNA_MODIFICATION",0.0337517246174271,-0.082949575937451,-0.116701300554878,-0.450890047177392,0.217487446067635,-0.75175648881643,0.465131995084007,0.690048993489938,4,4,3789,"lower_in_neuropathy","overlap","OIPN_GSE160543",-0.868592156547541,0.779815596330275,TRUE,TRUE
"GOBP_SCF_DEPENDENT_PROTEASOMAL_UBIQUITIN_DEPENDENT_PROTEIN_CATABOLIC_PROCESS",-0.0280013497840483,0.00479321787349871,0.032794567657547,-0.237150009096181,0.302739144411275,0.261529458097606,0.797640984642667,0.904935871555981,4,4,3789,"higher_in_neuropathy","overlap","OIPN_GSE160543",0.956680146622763,0.684862790855826,TRUE,TRUE
"GOBP_SCHWANN_CELL_DIFFERENTIATION",-0.168762829024472,0.13823992567333,0.307002754697802,0.0320537405984749,0.581951768797129,2.40371745151312,0.0312699986036651,0.21941115686905,4,4,3789,"higher_in_neuropathy","overlap","OIPN_GSE160543",1.92832135175373,0.00384346431582907,TRUE,TRUE
"GOBP_SECRETORY_GRANULE_ORGANIZATION",0.138233537807916,-0.138383343309953,-0.276616881117869,-0.501554801253742,-0.0516789609819958,-2.64733752753482,0.0196311792544878,0.180540141250617,4,4,3789,"lower_in_neuropathy","neuropathy_below_control","OIPN_GSE160543",-1.36473432010869,0.178935205481572,TRUE,TRUE
"GOBP_SENSORY_ORGAN_MORPHOGENESIS",-0.0790147767549554,0.0817552105712529,0.160769987326208,-0.0918947288368216,0.413434703489238,1.36978905000426,0.193156833001369,0.46286859796693,4,4,3789,"higher_in_neuropathy","overlap","OIPN_GSE160543",1.30933443318344,0.10413561575739,TRUE,TRUE
"GOBP_SENSORY_PERCEPTION_OF_MECHANICAL_STIMULUS",-0.0129589906771392,0.0010516176522192,0.0140106083293584,-0.234733239661195,0.262754456319912,0.121254525065481,0.905279791116966,0.956793620234919,4,4,3789,"higher_in_neuropathy","overlap","OIPN_GSE160543",0.845716272841943,0.898098368112589,TRUE,TRUE
"GOBP_SENSORY_PERCEPTION_OF_SMELL",0.0834067454851232,-0.163600209412113,-0.247006954897236,-0.52406735857523,0.0300534487807583,-1.91923444754571,0.0763933076386788,0.31433064116034,4,4,3789,"lower_in_neuropathy","overlap","OIPN_GSE160543",-1.04621006867484,0.557871298000969,TRUE,TRUE
"GOBP_SIGNAL_TRANSDUCTION_IN_ABSENCE_OF_LIGAND",-0.0373880236481443,0.0455932355194586,0.0829812591676029,-0.160600385068364,0.32656290340357,0.733379513030412,0.475899000984653,0.697967030988635,4,4,3789,"higher_in_neuropathy","overlap","OIPN_GSE160543",0.839439415386079,0.845390378958446,TRUE,TRUE
"GOBP_SIGNAL_TRANSDUCTION_IN_RESPONSE_TO_DNA_DAMAGE",-0.171724268712431,0.135052549096803,0.306776817809234,0.0947110684247858,0.518842567193683,3.1141915187547,0.00792189343957931,0.126788594208822,4,4,3789,"higher_in_neuropathy","neuropathy_above_control","OIPN_GSE160543",1.842646291906,0.000107222493615356,TRUE,TRUE
"GOBP_SKELETAL_MUSCLE_ADAPTATION",-0.0881266779093473,0.114459316366909,0.202585994276256,-0.127357899172598,0.532529887725111,1.32179052154198,0.208249192503014,0.477533696843175,4,4,3789,"higher_in_neuropathy","overlap","OIPN_GSE160543",0.902621360552323,0.721962517335893,TRUE,TRUE
"GOBP_SKELETAL_MUSCLE_CELL_PROLIFERATION",0.131018502348504,-0.108129253997056,-0.23914775634556,-0.542231984105313,0.0639364714141939,-1.69862020235292,0.112359392269336,0.375092279566974,4,4,3789,"lower_in_neuropathy","overlap","OIPN_GSE160543",-1.04196223121723,0.569361014886247,TRUE,TRUE
"GOBP_SMOOTHENED_SIGNALING_PATHWAY",-0.0218545047938051,0.0465936853080602,0.0684481901018653,-0.185011391555529,0.321907771759259,0.581361899642047,0.570598336617095,0.763912559668602,4,4,3789,"higher_in_neuropathy","overlap","OIPN_GSE160543",0.939102408949359,0.728237884691606,TRUE,TRUE
"GOBP_SNRNA_TRANSCRIPTION",0.0369243078576749,-0.0387979680346328,-0.0757222758923077,-0.367387139734524,0.215942587949909,-0.558898386200731,0.585404236485555,0.774029961465627,4,4,3789,"lower_in_neuropathy","overlap","OIPN_GSE160543",0.752862605989883,0.872768970437605,FALSE,TRUE
"GOBP_SNRNA_TRANSCRIPTION_BY_RNA_POLYMERASE_II",0.030866203745327,-0.0394998125591218,-0.0703660163044488,-0.341452504901023,0.200720472292125,-0.558789714266327,0.585476344565977,0.774029961465627,4,4,3789,"lower_in_neuropathy","overlap","OIPN_GSE160543",0.825041188933325,0.802238982116541,FALSE,TRUE
"GOBP_SPECIFICATION_OF_SYMMETRY",-0.102660830782096,0.134174767224982,0.236835598007079,-0.0508768662922478,0.524548062306405,1.77207302420754,0.0989908125216486,0.35848534380239,4,4,3789,"higher_in_neuropathy","overlap","OIPN_GSE160543",1.32631364657173,0.149644940301429,TRUE,TRUE
"GOBP_SPERM_EGG_RECOGNITION",-0.0254546453246706,-0.011651264483623,0.0138033808410477,-0.334744364861696,0.362351126543791,0.0852543412968041,0.93331347701796,0.971358021722555,4,4,3789,"higher_in_neuropathy","overlap","OIPN_GSE160543",0.826658278622671,0.821372640569983,TRUE,TRUE
"GOBP_SPHINGOMYELIN_METABOLIC_PROCESS",0.0395860900911744,0.0117972686089779,-0.0277888214821965,-0.314182068489504,0.258604425525111,-0.208881831333507,0.837666475910106,0.926150649904696,4,4,3789,"lower_in_neuropathy","overlap","OIPN_GSE160543",0.497720331308243,0.99277643715964,FALSE,TRUE
"GOBP_STEROL_BIOSYNTHETIC_PROCESS",0.202729136212709,-0.212902244627929,-0.415631380840638,-0.667438998933479,-0.163823762747797,-3.55330736476241,0.00335891363418216,0.0935803217640898,4,4,3789,"lower_in_neuropathy","neuropathy_below_control","OIPN_GSE160543",-1.86215899599154,0.00237274032818932,TRUE,TRUE
"GOBP_STEROL_HOMEOSTASIS",0.0308463293436775,-0.00378815971455854,-0.0346344890582361,-0.304900977547479,0.235631999431007,-0.275873444279491,0.786832734354377,0.898255266787808,4,4,3789,"lower_in_neuropathy","overlap","OIPN_GSE160543",1.04650113894299,0.53937247171304,FALSE,TRUE
"GOBP_STORE_OPERATED_CALCIUM_ENTRY",-0.140035694986415,0.156515425821373,0.296551120807788,-0.0499380192097493,0.643040260825325,1.84248199942198,0.0875226112395796,0.339502353228341,4,4,3789,"higher_in_neuropathy","overlap","OIPN_GSE160543",1.10843311566643,0.501046690932563,TRUE,TRUE
"GOBP_STRIATED_MUSCLE_ADAPTATION",-0.0793530591311286,0.118269426595819,0.197622485726948,-0.0666242562966777,0.461869227750573,1.60997831713793,0.130580937074537,0.39517790753038,4,4,3789,"higher_in_neuropathy","overlap","OIPN_GSE160543",1.11603806532101,0.463856359065255,TRUE,TRUE
"GOBP_STRIATUM_DEVELOPMENT",-0.0372725183164118,0.0122665643473473,0.0495390826637591,-0.249652324943533,0.348730490271051,0.356444694011606,0.727029361475492,0.86273543709071,4,4,3789,"higher_in_neuropathy","overlap","OIPN_GSE160543",0.705933398037321,0.917080534142636,TRUE,TRUE
"GOBP_SUBPALLIUM_DEVELOPMENT",-0.00346358875941027,0.028059256446483,0.0315228452058932,-0.267449225932819,0.330494916344606,0.226980265807243,0.823847941664249,0.917629456986972,4,4,3789,"higher_in_neuropathy","overlap","OIPN_GSE160543",0.658133011376106,0.951094812462342,TRUE,TRUE
"GOBP_SULFUR_COMPOUND_BIOSYNTHETIC_PROCESS",0.162748668872662,-0.147864622948746,-0.310613291821408,-0.554439289711601,-0.0667872939312138,-2.74241601760981,0.0163385176230591,0.167315252091272,4,4,3789,"lower_in_neuropathy","neuropathy_below_control","OIPN_GSE160543",-1.71209948114127,0.00440502016196536,TRUE,TRUE
"GOBP_SULFUR_COMPOUND_TRANSPORT",-0.00304150571833392,0.0138544920733243,0.0168959977916582,-0.30114387631999,0.334935871903307,0.114365644600935,0.910635268092487,0.95985351055406,4,4,3789,"higher_in_neuropathy","overlap","OIPN_GSE160543",0.992708210302077,0.634031429187645,TRUE,TRUE
"GOBP_SYNAPSE_PRUNING",0.0880225421163315,-0.118582441188443,-0.206604983304775,-0.596985986662735,0.183776020053186,-1.13931922939315,0.274427810882869,0.537645799087481,4,4,3789,"lower_in_neuropathy","overlap","OIPN_GSE160543",-1.13797527232833,0.473944490787527,TRUE,TRUE
"GOBP_T_CELL_ACTIVATION",-0.0859782318218382,0.0849129592593885,0.170891191081227,-0.0742962646816593,0.416078646844112,1.50042655063322,0.156577334280096,0.43147726408842,4,4,3789,"higher_in_neuropathy","overlap","OIPN_GSE160543",1.50403967805238,0.000976940907765649,TRUE,TRUE
"GOBP_T_CELL_DIFFERENTIATION",-0.129514059789344,0.113035342905123,0.242549402694467,-0.00630419683088801,0.491403002219822,2.09821309646296,0.0552715373580964,0.276598319779557,4,4,3789,"higher_in_neuropathy","overlap","OIPN_GSE160543",1.54359519458269,0.00317116473213353,TRUE,TRUE
"GOBP_T_CELL_DIFFERENTIATION_IN_THYMUS",0.0173229500664181,-0.00295247143270397,-0.020275421499122,-0.29619844606458,0.255647603066336,-0.158188628366044,0.876655322086191,0.941512935578584,4,4,3789,"lower_in_neuropathy","overlap","OIPN_GSE160543",-0.858996846346144,0.837141905088182,TRUE,TRUE
"GOBP_T_CELL_MEDIATED_CYTOTOXICITY",0.0818748222000925,-0.101925870953972,-0.183800693154065,-0.470919402863181,0.103318016555051,-1.37809438170488,0.190638311189454,0.460449730821714,4,4,3789,"lower_in_neuropathy","overlap","OIPN_GSE160543",-1.01174037196612,0.59375957257815,TRUE,TRUE
"GOBP_T_CELL_PROLIFERATION",-0.0627931409222672,0.085016696264575,0.147809837186842,-0.114152807070397,0.409772481444081,1.21466714327893,0.245359466263575,0.51080605366631,4,4,3789,"higher_in_neuropathy","overlap","OIPN_GSE160543",1.51243645907442,0.0280211789528332,TRUE,TRUE
"GOBP_T_CELL_SELECTION",-0.0685414662931581,0.0608467754502529,0.129388241743411,-0.156690038600506,0.415466522087327,0.973650823909448,0.347392796940062,0.597761720075338,4,4,3789,"higher_in_neuropathy","overlap","OIPN_GSE160543",-0.988489683622788,0.632820533245034,FALSE,TRUE
"GOBP_T_HELPER_1_CELL_DIFFERENTIATION",-0.0103628504137609,0.00683962051470039,0.0172024709284613,-0.304902172864043,0.339307114720966,0.114970695190387,0.910164711014514,0.95985351055406,4,4,3789,"higher_in_neuropathy","overlap","OIPN_GSE160543",-0.838273887739273,0.820527209786573,FALSE,TRUE
"GOBP_T_HELPER_1_TYPE_IMMUNE_RESPONSE",-0.0115627765941619,0.0231600378666887,0.0347228144608506,-0.251649747066989,0.32109537598869,0.261021827785762,0.798024294491052,0.905032640474887,4,4,3789,"higher_in_neuropathy","overlap","OIPN_GSE160543",-0.740397444304877,0.941996268502718,FALSE,TRUE
"GOBP_TAXIS",-0.0404071060308823,0.0525049954595974,0.0929121014904797,-0.162323775223852,0.348147978204811,0.783653132513262,0.446806052236002,0.679080678669159,4,4,3789,"higher_in_neuropathy","overlap","OIPN_GSE160543",1.36490709865497,0.0300589040280835,TRUE,TRUE
"GOBP_TELOMERE_MAINTENANCE_VIA_TELOMERE_LENGTHENING",0.0311606371666345,-0.0244613063009368,-0.0556219434675713,-0.340596838784041,0.229352951848898,-0.420177572291406,0.680981675565826,0.830727485099457,4,4,3789,"lower_in_neuropathy","overlap","OIPN_GSE160543",-1.09748659363273,0.468862802180253,TRUE,TRUE
"GOBP_TIGHT_JUNCTION_ORGANIZATION",-0.212540992615771,0.17924017920556,0.391781171821331,0.113382300321746,0.670180043320916,3.02948914911185,0.00934747351060414,0.130947724361422,4,4,3789,"higher_in_neuropathy","overlap","OIPN_GSE160543",1.93587317482608,0.00192895733627799,TRUE,TRUE
"GOBP_TISSUE_REMODELING",-0.0753675624046478,0.0927659050309555,0.168133467435603,-0.108607216487342,0.444874151358549,1.30789979168493,0.2127906426478,0.481059582399606,4,4,3789,"higher_in_neuropathy","overlap","OIPN_GSE160543",1.61275993042956,0.00968032331612434,TRUE,TRUE
"GOBP_TOOTH_MINERALIZATION",-0.116092831781868,0.123547219137376,0.239640050919244,-0.128281670295755,0.607561772134242,1.40215907075788,0.183492710479068,0.455035873893476,4,4,3789,"higher_in_neuropathy","overlap","OIPN_GSE160543",1.47745635979496,0.148614567358281,TRUE,TRUE
"GOBP_TRANSCRIPTION_INITIATION_AT_RNA_POLYMERASE_II_PROMOTER",-0.0360576407306308,-0.00722255553221562,0.0288350851984152,-0.21144599885007,0.269116169246901,0.258341970151502,0.800048743010246,0.906703676980114,4,4,3789,"higher_in_neuropathy","overlap","OIPN_GSE160543",-0.835107625292222,0.920747507211832,FALSE,TRUE
"GOBP_TRANSEPITHELIAL_TRANSPORT",-0.113305209301168,0.0992051732592506,0.212510382560419,-0.0445315539112837,0.469552319032122,1.77979293979171,0.0976711368311002,0.356210093788108,4,4,3789,"higher_in_neuropathy","overlap","OIPN_GSE160543",1.37547448285149,0.213087088674508,TRUE,TRUE
"GOBP_TRICARBOXYLIC_ACID_CYCLE",0.247309095063124,-0.283551106186869,-0.530860201249994,-0.837829064092829,-0.223891338407159,-3.72288098705926,0.00241530821500966,0.0855289983801084,4,4,3789,"lower_in_neuropathy","neuropathy_below_control","OIPN_GSE160543",-1.82161395786111,0.0157563114519795,TRUE,TRUE
"GOBP_TRIGLYCERIDE_CATABOLIC_PROCESS",-0.00265213789274726,0.0602334933013543,0.0628856311941015,-0.215429196624419,0.341200459012622,0.48641660295261,0.634490850877447,0.807011021810892,4,4,3789,"higher_in_neuropathy","overlap","OIPN_GSE160543",1.26142803280078,0.329730959503548,TRUE,TRUE
"GOBP_TRNA_WOBBLE_BASE_MODIFICATION",-0.0795390039821141,0.0687927434435233,0.148331747425637,-0.211361697608502,0.508025192459777,0.887758625235947,0.39024868179183,0.63136304667346,4,4,3789,"higher_in_neuropathy","overlap","OIPN_GSE160543",0.833138162264154,0.812151253408841,TRUE,TRUE
"GOBP_TRNA_WOBBLE_URIDINE_MODIFICATION",-0.217498432191654,0.115990222377445,0.333488654569099,-0.101851780043668,0.768829089181867,1.64909383475356,0.12224571480502,0.384070492036666,4,4,3789,"higher_in_neuropathy","overlap","OIPN_GSE160543",1.20573624693823,0.403219693106801,TRUE,TRUE
"GOBP_TUMOR_NECROSIS_FACTOR_SUPERFAMILY_CYTOKINE_PRODUCTION",-0.0778614912185912,0.0788301633161802,0.156691654534771,-0.0956251616179016,0.409008470687444,1.33688170907751,0.20340432204975,0.47427629307477,4,4,3789,"higher_in_neuropathy","overlap","OIPN_GSE160543",1.66682856110192,0.00200464471068895,TRUE,TRUE
"GOBP_TYROSINE_PHOSPHORYLATION_OF_STAT_PROTEIN",0.160959166945373,-0.10813702003168,-0.269096186977053,-0.60789171297517,0.0696993390210635,-1.70987037689226,0.110213891944738,0.372032769569477,4,4,3789,"lower_in_neuropathy","overlap","OIPN_GSE160543",-1.1241364625631,0.463138497983933,TRUE,TRUE
"GOBP_VACUOLAR_LOCALIZATION",0.066435071945348,-0.0760268315753598,-0.142461903520708,-0.397581779489959,0.112657972448543,-1.20211982303691,0.250026544984909,0.513953688655566,4,4,3789,"lower_in_neuropathy","overlap","OIPN_GSE160543",-1.02356785081617,0.572918152450786,TRUE,TRUE
"GOBP_VIRAL_TRANSLATION",0.0660077048449027,-0.199630630617359,-0.265638335462261,-0.675293824926151,0.144017154001628,-1.39593527611819,0.185319263951938,0.457654316818556,4,4,3789,"lower_in_neuropathy","overlap","OIPN_GSE160543",-0.881090669868903,0.752977731325679,TRUE,TRUE
"GOBP_VIRION_ASSEMBLY",0.206334874547371,-0.139844279471,-0.346179154018371,-0.605662282374253,-0.0866960256624891,-2.87200438077826,0.0127058056363993,0.14997600484834,4,4,3789,"lower_in_neuropathy","neuropathy_below_control","OIPN_GSE160543",-1.60309010087723,0.0756841972187105,TRUE,TRUE
"GOBP_VITAMIN_TRANSMEMBRANE_TRANSPORT",-0.16520243393896,0.198515937860347,0.363718371799307,0.0179053131504812,0.709531430448132,2.26421237695305,0.040653699508534,0.243896347517671,4,4,3789,"higher_in_neuropathy","overlap","OIPN_GSE160543",1.74222603059199,0.0508429999293288,TRUE,TRUE
"GOBP_WNT_SIGNALING_PATHWAY",-0.085098337014619,0.10535750507754,0.190455842092159,-0.049603403289268,0.430515087473587,1.70792648494178,0.110582013786313,0.372032769569477,4,4,3789,"higher_in_neuropathy","overlap","OIPN_GSE160543",1.56402243217279,0.000636425828259828,TRUE,TRUE
"GOBP_WOUND_HEALING",-0.0739157599565902,0.0941445844580371,0.168060344414627,-0.087130984788521,0.423251673617775,1.41772711676331,0.178988822096584,0.450623685663758,4,4,3789,"higher_in_neuropathy","overlap","OIPN_GSE160543",1.77077339610423,3.00936496760977e-06,TRUE,TRUE
"GOBP_ACTIVATION_OF_GTPASE_ACTIVITY",0.0769200389001367,-0.0867110974219297,-0.163631136322066,-0.540393669742264,0.213131397098131,-0.915834044525799,0.372476879928778,0.525089965846189,3,3,3537,"lower_in_neuropathy","overlap","NC_GSE246156",-0.820651775414403,0.830819711394527,TRUE,TRUE
"GOBP_ACTIVATION_OF_IMMUNE_RESPONSE",-0.201632695846992,0.181862343017015,0.383495038864007,0.081837982533981,0.685152095194034,2.68080242135597,0.0157289366803243,0.0551492319237753,3,3,3537,"higher_in_neuropathy","neuropathy_above_control","NC_GSE246156",1.98634788130895,4.84520547945206e-09,TRUE,TRUE
"GOBP_ADAPTIVE_IMMUNE_RESPONSE",-0.273252721820349,0.226345470287723,0.499598192108072,0.190755399221096,0.808440984995049,3.41115876200621,0.00329987350546837,0.0194427793284846,3,3,3537,"higher_in_neuropathy","neuropathy_above_control","NC_GSE246156",2.05803498375079,4.84520547945206e-09,TRUE,TRUE
"GOBP_ADAPTIVE_IMMUNE_RESPONSE_BASED_ON_SOMATIC_RECOMBINATION_OF_IMMUNE_RECEPTORS_BUILT_FROM_IMMUNOGLOBULIN_SUPERFAMILY_DOMAINS",-0.261497173941187,0.232331483869977,0.493828657811164,0.190933431336005,0.796723884286322,3.43797255967128,0.00311322605752077,0.0186631324057655,3,3,3537,"higher_in_neuropathy","neuropathy_above_control","NC_GSE246156",2.0290284229025,2.01587631879355e-08,TRUE,TRUE
"GOBP_ALCOHOL_CATABOLIC_PROCESS",0.217581515113569,-0.211116056727677,-0.428697571841246,-0.712400211623238,-0.144994932059253,-3.18644328292712,0.00536671784713448,0.0265483650703701,3,3,3537,"lower_in_neuropathy","neuropathy_below_control","NC_GSE246156",-1.65007865015989,0.0486979753527814,TRUE,TRUE
"GOBP_AMELOGENESIS",-0.00528381052598167,-0.0185111445263244,-0.0132273340003427,-0.392437136033192,0.365982468032507,-0.0735548494760036,0.942217328200371,0.96794153059678,3,3,3537,"lower_in_neuropathy","overlap","NC_GSE246156",-0.755893882674584,0.878916692972282,TRUE,TRUE
"GOBP_AMP_METABOLIC_PROCESS",-0.0673902914128733,0.0717686881361154,0.139158979548989,-0.247646016442538,0.525963975540515,0.758643439289366,0.458385658954972,0.609887080370925,3,3,3537,"higher_in_neuropathy","overlap","NC_GSE246156",-1.36825457774286,0.226995755394098,FALSE,TRUE
"GOBP_AMYLOID_BETA_CLEARANCE",0.0130682339691459,0.0503011765931664,0.0372329426240205,-0.276147917363278,0.350613802611319,0.250537903475216,0.805153913877764,0.879456548018997,3,3,3537,"higher_in_neuropathy","overlap","NC_GSE246156",1.25450896057258,0.269653653421264,TRUE,TRUE
"GOBP_AMYLOID_BETA_METABOLIC_PROCESS",-0.00662719671562452,-0.00379033896736899,0.00283685774825554,-0.273307855450395,0.278981570946906,0.0216630385120148,0.982967279429392,0.990163497133354,3,3,3537,"higher_in_neuropathy","overlap","NC_GSE246156",-1.05387098633847,0.555666880224225,FALSE,TRUE
"GOBP_AMYLOID_FIBRIL_FORMATION",-0.0645831529736109,0.0953914350432071,0.159974588016818,-0.127781034213427,0.447730210247063,1.17231879691124,0.257127510178772,0.403487135537851,3,3,3537,"higher_in_neuropathy","overlap","NC_GSE246156",1.08193982119191,0.495031554645001,TRUE,TRUE
"GOBP_ANATOMICAL_STRUCTURE_MATURATION",0.0961646884232434,-0.0836206727124324,-0.179785361135676,-0.453243788142868,0.0936730658715163,-1.38637769106251,0.183426071563276,0.316631534953298,3,3,3537,"lower_in_neuropathy","neuropathy_below_control","NC_GSE246156",-0.904667979797762,0.801401853119755,TRUE,TRUE
"GOBP_ANGIOTENSIN_ACTIVATED_SIGNALING_PATHWAY",0.316931992007285,-0.265020827599274,-0.581952819606559,-0.880326985796534,-0.283578653416585,-4.11287115217561,0.0007169804388449,0.0075474994410548,3,3,3537,"lower_in_neuropathy","neuropathy_below_control","NC_GSE246156",-1.7947872767755,0.014610188441277,TRUE,TRUE
"GOBP_ANIMAL_ORGAN_FORMATION",0.085714793696625,-0.0684524768004843,-0.154167270497109,-0.464173376618436,0.155838835624218,-1.04867395288929,0.308910390041968,0.457352888061298,3,3,3537,"lower_in_neuropathy","overlap","NC_GSE246156",-0.762832261140165,0.905730597445772,TRUE,TRUE
"GOBP_ANIMAL_ORGAN_MATURATION",0.199714404528983,-0.14789904135586,-0.347613445884843,-0.633384127336658,-0.0618427644330281,-2.56505949190172,0.0200031709869875,0.0647904906419183,3,3,3537,"lower_in_neuropathy","neuropathy_below_control","NC_GSE246156",-1.85034931762338,0.00783802189225306,TRUE,TRUE
"GOBP_ANTIGEN_PROCESSING_AND_PRESENTATION",-0.261266630216857,0.221657223154359,0.482923853371216,0.163116759539997,0.802730947202436,3.18426431795752,0.00539199008591732,0.0266118211105858,3,3,3537,"higher_in_neuropathy","neuropathy_above_control","NC_GSE246156",2.09720747269698,1.86036454643381e-05,TRUE,TRUE
"GOBP_ANTIGEN_PROCESSING_AND_PRESENTATION_OF_EXOGENOUS_ANTIGEN",-0.390910083672567,0.293137401468673,0.68404748514124,0.305961534830021,1.06213343545246,3.81517318628363,0.00136979949225719,0.0111750534500837,3,3,3537,"higher_in_neuropathy","neuropathy_above_control","NC_GSE246156",1.98874148422389,0.00215302638345392,TRUE,TRUE
"GOBP_ANTIGEN_PROCESSING_AND_PRESENTATION_OF_EXOGENOUS_PEPTIDE_ANTIGEN",-0.396665636748124,0.279873714689861,0.676539351437986,0.274356896109319,1.07872180676665,3.54722296477161,0.00245504280373192,0.0160508066484285,3,3,3537,"higher_in_neuropathy","overlap","NC_GSE246156",2.0829141312221,0.000912399135786786,TRUE,TRUE
"GOBP_ANTIGEN_PROCESSING_AND_PRESENTATION_OF_EXOGENOUS_PEPTIDE_ANTIGEN_VIA_MHC_CLASS_II",-0.384838873297711,0.28903587009143,0.673874743389141,0.261571284142963,1.08617820263532,3.44651955306622,0.00305595955915945,0.0184768016423025,3,3,3537,"higher_in_neuropathy","overlap","NC_GSE246156",2.10868298564994,0.000582062655603693,TRUE,TRUE
"GOBP_ANTIGEN_PROCESSING_AND_PRESENTATION_OF_PEPTIDE_ANTIGEN",-0.332572994324978,0.258166792881288,0.590739787206265,0.222814211308956,0.958665363103575,3.38574924049724,0.00348695387473974,0.0201931906020691,3,3,3537,"higher_in_neuropathy","overlap","NC_GSE246156",2.12845583747426,0.000114685572679273,TRUE,TRUE
"GOBP_ANTIGEN_PROCESSING_AND_PRESENTATION_OF_PEPTIDE_OR_POLYSACCHARIDE_ANTIGEN_VIA_MHC_CLASS_II",-0.360904832948608,0.277410917414474,0.638315750363082,0.285426259356744,0.99120524136942,3.81430468382164,0.00137239279247203,0.0111750534500837,3,3,3537,"higher_in_neuropathy","neuropathy_above_control","NC_GSE246156",2.27068551527303,7.57790036593418e-05,TRUE,TRUE
"GOBP_ANTIGEN_RECEPTOR_MEDIATED_SIGNALING_PATHWAY",-0.174716857660987,0.180202122975926,0.354918980636913,0.0145714542622513,0.695266507011575,2.19899971364579,0.0419066478503208,0.111112303932972,3,3,3537,"higher_in_neuropathy","overlap","NC_GSE246156",1.95952596014858,4.89800723507295e-06,TRUE,TRUE
"GOBP_APICAL_PROTEIN_LOCALIZATION",0.0586421038619373,-0.0157465379230232,-0.0743886417849605,-0.488508749149342,0.339731465579421,-0.37879030700316,0.709501007590409,0.814245640443633,3,3,3537,"lower_in_neuropathy","overlap","NC_GSE246156",-1.13153157609778,0.480730384161174,TRUE,TRUE
"GOBP_APOPTOTIC_CELL_CLEARANCE",-0.0429893174977134,0.124912886506475,0.167902204004188,-0.143263702666356,0.479068110674732,1.13784455610713,0.270862310785551,0.418906861936376,3,3,3537,"higher_in_neuropathy","overlap","NC_GSE246156",1.63090183388464,0.0390783328093216,TRUE,TRUE
"GOBP_APPENDAGE_DEVELOPMENT",-0.00771852652723003,0.00565552991339524,0.0133740564406253,-0.292705304326367,0.319453417207618,0.0921398820144474,0.927656697748012,0.960234632699654,3,3,3537,"higher_in_neuropathy","overlap","NC_GSE246156",-0.835267023252315,0.889064903992246,FALSE,TRUE
"GOBP_APPENDAGE_MORPHOGENESIS",-0.00130714512889828,0.00588716288375296,0.00719430801265124,-0.322074954095987,0.33646357012129,0.0460740493240699,0.963784508562533,0.980020484800296,3,3,3537,"higher_in_neuropathy","overlap","NC_GSE246156",-0.808656186438723,0.905798116405884,FALSE,TRUE
"GOBP_ARF_PROTEIN_SIGNAL_TRANSDUCTION",0.0895923347338731,-0.00502396367598547,-0.0946162984098586,-0.45052083638112,0.261288239561403,-0.560597263962401,0.582336427759314,0.714189994793584,3,3,3537,"lower_in_neuropathy","overlap","NC_GSE246156",-0.853761001605531,0.791254304509065,TRUE,TRUE
"GOBP_ASYMMETRIC_CELL_DIVISION",-0.272509607590426,0.304062634314135,0.57657224190456,0.251061815665423,0.902082668143698,3.73514419372782,0.00163063678836199,0.0123210305674299,3,3,3537,"higher_in_neuropathy","neuropathy_above_control","NC_GSE246156",1.02137812147897,0.590390790834377,TRUE,TRUE
"GOBP_ATP_SYNTHESIS_COUPLED_ELECTRON_TRANSPORT",0.477771923002886,-0.406077184288758,-0.883849107291644,-1.24304823990757,-0.524649974675722,-5.18873384421667,7.2390509877212e-05,0.0024155210701481,3,3,3537,"lower_in_neuropathy","neuropathy_below_control","NC_GSE246156",-2.08878238810437,2.61072460405424e-05,TRUE,TRUE
"GOBP_ATP_TRANSPORT",-0.066044134285517,0.106861154009091,0.172905288294608,-0.102186224979697,0.447996801568913,1.32540812872518,0.202455500323907,0.339698816245569,3,3,3537,"higher_in_neuropathy","overlap","NC_GSE246156",0.845514679455591,0.801895180530956,TRUE,TRUE
"GOBP_ATRIOVENTRICULAR_VALVE_DEVELOPMENT",0.0410441959419458,-0.0118182480511795,-0.0528624439931253,-0.36792183863055,0.262196950644299,-0.353812644535148,0.727799880298444,0.828083051818915,3,3,3537,"lower_in_neuropathy","overlap","NC_GSE246156",-0.710002569388479,0.930791932797467,TRUE,TRUE
"GOBP_AXON_ENSHEATHMENT_IN_CENTRAL_NERVOUS_SYSTEM",0.110803598882164,-0.0766206815274963,-0.18742428040966,-0.52045770137218,0.14560914055286,-1.1867427286257,0.251539562774438,0.398430556889023,3,3,3537,"lower_in_neuropathy","overlap","NC_GSE246156",-1.02606717229031,0.60254229158371,TRUE,TRUE
"GOBP_B_CELL_ACTIVATION",-0.2439807884369,0.225347143559821,0.469327931996721,0.169848678958117,0.768807185035325,3.30467082665439,0.004156839178126,0.0226544532712352,3,3,3537,"higher_in_neuropathy","neuropathy_above_control","NC_GSE246156",2.11610577779701,4.84520547945206e-09,TRUE,TRUE
"GOBP_B_CELL_DIFFERENTIATION",-0.24237573518186,0.21832165650509,0.46069739168695,0.157404253799138,0.763990529574762,3.2031089792097,0.00517723352779297,0.0261225035489354,3,3,3537,"higher_in_neuropathy","neuropathy_above_control","NC_GSE246156",1.94239138786195,4.36544868312789e-05,TRUE,TRUE
"GOBP_B_CELL_HOMEOSTASIS",-0.276465959432475,0.291912725415295,0.56837868484777,0.2692973372258,0.86746003246974,4.00743973246236,0.000901471950215587,0.0085943565711928,3,3,3537,"higher_in_neuropathy","neuropathy_above_control","NC_GSE246156",1.49587160744477,0.107956565297482,TRUE,TRUE
"GOBP_B_CELL_MEDIATED_IMMUNITY",-0.306318538130765,0.268255043248818,0.574573581379582,0.28350815503896,0.865639007720205,4.16268528343803,0.000643561681851852,0.00714616525480441,3,3,3537,"higher_in_neuropathy","neuropathy_above_control","NC_GSE246156",2.06876009935529,1.6765074789613e-05,TRUE,TRUE
"GOBP_B_CELL_PROLIFERATION",-0.269352112570497,0.25278726104745,0.522139373617948,0.189768867737658,0.854509879498237,3.31270308044141,0.00408517064827193,0.0225008919552542,3,3,3537,"higher_in_neuropathy","overlap","NC_GSE246156",2.06091565351884,9.26296973258777e-05,TRUE,TRUE
"GOBP_B_CELL_RECEPTOR_SIGNALING_PATHWAY",-0.259346038471489,0.259460425780677,0.518806464252166,0.172161419580635,0.865451508923697,3.15601405202421,0.00573040969853623,0.0276257166082066,3,3,3537,"higher_in_neuropathy","overlap","NC_GSE246156",2.10057787078404,0.000104272745765035,TRUE,TRUE
"GOBP_BICELLULAR_TIGHT_JUNCTION_ASSEMBLY",0.223306418213535,-0.209710972073762,-0.433017390287297,-0.714487466877896,-0.151547313696698,-3.24408072683475,0.00473890224016281,0.0243711680246955,3,3,3537,"lower_in_neuropathy","neuropathy_below_control","NC_GSE246156",-0.772545391933873,0.89620398362164,TRUE,TRUE
"GOBP_BILE_ACID_BIOSYNTHETIC_PROCESS",0.269530737619083,-0.203755140446646,-0.473285878065728,-0.761612282987045,-0.184959473144412,-3.46144691075709,0.00295843711588586,0.0181037925240282,3,3,3537,"lower_in_neuropathy","neuropathy_below_control","NC_GSE246156",-1.2109771741637,0.362546629154944,TRUE,TRUE
"GOBP_BILE_ACID_METABOLIC_PROCESS",0.282481505005191,-0.229923278015272,-0.512404783020463,-0.797088755580618,-0.227720810460309,-3.79549744449684,0.00142977269694914,0.0114414163554505,3,3,3537,"lower_in_neuropathy","neuropathy_below_control","NC_GSE246156",-1.34141456389438,0.222015542328042,TRUE,TRUE
"GOBP_BLASTOCYST_FORMATION",-0.0274514268365794,0.0209178759390394,0.0483693027756188,-0.230679614024712,0.32741821957595,0.365517379975627,0.719203001999509,0.821913091461151,3,3,3537,"higher_in_neuropathy","overlap","NC_GSE246156",0.744965354059646,0.944567424800183,TRUE,TRUE
"GOBP_BONE_MATURATION",0.223484713583756,-0.169062361949604,-0.39254707553336,-0.675057424124114,-0.110036726942606,-2.93005606911447,0.00929730941412495,0.0385516804194138,3,3,3537,"lower_in_neuropathy","neuropathy_below_control","NC_GSE246156",-1.82662681750957,0.0125265314343392,TRUE,TRUE
"GOBP_BONE_MORPHOGENESIS",0.0475417708374412,-0.0310228646542512,-0.0785646354916924,-0.409406742685347,0.252277471701962,-0.500754507735553,0.622921694532551,0.75120151161324,3,3,3537,"lower_in_neuropathy","overlap","NC_GSE246156",-0.961751251899273,0.691531623662681,TRUE,TRUE
"GOBP_C4_DICARBOXYLATE_TRANSPORT",0.128790106053107,-0.185086102169878,-0.313876208222985,-0.64787055857101,0.0201181421250403,-1.98169960447284,0.0638070221870666,0.150356720503434,3,3,3537,"lower_in_neuropathy","overlap","NC_GSE246156",-1.38491205006824,0.21343988669547,TRUE,TRUE
"GOBP_CAMERA_TYPE_EYE_MORPHOGENESIS",0.0532979016373952,-0.112364164322967,-0.165662065960362,-0.447089931108381,0.115765799187656,-1.24129361856188,0.23123971121587,0.376563010391589,3,3,3537,"lower_in_neuropathy","overlap","NC_GSE246156",-1.21097867509787,0.287887109307221,TRUE,TRUE
"GOBP_CARBOHYDRATE_CATABOLIC_PROCESS",0.111128732536149,-0.101225031210344,-0.212353763746493,-0.493000682479793,0.0682931549868071,-1.59557870045221,0.128879196655367,0.246547947861847,3,3,3537,"lower_in_neuropathy","neuropathy_below_control","NC_GSE246156",-1.61789225519985,0.00553087511377568,TRUE,TRUE
"GOBP_CARDIAC_ATRIUM_DEVELOPMENT",0.0511796672368808,0.066408284019006,0.0152286167821252,-0.361762580822988,0.392219814387239,0.0851819923973033,0.933105122621422,0.962859705040639,3,3,3537,"higher_in_neuropathy","overlap","NC_GSE246156",-0.806829941849316,0.846962392093683,FALSE,TRUE
"GOBP_CARDIAC_ATRIUM_MORPHOGENESIS",0.0411519577301866,0.0265778245308418,-0.0145741331993448,-0.382973402367734,0.353825135969044,-0.0834223693135375,0.9344835603104,0.963562882101971,3,3,3537,"lower_in_neuropathy","overlap","NC_GSE246156",-0.999806167563531,0.632169240852721,TRUE,TRUE
"GOBP_CARDIAC_CELL_DEVELOPMENT",0.0988051500110097,-0.111116129577683,-0.209921279588693,-0.493164557770642,0.0733219985932566,-1.56284316828811,0.136387849807846,0.256327449500131,3,3,3537,"lower_in_neuropathy","overlap","NC_GSE246156",-1.60649773985652,0.0210073620526277,TRUE,TRUE
"GOBP_CARDIAC_MUSCLE_CELL_DIFFERENTIATION",0.0756191726089975,-0.092962965402169,-0.168582138011167,-0.454859288947741,0.117695012925408,-1.24177644286903,0.231065860536283,0.376453223729541,3,3,3537,"lower_in_neuropathy","overlap","NC_GSE246156",-1.41407111811153,0.0933768024492276,TRUE,TRUE
"GOBP_CD8_POSITIVE_ALPHA_BETA_T_CELL_ACTIVATION",-0.371017294934009,0.322101401879126,0.693118696813135,0.342364270679728,1.04387312294654,4.16699519653717,0.000637577885642882,0.00711392107734661,3,3,3537,"higher_in_neuropathy","neuropathy_above_control","NC_GSE246156",1.38147796993712,0.171675694565787,TRUE,TRUE
"GOBP_CD8_POSITIVE_ALPHA_BETA_T_CELL_DIFFERENTIATION",-0.445963079044301,0.395927876917681,0.841890955961982,0.520755030448466,1.1630268814755,5.5282222820276,3.59644004593288e-05,0.00175647093396831,3,3,3537,"higher_in_neuropathy","neuropathy_above_control","NC_GSE246156",1.28369140768212,0.263469820060988,TRUE,TRUE
"GOBP_CELL_ADHESION_MEDIATED_BY_INTEGRIN",-0.085777060671332,0.159853148140767,0.245630208812099,-0.0812627792191337,0.572523196843332,1.58450902923732,0.131378226638583,0.249607360115283,3,3,3537,"higher_in_neuropathy","overlap","NC_GSE246156",1.62834303839415,0.0100371479051726,TRUE,TRUE
"GOBP_CELL_FATE_DETERMINATION",0.182355298061652,-0.251683473331345,-0.434038771392997,-0.727087076544283,-0.140990466241711,-3.12325797311721,0.00614892987523539,0.0290188169831241,3,3,3537,"lower_in_neuropathy","neuropathy_below_control","NC_GSE246156",-1.21171591905012,0.361915089257519,TRUE,TRUE
"GOBP_CELL_FATE_SPECIFICATION",0.0459471245594375,-0.0392519654478629,-0.0851990900073004,-0.368294776455376,0.197896596440775,-0.634629491343939,0.534061416856003,0.676687850275483,3,3,3537,"lower_in_neuropathy","overlap","NC_GSE246156",-1.00443391678894,0.62136455193996,TRUE,TRUE
"GOBP_CELL_JUNCTION_DISASSEMBLY",-0.0755643126568988,0.0538333263369427,0.129397638993841,-0.220575519609297,0.47937079759698,0.779668809812964,0.446233069060605,0.598985337862375,3,3,3537,"higher_in_neuropathy","overlap","NC_GSE246156",1.47431305621102,0.104091503745661,TRUE,TRUE
"GOBP_CELL_KILLING",-0.200808598574887,0.214457754319264,0.415266352894151,0.103273969643161,0.727258736145142,2.80673427329101,0.012074606111334,0.0462707278610926,3,3,3537,"higher_in_neuropathy","neuropathy_above_control","NC_GSE246156",2.27175135812645,6.74721491545159e-09,TRUE,TRUE
"GOBP_CELL_PROLIFERATION_IN_FOREBRAIN",-0.124666744431088,0.115861496386097,0.240528240817185,-0.151746483668941,0.63280296530331,1.29298740580685,0.213195458012714,0.353858439695434,3,3,3537,"higher_in_neuropathy","overlap","NC_GSE246156",-0.764916370191901,0.869128170183344,FALSE,TRUE
"GOBP_CELL_VOLUME_HOMEOSTASIS",0.121875561915792,-0.171798658291477,-0.293674220207269,-0.580409148448391,-0.00693929196614579,-2.1597514332457,0.0452646508820927,0.117634878890494,3,3,3537,"lower_in_neuropathy","neuropathy_below_control","NC_GSE246156",-1.1556940852694,0.428532485233985,TRUE,TRUE
"GOBP_CELLULAR_COMPONENT_ASSEMBLY_INVOLVED_IN_MORPHOGENESIS",0.340839419870698,-0.319245175156842,-0.66008459502754,-0.935653979004987,-0.384515211050093,-5.05111408678502,9.64886107943863e-05,0.00273142474885893,3,3,3537,"lower_in_neuropathy","neuropathy_below_control","NC_GSE246156",-2.60311924971289,4.84520547945206e-09,TRUE,TRUE
"GOBP_CELLULAR_COMPONENT_MAINTENANCE",0.104808593655903,-0.135437005354735,-0.240245599010638,-0.549997964920697,0.0695067668994196,-1.63553316200733,0.120191598826891,0.234620242771072,3,3,3537,"lower_in_neuropathy","overlap","NC_GSE246156",0.920347258898011,0.760737324767123,FALSE,TRUE
"GOBP_CELLULAR_HYPEROSMOTIC_RESPONSE",0.349453330430463,-0.304573036085924,-0.654026366516388,-0.950024367726197,-0.358028365306579,-4.65934666772524,0.000220987914614193,0.00404991841445803,3,3,3537,"lower_in_neuropathy","neuropathy_below_control","NC_GSE246156",-1.52812356615,0.100363100372048,TRUE,TRUE
"GOBP_CELLULAR_PIGMENTATION",-0.242854062416853,0.201957433396172,0.444811495813025,0.148991187547299,0.740631804078752,3.17078330791522,0.00555096380683113,0.0271184516364112,3,3,3537,"higher_in_neuropathy","neuropathy_above_control","NC_GSE246156",1.51665256081649,0.0546729256372083,TRUE,TRUE
"GOBP_CELLULAR_RESPIRATION",0.328300847015644,-0.290299357613167,-0.618600204628811,-0.914719419166904,-0.322480990090718,-4.40516334069044,0.000381095618492469,0.00533264830599855,3,3,3537,"lower_in_neuropathy","neuropathy_below_control","NC_GSE246156",-1.93187207101463,1.09888786236941e-07,TRUE,TRUE
"GOBP_CELLULAR_RESPONSE_TO_ANGIOTENSIN",0.0769013683900927,-0.0707225930735436,-0.147623961463636,-0.449517533573847,0.154269610646575,-1.03114926137927,0.316821585599053,0.465945092833202,3,3,3537,"lower_in_neuropathy","overlap","NC_GSE246156",-1.33491921990676,0.226780894781427,TRUE,TRUE
"GOBP_CELLULAR_RESPONSE_TO_BIOTIC_STIMULUS",-0.258899066287069,0.253080239485071,0.51197930577214,0.243483434010571,0.78047517753371,4.02099321543359,0.000875303329120963,0.00843582527275435,3,3,3537,"higher_in_neuropathy","neuropathy_above_control","NC_GSE246156",2.13826253680194,1.11456790437792e-08,TRUE,TRUE
"GOBP_CELLULAR_RESPONSE_TO_INTERLEUKIN_1",-0.260808421614018,0.225424606812534,0.486233028426552,0.207705229974222,0.764760826878883,3.68124273724579,0.00183376890585698,0.0134286555279837,3,3,3537,"higher_in_neuropathy","neuropathy_above_control","NC_GSE246156",1.64124259749686,0.0107778855840395,TRUE,TRUE
"GOBP_CELLULAR_RESPONSE_TO_KETONE",0.0708544603067722,-0.0674749236089863,-0.138329383915758,-0.422447001005997,0.14578823317448,-1.02667934523918,0.318862437526006,0.467915353050885,3,3,3537,"lower_in_neuropathy","overlap","NC_GSE246156",-0.993464564201647,0.635707776667161,TRUE,TRUE
"GOBP_CELLULAR_RESPONSE_TO_MOLECULE_OF_BACTERIAL_ORIGIN",-0.275144419219566,0.274831244606264,0.549975663825829,0.279740792564311,0.820210535087348,4.29161375425152,0.000486866059639717,0.00610654345016198,3,3,3537,"higher_in_neuropathy","neuropathy_above_control","NC_GSE246156",2.15549846248901,3.29873162926834e-08,TRUE,TRUE
"GOBP_CELLULAR_RESPONSE_TO_PH",0.21815101147632,-0.260854040927451,-0.47900505240377,-0.778168438991372,-0.179841665816168,-3.37637129371445,0.00355861942791811,0.0204587065537048,3,3,3537,"lower_in_neuropathy","neuropathy_below_control","NC_GSE246156",-1.31886154154208,0.264201361604555,TRUE,TRUE
"GOBP_CELLULAR_RESPONSE_TO_PROSTAGLANDIN_STIMULUS",0.105592968985538,-0.132208650198797,-0.237801619184335,-0.516687616119942,0.0410843777512718,-1.79807020514673,0.0898267798931197,0.189681982377292,3,3,3537,"lower_in_neuropathy","neuropathy_below_control","NC_GSE246156",-0.874950853417949,0.77528620582205,TRUE,TRUE
"GOBP_CELLULAR_RESPONSE_TO_UNFOLDED_PROTEIN",-0.00165200421902191,-0.00191932076913186,-0.000267316550109947,-0.284144289693016,0.283609656592796,-0.00198570270570615,0.998438598736304,0.998720962593413,3,3,3537,"lower_in_neuropathy","overlap","NC_GSE246156",0.72077032888881,0.998644265725323,FALSE,TRUE
"GOBP_CHOLESTEROL_STORAGE",0.0686477540939141,-0.0391156334354167,-0.107763387529331,-0.460116590719715,0.244589815661053,-0.644928481503052,0.527523691852247,0.671264390743886,3,3,3537,"lower_in_neuropathy","overlap","NC_GSE246156",1.06925425494226,0.527752671856817,FALSE,TRUE
"GOBP_CILIUM_MOVEMENT",-0.040484755856553,0.0134873259579891,0.0539720818145421,-0.249989458183508,0.357933621812592,0.374428656564509,0.712683644744172,0.81710277194818,3,3,3537,"higher_in_neuropathy","overlap","NC_GSE246156",-0.550681666055059,1,FALSE,TRUE
"GOBP_COLLAGEN_FIBRIL_ORGANIZATION",-0.0297716412193395,-0.0193515569946696,0.01042008422467,-0.378903149151963,0.399743317601302,0.056439018630962,0.955645663308863,0.974940499314522,3,3,3537,"higher_in_neuropathy","overlap","NC_GSE246156",-0.963990634419129,0.686993403317662,FALSE,TRUE
"GOBP_CORONARY_VASCULATURE_DEVELOPMENT",0.0477505693579757,-0.0610553333985919,-0.108805902756568,-0.434696676217048,0.217084870703913,-0.704042598937755,0.490874226865636,0.638316963391086,3,3,3537,"lower_in_neuropathy","overlap","NC_GSE246156",-0.641694069819374,0.982317633410673,TRUE,TRUE
"GOBP_CYTOKINE_MEDIATED_SIGNALING_PATHWAY",-0.191041773630906,0.188651469756767,0.379693243387673,0.106659237074058,0.652727249701287,2.93247739552854,0.00924951763334983,0.0383985256680262,3,3,3537,"higher_in_neuropathy","neuropathy_above_control","NC_GSE246156",1.81347786431406,8.59911348264013e-08,TRUE,TRUE
"GOBP_CYTOPLASMIC_TRANSLATION",-0.316050004478041,0.328053690278247,0.644103694756289,0.306645926774401,0.981561462738177,4.02489825677016,0.00086790652630364,0.00841037091379719,3,3,3537,"higher_in_neuropathy","neuropathy_above_control","NC_GSE246156",1.8070265329126,0.000174618635175381,TRUE,TRUE
"GOBP_DECIDUALIZATION",-0.0621677855414999,0.0367559628619566,0.0989237484034564,-0.233564490936939,0.431411987743852,0.627397554926471,0.538678718665134,0.680872127604802,3,3,3537,"higher_in_neuropathy","overlap","NC_GSE246156",1.35947874392053,0.208867643868728,TRUE,TRUE
"GOBP_DEFENSE_RESPONSE_TO_VIRUS",-0.181442522676768,0.140563114253687,0.322005636930455,0.0371486732791306,0.60686260058178,2.3837196659202,0.0289796636998538,0.0838574658419811,3,3,3537,"higher_in_neuropathy","neuropathy_above_control","NC_GSE246156",1.71249272711449,5.66351675377689e-05,TRUE,TRUE
"GOBP_DEFINITIVE_HEMOPOIESIS",-0.00710486000033815,-0.0365054433783735,-0.0294005833780353,-0.376882885643277,0.318081718887206,-0.178419288627012,0.860488363895909,0.915903503791704,3,3,3537,"lower_in_neuropathy","overlap","NC_GSE246156",-0.589272303227636,0.982319518474471,TRUE,TRUE
"GOBP_DENDRITE_EXTENSION",0.0628585034281517,-0.0903790757060552,-0.153237579134207,-0.495142149719718,0.188666991451305,-0.945102521086133,0.357757622848172,0.50962090697301,3,3,3537,"lower_in_neuropathy","overlap","NC_GSE246156",-0.779979813274204,0.872347465666806,TRUE,TRUE
"GOBP_DEVELOPMENTAL_GROWTH_INVOLVED_IN_MORPHOGENESIS",0.0365613173975838,-0.0700864130665547,-0.106647730464138,-0.408067868290664,0.194772407362387,-0.746101476671799,0.465730282900982,0.61650000397484,3,3,3537,"lower_in_neuropathy","overlap","NC_GSE246156",-0.879740744184155,0.839404092678024,TRUE,TRUE
"GOBP_DEVELOPMENTAL_MATURATION",0.0861816015764407,-0.0760313887085221,-0.162212990284963,-0.431511703203983,0.107085722634057,-1.27019353618668,0.221011026655256,0.364266543000765,3,3,3537,"lower_in_neuropathy","neuropathy_below_control","NC_GSE246156",-1.09197769960638,0.441143956841341,TRUE,TRUE
"GOBP_DIENCEPHALON_DEVELOPMENT",0.100642353743857,-0.13868038006262,-0.239322733806477,-0.514445886567498,0.0358004189545433,-1.83432109854026,0.0840500034731414,0.181714463499084,3,3,3537,"lower_in_neuropathy","neuropathy_below_control","NC_GSE246156",-0.828986774245738,0.840960638871231,TRUE,TRUE
"GOBP_EAR_DEVELOPMENT",0.0395846002499967,-0.0774900668555808,-0.117074667105578,-0.412888975374084,0.178739641162929,-0.834569099831532,0.415456756407399,0.567144171135844,3,3,3537,"lower_in_neuropathy","overlap","NC_GSE246156",-0.958143037202869,0.709700657313895,TRUE,TRUE
"GOBP_EAR_MORPHOGENESIS",0.0417890956471295,-0.0846625809369636,-0.126451676584093,-0.425348820787221,0.172445467619035,-0.892116089645094,0.384700764357191,0.538033453353651,3,3,3537,"lower_in_neuropathy","overlap","NC_GSE246156",-0.892198155432646,0.791912152749859,TRUE,TRUE
"GOBP_EATING_BEHAVIOR",0.194778750724312,-0.166173718031348,-0.36095246875566,-0.645132819766236,-0.0767721177450846,-2.67839432431003,0.0158082253495912,0.0551961431999052,3,3,3537,"lower_in_neuropathy","neuropathy_below_control","NC_GSE246156",0.776607513720065,0.885276821577938,FALSE,TRUE
"GOBP_ELECTRON_TRANSPORT_CHAIN",0.418209584792378,-0.360425118241856,-0.778634703034234,-1.12317219734248,-0.434097208725987,-4.76558050855372,0.000176257006277552,0.0035958793611028,3,3,3537,"lower_in_neuropathy","neuropathy_below_control","NC_GSE246156",-1.99383383871162,6.23740669948895e-05,TRUE,TRUE
"GOBP_EMBRYONIC_BRAIN_DEVELOPMENT",-0.11032443961582,0.11261603912795,0.22294047874377,-0.104891977278357,0.550772934765896,1.43402105498397,0.169582659782043,0.300713915099824,3,3,3537,"higher_in_neuropathy","overlap","NC_GSE246156",1.24656961066351,0.332090945650925,TRUE,TRUE
"GOBP_EMBRYONIC_HEART_TUBE_DEVELOPMENT",-0.0130362538954945,0.0162264936442371,0.0292627475397316,-0.241001617876846,0.299527112956309,0.228320474824921,0.822102446959808,0.890862853828689,3,3,3537,"higher_in_neuropathy","overlap","NC_GSE246156",-0.832092444516449,0.855094811366842,FALSE,TRUE
"GOBP_EMBRYONIC_HEART_TUBE_MORPHOGENESIS",-0.0718509833478888,0.0736948748979445,0.145545858245833,-0.131190520308886,0.422282236800553,1.1090525988243,0.282747135733138,0.42975458392289,3,3,3537,"higher_in_neuropathy","overlap","NC_GSE246156",-0.772661010773209,0.907541096525506,FALSE,TRUE
"GOBP_ENDOCHONDRAL_BONE_MORPHOGENESIS",0.0348310083880566,-0.00340883940963196,-0.0382398477976885,-0.362211555802388,0.285731860207011,-0.2489015581323,0.806398913352331,0.880047194238567,3,3,3537,"lower_in_neuropathy","overlap","NC_GSE246156",-0.828650182367779,0.850452735975479,TRUE,TRUE
"GOBP_ENDOCRINE_HORMONE_SECRETION",0.157998089614553,-0.166715889268852,-0.324713978883405,-0.614324874967705,-0.0351030827991055,-2.36431116870471,0.0301381552135632,0.0860889076302506,3,3,3537,"lower_in_neuropathy","neuropathy_below_control","NC_GSE246156",-0.729873422040511,0.933377894994321,TRUE,TRUE
"GOBP_ENDOCRINE_PROCESS",0.110183250650506,-0.132556843779255,-0.242740094429761,-0.544210784612857,0.0587305957533342,-1.69791117680013,0.107628757807872,0.21544024695328,3,3,3537,"lower_in_neuropathy","overlap","NC_GSE246156",-0.892052022293854,0.783603328598342,TRUE,TRUE
"GOBP_ENSHEATHMENT_OF_NEURONS",0.186832991316494,-0.188448170748802,-0.375281162065296,-0.670084622448348,-0.0804777016822449,-2.68437220690875,0.0156120982908928,0.0548906477682783,3,3,3537,"lower_in_neuropathy","neuropathy_below_control","NC_GSE246156",-1.73209753740469,0.000873718990399094,TRUE,TRUE
"GOBP_EPIBOLY",-0.0665725070637109,0.124861675863723,0.191434182927434,-0.134587694633027,0.517456060487895,1.23820139969102,0.232355527995679,0.37774777276451,3,3,3537,"higher_in_neuropathy","overlap","NC_GSE246156",1.2723148400306,0.252906994775266,TRUE,TRUE
"GOBP_EPIDERMIS_DEVELOPMENT",-0.0316275561972295,0.0182664083483069,0.0498939645455364,-0.259914317886324,0.359702246977396,0.339604577860163,0.738285673762776,0.83508680143874,3,3,3537,"higher_in_neuropathy","overlap","NC_GSE246156",1.53063328777037,0.00263030807585569,TRUE,TRUE
"GOBP_ERBB_SIGNALING_PATHWAY",-0.0422633243106471,0.0259501895938549,0.068213513904502,-0.233341316869741,0.369768344678745,0.477004721506901,0.639391999700449,0.764030237479894,3,3,3537,"higher_in_neuropathy","overlap","NC_GSE246156",1.35554951722798,0.0615586504088246,TRUE,TRUE
"GOBP_ERK1_AND_ERK2_CASCADE",-0.0889504505901804,0.0946084064635969,0.183558857053777,-0.0926843914098638,0.459802105517419,1.40120674187887,0.179022552410948,0.312538384934611,3,3,3537,"higher_in_neuropathy","neuropathy_above_control","NC_GSE246156",1.45506283754719,0.00418125372920809,TRUE,TRUE
"GOBP_ESTABLISHMENT_OF_PIGMENT_GRANULE_LOCALIZATION",-0.176839405428314,0.125814674861067,0.302654080289381,-0.0181580001358372,0.623466160714599,1.98936450818453,0.0628851080433995,0.148773513256646,3,3,3537,"higher_in_neuropathy","overlap","NC_GSE246156",0.852908017816964,0.812960649660959,TRUE,TRUE
"GOBP_ESTABLISHMENT_OF_PROTEIN_LOCALIZATION_TO_ORGANELLE",-0.032965335603896,0.0131164066577357,0.0460817422616317,-0.250158442615437,0.3423219271387,0.328022373166346,0.746873079029083,0.840767052999958,3,3,3537,"higher_in_neuropathy","overlap","NC_GSE246156",0.776246443880055,1,TRUE,TRUE
"GOBP_ESTABLISHMENT_OF_TISSUE_POLARITY",-0.0377876673708907,-0.00351615144339789,0.0342715159274928,-0.272243935290583,0.340786967145569,0.235775942120806,0.816404502530248,0.8865995749197,3,3,3537,"higher_in_neuropathy","overlap","NC_GSE246156",1.69682985080314,0.0291797784547802,TRUE,TRUE
"GOBP_ESTABLISHMENT_OR_MAINTENANCE_OF_BIPOLAR_CELL_POLARITY",0.107336076115471,-0.0618757865162617,-0.169211862631733,-0.502471947869342,0.164048222605876,-1.07069568105334,0.299172168434943,0.447326002046663,3,3,3537,"lower_in_neuropathy","overlap","NC_GSE246156",-0.872063849582903,0.793333945313595,TRUE,TRUE
"GOBP_ESTABLISHMENT_OR_MAINTENANCE_OF_MONOPOLAR_CELL_POLARITY",0.190938267162297,-0.163786809585779,-0.354725076748076,-0.643930925795557,-0.0655192277005945,-2.58644569894645,0.019138061975963,0.0630273046638559,3,3,3537,"lower_in_neuropathy","neuropathy_below_control","NC_GSE246156",-0.871064539123732,0.77914185827882,TRUE,TRUE
"GOBP_ESTROGEN_RECEPTOR_SIGNALING_PATHWAY",-0.130868959660952,0.134541827419189,0.265410787080141,-0.0378614098931733,0.568682984053455,1.84545949830717,0.0823420003707563,0.179262396522889,3,3,3537,"higher_in_neuropathy","overlap","NC_GSE246156",-0.709777864440913,0.950524254173158,FALSE,TRUE
"GOBP_EXOCYTOSIS",0.039617617702166,-0.0361382398284832,-0.0757558575306492,-0.349470038440149,0.197958323378851,-0.583629809739852,0.567081192543329,0.703284073641569,3,3,3537,"lower_in_neuropathy","overlap","NC_GSE246156",1.05858681846937,0.435140500489305,FALSE,TRUE
"GOBP_EXTRACELLULAR_MATRIX_ASSEMBLY",0.0331970837230503,-0.0964392842933627,-0.129636368016413,-0.490059904426983,0.230787168394157,-0.758459258768589,0.458493001613314,0.609887080370925,3,3,3537,"lower_in_neuropathy","overlap","NC_GSE246156",-0.814823238082944,0.853973057463513,TRUE,TRUE
"GOBP_EXTRACELLULAR_TRANSPORT",-0.0408035399703801,0.0869090796218921,0.127712619592272,-0.185476752900885,0.440901992085429,0.859894838754709,0.401730534808918,0.554613935058213,3,3,3537,"higher_in_neuropathy","overlap","NC_GSE246156",-0.498008641386335,1,FALSE,TRUE
"GOBP_EXTRACELLULAR_VESICLE_BIOGENESIS",0.0253620753028383,0.00907011754241629,-0.016291957760422,-0.307367419565154,0.27478350404431,-0.118028320168639,0.907419208332335,0.947606064325795,3,3,3537,"lower_in_neuropathy","overlap","NC_GSE246156",1.33882251811457,0.223846743502488,FALSE,TRUE
"GOBP_EYE_MORPHOGENESIS",0.0700321830110921,-0.0957183490762111,-0.165750532087303,-0.467579861249476,0.136078797074869,-1.1580092769502,0.262763369945685,0.410147413723693,3,3,3537,"lower_in_neuropathy","overlap","NC_GSE246156",-1.27998507261546,0.198451682264836,TRUE,TRUE
"GOBP_FATTY_ACID_TRANSMEMBRANE_TRANSPORT",0.0746611029116363,-0.0474276236981219,-0.122088726609758,-0.408386321131462,0.164208867911945,-0.899241643709489,0.381000541446011,0.534337396944703,3,3,3537,"lower_in_neuropathy","overlap","NC_GSE246156",-1.20594514352288,0.392475855165881,TRUE,TRUE
"GOBP_FEEDING_BEHAVIOR",-0.00568351525859268,0.00713545606993968,0.0128189713285324,-0.291758653022293,0.317396595679358,0.0887510964366466,0.930309866030926,0.960779340199404,3,3,3537,"higher_in_neuropathy","overlap","NC_GSE246156",1.08082184017154,0.466698437330132,TRUE,TRUE
"GOBP_FIBRINOLYSIS",-0.221709606146382,0.304949850739637,0.526659456886019,0.171718770396258,0.881600143375781,3.12890694921856,0.00607467603769181,0.0288640260625551,3,3,3537,"higher_in_neuropathy","overlap","NC_GSE246156",1.79822208402503,0.0262714725583405,TRUE,TRUE
"GOBP_FILOPODIUM_ASSEMBLY",0.00879201088934733,-0.0176654539957663,-0.0264574648851136,-0.34754159023458,0.294626660464353,-0.173759252647788,0.86409306596726,0.918910755960974,3,3,3537,"lower_in_neuropathy","overlap","NC_GSE246156",1.09414425696043,0.447342703166838,FALSE,TRUE
"GOBP_FOREBRAIN_DEVELOPMENT",-0.0474695336824115,0.0167655707034494,0.0642351043858609,-0.223578023246695,0.352048232018417,0.47063083827493,0.643845907697975,0.766761944622133,3,3,3537,"higher_in_neuropathy","overlap","NC_GSE246156",-0.915364659938207,0.801895180530956,FALSE,TRUE
"GOBP_G_PROTEIN_COUPLED_DOPAMINE_RECEPTOR_SIGNALING_PATHWAY",0.0707842440178141,-0.0775622311291615,-0.148346475146976,-0.460827995857487,0.164135045563536,-1.00108611522746,0.33072806560957,0.482186796397794,3,3,3537,"lower_in_neuropathy","overlap","NC_GSE246156",-0.98942343493249,0.637959671398716,TRUE,TRUE
"GOBP_G_PROTEIN_COUPLED_RECEPTOR_SIGNALING_PATHWAY_COUPLED_TO_CYCLIC_NUCLEOTIDE_SECOND_MESSENGER",-0.0260076090353945,0.0407046253333048,0.0667122343686994,-0.289279205569676,0.422703674307075,0.395170464268726,0.697598300957125,0.807025785781259,3,3,3537,"higher_in_neuropathy","overlap","NC_GSE246156",1.3214721361307,0.2682316442606,TRUE,TRUE
"GOBP_GLUCOSE_6_PHOSPHATE_METABOLIC_PROCESS",-0.0781037356362049,-0.010686661077846,0.0674170745583589,-0.306575617588916,0.441409766705634,0.380124036953867,0.708528901407308,0.813658027362873,3,3,3537,"higher_in_neuropathy","overlap","NC_GSE246156",-0.852179282011966,0.801895180530956,FALSE,TRUE
"GOBP_GLUCOSE_CATABOLIC_PROCESS",0.262010134517424,-0.230932212476497,-0.492942346993921,-0.819717526824505,-0.166167167163337,-3.18101423084563,0.00542990272810367,0.0266743971518093,3,3,3537,"lower_in_neuropathy","neuropathy_below_control","NC_GSE246156",-1.85818713417844,0.0084180081399304,TRUE,TRUE
"GOBP_GLUTAMATE_SECRETION",0.0868318250435723,-0.128564478250461,-0.215396303294033,-0.507509884343069,0.0767172777550021,-1.55490923344666,0.138262097052763,0.258861566849025,3,3,3537,"lower_in_neuropathy","overlap","NC_GSE246156",-1.22729336994688,0.356257435295546,TRUE,TRUE
"GOBP_GLYCEROLIPID_CATABOLIC_PROCESS",0.247119099992725,-0.208642782124072,-0.455761882116797,-0.742555982785724,-0.168967781447871,-3.35109185375832,0.003759137621962,0.0210380850773411,3,3,3537,"lower_in_neuropathy","neuropathy_below_control","NC_GSE246156",-1.71123621057546,0.0147077780318939,TRUE,TRUE
"GOBP_GLYCOLYTIC_PROCESS_THROUGH_FRUCTOSE_6_PHOSPHATE",0.164000131770018,-0.105743282527501,-0.269743414297519,-0.656321282380521,0.116834453785482,-1.47140561655273,0.159327638870598,0.287374736708468,3,3,3537,"lower_in_neuropathy","overlap","NC_GSE246156",-1.73093167494345,0.0168395859686007,TRUE,TRUE
"GOBP_GLYCOLYTIC_PROCESS_THROUGH_GLUCOSE_6_PHOSPHATE",0.0777884409078036,-0.0529092527052953,-0.130697693613099,-0.53610239388293,0.274707006656732,-0.679825874451561,0.505705685696806,0.650666064135905,3,3,3537,"lower_in_neuropathy","overlap","NC_GSE246156",-1.68023169571286,0.0363714477433748,TRUE,TRUE
"GOBP_GPI_ANCHOR_METABOLIC_PROCESS",-0.266392448573678,0.266926206596212,0.53331865516989,0.248565442787032,0.818071867552748,3.94945062676519,0.00102262771278303,0.00929828848358245,3,3,3537,"higher_in_neuropathy","neuropathy_above_control","NC_GSE246156",0.868702723317712,0.794269270929698,TRUE,TRUE
"GOBP_HEART_FORMATION",0.0969615418420523,-0.0642518341571782,-0.16121337599923,-0.491167017630419,0.168740265631958,-1.03030709992439,0.317205380211216,0.466315639986314,3,3,3537,"lower_in_neuropathy","overlap","NC_GSE246156",-1.04213830000133,0.583928276622503,TRUE,TRUE
"GOBP_HEMOSTASIS",-0.123467055353518,0.14393070396667,0.267397759320188,-0.0280536770903196,0.562849195730696,1.90849138473493,0.0732425711366603,0.166472796936483,3,3,3537,"higher_in_neuropathy","overlap","NC_GSE246156",1.57600540616134,0.00338162977457259,TRUE,TRUE
"GOBP_HETEROTYPIC_CELL_CELL_ADHESION",-0.195622867250781,0.196802852854259,0.39242572010504,0.106306602603563,0.678544837606518,2.89220540138032,0.0100762779438958,0.0406383068273197,3,3,3537,"higher_in_neuropathy","neuropathy_above_control","NC_GSE246156",1.61610303697211,0.0385917739484386,TRUE,TRUE
"GOBP_HOMEOSTASIS_OF_NUMBER_OF_CELLS",-0.116658774742257,0.101004701469523,0.217663476211779,-0.0722021250809581,0.507529077504517,1.58346120108562,0.131616884917398,0.249858010587217,3,3,3537,"higher_in_neuropathy","overlap","NC_GSE246156",1.44467866810328,0.00191197670257748,TRUE,TRUE
"GOBP_HUMORAL_IMMUNE_RESPONSE",-0.198300908736727,0.18639132393404,0.384692232670767,0.0678803703239468,0.701504095017587,2.56053389347719,0.0201909416340472,0.065219507360388,3,3,3537,"higher_in_neuropathy","overlap","NC_GSE246156",1.80540126436769,0.000348126614292773,TRUE,TRUE
"GOBP_HUMORAL_IMMUNE_RESPONSE_MEDIATED_BY_CIRCULATING_IMMUNOGLOBULIN",-0.364272832338047,0.314670556643458,0.678943388981505,0.358625997334002,0.999260780629008,4.4696301750004,0.000331747285212637,0.00496960747857953,3,3,3537,"higher_in_neuropathy","neuropathy_above_control","NC_GSE246156",1.76158464998771,0.0279832333819204,TRUE,TRUE
"GOBP_ICOSANOID_BIOSYNTHETIC_PROCESS",-0.0729249281254831,0.0698702809174486,0.142795209042932,-0.146823908328085,0.432414326413948,1.03969260914165,0.312946920399036,0.461590182423432,3,3,3537,"higher_in_neuropathy","overlap","NC_GSE246156",1.17161126291924,0.350357950555696,TRUE,TRUE
"GOBP_IMMUNE_RESPONSE_REGULATING_CELL_SURFACE_RECEPTOR_SIGNALING_PATHWAY",-0.193782380284102,0.19012892219088,0.383911302474982,0.064898154052605,0.70292445089736,2.53770339462034,0.0211639792493461,0.0676826352666701,3,3,3537,"higher_in_neuropathy","overlap","NC_GSE246156",2.04632143737253,4.84520547945206e-09,TRUE,TRUE
"GOBP_IMMUNE_RESPONSE_REGULATING_SIGNALING_PATHWAY",-0.194298971376177,0.184345258249757,0.378644229625933,0.0772026743853838,0.680085784866483,2.64878535635044,0.0168149068728632,0.0575743713546148,3,3,3537,"higher_in_neuropathy","overlap","NC_GSE246156",1.93641363970205,4.84520547945206e-09,TRUE,TRUE
"GOBP_IMMUNE_RESPONSE_TO_TUMOR_CELL",-0.0619655312324363,-0.00566885856458808,0.0562966726678482,-0.233587867062316,0.346181212398013,0.409521039697072,0.687236489771058,0.798015582508283,3,3,3537,"higher_in_neuropathy","overlap","NC_GSE246156",0.978020659657334,0.650012163448805,TRUE,TRUE
"GOBP_INFLAMMATORY_CELL_APOPTOTIC_PROCESS",-0.0846190027575039,-0.0450182962750772,0.0396007064824268,-0.335187609842773,0.414389022807626,0.222810388553208,0.82632020763667,0.89269840391292,3,3,3537,"higher_in_neuropathy","overlap","NC_GSE246156",0.895250327608437,0.748187848139829,TRUE,TRUE
"GOBP_INFLAMMATORY_RESPONSE_TO_ANTIGENIC_STIMULUS",-0.321312834323589,0.333536346250443,0.654849180574032,0.37134180550541,0.938356555642655,4.8707458958779,0.000141045596033619,0.00315745742513235,3,3,3537,"higher_in_neuropathy","neuropathy_above_control","NC_GSE246156",2.34828990852787,2.44795597990444e-06,TRUE,TRUE
"GOBP_INNER_EAR_AUDITORY_RECEPTOR_CELL_DIFFERENTIATION",0.0255631895730498,0.0113727662092713,-0.0141904233637785,-0.3406063695063,0.312225522778743,-0.0916732295964298,0.928022000746057,0.960331719320891,3,3,3537,"lower_in_neuropathy","overlap","NC_GSE246156",1.04322020421013,0.559481689782964,FALSE,TRUE
"GOBP_INNER_EAR_MORPHOGENESIS",0.0810546341873444,-0.118016960022639,-0.199071594209983,-0.492683504569659,0.0945403161496922,-1.42973046550745,0.170793398831157,0.302048125832901,3,3,3537,"lower_in_neuropathy","overlap","NC_GSE246156",-0.895202600190237,0.78024190745125,TRUE,TRUE
"GOBP_INORGANIC_ANION_TRANSPORT",0.178361704163196,-0.155785098142477,-0.334146802305673,-0.625579677658476,-0.04271392695287,-2.41778296885753,0.0270467031334519,0.0797201574858496,3,3,3537,"lower_in_neuropathy","neuropathy_below_control","NC_GSE246156",-1.20989552895232,0.293655312606294,TRUE,TRUE
"GOBP_INORGANIC_ION_IMPORT_ACROSS_PLASMA_MEMBRANE",0.216523324185227,-0.221283796978863,-0.43780712116409,-0.71824738833061,-0.157366853997569,-3.29200885677434,0.00427234260041822,0.022898523094433,3,3,3537,"lower_in_neuropathy","neuropathy_below_control","NC_GSE246156",-1.63723552135194,0.0139395699739219,TRUE,TRUE
"GOBP_INSULIN_LIKE_GROWTH_FACTOR_RECEPTOR_SIGNALING_PATHWAY",0.117788620068991,-0.0868112203616822,-0.204599840430673,-0.511955184401674,0.102755503540328,-1.4037283396723,0.178282343085776,0.311399825923156,3,3,3537,"lower_in_neuropathy","overlap","NC_GSE246156",-1.10437251392157,0.486937031222746,TRUE,TRUE
"GOBP_INTEGRIN_MEDIATED_SIGNALING_PATHWAY",-0.144158224158348,0.144897256733625,0.289055480891973,-0.00502814431542475,0.583139106099371,2.07266403274828,0.0536134865231854,0.133355064579822,3,3,3537,"higher_in_neuropathy","neuropathy_above_control","NC_GSE246156",1.67266719118796,0.00384700068850073,TRUE,TRUE
"GOBP_INTERFERON_MEDIATED_SIGNALING_PATHWAY",-0.223797556010636,0.226533404153171,0.450330960163807,0.143872915553132,0.756789004774482,3.09869852401353,0.0064822170198562,0.0301282544010925,3,3,3537,"higher_in_neuropathy","neuropathy_above_control","NC_GSE246156",1.9294502913496,0.000537954205776392,TRUE,TRUE
"GOBP_INTERLEUKIN_6_MEDIATED_SIGNALING_PATHWAY",-0.310161345487049,0.39582740202627,0.70598874751332,0.35882691784629,1.05315057718035,4.28829206368005,0.000490373024845191,0.00610721615801916,3,3,3537,"higher_in_neuropathy","neuropathy_above_control","NC_GSE246156",1.84106294057103,0.0191683840481205,TRUE,TRUE
"GOBP_INTERLEUKIN_6_PRODUCTION",-0.300561195102926,0.301703349236183,0.602264544339109,0.305906203064,0.898622885614219,4.28537357435276,0.000493475405605634,0.0061242895074636,3,3,3537,"higher_in_neuropathy","neuropathy_above_control","NC_GSE246156",2.02933702515374,1.04489379050375e-05,TRUE,TRUE
"GOBP_INTERLEUKIN_8_PRODUCTION",-0.310006370431427,0.318547652392706,0.628554022824134,0.340777329801941,0.916330715846327,4.60580491074091,0.000247762056385315,0.00429656661783751,3,3,3537,"higher_in_neuropathy","neuropathy_above_control","NC_GSE246156",2.03719737979423,0.00018593531984052,TRUE,TRUE
"GOBP_INTRINSIC_APOPTOTIC_SIGNALING_PATHWAY_IN_RESPONSE_TO_DNA_DAMAGE",-0.265603218569234,0.272337934755095,0.537941153324329,0.26706925384587,0.808813052802788,4.18783307267486,0.000609430247954631,0.00695340253875977,3,3,3537,"higher_in_neuropathy","neuropathy_above_control","NC_GSE246156",1.58057301458134,0.0119784205553354,TRUE,TRUE
"GOBP_INTRINSIC_APOPTOTIC_SIGNALING_PATHWAY_IN_RESPONSE_TO_ENDOPLASMIC_RETICULUM_STRESS",-0.00995940659227039,0.0128808133386773,0.0228402199309477,-0.261229556955366,0.306909996817262,0.169548439565639,0.867352933929758,0.920164165359795,3,3,3537,"higher_in_neuropathy","overlap","NC_GSE246156",-0.893651135832736,0.773770053006635,FALSE,TRUE
"GOBP_INTRINSIC_APOPTOTIC_SIGNALING_PATHWAY_IN_RESPONSE_TO_OXIDATIVE_STRESS",-0.195110507156258,0.15068534584935,0.345795853005608,0.0668616565336312,0.624730049477586,2.61418648917335,0.0180688263050361,0.0610988897140657,3,3,3537,"higher_in_neuropathy","neuropathy_above_control","NC_GSE246156",1.42932352524655,0.116683694926247,TRUE,TRUE
"GOBP_LABYRINTHINE_LAYER_BLOOD_VESSEL_DEVELOPMENT",0.111768824857817,-0.0286027017423169,-0.140371526600134,-0.488622640590499,0.207879587390231,-0.849972851869613,0.407072471056983,0.559601160268805,3,3,3537,"lower_in_neuropathy","overlap","NC_GSE246156",0.844401328649456,0.809728668492621,FALSE,TRUE
"GOBP_LENS_FIBER_CELL_DIFFERENTIATION",0.102504836708525,-0.108829666431735,-0.211334503140259,-0.536942779344582,0.114273773064063,-1.36865351730369,0.188803511649339,0.323232343031806,3,3,3537,"lower_in_neuropathy","overlap","NC_GSE246156",-0.928183310349249,0.713940684251398,TRUE,TRUE
"GOBP_LEUKOCYTE_CELL_CELL_ADHESION",-0.204969862222423,0.204709908227871,0.409679770450294,0.125933635502205,0.693425905398383,3.04462010442624,0.00727957540161156,0.0323924832936632,3,3,3537,"higher_in_neuropathy","neuropathy_above_control","NC_GSE246156",1.82866018087573,1.00730902115593e-07,TRUE,TRUE
"GOBP_LEUKOCYTE_DEGRANULATION",-0.211646975223272,0.215864285043237,0.427511260266509,0.0985645977206008,0.756457922812417,2.74056823407013,0.0138788479342843,0.0508699327912575,3,3,3537,"higher_in_neuropathy","overlap","NC_GSE246156",2.11315608070835,4.88109338764919e-05,TRUE,TRUE
"GOBP_LEUKOCYTE_MEDIATED_CYTOTOXICITY",-0.186238699745936,0.181402626419084,0.36764132616502,0.0460627695864478,0.689219882743593,2.41077005511104,0.0274344859548402,0.080261188438602,3,3,3537,"higher_in_neuropathy","overlap","NC_GSE246156",2.17256342030783,2.44883395478487e-06,TRUE,TRUE
"GOBP_LEUKOCYTE_MIGRATION",-0.168999967975565,0.174887855570073,0.343887823545639,0.0553738252664301,0.632401821824848,2.51343961009636,0.0222467433840733,0.070137078002159,3,3,3537,"higher_in_neuropathy","neuropathy_above_control","NC_GSE246156",2.02747528237356,4.84520547945206e-09,TRUE,TRUE
"GOBP_LEUKOCYTE_PROLIFERATION",-0.207630686650976,0.219210102749758,0.426840789400734,0.129104414322923,0.724577164478546,3.02310035085921,0.0076228350878735,0.0330821689641823,3,3,3537,"higher_in_neuropathy","neuropathy_above_control","NC_GSE246156",1.97863536802928,2.71912777718902e-08,TRUE,TRUE
"GOBP_LIPID_OXIDATION",0.227995953415449,-0.23241647712106,-0.460412430536509,-0.771080968208048,-0.149743892864971,-3.12513162039009,0.00612420344832543,0.0289977343999023,3,3,3537,"lower_in_neuropathy","neuropathy_below_control","NC_GSE246156",-1.57979288649951,0.0212943496824812,TRUE,TRUE
"GOBP_LIPOPOLYSACCHARIDE_MEDIATED_SIGNALING_PATHWAY",-0.215964103386038,0.257989069079524,0.473953172465562,0.194300544336376,0.753605800594749,3.57383975303385,0.00231688526041219,0.0154560290260485,3,3,3537,"higher_in_neuropathy","neuropathy_above_control","NC_GSE246156",1.5598359909526,0.044991910855722,TRUE,TRUE
"GOBP_LONG_CHAIN_FATTY_ACID_BIOSYNTHETIC_PROCESS",0.262080468385194,-0.373788339515602,-0.635868807900797,-0.918995393511195,-0.352742222290398,-4.73593153899032,0.000187721900136779,0.0037301818021561,3,3,3537,"lower_in_neuropathy","neuropathy_below_control","NC_GSE246156",-1.50594759126081,0.123663860097451,TRUE,TRUE
"GOBP_LONG_CHAIN_FATTY_ACID_METABOLIC_PROCESS",0.239545139906734,-0.229661861692308,-0.469207001599042,-0.758651605140072,-0.179762398058013,-3.41835822976218,0.00324869725757784,0.0192796010068,3,3,3537,"lower_in_neuropathy","neuropathy_below_control","NC_GSE246156",-1.59689188728618,0.0248713615319786,TRUE,TRUE
"GOBP_LYMPH_NODE_DEVELOPMENT",-0.0461159663576554,-0.00989459148714015,0.0362213748705152,-0.314593427452247,0.387036177193278,0.217723630289072,0.830218784093316,0.895542494461134,3,3,3537,"higher_in_neuropathy","overlap","NC_GSE246156",1.33552418824402,0.258447320016856,TRUE,TRUE
"GOBP_LYMPH_VESSEL_DEVELOPMENT",0.25771539144852,-0.295938729557278,-0.553654121005797,-0.862167350195036,-0.245140891816559,-3.78428024965372,0.00146513350013132,0.0116715702476677,3,3,3537,"lower_in_neuropathy","neuropathy_below_control","NC_GSE246156",-1.11796828204898,0.480029395864306,TRUE,TRUE
"GOBP_LYMPHOCYTE_DIFFERENTIATION",-0.230888982324152,0.208971417834939,0.439860400159091,0.150010365538753,0.72971043477943,3.20007424288977,0.00521124129182084,0.0261820460925715,3,3,3537,"higher_in_neuropathy","neuropathy_above_control","NC_GSE246156",1.83927178754236,1.18684147238901e-08,TRUE,TRUE
"GOBP_LYTIC_VACUOLE_ORGANIZATION",-0.142390174245314,0.105083552195566,0.24747372644088,-0.07528592425478,0.57023337713654,1.61684507086293,0.124191017870118,0.239772723911904,3,3,3537,"higher_in_neuropathy","overlap","NC_GSE246156",1.3309752439799,0.0835479482008795,TRUE,TRUE
"GOBP_MACROPHAGE_MIGRATION",-0.260186659614169,0.254308456589532,0.514495116203701,0.241088528983254,0.787901703424148,3.96817510870149,0.000981814613200468,0.0091386270707633,3,3,3537,"higher_in_neuropathy","neuropathy_above_control","NC_GSE246156",1.82628712875595,0.00375413183854738,TRUE,TRUE
"GOBP_MAST_CELL_ACTIVATION",-0.150830705740043,0.176837452604563,0.327668158344607,-0.0180419869953802,0.673378303684594,1.99866800987025,0.061782225568506,0.14715402817226,3,3,3537,"higher_in_neuropathy","overlap","NC_GSE246156",1.63024899408171,0.0247551920689847,TRUE,TRUE
"GOBP_MAST_CELL_ACTIVATION_INVOLVED_IN_IMMUNE_RESPONSE",-0.122173020546849,0.143663245502454,0.265836266049303,-0.0788232239026148,0.610495756001222,1.62645680175507,0.1221201056712,0.236938460646755,3,3,3537,"higher_in_neuropathy","overlap","NC_GSE246156",1.84284120457452,0.0032199172461895,TRUE,TRUE
"GOBP_MATERNAL_PLACENTA_DEVELOPMENT",-0.0409650467737326,0.0226271099973297,0.0635921567710623,-0.243333259704391,0.370517573246516,0.43690724518321,0.667640392110539,0.784664311103812,3,3,3537,"higher_in_neuropathy","overlap","NC_GSE246156",1.33901629512408,0.206584525565778,TRUE,TRUE
"GOBP_MATING_BEHAVIOR",0.0051027122559437,0.0133850114986873,0.00828229924274355,-0.280677345482872,0.29724194396836,0.060441087354192,0.95250443154836,0.973139276252614,3,3,3537,"higher_in_neuropathy","overlap","NC_GSE246156",-1.19229733206668,0.39790232958404,FALSE,TRUE
"GOBP_MEMBRANE_INVAGINATION",-0.227201637311944,0.22444719928143,0.451648836593374,0.176157527709946,0.727140145476801,3.45709679327488,0.00298653393889211,0.0182441632847347,3,3,3537,"higher_in_neuropathy","neuropathy_above_control","NC_GSE246156",1.83865255790871,0.00326145924711132,TRUE,TRUE
"GOBP_MEMBRANE_LIPID_CATABOLIC_PROCESS",-0.0858779968395329,0.103929707524934,0.189807704364467,-0.158317213207318,0.537932621936252,1.14973373056375,0.26606486833825,0.413805992402222,3,3,3537,"higher_in_neuropathy","overlap","NC_GSE246156",1.36093427557984,0.164419310296523,TRUE,TRUE
"GOBP_MEMBRANE_REPOLARIZATION_DURING_ACTION_POTENTIAL",0.192698261239127,-0.162318920689027,-0.355017181928154,-0.647769699482271,-0.062264664374037,-2.55721521421036,0.0203296984657241,0.0655479885809171,3,3,3537,"lower_in_neuropathy","neuropathy_below_control","NC_GSE246156",-1.76244956981543,0.0197265457415956,TRUE,TRUE
"GOBP_MESENCHYMAL_CELL_PROLIFERATION",0.139890869522535,-0.145689813759893,-0.285580683282428,-0.615496238480382,0.0443348719155256,-1.82534340726998,0.0854493257911411,0.183372819127107,3,3,3537,"lower_in_neuropathy","overlap","NC_GSE246156",-0.896284307594745,0.754575436063715,TRUE,TRUE
"GOBP_METANEPHRIC_NEPHRON_DEVELOPMENT",0.0833815754883876,-0.104772653641597,-0.188154229129984,-0.544481338085499,0.168172879825531,-1.11348319253417,0.280893566326375,0.427504537046638,3,3,3537,"lower_in_neuropathy","overlap","NC_GSE246156",-0.678592160375714,0.944567424800183,TRUE,TRUE
"GOBP_METANEPHROS_DEVELOPMENT",0.0209928028052115,-0.040062635933872,-0.0610554387390835,-0.394191250337749,0.272080372859582,-0.386475155870185,0.703906927266795,0.809928042206459,3,3,3537,"lower_in_neuropathy","overlap","NC_GSE246156",-0.859139931851124,0.817792245923261,TRUE,TRUE
"GOBP_METHYLATION",-0.0348207360687196,0.024341480974585,0.0591622170433046,-0.237262548478958,0.355586982565568,0.420870514824591,0.679086591193351,0.793501576825531,3,3,3537,"higher_in_neuropathy","overlap","NC_GSE246156",-0.487650972208686,1,FALSE,TRUE
"GOBP_MIDDLE_EAR_MORPHOGENESIS",0.102353123444824,-0.110226921578582,-0.212580045023405,-0.538186473681071,0.11302638363426,-1.37672776048299,0.186338304153837,0.319630738017518,3,3,3537,"lower_in_neuropathy","overlap","NC_GSE246156",-0.997973610570791,0.633375372489252,TRUE,TRUE
"GOBP_MITOCHONDRIAL_ELECTRON_TRANSPORT_NADH_TO_UBIQUINONE",0.547124124783163,-0.517349872626394,-1.06447399740956,-1.36273473766514,-0.766213257153971,-7.52588385240317,7.94968962466964e-07,0.000516971367275512,3,3,3537,"lower_in_neuropathy","neuropathy_below_control","NC_GSE246156",-2.1470391257982,5.60453118667371e-05,TRUE,TRUE
"GOBP_MODIFIED_AMINO_ACID_BIOSYNTHETIC_PROCESS",0.0194535461057894,-0.0946436944766608,-0.11409724058245,-0.397498123467834,0.169303642302934,-0.84897028205725,0.407614806057275,0.559896531660032,3,3,3537,"lower_in_neuropathy","overlap","NC_GSE246156",-1.48737378131714,0.0966693328386363,TRUE,TRUE
"GOBP_MODIFIED_AMINO_ACID_TRANSPORT",0.0313267261675198,-0.0593298307664929,-0.0906565569340127,-0.365589018959766,0.18427590509174,-0.695331245729162,0.496179979499361,0.643158401520864,3,3,3537,"lower_in_neuropathy","overlap","NC_GSE246156",-1.35620567840631,0.212440634773543,TRUE,TRUE
"GOBP_MONONUCLEAR_CELL_DIFFERENTIATION",-0.228186610030283,0.204865002020698,0.433051612050981,0.144522229266127,0.721580994835836,3.16495951258114,0.00562105470603444,0.0272725246848338,3,3,3537,"higher_in_neuropathy","neuropathy_above_control","NC_GSE246156",1.93224998758831,4.84520547945206e-09,TRUE,TRUE
"GOBP_MONONUCLEAR_CELL_MIGRATION",-0.159210579156115,0.15661604558158,0.315826624737696,0.0233550904625107,0.608298159012881,2.27710827458207,0.0358970921505752,0.0985574193511422,3,3,3537,"higher_in_neuropathy","neuropathy_above_control","NC_GSE246156",1.85315696918964,1.20647581110228e-05,TRUE,TRUE
"GOBP_MONOSACCHARIDE_CATABOLIC_PROCESS",0.11105677908279,-0.0770405689907667,-0.188097348073557,-0.557775641800438,0.181580945653325,-1.07294452359848,0.298190397351464,0.446717253465535,3,3,3537,"lower_in_neuropathy","overlap","NC_GSE246156",-1.69350884484115,0.0170172638385549,TRUE,TRUE
"GOBP_MRNA_METHYLGUANOSINE_CAP_DECAPPING",-0.275442492546508,0.287024315325187,0.562466807871696,0.270208284588189,0.854725331155203,4.05833841837499,0.000807088459571942,0.00797394380308927,3,3,3537,"higher_in_neuropathy","neuropathy_above_control","NC_GSE246156",1.15838582336816,0.41445543863974,TRUE,TRUE
"GOBP_MRNA_MODIFICATION",-0.299455423865069,0.26612075723834,0.565576181103409,0.287503013171799,0.843649349035019,4.28894594155248,0.000489680659117499,0.00610721615801916,3,3,3537,"higher_in_neuropathy","neuropathy_above_control","NC_GSE246156",1.02318287136465,0.595889345096302,TRUE,TRUE
"GOBP_MRNA_TRANSCRIPTION",-0.0182113091766822,0.056368501066219,0.0745798102429012,-0.202008240787671,0.351167861273474,0.568599411380076,0.577012698406387,0.710554812319424,3,3,3537,"higher_in_neuropathy","overlap","NC_GSE246156",0.829156027776392,0.875154086606084,TRUE,TRUE
"GOBP_MULTICELLULAR_ORGANISMAL_LEVEL_WATER_HOMEOSTASIS",0.165525859878798,-0.218909636080126,-0.384435495958923,-0.67110021857847,-0.0977707733393767,-2.82792426849946,0.0115461778130817,0.0447303734116869,3,3,3537,"lower_in_neuropathy","neuropathy_below_control","NC_GSE246156",-1.37951548025937,0.187841928912652,TRUE,TRUE
"GOBP_MUSCLE_CELL_APOPTOTIC_PROCESS",0.0306869674598032,-0.0167657081744343,-0.0474526756342376,-0.320749393841273,0.225844042572797,-0.366138024917358,0.718748218331548,0.821658839120454,3,3,3537,"lower_in_neuropathy","overlap","NC_GSE246156",-1.21885500065849,0.304282715969024,TRUE,TRUE
"GOBP_MUSCLE_CELL_DEVELOPMENT",0.201529859556367,-0.215346391563268,-0.416876251119635,-0.693133170756762,-0.14061933148251,-3.1820905623464,0.00541731830682718,0.02664958950104,3,3,3537,"lower_in_neuropathy","neuropathy_below_control","NC_GSE246156",-2.37280188402583,4.84520547945206e-09,TRUE,TRUE
"GOBP_MUSCLE_CELL_PROLIFERATION",-0.0431869814011172,0.0612858080041987,0.104472789405316,-0.186400433589527,0.395346012400159,0.757387255773934,0.459118082817495,0.610259548637911,3,3,3537,"higher_in_neuropathy","overlap","NC_GSE246156",1.51537081486795,0.00919975950769046,TRUE,TRUE
"GOBP_MYELIN_ASSEMBLY",0.493227497170052,-0.462376829019001,-0.955604326189053,-1.23747714346924,-0.673731508908868,-7.148969707338,1.56599252604813e-06,0.000516971367275512,3,3,3537,"lower_in_neuropathy","neuropathy_below_control","NC_GSE246156",-1.77313440347712,0.0170172638385549,TRUE,TRUE
"GOBP_MYELIN_MAINTENANCE",0.196005050367876,-0.144105368428679,-0.340110418796556,-0.686949697089327,0.0067288594962156,-2.06780798512637,0.0541179237517909,0.134138119348342,3,3,3537,"lower_in_neuropathy","overlap","NC_GSE246156",-1.47111077361832,0.144541441770891,TRUE,TRUE
"GOBP_MYELOID_CELL_DIFFERENTIATION",-0.126193959307035,0.117551732360534,0.243745691667569,-0.0495757611825201,0.537067144517658,1.75231293360852,0.0976130862990153,0.199917479003832,3,3,3537,"higher_in_neuropathy","overlap","NC_GSE246156",1.49697301147986,0.000481775702316154,TRUE,TRUE
"GOBP_MYELOID_CELL_HOMEOSTASIS",-0.11699820383694,0.0838286704673622,0.200826874304302,-0.102021244057481,0.503674992666085,1.39834873878077,0.179864520410379,0.313389560931779,3,3,3537,"higher_in_neuropathy","overlap","NC_GSE246156",1.39380382132388,0.0414283396394117,TRUE,TRUE
"GOBP_MYOBLAST_PROLIFERATION",0.0280956707915922,0.0252158003254142,-0.00287987046617796,-0.330312074917086,0.32455233398473,-0.0185468477912678,0.985417084592393,0.991696257064505,3,3,3537,"lower_in_neuropathy","overlap","NC_GSE246156",0.918630267691981,0.720684158052966,FALSE,TRUE
"GOBP_MYOFIBRIL_ASSEMBLY",0.377605587722615,-0.361974787041932,-0.739580374764547,-1.01430712125822,-0.464853628270873,-5.67679199255331,2.65968054952226e-05,0.00154217870551807,3,3,3537,"lower_in_neuropathy","neuropathy_below_control","NC_GSE246156",-2.64626971748863,4.84520547945206e-09,TRUE,TRUE
"GOBP_MYOTUBE_CELL_DEVELOPMENT",0.318835241378028,-0.277731296301209,-0.596566537679237,-0.877523252492585,-0.31560982286589,-4.47752499790965,0.000326167553085705,0.00493014801394931,3,3,3537,"lower_in_neuropathy","neuropathy_below_control","NC_GSE246156",-2.01270109577586,0.000274312770851511,TRUE,TRUE
"GOBP_NADH_DEHYDROGENASE_COMPLEX_ASSEMBLY",0.36720431022608,-0.34800647818424,-0.71521078841032,-1.08618425038424,-0.344237326436401,-4.06546062999944,0.000794700321032639,0.00794026846184306,3,3,3537,"lower_in_neuropathy","neuropathy_below_control","NC_GSE246156",-1.63719345829733,0.0410481574073626,TRUE,TRUE
"GOBP_NATURAL_KILLER_CELL_MEDIATED_IMMUNITY",-0.145762101115106,0.125851012512782,0.271613113627888,-0.0877694818032286,0.630995709059005,1.59372079398188,0.129295798441341,0.246853528033935,3,3,3537,"higher_in_neuropathy","overlap","NC_GSE246156",1.66376107848047,0.0146355518700564,TRUE,TRUE
"GOBP_NEGATIVE_REGULATION_OF_ACTIN_FILAMENT_POLYMERIZATION",0.146925705993258,-0.130151117652431,-0.277076823645689,-0.570148397543308,0.0159947502519294,-1.99363224587995,0.0623770075454427,0.148010495121871,3,3,3537,"lower_in_neuropathy","overlap","NC_GSE246156",-1.62123285717435,0.0285264653132659,TRUE,TRUE
"GOBP_NEGATIVE_REGULATION_OF_ADAPTIVE_IMMUNE_RESPONSE",-0.141243666427023,0.141878171204628,0.283121837631651,-0.0436525794927772,0.60989625475608,1.82702237317712,0.0851860822538188,0.183372819127107,3,3,3537,"higher_in_neuropathy","overlap","NC_GSE246156",1.58696011933957,0.0396210959652181,TRUE,TRUE
"GOBP_NEGATIVE_REGULATION_OF_AXONOGENESIS",0.133283850515093,-0.158263623237543,-0.291547473752637,-0.578844405030999,-0.00425054247427437,-2.1399165683561,0.047054053138008,0.120941853628393,3,3,3537,"lower_in_neuropathy","neuropathy_below_control","NC_GSE246156",-1.5581805597392,0.0589749280578261,TRUE,TRUE
"GOBP_NEGATIVE_REGULATION_OF_BMP_SIGNALING_PATHWAY",0.0322560526839918,-0.0561624747159168,-0.0884185273999086,-0.404392595214963,0.227555540415146,-0.590079303014874,0.562847129716793,0.699258973589145,3,3,3537,"lower_in_neuropathy","overlap","NC_GSE246156",-1.35926757525525,0.177191820144638,TRUE,TRUE
"GOBP_NEGATIVE_REGULATION_OF_CAMP_PKA_SIGNAL_TRANSDUCTION",-0.0244041756345188,-0.0159520175034251,0.00845215813109376,-0.388939551982171,0.405843868244358,0.0448505069530901,0.964745555481389,0.980265736781865,3,3,3537,"higher_in_neuropathy","overlap","NC_GSE246156",0.878555943568203,0.78055941422807,TRUE,TRUE
"GOBP_NEGATIVE_REGULATION_OF_CARDIAC_MUSCLE_TISSUE_GROWTH",0.04911084743498,-0.032775678129132,-0.081886525564112,-0.367995725017769,0.204222673889545,-0.603530424400346,0.554070333334307,0.693246580688202,3,3,3537,"lower_in_neuropathy","overlap","NC_GSE246156",0.767944882180186,0.882559366773295,FALSE,TRUE
"GOBP_NEGATIVE_REGULATION_OF_CATALYTIC_ACTIVITY",-0.136120964100827,0.152050184119686,0.288171148220513,0.013442830054597,0.562899466386429,2.2119006451451,0.0408539683182133,0.108974725446094,3,3,3537,"higher_in_neuropathy","neuropathy_above_control","NC_GSE246156",1.55887341290814,0.00623247655453551,TRUE,TRUE
"GOBP_NEGATIVE_REGULATION_OF_CELL_ACTIVATION",-0.222013375235107,0.228787713766538,0.450801089001645,0.159316358049606,0.742285819953684,3.26127703718042,0.00456600053484929,0.0237499174878852,3,3,3537,"higher_in_neuropathy","neuropathy_above_control","NC_GSE246156",2.11838317050566,5.43945231133641e-08,TRUE,TRUE
"GOBP_NEGATIVE_REGULATION_OF_CELL_ADHESION",-0.144530320886872,0.139000499801533,0.283530820688405,0.00539561018229806,0.561666031194511,2.14962571619202,0.0461701964994382,0.119374258054469,3,3,3537,"higher_in_neuropathy","neuropathy_above_control","NC_GSE246156",1.62910014422585,0.000252927303006623,TRUE,TRUE
"GOBP_NEGATIVE_REGULATION_OF_CELL_CELL_ADHESION",-0.17886387011889,0.179600441548589,0.358464311667479,0.0843681397144597,0.6325604836205,2.757791952042,0.0133856823580314,0.0497846041013217,3,3,3537,"higher_in_neuropathy","neuropathy_above_control","NC_GSE246156",1.57160480218848,0.00268486757808371,TRUE,TRUE
"GOBP_NEGATIVE_REGULATION_OF_CELL_KILLING",-0.143829915177215,0.184174712420323,0.328004627597539,0.00488468732873298,0.651124567866344,2.14059623321208,0.0469916800892323,0.120941853628393,3,3,3537,"higher_in_neuropathy","overlap","NC_GSE246156",1.76328435046853,0.0210118939565821,TRUE,TRUE
"GOBP_NEGATIVE_REGULATION_OF_CELL_MATRIX_ADHESION",0.0706208178384549,-0.0780932177280749,-0.14871403556653,-0.446595363182712,0.149167292049652,-1.05275478494524,0.307088759736761,0.45522755372545,3,3,3537,"lower_in_neuropathy","overlap","NC_GSE246156",1.4341685493832,0.127293211149447,FALSE,TRUE
"GOBP_NEGATIVE_REGULATION_OF_CELL_SUBSTRATE_ADHESION",0.0738421903166483,-0.100075071483365,-0.173917261800014,-0.480775645002108,0.132941121402081,-1.19515227498797,0.248324482892887,0.395285191715635,3,3,3537,"lower_in_neuropathy","overlap","NC_GSE246156",1.21969196744411,0.273889247787539,FALSE,TRUE
"GOBP_NEGATIVE_REGULATION_OF_CELL_SUBSTRATE_JUNCTION_ORGANIZATION",0.100459557774356,-0.12358334872459,-0.224042906498946,-0.511237658601016,0.0631518456031226,-1.6450278093643,0.118202066827631,0.232009273234922,3,3,3537,"lower_in_neuropathy","neuropathy_below_control","NC_GSE246156",0.928683524855522,0.714412325331422,FALSE,TRUE
"GOBP_NEGATIVE_REGULATION_OF_CYTOKINE_PRODUCTION",-0.179382556788502,0.185016567080372,0.364399123868874,0.0922011702157341,0.636597077522014,2.82300088325944,0.0116669284313603,0.0450937108556392,3,3,3537,"higher_in_neuropathy","neuropathy_above_control","NC_GSE246156",2.02463114940997,8.56663375591361e-09,TRUE,TRUE
"GOBP_NEGATIVE_REGULATION_OF_CYTOKINE_PRODUCTION_INVOLVED_IN_IMMUNE_RESPONSE",-0.186895442560086,0.20809309128718,0.394988533847266,0.0361208786814227,0.75385618901311,2.32096567372605,0.032883528362356,0.0920166454253585,3,3,3537,"higher_in_neuropathy","overlap","NC_GSE246156",1.99655085619243,0.00290479349091831,TRUE,TRUE
"GOBP_NEGATIVE_REGULATION_OF_DEFENSE_RESPONSE",-0.0944009278233267,0.113846183240931,0.208247111064257,-0.0625808411056704,0.479075063234185,1.62145180775811,0.123194769612758,0.238369748424685,3,3,3537,"higher_in_neuropathy","neuropathy_above_control","NC_GSE246156",1.70897833019206,0.000141568988523255,TRUE,TRUE
"GOBP_NEGATIVE_REGULATION_OF_DNA_REPLICATION",-0.315452252618119,0.29795452537231,0.61340677799043,0.340326856927274,0.886486699053586,4.73671601362219,0.000187408961205218,0.0037301818021561,3,3,3537,"higher_in_neuropathy","neuropathy_above_control","NC_GSE246156",1.6208457195941,0.070094801801096,TRUE,TRUE
"GOBP_NEGATIVE_REGULATION_OF_ENDOCYTOSIS",-0.0805780104963196,0.137446233868869,0.218024244365189,-0.0519317796958428,0.48798026842622,1.70306142693287,0.106643948545242,0.21396093280198,3,3,3537,"higher_in_neuropathy","neuropathy_above_control","NC_GSE246156",1.45598595197013,0.0748501881358294,TRUE,TRUE
"GOBP_NEGATIVE_REGULATION_OF_ENDOPLASMIC_RETICULUM_UNFOLDED_PROTEIN_RESPONSE",-0.183500798607711,0.137307556149315,0.320808354757025,0.037404165145957,0.604212544368094,2.38703039800488,0.0287862589592712,0.0835161929831713,3,3,3537,"higher_in_neuropathy","neuropathy_above_control","NC_GSE246156",0.633796964236576,0.976513985068218,TRUE,TRUE
"GOBP_NEGATIVE_REGULATION_OF_FAT_CELL_DIFFERENTIATION",0.0497623449909502,-0.0865549567539374,-0.136317301744888,-0.43699588560515,0.164361282115374,-0.956020116585784,0.352370542046743,0.504997814918691,3,3,3537,"lower_in_neuropathy","overlap","NC_GSE246156",-0.989435748508036,0.640997460119192,TRUE,TRUE
"GOBP_NEGATIVE_REGULATION_OF_FATTY_ACID_METABOLIC_PROCESS",0.130428337658122,-0.144169218610771,-0.274597556268893,-0.573921502013483,0.0247263894756967,-1.93452235302866,0.0697535099482267,0.16104318843791,3,3,3537,"lower_in_neuropathy","overlap","NC_GSE246156",-1.40329381800957,0.171126681087181,TRUE,TRUE
"GOBP_NEGATIVE_REGULATION_OF_HORMONE_SECRETION",0.205368480173387,-0.179536078988165,-0.384904559161552,-0.654676229742096,-0.115132888581008,-3.00867487821417,0.00786171576034689,0.0337188431842153,3,3,3537,"lower_in_neuropathy","neuropathy_below_control","NC_GSE246156",-1.12314430802824,0.45483816424013,TRUE,TRUE
"GOBP_NEGATIVE_REGULATION_OF_IMMUNE_RESPONSE",-0.147846490865845,0.155154490213541,0.303000981079387,0.014975227800026,0.591026734358747,2.21835608562264,0.0403364271519852,0.107756754408287,3,3,3537,"higher_in_neuropathy","neuropathy_above_control","NC_GSE246156",1.95985327128073,2.93193899368987e-06,TRUE,TRUE
"GOBP_NEGATIVE_REGULATION_OF_IMMUNE_SYSTEM_PROCESS",-0.161163629545568,0.169423973956113,0.330587603501682,0.0478439782294262,0.613331228773937,2.46554133496777,0.0245397949312344,0.0747607706044583,3,3,3537,"higher_in_neuropathy","neuropathy_above_control","NC_GSE246156",1.80553806024722,1.11874568405083e-08,TRUE,TRUE
"GOBP_NEGATIVE_REGULATION_OF_INFLAMMATORY_RESPONSE",-0.090644291035694,0.117793905952391,0.208438196988085,-0.0578912989782598,0.47476769295443,1.65035201004444,0.117098778349265,0.230355049511318,3,3,3537,"higher_in_neuropathy","neuropathy_above_control","NC_GSE246156",1.76287175898765,0.000181451613185245,TRUE,TRUE
"GOBP_NEGATIVE_REGULATION_OF_INFLAMMATORY_RESPONSE_TO_ANTIGENIC_STIMULUS",-0.31087280078428,0.339911446511049,0.650784247295329,0.378821102610991,0.922747391979667,5.04597998520646,9.75324250386457e-05,0.00273787450287055,3,3,3537,"higher_in_neuropathy","neuropathy_above_control","NC_GSE246156",2.03598659335047,0.00234048676831362,TRUE,TRUE
"GOBP_NEGATIVE_REGULATION_OF_INTRINSIC_APOPTOTIC_SIGNALING_PATHWAY_BY_P53_CLASS_MEDIATOR",-0.270613010855392,0.321448862135379,0.592061872990771,0.293252035296681,0.890871710684861,4.17821466368242,0.000622263247218099,0.00700744568450758,3,3,3537,"higher_in_neuropathy","neuropathy_above_control","NC_GSE246156",1.45245612161977,0.156315720576295,TRUE,TRUE
"GOBP_NEGATIVE_REGULATION_OF_KINASE_ACTIVITY",-0.2099261948864,0.181048860826426,0.390975055712827,0.107699377630258,0.674250733795395,2.91043770596356,0.00969346865021053,0.0394997679905468,3,3,3537,"higher_in_neuropathy","neuropathy_above_control","NC_GSE246156",1.66256364312765,0.0181775231228124,TRUE,TRUE
"GOBP_NEGATIVE_REGULATION_OF_LYMPHOCYTE_DIFFERENTIATION",-0.332609272285763,0.310374130812444,0.642983403098207,0.366856369096465,0.91911043709995,4.91031531041474,0.000129736933723521,0.00308098577495945,3,3,3537,"higher_in_neuropathy","neuropathy_above_control","NC_GSE246156",1.48534310932666,0.0649116281801253,TRUE,TRUE
"GOBP_NEGATIVE_REGULATION_OF_MOLECULAR_FUNCTION",-0.11028770180199,0.12760753966247,0.23789524146446,-0.0319102929609314,0.507700775889851,1.85931702919553,0.0802598620204409,0.176432027325233,3,3,3537,"higher_in_neuropathy","neuropathy_above_control","NC_GSE246156",1.33461690598453,0.0357150971408307,TRUE,TRUE
"GOBP_NEGATIVE_REGULATION_OF_MUSCLE_CELL_APOPTOTIC_PROCESS",0.0319583089648819,0.0160718524512127,-0.0158864565136691,-0.285390711293001,0.253617798265663,-0.124302527128914,0.902523833509707,0.944166459368185,3,3,3537,"lower_in_neuropathy","overlap","NC_GSE246156",-1.21534401865888,0.345730643995066,TRUE,TRUE
"GOBP_NEGATIVE_REGULATION_OF_NATURAL_KILLER_CELL_MEDIATED_IMMUNITY",-0.108077175833594,0.148712158444309,0.256789334277903,-0.0682212644385081,0.581799932994315,1.66608825744199,0.11388923899901,0.225042591251117,3,3,3537,"higher_in_neuropathy","overlap","NC_GSE246156",1.39441731267952,0.215357774043084,TRUE,TRUE
"GOBP_NEGATIVE_REGULATION_OF_NEURON_DIFFERENTIATION",-0.0966088956701525,0.0582534154804247,0.154862311150577,-0.148788872867218,0.458513495168373,1.0754477202393,0.297100343118838,0.445839589992078,3,3,3537,"higher_in_neuropathy","overlap","NC_GSE246156",-0.67120043302946,0.969499410907944,FALSE,TRUE
"GOBP_NEGATIVE_REGULATION_OF_NUCLEOTIDE_CATABOLIC_PROCESS",0.258737786427924,-0.243238639432726,-0.50197642586065,-0.806707296524133,-0.197245555197167,-3.47364486415728,0.00288104281795424,0.0178463195220738,3,3,3537,"lower_in_neuropathy","neuropathy_below_control","NC_GSE246156",-1.62811345025352,0.0567349808802769,TRUE,TRUE
"GOBP_NEGATIVE_REGULATION_OF_ORGANELLE_ASSEMBLY",-0.00374784568090571,0.0136114201754406,0.0173592658563463,-0.271208071730914,0.305926603443607,0.126853579858324,0.900534547877432,0.943201272088385,3,3,3537,"higher_in_neuropathy","overlap","NC_GSE246156",-0.709989761247874,0.955763582030983,FALSE,TRUE
"GOBP_NEGATIVE_REGULATION_OF_PEPTIDYL_TYROSINE_PHOSPHORYLATION",-0.377610938295955,0.290709555441425,0.66832049373738,0.384187012459665,0.952453975015095,4.95999127043493,0.000116840708335398,0.00297991433101775,3,3,3537,"higher_in_neuropathy","neuropathy_above_control","NC_GSE246156",1.73903788386983,0.0302912407553541,TRUE,TRUE
"GOBP_NEGATIVE_REGULATION_OF_PRODUCTION_OF_MOLECULAR_MEDIATOR_OF_IMMUNE_RESPONSE",-0.166376418020941,0.22003553551342,0.386411953534361,0.0590562802201464,0.713767626848575,2.48913944219896,0.0233835207952299,0.0726779552308682,3,3,3537,"higher_in_neuropathy","overlap","NC_GSE246156",1.76818781772591,0.0263430205204321,TRUE,TRUE
"GOBP_NEGATIVE_REGULATION_OF_PROTEIN_BINDING",-0.0425082134979002,0.119371251123456,0.161879464621356,-0.123546887190438,0.447305816433151,1.19595885471045,0.248017769726937,0.395152635821702,3,3,3537,"higher_in_neuropathy","overlap","NC_GSE246156",-0.869024318858968,0.781532769430908,FALSE,TRUE
"GOBP_NEGATIVE_REGULATION_OF_PROTEIN_LOCALIZATION_TO_MEMBRANE",0.0369380530411983,-0.0629951674393528,-0.0999332204805511,-0.392935957018059,0.193069516056956,-0.719211714651124,0.48171503976625,0.631748645032712,3,3,3537,"lower_in_neuropathy","overlap","NC_GSE246156",0.948947663371417,0.695105963887354,FALSE,TRUE
"GOBP_NEGATIVE_REGULATION_OF_PROTEIN_LOCALIZATION_TO_NUCLEUS",-0.185718755191705,0.185505063167216,0.371223818358921,0.0914655996792466,0.650982037038596,2.79815343671013,0.012295160448555,0.046862050114805,3,3,3537,"higher_in_neuropathy","neuropathy_above_control","NC_GSE246156",0.651768847298108,0.98694669406878,TRUE,TRUE
"GOBP_NEGATIVE_REGULATION_OF_PROTEIN_SECRETION",0.232833600664391,-0.238852748587205,-0.471686349251596,-0.742424934877855,-0.200947763625337,-3.67385234648519,0.00186352376283221,0.0135344631399128,3,3,3537,"lower_in_neuropathy","neuropathy_below_control","NC_GSE246156",-1.19550682058677,0.358742759711512,TRUE,TRUE
"GOBP_NEGATIVE_REGULATION_OF_REACTIVE_OXYGEN_SPECIES_METABOLIC_PROCESS",-0.039064970021808,-0.0206044955642144,0.0184604744575936,-0.261994630914226,0.298915579829413,0.138802744802947,0.891225986926086,0.936144319973885,3,3,3537,"higher_in_neuropathy","overlap","NC_GSE246156",-0.984608360718332,0.645670286448781,FALSE,TRUE
"GOBP_NEGATIVE_REGULATION_OF_RECEPTOR_MEDIATED_ENDOCYTOSIS",-0.0783295841253075,0.129518118705068,0.207847702830375,-0.0738194099087043,0.489514815569454,1.55606463588962,0.137987816547672,0.258644889840549,3,3,3537,"higher_in_neuropathy","overlap","NC_GSE246156",1.41831164926716,0.165757029560202,TRUE,TRUE
"GOBP_NEGATIVE_REGULATION_OF_RESPONSE_TO_EXTERNAL_STIMULUS",-0.0960688455500059,0.104066220894061,0.200135066444067,-0.0695746093316867,0.469844742219821,1.56475089488559,0.135940382292109,0.256164694814699,3,3,3537,"higher_in_neuropathy","neuropathy_above_control","NC_GSE246156",1.6209513091016,5.92723929646965e-05,TRUE,TRUE
"GOBP_NEGATIVE_REGULATION_OF_SIGNAL_TRANSDUCTION_BY_P53_CLASS_MEDIATOR",-0.105241521025505,0.131893869258141,0.237135390283646,-0.0636825411776252,0.537953321744917,1.66230686544191,0.114653524631884,0.226253497095826,3,3,3537,"higher_in_neuropathy","neuropathy_above_control","NC_GSE246156",1.11047539031596,0.449869656803269,TRUE,TRUE
"GOBP_NEGATIVE_REGULATION_OF_SIGNAL_TRANSDUCTION_IN_ABSENCE_OF_LIGAND",-0.0739726525732691,0.0174786214072987,0.0914512739805678,-0.228094923046796,0.410997471007931,0.603496356406387,0.554092470067755,0.693246580688202,3,3,3537,"higher_in_neuropathy","overlap","NC_GSE246156",-0.768965964451913,0.877778009331552,FALSE,TRUE
"GOBP_NEGATIVE_REGULATION_OF_STEM_CELL_DIFFERENTIATION",-0.0467764330094264,0.215889851401216,0.262666284410643,-0.0339961906029604,0.559328759424246,1.86706853884963,0.0791155969020391,0.174785675354474,3,3,3537,"higher_in_neuropathy","neuropathy_above_control","NC_GSE246156",0.739642048730813,0.911995162203428,TRUE,TRUE
"GOBP_NEGATIVE_REGULATION_OF_STEROID_BIOSYNTHETIC_PROCESS",0.124790539963669,-0.0856953101486034,-0.210485850112272,-0.514937000043421,0.0939652998188766,-1.45788689747862,0.162975500953924,0.291575289263546,3,3,3537,"lower_in_neuropathy","overlap","NC_GSE246156",-0.950363686085976,0.690809337055401,TRUE,TRUE
"GOBP_NEGATIVE_REGULATION_OF_STEROID_METABOLIC_PROCESS",0.135652003473783,-0.102372189587415,-0.238024193061198,-0.537538691668347,0.0614903055459499,-1.6757984993751,0.111946617234618,0.222197073602046,3,3,3537,"lower_in_neuropathy","overlap","NC_GSE246156",-1.17598162150264,0.420151575311458,TRUE,TRUE
"GOBP_NEGATIVE_REGULATION_OF_TISSUE_REMODELING",-0.0240977368456927,0.0211678328458961,0.0452655696915888,-0.22459918640633,0.315130325789508,0.353704321750663,0.727879617784848,0.828083051818915,3,3,3537,"higher_in_neuropathy","overlap","NC_GSE246156",1.49703078750654,0.13873130596331,TRUE,TRUE
"GOBP_NEGATIVE_REGULATION_OF_TRANSMEMBRANE_RECEPTOR_PROTEIN_SERINE_THREONINE_KINASE_SIGNALING_PATHWAY",-0.0692718398419379,0.0575076102919248,0.126779450133863,-0.173914680765792,0.427473581033517,0.889083311143144,0.386282895200576,0.54003264834958,3,3,3537,"higher_in_neuropathy","overlap","NC_GSE246156",-0.867289087655768,0.840430749682338,FALSE,TRUE
"GOBP_NEGATIVE_REGULATION_OF_TUMOR_NECROSIS_FACTOR_SUPERFAMILY_CYTOKINE_PRODUCTION",-0.236533127628927,0.227170129391352,0.463703257020279,0.167942887313415,0.759463626727144,3.30612075308574,0.00414381097080766,0.0226183015489918,3,3,3537,"higher_in_neuropathy","neuropathy_above_control","NC_GSE246156",2.00494825804979,0.000646447859463801,TRUE,TRUE
"GOBP_NEPHRON_DEVELOPMENT",0.0474314745160531,-0.0685164969002879,-0.115947971416341,-0.409730365915499,0.177834423082817,-0.832254082764369,0.41672637172427,0.568438556416792,3,3,3537,"lower_in_neuropathy","overlap","NC_GSE246156",-0.968681155683594,0.685060184022676,TRUE,TRUE
"GOBP_NEPHRON_EPITHELIUM_DEVELOPMENT",0.102965812880481,-0.107260344895281,-0.210226157775762,-0.530448470018752,0.109996154467227,-1.38437487802172,0.184027458145827,0.317282534930374,3,3,3537,"lower_in_neuropathy","overlap","NC_GSE246156",-0.904148921643318,0.765058608024286,TRUE,TRUE
"GOBP_NEURON_FATE_COMMITMENT",0.023454184415961,-0.0363394740927302,-0.0597936585086912,-0.365418087614264,0.245830770596882,-0.412558564607255,0.685051348595988,0.797073847131982,3,3,3537,"lower_in_neuropathy","overlap","NC_GSE246156",-0.732442065430273,0.92375583719686,TRUE,TRUE
"GOBP_NEURON_MIGRATION",-0.00703260075812859,-0.0231280963510641,-0.0160954955929355,-0.319776000882261,0.28758500969639,-0.111765042076461,0.912309881483173,0.951589516604536,3,3,3537,"lower_in_neuropathy","overlap","NC_GSE246156",-0.898992646570051,0.801401853119755,TRUE,TRUE
"GOBP_NEURONAL_STEM_CELL_POPULATION_MAINTENANCE",-0.0160657573708048,0.0559019970033534,0.0719677543741582,-0.262746743906408,0.406682252654725,0.45340047726508,0.655955632178173,0.775652530986853,3,3,3537,"higher_in_neuropathy","overlap","NC_GSE246156",-0.766119391228837,0.870662686869483,FALSE,TRUE
"GOBP_NEUROTRANSMITTER_RECEPTOR_LOCALIZATION_TO_POSTSYNAPTIC_SPECIALIZATION_MEMBRANE",0.131474146422941,-0.143038345690093,-0.274512492113034,-0.595063828879478,0.0460388446534093,-1.8058557900447,0.0885575259717171,0.187449413143006,3,3,3537,"lower_in_neuropathy","overlap","NC_GSE246156",-1.47292120935183,0.126088343105687,TRUE,TRUE
"GOBP_NEUROTROPHIN_SIGNALING_PATHWAY",-0.000955562385114628,-0.0707267218225862,-0.0697711594374716,-0.389754591081233,0.250212272206289,-0.459797911401393,0.651447683199559,0.772433944175944,3,3,3537,"lower_in_neuropathy","overlap","NC_GSE246156",1.19822020573666,0.325103649070142,FALSE,TRUE
"GOBP_NEUTRAL_LIPID_CATABOLIC_PROCESS",0.362441289736255,-0.305926348831095,-0.66836763856735,-0.964203627432262,-0.372531649702438,-4.76412287546325,0.000176803593608677,0.0035958793611028,3,3,3537,"lower_in_neuropathy","neuropathy_below_control","NC_GSE246156",-1.5890037489543,0.069168491864831,TRUE,TRUE
"GOBP_NK_T_CELL_ACTIVATION",0.0243559728822312,0.000476286817171314,-0.0238796860650599,-0.375598889141315,0.327839517011195,-0.143169687952468,0.887828075844191,0.933775466025888,3,3,3537,"lower_in_neuropathy","overlap","NC_GSE246156",1.39749900456647,0.209187301224451,FALSE,TRUE
"GOBP_NUCLEAR_MEMBRANE_ORGANIZATION",-0.202782398227277,0.176534920069827,0.379317318297105,0.091704195720096,0.666930440874113,2.78107384141278,0.0127457680711698,0.0481128939890368,3,3,3537,"higher_in_neuropathy","neuropathy_above_control","NC_GSE246156",1.03274045591617,0.559481689782964,TRUE,TRUE
"GOBP_NUCLEOBASE_METABOLIC_PROCESS",-0.291057733019345,0.25468821120172,0.545745944221065,0.262382581778295,0.829109306663835,4.06130275192753,0.000801908920667347,0.00794496317198993,3,3,3537,"higher_in_neuropathy","neuropathy_above_control","NC_GSE246156",1.40421083580932,0.153390584205452,TRUE,TRUE
"GOBP_NUCLEOSIDE_DIPHOSPHATE_CATABOLIC_PROCESS",0.137260014273809,-0.142994234095872,-0.280254248369681,-0.572177036567154,0.0116685398277918,-2.02442994278802,0.0588186892031465,0.141621309538141,3,3,3537,"lower_in_neuropathy","overlap","NC_GSE246156",-1.74660332801588,0.0025439810907077,TRUE,TRUE
"GOBP_NUCLEOSIDE_DIPHOSPHATE_METABOLIC_PROCESS",0.113636872068053,-0.121029198891014,-0.234666070959067,-0.530585987649681,0.0612538457315472,-1.67222476829354,0.112658240488262,0.223340322889316,3,3,3537,"lower_in_neuropathy","overlap","NC_GSE246156",-1.63822773293163,0.00492016763317445,TRUE,TRUE
"GOBP_NUCLEOSIDE_PHOSPHATE_BIOSYNTHETIC_PROCESS",0.212242938200757,-0.192685741143197,-0.404928679343953,-0.724633963201265,-0.0852233954866411,-2.67083629160254,0.0160595711409498,0.0557435751968002,3,3,3537,"lower_in_neuropathy","overlap","NC_GSE246156",-1.64356186653091,0.0007750460404944,TRUE,TRUE
"GOBP_NUCLEOSIDE_PHOSPHATE_CATABOLIC_PROCESS",0.0642039201282206,-0.0673634034247389,-0.13156732355296,-0.406448329211654,0.143313682105735,-1.00930367553769,0.326884696747599,0.477764947271181,3,3,3537,"lower_in_neuropathy","overlap","NC_GSE246156",-1.47690600251106,0.02953964927479,TRUE,TRUE
"GOBP_NUCLEUS_LOCALIZATION",0.0192163582544453,-0.0222656755343987,-0.0414820337888439,-0.400346194607994,0.317382127030306,-0.243752174394006,0.810320253054112,0.883260159468864,3,3,3537,"lower_in_neuropathy","overlap","NC_GSE246156",-0.830632771018103,0.82865179368698,TRUE,TRUE
"GOBP_ORGANOPHOSPHATE_CATABOLIC_PROCESS",0.0754749969288838,-0.0584119645424423,-0.133886961471326,-0.410702211669936,0.142928288727284,-1.01992166917779,0.321965596087321,0.471549612157704,3,3,3537,"lower_in_neuropathy","neuropathy_below_control","NC_GSE246156",-1.4843066103316,0.01803972871553,TRUE,TRUE
"GOBP_OXIDATIVE_PHOSPHORYLATION",0.449173818893858,-0.372731085419623,-0.821904904313481,-1.19077061064579,-0.45303919798117,-4.69863638290761,0.000203231417881929,0.00386467486585152,3,3,3537,"lower_in_neuropathy","neuropathy_below_control","NC_GSE246156",-2.12204959404461,1.11316784214482e-06,TRUE,TRUE
"GOBP_PEPTIDE_BIOSYNTHETIC_PROCESS",0.0435536418173738,-0.0708083195764128,-0.114361961393787,-0.403041994196973,0.1743180714094,-0.835378694982214,0.415013341582593,0.566757601999086,3,3,3537,"lower_in_neuropathy","overlap","NC_GSE246156",1.29681124109039,0.27154640958715,FALSE,TRUE
"GOBP_PEPTIDE_CATABOLIC_PROCESS",0.0474328504855051,-0.118861139666794,-0.166293990152299,-0.523367698872757,0.190779718568158,-0.982058198552805,0.339749355199008,0.492497323499546,3,3,3537,"lower_in_neuropathy","overlap","NC_GSE246156",-1.22842721212426,0.366448284815456,TRUE,TRUE
"GOBP_PEPTIDE_METABOLIC_PROCESS",0.0813463812530243,-0.103786148888232,-0.185132530141256,-0.464134095882564,0.0938690356000507,-1.39924782925385,0.179599303338416,0.313236063070995,3,3,3537,"lower_in_neuropathy","overlap","NC_GSE246156",-1.17953878476856,0.380149955682142,TRUE,TRUE
"GOBP_PEPTIDYL_SERINE_MODIFICATION",-0.188227047720417,0.243777704604354,0.432004752324771,0.110614260936907,0.753395243712635,2.83448423945439,0.0113871615413083,0.0442111859183399,3,3,3537,"higher_in_neuropathy","overlap","NC_GSE246156",1.55653629489467,0.0418531552031646,TRUE,TRUE
"GOBP_PERIPHERAL_NERVOUS_SYSTEM_AXON_ENSHEATHMENT",0.37214730633613,-0.334764281988768,-0.706911588324898,-1.03869908996699,-0.375124086682811,-4.49286764211636,0.000315595168270561,0.00481146599212489,3,3,3537,"lower_in_neuropathy","neuropathy_below_control","NC_GSE246156",-1.78330875904051,0.0175461035999467,TRUE,TRUE
"GOBP_PERIPHERAL_NERVOUS_SYSTEM_DEVELOPMENT",0.118240250359212,-0.0919660251616684,-0.21020627552088,-0.525563266158242,0.105150715116481,-1.40560003912605,0.177734515554648,0.310749867284622,3,3,3537,"lower_in_neuropathy","overlap","NC_GSE246156",-1.50276052998074,0.0527724787654663,TRUE,TRUE
"GOBP_PHAGOCYTOSIS",-0.188309171849719,0.190740967340013,0.379050139189733,0.0926396305790637,0.665460647800401,2.79078421416042,0.0124876666662062,0.0474934161272808,3,3,3537,"higher_in_neuropathy","neuropathy_above_control","NC_GSE246156",2.03110478978842,8.10180241333451e-08,TRUE,TRUE
"GOBP_PHARYNGEAL_SYSTEM_DEVELOPMENT",0.177284058984106,-0.215101740963071,-0.392385799947177,-0.713951469596956,-0.0708201302973979,-2.57313250389503,0.0196723262460187,0.0639531414817721,3,3,3537,"lower_in_neuropathy","overlap","NC_GSE246156",-1.22957452314203,0.35640583758448,TRUE,TRUE
"GOBP_PHOSPHATIDYLETHANOLAMINE_METABOLIC_PROCESS",0.314845739128538,-0.322616489762611,-0.637462228891149,-0.931150016461184,-0.343774441321115,-4.5770653702674,0.000263473503254088,0.00441561818712225,3,3,3537,"lower_in_neuropathy","neuropathy_below_control","NC_GSE246156",-1.60100569570224,0.0634459652990548,TRUE,TRUE
"GOBP_PIGMENT_GRANULE_LOCALIZATION",-0.210981238680045,0.144570486841945,0.35555172552199,0.032599751732745,0.678503699311235,2.32157860778591,0.0328431316173933,0.0919763709665241,3,3,3537,"higher_in_neuropathy","overlap","NC_GSE246156",0.891394278707682,0.761788617114118,TRUE,TRUE
"GOBP_PIGMENTATION",-0.126164014160484,0.106306030187208,0.232470044347692,-0.0386753105985532,0.503615399293938,1.80793734394388,0.0882208556451134,0.186960555072958,3,3,3537,"higher_in_neuropathy","neuropathy_above_control","NC_GSE246156",1.08282491138312,0.447321731207289,TRUE,TRUE
"GOBP_PITUITARY_GLAND_DEVELOPMENT",0.0284387331962448,-0.134950579670957,-0.163389312867201,-0.462201041525207,0.135422415790804,-1.15304047413256,0.264741941100846,0.41232595582285,3,3,3537,"lower_in_neuropathy","overlap","NC_GSE246156",-0.799576268543099,0.844331122885996,TRUE,TRUE
"GOBP_PLASMA_MEMBRANE_PHOSPHOLIPID_SCRAMBLING",0.150321744297243,-0.166698093522151,-0.317019837819395,-0.601690994291525,-0.0323486813472645,-2.348342941382,0.031123627298657,0.087997018189728,3,3,3537,"lower_in_neuropathy","neuropathy_below_control","NC_GSE246156",0.808258603127975,0.853600510041441,FALSE,TRUE
"GOBP_PLASMA_MEMBRANE_TUBULATION",-0.0834328532901243,0.107750755097248,0.191183608387373,-0.153428070008726,0.535795286783472,1.16987432320696,0.258083753726397,0.404628651121573,3,3,3537,"higher_in_neuropathy","overlap","NC_GSE246156",-1.05056706637854,0.575676590108825,FALSE,TRUE
"GOBP_PLASMINOGEN_ACTIVATION",-0.377901350414952,0.367640554400985,0.745541904815937,0.461694825833486,1.02938898379839,5.53867873918075,3.52055245059359e-05,0.00175647093396831,3,3,3537,"higher_in_neuropathy","neuropathy_above_control","NC_GSE246156",1.75985875870841,0.0227131332293037,TRUE,TRUE
"GOBP_PLATELET_DENSE_GRANULE_ORGANIZATION",-0.381731270209824,0.320283962322203,0.702015232532027,0.366294633680671,1.03773583138338,4.40947710891251,0.000377572160942559,0.00533264830599855,3,3,3537,"higher_in_neuropathy","neuropathy_above_control","NC_GSE246156",1.86203139353701,0.0121822126029175,TRUE,TRUE
"GOBP_POSITIVE_REGULATION_OF_ADAPTIVE_IMMUNE_RESPONSE",-0.258622286643358,0.259673583254969,0.518295869898327,0.231194754173782,0.805396985622873,3.80681186028944,0.00139497123855886,0.0112514836029118,3,3,3537,"higher_in_neuropathy","neuropathy_above_control","NC_GSE246156",2.05342974978456,2.94390588483719e-05,TRUE,TRUE
"GOBP_POSITIVE_REGULATION_OF_B_CELL_ACTIVATION",-0.28907594328572,0.252417193978707,0.541493137264427,0.258519478990967,0.824466795537887,4.0352039805829,0.000848686636884428,0.00827014432795028,3,3,3537,"higher_in_neuropathy","neuropathy_above_control","NC_GSE246156",2.09807816488098,5.64150638016296e-05,TRUE,TRUE
"GOBP_POSITIVE_REGULATION_OF_BINDING",-0.0676335092233472,0.0356947149571606,0.103328224180508,-0.206968112751233,0.413624561112248,0.702200060687665,0.491993670225777,0.639302575895876,3,3,3537,"higher_in_neuropathy","overlap","NC_GSE246156",1.3295753348217,0.212440634773543,TRUE,TRUE
"GOBP_POSITIVE_REGULATION_OF_BLOOD_PRESSURE",0.0344988839111904,0.00546493883905931,-0.0290339450721311,-0.333605013180148,0.275537123035886,-0.201018464076298,0.843053438975696,0.903873905321927,3,3,3537,"lower_in_neuropathy","overlap","NC_GSE246156",-1.13475398978507,0.476338430805762,TRUE,TRUE
"GOBP_POSITIVE_REGULATION_OF_CALCIUM_MEDIATED_SIGNALING",-0.101504889401164,0.108152000412911,0.209656889814075,-0.108377821368066,0.527691600996216,1.39012278596242,0.182305784496041,0.315925072433571,3,3,3537,"higher_in_neuropathy","overlap","NC_GSE246156",1.30101354243143,0.215532452668225,TRUE,TRUE
"GOBP_POSITIVE_REGULATION_OF_CELL_ACTIVATION",-0.215037852501203,0.210655390279981,0.425693242781184,0.131758686006501,0.719627799555868,3.05396921468642,0.00713519125994553,0.0318655245720335,3,3,3537,"higher_in_neuropathy","neuropathy_above_control","NC_GSE246156",1.98166458679916,4.84520547945206e-09,TRUE,TRUE
"GOBP_POSITIVE_REGULATION_OF_CELL_ADHESION",-0.123819060979008,0.103474130111987,0.227293191090995,-0.0528524367018031,0.507438818883793,1.71088619855799,0.105162616026579,0.211922403238999,3,3,3537,"higher_in_neuropathy","neuropathy_above_control","NC_GSE246156",1.35044568731753,0.00740945284703055,TRUE,TRUE
"GOBP_POSITIVE_REGULATION_OF_CELL_CELL_ADHESION",-0.192295513402152,0.177730177167266,0.370025690569417,0.0826586684764151,0.657392712662419,2.71527296866195,0.0146348741567708,0.0527590456611772,3,3,3537,"higher_in_neuropathy","neuropathy_above_control","NC_GSE246156",1.66237245820779,7.81873347876131e-05,TRUE,TRUE
"GOBP_POSITIVE_REGULATION_OF_CELL_DEVELOPMENT",-0.136033785731288,0.109961975669839,0.245995761401127,-0.0311310628191381,0.523122585621392,1.87183517866214,0.0784191474101744,0.17378980224924,3,3,3537,"higher_in_neuropathy","neuropathy_above_control","NC_GSE246156",1.39460560164598,0.00278317674640522,TRUE,TRUE
"GOBP_POSITIVE_REGULATION_OF_CELL_GROWTH",-0.0751116833563493,0.0311711524408555,0.106282835797205,-0.187184278101213,0.399749949695622,0.763699028928686,0.455445200262891,0.607520087198065,3,3,3537,"higher_in_neuropathy","overlap","NC_GSE246156",1.25186099711306,0.135652229496146,TRUE,TRUE
"GOBP_POSITIVE_REGULATION_OF_CELLULAR_COMPONENT_BIOGENESIS",0.00335550942631549,0.00306919220636186,-0.000286317219953628,-0.282053880445791,0.281481246005884,-0.00214276733988031,0.998315095588088,0.998720962593413,3,3,3537,"lower_in_neuropathy","overlap","NC_GSE246156",1.08592623239877,0.27154640958715,FALSE,TRUE
"GOBP_POSITIVE_REGULATION_OF_CHONDROCYTE_DIFFERENTIATION",0.21175659396008,-0.20727949054633,-0.419036084506411,-0.70541475606936,-0.132657412943461,-3.08552662774607,0.006668183416798,0.0306247465936418,3,3,3537,"lower_in_neuropathy","neuropathy_below_control","NC_GSE246156",-1.09746069852267,0.516077452317648,TRUE,TRUE
"GOBP_POSITIVE_REGULATION_OF_COLLAGEN_METABOLIC_PROCESS",-0.0370433855845705,0.0052520820063756,0.042295467590946,-0.377757356733321,0.462348291915212,0.212328585853509,0.834358616890127,0.898364209418684,3,3,3537,"higher_in_neuropathy","overlap","NC_GSE246156",1.56941086337713,0.0970557169597694,TRUE,TRUE
"GOBP_POSITIVE_REGULATION_OF_CYTOKINE_PRODUCTION",-0.253046477324712,0.250094560919467,0.503141038244179,0.220984884879584,0.785297191608774,3.76026767626565,0.00154380127670386,0.0118704893819599,3,3,3537,"higher_in_neuropathy","neuropathy_above_control","NC_GSE246156",2.18947421767395,4.84520547945206e-09,TRUE,TRUE
"GOBP_POSITIVE_REGULATION_OF_CYTOKINE_PRODUCTION_INVOLVED_IN_IMMUNE_RESPONSE",-0.147266143785863,0.152545533149843,0.299811676935706,0.00412020567892518,0.595503148192488,2.13810136704881,0.0472210064633336,0.120941853628393,3,3,3537,"higher_in_neuropathy","overlap","NC_GSE246156",1.23639088431424,0.256942373269824,TRUE,TRUE
"GOBP_POSITIVE_REGULATION_OF_DNA_TEMPLATED_TRANSCRIPTION_INITIATION",-0.204176634416675,0.220597083519565,0.42477371793624,0.133935391812775,0.715612044059706,3.07981441334771,0.00675044306210247,0.0307288508502657,3,3,3537,"higher_in_neuropathy","neuropathy_above_control","NC_GSE246156",1.75316495752058,0.0045947065935662,TRUE,TRUE
"GOBP_POSITIVE_REGULATION_OF_ERBB_SIGNALING_PATHWAY",-0.116664384832935,0.0713432272852735,0.188007612118209,-0.149928462684049,0.525943686920466,1.17316588096573,0.256796768526712,0.40332753412572,3,3,3537,"higher_in_neuropathy","overlap","NC_GSE246156",1.59586715399045,0.0592272713741367,TRUE,TRUE
"GOBP_POSITIVE_REGULATION_OF_EXOCYTOSIS",-0.00902086370016256,0.0463603337304008,0.0553811974305633,-0.228402999325937,0.339165394187064,0.411521642660619,0.685796970175773,0.797073847131982,3,3,3537,"higher_in_neuropathy","overlap","NC_GSE246156",1.10932304636693,0.415048408775828,TRUE,TRUE
"GOBP_POSITIVE_REGULATION_OF_G_PROTEIN_COUPLED_RECEPTOR_SIGNALING_PATHWAY",0.122920420534565,-0.119306712409142,-0.242227132943707,-0.523397312144095,0.0389430462566801,-1.81665340389933,0.0868232960182428,0.184775775087379,3,3,3537,"lower_in_neuropathy","neuropathy_below_control","NC_GSE246156",0.94548876317114,0.695397311605949,FALSE,TRUE
"GOBP_POSITIVE_REGULATION_OF_GLUCONEOGENESIS",0.00635484449892417,0.00212831056089426,-0.00422653393802991,-0.331945440506607,0.323492372630547,-0.0271957731092482,0.978618146401118,0.988398738955098,3,3,3537,"lower_in_neuropathy","overlap","NC_GSE246156",-0.770929792979,0.865926251417986,TRUE,TRUE
"GOBP_POSITIVE_REGULATION_OF_GROWTH",-0.028540184893909,0.00345932957792561,0.0319995144718346,-0.255009381105242,0.319008410048911,0.235107550711978,0.816914903778146,0.8865995749197,3,3,3537,"higher_in_neuropathy","overlap","NC_GSE246156",1.05216704669949,0.482872804854252,TRUE,TRUE
"GOBP_POSITIVE_REGULATION_OF_HEMOPOIESIS",-0.197484913633221,0.200032877173328,0.39751779080655,0.114364529652849,0.68067105196025,2.96042148979934,0.00871493495089979,0.0366961010968245,3,3,3537,"higher_in_neuropathy","neuropathy_above_control","NC_GSE246156",1.95993774043664,4.7340281233619e-06,TRUE,TRUE
"GOBP_POSITIVE_REGULATION_OF_INFLAMMASOME_MEDIATED_SIGNALING_PATHWAY",-0.282416559031165,0.279737536495495,0.562154095526661,0.223118989839063,0.901189201214259,3.4964655607635,0.00274160474418437,0.0174094362301259,3,3,3537,"higher_in_neuropathy","overlap","NC_GSE246156",1.28348929691971,0.261561437163425,TRUE,TRUE
"GOBP_POSITIVE_REGULATION_OF_INTERFERON_ALPHA_PRODUCTION",-0.381459835556987,0.36253695123535,0.743996786792337,0.437560479936711,1.05043309364796,5.11975744370418,8.35827806342856e-05,0.00254855426813335,3,3,3537,"higher_in_neuropathy","neuropathy_above_control","NC_GSE246156",1.77701032809837,0.030550480660666,TRUE,TRUE
"GOBP_POSITIVE_REGULATION_OF_INTERLEUKIN_10_PRODUCTION",-0.2654494559651,0.287721972020807,0.553171427985907,0.216683190702806,0.889659665269008,3.46663724664338,0.00292525626003983,0.0179806288961933,3,3,3537,"higher_in_neuropathy","neuropathy_above_control","NC_GSE246156",2.01241778517436,0.00219953028259336,TRUE,TRUE
"GOBP_POSITIVE_REGULATION_OF_INTERLEUKIN_2_PRODUCTION",-0.279691815608591,0.203004948960499,0.482696764569089,0.173300149314805,0.792093379823373,3.28985968508556,0.00429225920599635,0.022898523094433,3,3,3537,"higher_in_neuropathy","neuropathy_above_control","NC_GSE246156",1.43371737571634,0.106440016832354,TRUE,TRUE
"GOBP_POSITIVE_REGULATION_OF_LEUKOCYTE_CELL_CELL_ADHESION",-0.199465272262774,0.185957602740199,0.385422875002972,0.0935294449541508,0.677316305051794,2.78440056030164,0.0126567708496348,0.0478791427755705,3,3,3537,"higher_in_neuropathy","neuropathy_above_control","NC_GSE246156",1.70709131735579,9.1462359395681e-05,TRUE,TRUE
"GOBP_POSITIVE_REGULATION_OF_LEUKOCYTE_CHEMOTAXIS",-0.131749264326932,0.146015170789459,0.27776443511639,-0.00291597242272157,0.558444842655503,2.08681084664738,0.0521682130653562,0.130679156949125,3,3,3537,"higher_in_neuropathy","neuropathy_above_control","NC_GSE246156",1.63073137894151,0.0161427992208177,TRUE,TRUE
"GOBP_POSITIVE_REGULATION_OF_LEUKOCYTE_DEGRANULATION",-0.174793077455956,0.187691063363766,0.362484140819722,0.0422652501534093,0.682703031486035,2.38704500659043,0.0287854082481189,0.0835161929831713,3,3,3537,"higher_in_neuropathy","overlap","NC_GSE246156",1.82630282685242,0.0151602506944258,TRUE,TRUE
"GOBP_POSITIVE_REGULATION_OF_LEUKOCYTE_MEDIATED_IMMUNITY",-0.238442973997178,0.237240278411804,0.475683252408983,0.17234634272152,0.779020162096445,3.30682451911793,0.00413750186012068,0.0226183015489918,3,3,3537,"higher_in_neuropathy","neuropathy_above_control","NC_GSE246156",2.10514194041642,6.79728348815993e-06,TRUE,TRUE
"GOBP_POSITIVE_REGULATION_OF_LEUKOCYTE_PROLIFERATION",-0.205782842855237,0.179022063639646,0.384804906494883,0.0862572213287622,0.683352591661004,2.71797487991382,0.0145522721494105,0.0525218230535357,3,3,3537,"higher_in_neuropathy","neuropathy_above_control","NC_GSE246156",1.74245495019095,0.000823927972211478,TRUE,TRUE
"GOBP_POSITIVE_REGULATION_OF_LIPID_BIOSYNTHETIC_PROCESS",0.19846331317691,-0.149629910400891,-0.348093223577801,-0.619047724901619,-0.0771387222539832,-2.70905451406309,0.0148266944414687,0.0530712134807771,3,3,3537,"lower_in_neuropathy","neuropathy_below_control","NC_GSE246156",-1.28833027430427,0.215879593260284,TRUE,TRUE
"GOBP_POSITIVE_REGULATION_OF_LIPID_METABOLIC_PROCESS",0.209709804800003,-0.15388441259826,-0.363594217398264,-0.632039748040124,-0.0951486867564037,-2.85613897474575,0.010877117594627,0.042937907290397,3,3,3537,"lower_in_neuropathy","neuropathy_below_control","NC_GSE246156",-1.35847727223175,0.133853871314441,TRUE,TRUE
"GOBP_POSITIVE_REGULATION_OF_LYMPHOCYTE_DIFFERENTIATION",-0.19013072040438,0.196684214565616,0.386814934969997,0.100717296313425,0.672912573626568,2.85106754529928,0.0109945498526491,0.043208580920911,3,3,3537,"higher_in_neuropathy","neuropathy_above_control","NC_GSE246156",1.83363294345771,0.000235775913858626,TRUE,TRUE
"GOBP_POSITIVE_REGULATION_OF_MACROPHAGE_CHEMOTAXIS",-0.282403361153353,0.266682841819378,0.54908620297273,0.247382532385186,0.850789873560275,3.8377659305329,0.00130403747728627,0.0109039729483724,3,3,3537,"higher_in_neuropathy","neuropathy_above_control","NC_GSE246156",1.30846030328909,0.276329888185604,TRUE,TRUE
"GOBP_POSITIVE_REGULATION_OF_MACROPHAGE_MIGRATION",-0.272380103664168,0.3111305392527,0.583510642916868,0.304870353683763,0.862150932149974,4.41594255599718,0.000372353027884215,0.00531871938801297,3,3,3537,"higher_in_neuropathy","neuropathy_above_control","NC_GSE246156",1.57382400217755,0.0737166614440124,TRUE,TRUE
"GOBP_POSITIVE_REGULATION_OF_MAP_KINASE_ACTIVITY",-0.0234314984833451,0.0130677392710901,0.0364992377544352,-0.318255934510153,0.391254410019023,0.216956968799677,0.830806764153514,0.895903513661884,3,3,3537,"higher_in_neuropathy","overlap","NC_GSE246156",-0.709389484106719,0.931560643644781,FALSE,TRUE
"GOBP_POSITIVE_REGULATION_OF_MEIOTIC_CELL_CYCLE",0.210130808169023,-0.18621071555777,-0.396341523726792,-0.729040889799461,-0.0636421576541243,-2.51209550921614,0.0223082309167172,0.070137078002159,3,3,3537,"lower_in_neuropathy","overlap","NC_GSE246156",-0.80590510534533,0.836876518619711,TRUE,TRUE
"GOBP_POSITIVE_REGULATION_OF_MESENCHYMAL_CELL_PROLIFERATION",0.208662892487451,-0.222488576712203,-0.431151469199654,-0.748469066818852,-0.113833871580457,-2.86519548779356,0.0106704175914477,0.0424152771809348,3,3,3537,"lower_in_neuropathy","neuropathy_below_control","NC_GSE246156",-1.14118286125022,0.458222508749309,TRUE,TRUE
"GOBP_POSITIVE_REGULATION_OF_MUSCLE_CELL_DIFFERENTIATION",0.058325079391533,-0.0778058833960437,-0.136130962787577,-0.431393161827436,0.159131236252282,-0.972226852540768,0.344477264303178,0.496821647180144,3,3,3537,"lower_in_neuropathy","overlap","NC_GSE246156",-1.35949137123396,0.166007485132922,TRUE,TRUE
"GOBP_POSITIVE_REGULATION_OF_MUSCLE_HYPERTROPHY",0.0360978339210689,0.0104916464792835,-0.0256061874417854,-0.398776553845775,0.347564178962205,-0.144695930554237,0.886641035087778,0.933494661445928,3,3,3537,"lower_in_neuropathy","overlap","NC_GSE246156",0.760873103371356,0.902443122474002,FALSE,TRUE
"GOBP_POSITIVE_REGULATION_OF_MYELOID_LEUKOCYTE_CYTOKINE_PRODUCTION_INVOLVED_IN_IMMUNE_RESPONSE",-0.241079186596999,0.273233973281743,0.514313159878743,0.213122872876779,0.815503446880706,3.60085157507943,0.0021845887607457,0.0150004297323162,3,3,3537,"higher_in_neuropathy","neuropathy_above_control","NC_GSE246156",0.957209983934894,0.669620077392194,TRUE,TRUE
"GOBP_POSITIVE_REGULATION_OF_NATURAL_KILLER_CELL_MEDIATED_CYTOTOXICITY",-0.150588512654055,0.100905429495196,0.251493942149251,-0.138599465424659,0.641587349723162,1.35949452624772,0.191631548050867,0.327123931204593,3,3,3537,"higher_in_neuropathy","overlap","NC_GSE246156",0.655534565926063,0.961950341867299,TRUE,TRUE
"GOBP_POSITIVE_REGULATION_OF_NATURAL_KILLER_CELL_MEDIATED_IMMUNITY",-0.168832498304822,0.0929863315454573,0.261818829850279,-0.142563594650176,0.666201254350735,1.36529704915926,0.189835979373257,0.324685618492849,3,3,3537,"higher_in_neuropathy","overlap","NC_GSE246156",0.620286792396428,0.975819208638878,TRUE,TRUE
"GOBP_POSITIVE_REGULATION_OF_NERVOUS_SYSTEM_DEVELOPMENT",-0.0481084426702014,0.0121972914542424,0.0603057341244438,-0.233130510151485,0.353741978400373,0.433374545342326,0.670154753520239,0.787225959216568,3,3,3537,"higher_in_neuropathy","overlap","NC_GSE246156",1.13194018934618,0.266483274162606,TRUE,TRUE
"GOBP_POSITIVE_REGULATION_OF_NEUROTRANSMITTER_TRANSPORT",-0.0122742891376137,-0.0469082024693248,-0.0346339133317111,-0.34503850915032,0.275770682486898,-0.235283769216921,0.816780330472314,0.8865995749197,3,3,3537,"lower_in_neuropathy","overlap","NC_GSE246156",0.946546550686461,0.690832762240981,FALSE,TRUE
"GOBP_POSITIVE_REGULATION_OF_NEUTROPHIL_MIGRATION",-0.0967319263273008,0.116703640340953,0.213435566668253,-0.110504768519448,0.537375901855955,1.38937765537787,0.182528237335134,0.315925072433571,3,3,3537,"higher_in_neuropathy","overlap","NC_GSE246156",1.46357567574717,0.12649474763531,TRUE,TRUE
"GOBP_POSITIVE_REGULATION_OF_OLIGODENDROCYTE_DIFFERENTIATION",-0.107629036750027,0.0637860212046727,0.171415057954699,-0.19833395346662,0.541164069376019,0.977598427137518,0.341888423421384,0.494584602716334,3,3,3537,"higher_in_neuropathy","overlap","NC_GSE246156",1.29865754795619,0.285824433006719,TRUE,TRUE
"GOBP_POSITIVE_REGULATION_OF_ORGAN_GROWTH",0.028738920784226,-0.0438144453739276,-0.0725533661581537,-0.368708081236194,0.223601348919887,-0.516603638922655,0.612042985148989,0.740354322322837,3,3,3537,"lower_in_neuropathy","overlap","NC_GSE246156",-0.793255138722705,0.869185236058506,TRUE,TRUE
"GOBP_POSITIVE_REGULATION_OF_PEPTIDYL_SERINE_PHOSPHORYLATION",-0.234152245000876,0.278011923931319,0.512164168932195,0.200932993088811,0.823395344775581,3.47012120526862,0.00290319128019462,0.0179520761504342,3,3,3537,"higher_in_neuropathy","neuropathy_above_control","NC_GSE246156",1.47785927465971,0.150941921550651,TRUE,TRUE
"GOBP_POSITIVE_REGULATION_OF_PEPTIDYL_TYROSINE_PHOSPHORYLATION",-0.224982357061145,0.253403975908132,0.478386332969276,0.207269562327618,0.749503103610936,3.72083941279886,0.00168224419987709,0.0125794878117659,3,3,3537,"higher_in_neuropathy","neuropathy_above_control","NC_GSE246156",1.31063717339795,0.202080296236897,TRUE,TRUE
"GOBP_POSITIVE_REGULATION_OF_PHAGOCYTOSIS",-0.305523885845704,0.31032521251299,0.615849098358694,0.323209386449336,0.908488810268053,4.43771691828683,0.000355308469965323,0.0051717121739397,3,3,3537,"higher_in_neuropathy","neuropathy_above_control","NC_GSE246156",2.03448290382598,0.000314013637818795,TRUE,TRUE
"GOBP_POSITIVE_REGULATION_OF_PROTEASOMAL_PROTEIN_CATABOLIC_PROCESS",-0.000231059093820106,-0.00483063722164737,-0.00459957812782726,-0.307983285023423,0.298784128767769,-0.0319701219202663,0.974865711416246,0.986580835845282,3,3,3537,"lower_in_neuropathy","overlap","NC_GSE246156",-0.737113546896274,0.964158336495056,TRUE,TRUE
"GOBP_POSITIVE_REGULATION_OF_PROTEIN_EXPORT_FROM_NUCLEUS",-0.153785412904355,0.190303324406081,0.344088737310437,0.0689767068604529,0.619200767760421,2.63742076516013,0.017217325203953,0.0587248594468484,3,3,3537,"higher_in_neuropathy","neuropathy_above_control","NC_GSE246156",-0.970309719843712,0.669620077392194,FALSE,TRUE
"GOBP_POSITIVE_REGULATION_OF_PROTEIN_LOCALIZATION_TO_CELL_PERIPHERY",0.101160988994629,-0.100595111660347,-0.201756100654977,-0.481693739047373,0.0781815377374199,-1.5197912053257,0.146819332338094,0.270468738791583,3,3,3537,"lower_in_neuropathy","overlap","NC_GSE246156",1.04097660308764,0.53493472621712,FALSE,TRUE
"GOBP_POSITIVE_REGULATION_OF_PROTEIN_LOCALIZATION_TO_MEMBRANE",0.0974732068292923,-0.0816431569947691,-0.179116363824061,-0.46347243148523,0.105239703837107,-1.32828512835159,0.201523540368851,0.338777928842502,3,3,3537,"lower_in_neuropathy","overlap","NC_GSE246156",1.03928570205813,0.542241338912134,FALSE,TRUE
"GOBP_POSITIVE_REGULATION_OF_PROTEIN_LOCALIZATION_TO_PLASMA_MEMBRANE",0.0882233303240878,-0.0609771306910437,-0.149200461015131,-0.427277134583918,0.128876212553655,-1.13142078100646,0.273481124160091,0.421666406344481,3,3,3537,"lower_in_neuropathy","overlap","NC_GSE246156",1.15608366088369,0.353934918840422,FALSE,TRUE
"GOBP_POSITIVE_REGULATION_OF_RECEPTOR_SIGNALING_PATHWAY_VIA_STAT",-0.275029130192261,0.246576821954358,0.52160595214662,0.248082256251156,0.795129648042083,4.02129680031252,0.000874726019456916,0.00843582527275435,3,3,3537,"higher_in_neuropathy","neuropathy_above_control","NC_GSE246156",1.71630115385013,0.0293032244979928,TRUE,TRUE
"GOBP_POSITIVE_REGULATION_OF_REGULATED_SECRETORY_PATHWAY",-0.049269535011619,0.0819677819668104,0.131237316978429,-0.194360217959054,0.456834851915912,0.849952744669921,0.407083343333796,0.559601160268805,3,3,3537,"higher_in_neuropathy","overlap","NC_GSE246156",1.29605040519277,0.236162786237582,TRUE,TRUE
"GOBP_POSITIVE_REGULATION_OF_RELEASE_OF_CYTOCHROME_C_FROM_MITOCHONDRIA",-0.216226946197076,0.18752902343083,0.403755969627906,0.110346275624467,0.697165663631346,2.90177038395614,0.00987365857897336,0.040141529188309,3,3,3537,"higher_in_neuropathy","neuropathy_above_control","NC_GSE246156",1.37620167011147,0.225517615736552,TRUE,TRUE
"GOBP_POSITIVE_REGULATION_OF_RESPONSE_TO_ENDOPLASMIC_RETICULUM_STRESS",-0.0847979279605104,0.0814094505661545,0.166207378526665,-0.134399150856295,0.466813907909625,1.16592452048507,0.259634533677497,0.406699444471792,3,3,3537,"higher_in_neuropathy","overlap","NC_GSE246156",0.876221827633966,0.812649554612324,TRUE,TRUE
"GOBP_POSITIVE_REGULATION_OF_SMOOTH_MUSCLE_CELL_MIGRATION",-0.13683941602746,0.0975343291837236,0.234373745211184,-0.0544250082236345,0.523172498646002,1.71132380461903,0.105080298948561,0.211897957457844,3,3,3537,"higher_in_neuropathy","overlap","NC_GSE246156",0.918980487561799,0.733870059729223,TRUE,TRUE
"GOBP_POSITIVE_REGULATION_OF_SMOOTH_MUSCLE_CONTRACTION",0.0141378067408343,-0.0298358398250966,-0.0439736465659309,-0.380126846998954,0.292179553867092,-0.275850500890604,0.785965574928108,0.867687598740774,3,3,3537,"lower_in_neuropathy","overlap","NC_GSE246156",1.0623813599269,0.543679985387696,FALSE,TRUE
"GOBP_POSITIVE_REGULATION_OF_SMOOTHENED_SIGNALING_PATHWAY",0.0614971196822354,-0.0579182700222478,-0.119415389704483,-0.426383376377397,0.187552596968431,-0.820324647001078,0.423308237333778,0.574756712264711,3,3,3537,"lower_in_neuropathy","overlap","NC_GSE246156",-0.69991520652175,0.949212674655874,TRUE,TRUE
"GOBP_POSITIVE_REGULATION_OF_STEROID_BIOSYNTHETIC_PROCESS",0.321334948016188,-0.208252845410767,-0.529587793426955,-0.8308956156037,-0.22827997125021,-3.70634724648749,0.00173619266949293,0.0128740324360514,3,3,3537,"lower_in_neuropathy","neuropathy_below_control","NC_GSE246156",-1.43474372131017,0.166094111078369,TRUE,TRUE
"GOBP_POSITIVE_REGULATION_OF_STEROID_METABOLIC_PROCESS",0.322591724872885,-0.22069106622171,-0.543282791094596,-0.840467092678251,-0.246098489510941,-3.85494893828111,0.00125614913967662,0.0106802872765294,3,3,3537,"lower_in_neuropathy","neuropathy_below_control","NC_GSE246156",-1.23793681081762,0.335907554445022,TRUE,TRUE
"GOBP_POSITIVE_REGULATION_OF_STRIATED_MUSCLE_CELL_DIFFERENTIATION",0.110258809889646,-0.130325671192269,-0.240584481081915,-0.530014202993714,0.0488452408298846,-1.75284303870206,0.0975196154479905,0.199917479003832,3,3,3537,"lower_in_neuropathy","overlap","NC_GSE246156",-1.5315861832568,0.0769780811055732,TRUE,TRUE
"GOBP_POSITIVE_REGULATION_OF_T_CELL_CYTOKINE_PRODUCTION",-0.0662205252150164,0.00974188125832192,0.0759624064733383,-0.212506389504624,0.3644312024513,0.555288166605136,0.585882247327686,0.717118543415962,3,3,3537,"higher_in_neuropathy","overlap","NC_GSE246156",0.974823583639288,0.646511477601736,TRUE,TRUE
"GOBP_POSITIVE_REGULATION_OF_T_CELL_MEDIATED_IMMUNITY",-0.147595162927761,0.175724900614527,0.323320063542288,0.0340001159244216,0.612640011160154,2.35652918908267,0.0306147153104232,0.0868358043728684,3,3,3537,"higher_in_neuropathy","neuropathy_above_control","NC_GSE246156",1.0335428367985,0.558202856750446,TRUE,TRUE
"GOBP_POTASSIUM_ION_IMPORT_ACROSS_PLASMA_MEMBRANE",0.379102055169697,-0.338184447749478,-0.717286502919175,-1.01082516480496,-0.423747841033392,-5.15283094795648,7.80101410445941e-05,0.00253399960429103,3,3,3537,"lower_in_neuropathy","neuropathy_below_control","NC_GSE246156",-1.95899375960441,0.00148469773405339,TRUE,TRUE
"GOBP_POTASSIUM_ION_TRANSPORT",0.212594656977582,-0.20506654154725,-0.417661198524832,-0.685314280645154,-0.150008116404511,-3.29056464681968,0.00428571618297838,0.022898523094433,3,3,3537,"lower_in_neuropathy","neuropathy_below_control","NC_GSE246156",-1.79141025024708,0.000364589853056399,TRUE,TRUE
"GOBP_PROTEASOMAL_UBIQUITIN_INDEPENDENT_PROTEIN_CATABOLIC_PROCESS",-0.282525382133542,0.272807719918521,0.555333102052063,0.08568125310922,1.02498495099491,2.49342362965004,0.0231791973084911,0.0721767017659195,3,3,3537,"higher_in_neuropathy","overlap","NC_GSE246156",1.22704589685168,0.34780777948952,TRUE,TRUE
"GOBP_PROTEIN_AUTOUBIQUITINATION",-0.00476377872191417,-0.0536283276125098,-0.0488645488905956,-0.395237782850467,0.297508685069276,-0.297487084295397,0.769674905174608,0.856883088065727,3,3,3537,"lower_in_neuropathy","overlap","NC_GSE246156",-0.733233049845142,0.950524254173158,TRUE,TRUE
"GOBP_PROTEIN_CONTAINING_COMPLEX_LOCALIZATION",0.0306897133890924,-0.0649943488229616,-0.0956840622120539,-0.372507322632731,0.181139198208623,-0.728879223776142,0.475930956866672,0.62671920865131,3,3,3537,"lower_in_neuropathy","overlap","NC_GSE246156",-1.06926419878456,0.52530779753762,TRUE,TRUE
"GOBP_PROTEIN_DEACETYLATION",-0.014804381240729,-0.0197327279260239,-0.00492834668529494,-0.313908820446014,0.304052127075424,-0.0336347932004158,0.973557488532244,0.985821024030503,3,3,3537,"lower_in_neuropathy","overlap","NC_GSE246156",-0.635405239101441,0.974863674913624,TRUE,TRUE
"GOBP_PROTEIN_DEACYLATION",-0.0465777570932543,0.0451584446164097,0.091736201709664,-0.220135252876761,0.40360765629609,0.62027413875798,0.543247975122928,0.685015361144313,3,3,3537,"higher_in_neuropathy","overlap","NC_GSE246156",-0.430116632625753,1,FALSE,TRUE
"GOBP_PROTEIN_HETEROOLIGOMERIZATION",0.131745966400585,-0.104987077210646,-0.236733043611232,-0.557835734329379,0.0843696471069162,-1.55465304837492,0.138322974652151,0.258861566849025,3,3,3537,"lower_in_neuropathy","overlap","NC_GSE246156",-0.630917065084486,0.966229767035219,TRUE,TRUE
"GOBP_PROTEIN_HOMOTETRAMERIZATION",0.0146688671163978,-0.0390891760980701,-0.0537580432144678,-0.347016616084239,0.239500529655303,-0.386554987526955,0.703848905758413,0.809928042206459,3,3,3537,"lower_in_neuropathy","overlap","NC_GSE246156",-1.48740166077628,0.0677904994931991,TRUE,TRUE
"GOBP_PROTEIN_LOCALIZATION_TO_NUCLEOLUS",-0.301073324748218,0.295926252633648,0.596999577381865,0.289674198717801,0.904324956045931,4.0963225298244,0.000743197017254496,0.00773143485302692,3,3,3537,"higher_in_neuropathy","neuropathy_above_control","NC_GSE246156",1.03505485681641,0.572188712715066,TRUE,TRUE
"GOBP_PROTEIN_N_LINKED_GLYCOSYLATION",-0.194273505061367,0.165584432888826,0.359857937950193,0.0820217404710201,0.637694135429366,2.73124592506361,0.0141530050485559,0.0513277423071602,3,3,3537,"higher_in_neuropathy","neuropathy_above_control","NC_GSE246156",1.28589351077971,0.174867644700426,TRUE,TRUE
"GOBP_PROTEIN_TETRAMERIZATION",0.0409914761712771,-0.0424382920040663,-0.0834297681753434,-0.36895941903855,0.202099882687863,-0.616152717647368,0.545901200776816,0.687136137774946,3,3,3537,"lower_in_neuropathy","overlap","NC_GSE246156",-1.30661798335075,0.193912024269167,TRUE,TRUE
"GOBP_PROTON_MOTIVE_FORCE_DRIVEN_ATP_SYNTHESIS",0.415808686966672,-0.393552246178027,-0.8093609331447,-1.23547982681326,-0.383242039476143,-4.00525335362704,0.000905766519514502,0.00861208650409353,3,3,3537,"lower_in_neuropathy","overlap","NC_GSE246156",-2.15618198673972,1.73132692295879e-05,TRUE,TRUE
"GOBP_PROTON_TRANSMEMBRANE_TRANSPORT",0.287907444105058,-0.241916695409041,-0.529824139514099,-0.890749364664162,-0.168898914364037,-3.09551598644906,0.00652667925862306,0.0302553925789643,3,3,3537,"lower_in_neuropathy","overlap","NC_GSE246156",-1.82798719745664,0.000226717689772135,TRUE,TRUE
"GOBP_PURINE_CONTAINING_COMPOUND_BIOSYNTHETIC_PROCESS",0.296692144242884,-0.264567460167404,-0.561259604410288,-0.874876079682661,-0.247643129137915,-3.77383981566715,0.00149883204216707,0.0117286923299667,3,3,3537,"lower_in_neuropathy","neuropathy_below_control","NC_GSE246156",-1.89202693869794,2.77241760797093e-06,TRUE,TRUE
"GOBP_PURINE_CONTAINING_COMPOUND_METABOLIC_PROCESS",0.226493893783287,-0.220747926423684,-0.447241820206972,-0.732711370577805,-0.161772269836138,-3.30370424320578,0.00416554677800137,0.0226669830058321,3,3,3537,"lower_in_neuropathy","neuropathy_below_control","NC_GSE246156",-1.97269487314783,4.84520547945206e-09,TRUE,TRUE
"GOBP_PURINE_CONTAINING_COMPOUND_SALVAGE",-0.0767745151456754,0.0348914787805976,0.111665993926273,-0.196336495259167,0.419668483111713,0.764513670117417,0.454972468623691,0.607520087198065,3,3,3537,"higher_in_neuropathy","overlap","NC_GSE246156",-1.53273403701015,0.092744092382241,FALSE,TRUE
"GOBP_PURINE_NUCLEOSIDE_MONOPHOSPHATE_METABOLIC_PROCESS",-0.181328770226356,0.113162328331313,0.294491098557669,-0.023083537720254,0.612065734835593,1.9554418632141,0.0670580182413604,0.155939651886714,3,3,3537,"higher_in_neuropathy","overlap","NC_GSE246156",-0.917546775922171,0.73320279083845,FALSE,TRUE
"GOBP_PYRIDINE_CONTAINING_COMPOUND_BIOSYNTHETIC_PROCESS",0.191311172937339,-0.270107335302889,-0.461418508240227,-0.762112399466791,-0.160724617013664,-3.23585424675716,0.00482387898392053,0.0246561560204146,3,3,3537,"lower_in_neuropathy","neuropathy_below_control","NC_GSE246156",-1.18181121509009,0.41708420258588,TRUE,TRUE
"GOBP_PYRIMIDINE_CONTAINING_COMPOUND_BIOSYNTHETIC_PROCESS",-0.265188816799773,0.225286910040871,0.490475726840644,0.186508615019454,0.794442838661834,3.40258880090156,0.00336183308446068,0.0196542208590701,3,3,3537,"higher_in_neuropathy","neuropathy_above_control","NC_GSE246156",1.29660698469836,0.23525640753493,TRUE,TRUE
"GOBP_PYRIMIDINE_NUCLEOBASE_METABOLIC_PROCESS",-0.33793912663582,0.290525806441952,0.628464933077772,0.350276420496499,0.906653445659046,4.76387550460724,0.000176896524973675,0.0035958793611028,3,3,3537,"higher_in_neuropathy","neuropathy_above_control","NC_GSE246156",0.906632813698446,0.735579322696296,TRUE,TRUE
"GOBP_PYRIMIDINE_NUCLEOSIDE_MONOPHOSPHATE_METABOLIC_PROCESS",-0.327657856545868,0.217009772741789,0.544667629287657,0.225182652986503,0.864152605588811,3.59500642145721,0.00221256364531373,0.0150208015613717,3,3,3537,"higher_in_neuropathy","neuropathy_above_control","NC_GSE246156",1.63329186941713,0.0648892637477708,TRUE,TRUE
"GOBP_PYRIMIDINE_RIBONUCLEOTIDE_BIOSYNTHETIC_PROCESS",-0.318901624596509,0.311817550327147,0.630719174923655,0.312381908343341,0.949056441503969,4.17798712616338,0.000622570114667841,0.00700744568450758,3,3,3537,"higher_in_neuropathy","neuropathy_above_control","NC_GSE246156",1.46587713741109,0.15658836741208,TRUE,TRUE
"GOBP_PYRUVATE_METABOLIC_PROCESS",0.179930742528513,-0.191102356657311,-0.371033099185824,-0.660216569134013,-0.0818496292376358,-2.70556352406909,0.0149354347440235,0.0533063902014238,3,3,3537,"lower_in_neuropathy","neuropathy_below_control","NC_GSE246156",-1.80717530922425,0.000661568824292439,TRUE,TRUE
"GOBP_RAP_PROTEIN_SIGNAL_TRANSDUCTION",0.192788321487606,-0.203322284625492,-0.396110606113098,-0.748717159788672,-0.0435040524375254,-2.36888859423941,0.0298610882259833,0.0856599100205215,3,3,3537,"lower_in_neuropathy","overlap","NC_GSE246156",-1.38588588913592,0.218643114073169,TRUE,TRUE
"GOBP_RECEPTOR_CATABOLIC_PROCESS",-0.107733789628096,0.0485105097145318,0.156244299342628,-0.12203552052524,0.434524119210495,1.18397085856021,0.252606188886119,0.399583224548391,3,3,3537,"higher_in_neuropathy","overlap","NC_GSE246156",1.2222370807741,0.317222913216375,TRUE,TRUE
"GOBP_RECEPTOR_MEDIATED_ENDOCYTOSIS",0.0110600708646244,-0.00866394436936474,-0.0197240152339891,-0.294446353707925,0.254998323239947,-0.151397917180209,0.881431858490425,0.930182458182471,3,3,3537,"lower_in_neuropathy","overlap","NC_GSE246156",1.21442965462528,0.132590873430421,FALSE,TRUE
"GOBP_REGULATED_EXOCYTOSIS",0.0104520572025939,-0.0198798178232407,-0.0303318750258346,-0.311455971085281,0.250792221033612,-0.227520079999929,0.822714774283215,0.890980452124841,3,3,3537,"lower_in_neuropathy","overlap","NC_GSE246156",1.1481247634179,0.247833925775407,FALSE,TRUE
"GOBP_REGULATION_OF_ADAPTIVE_IMMUNE_RESPONSE",-0.235935447069406,0.196355745275819,0.432291192345225,0.130606883528926,0.733975501161524,3.02163644973677,0.00764675053758057,0.0331452900139982,3,3,3537,"higher_in_neuropathy","neuropathy_above_control","NC_GSE246156",2.18913256198088,4.84520547945206e-09,TRUE,TRUE
"GOBP_REGULATION_OF_ALCOHOL_BIOSYNTHETIC_PROCESS",0.136007277638376,-0.13415251486051,-0.270159792498885,-0.544240044287254,0.00392045928948298,-2.07855497397303,0.0530072854716836,0.132219159882472,3,3,3537,"lower_in_neuropathy","neuropathy_below_control","NC_GSE246156",-1.3205369708571,0.237395680716211,TRUE,TRUE
"GOBP_REGULATION_OF_AMYLOID_PRECURSOR_PROTEIN_CATABOLIC_PROCESS",-0.118299518803696,0.136080522300137,0.254380041103832,-0.0315907977971283,0.540350880004793,1.87577105332958,0.077848180761907,0.17295792421788,3,3,3537,"higher_in_neuropathy","neuropathy_above_control","NC_GSE246156",1.02101501540155,0.582206308423987,TRUE,TRUE
"GOBP_REGULATION_OF_ANATOMICAL_STRUCTURE_SIZE",0.0618724458076082,-0.0782275024991772,-0.140099948306785,-0.419025572862676,0.138825676249105,-1.059175939487,0.304238154582817,0.452254201101303,3,3,3537,"lower_in_neuropathy","overlap","NC_GSE246156",-1.17884376572673,0.225036168727476,TRUE,TRUE
"GOBP_REGULATION_OF_ANDROGEN_RECEPTOR_SIGNALING_PATHWAY",-0.00858991007664866,0.0567452244950729,0.0653351345717215,-0.258549055942188,0.389219325085631,0.425378549586327,0.675860674198271,0.791562650542809,3,3,3537,"higher_in_neuropathy","overlap","NC_GSE246156",1.23357895567863,0.306237298764519,TRUE,TRUE
"GOBP_REGULATION_OF_AXON_EXTENSION",0.0465378371358047,-0.073038922889143,-0.119576760024948,-0.42903136271529,0.189877842665395,-0.81483257203861,0.426360571817827,0.578227108528567,3,3,3537,"lower_in_neuropathy","overlap","NC_GSE246156",-1.11682787386071,0.455517494904068,TRUE,TRUE
"GOBP_REGULATION_OF_B_CELL_ACTIVATION",-0.257698234142214,0.21788776032709,0.475585994469304,0.182011320452901,0.769160668485707,3.41608772718826,0.00326475132820058,0.0193100759997415,3,3,3537,"higher_in_neuropathy","neuropathy_above_control","NC_GSE246156",2.39202206483553,4.91055200392222e-09,TRUE,TRUE
"GOBP_REGULATION_OF_B_CELL_PROLIFERATION",-0.27880422600277,0.25320267393783,0.532006899940599,0.221271342463655,0.842742457417545,3.61031302663101,0.0021400511663016,0.01475508962029,3,3,3537,"higher_in_neuropathy","neuropathy_above_control","NC_GSE246156",2.07424007042578,0.000154851980335157,TRUE,TRUE
"GOBP_REGULATION_OF_BMP_SIGNALING_PATHWAY",0.0866246616222942,-0.0850806729592923,-0.171705334581587,-0.457510068162104,0.114099398998931,-1.26687252191538,0.222168192619417,0.365832819969683,3,3,3537,"lower_in_neuropathy","overlap","NC_GSE246156",-1.45274110306625,0.0731614602182925,TRUE,TRUE
"GOBP_REGULATION_OF_BODY_FLUID_LEVELS",-0.0395169081536442,0.0627533103069364,0.102270218460581,-0.187250918198495,0.391791355119656,0.74488195645665,0.46644822214357,0.616875588168981,3,3,3537,"higher_in_neuropathy","overlap","NC_GSE246156",1.31798386267081,0.0241626968584623,TRUE,TRUE
"GOBP_REGULATION_OF_CARBOHYDRATE_CATABOLIC_PROCESS",0.0854355595115121,-0.103713374776561,-0.189148934288073,-0.472852177710379,0.0945543091342326,-1.40591201892023,0.177643335082326,0.310749867284622,3,3,3537,"lower_in_neuropathy","overlap","NC_GSE246156",-1.58438129783283,0.0383250650940991,TRUE,TRUE
"GOBP_REGULATION_OF_CARDIOCYTE_DIFFERENTIATION",0.209226043449897,-0.227671424489025,-0.436897467938922,-0.73271461668432,-0.141080319193525,-3.11440241009198,0.0062671252877056,0.0294380108135654,3,3,3537,"lower_in_neuropathy","neuropathy_below_control","NC_GSE246156",-0.946357983787577,0.703692338958977,TRUE,TRUE
"GOBP_REGULATION_OF_CATALYTIC_ACTIVITY",-0.0651488993985058,0.0708341367061396,0.135983036104645,-0.134782169098496,0.406748241307787,1.05903527206714,0.304300396706298,0.452254201101303,3,3,3537,"higher_in_neuropathy","overlap","NC_GSE246156",1.22237420831219,0.0349188664590025,TRUE,TRUE
"GOBP_REGULATION_OF_CELL_CELL_ADHESION",-0.182209969211695,0.1732796061748,0.355489575386495,0.0789456648344521,0.632033485938539,2.71069912576719,0.0147757300549032,0.0529593651358083,3,3,3537,"higher_in_neuropathy","neuropathy_above_control","NC_GSE246156",1.59762937100113,1.73132692295879e-05,TRUE,TRUE
"GOBP_REGULATION_OF_CELL_KILLING",-0.194650982108339,0.227084400148528,0.421735382256867,0.112293269837291,0.731177494676443,2.87394972862167,0.0104742303545568,0.0418614155526185,3,3,3537,"higher_in_neuropathy","neuropathy_above_control","NC_GSE246156",2.03866719051979,0.000226717689772135,TRUE,TRUE
"GOBP_REGULATION_OF_CELL_SIZE",0.0784533312200912,-0.0997563376323142,-0.178209668852405,-0.472184737961307,0.115765400256496,-1.27831918803129,0.218199594326358,0.360641105202023,3,3,3537,"lower_in_neuropathy","overlap","NC_GSE246156",-1.18234822950584,0.306237298764519,TRUE,TRUE
"GOBP_REGULATION_OF_CELLULAR_COMPONENT_SIZE",0.0508799532921704,-0.0635576457523554,-0.114437599044526,-0.393388675920523,0.164513477831471,-0.865085914933882,0.398954031742448,0.552290313355611,3,3,3537,"lower_in_neuropathy","overlap","NC_GSE246156",-1.20161221093099,0.214680539336598,TRUE,TRUE
"GOBP_REGULATION_OF_CHOLESTEROL_METABOLIC_PROCESS",0.186190830283514,-0.163433494978202,-0.349624325261717,-0.64108235576865,-0.0581662947547836,-2.52955520085511,0.0215218978654829,0.0685175092261143,3,3,3537,"lower_in_neuropathy","neuropathy_below_control","NC_GSE246156",-1.46232204300618,0.115855607626861,TRUE,TRUE
"GOBP_REGULATION_OF_CHONDROCYTE_DIFFERENTIATION",0.210218630959769,-0.198397569039614,-0.408616199999383,-0.699606525306321,-0.117625874692445,-2.96111706031245,0.00870201887418403,0.0366853882693551,3,3,3537,"lower_in_neuropathy","neuropathy_below_control","NC_GSE246156",-1.14423714174889,0.430885467865374,TRUE,TRUE
"GOBP_REGULATION_OF_CILIUM_ASSEMBLY",0.109105091457585,-0.102590675952244,-0.211695767409829,-0.497749559384657,0.0743580245649981,-1.56056912914057,0.136922854743501,0.257057397679279,3,3,3537,"lower_in_neuropathy","neuropathy_below_control","NC_GSE246156",-0.958927803831622,0.699980616413541,TRUE,TRUE
"GOBP_REGULATION_OF_COMPLEMENT_ACTIVATION",-0.278551522045507,0.15994683946803,0.438498361513536,0.0802361689686558,0.796760554058418,2.58098536115028,0.0193554973598238,0.0634619577415706,3,3,3537,"higher_in_neuropathy","overlap","NC_GSE246156",1.38949439135018,0.207354897215319,TRUE,TRUE
"GOBP_REGULATION_OF_DNA_DAMAGE_RESPONSE_SIGNAL_TRANSDUCTION_BY_P53_CLASS_MEDIATOR",-0.270457614249303,0.289998043366988,0.56045565761629,0.253262431904884,0.867648883327697,3.847230163559,0.00127743890324512,0.0107835355627159,3,3,3537,"higher_in_neuropathy","neuropathy_above_control","NC_GSE246156",1.58567017791684,0.0615636570777556,TRUE,TRUE
"GOBP_REGULATION_OF_DNA_STRAND_ELONGATION",-0.212338431870231,0.252154421254738,0.464492853124969,0.0686807450526831,0.860304961197255,2.47461993184851,0.0240887139339627,0.0738957338980277,3,3,3537,"higher_in_neuropathy","overlap","NC_GSE246156",-0.620604755114735,0.965176594971421,FALSE,TRUE
"GOBP_REGULATION_OF_DNA_TEMPLATED_TRANSCRIPTION_INITIATION",-0.179000094661893,0.191485763986129,0.370485858648022,0.0822671012020452,0.658704616093999,2.71061564104349,0.0147783130870915,0.0529593651358083,3,3,3537,"higher_in_neuropathy","neuropathy_above_control","NC_GSE246156",1.36779698019853,0.100761814776215,TRUE,TRUE
"GOBP_REGULATION_OF_ENDOPLASMIC_RETICULUM_UNFOLDED_PROTEIN_RESPONSE",-0.0746538280365264,0.0719521767750937,0.14660600481162,-0.127367680892806,0.420579690516046,1.12839577781183,0.274720854925274,0.422341211408733,3,3,3537,"higher_in_neuropathy","overlap","NC_GSE246156",0.886198159553461,0.783765055464003,TRUE,TRUE
"GOBP_REGULATION_OF_ESTABLISHMENT_OR_MAINTENANCE_OF_CELL_POLARITY",0.12962408964218,-0.102749400358332,-0.232373490000512,-0.553149387932641,0.0884024079316162,-1.52757800724476,0.144884734014204,0.268021602619372,3,3,3537,"lower_in_neuropathy","overlap","NC_GSE246156",-0.961359685054322,0.67382507654392,TRUE,TRUE
"GOBP_REGULATION_OF_EXCITATORY_SYNAPSE_ASSEMBLY",0.0643818138374173,0.00212628585641964,-0.0622555279809977,-0.41224988784541,0.287738831883414,-0.375089943698541,0.712200759945454,0.81700747489639,3,3,3537,"lower_in_neuropathy","overlap","NC_GSE246156",1.15982721349307,0.42168606561762,FALSE,TRUE
"GOBP_REGULATION_OF_EXOCYTOSIS",0.0119368364667326,-0.0192612325042669,-0.0311980689709995,-0.302727542990022,0.240331405048023,-0.242286536287065,0.811437314549932,0.883260159468864,3,3,3537,"lower_in_neuropathy","overlap","NC_GSE246156",1.05249378792412,0.501154901111592,FALSE,TRUE
"GOBP_REGULATION_OF_EXOSOMAL_SECRETION",0.0582175441340845,-0.0213827907917986,-0.079600334925883,-0.391779096977544,0.232578427125778,-0.537687681463706,0.597714674230584,0.726750361895351,3,3,3537,"lower_in_neuropathy","overlap","NC_GSE246156",1.34345706021157,0.249076274662096,FALSE,TRUE
"GOBP_REGULATION_OF_EXTRINSIC_APOPTOTIC_SIGNALING_PATHWAY_IN_ABSENCE_OF_LIGAND",-0.0649338923090484,0.0261610118432487,0.0910949041522971,-0.203501823420277,0.385691631724871,0.652055722582202,0.52302552846009,0.667607829001565,3,3,3537,"higher_in_neuropathy","overlap","NC_GSE246156",-0.705023620413488,0.94616814091905,FALSE,TRUE
"GOBP_REGULATION_OF_FATTY_ACID_BETA_OXIDATION",-0.0166492065396967,0.00706211721928038,0.0237113237589771,-0.289368612850298,0.336791260368252,0.159705219166253,0.87498271367385,0.92520593670087,3,3,3537,"higher_in_neuropathy","overlap","NC_GSE246156",-1.43354139742602,0.174787545631361,FALSE,TRUE
"GOBP_REGULATION_OF_FATTY_ACID_OXIDATION",0.155557251838432,-0.180782876151266,-0.336340127989699,-0.633593002710458,-0.0390872532689399,-2.38600400094357,0.0288460888042884,0.0835615201480493,3,3,3537,"lower_in_neuropathy","neuropathy_below_control","NC_GSE246156",-1.57337138691472,0.063420388316617,TRUE,TRUE
"GOBP_REGULATION_OF_GLYCOLYTIC_PROCESS",0.113637832263664,-0.143608436539636,-0.257246268803301,-0.563367683015706,0.0488751454091045,-1.77204162475839,0.0941865404881669,0.195859175156254,3,3,3537,"lower_in_neuropathy","overlap","NC_GSE246156",-1.68583641603655,0.0175503676199141,TRUE,TRUE
"GOBP_REGULATION_OF_HEMOPOIESIS",-0.202571929657526,0.205678653548401,0.408250583205927,0.130428982710538,0.686072183701315,3.09869870568588,0.00648221449024447,0.0301282544010925,3,3,3537,"higher_in_neuropathy","neuropathy_above_control","NC_GSE246156",1.74455676942853,1.49378931592528e-06,TRUE,TRUE
"GOBP_REGULATION_OF_IMMUNE_EFFECTOR_PROCESS",-0.216456262995561,0.200394369085093,0.416850632080654,0.117772545459024,0.715928718702284,2.93910036457655,0.00912000934044838,0.0379946678882991,3,3,3537,"higher_in_neuropathy","neuropathy_above_control","NC_GSE246156",2.13495286528764,4.84520547945206e-09,TRUE,TRUE
"GOBP_REGULATION_OF_INFLAMMASOME_MEDIATED_SIGNALING_PATHWAY",-0.271696145730734,0.244721698465027,0.516417844195761,0.245399168408386,0.787436519983136,4.01809839231476,0.00088082755549736,0.0084659974559624,3,3,3537,"higher_in_neuropathy","neuropathy_above_control","NC_GSE246156",1.23905903124437,0.279783636984946,TRUE,TRUE
"GOBP_REGULATION_OF_INFLAMMATORY_RESPONSE",-0.167693576356423,0.172076546761897,0.339770123118321,0.0707780379027378,0.608762208333904,2.66357071787402,0.0163047908174395,0.0562617439668324,3,3,3537,"higher_in_neuropathy","neuropathy_above_control","NC_GSE246156",2.00795556911778,4.84520547945206e-09,TRUE,TRUE
"GOBP_REGULATION_OF_INFLAMMATORY_RESPONSE_TO_ANTIGENIC_STIMULUS",-0.306135940896609,0.305422537945886,0.611558478842495,0.32108409711143,0.902032860573561,4.43964967019088,0.000353834356344929,0.0051717121739397,3,3,3537,"higher_in_neuropathy","neuropathy_above_control","NC_GSE246156",2.12658322503963,0.000297921737585438,TRUE,TRUE
"GOBP_REGULATION_OF_INTRINSIC_APOPTOTIC_SIGNALING_PATHWAY_BY_P53_CLASS_MEDIATOR",-0.31804472253097,0.353500507443638,0.671545229974608,0.383701113531299,0.959389346417918,4.91967549748268,0.000127200183917225,0.00308098577495945,3,3,3537,"higher_in_neuropathy","neuropathy_above_control","NC_GSE246156",1.65302223823927,0.043124679948304,TRUE,TRUE
"GOBP_REGULATION_OF_LAMELLIPODIUM_ASSEMBLY",0.00972118323312061,-0.00162878562872188,-0.0113499688618425,-0.313226814287413,0.290526876563728,-0.0792836093277363,0.937726580878789,0.965734269487412,3,3,3537,"lower_in_neuropathy","overlap","NC_GSE246156",1.05996913678244,0.526158956246599,FALSE,TRUE
"GOBP_REGULATION_OF_LAMELLIPODIUM_ORGANIZATION",-0.00106384812311515,-0.0016757249445184,-0.000611876821403244,-0.278091242729924,0.276867489087118,-0.00464998823814314,0.996343624427225,0.997754076896686,3,3,3537,"lower_in_neuropathy","overlap","NC_GSE246156",1.07703936445555,0.480029395864306,FALSE,TRUE
"GOBP_REGULATION_OF_LEUKOCYTE_APOPTOTIC_PROCESS",-0.161234321625275,0.102483963702257,0.263718285327532,-0.0463571849014449,0.573793755556509,1.79345869191629,0.0905860737172294,0.1906627911505,3,3,3537,"higher_in_neuropathy","overlap","NC_GSE246156",1.56432642530878,0.0367272204240865,TRUE,TRUE
"GOBP_REGULATION_OF_LEUKOCYTE_DIFFERENTIATION",-0.206322795297964,0.204076160813564,0.410398956111528,0.130077602316014,0.690720309907044,3.08722733815909,0.00664388193784707,0.0305584010587322,3,3,3537,"higher_in_neuropathy","neuropathy_above_control","NC_GSE246156",1.8547302170829,2.72107957862033e-07,TRUE,TRUE
"GOBP_REGULATION_OF_LEUKOCYTE_MIGRATION",-0.163550982607532,0.153751028331426,0.317302010938958,0.0296997352206892,0.604904286657227,2.32647854693554,0.0325218491974703,0.0912210789940146,3,3,3537,"higher_in_neuropathy","neuropathy_above_control","NC_GSE246156",1.86254152867981,1.44704213590025e-05,TRUE,TRUE
"GOBP_REGULATION_OF_LEUKOCYTE_PROLIFERATION",-0.185128881210649,0.207060027171585,0.392188908382234,0.0901904648721127,0.694187351892355,2.73847731887072,0.013939891843361,0.0509153601945585,3,3,3537,"higher_in_neuropathy","neuropathy_above_control","NC_GSE246156",1.97600094014744,1.6392474501192e-06,TRUE,TRUE
"GOBP_REGULATION_OF_LIPID_BIOSYNTHETIC_PROCESS",0.0566579607539474,-0.0522276761827475,-0.108885636936695,-0.379805523988723,0.162034250115333,-0.847516683001715,0.408401956000666,0.560759983840976,3,3,3537,"lower_in_neuropathy","overlap","NC_GSE246156",-1.16327605757214,0.335477674739537,TRUE,TRUE
"GOBP_REGULATION_OF_LYMPHOCYTE_ACTIVATION",-0.211500432398667,0.210022470965718,0.421522903364385,0.135036257203662,0.708009549525108,3.10266823538633,0.00642717252398057,0.0299906454054344,3,3,3537,"higher_in_neuropathy","neuropathy_above_control","NC_GSE246156",1.97270696771981,4.84520547945206e-09,TRUE,TRUE
"GOBP_REGULATION_OF_LYMPHOCYTE_DIFFERENTIATION",-0.236668231370577,0.240244350323979,0.476912581694556,0.201878143820968,0.751947019568144,3.65653933128607,0.00193512911327253,0.0137994993420261,3,3,3537,"higher_in_neuropathy","neuropathy_above_control","NC_GSE246156",1.78570606488534,4.30291290356924e-05,TRUE,TRUE
"GOBP_REGULATION_OF_MACROPHAGE_CHEMOTAXIS",-0.29039080294029,0.274613566730547,0.565004369670836,0.276620179874743,0.85338855946693,4.1314157919824,0.000688708591020365,0.00735068205085875,3,3,3537,"higher_in_neuropathy","neuropathy_above_control","NC_GSE246156",1.51159380677854,0.110448367082641,TRUE,TRUE
"GOBP_REGULATION_OF_MACROPHAGE_MIGRATION",-0.22172798735916,0.24628447931271,0.46801246667187,0.187857944341599,0.748166989002141,3.52272166384318,0.00258944864259546,0.0166525088161094,3,3,3537,"higher_in_neuropathy","neuropathy_above_control","NC_GSE246156",1.55899623430831,0.0622491395534808,TRUE,TRUE
"GOBP_REGULATION_OF_MEGAKARYOCYTE_DIFFERENTIATION",-0.190678574473851,0.155409266725176,0.346087841199026,0.0657960617517451,0.626379620646308,2.60372148637913,0.0184653279953864,0.0618483571209107,3,3,3537,"higher_in_neuropathy","neuropathy_above_control","NC_GSE246156",-0.678614077316977,0.937430841827085,FALSE,TRUE
"GOBP_REGULATION_OF_MEMBRANE_DEPOLARIZATION",0.0884638480389115,-0.117475093593749,-0.20593894163266,-0.490539081738261,0.0786611984729402,-1.52588538288615,0.145303441010138,0.268399382320842,3,3,3537,"lower_in_neuropathy","overlap","NC_GSE246156",-1.46044052482619,0.115176244048319,TRUE,TRUE
"GOBP_REGULATION_OF_MEMBRANE_POTENTIAL",0.221654831286413,-0.239740019550851,-0.461394850837264,-0.734284166910453,-0.188505534764075,-3.56537123586888,0.00235998152854551,0.0156023451709635,3,3,3537,"lower_in_neuropathy","neuropathy_below_control","NC_GSE246156",-1.82708499846013,1.7744013581303e-06,TRUE,TRUE
"GOBP_REGULATION_OF_MESENCHYMAL_CELL_PROLIFERATION",0.179859324382206,-0.169540877827234,-0.34940020220944,-0.690143301049202,-0.00865710336967684,-2.16229343176663,0.0450398923886752,0.117223031183771,3,3,3537,"lower_in_neuropathy","overlap","NC_GSE246156",-0.892193951422247,0.757165232128575,TRUE,TRUE
"GOBP_REGULATION_OF_MITOCHONDRIAL_DEPOLARIZATION",0.0248501024745042,-0.0739976820436868,-0.098847784518191,-0.390123002260027,0.192427433223645,-0.715619143958624,0.48387505915093,0.633641645396831,3,3,3537,"lower_in_neuropathy","overlap","NC_GSE246156",-1.56268236152172,0.0832153578390534,TRUE,TRUE
"GOBP_REGULATION_OF_MUSCLE_HYPERTROPHY",-0.0437216267687095,0.055650615597145,0.0993722423658546,-0.214082808154752,0.412827292886461,0.668510701728466,0.512722880055123,0.657715004248953,3,3,3537,"higher_in_neuropathy","overlap","NC_GSE246156",1.09809333263995,0.434098991970676,TRUE,TRUE
"GOBP_REGULATION_OF_MUSCLE_ORGAN_DEVELOPMENT",0.0437258174818433,-0.0717229983692087,-0.115448815851052,-0.399248590348702,0.168350958646598,-0.857819634541046,0.402844007046895,0.555717337334192,3,3,3537,"lower_in_neuropathy","overlap","NC_GSE246156",-1.50592920221888,0.0908653069124387,TRUE,TRUE
"GOBP_REGULATION_OF_NATURAL_KILLER_CELL_MEDIATED_IMMUNITY",-0.119201940011513,0.0868795762262586,0.206081516237772,-0.137215813871989,0.549378846347533,1.2658643260634,0.222520419580866,0.36594505603257,3,3,3537,"higher_in_neuropathy","overlap","NC_GSE246156",1.29943115812913,0.239924643916296,TRUE,TRUE
"GOBP_REGULATION_OF_NEUROTRANSMITTER_RECEPTOR_LOCALIZATION_TO_POSTSYNAPTIC_SPECIALIZATION_MEMBRANE",0.198010885016727,-0.167354661055703,-0.36536554607243,-0.658744840293521,-0.0719862518513407,-2.62613276003907,0.0176261192379842,0.0598306945726968,3,3,3537,"lower_in_neuropathy","neuropathy_below_control","NC_GSE246156",-1.10612764451633,0.507614945919017,TRUE,TRUE
"GOBP_REGULATION_OF_OLIGODENDROCYTE_DIFFERENTIATION",-0.171362396044941,0.161292741335434,0.332655137380376,0.0457828687508784,0.619527406009873,2.44525532207125,0.0255766656967238,0.0771170025991181,3,3,3537,"higher_in_neuropathy","neuropathy_above_control","NC_GSE246156",1.23856786512979,0.296446819891613,TRUE,TRUE
"GOBP_REGULATION_OF_OXIDATIVE_PHOSPHORYLATION",0.30543868105098,-0.243116830392875,-0.548555511443855,-0.890383688723483,-0.206727334164228,-3.38400713018823,0.00350015811444187,0.0202288549849361,3,3,3537,"lower_in_neuropathy","neuropathy_below_control","NC_GSE246156",-1.54961872903199,0.0835479482008795,TRUE,TRUE
"GOBP_REGULATION_OF_PEPTIDYL_SERINE_PHOSPHORYLATION",-0.248225407624805,0.235788454108247,0.484013861733053,0.171362706853165,0.79666501661294,3.26449725853842,0.0045343201045864,0.0236896458049071,3,3,3537,"higher_in_neuropathy","neuropathy_above_control","NC_GSE246156",1.7804086033172,0.018202428987244,TRUE,TRUE
"GOBP_REGULATION_OF_PEPTIDYL_TYROSINE_PHOSPHORYLATION",-0.275216178055774,0.27514401712527,0.550360195181044,0.281451272224651,0.819269118137438,4.31579043897586,0.000462094438303775,0.00593187047639866,3,3,3537,"higher_in_neuropathy","neuropathy_above_control","NC_GSE246156",1.63564191980823,0.0226431143181911,TRUE,TRUE
"GOBP_REGULATION_OF_PHAGOCYTOSIS",-0.247117001151741,0.272073136063313,0.519190137215054,0.225857847907245,0.812522426522864,3.73237359170408,0.00164050716432885,0.0123456890217684,3,3,3537,"higher_in_neuropathy","neuropathy_above_control","NC_GSE246156",2.11887923184623,4.19549170823065e-05,TRUE,TRUE
"GOBP_REGULATION_OF_PHOSPHORYLATION",-0.130143420136958,0.13301751385264,0.263160933989598,-0.00658085459248792,0.532902722571685,2.05727207949733,0.0552272279025872,0.136124533164774,3,3,3537,"higher_in_neuropathy","neuropathy_above_control","NC_GSE246156",1.54144080878868,0.000127721952055827,TRUE,TRUE
"GOBP_REGULATION_OF_PLASMA_LIPOPROTEIN_PARTICLE_LEVELS",0.109391785214228,-0.0683067454340677,-0.177698530648295,-0.477277641796711,0.12188058050012,-1.25080858867609,0.227832274467595,0.371932777302505,3,3,3537,"lower_in_neuropathy","overlap","NC_GSE246156",-1.03570686605619,0.580360501692853,TRUE,TRUE
"GOBP_REGULATION_OF_POLYSACCHARIDE_BIOSYNTHETIC_PROCESS",0.178889907911062,-0.132726640060034,-0.311616547971096,-0.622208645444447,-0.00102445049774552,-2.11567354943517,0.0493290061456564,0.124804502673238,3,3,3537,"lower_in_neuropathy","overlap","NC_GSE246156",-1.2657059227757,0.301664142137798,TRUE,TRUE
"GOBP_REGULATION_OF_POSTSYNAPTIC_DENSITY_ASSEMBLY",0.0353629675950612,0.0483295821915797,0.0129666145965185,-0.326573335687017,0.352506564880054,0.0805293637296109,0.936750320241518,0.965128424903656,3,3,3537,"higher_in_neuropathy","overlap","NC_GSE246156",1.18725972644342,0.386541014917216,TRUE,TRUE
"GOBP_REGULATION_OF_POSTSYNAPTIC_DENSITY_ORGANIZATION",0.0817283337834494,0.0100071829738124,-0.0717211508096371,-0.389451490694854,0.24600918907558,-0.476000170139752,0.640093020822193,0.764341938107434,3,3,3537,"lower_in_neuropathy","overlap","NC_GSE246156",1.26449501191531,0.310568435436762,FALSE,TRUE
"GOBP_REGULATION_OF_POSTSYNAPTIC_MEMBRANE_NEUROTRANSMITTER_RECEPTOR_LEVELS",0.13853969902173,-0.193355238729941,-0.331894937751671,-0.623262186481703,-0.0405276890216379,-2.40203007675295,0.0279250744179918,0.0814270306813165,3,3,3537,"lower_in_neuropathy","neuropathy_below_control","NC_GSE246156",-1.54942943013491,0.0261076299744876,TRUE,TRUE
"GOBP_REGULATION_OF_POSTSYNAPTIC_SPECIALIZATION_ASSEMBLY",0.08184127782895,-0.0214906815279288,-0.103331959356879,-0.430275500616243,0.223611581902486,-0.666469758722511,0.51399445154445,0.658456492253792,3,3,3537,"lower_in_neuropathy","overlap","NC_GSE246156",1.16165504002584,0.41708420258588,FALSE,TRUE
"GOBP_REGULATION_OF_PROTEIN_BINDING",0.0599554959001489,-0.0294425103965099,-0.0893980062966588,-0.389228987981379,0.210432975388061,-0.628738236526749,0.537821102539486,0.680111991305742,3,3,3537,"lower_in_neuropathy","overlap","NC_GSE246156",-0.722331962135873,0.936464468728856,TRUE,TRUE
"GOBP_REGULATION_OF_PROTEIN_EXPORT_FROM_NUCLEUS",-0.0970977780015662,0.153815689080623,0.250913467082189,-0.0261359423229946,0.527962876487373,1.90978856486656,0.0730650878424955,0.1664077370888,3,3,3537,"higher_in_neuropathy","neuropathy_above_control","NC_GSE246156",-0.645118766042211,0.975819208638878,FALSE,TRUE
"GOBP_REGULATION_OF_PROTEIN_LOCALIZATION_TO_PLASMA_MEMBRANE",0.140203050814237,-0.126441346860285,-0.266644397674522,-0.538355686602589,0.00506689125354459,-2.06939467183678,0.0539526293314623,0.133846746530371,3,3,3537,"lower_in_neuropathy","neuropathy_below_control","NC_GSE246156",1.06628135923499,0.475713469806051,FALSE,TRUE
"GOBP_REGULATION_OF_PROTEIN_MATURATION",-0.152095022801584,0.177122429537505,0.32921745233909,0.0114340891114333,0.647000815566746,2.18459149518294,0.0431118176231182,0.113580814574872,3,3,3537,"higher_in_neuropathy","overlap","NC_GSE246156",1.8867915102475,0.00189490200671315,TRUE,TRUE
"GOBP_REGULATION_OF_PROTEIN_TYROSINE_KINASE_ACTIVITY",-0.294276430269411,0.197473868195804,0.491750298465215,0.176564615816666,0.806935981113765,3.29000605036983,0.00429089992356289,0.022898523094433,3,3,3537,"higher_in_neuropathy","neuropathy_above_control","NC_GSE246156",1.25938526071425,0.31850775756806,TRUE,TRUE
"GOBP_REGULATION_OF_PROTEOLYSIS",-0.0888590616182578,0.0998777418695511,0.188736803487809,-0.0888208493695524,0.46629445634517,1.43391013693438,0.169613870688196,0.300713915099824,3,3,3537,"higher_in_neuropathy","overlap","NC_GSE246156",1.02571405474223,0.529915746804911,TRUE,TRUE
"GOBP_REGULATION_OF_REACTIVE_OXYGEN_SPECIES_BIOSYNTHETIC_PROCESS",0.0197130203924379,-0.0196072469954617,-0.0393202673878995,-0.305900057056407,0.227259522280608,-0.311033943971747,0.75953072984847,0.848802588143456,3,3,3537,"lower_in_neuropathy","overlap","NC_GSE246156",-0.858559276267442,0.801401853119755,TRUE,TRUE
"GOBP_REGULATION_OF_REGULATED_SECRETORY_PATHWAY",0.0242873733703428,-0.0175576085493477,-0.0418449819196905,-0.320565242695087,0.236875278855706,-0.316587228335902,0.755385185797409,0.845764621995098,3,3,3537,"lower_in_neuropathy","overlap","NC_GSE246156",1.05945996768003,0.489360402649429,FALSE,TRUE
"GOBP_REGULATION_OF_RELEASE_OF_CYTOCHROME_C_FROM_MITOCHONDRIA",-0.0813597926462953,0.0672470713849028,0.148606864031198,-0.14373653268111,0.440950260743506,1.07192432581391,0.298635491458963,0.447005388612083,3,3,3537,"higher_in_neuropathy","overlap","NC_GSE246156",1.27103439331562,0.255326556253569,TRUE,TRUE
"GOBP_REGULATION_OF_RESPONSE_TO_CYTOKINE_STIMULUS",-0.146125548837018,0.163830835337302,0.309956384174319,0.0402971804061808,0.579615587942458,2.42383964109448,0.0267159454474911,0.0792544994357835,3,3,3537,"higher_in_neuropathy","neuropathy_above_control","NC_GSE246156",1.60349021277232,0.00180121581080505,TRUE,TRUE
"GOBP_REGULATION_OF_RESPONSE_TO_TUMOR_CELL",-0.0989864967355397,0.0862892264618669,0.185275723197407,-0.107462454354441,0.478013900749254,1.33462021350456,0.199483402411669,0.335987044919082,3,3,3537,"higher_in_neuropathy","overlap","NC_GSE246156",1.28487433046127,0.2682316442606,TRUE,TRUE
"GOBP_REGULATION_OF_SKELETAL_MUSCLE_TISSUE_DEVELOPMENT",0.145439567080378,-0.123517278585962,-0.268956845666339,-0.558156316838173,0.0202426255054939,-1.96111767579729,0.0663429626760483,0.154683624907833,3,3,3537,"lower_in_neuropathy","neuropathy_below_control","NC_GSE246156",-1.48973943607574,0.122966871125929,TRUE,TRUE
"GOBP_REGULATION_OF_STEROID_BIOSYNTHETIC_PROCESS",0.118610716550504,-0.104605551930394,-0.223216268480899,-0.490260314127299,0.0438277771655018,-1.7626313522205,0.0958076390144396,0.198170537540394,3,3,3537,"lower_in_neuropathy","neuropathy_below_control","NC_GSE246156",-1.48745904207784,0.070094801801096,TRUE,TRUE
"GOBP_REGULATION_OF_SYSTEMIC_ARTERIAL_BLOOD_PRESSURE_MEDIATED_BY_A_CHEMICAL_SIGNAL",0.078079938543849,-0.10215563622615,-0.180235574769999,-0.529673922230465,0.169202772690466,-1.08764833362254,0.291828961264407,0.439745183621793,3,3,3537,"lower_in_neuropathy","overlap","NC_GSE246156",-0.939459246064797,0.70990499991687,TRUE,TRUE
"GOBP_REGULATION_OF_T_CELL_ACTIVATION",-0.186147893750569,0.194446031035412,0.380593924785981,0.0944777356242524,0.666710113947709,2.80503293900019,0.0121180303865677,0.046386876057673,3,3,3537,"higher_in_neuropathy","neuropathy_above_control","NC_GSE246156",1.64594519879398,3.78887770307468e-05,TRUE,TRUE
"GOBP_REGULATION_OF_T_CELL_MEDIATED_CYTOTOXICITY",-0.215876564024546,0.296185960121003,0.512062524145549,0.202390989379366,0.821734058911732,3.48690609758128,0.0027991800640757,0.0176145056968191,3,3,3537,"higher_in_neuropathy","neuropathy_above_control","NC_GSE246156",1.6123966195415,0.0583973876832199,TRUE,TRUE
"GOBP_REGULATION_OF_TELOMERE_MAINTENANCE_IN_RESPONSE_TO_DNA_DAMAGE",-0.146666584146225,0.21400194728621,0.360668531432435,-0.0171794481169389,0.738516510981809,2.01284203327968,0.0601354527616607,0.144007512808391,3,3,3537,"higher_in_neuropathy","overlap","NC_GSE246156",-0.629663402184734,0.963073632270692,FALSE,TRUE
"GOBP_REGULATION_OF_TELOMERE_MAINTENANCE_VIA_TELOMERASE",-0.376367236003095,0.386075826164073,0.762443062167168,0.477578241863981,1.04730788247036,5.64400180369595,2.8421573538906e-05,0.00158558335422606,3,3,3537,"higher_in_neuropathy","neuropathy_above_control","NC_GSE246156",1.91376752129994,0.00293779143074911,TRUE,TRUE
"GOBP_REGULATION_OF_TELOMERE_MAINTENANCE_VIA_TELOMERE_LENGTHENING",-0.331176927449117,0.347674904893409,0.678851832342526,0.393841907955658,0.963861756729395,5.02265742224224,0.000102421744539351,0.00279967618654928,3,3,3537,"higher_in_neuropathy","neuropathy_above_control","NC_GSE246156",1.71400482921662,0.0095755326576849,TRUE,TRUE
"GOBP_REGULATION_OF_TRANS_SYNAPTIC_SIGNALING",0.13331075575807,-0.139360962919175,-0.272671718677246,-0.559037391731709,0.013693954377218,-2.00787967682052,0.0607074316196528,0.144886764938402,3,3,3537,"lower_in_neuropathy","neuropathy_below_control","NC_GSE246156",-1.46845068277434,0.00502090119150406,TRUE,TRUE
"GOBP_REGULATION_OF_TRANSLATION_IN_RESPONSE_TO_STRESS",-0.21680092328974,0.258740365610808,0.475541288900547,0.198204972568231,0.752877605232865,3.61576364298714,0.00211480558579275,0.0146793580333807,3,3,3537,"higher_in_neuropathy","neuropathy_above_control","NC_GSE246156",1.48194948610831,0.142353644653473,TRUE,TRUE
"GOBP_REGULATION_OF_TRANSMEMBRANE_RECEPTOR_PROTEIN_SERINE_THREONINE_KINASE_SIGNALING_PATHWAY",-0.0360658195988919,0.0236507455025881,0.0597165651014799,-0.237476391629263,0.356909521832222,0.423715988747732,0.677049640207275,0.792329437357757,3,3,3537,"higher_in_neuropathy","overlap","NC_GSE246156",-0.91231194146976,0.796718693250583,FALSE,TRUE
"GOBP_REGULATION_OF_TYPE_2_IMMUNE_RESPONSE",-0.0968579637155551,0.133101048263444,0.229959011978999,-0.0433083218811927,0.503226345839191,1.77452147808652,0.0937633447543554,0.195312691634956,3,3,3537,"higher_in_neuropathy","neuropathy_above_control","NC_GSE246156",1.64558430346584,0.057294168223953,TRUE,TRUE
"GOBP_REGULATION_OF_TYROSINE_PHOSPHORYLATION_OF_STAT_PROTEIN",-0.298949793208872,0.333371811661989,0.632321604870861,0.339124514384438,0.925518695357284,4.54775343277806,0.000280543900802238,0.00455176044558493,3,3,3537,"higher_in_neuropathy","neuropathy_above_control","NC_GSE246156",1.38746354834166,0.173384558851594,TRUE,TRUE
"GOBP_REGULATION_OF_VASCULAR_PERMEABILITY",0.146561307962636,-0.221201903173827,-0.367763211136463,-0.668453727887941,-0.0670726943849848,-2.57909356105059,0.0194313768164144,0.0634795597345615,3,3,3537,"lower_in_neuropathy","neuropathy_below_control","NC_GSE246156",-1.2994273199664,0.247833925775407,TRUE,TRUE
"GOBP_REGULATION_OF_VASCULATURE_DEVELOPMENT",-0.0226053312667162,0.0109692779199362,0.0335746091866525,-0.243915096035189,0.311064314408494,0.25514239997729,0.80165351993013,0.878185590389126,3,3,3537,"higher_in_neuropathy","overlap","NC_GSE246156",1.39442587005829,0.0139541417819434,TRUE,TRUE
"GOBP_REGULATION_OF_WNT_SIGNALING_PATHWAY",-0.0127356791920433,0.0135499073059099,0.0262855864979532,-0.262772634918691,0.315343807914597,0.191756851970556,0.850189053109594,0.909044341248076,3,3,3537,"higher_in_neuropathy","overlap","NC_GSE246156",-0.857447180103057,0.891742622832544,FALSE,TRUE
"GOBP_REGULATORY_NCRNA_PROCESSING",-0.146960399722378,0.143810574242744,0.290770973965122,-0.0137823055994304,0.595324253529675,2.01328990751628,0.0600840692371901,0.143981946403754,3,3,3537,"higher_in_neuropathy","overlap","NC_GSE246156",0.859531778582637,0.850276643632774,TRUE,TRUE
"GOBP_RELEASE_OF_CYTOCHROME_C_FROM_MITOCHONDRIA",-0.058009491836507,0.0543897491289704,0.112399240965477,-0.163041038636017,0.387839520566971,0.86050713109233,0.401402387803389,0.554377292331349,3,3,3537,"higher_in_neuropathy","overlap","NC_GSE246156",1.11377858588365,0.42839107584736,TRUE,TRUE
"GOBP_RENAL_ABSORPTION",0.168453800844179,-0.130359306117132,-0.298813106961312,-0.637466785231469,0.0398405713088454,-1.86064016626402,0.0800635122951357,0.176219441809518,3,3,3537,"lower_in_neuropathy","overlap","NC_GSE246156",-1.00324358051438,0.626823229738776,TRUE,TRUE
"GOBP_RENAL_SYSTEM_DEVELOPMENT",0.0236502205316574,-0.0278567058436947,-0.0515069263753521,-0.341252279067339,0.238238426316635,-0.37485879212843,0.712369537059787,0.81700747489639,3,3,3537,"lower_in_neuropathy","overlap","NC_GSE246156",-0.913536706567139,0.801401853119755,TRUE,TRUE
"GOBP_RENAL_SYSTEM_PROCESS",0.107232417019448,-0.129078844312073,-0.236311261331521,-0.52937035219707,0.0567478295340282,-1.7003869612987,0.107154373897824,0.214733722649635,3,3,3537,"lower_in_neuropathy","overlap","NC_GSE246156",-1.21344437868293,0.278688563588675,TRUE,TRUE
"GOBP_RENAL_TUBULE_DEVELOPMENT",0.14956848828614,-0.161459050476622,-0.311027538762762,-0.616788425686557,-0.00526665183896702,-2.14504032039725,0.0465857075142813,0.120260389045515,3,3,3537,"lower_in_neuropathy","neuropathy_below_control","NC_GSE246156",-0.92424277129555,0.734592111095388,TRUE,TRUE
"GOBP_REPLACEMENT_OSSIFICATION",0.0136937297174835,-0.00467568766867698,-0.0183694173861605,-0.34066961138652,0.303930776614199,-0.120185856034703,0.905735374011166,0.946433249339001,3,3,3537,"lower_in_neuropathy","overlap","NC_GSE246156",-1.11277075081565,0.490303611136143,TRUE,TRUE
"GOBP_RESPONSE_TO_ACIDIC_PH",0.0386113838076493,-0.109802311717158,-0.148413695524807,-0.465947561989002,0.169120170939387,-0.985604036405069,0.338055326774329,0.490644928518999,3,3,3537,"lower_in_neuropathy","overlap","NC_GSE246156",1.05610595184578,0.549600106178592,FALSE,TRUE
"GOBP_RESPONSE_TO_ALKALOID",0.0367326711266742,-0.0291732996379279,-0.0659059707646021,-0.341435986377206,0.209624044848002,-0.504399201493016,0.620411926939424,0.748430076938862,3,3,3537,"lower_in_neuropathy","overlap","NC_GSE246156",-1.61748906887491,0.0181882493727335,TRUE,TRUE
"GOBP_RESPONSE_TO_AMINE",-0.0807742398461785,0.108846076223404,0.189620316069582,-0.0867962592106563,0.466036891349821,1.44656958675229,0.166081845941379,0.296084419906581,3,3,3537,"higher_in_neuropathy","neuropathy_above_control","NC_GSE246156",0.990101635318007,0.633510835735867,TRUE,TRUE
"GOBP_RESPONSE_TO_AMPHETAMINE",-0.132907814802156,0.140767799976704,0.273675614778859,-0.043389395268709,0.590740624826428,1.82014643923081,0.0862686967990409,0.184258683924038,3,3,3537,"higher_in_neuropathy","overlap","NC_GSE246156",1.22748737039947,0.330296427449525,TRUE,TRUE
"GOBP_RESPONSE_TO_AXON_INJURY",-0.104562511264697,0.0929477874029804,0.197510298667678,-0.0821193375741429,0.477139934909498,1.48944713640961,0.15456443669025,0.279925454466673,3,3,3537,"higher_in_neuropathy","overlap","NC_GSE246156",1.33415476279648,0.147285868670745,TRUE,TRUE
"GOBP_RESPONSE_TO_BACTERIUM",-0.1562863648365,0.16408390400575,0.320370268842249,0.0474401407368727,0.593300396947626,2.47525115850256,0.0240576432744055,0.0738644828659482,3,3,3537,"higher_in_neuropathy","neuropathy_above_control","NC_GSE246156",1.80092861812914,8.37673587767601e-09,TRUE,TRUE
"GOBP_RESPONSE_TO_BMP",0.0310139475377477,-0.0368967684127929,-0.0679107159505406,-0.36802006764754,0.232198635746459,-0.477174608878857,0.63927347931538,0.764030237479894,3,3,3537,"lower_in_neuropathy","overlap","NC_GSE246156",-1.21439973867886,0.273409388292041,TRUE,TRUE
"GOBP_RESPONSE_TO_CADMIUM_ION",0.126397918460336,-0.116860216492989,-0.243258134953325,-0.571019201032392,0.0845029311257405,-1.56505121842252,0.135870052379176,0.256164694814699,3,3,3537,"lower_in_neuropathy","overlap","NC_GSE246156",-0.992908355563646,0.633510835735867,TRUE,TRUE
"GOBP_RESPONSE_TO_CAFFEINE",0.20561368205497,-0.218792497277757,-0.424406179332727,-0.694644967957179,-0.154167390708275,-3.31171197873907,0.0040939474861924,0.0225008919552542,3,3,3537,"lower_in_neuropathy","neuropathy_below_control","NC_GSE246156",-1.9197179825292,0.00306405277805794,TRUE,TRUE
"GOBP_RESPONSE_TO_COCAINE",-0.0278871336365429,0.0376522298028131,0.0655393634393561,-0.247064579888358,0.37814330676707,0.442105901970212,0.663947692396454,0.782272814126002,3,3,3537,"higher_in_neuropathy","overlap","NC_GSE246156",-1.29275963536694,0.263355303311117,FALSE,TRUE
"GOBP_RESPONSE_TO_ETHER",-0.104236575365066,0.116478145206192,0.220714720571257,-0.0794063358050109,0.520835776947526,1.55079138165549,0.139243355552565,0.260308535195255,3,3,3537,"higher_in_neuropathy","overlap","NC_GSE246156",0.869780770045122,0.777944162223464,TRUE,TRUE
"GOBP_RESPONSE_TO_FIBROBLAST_GROWTH_FACTOR",-0.10996705387355,0.062701192954764,0.172668246828314,-0.173103019951988,0.518439513608616,1.05303334650688,0.306964696593071,0.45522755372545,3,3,3537,"higher_in_neuropathy","overlap","NC_GSE246156",1.86223708791136,0.00158277186165336,TRUE,TRUE
"GOBP_RESPONSE_TO_GLUCAGON",0.173716818833915,-0.121567309438144,-0.295284128272059,-0.610377046576716,0.0198087900325981,-1.97615045749943,0.0644820240162956,0.151442841265364,3,3,3537,"lower_in_neuropathy","overlap","NC_GSE246156",-1.11188331075956,0.489808579464617,TRUE,TRUE
"GOBP_RESPONSE_TO_GROWTH_HORMONE",-0.172018465534403,0.138387912156119,0.310406377690522,0.00239225581888591,0.618420499562159,2.12509599630715,0.0484331235600498,0.123420719043153,3,3,3537,"higher_in_neuropathy","neuropathy_above_control","NC_GSE246156",1.05633154889881,0.541450900280298,TRUE,TRUE
"GOBP_RESPONSE_TO_INTERLEUKIN_7",-0.374542858627464,0.353732523889166,0.72827538251663,0.418584781041999,1.03796598399126,4.95890913204785,0.000117107178968467,0.00297991433101775,3,3,3537,"higher_in_neuropathy","neuropathy_above_control","NC_GSE246156",1.33639833739527,0.253860638805021,TRUE,TRUE
"GOBP_RESPONSE_TO_LEPTIN",-0.032165346114518,0.0716605237092317,0.10382586982375,-0.237649610137699,0.445301349785198,0.641157312592575,0.529912433455889,0.673190538669215,3,3,3537,"higher_in_neuropathy","overlap","NC_GSE246156",-1.10442638612631,0.512580457266279,FALSE,TRUE
"GOBP_RESPONSE_TO_METAL_ION",0.111051057735568,-0.0821827127678787,-0.193233770503446,-0.467744907366832,0.0812773663599394,-1.48436807646615,0.155893318112329,0.281755067022641,3,3,3537,"lower_in_neuropathy","neuropathy_below_control","NC_GSE246156",-1.42340903338132,0.029384193363734,TRUE,TRUE
"GOBP_RESPONSE_TO_MOLECULE_OF_BACTERIAL_ORIGIN",-0.244857530926076,0.248055434605925,0.492912965532001,0.221227134060886,0.764598797003118,3.82579589990624,0.00133847521832966,0.0110611842225047,3,3,3537,"higher_in_neuropathy","neuropathy_above_control","NC_GSE246156",2.13822971283881,4.84520547945206e-09,TRUE,TRUE
"GOBP_RESPONSE_TO_MONOAMINE",-0.0130463791917668,-0.0129344549313802,0.000111924260386623,-0.305791254225643,0.306015102746417,0.000771540608911845,0.999393320465487,0.999393320465487,3,3,3537,"higher_in_neuropathy","overlap","NC_GSE246156",-0.914561941011698,0.740787277089767,FALSE,TRUE
"GOBP_RESPONSE_TO_NICOTINE",0.0213442823308974,0.0165238411545782,-0.00482044117631916,-0.284738805890824,0.275097923538185,-0.0363139876081698,0.971452142104116,0.984252714586725,3,3,3537,"lower_in_neuropathy","overlap","NC_GSE246156",-1.29378653322838,0.27154640958715,TRUE,TRUE
"GOBP_RESPONSE_TO_NITRIC_OXIDE",-0.0404386363701978,0.0146254028157582,0.055064039185956,-0.286145312146817,0.396273390518729,0.340302928378089,0.737769017365866,0.835036484615382,3,3,3537,"higher_in_neuropathy","overlap","NC_GSE246156",-0.73331932575559,0.896971944529315,FALSE,TRUE
"GOBP_RESPONSE_TO_OXYGEN_RADICAL",0.16584316822764,-0.107531079304511,-0.273374247532151,-0.563308271307741,0.0165597762434384,-1.98827734302666,0.0630151357151672,0.148887464946257,3,3,3537,"lower_in_neuropathy","neuropathy_below_control","NC_GSE246156",-1.56259638406929,0.0798094719254426,TRUE,TRUE
"GOBP_RESPONSE_TO_PAIN",0.00634493936145708,-0.0565591756978914,-0.0629041150593485,-0.377032983936206,0.251224753817509,-0.422269537293,0.678084771476402,0.792726943711998,3,3,3537,"lower_in_neuropathy","overlap","NC_GSE246156",0.980645511951863,0.648310422134452,FALSE,TRUE
"GOBP_RESPONSE_TO_PROSTAGLANDIN",0.0946240350712085,-0.0838634368839269,-0.178487471955135,-0.451350299575379,0.0943753556651081,-1.37937359729539,0.185536141837081,0.318563754212503,3,3,3537,"lower_in_neuropathy","neuropathy_below_control","NC_GSE246156",-0.914866829850669,0.732165652621483,TRUE,TRUE
"GOBP_RESPONSE_TO_PROSTAGLANDIN_E",0.0358383489848427,-0.034185944858472,-0.0700242938433147,-0.346973265130523,0.206924677443893,-0.533172237450508,0.600769290598407,0.728960885367605,3,3,3537,"lower_in_neuropathy","overlap","NC_GSE246156",-0.935727451114789,0.710671350965204,TRUE,TRUE
"GOBP_RESPONSE_TO_TOXIC_SUBSTANCE",0.0851978492392483,-0.0837558221705816,-0.16895367140983,-0.461560718111178,0.123653375291518,-1.2175909138887,0.239899289794619,0.386395167579038,3,3,3537,"lower_in_neuropathy","overlap","NC_GSE246156",-1.36346525985081,0.0821520038477824,TRUE,TRUE
"GOBP_RESPONSE_TO_TUMOR_NECROSIS_FACTOR",-0.158600256671812,0.175300994457934,0.333901251129746,0.0604455739079357,0.607356928351557,2.57483644703787,0.0196031635942815,0.0639531414817721,3,3,3537,"higher_in_neuropathy","neuropathy_above_control","NC_GSE246156",1.49854465981002,0.00750546477785664,TRUE,TRUE
"GOBP_RESPONSE_TO_TYPE_I_INTERFERON",-0.205128679554303,0.222350799291958,0.427479478846261,0.110469706041954,0.744489251650569,2.84355194492364,0.0111708345815216,0.0437071260119931,3,3,3537,"higher_in_neuropathy","overlap","NC_GSE246156",1.43593065651294,0.0527792285309259,TRUE,TRUE
"GOBP_RESPONSE_TO_VIRUS",-0.192410879063727,0.161339638350293,0.353750517414019,0.079410038281454,0.628090996546585,2.71910348678978,0.0145179012870397,0.0524512940268226,3,3,3537,"higher_in_neuropathy","neuropathy_above_control","NC_GSE246156",1.6713221367418,7.50569196985139e-06,TRUE,TRUE
"GOBP_RESPONSE_TO_WOUNDING",-0.0883586639738995,0.0970194001245079,0.185378064098407,-0.0971470870607182,0.467903215257533,1.38362937084238,0.18425171805117,0.317282534930374,3,3,3537,"higher_in_neuropathy","overlap","NC_GSE246156",1.62206669506915,2.31212321096914e-06,TRUE,TRUE
"GOBP_RESPONSE_TO_ZINC_ION",0.176984953094659,-0.128096827643829,-0.305081780738488,-0.659192685022519,0.0490291235455426,-1.81675146098691,0.0868076845556179,0.184775775087379,3,3,3537,"lower_in_neuropathy","overlap","NC_GSE246156",-1.10216365527905,0.502022567596338,TRUE,TRUE
"GOBP_RNA_DECAPPING",-0.237976648627608,0.237713408978852,0.47569005760646,0.196288730110726,0.755091385102194,3.59016290202498,0.00223601482302331,0.0150643512933971,3,3,3537,"higher_in_neuropathy","neuropathy_above_control","NC_GSE246156",0.85168688266159,0.816535869880122,TRUE,TRUE
"GOBP_RNA_LOCALIZATION",-0.277147201532511,0.28698558359482,0.564132785127331,0.282937890329541,0.845327679925122,4.23050735167045,0.000555642697687866,0.00657293719639459,3,3,3537,"higher_in_neuropathy","neuropathy_above_control","NC_GSE246156",1.59622195493117,0.00132426339801794,TRUE,TRUE
"GOBP_RNA_TEMPLATED_DNA_BIOSYNTHETIC_PROCESS",-0.360114330388231,0.351588750644061,0.711703081032292,0.433126834909791,0.990279327154794,5.38732666169513,4.79997920236356e-05,0.00197413098125115,3,3,3537,"higher_in_neuropathy","neuropathy_above_control","NC_GSE246156",1.84711749398372,0.00302046496280312,TRUE,TRUE
"GOBP_RRNA_METHYLATION",-0.217143973676559,0.153986672279528,0.371130645956087,0.0118816540218918,0.730379637890282,2.17846107929635,0.0436341987088201,0.114321600617109,3,3,3537,"higher_in_neuropathy","overlap","NC_GSE246156",1.01602146184718,0.59459328,TRUE,TRUE
"GOBP_RRNA_MODIFICATION",-0.240872988078172,0.146346935991847,0.387219924070019,0.0283493544210411,0.746090493718998,2.27529858757746,0.0360267874192217,0.0987039094514231,3,3,3537,"higher_in_neuropathy","overlap","NC_GSE246156",0.966119716412739,0.669725445818415,TRUE,TRUE
"GOBP_SCF_DEPENDENT_PROTEASOMAL_UBIQUITIN_DEPENDENT_PROTEIN_CATABOLIC_PROCESS",-0.0146098183962272,0.0110178707185536,0.0256276891147808,-0.254420199726581,0.305675577956143,0.192972618414637,0.849251588009098,0.908591308768355,3,3,3537,"higher_in_neuropathy","overlap","NC_GSE246156",-0.813599334805594,0.873557677081537,FALSE,TRUE
"GOBP_SCHWANN_CELL_DIFFERENTIATION",0.175641007229166,-0.159649593762795,-0.335290600991961,-0.647013013161933,-0.023568188821989,-2.26815064972452,0.0365433220085493,0.0998869628626267,3,3,3537,"lower_in_neuropathy","overlap","NC_GSE246156",-1.49724363479345,0.0758470175554353,TRUE,TRUE
"GOBP_SECRETORY_GRANULE_ORGANIZATION",-0.19045608706567,0.188399813242941,0.378855900308611,0.104775760831184,0.652936039786039,2.91484210661993,0.00960312870261636,0.0393128081263357,3,3,3537,"higher_in_neuropathy","neuropathy_above_control","NC_GSE246156",1.33823387213571,0.170432402889551,TRUE,TRUE
"GOBP_SENSORY_ORGAN_MORPHOGENESIS",0.0855909713066575,-0.118267695640319,-0.203858666946976,-0.498318630942285,0.0906012970483325,-1.45989449579719,0.162429474058936,0.290951301667898,3,3,3537,"lower_in_neuropathy","overlap","NC_GSE246156",-1.23366186029202,0.211605731938719,TRUE,TRUE
"GOBP_SENSORY_PERCEPTION_OF_MECHANICAL_STIMULUS",0.165148033777967,-0.164430941006359,-0.329578974784326,-0.600746352206802,-0.0584115973618506,-2.5629527717635,0.0200903732477557,0.0650134036388946,3,3,3537,"lower_in_neuropathy","neuropathy_below_control","NC_GSE246156",-1.23915854871626,0.244346741395373,TRUE,TRUE
"GOBP_SENSORY_PERCEPTION_OF_SMELL",-0.018891782758343,0.0708419295973365,0.0897337123556795,-0.222109927934556,0.401577352645915,0.606788427623619,0.551955526702813,0.692784491819676,3,3,3537,"higher_in_neuropathy","overlap","NC_GSE246156",0.819654191305168,0.830727778919321,TRUE,TRUE
"GOBP_SIGNAL_TRANSDUCTION_IN_ABSENCE_OF_LIGAND",-0.0335975634831386,0.00709701654987595,0.0406945800330145,-0.243158546733842,0.324547706799871,0.302316209881944,0.766053714593471,0.853776387312156,3,3,3537,"higher_in_neuropathy","overlap","NC_GSE246156",-0.68699368319084,0.968468631760201,FALSE,TRUE
"GOBP_SIGNAL_TRANSDUCTION_IN_RESPONSE_TO_DNA_DAMAGE",-0.234119034745484,0.261541645248345,0.495660679993829,0.222516394950441,0.768804965037218,3.82658086888194,0.00133618918992902,0.0110611842225047,3,3,3537,"higher_in_neuropathy","neuropathy_above_control","NC_GSE246156",1.87945679720692,1.1657559183473e-05,TRUE,TRUE
"GOBP_SKELETAL_MUSCLE_ADAPTATION",0.359035618182287,-0.37893762315234,-0.737973241334627,-1.0228091576439,-0.453137325025359,-5.46341775745965,4.10586572044915e-05,0.00186185218631136,3,3,3537,"lower_in_neuropathy","neuropathy_below_control","NC_GSE246156",-2.26177669638503,5.23465710449572e-06,TRUE,TRUE
"GOBP_SKELETAL_MUSCLE_CELL_PROLIFERATION",-0.143322911505355,0.101372419649154,0.244695331154509,-0.0838475504476982,0.573238212756716,1.57055144547553,0.134587409689585,0.254021167594484,3,3,3537,"higher_in_neuropathy","overlap","NC_GSE246156",0.856552605257081,0.809728668492621,TRUE,TRUE
"GOBP_SMOOTHENED_SIGNALING_PATHWAY",0.0416084277563529,-0.0418617693389921,-0.083470197095345,-0.370801822536914,0.203861428346224,-0.612585277645909,0.548203434223692,0.689053143869651,3,3,3537,"lower_in_neuropathy","overlap","NC_GSE246156",-0.744770315267055,0.96592027804098,TRUE,TRUE
"GOBP_SNRNA_TRANSCRIPTION",0.00120269628428647,0.0121383721284354,0.010935675844149,-0.34278502673147,0.364656378419768,0.0651934096151856,0.948775372724397,0.971163196259385,3,3,3537,"higher_in_neuropathy","overlap","NC_GSE246156",-0.857193126387269,0.787086850349072,FALSE,TRUE
"GOBP_SNRNA_TRANSCRIPTION_BY_RNA_POLYMERASE_II",0.0100816843832185,-0.0218389990925136,-0.0319206834757321,-0.426978699609244,0.36313733265778,-0.170384407775022,0.866705558240259,0.919753243173057,3,3,3537,"lower_in_neuropathy","overlap","NC_GSE246156",-0.944897846366621,0.698861468704173,TRUE,TRUE
"GOBP_SPECIFICATION_OF_SYMMETRY",-0.0668519248665025,0.0616291729954631,0.128481097861966,-0.148851800254988,0.40581399597892,0.97691413788556,0.342217462399823,0.494858202987806,3,3,3537,"higher_in_neuropathy","overlap","NC_GSE246156",-0.941392389442817,0.717792496258548,FALSE,TRUE
"GOBP_SPERM_EGG_RECOGNITION",-0.0337697396833148,0.0752905915190166,0.109060331202331,-0.229128244638563,0.447248907043226,0.680027420910405,0.505581196036412,0.650666064135905,3,3,3537,"higher_in_neuropathy","overlap","NC_GSE246156",-0.824629165640403,0.830819711394527,FALSE,TRUE
"GOBP_SPHINGOMYELIN_METABOLIC_PROCESS",0.354613056903728,-0.379772108624297,-0.734385165528025,-1.02079049449293,-0.447979836563123,-5.4070619704476,4.6091031267008e-05,0.00196947930387929,3,3,3537,"lower_in_neuropathy","neuropathy_below_control","NC_GSE246156",-1.74048653804763,0.0252022252346454,TRUE,TRUE
"GOBP_STEROL_BIOSYNTHETIC_PROCESS",0.363317470470894,-0.30759893463799,-0.670916405108884,-0.949570073592362,-0.392262736625407,-5.07717569276258,9.13638082033333e-05,0.00265853510260759,3,3,3537,"lower_in_neuropathy","neuropathy_below_control","NC_GSE246156",-2.38330023386655,7.83799997506927e-09,TRUE,TRUE
"GOBP_STEROL_HOMEOSTASIS",0.113969963596337,-0.0819235767285146,-0.195893540324851,-0.477967085227309,0.0861800045776066,-1.46445592180693,0.161194444175222,0.289433584165301,3,3,3537,"lower_in_neuropathy","overlap","NC_GSE246156",-1.34153510817564,0.163799119054009,TRUE,TRUE
"GOBP_STORE_OPERATED_CALCIUM_ENTRY",0.0494454056427393,0.0251815908778749,-0.0242638147648644,-0.374712241608683,0.326184612078954,-0.146000220892717,0.885626837982606,0.933113531708215,3,3,3537,"lower_in_neuropathy","overlap","NC_GSE246156",-1.51153497364202,0.115897192339128,TRUE,TRUE
"GOBP_STRIATED_MUSCLE_ADAPTATION",0.311421656720687,-0.314566339463861,-0.625987996184549,-0.919240665469373,-0.332735326899724,-4.50134787201763,0.000309901687495155,0.00476574899421898,3,3,3537,"lower_in_neuropathy","neuropathy_below_control","NC_GSE246156",-2.26847233992176,1.62575719600011e-06,TRUE,TRUE
"GOBP_STRIATUM_DEVELOPMENT",-0.0523776735182256,-0.0165677606100737,0.0358099129081519,-0.239757251615513,0.311377077431816,0.274027622717131,0.787342857312783,0.867882198179591,3,3,3537,"higher_in_neuropathy","overlap","NC_GSE246156",-0.643748535874845,0.961601142408013,FALSE,TRUE
"GOBP_SUBPALLIUM_DEVELOPMENT",-0.0875471630893373,0.00746787111872863,0.0950150342080659,-0.194428959749606,0.384459028165738,0.692223489983312,0.498080835511604,0.645315719855144,3,3,3537,"higher_in_neuropathy","overlap","NC_GSE246156",-0.600772229490872,0.982184070493538,FALSE,TRUE
"GOBP_SULFUR_COMPOUND_BIOSYNTHETIC_PROCESS",0.33720223502145,-0.309893229997903,-0.647095465019353,-0.931846958749343,-0.362343971289363,-4.79204503760613,0.000166627714131422,0.00350810848144547,3,3,3537,"lower_in_neuropathy","neuropathy_below_control","NC_GSE246156",-1.96004232957648,4.60634812513884e-05,TRUE,TRUE
"GOBP_SULFUR_COMPOUND_TRANSPORT",0.0825617953126443,-0.144317952305203,-0.226879747617847,-0.517110065258958,0.0633505700232641,-1.64843375526771,0.117495263183171,0.231006529115551,3,3,3537,"lower_in_neuropathy","overlap","NC_GSE246156",-1.11971273120999,0.457436416559501,TRUE,TRUE
"GOBP_SYNAPSE_PRUNING",-0.262307719250537,0.27884310199915,0.541150821249688,0.0759828871411082,1.00631875535827,2.45316691152081,0.0251674692185596,0.0762787820274596,3,3,3537,"higher_in_neuropathy","overlap","NC_GSE246156",2.07527372597378,0.00191043383612978,TRUE,TRUE
"GOBP_T_CELL_ACTIVATION",-0.214810290638062,0.201454397285544,0.416264687923606,0.125104594500575,0.707424781346638,3.01478445071307,0.00775966593692603,0.0334706566084236,3,3,3537,"higher_in_neuropathy","neuropathy_above_control","NC_GSE246156",1.89250322164866,4.84520547945206e-09,TRUE,TRUE
"GOBP_T_CELL_DIFFERENTIATION",-0.226459661009899,0.208670919839497,0.435130580849397,0.147455133844254,0.72280602785454,3.18959363266248,0.00533038471638823,0.0265483650703701,3,3,3537,"higher_in_neuropathy","neuropathy_above_control","NC_GSE246156",1.73877999023133,9.93649805920362e-06,TRUE,TRUE
"GOBP_T_CELL_DIFFERENTIATION_IN_THYMUS",-0.221075047594866,0.164783331035855,0.385858378630722,0.101602586133517,0.670114171127927,2.86244504448976,0.0107327869487663,0.0426059118269208,3,3,3537,"higher_in_neuropathy","neuropathy_above_control","NC_GSE246156",0.869210680122433,0.853973057463513,TRUE,TRUE
"GOBP_T_CELL_MEDIATED_CYTOTOXICITY",-0.183446942753618,0.209820336637105,0.393267279390723,0.0639766602622243,0.722557898519222,2.51841328079912,0.0220206085545503,0.0698537152084704,3,3,3537,"higher_in_neuropathy","overlap","NC_GSE246156",1.46820303087354,0.111666270886552,TRUE,TRUE
"GOBP_T_CELL_PROLIFERATION",-0.15130539082275,0.181555010322577,0.332860401145327,0.0439616194386117,0.621759182852042,2.42960105581164,0.0264048429137658,0.0786806481769078,3,3,3537,"higher_in_neuropathy","neuropathy_above_control","NC_GSE246156",1.8464725432755,3.92226501068685e-05,TRUE,TRUE
"GOBP_T_CELL_SELECTION",-0.284397389542946,0.258177582533871,0.542574972076818,0.248876775887372,0.836273168266264,3.89562391551948,0.00114970245832376,0.0100540517533142,3,3,3537,"higher_in_neuropathy","neuropathy_above_control","NC_GSE246156",1.09561950040585,0.438719593437131,TRUE,TRUE
"GOBP_T_HELPER_1_CELL_DIFFERENTIATION",-0.408763343426686,0.410313075546947,0.819076418973633,0.512448839631246,1.12570399831602,5.6328962755967,2.90684519102921e-05,0.00158558335422606,3,3,3537,"higher_in_neuropathy","neuropathy_above_control","NC_GSE246156",1.69564822302128,0.0266741807135122,TRUE,TRUE
"GOBP_T_HELPER_1_TYPE_IMMUNE_RESPONSE",-0.357825347431289,0.312475637403523,0.670300984834812,0.354259775239729,0.986342194429895,4.47244169899069,0.000329749183845197,0.00496307601387431,3,3,3537,"higher_in_neuropathy","neuropathy_above_control","NC_GSE246156",1.70803904190646,0.0137731368802786,TRUE,TRUE
"GOBP_TAXIS",-0.129294947648685,0.141431593018485,0.27072654066717,-0.0116398894522859,0.553092970786626,2.02179126802265,0.0591162166319258,0.142047593904295,3,3,3537,"higher_in_neuropathy","neuropathy_above_control","NC_GSE246156",1.78001712167086,4.84511857556377e-07,TRUE,TRUE
"GOBP_TELOMERE_MAINTENANCE_VIA_TELOMERE_LENGTHENING",-0.296848509077419,0.302566423285211,0.599414932362629,0.314659016246387,0.884170848478872,4.43887941942996,0.000354421082405248,0.0051717121739397,3,3,3537,"higher_in_neuropathy","neuropathy_above_control","NC_GSE246156",1.66222516394354,0.011171504383515,TRUE,TRUE
"GOBP_TIGHT_JUNCTION_ORGANIZATION",0.203908527691236,-0.191849193794562,-0.395757721485798,-0.668828224406693,-0.122687218564903,-3.0561393489752,0.00710207839001192,0.0318655245720335,3,3,3537,"lower_in_neuropathy","neuropathy_below_control","NC_GSE246156",-0.997901620961881,0.633510835735867,TRUE,TRUE
"GOBP_TISSUE_REMODELING",-0.0373389327691543,0.0421902222658514,0.0795291550350057,-0.205481275455177,0.364539585525188,0.58841557535337,0.563937767089251,0.700367936163862,3,3,3537,"higher_in_neuropathy","overlap","NC_GSE246156",1.76240704673511,0.000302101923735531,TRUE,TRUE
"GOBP_TOOTH_MINERALIZATION",0.113512819945234,-0.189789815957208,-0.303302635902442,-0.614666570723679,0.00806129891879437,-2.05412289636306,0.0555627821686573,0.136666462996417,3,3,3537,"lower_in_neuropathy","overlap","NC_GSE246156",-1.19700227035486,0.391396250424289,TRUE,TRUE
"GOBP_TRANSCRIPTION_INITIATION_AT_RNA_POLYMERASE_II_PROMOTER",-0.19087108095162,0.183200159624353,0.374071240575973,0.100221274182085,0.647921206969861,2.88044889133332,0.0103308427225691,0.0414287876527516,3,3,3537,"higher_in_neuropathy","neuropathy_above_control","NC_GSE246156",1.25796282553356,0.096810172777556,TRUE,TRUE
"GOBP_TRANSEPITHELIAL_TRANSPORT",0.0950460705071602,-0.117565747010568,-0.212611817517729,-0.524968551393772,0.0997449163583143,-1.43534094174389,0.169211620581452,0.300301807323932,3,3,3537,"lower_in_neuropathy","overlap","NC_GSE246156",-0.865165628974679,0.791254304509065,TRUE,TRUE
"GOBP_TRICARBOXYLIC_ACID_CYCLE",0.361422201752409,-0.374883277375581,-0.73630547912799,-1.13950911827055,-0.333101839985431,-3.85081038929677,0.00126751936553488,0.0107511174961555,3,3,3537,"lower_in_neuropathy","overlap","NC_GSE246156",-1.73107429150778,0.0159819483616765,TRUE,TRUE
"GOBP_TRIGLYCERIDE_CATABOLIC_PROCESS",0.317763586437188,-0.336073972428675,-0.653837558865863,-0.967866006844756,-0.33980911088697,-4.39055495556401,0.000393277388328147,0.00537074178577859,3,3,3537,"lower_in_neuropathy","neuropathy_below_control","NC_GSE246156",-1.70988684634399,0.0341279362958297,TRUE,TRUE
"GOBP_TRNA_WOBBLE_BASE_MODIFICATION",0.161900636625425,-0.0973819936648673,-0.259282630290293,-0.577379978414456,0.0588147178338709,-1.71882602593965,0.103677712323667,0.209787224535934,3,3,3537,"lower_in_neuropathy","overlap","NC_GSE246156",-1.02787173592458,0.599174028200928,TRUE,TRUE
"GOBP_TRNA_WOBBLE_URIDINE_MODIFICATION",0.24684075078652,-0.156084634334814,-0.402925385121334,-0.753707876753141,-0.0521428934895279,-2.4221736033885,0.0268065475914265,0.0793428944191426,3,3,3537,"lower_in_neuropathy","overlap","NC_GSE246156",-1.12598817030258,0.487482457010816,TRUE,TRUE
"GOBP_TUMOR_NECROSIS_FACTOR_SUPERFAMILY_CYTOKINE_PRODUCTION",-0.283184570727127,0.275685956596074,0.558870527323201,0.272867811143404,0.844873243502997,4.12059181341097,0.000705070439305864,0.00748899142289742,3,3,3537,"higher_in_neuropathy","neuropathy_above_control","NC_GSE246156",2.06053388890431,1.10521789367828e-06,TRUE,TRUE
"GOBP_TYROSINE_PHOSPHORYLATION_OF_STAT_PROTEIN",-0.24337165935399,0.284863298794223,0.528234958148212,0.224622996686761,0.831846919609664,3.66882339990123,0.00188404617280184,0.0136275486977507,3,3,3537,"higher_in_neuropathy","neuropathy_above_control","NC_GSE246156",1.41615801420287,0.14912903709316,TRUE,TRUE
"GOBP_VACUOLAR_LOCALIZATION",-0.0237057482112972,0.0236122628602051,0.0473180110715023,-0.245581543400973,0.340217565543977,0.340664058661531,0.737501895168973,0.835001345458598,3,3,3537,"higher_in_neuropathy","overlap","NC_GSE246156",1.31763742687364,0.15012188938972,TRUE,TRUE
"GOBP_VIRAL_TRANSLATION",-0.317468926858028,0.340006317638622,0.65747524449665,0.34712053346183,0.96782995553147,4.46724332852795,0.000333453226839811,0.00496960747857953,3,3,3537,"higher_in_neuropathy","neuropathy_above_control","NC_GSE246156",1.37902863187117,0.192703137417266,TRUE,TRUE
"GOBP_VIRION_ASSEMBLY",-0.0986067410985913,0.0595897477983228,0.158196488896914,-0.134732685742941,0.451125663536769,1.13881389689774,0.270468765405492,0.418605016835521,3,3,3537,"higher_in_neuropathy","overlap","NC_GSE246156",0.877090982393394,0.786058717207753,TRUE,TRUE
"GOBP_VITAMIN_TRANSMEMBRANE_TRANSPORT",0.0674579234259054,-0.0141442303004301,-0.0816021537263355,-0.419312261740072,0.256107954287401,-0.509537447706449,0.616881857830922,0.745188227851082,3,3,3537,"lower_in_neuropathy","overlap","NC_GSE246156",-1.21656554640061,0.384058539920921,TRUE,TRUE
"GOBP_WNT_SIGNALING_PATHWAY",0.00581741603290312,-0.0114632471839913,-0.0172806632168944,-0.30562016272478,0.271058836290991,-0.126378970100018,0.900904592731879,0.943309515835599,3,3,3537,"lower_in_neuropathy","overlap","NC_GSE246156",-0.819337344220736,0.955487675811006,TRUE,TRUE
"GOBP_WOUND_HEALING",-0.0803342711385164,0.0995685246077035,0.17990279574622,-0.101664376953624,0.461469968446064,1.34733142183615,0.195439514408023,0.331544154657639,3,3,3537,"higher_in_neuropathy","overlap","NC_GSE246156",1.57049423129595,4.59429257778685e-05,TRUE,TRUE
"GOBP_ACTIVATION_OF_GTPASE_ACTIVITY",0.077530898318651,-0.0463044131475146,-0.123835311466166,-0.481326804716686,0.233656181784354,-0.76599323483802,0.460405335404439,0.746614415264663,3,3,3618,"lower_in_neuropathy","overlap","CCI_GSE212311",-0.723492037189888,0.925126937827473,TRUE,TRUE
"GOBP_ACTIVATION_OF_IMMUNE_RESPONSE",-0.143402745044547,0.136452388889144,0.279855133933691,0.0475716683635448,0.512138599503837,2.66416504991316,0.0226697866555255,0.167784389683933,3,3,3618,"higher_in_neuropathy","neuropathy_above_control","CCI_GSE212311",1.80026803423231,7.48934780279799e-07,TRUE,TRUE
"GOBP_ADAPTIVE_IMMUNE_RESPONSE",-0.215174131374734,0.235583307731035,0.450757439105769,0.206453858254037,0.695061019957501,4.079991096472,0.00196554663139789,0.0756526352382721,3,3,3618,"higher_in_neuropathy","neuropathy_above_control","CCI_GSE212311",2.37998899817082,2.01e-08,TRUE,TRUE
"GOBP_ADAPTIVE_IMMUNE_RESPONSE_BASED_ON_SOMATIC_RECOMBINATION_OF_IMMUNE_RECEPTORS_BUILT_FROM_IMMUNOGLOBULIN_SUPERFAMILY_DOMAINS",-0.222863012881851,0.223765458530452,0.446628471412303,0.201033606185153,0.692223336639453,4.0213629039411,0.00216711293595709,0.0781830751474839,3,3,3618,"higher_in_neuropathy","neuropathy_above_control","CCI_GSE212311",2.36576839570846,2.01e-08,TRUE,TRUE
"GOBP_ALCOHOL_CATABOLIC_PROCESS",-0.0225253536791992,0.00192445280342073,0.0244498064826199,-0.36053481202845,0.40943442499369,0.140435916531233,0.890949774403015,0.957651896550835,3,3,3618,"higher_in_neuropathy","overlap","CCI_GSE212311",-0.897521181447201,0.768298773493283,FALSE,TRUE
"GOBP_AMELOGENESIS",0.1217543542705,-0.0146923601692331,-0.136446714439733,-0.56356769127109,0.290674262391623,-0.706412420483426,0.49517309205958,0.765949395180911,3,3,3618,"lower_in_neuropathy","overlap","CCI_GSE212311",-1.10679539725879,0.577360084593913,TRUE,TRUE
"GOBP_AMP_METABOLIC_PROCESS",0.0632098743563683,-0.105530760239773,-0.168740634596141,-0.543906308656576,0.206425039464293,-0.994586883768451,0.342109168488184,0.659430459025172,3,3,3618,"lower_in_neuropathy","overlap","CCI_GSE212311",-1.26340972376443,0.414939701520196,TRUE,TRUE
"GOBP_AMYLOID_BETA_CLEARANCE",-0.228018146524094,0.191186903123887,0.419205049647981,0.172682244628989,0.665727854666973,3.76023986971029,0.00336414390013524,0.0852154490813931,3,3,3618,"higher_in_neuropathy","neuropathy_above_control","CCI_GSE212311",1.38118613423292,0.275150865265055,TRUE,TRUE
"GOBP_AMYLOID_BETA_METABOLIC_PROCESS",-0.00108162894368822,-0.0427511721977783,-0.0416695432540901,-0.345990967644334,0.262651881136153,-0.302783606246419,0.767916347444003,0.905960827112134,3,3,3618,"lower_in_neuropathy","overlap","CCI_GSE212311",-0.767136106166668,0.928734768828145,TRUE,TRUE
"GOBP_AMYLOID_FIBRIL_FORMATION",-0.0779783686809372,0.116438162531593,0.19441653121253,-0.12070800123952,0.50954106366458,1.36425992189558,0.200762171770993,0.509724587696459,3,3,3618,"higher_in_neuropathy","overlap","CCI_GSE212311",0.872272595761974,0.807381540361167,TRUE,TRUE
"GOBP_ANATOMICAL_STRUCTURE_MATURATION",0.0570299269272411,-0.0269016763907899,-0.083931603318031,-0.33439603001739,0.166532823381328,-0.741012633806767,0.474789093962009,0.754798737136653,3,3,3618,"lower_in_neuropathy","overlap","CCI_GSE212311",-0.973682946678821,0.728682798734655,TRUE,TRUE
"GOBP_ANGIOTENSIN_ACTIVATED_SIGNALING_PATHWAY",-0.0180338533486707,0.0416339422446355,0.0596677955933062,-0.256540659521954,0.375876250708566,0.417265674687117,0.684813672903211,0.870872857988492,3,3,3618,"higher_in_neuropathy","overlap","CCI_GSE212311",-1.13200601316985,0.538619436460736,FALSE,TRUE
"GOBP_ANIMAL_ORGAN_FORMATION",0.0993583294355356,-0.0192291992605293,-0.118587528696065,-0.493833995674224,0.256658938282094,-0.698825190946627,0.499713802481206,0.769674132557259,3,3,3618,"lower_in_neuropathy","overlap","CCI_GSE212311",-1.06425831474481,0.594022807051676,TRUE,TRUE
"GOBP_ANIMAL_ORGAN_MATURATION",0.0486800894875241,0.0840665935196297,0.0353865040321056,-0.342688054083356,0.413461062147567,0.206969500262893,0.839957507383039,0.935110996306724,3,3,3618,"higher_in_neuropathy","overlap","CCI_GSE212311",-1.01220828790806,0.652636720431033,FALSE,TRUE
"GOBP_ANTIGEN_PROCESSING_AND_PRESENTATION",-0.201130395731271,0.239121636149759,0.44025203188103,0.182005330875567,0.698498732886493,3.76975157968011,0.00331023183887688,0.0852154490813931,3,3,3618,"higher_in_neuropathy","neuropathy_above_control","CCI_GSE212311",1.96116714191285,0.0018774741600875,TRUE,TRUE
"GOBP_ANTIGEN_PROCESSING_AND_PRESENTATION_OF_EXOGENOUS_ANTIGEN",-0.240968262326537,0.235706990872547,0.476675253199084,0.195390250156531,0.757960256241638,3.74733201174277,0.00343876604916622,0.0852154490813931,3,3,3618,"higher_in_neuropathy","neuropathy_above_control","CCI_GSE212311",1.70045968127849,0.0622079516328318,TRUE,TRUE
"GOBP_ANTIGEN_PROCESSING_AND_PRESENTATION_OF_EXOGENOUS_PEPTIDE_ANTIGEN",-0.30084828811018,0.264584835476226,0.565433123586406,0.196705075377102,0.93416117179571,3.39094867856896,0.00634320331755121,0.098835484524139,3,3,3618,"higher_in_neuropathy","overlap","CCI_GSE212311",1.829343616271,0.0393758198341093,TRUE,TRUE
"GOBP_ANTIGEN_PROCESSING_AND_PRESENTATION_OF_EXOGENOUS_PEPTIDE_ANTIGEN_VIA_MHC_CLASS_II",-0.329557703086326,0.281091637709483,0.610649340795809,0.212772183460788,1.00852649813083,3.39382177117229,0.00631168297332854,0.098835484524139,3,3,3618,"higher_in_neuropathy","overlap","CCI_GSE212311",2.03762789932739,0.0145908094383294,TRUE,TRUE
"GOBP_ANTIGEN_PROCESSING_AND_PRESENTATION_OF_PEPTIDE_ANTIGEN",-0.292088852786231,0.308929718580446,0.601018571366676,0.327500100185951,0.874537042547402,4.85900534327569,0.000560835089639815,0.067379578919035,3,3,3618,"higher_in_neuropathy","neuropathy_above_control","CCI_GSE212311",2.05605967339389,0.00217573427293519,TRUE,TRUE
"GOBP_ANTIGEN_PROCESSING_AND_PRESENTATION_OF_PEPTIDE_OR_POLYSACCHARIDE_ANTIGEN_VIA_MHC_CLASS_II",-0.301422585648306,0.28702000416636,0.588442589814667,0.282395387722378,0.894489791906955,4.25169233187083,0.00148046326043444,0.0743932788368307,3,3,3618,"higher_in_neuropathy","neuropathy_above_control","CCI_GSE212311",2.2122660888754,0.000667449853437307,TRUE,TRUE
"GOBP_ANTIGEN_RECEPTOR_MEDIATED_SIGNALING_PATHWAY",-0.212937394133104,0.178902315847912,0.391839709981015,0.147382265648008,0.636297154314023,3.54447015873808,0.00486550390080049,0.0927724081925363,3,3,3618,"higher_in_neuropathy","neuropathy_above_control","CCI_GSE212311",2.01055651116684,4.00401890532139e-05,TRUE,TRUE
"GOBP_APICAL_PROTEIN_LOCALIZATION",0.0260631335256316,0.0968359589364079,0.0707728254107762,-0.248707103185433,0.390252754006986,0.489856754062992,0.634219997757906,0.847284200007748,3,3,3618,"higher_in_neuropathy","overlap","CCI_GSE212311",-0.655416516374554,0.951635244196689,FALSE,TRUE
"GOBP_APOPTOTIC_CELL_CLEARANCE",-0.161100646233389,0.184573455705246,0.345674101938635,0.086406023310452,0.604942180566818,2.94824750111011,0.0137522696221923,0.140216261903086,3,3,3618,"higher_in_neuropathy","neuropathy_above_control","CCI_GSE212311",1.77056303864435,0.0498306589306921,TRUE,TRUE
"GOBP_APPENDAGE_DEVELOPMENT",0.0580572996832934,-0.0602593860247301,-0.118316685708024,-0.428268190647265,0.191634819231218,-0.844108729161128,0.417260447506006,0.713497211187988,3,3,3618,"lower_in_neuropathy","overlap","CCI_GSE212311",-0.900286984852799,0.839638566605542,TRUE,TRUE
"GOBP_APPENDAGE_MORPHOGENESIS",0.0543519050773553,-0.0465028758547703,-0.100854780932126,-0.434143275163618,0.232433713299367,-0.669148200369767,0.517716055563451,0.787015415558222,3,3,3618,"lower_in_neuropathy","overlap","CCI_GSE212311",-0.872068595831178,0.872316098676888,TRUE,TRUE
"GOBP_ARF_PROTEIN_SIGNAL_TRANSDUCTION",-0.11962243120211,0.167461469463774,0.287083900665884,-0.0354074382265785,0.609575239558347,1.96850684029141,0.0757206487594355,0.313549731299472,3,3,3618,"higher_in_neuropathy","neuropathy_above_control","CCI_GSE212311",-1.05803301553611,0.619267780553095,FALSE,TRUE
"GOBP_ASYMMETRIC_CELL_DIVISION",-0.248592234299109,0.335525235547842,0.58411746984695,0.220704217006848,0.947530722687052,3.5542304193321,0.00478449168695912,0.0927724081925363,3,3,3618,"higher_in_neuropathy","neuropathy_above_control","CCI_GSE212311",1.47894204265731,0.246650721815744,TRUE,TRUE
"GOBP_ATP_SYNTHESIS_COUPLED_ELECTRON_TRANSPORT",0.260284915130312,-0.294176544664438,-0.55446145979475,-0.933907404141693,-0.175015515447808,-3.23122792826797,0.00837521510474291,0.110187375450763,3,3,3618,"lower_in_neuropathy","overlap","CCI_GSE212311",-1.95338704796664,0.00307581030522339,TRUE,TRUE
"GOBP_ATP_TRANSPORT",-0.0422770546398919,0.0343756341668953,0.0766526888067873,-0.264795694572065,0.418101072185639,0.496419094244081,0.629736387162532,0.846983735596298,3,3,3618,"higher_in_neuropathy","overlap","CCI_GSE212311",0.941049014881257,0.728682798734655,TRUE,TRUE
"GOBP_ATRIOVENTRICULAR_VALVE_DEVELOPMENT",0.0841085505890508,0.00286006473803089,-0.0812484858510199,-0.536534603039832,0.374037631337792,-0.394618111209537,0.70095211907435,0.878347057589978,3,3,3618,"lower_in_neuropathy","overlap","CCI_GSE212311",-0.732531194258359,0.915412029399585,TRUE,TRUE
"GOBP_AXON_ENSHEATHMENT_IN_CENTRAL_NERVOUS_SYSTEM",0.0671051905954893,-0.024993673088334,-0.0920988636838233,-0.459268273074254,0.275070545706607,-0.554669040773932,0.590637434603623,0.824145943147835,3,3,3618,"lower_in_neuropathy","overlap","CCI_GSE212311",-0.869923783010604,0.803301248594113,TRUE,TRUE
"GOBP_B_CELL_ACTIVATION",-0.167592868480934,0.163064074971391,0.330656943452325,0.0911002119251111,0.570213674979539,3.05221704267905,0.0114569101392962,0.130857111625132,3,3,3618,"higher_in_neuropathy","neuropathy_above_control","CCI_GSE212311",2.02500650346674,9.15405620776995e-07,TRUE,TRUE
"GOBP_B_CELL_DIFFERENTIATION",-0.143635866538916,0.121553391455414,0.26518925799433,0.00260372574362977,0.52777479024503,2.23321882099533,0.0481406923887683,0.244281942584241,3,3,3618,"higher_in_neuropathy","neuropathy_above_control","CCI_GSE212311",1.80096743530476,0.00537958485228941,TRUE,TRUE
"GOBP_B_CELL_HOMEOSTASIS",-0.203688491176066,0.184410748115961,0.388099239292027,0.0974855768743845,0.67871290170967,2.95306433809604,0.0136363131207645,0.140216261903086,3,3,3618,"higher_in_neuropathy","neuropathy_above_control","CCI_GSE212311",1.71231580713462,0.0622079516328318,TRUE,TRUE
"GOBP_B_CELL_MEDIATED_IMMUNITY",-0.228249674237523,0.219318513723729,0.447568187961252,0.208572346420553,0.686564029501952,4.14109325907434,0.00177620980690303,0.0753153735012765,3,3,3618,"higher_in_neuropathy","neuropathy_above_control","CCI_GSE212311",2.06213462126611,0.000161644006798677,TRUE,TRUE
"GOBP_B_CELL_PROLIFERATION",-0.246927781531088,0.234928601220286,0.481856382751374,0.224099163410163,0.739613602092586,4.13383295609489,0.00179767191103732,0.0753153735012765,3,3,3618,"higher_in_neuropathy","neuropathy_above_control","CCI_GSE212311",2.15886794556837,0.000134043427004217,TRUE,TRUE
"GOBP_B_CELL_RECEPTOR_SIGNALING_PATHWAY",-0.172606367792048,0.184130895639542,0.35673726343159,0.0136623911825045,0.699812135680675,2.2993533251354,0.0429268807381227,0.234606426753063,3,3,3618,"higher_in_neuropathy","overlap","CCI_GSE212311",1.78400923392242,0.0255019433978079,TRUE,TRUE
"GOBP_BICELLULAR_TIGHT_JUNCTION_ASSEMBLY",-0.119057403519905,0.0950376955798643,0.21409509909977,-0.151287532094522,0.579477730294061,1.29570153149732,0.222594767316224,0.537974527822376,3,3,3618,"higher_in_neuropathy","overlap","CCI_GSE212311",-0.653054245582065,0.983626157349539,FALSE,TRUE
"GOBP_BILE_ACID_BIOSYNTHETIC_PROCESS",0.0535356785436184,-0.0871729447066717,-0.14070862325029,-0.434095401423189,0.152678154922609,-1.0605382116114,0.312477483345669,0.634068163064851,3,3,3618,"lower_in_neuropathy","overlap","CCI_GSE212311",-0.698886530668115,0.95453947114192,TRUE,TRUE
"GOBP_BILE_ACID_METABOLIC_PROCESS",0.0642599455278283,-0.088443916733817,-0.152703862261645,-0.437298570287314,0.131890845764023,-1.18650438203388,0.261347350917304,0.576799764907365,3,3,3618,"lower_in_neuropathy","overlap","CCI_GSE212311",-0.814332088195916,0.870874313454151,TRUE,TRUE
"GOBP_BLASTOCYST_FORMATION",-0.168784502364938,0.159255371225397,0.328039873590334,0.00543381497585671,0.650645932204812,2.24853815656898,0.0468812650938519,0.243861570038826,3,3,3618,"higher_in_neuropathy","overlap","CCI_GSE212311",1.2259498268367,0.42511419421691,TRUE,TRUE
"GOBP_BONE_MATURATION",0.0505212986129822,0.103346771512015,0.0528254728990326,-0.307988832455343,0.413639778253408,0.323747028432052,0.752430019822546,0.898742757252549,3,3,3618,"higher_in_neuropathy","overlap","CCI_GSE212311",-1.03826324181491,0.627379187183378,FALSE,TRUE
"GOBP_BONE_MORPHOGENESIS",0.034490484740901,0.0415932332133586,0.00710274847245758,-0.383211112929605,0.39741660987452,0.0402400587093951,0.968649974403722,0.989028935197562,3,3,3618,"higher_in_neuropathy","overlap","CCI_GSE212311",-1.09240660309452,0.531041135680825,FALSE,TRUE
"GOBP_C4_DICARBOXYLATE_TRANSPORT",0.111805248998956,-0.115646909676912,-0.227452158675869,-0.523771071850505,0.0688667544987675,-1.69737122698093,0.118764151628039,0.400082589003953,3,3,3618,"lower_in_neuropathy","overlap","CCI_GSE212311",-1.07988931955462,0.593307370856359,TRUE,TRUE
"GOBP_CAMERA_TYPE_EYE_MORPHOGENESIS",0.0591621061914876,-0.0391273418031219,-0.0982894479946095,-0.389913518879508,0.193334622890289,-0.745297514704607,0.472301912853815,0.754798737136653,3,3,3618,"lower_in_neuropathy","overlap","CCI_GSE212311",-0.996387208862266,0.665687117496604,TRUE,TRUE
"GOBP_CARBOHYDRATE_CATABOLIC_PROCESS",-0.00863482533698628,0.0139338815262906,0.0225687068632769,-0.228124588516368,0.273262002242922,0.199071964223281,0.845975089006616,0.937726063733436,3,3,3618,"higher_in_neuropathy","overlap","CCI_GSE212311",-0.925127877852259,0.79998508600682,FALSE,TRUE
"GOBP_CARDIAC_ATRIUM_DEVELOPMENT",0.0763473577617353,-0.0212665313606945,-0.0976138891224298,-0.502468620034861,0.307240841790001,-0.533161207401815,0.604924967615659,0.83503187059651,3,3,3618,"lower_in_neuropathy","overlap","CCI_GSE212311",-0.806667497711946,0.862749868056472,TRUE,TRUE
"GOBP_CARDIAC_ATRIUM_MORPHOGENESIS",0.092278774222613,-0.037707145150645,-0.129985919373258,-0.510675562619405,0.250703723872889,-0.755042492171731,0.466676115897676,0.750415194363463,3,3,3618,"lower_in_neuropathy","overlap","CCI_GSE212311",-0.972462918553358,0.690857893587023,TRUE,TRUE
"GOBP_CARDIAC_CELL_DEVELOPMENT",0.0301730449620496,-0.0288099820512605,-0.0589830270133101,-0.390832929923734,0.272866875897114,-0.393035254080276,0.702085975823771,0.878943619560694,3,3,3618,"lower_in_neuropathy","overlap","CCI_GSE212311",-0.935805111498665,0.762069931259562,TRUE,TRUE
"GOBP_CARDIAC_MUSCLE_CELL_DIFFERENTIATION",-0.00976645079049675,0.0130781945811817,0.0228446453716784,-0.33364732082193,0.379336611565287,0.141703578779477,0.889972568099607,0.957295070953568,3,3,3618,"higher_in_neuropathy","overlap","CCI_GSE212311",-1.0877943301494,0.534915394942505,FALSE,TRUE
"GOBP_CD8_POSITIVE_ALPHA_BETA_T_CELL_ACTIVATION",-0.172677538961369,0.15630801542363,0.328985554384999,0.0014950498277248,0.656476058942273,2.22138718170449,0.0491355765982724,0.247594033610793,3,3,3618,"higher_in_neuropathy","overlap","CCI_GSE212311",1.77404826775565,0.0398151205018158,TRUE,TRUE
"GOBP_CD8_POSITIVE_ALPHA_BETA_T_CELL_DIFFERENTIATION",-0.0311448871986653,0.0217546301364131,0.0528995173350784,-0.398528747300228,0.504327781970385,0.259124875924262,0.800504227160948,0.919477569553552,3,3,3618,"higher_in_neuropathy","overlap","CCI_GSE212311",0.777107116813274,0.878551136363636,TRUE,TRUE
"GOBP_CELL_ADHESION_MEDIATED_BY_INTEGRIN",-0.152585919622654,0.20096076199901,0.353546681621665,-0.0498269708323276,0.756920334075657,1.93814106268402,0.0796990825326408,0.320746697000105,3,3,3618,"higher_in_neuropathy","overlap","CCI_GSE212311",1.69202953713854,0.0303423101625301,TRUE,TRUE
"GOBP_CELL_FATE_DETERMINATION",0.0913452621249962,-0.0241180560984748,-0.115463318223471,-0.634521188378847,0.403594551931906,-0.491897254992997,0.63282419722709,0.847284200007748,3,3,3618,"lower_in_neuropathy","overlap","CCI_GSE212311",-1.15867285622177,0.500346537068025,TRUE,TRUE
"GOBP_CELL_FATE_SPECIFICATION",0.06329452779231,-0.0130204777756837,-0.0763150055679936,-0.425029138316564,0.272399127180577,-0.483934446667734,0.638279584235847,0.849943148975081,3,3,3618,"lower_in_neuropathy","overlap","CCI_GSE212311",-0.812941944171142,0.903148728200104,TRUE,TRUE
"GOBP_CELL_JUNCTION_DISASSEMBLY",-0.0940450016083787,0.198396061565708,0.292441063174087,0.0227790181666847,0.562103108181489,2.39808556854441,0.0361460258146395,0.214036532565247,3,3,3618,"higher_in_neuropathy","neuropathy_above_control","CCI_GSE212311",1.81465315466831,0.0340891420431376,TRUE,TRUE
"GOBP_CELL_KILLING",-0.238053538384202,0.239973728592241,0.478027266976443,0.202243046870264,0.753811487082622,3.83291688521654,0.00297423471922944,0.0852154490813931,3,3,3618,"higher_in_neuropathy","neuropathy_above_control","CCI_GSE212311",2.14556503585211,3.74670706359412e-06,TRUE,TRUE
"GOBP_CELL_PROLIFERATION_IN_FOREBRAIN",0.0629959679339864,0.0266001363914058,-0.0363958315425806,-0.377544945681616,0.304753282596455,-0.235913907227043,0.817997601873353,0.927151681373482,3,3,3618,"lower_in_neuropathy","overlap","CCI_GSE212311",-0.618569367203893,0.973139000555333,TRUE,TRUE
"GOBP_CELL_VOLUME_HOMEOSTASIS",0.0237924264295417,-0.0484764960365121,-0.0722689224660538,-0.327023599015284,0.182485754083177,-0.627300392709493,0.543743851200863,0.802965409650907,3,3,3618,"lower_in_neuropathy","overlap","CCI_GSE212311",-0.894814043448659,0.783425455257916,TRUE,TRUE
"GOBP_CELLULAR_COMPONENT_ASSEMBLY_INVOLVED_IN_MORPHOGENESIS",0.0476706787085265,-0.0434041763315757,-0.0910748550401023,-0.377665867302115,0.195516157221911,-0.702719600778759,0.497379962942914,0.767059124436259,3,3,3618,"lower_in_neuropathy","overlap","CCI_GSE212311",-1.22725914410538,0.329216071526371,TRUE,TRUE
"GOBP_CELLULAR_COMPONENT_MAINTENANCE",0.00787402985871933,0.0118453184084642,0.00397128854974484,-0.247422745375729,0.255365322475219,0.0349319332752457,0.972783422274218,0.989598945178743,3,3,3618,"higher_in_neuropathy","overlap","CCI_GSE212311",0.912002831986306,0.782118728577938,TRUE,TRUE
"GOBP_CELLULAR_HYPEROSMOTIC_RESPONSE",-0.0487453412171297,0.0348204566007725,0.0835657978179022,-0.220967829682167,0.388099425317972,0.606791450751971,0.556768111988992,0.808926997110338,3,3,3618,"higher_in_neuropathy","overlap","CCI_GSE212311",-0.804876761278396,0.849818664394314,FALSE,TRUE
"GOBP_CELLULAR_PIGMENTATION",0.0161728447446694,-0.0201792482871103,-0.0363520930317797,-0.383472654390484,0.310768468326925,-0.231576895124533,0.821278155547482,0.927997122749274,3,3,3618,"lower_in_neuropathy","overlap","CCI_GSE212311",0.915410577111581,0.772282296103649,FALSE,TRUE
"GOBP_CELLULAR_RESPIRATION",0.139273617388305,-0.158106208916373,-0.297379826304677,-0.588027589602409,-0.00673206300694607,-2.26251081282463,0.0457602403951718,0.240640333938563,3,3,3618,"lower_in_neuropathy","overlap","CCI_GSE212311",-1.43600774175971,0.0230628156619169,TRUE,TRUE
"GOBP_CELLULAR_RESPONSE_TO_ANGIOTENSIN",-0.0939993147637598,0.100641755086576,0.194641069850336,-0.0656948416016675,0.45497698130234,1.65328051816187,0.127562901326706,0.412618265574211,3,3,3618,"higher_in_neuropathy","neuropathy_above_control","CCI_GSE212311",-0.733735951689179,0.94022713276705,FALSE,TRUE
"GOBP_CELLULAR_RESPONSE_TO_BIOTIC_STIMULUS",-0.214013310050816,0.234679641371515,0.448692951422331,0.165456293415792,0.73192960942887,3.50304673154314,0.00522538310398282,0.0940524380352278,3,3,3618,"higher_in_neuropathy","neuropathy_above_control","CCI_GSE212311",2.28561447212468,2.01e-08,TRUE,TRUE
"GOBP_CELLULAR_RESPONSE_TO_INTERLEUKIN_1",-0.243601474047962,0.219628868362481,0.463230342410443,0.199483243817764,0.726977441003123,3.88378744134932,0.0027294891005402,0.0836889115741901,3,3,3618,"higher_in_neuropathy","neuropathy_above_control","CCI_GSE212311",1.68042208562715,0.0377343105557083,TRUE,TRUE
"GOBP_CELLULAR_RESPONSE_TO_KETONE",-0.113194655171761,0.108644361215878,0.22183901638764,-0.0485321621468529,0.492210194922133,1.81436091603604,0.0980050868295807,0.360892445118551,3,3,3618,"higher_in_neuropathy","neuropathy_above_control","CCI_GSE212311",-1.08511915803582,0.542053161626545,FALSE,TRUE
"GOBP_CELLULAR_RESPONSE_TO_MOLECULE_OF_BACTERIAL_ORIGIN",-0.226806761517261,0.252251245387106,0.479058006904367,0.197973542986035,0.7601424708227,3.76875066794957,0.00331586252270312,0.0852154490813931,3,3,3618,"higher_in_neuropathy","neuropathy_above_control","CCI_GSE212311",2.34655094320366,2.01e-08,TRUE,TRUE
"GOBP_CELLULAR_RESPONSE_TO_PH",0.0483179869318563,-0.0227342117209485,-0.0710521986528048,-0.432195581156506,0.290091183850896,-0.435054840567685,0.672251485813888,0.867375141755231,3,3,3618,"lower_in_neuropathy","overlap","CCI_GSE212311",-0.956719924864713,0.711067776488949,TRUE,TRUE
"GOBP_CELLULAR_RESPONSE_TO_PROSTAGLANDIN_STIMULUS",-0.0909987517205924,0.124568951152664,0.215567702873256,-0.0852360898839715,0.516371495630484,1.58469807768373,0.142404079647772,0.435886599124907,3,3,3618,"higher_in_neuropathy","overlap","CCI_GSE212311",-0.855966302708118,0.808825460394577,FALSE,TRUE
"GOBP_CELLULAR_RESPONSE_TO_UNFOLDED_PROTEIN",0.047574855583278,-0.0202211136299105,-0.0677959692131885,-0.369337458504173,0.233745520077796,-0.497167743331437,0.629225873346071,0.846983735596298,3,3,3618,"lower_in_neuropathy","overlap","CCI_GSE212311",1.25177342625475,0.336589092992901,FALSE,TRUE
"GOBP_CHOLESTEROL_STORAGE",-0.101233847956765,0.0796605241223496,0.180894372079115,-0.22015846598874,0.58194721014697,0.997400557425173,0.34080410545405,0.657846783893804,3,3,3618,"higher_in_neuropathy","overlap","CCI_GSE212311",1.19069409034896,0.495388704344386,TRUE,TRUE
"GOBP_CILIUM_MOVEMENT",0.0417737279377339,-0.0545899955006933,-0.0963637234384272,-0.352001426965396,0.159273980088541,-0.833556054209328,0.422925102611113,0.717207434945052,3,3,3618,"lower_in_neuropathy","overlap","CCI_GSE212311",-0.934047363437561,0.797478232583808,TRUE,TRUE
"GOBP_COLLAGEN_FIBRIL_ORGANIZATION",-0.0102762930937544,0.0671514395953864,0.0774277326891408,-0.33536327849616,0.490218743874442,0.414774888755441,0.686580714262994,0.870872857988492,3,3,3618,"higher_in_neuropathy","overlap","CCI_GSE212311",-0.699632662653958,0.983826183085108,FALSE,TRUE
"GOBP_CORONARY_VASCULATURE_DEVELOPMENT",0.107214837236763,-0.08325001860201,-0.190464855838773,-0.560352256095726,0.17942254441818,-1.13865317008134,0.279939228557519,0.598239887135915,3,3,3618,"lower_in_neuropathy","overlap","CCI_GSE212311",-0.997590348965064,0.660739740827838,TRUE,TRUE
"GOBP_CYTOKINE_MEDIATED_SIGNALING_PATHWAY",-0.176458939301064,0.153371113702836,0.3298300530039,0.087557211765152,0.572102894242647,3.01045151607164,0.0123284070555178,0.133146796199592,3,3,3618,"higher_in_neuropathy","neuropathy_above_control","CCI_GSE212311",2.0638629005688,2.01e-08,TRUE,TRUE
"GOBP_CYTOPLASMIC_TRANSLATION",-0.169661119942134,0.170520345762891,0.340181465705025,0.00826408627817415,0.672098845131876,2.26634906030009,0.0454568466070514,0.240046205833112,3,3,3618,"higher_in_neuropathy","overlap","CCI_GSE212311",1.26891003469681,0.286111758413607,TRUE,TRUE
"GOBP_DECIDUALIZATION",-0.152114442648396,0.180870977697747,0.332985420346143,0.0634810591002438,0.602489781592042,2.73215646001754,0.0201140087652143,0.157710347128621,3,3,3618,"higher_in_neuropathy","neuropathy_above_control","CCI_GSE212311",0.990139935908672,0.673730716567777,TRUE,TRUE
"GOBP_DEFENSE_RESPONSE_TO_VIRUS",-0.121707384028987,0.136933912272458,0.258641296301446,0.0149435718431968,0.502339020759694,2.34688894624112,0.0395208695918762,0.224075481341006,3,3,3618,"higher_in_neuropathy","neuropathy_above_control","CCI_GSE212311",1.59327280631639,0.00780480200073265,TRUE,TRUE
"GOBP_DEFINITIVE_HEMOPOIESIS",-0.00569604413001785,0.0769335025551248,0.0826295466851426,-0.308743820989466,0.474002914359751,0.466863848807699,0.650050461269701,0.857412529665978,3,3,3618,"higher_in_neuropathy","overlap","CCI_GSE212311",-0.504555303717621,1,FALSE,TRUE
"GOBP_DENDRITE_EXTENSION",0.0966467577949442,-0.0329994357790073,-0.129646193573952,-0.470146544797862,0.210854157649959,-0.841953974263694,0.418412934014922,0.713497211187988,3,3,3618,"lower_in_neuropathy","overlap","CCI_GSE212311",-1.08321085859155,0.579108042545251,TRUE,TRUE
"GOBP_DEVELOPMENTAL_GROWTH_INVOLVED_IN_MORPHOGENESIS",0.0311753737281916,-0.0154804127833803,-0.0466557865115718,-0.292236767127894,0.19892519410475,-0.420104110590852,0.682802407570873,0.870464802886334,3,3,3618,"lower_in_neuropathy","overlap","CCI_GSE212311",-1.09761295325005,0.474948274240572,TRUE,TRUE
"GOBP_DEVELOPMENTAL_MATURATION",0.0972559022326905,-0.0694443559889654,-0.166700258221656,-0.399852333539557,0.0664518170962447,-1.58104099944442,0.143236596637981,0.43732490011495,3,3,3618,"lower_in_neuropathy","neuropathy_below_control","CCI_GSE212311",-1.42574391856262,0.0213590134279305,TRUE,TRUE
"GOBP_DIENCEPHALON_DEVELOPMENT",0.102494506878221,-0.0455162351752985,-0.14801074205352,-0.43641198954602,0.14039050543898,-1.1348598892901,0.281456168730419,0.600168579460328,3,3,3618,"lower_in_neuropathy","overlap","CCI_GSE212311",-1.05772481853714,0.60495507208241,TRUE,TRUE
"GOBP_EAR_DEVELOPMENT",0.00442081390201849,-0.0187644453068451,-0.0231852592088636,-0.29955277778762,0.253182259369892,-0.185511613014769,0.856331355636218,0.942563688680206,3,3,3618,"lower_in_neuropathy","overlap","CCI_GSE212311",-0.948267354258673,0.773492427204173,TRUE,TRUE
"GOBP_EAR_MORPHOGENESIS",0.0598896499592564,-0.0606268576702599,-0.120516507629516,-0.399998139142499,0.158965123883466,-0.953541092035654,0.36156435358172,0.673098521805722,3,3,3618,"lower_in_neuropathy","overlap","CCI_GSE212311",-1.21243584831075,0.345494354384406,TRUE,TRUE
"GOBP_EATING_BEHAVIOR",0.101750658315026,-0.135681572757171,-0.237432231072197,-0.490643476218487,0.0157790140740928,-2.07349422313424,0.063352446687506,0.28437860063945,3,3,3618,"lower_in_neuropathy","neuropathy_below_control","CCI_GSE212311",1.1799889329947,0.480936368447687,FALSE,TRUE
"GOBP_ELECTRON_TRANSPORT_CHAIN",0.215610768050887,-0.232850827501948,-0.448461595552835,-0.805560201373882,-0.0913629897317891,-2.77704711660854,0.0185860682342079,0.153877333801749,3,3,3618,"lower_in_neuropathy","overlap","CCI_GSE212311",-1.74123284794469,0.0113583860495596,TRUE,TRUE
"GOBP_EMBRYONIC_BRAIN_DEVELOPMENT",0.0254763101042177,-0.0134320088840109,-0.0389083189882286,-0.403378574060383,0.325561936083925,-0.236062239098178,0.817885466590308,0.927151681373482,3,3,3618,"lower_in_neuropathy","overlap","CCI_GSE212311",0.993377561675857,0.670842049272483,FALSE,TRUE
"GOBP_EMBRYONIC_HEART_TUBE_DEVELOPMENT",0.131032644279224,-0.116618444607603,-0.247651088886827,-0.590407778583191,0.095105600809537,-1.59771917416299,0.139474343912504,0.432036109824863,3,3,3618,"lower_in_neuropathy","overlap","CCI_GSE212311",-0.958299013326345,0.730059893632884,TRUE,TRUE
"GOBP_EMBRYONIC_HEART_TUBE_MORPHOGENESIS",0.145545403790361,-0.116528761312399,-0.26207416510276,-0.615925539379018,0.0917772091734977,-1.63775701914074,0.130796451535248,0.418054556540534,3,3,3618,"lower_in_neuropathy","overlap","CCI_GSE212311",-0.89043284273619,0.80483121813706,TRUE,TRUE
"GOBP_ENDOCHONDRAL_BONE_MORPHOGENESIS",0.0634865860944202,0.00886134602851518,-0.054625240065905,-0.449193358878894,0.339942878747084,-0.306138191644776,0.765430849539427,0.903533055019134,3,3,3618,"lower_in_neuropathy","overlap","CCI_GSE212311",-1.21206486049732,0.401641173367956,TRUE,TRUE
"GOBP_ENDOCRINE_HORMONE_SECRETION",0.0924608815440137,-0.0705121619359641,-0.162973043479978,-0.459482094277048,0.133536007317093,-1.21541325000815,0.250597489896181,0.56915362112014,3,3,3618,"lower_in_neuropathy","overlap","CCI_GSE212311",-1.25037370505933,0.380604971582428,TRUE,TRUE
"GOBP_ENDOCRINE_PROCESS",0.0531792202700288,-0.0699942056089558,-0.123173425878985,-0.392882734415413,0.146535882657444,-1.0098740912813,0.335062561505581,0.654500667143934,3,3,3618,"lower_in_neuropathy","overlap","CCI_GSE212311",-1.2527316180367,0.305820135746606,TRUE,TRUE
"GOBP_ENSHEATHMENT_OF_NEURONS",0.00125488480144621,-0.0084095987318827,-0.00966448353332891,-0.306691150035449,0.287362182968791,-0.0719497607848293,0.943982072448116,0.979726660389352,3,3,3618,"lower_in_neuropathy","overlap","CCI_GSE212311",-1.07574875497106,0.535963040532963,TRUE,TRUE
"GOBP_EPIBOLY",-0.05252957336031,0.113899092962868,0.166428666323178,-0.109600441094664,0.44245777374102,1.33327395999579,0.210398757987363,0.522458961151874,3,3,3618,"higher_in_neuropathy","overlap","CCI_GSE212311",1.1552968547366,0.507679597135888,TRUE,TRUE
"GOBP_EPIDERMIS_DEVELOPMENT",-0.0642278572585801,0.0580392498998597,0.12226710715844,-0.118899892812181,0.363434107129061,1.12108334611491,0.287019215373649,0.605148905140946,3,3,3618,"higher_in_neuropathy","overlap","CCI_GSE212311",1.43090558634568,0.0413521158956482,TRUE,TRUE
"GOBP_ERBB_SIGNALING_PATHWAY",-0.0678867954413722,0.070671203045515,0.138557998486887,-0.104958455676889,0.382074452650663,1.25819928759981,0.23534029765576,0.552810938753367,3,3,3618,"higher_in_neuropathy","neuropathy_above_control","CCI_GSE212311",1.02842466468006,0.623560794367027,TRUE,TRUE
"GOBP_ERK1_AND_ERK2_CASCADE",-0.105355126486481,0.122461447924175,0.227816574410656,-0.0206591388238355,0.476292287645148,2.02743769347791,0.0685239325289433,0.296237213827027,3,3,3618,"higher_in_neuropathy","neuropathy_above_control","CCI_GSE212311",1.67934420557195,0.00127270819451691,TRUE,TRUE
"GOBP_ESTABLISHMENT_OF_PIGMENT_GRANULE_LOCALIZATION",-0.0227924635302243,-0.0177645984820588,0.00502786504816555,-0.379014701821421,0.389070431917752,0.0289501216987382,0.977442469629847,0.991695696893098,3,3,3618,"higher_in_neuropathy","overlap","CCI_GSE212311",1.03236072453633,0.635406957609502,TRUE,TRUE
"GOBP_ESTABLISHMENT_OF_PROTEIN_LOCALIZATION_TO_ORGANELLE",0.00304713967494524,0.0084181059369276,0.00537096626198236,-0.24912923420668,0.259871166730645,0.0466670599231422,0.963646560531172,0.987633903566946,3,3,3618,"higher_in_neuropathy","overlap","CCI_GSE212311",0.774738215719542,1,TRUE,TRUE
"GOBP_ESTABLISHMENT_OF_TISSUE_POLARITY",0.0331924320652358,-0.0234922761083176,-0.0566847081735534,-0.393715163875535,0.280345747528428,-0.37191433038959,0.71728750131379,0.883996814304562,3,3,3618,"lower_in_neuropathy","overlap","CCI_GSE212311",0.639724068121427,0.972631723940999,FALSE,TRUE
"GOBP_ESTABLISHMENT_OR_MAINTENANCE_OF_BIPOLAR_CELL_POLARITY",0.0491839274863195,-0.00679936157672764,-0.0559832890630472,-0.362116941634704,0.25015036350861,-0.404383551320325,0.693973768793819,0.875002166826776,3,3,3618,"lower_in_neuropathy","overlap","CCI_GSE212311",-0.99532493088977,0.666993165862833,TRUE,TRUE
"GOBP_ESTABLISHMENT_OR_MAINTENANCE_OF_MONOPOLAR_CELL_POLARITY",0.159521056491749,-0.133669519429187,-0.293190575920936,-0.649559960166629,0.0631788083247574,-1.81926416496765,0.0972119535731832,0.360892445118551,3,3,3618,"lower_in_neuropathy","overlap","CCI_GSE212311",-1.35664775017713,0.330774669746599,TRUE,TRUE
"GOBP_ESTROGEN_RECEPTOR_SIGNALING_PATHWAY",0.0413585956562766,-0.0124220208090073,-0.0537806164652839,-0.331179365015199,0.223618132084631,-0.428713760851278,0.676717599671934,0.867375141755231,3,3,3618,"lower_in_neuropathy","overlap","CCI_GSE212311",-0.946344872623979,0.7346772943349,TRUE,TRUE
"GOBP_EXOCYTOSIS",-0.00456614809464104,-0.0008223012378016,0.00374384685683944,-0.261282795513229,0.268770489226908,0.0312373861378202,0.975660876176824,0.990721596971022,3,3,3618,"higher_in_neuropathy","overlap","CCI_GSE212311",1.33114420907609,0.0903837938709895,TRUE,TRUE
"GOBP_EXTRACELLULAR_MATRIX_ASSEMBLY",-0.0159805270099432,0.0260926096971771,0.0420731367071203,-0.32066222436992,0.404808497784161,0.256484510184481,0.802488614056004,0.920254771998295,3,3,3618,"higher_in_neuropathy","overlap","CCI_GSE212311",-0.857377861866592,0.821752397386324,FALSE,TRUE
"GOBP_EXTRACELLULAR_TRANSPORT",0.060280144852118,-0.0482518357045158,-0.108531980556634,-0.380403617489584,0.163339656376316,-0.882754563545704,0.396955736682187,0.697516199765008,3,3,3618,"lower_in_neuropathy","overlap","CCI_GSE212311",-0.611755149165212,0.996607412129729,TRUE,TRUE
"GOBP_EXTRACELLULAR_VESICLE_BIOGENESIS",0.0573203175574888,-0.0408525081201994,-0.0981728256776883,-0.53386875948535,0.337523108129973,-0.498257597529087,0.628483050426751,0.846983735596298,3,3,3618,"lower_in_neuropathy","overlap","CCI_GSE212311",0.903162843696144,0.763683343525334,FALSE,TRUE
"GOBP_EYE_MORPHOGENESIS",0.0152193907031317,0.00760985197398265,-0.00760953872914905,-0.333054840018198,0.3178357625599,-0.0517042771907166,0.959726228254768,0.986165718212369,3,3,3618,"lower_in_neuropathy","overlap","CCI_GSE212311",-0.941447437633019,0.766693982311831,TRUE,TRUE
"GOBP_FATTY_ACID_TRANSMEMBRANE_TRANSPORT",0.120636222917632,-0.096831708124199,-0.217467931041831,-0.487949599781555,0.0530137376978918,-1.77788444672785,0.10409342890153,0.369950909396598,3,3,3618,"lower_in_neuropathy","overlap","CCI_GSE212311",-1.21436199576108,0.465071527587382,TRUE,TRUE
"GOBP_FEEDING_BEHAVIOR",0.0326626205551207,-0.0217116794378544,-0.0543742999929752,-0.319693773890555,0.210945173904604,-0.45317995987116,0.659559139218794,0.862892126943562,3,3,3618,"lower_in_neuropathy","overlap","CCI_GSE212311",1.56204003555174,0.0779744089766719,FALSE,TRUE
"GOBP_FIBRINOLYSIS",-0.425328957568829,0.408672402830805,0.834001360399634,0.544239535680604,1.12376318511867,6.36460911321147,6.32283166150719e-05,0.0584022811636823,3,3,3618,"higher_in_neuropathy","neuropathy_above_control","CCI_GSE212311",2.20150559301881,0.00103177357473374,TRUE,TRUE
"GOBP_FILOPODIUM_ASSEMBLY",-0.109301678717761,0.114781521270786,0.224083199988547,-0.0274875722043789,0.475653972181473,1.96967811743535,0.0755709669583587,0.313549731299472,3,3,3618,"higher_in_neuropathy","neuropathy_above_control","CCI_GSE212311",1.33523863018959,0.270699545003846,TRUE,TRUE
"GOBP_FOREBRAIN_DEVELOPMENT",0.00554245013974238,-0.00838159815284865,-0.013924048292591,-0.266203779231035,0.238355682645853,-0.122047617760501,0.905145337711977,0.964315615972301,3,3,3618,"lower_in_neuropathy","overlap","CCI_GSE212311",-1.06217382116913,0.525737971593479,TRUE,TRUE
"GOBP_G_PROTEIN_COUPLED_DOPAMINE_RECEPTOR_SIGNALING_PATHWAY",0.0665833345613206,-0.032182116666835,-0.0987654512281556,-0.398573071938665,0.201042169482354,-0.728464730167444,0.482119870414133,0.757407594944999,3,3,3618,"lower_in_neuropathy","overlap","CCI_GSE212311",-1.10433980507369,0.567020251328164,TRUE,TRUE
"GOBP_G_PROTEIN_COUPLED_RECEPTOR_SIGNALING_PATHWAY_COUPLED_TO_CYCLIC_NUCLEOTIDE_SECOND_MESSENGER",-0.0951008085788528,0.0432937027490553,0.138394511327908,-0.208980051083982,0.485769073739798,0.880981926638941,0.397871921159782,0.698447651992281,3,3,3618,"higher_in_neuropathy","overlap","CCI_GSE212311",1.8553025246613,0.0239543187109304,TRUE,TRUE
"GOBP_GLUCOSE_6_PHOSPHATE_METABOLIC_PROCESS",-0.0535552693598246,0.0274889860865459,0.0810442554463705,-0.258817649946209,0.42090616083895,0.527309862238291,0.608842574327203,0.836901614406363,3,3,3618,"higher_in_neuropathy","overlap","CCI_GSE212311",-0.637986333324072,0.972631723940999,FALSE,TRUE
"GOBP_GLUCOSE_CATABOLIC_PROCESS",0.0443940187091689,-0.0246302053307081,-0.069024224039877,-0.414917685862765,0.276869237783011,-0.441270937399721,0.667886237053428,0.865734936645774,3,3,3618,"lower_in_neuropathy","overlap","CCI_GSE212311",-1.1612797937642,0.491484138155081,TRUE,TRUE
"GOBP_GLUTAMATE_SECRETION",0.132788921694095,-0.126046979967768,-0.258835901661863,-0.555805194390739,0.0381333910670124,-1.92734346309778,0.0811600410351441,0.324102680425112,3,3,3618,"lower_in_neuropathy","overlap","CCI_GSE212311",-0.934150491704056,0.735120121152082,TRUE,TRUE
"GOBP_GLYCEROLIPID_CATABOLIC_PROCESS",0.0658514743838224,-0.10148439695668,-0.167335871340503,-0.504350178776131,0.169678436095125,-1.09796085325472,0.296546805342455,0.617598144915106,3,3,3618,"lower_in_neuropathy","overlap","CCI_GSE212311",-1.49474559442264,0.132594785775785,TRUE,TRUE
"GOBP_GLYCOLYTIC_PROCESS_THROUGH_FRUCTOSE_6_PHOSPHATE",-0.0300280207871549,0.0792329495824787,0.109260970369634,-0.16630908843418,0.384831029173447,0.876756853696708,0.400061530296864,0.700591779580859,3,3,3618,"higher_in_neuropathy","overlap","CCI_GSE212311",-0.86684451192713,0.807381540361167,FALSE,TRUE
"GOBP_GLYCOLYTIC_PROCESS_THROUGH_GLUCOSE_6_PHOSPHATE",0.00338109843750812,0.0824093589022987,0.0790282604647906,-0.281881708913063,0.439938229842644,0.484205467423595,0.638093533373295,0.849943148975081,3,3,3618,"higher_in_neuropathy","overlap","CCI_GSE212311",-0.741314135559074,0.908763675078218,FALSE,TRUE
"GOBP_GPI_ANCHOR_METABOLIC_PROCESS",-0.00232376391916333,0.00839220374218393,0.0107159676613473,-0.275891170195639,0.297323105518334,0.082678109446176,0.935648752306082,0.975274326085683,3,3,3618,"higher_in_neuropathy","overlap","CCI_GSE212311",0.769937243378083,0.881310608555388,TRUE,TRUE
"GOBP_HEART_FORMATION",0.188520685352173,-0.0248072005518453,-0.213327885904019,-0.607894879590756,0.181239107782718,-1.19556452964878,0.257939590179694,0.574671540190426,3,3,3618,"lower_in_neuropathy","overlap","CCI_GSE212311",-0.774482402710832,0.881404631903418,TRUE,TRUE
"GOBP_HEMOSTASIS",-0.186886451380443,0.206632467869232,0.393518919249675,0.132629045843463,0.654408792655887,3.33545080769717,0.00698478944678354,0.10314680905495,3,3,3618,"higher_in_neuropathy","neuropathy_above_control","CCI_GSE212311",1.8834073202356,0.000105334408069275,TRUE,TRUE
"GOBP_HETEROTYPIC_CELL_CELL_ADHESION",-0.150897190494176,0.218538786294804,0.369435976788979,-0.0266736644713865,0.765545618049346,2.06238583891391,0.0645649424379869,0.286972925971298,3,3,3618,"higher_in_neuropathy","overlap","CCI_GSE212311",1.80350426782847,0.0318541685212885,TRUE,TRUE
"GOBP_HOMEOSTASIS_OF_NUMBER_OF_CELLS",-0.100459519607011,0.096810507507347,0.197270027114358,-0.0353432107759054,0.429883265004622,1.87530893503246,0.0885552184175609,0.344508365843801,3,3,3618,"higher_in_neuropathy","neuropathy_above_control","CCI_GSE212311",1.57198006795802,0.00598858418053688,TRUE,TRUE
"GOBP_HUMORAL_IMMUNE_RESPONSE",-0.185975222920607,0.185593815074918,0.371569037995525,0.0876211345391958,0.655516941451855,2.89365664095478,0.0151379788974668,0.146441731687259,3,3,3618,"higher_in_neuropathy","neuropathy_above_control","CCI_GSE212311",2.39071532011,2.24197888281206e-08,TRUE,TRUE
"GOBP_HUMORAL_IMMUNE_RESPONSE_MEDIATED_BY_CIRCULATING_IMMUNOGLOBULIN",-0.260305873660281,0.219950177977961,0.480256051638242,0.218908977281865,0.74160312599462,4.06351014565953,0.00202014821162018,0.0769357497857031,3,3,3618,"higher_in_neuropathy","neuropathy_above_control","CCI_GSE212311",1.90885793306168,0.017806089651156,TRUE,TRUE
"GOBP_ICOSANOID_BIOSYNTHETIC_PROCESS",-0.233799612708231,0.189186594915616,0.422986207623847,0.128961118629715,0.71701129661798,3.18117793545506,0.00914041215424503,0.11610476728578,3,3,3618,"higher_in_neuropathy","neuropathy_above_control","CCI_GSE212311",1.90003136282469,0.0198038011981378,TRUE,TRUE
"GOBP_IMMUNE_RESPONSE_REGULATING_CELL_SURFACE_RECEPTOR_SIGNALING_PATHWAY",-0.169192841753404,0.175634793113304,0.344827634866708,0.10435413560309,0.585301134130326,3.17088860596491,0.00930635227000447,0.11610476728578,3,3,3618,"higher_in_neuropathy","neuropathy_above_control","CCI_GSE212311",1.82109157336501,7.98531376101888e-05,TRUE,TRUE
"GOBP_IMMUNE_RESPONSE_REGULATING_SIGNALING_PATHWAY",-0.13750156845217,0.139289642225571,0.276791210677741,0.0425454929126347,0.511036928442847,2.61292401292762,0.0248067467372492,0.174273416884209,3,3,3618,"higher_in_neuropathy","neuropathy_above_control","CCI_GSE212311",1.72267341183232,2.20476059460948e-05,TRUE,TRUE
"GOBP_IMMUNE_RESPONSE_TO_TUMOR_CELL",-0.13571153311886,0.085879093752886,0.221590626871746,-0.0485221306694025,0.491703384412895,1.81406328898707,0.0980534199976606,0.360892445118551,3,3,3618,"higher_in_neuropathy","neuropathy_above_control","CCI_GSE212311",1.27925514549096,0.395602049752904,TRUE,TRUE
"GOBP_INFLAMMATORY_CELL_APOPTOTIC_PROCESS",-0.0986276508456774,0.124030395482288,0.222658046327965,-0.20716686958229,0.652482962238221,1.14549435245716,0.277219536630972,0.596656920601344,3,3,3618,"higher_in_neuropathy","overlap","CCI_GSE212311",1.74822177701074,0.0838790446841294,TRUE,TRUE
"GOBP_INFLAMMATORY_RESPONSE_TO_ANTIGENIC_STIMULUS",-0.254577726480492,0.286070434176946,0.540648160657438,0.293682115543933,0.787614205770943,4.8408723177779,0.000576897887682419,0.067379578919035,3,3,3618,"higher_in_neuropathy","neuropathy_above_control","CCI_GSE212311",2.07111402580029,0.00108585631525947,TRUE,TRUE
"GOBP_INNER_EAR_AUDITORY_RECEPTOR_CELL_DIFFERENTIATION",0.0768301690516386,-0.105889981350277,-0.182720150401916,-0.432784857438331,0.067344556634499,-1.61577240747737,0.135500344172045,0.425925495407869,3,3,3618,"lower_in_neuropathy","overlap","CCI_GSE212311",0.923940473924484,0.758124269628786,FALSE,TRUE
"GOBP_INNER_EAR_MORPHOGENESIS",0.0593298701235986,-0.0672181348102243,-0.126548004933823,-0.394694871079136,0.141598861211491,-1.0435871484324,0.319902992629356,0.642647988524715,3,3,3618,"lower_in_neuropathy","overlap","CCI_GSE212311",-1.22162271501259,0.344557079824668,TRUE,TRUE
"GOBP_INORGANIC_ANION_TRANSPORT",0.0681266797531796,-0.0777552509808769,-0.145881930734057,-0.384042929312364,0.0922790678442513,-1.35449374893282,0.203758899638334,0.514086261430607,3,3,3618,"lower_in_neuropathy","neuropathy_below_control","CCI_GSE212311",-0.952113439530066,0.75402365985461,TRUE,TRUE
"GOBP_INORGANIC_ION_IMPORT_ACROSS_PLASMA_MEMBRANE",0.0628273825117701,-0.0895650774519475,-0.152392459963718,-0.416730834057367,0.111945914129932,-1.27482159123298,0.229619579258046,0.547121134747618,3,3,3618,"lower_in_neuropathy","overlap","CCI_GSE212311",-1.19661741578202,0.361098950300377,TRUE,TRUE
"GOBP_INSULIN_LIKE_GROWTH_FACTOR_RECEPTOR_SIGNALING_PATHWAY",0.0010285233837185,-0.0295244577162612,-0.0305529810999797,-0.383930565620426,0.322824603420467,-0.191188047807051,0.851992590418988,0.941042164544932,3,3,3618,"lower_in_neuropathy","overlap","CCI_GSE212311",-0.864740790581436,0.821752397386324,TRUE,TRUE
"GOBP_INTEGRIN_MEDIATED_SIGNALING_PATHWAY",-0.233808111576333,0.280658267126101,0.514466378702433,0.199656793601451,0.829275963803416,3.61372579921399,0.00431987233156598,0.0914775306646576,3,3,3618,"higher_in_neuropathy","neuropathy_above_control","CCI_GSE212311",2.04267896224822,0.000210728460666289,TRUE,TRUE
"GOBP_INTERFERON_MEDIATED_SIGNALING_PATHWAY",-0.169142020680669,0.177782433316206,0.346924453996875,0.0291018944949762,0.664747013498773,2.4137725149527,0.0351693323860153,0.212419777542442,3,3,3618,"higher_in_neuropathy","overlap","CCI_GSE212311",1.62970791559375,0.0467107522522639,TRUE,TRUE
"GOBP_INTERLEUKIN_6_MEDIATED_SIGNALING_PATHWAY",-0.287426029744808,0.204342815135059,0.491768844879867,0.148988042878827,0.834549646880908,3.1724199032874,0.00928146346007252,0.11610476728578,3,3,3618,"higher_in_neuropathy","neuropathy_above_control","CCI_GSE212311",1.86537828145854,0.0381098463226892,TRUE,TRUE
"GOBP_INTERLEUKIN_6_PRODUCTION",-0.249296149988352,0.279097262307851,0.528393412296203,0.278624586144635,0.778162238447772,4.67805481999545,0.000744937301481868,0.067379578919035,3,3,3618,"higher_in_neuropathy","neuropathy_above_control","CCI_GSE212311",2.27927547338024,1.08850674584423e-06,TRUE,TRUE
"GOBP_INTERLEUKIN_8_PRODUCTION",-0.230742261632177,0.253129869198685,0.483872130830862,0.195736418954071,0.772007842707654,3.7134678278307,0.00364281096751982,0.0859987551386257,3,3,3618,"higher_in_neuropathy","neuropathy_above_control","CCI_GSE212311",2.21353373003011,5.42527727348094e-05,TRUE,TRUE
"GOBP_INTRINSIC_APOPTOTIC_SIGNALING_PATHWAY_IN_RESPONSE_TO_DNA_DAMAGE",-0.175494096103185,0.140150054177644,0.315644150280829,0.0656826417493752,0.565605658812284,2.79235578896164,0.018091974254138,0.152936361802503,3,3,3618,"higher_in_neuropathy","neuropathy_above_control","CCI_GSE212311",1.93906145350908,0.000929846613496196,TRUE,TRUE
"GOBP_INTRINSIC_APOPTOTIC_SIGNALING_PATHWAY_IN_RESPONSE_TO_ENDOPLASMIC_RETICULUM_STRESS",-0.0629236359215386,0.0844194670019661,0.147343102923505,-0.133758774507667,0.428444980354676,1.1590767928678,0.271881089517312,0.59093444932198,3,3,3618,"higher_in_neuropathy","overlap","CCI_GSE212311",-0.939078648390263,0.752183888840211,FALSE,TRUE
"GOBP_INTRINSIC_APOPTOTIC_SIGNALING_PATHWAY_IN_RESPONSE_TO_OXIDATIVE_STRESS",-0.0214791265666373,0.0799832876408457,0.101462414207483,-0.178076657906615,0.381001486321581,0.802617856526481,0.439828514761874,0.728950786261319,3,3,3618,"higher_in_neuropathy","overlap","CCI_GSE212311",1.01400420457164,0.65128943176399,TRUE,TRUE
"GOBP_LABYRINTHINE_LAYER_BLOOD_VESSEL_DEVELOPMENT",-0.181646569520424,0.192110859495542,0.373757429015966,0.0962043635333067,0.651310494498626,2.97776177395959,0.0130570780703811,0.13692901002504,3,3,3618,"higher_in_neuropathy","neuropathy_above_control","CCI_GSE212311",1.45373963262012,0.263125305435269,TRUE,TRUE
"GOBP_LENS_FIBER_CELL_DIFFERENTIATION",0.0694118608325589,-0.0111497791461117,-0.0805616399786706,-0.43905768283274,0.277934402875399,-0.496924120131691,0.629391980971762,0.846983735596298,3,3,3618,"lower_in_neuropathy","overlap","CCI_GSE212311",-0.980598832251106,0.677731668583772,TRUE,TRUE
"GOBP_LEUKOCYTE_CELL_CELL_ADHESION",-0.169297980915952,0.16207334013957,0.331371321055521,0.0726265021341714,0.590116139976872,2.83197491402076,0.0168734163321481,0.151223021970367,3,3,3618,"higher_in_neuropathy","neuropathy_above_control","CCI_GSE212311",1.83830647986387,1.44361813519699e-05,TRUE,TRUE
"GOBP_LEUKOCYTE_DEGRANULATION",-0.179477430955581,0.211762634125521,0.391240065081102,0.124838116479312,0.657642013682892,3.24752176527437,0.00814046462090106,0.108539853140752,3,3,3618,"higher_in_neuropathy","neuropathy_above_control","CCI_GSE212311",1.6116447546534,0.0666960635680956,TRUE,TRUE
"GOBP_LEUKOCYTE_MEDIATED_CYTOTOXICITY",-0.259253555537256,0.261951117466659,0.521204673003915,0.257307237570917,0.785102108436912,4.36736285686122,0.00122579565592272,0.0722032400238302,3,3,3618,"higher_in_neuropathy","neuropathy_above_control","CCI_GSE212311",2.12204280841296,4.85284087418375e-05,TRUE,TRUE
"GOBP_LEUKOCYTE_MIGRATION",-0.159823569507313,0.177718007428351,0.337541576935664,0.0544325234276514,0.620650630443677,2.63645074616501,0.02380187086508,0.17120311886652,3,3,3618,"higher_in_neuropathy","neuropathy_above_control","CCI_GSE212311",1.95062156839054,2.18913123334444e-06,TRUE,TRUE
"GOBP_LEUKOCYTE_PROLIFERATION",-0.19953915634656,0.217839783303558,0.417378939650118,0.175115224154104,0.659642655146132,3.80967828978249,0.00309352830283548,0.0852154490813931,3,3,3618,"higher_in_neuropathy","neuropathy_above_control","CCI_GSE212311",2.17958351148513,2.01e-08,TRUE,TRUE
"GOBP_LIPID_OXIDATION",0.0893635274249609,-0.0831100318622176,-0.172473559287179,-0.407222586006959,0.0622754674326023,-1.62466891323806,0.133579064207238,0.422562177016328,3,3,3618,"lower_in_neuropathy","neuropathy_below_control","CCI_GSE212311",-1.27505436998985,0.264602368327615,TRUE,TRUE
"GOBP_LIPOPOLYSACCHARIDE_MEDIATED_SIGNALING_PATHWAY",-0.255664262888452,0.274579471644928,0.53024373453338,0.265722812782034,0.794764656284727,4.43263185586686,0.00110281499647938,0.0722032400238302,3,3,3618,"higher_in_neuropathy","neuropathy_above_control","CCI_GSE212311",1.72868815605142,0.0318541685212885,TRUE,TRUE
"GOBP_LONG_CHAIN_FATTY_ACID_BIOSYNTHETIC_PROCESS",-0.0640396286543997,0.0348860365805291,0.0989256652349288,-0.274584692806059,0.472436023275917,0.585669320291246,0.570362108682076,0.81604024585369,3,3,3618,"higher_in_neuropathy","overlap","CCI_GSE212311",-0.696765616952883,0.925712095248912,FALSE,TRUE
"GOBP_LONG_CHAIN_FATTY_ACID_METABOLIC_PROCESS",0.0471505583887282,-0.0914496943970016,-0.13860025278573,-0.38225569908001,0.105055193508551,-1.25786503200659,0.235456510950508,0.552810938753367,3,3,3618,"lower_in_neuropathy","neuropathy_below_control","CCI_GSE212311",-1.10908033432063,0.513869029244972,TRUE,TRUE
"GOBP_LYMPH_NODE_DEVELOPMENT",-0.201039397201756,0.266734554172528,0.467773951374284,0.122402608091684,0.813145294656884,2.99499346614599,0.0126677087145524,0.13559695304512,3,3,3618,"higher_in_neuropathy","neuropathy_above_control","CCI_GSE212311",1.12542501314188,0.561912162460519,TRUE,TRUE
"GOBP_LYMPH_VESSEL_DEVELOPMENT",-0.0335108831152971,0.0142121498268929,0.04772303294219,-0.439280778818729,0.534726844703109,0.216691472755031,0.832564533642098,0.93315318547618,3,3,3618,"higher_in_neuropathy","overlap","CCI_GSE212311",-0.567528773400002,0.996620893833528,FALSE,TRUE
"GOBP_LYMPHOCYTE_DIFFERENTIATION",-0.135321257618953,0.125406261891804,0.260727519510758,0.0185591249054916,0.502895914116024,2.38075966074471,0.0372554875502325,0.218460865408008,3,3,3618,"higher_in_neuropathy","neuropathy_above_control","CCI_GSE212311",1.84680336306535,3.04348185873278e-06,TRUE,TRUE
"GOBP_LYTIC_VACUOLE_ORGANIZATION",-0.0276128002567803,0.0368637530465536,0.0644765533033339,-0.182538698249826,0.311491804856493,0.577197165588509,0.575865333046003,0.817606555564184,3,3,3618,"higher_in_neuropathy","overlap","CCI_GSE212311",0.932813489412091,0.763812429871984,TRUE,TRUE
"GOBP_MACROPHAGE_MIGRATION",-0.214259624864977,0.246031064032263,0.46029068889724,0.152332956041339,0.76824842175314,3.30511991602407,0.00736316490102725,0.104124613755195,3,3,3618,"higher_in_neuropathy","neuropathy_above_control","CCI_GSE212311",1.86238735484642,0.0332455280568488,TRUE,TRUE
"GOBP_MAST_CELL_ACTIVATION",-0.16268505705391,0.175776304047985,0.338461361101895,0.0668178064911309,0.610104915712659,2.7552171743749,0.019314050742545,0.155936232964239,3,3,3618,"higher_in_neuropathy","neuropathy_above_control","CCI_GSE212311",1.36873645697237,0.230057961023224,TRUE,TRUE
"GOBP_MAST_CELL_ACTIVATION_INVOLVED_IN_IMMUNE_RESPONSE",-0.12695990282663,0.155846792337255,0.282806695163885,-0.00528338310173027,0.570896773429501,2.1707386068374,0.0536216712791316,0.257377301652659,3,3,3618,"higher_in_neuropathy","neuropathy_above_control","CCI_GSE212311",1.10625244972245,0.545249572181124,TRUE,TRUE
"GOBP_MATERNAL_PLACENTA_DEVELOPMENT",-0.149669134839491,0.179976209779152,0.329645344618643,0.0779557065730163,0.58133498266427,2.8961947088818,0.0150705424009452,0.146180220929276,3,3,3618,"higher_in_neuropathy","neuropathy_above_control","CCI_GSE212311",0.9459275891555,0.728551786217428,TRUE,TRUE
"GOBP_MATING_BEHAVIOR",0.130601750806294,-0.10996731636095,-0.240569067167244,-0.616413209248029,0.135275074913541,-1.41539658557828,0.185667689983385,0.493930663499917,3,3,3618,"lower_in_neuropathy","overlap","CCI_GSE212311",-1.22486568055913,0.430784693386937,TRUE,TRUE
"GOBP_MEMBRANE_INVAGINATION",-0.168661691170607,0.176663971097772,0.345325662268379,0.0629101211208694,0.627741203415888,2.70387373118951,0.0211403349622263,0.162390088945509,3,3,3618,"higher_in_neuropathy","neuropathy_above_control","CCI_GSE212311",1.95784298018241,0.00816340968606561,TRUE,TRUE
"GOBP_MEMBRANE_LIPID_CATABOLIC_PROCESS",0.0204117779635548,0.0657886018092196,0.0453768238456647,-0.240983065643011,0.33173671333434,0.350403191520238,0.732902990728326,0.888526417185328,3,3,3618,"higher_in_neuropathy","overlap","CCI_GSE212311",0.602742911108194,0.99431410053767,TRUE,TRUE
"GOBP_MEMBRANE_REPOLARIZATION_DURING_ACTION_POTENTIAL",0.0680237846993604,-0.0867870137261666,-0.154810798425527,-0.413047943882845,0.103426347031791,-1.32564941110336,0.21282797108316,0.525707043283263,3,3,3618,"lower_in_neuropathy","overlap","CCI_GSE212311",-0.929691731316896,0.739550627943485,TRUE,TRUE
"GOBP_MESENCHYMAL_CELL_PROLIFERATION",0.1473404660943,-0.0503172741745022,-0.197657740268802,-0.603795798675719,0.208480318138115,-1.07618338511074,0.305740201396247,0.627422497844943,3,3,3618,"lower_in_neuropathy","overlap","CCI_GSE212311",-1.2161286195777,0.420812590654543,TRUE,TRUE
"GOBP_METANEPHRIC_NEPHRON_DEVELOPMENT",0.049248553257407,0.00367370813896901,-0.0455748451184379,-0.326881953307056,0.23573226307018,-0.358253663607293,0.72718896736938,0.886146744338975,3,3,3618,"lower_in_neuropathy","overlap","CCI_GSE212311",-0.767610730010771,0.89632798749312,TRUE,TRUE
"GOBP_METANEPHROS_DEVELOPMENT",0.00471839843891609,0.0133517915742993,0.0086333931353832,-0.313505148625396,0.330771934896163,0.059263183114738,0.953845462341504,0.982914520863446,3,3,3618,"higher_in_neuropathy","overlap","CCI_GSE212311",-0.773492508572503,0.946249230186177,FALSE,TRUE
"GOBP_METHYLATION",0.0615351996447197,-0.0696031008658114,-0.131138300510531,-0.408383193822531,0.146106592801468,-1.04595292992371,0.318858765868987,0.641619029429363,3,3,3618,"lower_in_neuropathy","overlap","CCI_GSE212311",-1.123976527377,0.437138316004344,TRUE,TRUE
"GOBP_MIDDLE_EAR_MORPHOGENESIS",0.147349604004702,-0.106840276303709,-0.254189880308411,-0.67914958517791,0.170769824561088,-1.32268567489562,0.213778473206047,0.52651498710652,3,3,3618,"lower_in_neuropathy","overlap","CCI_GSE212311",-1.260626466815,0.422773740787745,TRUE,TRUE
"GOBP_MITOCHONDRIAL_ELECTRON_TRANSPORT_NADH_TO_UBIQUINONE",0.326889866887924,-0.324951210069733,-0.651841076957657,-0.99668916154645,-0.306992992368865,-4.17984379337995,0.00166610853961743,0.0753153735012765,3,3,3618,"lower_in_neuropathy","neuropathy_below_control","CCI_GSE212311",-1.97144441368905,0.00563242959731071,TRUE,TRUE
"GOBP_MODIFIED_AMINO_ACID_BIOSYNTHETIC_PROCESS",0.00372267139936286,0.0356250353279811,0.0319023639286182,-0.243128816986865,0.306933544844101,0.256499826996368,0.802477098360159,0.920254771998295,3,3,3618,"higher_in_neuropathy","overlap","CCI_GSE212311",-0.904992325000395,0.779549603370943,FALSE,TRUE
"GOBP_MODIFIED_AMINO_ACID_TRANSPORT",0.106954685099511,-0.143460821584213,-0.250415506683724,-0.494685795593584,-0.0061452177738652,-2.26692273276517,0.0454116675763252,0.240046205833112,3,3,3618,"lower_in_neuropathy","neuropathy_below_control","CCI_GSE212311",-1.44512292469407,0.214673752365185,TRUE,TRUE
"GOBP_MONONUCLEAR_CELL_DIFFERENTIATION",-0.146966398480897,0.148100890835733,0.29506728931663,0.0580465322664415,0.532088046366818,2.75283911911318,0.0193950538512735,0.155936232964239,3,3,3618,"higher_in_neuropathy","neuropathy_above_control","CCI_GSE212311",1.95774231408688,2.97574572342906e-08,TRUE,TRUE
"GOBP_MONONUCLEAR_CELL_MIGRATION",-0.169550405723312,0.181411474810736,0.350961880534048,0.0410635684934401,0.660860192574656,2.50430305246147,0.03001689228009,0.19673307706839,3,3,3618,"higher_in_neuropathy","overlap","CCI_GSE212311",2.05149328570603,8.83458849520997e-06,TRUE,TRUE
"GOBP_MONOSACCHARIDE_CATABOLIC_PROCESS",0.0831278276054275,-0.0573719321782768,-0.140499759783704,-0.41636590687854,0.135366387311131,-1.12622021273512,0.284935041721829,0.602510216802793,3,3,3618,"lower_in_neuropathy","overlap","CCI_GSE212311",-1.08659633463238,0.568746190789634,TRUE,TRUE
"GOBP_MRNA_METHYLGUANOSINE_CAP_DECAPPING",-0.192512452498285,0.143632262310649,0.336144714808934,0.06624685997395,0.606042569643919,2.75405747636386,0.0193535109809203,0.155936232964239,3,3,3618,"higher_in_neuropathy","neuropathy_above_control","CCI_GSE212311",1.3423985893043,0.341267855404322,TRUE,TRUE
"GOBP_MRNA_MODIFICATION",-0.0684444496968286,0.138612945880151,0.207057395576979,-0.081596042268738,0.495710833422697,1.5862080802977,0.1420615772913,0.435886599124907,3,3,3618,"higher_in_neuropathy","overlap","CCI_GSE212311",1.04449160855479,0.626542185669544,TRUE,TRUE
"GOBP_MRNA_TRANSCRIPTION",-0.0310611516489059,0.010691382074472,0.0417525337233779,-0.27346482248057,0.356969889927326,0.292899653841709,0.775255452062842,0.908314192216114,3,3,3618,"higher_in_neuropathy","overlap","CCI_GSE212311",1.10232351283081,0.559317090502702,TRUE,TRUE
"GOBP_MULTICELLULAR_ORGANISMAL_LEVEL_WATER_HOMEOSTASIS",-0.040206507556406,0.0728237720596266,0.113030279616033,-0.23214715897254,0.458207718204605,0.724099996515575,0.484686319639628,0.759460850782232,3,3,3618,"higher_in_neuropathy","overlap","CCI_GSE212311",-0.821418307571097,0.862749868056472,FALSE,TRUE
"GOBP_MUSCLE_CELL_APOPTOTIC_PROCESS",0.0557721637471426,-0.0545066175698934,-0.110278781317036,-0.411520009689884,0.190962447055812,-0.80951275001018,0.436023308167207,0.725969778623541,3,3,3618,"lower_in_neuropathy","overlap","CCI_GSE212311",-1.01595233259686,0.639365722167081,TRUE,TRUE
"GOBP_MUSCLE_CELL_DEVELOPMENT",0.0412288596406558,-0.0457949456580157,-0.0870238052986715,-0.401368676553562,0.227321065956218,-0.612178166072481,0.553330426589647,0.808768319858295,3,3,3618,"lower_in_neuropathy","overlap","CCI_GSE212311",-1.22866288739274,0.272101127809233,TRUE,TRUE
"GOBP_MUSCLE_CELL_PROLIFERATION",-0.110241572909874,0.142781661473867,0.253023234383741,-0.0216778247798958,0.527724293547379,2.03678981305281,0.0674426706873128,0.294840177541424,3,3,3618,"higher_in_neuropathy","overlap","CCI_GSE212311",1.62876562645908,0.0144459327587841,TRUE,TRUE
"GOBP_MYELIN_ASSEMBLY",0.197037905642287,-0.168229332416449,-0.365267238058736,-0.679998929046437,-0.050535547071035,-2.56635298651933,0.0269212422099244,0.182741190085378,3,3,3618,"lower_in_neuropathy","neuropathy_below_control","CCI_GSE212311",-1.1809064287083,0.48780213235246,TRUE,TRUE
"GOBP_MYELIN_MAINTENANCE",0.0450440082776628,-0.0938233416455211,-0.138867349923184,-0.486565430203023,0.208830730356655,-0.883169373084281,0.396741553888839,0.69747859182207,3,3,3618,"lower_in_neuropathy","overlap","CCI_GSE212311",-1.29299275068421,0.402039452469635,TRUE,TRUE
"GOBP_MYELOID_CELL_DIFFERENTIATION",-0.119058703223934,0.133962667442114,0.253021370666048,0.0110103032170435,0.495032438115052,2.31189508650345,0.0420016074952814,0.231296523467166,3,3,3618,"higher_in_neuropathy","neuropathy_above_control","CCI_GSE212311",1.69355833298804,0.000235204924340412,TRUE,TRUE
"GOBP_MYELOID_CELL_HOMEOSTASIS",-0.117936616955388,0.123648592294212,0.2415852092496,-0.00720210879855357,0.490372527297753,2.14727787059343,0.0558299095418923,0.263354123497479,3,3,3618,"higher_in_neuropathy","neuropathy_above_control","CCI_GSE212311",1.6471023398549,0.0109051510423566,TRUE,TRUE
"GOBP_MYOBLAST_PROLIFERATION",-0.202555523632436,0.230540089750692,0.433095613383128,0.107389098164855,0.7588021286014,2.94038016283196,0.0139438031687871,0.140216261903086,3,3,3618,"higher_in_neuropathy","neuropathy_above_control","CCI_GSE212311",1.73894200599414,0.0867638262665961,TRUE,TRUE
"GOBP_MYOFIBRIL_ASSEMBLY",0.0896815796753558,-0.0648968307182681,-0.154578410393624,-0.531376427267826,0.222219606480578,-0.907165183035305,0.384487736660494,0.68957819558419,3,3,3618,"lower_in_neuropathy","overlap","CCI_GSE212311",-1.28426548367551,0.308588587732828,TRUE,TRUE
"GOBP_MYOTUBE_CELL_DEVELOPMENT",0.196752207892427,-0.136884411249986,-0.333636619142413,-0.662067123530145,-0.00520611475468175,-2.24634454650297,0.047059641533179,0.243861570038826,3,3,3618,"lower_in_neuropathy","overlap","CCI_GSE212311",-1.61161272148797,0.111645564932907,TRUE,TRUE
"GOBP_NADH_DEHYDROGENASE_COMPLEX_ASSEMBLY",0.281222480855725,-0.256591950506459,-0.537814431362184,-0.902337319887466,-0.173291542836902,-3.26252459038824,0.00793025649109037,0.108539853140752,3,3,3618,"lower_in_neuropathy","overlap","CCI_GSE212311",-1.87679824762523,0.0167844351789438,TRUE,TRUE
"GOBP_NATURAL_KILLER_CELL_MEDIATED_IMMUNITY",-0.199172340575661,0.173520421137084,0.372692761712744,0.0734031522983171,0.671982371127171,2.7536292345348,0.0193681028021759,0.155936232964239,3,3,3618,"higher_in_neuropathy","overlap","CCI_GSE212311",1.69392154380663,0.0342548525793146,TRUE,TRUE
"GOBP_NEGATIVE_REGULATION_OF_ACTIN_FILAMENT_POLYMERIZATION",0.00435082366024169,0.0363144933648211,0.0319636697045794,-0.223061226414658,0.286988565823817,0.277153393204602,0.786994912946286,0.913489764209067,3,3,3618,"higher_in_neuropathy","overlap","CCI_GSE212311",-1.00652993813167,0.655697361643679,FALSE,TRUE
"GOBP_NEGATIVE_REGULATION_OF_ADAPTIVE_IMMUNE_RESPONSE",-0.206134350706105,0.266371452141742,0.472505802847847,0.158257060453247,0.786754545242447,3.32490884477888,0.00711398893899568,0.10378391927938,3,3,3618,"higher_in_neuropathy","neuropathy_above_control","CCI_GSE212311",1.95741483106932,0.00385068594113499,TRUE,TRUE
"GOBP_NEGATIVE_REGULATION_OF_AXONOGENESIS",0.0202752995316188,-0.00612094885206496,-0.0263962483836837,-0.343070254710925,0.290277757943557,-0.184321474098216,0.857241671857013,0.942705279264035,3,3,3618,"lower_in_neuropathy","overlap","CCI_GSE212311",-0.966644324738057,0.703624383325921,TRUE,TRUE
"GOBP_NEGATIVE_REGULATION_OF_BMP_SIGNALING_PATHWAY",0.0191086825304323,0.0765718408132843,0.0574631582828521,-0.308460139958715,0.423386456524419,0.347252655304496,0.735200938197868,0.889570790694807,3,3,3618,"higher_in_neuropathy","overlap","CCI_GSE212311",-0.829450866544906,0.876681798497768,FALSE,TRUE
"GOBP_NEGATIVE_REGULATION_OF_CAMP_PKA_SIGNAL_TRANSDUCTION",-0.221230659153813,0.231116031736064,0.452346690889876,0.0941883809726377,0.810505000807114,2.79281733015341,0.0180772835482824,0.152936361802503,3,3,3618,"higher_in_neuropathy","overlap","CCI_GSE212311",1.4707194632206,0.230057961023224,TRUE,TRUE
"GOBP_NEGATIVE_REGULATION_OF_CARDIAC_MUSCLE_TISSUE_GROWTH",-0.109380140727611,0.0516009185701531,0.160981059297764,-0.154420263084862,0.476382381680391,1.12864514073533,0.283955263663514,0.601493058509716,3,3,3618,"higher_in_neuropathy","overlap","CCI_GSE212311",1.24826683029858,0.441776642678031,TRUE,TRUE
"GOBP_NEGATIVE_REGULATION_OF_CATALYTIC_ACTIVITY",-0.0440539130000193,0.0705605360061783,0.114614449006198,-0.144953471265099,0.374182369277494,0.976415126029437,0.35062598842743,0.664761705750257,3,3,3618,"higher_in_neuropathy","overlap","CCI_GSE212311",1.23306051454959,0.332410323262357,TRUE,TRUE
"GOBP_NEGATIVE_REGULATION_OF_CELL_ACTIVATION",-0.220695420769734,0.21397259489237,0.434668015662104,0.175633668623813,0.693702362700396,3.71061995533223,0.00366053297162752,0.0859987551386257,3,3,3618,"higher_in_neuropathy","neuropathy_above_control","CCI_GSE212311",2.1779923671642,7.78013701414922e-08,TRUE,TRUE
"GOBP_NEGATIVE_REGULATION_OF_CELL_ADHESION",-0.171531459868142,0.185388070437899,0.356919530306042,0.111040539192497,0.602798521419587,3.20992611052313,0.00869257404469014,0.113536941854473,3,3,3618,"higher_in_neuropathy","neuropathy_above_control","CCI_GSE212311",1.96272291366132,3.00790758511396e-06,TRUE,TRUE
"GOBP_NEGATIVE_REGULATION_OF_CELL_CELL_ADHESION",-0.185630956067019,0.216436252598565,0.402067208665584,0.154853568828452,0.649280848502716,3.59643628786545,0.00444987912037874,0.0919476878232289,3,3,3618,"higher_in_neuropathy","neuropathy_above_control","CCI_GSE212311",1.99016240584545,7.25243709003093e-05,TRUE,TRUE
"GOBP_NEGATIVE_REGULATION_OF_CELL_KILLING",-0.173120083213283,0.173350701177284,0.346470784390566,-0.0154689772972739,0.708410546078407,2.11678363022983,0.0588298696651993,0.271487842409045,3,3,3618,"higher_in_neuropathy","overlap","CCI_GSE212311",1.71097244886193,0.0813693156178766,TRUE,TRUE
"GOBP_NEGATIVE_REGULATION_OF_CELL_MATRIX_ADHESION",-0.105053231884503,0.0906547615899864,0.195707993474489,-0.0461825797985177,0.437598566747497,1.78910473721344,0.102184899058399,0.367436524401538,3,3,3618,"higher_in_neuropathy","neuropathy_above_control","CCI_GSE212311",1.11202820363367,0.555107962142738,TRUE,TRUE
"GOBP_NEGATIVE_REGULATION_OF_CELL_SUBSTRATE_ADHESION",-0.103349158100295,0.0628149698896109,0.166164127989906,-0.128850588119106,0.461178844098918,1.24548854511166,0.239792383187806,0.558281108348444,3,3,3618,"higher_in_neuropathy","overlap","CCI_GSE212311",1.13713560382291,0.496682576640786,TRUE,TRUE
"GOBP_NEGATIVE_REGULATION_OF_CELL_SUBSTRATE_JUNCTION_ORGANIZATION",-0.0402779413954291,0.0342661930970387,0.0745441344924678,-0.306634269238643,0.455722538223579,0.432445452750215,0.674087722028081,0.867375141755231,3,3,3618,"higher_in_neuropathy","overlap","CCI_GSE212311",0.572239711914506,0.98522861913495,TRUE,TRUE
"GOBP_NEGATIVE_REGULATION_OF_CYTOKINE_PRODUCTION",-0.129016679148559,0.153330311718738,0.282346990867297,0.0172428729826402,0.547451108751953,2.35511888524584,0.0389584191659342,0.223549794895733,3,3,3618,"higher_in_neuropathy","neuropathy_above_control","CCI_GSE212311",1.89227963329378,3.52611953033599e-05,TRUE,TRUE
"GOBP_NEGATIVE_REGULATION_OF_CYTOKINE_PRODUCTION_INVOLVED_IN_IMMUNE_RESPONSE",-0.222489338930298,0.366123251372702,0.588612590303,0.219433041758149,0.957792138847851,3.5256407572416,0.00502581315802574,0.0927724081925363,3,3,3618,"higher_in_neuropathy","neuropathy_above_control","CCI_GSE212311",1.96751704893027,0.0166891060785706,TRUE,TRUE
"GOBP_NEGATIVE_REGULATION_OF_DEFENSE_RESPONSE",-0.170128960570724,0.211302640463958,0.381431601034682,0.143470998341188,0.619392203728176,3.54452264893188,0.0048650644577843,0.0927724081925363,3,3,3618,"higher_in_neuropathy","neuropathy_above_control","CCI_GSE212311",1.92204340204102,1.65191272861249e-05,TRUE,TRUE
"GOBP_NEGATIVE_REGULATION_OF_DNA_REPLICATION",0.0327705673990112,-0.0408393459590052,-0.0736099133580165,-0.391585986318533,0.2443661596025,-0.511903395447392,0.619219055792173,0.840574422037451,3,3,3618,"lower_in_neuropathy","overlap","CCI_GSE212311",0.952183058353896,0.71769355045362,FALSE,TRUE
"GOBP_NEGATIVE_REGULATION_OF_ENDOCYTOSIS",-0.106244567519577,0.106772719515622,0.213017287035199,-0.0578639033612127,0.483898477431611,1.73893018064174,0.110973405600495,0.383112386891786,3,3,3618,"higher_in_neuropathy","overlap","CCI_GSE212311",1.3366671511727,0.264854931358882,TRUE,TRUE
"GOBP_NEGATIVE_REGULATION_OF_ENDOPLASMIC_RETICULUM_UNFOLDED_PROTEIN_RESPONSE",-0.107576328263446,0.151408274216191,0.258984602479638,-0.101285149982448,0.619254354941724,1.58961623099052,0.14129119465124,0.434582605515757,3,3,3618,"higher_in_neuropathy","overlap","CCI_GSE212311",0.945041978230007,0.724422633304788,TRUE,TRUE
"GOBP_NEGATIVE_REGULATION_OF_FAT_CELL_DIFFERENTIATION",0.0510401891592944,-0.0435836420695735,-0.0946238312288679,-0.390100012353073,0.200852349895337,-0.708148265936724,0.494137806474444,0.765649072301729,3,3,3618,"lower_in_neuropathy","overlap","CCI_GSE212311",-0.850493040621245,0.840115686207802,TRUE,TRUE
"GOBP_NEGATIVE_REGULATION_OF_FATTY_ACID_METABOLIC_PROCESS",0.089624370648863,-0.0434690147506894,-0.133093385399552,-0.420036476636468,0.153849705837363,-1.02566809074771,0.327895529565093,0.648974850091086,3,3,3618,"lower_in_neuropathy","overlap","CCI_GSE212311",-0.858394533899606,0.818043422615095,TRUE,TRUE
"GOBP_NEGATIVE_REGULATION_OF_HORMONE_SECRETION",0.078014606408286,-0.0689308243481604,-0.146945430756446,-0.459570124723492,0.165679263210599,-1.03939099965213,0.321761422908253,0.64387877659406,3,3,3618,"lower_in_neuropathy","overlap","CCI_GSE212311",-1.43643882761,0.169643009598615,TRUE,TRUE
"GOBP_NEGATIVE_REGULATION_OF_IMMUNE_RESPONSE",-0.163926550134608,0.209363455223639,0.373290005358248,0.137905767027037,0.608674243689459,3.50683335543983,0.00519137531000228,0.0940524380352278,3,3,3618,"higher_in_neuropathy","neuropathy_above_control","CCI_GSE212311",1.91857112784542,0.000131411843869091,TRUE,TRUE
"GOBP_NEGATIVE_REGULATION_OF_IMMUNE_SYSTEM_PROCESS",-0.129781747044171,0.150491225040554,0.280272972084724,0.0403936925260301,0.520152251643419,2.58365563733882,0.0261156227526788,0.179631793002266,3,3,3618,"higher_in_neuropathy","neuropathy_above_control","CCI_GSE212311",1.87916182912767,1.67083314931748e-07,TRUE,TRUE
"GOBP_NEGATIVE_REGULATION_OF_INFLAMMATORY_RESPONSE",-0.217140077333401,0.236510188073574,0.453650265406975,0.200528111067898,0.706772419746053,3.96311939478483,0.00238881344298626,0.0806194278240841,3,3,3618,"higher_in_neuropathy","neuropathy_above_control","CCI_GSE212311",2.09435127079985,4.39424782367449e-06,TRUE,TRUE
"GOBP_NEGATIVE_REGULATION_OF_INFLAMMATORY_RESPONSE_TO_ANTIGENIC_STIMULUS",-0.335795502131165,0.357806576089624,0.693602078220789,0.430822742209325,0.956381414232252,5.83667242649035,0.000131121420871859,0.0584022811636823,3,3,3618,"higher_in_neuropathy","neuropathy_above_control","CCI_GSE212311",2.04653795801424,0.00688090472962905,TRUE,TRUE
"GOBP_NEGATIVE_REGULATION_OF_INTRINSIC_APOPTOTIC_SIGNALING_PATHWAY_BY_P53_CLASS_MEDIATOR",-0.0823350694430161,0.0975644808953199,0.179899550338336,-0.11068619856478,0.470485299241452,1.36899515594053,0.199322489257113,0.509190364407253,3,3,3618,"higher_in_neuropathy","overlap","CCI_GSE212311",1.64138928637429,0.121245429838172,TRUE,TRUE
"GOBP_NEGATIVE_REGULATION_OF_KINASE_ACTIVITY",-0.0274163317609126,0.038523585329332,0.0659399170902446,-0.218202388073389,0.350082222253878,0.513166907617885,0.618364734028606,0.8405309736021,3,3,3618,"higher_in_neuropathy","overlap","CCI_GSE212311",1.33129708994125,0.270057779718035,TRUE,TRUE
"GOBP_NEGATIVE_REGULATION_OF_LYMPHOCYTE_DIFFERENTIATION",-0.076394989142845,0.0808881440518111,0.157283133194656,-0.120259326113051,0.434825592502363,1.2531378996886,0.237105017617265,0.55480278535322,3,3,3618,"higher_in_neuropathy","overlap","CCI_GSE212311",1.27223430780473,0.349685699748888,TRUE,TRUE
"GOBP_NEGATIVE_REGULATION_OF_MOLECULAR_FUNCTION",-0.0532660881346566,0.0634831595116561,0.116749247646313,-0.131204277661635,0.36470277295426,1.04118990430407,0.320963719514404,0.64387877659406,3,3,3618,"higher_in_neuropathy","overlap","CCI_GSE212311",1.43419588560472,0.0562221507482482,TRUE,TRUE
"GOBP_NEGATIVE_REGULATION_OF_MUSCLE_CELL_APOPTOTIC_PROCESS",0.055618274808477,-0.0710868620675991,-0.126705136876076,-0.483791444303557,0.230381170551405,-0.784634084872451,0.449855948229146,0.737471833330828,3,3,3618,"lower_in_neuropathy","overlap","CCI_GSE212311",-0.978053973491283,0.688717626479629,TRUE,TRUE
"GOBP_NEGATIVE_REGULATION_OF_NATURAL_KILLER_CELL_MEDIATED_IMMUNITY",-0.108201002907777,0.102488510594349,0.210689513502126,-0.173232941223532,0.594611968227785,1.21351612552211,0.251291944928519,0.569754655011426,3,3,3618,"higher_in_neuropathy","overlap","CCI_GSE212311",0.952897592214948,0.714327785015912,TRUE,TRUE
"GOBP_NEGATIVE_REGULATION_OF_NEURON_DIFFERENTIATION",0.0842659530996738,-0.0808708192601726,-0.165136772359846,-0.446271662400153,0.11599811768046,-1.29889842541862,0.221534918403874,0.537921440805365,3,3,3618,"lower_in_neuropathy","overlap","CCI_GSE212311",-0.857246391785643,0.838692619251741,TRUE,TRUE
"GOBP_NEGATIVE_REGULATION_OF_NUCLEOTIDE_CATABOLIC_PROCESS",-0.0272635229489052,-0.00127943014884966,0.0259840928000555,-0.282765427452229,0.33473361305234,0.18610044529712,0.855881049207443,0.942354727946601,3,3,3618,"higher_in_neuropathy","overlap","CCI_GSE212311",-0.903192765258995,0.763683343525334,FALSE,TRUE
"GOBP_NEGATIVE_REGULATION_OF_ORGANELLE_ASSEMBLY",0.0755627743727342,-0.121924811850263,-0.197487586222997,-0.503146375173826,0.108171202727832,-1.42872636410592,0.181894469975335,0.489627307912643,3,3,3618,"lower_in_neuropathy","overlap","CCI_GSE212311",-1.34919525389532,0.268587108722165,TRUE,TRUE
"GOBP_NEGATIVE_REGULATION_OF_PEPTIDYL_TYROSINE_PHOSPHORYLATION",-0.0556024098281427,0.0360213227597359,0.0916237325878786,-0.184732407880466,0.367979873056223,0.733136777968514,0.479382129965004,0.756420828001601,3,3,3618,"higher_in_neuropathy","overlap","CCI_GSE212311",1.10657524823528,0.572132905330454,TRUE,TRUE
"GOBP_NEGATIVE_REGULATION_OF_PRODUCTION_OF_MOLECULAR_MEDIATOR_OF_IMMUNE_RESPONSE",-0.166499905648246,0.278112090722134,0.44461199637038,0.0986837957014535,0.790540197039306,2.84211308264497,0.016575037151234,0.151223021970367,3,3,3618,"higher_in_neuropathy","overlap","CCI_GSE212311",2.01318012416845,0.00768633148844449,TRUE,TRUE
"GOBP_NEGATIVE_REGULATION_OF_PROTEIN_BINDING",0.103934805784391,-0.103232642390843,-0.207167448175234,-0.519516929337391,0.105182032986922,-1.46665130439933,0.171514243895915,0.476604097093258,3,3,3618,"lower_in_neuropathy","overlap","CCI_GSE212311",-0.836627385283557,0.826193951831755,TRUE,TRUE
"GOBP_NEGATIVE_REGULATION_OF_PROTEIN_LOCALIZATION_TO_MEMBRANE",-0.105286353745805,0.0919496383247835,0.197235992070589,-0.0611815921372043,0.455653576278382,1.68775829760485,0.120634799452669,0.401693924178392,3,3,3618,"higher_in_neuropathy","neuropathy_above_control","CCI_GSE212311",1.36316309299537,0.310386190351446,TRUE,TRUE
"GOBP_NEGATIVE_REGULATION_OF_PROTEIN_LOCALIZATION_TO_NUCLEUS",0.0201693357978192,0.0220954729974812,0.00192613719966197,-0.265441789916691,0.269294064316015,0.0159303036858226,0.987586007047387,0.995011465746991,3,3,3618,"higher_in_neuropathy","overlap","CCI_GSE212311",0.729208364040817,0.936000653922337,TRUE,TRUE
"GOBP_NEGATIVE_REGULATION_OF_PROTEIN_SECRETION",0.0301891249704641,-0.0423395527211599,-0.072528677691624,-0.419476969596113,0.274419614212865,-0.462265147588579,0.653238839189821,0.858647471819651,3,3,3618,"lower_in_neuropathy","overlap","CCI_GSE212311",-1.21875664613284,0.402007511351109,TRUE,TRUE
"GOBP_NEGATIVE_REGULATION_OF_REACTIVE_OXYGEN_SPECIES_METABOLIC_PROCESS",0.0679636366916668,-0.0118030710553817,-0.0797667077470485,-0.37283782783245,0.213304412338353,-0.601859040652736,0.55992631189117,0.809030909114319,3,3,3618,"lower_in_neuropathy","overlap","CCI_GSE212311",-1.1558136904411,0.496682576640786,TRUE,TRUE
"GOBP_NEGATIVE_REGULATION_OF_RECEPTOR_MEDIATED_ENDOCYTOSIS",0.00786184761386577,-0.000630492442175926,-0.00849234005604169,-0.293245405922098,0.276260725810015,-0.0659485289454124,0.948646708266776,0.981190334622411,3,3,3618,"lower_in_neuropathy","overlap","CCI_GSE212311",0.592637337680872,0.989472442619051,FALSE,TRUE
"GOBP_NEGATIVE_REGULATION_OF_RESPONSE_TO_EXTERNAL_STIMULUS",-0.159699122996703,0.196398227353822,0.356097350350525,0.114120194045065,0.598074506655986,3.2541721105328,0.00804659161920888,0.108539853140752,3,3,3618,"higher_in_neuropathy","neuropathy_above_control","CCI_GSE212311",2.02540883445933,6.63506691954252e-08,TRUE,TRUE
"GOBP_NEGATIVE_REGULATION_OF_SIGNAL_TRANSDUCTION_BY_P53_CLASS_MEDIATOR",-0.121693406923969,0.133907467509447,0.255600874433417,-0.0496521777731543,0.560853926639988,1.85160551331373,0.0921261229559338,0.352711442174146,3,3,3618,"higher_in_neuropathy","overlap","CCI_GSE212311",1.63962569072386,0.0849433330021464,TRUE,TRUE
"GOBP_NEGATIVE_REGULATION_OF_SIGNAL_TRANSDUCTION_IN_ABSENCE_OF_LIGAND",0.08888134508887,-0.1188029953738,-0.20768434046267,-0.467620902928605,0.0522522220032644,-1.76678020795105,0.106014079471626,0.371499976176121,3,3,3618,"lower_in_neuropathy","neuropathy_below_control","CCI_GSE212311",-1.42284969758289,0.263125305435269,TRUE,TRUE
"GOBP_NEGATIVE_REGULATION_OF_STEM_CELL_DIFFERENTIATION",0.0383754713727543,-0.0343198310509893,-0.0726953024237436,-0.387744607087164,0.242354002239677,-0.510239371943603,0.620345083184969,0.841547998111443,3,3,3618,"lower_in_neuropathy","overlap","CCI_GSE212311",0.746025604595217,0.900695933834234,FALSE,TRUE
"GOBP_NEGATIVE_REGULATION_OF_STEROID_BIOSYNTHETIC_PROCESS",0.0690445737045928,-0.0555664830958817,-0.124611056800475,-0.369804153158792,0.120582039557843,-1.1238141248081,0.285909795849631,0.603764726921835,3,3,3618,"lower_in_neuropathy","overlap","CCI_GSE212311",-0.952358375183785,0.71133421251548,TRUE,TRUE
"GOBP_NEGATIVE_REGULATION_OF_STEROID_METABOLIC_PROCESS",0.078637349527312,-0.0472413495271366,-0.125878699054449,-0.369372488226802,0.117615090117904,-1.14316916845985,0.278141584257195,0.597022369405188,3,3,3618,"lower_in_neuropathy","overlap","CCI_GSE212311",-1.0983469487399,0.566703152282306,TRUE,TRUE
"GOBP_NEGATIVE_REGULATION_OF_TISSUE_REMODELING",0.0291510569131057,0.0255061188449614,-0.00364493806814437,-0.377574998293066,0.370285122156777,-0.0215548953756807,0.983203582602954,0.993362346232194,3,3,3618,"lower_in_neuropathy","overlap","CCI_GSE212311",1.19910989427444,0.472160077907038,FALSE,TRUE
"GOBP_NEGATIVE_REGULATION_OF_TRANSMEMBRANE_RECEPTOR_PROTEIN_SERINE_THREONINE_KINASE_SIGNALING_PATHWAY",0.0206325352296513,-0.00153543382833215,-0.0221679690579835,-0.309498458831786,0.265162520715819,-0.170604443550843,0.86774897075789,0.946008830400589,3,3,3618,"lower_in_neuropathy","overlap","CCI_GSE212311",-0.943915660229464,0.762069931259562,TRUE,TRUE
"GOBP_NEGATIVE_REGULATION_OF_TUMOR_NECROSIS_FACTOR_SUPERFAMILY_CYTOKINE_PRODUCTION",-0.191243376475245,0.204031709370688,0.395275085845932,0.036362582060519,0.754187589631346,2.43532539922599,0.0338693084667535,0.208590338846878,3,3,3618,"higher_in_neuropathy","overlap","CCI_GSE212311",1.77533265543421,0.0393758198341093,TRUE,TRUE
"GOBP_NEPHRON_DEVELOPMENT",0.00828558324236233,0.0235299754437224,0.0152443922013601,-0.303202687255032,0.333691471657752,0.105856855366319,0.917673455228851,0.969101739935196,3,3,3618,"higher_in_neuropathy","overlap","CCI_GSE212311",-0.87674060875268,0.861176011872557,FALSE,TRUE
"GOBP_NEPHRON_EPITHELIUM_DEVELOPMENT",0.0537677765712401,-0.00922993866584052,-0.0629977152370807,-0.410911060148885,0.284915629674723,-0.400405336346671,0.696813042457527,0.875067541690848,3,3,3618,"lower_in_neuropathy","overlap","CCI_GSE212311",-0.958588363256605,0.738239601482096,TRUE,TRUE
"GOBP_NEURON_FATE_COMMITMENT",0.0712443732829512,-0.0482756394046185,-0.11952001268757,-0.445995555692606,0.206955530317466,-0.809535918480194,0.436010558547332,0.725969778623541,3,3,3618,"lower_in_neuropathy","overlap","CCI_GSE212311",-1.00437193664228,0.652636720431033,TRUE,TRUE
"GOBP_NEURON_MIGRATION",0.051657597586283,-0.0737614469844411,-0.125419044570724,-0.373247377390358,0.122409288248909,-1.11907367062246,0.28783780146363,0.606521354511016,3,3,3618,"lower_in_neuropathy","overlap","CCI_GSE212311",-1.35591483907024,0.137704051073616,TRUE,TRUE
"GOBP_NEURONAL_STEM_CELL_POPULATION_MAINTENANCE",0.070774493560548,-0.034111141306145,-0.104885634866693,-0.420808693703064,0.211037423969678,-0.734143284970474,0.478793609703374,0.756420828001601,3,3,3618,"lower_in_neuropathy","overlap","CCI_GSE212311",-0.990110282283811,0.673572347305958,TRUE,TRUE
"GOBP_NEUROTRANSMITTER_RECEPTOR_LOCALIZATION_TO_POSTSYNAPTIC_SPECIALIZATION_MEMBRANE",0.114158122728752,-0.105305480388081,-0.219463603116832,-0.56292548609339,0.123998279859725,-1.41296076868211,0.186364310000994,0.494692643861772,3,3,3618,"lower_in_neuropathy","overlap","CCI_GSE212311",-1.35811144344062,0.28684720388492,TRUE,TRUE
"GOBP_NEUROTROPHIN_SIGNALING_PATHWAY",0.0288767551347912,0.0231561038802748,-0.00572065125451636,-0.349063316589259,0.337622014080226,-0.0368437514447514,0.971294582357101,0.989598945178743,3,3,3618,"lower_in_neuropathy","overlap","CCI_GSE212311",0.736656038760174,0.921256825238956,FALSE,TRUE
"GOBP_NEUTRAL_LIPID_CATABOLIC_PROCESS",0.0940605406616981,-0.0784970858628378,-0.172557626524536,-0.584695963432978,0.239580710383906,-0.925842876490984,0.375135102648594,0.68174239050022,3,3,3618,"lower_in_neuropathy","overlap","CCI_GSE212311",-1.32775394083263,0.337689834475881,TRUE,TRUE
"GOBP_NK_T_CELL_ACTIVATION",-0.166720604652511,0.167977605740766,0.334698210393276,-0.00167992748611551,0.671076348272669,2.20024870110526,0.0509623506562708,0.251201341518239,3,3,3618,"higher_in_neuropathy","overlap","CCI_GSE212311",0.869467513771377,0.791739214573841,TRUE,TRUE
"GOBP_NUCLEAR_MEMBRANE_ORGANIZATION",0.0658805160658866,-0.0327589446354133,-0.0986394607012999,-0.368729905636651,0.171450984234051,-0.807583828812566,0.437085658668645,0.727069385316395,3,3,3618,"lower_in_neuropathy","overlap","CCI_GSE212311",0.937830530126359,0.74397314974056,FALSE,TRUE
"GOBP_NUCLEOBASE_METABOLIC_PROCESS",0.0159458807515732,0.00851333679505827,-0.00743254395651491,-0.358238202573105,0.343373114660076,-0.0468508032706487,0.963503539587938,0.987633903566946,3,3,3618,"lower_in_neuropathy","overlap","CCI_GSE212311",1.03057689271536,0.631157766454318,FALSE,TRUE
"GOBP_NUCLEOSIDE_DIPHOSPHATE_CATABOLIC_PROCESS",-0.00943104027838637,0.0154715706860143,0.0249026109644007,-0.236159334551003,0.285964556479804,0.210934422811568,0.836940422069652,0.934872012055573,3,3,3618,"higher_in_neuropathy","overlap","CCI_GSE212311",-0.952109323572579,0.747820772620541,FALSE,TRUE
"GOBP_NUCLEOSIDE_DIPHOSPHATE_METABOLIC_PROCESS",0.0318216153958932,-0.0322638351277348,-0.064085450523628,-0.33419784153808,0.206026940490824,-0.524639613803299,0.610634661604939,0.838116921732423,3,3,3618,"lower_in_neuropathy","overlap","CCI_GSE212311",-1.05147935500525,0.588642990621993,TRUE,TRUE
"GOBP_NUCLEOSIDE_PHOSPHATE_BIOSYNTHETIC_PROCESS",0.12126113056827,-0.140019848453001,-0.261280979021271,-0.560553901534715,0.037991943492173,-1.93057427601899,0.0807203103020955,0.3227028537823,3,3,3618,"lower_in_neuropathy","overlap","CCI_GSE212311",-1.47306969932527,0.0158787013249412,TRUE,TRUE
"GOBP_NUCLEOSIDE_PHOSPHATE_CATABOLIC_PROCESS",-0.0170047590173222,0.0335449813623672,0.0505497403796894,-0.190819042325878,0.291918523085257,0.463109803277387,0.652652674052257,0.858647471819651,3,3,3618,"higher_in_neuropathy","overlap","CCI_GSE212311",-0.862632047443779,0.897848672613643,FALSE,TRUE
"GOBP_NUCLEUS_LOCALIZATION",-0.0553522395201585,-0.00529952173808442,0.0500527177820741,-0.245249856168302,0.34535529173245,0.374806036310412,0.715198442206056,0.883256091623171,3,3,3618,"higher_in_neuropathy","overlap","CCI_GSE212311",-0.849780586632108,0.821774283733097,FALSE,TRUE
"GOBP_ORGANOPHOSPHATE_CATABOLIC_PROCESS",-0.00614919039750033,0.0284231156669004,0.0345723060644007,-0.214460882018038,0.283605494146839,0.306985078103795,0.764803806217112,0.903381111496885,3,3,3618,"higher_in_neuropathy","overlap","CCI_GSE212311",-1.01614922071198,0.63238807696071,FALSE,TRUE
"GOBP_OXIDATIVE_PHOSPHORYLATION",0.20858340963703,-0.235179929046404,-0.443763338683433,-0.840935162344209,-0.0465915150226573,-2.47069498928866,0.0318370150106124,0.203120278770734,3,3,3618,"lower_in_neuropathy","overlap","CCI_GSE212311",-1.82614442396362,0.00294953973710662,TRUE,TRUE
"GOBP_PEPTIDE_BIOSYNTHETIC_PROCESS",-0.139472111334217,0.168478250996631,0.307950362330848,-0.068960441065001,0.684861165726697,1.80670929437989,0.0992546150976548,0.363097267364323,3,3,3618,"higher_in_neuropathy","overlap","CCI_GSE212311",0.779315232502532,0.870186464611824,TRUE,TRUE
"GOBP_PEPTIDE_CATABOLIC_PROCESS",0.145279057905472,-0.108134220582846,-0.253413278488317,-0.637047611816998,0.130221054840364,-1.46068996376141,0.173111529895007,0.478625098087114,3,3,3618,"lower_in_neuropathy","overlap","CCI_GSE212311",-0.885033178331677,0.783425455257916,TRUE,TRUE
"GOBP_PEPTIDE_METABOLIC_PROCESS",0.0787794822152066,-0.0111218474631483,-0.0899013296783549,-0.394317225372237,0.214514566015527,-0.653047744845971,0.527641883010368,0.793653819230442,3,3,3618,"lower_in_neuropathy","overlap","CCI_GSE212311",-0.814480252240038,0.88495238909883,TRUE,TRUE
"GOBP_PEPTIDYL_SERINE_MODIFICATION",-0.0667610100896588,0.0508329547544628,0.117593964844122,-0.15033954244196,0.385527472130204,0.970519240089465,0.353422172807453,0.666674359341692,3,3,3618,"higher_in_neuropathy","overlap","CCI_GSE212311",1.05133924686825,0.613645608267453,TRUE,TRUE
"GOBP_PERIPHERAL_NERVOUS_SYSTEM_AXON_ENSHEATHMENT",0.0453798364332002,0.0134918765356254,-0.0318879598975748,-0.268805182023895,0.205029262228745,-0.297629687568771,0.77174034783449,0.90674827170051,3,3,3618,"lower_in_neuropathy","overlap","CCI_GSE212311",-1.08704555518164,0.586409663696481,TRUE,TRUE
"GOBP_PERIPHERAL_NERVOUS_SYSTEM_DEVELOPMENT",0.0787496114321971,-0.0404027931155092,-0.119152404547706,-0.391971101936023,0.15366629284061,-0.965772478415305,0.355685091086694,0.668156105686219,3,3,3618,"lower_in_neuropathy","overlap","CCI_GSE212311",-1.43026412070669,0.137520100191725,TRUE,TRUE
"GOBP_PHAGOCYTOSIS",-0.16473774556428,0.176192270041698,0.340930015605978,0.0764846468268103,0.605375384385147,2.85085689736752,0.0163219486271471,0.151223021970367,3,3,3618,"higher_in_neuropathy","neuropathy_above_control","CCI_GSE212311",2.08381682417433,2.58802531128572e-06,TRUE,TRUE
"GOBP_PHARYNGEAL_SYSTEM_DEVELOPMENT",0.0944603952539695,-0.0171911853230752,-0.111651580577045,-0.476880972413256,0.253577811259166,-0.675997827909833,0.513527087679962,0.783574236304229,3,3,3618,"lower_in_neuropathy","overlap","CCI_GSE212311",-0.87634402839348,0.795462922236005,TRUE,TRUE
"GOBP_PHOSPHATIDYLETHANOLAMINE_METABOLIC_PROCESS",0.125244947447892,-0.104329500413828,-0.22957444786172,-0.568110667784482,0.108961772061042,-1.4995624367511,0.162921964606041,0.464135171609966,3,3,3618,"lower_in_neuropathy","overlap","CCI_GSE212311",-1.05787135359719,0.614384928886301,TRUE,TRUE
"GOBP_PIGMENT_GRANULE_LOCALIZATION",0.0158134453662103,-0.0425679015805941,-0.0583813469468045,-0.425126172241032,0.308363478347423,-0.352011021099785,0.731731322955909,0.888526417185328,3,3,3618,"lower_in_neuropathy","overlap","CCI_GSE212311",0.990570025842969,0.670854154168069,FALSE,TRUE
"GOBP_PIGMENTATION",-0.00886627199306473,0.00771787520671409,0.0165841471997788,-0.240720173363396,0.273888467762953,0.142525380861679,0.889339165584,0.957058031256071,3,3,3618,"higher_in_neuropathy","overlap","CCI_GSE212311",1.02215081203196,0.633314661812071,TRUE,TRUE
"GOBP_PITUITARY_GLAND_DEVELOPMENT",-0.0251722568565994,0.130488000409122,0.155660257265721,-0.217970968707239,0.529291483238682,0.921256837299408,0.377416471163893,0.682060062636039,3,3,3618,"higher_in_neuropathy","overlap","CCI_GSE212311",-0.837026867182646,0.830261987471793,FALSE,TRUE
"GOBP_PLASMA_MEMBRANE_PHOSPHOLIPID_SCRAMBLING",0.10110224277072,-0.0627505086670322,-0.163852751437752,-0.475263525971485,0.147558023095981,-1.16349962850103,0.27016024425181,0.588464637990999,3,3,3618,"lower_in_neuropathy","overlap","CCI_GSE212311",1.35409674756062,0.331951527247688,FALSE,TRUE
"GOBP_PLASMA_MEMBRANE_TUBULATION",-0.0348603522923171,0.0428350678912877,0.0776954201836049,-0.377484789923755,0.532875630290964,0.377448925090154,0.713291273650471,0.883256091623171,3,3,3618,"higher_in_neuropathy","overlap","CCI_GSE212311",-0.546247453187035,0.991658642293697,FALSE,TRUE
"GOBP_PLASMINOGEN_ACTIVATION",-0.29700305822696,0.217706515983684,0.514709574210644,0.214502655089186,0.814916493332102,3.79129601407669,0.00319140838156689,0.0852154490813931,3,3,3618,"higher_in_neuropathy","neuropathy_above_control","CCI_GSE212311",2.11656685170796,0.00311455827864163,TRUE,TRUE
"GOBP_PLATELET_DENSE_GRANULE_ORGANIZATION",0.139418899892956,-0.0625474119314452,-0.201966311824401,-0.5584103987324,0.154477775083597,-1.25294978326277,0.237170812942621,0.55480278535322,3,3,3618,"lower_in_neuropathy","overlap","CCI_GSE212311",1.1361015321359,0.540409438025201,FALSE,TRUE
"GOBP_POSITIVE_REGULATION_OF_ADAPTIVE_IMMUNE_RESPONSE",-0.197796177828271,0.221147881632645,0.418944059460916,0.128297840985851,0.709590277935982,3.18740687391739,0.00904142300518077,0.11610476728578,3,3,3618,"higher_in_neuropathy","neuropathy_above_control","CCI_GSE212311",1.99967875523198,0.000679624871423948,TRUE,TRUE
"GOBP_POSITIVE_REGULATION_OF_B_CELL_ACTIVATION",-0.145521389523942,0.179038395501203,0.324559785025144,0.0678921523056694,0.58122741774462,2.79620975903421,0.0179696691855855,0.152936361802503,3,3,3618,"higher_in_neuropathy","neuropathy_above_control","CCI_GSE212311",2.04075797072678,0.000649507381666174,TRUE,TRUE
"GOBP_POSITIVE_REGULATION_OF_BINDING",-0.0586373292287342,0.079915410865415,0.138552740094149,-0.136256763388908,0.413362243577207,1.11488357360771,0.289550324885407,0.608358348104182,3,3,3618,"higher_in_neuropathy","overlap","CCI_GSE212311",1.00880180431223,0.653883862548934,TRUE,TRUE
"GOBP_POSITIVE_REGULATION_OF_BLOOD_PRESSURE",-0.0732104558130515,0.0375430536924784,0.11075350950553,-0.180135995790373,0.401643014801433,0.841929232595167,0.418426179745937,0.713497211187988,3,3,3618,"higher_in_neuropathy","overlap","CCI_GSE212311",-0.707173066580191,0.942938499670264,FALSE,TRUE
"GOBP_POSITIVE_REGULATION_OF_CALCIUM_MEDIATED_SIGNALING",-0.143637006978193,0.0848457963948314,0.228482803373025,-0.046482379359372,0.503447986105421,1.83747719929602,0.0943170599544735,0.35694468924193,3,3,3618,"higher_in_neuropathy","overlap","CCI_GSE212311",1.62552171061892,0.0838790446841294,TRUE,TRUE
"GOBP_POSITIVE_REGULATION_OF_CELL_ACTIVATION",-0.178636223015856,0.178478031002862,0.357114254018718,0.104931988459548,0.609296519577889,3.13140173791162,0.00997215198582431,0.120264152949041,3,3,3618,"higher_in_neuropathy","neuropathy_above_control","CCI_GSE212311",2.05288513214384,7.56369796407403e-08,TRUE,TRUE
"GOBP_POSITIVE_REGULATION_OF_CELL_ADHESION",-0.168559208294346,0.170316102852587,0.338875311146933,0.0739074614900988,0.603843160803767,2.82808783205792,0.0169892408805739,0.151223021970367,3,3,3618,"higher_in_neuropathy","neuropathy_above_control","CCI_GSE212311",1.85828346465058,1.03166967262342e-06,TRUE,TRUE
"GOBP_POSITIVE_REGULATION_OF_CELL_CELL_ADHESION",-0.168344515335185,0.159080448218376,0.327424963553561,0.0532371988799734,0.601612728227149,2.64064403965685,0.0236270494014152,0.170624081306028,3,3,3618,"higher_in_neuropathy","neuropathy_above_control","CCI_GSE212311",1.77632225351062,0.000132442807049567,TRUE,TRUE
"GOBP_POSITIVE_REGULATION_OF_CELL_DEVELOPMENT",-0.0968371502786346,0.106144709619319,0.202981859897954,-0.0399177684058028,0.445881488201711,1.84789173273927,0.0926974586961358,0.354523684527082,3,3,3618,"higher_in_neuropathy","neuropathy_above_control","CCI_GSE212311",1.60000767625832,0.00243376879085102,TRUE,TRUE
"GOBP_POSITIVE_REGULATION_OF_CELL_GROWTH",-0.0179491141585782,0.0178050361401125,0.0357541502986908,-0.219078049499111,0.290586350096493,0.31025465290682,0.762384642679847,0.901997265276549,3,3,3618,"higher_in_neuropathy","overlap","CCI_GSE212311",1.08796675236888,0.536469744652034,TRUE,TRUE
"GOBP_POSITIVE_REGULATION_OF_CELLULAR_COMPONENT_BIOGENESIS",-0.0545669723262651,0.0504488759388424,0.105015848265108,-0.138736654143542,0.348768350673757,0.952690658750079,0.361975715519677,0.673098521805722,3,3,3618,"higher_in_neuropathy","overlap","CCI_GSE212311",1.25774086385409,0.147891680566758,TRUE,TRUE
"GOBP_POSITIVE_REGULATION_OF_CHONDROCYTE_DIFFERENTIATION",0.0361866653340294,0.0501119920280145,0.0139253266939851,-0.448927370147016,0.476778023534986,0.066528654363612,0.948195697430037,0.981190334622411,3,3,3618,"higher_in_neuropathy","overlap","CCI_GSE212311",-0.872090736039627,0.794240143419863,FALSE,TRUE
"GOBP_POSITIVE_REGULATION_OF_COLLAGEN_METABOLIC_PROCESS",0.000841515883513833,0.0618564804084263,0.0610149645249125,-0.310840129618732,0.432870058668557,0.362834665215449,0.723862647720845,0.885074369534984,3,3,3618,"higher_in_neuropathy","overlap","CCI_GSE212311",0.867717237808068,0.79248401857685,TRUE,TRUE
"GOBP_POSITIVE_REGULATION_OF_CYTOKINE_PRODUCTION",-0.190693667262887,0.192588931213682,0.383282598476568,0.145559876658131,0.621005320295007,3.56528747284902,0.00469439480064432,0.0927724081925363,3,3,3618,"higher_in_neuropathy","neuropathy_above_control","CCI_GSE212311",2.15403731506355,2.01e-08,TRUE,TRUE
"GOBP_POSITIVE_REGULATION_OF_CYTOKINE_PRODUCTION_INVOLVED_IN_IMMUNE_RESPONSE",-0.178382201227685,0.167275550174041,0.345657751401725,0.086089935548285,0.605225567255166,2.94470370528939,0.0138382143217137,0.140216261903086,3,3,3618,"higher_in_neuropathy","neuropathy_above_control","CCI_GSE212311",1.8289335118182,0.020349754740832,TRUE,TRUE
"GOBP_POSITIVE_REGULATION_OF_DNA_TEMPLATED_TRANSCRIPTION_INITIATION",0.0235349869993044,-0.0250411122501332,-0.0485760992494376,-0.282152069825382,0.184999871326506,-0.4598758676354,0.654898254906034,0.859295317969529,3,3,3618,"lower_in_neuropathy","overlap","CCI_GSE212311",1.01758535958876,0.642471363330888,FALSE,TRUE
"GOBP_POSITIVE_REGULATION_OF_ERBB_SIGNALING_PATHWAY",-0.177688977208468,0.186808062204067,0.364497039412535,0.0539330730586283,0.675061005766442,2.59530907683494,0.0255864987005344,0.177156669878229,3,3,3618,"higher_in_neuropathy","neuropathy_above_control","CCI_GSE212311",1.25206355837155,0.414939701520196,TRUE,TRUE
"GOBP_POSITIVE_REGULATION_OF_EXOCYTOSIS",-0.0175340289168521,0.0302404471426666,0.0477744760595187,-0.237725952418586,0.333274904537623,0.370028617953178,0.718651108308066,0.884080146160688,3,3,3618,"higher_in_neuropathy","overlap","CCI_GSE212311",1.12032820012327,0.517787671463312,TRUE,TRUE
"GOBP_POSITIVE_REGULATION_OF_G_PROTEIN_COUPLED_RECEPTOR_SIGNALING_PATHWAY",-0.135425873870473,0.131501608581587,0.26692748245206,0.0070962524486895,0.52675871245543,2.27168487413672,0.0450382968534467,0.240046205833112,3,3,3618,"higher_in_neuropathy","neuropathy_above_control","CCI_GSE212311",1.27081431151257,0.395602049752904,TRUE,TRUE
"GOBP_POSITIVE_REGULATION_OF_GLUCONEOGENESIS",-0.0813709599793536,0.126957258830026,0.20832821880938,-0.101046491244484,0.517702928863243,1.48905053360609,0.165625126778854,0.467419429552181,3,3,3618,"higher_in_neuropathy","overlap","CCI_GSE212311",-0.817781658662046,0.837722418549111,FALSE,TRUE
"GOBP_POSITIVE_REGULATION_OF_GROWTH",0.00392782332867381,0.0162162680789497,0.0122884447502759,-0.238904433812703,0.263481323313255,0.108177201828803,0.915876488198374,0.967769022868492,3,3,3618,"higher_in_neuropathy","overlap","CCI_GSE212311",1.14778274207711,0.417112654767007,TRUE,TRUE
"GOBP_POSITIVE_REGULATION_OF_HEMOPOIESIS",-0.16377448636786,0.166894989200041,0.3306694755679,0.0694461750502324,0.591892776085569,2.79916396958826,0.0178764781353395,0.152936361802503,3,3,3618,"higher_in_neuropathy","neuropathy_above_control","CCI_GSE212311",1.77197446663436,0.0017574258139444,TRUE,TRUE
"GOBP_POSITIVE_REGULATION_OF_INFLAMMASOME_MEDIATED_SIGNALING_PATHWAY",-0.076476681496407,0.0632474265265331,0.13972410802294,-0.121020936973424,0.400469153019304,1.18495382391429,0.261934117200641,0.577148377607747,3,3,3618,"higher_in_neuropathy","overlap","CCI_GSE212311",1.05490148196958,0.617789926979966,TRUE,TRUE
"GOBP_POSITIVE_REGULATION_OF_INTERFERON_ALPHA_PRODUCTION",-0.233521874901381,0.178933348855433,0.412455223756814,0.159276515898347,0.66563393161528,3.60243185619062,0.00440434423689121,0.0919476878232289,3,3,3618,"higher_in_neuropathy","neuropathy_above_control","CCI_GSE212311",1.52706970475453,0.185368597402179,TRUE,TRUE
"GOBP_POSITIVE_REGULATION_OF_INTERLEUKIN_10_PRODUCTION",-0.259594165024387,0.296666562142129,0.556260727166515,0.26839641204549,0.844125042287542,4.27303758762697,0.0014295906955472,0.0743932788368307,3,3,3618,"higher_in_neuropathy","neuropathy_above_control","CCI_GSE212311",2.07834550759321,0.00586482686656546,TRUE,TRUE
"GOBP_POSITIVE_REGULATION_OF_INTERLEUKIN_2_PRODUCTION",-0.305058679910783,0.229971577103912,0.535030257014695,0.247330022031454,0.822730491997937,4.11229509237731,0.00186295080189232,0.0753153735012765,3,3,3618,"higher_in_neuropathy","neuropathy_above_control","CCI_GSE212311",2.34333713604147,7.19972459387208e-05,TRUE,TRUE
"GOBP_POSITIVE_REGULATION_OF_LEUKOCYTE_CELL_CELL_ADHESION",-0.184561520707295,0.168379013777703,0.352940534484998,0.0913743735291386,0.614506695440857,2.98377537868109,0.0129198394162951,0.136065822753299,3,3,3618,"higher_in_neuropathy","neuropathy_above_control","CCI_GSE212311",1.80751128620213,0.000508583944817078,TRUE,TRUE
"GOBP_POSITIVE_REGULATION_OF_LEUKOCYTE_CHEMOTAXIS",-0.198619718853403,0.231542161496942,0.430161880350345,0.153795242344074,0.706528518356615,3.44185406015957,0.00580790520017306,0.0972824121028987,3,3,3618,"higher_in_neuropathy","neuropathy_above_control","CCI_GSE212311",2.05284641829359,0.000740967381307848,TRUE,TRUE
"GOBP_POSITIVE_REGULATION_OF_LEUKOCYTE_DEGRANULATION",-0.0710863846204576,0.106175446041692,0.17726183066215,-0.12394722537517,0.47847088669947,1.30134770413427,0.220725728201563,0.537921440805365,3,3,3618,"higher_in_neuropathy","overlap","CCI_GSE212311",1.0012854130849,0.664888244810671,TRUE,TRUE
"GOBP_POSITIVE_REGULATION_OF_LEUKOCYTE_MEDIATED_IMMUNITY",-0.216488012947162,0.219389843314216,0.435877856261378,0.164996854726411,0.706758857796345,3.55821679233286,0.0047518053656191,0.0927724081925363,3,3,3618,"higher_in_neuropathy","neuropathy_above_control","CCI_GSE212311",2.15071728303766,2.56287300488171e-05,TRUE,TRUE
"GOBP_POSITIVE_REGULATION_OF_LEUKOCYTE_PROLIFERATION",-0.216551436353873,0.21915598521299,0.435707421566863,0.157568988023866,0.71384585510986,3.46401766628372,0.0055895660187078,0.0959527916585187,3,3,3618,"higher_in_neuropathy","neuropathy_above_control","CCI_GSE212311",2.26847860353098,7.15585886646998e-07,TRUE,TRUE
"GOBP_POSITIVE_REGULATION_OF_LIPID_BIOSYNTHETIC_PROCESS",0.076310688924476,-0.0629903417002804,-0.139301030624756,-0.393791264279653,0.11518920303014,-1.21040122419119,0.252435511428737,0.569754655011426,3,3,3618,"lower_in_neuropathy","overlap","CCI_GSE212311",-1.08432025510252,0.541587973105689,TRUE,TRUE
"GOBP_POSITIVE_REGULATION_OF_LIPID_METABOLIC_PROCESS",0.0476327973180684,-0.0562475269133059,-0.103880324231374,-0.352845651480834,0.145085003018085,-0.922657621149405,0.376718599885054,0.68174239050022,3,3,3618,"lower_in_neuropathy","overlap","CCI_GSE212311",-1.05805023707193,0.580175365354632,TRUE,TRUE
"GOBP_POSITIVE_REGULATION_OF_LYMPHOCYTE_DIFFERENTIATION",-0.168305565819062,0.152132544275623,0.320438110094686,0.0548025425629824,0.58607367762639,2.66749787373929,0.0225372970880112,0.167777656099639,3,3,3618,"higher_in_neuropathy","neuropathy_above_control","CCI_GSE212311",1.67484194437986,0.0169220761526889,TRUE,TRUE
"GOBP_POSITIVE_REGULATION_OF_MACROPHAGE_CHEMOTAXIS",-0.269118103800359,0.292727494395237,0.561845598195596,0.215784723842286,0.907906472548906,3.59013373884351,0.00449826996813475,0.0919476878232289,3,3,3618,"higher_in_neuropathy","neuropathy_above_control","CCI_GSE212311",2.07375298223205,0.00628518130816508,TRUE,TRUE
"GOBP_POSITIVE_REGULATION_OF_MACROPHAGE_MIGRATION",-0.122554353181757,0.186123315320585,0.308677668502342,-0.0640126822501246,0.681368019254808,1.83148433216627,0.0952607627289464,0.357627465741355,3,3,3618,"higher_in_neuropathy","overlap","CCI_GSE212311",1.74482460106469,0.0645219840797424,TRUE,TRUE
"GOBP_POSITIVE_REGULATION_OF_MAP_KINASE_ACTIVITY",0.0376193901472712,-0.0329499257912256,-0.0705693159384967,-0.352733297280545,0.211594665403552,-0.553045010025733,0.591710036406192,0.825245245134354,3,3,3618,"lower_in_neuropathy","overlap","CCI_GSE212311",-1.12794028989574,0.536633160495423,TRUE,TRUE
"GOBP_POSITIVE_REGULATION_OF_MEIOTIC_CELL_CYCLE",0.133475946950005,-0.0781503752309225,-0.211626322180927,-0.604857775506455,0.181605131144601,-1.19005650127787,0.260007074686416,0.575707219226103,3,3,3618,"lower_in_neuropathy","overlap","CCI_GSE212311",-0.774094188015321,0.874274189816167,TRUE,TRUE
"GOBP_POSITIVE_REGULATION_OF_MESENCHYMAL_CELL_PROLIFERATION",0.151505206502858,-0.0732732535373841,-0.224778460040242,-0.740731387142289,0.291174467061805,-0.96336476068691,0.356836917157709,0.669971959666109,3,3,3618,"lower_in_neuropathy","overlap","CCI_GSE212311",-1.27283193590548,0.396808308603286,TRUE,TRUE
"GOBP_POSITIVE_REGULATION_OF_MUSCLE_CELL_DIFFERENTIATION",0.0307040341874447,-0.0395369981284752,-0.0702410323159199,-0.478052131830325,0.337570067198485,-0.38087107252005,0.710824826814738,0.883026650413575,3,3,3618,"lower_in_neuropathy","overlap","CCI_GSE212311",-0.887813628467384,0.81254066984833,TRUE,TRUE
"GOBP_POSITIVE_REGULATION_OF_MUSCLE_HYPERTROPHY",-0.0402681987607277,0.0309254625753939,0.0711936613361216,-0.253347152789386,0.395734475461629,0.48508534267915,0.63748969511263,0.849516654481582,3,3,3618,"higher_in_neuropathy","overlap","CCI_GSE212311",0.828886845455852,0.831962988128784,TRUE,TRUE
"GOBP_POSITIVE_REGULATION_OF_MYELOID_LEUKOCYTE_CYTOKINE_PRODUCTION_INVOLVED_IN_IMMUNE_RESPONSE",-0.208339548307726,0.193282148066018,0.401621696373743,0.149775543917461,0.653467848830026,3.52637091582548,0.00501949637569337,0.0927724081925363,3,3,3618,"higher_in_neuropathy","neuropathy_above_control","CCI_GSE212311",1.31313637912993,0.378144309833114,TRUE,TRUE
"GOBP_POSITIVE_REGULATION_OF_NATURAL_KILLER_CELL_MEDIATED_CYTOTOXICITY",-0.204851288762084,0.221605626055877,0.42645691481796,0.0564737084376826,0.796440121198238,2.54882074985978,0.0277625518084183,0.187397224706824,3,3,3618,"higher_in_neuropathy","neuropathy_above_control","CCI_GSE212311",1.74385704491944,0.0800710233147745,TRUE,TRUE
"GOBP_POSITIVE_REGULATION_OF_NATURAL_KILLER_CELL_MEDIATED_IMMUNITY",-0.195824095385617,0.239609503501393,0.43543359888701,0.0753384498574813,0.795528747916539,2.67393478664945,0.022283583681869,0.16743572794519,3,3,3618,"higher_in_neuropathy","neuropathy_above_control","CCI_GSE212311",1.87736176393889,0.051227325294531,TRUE,TRUE
"GOBP_POSITIVE_REGULATION_OF_NERVOUS_SYSTEM_DEVELOPMENT",-0.00195287407737267,-0.00248175511254473,-0.000528881035172059,-0.266062410834612,0.265004648764268,-0.0044043798861705,0.996567656254212,0.998499523768413,3,3,3618,"lower_in_neuropathy","overlap","CCI_GSE212311",1.16814353183636,0.37029325186761,FALSE,TRUE
"GOBP_POSITIVE_REGULATION_OF_NEUROTRANSMITTER_TRANSPORT",-0.252316673917277,0.201929623110969,0.454246297028246,0.118446694182982,0.790045899873509,2.99128203460859,0.0127505695129686,0.135681060288001,3,3,3618,"higher_in_neuropathy","neuropathy_above_control","CCI_GSE212311",1.7630530650581,0.0645219840797424,TRUE,TRUE
"GOBP_POSITIVE_REGULATION_OF_NEUTROPHIL_MIGRATION",-0.169531097791874,0.171927554577438,0.341458652369311,0.00872868104422331,0.674188623694399,2.26930225412304,0.0452247322553264,0.240046205833112,3,3,3618,"higher_in_neuropathy","overlap","CCI_GSE212311",1.53573166054679,0.167040373383376,TRUE,TRUE
"GOBP_POSITIVE_REGULATION_OF_OLIGODENDROCYTE_DIFFERENTIATION",0.047397508641609,0.0630375871232842,0.0156400784816752,-0.271155608732372,0.302435765695723,0.120590322593464,0.906271911810108,0.96469567771928,3,3,3618,"higher_in_neuropathy","overlap","CCI_GSE212311",0.799845162504561,0.845539835536106,TRUE,TRUE
"GOBP_POSITIVE_REGULATION_OF_ORGAN_GROWTH",0.0360043575624697,0.0273222312858786,-0.00868212627659104,-0.317858985594037,0.300494733040855,-0.0620962340094329,0.951642095009186,0.982665462248717,3,3,3618,"lower_in_neuropathy","overlap","CCI_GSE212311",-0.946273672437809,0.728551786217428,TRUE,TRUE
"GOBP_POSITIVE_REGULATION_OF_PEPTIDYL_SERINE_PHOSPHORYLATION",-0.110930371762572,0.102013210889835,0.212943582652407,-0.0697835813162105,0.495670746621025,1.66549435437269,0.125068999636394,0.409131682354859,3,3,3618,"higher_in_neuropathy","neuropathy_above_control","CCI_GSE212311",1.05697919313028,0.622242137087692,TRUE,TRUE
"GOBP_POSITIVE_REGULATION_OF_PEPTIDYL_TYROSINE_PHOSPHORYLATION",-0.134119887296927,0.169062846688683,0.303182733985611,0.0504685410794434,0.555896926891778,2.6529005921488,0.0231233304263561,0.170032260133465,3,3,3618,"higher_in_neuropathy","neuropathy_above_control","CCI_GSE212311",1.53500751820827,0.132264145211592,TRUE,TRUE
"GOBP_POSITIVE_REGULATION_OF_PHAGOCYTOSIS",-0.153228857023474,0.160864983928831,0.314093840952305,0.00753130623499915,0.620656375669612,2.26561696129087,0.0455145652851064,0.240046205833112,3,3,3618,"higher_in_neuropathy","overlap","CCI_GSE212311",1.95473506023227,0.00445766850416993,TRUE,TRUE
"GOBP_POSITIVE_REGULATION_OF_PROTEASOMAL_PROTEIN_CATABOLIC_PROCESS",0.042364241048404,-0.0384288295526634,-0.0807930706010674,-0.399917572788091,0.238331431585956,-0.559835080618476,0.587232328332222,0.824145943147835,3,3,3618,"lower_in_neuropathy","overlap","CCI_GSE212311",-0.917359770088612,0.800137097199433,TRUE,TRUE
"GOBP_POSITIVE_REGULATION_OF_PROTEIN_EXPORT_FROM_NUCLEUS",-0.044828616420312,0.0610998973323116,0.105928513752624,-0.313864903043539,0.525721930548786,0.557986125663446,0.588449837283674,0.824145943147835,3,3,3618,"higher_in_neuropathy","overlap","CCI_GSE212311",-0.909218099914066,0.759880211264764,FALSE,TRUE
"GOBP_POSITIVE_REGULATION_OF_PROTEIN_LOCALIZATION_TO_CELL_PERIPHERY",-0.0115848422595575,-0.0225299684537148,-0.0109451261941572,-0.275775841515658,0.253885589127343,-0.0913899763158357,0.928887645380779,0.974477359110219,3,3,3618,"lower_in_neuropathy","overlap","CCI_GSE212311",1.11284308814226,0.528351971900494,FALSE,TRUE
"GOBP_POSITIVE_REGULATION_OF_PROTEIN_LOCALIZATION_TO_MEMBRANE",-0.0563445078137439,0.0198318052367077,0.0761763130504517,-0.177764852354141,0.330117478455044,0.663335111179889,0.521286972951892,0.788908840926761,3,3,3618,"higher_in_neuropathy","overlap","CCI_GSE212311",1.29384954386298,0.292062620648176,TRUE,TRUE
"GOBP_POSITIVE_REGULATION_OF_PROTEIN_LOCALIZATION_TO_PLASMA_MEMBRANE",-0.0246491431257856,-0.0316513233388791,-0.0070021802130935,-0.293781337543276,0.279776977117089,-0.0539923020517434,0.957945881720756,0.985736120610266,3,3,3618,"lower_in_neuropathy","overlap","CCI_GSE212311",1.29779577131018,0.314783272163599,FALSE,TRUE
"GOBP_POSITIVE_REGULATION_OF_RECEPTOR_SIGNALING_PATHWAY_VIA_STAT",-0.151731650522668,0.154682844402683,0.306414494925351,0.0279526243293326,0.584876365521369,2.43326671079319,0.0339914282030147,0.208590338846878,3,3,3618,"higher_in_neuropathy","neuropathy_above_control","CCI_GSE212311",1.18938102395379,0.474461431213268,TRUE,TRUE
"GOBP_POSITIVE_REGULATION_OF_REGULATED_SECRETORY_PATHWAY",0.0221369814659738,0.0367387279441017,0.0146017464781279,-0.308951931642759,0.338155424599015,0.0997940406915757,0.922370987365124,0.972278917777691,3,3,3618,"higher_in_neuropathy","overlap","CCI_GSE212311",1.10747721604826,0.555107962142738,TRUE,TRUE
"GOBP_POSITIVE_REGULATION_OF_RELEASE_OF_CYTOCHROME_C_FROM_MITOCHONDRIA",-0.192025370590108,0.21184083430378,0.403866204893888,0.129048605417256,0.67868380437052,3.24966891966047,0.00811003481523627,0.108539853140752,3,3,3618,"higher_in_neuropathy","neuropathy_above_control","CCI_GSE212311",1.16006682788972,0.529052465669936,TRUE,TRUE
"GOBP_POSITIVE_REGULATION_OF_RESPONSE_TO_ENDOPLASMIC_RETICULUM_STRESS",-0.071556549800589,0.0973098023323736,0.168866352132963,-0.138015989542615,0.47574869380854,1.21679486293515,0.250092708190829,0.569078879392717,3,3,3618,"higher_in_neuropathy","overlap","CCI_GSE212311",1.12209423285636,0.533858663095951,TRUE,TRUE
"GOBP_POSITIVE_REGULATION_OF_SMOOTH_MUSCLE_CELL_MIGRATION",-0.125272518577476,0.168089500686358,0.293362019263834,0.00322696741982775,0.583497071107841,2.23588689978473,0.047919031020196,0.244281942584241,3,3,3618,"higher_in_neuropathy","overlap","CCI_GSE212311",0.903004819593237,0.768298773493283,TRUE,TRUE
"GOBP_POSITIVE_REGULATION_OF_SMOOTH_MUSCLE_CONTRACTION",-0.0692988807795684,-0.00580437060574239,0.063494510173826,-0.210164750841848,0.3371537711895,0.513064743961362,0.618433789864232,0.8405309736021,3,3,3618,"higher_in_neuropathy","overlap","CCI_GSE212311",0.751802504074152,0.895801876955162,TRUE,TRUE
"GOBP_POSITIVE_REGULATION_OF_SMOOTHENED_SIGNALING_PATHWAY",0.0401295262425666,0.0546765481138818,0.0145470218713152,-0.259939475666589,0.289033519409219,0.117192346835097,0.908899581197485,0.965236210733198,3,3,3618,"higher_in_neuropathy","overlap","CCI_GSE212311",-1.14612422938623,0.501251736131657,FALSE,TRUE
"GOBP_POSITIVE_REGULATION_OF_STEROID_BIOSYNTHETIC_PROCESS",0.00352964158818008,-0.0570921912542487,-0.0606218328424287,-0.336752297220535,0.215508631535677,-0.485468308789714,0.637226960374906,0.849479418804868,3,3,3618,"lower_in_neuropathy","overlap","CCI_GSE212311",-1.18773784662285,0.479529778239264,TRUE,TRUE
"GOBP_POSITIVE_REGULATION_OF_STEROID_METABOLIC_PROCESS",0.0348826659894231,-0.0846133210124621,-0.119495987001885,-0.404150575609281,0.165158601605511,-0.928284880450799,0.373924297720495,0.681446185754904,3,3,3618,"lower_in_neuropathy","overlap","CCI_GSE212311",-1.26647080345551,0.393635540290994,TRUE,TRUE
"GOBP_POSITIVE_REGULATION_OF_STRIATED_MUSCLE_CELL_DIFFERENTIATION",0.0520174406480667,-0.0488270347370064,-0.100844475385073,-0.470084449120382,0.268395498350236,-0.603934090035472,0.558596453716193,0.809030909114319,3,3,3618,"lower_in_neuropathy","overlap","CCI_GSE212311",-0.991632812085564,0.664888244810671,TRUE,TRUE
"GOBP_POSITIVE_REGULATION_OF_T_CELL_CYTOKINE_PRODUCTION",-0.15925639938023,0.176297884896022,0.335554284276253,-0.0297130748035475,0.700821643356053,2.0314122574959,0.0680624284821125,0.296237213827027,3,3,3618,"higher_in_neuropathy","overlap","CCI_GSE212311",1.59965363184899,0.134275193360602,TRUE,TRUE
"GOBP_POSITIVE_REGULATION_OF_T_CELL_MEDIATED_IMMUNITY",-0.191619550658395,0.197861240129958,0.389480790788353,0.0815583687292207,0.697403212847485,2.79698974506503,0.017945017280678,0.152936361802503,3,3,3618,"higher_in_neuropathy","neuropathy_above_control","CCI_GSE212311",1.62898497896831,0.0825242919764939,TRUE,TRUE
"GOBP_POTASSIUM_ION_IMPORT_ACROSS_PLASMA_MEMBRANE",0.0950455646725186,-0.106061101625836,-0.201106666298355,-0.44334978209731,0.0411364495005995,-1.83578225731938,0.0945830907105243,0.357129881317977,3,3,3618,"lower_in_neuropathy","neuropathy_below_control","CCI_GSE212311",-1.50243925941302,0.130720167185701,TRUE,TRUE
"GOBP_POTASSIUM_ION_TRANSPORT",0.0438167665273134,-0.0576996293005513,-0.101516395827865,-0.342174016926919,0.13914122527119,-0.932787496982581,0.371699065381785,0.679882314737764,3,3,3618,"lower_in_neuropathy","overlap","CCI_GSE212311",-1.6421926864002,0.00311455827864163,TRUE,TRUE
"GOBP_PROTEASOMAL_UBIQUITIN_INDEPENDENT_PROTEIN_CATABOLIC_PROCESS",-0.0388309391304323,0.0587658323755421,0.0975967715059743,-0.453807780749444,0.649001323761393,0.391391373575241,0.703264351463548,0.879201943191125,3,3,3618,"higher_in_neuropathy","overlap","CCI_GSE212311",1.48633713783189,0.243250554478063,TRUE,TRUE
"GOBP_PROTEIN_AUTOUBIQUITINATION",0.0878665765410076,-0.103890251109691,-0.191756827650699,-0.499780283409168,0.11626662810777,-1.3766172030474,0.197023270335397,0.506939339572934,3,3,3618,"lower_in_neuropathy","overlap","CCI_GSE212311",-1.03072051094083,0.62704880489915,TRUE,TRUE
"GOBP_PROTEIN_CONTAINING_COMPLEX_LOCALIZATION",0.131202783531446,-0.127418311409536,-0.258621094940983,-0.581420858908306,0.0641786690263403,-1.77164573361059,0.105168582796588,0.371499976176121,3,3,3618,"lower_in_neuropathy","neuropathy_below_control","CCI_GSE212311",-1.49339955719926,0.0882159315339039,TRUE,TRUE
"GOBP_PROTEIN_DEACETYLATION",0.0897135152337552,-0.0515442143208861,-0.141257729554641,-0.394927041046103,0.11241158193682,-1.23137529611384,0.244815160414924,0.564639280133767,3,3,3618,"lower_in_neuropathy","overlap","CCI_GSE212311",-0.925800467738462,0.74680064595181,TRUE,TRUE
"GOBP_PROTEIN_DEACYLATION",0.0571851508711901,-0.039966838506878,-0.0971519893780681,-0.361133510086508,0.166829531330372,-0.813812426154024,0.433661417055306,0.72504020651853,3,3,3618,"lower_in_neuropathy","overlap","CCI_GSE212311",-0.790426397661672,0.881310608555388,TRUE,TRUE
"GOBP_PROTEIN_HETEROOLIGOMERIZATION",0.12734871731578,-0.146266495128632,-0.273615212444412,-0.593615156400781,0.0463847315119573,-1.89076033293302,0.0862966661347657,0.33717207135592,3,3,3618,"lower_in_neuropathy","overlap","CCI_GSE212311",-1.33809823124617,0.336210890256985,TRUE,TRUE
"GOBP_PROTEIN_HOMOTETRAMERIZATION",0.0286359938588091,-0.0544331397983637,-0.0830691336571727,-0.359690333158972,0.193552065844627,-0.664049365527994,0.520847431886867,0.788908840926761,3,3,3618,"lower_in_neuropathy","overlap","CCI_GSE212311",-0.859797001204248,0.838454791332177,TRUE,TRUE
"GOBP_PROTEIN_LOCALIZATION_TO_NUCLEOLUS",-0.143132582203586,0.126759226918467,0.269891809122053,-0.103312613174236,0.643096231418342,1.59914950623134,0.139155779933353,0.431788689364384,3,3,3618,"higher_in_neuropathy","overlap","CCI_GSE212311",0.699060721617087,0.931572197918512,TRUE,TRUE
"GOBP_PROTEIN_N_LINKED_GLYCOSYLATION",-0.0421879730376809,0.0407270836851792,0.08291505672286,-0.157022488895086,0.322852602340806,0.764154782098758,0.461454310861598,0.746614415264663,3,3,3618,"higher_in_neuropathy","overlap","CCI_GSE212311",0.755357345890778,0.953841966834392,TRUE,TRUE
"GOBP_PROTEIN_TETRAMERIZATION",0.0805761465038378,-0.0848348744967319,-0.16541102100057,-0.411976855622501,0.0811548136213621,-1.48346631422015,0.16707678400223,0.469319724006264,3,3,3618,"lower_in_neuropathy","overlap","CCI_GSE212311",-1.21922555261577,0.359960473640648,TRUE,TRUE
"GOBP_PROTON_MOTIVE_FORCE_DRIVEN_ATP_SYNTHESIS",0.292243741309566,-0.290387037790217,-0.582630779099783,-0.924527299358417,-0.240734258841149,-3.76829494877836,0.00331842948794656,0.0852154490813931,3,3,3618,"lower_in_neuropathy","neuropathy_below_control","CCI_GSE212311",-1.8337125423011,0.0129245076777797,TRUE,TRUE
"GOBP_PROTON_TRANSMEMBRANE_TRANSPORT",0.212923683980449,-0.223736716078947,-0.436660400059396,-0.727274006010111,-0.146046794108681,-3.32256901141251,0.00714299569648716,0.10378858807185,3,3,3618,"lower_in_neuropathy","neuropathy_below_control","CCI_GSE212311",-1.72891900706174,0.00349927632926682,TRUE,TRUE
"GOBP_PURINE_CONTAINING_COMPOUND_BIOSYNTHETIC_PROCESS",0.154857185977019,-0.154414156143788,-0.309271342120806,-0.595230839644306,-0.023311844597307,-2.39156009837361,0.0365600532015413,0.216134432162053,3,3,3618,"lower_in_neuropathy","overlap","CCI_GSE212311",-1.56429219583142,0.00938803521285532,TRUE,TRUE
"GOBP_PURINE_CONTAINING_COMPOUND_METABOLIC_PROCESS",0.0702852152528563,-0.0715384566624979,-0.141823671915354,-0.384734004129402,0.101086660298694,-1.29106730312477,0.224138508156977,0.539902212058551,3,3,3618,"lower_in_neuropathy","overlap","CCI_GSE212311",-1.35879120990858,0.0146605931554662,TRUE,TRUE
"GOBP_PURINE_CONTAINING_COMPOUND_SALVAGE",0.0987326797640525,-0.102738353464055,-0.201471033228107,-0.439387695966284,0.0364456295100694,-1.87255205492729,0.0889638853512813,0.345355512018172,3,3,3618,"lower_in_neuropathy","neuropathy_below_control","CCI_GSE212311",-1.20625563666024,0.467182533109318,TRUE,TRUE
"GOBP_PURINE_NUCLEOSIDE_MONOPHOSPHATE_METABOLIC_PROCESS",0.0736117910549799,-0.0717455149419709,-0.145357305996951,-0.465009151207807,0.174294539213905,-1.00555491861182,0.337042539237731,0.65548343669593,3,3,3618,"lower_in_neuropathy","overlap","CCI_GSE212311",-1.19474773099839,0.444829633565766,TRUE,TRUE
"GOBP_PYRIDINE_CONTAINING_COMPOUND_BIOSYNTHETIC_PROCESS",0.0721211611110514,-0.0589804177237697,-0.131101578834821,-0.517188435410369,0.254985277740726,-0.750877428670504,0.469075386046572,0.753603351117451,3,3,3618,"lower_in_neuropathy","overlap","CCI_GSE212311",-0.657160720880884,0.955080290391509,TRUE,TRUE
"GOBP_PYRIMIDINE_CONTAINING_COMPOUND_BIOSYNTHETIC_PROCESS",-0.0409151310041021,0.00659825643155646,0.0475133874356586,-0.260296356121115,0.355323130992432,0.341334177757044,0.739525117915561,0.891357640784816,3,3,3618,"higher_in_neuropathy","overlap","CCI_GSE212311",0.653721925548507,0.976594959545156,TRUE,TRUE
"GOBP_PYRIMIDINE_NUCLEOBASE_METABOLIC_PROCESS",-0.0192980914360721,0.0180865086230066,0.0373846000590787,-0.410523303271086,0.485292503389243,0.184565344824415,0.857055121657251,0.942705279264035,3,3,3618,"higher_in_neuropathy","overlap","CCI_GSE212311",1.00675739530798,0.656829011591622,TRUE,TRUE
"GOBP_PYRIMIDINE_NUCLEOSIDE_MONOPHOSPHATE_METABOLIC_PROCESS",-0.0193012517958575,0.00921585632537673,0.0285171081212342,-0.385421663185459,0.442455879427927,0.15234055068289,0.881780532027755,0.953510884891268,3,3,3618,"higher_in_neuropathy","overlap","CCI_GSE212311",0.684724471486408,0.944208646064825,TRUE,TRUE
"GOBP_PYRIMIDINE_RIBONUCLEOTIDE_BIOSYNTHETIC_PROCESS",-0.0308512921907722,0.00962441821335772,0.0404757104041299,-0.361846291052573,0.442797711860832,0.222467637051994,0.828180090087944,0.931537398963241,3,3,3618,"higher_in_neuropathy","overlap","CCI_GSE212311",0.75877623848154,0.887403705685406,TRUE,TRUE
"GOBP_PYRUVATE_METABOLIC_PROCESS",0.0296164783347566,-0.0286862031796474,-0.058302681514404,-0.318503301790618,0.20189793876181,-0.495480249188081,0.63037688497569,0.847178792788378,3,3,3618,"lower_in_neuropathy","overlap","CCI_GSE212311",-1.00032485972352,0.661864334121659,TRUE,TRUE
"GOBP_RAP_PROTEIN_SIGNAL_TRANSDUCTION",0.0689068800068436,-0.0811854898059353,-0.150092369812779,-0.530062139960602,0.229877400335044,-0.873485527589656,0.401762563651348,0.702211089512356,3,3,3618,"lower_in_neuropathy","overlap","CCI_GSE212311",-1.14954743394832,0.533858663095951,TRUE,TRUE
"GOBP_RECEPTOR_CATABOLIC_PROCESS",-0.192841689467775,0.19877392934748,0.391615618815255,0.137051346557907,0.646179891072604,3.40179938756154,0.00622500180862361,0.0987809497526326,3,3,3618,"higher_in_neuropathy","neuropathy_above_control","CCI_GSE212311",1.40657945333237,0.271437502879218,TRUE,TRUE
"GOBP_RECEPTOR_MEDIATED_ENDOCYTOSIS",0.00682304075812618,0.0176100670896829,0.0107870263315567,-0.23728995722178,0.258864009884893,0.0961526839666169,0.925193854676662,0.9736333235079,3,3,3618,"higher_in_neuropathy","overlap","CCI_GSE212311",1.10774117696559,0.469070714777602,TRUE,TRUE
"GOBP_REGULATED_EXOCYTOSIS",-0.0283196528975829,0.0333122916164849,0.0616319445140679,-0.200775082065465,0.324038971093601,0.519369635185718,0.614179364466189,0.839519401499128,3,3,3618,"higher_in_neuropathy","overlap","CCI_GSE212311",1.55997207427709,0.0208893667577374,TRUE,TRUE
"GOBP_REGULATION_OF_ADAPTIVE_IMMUNE_RESPONSE",-0.219508723984661,0.250205984506334,0.469714708490994,0.205826014807453,0.733603402174536,3.93604016606796,0.00249982366316953,0.0806194278240841,3,3,3618,"higher_in_neuropathy","neuropathy_above_control","CCI_GSE212311",2.22545895643852,1.36241840477314e-07,TRUE,TRUE
"GOBP_REGULATION_OF_ALCOHOL_BIOSYNTHETIC_PROCESS",0.154454768572994,-0.116407642181141,-0.270862410754135,-0.563712797310679,0.0219879758024091,-2.04526262899813,0.0664769574488335,0.291885475788689,3,3,3618,"lower_in_neuropathy","overlap","CCI_GSE212311",-1.49284855550707,0.146088159617273,TRUE,TRUE
"GOBP_REGULATION_OF_AMYLOID_PRECURSOR_PROTEIN_CATABOLIC_PROCESS",-0.0968859838182754,0.0460975517366025,0.142983535554878,-0.216174866046993,0.502141937156749,0.880331306708622,0.398208559317204,0.698699596318936,3,3,3618,"higher_in_neuropathy","overlap","CCI_GSE212311",0.966216972230934,0.70402098920066,TRUE,TRUE
"GOBP_REGULATION_OF_ANATOMICAL_STRUCTURE_SIZE",-0.0228493977224955,0.0206799212197211,0.0435293189422167,-0.193153670553768,0.280212308438201,0.406687637832013,0.692331576523225,0.87447500383192,3,3,3618,"higher_in_neuropathy","overlap","CCI_GSE212311",-1.04188989433869,0.556709283957938,FALSE,TRUE
"GOBP_REGULATION_OF_ANDROGEN_RECEPTOR_SIGNALING_PATHWAY",0.0287438087199901,0.0079540749577085,-0.0207897337622816,-0.274062783888535,0.232483316363972,-0.181512313540424,0.859391210729435,0.943061892750435,3,3,3618,"lower_in_neuropathy","overlap","CCI_GSE212311",0.488171480926348,1,FALSE,TRUE
"GOBP_REGULATION_OF_AXON_EXTENSION",-0.00246777391866213,0.00160181740117723,0.00406959131983935,-0.258148251762928,0.266287434402607,0.0343190061644811,0.973260766272581,0.989598945178743,3,3,3618,"higher_in_neuropathy","overlap","CCI_GSE212311",-1.20379617926419,0.391301938450081,FALSE,TRUE
"GOBP_REGULATION_OF_B_CELL_ACTIVATION",-0.202265083612804,0.203811504391015,0.406076588003819,0.14752781457446,0.664625361433178,3.47305463004031,0.00550298044543669,0.0956228030945599,3,3,3618,"higher_in_neuropathy","neuropathy_above_control","CCI_GSE212311",2.22828185607453,2.28178845113221e-06,TRUE,TRUE
"GOBP_REGULATION_OF_B_CELL_PROLIFERATION",-0.260111700167918,0.268499900223425,0.528611600391343,0.275960893080644,0.781262307702041,4.62660386408791,0.000808237367552031,0.0703507416856397,3,3,3618,"higher_in_neuropathy","neuropathy_above_control","CCI_GSE212311",2.17695130084513,0.000181860713278224,TRUE,TRUE
"GOBP_REGULATION_OF_BMP_SIGNALING_PATHWAY",0.0343202390785988,0.0372137103033284,0.00289347122472966,-0.358769936696557,0.364556879146017,0.0176913405500188,0.986213834363055,0.994413362871726,3,3,3618,"higher_in_neuropathy","overlap","CCI_GSE212311",-1.00582121996135,0.656854579733565,FALSE,TRUE
"GOBP_REGULATION_OF_BODY_FLUID_LEVELS",-0.145456740839405,0.160746114649006,0.306202855488411,0.0502774838258566,0.562128227150966,2.64570878182087,0.0234175930872086,0.170390592478921,3,3,3618,"higher_in_neuropathy","neuropathy_above_control","CCI_GSE212311",1.79136063097758,4.8391321394634e-05,TRUE,TRUE
"GOBP_REGULATION_OF_CARBOHYDRATE_CATABOLIC_PROCESS",-0.00680195960690847,-0.018549055589445,-0.0117470959825365,-0.253043108136644,0.229548916171571,-0.107653094438374,0.916282334724232,0.967915178695553,3,3,3618,"lower_in_neuropathy","overlap","CCI_GSE212311",-0.864349229030499,0.837722418549111,TRUE,TRUE
"GOBP_REGULATION_OF_CARDIOCYTE_DIFFERENTIATION",-0.0445918365511774,0.0102783751846748,0.0548702117358522,-0.493044205736186,0.602784629207891,0.221447128350348,0.828954273564192,0.93199395952618,3,3,3618,"higher_in_neuropathy","overlap","CCI_GSE212311",-1.14114520511853,0.530170070951823,FALSE,TRUE
"GOBP_REGULATION_OF_CATALYTIC_ACTIVITY",-0.0651677412366586,0.0703506781716636,0.135518419408322,-0.0982836537577366,0.369320492574381,1.28172871784168,0.227275986876432,0.543838968597177,3,3,3618,"higher_in_neuropathy","neuropathy_above_control","CCI_GSE212311",1.46543372069486,0.00614040170849585,TRUE,TRUE
"GOBP_REGULATION_OF_CELL_CELL_ADHESION",-0.152971406939888,0.149596747170257,0.302568154110145,0.0514147563410386,0.553721551879253,2.66397596938177,0.0226773263005647,0.167784389683933,3,3,3618,"higher_in_neuropathy","neuropathy_above_control","CCI_GSE212311",1.75995698754045,2.20476059460948e-05,TRUE,TRUE
"GOBP_REGULATION_OF_CELL_KILLING",-0.248954795729868,0.257608876642649,0.506563672372517,0.23525527407029,0.777872070674744,4.12873443363785,0.00181290566157777,0.0753153735012765,3,3,3618,"higher_in_neuropathy","neuropathy_above_control","CCI_GSE212311",2.02477661300239,0.00108207604071398,TRUE,TRUE
"GOBP_REGULATION_OF_CELL_SIZE",0.0220575225514149,-0.0263409756584081,-0.048398498209823,-0.304341105536615,0.207544109116969,-0.418153215838248,0.684184500566984,0.870872857988492,3,3,3618,"lower_in_neuropathy","overlap","CCI_GSE212311",-1.11229006583732,0.470728308869606,TRUE,TRUE
"GOBP_REGULATION_OF_CELLULAR_COMPONENT_SIZE",0.013519528009182,-0.0111153522566332,-0.0246348802658152,-0.259978663106853,0.210708902575223,-0.231469551976686,0.821359396617939,0.927997122749274,3,3,3618,"lower_in_neuropathy","overlap","CCI_GSE212311",-1.16073516452091,0.296781825907016,TRUE,TRUE
"GOBP_REGULATION_OF_CHOLESTEROL_METABOLIC_PROCESS",0.141671698585645,-0.112183209095347,-0.253854907680992,-0.594905574924653,0.0871957595626693,-1.64593547404062,0.129083904589698,0.415503173314525,3,3,3618,"lower_in_neuropathy","overlap","CCI_GSE212311",-1.56441079344643,0.105584502658803,TRUE,TRUE
"GOBP_REGULATION_OF_CHONDROCYTE_DIFFERENTIATION",0.0267685487497385,0.0815118680471988,0.0547433192974603,-0.353049532424718,0.462536171019638,0.296850416953771,0.772319092222505,0.906929722707246,3,3,3618,"higher_in_neuropathy","overlap","CCI_GSE212311",-0.863098609122045,0.821774283733097,FALSE,TRUE
"GOBP_REGULATION_OF_CILIUM_ASSEMBLY",0.0382111443443439,-0.0740835670135141,-0.112294711357858,-0.427620489833581,0.203031067117865,-0.787491675707817,0.448252733263776,0.736837069036048,3,3,3618,"lower_in_neuropathy","overlap","CCI_GSE212311",-1.00589388510558,0.653883862548934,TRUE,TRUE
"GOBP_REGULATION_OF_COMPLEMENT_ACTIVATION",-0.133115331679989,0.131861226132944,0.264976557812933,-0.0362796814989348,0.566232797124801,1.94499078863112,0.0787850069184072,0.319012743003589,3,3,3618,"higher_in_neuropathy","overlap","CCI_GSE212311",1.39877759343817,0.301108020867374,TRUE,TRUE
"GOBP_REGULATION_OF_DNA_DAMAGE_RESPONSE_SIGNAL_TRANSDUCTION_BY_P53_CLASS_MEDIATOR",-0.0554271734571064,0.0784355508171673,0.133862724274274,-0.178054795850657,0.445780244399205,0.948999612205321,0.363765001910531,0.673239150563416,3,3,3618,"higher_in_neuropathy","overlap","CCI_GSE212311",1.52551837800363,0.166381482510515,TRUE,TRUE
"GOBP_REGULATION_OF_DNA_STRAND_ELONGATION",0.070320438704238,-0.053327595938504,-0.123648034642742,-0.510303244726769,0.263007175441285,-0.707146663026055,0.49473501614081,0.765918394692961,3,3,3618,"lower_in_neuropathy","overlap","CCI_GSE212311",-0.55296255248821,0.992207337304101,TRUE,TRUE
"GOBP_REGULATION_OF_DNA_TEMPLATED_TRANSCRIPTION_INITIATION",0.0314688678452631,-0.0364014082317649,-0.067870276077028,-0.30259221829119,0.166851666137134,-0.639399173884168,0.536142653249443,0.799243559726611,3,3,3618,"lower_in_neuropathy","overlap","CCI_GSE212311",0.930493013039924,0.760815499537032,FALSE,TRUE
"GOBP_REGULATION_OF_ENDOPLASMIC_RETICULUM_UNFOLDED_PROTEIN_RESPONSE",-0.104938861637511,0.133051213361055,0.237990074998566,-0.133535218163113,0.609515368160245,1.41650008676321,0.18535282598127,0.493930663499917,3,3,3618,"higher_in_neuropathy","overlap","CCI_GSE212311",1.19105035527959,0.469593976434197,TRUE,TRUE
"GOBP_REGULATION_OF_ESTABLISHMENT_OR_MAINTENANCE_OF_CELL_POLARITY",-0.0307355048483415,0.0350876755724439,0.0658231804207854,-0.269356415790307,0.401002776631878,0.434257606418653,0.672812265385543,0.867375141755231,3,3,3618,"higher_in_neuropathy","overlap","CCI_GSE212311",-0.737809558495437,0.912968731241061,FALSE,TRUE
"GOBP_REGULATION_OF_EXCITATORY_SYNAPSE_ASSEMBLY",-0.0635931901653563,0.0410803206353026,0.104673510800659,-0.207424492556684,0.416771514158002,0.74163795159679,0.474425611763257,0.754798737136653,3,3,3618,"higher_in_neuropathy","overlap","CCI_GSE212311",0.736884210267264,0.90294484171972,TRUE,TRUE
"GOBP_REGULATION_OF_EXOCYTOSIS",0.0231532438679091,-0.0181471500026921,-0.0413003938706012,-0.301670454456116,0.219069666714914,-0.350759380538233,0.73264336471293,0.888526417185328,3,3,3618,"lower_in_neuropathy","overlap","CCI_GSE212311",1.36547683915963,0.155017349392508,FALSE,TRUE
"GOBP_REGULATION_OF_EXOSOMAL_SECRETION",0.0220027284493218,-0.00754857519843088,-0.0295513036477527,-0.405858476111638,0.346755868816133,-0.173652201475804,0.865411981297015,0.945283662470848,3,3,3618,"lower_in_neuropathy","overlap","CCI_GSE212311",1.00082805269326,0.664548648953362,FALSE,TRUE
"GOBP_REGULATION_OF_EXTRINSIC_APOPTOTIC_SIGNALING_PATHWAY_IN_ABSENCE_OF_LIGAND",0.0244355877907279,-0.0311985777142438,-0.0556341655049717,-0.317528152826152,0.206259821816209,-0.469745031733538,0.648056608014839,0.856343611321289,3,3,3618,"lower_in_neuropathy","overlap","CCI_GSE212311",-1.31207037991644,0.331689870476267,TRUE,TRUE
"GOBP_REGULATION_OF_FATTY_ACID_BETA_OXIDATION",0.0193392892226095,-0.014509199653359,-0.0338484888759685,-0.311732654283471,0.244035676531534,-0.269352883926183,0.792831346403905,0.916734998814103,3,3,3618,"lower_in_neuropathy","overlap","CCI_GSE212311",-1.00309945363033,0.662589609648829,TRUE,TRUE
"GOBP_REGULATION_OF_FATTY_ACID_OXIDATION",0.0770562140334531,-0.0922773854775887,-0.169333599511042,-0.447391254630055,0.108724055607972,-1.34664905098606,0.206192961926758,0.517072524288958,3,3,3618,"lower_in_neuropathy","overlap","CCI_GSE212311",-1.02198737349307,0.635406957609502,TRUE,TRUE
"GOBP_REGULATION_OF_GLYCOLYTIC_PROCESS",0.0307625189873447,-0.0292349932488536,-0.0599975122361984,-0.311921996742464,0.191926972270067,-0.526634139927945,0.609295818941056,0.836914302554571,3,3,3618,"lower_in_neuropathy","overlap","CCI_GSE212311",-0.883748618357857,0.803443561047248,TRUE,TRUE
"GOBP_REGULATION_OF_HEMOPOIESIS",-0.133721283490658,0.134379268682183,0.268100552172842,0.0255195080483488,0.510681596297335,2.44392003982304,0.0333640974196771,0.207407739629539,3,3,3618,"higher_in_neuropathy","neuropathy_above_control","CCI_GSE212311",1.70912459690717,0.000229439704631282,TRUE,TRUE
"GOBP_REGULATION_OF_IMMUNE_EFFECTOR_PROCESS",-0.191740114118144,0.204113570541468,0.395853684659613,0.128275866211273,0.663431503107953,3.27137799658007,0.00780881929429104,0.108539853140752,3,3,3618,"higher_in_neuropathy","neuropathy_above_control","CCI_GSE212311",2.16857960236287,2.01e-08,TRUE,TRUE
"GOBP_REGULATION_OF_INFLAMMASOME_MEDIATED_SIGNALING_PATHWAY",-0.127642368903813,0.115711717193519,0.243354086097332,-0.00947530085749654,0.49618347305216,2.1284195349552,0.0576675003206807,0.267697696428093,3,3,3618,"higher_in_neuropathy","neuropathy_above_control","CCI_GSE212311",1.24658936491047,0.389246107992798,TRUE,TRUE
"GOBP_REGULATION_OF_INFLAMMATORY_RESPONSE",-0.193323256102783,0.220566725619401,0.413889981722183,0.163084136025521,0.664695827418846,3.64916419366237,0.00406552161962665,0.0903308904390115,3,3,3618,"higher_in_neuropathy","neuropathy_above_control","CCI_GSE212311",2.10487880217473,2.01e-08,TRUE,TRUE
"GOBP_REGULATION_OF_INFLAMMATORY_RESPONSE_TO_ANTIGENIC_STIMULUS",-0.338063395986241,0.357486641433352,0.695550037419593,0.453684717396109,0.937415357443076,6.35917713086256,6.36924630169048e-05,0.0584022811636823,3,3,3618,"higher_in_neuropathy","neuropathy_above_control","CCI_GSE212311",2.11253678652203,0.00349927632926682,TRUE,TRUE
"GOBP_REGULATION_OF_INTRINSIC_APOPTOTIC_SIGNALING_PATHWAY_BY_P53_CLASS_MEDIATOR",-0.0593957673887068,0.104981159578798,0.164376926967505,-0.11668143210658,0.44543528604159,1.29327384877908,0.223402379291138,0.53920600952324,3,3,3618,"higher_in_neuropathy","overlap","CCI_GSE212311",1.7093302252572,0.0820326538734089,TRUE,TRUE
"GOBP_REGULATION_OF_LAMELLIPODIUM_ASSEMBLY",-0.084094386230914,0.109561737315175,0.193656123546089,-0.0619285047272506,0.449240751819428,1.67549312076686,0.123059877998414,0.404576438054075,3,3,3618,"higher_in_neuropathy","neuropathy_above_control","CCI_GSE212311",1.19540497909792,0.46636726617937,TRUE,TRUE
"GOBP_REGULATION_OF_LAMELLIPODIUM_ORGANIZATION",-0.118730713457386,0.136992815699153,0.255723529156539,0.00416662682707891,0.507280431485998,2.24791868012593,0.0469315726597642,0.243861570038826,3,3,3618,"higher_in_neuropathy","neuropathy_above_control","CCI_GSE212311",1.37823068640646,0.248106755629691,TRUE,TRUE
"GOBP_REGULATION_OF_LEUKOCYTE_APOPTOTIC_PROCESS",-0.101974836757823,0.171964817251585,0.273939654009408,-0.0302741087055006,0.578153416724317,1.99123350070647,0.0728652207848365,0.30688682628214,3,3,3618,"higher_in_neuropathy","overlap","CCI_GSE212311",1.72457620497535,0.0303529512646114,TRUE,TRUE
"GOBP_REGULATION_OF_LEUKOCYTE_DIFFERENTIATION",-0.137187293053634,0.143825205143386,0.28101249819702,0.0315976770616697,0.530427319332371,2.49143478502855,0.0307014102979218,0.197999469621891,3,3,3618,"higher_in_neuropathy","neuropathy_above_control","CCI_GSE212311",1.76286014828266,0.000226169100839319,TRUE,TRUE
"GOBP_REGULATION_OF_LEUKOCYTE_MIGRATION",-0.148930582886286,0.171069166146996,0.319999749033282,0.0353433854567092,0.604656112609854,2.48584980946443,0.0310032455828346,0.198882522196269,3,3,3618,"higher_in_neuropathy","neuropathy_above_control","CCI_GSE212311",1.84305065545478,0.00049353530969535,TRUE,TRUE
"GOBP_REGULATION_OF_LEUKOCYTE_PROLIFERATION",-0.222876125119662,0.240945289963127,0.463821415082789,0.202946262168932,0.724696567996647,3.9315538186525,0.00251872824846892,0.0806194278240841,3,3,3618,"higher_in_neuropathy","neuropathy_above_control","CCI_GSE212311",2.36241626743995,2.01e-08,TRUE,TRUE
"GOBP_REGULATION_OF_LIPID_BIOSYNTHETIC_PROCESS",0.057729802769688,-0.0481637200845341,-0.105893522854222,-0.354933234888151,0.143146189179707,-0.940257781387578,0.368027990029267,0.676984339721988,3,3,3618,"lower_in_neuropathy","overlap","CCI_GSE212311",-1.13610407091354,0.430196581640956,TRUE,TRUE
"GOBP_REGULATION_OF_LYMPHOCYTE_ACTIVATION",-0.178823909170754,0.167221252105193,0.346045161275947,0.100577004695496,0.591513317856398,3.11733707635398,0.0102208316931046,0.122446917435936,3,3,3618,"higher_in_neuropathy","neuropathy_above_control","CCI_GSE212311",2.00999401769004,2.01e-08,TRUE,TRUE
"GOBP_REGULATION_OF_LYMPHOCYTE_DIFFERENTIATION",-0.14774881377116,0.138973711367001,0.28672252513816,0.0325090513525354,0.540935998923786,2.49407433129617,0.0305597635964486,0.197791099627819,3,3,3618,"higher_in_neuropathy","neuropathy_above_control","CCI_GSE212311",1.6133121408088,0.017806089651156,TRUE,TRUE
"GOBP_REGULATION_OF_MACROPHAGE_CHEMOTAXIS",-0.251910663618882,0.275223431464825,0.527134095083707,0.195647139771352,0.858621050396062,3.51642055285087,0.00510628807252307,0.0933058093251943,3,3,3618,"higher_in_neuropathy","neuropathy_above_control","CCI_GSE212311",1.9621926132958,0.0158350628047814,TRUE,TRUE
"GOBP_REGULATION_OF_MACROPHAGE_MIGRATION",-0.163195076099494,0.221081204683691,0.384276280783185,0.0239881370988227,0.744564424467547,2.35852103100416,0.0387281873200634,0.223118760706989,3,3,3618,"higher_in_neuropathy","overlap","CCI_GSE212311",1.75918342485867,0.0434172757999504,TRUE,TRUE
"GOBP_REGULATION_OF_MEGAKARYOCYTE_DIFFERENTIATION",-0.121269713108729,0.108539968266341,0.22980968137507,-0.106457269874721,0.566076632624862,1.51122900134471,0.159966581367822,0.462289157797685,3,3,3618,"higher_in_neuropathy","overlap","CCI_GSE212311",-0.919400607800419,0.74680064595181,FALSE,TRUE
"GOBP_REGULATION_OF_MEMBRANE_DEPOLARIZATION",-0.00718293695336085,0.0999854065297399,0.107168343483101,-0.198522083131934,0.412858770098136,0.775230453644812,0.455157995512656,0.74269729440477,3,3,3618,"higher_in_neuropathy","overlap","CCI_GSE212311",-0.931468591513739,0.74680064595181,FALSE,TRUE
"GOBP_REGULATION_OF_MEMBRANE_POTENTIAL",0.0200558236581286,-0.0282405391331356,-0.0482963627912643,-0.30515837524272,0.208565649660192,-0.415777218453902,0.685869393226533,0.870872857988492,3,3,3618,"lower_in_neuropathy","overlap","CCI_GSE212311",-1.42756224936967,0.0112614801644248,TRUE,TRUE
"GOBP_REGULATION_OF_MESENCHYMAL_CELL_PROLIFERATION",0.163718150717349,-0.0382028737689919,-0.201921024486341,-0.602864307282103,0.199022258309421,-1.11363980157798,0.290060174721261,0.60872257084775,3,3,3618,"lower_in_neuropathy","overlap","CCI_GSE212311",-1.18927661721701,0.467182533109318,TRUE,TRUE
"GOBP_REGULATION_OF_MITOCHONDRIAL_DEPOLARIZATION",-0.0664002778338872,0.0792312139071563,0.145631491741043,-0.162738205890202,0.454001189372289,1.04431074934283,0.319583332263499,0.642362497849633,3,3,3618,"higher_in_neuropathy","overlap","CCI_GSE212311",-0.937738097160324,0.728682798734655,FALSE,TRUE
"GOBP_REGULATION_OF_MUSCLE_HYPERTROPHY",-0.107994142126234,0.0780349080733881,0.186029050199622,-0.0953396069326212,0.467397707331866,1.46201287096676,0.172755973304026,0.478584311955564,3,3,3618,"higher_in_neuropathy","overlap","CCI_GSE212311",1.32666393575561,0.290496346783188,TRUE,TRUE
"GOBP_REGULATION_OF_MUSCLE_ORGAN_DEVELOPMENT",0.0976757994526858,-0.118037340974402,-0.215713140427087,-0.609306406754415,0.17788012590024,-1.21192316507333,0.251876246402516,0.569754655011426,3,3,3618,"lower_in_neuropathy","overlap","CCI_GSE212311",-0.861236789923956,0.812869621308857,TRUE,TRUE
"GOBP_REGULATION_OF_NATURAL_KILLER_CELL_MEDIATED_IMMUNITY",-0.158261150173789,0.123434409249893,0.281695559423682,-0.0584248754203725,0.621815994267736,1.83144305800153,0.0952672921285283,0.357627465741355,3,3,3618,"higher_in_neuropathy","overlap","CCI_GSE212311",1.42205702189215,0.228884965110441,TRUE,TRUE
"GOBP_REGULATION_OF_NEUROTRANSMITTER_RECEPTOR_LOCALIZATION_TO_POSTSYNAPTIC_SPECIALIZATION_MEMBRANE",0.0847671357332197,-0.0257088288407494,-0.110475964573969,-0.450251913049897,0.229299983901959,-0.718987456591704,0.487703249034459,0.761904678544879,3,3,3618,"lower_in_neuropathy","overlap","CCI_GSE212311",-0.723763057176225,0.908763675078218,TRUE,TRUE
"GOBP_REGULATION_OF_OLIGODENDROCYTE_DIFFERENTIATION",0.00233596596180615,0.0608859131599713,0.0585499471981651,-0.228990955434877,0.346090849831207,0.450270009169487,0.661589447005098,0.863191712681011,3,3,3618,"higher_in_neuropathy","overlap","CCI_GSE212311",1.16035291489182,0.498884367526122,TRUE,TRUE
"GOBP_REGULATION_OF_OXIDATIVE_PHOSPHORYLATION",0.0315312265721451,-0.0287601462685414,-0.0602913728406865,-0.478945410373816,0.358362664692443,-0.318453505642903,0.756330051142529,0.901462921598264,3,3,3618,"lower_in_neuropathy","overlap","CCI_GSE212311",-0.644452205295281,0.968870580991824,TRUE,TRUE
"GOBP_REGULATION_OF_PEPTIDYL_SERINE_PHOSPHORYLATION",-0.0672252395557184,0.0408037471619966,0.108028986717715,-0.138484636194094,0.354542609629524,0.969048521531531,0.354122188892473,0.666767455991798,3,3,3618,"higher_in_neuropathy","overlap","CCI_GSE212311",1.22596152900688,0.448935694258331,TRUE,TRUE
"GOBP_REGULATION_OF_PEPTIDYL_TYROSINE_PHOSPHORYLATION",-0.132405803706137,0.163271081849362,0.2956768855555,0.0430202239037438,0.548333547207256,2.58781226355888,0.025925662379454,0.17866485045498,3,3,3618,"higher_in_neuropathy","neuropathy_above_control","CCI_GSE212311",1.71176987237117,0.0303529512646114,TRUE,TRUE
"GOBP_REGULATION_OF_PHAGOCYTOSIS",-0.169468815632094,0.18822369030811,0.357692505940205,0.0730035094271546,0.642381502453255,2.77833944524294,0.0185438415488103,0.153877333801749,3,3,3618,"higher_in_neuropathy","neuropathy_above_control","CCI_GSE212311",1.92978962930069,0.00293995175066581,TRUE,TRUE
"GOBP_REGULATION_OF_PHOSPHORYLATION",-0.0736103486211742,0.0819932823777686,0.155603630998943,-0.0762909019330261,0.387498163930912,1.483799984331,0.16698973738756,0.469319724006264,3,3,3618,"higher_in_neuropathy","neuropathy_above_control","CCI_GSE212311",1.63814583216223,0.000865392716973218,TRUE,TRUE
"GOBP_REGULATION_OF_PLASMA_LIPOPROTEIN_PARTICLE_LEVELS",-0.0419893130741496,0.0752504047484157,0.117239717822565,-0.143148438419965,0.377627874065096,0.995633917959852,0.341623096252662,0.658844542772991,3,3,3618,"higher_in_neuropathy","overlap","CCI_GSE212311",-1.03871607403535,0.617789926979966,FALSE,TRUE
"GOBP_REGULATION_OF_POLYSACCHARIDE_BIOSYNTHETIC_PROCESS",0.0201466481881383,-0.0167128916216382,-0.0368595398097765,-0.333150144085227,0.259431064465674,-0.275092135180884,0.788535853739715,0.913812530054544,3,3,3618,"lower_in_neuropathy","overlap","CCI_GSE212311",-0.773118448220786,0.89632798749312,TRUE,TRUE
"GOBP_REGULATION_OF_POSTSYNAPTIC_DENSITY_ASSEMBLY",-0.0815894024722245,0.10488299878162,0.186472401253844,-0.130601031739665,0.503545834247353,1.30047154400218,0.221014913733023,0.537921440805365,3,3,3618,"higher_in_neuropathy","overlap","CCI_GSE212311",0.824632208216897,0.823750727051991,TRUE,TRUE
"GOBP_REGULATION_OF_POSTSYNAPTIC_DENSITY_ORGANIZATION",-0.105000238436948,0.173004131921744,0.278004370358692,-0.00894607466220404,0.564954815379588,2.14235218013927,0.056304424589763,0.264214537179978,3,3,3618,"higher_in_neuropathy","overlap","CCI_GSE212311",0.938503518766597,0.731861565307116,TRUE,TRUE
"GOBP_REGULATION_OF_POSTSYNAPTIC_MEMBRANE_NEUROTRANSMITTER_RECEPTOR_LEVELS",0.176447594113243,-0.160374473371744,-0.336822067484987,-0.608417845104298,-0.0652262898656768,-2.74235496670499,0.0197562338449586,0.156379206832199,3,3,3618,"lower_in_neuropathy","neuropathy_below_control","CCI_GSE212311",-1.79832585206046,0.0030378804994104,TRUE,TRUE
"GOBP_REGULATION_OF_POSTSYNAPTIC_SPECIALIZATION_ASSEMBLY",-0.18605559353111,0.199581099103625,0.385636692634735,0.103445394129586,0.667827991139885,3.02190548330679,0.0120829336024762,0.132332483653199,3,3,3618,"higher_in_neuropathy","neuropathy_above_control","CCI_GSE212311",1.51844926256052,0.205423963514823,TRUE,TRUE
"GOBP_REGULATION_OF_PROTEIN_BINDING",0.0694598846496609,-0.0675250968895397,-0.136984981539201,-0.392323409144032,0.118353446065631,-1.18632291971552,0.261415966517849,0.576799764907365,3,3,3618,"lower_in_neuropathy","overlap","CCI_GSE212311",-0.858220848312336,0.822314674929271,TRUE,TRUE
"GOBP_REGULATION_OF_PROTEIN_EXPORT_FROM_NUCLEUS",-0.0108652317899212,0.0832261915250301,0.0940914233149513,-0.19909615801549,0.387279004645393,0.709660466678495,0.493236989208466,0.764810917006379,3,3,3618,"higher_in_neuropathy","overlap","CCI_GSE212311",-0.684259200046567,0.962109584419619,FALSE,TRUE
"GOBP_REGULATION_OF_PROTEIN_LOCALIZATION_TO_PLASMA_MEMBRANE",-0.0643603565043475,0.0159422936853156,0.080302650189663,-0.208173430724694,0.368778731104021,0.61555407986734,0.551182084945537,0.807032287872503,3,3,3618,"higher_in_neuropathy","overlap","CCI_GSE212311",1.5505228648554,0.0645219840797424,TRUE,TRUE
"GOBP_REGULATION_OF_PROTEIN_MATURATION",-0.0973804214703754,0.0680427333884617,0.165423154858837,-0.0900068892584281,0.420853198976102,1.4320905070905,0.180952550902716,0.488571887437332,3,3,3618,"higher_in_neuropathy","overlap","CCI_GSE212311",1.05433666452285,0.614384928886301,TRUE,TRUE
"GOBP_REGULATION_OF_PROTEIN_TYROSINE_KINASE_ACTIVITY",-0.0809295864894084,0.0416145591239504,0.122544145613359,-0.190014876919839,0.435103168146557,0.866975197495463,0.405162607161169,0.703520936161733,3,3,3618,"higher_in_neuropathy","overlap","CCI_GSE212311",1.32880713150743,0.364410419147202,TRUE,TRUE
"GOBP_REGULATION_OF_PROTEOLYSIS",0.0071269658607153,-0.000621307450841195,-0.00774827331155649,-0.265383720352322,0.249887173729209,-0.0665036468112954,0.948215138829436,0.981190334622411,3,3,3618,"lower_in_neuropathy","overlap","CCI_GSE212311",0.881658967717159,0.895681114099827,FALSE,TRUE
"GOBP_REGULATION_OF_REACTIVE_OXYGEN_SPECIES_BIOSYNTHETIC_PROCESS",0.0166117886554737,0.00702476225424678,-0.00958702640122695,-0.244987327226921,0.225813274424468,-0.0900581569808734,0.929920876745992,0.974477359110219,3,3,3618,"lower_in_neuropathy","overlap","CCI_GSE212311",-0.971212692750157,0.69852832379153,TRUE,TRUE
"GOBP_REGULATION_OF_REGULATED_SECRETORY_PATHWAY",0.0253646733905299,-0.0010790171276467,-0.0264436905181766,-0.293682835072088,0.240795454035735,-0.21881048967237,0.830955374154358,0.93285600621178,3,3,3618,"lower_in_neuropathy","overlap","CCI_GSE212311",1.47365436993143,0.109413657734971,FALSE,TRUE
"GOBP_REGULATION_OF_RELEASE_OF_CYTOCHROME_C_FROM_MITOCHONDRIA",-0.0871475973507556,0.107473849425126,0.194621446775882,-0.14968596294434,0.538928856496103,1.24994375978904,0.238224201973076,0.555702877329846,3,3,3618,"higher_in_neuropathy","overlap","CCI_GSE212311",1.20586313502077,0.457228936766509,TRUE,TRUE
"GOBP_REGULATION_OF_RESPONSE_TO_CYTOKINE_STIMULUS",-0.0598260833424499,0.11774352472472,0.17756960806717,-0.093372418084918,0.448511634219258,1.44923364199946,0.176216914354986,0.481962469920067,3,3,3618,"higher_in_neuropathy","overlap","CCI_GSE212311",1.61424040336118,0.0166979092820093,TRUE,TRUE
"GOBP_REGULATION_OF_RESPONSE_TO_TUMOR_CELL",-0.113993398040854,0.0818866291506269,0.195880027191481,-0.128550506742444,0.520310561125407,1.33510240883952,0.20981963528288,0.521378736575178,3,3,3618,"higher_in_neuropathy","overlap","CCI_GSE212311",1.2028430970258,0.46388404770982,TRUE,TRUE
"GOBP_REGULATION_OF_SKELETAL_MUSCLE_TISSUE_DEVELOPMENT",0.227925250521295,-0.154343484107777,-0.382268734629072,-0.85003395030319,0.0854964810450457,-1.80712003481788,0.0991871722084704,0.363097267364323,3,3,3618,"lower_in_neuropathy","overlap","CCI_GSE212311",-1.26246901707157,0.4218744409949,TRUE,TRUE
"GOBP_REGULATION_OF_STEROID_BIOSYNTHETIC_PROCESS",0.00762871915490221,-0.0124570059186949,-0.0200857250735971,-0.28226789699568,0.242096446848485,-0.169406668647059,0.868667776626335,0.946008830400589,3,3,3618,"lower_in_neuropathy","overlap","CCI_GSE212311",-1.24159847890306,0.359960473640648,TRUE,TRUE
"GOBP_REGULATION_OF_SYSTEMIC_ARTERIAL_BLOOD_PRESSURE_MEDIATED_BY_A_CHEMICAL_SIGNAL",0.0467443448120337,-0.0569882647878029,-0.103732609599837,-0.423559922890479,0.216094703690805,-0.717209277743293,0.488755278249108,0.761940747763932,3,3,3618,"lower_in_neuropathy","overlap","CCI_GSE212311",-1.31273276399012,0.304575191900959,TRUE,TRUE
"GOBP_REGULATION_OF_T_CELL_ACTIVATION",-0.161817578650581,0.161521690175837,0.323339268826418,0.0750615506839676,0.571616986968868,2.87983000153417,0.015510716822527,0.148022068653545,3,3,3618,"higher_in_neuropathy","neuropathy_above_control","CCI_GSE212311",1.77789536908331,0.000108116739204174,TRUE,TRUE
"GOBP_REGULATION_OF_T_CELL_MEDIATED_CYTOTOXICITY",-0.328487559165779,0.275913105726596,0.604400664892375,0.239023599921351,0.969777729863399,3.6578828785608,0.00400535287221262,0.0903308904390115,3,3,3618,"higher_in_neuropathy","neuropathy_above_control","CCI_GSE212311",1.77412870340689,0.0555014381591563,TRUE,TRUE
"GOBP_REGULATION_OF_TELOMERE_MAINTENANCE_IN_RESPONSE_TO_DNA_DAMAGE",0.0908734780542303,-0.104736731421448,-0.195610209475678,-0.57295086155293,0.181730442601573,-1.14631524366493,0.276894584234314,0.596628610656872,3,3,3618,"lower_in_neuropathy","overlap","CCI_GSE212311",-0.607333710802443,0.977392579090179,TRUE,TRUE
"GOBP_REGULATION_OF_TELOMERE_MAINTENANCE_VIA_TELOMERASE",0.0305526641331643,0.00932881897491306,-0.0212238451582513,-0.341177159021819,0.298729468705316,-0.146684289303187,0.886134946295854,0.955115506680343,3,3,3618,"lower_in_neuropathy","overlap","CCI_GSE212311",0.692081764135875,0.953841966834392,FALSE,TRUE
"GOBP_REGULATION_OF_TELOMERE_MAINTENANCE_VIA_TELOMERE_LENGTHENING",0.0144998315378328,0.0320727402256461,0.0175729086878133,-0.319636601102111,0.354782418477738,0.11523647993193,0.910412582355883,0.965378875428952,3,3,3618,"higher_in_neuropathy","overlap","CCI_GSE212311",0.75808486359532,0.91592422291705,TRUE,TRUE
"GOBP_REGULATION_OF_TRANS_SYNAPTIC_SIGNALING",0.0777339182764441,-0.0714896121672619,-0.149223530443706,-0.394533508647015,0.096086447759603,-1.34514233702768,0.20666322695398,0.517803016010733,3,3,3618,"lower_in_neuropathy","overlap","CCI_GSE212311",-1.43455321605016,0.00605362082017372,TRUE,TRUE
"GOBP_REGULATION_OF_TRANSLATION_IN_RESPONSE_TO_STRESS",-0.0665616935525446,0.144371070886066,0.21093276443861,-0.0978961370551417,0.519761665932363,1.51033140491651,0.160192302108037,0.462289157797685,3,3,3618,"higher_in_neuropathy","overlap","CCI_GSE212311",0.944107700616123,0.728551786217428,TRUE,TRUE
"GOBP_REGULATION_OF_TRANSMEMBRANE_RECEPTOR_PROTEIN_SERINE_THREONINE_KINASE_SIGNALING_PATHWAY",0.0119378175183992,0.00397646696278508,-0.00796135055561407,-0.302011365896686,0.286088664785458,-0.0598703346962826,0.953373223610063,0.982914520863446,3,3,3618,"lower_in_neuropathy","overlap","CCI_GSE212311",-1.02504537546708,0.618788194608935,TRUE,TRUE
"GOBP_REGULATION_OF_TYPE_2_IMMUNE_RESPONSE",-0.189811271968486,0.270736825439189,0.460548097407676,0.214194408759514,0.706901786055837,4.13392000416137,0.00179741298817393,0.0753153735012765,3,3,3618,"higher_in_neuropathy","neuropathy_above_control","CCI_GSE212311",1.82246398141535,0.0429079696394687,TRUE,TRUE
"GOBP_REGULATION_OF_TYROSINE_PHOSPHORYLATION_OF_STAT_PROTEIN",-0.234049607358329,0.238594113933272,0.4726437212916,0.221235636849702,0.724051805733499,4.15719885601651,0.00172955184934462,0.0753153735012765,3,3,3618,"higher_in_neuropathy","neuropathy_above_control","CCI_GSE212311",1.60201256528543,0.131673367169688,TRUE,TRUE
"GOBP_REGULATION_OF_VASCULAR_PERMEABILITY",-0.0805739159995925,0.127395682088783,0.207969598088376,-0.0881301267486583,0.50406932292541,1.55313066271716,0.149732158742934,0.4489845900701,3,3,3618,"higher_in_neuropathy","overlap","CCI_GSE212311",-0.97136318174694,0.696572103249957,FALSE,TRUE
"GOBP_REGULATION_OF_VASCULATURE_DEVELOPMENT",-0.10417200721582,0.121275611210548,0.225447618426368,-0.0752659622179356,0.526161199070671,1.65782526959018,0.126629792097918,0.410540219110336,3,3,3618,"higher_in_neuropathy","overlap","CCI_GSE212311",1.75486428088975,0.000429057186302825,TRUE,TRUE
"GOBP_REGULATION_OF_WNT_SIGNALING_PATHWAY",-0.0206381634980747,0.0328729166397058,0.0535110801377805,-0.193366925397648,0.300389085673209,0.479300036857286,0.641465057957297,0.851983122860332,3,3,3618,"higher_in_neuropathy","overlap","CCI_GSE212311",-0.84928167748982,0.960969644302569,FALSE,TRUE
"GOBP_REGULATORY_NCRNA_PROCESSING",0.0246533214914755,-0.0500189254782371,-0.0746722469697126,-0.361229765754695,0.21188527181527,-0.576226937646373,0.57649739177148,0.817606555564184,3,3,3618,"lower_in_neuropathy","overlap","CCI_GSE212311",0.956969656054142,0.728551786217428,FALSE,TRUE
"GOBP_RELEASE_OF_CYTOCHROME_C_FROM_MITOCHONDRIA",-0.105969906487624,0.146256767200413,0.252226673688037,-0.0760749344165499,0.580528281792624,1.69888564866026,0.118471834661541,0.400082589003953,3,3,3618,"higher_in_neuropathy","overlap","CCI_GSE212311",1.29436838433005,0.350905883517308,TRUE,TRUE
"GOBP_RENAL_ABSORPTION",0.0787707820233467,-0.0726931894019481,-0.151463971425295,-0.389969573060584,0.0870416302099947,-1.40429031802273,0.188861950319224,0.497671184453716,3,3,3618,"lower_in_neuropathy","neuropathy_below_control","CCI_GSE212311",-0.935543123785551,0.736606051956084,TRUE,TRUE
"GOBP_RENAL_SYSTEM_DEVELOPMENT",0.0246772656874599,-0.00712784187605219,-0.0318051075635121,-0.33179734236906,0.268187127242035,-0.234440695179823,0.819111545822832,0.927284201315387,3,3,3618,"lower_in_neuropathy","overlap","CCI_GSE212311",-0.936183022492392,0.815574552641443,TRUE,TRUE
"GOBP_RENAL_SYSTEM_PROCESS",-0.0314732144967284,0.0186923267016915,0.0501655411984199,-0.207146937884134,0.307478020280974,0.431112681347819,0.67502645925355,0.867375141755231,3,3,3618,"higher_in_neuropathy","overlap","CCI_GSE212311",-1.0376531113059,0.605757742758093,FALSE,TRUE
"GOBP_RENAL_TUBULE_DEVELOPMENT",0.0531020560982174,5.46533380376875e-05,-0.0530474027601797,-0.36855281176666,0.2624580062463,-0.371794928420113,0.717373813358569,0.883996814304562,3,3,3618,"lower_in_neuropathy","overlap","CCI_GSE212311",-0.980581719833252,0.690857893587023,TRUE,TRUE
"GOBP_REPLACEMENT_OSSIFICATION",0.0444790431100164,0.0231323559401259,-0.0213466871698905,-0.447338154877878,0.404644780538097,-0.110809177229251,0.913838780876985,0.967594003281513,3,3,3618,"lower_in_neuropathy","overlap","CCI_GSE212311",-0.851510042052079,0.821774283733097,TRUE,TRUE
"GOBP_RESPONSE_TO_ACIDIC_PH",-0.061413096058144,0.0804027890459708,0.141815885104115,-0.156717429167353,0.440349199375582,1.05045686228563,0.316877860447371,0.639011680318731,3,3,3618,"higher_in_neuropathy","overlap","CCI_GSE212311",1.19906123965502,0.469070714777602,TRUE,TRUE
"GOBP_RESPONSE_TO_ALKALOID",0.00392573272753278,0.0203345297861074,0.0164087970585746,-0.262945377338171,0.29576297145532,0.129887609356595,0.899088388982389,0.962112331067223,3,3,3618,"higher_in_neuropathy","overlap","CCI_GSE212311",-0.981713683923951,0.690857893587023,FALSE,TRUE
"GOBP_RESPONSE_TO_AMINE",-0.137251345609266,0.133493127883146,0.270744473492412,-0.0342266127253908,0.575715559710215,1.96312104594259,0.0764124885891915,0.31380293270794,3,3,3618,"higher_in_neuropathy","overlap","CCI_GSE212311",1.06642433448045,0.601634130706176,TRUE,TRUE
"GOBP_RESPONSE_TO_AMPHETAMINE",-0.131757198146752,0.15677939052887,0.288536588675622,-0.0280332392899817,0.605106416641226,2.01547547469085,0.0699307331715499,0.299065475903862,3,3,3618,"higher_in_neuropathy","overlap","CCI_GSE212311",1.03586358936176,0.630784587467017,TRUE,TRUE
"GOBP_RESPONSE_TO_AXON_INJURY",-0.0873110214668604,0.107580617032298,0.194891638499159,-0.0605448655852294,0.450328142583547,1.68716046533438,0.120752003606582,0.401693924178392,3,3,3618,"higher_in_neuropathy","neuropathy_above_control","CCI_GSE212311",1.63081113959172,0.0523285004989865,TRUE,TRUE
"GOBP_RESPONSE_TO_BACTERIUM",-0.149709602654937,0.157178403495276,0.306888006150213,0.0369672861079915,0.576808726192435,2.51414219532796,0.0295036406492615,0.19586086581473,3,3,3618,"higher_in_neuropathy","neuropathy_above_control","CCI_GSE212311",2.16429581055323,2.01e-08,TRUE,TRUE
"GOBP_RESPONSE_TO_BMP",0.0413721823498807,0.00951458712981854,-0.0318575952200622,-0.348724653141271,0.285009462701147,-0.222321796677192,0.828290716546365,0.931537398963241,3,3,3618,"lower_in_neuropathy","overlap","CCI_GSE212311",-1.06150807212348,0.560968013702793,TRUE,TRUE
"GOBP_RESPONSE_TO_CADMIUM_ION",0.0840480646883986,-0.132590820128716,-0.216638884817115,-0.551442461714966,0.118164692080736,-1.43084459526669,0.181300906353051,0.489147411771319,3,3,3618,"lower_in_neuropathy","overlap","CCI_GSE212311",-0.813411287314258,0.85649583910845,TRUE,TRUE
"GOBP_RESPONSE_TO_CAFFEINE",0.134960030938209,-0.0761005290626487,-0.211060560000857,-0.519915152882066,0.0977940328803509,-1.5111207434387,0.159993790630388,0.462289157797685,3,3,3618,"lower_in_neuropathy","overlap","CCI_GSE212311",-1.30312661203863,0.392602809188175,TRUE,TRUE
"GOBP_RESPONSE_TO_COCAINE",-0.0130157264962158,0.0314913287490461,0.0445070552452619,-0.254431346542501,0.343445457033025,0.329225372319215,0.748401441364776,0.896001460905943,3,3,3618,"higher_in_neuropathy","overlap","CCI_GSE212311",-0.866423042329518,0.819530495472558,FALSE,TRUE
"GOBP_RESPONSE_TO_ETHER",-0.162384904068276,0.232877188112649,0.395262092180925,0.0490369145977392,0.741487269764111,2.52448423849128,0.0289734552376342,0.193492056365101,3,3,3618,"higher_in_neuropathy","overlap","CCI_GSE212311",1.1852070310572,0.50455351799138,TRUE,TRUE
"GOBP_RESPONSE_TO_FIBROBLAST_GROWTH_FACTOR",0.0271591662003372,0.00876528059796206,-0.0183938856023751,-0.357158358229927,0.320370587025177,-0.120066477119993,0.906676927898089,0.96469567771928,3,3,3618,"lower_in_neuropathy","overlap","CCI_GSE212311",0.935854825304929,0.760690639563879,FALSE,TRUE
"GOBP_RESPONSE_TO_GLUCAGON",-0.152632434457084,0.172567527023595,0.325199961480679,0.0314033460014916,0.618996576959867,2.44765296395439,0.0331469706212667,0.207125629892475,3,3,3618,"higher_in_neuropathy","overlap","CCI_GSE212311",-0.833802142206151,0.833346194011741,FALSE,TRUE
"GOBP_RESPONSE_TO_GROWTH_HORMONE",-0.187455398935133,0.18385426449581,0.371309663430943,0.0918876609391563,0.65073166592273,2.93847362138027,0.0139906220417397,0.140216261903086,3,3,3618,"higher_in_neuropathy","neuropathy_above_control","CCI_GSE212311",1.46263138272187,0.22299349503792,TRUE,TRUE
"GOBP_RESPONSE_TO_INTERLEUKIN_7",-0.168979470767198,0.150398248466013,0.319377719233211,0.0162450668478284,0.622510371618595,2.32979678012882,0.040714265855974,0.227117973176178,3,3,3618,"higher_in_neuropathy","neuropathy_above_control","CCI_GSE212311",1.27902642364351,0.410145361321135,TRUE,TRUE
"GOBP_RESPONSE_TO_LEPTIN",0.0904168319809737,-0.119655732464371,-0.210072564445345,-0.593901711543684,0.173756582652995,-1.2102567994103,0.252488634447991,0.569754655011426,3,3,3618,"lower_in_neuropathy","overlap","CCI_GSE212311",-1.2156308790349,0.469179067891765,TRUE,TRUE
"GOBP_RESPONSE_TO_METAL_ION",0.0164033086488932,0.00545851953158189,-0.0109447891173113,-0.241339114651402,0.219449536416779,-0.105046543005841,0.918301107031238,0.96948158892297,3,3,3618,"lower_in_neuropathy","overlap","CCI_GSE212311",-1.14447117959388,0.350344610754546,TRUE,TRUE
"GOBP_RESPONSE_TO_MOLECULE_OF_BACTERIAL_ORIGIN",-0.185017652029363,0.205646118654795,0.390663770684157,0.118610040867831,0.662717500500484,3.17537190775347,0.00923367439085338,0.11610476728578,3,3,3618,"higher_in_neuropathy","neuropathy_above_control","CCI_GSE212311",2.2271250037429,2.01e-08,TRUE,TRUE
"GOBP_RESPONSE_TO_MONOAMINE",-0.0113811723325969,0.0467643466702472,0.0581455190028441,-0.19806015536124,0.314351193366928,0.501849680916091,0.626037814223333,0.844835811958232,3,3,3618,"higher_in_neuropathy","overlap","CCI_GSE212311",-1.0355115720292,0.629689548255047,FALSE,TRUE
"GOBP_RESPONSE_TO_NICOTINE",0.108235459008653,-0.106034485749434,-0.214269944758086,-0.473301698407883,0.0447618088917098,-1.82917137762148,0.0956272957263052,0.357837228265265,3,3,3618,"lower_in_neuropathy","neuropathy_below_control","CCI_GSE212311",-1.16212111849442,0.481885262365052,TRUE,TRUE
"GOBP_RESPONSE_TO_NITRIC_OXIDE",0.0843365492624245,-0.118590043044702,-0.202926592307126,-0.518787416397173,0.11293423178292,-1.4206573528865,0.18417068605397,0.491756119662924,3,3,3618,"lower_in_neuropathy","overlap","CCI_GSE212311",-1.2662141817251,0.415744652938299,TRUE,TRUE
"GOBP_RESPONSE_TO_OXYGEN_RADICAL",-0.0285274534858047,0.00888042282111789,0.0374078763069226,-0.422631010022019,0.497446762635864,0.179810337066128,0.860694127478662,0.943062190556572,3,3,3618,"higher_in_neuropathy","overlap","CCI_GSE212311",-0.814063449144813,0.843831328732441,FALSE,TRUE
"GOBP_RESPONSE_TO_PAIN",-0.0231096854568135,0.00060934650177639,0.0237190319585899,-0.248226952175182,0.295665016092362,0.192868123689231,0.850709407447746,0.940668287330668,3,3,3618,"higher_in_neuropathy","overlap","CCI_GSE212311",1.1824198465642,0.477808576722702,TRUE,TRUE
"GOBP_RESPONSE_TO_PROSTAGLANDIN",-0.0154424551630402,0.0254421348812811,0.0408845900443213,-0.209627974026904,0.291397154115547,0.360891190090747,0.725273102479499,0.886146744338975,3,3,3618,"higher_in_neuropathy","overlap","CCI_GSE212311",-1.07754746562601,0.588642990621993,FALSE,TRUE
"GOBP_RESPONSE_TO_PROSTAGLANDIN_E",-0.0420260583059957,0.0327911195900662,0.0748171778960618,-0.190144626491224,0.339778982283348,0.624401870023398,0.545573978992854,0.803372672363104,3,3,3618,"higher_in_neuropathy","overlap","CCI_GSE212311",-1.0259307275671,0.639186385374652,FALSE,TRUE
"GOBP_RESPONSE_TO_TOXIC_SUBSTANCE",0.0301116393670346,0.0065580987808647,-0.0235535405861699,-0.291918932523815,0.244811851351475,-0.19407778901101,0.849785788056555,0.939934265114221,3,3,3618,"lower_in_neuropathy","overlap","CCI_GSE212311",-1.1785558332851,0.337573065090056,TRUE,TRUE
"GOBP_RESPONSE_TO_TUMOR_NECROSIS_FACTOR",-0.134180302817896,0.114586658052712,0.248766960870608,-0.0243666229092083,0.521900544650424,2.01401983112077,0.0701037620110394,0.299098361976345,3,3,3618,"higher_in_neuropathy","overlap","CCI_GSE212311",1.68241701951758,0.0067897088250835,TRUE,TRUE
"GOBP_RESPONSE_TO_TYPE_I_INTERFERON",-0.00110003489300387,0.0163389094843532,0.017438944377357,-0.282900588394025,0.31777847714874,0.128396692601704,0.900239721265972,0.962490340289683,3,3,3618,"higher_in_neuropathy","overlap","CCI_GSE212311",0.871951091229287,0.843694352490935,TRUE,TRUE
"GOBP_RESPONSE_TO_VIRUS",-0.126824736254734,0.144938518163725,0.271763254418459,0.0382891728389926,0.505237335997925,2.57393872615605,0.0265650706568359,0.182031109159909,3,3,3618,"higher_in_neuropathy","neuropathy_above_control","CCI_GSE212311",1.78436834454354,3.6103430045142e-05,TRUE,TRUE
"GOBP_RESPONSE_TO_WOUNDING",-0.131349251935425,0.139239115573738,0.270588367509163,0.0165919863139614,0.524584748704365,2.35574207392476,0.0389161471932614,0.223549794895733,3,3,3618,"higher_in_neuropathy","neuropathy_above_control","CCI_GSE212311",1.88123147015542,7.89528703860857e-08,TRUE,TRUE
"GOBP_RESPONSE_TO_ZINC_ION",0.203345882692458,-0.180260547397918,-0.383606430090376,-0.631694588113165,-0.135518272067587,-3.41921168350564,0.00604002749766983,0.0984456720096067,3,3,3618,"lower_in_neuropathy","neuropathy_below_control","CCI_GSE212311",-1.39512320767457,0.266534779675608,TRUE,TRUE
"GOBP_RNA_DECAPPING",-0.190469692781302,0.160738496913189,0.351208189694491,0.0742457912013224,0.628170588187659,2.8040772125041,0.0177225587854038,0.152936361802503,3,3,3618,"higher_in_neuropathy","neuropathy_above_control","CCI_GSE212311",1.41202275729799,0.270286562181211,TRUE,TRUE
"GOBP_RNA_LOCALIZATION",0.0174169148623867,-0.025479678747902,-0.0428965936102887,-0.310977283776446,0.225184096555868,-0.353837142195079,0.730401450320046,0.888526417185328,3,3,3618,"lower_in_neuropathy","overlap","CCI_GSE212311",0.540005453300271,1,FALSE,TRUE
"GOBP_RNA_TEMPLATED_DNA_BIOSYNTHETIC_PROCESS",-0.023444953034277,0.0627891449675746,0.0862340980018516,-0.206185259392862,0.378653455396566,0.652107284782975,0.528225095828332,0.793653819230442,3,3,3618,"higher_in_neuropathy","overlap","CCI_GSE212311",0.815695146748358,0.876166480371298,TRUE,TRUE
"GOBP_RRNA_METHYLATION",-0.0560528121130731,0.00422712630534872,0.0602799384184218,-0.439587656703651,0.560147533540494,0.266663737268296,0.794846508635317,0.917120907176101,3,3,3618,"higher_in_neuropathy","overlap","CCI_GSE212311",0.619273774521158,0.977392579090179,TRUE,TRUE
"GOBP_RRNA_MODIFICATION",-0.0271101461907463,0.0287062443474729,0.0558163905382191,-0.408324219863915,0.519957000940353,0.265924483709919,0.79540075808512,0.917360517294218,3,3,3618,"higher_in_neuropathy","overlap","CCI_GSE212311",0.719787971073845,0.934483956045217,TRUE,TRUE
"GOBP_SCF_DEPENDENT_PROTEASOMAL_UBIQUITIN_DEPENDENT_PROTEIN_CATABOLIC_PROCESS",0.106358989397126,-0.111973678574481,-0.218332667971607,-0.480262762226067,0.0435974262828541,-1.84322973436244,0.0934192788137083,0.356154847995782,3,3,3618,"lower_in_neuropathy","neuropathy_below_control","CCI_GSE212311",-0.86785947201785,0.841135198431835,TRUE,TRUE
"GOBP_SCHWANN_CELL_DIFFERENTIATION",-0.0213001414913321,0.0436306846224104,0.0649308261137425,-0.188633524134711,0.318495176362196,0.566250866342139,0.583018030371258,0.82076234781448,3,3,3618,"higher_in_neuropathy","overlap","CCI_GSE212311",-0.903741794912181,0.781694607897903,FALSE,TRUE
"GOBP_SECRETORY_GRANULE_ORGANIZATION",0.0402577269810782,-0.0227316212637553,-0.0629893482448335,-0.390984327235587,0.26500563074592,-0.424664604477574,0.67957633095977,0.868552433202264,3,3,3618,"lower_in_neuropathy","overlap","CCI_GSE212311",0.796539997266168,0.895801876955162,FALSE,TRUE
"GOBP_SENSORY_ORGAN_MORPHOGENESIS",0.0345711427833068,-0.0217028797652863,-0.0562740225485931,-0.346826613405779,0.234278568308593,-0.428281537410497,0.677022498705575,0.867375141755231,3,3,3618,"lower_in_neuropathy","overlap","CCI_GSE212311",-1.11282314445852,0.428622410413593,TRUE,TRUE
"GOBP_SENSORY_PERCEPTION_OF_MECHANICAL_STIMULUS",0.0448415354893827,-0.044828854192575,-0.0896703896819576,-0.335995496409735,0.156654717045819,-0.804982654778719,0.43852095499449,0.728085760125842,3,3,3618,"lower_in_neuropathy","overlap","CCI_GSE212311",-1.13575273222564,0.41755421988885,TRUE,TRUE
"GOBP_SENSORY_PERCEPTION_OF_SMELL",0.0323622692414061,-0.016472610901221,-0.0488348801426271,-0.408990217128634,0.31132045684338,-0.29983782335804,0.770101214047497,0.90674827170051,3,3,3618,"lower_in_neuropathy","overlap","CCI_GSE212311",0.731816427422137,0.915267687384773,FALSE,TRUE
"GOBP_SIGNAL_TRANSDUCTION_IN_ABSENCE_OF_LIGAND",-0.059009220850822,0.0605189670214456,0.119528187872268,-0.136593147173231,0.375649522917767,1.03197867621441,0.325063979683076,0.646198614556795,3,3,3618,"higher_in_neuropathy","overlap","CCI_GSE212311",-1.19857281519079,0.414939701520196,FALSE,TRUE
"GOBP_SIGNAL_TRANSDUCTION_IN_RESPONSE_TO_DNA_DAMAGE",-0.0615028921393507,0.0669866193508932,0.128489511490244,-0.117684276177323,0.374663299157811,1.15417593606579,0.273797956868847,0.592819274656785,3,3,3618,"higher_in_neuropathy","neuropathy_above_control","CCI_GSE212311",1.54003882545935,0.0357782911051867,TRUE,TRUE
"GOBP_SKELETAL_MUSCLE_ADAPTATION",0.0698068292968139,-0.111579251716214,-0.181386081013027,-0.625808495860493,0.263036333834439,-0.902514416473717,0.386841795665508,0.691639143237391,3,3,3618,"lower_in_neuropathy","overlap","CCI_GSE212311",-1.30882934907632,0.380604971582428,TRUE,TRUE
"GOBP_SKELETAL_MUSCLE_CELL_PROLIFERATION",-0.173438470053034,0.280359892710691,0.453798362763725,0.112308484726152,0.795288240801299,2.93853747998561,0.0139890513067747,0.140216261903086,3,3,3618,"higher_in_neuropathy","neuropathy_above_control","CCI_GSE212311",1.41383059250318,0.288238839182235,TRUE,TRUE
"GOBP_SMOOTHENED_SIGNALING_PATHWAY",0.0226849459095698,-0.0375765285653652,-0.060261474474935,-0.330595401795161,0.210072452845291,-0.49293010759045,0.632118247326117,0.847284200007748,3,3,3618,"lower_in_neuropathy","overlap","CCI_GSE212311",-0.997029650228959,0.664888244810671,TRUE,TRUE
"GOBP_SNRNA_TRANSCRIPTION",0.0709045737312141,-0.1573458557244,-0.228250429455614,-0.506269771111997,0.0497689122007683,-1.8154435019512,0.0978294639021588,0.360892445118551,3,3,3618,"lower_in_neuropathy","neuropathy_below_control","CCI_GSE212311",-0.931562569098672,0.738649439390869,TRUE,TRUE
"GOBP_SNRNA_TRANSCRIPTION_BY_RNA_POLYMERASE_II",-0.0225865952641867,-0.0355614497227271,-0.0129748544585404,-0.328674366510309,0.302724657593229,-0.0908813415914272,0.929282230340488,0.974477359110219,3,3,3618,"lower_in_neuropathy","overlap","CCI_GSE212311",-0.590731033798988,0.978306814681323,TRUE,TRUE
"GOBP_SPECIFICATION_OF_SYMMETRY",0.112239987362386,-0.136141689008464,-0.248381676370851,-0.536180392163447,0.0394170394217458,-1.9084326910011,0.083778817101388,0.330547175870034,3,3,3618,"lower_in_neuropathy","overlap","CCI_GSE212311",-0.938785117617216,0.764878725489539,TRUE,TRUE
"GOBP_SPERM_EGG_RECOGNITION",0.0312526298116753,-0.067289875805441,-0.0985425056171164,-0.386394452302211,0.189309441067978,-0.757008184690413,0.465546502081246,0.74926478849197,3,3,3618,"lower_in_neuropathy","overlap","CCI_GSE212311",-0.61823282226018,0.988798538511747,TRUE,TRUE
"GOBP_SPHINGOMYELIN_METABOLIC_PROCESS",0.3157770972157,-0.316702529601463,-0.632479626817163,-0.921974655778538,-0.342984597855788,-4.83116171725801,0.000585699380033391,0.067379578919035,3,3,3618,"lower_in_neuropathy","neuropathy_below_control","CCI_GSE212311",-1.7680433896731,0.0509634145808349,TRUE,TRUE
"GOBP_STEROL_BIOSYNTHETIC_PROCESS",0.113566205614472,-0.112277715964318,-0.22584392157879,-0.591104191518887,0.139416348361308,-1.36726317120447,0.199848070054809,0.509190364407253,3,3,3618,"lower_in_neuropathy","overlap","CCI_GSE212311",-1.67749774454506,0.0412090728300314,TRUE,TRUE
"GOBP_STEROL_HOMEOSTASIS",0.0407370401144594,-0.0425882759553808,-0.0833253160698402,-0.344162983975928,0.177512351836248,-0.706403441210484,0.495178450892247,0.765949395180911,3,3,3618,"lower_in_neuropathy","overlap","CCI_GSE212311",-0.870409420905269,0.849931049492692,TRUE,TRUE
"GOBP_STORE_OPERATED_CALCIUM_ENTRY",-0.0886600108400993,0.173277453894074,0.261937464734173,-0.0658479884407165,0.589722917909063,1.76707136291971,0.10596331151287,0.371499976176121,3,3,3618,"higher_in_neuropathy","overlap","CCI_GSE212311",-1.00303642172351,0.660739740827838,FALSE,TRUE
"GOBP_STRIATED_MUSCLE_ADAPTATION",0.00719486526338675,-0.0180241932437924,-0.0252190585071792,-0.380583032824467,0.330144915810108,-0.15692842501401,0.878251605705419,0.951656983774891,3,3,3618,"lower_in_neuropathy","overlap","CCI_GSE212311",-0.861120340724969,0.821752397386324,TRUE,TRUE
"GOBP_STRIATUM_DEVELOPMENT",0.234061037025783,-0.229478325967816,-0.463539362993599,-0.763550542125961,-0.163528183861236,-3.41660936433642,0.0060673095725488,0.0984456720096067,3,3,3618,"lower_in_neuropathy","neuropathy_below_control","CCI_GSE212311",-1.6336421757059,0.129952545179485,TRUE,TRUE
"GOBP_SUBPALLIUM_DEVELOPMENT",0.144229911633376,-0.169097692205075,-0.313327603838451,-0.630456154513035,0.00380094683613263,-2.18478879521072,0.052339390182975,0.254769852439559,3,3,3618,"lower_in_neuropathy","overlap","CCI_GSE212311",-1.57585806844482,0.162023452833983,TRUE,TRUE
"GOBP_SULFUR_COMPOUND_BIOSYNTHETIC_PROCESS",0.13904154689676,-0.15136976337321,-0.29041131026997,-0.564966637446937,-0.015855983093003,-2.33899771036954,0.0400675685166033,0.225450175572427,3,3,3618,"lower_in_neuropathy","overlap","CCI_GSE212311",-1.56665054153786,0.0424172684474963,TRUE,TRUE
"GOBP_SULFUR_COMPOUND_TRANSPORT",0.0960878330657723,-0.078047005120163,-0.174134838185935,-0.433195259188968,0.0849255828170968,-1.48638305225686,0.166317196323205,0.468276744200276,3,3,3618,"lower_in_neuropathy","overlap","CCI_GSE212311",-1.21478976441262,0.392894800977225,TRUE,TRUE
"GOBP_SYNAPSE_PRUNING",-0.282390213738083,0.303762073903671,0.586152287641754,0.277764090102554,0.894540485180954,4.20299487856131,0.00160376162169607,0.0753153735012765,3,3,3618,"higher_in_neuropathy","neuropathy_above_control","CCI_GSE212311",1.90250950510608,0.0305702651647282,TRUE,TRUE
"GOBP_T_CELL_ACTIVATION",-0.169203020461308,0.161213684549817,0.330416705011125,0.0943188704767269,0.566514539545523,3.09468277289359,0.0106347051059623,0.12573974860579,3,3,3618,"higher_in_neuropathy","neuropathy_above_control","CCI_GSE212311",1.97238884351836,2.01e-08,TRUE,TRUE
"GOBP_T_CELL_DIFFERENTIATION",-0.139550038193684,0.13175539433493,0.271305432528613,0.0305597125619139,0.512051152495313,2.49198865181969,0.0306716346708187,0.197999469621891,3,3,3618,"higher_in_neuropathy","neuropathy_above_control","CCI_GSE212311",1.85097439295247,6.84856426926999e-05,TRUE,TRUE
"GOBP_T_CELL_DIFFERENTIATION_IN_THYMUS",-0.0835156346267055,0.0306422442843924,0.114157878911098,-0.141019889803047,0.369335647625243,0.989257155672442,0.344591285974898,0.660019401109532,3,3,3618,"higher_in_neuropathy","overlap","CCI_GSE212311",1.47572522650737,0.132594785775785,TRUE,TRUE
"GOBP_T_CELL_MEDIATED_CYTOTOXICITY",-0.250851902446394,0.220675862231566,0.47152776467796,0.129417100005743,0.813638429350177,3.04780237066187,0.011546001717302,0.130857111625132,3,3,3618,"higher_in_neuropathy","overlap","CCI_GSE212311",1.66729422064664,0.0825944425674133,TRUE,TRUE
"GOBP_T_CELL_PROLIFERATION",-0.18023011477353,0.22777597653683,0.40800609131036,0.146785464038573,0.669226718582147,3.45386472651048,0.00568851781485705,0.0959527916585187,3,3,3618,"higher_in_neuropathy","neuropathy_above_control","CCI_GSE212311",2.07527176995948,9.85259977198108e-06,TRUE,TRUE
"GOBP_T_CELL_SELECTION",-0.175519555083708,0.17589729342679,0.351416848510497,0.090913329229884,0.611920367791111,2.98301289021056,0.0129371594878759,0.136065822753299,3,3,3618,"higher_in_neuropathy","neuropathy_above_control","CCI_GSE212311",2.02014231134961,0.00183123898438278,TRUE,TRUE
"GOBP_T_HELPER_1_CELL_DIFFERENTIATION",-0.135904647214243,0.164304792724219,0.300209439938462,-0.00585575030913327,0.606274630186057,2.16898501056266,0.0537838030531718,0.257377301652659,3,3,3618,"higher_in_neuropathy","overlap","CCI_GSE212311",1.57934607460521,0.142008373617102,TRUE,TRUE
"GOBP_T_HELPER_1_TYPE_IMMUNE_RESPONSE",-0.237478714756998,0.244995841480382,0.48247455623738,0.22197947569754,0.742969636777221,4.09563300779403,0.00191515045940228,0.0753153735012765,3,3,3618,"higher_in_neuropathy","neuropathy_above_control","CCI_GSE212311",2.24159848336905,6.83790040330891e-05,TRUE,TRUE
"GOBP_TAXIS",-0.13977869355771,0.146647087445313,0.286425781003023,0.020777722834204,0.552073839171841,2.38424897963163,0.0370294157460371,0.21755189561541,3,3,3618,"higher_in_neuropathy","neuropathy_above_control","CCI_GSE212311",1.84512127283029,8.25334888864282e-06,TRUE,TRUE
"GOBP_TELOMERE_MAINTENANCE_VIA_TELOMERE_LENGTHENING",0.00942698333643886,0.0404858121664635,0.0310588288300247,-0.303643321741313,0.365760979401362,0.205197808184018,0.841306542069268,0.935443154819174,3,3,3618,"higher_in_neuropathy","overlap","CCI_GSE212311",0.7111764890543,0.968870580991824,TRUE,TRUE
"GOBP_TIGHT_JUNCTION_ORGANIZATION",-0.0729658391213325,0.0542003728776684,0.127166211999001,-0.219533733283215,0.473866157281217,0.811080773805693,0.435160980104457,0.725754880001836,3,3,3618,"higher_in_neuropathy","overlap","CCI_GSE212311",-0.954671159853911,0.73340129537044,FALSE,TRUE
"GOBP_TISSUE_REMODELING",-0.131468198513788,0.152920840301618,0.284389038815406,0.0167298069529533,0.55204827067786,2.34950715141063,0.0393410866758562,0.223919795875724,3,3,3618,"higher_in_neuropathy","neuropathy_above_control","CCI_GSE212311",1.73292647035927,0.00539404921440355,TRUE,TRUE
"GOBP_TOOTH_MINERALIZATION",0.192799130186581,-0.148708636398904,-0.341507766585485,-0.769013864208682,0.0859983310377126,-1.76646247627054,0.106069506741275,0.371499976176121,3,3,3618,"lower_in_neuropathy","overlap","CCI_GSE212311",-1.26659734588456,0.401676355022204,TRUE,TRUE
"GOBP_TRANSCRIPTION_INITIATION_AT_RNA_POLYMERASE_II_PROMOTER",0.0295057567776449,-0.0236783557314623,-0.0531841125091072,-0.317748927453914,0.211380702435699,-0.444524780029674,0.665606343222333,0.865724028119765,3,3,3618,"lower_in_neuropathy","overlap","CCI_GSE212311",0.656774847746242,1,FALSE,TRUE
"GOBP_TRANSEPITHELIAL_TRANSPORT",0.0460561973485743,-0.029872447914504,-0.0759286452630784,-0.396772712582608,0.244915422056452,-0.52330849290462,0.611529020017934,0.83847601500766,3,3,3618,"lower_in_neuropathy","overlap","CCI_GSE212311",-0.937961664763766,0.737293023449683,TRUE,TRUE
"GOBP_TRICARBOXYLIC_ACID_CYCLE",0.294702995787426,-0.249380218360865,-0.54408321414829,-0.849149644079498,-0.239016784217083,-3.94381970732662,0.00246739186209493,0.0806194278240841,3,3,3618,"lower_in_neuropathy","neuropathy_below_control","CCI_GSE212311",-1.77568808791979,0.0398151205018158,TRUE,TRUE
"GOBP_TRIGLYCERIDE_CATABOLIC_PROCESS",0.102018552996552,-0.0626722149838111,-0.164690767980363,-0.641460530543427,0.312078994582701,-0.763847560329808,0.461629753163917,0.746614415264663,3,3,3618,"lower_in_neuropathy","overlap","CCI_GSE212311",-1.08388593844131,0.587902129039927,TRUE,TRUE
"GOBP_TRNA_WOBBLE_BASE_MODIFICATION",0.124612302996222,-0.0916448280733051,-0.216257131069527,-0.578465603549006,0.145951341409952,-1.32025547635792,0.214560480007981,0.528081507938011,3,3,3618,"lower_in_neuropathy","overlap","CCI_GSE212311",-0.847210331263778,0.822864279473639,TRUE,TRUE
"GOBP_TRNA_WOBBLE_URIDINE_MODIFICATION",0.215974723310249,-0.137736687333904,-0.353711410644153,-0.720943159557579,0.0135203382692737,-2.12987930850766,0.0575232269652821,0.267697696428093,3,3,3618,"lower_in_neuropathy","overlap","CCI_GSE212311",-0.800916535255276,0.849931049492692,TRUE,TRUE
"GOBP_TUMOR_NECROSIS_FACTOR_SUPERFAMILY_CYTOKINE_PRODUCTION",-0.227165620159905,0.233079616765906,0.460245236925811,0.212046010338919,0.708444463512703,4.10048307788297,0.00189980000483425,0.0753153735012765,3,3,3618,"higher_in_neuropathy","neuropathy_above_control","CCI_GSE212311",2.21917534818976,2.39455733646495e-07,TRUE,TRUE
"GOBP_TYROSINE_PHOSPHORYLATION_OF_STAT_PROTEIN",-0.244138041795589,0.23640160619316,0.480539647988749,0.234162339251564,0.726916956725935,4.31295239016091,0.00133932069666647,0.0722032400238302,3,3,3618,"higher_in_neuropathy","neuropathy_above_control","CCI_GSE212311",1.55766705214698,0.155954452995575,TRUE,TRUE
"GOBP_VACUOLAR_LOCALIZATION",-0.0672802065867066,0.0958385102210088,0.163118716807715,-0.0932581568951949,0.419495590510626,1.40692547723983,0.188099881550281,0.497080847009364,3,3,3618,"higher_in_neuropathy","overlap","CCI_GSE212311",0.928206377573171,0.763812429871984,TRUE,TRUE
"GOBP_VIRAL_TRANSLATION",0.0229259863174689,0.0129821557764651,-0.00994383054100382,-0.362746206787763,0.342858545705756,-0.0623258712439807,0.951463516049197,0.982665462248717,3,3,3618,"lower_in_neuropathy","overlap","CCI_GSE212311",0.730102784634109,0.90322256739173,FALSE,TRUE
"GOBP_VIRION_ASSEMBLY",0.114224423045972,-0.097781025690598,-0.21200544873657,-0.490410744761224,0.0663998472880837,-1.68389759048352,0.121393485206972,0.402199294394528,3,3,3618,"lower_in_neuropathy","overlap","CCI_GSE212311",0.671829431779482,0.962109584419619,FALSE,TRUE
"GOBP_VITAMIN_TRANSMEMBRANE_TRANSPORT",0.133158946243998,-0.0635502108248721,-0.19670915706887,-0.443423520184203,0.0500052060464626,-1.7630973338611,0.106658161661179,0.372696917475981,3,3,3618,"lower_in_neuropathy","neuropathy_below_control","CCI_GSE212311",-0.847619168347424,0.817887887239253,TRUE,TRUE
"GOBP_WNT_SIGNALING_PATHWAY",-0.0189278604384292,0.0275748587880577,0.0465027192264869,-0.213020974052307,0.306026412505281,0.396230115402726,0.699798168080439,0.878170923087152,3,3,3618,"higher_in_neuropathy","overlap","CCI_GSE212311",-0.803182246320988,1,FALSE,TRUE
"GOBP_WOUND_HEALING",-0.140170938336242,0.150146458983207,0.290317397319449,0.0236009653175895,0.557033829321309,2.40696310998914,0.0355900938740716,0.212834644027093,3,3,3618,"higher_in_neuropathy","neuropathy_above_control","CCI_GSE212311",1.79272313658043,2.48596763729706e-05,TRUE,TRUE
