"study","symbol","feature_id","sample","condition","origin","normalized_count","log2_count_plus_1","within_study_z"
"OIPN_GSE160543","Ahsp","293522","GSM4875003","Control","divergent",68.1258209481206,6.11115280398877,-1.08076952566771
"OIPN_GSE160543","Ahsp","293522","GSM4875004","Control","divergent",123.006834454459,6.95427582459526,0.109012203126443
"OIPN_GSE160543","Ahsp","293522","GSM4875005","Control","divergent",82.3823508291121,6.38167014203597,-0.699026199647425
"OIPN_GSE160543","Ahsp","293522","GSM4875006","Control","divergent",71.5093661217781,6.18009545670037,-0.983480391667009
"OIPN_GSE160543","Ahsp","293522","GSM4875011","Neuropathy","divergent",261.058630472249,8.03374581233377,1.6323173873083
"OIPN_GSE160543","Ahsp","293522","GSM4875012","Neuropathy","divergent",102.606011479063,6.69496390399051,-0.256918482732558
"OIPN_GSE160543","Ahsp","293522","GSM4875013","Neuropathy","divergent",219.21712915351,7.78278288021972,1.27816846249408
"OIPN_GSE160543","Ahsp","293522","GSM4875014","Neuropathy","divergent",116.581670806622,6.87751937327088,0.000696546785883026
"OIPN_GSE160543","Alas2","25748","GSM4875003","Control","divergent",375.693865522724,8.55724872889489,-1.19287869672285
"OIPN_GSE160543","Alas2","25748","GSM4875004","Control","divergent",492.027337817837,8.94552383443216,-0.81278250473501
"OIPN_GSE160543","Alas2","25748","GSM4875005","Control","divergent",526.055975173848,9.04181237899459,-0.718522253180676
"OIPN_GSE160543","Alas2","25748","GSM4875006","Control","divergent",639.555598413086,9.32317998762294,-0.44308157963974
"OIPN_GSE160543","Alas2","25748","GSM4875011","Neuropathy","divergent",2187.49128292264,11.0957209221874,1.29212124372505
"OIPN_GSE160543","Alas2","25748","GSM4875012","Neuropathy","divergent",1186.44426865596,10.2136440884463,0.42862512779005
"OIPN_GSE160543","Alas2","25748","GSM4875013","Neuropathy","divergent",2590.48098602384,11.339561093214,1.53082498532246
"OIPN_GSE160543","Alas2","25748","GSM4875014","Neuropathy","divergent",824.815320956851,9.68967537416849,-0.0843063225592937
"OIPN_GSE160543","Bard1","64557","GSM4875003","Control","shared_positive",9.01665277254537,3.32432858393856,-1.45731031955635
"OIPN_GSE160543","Bard1","64557","GSM4875004","Control","shared_positive",10.1658540871454,3.48102170342906,-1.23596632182189
"OIPN_GSE160543","Bard1","64557","GSM4875005","Control","shared_positive",14.8883766558636,3.98989982434573,-0.517127370822983
"OIPN_GSE160543","Bard1","64557","GSM4875006","Control","shared_positive",17.1219609023976,4.17966716677829,-0.24906287411729
"OIPN_GSE160543","Bard1","64557","GSM4875011","Neuropathy","shared_positive",31.006963772566,5.00031392209829,0.910179051379996
"OIPN_GSE160543","Bard1","64557","GSM4875012","Neuropathy","shared_positive",28.8890711931342,4.9015461606595,0.770660154601183
"OIPN_GSE160543","Bard1","64557","GSM4875013","Neuropathy","shared_positive",29.3594369402022,4.92407312901654,0.802481649056054
"OIPN_GSE160543","Bard1","64557","GSM4875014","Neuropathy","shared_positive",32.0599594718211,5.04701305091993,0.97614603128127
"OIPN_GSE160543","Ccnf","117524","GSM4875003","Control","shared_positive",39.0721620143633,5.3245284445177,-1.23763177756666
"OIPN_GSE160543","Ccnf","117524","GSM4875004","Control","shared_positive",46.7629288008688,5.57781939960017,-0.79362773249881
"OIPN_GSE160543","Ccnf","117524","GSM4875005","Control","shared_positive",46.6502468550394,5.57441178301248,-0.799601082587373
"OIPN_GSE160543","Ccnf","117524","GSM4875006","Control","shared_positive",48.3443601950049,5.6248132964148,-0.711250214231698
"OIPN_GSE160543","Ccnf","117524","GSM4875011","Neuropathy","shared_positive",96.0215652311722,6.60023354934315,0.998603727454796
"OIPN_GSE160543","Ccnf","117524","GSM4875012","Neuropathy","shared_positive",97.6251371354189,6.62388349604085,1.04006068353125
"OIPN_GSE160543","Ccnf","117524","GSM4875013","Neuropathy","shared_positive",71.441296554492,6.17874046276567,0.259751306342475
"OIPN_GSE160543","Ccnf","117524","GSM4875014","Neuropathy","shared_positive",105.895017649348,6.74005080073686,1.24369508955601
"OIPN_GSE160543","Cdkn1a","114851","GSM4875003","Control","shared_positive",254.469978247392,7.9970099514721,-0.611887736326972
"OIPN_GSE160543","Cdkn1a","114851","GSM4875004","Control","shared_positive",196.200983881906,7.62352293945204,-0.90140564275954
"OIPN_GSE160543","Cdkn1a","114851","GSM4875005","Control","shared_positive",174.690286095467,7.45689061681075,-1.03057490338301
"OIPN_GSE160543","Cdkn1a","114851","GSM4875006","Control","shared_positive",163.162215658142,7.35897829767347,-1.106474114703
"OIPN_GSE160543","Cdkn1a","114851","GSM4875011","Neuropathy","shared_positive",1114.25024653673,10.1231517516951,1.03624487061437
"OIPN_GSE160543","Cdkn1a","114851","GSM4875012","Neuropathy","shared_positive",1041.00273782156,10.0251433529084,0.960271180723356
"OIPN_GSE160543","Cdkn1a","114851","GSM4875013","Neuropathy","shared_positive",715.391613442927,9.48460463804902,0.541258920496622
"OIPN_GSE160543","Cdkn1a","114851","GSM4875014","Neuropathy","shared_positive",1193.0190979211,10.2216101968559,1.11256742533818
"OIPN_GSE160543","Cenpf","257649","GSM4875003","Control","shared_positive",42.0777129385451,5.42886975192347,-0.529287898044779
"OIPN_GSE160543","Cenpf","257649","GSM4875004","Control","shared_positive",29.4809768527217,4.92983723387327,-1.10829499364567
"OIPN_GSE160543","Cenpf","257649","GSM4875005","Control","shared_positive",41.6874546364182,5.4157402351516,-0.544521541340061
"OIPN_GSE160543","Cenpf","257649","GSM4875006","Control","shared_positive",25.1793542682317,4.7103576075445,-1.36294826049231
"OIPN_GSE160543","Cenpf","257649","GSM4875011","Neuropathy","shared_positive",124.027855090264,6.96610574005144,1.25430437809946
"OIPN_GSE160543","Cenpf","257649","GSM4875012","Neuropathy","shared_positive",97.6251371354189,6.62388349604085,0.857237853599622
"OIPN_GSE160543","Cenpf","257649","GSM4875013","Neuropathy","shared_positive",88.0783108206066,6.4770022956507,0.686817582053871
"OIPN_GSE160543","Cenpf","257649","GSM4875014","Neuropathy","shared_positive",91.3223087985206,6.5286073982742,0.746692879769878
"OIPN_GSE160543","Col16a1","366474","GSM4875003","Control","shared_positive",3254.00980058082,11.6684461719019,-0.023484409855109
"OIPN_GSE160543","Col16a1","366474","GSM4875004","Control","shared_positive",2919.63329382816,11.5120655136313,-0.52595052541457
"OIPN_GSE160543","Col16a1","366474","GSM4875005","Control","shared_positive",2967.74974673548,11.5356397699165,-0.450204169606868
"OIPN_GSE160543","Col16a1","366474","GSM4875006","Control","shared_positive",2193.62534384835,11.0997589553082,-1.85073120527308
"OIPN_GSE160543","Col16a1","366474","GSM4875011","Neuropathy","shared_positive",4524.01603688116,12.1437071898497,1.50357501172632
"OIPN_GSE160543","Col16a1","366474","GSM4875012","Neuropathy","shared_positive",3365.07870656577,11.7168531952113,0.132052017968378
"OIPN_GSE160543","Col16a1","366474","GSM4875013","Neuropathy","shared_positive",3572.0648277246,11.8029463742887,0.408677693711206
"OIPN_GSE160543","Col16a1","366474","GSM4875014","Neuropathy","shared_positive",3891.8847770944,11.9266239286089,0.806065586743732
"OIPN_GSE160543","Col4a2","306628","GSM4875003","Control","divergent",3796.0108172416,11.8906483936951,0.220042192546843
"OIPN_GSE160543","Col4a2","306628","GSM4875004","Control","divergent",3303.90257832226,11.6903920293624,-0.70651175259289
"OIPN_GSE160543","Col4a2","306628","GSM4875005","Control","divergent",3107.7004873006,11.6020959092853,-1.11504367950869
"OIPN_GSE160543","Col4a2","306628","GSM4875006","Control","divergent",2928.86248848072,11.5166172387832,-1.5105397210101
"OIPN_GSE160543","Col4a2","306628","GSM4875011","Neuropathy","divergent",4177.93831219382,12.0289207469958,0.859806101581386
"OIPN_GSE160543","Col4a2","306628","GSM4875012","Neuropathy","divergent",4129.14483088073,12.0119766578637,0.781408530125957
"OIPN_GSE160543","Col4a2","306628","GSM4875013","Neuropathy","divergent",3805.96167534821,11.8944243310363,0.237512846484579
"OIPN_GSE160543","Col4a2","306628","GSM4875014","Neuropathy","divergent",4418.44532357097,12.1096495956478,1.23332548237291
"OIPN_GSE160543","Csf1","78965","GSM4875003","Control","shared_positive",434.803033698299,8.7675324291066,-0.90299963300569
"OIPN_GSE160543","Csf1","78965","GSM4875004","Control","shared_positive",465.596117191259,8.86603049166987,-0.588134623795257
"OIPN_GSE160543","Csf1","78965","GSM4875005","Control","shared_positive",521.093182955227,9.02816351110968,-0.06985016894679
"OIPN_GSE160543","Csf1","78965","GSM4875006","Control","shared_positive",364.597049803996,8.51411061834818,-1.71310349395549
"OIPN_GSE160543","Csf1","78965","GSM4875011","Neuropathy","shared_positive",598.134333419177,9.22673569934907,0.564917990465204
"OIPN_GSE160543","Csf1","78965","GSM4875012","Neuropathy","shared_positive",678.395085604288,9.40810697231335,1.14470063843073
"OIPN_GSE160543","Csf1","78965","GSM4875013","Neuropathy","shared_positive",606.761696764179,9.24736194388852,0.630853121653385
"OIPN_GSE160543","Csf1","78965","GSM4875014","Neuropathy","shared_positive",647.999786900141,9.34207419428857,0.933616169153897
"OIPN_GSE160543","Epb42","362202","GSM4875003","Control","divergent",34.0629104740603,5.13187385003268,-0.370622405306155
"OIPN_GSE160543","Epb42","362202","GSM4875004","Control","divergent",23.3814644004344,4.60771287465177,-1.17142525947815
"OIPN_GSE160543","Epb42","362202","GSM4875005","Control","divergent",26.7990779805545,4.79696512837784,-0.882289379356233
"OIPN_GSE160543","Epb42","362202","GSM4875006","Control","divergent",33.2367476340659,5.09747375237797,-0.423178199574625
"OIPN_GSE160543","Epb42","362202","GSM4875011","Neuropathy","divergent",99.0222391446463,6.64417699714059,1.93984467152505
"OIPN_GSE160543","Epb42","362202","GSM4875012","Neuropathy","divergent",39.8469947491506,5.35215803323414,-0.0340765521767985
"OIPN_GSE160543","Epb42","362202","GSM4875013","Neuropathy","divergent",60.6761696764179,5.94664126609968,0.874163267260676
"OIPN_GSE160543","Epb42","362202","GSM4875014","Neuropathy","divergent",41.7750987057062,5.41869927869775,0.0675838571062358
"OIPN_GSE160543","Ezh2","312299","GSM4875003","Control","shared_positive",150.27754620909,7.24105405719217,-0.830612816776133
"OIPN_GSE160543","Ezh2","312299","GSM4875004","Control","shared_positive",166.720007029185,7.38991098553536,-0.258705780619604
"OIPN_GSE160543","Ezh2","312299","GSM4875005","Control","shared_positive",137.96562367767,7.11858423327447,-1.30114082507889
"OIPN_GSE160543","Ezh2","312299","GSM4875006","Control","shared_positive",142.011558072827,7.15998793887987,-1.14206814487359
"OIPN_GSE160543","Ezh2","312299","GSM4875011","Neuropathy","shared_positive",202.045376840591,7.66565836855095,0.800713289111523
"OIPN_GSE160543","Ezh2","312299","GSM4875012","Neuropathy","shared_positive",206.208197826854,7.69493727161284,0.913202582410903
"OIPN_GSE160543","Ezh2","312299","GSM4875013","Neuropathy","shared_positive",215.302537561483,7.75690678020588,1.15128890050162
"OIPN_GSE160543","Ezh2","312299","GSM4875014","Neuropathy","shared_positive",197.217326447869,7.63093926575969,0.667322795324177
"OIPN_GSE160543","Fbxo9","300849","GSM4875003","Control","divergent",1353.49976618987,10.4035444291679,-0.81136468060268
"OIPN_GSE160543","Fbxo9","300849","GSM4875004","Control","divergent",1324.61078755505,10.3724415327451,-0.963643815151129
"OIPN_GSE160543","Fbxo9","300849","GSM4875005","Control","divergent",1255.58643131117,10.2952941916431,-1.34135559401717
"OIPN_GSE160543","Fbxo9","300849","GSM4875006","Control","divergent",1421.122754899,10.4738302856535,-0.467246587832657
"OIPN_GSE160543","Fbxo9","300849","GSM4875011","Neuropathy","divergent",1719.38615242068,10.7485167086913,0.877612431207089
"OIPN_GSE160543","Fbxo9","300849","GSM4875012","Neuropathy","divergent",1793.11476371178,10.809056462401,1.17401380731636
"OIPN_GSE160543","Fbxo9","300849","GSM4875013","Neuropathy","divergent",1647.06441234534,10.6865569140492,0.574258564202263
"OIPN_GSE160543","Fbxo9","300849","GSM4875014","Neuropathy","divergent",1739.00992286544,10.7648798181085,0.957725874877959
"OIPN_GSE160543","Gabarapl1","689161","GSM4875003","Control","shared_negative",12575.2250667766,13.6184113212644,0.202927704281626
"OIPN_GSE160543","Gabarapl1","689161","GSM4875004","Control","shared_negative",13458.5742259718,13.716345152663,0.919985257404735
"OIPN_GSE160543","Gabarapl1","689161","GSM4875005","Control","shared_negative",13393.5836396149,13.7093621163551,0.868856460983436
"OIPN_GSE160543","Gabarapl1","689161","GSM4875006","Control","shared_negative",13888.9318143566,13.7617518966995,1.25244696455026
"OIPN_GSE160543","Gabarapl1","689161","GSM4875011","Neuropathy","shared_negative",12463.7992119337,13.6055720230463,0.108920192958639
"OIPN_GSE160543","Gabarapl1","689161","GSM4875012","Neuropathy","shared_negative",11243.8257433416,13.4569736839587,-0.979095663284517
"OIPN_GSE160543","Gabarapl1","689161","GSM4875013","Neuropathy","shared_negative",11039.148289516,13.430471929846,-1.17313772909662
"OIPN_GSE160543","Gabarapl1","689161","GSM4875014","Neuropathy","shared_negative",11010.1672937621,13.4266797966493,-1.2009031877976
"OIPN_GSE160543","Glrx","64045","GSM4875003","Control","divergent",1275.35544216114,10.3178144344816,0.767424828556484
"OIPN_GSE160543","Glrx","64045","GSM4875004","Control","divergent",1281.91420038903,10.3252089727729,0.794835135412506
"OIPN_GSE160543","Glrx","64045","GSM4875005","Control","divergent",1290.32597684151,10.3346375190867,0.829785167109075
"OIPN_GSE160543","Glrx","64045","GSM4875006","Control","divergent",1329.46990536264,10.3777201622713,0.989485262412598
"OIPN_GSE160543","Glrx","64045","GSM4875011","Neuropathy","divergent",1059.23789145637,10.0501722912601,-0.224679476570274
"OIPN_GSE160543","Glrx","64045","GSM4875012","Neuropathy","divergent",1033.03333887173,10.0140669858367,-0.358515757050237
"OIPN_GSE160543","Glrx","64045","GSM4875013","Neuropathy","divergent",865.124741837958,9.75843101088248,-1.30611522044086
"OIPN_GSE160543","Glrx","64045","GSM4875014","Neuropathy","divergent",835.501974114124,9.70822513475,-1.4922199394293
"OIPN_GSE160543","Hmgcs1","29637","GSM4875003","Control","shared_negative",18573.3028611354,14.1810204434677,0.872357167957834
"OIPN_GSE160543","Hmgcs1","29637","GSM4875004","Control","shared_negative",18803.7803049928,14.1988118311152,0.934391342703416
"OIPN_GSE160543","Hmgcs1","29637","GSM4875005","Control","shared_negative",16753.3939716215,14.032251882866,0.353637938862744
"OIPN_GSE160543","Hmgcs1","29637","GSM4875006","Control","shared_negative",18472.5814653455,14.1731759676566,0.84500541817318
"OIPN_GSE160543","Hmgcs1","29637","GSM4875011","Neuropathy","shared_negative",11996.6943060696,13.550469557649,-1.32621804224904
"OIPN_GSE160543","Hmgcs1","29637","GSM4875012","Neuropathy","shared_negative",16758.649816624,14.0327043846071,0.355215700678582
"OIPN_GSE160543","Hmgcs1","29637","GSM4875013","Neuropathy","shared_negative",14188.4372253017,13.7925297505993,-0.482213931609587
"OIPN_GSE160543","Hmgcs1","29637","GSM4875014","Neuropathy","shared_negative",11469.6933795248,13.4856649814496,-1.55217559451711
"OIPN_GSE160543","Hsph1","288444","GSM4875003","Control","shared_negative",5421.01201691589,12.4046125953157,0.194545731869505
"OIPN_GSE160543","Hsph1","288444","GSM4875004","Control","shared_negative",5630.86657886984,12.4593974410303,0.379405292426341
"OIPN_GSE160543","Hsph1","288444","GSM4875005","Control","shared_negative",6495.30245573144,12.6654030879404,1.07452659583319
"OIPN_GSE160543","Hsph1","288444","GSM4875006","Control","shared_negative",7004.89635742207,12.7743539302758,1.44215754511726
"OIPN_GSE160543","Hsph1","288444","GSM4875011","Neuropathy","shared_negative",4753.06747894302,12.2149466656129,-0.445440745415695
"OIPN_GSE160543","Hsph1","288444","GSM4875012","Neuropathy","shared_negative",4242.70876591581,12.0511099361113,-0.998272197685469
"OIPN_GSE160543","Hsph1","288444","GSM4875013","Neuropathy","shared_negative",3794.21790057213,11.8899670043081,-1.54201401481479
"OIPN_GSE160543","Hsph1","288444","GSM4875014","Neuropathy","shared_negative",5097.53355601955,12.3158666423974,-0.104908207330366
"OIPN_GSE160543","Icam1","25464","GSM4875003","Control","shared_positive",159.294198981635,7.32457840533666,-0.621478050184245
"OIPN_GSE160543","Icam1","25464","GSM4875004","Control","shared_positive",128.089761498032,7.01223077042163,-1.23190334216626
"OIPN_GSE160543","Icam1","25464","GSM4875005","Control","shared_positive",196.5265718574,7.62590293171413,-0.0325953712891639
"OIPN_GSE160543","Icam1","25464","GSM4875006","Control","shared_positive",121.868074658242,6.94096629250313,-1.37117649450876
"OIPN_GSE160543","Icam1","25464","GSM4875011","Neuropathy","shared_positive",257.057731920951,8.01155004704618,0.721080106492591
"OIPN_GSE160543","Icam1","25464","GSM4875012","Neuropathy","shared_positive",310.806559043374,8.28450746611004,1.25452455621938
"OIPN_GSE160543","Icam1","25464","GSM4875013","Neuropathy","shared_positive",286.743834115975,8.16864120384687,1.02808552141734
"OIPN_GSE160543","Icam1","25464","GSM4875014","Neuropathy","shared_positive",217.619118839028,7.77227576392328,0.253463074019104
"OIPN_GSE160543","Il4r","25084","GSM4875003","Control","shared_positive",268.49588256024,8.07411942098887,-1.09009958721759
"OIPN_GSE160543","Il4r","25084","GSM4875004","Control","shared_positive",276.511231170355,8.11640234979924,-0.921626301776547
"OIPN_GSE160543","Il4r","25084","GSM4875005","Control","shared_positive",331.514520203897,8.37727353119687,0.117796137573608
"OIPN_GSE160543","Il4r","25084","GSM4875006","Control","shared_positive",258.843761877422,8.02150061412002,-1.29975543459133
"OIPN_GSE160543","Il4r","25084","GSM4875011","Neuropathy","shared_positive",398.089405854235,8.64056817164465,1.16687467501815
"OIPN_GSE160543","Il4r","25084","GSM4875012","Neuropathy","shared_positive",344.676504580152,8.43327873761096,0.340944850111953
"OIPN_GSE160543","Il4r","25084","GSM4875013","Neuropathy","shared_positive",349.377299588406,8.45276549772719,0.418588442733124
"OIPN_GSE160543","Il4r","25084","GSM4875014","Neuropathy","shared_positive",405.121306053011,8.66576690610544,1.26727721814861
"OIPN_GSE160543","Itgal","308995","GSM4875003","Control","shared_positive",108.199833270544,6.77082684328576,-0.899843104372271
"OIPN_GSE160543","Itgal","308995","GSM4875004","Control","shared_positive",102.675126280169,6.69592599427602,-1.13580279492606
"OIPN_GSE160543","Itgal","308995","GSM4875005","Control","shared_positive",121.092130134358,6.93182639925605,-0.39264717924857
"OIPN_GSE160543","Itgal","308995","GSM4875006","Control","shared_positive",112.803507121678,6.83040120813177,-0.712166343963657
"OIPN_GSE160543","Itgal","308995","GSM4875011","Neuropathy","shared_positive",155.03481886283,7.28572418934699,0.722234883392172
"OIPN_GSE160543","Itgal","308995","GSM4875012","Neuropathy","shared_positive",137.472131884569,7.11345184664562,0.179526366570113
"OIPN_GSE160543","Itgal","308995","GSM4875013","Neuropathy","shared_positive",200.622819091382,7.65551511793276,1.88718500388204
"OIPN_GSE160543","Itgal","308995","GSM4875014","Neuropathy","shared_positive",142.812546738112,7.16804573709037,0.351513168666228
"OIPN_GSE160543","Kel","297025","GSM4875003","Control","divergent",24.0444073934543,4.64641656950415,-0.867673240638023
"OIPN_GSE160543","Kel","297025","GSM4875004","Control","divergent",25.4146352178635,4.72326558151384,-0.803647555284877
"OIPN_GSE160543","Kel","297025","GSM4875005","Control","divergent",19.8511688744848,4.3820563553993,-1.08792127565549
"OIPN_GSE160543","Kel","297025","GSM4875006","Control","divergent",28.2008767804195,4.867939782752,-0.683114257003517
"OIPN_GSE160543","Kel","297025","GSM4875011","Neuropathy","divergent",138.03100001981,7.11926278918699,1.19254418893893
"OIPN_GSE160543","Kel","297025","GSM4875012","Neuropathy","divergent",57.7781423862683,5.87720785992515,0.157743402141352
"OIPN_GSE160543","Kel","297025","GSM4875013","Neuropathy","divergent",170.284734253173,7.4202527667737,1.44330980186558
"OIPN_GSE160543","Kel","297025","GSM4875014","Neuropathy","divergent",87.4362531049665,6.46656599677832,0.648758935636047
"OIPN_GSE160543","Kif11","171304","GSM4875003","Control","shared_positive",85.1572761851507,6.42890073548105,-0.255806209706765
"OIPN_GSE160543","Kif11","171304","GSM4875004","Control","shared_positive",75.227320244876,6.25223625425595,-0.615974267224875
"OIPN_GSE160543","Kif11","171304","GSM4875005","Control","shared_positive",57.568389736006,5.87205032479981,-1.39106401225098
"OIPN_GSE160543","Kif11","171304","GSM4875006","Control","shared_positive",61.4376244144854,5.96434374253888,-1.20290428281202
"OIPN_GSE160543","Kif11","171304","GSM4875011","Neuropathy","shared_positive",129.028978279388,7.02268936811371,0.95475800166483
"OIPN_GSE160543","Kif11","171304","GSM4875012","Neuropathy","shared_positive",111.571585297622,6.81469890597188,0.530725280359273
"OIPN_GSE160543","Kif11","171304","GSM4875013","Neuropathy","shared_positive",135.05340992493,7.08802930527549,1.08796733770521
"OIPN_GSE160543","Kif11","171304","GSM4875014","Neuropathy","shared_positive",126.296810040507,6.99205245664633,0.892298152265334
"OIPN_GSE160543","Kif22","293502","GSM4875003","Control","shared_positive",101.18688111412,6.67506618285597,-1.01318807461384
"OIPN_GSE160543","Kif22","293502","GSM4875004","Control","shared_positive",112.840980367314,6.83087618089944,-0.587766251606109
"OIPN_GSE160543","Kif22","293502","GSM4875005","Control","shared_positive",108.188870365942,6.7706819994559,-0.752119750904809
"OIPN_GSE160543","Kif22","293502","GSM4875006","Control","shared_positive",103.738939585115,6.71065409338247,-0.916019253849219
"OIPN_GSE160543","Kif22","293502","GSM4875011","Neuropathy","shared_positive",203.045601478416,7.67274780116137,1.71087031811115
"OIPN_GSE160543","Kif22","293502","GSM4875012","Neuropathy","shared_positive",155.403279521687,7.28912695369921,0.663436377282864
"OIPN_GSE160543","Kif22","293502","GSM4875013","Neuropathy","shared_positive",130.160170434896,7.03518587131656,-0.0299214274816214
"OIPN_GSE160543","Kif22","293502","GSM4875014","Neuropathy","shared_positive",166.128880899436,7.38481725130121,0.924708063061581
"OIPN_GSE160543","Mcm5","291885","GSM4875003","Control","shared_positive",54.0999166352722,5.78397823092571,-1.25099679171502
"OIPN_GSE160543","Mcm5","291885","GSM4875004","Control","shared_positive",57.9453682967288,5.8813065510464,-1.10945098013332
"OIPN_GSE160543","Mcm5","291885","GSM4875005","Control","shared_positive",78.4121170542151,6.31128725188126,-0.484124588095796
"OIPN_GSE160543","Mcm5","291885","GSM4875006","Control","shared_positive",69.4950177803196,6.13944939385101,-0.73403056659407
"OIPN_GSE160543","Mcm5","291885","GSM4875011","Neuropathy","shared_positive",164.036840603253,7.36664429802131,1.05069456237485
"OIPN_GSE160543","Mcm5","291885","GSM4875012","Neuropathy","shared_positive",152.414754915501,7.26129343284856,0.897481461673827
"OIPN_GSE160543","Mcm5","291885","GSM4875013","Neuropathy","shared_positive",126.245578842869,6.99147172039966,0.505076319741987
"OIPN_GSE160543","Mcm5","291885","GSM4875014","Neuropathy","shared_positive",170.01493659299,7.41797852662599,1.12535058274754
"OIPN_GSE160543","Mybl2","296344","GSM4875003","Control","shared_positive",13.0240540047878,3.80983155173704,-1.54099772439607
"OIPN_GSE160543","Mybl2","296344","GSM4875004","Control","shared_positive",20.3317081742908,4.41492759155066,-0.836785859962801
"OIPN_GSE160543","Mybl2","296344","GSM4875005","Control","shared_positive",29.7767533117273,4.94376914240398,-0.221319107559499
"OIPN_GSE160543","Mybl2","296344","GSM4875006","Control","shared_positive",24.1721800975025,4.65375826488852,-0.558834290808737
"OIPN_GSE160543","Mybl2","296344","GSM4875011","Neuropathy","shared_positive",77.0172971125027,6.28572211234833,1.34044818352598
"OIPN_GSE160543","Mybl2","296344","GSM4875012","Neuropathy","shared_positive",50.804918305167,5.69501716727097,0.652984701148856
"OIPN_GSE160543","Mybl2","296344","GSM4875013","Neuropathy","shared_positive",34.2526764302359,5.13966088788953,0.00666005977723989
"OIPN_GSE160543","Mybl2","296344","GSM4875014","Neuropathy","shared_positive",68.9774885605847,6.12881898315465,1.15784403827503
"OIPN_GSE160543","Pdhb","289950","GSM4875003","Control","shared_negative",2968.48246278355,11.5359957970225,0.622549365780437
"OIPN_GSE160543","Pdhb","289950","GSM4875004","Control","shared_negative",3043.65671369133,11.5720638574984,0.807815642650971
"OIPN_GSE160543","Pdhb","289950","GSM4875005","Control","shared_negative",2900.25577256224,11.502461772732,0.450299354362243
"OIPN_GSE160543","Pdhb","289950","GSM4875006","Control","shared_negative",3358.92585938211,11.7142136832965,1.53797880185609
"OIPN_GSE160543","Pdhb","289950","GSM4875011","Neuropathy","shared_negative",2258.5072322082,11.1417924594423,-1.40230541487536
"OIPN_GSE160543","Pdhb","289950","GSM4875012","Neuropathy","shared_negative",2524.30711735869,11.3022431377727,-0.578138564662607
"OIPN_GSE160543","Pdhb","289950","GSM4875013","Neuropathy","shared_negative",2533.71940793945,11.307610335173,-0.550569555781887
"OIPN_GSE160543","Pdhb","289950","GSM4875014","Neuropathy","shared_negative",2421.01269708418,11.2419907128539,-0.887629629329865
"OIPN_GSE160543","Plat","25692","GSM4875003","Control","divergent",2994.53057079312,11.5485958416192,0.819450524411682
"OIPN_GSE160543","Plat","25692","GSM4875004","Control","divergent",3336.43331140112,11.7045232938152,1.56877559082477
"OIPN_GSE160543","Plat","25692","GSM4875005","Control","divergent",2982.63812339135,11.5428568506681,0.79187122573786
"OIPN_GSE160543","Plat","25692","GSM4875006","Control","divergent",2596.49501214006,11.3429052634479,-0.169016252785248
"OIPN_GSE160543","Plat","25692","GSM4875011","Neuropathy","divergent",2320.52115975333,11.1808547152251,-0.947766473475458
"OIPN_GSE160543","Plat","25692","GSM4875012","Neuropathy","divergent",2510.36066919649,11.2942535208762,-0.402817098757033
"OIPN_GSE160543","Plat","25692","GSM4875013","Neuropathy","divergent",2581.67315494178,11.3346493622718,-0.208690816884911
"OIPN_GSE160543","Plat","25692","GSM4875014","Neuropathy","divergent",2157.7324238459,11.075968716205,-1.45180669907168
"OIPN_GSE160543","Plaur","50692","GSM4875003","Control","divergent",380.703117063027,8.57630715770889,0.399095728238692
"OIPN_GSE160543","Plaur","50692","GSM4875004","Control","divergent",417.816602981676,8.71017482536852,0.722326007815915
"OIPN_GSE160543","Plaur","50692","GSM4875005","Control","divergent",436.725715238667,8.77388333079426,0.876153428433773
"OIPN_GSE160543","Plaur","50692","GSM4875006","Control","divergent",503.587085364635,8.97895947155697,1.371320181334
"OIPN_GSE160543","Plaur","50692","GSM4875011","Neuropathy","divergent",236.053014526632,7.88906592924262,-1.26028310682805
"OIPN_GSE160543","Plaur","50692","GSM4875012","Neuropathy","divergent",324.753007205577,8.3476346869428,-0.153045561361317
"OIPN_GSE160543","Plaur","50692","GSM4875013","Neuropathy","divergent",236.832791317631,7.89380383088807,-1.2488432027777
"OIPN_GSE160543","Plaur","50692","GSM4875014","Neuropathy","divergent",276.881468165727,8.11832581460868,-0.706723474855316
"OIPN_GSE160543","Plk1","25515","GSM4875003","Control","shared_positive",39.0721620143633,5.3245284445177,-0.415131549789492
"OIPN_GSE160543","Plk1","25515","GSM4875004","Control","shared_positive",26.431220626578,4.77774691513153,-1.29643984927705
"OIPN_GSE160543","Plk1","25515","GSM4875005","Control","shared_positive",45.6576884113151,5.54404292771006,-0.0613157650603999
"OIPN_GSE160543","Plk1","25515","GSM4875006","Control","shared_positive",26.186528438961,4.76482003427308,-1.31727553368619
"OIPN_GSE160543","Plk1","25515","GSM4875011","Neuropathy","shared_positive",89.0199927663992,6.49217354368236,1.46689127183913
"OIPN_GSE160543","Plk1","25515","GSM4875012","Neuropathy","shared_positive",47.8163936989807,5.6092938151443,0.0438563110872318
"OIPN_GSE160543","Plk1","25515","GSM4875013","Neuropathy","shared_positive",64.5907612684448,6.03542071444331,0.730692191239797
"OIPN_GSE160543","Plk1","25515","GSM4875014","Neuropathy","shared_positive",68.0059746371962,6.10864937281144,0.848722923646978
"OIPN_GSE160543","Prc1","308761","GSM4875003","Control","shared_positive",93.1720786496355,6.55722746932438,-0.819571168300819
"OIPN_GSE160543","Prc1","308761","GSM4875004","Control","shared_positive",107.758053323741,6.76497842347218,-0.476670314867804
"OIPN_GSE160543","Prc1","308761","GSM4875005","Control","shared_positive",83.3749092728363,6.39874214062916,-1.08115723267837
"OIPN_GSE160543","Prc1","308761","GSM4875006","Control","shared_positive",81.5811078290708,6.36773986734655,-1.13232766417207
"OIPN_GSE160543","Prc1","308761","GSM4875011","Neuropathy","shared_positive",221.049644959261,7.79473845432036,1.22298779191442
"OIPN_GSE160543","Prc1","308761","GSM4875012","Neuropathy","shared_positive",183.296175846093,7.52588232506719,0.779230522303895
"OIPN_GSE160543","Prc1","308761","GSM4875013","Neuropathy","shared_positive",149.733128395031,7.23585271964142,0.300525624753408
"OIPN_GSE160543","Prc1","308761","GSM4875014","Neuropathy","shared_positive",219.562146685805,7.78504140375657,1.20698244104734
"OIPN_GSE160543","Psmd8","292766","GSM4875003","Control","divergent",3196.90433302137,11.6429110651501,0.393514084210529
"OIPN_GSE160543","Psmd8","292766","GSM4875004","Control","divergent",3459.44014585558,11.7567398357777,1.05060442579766
"OIPN_GSE160543","Psmd8","292766","GSM4875005","Control","divergent",3275.44286429,11.6779146584093,0.595576558615258
"OIPN_GSE160543","Psmd8","292766","GSM4875006","Control","divergent",3488.85132740619,11.7689498615605,1.12108827595366
"OIPN_GSE160543","Psmd8","292766","GSM4875011","Neuropathy","divergent",3128.70266711569,11.6118098871703,0.213978773850823
"OIPN_GSE160543","Psmd8","292766","GSM4875012","Neuropathy","divergent",2764.38526072232,11.4332647687441,-0.81669451031515
"OIPN_GSE160543","Psmd8","292766","GSM4875013","Neuropathy","divergent",2701.0681984986,11.3998483724989,-1.00959469804727
"OIPN_GSE160543","Psmd8","292766","GSM4875014","Neuropathy","divergent",2531.76528435047,11.3064976709136,-1.54847291006553
"OIPN_GSE160543","Pttg1","64193","GSM4875003","Control","shared_positive",30.0555092418179,4.95677731988086,-0.679323710396665
"OIPN_GSE160543","Pttg1","64193","GSM4875004","Control","shared_positive",21.3482935830053,4.4820927726798,-1.54218313788717
"OIPN_GSE160543","Pttg1","64193","GSM4875005","Control","shared_positive",38.7097793052454,5.31142243771618,-0.0346663581781324
"OIPN_GSE160543","Pttg1","64193","GSM4875006","Control","shared_positive",27.1937026096903,4.81730105083275,-0.932857166181113
"OIPN_GSE160543","Pttg1","64193","GSM4875011","Neuropathy","shared_positive",71.0159492855544,6.17024454876166,1.52646041416445
"OIPN_GSE160543","Pttg1","64193","GSM4875012","Neuropathy","shared_positive",45.8240439615232,5.54917763316668,0.397513945644601
"OIPN_GSE160543","Pttg1","64193","GSM4875013","Neuropathy","shared_positive",49.9110427983437,5.66990671115874,0.616969632019744
"OIPN_GSE160543","Pttg1","64193","GSM4875014","Neuropathy","shared_positive",50.5187240162029,5.68702495700657,0.648086380814281
"OIPN_GSE160543","Rhbdf2","303690","GSM4875003","Control","shared_positive",238.440373318422,7.90352262307276,-0.718942827990482
"OIPN_GSE160543","Rhbdf2","303690","GSM4875004","Control","shared_positive",236.864400230488,7.8939955579897,-0.744607952192379
"OIPN_GSE160543","Rhbdf2","303690","GSM4875005","Control","shared_positive",234.243792718921,7.87801284543086,-0.787664055969324
"OIPN_GSE160543","Rhbdf2","303690","GSM4875006","Control","shared_positive",204.456356658042,7.6826881568204,-1.31385258823825
"OIPN_GSE160543","Rhbdf2","303690","GSM4875011","Neuropathy","shared_positive",401.090079767709,8.65137493266137,1.29570934903738
"OIPN_GSE160543","Rhbdf2","303690","GSM4875012","Neuropathy","shared_positive",318.775957993205,8.32091766521639,0.405484842491498
"OIPN_GSE160543","Rhbdf2","303690","GSM4875013","Neuropathy","shared_positive",367.971609650534,8.52736600282973,0.961639563796438
"OIPN_GSE160543","Rhbdf2","303690","GSM4875014","Neuropathy","shared_positive",362.374693423917,8.50531413894744,0.90223366906512
"OIPN_GSE160543","Slc25a4","85333","GSM4875003","Control","shared_negative",16634.7225150382,14.0219969055975,0.85260367731229
"OIPN_GSE160543","Slc25a4","85333","GSM4875004","Control","shared_negative",16765.5265605202,14.0332962233151,0.917936122344488
"OIPN_GSE160543","Slc25a4","85333","GSM4875005","Control","shared_negative",16463.566906054,14.0070769424571,0.766336727740022
"OIPN_GSE160543","Slc25a4","85333","GSM4875006","Control","shared_negative",17211.5994035925,14.0711773655673,1.13696418278044
"OIPN_GSE160543","Slc25a4","85333","GSM4875011","Neuropathy","shared_negative",13965.1363933086,13.7696453468149,-0.606488345315965
"OIPN_GSE160543","Slc25a4","85333","GSM4875012","Neuropathy","shared_negative",13542.9973403676,13.7253659745939,-0.862510852513465
"OIPN_GSE160543","Slc25a4","85333","GSM4875013","Neuropathy","shared_negative",13259.7003700933,13.6948693536257,-1.03884174813596
"OIPN_GSE160543","Slc25a4","85333","GSM4875014","Neuropathy","shared_negative",13059.0901581884,13.6728772358765,-1.16599976421184
"OIPN_GSE160543","Slc4a1","24779","GSM4875003","Control","divergent",379.701266754966,8.57251556014264,-0.550180795226582
"OIPN_GSE160543","Slc4a1","24779","GSM4875004","Control","divergent",231.781473186915,7.86283243013011,-1.31312218056134
"OIPN_GSE160543","Slc4a1","24779","GSM4875005","Control","divergent",322.581494210379,8.33798529144144,-0.802311415976535
"OIPN_GSE160543","Slc4a1","24779","GSM4875006","Control","divergent",430.063370901398,8.75175616619963,-0.357489056462901
"OIPN_GSE160543","Slc4a1","24779","GSM4875011","Neuropathy","divergent",1326.29786975557,10.3742764586825,1.38679346531379
"OIPN_GSE160543","Slc4a1","24779","GSM4875012","Neuropathy","divergent",679.391260473017,9.41022079968664,0.350390134152301
"OIPN_GSE160543","Slc4a1","24779","GSM4875013","Neuropathy","divergent",1388.70136727156,10.4405591803848,1.45805038178927
"OIPN_GSE160543","Slc4a1","24779","GSM4875014","Neuropathy","divergent",484.78544777087,8.9241754629036,-0.172130533028006
"OIPN_GSE160543","Smtn","289734","GSM4875003","Control","divergent",776.433988746963,9.60257637222001,-0.429459052167827
"OIPN_GSE160543","Smtn","289734","GSM4875004","Control","divergent",739.057592135471,9.53149373707734,-0.630589246674483
"OIPN_GSE160543","Smtn","289734","GSM4875005","Control","divergent",627.296936433721,9.29530273531688,-1.29889792754219
"OIPN_GSE160543","Smtn","289734","GSM4875006","Control","divergent",648.620165949649,9.34345260811059,-1.16265659010398
"OIPN_GSE160543","Smtn","289734","GSM4875011","Neuropathy","divergent",1057.23744218072,10.0474476533457,0.829315993574976
"OIPN_GSE160543","Smtn","289734","GSM4875012","Neuropathy","divergent",1193.41749273706,10.2220914842661,1.32347532815643
"OIPN_GSE160543","Smtn","289734","GSM4875013","Neuropathy","divergent",1010.94327864096,9.98291271114019,0.646712669257817
"OIPN_GSE160543","Smtn","289734","GSM4875014","Neuropathy","divergent",1029.80475879183,10.0095553873036,0.722098825499263
"OIPN_GSE160543","Top2a","360243","GSM4875003","Control","shared_positive",105.194282346363,6.7305622812218,-0.872101398737715
"OIPN_GSE160543","Top2a","360243","GSM4875004","Control","shared_positive",117.923907410887,6.89389496066991,-0.636715042919281
"OIPN_GSE160543","Top2a","360243","GSM4875005","Control","shared_positive",87.3451430477333,6.46507891677733,-1.2547018795365
"OIPN_GSE160543","Top2a","360243","GSM4875006","Control","shared_positive",107.767636268032,6.7651055373431,-0.822319498361314
"OIPN_GSE160543","Top2a","360243","GSM4875011","Neuropathy","shared_positive",255.057282645301,8.00032278181153,0.957809786249329
"OIPN_GSE160543","Top2a","360243","GSM4875012","Neuropathy","shared_positive",220.154645989057,7.78891174028607,0.653135456454436
"OIPN_GSE160543","Top2a","360243","GSM4875013","Neuropathy","shared_positive",215.302537561483,7.75690678020588,0.607011613100835
"OIPN_GSE160543","Top2a","360243","GSM4875014","Neuropathy","shared_positive",310.884455484325,8.28486783945848,1.3678809637502
"OIPN_GSE160543","Tpx2","311546","GSM4875003","Control","shared_positive",100.18503080606,6.66085206499246,-0.423980350500325
"OIPN_GSE160543","Tpx2","311546","GSM4875004","Control","shared_positive",92.5092721930231,6.54703752174491,-0.603702476722484
"OIPN_GSE160543","Tpx2","311546","GSM4875005","Control","shared_positive",82.3823508291121,6.38167014203597,-0.864830591294243
"OIPN_GSE160543","Tpx2","311546","GSM4875006","Control","shared_positive",68.4878436095903,6.11868870584381,-1.28009898776458
"OIPN_GSE160543","Tpx2","311546","GSM4875011","Neuropathy","shared_positive",244.054811629229,7.93696066398812,1.59109561569722
"OIPN_GSE160543","Tpx2","311546","GSM4875012","Neuropathy","shared_positive",139.464481622027,7.13406156103329,0.323254707079269
"OIPN_GSE160543","Tpx2","311546","GSM4875013","Neuropathy","shared_positive",124.288283046856,6.96910768998437,0.062779555243812
"OIPN_GSE160543","Tpx2","311546","GSM4875014","Neuropathy","shared_positive",204.989437834977,7.68642655449507,1.19548252826133
"OIPN_GSE160543","Uqcrc2","293448","GSM4875003","Control","shared_negative",2949.4473069304,11.5267179776348,0.791274298692115
"OIPN_GSE160543","Uqcrc2","293448","GSM4875004","Control","shared_negative",2983.67817457718,11.5433596647377,0.89931939620696
"OIPN_GSE160543","Uqcrc2","293448","GSM4875005","Control","shared_negative",2799.01481130236,11.4512187433095,0.301100310649153
"OIPN_GSE160543","Uqcrc2","293448","GSM4875006","Control","shared_negative",3092.02470413886,11.5948026410108,1.23330965533876
"OIPN_GSE160543","Uqcrc2","293448","GSM4875011","Neuropathy","shared_negative",2363.53081917979,11.2073382305974,-1.28227844266172
"OIPN_GSE160543","Uqcrc2","293448","GSM4875012","Neuropathy","shared_negative",2678.71422201165,11.3878634374085,-0.110229992692919
"OIPN_GSE160543","Uqcrc2","293448","GSM4875013","Neuropathy","shared_negative",2608.09664818796,11.3493346712394,-0.360375562197412
"OIPN_GSE160543","Uqcrc2","293448","GSM4875014","Neuropathy","shared_negative",2316.08919335822,11.1780978646175,-1.47211966333491
"OIPN_GSE160543","Uqcrfs1","291103","GSM4875003","Control","shared_negative",1886.4841300781,10.882248799005,0.994706237967116
"OIPN_GSE160543","Uqcrfs1","291103","GSM4875004","Control","shared_negative",1908.13081215719,10.8987002431319,1.08585694417527
"OIPN_GSE160543","Uqcrfs1","291103","GSM4875005","Control","shared_negative",1749.88053628584,10.7738649357736,0.394195693184502
"OIPN_GSE160543","Uqcrfs1","291103","GSM4875006","Control","shared_negative",1901.54483433686,10.8937147365582,1.05823429649187
"OIPN_GSE160543","Uqcrfs1","291103","GSM4875011","Neuropathy","shared_negative",1479.33223934275,10.5317052890703,-0.947511614808535
"OIPN_GSE160543","Uqcrfs1","291103","GSM4875012","Neuropathy","shared_negative",1581.92569154128,10.6283778162198,-0.411888781175834
"OIPN_GSE160543","Uqcrfs1","291103","GSM4875013","Neuropathy","shared_negative",1500.26722764433,10.551965086193,-0.83526038621621
"OIPN_GSE160543","Uqcrfs1","291103","GSM4875014","Neuropathy","shared_negative",1408.69518891335,10.4611675345329,-1.3383323896182
"NC_GSE246156","Ahsp","ENSRNOG00000020165","GSM7863794","Control","divergent",559.927550045711,9.13167063273066,1.87209479731159
"NC_GSE246156","Ahsp","ENSRNOG00000020165","GSM7863795","Control","divergent",65.6801087141738,6.05918455136034,-0.687832199901044
"NC_GSE246156","Ahsp","ENSRNOG00000020165","GSM7863796","Control","divergent",157.455056903306,7.3079298921134,0.352594615966432
"NC_GSE246156","Ahsp","ENSRNOG00000020165","GSM7863770","Neuropathy","divergent",89.3516708624245,6.49747937580728,-0.322654710361399
"NC_GSE246156","Ahsp","ENSRNOG00000020165","GSM7863771","Neuropathy","divergent",61.000817897283,5.95421534213802,-0.775290207992138
"NC_GSE246156","Ahsp","ENSRNOG00000020165","GSM7863772","Neuropathy","divergent",81.0222958328158,6.35794422065762,-0.438912295023445
"NC_GSE246156","Alas2","ENSRNOG00000000167","GSM7863794","Control","divergent",7032.42339640744,12.780011351607,1.77464710335978
"NC_GSE246156","Alas2","ENSRNOG00000000167","GSM7863795","Control","divergent",1938.13934837264,10.921200765251,0.207163225548769
"NC_GSE246156","Alas2","ENSRNOG00000000167","GSM7863796","Control","divergent",1935.57252093278,10.9192898132068,0.205551772212658
"NC_GSE246156","Alas2","ENSRNOG00000000167","GSM7863770","Neuropathy","divergent",1073.7474293382,10.0697819442408,-0.510814864846466
"NC_GSE246156","Alas2","ENSRNOG00000000167","GSM7863771","Neuropathy","divergent",682.815606785717,9.41746353968177,-1.06089704635063
"NC_GSE246156","Alas2","ENSRNOG00000000167","GSM7863772","Neuropathy","divergent",985.012630237154,9.94546231656432,-0.615650189924107
"NC_GSE246156","Bard1","ENSRNOG00000014960","GSM7863794","Control","shared_positive",31.1070861136506,5.00481983375544,-0.399317839222952
"NC_GSE246156","Bard1","ENSRNOG00000014960","GSM7863795","Control","shared_positive",40.3298913157208,5.36911366478233,-0.174519671264468
"NC_GSE246156","Bard1","ENSRNOG00000014960","GSM7863796","Control","shared_positive",6.74807386728454,2.95383770813026,-1.66493637318629
"NC_GSE246156","Bard1","ENSRNOG00000014960","GSM7863770","Neuropathy","shared_positive",137.464109019115,7.11336825665992,0.901823662911611
"NC_GSE246156","Bard1","ENSRNOG00000014960","GSM7863771","Neuropathy","shared_positive",167.260307137712,7.3945510726252,1.07533574713282
"NC_GSE246156","Bard1","ENSRNOG00000014960","GSM7863772","Neuropathy","shared_positive",66.4564898403995,6.07588534325225,0.261614473629284
"NC_GSE246156","Ccnf","ENSRNOG00000007483","GSM7863794","Control","shared_positive",56.6593354212922,5.84948230338283,-0.798291375222257
"NC_GSE246156","Ccnf","ENSRNOG00000007483","GSM7863795","Control","shared_positive",104.857717420874,6.7259826407826,-0.21129204681379
"NC_GSE246156","Ccnf","ENSRNOG00000007483","GSM7863796","Control","shared_positive",29.2416534248997,4.91846511416503,-1.42180107794394
"NC_GSE246156","Ccnf","ENSRNOG00000007483","GSM7863770","Neuropathy","shared_positive",433.011943410211,8.7615909339689,1.15197120593961
"NC_GSE246156","Ccnf","ENSRNOG00000007483","GSM7863771","Neuropathy","shared_positive",338.456150913958,8.40708141683781,0.914553329880709
"NC_GSE246156","Ccnf","ENSRNOG00000007483","GSM7863772","Neuropathy","shared_positive",191.176203650464,7.58628589424799,0.364859964159674
"NC_GSE246156","Cdkn1a","ENSRNOG00000000521","GSM7863794","Control","shared_positive",161.090267374262,7.34065365735796,-1.1133100318558
"NC_GSE246156","Cdkn1a","ENSRNOG00000000521","GSM7863795","Control","shared_positive",243.131630503345,7.93151541735588,-0.663731375682064
"NC_GSE246156","Cdkn1a","ENSRNOG00000000521","GSM7863796","Control","shared_positive",195.694142151252,7.61981018239279,-0.900903638543548
"NC_GSE246156","Cdkn1a","ENSRNOG00000000521","GSM7863770","Neuropathy","shared_positive",1230.30377572108,10.265971018589,1.11252405858962
"NC_GSE246156","Cdkn1a","ENSRNOG00000000521","GSM7863771","Neuropathy","shared_positive",1044.88497753088,10.0305084828336,0.933363825907549
"NC_GSE246156","Cdkn1a","ENSRNOG00000000521","GSM7863772","Neuropathy","shared_positive",793.836426586689,9.63451418119942,0.63205716158425
"NC_GSE246156","Cenpf","ENSRNOG00000003388","GSM7863794","Control","shared_positive",133.316083344217,7.06948825680123,-0.781425484315203
"NC_GSE246156","Cenpf","ENSRNOG00000003388","GSM7863795","Control","shared_positive",336.466521834013,8.39860057733169,-0.0656481844872195
"NC_GSE246156","Cenpf","ENSRNOG00000003388","GSM7863796","Control","shared_positive",50.6105540046341,5.68959421195475,-1.52455066509355
"NC_GSE246156","Cenpf","ENSRNOG00000003388","GSM7863770","Neuropathy","shared_positive",1195.17405897175,10.2242116204726,0.917512473051502
"NC_GSE246156","Cenpf","ENSRNOG00000003388","GSM7863771","Neuropathy","shared_positive",1348.90518285766,10.3986423608085,1.01145003001795
"NC_GSE246156","Cenpf","ENSRNOG00000003388","GSM7863772","Neuropathy","shared_positive",648.178366662526,9.3424711138308,0.442661830826521
"NC_GSE246156","Col16a1","ENSRNOG00000031475","GSM7863794","Control","shared_positive",4376.10043577392,12.0957597727127,-1.25523232949782
"NC_GSE246156","Col16a1","ENSRNOG00000031475","GSM7863795","Control","shared_positive",6619.86358882331,12.6928036911289,-0.434624676138098
"NC_GSE246156","Col16a1","ENSRNOG00000031475","GSM7863796","Control","shared_positive",5388.33698302671,12.3958920826612,-0.842715154517489
"NC_GSE246156","Col16a1","ENSRNOG00000031475","GSM7863770","Neuropathy","shared_positive",10732.1284669201,13.3897830302819,0.523339323327459
"NC_GSE246156","Col16a1","ENSRNOG00000031475","GSM7863771","Neuropathy","shared_positive",11517.3479726709,13.4916461915948,0.663345254533536
"NC_GSE246156","Col16a1","ENSRNOG00000031475","GSM7863772","Neuropathy","shared_positive",16249.9773102895,13.9882388618943,1.3458875822924
"NC_GSE246156","Col4a2","ENSRNOG00000023972","GSM7863794","Control","divergent",21046.165690607,14.3613383458854,1.17373421868493
"NC_GSE246156","Col4a2","ENSRNOG00000023972","GSM7863795","Control","divergent",15919.9365262285,13.9586375823912,0.699967134396019
"NC_GSE246156","Col4a2","ENSRNOG00000023972","GSM7863796","Control","divergent",17159.2271655267,14.0667810307791,0.827195118229773
"NC_GSE246156","Col4a2","ENSRNOG00000023972","GSM7863770","Neuropathy","divergent",6524.96304144064,12.6719751016841,-0.813758160433981
"NC_GSE246156","Col4a2","ENSRNOG00000023972","GSM7863771","Neuropathy","divergent",5863.94959141624,12.5179029931671,-0.995020030883253
"NC_GSE246156","Col4a2","ENSRNOG00000023972","GSM7863772","Neuropathy","divergent",6230.52351325608,12.6053692081542,-0.892118279993484
"NC_GSE246156","Csf1","ENSRNOG00000018659","GSM7863794","Control","shared_positive",272.187003494443,8.09374504075224,-1.17583938821601
"NC_GSE246156","Csf1","ENSRNOG00000018659","GSM7863795","Control","shared_positive",452.847065345093,8.82606241848324,-0.170973356155669
"NC_GSE246156","Csf1","ENSRNOG00000018659","GSM7863796","Control","shared_positive",271.047633669262,8.08771546934519,-1.18411300246999
"NC_GSE246156","Csf1","ENSRNOG00000018659","GSM7863770","Neuropathy","shared_positive",743.06987819777,9.53929430599431,0.807704084167783
"NC_GSE246156","Csf1","ENSRNOG00000018659","GSM7863771","Neuropathy","shared_positive",826.462694092222,9.69255045968687,1.01799801919227
"NC_GSE246156","Csf1","ENSRNOG00000018659","GSM7863772","Neuropathy","shared_positive",705.531227757666,9.46460951698006,0.70522364348161
"NC_GSE246156","Epb42","ENSRNOG00000011649","GSM7863794","Control","divergent",238.857982658388,7.90603664411516,1.63118781409697
"NC_GSE246156","Epb42","ENSRNOG00000011649","GSM7863795","Control","divergent",87.5734782855651,6.46880286958345,0.442264164215016
"NC_GSE246156","Epb42","ENSRNOG00000011649","GSM7863796","Control","divergent",82.1015653852952,6.37680374820467,0.366159682735489
"NC_GSE246156","Epb42","ENSRNOG00000011649","GSM7863770","Neuropathy","divergent",26.7291323092723,4.79333056764069,-0.943737667777116
"NC_GSE246156","Epb42","ENSRNOG00000011649","GSM7863771","Neuropathy","divergent",31.4842931082751,5.02167040588108,-0.7548479835066
"NC_GSE246156","Epb42","ENSRNOG00000011649","GSM7863772","Neuropathy","divergent",31.8627006084107,5.03837913860405,-0.741026009763762
"NC_GSE246156","Ezh2","ENSRNOG00000006048","GSM7863794","Control","shared_positive",385.505674337027,8.59434578446248,-0.914028503478036
"NC_GSE246156","Ezh2","ENSRNOG00000006048","GSM7863795","Control","shared_positive",534.659130585555,9.0651714161089,-0.33955601425761
"NC_GSE246156","Ezh2","ENSRNOG00000006048","GSM7863796","Control","shared_positive",304.788003005685,8.25638799626506,-1.32638381888067
"NC_GSE246156","Ezh2","ENSRNOG00000006048","GSM7863770","Neuropathy","shared_positive",1134.84258890225,10.1495471970175,0.983532645827727
"NC_GSE246156","Ezh2","ENSRNOG00000006048","GSM7863771","Neuropathy","shared_positive",1115.7246370245,10.1250577732818,0.953652156603248
"NC_GSE246156","Ezh2","ENSRNOG00000006048","GSM7863772","Neuropathy","shared_positive",934.942672138223,9.87027635510179,0.642783534185343
"NC_GSE246156","Fbxo9","ENSRNOG00000008214","GSM7863794","Control","divergent",627.696559079021,9.29622005689425,0.416541436849379
"NC_GSE246156","Fbxo9","ENSRNOG00000008214","GSM7863795","Control","divergent",724.785761073953,9.50339994316196,0.902759272484638
"NC_GSE246156","Fbxo9","ENSRNOG00000008214","GSM7863796","Control","divergent",794.023358383814,9.63485343825906,1.21125946052997
"NC_GSE246156","Fbxo9","ENSRNOG00000008214","GSM7863770","Neuropathy","divergent",370.389404857059,8.53678884786386,-1.36572133691955
"NC_GSE246156","Fbxo9","ENSRNOG00000008214","GSM7863771","Neuropathy","divergent",464.393323347058,8.86230670339039,-0.601783340688458
"NC_GSE246156","Fbxo9","ENSRNOG00000008214","GSM7863772","Neuropathy","divergent",469.747243255426,8.8788088360675,-0.563055492255991
"NC_GSE246156","Gabarapl1","ENSRNOG00000053362","GSM7863794","Control","shared_negative",3569.53813154141,11.8019258102327,0.506109092518541
"NC_GSE246156","Gabarapl1","ENSRNOG00000053362","GSM7863795","Control","shared_negative",3767.96413149734,11.87995234988,0.633833281913849
"NC_GSE246156","Gabarapl1","ENSRNOG00000053362","GSM7863796","Control","shared_negative",5250.00146874737,12.3583768838617,1.41698201650877
"NC_GSE246156","Gabarapl1","ENSRNOG00000053362","GSM7863770","Neuropathy","shared_negative",1787.79710674304,10.8047740444972,-1.12616117806242
"NC_GSE246156","Gabarapl1","ENSRNOG00000053362","GSM7863771","Neuropathy","shared_negative",2000.2364965351,10.966675952764,-0.86113866023203
"NC_GSE246156","Gabarapl1","ENSRNOG00000053362","GSM7863772","Neuropathy","shared_negative",2263.16210607169,11.1447615384385,-0.569624552646705
"NC_GSE246156","Glrx","ENSRNOG00000012183","GSM7863794","Control","divergent",237.747015297187,7.89933888714149,-0.859645298090475
"NC_GSE246156","Glrx","ENSRNOG00000012183","GSM7863795","Control","divergent",248.893043548448,7.96516693042365,-0.740226067051206
"NC_GSE246156","Glrx","ENSRNOG00000012183","GSM7863796","Control","divergent",221.561758642509,7.79806191472619,-1.0433727425776
"NC_GSE246156","Glrx","ENSRNOG00000012183","GSM7863770","Neuropathy","divergent",519.308856294433,9.02322445373611,1.17920537173073
"NC_GSE246156","Glrx","ENSRNOG00000012183","GSM7863771","Neuropathy","divergent",488.006543178264,8.93370995913972,1.01681634148492
"NC_GSE246156","Glrx","ENSRNOG00000012183","GSM7863772","Neuropathy","divergent",392.366398920715,8.61972991866521,0.447222394503628
"NC_GSE246156","Hmgcs1","ENSRNOG00000016552","GSM7863794","Control","shared_negative",46599.5259656098,15.5080586177701,0.896213500453472
"NC_GSE246156","Hmgcs1","ENSRNOG00000016552","GSM7863795","Control","shared_negative",42887.9587077465,15.3883186690504,0.849633530921464
"NC_GSE246156","Hmgcs1","ENSRNOG00000016552","GSM7863796","Control","shared_negative",51896.0620763518,15.6633652486172,0.956629244825574
"NC_GSE246156","Hmgcs1","ENSRNOG00000016552","GSM7863770","Neuropathy","shared_negative",1289.87155629603,10.3341297420744,-1.11649363670121
"NC_GSE246156","Hmgcs1","ENSRNOG00000016552","GSM7863771","Neuropathy","shared_negative",1706.05513280466,10.73729393854,-0.959658961318785
"NC_GSE246156","Hmgcs1","ENSRNOG00000016552","GSM7863772","Neuropathy","shared_negative",3090.68195901584,11.5941762016771,-0.626323678180511
"NC_GSE246156","Hsph1","ENSRNOG00000000902","GSM7863794","Control","shared_negative",2486.34495436964,11.2803908844758,0.854328909791051
"NC_GSE246156","Hsph1","ENSRNOG00000000902","GSM7863795","Control","shared_negative",2031.47423970331,10.9890213518515,0.389805676558562
"NC_GSE246156","Hsph1","ENSRNOG00000000902","GSM7863796","Control","shared_negative",3089.49315223844,11.5936213530574,1.3537044920696
"NC_GSE246156","Hsph1","ENSRNOG00000000902","GSM7863770","Neuropathy","shared_negative",1113.45928305483,10.1221281931324,-0.992260627108937
"NC_GSE246156","Hsph1","ENSRNOG00000000902","GSM7863771","Neuropathy","shared_negative",1168.85438164471,10.1921132452797,-0.880685190897089
"NC_GSE246156","Hsph1","ENSRNOG00000000902","GSM7863772","Neuropathy","shared_negative",1250.83858959875,10.2898328397461,-0.724893260413194
"NC_GSE246156","Icam1","ENSRNOG00000020679","GSM7863794","Control","shared_positive",285.518611828864,8.16248504715509,-1.30991355375664
"NC_GSE246156","Icam1","ENSRNOG00000020679","GSM7863795","Control","shared_positive",444.781087081949,8.80019159921248,-0.47674178257462
"NC_GSE246156","Icam1","ENSRNOG00000020679","GSM7863796","Control","shared_positive",374.518099634292,8.55273863579212,-0.800042246011957
"NC_GSE246156","Icam1","ENSRNOG00000020679","GSM7863770","Neuropathy","shared_positive",779.7269739362,9.60867430508951,0.57955121904562
"NC_GSE246156","Icam1","ENSRNOG00000020679","GSM7863771","Neuropathy","shared_positive",886.479627829871,9.79357019247248,0.821120062078725
"NC_GSE246156","Icam1","ENSRNOG00000020679","GSM7863772","Neuropathy","shared_positive",1076.04891768976,10.0728680607334,1.18602630121888
"NC_GSE246156","Il4r","ENSRNOG00000015441","GSM7863794","Control","shared_positive",369.952131280202,8.53508921915363,-0.629015857887425
"NC_GSE246156","Il4r","ENSRNOG00000015441","GSM7863795","Control","shared_positive",391.776087067002,8.61756328816457,-0.520168304437231
"NC_GSE246156","Il4r","ENSRNOG00000015441","GSM7863796","Control","shared_positive",245.180017178005,7.94356985050767,-1.40969076416581
"NC_GSE246156","Il4r","ENSRNOG00000015441","GSM7863770","Neuropathy","shared_positive",943.920215264587,9.88404870968891,1.15131269882173
"NC_GSE246156","Il4r","ENSRNOG00000015441","GSM7863771","Neuropathy","shared_positive",795.96228514358,9.63836764256794,0.82706795855553
"NC_GSE246156","Il4r","ENSRNOG00000015441","GSM7863772","Neuropathy","shared_positive",699.158687635983,9.45153812886045,0.5804942691132
"NC_GSE246156","Itgal","ENSRNOG00000017980","GSM7863794","Control","shared_positive",95.5431930633554,6.59310263806192,-0.557712237395833
"NC_GSE246156","Itgal","ENSRNOG00000017980","GSM7863795","Control","shared_positive",65.6801087141738,6.05918455136034,-0.815813514915518
"NC_GSE246156","Itgal","ENSRNOG00000017980","GSM7863796","Control","shared_positive",39.3637642258265,5.33498881781283,-1.1658968866133
"NC_GSE246156","Itgal","ENSRNOG00000017980","GSM7863770","Neuropathy","shared_positive",1235.64960218293,10.272221063227,1.22080995417782
"NC_GSE246156","Itgal","ENSRNOG00000017980","GSM7863771","Neuropathy","shared_positive",966.174244760193,9.91763201681474,1.04939810626896
"NC_GSE246156","Itgal","ENSRNOG00000017980","GSM7863772","Neuropathy","shared_positive",314.985554586003,8.30371479626732,0.269214578477869
"NC_GSE246156","Kel","ENSRNOG00000015682","GSM7863794","Control","divergent",395.504380587843,8.63119299471393,1.86192428686549
"NC_GSE246156","Kel","ENSRNOG00000015682","GSM7863795","Control","divergent",24.1979347894325,4.65523359086895,-0.757300778024322
"NC_GSE246156","Kel","ENSRNOG00000015682","GSM7863796","Control","divergent",67.4807386728454,6.09762635845328,0.19289788009557
"NC_GSE246156","Kel","ENSRNOG00000015682","GSM7863770","Neuropathy","divergent",58.0404015858484,5.88363062936056,0.0519248669211943
"NC_GSE246156","Kel","ENSRNOG00000015682","GSM7863771","Neuropathy","divergent",28.5326406293743,4.88423845415576,-0.606440264377627
"NC_GSE246156","Kel","ENSRNOG00000015682","GSM7863772","Neuropathy","divergent",24.5797976122025,4.67693294452416,-0.743005991480308
"NC_GSE246156","Kif11","ENSRNOG00000056069","GSM7863794","Control","shared_positive",101.098029869364,6.67381121735067,-0.939767354375196
"NC_GSE246156","Kif11","ENSRNOG00000056069","GSM7863795","Control","shared_positive",247.740760939428,7.95849912992584,-0.170712242791706
"NC_GSE246156","Kif11","ENSRNOG00000056069","GSM7863796","Control","shared_positive",61.8573437834416,5.97400940311338,-1.35869101440698
"NC_GSE246156","Kif11","ENSRNOG00000056069","GSM7863770","Neuropathy","shared_positive",929.410114868125,9.86172297079777,0.968618180560799
"NC_GSE246156","Kif11","ENSRNOG00000056069","GSM7863771","Neuropathy","shared_positive",1019.30398938041,9.99478333747869,1.04827235504432
"NC_GSE246156","Kif11","ENSRNOG00000056069","GSM7863772","Neuropathy","shared_positive",510.713572609097,8.99919268944308,0.452280075968763
"NC_GSE246156","Kif22","ENSRNOG00000020281","GSM7863794","Control","shared_positive",145.536724317437,7.19511846091404,-0.928945669177795
"NC_GSE246156","Kif22","ENSRNOG00000020281","GSM7863795","Control","shared_positive",252.34989137551,7.98498740007569,-0.427972990981706
"NC_GSE246156","Kif22","ENSRNOG00000020281","GSM7863796","Control","shared_positive",100.096429031387,6.65958822846278,-1.2686045689072
"NC_GSE246156","Kif22","ENSRNOG00000020281","GSM7863770","Neuropathy","shared_positive",972.176726562961,9.9265580085368,0.803463997362139
"NC_GSE246156","Kif22","ENSRNOG00000020281","GSM7863771","Neuropathy","shared_positive",1274.12998672551,10.3164286075466,1.05073858742661
"NC_GSE246156","Kif22","ENSRNOG00000020281","GSM7863772","Neuropathy","shared_positive",938.584123636327,9.8758785257891,0.771320644277953
"NC_GSE246156","Mcm5","ENSRNOG00000014336","GSM7863794","Control","shared_positive",114.429638203786,6.85086989382464,-0.679452441675691
"NC_GSE246156","Mcm5","ENSRNOG00000014336","GSM7863795","Control","shared_positive",142.883043518554,7.1687527716159,-0.496987790334847
"NC_GSE246156","Mcm5","ENSRNOG00000014336","GSM7863796","Control","shared_positive",49.4858750267533,5.65780790098388,-1.36426957326921
"NC_GSE246156","Mcm5","ENSRNOG00000014336","GSM7863770","Neuropathy","shared_positive",937.047009813632,9.873516414355,1.055545515205
"NC_GSE246156","Mcm5","ENSRNOG00000014336","GSM7863771","Neuropathy","shared_positive",952.399866525322,9.89693761320699,1.06898927446693
"NC_GSE246156","Mcm5","ENSRNOG00000014336","GSM7863772","Neuropathy","shared_positive",432.422365399859,8.75962979087347,0.416175015607817
"NC_GSE246156","Mybl2","ENSRNOG00000007805","GSM7863794","Control","shared_positive",53.3264333376867,5.76358242857175,-0.493738959717857
"NC_GSE246156","Mybl2","ENSRNOG00000007805","GSM7863795","Control","shared_positive",50.7004347969061,5.69210450843923,-0.535259795838058
"NC_GSE246156","Mybl2","ENSRNOG00000007805","GSM7863796","Control","shared_positive",16.8701846682114,4.15948263797052,-1.42554509513023
"NC_GSE246156","Mybl2","ENSRNOG00000007805","GSM7863770","Neuropathy","shared_positive",371.91678384616,8.54270991964765,1.12062946202922
"NC_GSE246156","Mybl2","ENSRNOG00000007805","GSM7863771","Neuropathy","shared_positive",341.407803392858,8.41957177056722,1.04909969593314
"NC_GSE246156","Mybl2","ENSRNOG00000007805","GSM7863772","Neuropathy","shared_positive",136.554431178903,7.10385880516028,0.284814692723782
"NC_GSE246156","Pdhb","ENSRNOG00000007895","GSM7863794","Control","shared_negative",1870.86903626384,10.8702637861742,0.859247002010226
"NC_GSE246156","Pdhb","ENSRNOG00000007895","GSM7863795","Control","shared_negative",1532.53586999739,10.5826461968569,0.146168483833588
"NC_GSE246156","Pdhb","ENSRNOG00000007895","GSM7863796","Control","shared_negative",2174.0044642435,11.0868026467891,1.39610293707842
"NC_GSE246156","Pdhb","ENSRNOG00000007895","GSM7863770","Neuropathy","shared_negative",1032.50819663246,10.0133341153162,-1.26530366030333
"NC_GSE246156","Pdhb","ENSRNOG00000007895","GSM7863771","Neuropathy","shared_negative",1308.56593231268,10.354872981102,-0.418540328156603
"NC_GSE246156","Pdhb","ENSRNOG00000007895","GSM7863772","Neuropathy","shared_negative",1203.4997201234,10.234218343015,-0.717674434462318
"NC_GSE246156","Plat","ENSRNOG00000019018","GSM7863794","Control","divergent",3024.05315719132,11.5627447787658,-1.0647391121608
"NC_GSE246156","Plat","ENSRNOG00000019018","GSM7863795","Control","divergent",3582.44663144502,11.8071321531658,-0.817722474436722
"NC_GSE246156","Plat","ENSRNOG00000019018","GSM7863796","Control","divergent",3560.73364397048,11.7983639165169,-0.826585044940236
"NC_GSE246156","Plat","ENSRNOG00000019018","GSM7863770","Neuropathy","divergent",10600.0101843628,13.3719141272181,0.763894345788628
"NC_GSE246156","Plat","ENSRNOG00000019018","GSM7863771","Neuropathy","divergent",11112.9715830615,13.440086836177,0.83280049690591
"NC_GSE246156","Plat","ENSRNOG00000019018","GSM7863772","Neuropathy","divergent",13461.5358256163,13.7166625635293,1.11235178884322
"NC_GSE246156","Plaur","ENSRNOG00000037931","GSM7863794","Control","divergent",52.2154659764849,5.73377369108191,-0.618423479697197
"NC_GSE246156","Plaur","ENSRNOG00000037931","GSM7863795","Control","divergent",16.1319565262883,4.0986180162794,-1.31332765489652
"NC_GSE246156","Plaur","ENSRNOG00000037931","GSM7863796","Control","divergent",44.9871591152303,5.52315917199288,-0.707929886290711
"NC_GSE246156","Plaur","ENSRNOG00000037931","GSM7863770","Neuropathy","divergent",746.124636175972,9.54520512488286,1.00134866655676
"NC_GSE246156","Plaur","ENSRNOG00000037931","GSM7863771","Neuropathy","divergent",711.348247415091,9.47643889724499,0.972124575276255
"NC_GSE246156","Plaur","ENSRNOG00000037931","GSM7863772","Neuropathy","divergent",431.512002525333,8.75659635892526,0.666207779051412
"NC_GSE246156","Plk1","ENSRNOG00000018815","GSM7863794","Control","shared_positive",45.5496618092741,5.54069878129967,-1.0685629043569
"NC_GSE246156","Plk1","ENSRNOG00000018815","GSM7863795","Control","shared_positive",123.294239165203,6.95761562115794,-0.2355552280526
"NC_GSE246156","Plk1","ENSRNOG00000018815","GSM7863796","Control","shared_positive",39.3637642258265,5.33498881781283,-1.18950012089387
"NC_GSE246156","Plk1","ENSRNOG00000018815","GSM7863770","Neuropathy","shared_positive",589.568289793092,9.20596008368913,1.08625007736821
"NC_GSE246156","Plk1","ENSRNOG00000018815","GSM7863771","Neuropathy","shared_positive",553.926781873715,9.11615362178522,1.03345271478258
"NC_GSE246156","Plk1","ENSRNOG00000018815","GSM7863772","Neuropathy","shared_positive",253.99124199276,7.99430388646436,0.373915461152578
"NC_GSE246156","Prc1","ENSRNOG00000013057","GSM7863794","Control","shared_positive",186.642516681904,7.55184294543429,-1.02318458534375
"NC_GSE246156","Prc1","ENSRNOG00000013057","GSM7863795","Control","shared_positive",572.684456683235,9.16411362014077,-0.0626055319175145
"NC_GSE246156","Prc1","ENSRNOG00000013057","GSM7863796","Control","shared_positive",127.088724500526,7.00099967229939,-1.35137297095119
"NC_GSE246156","Prc1","ENSRNOG00000013057","GSM7863770","Neuropathy","shared_positive",1664.07940862584,10.7013752665826,0.853283692127546
"NC_GSE246156","Prc1","ENSRNOG00000013057","GSM7863771","Neuropathy","shared_positive",2109.44763825443,11.0433333200853,1.05701979456883
"NC_GSE246156","Prc1","ENSRNOG00000013057","GSM7863772","Neuropathy","shared_positive",1137.95359315752,10.1534932500703,0.526859601516077
"NC_GSE246156","Psmd8","ENSRNOG00000037580","GSM7863794","Control","divergent",1043.1983521685,10.0281800717701,-1.30859647359867
"NC_GSE246156","Psmd8","ENSRNOG00000037580","GSM7863795","Control","divergent",1227.18097860693,10.2623074493611,-0.555205663341259
"NC_GSE246156","Psmd8","ENSRNOG00000037580","GSM7863796","Control","divergent",1255.14173931492,10.2947835475138,-0.450701892133254
"NC_GSE246156","Psmd8","ENSRNOG00000037580","GSM7863770","Neuropathy","divergent",1494.5403408356,10.5464511110261,0.359130907178383
"NC_GSE246156","Psmd8","ENSRNOG00000037580","GSM7863771","Neuropathy","divergent",1946.12286775526,10.9271282088376,1.58409925610696
"NC_GSE246156","Psmd8","ENSRNOG00000037580","GSM7863772","Neuropathy","divergent",1498.45729146983,10.5502247156636,0.371273865787827
"NC_GSE246156","Pttg1","ENSRNOG00000003802","GSM7863794","Control","shared_positive",46.6606291704759,5.57472609163447,-0.75064512628109
"NC_GSE246156","Pttg1","ENSRNOG00000003802","GSM7863795","Control","shared_positive",88.7257608945857,6.48745034735826,-0.159384032176944
"NC_GSE246156","Pttg1","ENSRNOG00000003802","GSM7863796","Control","shared_positive",20.2442216018536,4.40899857849061,-1.50580126519862
"NC_GSE246156","Pttg1","ENSRNOG00000003802","GSM7863770","Neuropathy","shared_positive",291.729386918343,8.19342377403597,0.945742415865338
"NC_GSE246156","Pttg1","ENSRNOG00000003802","GSM7863771","Neuropathy","shared_positive",317.794583561652,8.3164833073869,1.02546015522937
"NC_GSE246156","Pttg1","ENSRNOG00000003802","GSM7863772","Neuropathy","shared_positive",170.237857536366,7.41985788007767,0.444627852561948
"NC_GSE246156","Rhbdf2","ENSRNOG00000011459","GSM7863794","Control","shared_positive",447.719846564328,8.80967118459069,-0.774060740682617
"NC_GSE246156","Rhbdf2","ENSRNOG00000011459","GSM7863795","Control","shared_positive",366.425869668549,8.521309396868,-1.04859116752811
"NC_GSE246156","Rhbdf2","ENSRNOG00000011459","GSM7863796","Control","shared_positive",408.258468970715,8.67686846112445,-0.900493541114877
"NC_GSE246156","Rhbdf2","ENSRNOG00000011459","GSM7863770","Neuropathy","shared_positive",1472.39334549363,10.524926916555,0.858922228261216
"NC_GSE246156","Rhbdf2","ENSRNOG00000011459","GSM7863771","Neuropathy","shared_positive",1458.11632457699,10.510879187932,0.845548303215398
"NC_GSE246156","Rhbdf2","ENSRNOG00000011459","GSM7863772","Neuropathy","shared_positive",1654.12934301378,10.692728248059,1.01867491784899
"NC_GSE246156","Slc25a4","ENSRNOG00000010830","GSM7863794","Control","shared_negative",13875.9823414106,13.760406256226,0.664308636144336
"NC_GSE246156","Slc25a4","ENSRNOG00000010830","GSM7863795","Control","shared_negative",13054.2096775943,13.6723380082761,0.585299362601593
"NC_GSE246156","Slc25a4","ENSRNOG00000010830","GSM7863796","Control","shared_negative",23306.7224586229,14.5085204162692,1.33546944254178
"NC_GSE246156","Slc25a4","ENSRNOG00000010830","GSM7863770","Neuropathy","shared_negative",4451.54606373566,12.1204148214419,-0.806988169400713
"NC_GSE246156","Slc25a4","ENSRNOG00000010830","GSM7863771","Neuropathy","shared_negative",5336.58768185263,12.3819721490926,-0.572335443491786
"NC_GSE246156","Slc25a4","ENSRNOG00000010830","GSM7863772","Neuropathy","shared_negative",3270.93380817199,11.6759278472486,-1.20575382839521
"NC_GSE246156","Slc4a1","ENSRNOG00000020951","GSM7863794","Control","divergent",1249.83828135203,10.2886795627566,1.83117498788092
"NC_GSE246156","Slc4a1","ENSRNOG00000020951","GSM7863795","Control","divergent",202.801739187624,7.67102255289109,0.191716259686252
"NC_GSE246156","Slc4a1","ENSRNOG00000020951","GSM7863796","Control","divergent",113.592576765956,6.84036978003175,-0.328527963842983
"NC_GSE246156","Slc4a1","ENSRNOG00000020951","GSM7863770","Neuropathy","divergent",121.426629633551,6.93577358981238,-0.268775823643413
"NC_GSE246156","Slc4a1","ENSRNOG00000020951","GSM7863771","Neuropathy","divergent",44.2747871835119,5.50063595461579,-1.16761356797593
"NC_GSE246156","Slc4a1","ENSRNOG00000020951","GSM7863772","Neuropathy","divergent",122.898988061013,6.95302059415945,-0.257973892104847
"NC_GSE246156","Smtn","ENSRNOG00000019451","GSM7863794","Control","divergent",3828.39352670143,11.9029002106762,0.937653966146383
"NC_GSE246156","Smtn","ENSRNOG00000019451","GSM7863795","Control","divergent",3433.80217488137,11.7460112950486,0.786912815083196
"NC_GSE246156","Smtn","ENSRNOG00000019451","GSM7863796","Control","divergent",3933.00238564901,11.9417821171547,0.975012267175256
"NC_GSE246156","Smtn","ENSRNOG00000019451","GSM7863770","Neuropathy","divergent",874.424471260479,9.77383890282718,-1.1079790917757
"NC_GSE246156","Smtn","ENSRNOG00000019451","GSM7863771","Neuropathy","divergent",970.109781398727,9.92349058750663,-0.964191577425864
"NC_GSE246156","Smtn","ENSRNOG00000019451","GSM7863772","Neuropathy","divergent",1237.18314648086,10.2740090119584,-0.627408379203271
"NC_GSE246156","Top2a","ENSRNOG00000053047","GSM7863794","Control","shared_positive",263.299264604828,8.04602860055654,-0.706662064964048
"NC_GSE246156","Top2a","ENSRNOG00000053047","GSM7863795","Control","shared_positive",513.918043623185,9.00819901533754,-0.209945342283005
"NC_GSE246156","Top2a","ENSRNOG00000053047","GSM7863796","Control","shared_positive",88.8496392525798,6.48944080619566,-1.510244440708
"NC_GSE246156","Top2a","ENSRNOG00000053047","GSM7863770","Neuropathy","shared_positive",2300.23275758652,11.1681911966174,0.905142193999479
"NC_GSE246156","Top2a","ENSRNOG00000053047","GSM7863771","Neuropathy","shared_positive",2893.60331348241,11.4991499344708,1.07599835116639
"NC_GSE246156","Top2a","ENSRNOG00000053047","GSM7863772","Neuropathy","shared_positive",1240.82459797897,10.2782456985617,0.445711302789175
"NC_GSE246156","Tpx2","ENSRNOG00000008165","GSM7863794","Control","shared_positive",216.638635434352,7.76579087780514,-1.05786754630427
"NC_GSE246156","Tpx2","ENSRNOG00000008165","GSM7863795","Control","shared_positive",289.222934864169,8.18101772264381,-0.701802247307319
"NC_GSE246156","Tpx2","ENSRNOG00000008165","GSM7863796","Control","shared_positive",256.426806956813,8.00801848517455,-0.850152543010551
"NC_GSE246156","Tpx2","ENSRNOG00000008165","GSM7863770","Neuropathy","shared_positive",1179.90026908073,10.2056714141913,1.03437866442117
"NC_GSE246156","Tpx2","ENSRNOG00000008165","GSM7863771","Neuropathy","shared_positive",1358.744024454,10.4091193703958,1.20883934358178
"NC_GSE246156","Tpx2","ENSRNOG00000008165","GSM7863772","Neuropathy","shared_positive",687.323970267145,9.42694394116769,0.366604328619188
"NC_GSE246156","Uqcrc2","ENSRNOG00000036742","GSM7863794","Control","shared_negative",2651.87909118871,11.3733432088086,1.50166301353291
"NC_GSE246156","Uqcrc2","ENSRNOG00000036742","GSM7863795","Control","shared_negative",1406.93706561414,10.4593671320211,-0.28996370548853
"NC_GSE246156","Uqcrc2","ENSRNOG00000036742","GSM7863796","Control","shared_negative",2221.24098131449,11.117799556698,1.00073213949185
"NC_GSE246156","Uqcrc2","ENSRNOG00000036742","GSM7863770","Neuropathy","shared_negative",1164.62647918972,10.1868898408232,-0.824088840308992
"NC_GSE246156","Uqcrc2","ENSRNOG00000036742","GSM7863771","Neuropathy","shared_negative",1259.371724331,10.2996335785121,-0.603082297604033
"NC_GSE246156","Uqcrc2","ENSRNOG00000036742","GSM7863772","Neuropathy","shared_negative",1180.74064826025,10.2066977325937,-0.785260309623195
"NC_GSE246156","Uqcrfs1","ENSRNOG00000018281","GSM7863794","Control","shared_negative",2355.25080574783,11.2022773963901,0.406267780961943
"NC_GSE246156","Uqcrfs1","ENSRNOG00000018281","GSM7863795","Control","shared_negative",2219.29630497366,11.116536505918,0.19158208368229
"NC_GSE246156","Uqcrfs1","ENSRNOG00000018281","GSM7863796","Control","shared_negative",3316.67830577035,11.6959582887468,1.64239007950159
"NC_GSE246156","Uqcrfs1","ENSRNOG00000018281","GSM7863770","Neuropathy","shared_negative",1618.2580389528,10.6611171911513,-0.948737460550884
"NC_GSE246156","Uqcrfs1","ENSRNOG00000018281","GSM7863771","Neuropathy","shared_negative",1981.54269750207,10.9531362218706,-0.217554137358149
"NC_GSE246156","Uqcrfs1","ENSRNOG00000018281","GSM7863772","Neuropathy","shared_negative",1563.09305556118,10.6111106328591,-1.07394834623681
"CCI_GSE212311","Ahsp","MSTRG.3446","GSM6523751","Control","divergent",155.180980770576,7.28707496707908,1.91749371115122
"CCI_GSE212311","Ahsp","MSTRG.3446","GSM6523752","Control","divergent",91.0079958814058,6.5236873377656,0.0201284745690985
"CCI_GSE212311","Ahsp","MSTRG.3446","GSM6523753","Control","divergent",71.4093379913543,6.1781038558023,-0.838803553978253
"CCI_GSE212311","Ahsp","MSTRG.3446","GSM6523748","Neuropathy","divergent",73.5272348867029,6.21969582859416,-0.735428597054824
"CCI_GSE212311","Ahsp","MSTRG.3446","GSM6523749","Neuropathy","divergent",84.0878932927531,6.41088196793796,-0.260244142161986
"CCI_GSE212311","Ahsp","MSTRG.3446","GSM6523750","Neuropathy","divergent",87.8986138212794,6.47408901845582,-0.103145892525252
"CCI_GSE212311","Alas2","MSTRG.217","GSM6523751","Control","divergent",303.016116297575,8.24800399464851,1.74790862428977
"CCI_GSE212311","Alas2","MSTRG.217","GSM6523752","Control","divergent",157.474509727376,7.30810699450969,-1.34430320156905
"CCI_GSE212311","Alas2","MSTRG.217","GSM6523753","Control","divergent",203.467702769886,7.67572916627403,-0.134845540985274
"CCI_GSE212311","Alas2","MSTRG.217","GSM6523748","Neuropathy","divergent",194.747811321538,7.61285236644447,-0.341706914068082
"CCI_GSE212311","Alas2","MSTRG.217","GSM6523749","Neuropathy","divergent",211.220779580606,7.72942211431283,0.0418014414673489
"CCI_GSE212311","Alas2","MSTRG.217","GSM6523750","Neuropathy","divergent",210.744869282344,7.72618320230459,0.031145590865291
"CCI_GSE212311","Bard1","ENSRNOG00000014960","GSM6523751","Control","shared_positive",91.8230655447196,6.53641143916484,-1.28754817755629
"CCI_GSE212311","Bard1","ENSRNOG00000014960","GSM6523752","Control","shared_positive",122.707410177176,6.95078811131511,-0.660582932245098
"CCI_GSE212311","Bard1","ENSRNOG00000014960","GSM6523753","Control","shared_positive",130.101944559591,7.03454527415722,-0.533855648406031
"CCI_GSE212311","Bard1","ENSRNOG00000014960","GSM6523748","Neuropathy","shared_positive",246.41559799868,7.95079264581248,0.852456122366756
"CCI_GSE212311","Bard1","ENSRNOG00000014960","GSM6523749","Neuropathy","shared_positive",309.323321755485,8.27762831370112,1.34696900995503
"CCI_GSE212311","Bard1","ENSRNOG00000014960","GSM6523750","Neuropathy","shared_positive",189.564480409747,7.57413542805652,0.282561625885637
"CCI_GSE212311","Ccnf","ENSRNOG00000007483","GSM6523751","Control","shared_positive",167.11797929139,7.39333021088349,-0.702552127821748
"CCI_GSE212311","Ccnf","ENSRNOG00000007483","GSM6523752","Control","shared_positive",134.978151194894,7.08723104937511,-1.21280994444841
"CCI_GSE212311","Ccnf","ENSRNOG00000007483","GSM6523753","Control","shared_positive",179.990660142592,7.49977144004657,-0.525117897279677
"CCI_GSE212311","Ccnf","ENSRNOG00000007483","GSM6523748","Neuropathy","shared_positive",422.284794957416,8.72548485553118,1.51810838309699
"CCI_GSE212311","Ccnf","ENSRNOG00000007483","GSM6523749","Neuropathy","shared_positive",258.269957970599,8.01831123824221,0.339271877450533
"CCI_GSE212311","Ccnf","ENSRNOG00000007483","GSM6523750","Neuropathy","shared_positive",285.935249780065,8.16458140277163,0.583099709002308
"CCI_GSE212311","Cdkn1a","MSTRG.17362","GSM6523751","Control","shared_positive",246.085815659848,7.94886838269736,-1.34758591724609
"CCI_GSE212311","Cdkn1a","MSTRG.17362","GSM6523752","Control","shared_positive",445.836923643741,8.80360459528426,-0.254980493484106
"CCI_GSE212311","Cdkn1a","MSTRG.17362","GSM6523753","Control","shared_positive",332.591437220006,8.38193844726599,-0.793994417964037
"CCI_GSE212311","Cdkn1a","MSTRG.17362","GSM6523748","Neuropathy","shared_positive",1085.02352021999,10.0848396328663,1.38281644381804
"CCI_GSE212311","Cdkn1a","MSTRG.17362","GSM6523749","Neuropathy","shared_positive",612.64036541863,9.26124957658213,0.330025010389611
"CCI_GSE212311","Cdkn1a","MSTRG.17362","GSM6523750","Neuropathy","shared_positive",742.37262998454,9.53794176079322,0.683719374486586
"CCI_GSE212311","Cenpf","ENSRNOG00000003388","GSM6523751","Control","shared_positive",258.022814180662,8.01693536280535,0.368003310941199
"CCI_GSE212311","Cenpf","ENSRNOG00000003388","GSM6523752","Control","shared_positive",176.903183005429,7.47494851299962,-0.968060597155494
"CCI_GSE212311","Cenpf","ENSRNOG00000003388","GSM6523753","Control","shared_positive",153.578987186885,7.27220040850945,-1.467859485157
"CCI_GSE212311","Cenpf","ENSRNOG00000003388","GSM6523748","Neuropathy","shared_positive",321.930055449889,8.33507791016491,1.15226362151777
"CCI_GSE212311","Cenpf","ENSRNOG00000003388","GSM6523749","Neuropathy","shared_positive",273.285653201447,8.09953535225828,0.571622392763564
"CCI_GSE212311","Cenpf","ENSRNOG00000003388","GSM6523750","Neuropathy","shared_positive",256.282705358429,8.00721067159493,0.344030757089969
"CCI_GSE212311","Col16a1","MSTRG.22950","GSM6523751","Control","shared_positive",6506.58242449883,12.6679059644628,-0.65948279885856
"CCI_GSE212311","Col16a1","MSTRG.22950","GSM6523752","Control","shared_positive",6204.90470795922,12.5994258290295,-0.936521656748608
"CCI_GSE212311","Col16a1","MSTRG.22950","GSM6523753","Control","shared_positive",6591.17971761295,12.6865398588238,-0.584098707119582
"CCI_GSE212311","Col16a1","MSTRG.22950","GSM6523748","Neuropathy","shared_positive",9464.14746345737,13.2084092674153,1.52714280852685
"CCI_GSE212311","Col16a1","MSTRG.22950","GSM6523749","Neuropathy","shared_positive",8586.97557934805,13.0681023734364,0.959526208237512
"CCI_GSE212311","Col16a1","MSTRG.22950","GSM6523750","Neuropathy","shared_positive",6912.21990857217,12.7551421029675,-0.306565854037622
"CCI_GSE212311","Col4a2","MSTRG.12389","GSM6523751","Control","divergent",13569.6126261987,13.7281982302125,0.714957221818721
"CCI_GSE212311","Col4a2","MSTRG.12389","GSM6523752","Control","divergent",13722.7787048142,13.7443901473661,0.872661093712963
"CCI_GSE212311","Col4a2","MSTRG.12389","GSM6523753","Control","divergent",12791.0753914377,13.6429627261799,-0.115208155223359
"CCI_GSE212311","Col4a2","MSTRG.12389","GSM6523748","Neuropathy","divergent",11376.8491817939,13.4739402422882,-1.76143076704497
"CCI_GSE212311","Col4a2","MSTRG.12389","GSM6523749","Neuropathy","divergent",13534.1466347384,13.7244228968078,0.678186733804951
"CCI_GSE212311","Col4a2","MSTRG.12389","GSM6523750","Neuropathy","divergent",12544.0853097958,13.614834661026,-0.38916612706827
"CCI_GSE212311","Csf1","MSTRG.16746","GSM6523751","Control","shared_positive",1232.26553961014,10.2682677506097,-0.774268439508486
"CCI_GSE212311","Csf1","MSTRG.16746","GSM6523752","Control","shared_positive",1122.77280312116,10.1341346752548,-0.938035569291956
"CCI_GSE212311","Csf1","MSTRG.16746","GSM6523753","Control","shared_positive",1227.65368738561,10.2628626146139,-0.780867733573664
"CCI_GSE212311","Csf1","MSTRG.16746","GSM6523748","Neuropathy","shared_positive",4688.85164095069,12.1953265698228,1.57853597440161
"CCI_GSE212311","Csf1","MSTRG.16746","GSM6523749","Neuropathy","shared_positive",2508.62214990047,11.2932544522247,0.477168834598024
"CCI_GSE212311","Csf1","MSTRG.16746","GSM6523750","Neuropathy","shared_positive",2452.68903144678,11.2607367051311,0.437466933374478
"CCI_GSE212311","Epb42","ENSRNOG00000011649","GSM6523751","Control","divergent",126.715830451713,6.99679354879108,0.528591119185151
"CCI_GSE212311","Epb42","ENSRNOG00000011649","GSM6523752","Control","divergent",165.655003739188,7.38072082412261,1.25232636018765
"CCI_GSE212311","Epb42","ENSRNOG00000011649","GSM6523753","Control","divergent",58.6926065682364,5.8994803475185,-1.53993665991691
"CCI_GSE212311","Epb42","ENSRNOG00000011649","GSM6523748","Neuropathy","divergent",97.3739056607688,6.62020377664788,-0.181312310483338
"CCI_GSE212311","Epb42","ENSRNOG00000011649","GSM6523749","Neuropathy","divergent",82.0858005953066,6.3765300356481,-0.640657829803812
"CCI_GSE212311","Epb42","ENSRNOG00000011649","GSM6523750","Neuropathy","divergent",129.200372122844,7.0245897616194,0.58098932083125
"CCI_GSE212311","Ezh2","MSTRG.20451","GSM6523751","Control","shared_positive",623.478615048646,9.28650835809872,-0.833961200014856
"CCI_GSE212311","Ezh2","MSTRG.20451","GSM6523752","Control","shared_positive",696.364552755476,9.44576922314144,-0.412593453795544
"CCI_GSE212311","Ezh2","MSTRG.20451","GSM6523753","Control","shared_positive",611.381318419129,9.25828646177771,-0.908629869205048
"CCI_GSE212311","Ezh2","MSTRG.20451","GSM6523748","Neuropathy","shared_positive",1203.26326280807,10.2339350973825,1.67271280136556
"CCI_GSE212311","Ezh2","MSTRG.20451","GSM6523749","Neuropathy","shared_positive",735.769066311589,9.52506868006429,-0.202785266259745
"CCI_GSE212311","Ezh2","MSTRG.20451","GSM6523750","Neuropathy","shared_positive",928.760052063398,9.8607146303357,0.685256987909644
"CCI_GSE212311","Fbxo9","MSTRG.27665","GSM6523751","Control","divergent",3770.25507126618,11.8808290160501,0.246381430709222
"CCI_GSE212311","Fbxo9","MSTRG.27665","GSM6523752","Control","divergent",4190.45805755057,12.0332364776281,1.33098229748879
"CCI_GSE212311","Fbxo9","MSTRG.27665","GSM6523753","Control","divergent",3901.10191656878,11.930035743954,0.596558903540061
"CCI_GSE212311","Fbxo9","MSTRG.27665","GSM6523748","Neuropathy","divergent",3347.47640990949,11.7092890889294,-0.974374769257149
"CCI_GSE212311","Fbxo9","MSTRG.27665","GSM6523749","Neuropathy","divergent",3225.37133558631,11.6556967780777,-1.3557620464989
"CCI_GSE212311","Fbxo9","MSTRG.27665","GSM6523750","Neuropathy","divergent",3737.27961656982,11.8681587687669,0.15621418401801
"CCI_GSE212311","Gabarapl1","MSTRG.21383","GSM6523751","Control","shared_negative",39076.2237732108,15.2540403547653,-0.045015452979303
"CCI_GSE212311","Gabarapl1","MSTRG.21383","GSM6523752","Control","shared_negative",42974.1801675501,15.3912160675666,1.46446656932889
"CCI_GSE212311","Gabarapl1","MSTRG.21383","GSM6523753","Control","shared_negative",41572.9514423913,15.3433922565812,0.938213186375404
"CCI_GSE212311","Gabarapl1","MSTRG.21383","GSM6523748","Neuropathy","shared_negative",37562.4809142827,15.1970431396946,-0.672213006496601
"CCI_GSE212311","Gabarapl1","MSTRG.21383","GSM6523749","Neuropathy","shared_negative",36639.2974096197,15.1611435934003,-1.06725173918188
"CCI_GSE212311","Gabarapl1","MSTRG.21383","GSM6523750","Neuropathy","shared_negative",37690.5019987871,15.201951666805,-0.618199557046507
"CCI_GSE212311","Glrx","MSTRG.15024","GSM6523751","Control","divergent",4251.40793472052,12.0540642863215,-0.805797642166127
"CCI_GSE212311","Glrx","MSTRG.15024","GSM6523752","Control","divergent",4846.94270199847,12.2431569323114,-0.0675401014317132
"CCI_GSE212311","Glrx","MSTRG.15024","GSM6523753","Control","divergent",4208.25989094255,12.0393508729342,-0.863241908843999
"CCI_GSE212311","Glrx","MSTRG.15024","GSM6523748","Neuropathy","divergent",6753.57588547189,12.7216494713655,1.80059561210967
"CCI_GSE212311","Glrx","MSTRG.15024","GSM6523749","Neuropathy","divergent",5257.49542349451,12.360434354984,0.390335672597841
"CCI_GSE212311","Glrx","MSTRG.15024","GSM6523750","Neuropathy","divergent",4525.19008263044,12.1440814581997,-0.454351632265674
"CCI_GSE212311","Hmgcs1","MSTRG.15405","GSM6523751","Control","shared_negative",62132.9955314899,15.9230952094306,-0.180483552941304
"CCI_GSE212311","Hmgcs1","MSTRG.15405","GSM6523752","Control","shared_negative",70725.48354087,16.1099629130955,1.48979114746429
"CCI_GSE212311","Hmgcs1","MSTRG.15405","GSM6523753","Control","shared_negative",66952.6127326062,16.0308742832065,0.782875318765569
"CCI_GSE212311","Hmgcs1","MSTRG.15405","GSM6523748","Neuropathy","shared_negative",58884.3854201443,15.8456220000551,-0.872960310782449
"CCI_GSE212311","Hmgcs1","MSTRG.15405","GSM6523749","Neuropathy","shared_negative",57540.1441246125,15.8123062868709,-1.17074527718489
"CCI_GSE212311","Hmgcs1","MSTRG.15405","GSM6523750","Neuropathy","shared_negative",62772.318501717,15.9378638583354,-0.0484773253212694
"CCI_GSE212311","Hsph1","MSTRG.7676","GSM6523751","Control","shared_negative",24591.1351835313,14.5859093802403,0.244711214669892
"CCI_GSE212311","Hsph1","MSTRG.7676","GSM6523752","Control","shared_negative",28944.632937293,14.8210580830332,1.36107241623113
"CCI_GSE212311","Hsph1","MSTRG.7676","GSM6523753","Control","shared_negative",27213.8052454723,14.7321040914384,0.938766089379471
"CCI_GSE212311","Hsph1","MSTRG.7676","GSM6523748","Neuropathy","shared_negative",21230.4922678944,14.373918155024,-0.761710577549549
"CCI_GSE212311","Hsph1","MSTRG.7676","GSM6523749","Neuropathy","shared_negative",20423.3476066518,14.3180023761735,-1.02716901011758
"CCI_GSE212311","Hsph1","MSTRG.7676","GSM6523750","Neuropathy","shared_negative",21249.2251364334,14.375190505576,-0.755670132613379
"CCI_GSE212311","Icam1","MSTRG.26861","GSM6523751","Control","shared_positive",430.650177404735,8.75371877120229,-0.476261599907586
"CCI_GSE212311","Icam1","MSTRG.26861","GSM6523752","Control","shared_positive",375.280162791864,8.55566342338414,-1.30917571713811
"CCI_GSE212311","Icam1","MSTRG.26861","GSM6523753","Control","shared_positive",484.214004187951,8.92247737972397,0.233446211521713
"CCI_GSE212311","Icam1","MSTRG.26861","GSM6523748","Neuropathy","shared_positive",424.272017521921,8.73224211995475,-0.566580827396133
"CCI_GSE212311","Icam1","MSTRG.26861","GSM6523749","Neuropathy","shared_positive",599.626762885227,9.23032495008699,1.52808728097625
"CCI_GSE212311","Icam1","MSTRG.26861","GSM6523750","Neuropathy","shared_positive",513.624430160488,9.00737613583748,0.590484651943865
"CCI_GSE212311","Il4r","MSTRG.3322","GSM6523751","Control","shared_positive",841.099280389631,9.71784652150134,-0.549378983906679
"CCI_GSE212311","Il4r","MSTRG.3322","GSM6523752","Control","shared_positive",702.499923264335,9.45840645587169,-1.11966928847902
"CCI_GSE212311","Il4r","MSTRG.3322","GSM6523753","Control","shared_positive",766.916725824956,9.58480606093836,-0.841822961635278
"CCI_GSE212311","Il4r","MSTRG.3322","GSM6523748","Neuropathy","shared_positive",1584.80999519312,10.6310042086587,1.45788606310003
"CCI_GSE212311","Il4r","MSTRG.3322","GSM6523749","Neuropathy","shared_positive",1245.30165781172,10.283437588623,0.693879651375295
"CCI_GSE212311","Il4r","MSTRG.3322","GSM6523750","Neuropathy","shared_positive",1120.4425713604,10.1311400271238,0.359105519545639
"CCI_GSE212311","Itgal","ENSRNOG00000017980","GSM6523751","Control","shared_positive",371.883415456114,8.54258082230786,-0.564267770218788
"CCI_GSE212311","Itgal","ENSRNOG00000017980","GSM6523752","Control","shared_positive",285.294728661935,8.16135729705472,-1.44478469637928
"CCI_GSE212311","Itgal","ENSRNOG00000017980","GSM6523753","Control","shared_positive",377.589102255654,8.56448907321992,-0.51366599862603
"CCI_GSE212311","Itgal","ENSRNOG00000017980","GSM6523748","Neuropathy","shared_positive",633.92399807725,9.31044009794405,1.20926676875819
"CCI_GSE212311","Itgal","ENSRNOG00000017980","GSM6523749","Neuropathy","shared_positive",528.552472125876,9.04862983437974,0.604560203606314
"CCI_GSE212311","Itgal","ENSRNOG00000017980","GSM6523750","Neuropathy","shared_positive",545.395013469384,9.09380050708534,0.708891492859593
"CCI_GSE212311","Kel","ENSRNOG00000015682","GSM6523751","Control","divergent",50.5026860495958,5.68657577086046,1.18563969799097
"CCI_GSE212311","Kel","ENSRNOG00000015682","GSM6523752","Control","divergent",6.13537050885882,2.83498834454547,-0.851476492327267
"CCI_GSE212311","Kel","ENSRNOG00000015682","GSM6523753","Control","divergent",16.6295718610003,4.13992553372516,0.08074415463412
"CCI_GSE212311","Kel","ENSRNOG00000015682","GSM6523748","Neuropathy","divergent",39.7444512901097,5.34853169677593,0.944147871367007
"CCI_GSE212311","Kel","ENSRNOG00000015682","GSM6523749","Neuropathy","divergent",16.016741579572,4.08888290646845,0.0442803375259767
"CCI_GSE212311","Kel","ENSRNOG00000015682","GSM6523750","Neuropathy","divergent",3.17705833088962,2.06248729028012,-1.40333556919081
"CCI_GSE212311","Kif11","ENSRNOG00000056069","GSM6523751","Control","shared_positive",376.47456873335,8.56023564004508,-0.332681223817072
"CCI_GSE212311","Kif11","ENSRNOG00000056069","GSM6523752","Control","shared_positive",383.460656803676,8.58669215951354,-0.206421669139863
"CCI_GSE212311","Kif11","ENSRNOG00000056069","GSM6523753","Control","shared_positive",316.940075468477,8.31261106543798,-1.5144303406765
"CCI_GSE212311","Kif11","ENSRNOG00000056069","GSM6523748","Neuropathy","shared_positive",481.90147189258,8.91558505065305,1.36316763459605
"CCI_GSE212311","Kif11","ENSRNOG00000056069","GSM6523749","Neuropathy","shared_positive",445.465625181847,8.80240529168613,0.823035135962823
"CCI_GSE212311","Kif11","ENSRNOG00000056069","GSM6523750","Neuropathy","shared_positive",387.601116368533,8.6021462352606,-0.132669536925424
"CCI_GSE212311","Kif22","ENSRNOG00000020281","GSM6523751","Control","shared_positive",247.922276970743,7.95955153796053,-1.13882988891553
"CCI_GSE212311","Kif22","ENSRNOG00000020281","GSM6523752","Control","shared_positive",270.978864141265,8.08735073175268,-0.887478783135668
"CCI_GSE212311","Kif22","ENSRNOG00000020281","GSM6523753","Control","shared_positive",330.635017001065,8.37345253733991,-0.324783486975023
"CCI_GSE212311","Kif22","ENSRNOG00000020281","GSM6523748","Neuropathy","shared_positive",645.847333464283,9.33728144257459,1.57084240803132
"CCI_GSE212311","Kif22","ENSRNOG00000020281","GSM6523749","Neuropathy","shared_positive",405.423771232917,8.66684097583387,0.252242910847322
"CCI_GSE212311","Kif22","ENSRNOG00000020281","GSM6523750","Neuropathy","shared_positive",446.906205211806,8.80705284294375,0.528006840147581
"CCI_GSE212311","Mcm5","MSTRG.14273","GSM6523751","Control","shared_positive",229.557663861799,7.84898381228729,-0.81965523848022
"CCI_GSE212311","Mcm5","MSTRG.14273","GSM6523752","Control","shared_positive",205.53491204677,7.69024186090865,-1.06888753056012
"CCI_GSE212311","Mcm5","MSTRG.14273","GSM6523753","Control","shared_positive",256.291048681299,8.00725745544442,-0.571158212222814
"CCI_GSE212311","Mcm5","MSTRG.14273","GSM6523748","Neuropathy","shared_positive",658.764280133568,9.36580686178314,1.56182792978306
"CCI_GSE212311","Mcm5","MSTRG.14273","GSM6523749","Neuropathy","shared_positive",419.438420115042,8.71575070012335,0.541209336247604
"CCI_GSE212311","Mcm5","MSTRG.14273","GSM6523750","Neuropathy","shared_positive",386.542096924903,8.5982092220354,0.356663715232497
"CCI_GSE212311","Mybl2","ENSRNOG00000007805","GSM6523751","Control","shared_positive",51.4209167050429,5.7120706777459,0.0805653108843736
"CCI_GSE212311","Mybl2","ENSRNOG00000007805","GSM6523752","Control","shared_positive",39.8799083075823,5.35332005524449,-0.569399667883572
"CCI_GSE212311","Mybl2","ENSRNOG00000007805","GSM6523753","Control","shared_positive",28.3680931746476,4.87617769160951,-1.43386040132264
"CCI_GSE212311","Mybl2","ENSRNOG00000007805","GSM6523748","Neuropathy","shared_positive",56.6358430884063,5.84889438161437,0.328455098948703
"CCI_GSE212311","Mybl2","ENSRNOG00000007805","GSM6523749","Neuropathy","shared_positive",50.0523174361625,5.67390454625048,0.011417977636253
"CCI_GSE212311","Mybl2","ENSRNOG00000007805","GSM6523750","Neuropathy","shared_positive",92.1346915957989,6.54124675000389,1.58282168173688
"CCI_GSE212311","Pdhb","MSTRG.10636","GSM6523751","Control","shared_negative",6949.16960042438,12.7628324680674,0.767855435766735
"CCI_GSE212311","Pdhb","MSTRG.10636","GSM6523752","Control","shared_negative",7325.63238757743,12.838934515199,1.33642634059206
"CCI_GSE212311","Pdhb","MSTRG.10636","GSM6523753","Control","shared_negative",6457.16493261548,12.6569085705239,-0.0235194160137703
"CCI_GSE212311","Pdhb","MSTRG.10636","GSM6523748","Neuropathy","shared_negative",5614.89735601025,12.4553008518344,-1.52976382540267
"CCI_GSE212311","Pdhb","MSTRG.10636","GSM6523749","Neuropathy","shared_negative",6159.43818369416,12.5888172561926,-0.532240819173125
"CCI_GSE212311","Pdhb","MSTRG.10636","GSM6523750","Neuropathy","shared_negative",6460.01860614222,12.6575459143157,-0.0187577157692528
"CCI_GSE212311","Plat","MSTRG.12255","GSM6523751","Control","divergent",8428.43918634981,13.0412209359972,0.75820807809288
"CCI_GSE212311","Plat","MSTRG.12255","GSM6523752","Control","divergent",6984.09676258429,12.7700643856846,-0.609237011471539
"CCI_GSE212311","Plat","MSTRG.12255","GSM6523753","Control","divergent",5969.03808798964,12.5435244203697,-1.75168023404109
"CCI_GSE212311","Plat","MSTRG.12255","GSM6523748","Neuropathy","divergent",8300.62865193941,13.0191786834805,0.647048786782718
"CCI_GSE212311","Plat","MSTRG.12255","GSM6523749","Neuropathy","divergent",7852.20755938518,12.9390663125335,0.243041330062084
"CCI_GSE212311","Plat","MSTRG.12255","GSM6523750","Neuropathy","divergent",8375.78477966866,13.0321808922483,0.712619050574941
"CCI_GSE212311","Plaur","MSTRG.1913","GSM6523751","Control","divergent",332.399497271885,8.38110811868242,-1.39961692011367
"CCI_GSE212311","Plaur","MSTRG.1913","GSM6523752","Control","divergent",409.024700590588,8.67956701254485,-0.0840840365044877
"CCI_GSE212311","Plaur","MSTRG.1913","GSM6523753","Control","divergent",387.37120335036,8.60129242265385,-0.429099042155823
"CCI_GSE212311","Plaur","MSTRG.1913","GSM6523748","Neuropathy","divergent",508.728976513404,8.99358655809344,1.30003634576694
"CCI_GSE212311","Plaur","MSTRG.1913","GSM6523749","Neuropathy","divergent",485.507479130777,8.92631817365458,1.00353396779668
"CCI_GSE212311","Plaur","MSTRG.1913","GSM6523750","Neuropathy","divergent",389.719155255793,8.60998817607469,-0.390770314789628
"CCI_GSE212311","Plk1","ENSRNOG00000018815","GSM6523751","Control","shared_positive",138.652828972527,7.12570098862207,0.0688691955067244
"CCI_GSE212311","Plk1","ENSRNOG00000018815","GSM6523752","Control","shared_positive",96.1208046387882,6.60170846915374,-1.40412375995557
"CCI_GSE212311","Plk1","ENSRNOG00000018815","GSM6523753","Control","shared_positive",111.515952479649,6.81398575060996,-0.807392072818207
"CCI_GSE212311","Plk1","ENSRNOG00000018815","GSM6523748","Neuropathy","shared_positive",135.131134386373,7.08885325138463,-0.0347133087445548
"CCI_GSE212311","Plk1","ENSRNOG00000018815","GSM6523749","Neuropathy","shared_positive",178.186250072739,7.48531612564708,1.07978164909084
"CCI_GSE212311","Plk1","ENSRNOG00000018815","GSM6523750","Neuropathy","shared_positive",178.974285973448,7.49164698439281,1.09757829692077
"CCI_GSE212311","Prc1","ENSRNOG00000013057","GSM6523751","Control","shared_positive",293.833809743103,8.20375816316248,-0.474574565177508
"CCI_GSE212311","Prc1","ENSRNOG00000013057","GSM6523752","Control","shared_positive",331.310007478376,8.37638593005723,-0.128357553124352
"CCI_GSE212311","Prc1","ENSRNOG00000013057","GSM6523753","Control","shared_positive",197.598442113063,7.63371049559885,-1.61784487297268
"CCI_GSE212311","Prc1","ENSRNOG00000013057","GSM6523748","Neuropathy","shared_positive",542.511760109997,9.08616744134529,1.29515871235888
"CCI_GSE212311","Prc1","ENSRNOG00000013057","GSM6523749","Neuropathy","shared_positive",388.405983304621,8.60513124131518,0.330407103393398
"CCI_GSE212311","Prc1","ENSRNOG00000013057","GSM6523750","Neuropathy","shared_positive",425.725816339208,8.73716558406788,0.59521117552226
"CCI_GSE212311","Psmd8","MSTRG.2105","GSM6523751","Control","divergent",6098.88801348027,12.5745670414557,-0.599027990598908
"CCI_GSE212311","Psmd8","MSTRG.2105","GSM6523752","Control","divergent",6405.32681124861,12.6452816820474,0.2402484265267
"CCI_GSE212311","Psmd8","MSTRG.2105","GSM6523753","Control","divergent",5928.93147350135,12.5337997176946,-1.08287480274016
"CCI_GSE212311","Psmd8","MSTRG.2105","GSM6523748","Neuropathy","divergent",6368.05470795783,12.6368635489268,0.14033784867125
"CCI_GSE212311","Psmd8","MSTRG.2105","GSM6523749","Neuropathy","divergent",6142.42039576587,12.5848263953178,-0.477264892047876
"CCI_GSE212311","Psmd8","MSTRG.2105","GSM6523750","Neuropathy","divergent",7007.53165849886,12.7748965048047,1.77858141018897
"CCI_GSE212311","Pttg1","ENSRNOG00000003802","GSM6523751","Control","shared_positive",33.056303596099,5.0898499511319,0.11797904125308
"CCI_GSE212311","Pttg1","ENSRNOG00000003802","GSM6523752","Control","shared_positive",18.4061115265765,4.27843916382388,-0.534249974533597
"CCI_GSE212311","Pttg1","ENSRNOG00000003802","GSM6523753","Control","shared_positive",5.86926065682364,2.78015482915488,-1.73860235960829
"CCI_GSE212311","Pttg1","ENSRNOG00000003802","GSM6523748","Neuropathy","shared_positive",54.6486205239008,5.7982740198671,0.687425171792812
"CCI_GSE212311","Pttg1","ENSRNOG00000003802","GSM6523749","Neuropathy","shared_positive",71.0742907593508,6.17141282996513,0.987361976514715
"CCI_GSE212311","Pttg1","ENSRNOG00000003802","GSM6523750","Neuropathy","shared_positive",45.5378360760845,5.54033222452015,0.480086144581279
"CCI_GSE212311","Rhbdf2","MSTRG.6502","GSM6523751","Control","shared_positive",577.567082276286,9.17634043286989,-1.06321389466843
"CCI_GSE212311","Rhbdf2","MSTRG.6502","GSM6523752","Control","shared_positive",644.213903430176,9.33363371660314,-0.309765302831089
"CCI_GSE212311","Rhbdf2","MSTRG.6502","GSM6523753","Control","shared_positive",636.814781265365,9.31699372200136,-0.389472332930029
"CCI_GSE212311","Rhbdf2","MSTRG.6502","GSM6523748","Neuropathy","shared_positive",693.540675012414,9.43991537630731,0.199333146521978
"CCI_GSE212311","Rhbdf2","MSTRG.6502","GSM6523749","Neuropathy","shared_positive",644.673848577774,9.33466178524903,-0.304840764063937
"CCI_GSE212311","Rhbdf2","MSTRG.6502","GSM6523750","Neuropathy","shared_positive",883.222215987313,9.78826517207856,1.86795914797154
"CCI_GSE212311","Slc25a4","MSTRG.11951","GSM6523751","Control","shared_negative",20832.817110786,14.346639569494,-0.193857189266257
"CCI_GSE212311","Slc25a4","MSTRG.11951","GSM6523752","Control","shared_negative",22774.4953288839,14.4751948101192,1.70297362232433
"CCI_GSE212311","Slc25a4","MSTRG.11951","GSM6523753","Control","shared_negative",21263.3531495626,14.3761493491563,0.241559204764799
"CCI_GSE212311","Slc25a4","MSTRG.11951","GSM6523748","Neuropathy","shared_negative",20624.3893857202,14.3321337357343,-0.407890567363731
"CCI_GSE212311","Slc25a4","MSTRG.11951","GSM6523749","Neuropathy","shared_negative",21035.9879720704,14.3606405371822,0.0127268968736626
"CCI_GSE212311","Slc25a4","MSTRG.11951","GSM6523750","Neuropathy","shared_negative",19726.3551764936,14.2679099281336,-1.35551196733278
"CCI_GSE212311","Slc4a1","ENSRNOG00000020951","GSM6523751","Control","divergent",731.829832391415,9.51733442433283,1.8285852948883
"CCI_GSE212311","Slc4a1","ENSRNOG00000020951","GSM6523752","Control","divergent",340.513063241664,8.41579695398121,-0.102256488497153
"CCI_GSE212311","Slc4a1","ENSRNOG00000020951","GSM6523753","Control","divergent",221.075484740357,7.79490633009047,-1.19059128580352
"CCI_GSE212311","Slc4a1","ENSRNOG00000020951","GSM6523748","Neuropathy","divergent",357.700061610987,8.48663418287016,0.0219113088219525
"CCI_GSE212311","Slc4a1","ENSRNOG00000020951","GSM6523749","Neuropathy","divergent",342.357851263352,8.42356914261097,-0.0886329241985058
"CCI_GSE212311","Slc4a1","ENSRNOG00000020951","GSM6523750","Neuropathy","divergent",294.407405329104,8.20656218208482,-0.46901590521106
"CCI_GSE212311","Smtn","MSTRG.10191","GSM6523751","Control","divergent",3492.03118266568,11.7702638065464,1.38011377118104
"CCI_GSE212311","Smtn","MSTRG.10191","GSM6523752","Control","divergent",3388.76964439302,11.7269715213914,-0.0969001311933111
"CCI_GSE212311","Smtn","MSTRG.10191","GSM6523753","Control","divergent",3360.15172603154,11.7147399535956,-0.514207640313934
"CCI_GSE212311","Smtn","MSTRG.10191","GSM6523748","Neuropathy","divergent",3327.60418426443,11.7007016095261,-0.993157395051856
"CCI_GSE212311","Smtn","MSTRG.10191","GSM6523749","Neuropathy","divergent",3469.62664467479,11.7609804591495,1.0633914471757
"CCI_GSE212311","Smtn","MSTRG.10191","GSM6523750","Neuropathy","divergent",3338.02928632136,11.7052130318652,-0.839240051797644
"CCI_GSE212311","Top2a","ENSRNOG00000053047","GSM6523751","Control","shared_positive",425.140793472051,8.73518635375936,-0.0367554221892364
"CCI_GSE212311","Top2a","ENSRNOG00000053047","GSM6523752","Control","shared_positive",394.708836069917,8.6282954704301,-0.385344428853105
"CCI_GSE212311","Top2a","ENSRNOG00000053047","GSM6523753","Control","shared_positive",303.245133935888,8.24909037858816,-1.62199550862648
"CCI_GSE212311","Top2a","ENSRNOG00000053047","GSM6523748","Neuropathy","shared_positive",507.735365231151,8.99077157780299,0.796750641119175
"CCI_GSE212311","Top2a","ENSRNOG00000053047","GSM6523749","Neuropathy","shared_positive",427.446790904828,8.74297223596955,-0.0113643611266171
"CCI_GSE212311","Top2a","ENSRNOG00000053047","GSM6523750","Neuropathy","shared_positive",560.221285680202,9.13242591748327,1.25870907967626
"CCI_GSE212311","Tpx2","ENSRNOG00000008165","GSM6523751","Control","shared_positive",328.726574650096,8.36512635694947,-0.855104047441864
"CCI_GSE212311","Tpx2","ENSRNOG00000008165","GSM6523752","Control","shared_positive",310.858772448847,8.2847490316341,-1.16396360548285
"CCI_GSE212311","Tpx2","ENSRNOG00000008165","GSM6523753","Control","shared_positive",349.221009081007,8.45212182062745,-0.520813495252818
"CCI_GSE212311","Tpx2","ENSRNOG00000008165","GSM6523748","Neuropathy","shared_positive",406.387014441372,8.67025618456156,0.317394083487837
"CCI_GSE212311","Tpx2","ENSRNOG00000008165","GSM6523749","Neuropathy","shared_positive",485.507479130777,8.92631817365458,1.30134313220354
"CCI_GSE212311","Tpx2","ENSRNOG00000008165","GSM6523750","Neuropathy","shared_positive",453.260321873585,8.82737548606493,0.921143932486154
"CCI_GSE212311","Uqcrc2","MSTRG.3252","GSM6523751","Control","shared_negative",8425.68449438347,13.0407493945504,0.0292442112010903
"CCI_GSE212311","Uqcrc2","MSTRG.3252","GSM6523752","Control","shared_negative",9429.04191036453,13.203048467412,1.30593391716523
"CCI_GSE212311","Uqcrc2","MSTRG.3252","GSM6523753","Control","shared_negative",8645.42094750123,13.0778873596293,0.32138178710217
"CCI_GSE212311","Uqcrc2","MSTRG.3252","GSM6523748","Neuropathy","shared_negative",7194.73929479211,12.8129272026406,-1.76286859679646
"CCI_GSE212311","Uqcrc2","MSTRG.3252","GSM6523749","Neuropathy","shared_negative",8298.67423091575,13.0188389952583,-0.143109091479834
"CCI_GSE212311","Uqcrc2","MSTRG.3252","GSM6523750","Neuropathy","shared_negative",8590.76572672552,13.0687389402876,0.249417772807815
"CCI_GSE212311","Uqcrfs1","MSTRG.12835","GSM6523751","Control","shared_negative",4022.76850151416,11.9743315899733,0.422607185459807
"CCI_GSE212311","Uqcrfs1","MSTRG.12835","GSM6523752","Control","shared_negative",4216.02210133749,12.0420088674379,1.29091682554933
"CCI_GSE212311","Uqcrfs1","MSTRG.12835","GSM6523753","Control","shared_negative",4053.7026936462,11.9853804190487,0.564365322861725
"CCI_GSE212311","Uqcrfs1","MSTRG.12835","GSM6523748","Neuropathy","shared_negative",3778.70370640718,11.8840574296769,-0.735623857114385
"CCI_GSE212311","Uqcrfs1","MSTRG.12835","GSM6523749","Neuropathy","shared_negative",3926.10377969259,11.9392500085817,-0.0274947756876544
"CCI_GSE212311","Uqcrfs1","MSTRG.12835","GSM6523750","Neuropathy","shared_negative",3622.90551665779,11.8233296262421,-1.51477070106885
