"symbol","statistic"
"Npy",21.6742043655814
"LOC100912228",21.3409820105422
"Stac2",16.7510182071897
"Atf3",13.5993890547491
"Reg3b",12.446918967241
"Rab30",11.7121678808058
"Usp37",10.971984002787
"LOC103689927",9.92520675445002
"Flrt3",9.65581993928185
"Pde6b",9.41490041113939
"Gal",9.19273321645977
"Tubb6",9.11732721951569
"Csrp3",8.88071236886808
"Cd74",8.57195695809159
"Clec7a",8.22693757318312
"Ccl2",7.73739463949022
"Sprr1a",7.72775822081818
"Ankrd1",7.72366221713668
"Jun",7.7074154739147
"Ccni",7.57906136096021
"Dsp",7.41232450505145
"S100a11",6.82290330057889
"Ctss",6.60785297985122
"Cacna2d1",6.59756951718813
"Sema6a",6.55859510335266
"Gap43",6.51694583688162
"Adcyap1",6.50107864677739
"LOC688459",6.48144578486021
"Smagp",6.43921682701123
"Gadd45a",6.41816076403388
"Lce1f",6.35571291737936
"Serpina1",6.26732202027819
"Tgm1",6.2140164058083
"Mmp19",6.18339532247715
"Cckbr",6.17338602592483
"Nsg1",6.16966863426578
"Lyz2",6.16638313010442
"Sema3c",6.08442379810324
"RGD1306556",6.03789267013661
"Il6",5.94979059597667
"Csf1",5.93527783014248
"Stmn4",5.92852600865021
"Cybb",5.87626457554768
"Sox11",5.8497131989497
"Crisp3",5.84950972810082
"En1",5.84903586050101
"Ptpn5",5.82802596373965
"Ptpro",5.73479424703678
"Tdrd12",5.72887881173752
"Cxcl16",5.71662936563379
"Tet3",5.68529541873286
"Tmx3",5.68331532931541
"Arid5a",5.68031789034801
"Il13ra1",5.67025842178482
"Bcl3",5.6553937319235
"Fat4",5.63020887359763
"Tslp",5.59962169441468
"Ptprh",5.59816800205228
"Parp3",5.53386698759488
"Rnf5",5.4781209171645
"Xcl1",5.47254550376829
"Cidec",5.43627796721622
"Ccdc172",5.38002006630056
"Fxyd5",5.37448428856925
"Npy2r",5.36312007883313
"Crtac1",5.34015608487818
"Il24",5.31037338662522
"Cxcl9",5.27959678550308
"C1qc",5.27322446833461
"Serinc2",5.2330916039687
"Tecta",5.19111456984191
"Cdhr5",5.15953134947691
"LOC100360218",5.14880944439963
"Cldn4",5.14334274478127
"Cbln2",5.11603226898833
"Hopx",5.11105390808923
"Ptprt",5.08971524299574
"Sdc1",5.0777861090345
"Arhgap36",5.0567831643756
"Rhoq",5.05540139264501
"Mmp16",5.04300308714556
"Socs3",5.01989798296287
"Abca1",5.01778253523798
"Lcp2",5.0081800783848
"Nabp1",4.97042840834502
"Pld4",4.9593247733524
"Mettl27",4.93931599734853
"Maoa",4.92731707331047
"Bdnf",4.90821912534266
"Lcp1",4.88699385090462
"Ndrg2",4.8869212014154
"Abca12",4.88678021374487
"Arg1",4.83577951505692
"Cx3cr1",4.83484164256818
"Tp53i11",4.83416957531231
"Cldn7",4.78984478392114
"Npr3",4.76154872842699
"Cnga4",4.74577543299914
"Ifi30",4.73837069104375
"Ddx6",4.73116663143157
"Rpl35a",4.72418418830012
"Tph2",4.71788261734631
"Pdyn",4.71641652685317
"Ssc5d",4.6991870331227
"Pappa1",4.68874579427169
"Vtcn1",4.66538025141222
"Fam171a2",4.60146231789311
"Gzmb",4.5957538170656
"Grifin",4.58581366265083
"Gch1",4.58189166400668
"Chdh",4.5700588917452
"Mfap3l",4.56690874637103
"Bdkrb2",4.55443581083616
"Sstr3",4.5413598419469
"Arpc1b",4.52817926419265
"Sema4f",4.52186833065578
"Il4r",4.51156537402965
"Itgb1",4.50523348764989
"C1qb",4.50222410786828
"Pdcl3",4.45550228203449
"Glipr2",4.45146202662474
"Dhcr24",4.4350788674688
"Cyp2s1",4.40475394016722
"Sbno2",4.38713958958216
"Cdkn1a",4.38034292322034
"Fmo9",4.37464531809675
"LOC108348048",4.3737311747928
"PCOLCE2",4.37041238237208
"Csrnp1",4.34517859870452
"Hs6st1",4.34102906657406
"Mmd",4.33562529759286
"Mlph",4.33515477093339
"Tmem43",4.32895501496905
"Csf1r",4.31864025464118
"Vip",4.31489342866683
"Flnc",4.30431186807615
"Rgs1",4.30324612239543
"Padi3",4.3007606443799
"Il18rap",4.29373655300676
"Reg3a",4.29362101955833
"Plek",4.28714534681177
"Def8",4.27466573929701
"Azin2",4.27106458358558
"Selplg",4.2649323822334
"Draxin",4.24622362249407
"Gfap",4.22943896773147
"Tspan13",4.22293240610882
"Abl1",4.20587790391363
"Plekha2",4.20273482882727
"Panx1",4.1916269604847
"Cd4",4.18771380206234
"Emilin2",4.166505601006
"Gpc1",4.16314022300029
"Mcm5",4.16120102741856
"Kcnk2",4.16070113213479
"Cd68",4.16053182709783
"Gdpd5",4.15445605356006
"Cfh",4.15090032599985
"Csf2rb",4.14385919296521
"Axl",4.1378280803222
"Il1r1",4.13657926603876
"Elk4",4.1365719461553
"Sstr4",4.13513134530655
"Hspa12b",4.12069314914818
"Slc6a1",4.08805847688251
"C2cd2",4.08657213533738
"Camk2d",4.08248687385279
"Mx1",4.08239767091298
"Shisa5",4.07091052626605
"Syt4",4.05978698787351
"Gadd45g",4.05752074533686
"Cyth4",4.04096210691579
"Stx11",4.03605754116214
"Ap1s1",4.0049254966459
"Xkr4",4.00358190936896
"Hr",3.98106713897345
"Ifnlr1",3.97989153765986
"Btg2",3.9794835459836
"Plekhh1",3.97471475335952
"Rhoc",3.97032985521398
"Dennd2c",3.96689480162578
"Atg12",3.94223688812017
"Serpinb2",3.93862840834216
"Prrg1",3.93607338223114
"Ecel1",3.93469473051832
"Dbp",3.92885181302041
"Prokr2",3.9032871857877
"Ms4a6a",3.89901110433561
"Tln1",3.87427861362051
"Cd63",3.86540566650953
"Slc26a2",3.85899026837802
"Ap4s1",3.85578198699514
"Map1lc3b",3.84755539893894
"A3galt2",3.83535959666821
"Itgal",3.83471025739501
"LOC100365958",3.83094239497937
"Ccl6",3.82830007342353
"Ctbp2",3.8224491864092
"Rgs2",3.80627314413513
"LOC100362149",3.80102372647712
"Ankrd33b",3.79142671528202
"Bard1",3.772436556642
"Spi1",3.76916768613114
"Alkal2",3.76916417584344
"Tpbg",3.7533227184185
"Rab31",3.74006310413959
"Htr1b",3.73644301757124
"Adamts4",3.72838018127172
"Slc11a1",3.72457794967239
"Rpp38",3.71791309271627
"C1qa",3.7019724750031
"Krt7",3.69397776287699
"Plcd1",3.68913069609858
"Basp1",3.68816251613915
"Triobp",3.68301996708118
"Rpl13",3.67602074757172
"Il1rl1",3.67331395119135
"Cacnb1",3.66145838173673
"Fam210b",3.6569706678725
"Cdc42se2",3.65474755324333
"Mdga1",3.64969688011876
"Limk2",3.64765179134263
"Sel1l3",3.64227755639712
"Tacstd2",3.64212912105023
"LOC299282",3.64189941660445
"Plekho2",3.64127103910941
"Ccnf",3.63445903887641
"Midn",3.63416694136942
"Acsl4",3.63286252384603
"Tprg1l",3.63253288475387
"Lmx1a",3.62715454506698
"Igsf8",3.62706829750091
"Gpr88",3.62571193671757
"Pabpc1",3.6140886734828
"Nckap1l",3.61314114134474
"Nlrc4",3.61175056874379
"Tnfrsf21",3.60515698907406
"Nnat",3.60425449012427
"Pvr",3.59597350706179
"Thbd",3.59471061044943
"Lyc2",3.58950394270501
"C3",3.58451776745634
"Il2rb",3.57834077143979
"Syne3",3.57015151874853
"Nr1d1",3.56349130879343
"Rasd1",3.56175751737352
"Lifr",3.55653810081041
"Steap1",3.55563581310611
"Cryba2",3.55382488033811
"Scube2",3.53387808218731
"Cpne9",3.5301280500487
"Esyt1",3.52448720059952
"Npl",3.52262523921893
"Dgcr6",3.51319947514005
"Tyrobp",3.50887368399403
"Ipo5",3.50853734628558
"Ifi47",3.50814459003121
"Cd44",3.50459445720542
"Smad1",3.50270862317118
"Fabp5",3.5008201381021
"Slc14a1",3.48551311935652
"Il6r",3.47214648731795
"Gprc5a",3.46802483681486
"Sh3rf1",3.45958598847824
"Klhl1",3.45630062161393
"Vsir",3.45544625736786
"Znf773",3.45058583620849
"Meis3",3.45044622471266
"Raver2",3.45029303878979
"Alpk1",3.42014972113495
"Plau",3.41037444194154
"Pip5k1b",3.40884630362378
"Tspo",3.40572239206171
"Tspan2",3.39350338340408
"Cln8",3.389462492253
"Trpa1",3.3875868437818
"Itpkc",3.38476005609676
"Mrap2",3.36408638975384
"Steap4",3.3578577738445
"Rab33b",3.35777588293795
"Grm5",3.35713517590322
"Dnah8",3.34697872902728
"Tmem61",3.34555993886942
"Kif22",3.34193089498241
"Stat5b",3.33735229234676
"Dusp1",3.33142158215258
"Ctxn1",3.32577780216419
"Iffo1",3.32536880116927
"Clec10a",3.31068163999478
"C7",3.29417012355364
"Prr13",3.29295115350462
"Pou2f2",3.2911058960887
"Spr",3.288457891314
"Antxr2",3.28523314425617
"Ostf1",3.27753828538266
"Spata18",3.2718656839084
"Gas7",3.26516402995354
"Slc43a3",3.25480739036777
"Ppp1r12a",3.25153941568607
"Jpt1",3.25036927540279
"LOC100911991",3.22699432188548
"Medag",3.21903852827071
"Cd59",3.21795639357873
"Cox7a1",3.2055825352162
"Ltbp1",3.2050486941455
"Lyn",3.20149923979373
"Adgrd1",3.19997867735958
"Elmsan1",3.19918965541546
"Ptp4a1",3.19353290536522
"Rcl1",3.19175654532078
"Timp1",3.19131493886383
"Gcnt7",3.18906092671681
"Narf",3.18836211704898
"Stmn2",3.1853512869335
"Rad54l2",3.18488486165239
"Nudt6",3.18476174703325
"Tnfrsf1a",3.18016958169011
"Sod2",3.17664517812938
"Chrna1",3.16268352160835
"Tifab",3.15551883657127
"Cldn12",3.15466517639779
"Ptpn9",3.14774803511624
"Hs2st1",3.14564410980426
"Arhgap15",3.13940132531388
"Cldn23",3.13642623256304
"Acta2",3.13529993107609
"Cfap157",3.13235484319797
"Slc20a2",3.1163854987435
"Sez6",3.11298786130727
"Hspb1",3.11216353044047
"Mrps6",3.11025723752217
"Bin1",3.10858264231615
"Kcng1",3.10613182177994
"Plcb2",3.10320964112776
"Tnfaip8l3",3.10108849321341
"Cdc25c",3.09547485404644
"Cdh19",3.09473715516776
"Crybg1",3.07740343205288
"Rbpjl",3.07358901358371
"Carhsp1",3.07351539219137
"Mlxipl",3.07150553636793
"Dgat2",3.06733148344826
"Grm1",3.06543882302565
"Rrp12",3.06530622914061
"Cyp2j10",3.06461608977827
"Qdpr",3.06326641596048
"Psd4",3.06293193662644
"Samd9",3.06114613759778
"Tgfbr1",3.06013747186816
"Dapp1",3.05925240467568
"Igsf23",3.05829164503333
"Lrrc2",3.05672905796408
"Sik1",3.05594458050265
"Itgb2",3.0555490198712
"Tsta3",3.04800058123232
"Szrd1",3.04346692950262
"Cacna1b",3.04104393861827
"Tubb3",3.03118688457673
"Coq8b",3.02806145793574
"Fes",3.02454218187843
"Ydjc",3.02168529555214
"Gfod2",3.02147411282618
"Ostc",3.01999024524614
"Tmem98",3.0167366503325
"Plch2",3.01620835173225
"Arsb",3.01355206629334
"Robo1",3.01262151355303
"Anxa3",3.00917810750258
"Prlhr",3.00676946891647
"Vwa3a",3.00634574240776
"Cemip",3.00344860126766
"Lat2",3.00328625058468
"Wdr1",2.99780377821547
"Cldn22",2.99670466244107
"Hamp",2.99499067268453
"Cyp1b1",2.99463793233334
"Nrip1",2.99433120607365
"Runx2",2.99191602554978
"Pik3ca",2.96521432988619
"Casp3",2.96152074186659
"Niban1",2.96145431168982
"Pcdh15",2.9597216726468
"Rnh1",2.95931415197436
"Csnk1e",2.95692461392599
"Crlf1",2.95670197160871
"Serinc5",2.95547135715104
"Syngr1",2.95541193035241
"Slc39a6",2.95252078269216
"Pcnx1",2.94049253837722
"Dnmt3b",2.94022648428052
"Clnk",2.93308009729591
"Acp5",2.93109720197769
"Cpne8",2.92692869036991
"Ina",2.92498028035666
"Angpt4",2.92262445761687
"Nenf",2.91605730059291
"Pcdhb11",2.91587162086045
"Arrb1",2.91466404515184
"Itga7",2.911705111874
"Tmsb15b2",2.90933444783051
"Zkscan2",2.90705781326829
"Btg3",2.90413844058406
"Fcgr3a",2.8997962061385
"Ptprc",2.89796935575037
"Zfp36",2.89545775644213
"Nos1",2.8934005191844
"Tinagl1",2.89261295947284
"Ccdc69",2.88272062327007
"Mreg",2.87593571769163
"Slfn2",2.87499445863877
"Fam214a",2.87288096122916
"Akap7",2.87168121420983
"Duox2",2.86382243618962
"Ptprd",2.86299360947551
"Wdfy4",2.86134474065617
"Myof",2.85907278238658
"Gpx2",2.85787440413079
"Slc7a6os",2.8526214180462
"Pgk1",2.84362221367985
"Col16a1",2.84251660911716
"Nudt17",2.84208146853246
"Ppdpf",2.83721563095819
"Nt5dc3",2.83650847251839
"Celf3",2.83260349030292
"Arhgap45",2.83238868458401
"Ripor1",2.82870161424136
"Tifa",2.82542808998096
"Adamts5",2.82428103292899
"Pnp",2.82381893335983
"Rundc3a",2.81568117639346
"Ankrd34b",2.81135594731959
"Tmsb4x",2.81131732954813
"Ciita",2.81019285505182
"Prc1",2.8044815968303
"Ezh2",2.80436786328148
"Enc1",2.7975299942068
"Usp28",2.79673036082464
"Calb1",2.78914019601338
"Megf11",2.784081159347
"Jak2",2.78204639103002
"Tmem176a",2.78187308773454
"Ifitm1",2.78166480719634
"Fbrsl1",2.77871043037811
"Rpusd3",2.77730810665907
"Mycl",2.77589071738759
"Tuba1c",2.77516317870929
"RGD1560398",2.7720741911889
"Ralgps2",2.7702687869878
"Txnrd1",2.76979857943141
"Nectin3",2.76850089908031
"Plin2",2.76576458112082
"Npy1r",2.76364764831839
"Csrp1",2.76356421362738
"Fcgr1a",2.76074602433012
"Ddah1",2.76001493347044
"Cd99",2.75664114395013
"Gpr183",2.75365556581653
"Fzr1",2.75322840956624
"Smim35",2.75246998368388
"Marchf1",2.75023055430951
"Rras2",2.74859165593061
"Itgb4",2.7448262606675
"Nfyb",2.74480158787481
"Dhfr",2.73618482867238
"Tpm4",2.72659163094289
"Cd22",2.72613378695045
"Arl4a",2.72503327925311
"Peli3",2.72283874702274
"Rsph10b",2.72160183496272
"Pram1",2.71623078071148
"Dyrk3",2.71542684673197
"Zdhhc18",2.70717602857256
"Grk6",2.7043220961877
"Plp2",2.70325315476227
"Serpine1",2.70083375723175
"Cers6",2.70075492973098
"Abi1",2.69984985745929
"Ripk3",2.69579539107595
"Gfra3",2.69278127880237
"Crmp1",2.69180704084299
"Hif1a",2.68742433957124
"Mylk",2.68442606930062
"Ccdc9b",2.67989015229549
"Lrp12",2.67800232142192
"Eppin",2.67792552754334
"Xdh",2.67525476028333
"Mcm10",2.67336056272165
"Chst10",2.67259525100102
"Ifngr1",2.6692538995822
"Aldh1l2",2.66888430083834
"Havcr2",2.66849817088514
"Ttc39a",2.66548398241705
"Man1a1",2.66081942643937
"Stat5a",2.65994534698428
"Stom",2.65965611008573
"Abca17",2.65842983687264
"Capn5",2.65783167655793
"Fxyd1",2.6547278489628
"Paox",2.65120686265934
"Tpx2",2.65116441034621
"Stat3",2.65066944141668
"Cttnbp2",2.65053120332514
"Neurod4",2.64998891374172
"Clic4",2.64885914097169
"B4galt2",2.64577551298108
"Lama5",2.64563631828988
"LOC100909441",2.64467674797569
"Ctsh",2.64346378919291
"Vil1",2.64236602985466
"Tnip1",2.64047074950383
"Hjurp",2.63885495682604
"Ppp1r13l",2.63545372682185
"Micu2",2.63341449055619
"Arnt2",2.6327834659202
"Rnd1",2.63103666349875
"Asap2",2.62911327725399
"Ckap2",2.6256851357299
"Csk",2.62478243736116
"Cxcl1",2.62384751958082
"Hcls1",2.6231364473877
"Itgb8",2.62266191829917
"Mchr1",2.62175367969267
"Steap2",2.62077148133983
"Kcnmb4",2.61472779348642
"Dclk1",2.61319111510816
"Tlcd5",2.60789884102509
"Tle3",2.60726471772793
"Scn3a",2.60171214465985
"Abi3",2.59970626276021
"Plekhb2",2.59815771665442
"Irf5",2.59341154028541
"Shisa7",2.59309948935176
"Slc41a3",2.58847577657784
"LOC100909595",2.58498172009465
"Cyp27b1",2.58264799851796
"Pros1",2.57839994114018
"Btg1",2.57656203582581
"Clec12a",2.5765582470483
"Vash2",2.5763173814339
"Myo10",2.57529603279598
"Atp6ap1l",2.5735254470278
"Fads3",2.57343715954781
"Med15",2.57208709276539
"Vav1",2.57097001496631
"Tagln2",2.57056419079766
"Get1",2.56852803130056
"Dbn1",2.56403963728872
"Brat1",2.56383186891623
"Srrm4",2.55974379036063
"Aox2",2.55468618397485
"Elf1",2.55100983669422
"Mapre1",2.54652819973886
"Slc29a3",2.54507508263819
"Pdlim1",2.54407978621833
"Vsig1",2.54314388902188
"Serpini1",2.54309463053198
"Rgs12",2.54157253228159
"Ehd3",2.54007420473417
"Efcab1",2.53958401259841
"Grip1",2.53948386843356
"Hdc",2.53820063574061
"Gpr85",2.53710058777304
"Prag1",2.53693101011902
"Ehbp1",2.53688933652629
"Atp13a3",2.53574932841654
"Ctsc",2.5354628983955
"Fbln7",2.53455873611616
"Lmcd1",2.53415370836441
"Nfil3",2.53291794479294
"Kif3a",2.53270301149003
"Pigx",2.53259793915532
"Atp1b2",2.53254430829614
"Kpna2",2.53030167171664
"Pycard",2.52693815958944
"Ano6",2.52665325602962
"Tspan31",2.52629160592007
"Zfp113",2.52475961023123
"Irf3",2.52446020213808
"Tnfaip6",2.52387508945261
"Prkcb",2.52331659898608
"Abca13",2.5221223612828
"Vcl",2.52155695694601
"Drd2",2.51781499766659
"LOC103694863",2.51743781539206
"Rpl15",2.51717181858429
"Ccrl2",2.5165860021985
"Agfg1",2.5156250050228
"Strip1",2.51336322278503
"Atp10d",2.51145279217497
"Fam221b",2.51123000972389
"Gng2",2.51044169545412
"Gja4",2.51021830093583
"Tmprss11f",2.50534666612279
"Agtpbp1",2.5005705348756
"Atp8b4",2.49993076217011
"Crispld2",2.49774962209857
"Magix",2.49724726260503
"Emp3",2.49374773744431
"Mstn",2.49370012728671
"Chrm3",2.48663165676618
"Klhl6",2.48538081941923
"Prelid3b",2.4848271453986
"Sorbs1",2.48360690116647
"Serinc4",2.47980405676271
"LOC108349606",2.47884308310423
"Cttnbp2nl",2.47541636603664
"Ajap1",2.47305763093726
"Tcim",2.47209191307278
"Sting1",2.47189218344168
"Ctnnd2",2.47182925106697
"Tmem86a",2.47053108333092
"Rab33a",2.46988213155321
"Ahr",2.46925983661188
"St8sia3",2.46666043527964
"Blnk",2.46582553818599
"Lnp1",2.46269450862975
"Pdlim4",2.46229306859418
"Atp6v0c",2.45941839396637
"Anxa8",2.45822868044837
"Dsc2",2.45818224862968
"Mmp3",2.45530976554055
"Cdkn3",2.45372518629203
"Zfp287",2.44854876229234
"Prph",2.44702489243054
"Cenpu",2.44459399084449
"Tbc1d1",2.4435752686851
"Adamts1",2.44006746039317
"Ptprn",2.43152766290957
"Kcnd1",2.43149505189967
"Ppp1r14b",2.43031339521017
"Ranbp1",2.42971629572586
"Ptger4",2.4295110277727
"Tulp4",2.42587697740349
"Crem",2.42410764441869
"H2az2",2.4231653063186
"Septin10",2.42266827074067
"Dera",2.42200646692726
"Hook1",2.42150351695564
"Phip",2.42114246541905
"Slc4a8",2.42106710888922
"LOC103689941",2.42053236315213
"Macf1",2.41411726823906
"Nt5c3b",2.41172101247517
"Sh2d1b",2.41171646140494
"Tceal9",2.403492162014
"Trpv3",2.40131762039601
"Adarb1",2.39961783347458
"Rasl12",2.3965455273423
"Kif18b",2.39448896043869
"Coro1c",2.39442979955827
"Tns3",2.39115247017635
"Tmem273",2.39052678918426
"Pmfbp1",2.38872834544362
"Itgax",2.3878153133574
"Tlr7",2.38423659089748
"Rbm19",2.38256208871523
"Ibsp",2.3810618196088
"Ube3d",2.38044030125739
"Cabp2",2.37935486076209
"LOC103692570",2.37791618463566
"Arhgap23",2.37496882054546
"Ankrd12",2.37136693545445
"Cfap54",2.37099388626022
"Shisa4",2.37083603513756
"Pea15",2.36943624146799
"Ikzf2",2.3692227783779
"Txlna",2.36899484338491
"Prtfdc1",2.36552904545822
"Haspin",2.36521515671056
"Il33",2.36485785612827
"Cebpa",2.36483889495196
"Slc25a2",2.36425318867068
"Smim14",2.36220832234776
"Ifngr2",2.36190705096292
"Matk",2.36115409680516
"Arntl2",2.35949921127399
"Knstrn",2.35753923799612
"Arl10",2.35545360968478
"Ncf1",2.35472654857934
"Pgm2",2.35377745920353
"Pacs1",2.35281627124037
"Slc25a29",2.35019638890065
"Fkbp11",2.34686979104485
"Cfi",2.34650937823809
"Plekhg4",2.34620018410119
"Rassf10",2.34527603963314
"Cdh17",2.34383737565338
"Hmx1",2.3432020758592
"Tnks1bp1",2.34131835888169
"Crabp2",2.33785347841428
"Foxo4",2.33664132883583
"Pttg1",2.33404525839421
"Sh3bp1",2.33367946495294
"Srgap2",2.33341071264913
"Nbeal2",2.33163645869767
"Fblim1",2.32922130429679
"Ptpn1",2.3264139063338
"Siglec15",2.32501276500158
"LOC680121",2.32235323625128
"Ankrd13b",2.32112572161241
"Gfpt1",2.32087563582192
"Rpl10a",2.32049687914412
"Ypel1",2.31847785903068
"Plcg2",2.31822472215759
"Cyb561d1",2.31694836899585
"Dlgap4",2.31381207969198
"Slc1a6",2.31320446449348
"Tbxas1",2.31056600765795
"Cidea",2.31007036962843
"Pcbd1",2.30992891339667
"Prrc2b",2.30840130197387
"Dido1",2.3070250554792
"Lrrc25",2.3050968998529
"Gpr34",2.30316880066022
"Zyg11a",2.30259170875335
"Myrf",2.30250581621279
"Cmtm2b",2.30127115004631
"Dpysl3",2.29893155860994
"LOC100909857",2.29877329781579
"Zfp36l1",2.29849910023685
"Plekhf1",2.29670949301098
"Anxa1",2.29617449642429
"Cst7",2.29217359835702
"Anxa2",2.29099897694101
"Sdc4",2.29015211950903
"Kif15",2.28725551188977
"Mpp2",2.28588646873165
"Dennd1b",2.28388824406355
"LOC103690002",2.2837622842677
"Tlr13",2.28371524635237
"Ppp1r15a",2.28300562648446
"Sat1",2.28035719675332
"Rbp4",2.27415998372058
"Pfkfb3",2.27376901446837
"Traf3ip3",2.27323050218243
"Rec114",2.27154194969897
"Sarnp",2.26966660498543
"Pde7a",2.26628375190516
"Spata2L",2.26600015898371
"Focad",2.26531081429681
"Ppp4r1",2.26525072682527
"Sestd1",2.2618354198509
"Cxadr",2.26146778400785
"Bhlhe41",2.26142022572248
"P2rx3",2.25540552481228
"Pid1",2.25464778866234
"Tmod2",2.25433479158503
"Map7d1",2.25401818029507
"Rhog",2.25063556105875
"Pik3r5",2.24794641540705
"Soat1",2.24711173024973
"Abca3",2.24598259622015
"Grxcr2",2.24408697451396
"Lrrc7",2.24362400593341
"Reep4",2.24116498158573
"Chst1",2.24073085107339
"Rhof",2.23795742732542
"Zfyve28",2.2369155802371
"Cops9",2.23539978919295
"Imp3",2.2351781908134
"Csmd2",2.23488182385258
"Septin3",2.23478808780077
"Egr2",2.23147924688537
"Tmem119",2.23100198015239
"Atp5mc2",2.23039682058465
"Cyp4b1",2.22920139511777
"Clec4a1",2.22916596097628
"Dgat1",2.22672087626904
"Ghdc",2.22645479341034
"Serpinb1a",2.22601461898689
"LOC100360573",2.22512549325346
"Jup",2.22507931023254
"Vom2r16",2.22432336749278
"Depp1",2.22427618144144
"Mafk",2.22405050306134
"Cckar",2.2228772990064
"Micb",2.22243249860045
"Cym",2.22188312796513
"Nradd",2.22013701875648
"Mxra8",2.21933985620496
"Cysltr1",2.21922836143306
"Clec2d",2.21819621167509
"Card11",2.21517894323477
"Trpv2",2.21353682382668
"LOC499235",2.2126887068838
"Col6a6",2.21258489147532
"Evl",2.20838356762637
"Trpv4",2.20803052319419
"Vim",2.20772589465991
"Junb",2.20753165782746
"Mlh1",2.20719657210263
"Fcgr2b",2.20557518779868
"Hormad2",2.20524672541788
"Unc93b1",2.20489957174518
"Gabrb1",2.20357166514412
"Pde2a",2.20131864963271
"Rnf2",2.20027201502975
"Rps18l1",2.19950288527039
"Sv2a",2.19925793763095
"LOC100361934",2.19901282796617
"Ppp1r36",2.19806837654772
"Klf6",2.19642950785881
"Scube1",2.19576097678331
"Slc25a28",2.19388582367025
"Cd38",2.19209730973082
"Tmem258b",2.19184961100746
"Rcan1",2.19082174956873
"Acvr1c",2.18988832007344
"Scimp",2.18810169673343
"Akap6",2.1869866299058
"Slc2a1",2.18252157397462
"Myl4",2.18090753460135
"Tpm3",2.18062496749847
"Them4",2.17922877234741
"Has1",2.1774825345502
"Calcoco1",2.17590534594566
"Pdgfc",2.17533397581022
"Gpr160",2.17418092417242
"Gng3",2.17155002046215
"Stx1a",2.17060792623321
"Tafa4",2.16856646724675
"Mcub",2.16155016071756
"Ctns",2.15914273818634
"Timeless",2.15821009530987
"Zmynd15",2.15613142810786
"Ccng1",2.1557151464069
"Tor1aip1",2.15485501447352
"Mis18a",2.15208748726951
"Slc3a2",2.15206259794278
"Man2a2",2.14965610183172
"LOC100364435",2.14732962258757
"Plekha7",2.14607578881826
"Ttll9",2.14551737770464
"Syngr2",2.14507714084602
"Sult5a1",2.14179208801772
"Uck2",2.14173363151047
"Eno1",2.1401573515657
"Serpinb1b",2.14001448443182
"Agrp",2.13996985057342
"Litaf",2.13832844767567
"Baz1a",2.13811164922549
"Fbxl4",2.13796273777174
"Traf6",2.13707218718266
"Hist1h2bd",2.13693473364299
"Prrg4",2.13676697714175
"Nanos1",2.13662972475351
"Cebpd",2.1344463367978
"Eif4ebp1",2.13166329037237
"Rimklb",2.12672116136286
"Pithd1",2.12547330193864
"Cd180",2.12391466460112
"Grn",2.12321188953812
"Rab27b",2.12245343441456
"Atp2b4",2.12184028810743
"Gk",2.12099098876346
"Art3",2.11851024810924
"Nlgn1",2.11513015730117
"Enkur",2.11495216440471
"Baalc",2.11330072055376
"Got2",2.11270584576747
"Rab11fip4",2.11256402259826
"Celf2",2.10974315534208
"Ankrd44",2.1044258961688
"Rbbp4l1",2.10346029995544
"Me3",2.10279050004628
"Adam19",2.10011657315023
"N4bp2l1",2.0986871693457
"Lratd1",2.09727096292313
"Arhgap20",2.09535888423026
"Htr1f",2.09510511090623
"Eif2ak3",2.09411460542211
"Specc1",2.0935977737042
"Dis3l2",2.09129136302111
"Cmc1",2.08990834748181
"Faim",2.08927386861571
"Tnpo1",2.08830718675513
"Polr2i",2.08538558236529
"Map3k6",2.08471262036024
"Ncan",2.08445863831035
"Gcfc2",2.08288461652217
"Tgfbi",2.08041808227321
"H2aj",2.07867891622709
"Carns1",2.07816725532833
"Gucy2d",2.07735053406577
"Cited2",2.07664279561083
"Prss12",2.07598348052046
"Clec2d2l1",2.075835758304
"Tcf7l2",2.07211133057668
"Cish",2.07184560007737
"Atg10",2.07178366868315
"Smox",2.07167713551666
"Tex14",2.07137419118166
"Serf2",2.0694825437633
"Bcam",2.06947129637356
"Nudt1",2.06611315787753
"Slc35e4",2.06564131204191
"Eef1a1",2.06464856347365
"Apoh",2.06396361226962
"Epb41l4b",2.06243195960482
"LOC100910528",2.06223804670723
"Rab3b",2.06159182877697
"Tnfrsf1b",2.06158616645691
"LOC100911356",2.06108670031414
"Cfap298",2.05807247406475
"Bin2",2.05551783821205
"Tagap",2.05451301897506
"Ddn",2.05446605863709
"Prdx1",2.04576686381648
"Cd274",2.04562080520652
"Vat1",2.0447949524893
"LOC103693015",2.04089911929056
"Ywhaq",2.04028271794243
"Slc16a10",2.03959409449245
"Il18r1",2.03911149777103
"Scnn1b",2.0380006884846
"Ptgdrl",2.03769410551715
"Rab11fip5",2.03737355608684
"Msh5",2.03683049313074
"Glrx3",2.03643367968517
"LOC102546648",2.03272391554813
"Atp5if1",2.03122016150623
"Il17ra",2.03026448400815
"Abraxas1",2.0291517345635
"Dynlt1",2.02894768835172
"Ets2",2.02741959818388
"Senp8",2.0270833939426
"Ranbp17",2.02705060373914
"Pan2",2.02704375791479
"Gtpbp1",2.02672211180711
"Ggt1",2.0260789324709
"Cd28",2.02350584671908
"Mrps25",2.02348858055115
"Marcks",2.02290129770354
"Slc41a2",2.02267141924552
"Slc15a3",2.02232254192699
"Higd2al1",2.02023508746258
"LOC100359583",2.01969753365546
"Gxylt2",2.01951006210159
"Postn",2.01782216355128
"Adam15",2.01694502401605
"Tlr8",2.01609889330845
"Itih4",2.0152214603994
"Creb3",2.01443776970689
"Cfap100",2.01095252050043
"Olr59",2.01045306918017
"Igsf9b",2.0088425954552
"Star",2.00732610058481
"Duox1",2.0051977551337
"Ldlr",2.00458480766647
"Swsap1",2.00408106763204
"Dnaaf3",2.00323863489132
"Dll4",2.00298404072079
"Hexa",2.00289759888603
"Slc39a1",2.0010083573909
"Csrnp2",2.00016451865399
"Ciart",1.99946892462953
"Zfp786",1.99896007753847
"Irak4",1.99664286118228
"Elk3",1.9935578151437
"Pou2f1",1.99344675409777
"Rora",1.99020247672142
"Top2a",1.99014168239904
"Ewsr1",1.98988732891708
"Zfp444",1.98790498578926
"Kank2",1.98579545856357
"Smurf1",1.98342504559554
"C1ql3",1.98228447243308
"Polb",1.98211863841789
"Vamp2",1.98193795088915
"Ell",1.98171166087257
"Nckap5l",1.98109782064337
"Dmd",1.98043060368025
"Lmo4",1.97878461925005
"Mog",1.97853497054897
"Grhl1",1.97851884510807
"LOC103694874",1.97834518641505
"Cenpj",1.97706500866011
"Smim3",1.97596815083284
"Trir",1.97589294302662
"Glrx",1.97372064524734
"Mrc1",1.97321726030084
"Rexo4",1.97188806676483
"Frmd5",1.97109423697591
"Nrl",1.96917041119255
"Zdhhc12",1.96809428860351
"Tcof1",1.96709953017135
"Cenpf",1.9659592859038
"Cnn2",1.96588871360082
"Snu13",1.96385774176172
"Pbxip1",1.96382905139929
"Ap1ar",1.96296265538967
"Dysf",1.96245926381506
"Lap3",1.96243240173916
"Parp9",1.96219178971543
"Ptpdc1",1.96141167338792
"Pdcd2",1.96077257945724
"Zyx",1.95989099508256
"Taf6l",1.95963485187489
"Nln",1.95776378928967
"Acvr1",1.95581982167749
"Dusp10",1.95576752073644
"Mboat7l1",1.9549642049488
"Stx1b",1.95278282106409
"Fxn",1.95140164003954
"Tmcc3",1.94992108553041
"Cnksr3",1.94960784797554
"Katnal2",1.94842037690754
"Apobec1",1.94662409711918
"LOC100909849",1.94630567090496
"Tmtc4",1.9455657376647
"Rac1",1.94437869872508
"Irf8",1.94319322776451
"Rsl1",1.94204047906114
"Fcer1g",1.93974157805357
"Rnaset2",1.93956757150268
"Zw10",1.93831894244115
"Esyt2",1.93529424839337
"Rhoh",1.93350610066885
"Elf4",1.93112363484509
"Atp9b",1.93007610438688
"LOC100910636",1.92980796651037
"Cbarp",1.92816737448059
"Stk11",1.92623794486502
"Nrip3",1.92525105954332
"Kcnq2",1.92472204028345
"Pigh",1.92403406966115
"Fam186b",1.9234695521567
"Sh3bp2",1.92075480635613
"Reep1",1.9205637343193
"LOC103693189",1.92054359321877
"Lrrk1",1.92023384645553
"Cdc42ep4",1.91971127249529
"Dnajb5",1.91933325883158
"Faxc",1.91929631797988
"Apaf1",1.91916718106489
"Epc2",1.91798148399404
"Ybx1",1.9168244629677
"Naprt",1.91620834956936
"Ints12",1.91554857276828
"Gpr101",1.91377202478924
"Greb1",1.9134692437237
"Rnf19b",1.91213251184259
"N4bp1",1.91169620472419
"Cox6b2",1.91161503543698
"Fam214b",1.91057667644381
"Setd4",1.91056057518245
"Sfn",1.90656818945486
"Rpsa",1.90613153810011
"Tab1",1.90478034243832
"Ifnar1",1.90449048135911
"Leo1",1.90369225405854
"Bloc1s1",1.90251336806048
"Fem1c",1.90046287768449
"Nfam1",1.89993937272206
"Msi1",1.89913177651691
"Dtx3l",1.89571596584191
"Cyp3a9",1.89560855133486
"Zfand2a",1.89530507227233
"Aoah",1.89468295098559
"Thoc6",1.89454502420286
"Clec4a3",1.89091119097888
"Pmaip1",1.88908900671789
"Klra2",1.88867873891749
"Rbms2",1.88779636122792
"Traip",1.88740941783015
"Ildr2",1.88656758157664
"Stab2",1.88650560822762
"Rpl36a",1.88643173954838
"Zbtb3",1.88641640630386
"Rgs16",1.88630287824389
"Metap2",1.88114468927156
"Spata20",1.88079824481078
"Lad1",1.88052604103642
"Ptpn6",1.87655283777853
"Eif2ak2",1.87427142818071
"C5ar1",1.87042417861783
"B4galnt4",1.8691460173428
"Trappc3",1.86913353308677
"Abcc3",1.86907130499489
"Jmjd1c",1.86903296247392
"Psrc1",1.86894762731973
"Umodl1",1.86718051104038
"Vegfd",1.86631255285262
"Col15a1",1.86601764317099
"Adrb1",1.86570839889419
"Dnah2",1.86457730196034
"Dram2",1.86231427304154
"Cdk18",1.86162820153629
"Fam32a",1.86147140827491
"Suv39h1l1",1.86121608114834
"Cdk5rap2",1.86104328273594
"Syngr3",1.8604238648457
"Rps12",1.86026555993316
"Vldlr",1.85940614430586
"Kctd10",1.85777004451839
"Odf1",1.85746732937663
"Irak3",1.85677532527055
"RGD1562378",1.85424907341179
"Spata32",1.85408473701047
"Pkd1l1",1.85264177819435
"Osgin2",1.84909814901764
"Tmem63a",1.8489998302228
"Tmco3",1.84744454751802
"LOC108348044",1.84624251475553
"P4hb",1.84490213611071
"Slc16a7",1.84109155802412
"Cyb561",1.84074262528963
"Pa2g4",1.84036931884398
"Khnyn",1.84021004381791
"Abhd11",1.83866872120184
"Cbs",1.8380023244461
"Idua",1.83785500363064
"Epn2",1.83630016751356
"Nit2",1.83579584533569
"Cep41",1.83568547339385
"Kif5c",1.83372714647603
"Foxn3",1.83338361570872
"Proca1",1.83227981366251
"Lctl",1.83030206235959
"Zfp39",1.82999294496638
"Cpsf2",1.82987211058671
"Ephb2",1.82950049906281
"Helb",1.82849353716435
"Serping1",1.82692894013098
"Sla",1.82662252965424
"Cdnf",1.82466157925756
"Nptxr",1.8179586396883
"Slco4a1",1.81744616508571
"Ltc4s",1.81708579543274
"Cib2",1.81655830703345
"Ascc3",1.81605678436403
"Scara3",1.81534319030881
"Prom2",1.81417273696798
"Cks2",1.81416903735068
"Nkain1",1.8135499831839
"Abcc9",1.81231169290489
"Cmtm2a",1.81090441878575
"LOC100362344",1.808871375923
"Ikzf1",1.80821580213638
"L1cam",1.80792108547998
"Lyrm2",1.80791893612125
"Galnt15",1.80751456799093
"Kmt5b",1.80724440507996
"Aurkaip1",1.80634605629309
"Atad5",1.80625746801138
"Adra2a",1.80590030910633
"Ppie",1.80563296959855
"Os9",1.80554748243807
"Ptafr",1.80461683621578
"Tnfsf13b",1.80459017746821
"Celf1",1.80329696690931
"Nxpe1",1.80063438041489
"Sycp2l",1.80048376101817
"Gabpa",1.80005061634268
"Itih3",1.79801773565677
"Uevld",1.79784959659336
"Plce1",1.79646596105621
"Stard13",1.79616516725599
"Gabrp",1.79557068997867
"Kcnh5",1.7955418715045
"Nudt19",1.79377533827018
"Dcaf15",1.79034566423385
"Hes7",1.79018959422154
"Kctd13",1.78980386712072
"Disc1",1.78932276863006
"B4galt5",1.78885439645706
"Gstcd",1.78490631939634
"Vhl",1.78367161501275
"Olfml2b",1.78332295732155
"Bid",1.77994121096523
"Pak1ip1",1.77623898007475
"Zdhhc21",1.77622540555085
"Fam177a1",1.77622296600686
"Gpr139",1.77608695280743
"Mertk",1.774657221651
"Rps4y2",1.77403817223249
"Pnpla2",1.77332653471856
"Eid1",1.77291673634437
"Pim1",1.77153507244662
"C1qtnf1",1.76940588715774
"Tvp23a",1.76824160195983
"Slc35e3",1.76769656748608
"Klhl24",1.76645408558966
"Dusp7",1.76619756535754
"Glb1l",1.76380708917242
"Laptm5",1.76379275501987
"Mx2",1.76272224965762
"Ppial4d",1.76206983407196
"Apold1",1.76123952569247
"Spetex-2F",1.76068738497526
"Rbfox1",1.76051284140823
"Prrt3",1.75868288787049
"Cklf",1.75848598303569
"Uvssa",1.75826189080354
"Golga2",1.75778321677935
"Cracr2a",1.75729543487523
"Mtus2",1.7571999446089
"Znhit1",1.75672549916763
"Map10",1.75604217473871
"Tead3",1.75603471075172
"Zfyve27",1.75584501784938
"Foxp3",1.75575725435077
"Slc4a4",1.7552114235631
"Akr1c13",1.75513971392776
"Phldb3",1.75440298876078
"Plk1",1.7532148364087
"Brd4",1.75266502656876
"Tmem214",1.74991676863466
"H3f3a",1.74988470443305
"Nop56",1.74942697607919
"Zfp362",1.74933499580503
"Qars1",1.74705387147222
"Gcsh",1.74633440911614
"Rhag",1.74570513574513
"Gbp2",1.74433104338707
"Slc35c1",1.74378985933166
"LOC100912604",1.74329161861968
"Ski",1.74250941616485
"Prss51",1.74227472891469
"Trim43a",1.74078144462787
"Ktn1",1.73991942693812
"P2ry6",1.73942496558241
"Tmem50b",1.73915666272318
"Gvin1",1.73893439143472
"Sms",1.73813038471168
"Kifc3",1.7370626595203
"H1f2",1.73691970653633
"Tlr3",1.73670514936583
"Gp1ba",1.73640858799316
"Fbxo7",1.73582737473907
"Ephx2",1.73511348552056
"LOC103692829",1.73398985748603
"Haus8",1.7337792563809
"Pkhd1",1.73342064088963
"Ssh1",1.73200214952555
"Mcm7",1.73160896665583
"RGD1306072",1.73072817641256
"Ube2h",1.72949088504592
"Noxo1",1.7291954848143
"Ss18l1",1.7288426739702
"Dbi",1.7286534182727
"Lrrfip1",1.72647303757811
"Slc7a6",1.72507015856203
"Ccn3",1.72474818987433
"Myo7a",1.72419238195478
"Pdzk1",1.72347481660963
"Card14",1.7227915845981
"Myo1f",1.72275089186385
"Rarres2",1.72199112019747
"Rims2",1.71510985994679
"Akt1",1.71436459322238
"Fkbp1a",1.71241334851965
"Gnptg",1.7115359645726
"Ube2s",1.70911192607132
"Evc",1.70730154301896
"Plagl2",1.7062395476501
"Klhl34",1.70618545020317
"Bhlhe22",1.70410066704925
"Grik3",1.70306516379115
"Angptl3",1.70208346322353
"LOC100362980",1.70199677864455
"Trit1",1.70113505470152
"Coro1b",1.70099748841111
"Chd7",1.69889722433362
"Jund",1.69851532972977
"Spata24",1.69804952023038
"Acap3",1.69776578235937
"LOC102550892",1.69553810767412
"Tp53i3",1.69489340569039
"Cdr2",1.69314667965916
"Ppard",1.69252747386929
"Arhgef10",1.69198345188142
"Gpi",1.69130982106091
"Mrps26",1.68994471326031
"B3gnt7",1.68961371724009
"Agpat2",1.68727507997185
"Fam120a",1.68435227450476
"Hcst",1.68291402514926
"Tes",1.68215980456831
"Plekha3",1.68214624646266
"Zc3hav1",1.68118557062216
"Cd276",1.68117741427755
"RGD1559575",1.68094895343883
"Ahcy",1.67925601545588
"Neto1",1.67858990587171
"G6pd",1.67787250541613
"Phactr2",1.67783871140229
"Msr1",1.67765113154285
"Hoxb7",1.67633594329889
"Rpl37",1.67593204517904
"Magel2",1.67512835483702
"Eri2",1.6745767394338
"Flna",1.67457576781855
"Emp1",1.67428358506348
"Sft2d2",1.67309465001257
"Kremen1",1.67223561408643
"Plpp1",1.67197636040871
"Hsh2d",1.66870359778139
"Arrdc4",1.66772904850975
"Fgf10",1.66769608103122
"Rbm47",1.66755085697706
"Cacnb2",1.66736180035494
"Spint2",1.66533186792994
"Coro1a",1.66479016329042
"Klf10",1.66371130696532
"Mafb",1.66254041525192
"Dgkq",1.66232678388628
"Filip1l",1.65943081855461
"Kcnk13",1.65906471866313
"LOC100911515",1.65869777445479
"Arfip2",1.65788144991389
"Rpl31",1.65586833398027
"Cyth2",1.65586530660388
"Cd80",1.65572417629625
"Ptgfrn",1.65495532730551
"Srebf1",1.65485270449828
"Gnai2",1.65459698045356
"Zfp317",1.65443028895427
"Vom2r19l1",1.65437855753463
"Slc29a4",1.65372832712899
"Ptma",1.6518304699311
"Iqcc",1.65178626971635
"Nipsnap3b",1.65143499626887
"Rpl36l3",1.65121377775662
"RGD1359290",1.65074175063092
"Tmem116",1.65070379046065
"Synj2",1.65036434336282
"Stxbp2",1.64963976178995
"Slc25a23",1.64879194736412
"Rgl3",1.64863706917758
"4930438A08Rikl",1.64856785793289
"Pla2g1b",1.64530058159687
"Folr2",1.64402805704154
"Arhgap33",1.64373398814961
"Selenon",1.64352376487011
"Fbxl22",1.64303702230117
"Prcp",1.64235137360573
"Letm2",1.64027993150915
"Enho",1.63774807642752
"Lilrb3a",1.63650892347804
"Tfcp2l1",1.63555462034463
"Vwa2",1.63533666211446
"Lsr",1.63442743518536
"Sox6",1.63272365393717
"Wbp1l",1.63124979455486
"Rela",1.62794706099255
"Wnt5a",1.62733960509936
"Wipf1",1.62543445341487
"Mogat2",1.62442509883065
"Epha10",1.62433134551146
"Cdh22",1.62405405788442
"Nox4",1.6240140601987
"Fam53c",1.6237283222542
"Wls",1.62270856558119
"Cd86",1.62186309179586
"Grem1",1.62176518036211
"Fyb1",1.62175167168328
"LOC100910875",1.62168778853782
"Pisd",1.62162118756417
"C3ar1",1.61944094253288
"Slc11a2",1.61846531100958
"Otud1",1.61748354738002
"Rspo3",1.61699322801933
"Net1",1.61669546516929
"Cysltr2",1.61652294364065
"Gmfg",1.61583096215577
"Plg",1.61556136980686
"Nelfcd",1.61484383193843
"Inpp5e",1.61353770777959
"Arxes2",1.61340531547198
"Slc35d2",1.61298274154978
"Mtmr11",1.61265263610769
"Fam178b",1.61213564473755
"Zfp574",1.61119699012314
"Il10rb",1.61104650516788
"Sdk2",1.61059318127854
"Mrpl20",1.61007263388388
"Ndor1",1.60977831675517
"Lims1",1.60942416685631
"Snai2",1.60906951770245
"Tgfb1",1.60810004063646
"Rps3",1.60745028763504
"Osbpl3",1.60712146446768
"Nr1d2",1.60697520541641
"Afap1",1.60690251097274
"Septin7",1.60681891930155
"Pdpn",1.60623047885968
"Zbtb8a",1.60507794031572
"Dennd3",1.60469561830517
"Resf1",1.60449559122814
"Slamf1",1.60341915216547
"Tiam1",1.60313470909349
"Tmem268",1.60290678243721
"S100a10",1.60252269043772
"Mex3d",1.60165323844569
"P2rx2",1.60160878923386
"Slc6a9",1.60149668117282
"Rpl35",1.60124472088899
"Lrrc58",1.59758626713614
"Mei4",1.59722739106041
"Dhrs1",1.59684078311977
"Nfe2l2",1.59676052182713
"Xkr5",1.59588343986663
"LOC100910755",1.59569739082279
"Rab15",1.59528687838194
"Bco1",1.59413292488592
"Dstn",1.59370732257981
"Dpp3",1.5909975652006
"Ncs1",1.59030913380278
"Casp7",1.58930457038496
"Kif11",1.58732410233294
"Stk32a",1.58655734516362
"Git1",1.58598645952324
"Def6",1.58525766098704
"Tnfaip1",1.58492827353683
"Twf1",1.58282056668043
"Slc43a1",1.58126697669668
"Rab34",1.58125603119883
"Clca5",1.57994423572104
"Dnah12",1.57936162954047
"Fgd2",1.57888228650154
"Taf8",1.57811789302115
"LOC108348080",1.5764677638494
"Pik3cg",1.57613824049349
"Mefv",1.57600283585252
"Kdelr1",1.57579082582009
"Cdkn1b",1.57424134394434
"Map1lc3a",1.57415889688006
"Itprid2",1.57180141879238
"Rhbdd2",1.57085029583248
"Sun2",1.56990589667981
"Atp1a4",1.56926062249288
"Tmem39b",1.56913764199585
"Tex261",1.56803980146507
"Eif4g1",1.56422083447882
"Map6d1",1.56392669003083
"Il1rl2",1.56329545956474
"Ripk4",1.56297263037542
"Cd37",1.56252173692848
"Spg11",1.5623286138723
"Sncg",1.55950745739392
"Asap3",1.55900219180312
"Cd84",1.55747755377116
"Cnih2",1.55697240795867
"E2f7",1.556253545762
"Rbbp9",1.55377276645576
"Plaur",1.5535950291399
"Higd2a",1.55164855579599
"Ldlrad3",1.55149778607845
"Ikbkb",1.55115472068025
"Klc4",1.55077297850631
"Cdyl2",1.55004565746801
"Hist2h2aa2",1.54995852132234
"Efemp2",1.54934563859798
"Fgr",1.54917642907269
"Crb2",1.54892697994929
"Pfkfb1",1.54845926337041
"Map2k1",1.54839031860311
"Ppef2",1.54747357036737
"LOC108352650",1.54691531566567
"F8",1.54687459682713
"Efhd2",1.54607940184941
"Map9",1.54580217702846
"Herc6",1.54568989187076
"Aldh3b3",1.54568885562937
"Tmod3",1.54548460932459
"Fam151a",1.54447367557805
"Ubash3a",1.5440911837419
"Slain2",1.54396094698889
"Cemip2",1.54381041114613
"Tma7",1.54271053298021
"Ro60",1.54173976297456
"Trim50",1.54164563619391
"Pnpla3",1.54140398021383
"Entpd5",1.53978723669395
"LOC100911548",1.53963627185908
"Gmip",1.5382453860268
"Gna15",1.53776980839085
"Dsg2",1.53753856494904
"Pcdh18",1.53489869498104
"Traf5",1.53420678045522
"Abhd17b",1.53334847404615
"Pogz",1.53292541341311
"Il21r",1.53272496007036
"Etv6",1.53221106088321
"Abcg2",1.53176885932751
"Tdrd5",1.53112779843959
"RGD1565059",1.52963295492492
"Rp2",1.52904746618223
"Htr2b",1.5281726623038
"Ptpn2",1.52812046632877
"Zfp366",1.52792401595387
"Mybl2",1.5273661482616
"Klhl22",1.52713486125815
"Ogfod3",1.52659310604596
"Pcdhb2",1.52529090060681
"Zpbp",1.52522092685364
"Mageh1",1.52485714922091
"St14",1.52308149494933
"Tspan18",1.52295100554287
"Gfm2",1.5222380329474
"Mapk6",1.52195387538407
"LOC690617",1.52148529922624
"Mrpl23",1.52089535220616
"Lamb1",1.52066705471247
"Kank3",1.52058616734664
"St3gal4",1.52014428366198
"LOC100362751",1.52001140664766
"Pla2g4a",1.51916976170727
"Washc4",1.51761047024566
"Gsta6",1.51623650224141
"Rnd3",1.51558404532639
"Mettl9",1.51519390070078
"Zfp608",1.51509734804462
"Spsb2",1.51493719885715
"Arhgap11a",1.5146217311594
"Nrep",1.51415149512067
"Sardh",1.51363741157331
"Ube2l6",1.51322081157664
"Thap4",1.51240731981495
"Pcgf5",1.51151676171589
"N4bp2",1.51102922007592
"Hars1",1.50933167315284
"Rpl8",1.50929785678819
"Snx10",1.50928259467997
"Sec14l3",1.50917178616187
"Ints7",1.50905570108454
"Iqgap3",1.5089498682342
"Slc17a6",1.50863097611829
"Hspbap1",1.50732201201438
"Elmod2",1.50616000155692
"Pigl",1.50608884665513
"Rasal2",1.50521889491053
"Cldn20",1.50411019181852
"Ccl7",1.5039148775025
"Azgp1",1.50347283104428
"Rsu1",1.50254850694146
"Paxip1",1.50195368426751
"Map4k1",1.50180446872237
"LOC100912042",1.50063344764048
"Bcl2l1",1.50019255084016
"Alcam",1.49871295038407
"LOC100911734",1.49778353460712
"Tcn2",1.49773699265939
"Abhd15",1.49707594446635
"Rhbdf2",1.49668562938977
"Vps9d1",1.49636518403187
"Orai1",1.49623777697524
"Pgs1",1.49392075685097
"Cp",1.49328789601103
"Zfp526",1.49202570966703
"Rft1",1.4916846854783
"Exoc5",1.49167482833113
"Cnot7",1.48892093257327
"C17h6orf52",1.48873394325021
"Med26",1.48805412673372
"Zfp609",1.48707494281103
"P4ha2",1.48639078562609
"Prr36",1.48608273260002
"Mlkl",1.48499712770079
"Itgam",1.48484378688074
"Aspm",1.48380892859022
"Washc3",1.48327858785549
"Cldnd1",1.48281420788839
"Mepe",1.48278435967714
"Cyp4f6",1.48243053698265
"Plch1",1.48241955737028
"ST7",1.48159671928683
"Thnsl1",1.48142448085031
"Usp39",1.47986901155636
"Arfip1",1.47904674139306
"Btbd16",1.47853912327578
"Rala",1.47845496795424
"LOC102549173",1.47806826858089
"Tmcc2",1.47670389934469
"Bco2",1.47318054537323
"Srf",1.47290521160385
"Atg14",1.47249885606725
"Egr1",1.47141341316078
"Ifitm5",1.470578752348
"Uap1",1.46717554643571
"Cfap99",1.46663519748761
"Btc",1.46621948224444
"Cdc6",1.46607069831349
"Tbc1d5",1.46550809678938
"Stk39",1.46542272692321
"Rbpj",1.4650942244263
"Ptprr",1.46444942079175
"Anapc1",1.464095105098
"Slc7a15",1.46371131109065
"Avpr1a",1.46268356230201
"Mllt10",1.46225530225332
"Acer2",1.46104485415276
"Gnai3",1.46094887753471
"Cavin3",1.45987505279426
"Rapgef6",1.45773234180809
"Dock7",1.45643366749373
"Pus3",1.45623508382035
"Cnksr2",1.45552778179072
"Ip6k2",1.45448425874184
"Asgr2",1.45264438418217
"Sptbn2",1.4512563034924
"Aph1a",1.45073372790727
"Mier1",1.45034686607073
"Alox5ap",1.44822355427065
"LOC501233",1.44779949343756
"Gpr158",1.44717538507142
"Osmr",1.44676440589547
"G2e3",1.44576051752595
"Plat",1.44558101045182
"Usf1",1.44420667414784
"Ms4a6e",1.44235950389129
"Srgap1",1.44175450619089
"Pld5",1.4417260118276
"LOC108348142",1.4416049946562
"Ifnar2",1.44119827768662
"Cnr2",1.44088736009951
"Tmem164",1.44021403611786
"Slc16a3",1.43992049062149
"Spp1",1.43983625568832
"Actb",1.43983142390399
"Sgip1",1.43933691201954
"RGD1310507",1.43861603555257
"Nfkbia",1.4380887432159
"Zfp868",1.43729660834054
"Tmem202",1.43601347078765
"LOC103689961",1.4358652035379
"Scnn1a",1.43467870987115
"Glis1",1.43450453217549
"Bub3",1.43234993166854
"Sapcd2",1.43007967564816
"MGC95210",1.42888327116503
"Jak3",1.42860570097471
"Spata1",1.42830598947137
"Kcnmb2",1.42616771580714
"LOC103689975",1.42592647290587
"Zdbf2",1.42469887617764
"Sh3glb1",1.42390612342953
"Nck2",1.42378174800915
"Gna13",1.4236681122376
"Bcorl1",1.42332282777097
"Dlg5",1.4231519167039
"Gipc3",1.42267974571181
"Parpbp",1.42252422544128
"Trappc10",1.42218016267092
"Slx4",1.42182566180013
"Zbtb42",1.42135447728047
"Galns",1.42048460484438
"Cib1",1.42006202198822
"Gpr84",1.4192993277986
"Rab9a",1.41902093238804
"Gpank1",1.41696603680042
"Or7c19",1.41613585765611
"Anp32b",1.41574250366735
"Swt1",1.41557743503349
"Ldb1",1.4149409249021
"Gnb1",1.41329725192151
"Wdr36",1.41299566158925
"Col27a1",1.41296352533124
"Cmip",1.4128229382595
"Rps6kc1",1.41241143147795
"Muc6",1.41227089008035
"Rps6ka6",1.4118813184714
"LOC687679",1.41184564361404
"Snx20",1.41126254980839
"Tp53inp1",1.40993325910512
"Apoc3",1.40912856686652
"Pigv",1.40827382517652
"Saxo4",1.40779566620939
"Rplp1",1.4061097956582
"Hnrnpu",1.4056854058732
"Pinx1",1.4051140586796
"Mtx1",1.40503816513196
"Afap1l2",1.4046453942013
"Gatad2a",1.40462863109854
"Grik5",1.40396429017786
"Nhlrc3",1.40297224550976
"Syt16",1.40276994648432
"Ccndbp1",1.40111454778528
"Dnph1",1.40095236538775
"Flt4",1.40089747217335
"Capn1",1.4006272546965
"Heph",1.4000456559741
"Vdr",1.39998762161788
"Scyl2",1.39998433889782
"Diaph3",1.39978506402974
"Foxd1",1.39943844532019
"Rab5if",1.39931583502572
"Setd2",1.39929182063354
"Tnfrsf11a",1.39924303657997
"Cbl",1.39876128100367
"Mras",1.39876116802216
"Pgpep1",1.39827839851775
"RGD1359158",1.39772783854137
"Eef1g",1.39761495895646
"Vwc2",1.39742277269541
"Marcksl1",1.39715683475699
"Eif4e3",1.39671296831797
"Nhsl1",1.39557337209052
"Lama2",1.39550658140944
"Laptm4a",1.39460863991073
"Srd5a1",1.39349817400109
"Lamc3",1.39205091948861
"Uri1",1.39119536865968
"Elp1",1.39105605191651
"Rubcn",1.39098375433035
"Zbtb32",1.39089419631672
"Trpm4",1.39068880365571
"Spata31d1",1.39061377048154
"Cux1",1.39033463772985
"Eef1b2",1.39032229455738
"Slamf8",1.39004688991899
"Rbm44",1.38928499647401
"LOC100911660",1.38893515938792
"Trim35",1.38882175095411
"Hmgn3",1.38872779285276
"Xpc",1.38799593707485
"Itk",1.38725149895853
"Ttc13",1.38701390716318
"Sipa1l3",1.38680260084777
"Erp29",1.38575751256224
"Abcb11",1.38573021945265
"Ceacam18",1.38474245567226
"Wnt5b",1.3836969851671
"Tsc2",1.3834783077445
"Pomp",1.38273639227232
"Dhx37",1.38242840228677
"Igfbp7",1.38239813980115
"Tia1",1.38206517419351
"Rps6kb2",1.38199687103598
"Recql",1.38151070551824
"Pfdn4",1.38150705805828
"Hmgb3",1.38069020930457
"Mvd",1.38021005864878
"Rnf166",1.37960995531525
"Hephl1",1.3794674784813
"Ccdc40",1.37944952826202
"Lamp3",1.37833012742159
"Cd47",1.37774368738981
"Styxl1",1.37749793726522
"Utp6",1.37714227451632
"Exog",1.3769579260412
"Rnpc3",1.37654922734766
"Snap91",1.37600304833432
"Casp4",1.37492573563713
"C1rl",1.37334102607905
"Tmem243",1.37323514322292
"RGD1560028",1.37182073886708
"Prim1",1.37045855149638
"Sar1b",1.36967476084971
"Get4",1.36965835821578
"Ccdc151",1.36965234399982
"Napsa",1.36864256536823
"Pkn1",1.36863666822877
"Sncb",1.36847327501473
"Zfp281",1.36814351691836
"Uck1",1.36737711996131
"Rgs5",1.36678429201871
"Clcf1",1.36672385828818
"Mob1a",1.36626790415397
"Per1",1.36602035988076
"Rassf2",1.36562235972146
"Cd302",1.36553734650382
"Gabpb1",1.36547117693439
"Wipi2",1.36490623246966
"Eif3l",1.36447505740574
"Clec2g",1.36380253826334
"Cd48",1.36372843868924
"Sp2",1.36296781876021
"LOC100360750",1.36284048070382
"Plppr1",1.36157273828341
"Acp6",1.36103020228695
"Eef2",1.36102239142834
"Slc18b1",1.35972923505952
"C9h6orf132",1.35951784837032
"Gpnmb",1.35817849736639
"Hist2h2aa3",1.35752686493647
"Mtss1",1.35617274225943
"Rack1",1.35485654170384
"Zfp846",1.35475824911381
"Adpgk",1.35383464422421
"Klf15",1.35189692234754
"Micall1",1.3517448902457
"Fads1",1.35005981992709
"Sim2",1.34962217428906
"Mroh7",1.34862282902673
"Hsf2bp",1.34831209926699
"Fkbp5",1.34813475689583
"Asxl2",1.34790523862939
"Lrrc56",1.34684269688563
"Rbm39",1.34609632101582
"Cdc42se1",1.34580321638589
"Ehd4",1.34562550516469
"Echs1",1.34504344871446
"Gpr82",1.34486800362346
"LOC108348287",1.3438209901162
"Rab5c",1.3437797924357
"Kctd17",1.34101109362588
"Sulf1",1.3405821502673
"Dgka",1.33956883072427
"Parvg",1.33911108938262
"Akna",1.33845457652163
"Nipal4",1.33814528664867
"Adm",1.33763640502127
"Arl11",1.33707177233211
"E2f8",1.33579119580701
"Lilrb4",1.33519881309951
"Amn1",1.33511786089659
"Adamts15",1.33357938431107
"Dse",1.33300948640016
"Abi3bp",1.33212113939282
"Lxn",1.33134002054074
"Sbf2",1.33099147593208
"Rrm1",1.33086128728535
"Anln",1.32913178931553
"Rab6b",1.32888134795397
"Niban2",1.3286986072523
"Ca9",1.32846771900237
"Scml2",1.32786516375899
"Lgmn",1.32725131708961
"Rpf1",1.32608032424852
"Tbc1d21",1.32599989445388
"Chi3l1",1.32563802594594
"Cbr3",1.32480705441982
"Selenof",1.32471866290848
"Sap30bp",1.32471722402289
"Acaa2",1.3238562750471
"Gpat4",1.32385597540227
"Hist2h4",1.3231283637887
"Iqgap2",1.32189163052282
"Arap1",1.32174660507341
"Cep95",1.3212853481829
"Vom2r80",1.32085461502509
"Gxylt1",1.3199737043704
"Pphln1",1.31946989229407
"Cpeb4",1.31937376950333
"Mapk9",1.3193040713943
"Bglap",1.3189642366757
"Arhgap10",1.31799775443319
"Susd3",1.31774626203497
"Sdcbp2",1.31568780824946
"Tmem8b",1.31555740344873
"Trim65",1.31542999646534
"Pkib",1.31527623855749
"Cyp26b1",1.3151660172853
"Mterf3",1.31409710831383
"Kitlg",1.31332919356618
"Arhgap9",1.31327820770953
"LOC108348083",1.31309721674163
"Acly",1.31308974825615
"Erbin",1.31276128734337
"Septin8",1.31201170090552
"Cenpb",1.31187943722797
"Snx33",1.31139199285514
"Morn3",1.3106925559715
"Mrps12",1.31024146307784
"Lgals3",1.31018893903642
"Icos",1.30979209704372
"Peg12",1.30974381348697
"Armc9",1.30905612014807
"Gas2l2",1.30883060640763
"Taf5l",1.30851097998424
"Vasn",1.30834242636583
"Skap2",1.30830610720192
"RGD1562402",1.30759673170578
"Yeats2",1.30732884890387
"Cd200l1",1.30729351474667
"Spata21",1.30639531678408
"Col8a2",1.30540189720311
"Elavl3",1.30490220854787
"Maml1",1.30435871435147
"Snca",1.30362253913772
"Tigd3",1.30326884657349
"Rubcnl",1.30256053436285
"Ofd1",1.30119118075986
"Oas1h",1.30098639651592
"Mtmr7",1.30090289056291
"Rasgef1c",1.30041807222839
"Eno4",1.29999336043922
"Lrig3",1.29968454802764
"Magec2l1",1.2992621557592
"Rhob",1.29924666079382
"Sarm1",1.29809674093747
"Kcne3",1.29802440836891
"Hck",1.29751901033184
"Esf1",1.29711068802136
"Ankrd27",1.29685947481946
"Hcn3",1.29535797259189
"Xrn2",1.29518952997356
"Pkia",1.29496901464874
"Gm2a",1.29467599388201
"Tasl",1.29441783927923
"Mcoln3",1.29393732625414
"Rnf114",1.29359248904241
"Gsdmdl1",1.2932738254904
"Ap4e1",1.29321389989508
"LOC100912585",1.29272732473064
"Podxl",1.29250715175784
"Fam161a",1.29196271380573
"Zfp672",1.29160927222489
"Vwce",1.2914123827434
"Lpcat3",1.29138476281653
"Tapbpl",1.29115185045083
"Dgki",1.29105484678198
"Adcy7",1.28984735189401
"RGD1310951",1.28963073582284
"Hells",1.28942283180696
"Clock",1.28929684472405
"Mapkapk3",1.28919194145184
"Nme2",1.28844770521908
"Bpgm",1.28596705564194
"Card9",1.2856393954383
"Sh2b2",1.28505798404817
"Tspan15",1.28399699222232
"Fra10ac1",1.28326347824897
"Mmp28",1.2832628730865
"Mmp9",1.28286354940972
"Unk",1.28273924449414
"Scd4",1.28117798468062
"Lpar6",1.28114926568735
"Neurl1",1.28084867375689
"Rbp1",1.28083527082777
"Spint3",1.2807230958602
"Ankrd48",1.28048888830047
"Vps4b",1.27957352665452
"Galk1",1.27923512270211
"Adra1d",1.27920833561026
"Tmem63c",1.27863856417289
"Hmgcs2",1.27765113499062
"Hdac2",1.27696122091359
"Bmx",1.27638437487514
"Cachd1",1.27543227506229
"Oplah",1.27527699082732
"Gsap",1.27439125732065
"Homer3",1.27343553624899
"Ttll4",1.27297403664783
"Med1",1.27286427346503
"Wdr26",1.27273456368776
"LOC684762",1.27246777884929
"Ak9",1.27223828869999
"Zfhx2",1.27221194936324
"Sgk1",1.27126737978537
"Mgll",1.2707654077912
"Spryd4",1.27057469062507
"Galnt16",1.27021795409183
"Mgat2",1.27004322467239
"Reck",1.26941706715459
"Fto",1.26930641268041
"Zfp277",1.26887654385204
"Arhgap30",1.26872667868282
"Hfe",1.26741211077635
"Elmod3",1.2673858566989
"Nono",1.26613974425789
"Satb2",1.26528206456511
"Il12rb2",1.26511326953551
"Otulin",1.26509746515922
"Cyp4x1",1.26458671946325
"Pgam5",1.26369802269982
"Krt76",1.26287676539874
"Dnah7",1.26146058431639
"Mcmdc2",1.26064625916954
"Slc7a5",1.26063606951989
"Wdr81",1.26063285214962
"Gpr45",1.25974485729541
"Psmb11",1.25970740390303
"Ccdc173",1.25901692437203
"Cd69",1.25899451575691
"Stat1",1.2584879175084
"Nol9",1.25847627835873
"Asb1",1.25822427065816
"Gatd1",1.25822304084915
"RGD1307554",1.25802672187931
"Mrps9",1.25765327023254
"Hdac1",1.257574551337
"Lpcat2b",1.25633623546573
"Ostm1",1.25617154616614
"Kdm3b",1.25583755583424
"Pheta2",1.25559101620487
"Wdr12",1.25558943532914
"Klf2",1.25551690811783
"Icam1",1.25527080554059
"B3gnt6",1.25522379539256
"Hnrnpf",1.25450462477061
"Ctdspl2",1.25374052464264
"Col18a1",1.2533897294316
"Nlrp1a",1.2532027487375
"Emsy",1.25222539266511
"Or52e19",1.25201277904332
"LOC100911313",1.25012239855232
"Cradd",1.24913858685369
"LOC497940",1.24762002816061
"Slfn5",1.24667042727233
"Gfer",1.24636089832191
"Glmn",1.24562285381824
"Atg7",1.24513625824105
"Tlr9",1.24510753690189
"Atp6v0a1",1.24484431215009
"Atp6v1f",1.24455084378243
"Sox5",1.24454564240377
"Prr12",1.24297403342637
"Map4",1.24281542865218
"Asb13",1.2424962998804
"Lmnb2",1.24236808382368
"Gpatch3",1.24160559772639
"Eed",1.2414128062409
"Rpl18",1.24131697052327
"H1f5",1.24126379737284
"Wdr46",1.24106258098953
"Zfp57",1.240903719794
"Bok",1.24049930912955
"Tmem140",1.24036057229169
"Tenm4",1.2398744947602
"Raver1",1.23937992563418
"Mbtps2",1.2392540362497
"Wfdc1",1.23914643978163
"Syce3",1.23767858603706
"Trim11",1.23715509551194
"Dpy19l3",1.23614882003666
"Cep170b",1.236095323721
"Spef1",1.23586634418853
"Wfdc2",1.23471541057972
"LOC120097291",1.23469022455749
"Esco2",1.23463282237062
"Mical3",1.23430798771986
"Abcg3l3",1.23383270440546
"Eif4a1",1.23346483517424
"Zfp580",1.23346204091597
"Sav1",1.23261869169686
"Arhgef38",1.23252372075032
"Vash1",1.23196020912699
"App",1.23131357270317
"Olr1737",1.23005511589298
"Ssuh2",1.2286577676612
"Als2cl",1.22810803520956
"Ost4",1.22731396067763
"Fank1",1.22639234783859
"Golm1",1.22628798654246
"Ecd",1.2259617808012
"Cnn1",1.2247316756943
"Snx15",1.22469487019363
"Hm13",1.22212923559414
"Rinl",1.22210068257847
"Ppp4r3b",1.21964179197272
"Phc1",1.2190796682727
"Dlx1",1.21870951804039
"Sp140",1.21801816271604
"Armc8",1.21668421458165
"Ppm1f",1.21573743780045
"Rhbdd1",1.21512414840979
"Fgf5",1.2145270503693
"Tmed3",1.21402658001269
"Phc3",1.21354033397805
"Cd3eap",1.21338965240319
"Lats1",1.21334286433044
"Dennd1a",1.21278009344875
"Mgp",1.21150286663666
"Poc1a",1.21091054907574
"Lrg1",1.21050215168264
"Cck",1.21025728837113
"Mccc1",1.21019244197633
"Hist1h2ah",1.2092890379237
"Pik3r6",1.20924202350324
"Trmt2a",1.20891566198328
"Atp2a3",1.2079244805225
"Ammecr1l",1.20711055928537
"Xxylt1",1.20676077787559
"Rbm28",1.20569871166962
"Pdlim5",1.20479162955632
"Cep44",1.20409781520571
"Nup188",1.20404633683063
"Pgghg",1.20363044517141
"Eln",1.20360039955595
"Cnot9",1.20313613717954
"Taf7",1.20289168774761
"Rnase4",1.20281252013106
"Nf2",1.2016616162606
"Acss2",1.20146297888857
"Septin2",1.20125005504293
"P2ry10b",1.20049071711514
"Mov10l1",1.20043549583464
"Galnt6",1.2001783119913
"Hpgd",1.2000191325993
"Ift46",1.1997208177659
"Tlr4",1.19921244517988
"Ank3",1.19870236790978
"Ocln",1.19848081844013
"Togaram1",1.19830305993705
"Cdh6",1.19810271817614
"Ankrd10",1.19773334536223
"Eif3f",1.19721742154049
"Ubxn8",1.19660151455225
"Arhgap4",1.19631154260957
"Adcy8",1.19619249202517
"Kcnv1",1.19612267720667
"Gpx3",1.19607962279204
"LOC498265",1.1960006476984
"Arhgef26",1.19581533613623
"LOC100365810",1.19570557126439
"Was",1.19559580169406
"Cd33",1.19534650342941
"Fhl1",1.19525772156189
"LOC100911766",1.19520043033198
"Yrdc",1.19452154573642
"Arsj",1.19383921560006
"Hnrnpll",1.19275067768049
"Slc26a5",1.19260535105136
"Paxbp1",1.1919271990846
"Tprn",1.19105673884882
"Dnase1",1.19074960607569
"LOC108349548",1.19065327596963
"Nsmce1",1.19016494869176
"Nlrp3",1.18995143717849
"Ak2",1.18985891815427
"Bmp5",1.18980615582659
"Tmem71",1.1883812275798
"Rxrg",1.18833959399224
"LOC102552549",1.18826271831465
"Tssk6",1.18825982848507
"Edar",1.18825702398467
"Piga",1.18822318585007
"Pik3r1",1.18785602213056
"Plekha1",1.18770624975705
"Pcsk7",1.18707439995678
"Slc22a18",1.18702547184242
"Bmp3",1.18697086417585
"Ube2d1",1.1867600926206
"Sema5a",1.18658263899547
"Lpin3",1.18657353886991
"Lilra5",1.18648412609469
"Ttll3",1.1861836169678
"Cr2",1.18597873681847
"Flrt2",1.1854879667468
"Sh2b3",1.18437049503369
"Fam110d",1.18381413036682
"LOC100911576",1.18352093703978
"Tmem159",1.18336647885367
"Arhgap17",1.18319274951132
"Vkorc1",1.18262780272287
"Lmod1",1.18261130573203
"Pcdhb10",1.18211103364431
"Cdyl",1.18199656916426
"Pabpn1",1.18196564333303
"Cfap46",1.17999772348273
"Clasp2",1.1796800072539
"Naga",1.17950523930539
"Mylip",1.17949059475523
"Map4k4",1.17851443135492
"Sypl1",1.17743939884386
"Rps27",1.17669422039709
"Hddc3",1.17644024577742
"Ptrh2",1.1758563587414
"Bysl",1.17583293560632
"Pcdhb9",1.1758052562704
"Ngdn",1.17573287098538
"Slit1",1.17572450933904
"Snph",1.1752427439642
"Mpv17l2",1.17495382184957
"Cd81",1.17460522030367
"Myef2",1.17439383502838
"RGD1308706",1.17323175744869
"Mief2",1.17260949958953
"Ap2a2",1.17223337153844
"C2h4orf17",1.17209382907271
"Ankrd13a",1.17176440125044
"Oca2",1.17065507413558
"Cfl1",1.17034122409471
"Ctf1",1.16927942653478
"Dph2",1.16878507255686
"Arid3b",1.16791708723301
"Zpr1",1.16737476471273
"Il23a",1.1663821882717
"Snx24",1.16622262837235
"Igdcc3",1.16593967018265
"Cd36l1",1.16577737196268
"Ccdc22",1.16556992200575
"Strada",1.16548582133566
"Zeb1",1.16527709805722
"Srgn",1.16521596109003
"Tmem160",1.16495255865234
"Dusp6",1.16486395933405
"Phc2",1.16462113025701
"Hoxb3",1.16437182458792
"Tnfrsf17",1.16423370944217
"Opalin",1.16362468293382
"Cybrd1",1.16335433693985
"Hsd17b11",1.16267657643328
"Hist1h2bo",1.16247134764955
"Kif3b",1.16227452427953
"Fgd6",1.16221199489282
"Cacng8",1.16193693849416
"Zcchc24",1.16072857283625
"Tmc3",1.16028971529385
"Ttyh3",1.15999278378177
"Col9a2",1.15967787394681
"Il17rb",1.15953420573688
"Hal",1.15944664379361
"Erbb3",1.15925322880792
"Tp53bp2",1.15850063251025
"Surf2",1.15808155927283
"Apod",1.15780066729101
"Kansl2",1.15773338240972
"Hist1h2bl",1.15741645859394
"Zfp513",1.15735993301519
"Gbp4",1.15691977660388
"Emd",1.15579391623152
"Fus",1.15562505513604
"Kit",1.15530836457417
"Cdk4",1.1543416534753
"Neurl2",1.15430694265119
"Cyfip2",1.15426512592284
"Mcm3",1.15394250125835
"Anxa4",1.15372476880133
"Errfi1",1.15346856198074
"Cyp2j4",1.15331036308493
"Apeh",1.15239159985025
"RGD1564541",1.15218696369257
"Apobr",1.15194363455194
"Stard3nl",1.15177730218975
"Lrrn3",1.15155104340051
"LOC100362453",1.1511417133836
"Nr4a2",1.15098042126908
"Dennd6a",1.15082467690457
"Begain",1.1508005501725
"Ssh3",1.14987011620583
"Ergic1",1.14939705529545
"Rtn4ip1",1.14928575269521
"Myd88",1.1490781135047
"Ncam2",1.14907251711555
"Cnksr1",1.1488013695935
"Ep400",1.14723435400596
"Fam53a",1.14616751277695
"Ubxn11",1.14588318834819
"Dnase1l2",1.14580017809792
"Cmtm7",1.14550400586896
"Snd1",1.14445543374342
"Kcnh4",1.14429517878805
"Rprml",1.14347110120232
"Fermt3",1.14289492162536
"Gckr",1.14162184548605
"Klrk1",1.14078225946944
"Slf1",1.14007545397469
"Fam219b",1.14002583315072
"Vangl1",1.13919717334787
"Ccnjl",1.1390639638818
"Snorc",1.13892944262547
"Rnpepl1",1.1385021058879
"Syt13",1.13795869570807
"Klhl10",1.13719716041917
"Lgals1",1.1368880064633
"Anxa11",1.13631809541302
"NEWGENE_1586233",1.1362847363958
"Krt80",1.13568344751616
"Sumo2",1.13505758213596
"Trip13",1.1350284742429
"LOC685203",1.13472939888116
"Gstt1",1.13449760872104
"Kcp",1.13341530100882
"Bcl6",1.13296372884042
"Higd1b",1.13275277622207
"Plxnc1",1.13236062698915
"Tmem237",1.13200150126615
"Slc6a5",1.13188115503055
"Pcdhb12",1.13156104418329
"Rac2",1.13129752470739
"Cstf3",1.13109871679411
"Capn13",1.13101239739047
"Rin1",1.13093295370019
"Megf6",1.1308462074605
"Tnfaip8",1.12895254431939
"Cyp4a8",1.12772390506663
"Zbtb16",1.12732045386035
"LOC691113",1.12722442523863
"Setd1a",1.12708008264203
"Zbtb8b",1.12592648416997
"Tbc1d2b",1.12515904785322
"Fbxo32",1.12406309577067
"Rorb",1.12367347270352
"Trim3",1.12357936844199
"Hsd3b7",1.12305656914829
"Il1r2",1.12303850417344
"Tbx1",1.12290920428312
"Pls3",1.12277098722907
"Ppp1r9a",1.12235496766104
"Ncaph",1.12211999884033
"Sfrp5",1.12186470087873
"LOC100909664",1.12126614648058
"Atrx",1.12040238879076
"Cers3",1.12009102270592
"Hgf",1.11999735623613
"Ikbke",1.11914316931859
"Rnf145",1.11896322951737
"Gemin7l1",1.11785829288927
"Procr",1.11752723410785
"Galt",1.11748869840569
"Ccdc130",1.11646678477738
"Sbf1",1.1151245690073
"Agbl3",1.11487605155178
"Slc2a3",1.11474622667736
"Vegfc",1.11463833520324
"Lyl1",1.11400398466351
"Lrat",1.11307743560304
"Hnrnpm",1.11295198541832
"Mgst2",1.1126873997381
"Wnt3",1.11256012452166
"Pdgfb",1.11238402024531
"Mmp8",1.11219856986715
"Pced1b",1.11208474056305
"Bmf",1.11152101114604
"Endog",1.11076847584985
"Dock6",1.11049027941192
"LOC680254",1.11036543801239
"Dnali1",1.11027094035296
"Ttc14",1.10830484683571
"Baz2b",1.10817156868847
"Mfsd4a",1.10788109155645
"Clspn",1.10761289904595
"Zfp35",1.10736855254888
"Thbs4",1.10662229422221
"Mnda",1.10597084567483
"Tmem37",1.10553913703837
"Sf3b4",1.10553488206237
"Fosl2",1.10541203833591
"Htra2",1.10523184541743
"Tlcd2",1.10503606520602
"Gapt",1.10402650187147
"Smarcc2",1.10373984235983
"Itga2",1.10369747720236
"Zbp1",1.10327533731825
"Gpr17",1.10295143111668
"LOC100911456",1.10262847035191
"Adprm",1.10230740209695
"Zfp583",1.10223332026335
"Laptm4b",1.10179328595109
"NEWGENE_1308612",1.10135116887021
"Tjp3",1.1008446701213
"Ubald2",1.10079603408609
"Mycbpap",1.09999812138921
"Mbtd1",1.09844474591049
"Stn1",1.09772469536145
"Nle1",1.09760119235591
"Birc3",1.09715093259162
"Gsk3a",1.09594330888614
"Pnrc2",1.09536146259518
"Bcl10",1.09482762294528
"Igsf6",1.09466764097768
"Ap3m2",1.09463597250491
"Mea1",1.09460085099509
"Ppp1r12b",1.09447406072294
"Ccdc92",1.09440764283353
"Sult1a1",1.09388279541431
"Fam207a",1.09353115878157
"Rem1",1.09254982801773
"Tmem53",1.09232368598559
"Egfr",1.09206077367375
"Hrct1",1.09202721164764
"Ears2",1.09196255624083
"Pgam2",1.0911719894924
"Iqgap1",1.09111188606911
"Eml5",1.09050121430215
"Uap1l1",1.09016355368538
"Stk17b",1.0889503576177
"Blvrb",1.08804573397946
"Cfap91",1.08779739166772
"Rnf144b",1.08773466168005
"Adamts7",1.08752763332933
"Nynrin",1.08634548371707
"Ankrd13c",1.0855934115425
"Bzw2",1.0851476367228
"Mapk8",1.08472389003123
"Kctd19",1.08351739198572
"Plxna1",1.08254353950207
"Otogl",1.0818440451252
"Syk",1.08154598099223
"Prkd2",1.08129683946244
"Tbc1d19",1.08112610399981
"Brd9",1.08045194205806
"Fos",1.08002610308387
"Adprhl2",1.08000828363533
"Coch",1.08000360213467
"LOC100911166",1.07988387140474
"Aptx",1.07977256617184
"L2hgdh",1.07963932664976
"Samsn1",1.07962822232866
"Ccdc190",1.07944168535305
"Gjc1",1.07924864477394
"Clptm1",1.07909551508869
"Gng12",1.07891896362218
"Desi2",1.07880146960516
"Gzf1",1.07856944313315
"Pla2g15",1.07853117681244
"Sec61g",1.07785222223859
"Aspscr1",1.07777327977745
"Il1rn",1.07726583236388
"Kcnc4",1.07717214335825
"Ppp2ca",1.07707887201477
"Arfgap2",1.07684844215498
"Rpl18a",1.0767774122034
"Dip2b",1.07675466078376
"Atrnl1",1.07668673049913
"Slc12a8",1.07592442625047
"Tmem147",1.07568320664157
"Frg1",1.07554951043027
"Unc13b",1.07540086489194
"Klhl42",1.07479900449347
"Slc16a11",1.07469282835134
"Zmynd8",1.07452491463419
"Tubb5",1.07439850427041
"Itga9",1.07416283260336
"Cpg1",1.07394146155616
"Ehmt2",1.07371535806337
"Ca5b",1.07354054753036
"Adamts12",1.07347437282826
"Psme1",1.07345516451873
"Stpg3",1.07311498906825
"Sod3",1.07229247142052
"Vmp1",1.0722682378948
"Zfp394",1.07122400295607
"Fbxw8",1.0701344670626
"Txn1",1.07010439854626
"Srpx",1.06963034335286
"Fam228a",1.06928568140491
"Htra3",1.06838209711999
"Gsdma",1.06830774647635
"Zfp821",1.06818627975997
"Angptl1",1.06816877065609
"Rrp36",1.06782969033281
"Mrpl48",1.06757596248607
"Zfp512b",1.06720526611388
"Itsn1",1.06685329031977
"Col6a2",1.06649232960533
"Morf4l2",1.06637654279737
"Uhrf1bp1l",1.06600897174074
"Tmem117",1.06494960277901
"LOC103689954",1.06484012531175
"Ripk1",1.06479872920087
"C5ar2",1.06467780814894
"Tcf7",1.06463636274213
"Eef1e1",1.06430811479751
"Heca",1.06423220381974
"Dalrd3",1.0640185449657
"Bhmt",1.06294878565018
"Stxbp4",1.06240280650384
"Spns3",1.06238284751786
"Kirrel2",1.06061001383913
"Zfp296",1.05985818573824
"Nr2c1",1.05969126243317
"Tfr2",1.0577203978121
"Osbpl8",1.05670567207809
"LOC100911622",1.05669949007862
"Lrch3",1.0566670803552
"Ncam1",1.056486435101
"Ociad2",1.0562853041372
"Sntg2",1.05613820853241
"Chfr",1.05512484581261
"Gtf2a1l",1.05361970995359
"Scn3b",1.05346444170957
"Btk",1.05313662242842
"Ung",1.05181741167407
"Spink2",1.05126813380589
"Tmem255b",1.05119341012392
"Pik3c2b",1.05001644978364
"Rdh8",1.04996468984598
"Hfm1",1.04954250253548
"Ttpa",1.04873183031919
"Rgs22",1.04841214383043
"LOC100364457",1.04768863994726
"Nek6",1.04709435332384
"Ino80d",1.04700531066069
"Tmx1",1.04700285251676
"Zbtb34",1.04646357529355
"Echdc3",1.04643495253148
"Aatk",1.04629581475901
"Csf3r",1.04601877967311
"Slc44a1",1.04551903869147
"Spen",1.04549281498051
"Cep55",1.04529638335452
"Ctse",1.04384402189814
"LOC102551340",1.04366340172058
"Gem",1.04355325692814
"Ccl11",1.04304720601621
"Nppa",1.04268358726213
"S1pr2",1.04253488729344
"Duoxa1",1.04183807453755
"Ago1",1.04173974078401
"Sntg1",1.04166986052113
"Pxn",1.0416621241669
"Garnl3",1.04148772938037
"LOC100912538",1.04138125333573
"Med11",1.0413653726602
"Samd14",1.04077399183137
"Rsrp1",1.04063567092135
"Tmem106a",1.0399628804925
"Disp2",1.03955337632391
"Gusb",1.03922194118099
"Jade2",1.03905410353083
"Axdnd1",1.03880677539709
"Pdp1",1.03876621991099
"Zmpste24",1.03792708292601
"H3f3b",1.03784678451824
"Arap3",1.03737543505721
"Samhd1",1.03732862794505
"Stx17",1.03721790054229
"Mbd4",1.03718105157411
"Bclaf1",1.03657741349586
"Rabggta",1.03609541846129
"Ing2",1.03572625971428
"Lsmem1",1.03516538607257
"Malt1",1.03502953586211
"Cspg5",1.0348845007892
"Ino80",1.03452445879552
"Ankk1",1.03394864071052
"Gimap5",1.03364580406792
"Erich1",1.03242182923285
"Tep1",1.03204982352499
"Ttc12",1.03192859464323
"Prkar1b",1.03178253670192
"Oaf",1.03165994652827
"Mapk14",1.03154382555478
"Wfikkn2",1.03144460373028
"Gnptab",1.03111539357341
"Gnas",1.03097555064107
"Phf7",1.03081219287183
"Tet1",1.0307141294248
"Dusp22",1.03020155263681
"Zfp652",1.02999237314275
"Gaa",1.02973217969559
"Hdac7",1.02946059981491
"Rbm33",1.02944124467524
"Pbdc1",1.02941647898142
"Top1mt",1.0293978352554
"Nadk",1.02863517935596
"Mesp2",1.0283762680461
"Mgat5b",1.02821750006323
"Myh15",1.02739128464622
"Neo1",1.02731090624495
"Trim80",1.0272780786809
"Sh3d21",1.02667701760068
"Bmp1",1.0263623002554
"Smad4",1.02618788959484
"Zfp322a",1.02562374638724
"Reep3",1.02462611376207
"Akap13",1.02305764735614
"Rasip1",1.02299402659665
"Ube2g1",1.02254544642565
"Map3k11",1.02221932923572
"Rab5b",1.02206166544583
"Hydin",1.02205278011595
"Tbc1d10c",1.02121438928474
"P2ry14",1.02091663456479
"Ccdc28b",1.02067948282215
"Ankrd50",1.02010180110814
"Zcchc14",1.01991587432952
"Trank1",1.01985601544132
"Slc49a4",1.01980504583068
"Kcnmb3",1.0195041690292
"Pus10",1.01897661992926
"Serpinb10",1.01881876988991
"Hspb8",1.01760241383642
"Kcnk9",1.01718281920663
"Top1",1.01684306791682
"Acad11",1.01672162343113
"Ptgir",1.01636938354454
"Nagpa",1.01586704744595
"Cfap45",1.01574721699126
"Ece2",1.01517381256749
"RT1-CE10",1.01455197192732
"Lmo7",1.01350056831088
"Wsb1",1.01347824683227
"Lmo1",1.01203309492256
"Fgd4",1.01174003368595
"Arrdc3",1.01144833000273
"Tll2",1.01142795546107
"Hif3a",1.01019219313838
"Prkrip1",1.01014814034591
"Hsbp1",1.00884701088179
"Lgi4",1.0086595666532
"Ttc8",1.00858292700153
"Wdr76",1.00819089457156
"Prkcg",1.00804232633685
"Gpm6b",1.00796010967353
"Ucp2",1.0067973487618
"Efna2",1.0067926748388
"Ppp4r3a",1.00672593740496
"Prmt7",1.00637162038668
"LOC103693564",1.0059983778851
"Pld2",1.00499981895771
"Sos2",1.00487613829233
"Zmat3",1.00440392497089
"Itga2b",1.00419744534314
"Nt5c",1.00359553311125
"Lrrc38",1.00336380719432
"Endou",1.00296011449455
"Syde1",1.0027187990785
"Wipf2",1.0024893966392
"Zdhhc14",1.00180660961462
"RGD1565622",1.00111646664161
"Cdk13",1.00104298367156
"Zfp280d",1.00067756262046
"Pafah2",1.0005659693602
"Zdhhc13",1.00052416359345
"Crym",1.00014277979562
"Xpnpep1",0.999821558162193
"Tnfrsf12a",0.999263580807346
"LOC680200",0.999162906213667
"Arhgap1",0.998726504757758
"Nudt8",0.998012016561559
"Ppargc1a",0.997301009154017
"Cdk1",0.996868069516191
"Slc25a24",0.99633471694017
"Gins4",0.996273700187433
"Cgrrf1",0.99590908310709
"Arhgdib",0.995677929396702
"Pcdhb3",0.995513464779395
"Wnt16",0.995285062205442
"Mecom",0.994635407344295
"Fv1",0.994513080633546
"Abcd4",0.994388597516042
"Cblif",0.994377243874797
"Prkar2b",0.993957046012157
"Abracl",0.993794126411874
"Plcd3",0.993524663252625
"Ifgga4l",0.993523628854619
"Dnmt1",0.99345041294103
"St6galnac5",0.99242933352022
"Npffr2",0.992004083819336
"Msi2",0.991980242112893
"Ogn",0.991146596466975
"Gdap2",0.990510432054382
"Mtbp",0.990459927306635
"Eogt",0.990440006707211
"Kdm2b",0.990294166546202
"Igf2bp2",0.990196928112734
"Nufip1",0.989968252548464
"RGD1308428",0.989884915111551
"Zcchc7",0.989764824953769
"Ccdc14",0.989676550499449
"Add3",0.988090549950701
"Chst11",0.987276467104829
"Fbxl12",0.987065824932766
"Rab13",0.986050382288075
"Nat8b",0.986036115699304
"Nthl1",0.986035740532269
"Tlr1",0.985823214404725
"Ralgds",0.985816664817665
"Crnn",0.985814661317188
"Dctd",0.98572364970153
"Adck2",0.985706974300324
"Gpr68",0.984821836560369
"Taf1c",0.984276876700815
"Il17rc",0.984236859883853
"Tagln3",0.984180766199361
"Tmem167b",0.983520093301029
"Pcdhb5",0.983077599495845
"Cndp1",0.982766603954887
"Rps3a",0.98269578745492
"C3h9orf50",0.982287660692622
"Nab1",0.981590506310156
"Wdr74",0.981555302556884
"Olfml2a",0.981445659334396
"Agrn",0.98098853277623
"Slc27a5",0.980754251801564
"St3gal1",0.980636353573427
"Tnfrsf26",0.980481672818911
"Picalm",0.979107901440023
"Lyrm4",0.978706203559476
"Cxcr5",0.977521336308846
"Efna1",0.976887741180038
"Slc12a6",0.976876913997671
"Olfml3",0.97663346759679
"Slc35a1",0.976496182135742
"Nsmce2",0.976147283133103
"LOC108348069",0.975577022841668
"Gorasp2",0.975166022629404
"Gnb3",0.974687289694929
"Churc1",0.974607395883841
"Rftn2",0.974528286617645
"Lss",0.974456552851018
"Rbl1",0.973809500409045
"Txndc9",0.973286491263209
"Ppat",0.972591435263028
"Foxred2",0.972276211555641
"Arhgef33",0.972225682993719
"Tmco1",0.972043631925465
"Pla2g2a",0.971715443816282
"Rps24",0.971488431093196
"RGD1304694",0.970993764114993
"Cyba",0.970751531960485
"Cep120",0.970345139194258
"Acbd5l1",0.970079183252143
"Erap1",0.970005463901239
"Zfp422",0.969497896177236
"LOC100360413",0.969060397037031
"Ptp4a3",0.968992966374175
"Il20rb",0.968832602784057
"Fmnl2",0.968282614084378
"Irak2",0.968276721067161
"Gtf3c5",0.968231384552051
"Kif26b",0.96822227570596
"Slc26a3",0.968163604119334
"Irf2bpl",0.968040636192199
"Aunip",0.967946087748461
"Lfng",0.967344588611768
"Abce1",0.966025551891328
"Slc6a6",0.965716551127764
"Gpatch11",0.965628468756028
"Mtch2",0.965609816625856
"Ddx39a",0.965286913496703
"Tbc1d15",0.964850606975001
"Rnpep",0.964477647379264
"Rnaseh2c",0.963962013854331
"Rpl4",0.963535306080408
"Phf2",0.963482230756936
"Slamf9",0.9634742207527
"Ddias",0.963100014515641
"Edn3",0.962090748724637
"Ints3",0.96143426322056
"Golga7b",0.960973948025184
"Tmem123",0.960813804190272
"Ube2t",0.960582551405584
"Abhd17a",0.960422677812941
"Rpl35l1",0.960379119694339
"Ube2r2",0.960214295148578
"Adcy4",0.96013379269418
"Supt6h",0.959890157342408
"Chid1",0.959886979228096
"RGD1563400",0.958822661319539
"H2bc12",0.958551543767481
"Dennd5a",0.958496038563847
"Icam5",0.957926202288951
"Dync2i1",0.957348080670396
"Slk",0.957104374618724
"Vtn",0.956960346000286
"Lzts3",0.956475458063569
"Tbl3",0.956151229625626
"Gdf3",0.955681033772893
"Tesk2",0.955585151061152
"Mcph1",0.953654453926234
"Dcx",0.953590354480488
"Noct",0.953199388882422
"Taldo1",0.95276289367557
"Eif3el1",0.952702214749354
"Vac14",0.952575217481592
"Wnk3",0.952567623080961
"Rbm3",0.952290530037326
"Nectin2",0.951849786650123
"Gp6",0.951620183708702
"Eno2",0.951335719829926
"Stx7",0.951176061182157
"Ubap1",0.950935763329546
"Pih1d1",0.950747004794683
"Fdx2",0.950615646428514
"Stx8",0.949169188058056
"Riok3",0.949164296541522
"Necap2",0.948648403680503
"Rif1",0.948534765244588
"Klhl35",0.94849004771248
"Tmem17",0.947908200967048
"Mrgpre",0.946291055998257
"Tcf19",0.945906733308593
"Tor1aip2",0.945727178734834
"Zc3h7a",0.945375896401323
"Asns",0.944592686680483
"Hmbox1",0.944427205996166
"Wdr17",0.943995680768472
"Sh2d4a",0.943955181773077
"Trmt13",0.943907616166395
"Asl",0.943815886979989
"Zbtb43",0.943628774258949
"Phyhd1",0.942757551156201
"Rbm43",0.942279708499365
"Slc7a12",0.942078325829567
"Marchf2",0.941748212493883
"Pcdhb19",0.941660848149107
"Scrn2",0.939612014348689
"Sytl3",0.939458661245091
"Fam189a2",0.939442970686777
"Slc38a6",0.939274976976164
"Luzp2",0.939272190755102
"Ssmem1",0.938583974697026
"Tnfaip8l2",0.938474213104905
"Chrnb2",0.938385922664217
"Hibadh",0.938343371463271
"Cd5",0.938065155040468
"Ndn",0.937852916179013
"Ralgps1",0.937691502085444
"Pcdhb21",0.937035346712591
"Tfpt",0.937032390527642
"Aass",0.9369197627123
"Ermn",0.936623947825608
"Fam167b",0.936547855702684
"Krtcap2",0.936326107636412
"Dstyk",0.935668649422698
"Wdr11",0.935116151440861
"Dxo",0.934892357128878
"Ptrh1",0.934809627757714
"Osbpl11",0.934690254324969
"Rims4",0.934514902765365
"Fam241a",0.933849006692661
"Csnk1a1",0.933575207338278
"Agmo",0.933381583968778
"LOC100912590",0.933314080674876
"Evpl",0.93220952793339
"Khsrp",0.932185096151086
"Gbp5",0.931951482554112
"Atp1a2",0.931713901947855
"Rspo2",0.930987918139112
"LOC682793",0.930985910607694
"Card6",0.930583137182368
"Tmem198",0.930249837921645
"Tfdp1",0.92968690148921
"Dhx32",0.929621620583795
"Herc1",0.929094661397706
"Arhgap22",0.929078034690958
"Lrrc78",0.92900107498203
"LOC100360057",0.928912496318874
"Slc39a9",0.928859978153824
"Stard6",0.928837143137182
"Upp1",0.928143821753594
"Pex11g",0.92808578601825
"Ncf4",0.927964504426699
"Rusc2",0.927264203608902
"B4galt1",0.926718024701808
"Rdh10",0.926243427312781
"Fam49b",0.92619795903628
"Zbed3",0.926016011104389
"Rrnad1",0.925824640258636
"Dlgap2",0.925510059364964
"Ccdc77",0.925493901830949
"Stpg2",0.925284986453937
"Hdhd5",0.925193379710898
"Clec2e",0.925123677306238
"Ptchd4",0.924797866157928
"Tshr",0.924457402931737
"Atp10b",0.924272448772818
"Slc38a10",0.924079021634542
"Pde4c",0.923983455023579
"Mei1",0.923560201054977
"Mettl26",0.922422199824776
"Armcx4",0.92168487226717
"Toe1",0.921516702095566
"Zfp263",0.919269833893599
"Clec4a2",0.919205782440212
"Vipr2",0.919107908180181
"Dpm2",0.918393476155319
"Melk",0.91809249876714
"Phf10",0.917811010560425
"Rad18",0.917658844720561
"Fgl2",0.917499804741922
"Tent2",0.917334394885703
"Zfp763",0.916388062434847
"Tex22",0.91604731293678
"Gosr2",0.915473669396702
"Sema3a",0.91497196518083
"Ap3s1",0.914926121621417
"Pak3",0.914906658256027
"Uckl1",0.914748473357821
"Fcrl2",0.91366699275739
"Numa1",0.913644082187566
"B3galnt1",0.913286638662975
"Tctn1",0.912883514960154
"Pola1",0.912300987693831
"Tceal6",0.912123261962571
"LOC100910438",0.912092288568953
"Afg1l",0.912006652335576
"Pofut1",0.911836779651629
"LOC120097197",0.911769373779898
"Gng10",0.911043790794996
"Atp11c",0.910692411395629
"Ttc39d",0.910625134506931
"Fmnl3",0.909969277705323
"LOC501406",0.909059580725972
"LOC100362040",0.908762686758751
"Ccdc88c",0.908369716012639
"Nek8",0.908177047558249
"Lztr1",0.90772476424363
"Fam43a",0.907289673427189
"Lrriq1",0.907252639795743
"RGD1308775",0.90692669334157
"Dad1",0.906709220264495
"Rdm1",0.90667643887865
"Tmem222",0.906113018228562
"Bcar1",0.905916214738375
"Ninj1",0.905820354210876
"Klhl23",0.905520400903976
"LOC103695172",0.905516531729763
"Acy1",0.905239647592777
"Fubp1",0.905214340704545
"Fnbp4",0.905094387762777
"Btbd3",0.90508571401615
"Cpsf7",0.904881205172413
"Gstt2",0.904550043115863
"Nol8",0.904529576927996
"Scarf2",0.9043450275802
"Rpl10",0.90400392057734
"Ywhaz",0.903931707859929
"Mkrn1",0.903668057977184
"Dkk4",0.903009503270142
"Ctnnd1",0.902237296533374
"Tle2",0.902099021430347
"Slc6a13",0.901570614642458
"RGD1560775",0.900906241525065
"Kcnk16",0.899865654395942
"Magee2",0.899806317044806
"Psmd8",0.899392213609014
"Sgcb",0.899309744611718
"Lpp",0.899277593628971
"Hivep3",0.89905956240833
"Rab42",0.899047028211266
"Chadl",0.898588918270129
"Tspan17",0.898406901107828
"Adora2a",0.897613144692554
"LOC500331",0.897545682429609
"Pla2g5",0.897478995048479
"Ric8a",0.896865614272656
"Ppic",0.896296736504367
"Ece1",0.895859727441252
"LOC103690165",0.894995591288173
"Trio",0.894428546928367
"Tac3",0.894419786050455
"Pp2d1",0.894103082347128
"LOC103690035",0.893889776044245
"Ticrr",0.893508097719337
"Ss18",0.89291738639456
"Ptk2",0.892858776859705
"Slc30a7",0.892587288548151
"Grina",0.892213769719756
"Igtp",0.891863697424908
"Kdm1a",0.891436749825492
"Mmp21",0.891127399668794
"Ascc2",0.890572192386775
"Utp20",0.890414449187676
"Serpinb6b",0.890159618649887
"Tbc1d14",0.889674789696693
"Ch25h",0.889446452744879
"Map2k2",0.889400676097496
"Rgmb",0.889148276525137
"Lhpp",0.888053850498424
"Cbx7",0.887519058533854
"Zfp772",0.887073644235685
"Klf13",0.887015196104853
"Troap",0.886684393488915
"Rassf4",0.885980899296582
"Herpud2",0.885735366756435
"Ints13",0.885197045691078
"Fam169b",0.88472448028644
"Uaca",0.884603077028403
"Hirip3",0.883915701828869
"Heatr6",0.883330925982279
"Qser1",0.882423377349255
"Ybx1-ps3",0.88203670674648
"Pxk",0.881607044727633
"Hhex",0.881477459549847
"Eif3a",0.881197987018486
"Tex30",0.880915267628554
"Hexd",0.880910300444276
"Sla2",0.880558328442245
"Plekha4",0.880460429197003
"Polr3e",0.880274739923619
"Arhgdia",0.880212247575495
"Abhd5",0.879945528029833
"Lrrc42",0.879823080365163
"Rhno1",0.879733309582675
"Col9a3",0.87953764909175
"Zfp579",0.879339983764063
"Rin3",0.879183105392182
"Inpp1",0.878564410802272
"Wnt4",0.878136105201177
"LOC103694506",0.878027846312709
"Notch3",0.877629530522856
"Ttpal",0.877566530763724
"Hpf1",0.875456743519603
"Rpl36al",0.8753290582853
"Pole",0.875014828550339
"Tle1",0.874523511862278
"Mepce",0.874500448897796
"Epx",0.874418083074399
"Shroom2",0.874184800047569
"Ythdf2",0.87402251329856
"Zscan12",0.873994803852533
"Angpt2",0.873924099964738
"Dnajb7",0.873576029435652
"Nfkbib",0.873300212844911
"M6pr",0.873128954178503
"Ppp1r1b",0.872946750293267
"Qsox1",0.871391162046799
"Hmgcl",0.871348862109182
"Faap24",0.871128310753745
"Sec61a1",0.871080567766912
"Sec24d",0.87072681678614
"Ubxn1",0.870484770520895
"Btla",0.870279069159079
"Cps1",0.869825504208065
"Anapc10",0.869657964637589
"Fbxl16",0.869477200332557
"Ube4a",0.86945663160188
"Fbxl6",0.86921320985216
"RGD1563888",0.869118274400748
"Acot11",0.868636696036617
"Ccdc66",0.867840566375258
"LOC498555",0.867803635916353
"Bag2",0.867794194787187
"Ly86",0.867646971621265
"Thsd1",0.867097355059795
"Cep72",0.866971827908097
"Crb3",0.866687907160808
"Eny2",0.866594728176806
"Ints9",0.866485933815979
"Atad3a",0.864717964774455
"RGD1359634",0.864542570833203
"Linc00176",0.863944338568565
"Npm1",0.863762681876724
"Blm",0.863600561232359
"Tm4sf1",0.862958885792344
"Mdh1b",0.86235710936403
"Il16",0.861195871820253
"Pde8b",0.861161053681431
"Zbtb25",0.860435751829394
"Lmbr1l",0.859402758712397
"Il2ra",0.858859317488626
"Hyi",0.858576307725964
"Fhod1",0.858017247398259
"Prokr1",0.857782487867158
"Alkbh8",0.857318928798377
"Zscan26",0.857258239536066
"Hist1h2ak",0.8566439594739
"Dicer1",0.856453395529601
"Tgm7",0.856106777221388
"Itpr3",0.855485644201737
"Sycp3",0.855094727450898
"Cblb",0.855015754017128
"Pfdn5",0.854968045227983
"Lgi2",0.854131419358941
"Uros",0.854128559379022
"Spg7",0.853864104052751
"Mgst1",0.853181819729947
"Gpr37l1",0.852586018872224
"Cdon",0.852036151161515
"Chd1",0.851897385967643
"Rps6ka4",0.851372302505326
"Man2b1",0.850888914733107
"Alkbh2",0.850721248741224
"Tmem9b",0.850518400449377
"Kif4a",0.850020642521082
"Col10a1",0.849753572601828
"Pigt",0.849632192218479
"Foxp4",0.848602213956682
"Spmip5",0.848247309000838
"Pirb",0.84787924084346
"H1f4",0.847153773029436
"Ogt",0.847024011582611
"Rgs19",0.846901416878816
"Nemp2",0.846273366261148
"Slc9a8",0.846093253570725
"Cdc42",0.845688688783985
"Tmem248",0.845552026078444
"Sppl2c",0.845498977030306
"Foxn2",0.845466244369702
"Stambp",0.845280329632643
"Spata31g1",0.845274735014898
"Kctd4",0.845232734902178
"Ppig",0.844865630731695
"Il18",0.844698324620561
"Zfp764",0.843462990756109
"Rtraf",0.843158507741452
"Stard7",0.842978437339505
"Pcnt",0.842674176154102
"Aimp2",0.842193613040624
"St6galnac4",0.842059502867613
"Clvs1",0.841423365760598
"Tasor",0.83975100052647
"Nop10",0.83958322747983
"Pde8a",0.838190986845582
"Cep192",0.83806861911856
"Zfp280c",0.837105090599744
"Pmvk",0.836732974487879
"Trhr",0.836435644218595
"Nol7",0.836349514171881
"Arf4",0.835997588042249
"Adnp2",0.835677269278653
"Exph5",0.835392924140598
"RGD1311595",0.835169534771363
"Tyk2",0.835028180141552
"Myo1c",0.834570677822934
"Cbll1",0.834393784633117
"Nqo1",0.83389978467118
"Fhod3",0.833853519048069
"Gpkow",0.833708933432791
"LOC685699",0.833090266905859
"Aco1",0.832732675642807
"RGD1563263",0.832711516614905
"Mbd6",0.832692703928526
"Orc2",0.832539494834674
"Or52b1",0.832459357308769
"LOC100363289",0.832312167284725
"Tecr",0.832132127241926
"Dnajb12",0.83163236290924
"Tmem135",0.831509200194229
"Ptpn12",0.831120395995695
"Gmeb2",0.831092105083832
"Bcas1",0.830928365475714
"Pprc1",0.830659993739109
"Fadd",0.830585977931522
"Exosc10",0.830519371243732
"Arid1a",0.830470202312021
"Sobp",0.829888604549968
"Plk2",0.829601356489282
"Pde6d",0.829351480999121
"Thoc2",0.829303001979428
"Bbx",0.828592201340751
"Aaas",0.828428884599746
"Cmtm8",0.828399555991798
"Lsm3",0.828396962827027
"LOC103692128",0.828387540859635
"Zfp37",0.827491247613261
"Phf14",0.82714972403218
"Rasa4",0.827099825429888
"Rps5",0.826938267366812
"Cpsf4",0.826904723763514
"Dusp12",0.826861722854828
"Sh3pxd2a",0.826338804385411
"LOC100910833",0.826286146379824
"Timm17b",0.826178121748802
"Bach1",0.826166413105377
"Ttyh1",0.825563764726622
"Tspan11",0.825467834340309
"Anapc13",0.825128200743621
"Armc10",0.825045712930962
"Cd82",0.824965168567735
"Znf750",0.82492237987287
"RGD1566099",0.824644409870456
"Tlnrd1",0.824096491217834
"Ptk2b",0.823720652294822
"Rrad",0.823348046563992
"Src",0.823099746399266
"Fmo2",0.822839404621291
"Sh2d1b2",0.822348068191095
"RGD1560436",0.821644911722908
"Prkra",0.821339313408507
"Lrp8",0.821274075901013
"Zfp420",0.821013563015914
"Clp1",0.821008115050445
"Rflna",0.820908150208005
"Gpc2",0.820640796685093
"Klhl32",0.819959456121714
"Bles03",0.819592686864172
"Amer3",0.819086746269239
"Pou4f1",0.819085745538049
"Luc7l3",0.818954632973882
"Scnm1",0.818565722922443
"Eci3",0.818550039795472
"Thrb",0.818244981329747
"Tap2",0.817683206127362
"Tet2",0.817438852767204
"Ptprn2",0.81734535886795
"Socs6",0.817003830242039
"Btd",0.816797348451991
"Kalrn",0.81676934671011
"Brf1",0.816338388230245
"Shkbp1",0.816038698539188
"Sry",0.815096213914214
"Cd6",0.814993509498252
"Dcst1",0.814572371663636
"Ctu1",0.814181708783279
"Kcne2",0.813025359486681
"Ret",0.813012711222636
"Tmem144",0.812886342271023
"Diaph1",0.812875134474742
"Tbcd",0.812852236077408
"Fosl1",0.812822528103525
"Gimap7",0.812738375769021
"Nol4",0.812142173798156
"Kdm4a",0.811680754188576
"Ttll12",0.811644609007328
"Cd200r1",0.811112739698005
"Taf15",0.810722966587463
"Ca13",0.810664618791124
"Ppp2r3a",0.809559816428309
"Med25",0.809210169425914
"Ccdc134",0.808256531901927
"Tmem260",0.807845042977354
"Rbm45",0.807498516518035
"Klhl28",0.807051809003492
"Ssr3",0.806973776225453
"Pcgf3",0.806560368975978
"Nabp2",0.806066431559649
"Rpl34",0.805701485513028
"Rgs14",0.803941980424592
"Gab1",0.803825940803223
"Gstz1",0.80376933421642
"LOC688583",0.803695077463026
"Eif3k",0.802896539198101
"Mob3a",0.802704122436255
"Klrc2",0.802430211162981
"Inha",0.802421353772565
"Rnf38",0.802190435773917
"Utp11",0.801793830778461
"Emc8",0.801669002692644
"Tbx19",0.801384990511448
"Zfp382",0.799400440014428
"Cldn16",0.799393891617775
"Atp6ap1",0.79936633562084
"Fam81b",0.798306709967356
"Tmprss4",0.798268144672421
"Slc28a2",0.798226763588486
"Olr1",0.798207743428246
"Pabpc4",0.798203046601016
"Mapk4",0.797427336402305
"Gpr153",0.797321083515968
"Fam110a",0.797312793699805
"Mpp4",0.79718288842698
"Zfp184",0.796990226838628
"Tfe3",0.796640092042614
"Spry2",0.796387974894631
"Aven",0.796195267994852
"Prdx2",0.795930112427993
"Zc3hc1",0.795590009828754
"Actn1",0.795583327645453
"Mecr",0.795464730421962
"Spidr",0.795225275780364
"Nectin1",0.795090502098728
"Hk2",0.794797478560061
"Nmd3",0.794749693991444
"RGD1563365",0.79470224910693
"Twist1",0.794141211306992
"Tnfaip8l1",0.794022684500499
"Slc4a3",0.793841978685671
"Cngb1",0.793660274799041
"Eif4e2",0.792950409870811
"Aen",0.792823755439497
"Atg2a",0.792711771130726
"Ica1l",0.791975335893587
"Hcrtr1",0.790596528076738
"Ryk",0.789876703782719
"Zdhhc8",0.789729933722406
"Prss53",0.789431945987023
"Kcnk10",0.789155828221162
"Prdm1",0.788633215896053
"Pip5k1a",0.787356228054701
"Shroom3",0.786693493651431
"Slco1a4",0.786277927725135
"Rock1",0.785366159587468
"Tmed10",0.78530401155163
"Cep97",0.784960866888096
"Lzic",0.784532964060598
"Pcdhb7",0.784349505229274
"Ate1",0.783986911562953
"Casp8",0.783676970696781
"Zfp703",0.783125749316754
"Tnip2",0.78277859367549
"Ubp1",0.782640999986428
"Dap",0.782400858793016
"Atp2c2",0.78232065582254
"Tbrg1",0.781881881165454
"Map3k8",0.78118656100355
"Smad3",0.780836711380238
"Dcbld2",0.78057530893615
"Jmjd4",0.780290378585167
"Irx2",0.77928970685012
"Ern1",0.779289665211592
"Apobec3",0.779181512516665
"Taok2",0.779012990685922
"Sytl1",0.778609098851133
"Btaf1",0.778224215814698
"Sec16b",0.778016848376945
"Arsi",0.777937374080918
"Adora2b",0.777880833684669
"Rhbg",0.777507825980432
"Cers4",0.777141744923175
"Lpxn",0.776968054848811
"Aspdh",0.776825624385019
"Terf2ip",0.776630690711644
"Adam32",0.776419122130652
"Aurka",0.77639873334556
"Gmfb",0.775644976490931
"Hiatl3",0.775599315832105
"Mib1",0.775507883846678
"Ddr2",0.7741748783656
"LOC108348136",0.773856225908617
"Ccdc170",0.773777175424052
"Mk1",0.773664192833244
"Gmnc",0.773554265342631
"Vom2r53",0.773384434345233
"Hypk",0.773045207858956
"Glo1",0.772960737665111
"Adcy1",0.772432751149856
"Nmral1",0.772247022696761
"Hecw2",0.771997489145809
"Me1",0.771732282411946
"Vwa1",0.771502225641578
"Sdad1",0.770847348944774
"Tkt",0.770695849742171
"Naa35",0.770502474852911
"Ldhd",0.76990509396528
"Tceanc2",0.769079614144568
"Il5ra",0.768994213922053
"Yes1",0.76886720292506
"Tnrc18",0.768861248982712
"Bloc1s4",0.768856769682604
"Wdr55",0.767518995448654
"Zfp74",0.767365633810658
"Poc5",0.767186548937446
"LOC100911196",0.76708140667984
"Aifm2",0.765604422321485
"Zfp202",0.765384537892971
"LOC102556092",0.764988650141493
"Ackr2",0.764917605900491
"Kazald1",0.764450615197368
"Stard8",0.764417028644407
"Pald1",0.764386441505207
"Tp53",0.76432483148368
"Eml2",0.763939869096937
"Marveld2",0.763734347648533
"Trim10",0.763726459667097
"Ptgds",0.763683649280032
"Rreb1",0.763374459019549
"Tbc1d9b",0.762739901714934
"Txnip",0.762471854425543
"Drap1",0.761699060487952
"Wdr34",0.760978195669966
"LOC688981",0.760084635220084
"Naxd",0.759806252014494
"Suclg2",0.75958278992039
"Elob",0.759398747567292
"Ttc32",0.758525956191247
"Surf6",0.75807033149041
"Pdc",0.758060096913805
"Mettl3",0.757926021034212
"Dst",0.757758723191916
"Yipf3",0.757689580654931
"Tcf12",0.75756696022664
"Pcdhb4",0.756916998176987
"Rxra",0.756641126516363
"Ndel1",0.755465936831308
"Exoc4",0.755404110420826
"Usp50",0.755240083773994
"Tm2d1",0.754828244642046
"Kctd11",0.754772569135265
"Cherp",0.753878375905866
"Ggn",0.753812800450107
"Arhgef28",0.753809255757012
"Stam2",0.753789068008032
"Casr",0.753686641966456
"Gtf2h3",0.753349370790476
"Ppt1",0.752916878116706
"Pacc1",0.752320458952715
"Pxmp2",0.751526747939426
"Tha1",0.751235489593802
"Plpp2",0.75107826179751
"Dnajc1",0.750953508858843
"Ppp1r42",0.750327065299493
"Pfkfb2",0.750055684004951
"Rpl23a",0.749682470226493
"LOC100359574",0.749647689698149
"LOC685963",0.749543314193345
"Nfya",0.749016749298166
"Rps15",0.748701210675059
"Spata13",0.748549541629475
"LOC108348098",0.748543621102873
"Ppp2r1b",0.748459610421107
"Slc10a5",0.748437830690634
"Bmp6",0.748366396953143
"Haghl",0.748014631897642
"Emc3",0.747542374059024
"Nedd1",0.746780426861094
"LOC100910540",0.746669216174923
"Etfbkmt",0.74648198117766
"Slc17a9",0.745907444694246
"Map6",0.745892655392179
"Pgls",0.745603840538032
"Cse1l",0.745435817597273
"Pdcd5",0.745338911074372
"Slc36a4",0.745072021434468
"Tmprss9",0.744884507947187
"Scube3",0.744882321583627
"Dock4",0.744359463067753
"Arrdc1",0.744176219142198
"Selp",0.744060553331819
"Mrtfa",0.743563106512543
"Pelp1",0.743205650250841
"Cd40",0.742986154457368
"Slc41a1",0.742843668901482
"Vps54",0.742471925539159
"Them7",0.741795681994491
"Dnajc2",0.741472612852278
"RGD1562339",0.741449944544617
"Nts",0.740540560949801
"Pts",0.739790668923752
"Gngt2",0.739674915037945
"Slc25a1",0.739634769783722
"Pdcd6ip",0.739449085006798
"Wdr75",0.738481736599573
"Rab32",0.736992328727154
"LOC499584",0.736671188418439
"Rnf185",0.736662948481685
"Fads2",0.736572944013743
"Slc25a42",0.736450601032029
"Wac",0.736252839250528
"Pskh1",0.735509523252441
"Pcsk1",0.734999167986752
"Akap3",0.734707459459194
"Psmd5",0.73441415159154
"Rabgef1",0.733663524844334
"Islr2",0.733642874429723
"Cwc15",0.733205000176835
"Plscr4",0.732734844818711
"Ermap",0.732665930823255
"Vps8",0.732121330309389
"Itgav",0.731991041988563
"Iqub",0.731671700265682
"Wars1",0.731007998449821
"Hes1",0.730642529134799
"Cryaa",0.730476390246693
"Sgo1",0.73042227588639
"Wdsub1",0.730240621258586
"Rpl11",0.730102832533065
"Amot",0.729862575851683
"Pak2",0.729277472101134
"Snx4",0.729225033699792
"Wwp2",0.728693402223544
"Tmem88",0.72849770472804
"Tfpi",0.72836399104216
"Dele1",0.72835821774328
"Rap1gds1",0.727728790407543
"Pbrm1",0.727275844867451
"Actl6b",0.727142332760938
"Dear",0.726981605854587
"Pttg1ip",0.726960614430644
"Hacl1",0.726851339012469
"Dbf4",0.726593824777724
"Gar1",0.726524467192211
"LOC100912163",0.726226815553971
"Mgat4a",0.725810284960139
"Tdrd6",0.725333501033127
"Clec14a",0.724870193343149
"Nfkbiz",0.724383128647
"Agfg2",0.723810856848765
"Hip1r",0.723696311182033
"Tm4sf4",0.723678747120652
"Cpsf4l2",0.723179573586781
"Rad54l",0.722572198297419
"Srsf12",0.722550276084457
"Ilk",0.72246128042857
"Lrrc75a",0.722374713717281
"Osr1",0.722225925077117
"Tepp",0.722072062293846
"Cyb5r3",0.721102671572846
"LOC108348114",0.720591256023598
"Nmu",0.720231000512587
"Ctcf",0.720216648086536
"Mcam",0.720164448385025
"Pnkp",0.719755980602112
"Oscar",0.717951632793547
"Dipk1c",0.717755314785882
"Gprin2",0.717624126291231
"Cpped1",0.71758638121886
"Tox",0.717430448360686
"Clec2d2",0.71721743252314
"Kbtbd4",0.717149581536937
"Sell",0.716900383989461
"Asb5",0.716807680636305
"Furin",0.71662653524593
"LOC108348233",0.716534893205636
"Mrc2",0.716428897071365
"Zfp1",0.716423473324168
"Prorsd1",0.716398717998414
"Mturn",0.716369806975913
"RGD1310127",0.716086098045134
"Il10ra",0.715785787701723
"Ier5l",0.71575089415079
"Fth1",0.715720634671642
"Dhx38",0.71553268782803
"Gadd45b",0.715065652936597
"Scd2",0.714999923549006
"Rho",0.714613410626969
"Colgalt1",0.71420077809995
"Sap18",0.714073214332754
"Tmcc1",0.713976229915406
"Sparc",0.713896469374059
"Zfp746",0.713816885986183
"Ms4a6bl",0.713174209530317
"Ccdc120",0.713074963760614
"Smad5",0.712949767678206
"Pfkfb4",0.712889984986244
"Polr3c",0.711790310851362
"Gk5",0.710981821527998
"Adam1b",0.710864909361796
"Bace1",0.710785589787135
"Acvr2b",0.710773717238152
"RGD1311739",0.71021595448713
"Slc17a4",0.709998584201362
"Msl2",0.709858889230679
"Prmt6",0.709615025816568
"Trappc5",0.708691066566611
"Zfp600",0.708668859939406
"Wdr48",0.708475310923193
"Eloc-ps4",0.70813655770425
"Cfap300",0.708063611892409
"B3gat1",0.707955336411783
"Tmem209",0.707585874551361
"Prpf18",0.707557777433366
"Wdr73",0.707546020638761
"Ms4a4e",0.707476977482525
"Man1b1",0.707457172949669
"Siglec5",0.70726896897402
"RGD621098",0.707033341205827
"Plag1",0.70686775061535
"Ctsb",0.706696485755829
"Extl1",0.706572903282494
"Timp2",0.706443283601513
"Mtfmt",0.706346793050749
"Ngef",0.705401186373549
"Pcnp",0.704952932262577
"Marchf4",0.704417570765373
"Slc23a2",0.704340631210084
"Anapc5",0.704019346057434
"Zfp709",0.704006458638448
"Cnot8",0.703770090094198
"Maff",0.703299018724302
"Hivep2",0.703292876837312
"Thrap3",0.70326079097113
"Drg2",0.703248918259133
"Slc6a7",0.70299135784916
"Dvl2",0.70274074147695
"Insyn2a",0.702184504198837
"Tmlhe",0.701901411020947
"Aldoart2",0.701769819095492
"RGD1563941",0.701763245735678
"Josd2",0.701756444140659
"Smarcad1",0.701524624443682
"Ercc6l2",0.7014264397836
"Atad2b",0.7013085859844
"LOC108350839",0.700856702473691
"Alkbh1",0.700850995336716
"Casp2",0.700666151667305
"Cd300lg",0.700475099970443
"Fas",0.699819283114058
"Acsf2",0.699813536057513
"Szt2",0.699418353239546
"Add1",0.699311533684805
"LOC690045",0.698828085070748
"Tram1",0.698741537453929
"Pcif1",0.698339113938165
"Dhrs3",0.698034662518663
"Rps29",0.697352942471098
"Dazap1",0.696340478333866
"Tmem132a",0.696086852359697
"Mettl21c",0.696072782278228
"B3gnt4",0.696050415616948
"Mzt1",0.695787784549441
"Fam160a2",0.695750120225061
"Polr3d",0.694991318546482
"Spatc1",0.694509388106748
"Pdlim7",0.694332638177474
"Scmh1",0.693402658069145
"Cdca7l",0.693125534193723
"Dchs2",0.692990001732497
"Smim17",0.692850477468072
"Rpl27",0.692563382446183
"Htatsf1",0.692268003214748
"Tk2",0.692002247693476
"Lcn12",0.691799654294439
"Mutyh",0.691625709070867
"Spata31d3",0.691383016300043
"Pcdh10",0.691379278332513
"Kif20a",0.691002415964474
"Phb2",0.689711904345366
"Tatdn1",0.689592773956698
"Upf3a",0.689491541074422
"Smarcc1",0.689265025319462
"Gpsm1",0.689006199604423
"Rbfa",0.688891496421735
"Ankrd53",0.688711173385823
"Ptpra",0.687040037304993
"Sectm1a",0.686712689668592
"Syt15",0.686489373158941
"Gltp",0.686446626901996
"Vps28",0.686372806727267
"Ddx54",0.685971063303657
"Evc2",0.685890093282554
"Ubr7",0.685557191462982
"Dusp11",0.685531788980241
"Uba52",0.685317490374182
"Nat1",0.685163665069168
"Dhrs2",0.684993610937578
"Ube2e3",0.684592995174197
"Slc23a4",0.68454110250796
"Ulk1",0.684306101402811
"Fign",0.684212807845317
"Lonrf2",0.684212402572505
"Fzd2",0.683917902542131
"Zc4h2",0.683884334114694
"Tirap",0.683431819026607
"B4galt3",0.683008194506794
"Edf1",0.682339450281887
"Zfp563",0.682264878525237
"Ngf",0.682241218768774
"Nedd9",0.681804745467528
"Thsd7a",0.681439776024869
"Exo5",0.680833560657876
"Or52ac1",0.680258063699384
"Fut10",0.680115572078423
"Crlf2",0.679569339238495
"Ltb",0.679569176008311
"Sfxn5",0.679379409471597
"Klf9",0.678909325344848
"Ccdc112",0.678852290824851
"Shfl",0.678785916121498
"Cpne6",0.678713961538905
"Klhl7",0.678697752867645
"Chchd6",0.67862630898493
"Tmem115",0.678392246910288
"Sik2",0.677250084564894
"Hnrnph3",0.677242263826672
"Mapk1ip1l",0.676392331552557
"Ier5",0.675516590725473
"Pigw",0.675429745265614
"Bcl2l11",0.675285436373065
"LOC134483393",0.674905935489328
"Ctxn3",0.674713205969133
"Dusp2",0.674614460917252
"Slamf7",0.674411261070948
"Ubd",0.674110427166829
"Tgfbr2",0.673662005512433
"Zfp169",0.673326552702444
"Rcor3",0.673308025775438
"Adgrf5",0.673087977349236
"Snapc2",0.673081550782528
"Naa30",0.672810695203352
"Bet1l",0.672666958665933
"Cdkn2c",0.672639806363038
"RGD1597339",0.672432463590323
"Itga1",0.672196739339078
"Hmgb2l1",0.672132705120186
"Adar",0.671329392697478
"LOC100363452",0.671278939574703
"Syf2",0.670591543308863
"Comt",0.670421546765023
"Arfrp1",0.670180221215573
"Actl7a",0.670064263780813
"Ctps1",0.670035799754906
"Fmod",0.669985748256889
"Cyp11b2",0.669833803707003
"Cabp4",0.669465930498469
"Tef",0.669264350366369
"Slc1a5",0.669249807333567
"Ing5",0.668988819424211
"Smtnl1",0.668791859021228
"Zfp282",0.66845310584536
"Arhgef40",0.668426525819101
"Dab2",0.668397609010856
"Arid4b",0.668302763194226
"Pde9a",0.668225785558856
"Itgb1bp1",0.667803137905246
"Klf1",0.667442771890984
"Usp42",0.667420970374397
"B3gntl1",0.667165090243658
"Ppib",0.666915125577425
"Itga4",0.666772753501757
"LOC685406",0.666686683929113
"Hexb",0.666677435903204
"Depdc1",0.666633943873325
"Tbc1d32",0.666220792529971
"Impdh2",0.665867172275254
"Hunk",0.66545614210939
"Cd2",0.664879911810337
"Lypla2",0.664822302923084
"Mterf4",0.664140573918976
"RGD1309534",0.663463365434775
"Hmg20a",0.663264809979667
"Cct8l1",0.663142156010503
"Shc2",0.662720677129256
"Pogk",0.662592243273072
"Engase",0.661867395309747
"Dazap2",0.661452121785803
"LOC103691261",0.661387542437223
"Radil",0.661315915282982
"Tent4b",0.661250080738846
"LOC103691005",0.660991212574543
"Rpa2",0.6608894650507
"Micall2",0.660886788097802
"Pcdhgb5",0.660830993846851
"Polr3f",0.660531857589209
"Katnb1",0.660480359579888
"Lsm8",0.660470745536815
"Haus7",0.660343692404644
"Akr1c19",0.660272449755015
"Oas2",0.660181169289388
"Clk1",0.659446954113387
"LOC500877",0.659427480667005
"RGD1564664",0.659225144964547
"Knl1",0.659171301570715
"Rpl31l2",0.658923126498221
"Gpr132",0.658731304136514
"Nisch",0.65837945419508
"Slc2a4",0.658309844642465
"Mtfr1",0.658274000796335
"Ippk",0.658206890048317
"Med10",0.657823158268277
"Enkd1",0.657624207350308
"LOC100911093",0.657339951119542
"Nkain4",0.656890079267605
"Gpn2",0.656401985755644
"Angptl4",0.656348870763953
"Chrd",0.656267985719614
"Mfsd12",0.655473508531227
"Polh",0.655371173926658
"Mrpl37",0.655241182329612
"Pxdn",0.654788590627192
"Ptgs1",0.654702274217182
"Kif2c",0.654241473880283
"Rnasel",0.654083245611286
"Rps15al7",0.65392815329978
"Calr3",0.653628090449811
"Rps13",0.653529890904042
"Cbln3",0.653373649494679
"Slc16a4",0.653118885750621
"Slc9a2",0.652390628340705
"Trmt112",0.652390326313981
"Stk32b",0.652328119674544
"Cdkn2a",0.652241217217998
"Tars1",0.651983487716206
"Nuf2",0.651772091857571
"RGD1563680",0.65159711778191
"Mr1",0.651127421746977
"Tmem18",0.650577370369676
"Rbm10",0.650396611448587
"Ssr1",0.650279707017014
"Ccdc12",0.649798034357781
"Wscd2",0.649762735269656
"Igfbp2",0.649603854360645
"Cox20",0.649594186393221
"Ap5m1",0.649182449316602
"Gle1",0.649099429276383
"Epgn",0.649067914166746
"Tesk1",0.648989685978323
"RGD1307537",0.64893876860685
"Zfr",0.648624154012857
"Dlx5",0.64842582990132
"B4galt6",0.648410937145592
"LOC100911365",0.647521398355708
"Foxc2",0.647383558167736
"Pltp",0.647355849774127
"Kcng4",0.647353585226875
"LOC103690163",0.647031560070399
"Asb4",0.646411134955065
"LOC100910275",0.646410791519453
"Ssna1",0.646372983258333
"Sfi1",0.646016059005205
"Pomc",0.645848484255536
"Scarb2",0.645847410810676
"Timm44",0.645679355353482
"Borcs6",0.645594786751218
"Ifit2",0.645527085368075
"Tnrc6b",0.645439319425946
"Cplane2",0.645197523681923
"Rpl26",0.645180892472725
"Mfsd4b3",0.645080396673865
"Dchs1",0.644262944150795
"Agk",0.644115178853851
"Zfp799",0.643620902767761
"Pcgf6",0.643087003274099
"Rassf7",0.642553216163286
"Manba",0.641847410078671
"Trim28",0.641478616674128
"Dcaf13",0.641276124485391
"Bora",0.640978757373905
"Cyp46a1",0.640606772565743
"Septin11",0.64037824218146
"Raly",0.640275005155139
"Snapc1",0.639802313935852
"Tank",0.639487979005776
"Mcoln2",0.639133247990732
"Nedd4l",0.638863986054894
"Nedd4",0.638845590287136
"Tom1",0.63868728966521
"Ptgs2",0.638570957070729
"Pde1a",0.638519189428933
"Ap2s1",0.638317647954821
"Zfp418",0.637728009902128
"Uprt",0.637658042383371
"Lmnb1",0.637610463475225
"Dennd2a",0.637217076415342
"Tigd5",0.637190872162734
"Rhobtb1",0.636939476101968
"Pomt1",0.636258485633204
"Fah",0.635537320630188
"Exoc3l2",0.635260625437772
"Pabir2",0.634980749492439
"Mboat7",0.63487558456819
"Wwtr1",0.634810871055789
"Alox15",0.634482300863017
"Klrb1b",0.634389161314586
"Dclre1c",0.63387161204352
"Ndufaf2",0.633722576134033
"Scrg1",0.632920973289532
"Ahdc1",0.63236138516701
"Zkscan8",0.632160020654931
"Gls",0.630994695110068
"Cdca2",0.630445383511256
"Dtl",0.630382848544919
"Tmem50a",0.630361209705466
"Bspry",0.630354643825286
"Pm20d1",0.629922979243713
"Selenop",0.629821509940507
"Glis2",0.629687331584824
"Capsl",0.629486066991846
"Farp1",0.628745897233797
"Minar2",0.628600781593088
"Srebf2",0.628514971688296
"Agr3",0.628408455352804
"Myo9b",0.628348536726997
"Nxf1",0.628336621869986
"Gabre",0.628203225807332
"Nrbf2l1",0.628131694747777
"Tmem35b",0.627864472493681
"Csrnp3",0.627833203548992
"Tnfrsf8",0.627599180647264
"Rab10",0.627426968276197
"Depdc1b",0.62714170783955
"Man2c1",0.626904053091065
"LOC100360117",0.626362998476483
"Aldh1a1",0.626229770212189
"Slc10a4",0.626196614848769
"Prdm6",0.625885251445737
"Lman1",0.625817543363588
"Sh3tc1",0.625684677633809
"Nid2",0.625472459340634
"Cltb",0.625399679564025
"Npc2",0.62496760189271
"Zc3h12c",0.624649911545046
"Col5a3",0.623652868513929
"Tube1",0.623419586387438
"Cdc37l1",0.623387136844756
"Nek11",0.623191109363949
"Tbc1d8b",0.622530766725339
"Edrf1",0.622142226697962
"Eif5b",0.622010985699315
"Nfe2l3",0.621761043616066
"Acsbg1",0.621078171907757
"Cflar",0.620998691283004
"Naa15",0.62092456002634
"Wipf3",0.620862341326334
"LOC500475",0.620771690053604
"Hlf",0.620074944231008
"Mrgprb5",0.619818467674511
"Ubtf",0.619811454747473
"Eva1b",0.619677321307587
"Tsc1",0.619599765540528
"Snx30",0.619566741867433
"Adap2",0.619525768781655
"Kmt5c",0.619373947927756
"Eva1a",0.619332822153669
"Cdc42bpg",0.619061865244723
"Otub1l1",0.618875255524632
"Zmynd11",0.618745383253583
"Amotl2",0.618676098221157
"Usp45",0.618589851737212
"Zfp560",0.618372319196315
"Lama4",0.618350901698776
"Mcmbp",0.618273943523467
"Myocd",0.61812851166499
"Cdhr2",0.618082531658019
"B4galnt1",0.61798972247878
"Zc3h4",0.617756939581325
"Susd5",0.617715134185679
"LOC687707",0.617390731370937
"Krt2",0.617312668626826
"Arhgap28",0.617255065767671
"Plekhg6",0.61716032351064
"LOC103690067",0.616785906724246
"Ldha",0.616730702363329
"Eif2b5",0.616607357267127
"Cdca7",0.616324639625257
"Alg1",0.61628292355068
"Cdk20",0.616052964979371
"Ccnq",0.616035276833944
"Pdia5",0.615525032059242
"Spag7",0.615414610725314
"Ppp2r5a",0.615368513607735
"Rpgrip1l",0.61535612514738
"Tmem80",0.6149327384115
"Mmadhc",0.614671329179319
"Apoc4",0.61412990700505
"LOC298795",0.613667298075056
"Adcy3",0.613406886778602
"Ccdc142",0.612849971938572
"Bckdk",0.612324432607307
"Cmbl",0.612310218894254
"Numbl",0.612306205358398
"rnf141",0.612090235312001
"Stag2",0.611626631824825
"Fndc3b",0.611532411160384
"Slc12a9",0.611435292434581
"Psmg4",0.611326297377924
"Lasp1",0.611154051966173
"Bdh2",0.611091517115775
"Ctnnbip1",0.611090271433741
"Itga6",0.610948823303316
"Dda1",0.610546661235689
"LOC103693563",0.6104311264242
"Fndc8",0.610127091610645
"Actr5",0.609887226092195
"Pnoc",0.609332776229835
"Pin4",0.608766483449651
"Ucma",0.608661687688066
"Aspg",0.60808817257896
"Vav3",0.607939164388464
"Lrif1",0.607614239426282
"Imp4",0.607414907796268
"Glcci1",0.60740382622223
"Trim47",0.607260761566884
"Mnd1",0.606542931973343
"Rps20",0.606241170634911
"Rad9b",0.606207440315159
"Mapkapk2",0.605942845016475
"Ypel4",0.605914084354767
"Zfp568",0.605840534503971
"Apool",0.605763659019265
"Slc31a2",0.605630054272059
"Coq10b",0.605404457360688
"Mtf2",0.605362308485386
"Trappc6b",0.604469988518589
"Rexo1",0.604294003554034
"Eif4a3",0.604075307840609
"Ncl",0.603151778807865
"Slc22a2",0.603091578185901
"Otulinl",0.602707428331357
"Nfix",0.602530172384505
"LOC108348101",0.602293971561072
"Grhl2",0.602205610431385
"Hspb2",0.60207276076872
"Alox5",0.601758818316347
"Foxk1",0.601572725278134
"Mllt1",0.601439953369837
"Celf6",0.601184742730494
"Tril",0.600943339736028
"Cuedc2",0.600780051855182
"Scgb1a1",0.600699678132545
"Hhat",0.60067659280476
"Coq4",0.600404063190465
"Camlg",0.599414395134931
"Peli2",0.599254657591681
"Rwdd4",0.599013071987296
"Pdcl2",0.598866645746831
"Nin",0.598822806173045
"Dok6",0.598748093282927
"Vrk2",0.598736580932069
"Lin9",0.598352476386273
"Enpp4",0.598195245924578
"Anks4b",0.598169779061327
"Itga3",0.597554514253498
"Sall1",0.597506546996384
"Nppb",0.597161417006473
"Capns1",0.59674014990571
"Uqcr10",0.596721344187946
"Chrdl2",0.596489435984857
"Nfatc4",0.596480412665051
"Git2",0.596130089870497
"LOC100912262",0.596041562646645
"Crabp1",0.595691634674739
"Slamf6",0.595616564305702
"Raf1",0.595141526722671
"Cblc",0.595135848065646
"Ptbp3",0.595121651680491
"Neil3",0.594941166199231
"Asph",0.594606875204249
"St6galnac2",0.59437813378432
"Noc4l",0.594271354793848
"Zfp395",0.594152863672986
"Sorcs2",0.593443639333627
"Zbtb26",0.593419773773446
"Fbxl8",0.593007907894079
"Bche",0.592732272147112
"Aff4",0.592670572660839
"Aprt",0.592523359154181
"Pi4kb",0.592459016694978
"Hyal2",0.592167685698723
"Atic",0.592135999584739
"C20h21orf58",0.592129725938291
"B430306N03Rikl",0.591985756301593
"Tmem168",0.591885379161436
"Slc12a7",0.591789624474078
"Mpi",0.591238927865334
"Rin2",0.590524958264143
"Lamp5",0.589836243238225
"Ggt7",0.589779672551805
"Cnih3",0.589614553686042
"Traf4",0.589608196331129
"Oga",0.588998071819489
"Gale",0.588733327132259
"Zc3h13",0.588382306309065
"Pnpla7",0.588322886318003
"Sh2d2a",0.588312898009638
"Mcf2l",0.587840698331157
"Samd12",0.587732600765844
"Otub2",0.58719208016458
"Map11",0.587153793586317
"Fam71e1",0.586388934148318
"Plxnb1",0.586249393986716
"Cdc7",0.586136776435529
"Dhx9",0.586084046924097
"Rffl",0.586042965890607
"Rbm34",0.586009434255976
"Ing1",0.585959438495089
"Oard1",0.585923046898593
"Necab2",0.585902079045991
"Ano3",0.585899432996797
"Asic3",0.585875343712874
"Ccdc116",0.585662529220802
"Ergic3",0.585310546371254
"Hlx",0.585123008325773
"Trim34",0.584209238644431
"Zscan2",0.583744795287962
"Selenoh",0.582994988892257
"Pofut2",0.582727551080247
"Syt7",0.582592278196284
"Batf3",0.582333963115981
"Slc39a8",0.582191403321694
"Rfx8",0.582097041012931
"Hmgb2",0.581889267626034
"Myl9",0.58185513507495
"Topaz1",0.581650510259699
"Creb5",0.581575054832819
"Ralb",0.58120998694318
"Slc22a6",0.581162561191187
"Entpd1",0.580480986022056
"Tmem89",0.580208220911995
"Aasdh",0.58020158531973
"Slc35g3",0.579903925785536
"Fam3a",0.579581068384397
"Lrp2bp",0.579069681879995
"Frat2",0.579026183380749
"Snora81",0.578443318066501
"Gpn3",0.578206882847647
"Yeats4",0.578104387386523
"RGD1308430",0.577581966216929
"Lrriq3",0.577562383517812
"Fxyd4",0.577281923001564
"Clec4a",0.577271638784241
"Mtpn",0.576434896919639
"Fbxo46",0.576252530838745
"Adprh",0.576103848433688
"Tut4",0.575984936696247
"Polm",0.575968113114023
"Gpc6",0.575934729524957
"Slc38a8",0.575793430606439
"Lrrc59",0.575473495423403
"Fut7",0.575225024767993
"RGD1311164",0.574892040315425
"LOC317456",0.574792090020278
"Cacna1c",0.574580352940374
"Elmo3",0.574194232114607
"Mlf2",0.574161465837845
"Sema4g",0.573978737734367
"Cped1",0.573899004192746
"Cyren",0.573799733839066
"Dnm2",0.573749535446852
"Dipk2b",0.573508377789548
"Aqr",0.573423734125795
"Il17rd",0.573166633330513
"Fchsd2",0.57309827097232
"Rnf168",0.572466004607611
"Kpna1",0.572345659604218
"Slitrk6",0.572300024255475
"Gapdhs",0.572011579029074
"Zfp462",0.571911554473618
"Senp7",0.57156498644886
"Irgm",0.57123250723975
"Smco4",0.571208222637476
"Lims2",0.571179548725762
"Sirpa",0.569890556563189
"Zfp593",0.569021416626858
"RGD1307621",0.568991108013447
"Smarcal1",0.568892565415346
"Snrpa",0.568862534379975
"Txndc12",0.568551401925405
"Hipk1",0.568409215340109
"Fuca2",0.568354032411381
"LOC108348081",0.56736897896834
"Rbm5",0.567024478733156
"Mdp1",0.566935688335274
"Nav3",0.566884207390764
"Ssr4",0.56659787118644
"Cpxm1",0.566434357665279
"LOC103690120",0.565942010105926
"Pmel",0.565779094362371
"Camk1",0.565552188173389
"Cfap96",0.565468978477193
"Tp53inp2",0.565152831353377
"Afg3l1",0.56512970055309
"Ldlrap1",0.565114655977977
"Tgs1",0.56497649846547
"Mtmr12",0.564499254335152
"Zfp18",0.564419032099684
"Tpcn2",0.56432872134687
"Scpep1",0.564105885465984
"Slc24a1",0.563984096138991
"Prr29",0.563766978171994
"Flot2",0.563663887423234
"Rap2b",0.563429820101874
"Tnfsf12",0.563410570822427
"Ulk4",0.563358033672026
"Ubxn6",0.563060491082157
"Asrgl1",0.56269655750256
"Msc",0.562564452492218
"Gpsm2",0.562559852534399
"Rp1l1",0.562538390185227
"Irx3",0.561339845884473
"Clic5",0.561254835958861
"Ptpn7",0.560697798667996
"Rps9",0.560332265805562
"Gramd2b",0.559996198204216
"Lck",0.559987549834919
"Scarb1",0.559732523463987
"Erf",0.559573503590233
"Fosb",0.55947346118249
"Ush2a",0.558525155158013
"Plekhg1",0.558233808090055
"Plk3",0.558090545472881
"Angptl6",0.557890289211284
"Lpcat1",0.557871241192009
"B9d1",0.557371831666117
"Ddb1",0.557268352843976
"Tor2a",0.556952087184739
"Brd8",0.55689154487382
"Dact2",0.556819766430212
"Slc18a2",0.55566644942868
"Sspn",0.55559027903777
"Tbx6",0.555391767035382
"RGD1305464",0.555203261119123
"Vps26a",0.555085861881343
"Trim29",0.554874443383456
"Ccdc179",0.554587348462455
"Nipal2",0.554315106420734
"F2rl1",0.553893333174947
"Ankle2",0.553852771506811
"Matn2",0.553596833290482
"Ctnna1",0.553033695832524
"Nat8f5",0.552979868575155
"Rcbtb2",0.552866656640924
"Lrch2",0.552815144694278
"Nit1",0.552650412967315
"Nfrkb",0.552531731417239
"6030498E09Rikl",0.552484407653514
"Mfsd10",0.552035375584078
"Rhbdl3",0.551249318749969
"Hnrnpab",0.550964319096193
"Chd3",0.550778282668928
"Gtf2h5",0.5505264209977
"Rnd2",0.550403536784664
"Dok5",0.550403440139049
"Llgl1",0.550308212844558
"Rbbp8nl",0.550276103095978
"LOC103689925",0.550137461745613
"Apba2",0.549987847794019
"Rnf217",0.549940951470693
"Zc3h14",0.549787457072669
"Nr5a1",0.549743781202117
"Plcg1",0.549609187187164
"Lrrtm2",0.549607992990789
"Ankib1",0.549172841788034
"RGD1559482",0.549024102457929
"Zic1",0.548845502332939
"Txndc5",0.548797736571248
"Ring1",0.548698149228316
"Gtpbp2",0.548693845015585
"LOC690784",0.548575984566852
"Srsf5",0.548128109089216
"Scamp2",0.547832489658247
"Sf3b3",0.547654936320145
"Snrnp40",0.547501973905085
"RGD1309104",0.547291360622415
"Cstf2t",0.546874492856375
"Zfp316",0.546637218536769
"RGD1311946",0.546523078799008
"Kri1",0.546143151753796
"Etnppl",0.545969548841368
"Ndufb2",0.545919317868087
"Nt5e",0.545432820336613
"Zfp142",0.54525423054904
"Ndufb11b",0.545062266442743
"Slc38a9",0.545044240155773
"Mfsd9",0.545006349456143
"Phax",0.544920690360934
"Sspo",0.543085288082468
"Acox3",0.543041956446067
"Zfp945l1",0.542837495665295
"Zfp710",0.542627119495042
"Mef2a",0.542050316515108
"Tram2",0.541954603734529
"Lekr1",0.541709304259999
"Atg16l1",0.54164146771079
"Appl1",0.541365950161855
"Elmod1",0.541051959332575
"Foxo1",0.540132995383049
"Jrk",0.539958843409923
"Tm6sf2",0.539728387067172
"Per2",0.539658140445559
"Akr1c14",0.538988086749769
"LOC100910771",0.538859609755317
"Lnpk",0.53864360108876
"Ahcyl1",0.538318665864727
"H2bc9",0.537790386330859
"Akap5",0.537787414665905
"Exd1",0.537636842897089
"Mamdc4",0.537492745404505
"Pllp",0.537388422058534
"Tyw1",0.536690347833858
"Zfpl1",0.536074477884747
"Acy3",0.535690427380278
"Cadm2",0.535381342379554
"Kdm4c",0.535072114563072
"Fzd1",0.534920324267497
"Ints6",0.534912860617684
"Cby1",0.534777051900866
"Apmap",0.534549533296795
"Miip",0.534441414163425
"LOC100911575",0.534438910005924
"Akr1e2",0.534306504612545
"Nsd2",0.533285919921715
"Utrn",0.53302665867876
"Xrn1",0.53206582989513
"Myh7b",0.531993234768861
"LOC100910418",0.53189719558939
"Tra2b",0.531814240858777
"Ppp1r35",0.531449934351395
"Tnfsf9",0.530430850073615
"Pawr",0.530260360162165
"Sh3rf3",0.530222534188047
"Kdsr",0.530221410641322
"Prkab1",0.530095181992698
"Ick",0.53005431517632
"Scml1",0.529697468661813
"Atxn7l3b",0.529693793210178
"Foxm1",0.529662947674603
"Iah1",0.529070846857354
"Sec23ip",0.527482028007091
"Klhl2",0.527388535175768
"LOC102549061",0.527137573850848
"Pdk2",0.527063000047839
"Stard3",0.526996276443037
"Gng13",0.526540393414321
"Hist1h3b",0.526387451615366
"Fgf22",0.526191904589944
"Elovl6",0.526101006624658
"Akap1",0.525810751531928
"Grwd1",0.524945240901268
"Rrh",0.524855301966352
"Zfp870",0.524644688837189
"Nr2c2",0.524574658433231
"Bahd1",0.524257427711642
"Retreg3",0.524161027561239
"LOC108348155",0.523975192561236
"Cggbp1",0.523418674818655
"Ddhd2",0.523411595697537
"Sft2d1",0.523172888137864
"Klhl30",0.523025874690294
"Rpp25",0.522150932245159
"Proser2",0.522064952872415
"Pcbd2",0.521148454694523
"Tamm41",0.521028231415049
"Rbm26",0.520768353404246
"Plp1",0.520766016589172
"Klhl15",0.520327440968952
"Myadm",0.520231389446425
"Xrcc3",0.519910851379072
"Aldh3a1",0.519685965478967
"Cbx1",0.519630087612536
"Bak1",0.519595068937702
"Mov10",0.519379630998744
"Ganc",0.519348141971045
"Mcur1",0.518828746723017
"Cfap43",0.518629201458788
"Lactb",0.518496021065362
"Eif2b3",0.518397860935597
"Aar2",0.517805629325318
"Guca2a",0.517532117315885
"Mthfd2",0.517403829825371
"Wee2",0.517077629034499
"Nrde2",0.516262869796617
"Glis3",0.515870326796783
"Tmem87b",0.515679154219624
"Emcn",0.515528779532952
"Sipa1l2",0.515428055731823
"Pter",0.51537768785369
"Naa38",0.515306075960296
"Mrps21",0.515117727889914
"Apcdd1",0.514678416876675
"Cryge",0.514318650144263
"Mtmr1",0.514125345031357
"Bcat1",0.514071959816004
"Zc3h6",0.514063835971856
"Prpf39",0.513427235531792
"Uchl1",0.512421123047953
"Lmf1",0.512241690354828
"Ldb2",0.512053026249776
"Pcolce",0.511997576879295
"Cnn3",0.511987358665936
"Taf10",0.511862822463566
"Rdh5",0.511767097914141
"Arl8a",0.511662389001783
"Acsm1",0.511582833042754
"Pomt2",0.511251701921446
"LOC499407",0.511180697729186
"Mob2",0.510565091921114
"Lmo2",0.510353517913916
"Cenpc",0.51007122252247
"Dixdc1",0.510013389771738
"Borcs5",0.509487957714248
"9030612E09Rikl",0.509057004526826
"Odaph",0.508918138057516
"Ppp1ca",0.508907881239887
"Apob",0.508876065929993
"Cxcr6",0.508852281022214
"Lonp2",0.508258221113593
"Exo1",0.507957807330388
"Or7d12",0.507938635620905
"Mynn",0.507900543167169
"Rell1",0.507578661438548
"LOC108348172",0.507535963749748
"Slc25a18",0.507516123300222
"Zfp407",0.507510553132295
"Gys2",0.507398951568465
"Dpy19l1",0.50653979066572
"Dcun1d2",0.506462422726111
"Aldh7a1",0.505663670253456
"Ppm1g",0.505644407347265
"Fam110c",0.505623023019867
"Lcorl",0.505399970892402
"Metap1",0.505166583063663
"Wdr20",0.50447649878074
"Kdelr3",0.503967927508072
"Nr2f2",0.503876981586493
"Il15",0.503358203563782
"LOC690000",0.50308774709319
"Sh3bgrl",0.502924906601349
"Cebpg",0.502872212607045
"Matr3",0.502638694413791
"Echdc2",0.502454727984577
"Parp2",0.502350229286414
"Usp1",0.501922017063767
"Leng8",0.501723038140253
"Lypd1",0.501545556648962
"Lzts2",0.501280687345512
"Ntsr1",0.500883292995378
"Ikbip",0.500424459093758
"Il1rap",0.50033952777508
"Sycp2",0.499744665824714
"Tcf25",0.499624399035367
"Kirrel1",0.499589005862174
"C1qtnf9",0.499281889160254
"Trerf1",0.498858957020025
"Slc7a7",0.498691268936174
"Elavl4",0.497809074633994
"Dntt",0.497633927506621
"Srpx2",0.497029309103228
"Tbata",0.496850401351449
"Pdk4",0.495812945714669
"Ppp6r2",0.495677594114341
"Cthrc1",0.495524701331515
"Rangap1",0.495393370399697
"Cdc26",0.495239111347026
"Ddit4",0.495067689719351
"Cs",0.49494924717137
"A630010A05Rikl",0.494753950141709
"Scg3",0.494713344572198
"Cdca3",0.494531604483538
"Strn4",0.49416055724399
"Oxsr1",0.493902775955957
"Xk",0.493798066658423
"Insc",0.493455682652429
"Mcrip1",0.493373299594328
"Slc16a6",0.493362603880605
"Rnf25",0.493084985539075
"Armc2",0.492546537046268
"Fcgbp",0.492159003877394
"Itga5",0.491502598134574
"Pcdhga4",0.491074749355519
"Usp40",0.491047794998681
"Osm",0.490847776622784
"Tctex1d4",0.490817683637382
"Mapk13",0.490522668059926
"Zbed5",0.490365631532343
"H2ax",0.489959899042554
"Mios",0.489682405773647
"Aqp4",0.489619535856006
"LOC102556967",0.489603119722539
"Slc52a3",0.489563892242256
"Mrpl57",0.489441124223846
"Tlr6",0.489298135962995
"Aebp1",0.489219048031245
"Mex3b",0.488588562170422
"Dis3",0.488567602753159
"Irf1",0.488332095231087
"Zdhhc24",0.488299908652116
"Srsf7",0.487792870076434
"Znrf4",0.487680795325672
"Ssb",0.48756311612667
"Qpctl",0.487562041940193
"Cbx4",0.486633702620935
"Ulk3",0.486506905967057
"Ggact",0.486442168887942
"Birc5",0.486200196139266
"Dennd4c",0.485892957869371
"Tmem229a",0.485816468446228
"Setbp1",0.485775108116365
"Npr1",0.485303378038634
"Cmah",0.485236094532484
"Ier3",0.485119334472374
"Zfp17",0.484336084281791
"Ctla2a",0.483827931860633
"Idh1",0.483128527107459
"LOC108348201",0.48311773987129
"Chit1",0.482148520060782
"Immt",0.482022876770242
"Trim7",0.481661290250614
"Rbm22",0.481530790099382
"Riiad1",0.481476758233509
"Pamr1",0.481099469039294
"Cgas",0.481084208484642
"Fcmr",0.480901984627748
"Rce1",0.480742645080183
"Sostdc1",0.480694249336227
"Zfp483",0.480521102656657
"Ncbp3",0.48017459133825
"Gpr137b",0.480035894344498
"Hnrnpa1",0.479932146212485
"Cds1",0.479811379897224
"Casp9",0.479554559024913
"Rbpms2",0.47932140471523
"Eri1",0.479292211099615
"Taz",0.47878788384098
"Hsd17b13",0.478692195191294
"Fbxo34",0.478435254815688
"Serp1",0.477938970703855
"Rhov",0.47787027092409
"Vgf",0.477773177176596
"Rab7b",0.477346947990015
"RGD1561157",0.477197798796592
"Krr1",0.477093700716643
"Ncapg",0.476960713407395
"LOC108348276",0.476942022055061
"Slc6a20",0.476325106659544
"Crat",0.476266000344575
"Dnajc12",0.476254440232316
"Nxpe2",0.475972681560685
"Fan1",0.475793154318459
"Marchf3",0.475644761486289
"Tmem127",0.475231178256353
"Cacna1e",0.475015973262787
"Ttf2",0.474891908298224
"Gcgr",0.474814704672684
"Lrrc8e",0.474488043997395
"Polr1d",0.474418268546923
"Pars2",0.47406834976307
"Plcb1",0.473968695813749
"RGD1562747",0.472906305658817
"Nasp",0.472522562773962
"Rmnd1",0.472412335443753
"Rras",0.472377343668359
"Pmf1",0.472275776292883
"B4galt7",0.471608126474337
"Ormdl2",0.471543341359021
"Crocc",0.471011771709551
"Chpf",0.47097188988969
"Clasrp",0.470870332565922
"Fhdc1",0.470768482849729
"Bcl9",0.470690590730951
"Wdr4",0.470363390607468
"Edem1",0.469910359784792
"Crhbp",0.469834695813958
"Kif6",0.46975335532461
"Srp14",0.469668342130251
"Chrm2",0.469618627595735
"B3galt2",0.469603037093698
"Fscn3",0.469595127677179
"Eif3c",0.469456744436161
"Nfkb2",0.469328861799431
"Kmt2d",0.469038947545835
"Bhlha15",0.469033199294189
"Ufc1",0.469026652230355
"Samd1",0.46890727015628
"Agtr1a",0.468856818314073
"Cpxm2",0.468714981602535
"Trmt1l",0.468603612249702
"Il27ra",0.468518007905404
"Blk",0.468415367583745
"F5",0.468346257273701
"Tpk1",0.467980075195731
"Epcam",0.467942298238761
"Fam149b1",0.46773412938555
"Asf1b",0.467656985428259
"Rrm2",0.467410483243534
"C15h14orf93",0.467353707971014
"Wscd1",0.466765896845641
"LOC100911545",0.466764946812325
"Dynlrb1",0.46672883216791
"Vstm4",0.466695142913294
"Rnf41",0.466170256893622
"Zfp143",0.465955847339268
"Gbp3",0.465813762488897
"Slfn1",0.465737121369644
"Gbf1",0.465683805624263
"Nlrp10",0.46527128944254
"Nup62",0.465255922209961
"LOC691921",0.465120243766609
"Fam83g",0.464651220063968
"Fcgr2a",0.464000147015173
"Shprh",0.463832450769137
"Ahnak",0.463523598804953
"Fa2h",0.463125456474867
"Zdhhc9",0.462833912827394
"Mmp12",0.462832331802624
"Chn1",0.462565838082575
"Fgd3",0.462346801458652
"Josd1",0.461992260689577
"Zfp346",0.461794426010117
"Bmp7",0.461708688835061
"LOC100360244",0.461277368563957
"Prdx4",0.461106056597393
"Egfl6",0.46068697000269
"LOC100365363",0.460317792592084
"Acvrl1",0.460177416301884
"Nek7",0.46011659047135
"Vwf",0.459996795026624
"Zadh2",0.459926104873656
"Akip1",0.459860109722405
"Mydgf",0.459678817323077
"Igdcc4",0.459605367701065
"Zfp182",0.459004392020008
"Npy5r",0.458720106852575
"C5h1orf94",0.458714317805104
"Ppp1r17",0.458544672571722
"Slx4ip",0.458491835890762
"Shmt1",0.458296849357737
"Trim27",0.458127678775061
"Mapk3",0.458095529635181
"Pak6",0.458007125708467
"Fau",0.457767637149607
"Nudt12",0.457563883628349
"Phf21a",0.456861508498021
"Hnrnpa1-ps20",0.456736688498221
"Smc5",0.456734285418716
"Cdca8",0.456640527548226
"Tmem132d",0.456636724414308
"Pacrgl",0.456433552169981
"Fam227b",0.455896301228117
"LOC103690028",0.455874508729203
"Fbf1",0.455678317426034
"Rspo1",0.455670327225801
"Nt5c2",0.455519997662671
"Cdc42ep5",0.455274648414237
"Plekhh2",0.455172562539064
"Cpne2",0.454470937817036
"Ptpn13",0.454463561816276
"Galnt2",0.45441341089458
"Lhb",0.454377069264537
"Inpp5d",0.454172002451889
"Tdp1",0.454017289785257
"Tubgcp6",0.453578633126182
"Asphd1",0.453292567394165
"Rnf43",0.452417760497957
"B3gnt5",0.452171743862526
"Abcd1",0.450757528464074
"Cobl",0.450676979760049
"Loxl3",0.450466353741851
"Ccdc84",0.450389351415654
"Rtn2",0.450194873673033
"Adam17",0.45008352666283
"Cd300e",0.449216514378843
"Pus7l",0.448908490808995
"Slc2a2",0.448804073113418
"Nuak2",0.446947783989698
"Psd2",0.446908747434726
"Ccl21",0.446902874973126
"Tenm3",0.446803091007661
"Rab4b",0.445921738094301
"Htr2a",0.445861622824708
"Trdmt1",0.445669831685291
"LOC684773",0.445619782476334
"Evi5",0.445612124222962
"Wnt10a",0.445021870919122
"Odf2l",0.444058502410198
"LOC100365839",0.443630559626177
"Dnmbp",0.44337858940531
"Pde3a",0.443108147987306
"Oma1",0.442831446690722
"Hmbs",0.442402890809939
"Epyc",0.442229925295825
"Rfc3",0.44172573966213
"Bmper",0.441645383555528
"Rgs20",0.441404053067496
"Cyp2u1",0.441403217960058
"Angptl8",0.441349400810425
"Zfp764l1",0.441340912543866
"Cyb5b",0.441267917850169
"LOC100366054",0.441196948809688
"Gcat",0.441089212992502
"Mbip",0.441086832505535
"Zfp655",0.441028471697791
"Med23",0.440334751444732
"Bicra",0.440295750891625
"Spn",0.440191726949309
"Apc",0.439617642367569
"Mtif2",0.439569666665574
"Hk1",0.439457596655512
"Acer3",0.439309404805643
"Elof1",0.439224680722235
"Pde3b",0.438586810619725
"Chsy3",0.438535859253931
"Rhoa",0.438449213565238
"Hebp1",0.438389170032098
"Galnt7",0.438170763764506
"Hapstr2",0.438100927194284
"Tvp23b",0.438071504282701
"Wdr45b",0.437871619801978
"Man2a1",0.437718268890818
"Ywhae",0.437055054416596
"Arid2",0.436909250920352
"Stk10",0.436758382180176
"Ap4m1",0.436662725734786
"Serinc1",0.436437128725662
"Igfbp4",0.436271657997596
"Cnpy2",0.435582461451532
"Fndc9",0.43539030419863
"Prr5l",0.435293898525578
"Serpina10",0.434647501860133
"Smpd1",0.434526336800699
"LOC499643",0.434451175131757
"Fcgrt",0.434410372605495
"Stk35",0.434353604544892
"Cbr4",0.43424642377908
"Abca9",0.433550140370134
"Setd6",0.433469053401589
"Nipal1",0.433441672181103
"Tgm2",0.432809535369513
"Tenm2",0.432706659306416
"Spty2d1",0.432337014528285
"Ugdh",0.432330603223488
"Sec16a",0.431612291612019
"Actn4",0.431323129506325
"Top3b",0.431026659021802
"Ppp1r15b",0.430413899423882
"Sntb2",0.430137458733972
"Nadk2",0.429994436751481
"Epb41l4a",0.429480915258726
"Tmprss6",0.429206310243241
"Serf1",0.429145282316096
"Slc2a5",0.428749114303234
"Ccdc68",0.428347282014825
"Scd",0.428179109915158
"Stag1",0.427973797336265
"S100pbp",0.427718257738179
"Cyfip1",0.427705755949579
"Rab11fip1",0.42764869873527
"Mrm1",0.427131807233502
"Nkain3",0.426600816747816
"Bsg",0.426505999486737
"Mboat4",0.426409810836412
"Stx3",0.425791775193453
"Crppa",0.425369692816843
"Vps37a",0.425275457181759
"Ppp2r3c",0.425198173231049
"Sox17",0.425063732570077
"Kif24",0.424965673500966
"Fbln1",0.424722890886455
"Rps6ka5",0.42469255374051
"Swi5",0.424504851336247
"Rapgef3",0.424085156399099
"Wdpcp",0.424044979704617
"Alox12",0.423557690448798
"Plekhb1",0.423528796217973
"Mrpl58",0.423366812848165
"Arv1",0.423297578436662
"Simc1",0.422981768855051
"Cdan1",0.422728780609535
"Gja5",0.422542883465542
"Ssrp1",0.422293159364276
"Trim69",0.422130881221125
"Zc3h12d",0.421883057570447
"Icoslg",0.421335079621057
"Pcdhgb6",0.421037807476502
"Dus4l",0.420901464877089
"Garin2",0.42038489384919
"Itprip",0.420383609737802
"Rnmt",0.419348665210549
"Sp4",0.418680881680479
"LOC100911295",0.418509935460656
"Ccdc43",0.41826041083668
"Epg5",0.418095439946028
"C1qtnf7",0.417901179132863
"Gss",0.417687365468937
"Cers5",0.417685929510844
"Ehmt1",0.417648522317996
"Tada3",0.41735708308849
"LOC688613",0.416706752832217
"Ric1",0.416649624896402
"Lrrc19",0.416598076385527
"Rps3l1",0.416542444424177
"Sgf29",0.416416982058309
"Ptpn23",0.415947712409866
"Fndc10",0.415885363026912
"Tjp2",0.415799924341548
"Erlin1",0.415399472255262
"Il20ra",0.41524068412396
"Fam187a",0.414673268098116
"Gpatch2",0.414607102332434
"Alg14",0.414602497572997
"Lonrf1",0.414470002954167
"Slc38a7",0.414231349860171
"Kctd5",0.414182726221778
"Ska3",0.413836650263808
"Zcchc8",0.413746659990409
"Atp1b4",0.413663115034022
"Ppil3",0.413524829905162
"Rprd1b",0.413316130934187
"LOC102552182",0.412986152939495
"Cubn",0.412378247329047
"Slc9a3",0.412348952040721
"Rnf170",0.411807324247436
"Atad2",0.411239963385101
"Ppp2r5b",0.410598734629474
"Rbbp4",0.410438249014119
"Cd72",0.410383486885679
"Dvl1",0.410285850878693
"Angel2",0.410196907930536
"Tor1b",0.409385712545969
"Mcat",0.40893079823946
"Slc25a11",0.408684542039982
"Tspy26",0.408603482539109
"LOC102552659",0.408384493478651
"Wapl",0.407900734891099
"Abcg5",0.407885594627249
"Gtf2ird1",0.407750028352575
"Trub2",0.407644197509173
"P2ry4",0.407605478375641
"Nhp2",0.407465875322929
"Ascl2",0.407335860758156
"Ccdc136",0.407109968424285
"Haus1",0.406412556595444
"Ptprz1",0.406061332902901
"LOC691141",0.406037172509658
"Mad2l1",0.4058237856236
"P2ry13",0.405597048219151
"Gdi1",0.405520468101485
"Efcab10",0.405402278419273
"Sema6c",0.405309501362554
"Bmerb1",0.405227885903245
"Prpf40a",0.405187537087585
"Nup37",0.404774735816539
"Neu2",0.404560234119069
"Polr2h",0.40455034603849
"Baz2a",0.404545821299879
"Rrp8",0.404534662812628
"Ciao2b",0.404446543210141
"Renbp",0.403988492022634
"Rab8b",0.403987421869774
"Cftr",0.403970000606894
"Vma21",0.4036719942073
"Lamtor1",0.403355511301535
"Tmem156",0.403328955512525
"Adcy6",0.402806715525594
"Epor",0.402258673902001
"Fkbp7",0.402201204746786
"Hist2h3c2",0.40208333307867
"Mvk",0.401321164210302
"Mdfi",0.401095805536196
"Prcc",0.400931225366998
"Ptbp2",0.400906704288866
"Tmprss2",0.400752981688116
"Gipr",0.400609018614973
"Fam126a",0.400275107156473
"RGD1310553",0.400274827743325
"Arl1",0.400258983348506
"Smim5",0.400105456180431
"Albfm1",0.400101901427497
"Tlcd3a",0.399848855433338
"Lrrc55",0.399774225738327
"Tekt1",0.399583163760459
"Rpl29",0.399313240490158
"Tas1r1",0.399115069824803
"Max",0.39810837444905
"Htr4",0.397878472541045
"Mon1a",0.397834346555507
"Man1c1",0.39768642592346
"Il3ra",0.397572261574331
"Trmt12",0.397360296811015
"Cant1",0.397263584095097
"Tmie",0.397135158005534
"Lipt2",0.39706938774016
"Brinp3",0.397001445770533
"Slc7a2",0.396948180134099
"Ror2",0.396558159438123
"Wiz",0.396380144467644
"Nck1",0.396019613616015
"Pde1b",0.395898491369912
"Slc44a5",0.395769339816169
"Khdc4",0.395760189860418
"Odad1",0.395550750351207
"Morn2",0.395411198810797
"Apoe",0.395398972606638
"Lrrc1",0.395278555070631
"Zfp26",0.395156340602831
"Poll",0.395009676264242
"Cars2",0.394950747645586
"Hes6",0.394897329903929
"Rit1",0.39467159736812
"Col22a1",0.394498316256138
"Myom3",0.394361555499796
"LOC100361920",0.394098727262962
"Mxi1",0.393808604452388
"Spcs1",0.393784839168218
"Brinp1",0.39373595182609
"Ankrd61",0.393683578173368
"Atxn2l",0.393374080876739
"LOC103693776",0.39306732177106
"Stx6",0.392367732075712
"Nudt5",0.392243107135361
"Ccdc65",0.392063439879435
"Pom121",0.391928103232463
"Map3k3",0.391767272846059
"Gstm5",0.391730887402828
"Mrpl4",0.391263940092701
"Abl2",0.391024708618452
"Pgrmc2",0.390902308195939
"Pyroxd2",0.390845200018758
"Decr1",0.390545339713579
"Crcp",0.390497228404598
"Gsn",0.390192194820244
"Trib1",0.390136127279889
"Dok1",0.389715805573672
"Greb1l",0.389438007525762
"Cndp2",0.389416189214413
"Ufl1",0.389215851176784
"Ctcfl",0.38919495660512
"Atxn7l3",0.388859910874605
"Lin7c",0.388735419789246
"Mllt11",0.388096541976373
"Tekt4",0.387955012313223
"Pbx4",0.387862262836377
"Fam133b",0.387037914162762
"Chchd4",0.386803189444555
"Mcm4",0.386304401045395
"Dcp1b",0.385917972968724
"Kif14",0.38581339142831
"Llgl2",0.385731009470803
"Psen1",0.385492047852224
"Tmem215",0.385126660443898
"Pzp",0.384865092911754
"Creld1",0.384773661557178
"Nr4a1",0.384654235380986
"Pim2",0.384500108050301
"Rbmxl1",0.384068839486422
"Cdk19",0.383834951989459
"Igf1r",0.383269539348943
"Nsl1",0.383203304813713
"Zfp131",0.383161881503209
"Nutf2",0.382763376644989
"Prkci",0.382139643023364
"LOC108348111",0.381903127966464
"Rps15al4",0.381681796411068
"Zfp787",0.381275524995299
"Fam168a",0.381163596460034
"Gjc3",0.380950655041299
"Shcbp1l",0.380943659126851
"Slc25a51",0.380888720565554
"Zfp111",0.38073765123758
"Ttk",0.380717121045124
"Ccdc17",0.380613988057165
"Trappc1",0.380583456348603
"Accs",0.380450522316326
"LOC100912373",0.380443596428936
"Sirt2",0.380440007727536
"Pot1",0.380136011886537
"Slco1c1",0.379829234891474
"Tnks",0.379773620432911
"Atp6v1g1",0.379209103166815
"Ifit1bl",0.379172697823637
"Zfp606",0.378923688054087
"Aldh6a1",0.378900473941347
"Cdk2",0.378897077683397
"Prr18",0.378719741394087
"Cfp",0.378462472204408
"Cacng4",0.378211518678375
"Cby2",0.378153583623581
"Tle5",0.37811697245431
"Extl3",0.378112292260525
"Pla2g12a",0.378033924704959
"Slc25a30",0.377994226418228
"Prr32",0.377824225114685
"Acp2",0.3777707768027
"Dmgdh",0.377585949860683
"Rab8a",0.377402362091974
"Thg1l",0.377041288830428
"Snx1",0.37693919321986
"Zfp704",0.376885478075342
"Znhit6",0.376569671406195
"Hmgcll1",0.376565968610689
"Ppp6r3",0.376494133810277
"Pex16",0.376472010232461
"Peli1",0.376254930175935
"C5h8orf89",0.376045077717936
"Scai",0.375830456936212
"Ptov1",0.3750906453891
"Pdlim2",0.374960610155959
"Tcp11l2",0.374721984669128
"Kifc1",0.374683430062454
"Nusap1",0.374547530740843
"Ndrg1",0.374260351004208
"Camk4",0.374177026492593
"Smpd5",0.373950559904554
"Nxn",0.373893001473437
"Kcnab3",0.373466114259005
"Pklr",0.373183312018664
"Gabpb1l",0.372993745914822
"Ace2",0.3727621022096
"Sp1",0.37267547277576
"Ints10",0.372309579118516
"Slc35f5",0.372063548123841
"Acer1",0.371467965014752
"Wdr38",0.371379817535529
"Cd300lf",0.371280204485981
"Btbd19",0.371099472439544
"Cstb",0.370925369044114
"Agap2",0.370885525761699
"Myo3b",0.370732467681282
"Bod1",0.370607178817613
"Gpr21",0.369993297354828
"Snx29",0.369912676946702
"Zmym5",0.369723160389989
"Fhl4",0.369447076009318
"Ccnb1",0.369415144805121
"Gpatch8",0.369379493500594
"Gab2",0.369372931948257
"Zfp397",0.369357499094212
"Ndc80",0.36876375916005
"LOC102549471",0.368595284654573
"Zfp64",0.368539368182689
"Ttc19",0.368401704741753
"Chrnb1",0.367996572786332
"Mettl1",0.366967457750294
"Arrdc2",0.366780928275883
"Tnfrsf11b",0.366493942245809
"Tnfrsf9",0.366463044381261
"Or51e1",0.366021714133156
"F2rl2",0.365941619263101
"Rpl5",0.365919863817566
"Magea13",0.365388063705069
"Rps23",0.365368665901731
"Stard9",0.365290524663773
"Cavin2",0.365265949860811
"Phospho2",0.364754839989734
"Sptbn4",0.364601020636222
"LOC684270",0.362940504749285
"Smim15",0.362286568865036
"Zfp286a",0.362200461848478
"Msl3l2",0.362006550715151
"Tmprss7",0.36173179393535
"Mos",0.361255619746842
"Rhbdd3",0.361064841991379
"Gsk3b",0.36056451036396
"Plekha5",0.360558033577812
"Son",0.360377366269271
"Chchd1",0.360212828833487
"Gtpbp10",0.36005904119627
"Aplf",0.360040239797719
"Pcgf2",0.359736338205356
"Ykt6",0.359715476625316
"Tek",0.359706078619289
"Inka1",0.359630378257087
"Hnrnpd",0.358801415165134
"Avpr2",0.358744352679324
"Rarg",0.358321555450806
"Klhdc9",0.357986222269311
"Pan3",0.357977861420195
"Frrs1",0.357956335872362
"Pcsk1n",0.357231999522071
"Cgref1",0.357182646377306
"Igfbp5",0.356533976422309
"Atg4c",0.356527352765755
"Fam122a",0.355787984184892
"Memo1",0.355518118554953
"Tmem241",0.35482885702482
"Borcs8",0.354611170354699
"Tectb",0.354208190582477
"Ptpn4",0.354143230572055
"Arl6ip5",0.353911307900822
"Cmc4",0.353731370548559
"Zkscan7",0.353618481312048
"Snrpd2",0.353582485606567
"Rassf9",0.353482510836159
"Phf3",0.353481932110265
"Cep76",0.35337938355198
"Ddx42",0.352828518394924
"Zswim8",0.352471905477783
"Tpsab1",0.352392232370404
"Rab19",0.352301104799763
"Tysnd1",0.352268407378071
"Arf1",0.352113532621942
"Morc2",0.35182787676241
"Nr4a3",0.351781039380303
"Hnrnpdl",0.351608052451804
"Ankrd54",0.351578730526726
"Itpk1",0.350720171753871
"Zdhhc3",0.349930855666062
"Nub1",0.349885409542557
"Dsn1",0.349665522573694
"Sesn2",0.349638797776581
"Rhpn2",0.349456860273577
"Hpdl",0.349379454156688
"Snrpa1",0.349136404511983
"Ehbp1l1",0.349001061338485
"LOC100912534",0.348692697520565
"Fam131b",0.348671517324908
"Ppid",0.348543980766484
"Rpap1",0.3484123037862
"Tnk1",0.347958375903345
"Dap3",0.347893705751229
"Stk25",0.347843972209276
"Pcna",0.347266895451148
"Igsf9",0.347111702841708
"Ttc7a",0.347035437060492
"Nop53",0.346962873613304
"Jarid2",0.34688354944158
"Soga1",0.346870161388544
"Npw",0.34674892579494
"Mdm1",0.346585145186225
"1700029M20Rikl",0.346414717936356
"Zfp13",0.3459649503438
"Sec24b",0.345842945425896
"Arhgap24",0.345526704526479
"Lst1",0.345385536743671
"Clcn5",0.344964815151234
"Frem1",0.344495386746859
"Tm4sf19",0.344149696084917
"Ilf2",0.343951964624314
"Urb2",0.343483279114775
"Capn2",0.343175034674831
"Mrpl18",0.343170173111251
"Rgp1",0.343044770642291
"Vrk3",0.343043976586175
"Clpp",0.343031653504256
"Spdya",0.342800849136783
"Isg20l2",0.342772768131838
"Ess2",0.342747485495072
"Pou6f1",0.342432516107554
"Asb15",0.342372753912213
"Mrgprf",0.342249101229802
"Pfn1",0.342246383350014
"Nr1h3",0.341756782117667
"Nhlrc2",0.34155275356072
"Rbm8a",0.341538860351376
"Slc48a1",0.341461202235412
"Mllt6",0.34126311995544
"Cage1",0.341078437593524
"Tm9sf1",0.340815642699435
"Nova2",0.340596478131942
"Alkbh7",0.340492739518182
"Col28a1",0.340016012734411
"Cd101",0.339980968541069
"Mzf1",0.339934035560199
"Ushbp1",0.33985677892639
"LOC102555453",0.339571065577758
"Znrd1as",0.339267815901334
"Lrrc52",0.339007203027728
"Brd7",0.338734397577335
"Gabrr1",0.338410305105847
"Tipin",0.338250522300584
"Zbtb8os",0.337447496243887
"LOC360479",0.33741624892828
"Prickle2",0.337205957977092
"LOC103690015",0.337085662530713
"Mpnd",0.336826315346533
"Fndc7",0.336530135457057
"Rnf152",0.336112790311243
"Hnmt",0.336003144817624
"Rpl41",0.33581795640848
"Styx",0.335731847808133
"Utp14a",0.335144262150198
"Srsf6",0.334702404658769
"Glra4",0.334567062485791
"Deptor",0.334261696637759
"Ptpn22",0.333726068875979
"Abcc4",0.333412479891182
"Gpr19",0.333024661299352
"Fkbp14",0.332820901703099
"Dnajc30",0.332747988204746
"Spats2l",0.332571229605852
"Gna11",0.331866224435897
"Msx3",0.331762604469898
"Tkfc",0.331181207581046
"Gatm",0.33104301867126
"Por",0.330650799338355
"Sat2",0.330649090750577
"Zfp112",0.330321551108831
"Akr7a2",0.330295628022288
"Glul",0.330075546671259
"Kif1c",0.329723309585304
"Lrrc74a",0.329692603782294
"Brwd3",0.329231165475169
"Zfp105",0.329053757738644
"Cdt1",0.328791956961179
"Plagl1",0.328783533267018
"Atp5mc2l2",0.328370007804189
"Ell2",0.328344058254765
"Rint1",0.328237308752871
"Prkd3",0.328151898759281
"Pth1r",0.327979481866899
"RGD1561113",0.327474345476635
"Rpn2",0.327144446508625
"Elocl1",0.327096405100708
"Inip",0.327089356456262
"Crtc2",0.326993000864409
"Sec14l5",0.326964497524887
"Slc27a6",0.326913552458296
"Fbxo30",0.32659894845191
"Slc35a2",0.326450006629021
"Prps2",0.325507518843598
"Rps18l2",0.325274317779256
"Sf3a3",0.325193947389819
"Sult4a1",0.325044404124934
"Rps15al2",0.324970687364148
"Nfatc1",0.324448510435405
"Apom",0.324442182398608
"Tspan4",0.324297598765933
"Fap",0.32427834370556
"N6amt1",0.324269883094296
"Mettl23",0.324244902179084
"Tfpi2",0.324208706897423
"Marchf10",0.323975826668198
"Popdc3",0.323752630387905
"Snai3",0.323559526893617
"Ranbp3",0.323247704580234
"Lman1l",0.323159807826405
"Eipr1",0.322997171417151
"Dux4",0.322757768980905
"Man1a2",0.32241093891959
"LOC103690006",0.322009536185009
"Isg20",0.321720405221841
"Slc22a23",0.321710301927117
"Sdf2",0.321626555174912
"Sqor",0.321130371959281
"Catip",0.321126617849672
"Usb1",0.320908896755014
"LOC103690160",0.320882019353162
"Lrwd1",0.320425416472457
"Usp30",0.32012471209053
"Snx6",0.320091194045168
"Agtrap",0.319914902663242
"Rpl24",0.319772581838288
"Nop16",0.319770765050509
"Mdm4",0.319518020937281
"Kansl1l",0.319498551760076
"Rabac1",0.318760354776176
"Tmem107",0.318642009939516
"Fam131a",0.318626654642713
"Apba1",0.318483774248443
"Nyx",0.318346051204302
"Zfp663",0.31825447887262
"Tmem51",0.318211668366748
"Dlgap5",0.318141910303885
"Tmem120a",0.318060451100914
"Rad23a",0.317496600686553
"Arfgef3",0.317053145292839
"Emp2",0.316637588764974
"Pjvk",0.316583947870913
"Clec2dl1",0.316140564414881
"Neto2",0.316102129659443
"Lrpl1",0.315605204470669
"Phldb1",0.314935437897415
"Kctd7",0.314165251414601
"Slc25a17",0.314026896948247
"Cwf19l1",0.313936864437354
"Ankle1",0.313796339675714
"Itga10",0.313717462314574
"Rnase13",0.313667516305929
"Anapc16",0.313571883410332
"Taf7l",0.313040483353906
"Rps18l5",0.312876598068861
"Gtf3c3",0.312864312504641
"Fam222a",0.312104477730235
"Sirt7",0.312005311720415
"Vps26c",0.311065714160775
"Purb",0.31101681706826
"Id4",0.310761786649519
"Pbld1",0.310588908137331
"Fam76b",0.310537367392893
"C8h11orf65",0.310459090881887
"Gnpnat1",0.310269468611069
"Nop2",0.310177449928877
"Galnt9",0.308875063325628
"Kctd6",0.308601056468478
"Pask",0.308034477288586
"Cir1",0.307985547519983
"Gtf3c4",0.30796712952545
"Plac9",0.306966478296346
"Ddx31",0.306410983417045
"Gpm6a",0.306284038768483
"Parp1",0.306197071792798
"Ctsl",0.306178111501054
"Zfp791",0.30611297342228
"Ddx27",0.305535923599781
"LOC108350501",0.305001737251144
"Ddx55",0.304789497137452
"Csnk1g2",0.304649745054163
"Gpr35",0.304087493376142
"Nfe2",0.303838739820204
"Ccne2",0.303762749448031
"Kifap3",0.30372149759264
"Slc2a6",0.303719436446833
"Tbc1d22a",0.303457862595993
"Rspo4",0.30345659790243
"LOC684797",0.303099839714378
"Lsm14b",0.302915535328734
"Atp10a",0.302870954053108
"Pik3r2",0.302668204954467
"LOC102547811",0.302559766978339
"LOC100911672",0.302196286433779
"Calcrl",0.302186331761399
"Akap12",0.301919377209308
"Jpt2",0.30183798399348
"Pgc",0.301810243737648
"C18h18orf63",0.30148932093519
"Cryba1",0.301135445743522
"Eaf1",0.301108859966462
"Slc8b1",0.300796019373658
"Ncoa6",0.300658577510471
"Stap2",0.300462086215121
"Col5a1",0.300354067468218
"Rfx7",0.300242409141789
"Inmt",0.299736987623053
"Ssbp3",0.299384274606092
"Ric8b",0.299170228760162
"Gabra2",0.298639214799622
"Poglut2",0.298465800090043
"Megf10",0.297815024093781
"Usp36",0.297700411207659
"Lto1",0.296972982819656
"Slc16a13",0.296946293133876
"Ubxn10",0.296886015257231
"Zfp449",0.296883011588725
"Ermard",0.296302690035471
"Hnrnpul2",0.296025039982296
"Atf5",0.295664072965533
"Ncapd2",0.295615719167801
"Aadat",0.294872339749967
"LOC102555377",0.294713265935498
"Sash3",0.294546008662285
"Prss23",0.294545861719947
"Stard5",0.294540217468561
"Gpcpd1",0.29413204143299
"Znf354b",0.294066120929296
"Col26a1",0.293993666946857
"Lancl2",0.293719948705586
"Thnsl2",0.293586517260782
"Pard3",0.293560984433531
"Gulp1",0.29319254544662
"Lhfpl2",0.293112539188447
"Oat",0.292983740397418
"Pcdhb22",0.292743912486495
"Dot1l",0.292662964021661
"Tsga10ip",0.292500300814714
"Rims1",0.292455981157111
"Smc3",0.292405587369125
"Srek1",0.292402883943766
"Lig4",0.292192889518617
"H3f3c",0.292169699548283
"Ncoa3",0.29195306334139
"Bri3bp",0.291947680975575
"LOC100911519",0.291708427566817
"Lrrc63",0.291371633116975
"Smarcd1",0.290925565256385
"Rock2",0.290649209219224
"Lyrm1",0.290591183570602
"LOC102550456",0.290347457939194
"Esco2-ps1",0.29013777989542
"Pstpip2",0.289963292251979
"Commd7",0.289855959928124
"Il4i1",0.289113688996342
"Ccdc18",0.289106180797953
"Ccdc149",0.288673453523085
"LOC100360933",0.288615461801876
"Ros1",0.288329249082933
"Fastkd3",0.287948626682815
"LOC288978",0.28764618582201
"RGD1563354",0.287295714151109
"Nxnl2",0.287229414826114
"Sh3bgrl3",0.287196077976798
"Akt3",0.287091851979987
"Erlin2",0.287078745544816
"LOC102553386",0.286752506703416
"Smarcb1",0.286230089635056
"Tgfb2",0.286116822129182
"Pld1",0.285780482675329
"Smad2",0.285772879849777
"Ubn1",0.285333994350732
"Abca8a",0.285224250592141
"Ythdf3",0.285112874020245
"Smyd5",0.284712287608668
"Siah1",0.28460439698007
"Palm",0.284295266178533
"Ephb4",0.284058196138416
"Tex49",0.283995732661079
"Setd7",0.283925204174203
"Myh11",0.283891707079847
"Pate2",0.283726252072829
"Rpl38",0.283400637006322
"Parp16",0.283393095501326
"MGC109340",0.283368180952217
"Prmt1",0.283149746575766
"Tmem161a",0.282875507389969
"Colec12",0.282541161054023
"Htr5b",0.282443672804474
"Pigo",0.282318263381886
"Map3k7",0.282095156110379
"Prf1",0.281956839997104
"Lta4h",0.281857275971321
"LOC100910130",0.281617993437603
"LOC686013",0.281598016130274
"LOC100912380",0.281518906000589
"LOC100911374",0.281259605465639
"Tspan5",0.281186339104266
"Pcyt2",0.281164224974666
"Mapkapk5",0.280940043048976
"Fst",0.280834489926716
"Btbd9",0.280199769447865
"Hps3",0.279971076576262
"Tomm22",0.279590694572834
"Slc10a6",0.279300966357767
"Col11a1",0.279234371116318
"Efs",0.279127088719171
"Foxf1",0.278475072678357
"Mettl17",0.278120180833598
"Cntnap5c",0.277893103005503
"Commd10",0.277795232458663
"Olr1746",0.277781082936938
"Scnn1g",0.27726312202631
"Epsti1",0.277004239642603
"Trmt10b",0.276932322318871
"Acbd4",0.276928327185288
"Rwdd2a",0.276694698806389
"Retnlg",0.276578590513517
"Adgra2",0.276141883069597
"Gucy1b1",0.276004633582262
"Shisa6",0.276002180482552
"Nkrf",0.275814022292145
"Afmid",0.275794641352172
"Dhrs7b",0.275747844212682
"Evi2a",0.275635009730792
"Nudt14",0.275564067651453
"Acr",0.275299795011878
"Crim1",0.275083093770096
"Letm1",0.274861790879031
"Hbp1",0.274769528812265
"Cdc14b",0.27464027230618
"Atxn7",0.274583240789014
"Cdc45",0.274439856790104
"B3gnt8",0.274349105334708
"Kdm1b",0.274271155504635
"Leng1",0.273948163318327
"Vezt",0.273593904180012
"Ube2i",0.273575843777054
"Optc",0.273339602084961
"Tacc1",0.273086484799508
"Trappc12",0.272979159139044
"Ercc1",0.272689590050794
"Ccn1",0.272309116349423
"Crebzf",0.272262742599689
"C5",0.271980259318062
"Mthfd2l",0.271941791667973
"Pick1",0.271685866245997
"Lima1",0.271516710262598
"Acss3",0.271497029189394
"Tmem38b",0.271436190598677
"Krt20",0.271264748440375
"Zwilch",0.271235085473565
"Snx9",0.271116427381648
"Chtf18",0.270551757955334
"Rasa2",0.270539742494884
"Foxj2",0.270452221917985
"Mroh1",0.270077586565368
"Ccs",0.269354191736439
"Arse",0.269172156187115
"Hk3",0.269144851589655
"Chtf8",0.269119193951276
"Copz1",0.267825442828882
"Dhh",0.267646624538387
"Psmb4",0.267447084826043
"Drp2",0.267240866648132
"Cyp4f4",0.267183482357175
"Pwwp2b",0.267002463745961
"Hoxd8",0.266757054464606
"Tex264",0.265924716821267
"Chd1l",0.265562984529025
"Ppp4c",0.265502741648727
"G6pc3",0.26550270243998
"LOC100910807",0.265306822889946
"Irs3",0.265132209968576
"Kidins220",0.264902328767782
"Krt10",0.264848378289714
"Galnt1",0.26479095318177
"Rbm25l1",0.26468649360496
"Rprd2",0.264591555370389
"Wdr86",0.264583166023426
"Opn3",0.264550181482862
"Ano1",0.264165765808479
"Ap3m1",0.264088480191684
"Zfp367",0.263808936777735
"Atg2b",0.263657866812783
"Agr2",0.262934274357927
"Hnrnpl",0.26290412886274
"Arhgef5",0.261582272005656
"Baiap2l2",0.261411964180483
"Eif3g",0.261325911487147
"Cdk16",0.261205176163116
"Zdhhc4",0.261138148585848
"Rnf213",0.260836510097361
"Cdh7",0.260558309343262
"Ptms",0.260263524433346
"Kat6a",0.259952687805052
"Ehhadh",0.259932137733332
"Nudt18",0.259680461242209
"LOC100359916",0.259079136307907
"Rab35",0.258662489100115
"F12",0.258511937969525
"Abhd16b",0.258510138318107
"Pcgf1",0.258398908681838
"Tsks",0.257874031529326
"Mau2",0.257865146720704
"Sfrp2",0.257534059542177
"Rab26",0.256978605945891
"Arpc4",0.256931385285475
"Ccdc166",0.256846977957942
"LOC102557137",0.256785011647831
"Prrx2",0.256678390637308
"Gsta4",0.256677700318137
"Pou1f1",0.256654258113481
"Sds",0.256392345499325
"E2f4",0.256300094632242
"Rere",0.256181964620769
"Rnls",0.25617507015298
"Fxyd6",0.256137657505866
"Prrc2a",0.256077168188619
"Chchd5",0.255704958981121
"Fyco1",0.25532616767347
"Tgfb1i1",0.255080278952036
"Tspan9",0.25486262779441
"Ppfibp1",0.254770985871526
"Slc7a14",0.254648139137477
"Dync1i2",0.254603149610194
"Bag6",0.254592352951798
"Ccar1",0.254439604374107
"E2f5",0.253782155975505
"Fbxw17",0.253528304273087
"Erbb2",0.253407328945356
"Gdf10",0.253238163458033
"Trim45",0.253130784154273
"Lgals3bp",0.2527569323453
"Tulp2",0.252649950159632
"Rsph6a",0.252319936683576
"Cd19",0.252259496172846
"Vwa5a",0.252188364441127
"Spock1",0.252185467564128
"Aurkc",0.252076091944986
"Rassf1",0.252074211484208
"Epb41l2",0.250337693123207
"Abcb8",0.250115291380586
"Ttc17",0.250006278479145
"Trim59",0.249981512811309
"Pigq",0.249515287743392
"Nptn",0.249310576800301
"Syt5",0.249226621123467
"Itgb7",0.248959357175363
"RGD1309808",0.248476783153902
"Adgrg6",0.24814426436534
"Gli2",0.247975792893552
"Pnn",0.247865287907232
"Senp2",0.247829213309546
"Tlr2",0.247568686373055
"Fbxl13",0.247434848509694
"Nup205",0.246957619556174
"Cpox",0.246255617167032
"Cpd",0.246180182760273
"Rps27l3",0.246125955117083
"Pcdh17",0.246007509692028
"Tulp3",0.245901408718947
"Fzd6",0.245482359407335
"Hdac3",0.245369805252138
"Tpt1",0.245063198982771
"Nap1l4",0.245014208665276
"RGD1307443",0.244491857992135
"Adgrl3",0.2443792048395
"Zfyve26",0.244349980452824
"Proser1",0.244267703437301
"Tmprss5",0.244084733572288
"Sh3gl3",0.244014290666029
"Gtpbp6",0.2436932264623
"LOC302192",0.243648836962682
"Adamts18",0.243518082351687
"Casq2",0.243437579504448
"Dcps",0.243091757475298
"C1qtnf2",0.243046175957197
"Meioc",0.24245570339287
"Rab12",0.241930797408735
"Rbpms",0.241681384913671
"Trhde",0.241676227193534
"Gpr182",0.241290879383149
"Shcbp1",0.241240297702319
"Lin54",0.240635582370782
"Eid2b",0.240518371970265
"Ptpn21",0.240503269445591
"Nfat5",0.24049894266933
"Ccl4",0.239873640914825
"Irf4",0.239856013826053
"Zfp653",0.239753522476096
"Gen1",0.239331371366844
"Zfp867",0.23898297255989
"Tpp1",0.23880072806997
"Trappc11",0.238676765810722
"LOC367195",0.238643169128492
"F11r",0.238512942162032
"Kif18a",0.238130291592073
"Col5a2",0.2378644734494
"Pdzph1",0.237403040191473
"Caap1",0.237361287282536
"Lrch1",0.237241615014027
"Ccdc125",0.237154861132136
"Metrnl",0.237033894946089
"Dhx35",0.236906077690605
"Nhlrc1",0.236772925115173
"Zfp236",0.236584008895956
"Scand1",0.236191975582298
"Uba7",0.235964834229033
"Pdgfrb",0.235940386964436
"Tor3a",0.235804613021093
"Lamb2",0.235782104462222
"Mmachc",0.235265033900355
"Asmtl",0.235262808100382
"Xab2",0.235029767699173
"Atp6ap2",0.234955362044851
"Myo1d",0.234504155358964
"Phrf1",0.234462177709706
"Ap4b1",0.234377821079935
"Ror1",0.234303398088635
"Mrgprb3",0.234109335902368
"Tnf",0.233873727758037
"Serpine3",0.233740310793633
"Flnb",0.233736094803187
"Nr2c2ap",0.233580565295739
"Misp",0.23354795113998
"Gzmm",0.233276904132081
"Srsf11",0.232664152500316
"Fastkd1",0.23266019230316
"Prss36",0.23264480190101
"RGD1304728",0.232519766492872
"Hsf5",0.232191793184036
"LOC100363112",0.232087912787027
"Fhl3",0.231901517432049
"Klf3",0.231318703047375
"LOC498122",0.231317128345595
"Vps45",0.231312076251173
"Slc37a3",0.230641270180948
"Foxa3",0.23034845271086
"Mmel1",0.230275124257625
"LOC100909712",0.230218887421683
"Clstn3",0.230216927496983
"Mphosph10",0.229655004637748
"Csnk2a1",0.229615001683777
"Palb2",0.229518318552646
"Scgb1d2",0.229364188492821
"Hgd",0.228910412284251
"Srbd1",0.228296579525579
"Scamp4",0.227924477185021
"Lgr6",0.227852692014489
"Taf1a",0.227758228618262
"Nrros",0.227622518691991
"Limd2",0.227558705195176
"Sts",0.227523652171497
"Mdga2",0.227467486441001
"Mansc1",0.227108912183805
"Dlec1",0.227086870895822
"Ano10",0.226940100234252
"Ufsp1",0.226780294252302
"Eef2kmt",0.226563209377569
"RT1-S3",0.226395111417611
"Ppp2r5d",0.225850452632125
"Rabif",0.225844490797437
"Dock9",0.225800614567782
"Vxn",0.225594499240884
"B3gnt9",0.225162032675944
"Rad51b",0.225144448512399
"Ago4",0.225134550716163
"Lrrtm4",0.224871612827959
"Ptpn11",0.224663473636967
"Rbl2",0.224411504298418
"Ecm1",0.223759324550205
"Frk",0.223218763905726
"Cep57l1",0.223000971704637
"Tspan6",0.222841562523591
"Rbm48",0.222757778478896
"Ndufb4",0.222702971598346
"Odf2",0.22262270353589
"Anks3",0.222584190253811
"Ac1576",0.222575870075625
"Wwc3",0.222387877624714
"Ankrd34a",0.222178108562429
"Sh3gl1",0.221984091628566
"Cryl1",0.221822735839281
"Erg",0.22178018930253
"Alg8",0.221568393645718
"S1pr4",0.221437664074366
"Tnni1",0.221268295793034
"Hsf2",0.220879279360195
"Wwc2",0.220834803597742
"Wdr59",0.220617463981198
"Adgrb3",0.220491797388879
"Dsel",0.220407011101449
"N4bp2l2",0.220395863889416
"Shtn1",0.220077156020891
"Tgm5",0.219957431632271
"Sppl3",0.219753387784723
"Speg",0.219378870416839
"Pms1",0.219162064299978
"Nme5",0.219147655140358
"Mtrf1l",0.219047526472891
"Rpl9",0.219012435217817
"Asmt",0.218886713973104
"Crtc3",0.218718541268426
"Znf48",0.218639595315364
"Slc38a3",0.218517250675929
"Thbs1",0.21848479804184
"Bhlhe40",0.218479648165854
"Rpl39",0.218198354836812
"Nsun2",0.217786678593699
"Ndufa13-ps1",0.217711646635786
"Copa",0.217117940564186
"Gng5",0.215812421386335
"Cd1d1",0.215624312462939
"Dennd2b",0.215516504058712
"RGD1560795",0.215373678572385
"Fbxo5",0.215333309763479
"Cldn11",0.215159604809135
"Phactr4",0.214169011808316
"Comtd1",0.214163648093474
"Igsf11",0.213993622566705
"Swap70",0.213747665477053
"Zfp629",0.213719467276101
"Zfp646",0.213392004390341
"Gns",0.213390138329217
"Serpind1",0.213358524483298
"Irf2",0.213111793849781
"Aacs",0.212804834636935
"Kpna5",0.212190785766161
"Usp48",0.212171845841811
"Zfp358",0.211724085774412
"Polr2a",0.211633148202634
"LOC103690149",0.211399417721934
"Asf1a",0.210365661687347
"Faf2",0.20988820642822
"Matn4",0.209862766439979
"Glyctk",0.209760300893406
"Fbxo38",0.209753446811052
"Coil",0.209655662329804
"Dusp28",0.209588282357117
"Clip2",0.209557988235379
"Naf1",0.209253646477425
"Cntnap5b",0.208973232379422
"Neil2",0.208541117917855
"Ube2c",0.208327069043629
"Myo1b",0.20828992412285
"Piwil1",0.20826801793826
"LOC134480898",0.208227028228962
"Cc2d1a",0.208121307162434
"Dus2",0.207917916114524
"Zfp511",0.20777641120521
"Mettl21a",0.20777175633817
"Fkrp",0.207629938747374
"Mansc4",0.20757104607738
"Rwdd3",0.207325249376071
"Slc1a7",0.206934448511732
"Ftl1l1",0.206924351275068
"Palm3",0.206499986148223
"Dnase2",0.206443747621905
"Aebp2",0.20619361745592
"Psmc5",0.206037424407533
"Cct6b",0.205729362737388
"Fam83h",0.205654487613
"Rrp9",0.205549357279321
"Extl2",0.20539401841047
"Chrne",0.205065477833863
"Rxylt1",0.204695143809197
"Usp16",0.204633147654596
"Ifitm6",0.204512239259137
"Herc4",0.204480867867959
"Slc7a4",0.204426676299435
"Elf2",0.204340013393622
"Plin3",0.20427189522349
"Mak",0.203855272809809
"Stx5",0.203683594404558
"Hist1h2bq",0.203587287281285
"Pnisr",0.203519123025031
"Mef2c",0.202376701318314
"Slx1b",0.20185254617345
"Zbtb45",0.201844063153816
"Xpo5",0.201815582078366
"Slc25a39",0.201811727111777
"Lin7a",0.201536833754511
"Zfp532",0.201468312465198
"Maco1",0.200687213534764
"LOC102551901",0.200644238832096
"RT1-DOa",0.200556770916755
"Plod2",0.199874205374931
"Hmgn5b",0.199751015101894
"Lrrc17",0.199659561520642
"Tgfbr3",0.199497194154823
"Slf2",0.199280255633004
"Maz",0.199126618375944
"Zfp592",0.199024979049722
"Rasgrp4",0.198975442207449
"Ctdp1",0.19889397988717
"Ablim3",0.19857113004988
"Stmn3",0.198471658466599
"Lrp4",0.198420540404399
"Pdxk",0.198365391685362
"Magi1",0.198159506907283
"Ptpn18",0.198135759039388
"Sh2d1a",0.197802875526441
"Ppp2r2d",0.19770600836209
"Chad",0.197583267748259
"Ctsz",0.197499259793855
"Creb3l2",0.197211924864615
"Cdh20",0.197159129167879
"Actr3",0.197103927906105
"Retreg2",0.197044049377521
"Cdcp1",0.197037374940076
"Apex2",0.196508339833586
"Kcna6",0.196486708139066
"Tceal7",0.19627859469089
"Golga4",0.196249714887243
"Srsf2",0.196018424672147
"Yaf2",0.196002830908123
"Mknk1",0.195619675325182
"Zfp3",0.195579483283034
"Ndufa13",0.195504854156101
"Zfp541",0.19545799454708
"Bcl11a",0.195211083664615
"Dcaf12l1",0.194682667938439
"Lilrb2",0.194658307773214
"LOC100909856",0.194478748498581
"Ctsa",0.193956973513368
"Il9r",0.193738869965315
"Dhps",0.193432834192158
"Hsd17b7",0.193178879491146
"Naxe",0.193038593583007
"Ddx18",0.192854635433359
"Hoga1",0.192782584550224
"Faap20",0.192769557543256
"Ccdc73",0.192519073310412
"Zfp512",0.192190160112139
"Itpripl1",0.191783827727406
"Dedd2",0.191666434202712
"Atm",0.191564709171497
"Ndnf",0.191235527976712
"Atxn7l2",0.190933980329875
"Rabepk",0.190920238764226
"Camk2a",0.190915576824767
"Tcp11l1",0.190798828857962
"Fut11",0.190764050564546
"Zfp24",0.190217675721651
"Nucb1",0.190076264626081
"Klhdc8a",0.189989967897647
"Ran",0.189637391567501
"Vmac",0.189526254074387
"Siglec1",0.189357147236351
"Dsg3",0.189236919487558
"Med13l",0.189163394794372
"Snrpb",0.188901414809659
"Polr3h",0.188893478573623
"Tbc1d2",0.188664420965134
"LOC108348106",0.188661403394157
"Tcfl5",0.188655945783716
"Atox1",0.188463683505986
"LOC108351482",0.188335689819738
"Psmg1",0.188275421789359
"Eif2ak4",0.188129335696513
"Rpl23",0.187702605875676
"Ms4a7",0.187271261974552
"Dpysl2",0.187161282443975
"Sfrp1",0.187085595264542
"Hus1",0.186841530693936
"Rnaseh2a",0.186840557969463
"Zswim3",0.186523822381304
"Zfp414",0.186472941711616
"Fgf11",0.185638496796421
"Tonsl",0.185555861507257
"Mthfd1",0.185517058496637
"Snx32",0.18526393526311
"Dctn1",0.185030506269202
"Itga8",0.184841949940117
"LOC100361913",0.184673599829803
"Snx25",0.184607053949049
"Apcdd1l",0.184188274164098
"Slc15a1",0.184168324265141
"Exosc5",0.184079311012642
"Camkk2",0.183929471618648
"Bmp4",0.183431985043457
"Arl6ip6",0.183189619119807
"Tm7sf3",0.183022737999453
"Mis12",0.182932587126426
"Gpt2",0.182669282380366
"Ankrd33",0.182405190500416
"Dctn2",0.18185474040541
"Znrf1",0.181827129618305
"Hcar1",0.181568437169528
"Olfm3",0.181329737444884
"Ybx3",0.181110911032418
"Dhrs13",0.181100774485094
"Pdgfrl",0.180937209157007
"Azin1",0.180890457975571
"Xirp1",0.180777637294141
"Susd1",0.180748927713935
"Fam43b",0.180633680082915
"Pwwp2a",0.180626904818307
"Zbtb44",0.180167862796214
"Hcn4",0.180154327891187
"Cstf1",0.180031526828993
"Osgin1",0.18001007253294
"Dffb",0.179171532037113
"Abhd14a",0.179025640238471
"Map3k2",0.17891636850556
"Gfra4",0.178516368545222
"Kcnj9",0.178428928334384
"Hsbp1l1",0.177381194442073
"Pycr3",0.17714912843829
"Nrf1",0.177128361059898
"Chst7",0.177123430799408
"F3",0.176869798210028
"Ubap1l",0.176438086955464
"Gorasp1",0.176296988837918
"Harbi1",0.176197715185739
"Clip3",0.175906920893098
"Epm2aip1",0.175885132273144
"C1galt1",0.175847803959558
"Gabrr2",0.175670719028771
"Uchl5",0.175667138404627
"Pdik1l",0.17537161687899
"Cep250",0.174937035558087
"Clcn1",0.174791596558387
"Cd52",0.174765993916235
"Slc19a3",0.174589565175608
"Sucnr1",0.174301690132266
"Hgh1",0.174150670559125
"Egf",0.174132260279359
"Lmln2",0.174048296766748
"Astl",0.173940615780453
"Tbcc",0.173226865890606
"Ift43",0.172903316043653
"Tmem19",0.172111197556778
"RGD1310587",0.170949503615378
"Gli1",0.170775998925811
"Mgat5",0.170672625736955
"Cntfr",0.170173464242379
"Snx16",0.170007133785364
"Bad",0.169838670459109
"Hs3st5",0.169749207701963
"Deup1",0.169674211091048
"Gpr119",0.169662450788758
"Rps13l1",0.169595951272307
"Pkp3",0.169471363782225
"Ei24",0.169466505917817
"Rab28",0.169228536552111
"Ndufa1",0.169036623644539
"Terf1",0.168711869064279
"Rps28",0.168439342375282
"Unc50",0.168156322347097
"Gpr18",0.167972194611482
"Ndst1",0.166709865375934
"Trem2",0.166683338959371
"Nadsyn1",0.166647193811054
"Lamtor3",0.166517166579283
"Prss35",0.166419240386787
"Mrps31",0.166066824809505
"Tbpl1",0.166057853542096
"Ttc6",0.165881585746575
"Clta",0.165420356813793
"Mrpl13",0.165368644676869
"Hectd3",0.164758121268197
"Pign",0.164750505159761
"Mospd2",0.164704112928666
"Larp4b",0.164569226460726
"Pradc1",0.164421238983368
"Abcb4",0.164236261515351
"Slc5a5",0.163854777401437
"Hoxc8",0.163705202143835
"Arhgap29",0.163597908936101
"Qrsl1",0.163081883512765
"Smdt1",0.16306128628444
"Nipbl",0.163011216076326
"LOC100912618",0.162965286559933
"Tac1",0.16289255135612
"Rdh11",0.162662478666092
"Commd4",0.162385746711617
"Zfyve16",0.162332224901275
"Kmo",0.162285072915049
"Pglyrp2",0.162136294530743
"Adam23",0.162045370436381
"Fam107b",0.161989710703927
"Zfp133",0.161567827909157
"Babam1",0.161542414931333
"Klf11",0.161436082388206
"Safb",0.161361878276822
"Camk2g",0.161252424697649
"Nav2",0.16092643140206
"LOC120096111",0.160897175149633
"Mcart1",0.160813888085893
"Plxdc1",0.160461371700626
"LRRTM1",0.160221533998947
"Fhip1a",0.15970573429056
"Med21",0.159161056163782
"LOC689479",0.159149212003046
"Coq2",0.159142469032438
"Mtpap",0.158724743028101
"Lemd3",0.158693570646333
"Cmtr1",0.158291129589666
"Esrp2",0.158013154050742
"Rccd1",0.157994826858433
"Nupr1",0.157954778963085
"Ptx3",0.157936376551835
"Vps72",0.157802884455133
"Mettl4",0.157634252633005
"A2ml1",0.157462600701568
"Mrpl27",0.157359882607265
"Nhs",0.157104237234425
"RT1-DOb",0.15709151733788
"Mapkbp1",0.157074893695509
"Tor4a",0.156986213748664
"Ccdc88a",0.156642941236278
"Sfxn4",0.156578042615881
"RGD1563962",0.15621730939637
"Stpg1",0.156022429888262
"LOC691320",0.15601526368763
"Map4k5",0.155821975162973
"Ube2e1",0.155776556020529
"Tnfsf13",0.155729204843224
"LOC681355",0.155606757141912
"Mospd3",0.15498330056387
"Aimp1",0.154924245983713
"Cript",0.154515937794003
"Ankfy1",0.154347575104221
"Dnajb6",0.154313727343783
"Efhc1",0.154183034918913
"Rhod",0.154042209626085
"P2ry10",0.153904600059269
"Plekhf2",0.153856962486453
"Jakmip2",0.153777305122953
"Rab36",0.153562102599127
"Txndc17",0.153277590588872
"Degs1",0.152943317755522
"Rhd",0.152939388182907
"Sprn",0.152681749290164
"Galnt11",0.152429760821816
"Ythdc1",0.152395948314625
"Unc45a",0.15231179625263
"Mef2d",0.152269845066498
"Pkd2l2",0.151725862875795
"Zmym2",0.151640718312337
"Slc13a4",0.15153233227669
"Zic5",0.151317092737131
"Wtap",0.151237147131139
"Zfp775",0.150943479690722
"Zfp777",0.150902928170885
"Ipp",0.150766043285568
"Smarcd2",0.150753669403795
"Vdac2",0.150717678800312
"Ckap4",0.150677818588791
"Pml",0.150577803217282
"Zfhx4",0.150466457662727
"RGD1305938",0.150312034822202
"Timm9",0.150146642144247
"RGD1562608",0.150098853223389
"Atpaf2",0.150066526917152
"Zfp54",0.150062109001645
"Invs",0.149949628364014
"Atp6v1b1",0.149824126002078
"Mboat2",0.149722998075951
"Mzt2b",0.149476511552545
"Arhgap19",0.149375389825424
"Gpr152",0.148923188942507
"Bpnt1",0.148282232911623
"Tepsin",0.148245602407537
"Usp38",0.148097066440805
"Slc1a1",0.148048743757269
"Grk3",0.147910751975722
"Nags",0.147888735255805
"Tmem200c",0.147441315981874
"Efcc1",0.146713985366377
"Mro",0.146705238849065
"Rnf115",0.145627167287353
"Tbx22",0.1455637004872
"Klhl21",0.145547394278782
"Mogat1",0.145232193020966
"LOC100362814",0.144868492126618
"Ercc6l",0.14483434342137
"Tmem91",0.144658654591894
"Mpp3",0.144548111637073
"Homer2",0.14444576324907
"Tmem106c",0.144109092957462
"Bnip3l",0.143904732953293
"Wrnip1",0.1437844185426
"Fdx1",0.143492761431586
"Sec24c",0.14263223448022
"Atp13a1",0.142378770621197
"Calhm3",0.142138478393264
"Baat",0.141498225084939
"Rnf214",0.141479715979312
"Txndc11",0.141114002392264
"Acad8",0.140485170447062
"Myo7b",0.140444894545704
"Twsg1",0.140311258906228
"Poc1b",0.139806353228329
"Fam118a",0.139731601939335
"Pgap1",0.139685851392753
"Nphp4",0.139474717369916
"Sclt1",0.139462787642587
"Mcee",0.13930616004273
"Tnni3k",0.13841686708223
"Cspg4b",0.138373261515868
"Opa3",0.137949894401029
"Socs4",0.137940228325631
"Sowahb",0.137763793664062
"Fhad1",0.137374186731772
"Acrbp",0.137276241056469
"Cct5",0.137100433211316
"Rai14",0.137019346251953
"Tfec",0.136971071074553
"Skiv2l",0.13650666898888
"Vom1r85",0.136294328660662
"Stx16",0.136249789207064
"Gpr27",0.135925621529666
"Sfr1",0.135102729416435
"Gmeb1",0.134823695034333
"Gcnt2",0.13474370423737
"LOC685081",0.134731844459805
"Runx1",0.134425333962471
"Gpatch4",0.134417686041049
"Polr2d",0.13425551623376
"Pacsin3",0.134169411053853
"Tnfrsf19",0.133955758215048
"Ccdc81",0.133588660489991
"Fancb",0.133581199080609
"Aldh3a2",0.133249583312379
"Rrbp1",0.13321461918722
"Hexim2",0.132682050806298
"Pipox",0.132670071054518
"Ccdc86",0.131982487713623
"Zbtb9",0.131764416938322
"Rrp15",0.131677295271185
"Zdhhc16",0.131604499115406
"Mlh3",0.131532220833151
"Supt20h",0.131223575662569
"Prkag3",0.130628214943736
"Phlpp1",0.130616998397224
"Smurf2",0.130395839505277
"Ubap2",0.130061698303102
"Osbpl6",0.12904512225505
"Acp1",0.12863717669592
"Sema3d",0.128519259029197
"Plekhm2",0.128404245113122
"Glrx5",0.128184811383807
"Gucy1a1",0.128103937094125
"Nol10",0.127878874846516
"Igfals",0.127595744484395
"Caprin1",0.127562657220331
"Tfcp2",0.127230791729916
"Utp15",0.126006792029286
"Efl1",0.125996535746872
"Krba1",0.125557454027622
"Zdhhc6",0.125483734753836
"Dnajb11",0.125301237975628
"LOC100363193",0.125090738605746
"Tafa3",0.125017995548017
"Dusp14",0.124875666757408
"Cxxc1",0.124850021232382
"Kcnt2",0.124728460152492
"Cdhr4",0.124678997503216
"Cbx5",0.123622206693541
"Rara",0.123416825156002
"Col11a2",0.123403959077755
"Lmna",0.123030716956309
"Timm13",0.12300326615388
"Sart3",0.122334209553749
"Mb21d2",0.12222226554991
"Capzb",0.122067096289191
"Zmat1",0.121930157286694
"Bbs4",0.121590416492245
"Asb3",0.121134695934662
"Slc30a1",0.121037728848142
"Smpd3",0.120953804308121
"Slc30a6",0.120558082338854
"Unc5a",0.120457198048992
"Csap1",0.120169974359711
"RGD1559909",0.120159735889585
"Nod2",0.119909166701095
"Ccar2",0.119577885684072
"Acd",0.119263238978465
"Trmt6",0.119228699508661
"Rnf212",0.118838896352125
"Epha5",0.118835459749782
"Lsp1",0.118774915790134
"Hook2",0.11866622437324
"Hoxc9",0.118502969277252
"Polr3gl",0.118292620577234
"Fam98a",0.118251893669185
"Setd3",0.11808328977553
"Sec22a",0.11776367908064
"Abcg8",0.11731658681644
"Hspa2",0.117147088360874
"Nvl",0.116794418535209
"Zfp398",0.116434026101453
"Tiprl",0.116165801001672
"Mtmr3",0.11607927337705
"Fut4",0.116041169790174
"Rtel1",0.115574503804727
"Ttbk1",0.115196629535612
"H2ac20",0.115031994644513
"Cyth1",0.115005082146355
"Zfp958",0.114945345006841
"Cdh8",0.114931940527971
"Nkd1",0.114782320890604
"Pex1",0.114397930772893
"Adipor2",0.114355544116427
"Slc44a4",0.114234164015393
"Pcdhb20",0.114174373965837
"Obsl1",0.114083834042708
"Fam124a",0.113817329853686
"Spop",0.113419123365423
"Fam72a",0.113348817597137
"Cd96",0.113286282966786
"Nsun3",0.113196595885896
"Ccsap",0.113140027617069
"Cep89",0.113050664977519
"Slc26a10",0.112998039962329
"Isca2",0.112726554032506
"Parp14",0.112615899182271
"Zranb1",0.112442377298246
"Glt8d2",0.112292688108087
"Avl9",0.112094448891736
"Hist3h2ba",0.112040019398081
"Ccdc13",0.111839547650168
"LOC100909750",0.111603780313619
"Rwdd1",0.111521134028433
"RGD1565616",0.111439577514333
"Myh3",0.111402987827282
"Bst2",0.111200444519149
"Cma1",0.111130828504407
"Bloc1s2",0.110957060261708
"Smg9",0.110901345331144
"Hoxb2",0.11086746770635
"Ak8",0.110858608572803
"Gpr161",0.11056234270221
"Prdm2",0.110451502437316
"Sox7",0.110249078349498
"Psmd13",0.110069301973366
"Prpf6",0.109932204718092
"Edil3",0.10976793821366
"Zfp954",0.109688315811277
"Zfp692",0.109609476714085
"Ncoa5",0.109363611619429
"Lca5l",0.109288910253021
"Slc6a11",0.108760668905752
"Mkrn2os",0.108311134153712
"Adgre1",0.107405364783717
"Ireb2",0.107347704041621
"Zfp566",0.107310345602011
"Tmem109",0.107246405015972
"Ifi44l",0.107061339779846
"Ccdc189",0.106725668104623
"Exoc1",0.105879208636128
"Rab4a",0.105327380845945
"Sun1",0.105155011712051
"Hes3",0.105041822929841
"Slc25a44",0.104833616084549
"Spry1",0.104588033298344
"Cyp20a1",0.104433122847531
"Dcp1a",0.104265742187108
"Ifrd1",0.10374032653131
"Tfb2m",0.103466016668994
"Ints2",0.103213846316584
"Rap1a",0.103168619406369
"Irf6",0.103138667490576
"Spsb4",0.102940672224587
"Fhl5",0.102283785993873
"Pip4k2c",0.102151859861388
"Slc25a10",0.102130622567687
"Cnot1",0.101893537020799
"Cd83",0.101555283504249
"Cab39l",0.101426113114419
"Kars",0.101061734305389
"Cend1",0.100400459450063
"Mbtps1",0.1002435732634
"Gal3st4",0.100124652018616
"Ccnd3",0.100087781379698
"Abhd4",0.0994199812445463
"Myo5c",0.0992484191199863
"Ctsf",0.098993849124079
"Mettl7b",0.0989869527607049
"Gnat2",0.0988004102360905
"Pum1",0.0984069785074973
"Gnaq",0.0982596619850931
"Mroh8",0.0981603098622194
"Dhx16",0.0980809622378672
"Apol9a",0.0979392335902955
"Tmem45a",0.0977426031325034
"St6gal1",0.0976577128896944
"Relb",0.097615477247234
"Rnf7",0.0975897930554315
"Giot1",0.0974516502002118
"Bzw1",0.0972465041234692
"Oaz3",0.0971885895641192
"Lsm2",0.0966613687815805
"Enam",0.0964474860347678
"Ptdss1",0.0963508777653361
"Unc119",0.0963434072022537
"Samd5",0.0963063797711474
"Pigk",0.0962236044323649
"Actr2",0.0961801038671242
"Cyb5r4",0.0957588805664311
"mrpl11",0.095561051773879
"Klhl25",0.0954870941275887
"Spata6",0.0954812276275048
"Mpst",0.095352771526455
"Rdh13",0.095278555578116
"Rimbp3",0.0950997400796151
"Lrrc40",0.0948440598683568
"Vnn1",0.0940743973109704
"LOC100911402",0.093921991604884
"Cct4",0.0938578370354746
"Aplp1",0.0937797226292968
"NEWGENE_1310561",0.0936619736459571
"Ccdc87",0.0933426858608886
"Lrrc10b",0.0931718073602912
"Heatr9",0.0931160715482463
"Phlpp2",0.0929906461503719
"Fkbp15",0.0928784589596852
"Npffr1",0.0927052454094559
"Hsd17b4",0.0926097210303714
"Etfrf1",0.0922385013383403
"Mfsd14b",0.0918547647524819
"LOC120098305",0.0912379423782446
"RGD1311345",0.0908560892957642
"Kxd1",0.0904594603376665
"Ptch2",0.0903516374456698
"Gabarapl2",0.0900173416726789
"Ccdc88b",0.0892315162175445
"LOC108348215",0.0890310006603421
"Pqbp1",0.0888053596962905
"Itm2b",0.0887985008480339
"Pdcd6",0.0886263326424099
"LOC108348189",0.088595145874431
"Kif23",0.0884278408814636
"Atp13a5",0.0882366868470627
"Cd14",0.0881746953954936
"Prkcq",0.087765078867551
"Np4",0.0871799662580312
"Efemp1",0.0861256423438037
"Derl2",0.0859256215605358
"Cpa3",0.085687309178943
"Zc3h15",0.0856381733121668
"Abhd17c",0.0855168678663763
"Hpca",0.0852637144658901
"Tshz3",0.0852383657819595
"Slc25a35",0.0852278548763963
"Coq7",0.0850428252026771
"Sptlc1",0.0846788959301712
"Rpl36",0.0846441553983448
"Inpp5a",0.0843041804638451
"Tmem8a",0.0836606221772162
"NEWGENE_1559832",0.0833617491740224
"Trmt1",0.083311730986936
"Csnk1d",0.083151829766405
"Tk1",0.0828022228740866
"Aim2",0.0827138930802798
"Myb",0.0824577923750434
"Fxyd2",0.0824407143636844
"Cdk17",0.0823845331166721
"Sorcs1",0.0823389352200064
"Prpf4",0.0821738416109256
"Frmd7",0.0821516776890003
"Mark3",0.081979441087369
"Pkp4",0.0818003769462495
"Rpgr",0.0817402984157886
"LOC103689945",0.0816823283747151
"Orc4",0.0809052751568914
"Gcc1",0.0808061467229023
"Esco1",0.0803810273504868
"P2rx1",0.0803250750943075
"LOC102552324",0.0802502070676067
"Srcin1",0.079990348963547
"Ets1",0.0795947657590037
"Pusl1",0.0789762616118924
"Noc3l",0.0789086970376521
"Dnajc14",0.0788595600594913
"Ddx21",0.0787251329445025
"Prickle3",0.0781220366262988
"Gpr108",0.0778875439346248
"Nmi",0.0778610779495894
"Trafd1",0.0777882701849271
"Btbd10",0.0776941211255353
"Cd300le",0.0776204335467527
"Slc16a8",0.077568732868541
"Trib3",0.0770752646744337
"Sdr16c5",0.0768673358486745
"Gne",0.076798313753814
"Cap1",0.0765595087452899
"Top3a",0.076487532033842
"Nepro",0.0762742842858043
"Wdr41",0.0760721678805827
"Irf2bp2",0.0760017200220814
"Sst",0.0758087157974734
"Nudt16",0.075626712032252
"Ccl12",0.0756019717503672
"Eral1",0.0754715411598739
"Unc13c",0.0754386436011
"Ptcd2",0.0754265346491293
"Cldn24",0.0754064305345931
"Phex",0.0749164118050984
"LOC100910790",0.074630439562054
"Cd9",0.0742804909146577
"Khdrbs1",0.0740110003910091
"Rbak",0.0740107001212511
"Ccng2",0.0739126074649767
"Wdr5",0.0736067584277554
"Adgre5",0.0733874427343104
"Pon2",0.0732457285396298
"Dpagt1",0.073203111132729
"Unc5d",0.073051679363753
"Ube2j2",0.0724651433484702
"Rbp2",0.0723598588179685
"Fis1",0.0723193870999916
"Srp54a",0.0721257903470569
"Ptgr1",0.0720294502665162
"Ap1m1",0.071907242831271
"Insig2",0.071820039005379
"Meis2",0.0714533845890864
"Bmp15",0.0713985723374218
"Pop1",0.0713022127089455
"Pwwp3a",0.0708626776914969
"Pde7b",0.0705131423855755
"Lrp10",0.0704610094815741
"Hps5",0.0702953663730151
"Arhgef12",0.0699112576485703
"Atp5pf",0.0698579139960806
"Akirin1",0.0698071638439281
"Arhgef16",0.069789151494509
"Chrdl1",0.0692757378970372
"Bcl2a1",0.06925710065556
"Rbm42",0.0688043649125273
"Sik3",0.0682831545924598
"Upb1",0.0680287202993778
"LOC100911256",0.0680188951773957
"Twist2",0.0678980713794278
"Trpm8",0.0676681472359463
"Rpl7",0.0673426376158521
"Actr6",0.0671106042152134
"Arcn1",0.0669478981270284
"LOC108348074",0.0667353287028867
"Katna1",0.066655160016418
"Frem2",0.0664841564733388
"Dtx2",0.0661729762559145
"Slc22a15",0.0655711151809914
"Hoxa7",0.0654838561557094
"Kif7",0.0653149366643371
"Bcl7c",0.0652412457932307
"Klc3",0.0651963937270019
"Ckap2l",0.0650540896585354
"Baz1b",0.0644676818567467
"Serpina11",0.0642738368838251
"Casc1",0.0642068089681434
"Clec12b",0.0641976802916326
"Kif9",0.0638136766196168
"Nrg2",0.0636778242152789
"Tmem44",0.0636464844198245
"Nupr1l1",0.063404944605391
"Sart1",0.0633379140457094
"Mfsd2a",0.0631355653712728
"Chic2",0.0630444120015805
"Ist1",0.0630251907029985
"Rtkn",0.0627712084504806
"Bhmt2",0.0626845820116159
"Prg4",0.062683302590645
"Fam102a",0.062406950040083
"Ptprj",0.062304253571846
"Stau1",0.0620279479207554
"Gart",0.0619648862158764
"Clec3b",0.0615465043741364
"Cytip",0.0614961835197099
"Clptm1l",0.0614576678190833
"Notch2",0.0611898883790911
"LOC691807",0.0611566183040142
"Itgbl1",0.0610908397392968
"Rangrf",0.0609331920741384
"Zbtb17",0.0607489549945795
"Casc3",0.0606927667364178
"Ncoa7",0.060441463008959
"Zfand4",0.060425420648488
"Pou5f2",0.0601882264839397
"Zbtb49",0.060123829560965
"Lclat1",0.0600334964383337
"Il31ra",0.0599323921832406
"Nek1",0.0598966709436059
"Timp3",0.059149569629944
"Xpnpep3",0.0591100169196149
"Pik3cd",0.0590586771668763
"Hmces",0.0590301575805406
"Pdpr",0.0588945926237446
"Lrrc8a",0.058845582246492
"Rtn4r",0.0588354967560336
"Syt10",0.0587896202134805
"Loxl1",0.0586887302724388
"Tipinl1",0.0586781291296241
"Ube2g2",0.0584958704624157
"Shld1",0.0582503326176164
"Mustn1",0.0582413340000155
"Topbp1",0.0582227326558919
"Golga7",0.0582196516213066
"Sema4b",0.0580674076961381
"Neu3",0.0579168149543127
"Lrrc31",0.0578062580816214
"Bbof1",0.0576283429338494
"Tox4",0.0575662428514287
"LOC102553715",0.0568243675894817
"Rnf8",0.0565746437958566
"Ppan",0.0563470112080711
"Mslnl",0.056315130541642
"Rab11b",0.0557451299070118
"Flvcr2",0.0555371518533336
"Zfyve19",0.0552755087327136
"Or52e51",0.0550952285671709
"Sec63",0.0549606944294155
"Spata5",0.0547504187640194
"Actrt3",0.054671672051576
"Tubb4a",0.0539896493544877
"Rpf2",0.0539800008294597
"Rictor",0.0535512345505984
"Ccdc71",0.0534530942937602
"Dusp16",0.0533843476688089
"Ccdc167",0.0532419007651412
"Tbx15",0.0529908169065883
"Mgarp",0.0527250799129863
"Ca6",0.0527146984064722
"Mettl18",0.052144053399349
"Dnajc25",0.0519704861291945
"Phf21b",0.0518615190129591
"Bicral",0.0515598468295938
"Ccdc138",0.051539881921111
"Rpl28",0.0508133444380836
"Zfp386",0.0507272855547584
"Zmat4",0.0506431017627337
"Nupl2",0.0504200828924625
"Fut2",0.0502501847081903
"Tpst1",0.0501424673006679
"Foxo3",0.0499474938830522
"Nmur1",0.0499354004294341
"Plod1",0.0495335078573785
"Ms4a2",0.049397490664441
"Pag1",0.0493263114268888
"Csad",0.0488019897495573
"Thtpa",0.0484762831290294
"Rab7a",0.048261478289412
"LOC500948",0.0479794515160404
"RT1-M1-2",0.0477867606331327
"Ephb6",0.0476448259248243
"Hist1h2ao",0.0469959799515732
"Nus1",0.0462241831119239
"Tmem234",0.0461377731320725
"Fbxw2",0.0458618830331105
"Clic2",0.0457685983699986
"Nog",0.045473364537883
"Arl3",0.0453232932707164
"Erh",0.0450941693679781
"Hs1bp3",0.0450445128224462
"Vsig10l",0.0449612260079875
"Srsf4",0.0447440481428624
"Calcb",0.0444594889429138
"Emc4",0.0442553893200848
"Msto1",0.0439662828751838
"Znrf2",0.0438647678787333
"Nsun4",0.0435266307432975
"Tcea3",0.0434623863229217
"Arl8b",0.0433972007672274
"Doxl1",0.0431623990340545
"Rnf24",0.0426561423954134
"Pax5",0.0420697964038916
"Bub1",0.0419892101641754
"Acin1",0.0415987057972865
"Met",0.0415565894679304
"Nbr1",0.0410005594925221
"Rnf111",0.0409902011360224
"Gabpb2",0.0409819209508267
"Mtr",0.0409794158870668
"Nrbp1",0.0405022575492217
"Rph3al",0.0404573243332797
"Prpf38a",0.0402766356043313
"Ppil4",0.0400752514515528
"Prtn3",0.0395975144368427
"Mfhas1",0.0395945422764672
"Nox3",0.0392542940130698
"Larp6",0.0386597130355282
"Tgif2",0.0386284723002673
"Hpcal4",0.0385022354293411
"Egfl7",0.0383885884423647
"Pdilt",0.0383525394758233
"Taf12",0.0382361132268507
"Ralbp1",0.0381989710396786
"Rai1",0.0380319899560218
"Btbd1",0.0379511906912406
"Myo1g",0.0376169150022985
"Ccm2",0.0374758226157105
"Mrpl54",0.0373903604612772
"Cfap70",0.0370345208089133
"Rnf103",0.0370213899768086
"LOC500124",0.0367298837132513
"Slc22a8",0.0363977722645757
"Zbtb2",0.0363907438541348
"Trim52",0.0362120640482842
"RGD1564053",0.0362097007898364
"Tmem120b",0.0360800145312056
"Prss8",0.0356373252217668
"Tmem270",0.0355240536161232
"Fam136a",0.035451969938315
"Ncor1",0.0353520631859233
"Zcchc4",0.0346443504703045
"Igfbpl1",0.0346323435809645
"Vdac3",0.0345754005139932
"Rilpl1",0.0342623947302983
"LOC100911664",0.0341727569362125
"Ttc30b",0.0340498652740076
"Rps2-ps44",0.033886020206265
"Pdia3",0.0337128512371888
"Urm1",0.0331856404765647
"Rps25",0.03304993596257
"Ada",0.032863103014194
"Dpt",0.0324837215768375
"Eme1",0.0324224872184787
"Tmed7",0.032264921261803
"Fsd1l",0.0321990685708474
"Rsf1",0.0321990062929998
"Dnajc17",0.0316187714281406
"Arid1b",0.0314370814252842
"Calr",0.031337513642687
"Dscc1",0.0309073001542483
"Cd27",0.0305216072862037
"Magohb",0.0301431932082171
"Snrpe",0.0299430978522061
"Lmntd2",0.0298871302856939
"Thoc3",0.0298336527976658
"Ankrd17",0.0296508302151384
"Nrk",0.0294847440220171
"Tktl1",0.0294404736672624
"Dnaaf1",0.0292982616548588
"LOC498675",0.0289288048671794
"LOC103690018",0.0288167358415764
"Pabpc5",0.0287189879057262
"Chrm4",0.0281476781540214
"Ftsj3",0.0279258856799549
"LOC361646",0.0279140704141223
"Prnp",0.0277236643469174
"LOC120097492",0.0276624843384305
"Mid2",0.0270565850325348
"Rlf",0.0268996582124083
"Cyb5r2",0.0264457563789606
"Lrig1",0.0261416767783383
"Cacnb3",0.0259532780246716
"Themis2",0.0259034543818082
"Gmpr2",0.0257281811848467
"Lhfpl5",0.0249134750468448
"Zfyve21",0.0242737676839191
"LOC100910581",0.024079140300578
"Kmt2a",0.0236090781396846
"Sh3rf2",0.0233973215007684
"Cel",0.0233259133294456
"Guca1b",0.0231394124903228
"Ube2q1",0.0231210959720442
"Tc2n",0.0230464293207369
"NEWGENE_1359268",0.0230448069059024
"Gpatch2l",0.0224705425822177
"Ttll1",0.0224524219052823
"Prelid3a",0.0223182635491033
"Taf9b",0.0221156911821409
"LOC102552640",0.0219425870577333
"Piezo1",0.0219170901533724
"Mrm2",0.0217634289762903
"Kcnn4",0.0217326309370764
"Tnpo3",0.0212610661589741
"Pus7",0.0212503343481629
"Clec5a",0.0211236807736947
"Igsf3",0.0209047343139008
"Chmp2b",0.0206032717073138
"E2f2",0.0205872233280073
"Cntn5",0.0205819389303861
"Ccn6",0.0205345800832463
"Ncoa4",0.0204461067973891
"Sytl4",0.0202903407841116
"Ogfr",0.0200690324535341
"Mxd4",0.0199540726407526
"Ptdss2",0.0198570877504421
"Cyp2t1",0.0196471327383942
"Prrx1",0.0196361106716871
"Agap1",0.0193366880358766
"Cad",0.018846743277438
"Rimbp2",0.0187473106841354
"LOC691254",0.0185973858467254
"Aqp12a",0.0185803677408237
"Birc2",0.0185224958677596
"LOC685391",0.0179412433444538
"Mpo",0.0176493034633607
"Slc2a12",0.0167718360790563
"Taf4",0.0163984752910107
"Sgta",0.0163862955525555
"Mtcp1",0.0162705002557472
"Olr34",0.015780932245488
"Adgrl4",0.0154627882247164
"Lgalsl",0.015278795061785
"Tfap2a",0.0150647661508064
"Serbp1",0.0150015018095451
"Rpl14",0.0149181415978692
"Ppil1",0.0147225069794958
"Ptprg",0.0144029161521733
"RT1-N3",0.0141551972550761
"B3galt6",0.0141276659728897
"Rgs8",0.0139013209823802
"Stap1",0.0137632919823211
"Syde2",0.0137026816214261
"Zfand1",0.0134233969339912
"Lonrf3",0.0133433249940729
"Zfp148",0.0132904276541278
"Wdr33",0.0132856020545731
"Sorbs2",0.0130876463712005
"Psmb7",0.0129388268567531
"Pgm5",0.0128290854761412
"LOC500594",0.0122603156582616
"Nubpl",0.01163345303714
"Msra",0.0115618112027083
"Arhgap25",0.0115258744465361
"Fbxo8",0.0115165595616315
"Fbxw4",0.0114397750664585
"Dnd1",0.0112215888583869
"Parp11",0.0112019770468825
"Abca16",0.011191149718716
"Col4a5",0.0109880196388197
"Irag1",0.0107144758744063
"Ltk",0.0105444012495077
"Ercc5",0.0103604183543999
"Aff2",0.0102427459893985
"Kmt2b",0.0102170559912156
"LOC103689971",0.010094546994058
"Usp24",0.00982546950129555
"Tmem74b",0.00979680545562211
"Zc3h3",0.00927671629591561
"Mfap3",0.00919036577574314
"Zfp319",0.00915349524587687
"RGD1306227",0.00913974608086359
"Pon3",0.00903066833887159
"Stk4",0.00877620351566265
"Lrrc32",0.00874370298821132
"Dpp8",0.0087131973651376
"Papss2",0.00855810216085429
"Tspan3",0.00854409095401645
"Capza1",0.00834859248889668
"B3galt4",0.00763185614593143
"Hist1h4b",0.00753037526698478
"Usp3",0.00752251856617015
"Usp49",0.00748869552213609
"Camsap1",0.00695528235380306
"Uhrf2",0.00681533634874355
"Tuft1",0.00626860188500368
"Tmem121",0.00614632525423053
"Zfp496",0.00582226353294079
"Zfp82",0.0056603923371044
"Epha1",0.00562648002650533
"Ubiad1",0.00557217061110901
"C2cd4d",0.00522729724267437
"Cmklr1",0.00514787240594378
"Asgr1",0.00507765303028415
"Stk3",0.00469983810566552
"Rps26l6",0.00465856846875155
"Plekha8",0.00449483778223281
"Niban3",0.00446321885194683
"Stam",0.00434173841360396
"Fastk",0.00426762527385253
"Negr1",0.00397805470774104
"Bnc1",0.00316441888180387
"Rps21",0.00310872914263162
"Capn10",0.00308651899402034
"Gcdh",0.00257311140398791
"Zfp598",0.00246414017543913
"Dapk3",0.00229752746351167
"Zfp185",0.00227594032535287
"Pdxp",0.0021935338091267
"Cox5a",0.00201382687455892
"Brpf1",0.00197752022531541
"Adcy10",0.00196052117637012
"Olr1088",0.00161309558551997
"Rsbn1l",0.00152446192804074
"Lrrc3",0.00147219393459122
"Cln3",0.00121607870784791
"Vgll3",0.00111802015768668
"Klhl18",0.00092115243019236
"Gas8",0.000825111987618573
"Pstpip1",0.000773666383923011
"Tafa2",0.000674775217409382
"Jade3",0.000659197758269541
"Pdp2",0.000431738758060029
"Tmem60",0.000170057983641265
"Cdh26",-0.000194538992784424
"Tmub1",-0.000784719559292733
"Dkk2",-0.000973609129524691
"Hgs",-0.000977971268419484
"LOC100363469",-0.00108097230096923
"Gimap9",-0.00130538928034842
"Bcl2",-0.00141630978792837
"B3gnt2",-0.00151177143462677
"C1qtnf3",-0.00160452178948721
"Dpysl5",-0.00167489484555797
"LOC102554034",-0.00223300165689762
"Kcnj13",-0.0022804322681041
"LOC102546864",-0.00255155406091465
"Cmtm3",-0.0027710334399302
"Btn2a2",-0.00283937856317185
"LOC100360647",-0.00301984037540884
"Plpp3",-0.00338306092422034
"Ndc1",-0.00339551188531391
"N4bp3",-0.00345193482792566
"Eif1ax",-0.00387885569249776
"Aldh1b1",-0.00391418013704147
"Ebf2",-0.00483118883614835
"Psd",-0.00489381888062421
"Otc",-0.00489988108542089
"Pccb",-0.00519401575391973
"Tspan32",-0.00584016338924564
"Mad2l1bp",-0.00612486769750999
"Fam20c",-0.00621309725670226
"Plaat1",-0.006661307617542
"Tmem42",-0.00672215008050656
"Atp5f1e",-0.00684425094833286
"Snta1",-0.00684700622329506
"Hspe1",-0.00705511608248523
"Hpn",-0.00706970683979531
"Oasl2",-0.00729711263574756
"Med13",-0.00745175614222574
"Arsa",-0.00748877595260892
"Xylt1",-0.00782117051329817
"Spata6l",-0.00854784234560698
"Eif2s1",-0.00855986435845681
"Zfp14",-0.00860689263399284
"Ncoa2",-0.00887457000876114
"Pitpna",-0.00906928488605951
"Cox8a",-0.00940429269100534
"Cetn2",-0.00942601457822007
"Trpm5",-0.0099528053698596
"Wdr35",-0.0100612633783621
"B9d2",-0.010236206713951
"Cpsf3",-0.0104211751071968
"Timmdc1",-0.0106301242506094
"Pole3",-0.0108943630578392
"Nova1",-0.0112146666727414
"Pld3",-0.0114889129146851
"Grasp",-0.0121821072500933
"Aip",-0.0121897625338089
"Aldh1a2",-0.0122352249459269
"Ficd",-0.012366955632999
"Kdm2a",-0.0127494194776228
"Pnma2",-0.0129935804150387
"Nostrin",-0.0133320926728062
"Pigb",-0.0133979097928876
"Vom1r50",-0.0135801652945791
"Gpr3",-0.0135940591321435
"Foxd2",-0.0143105432593407
"Ttc9b",-0.0143600312192512
"Psmb3",-0.0148399684699614
"Bcl2l2",-0.0150076149859499
"Synpr",-0.0152575659640105
"Psap",-0.0153130734223216
"Cops4",-0.0153563082040213
"Dcc",-0.015622164964871
"Jdp2",-0.0157536997632035
"Gabra3",-0.0158734924543267
"Sdc2",-0.0160092362626481
"Dnajc16",-0.0160467007638912
"Chp2",-0.0160908941451848
"Uba1",-0.0162813717788924
"Ccdc38",-0.0164105192401553
"Nudt4",-0.0164592077459171
"Vsx2",-0.0165689346900595
"Cd163",-0.0166908235377138
"Prkar2a",-0.0167685706163402
"Abhd13",-0.0172316110902135
"Zfand5",-0.017325328884615
"Ranbp10",-0.0173277580086379
"Tmem259",-0.0173945840036232
"Nsmf",-0.0174729888575036
"RGD1562218",-0.0176372270302282
"Twistnb",-0.0180074242320902
"Tceanc",-0.0185102968537082
"Klhdc1",-0.0185460655315152
"C4a",-0.0188064674673357
"Smc1a",-0.0192516504318864
"Shroom4",-0.019339015934406
"Ube2d3",-0.0198905410888895
"Rab1b",-0.0199277339026528
"Vat1l",-0.0199995345406073
"Poglut3",-0.0200170003470914
"Tceal8",-0.0208430362177065
"Tekt2",-0.0211822247083354
"Cic",-0.0213196939695671
"Acot13",-0.0213361874283066
"Arl5c",-0.0213623996036069
"Nlrx1",-0.0216236085094157
"Cav3",-0.0216563347317265
"Smim22",-0.0217209721539789
"LOC108348052",-0.0219995451375159
"Fgf7",-0.0226374572532521
"Drd1",-0.0226401481750248
"Fancg",-0.0227938961549998
"Stoml1",-0.0227965801198584
"Adam33",-0.0229900254219307
"Rcn3",-0.0232021335852365
"Hp",-0.0233889273002939
"Clstn2",-0.0237365816873553
"MGC108823",-0.0242172401674051
"C8a",-0.0242310860843735
"Rpusd4",-0.0245317561188399
"Adh5",-0.0245642844945646
"Gpn1",-0.0246744036875177
"Gtdc1",-0.0249479025748757
"Micos13",-0.0250427751613999
"Mfap5",-0.0251937724402238
"Chchd7",-0.025196810285849
"Sppl2a",-0.0254570946354629
"Washc1",-0.0254959638690375
"Lrrc3b",-0.0255125694193548
"Vps37d",-0.0256854170201861
"Muc2",-0.0258147343991873
"Scara5",-0.0258204208487469
"Zer1",-0.0259466017215454
"Epas1",-0.0259513086230162
"Ddx46",-0.0264195470068316
"Xbp1",-0.0266887594203099
"Kdm3a",-0.0268051168272862
"Cdv3",-0.0268515384904045
"Eif1a",-0.0268868616181973
"Glyat",-0.0271762288462493
"Sash1",-0.0275263231591871
"Scgn",-0.0275365398258831
"Enthd1",-0.0275500178810537
"Hnrnpa2b1",-0.0276275373622884
"Nup35",-0.027641339287844
"Bnc2",-0.0280901840917278
"Pparg",-0.0285312451668224
"Lratd2",-0.0287974401382902
"Ric3",-0.029263495820931
"Tec",-0.029363781850738
"Cramp1",-0.0296040916764251
"Angpt1",-0.0296934538601802
"Spag8",-0.0297727272692617
"Slc35b1",-0.0299973730077773
"Tmem169",-0.0304274992075123
"Plin1",-0.031469534110299
"Fdps",-0.0319530662660877
"Sigmar1",-0.0320045448003754
"Plscr5",-0.0321129911631335
"Garem2",-0.0323669899481497
"Radx",-0.0328889010851057
"Wdr37",-0.0333186988013213
"Bola2",-0.0333345484892575
"Lef1",-0.0334755060982842
"Homer1",-0.0339979959876025
"Gga3",-0.0343123041274569
"Bfsp1",-0.0344415494565988
"Sft2d3",-0.0348692967230267
"Ccdc60",-0.0350744085899888
"Suco",-0.0353935895993322
"Fbxw11",-0.0354211604986054
"Sdhaf4",-0.0355776565726831
"Kcnab2",-0.0355866167301496
"Dusp3",-0.0357144090244453
"LOC103694210",-0.0357319382958054
"Lrrc8b",-0.0358104471975567
"Snrpd1",-0.0359575196456668
"Clec1a",-0.0360633354701143
"Map3k14",-0.0363261094505727
"Ank2",-0.0364282171020677
"Cyp7b1",-0.0364876733139343
"Espl1",-0.0370199051797461
"LOC103690016",-0.0370219312769587
"Msh3",-0.0371504167483669
"Ehd1",-0.0372369553176022
"Yod1",-0.0372480765336142
"Islr",-0.0372756492693756
"Mfsd1",-0.0373011016326446
"Plgrkt",-0.0373159094397642
"Naif1",-0.0375270034777309
"Gigyf1",-0.0375782920918885
"Col17a1",-0.0376266209347909
"Myrip",-0.0379158900183585
"Tpt1l2",-0.0381183506646413
"Fuz",-0.0383314022260149
"Rabl2",-0.0385040285649756
"Mybph",-0.0388652877844922
"LOC100911713",-0.0389332438003661
"Rbm15",-0.0393708776467423
"Bdh1",-0.0395955245268596
"Thumpd2",-0.0396809035212045
"Il21",-0.0400976518351569
"Yipf4",-0.0401590910697509
"Hoxc10",-0.0405993104589539
"Mdm2",-0.0407095767470387
"Rrs1",-0.0407728308204904
"Heg1",-0.0408259954674408
"Dhx34",-0.0408794925109834
"Cryz",-0.0409582583295812
"Khdrbs2",-0.0412480423337759
"Bcat2",-0.0413043624554944
"LOC103692167",-0.0417803215217686
"Fli1",-0.0422774149457999
"Spcs3",-0.0422796677110812
"Rnf32",-0.042543678398882
"Pold2",-0.0429298934903446
"Spata46",-0.0429968155298123
"Lurap1",-0.0434073100134473
"Fam161b",-0.0434981340630488
"Pias3",-0.0439514413023176
"Raph1",-0.0439519603183701
"NEWGENE_1310139",-0.0440307144506246
"Fibp",-0.0442624518532311
"Chmp1a",-0.0443403801818349
"Acat1",-0.0444211034135807
"Kcnk3",-0.0444702494754471
"LOC102553010",-0.0445534139484607
"Ggcx",-0.0460573246707772
"Fggy",-0.0462237218521803
"Ccdc59",-0.0464870378549681
"Lefty1",-0.0465906411775533
"Alkbh5",-0.0469212134274559
"Mki67",-0.0471276280842606
"Acot12",-0.0472852404433287
"Cdk6",-0.0476372270533169
"Bace2",-0.0476476198034508
"Prpf38b",-0.0480303519335072
"Ptprf",-0.0485870683836848
"Mecp2",-0.048916026166093
"Ppidl1",-0.0495165333375719
"Glyatl2",-0.049574874500391
"Polq",-0.0496306761823283
"Jazf1",-0.049635421569217
"Myl7",-0.0498388642031567
"Kcnj15",-0.0499086173758991
"Ccdc107",-0.0503810326009362
"H2ac21",-0.050904233971269
"LOC103690116",-0.0509474253864912
"Rtf1",-0.0513400829881739
"Ct45a9",-0.0514053258915526
"Abca8",-0.0517007493772363
"C2cd3",-0.0518077123464842
"Mpig6b",-0.0520629107204632
"Bbs7",-0.0525847503843017
"Psmc4",-0.0525865082336462
"Cnot6l",-0.0529835457041576
"Slc39a14",-0.0530515183366292
"Sec23b",-0.0530588325686687
"Slc27a4",-0.0531819780579501
"Tmem39a",-0.0533412267658823
"Cldn1",-0.053350899405877
"Prox1",-0.0538611485275289
"Nsfl1c",-0.0539215561376845
"Ggct",-0.0541384924173019
"Fyb2",-0.0545793527136599
"Dzip3",-0.054681740848525
"Omd",-0.0547664061283214
"Lag3",-0.0549546484004379
"Cdc42ep3",-0.0557127089106429
"Zbtb7c",-0.0557918925009182
"Efcab7",-0.0561334857061004
"Zscan20",-0.0563940250853861
"Mbnl3",-0.0564517365880982
"Mcrs1",-0.0571280118999395
"RGD1562229",-0.0571756313711855
"Clvs2",-0.0571850148787928
"Cyp4f1",-0.0572006282630146
"Tmc8",-0.0572146501122711
"Antxr1",-0.0572778393866758
"Orc3",-0.0574529713659517
"Crhr2",-0.0575148776506725
"Pex10",-0.0583428367671766
"Pstk",-0.059059173212158
"Phf5a",-0.0592511029287533
"Zfp189",-0.0598975389451468
"Zmat5",-0.0600339096622185
"Acox1",-0.06009713761728
"Zfp458",-0.0602763487319014
"Pigu",-0.0605407744055609
"Fmo4",-0.0606511672553581
"Dact1",-0.0606830111047797
"Lman2",-0.0607380722281099
"Baiap2",-0.0608466526652991
"Ift140",-0.0609893618381582
"Mcemp1",-0.061319195167558
"Rnf208",-0.0613508473198789
"Arhgap6",-0.061564305338827
"Mrps11",-0.061657181414539
"Pcca",-0.0616723343308073
"Fkbp8",-0.0617245041200808
"LOC103693430",-0.0618400933440619
"RGD1561415",-0.0623766845772238
"Cbln1",-0.0625278969822728
"Scrn1",-0.0625319994090024
"Syndig1l",-0.0628321706682994
"Zfp819",-0.0632674647499641
"Mgat4b",-0.0634878569453782
"Coa4",-0.0636629545141064
"Cabcoco1",-0.0636685920521591
"Napa",-0.0636732646628208
"Nat8f4",-0.0638211972702444
"C2cd2l",-0.0639203791994399
"Aagab",-0.0644086379800487
"LOC690276",-0.0645542551565733
"Gemin5",-0.0645640943200481
"Cideb",-0.0653489921737189
"Vps13c",-0.0654537060169331
"Faah",-0.0655835486803021
"Cxcr4",-0.0655943507471612
"Sfmbt2",-0.0656050287622232
"Lgr5",-0.065810733873518
"Tmem79",-0.0660144989864412
"Atg5",-0.0661560858565761
"Pcm1",-0.06621104161747
"Lrrc61",-0.0664447738655743
"Naa16",-0.0665435997922709
"Pum3",-0.066803013469016
"Tmem203",-0.0670439294725986
"Emilin3",-0.0672299648680494
"Tspan7",-0.0672369258324566
"Rhbdf1",-0.0674404282197176
"Cers2",-0.0676031358305583
"Derl1",-0.0678148735362438
"Kcnv2",-0.0679248146898278
"Acot8",-0.0679769663115594
"Rab43",-0.0682766543626679
"Fgfrl1",-0.0685228895716458
"Slc24a5",-0.0687310987885333
"Mrpl47",-0.0687996600856721
"Psma5",-0.0689887113154731
"Akr7a3",-0.0690786212792641
"Nup88",-0.0690925138676445
"Zfc3h1",-0.0691266338282417
"Tmem106b",-0.069157085532681
"Cst3",-0.0695936359884137
"Dhdh",-0.06962335332602
"Tp53i13",-0.069950979912411
"Hpcal1",-0.070020821382886
"Dcn",-0.070213423079569
"LOC100911725",-0.0706095900811255
"Tppp3",-0.070904388535885
"Sil1",-0.0711495142435069
"Mrpl21",-0.0713825162349477
"Dcaf10",-0.0714579692396721
"Pdss1",-0.0718518727028336
"C1qbp",-0.0719867077435337
"LOC108348197",-0.0722924172016178
"Gli3",-0.0725309584104685
"Neil1",-0.0725369895269203
"Rbck1",-0.0726201499819249
"Grid2",-0.0727782955916177
"Fkbp9",-0.0728304592793698
"Tdh",-0.073216864491905
"Gemin4",-0.0735044214914259
"Cfap410",-0.073604001053858
"Adam6a",-0.0743876355792561
"Vapa",-0.0744858798437973
"Slc1a4",-0.0748537953381037
"Adamts9",-0.0749869522761148
"Syne4",-0.075028305454537
"Rrp7a",-0.0751134347693328
"Akap17a",-0.0758003406264426
"Mrpl42",-0.076366687461938
"Cep85",-0.0763690252637179
"Cenpo",-0.0765083491175814
"Cip2a",-0.0767240644788457
"Gimap6",-0.0769017155723024
"Anapc4",-0.077506386055727
"Cplane1",-0.078508533271594
"Ctif",-0.0785187986200653
"Lage3",-0.0786097787775249
"LOC103694902",-0.0789420623268226
"Mpp5",-0.0789865068593428
"Ttc39c",-0.079080936144671
"Ston2",-0.0790911314213489
"Synpo2l",-0.079136418049266
"Tlx3",-0.07978996620365
"Tsr3",-0.079802628002526
"Mprip",-0.0805441221707994
"Zscan21",-0.0806753121358264
"Col24a1",-0.0808388081978018
"Agbl5",-0.0810628364811795
"Npr2",-0.081237690493728
"She",-0.0817629216724227
"Rad9a",-0.0817972865950806
"Anpep",-0.0818345212030712
"Rps17",-0.0818403360071538
"Slc6a12",-0.0820218028160385
"Ddx50",-0.0821709518808818
"Nubp2",-0.0822018903492422
"Ndufc2",-0.0823209427983621
"Mettl5",-0.0830932447956433
"LOC100911585",-0.0831980936367163
"Srr",-0.0833896520980135
"Ddb2",-0.0839224049949422
"Appl2",-0.0840948225137588
"Sh3pxd2b",-0.0841868797138662
"Rnf144a",-0.0842065926259352
"Plpp6",-0.0842073821554613
"Zkscan3",-0.084221562905745
"Ftsj1",-0.0846981017145349
"Sirt6",-0.0850822961221031
"LOC681410",-0.0851732904052298
"Zfp869",-0.0853433271717622
"Rbbp8",-0.0854260001704409
"Evi2b",-0.0854840913090567
"Hrh1",-0.0858275775205943
"Isy1",-0.0860485925952296
"Dennd4b",-0.0863745248688848
"Ctc1",-0.0864493588345046
"Cnih4",-0.0868747319687697
"Pnldc1",-0.0868991719662559
"Pax1",-0.0870174360698199
"Ifi35",-0.0872219430559384
"Tmco6",-0.0873558623645244
"Ppwd1",-0.0873772288921551
"Tbc1d25",-0.0878399392708461
"Abcc10",-0.088261012560523
"Dbnl",-0.0882876422277912
"Zfp451",-0.088324835206165
"C1s",-0.0883394412285281
"Lgals2",-0.0887193439775372
"Eif4enif1",-0.088770943949803
"Gtf3c6",-0.0889408293264947
"LOC100911951",-0.089240592222383
"Tmem251",-0.0896552542978348
"Mgat4d",-0.0896582399929241
"Adam21",-0.0900280445336987
"Cul9",-0.0900325776019069
"Aldh1l1",-0.0901878418730253
"Rfx2",-0.0903079348667386
"Cfap126",-0.0912762419884059
"Sinhcaf",-0.0914035841495133
"Cdkn1c",-0.0914198172739261
"LOC100909732",-0.0918864435131924
"Farsa",-0.091887373568272
"Arf5",-0.0919072529285552
"Mysm1",-0.091924627899928
"Ash1l",-0.0919248222501979
"Romo1",-0.091969562408664
"Igf1",-0.0920592797306053
"Slc46a1",-0.0922434956390911
"Rnf126",-0.0924505150976887
"Dnase1l1",-0.0925533017383225
"Zfp7",-0.0926238141855608
"Eif2a",-0.0926275435385551
"Plcxd2",-0.0927336596206058
"Poldip2",-0.0932542141537735
"Spdl1",-0.0933040578867004
"Bud23",-0.0937600427737159
"Poldip3",-0.0939166334183964
"Pkn2",-0.094461706890398
"Cilp2",-0.09456368679421
"Kcnj8",-0.0945913377269596
"Stab1",-0.0948073916489769
"Ccl28",-0.0948643889928795
"Rtn3",-0.0951925665237389
"Bcl7a",-0.0952447774221951
"Aatf",-0.0955990336860854
"NEWGENE_1582771",-0.095735016309732
"Haus5",-0.095790289515411
"Chrm5",-0.0960739802780389
"C5h6orf163",-0.0961239110933108
"Nucks1",-0.0963082474663696
"Dyrk2",-0.0963262531221658
"Cxcl13",-0.0964568035638027
"Bicdl2",-0.0967902364890186
"Pnma1",-0.0968236926144451
"Chaf1a",-0.0968731949719857
"Vmo1",-0.0969356254071031
"Cyb5d2",-0.0972716274071408
"Glipr1",-0.0975833837890292
"Ptprcap",-0.0978604292262082
"Ctbp1",-0.098348869232941
"Sdhc",-0.0985183423192455
"Fam3b",-0.0987864699087582
"Disp1",-0.0990220684830163
"Mrap",-0.0992143520889609
"Sde2",-0.0993662165925322
"Zfp300",-0.0993842823860105
"Il15ra",-0.099566400471551
"Sf3b1",-0.0997453962485729
"Sugt1",-0.0998412701115926
"Rnaseh2b",-0.0998998854509372
"Mthfsd",-0.100227393241189
"Tmem179",-0.100582241899683
"LOC100911668",-0.100982263735128
"LOC100910308",-0.101149704651383
"Fermt2",-0.101576082801474
"H2bu1",-0.101725589742244
"Mrpl50",-0.101816558741918
"Gpx8",-0.102513678922447
"Mus81",-0.102600481678542
"Eif3b",-0.102886937819423
"Agbl4",-0.102927314038268
"Arhgap31",-0.103388660758112
"Epha8",-0.1035611950417
"Zbtb10",-0.103647919613184
"Mpzl3",-0.10364985340714
"Ints14",-0.103937217558178
"Rraga",-0.103952129339034
"Tmem179b",-0.104142442610426
"Macroh2a1",-0.104452786271238
"Cldn15",-0.104849043381822
"Kif27",-0.104849906550576
"Erich2",-0.105606629458377
"Stag3",-0.105692879012799
"LOC681367",-0.105817064537347
"Cldn10",-0.106284429173071
"Nexmif",-0.1064357593736
"Tnfaip3",-0.107538186239411
"Endov",-0.107654802420705
"Pknox1",-0.107704134476896
"Slc10a1",-0.107815073244007
"Gnb2",-0.10787294814784
"Prkar1a",-0.108113609615239
"Cpt1c",-0.108317950331062
"Akt2",-0.10861155648965
"Bgn",-0.108650455759459
"LOC103692719",-0.108813975301419
"Uhmk1",-0.109142394909055
"Papola",-0.10994846774825
"Phf19",-0.110219847819339
"Tmem67",-0.110272556406811
"Grb10",-0.110743375558089
"Cldn3",-0.111257111196831
"Ncapg2",-0.111875846343843
"Eif2s3",-0.111964385664509
"Ccdc90b",-0.11201522653662
"Arhgap12",-0.112257411338661
"Zbtb40",-0.112325729938178
"Tpgs1",-0.112388114535566
"Cacna1f",-0.112522678733134
"Tbce",-0.112592383860957
"Castor1",-0.112850109802418
"Exoc6",-0.113503590342889
"Kcnk15",-0.113877664953249
"Egln1",-0.114084703464255
"Fbxo6",-0.114166661626928
"Yipf7",-0.114207152865762
"Pf4",-0.114444606145575
"Tmem88b",-0.114606339639955
"Cd160",-0.11461415561678
"Atf1",-0.114837287287271
"Prxl2b",-0.11489854460636
"Braf",-0.114914335267301
"Hps4",-0.115164293251502
"Fbxo47",-0.115350551263754
"Fkbp1b",-0.115398662608988
"Lysmd3",-0.115413879007427
"RGD1560108",-0.115481859408812
"Dglucy",-0.115499366882788
"Fcer2",-0.115718615518237
"Gp9",-0.1158696722108
"LOC108348079",-0.115937901501625
"Agtr1b",-0.115946433284203
"Lrrc47",-0.116094834456463
"Rab18",-0.116578038583917
"Zhx3",-0.116874291091172
"Nod1",-0.11690637213774
"A2m",-0.117003876033537
"Ston1",-0.117292664445491
"Ing3",-0.117328097865903
"Hoxc4",-0.117335212450025
"Cdkn2aip",-0.117398910542014
"Mcm2",-0.117545908704953
"Rpusd1",-0.117802216878949
"Mmab",-0.119122568277905
"Odf3b",-0.119143181611648
"Armh3",-0.119232387495278
"Bcl6b",-0.119299929899945
"Cct8",-0.119570047859763
"Zfp866",-0.11958666642092
"Cdh9",-0.119929560949179
"Ankrd49",-0.120029548534954
"Atn1",-0.120184971049252
"Pet100",-0.120366005522623
"Cog3",-0.120492390688954
"Eps8l1",-0.120542076334985
"Anxa7",-0.120999579087438
"Epha2",-0.121251846329399
"Syngr4",-0.121348394866695
"Lrrc8d",-0.121359909390219
"Gramd2a",-0.121598665788175
"Prrg2",-0.121608944499593
"P3h4",-0.121886977884612
"Rasl11b",-0.121957652012066
"RGD1566265",-0.122405888844364
"Zkscan1",-0.122547015197985
"Plaa",-0.122557694622458
"Amdhd1",-0.123111147412981
"LOC100362965",-0.123207536415123
"Cdkn2b",-0.123221510607276
"Ankzf1",-0.124032155317141
"Ppip5k1",-0.124210819426913
"Golga5",-0.124353136531917
"Zfp524",-0.124597752412573
"Daglb",-0.12466090125361
"Itch",-0.12480758456286
"Ubl7",-0.124996833303423
"Tut1",-0.125212037373503
"Fpr1",-0.125223140597065
"Mcpt1l1",-0.125555013743655
"Rbm6",-0.125762194354772
"Zmym1",-0.125831055890381
"Tmtc3",-0.126114344885756
"Ammecr1",-0.126192669692732
"Fgf21",-0.126359107142427
"Gnao1",-0.126561123819957
"Srsf9",-0.127079039212864
"Mknk2",-0.127237899326593
"Zfhx3",-0.127420553166096
"Ruvbl1",-0.12762969563054
"Agpat1",-0.12789960465014
"Otop1",-0.127902586758951
"Hnrnpk",-0.12817188464996
"Wdr93",-0.128235884690765
"Tpm1",-0.128713715401683
"Mfrp",-0.128938652982884
"Ppl",-0.129295324973153
"Prpf3",-0.129324160798433
"Tm9sf4",-0.129350476046326
"Ripk2",-0.129532556304203
"Tmem134",-0.129848864388881
"Rplp0",-0.129850272199035
"Zfp955a",-0.129888026119814
"Mgst3",-0.129896555739532
"Itgae",-0.130177631593303
"Akt1s1",-0.130421825435123
"Pex26",-0.130809999004517
"Dpf2",-0.130961296955418
"Snip1",-0.130998725214153
"Spsb1",-0.131032425207296
"Zfp709l1",-0.131140325605284
"Ces2e",-0.131263394007827
"Bend7",-0.131469730540766
"LOC100911860",-0.131646493779428
"Zfp276",-0.131761566768024
"Zfp51",-0.132456603135482
"Pard6g",-0.132893151714439
"Fkbp2",-0.133311300870649
"Pcdhb16l",-0.133805742179095
"Psma7",-0.134059317343182
"Fbxo4",-0.13427442463053
"Sgce",-0.134285307117767
"Denr",-0.13451758546049
"Hils1",-0.134732032715518
"Maip1",-0.134846648291382
"Kdm5b",-0.135489989090556
"Vps37b",-0.135705942536962
"Rnf139",-0.136066733710268
"Fnbp1l",-0.136087174987455
"Tcf3",-0.136144058887754
"Tm2d3",-0.13621983249428
"Ndufa11",-0.136315330685871
"Kif19",-0.136733282774171
"Ntn1",-0.137077317106939
"C8g",-0.137282800802369
"RGD1359127",-0.137849714822631
"Hhip",-0.138028404030599
"Arhgef39",-0.138126132478862
"Col13a1",-0.138440651602471
"Prlr",-0.138879393533511
"Zfp217",-0.138939810610998
"Dmac1",-0.139103521989516
"Zfp36l2",-0.139209190050287
"Foxp1",-0.139228231239221
"Pam",-0.139380850105469
"Tmem216",-0.139759336714727
"Cops7a",-0.14094123713018
"Cnot2",-0.141434215098336
"Dnase1l3",-0.141658164212888
"LOC681458",-0.142033690198483
"Prps1",-0.142283131908419
"Zfp773-ps1",-0.142494629160631
"Chst6",-0.142999793822287
"Pdzd3",-0.143995829383768
"Ipmk",-0.144145809732625
"Copz2",-0.144710363604759
"Sdsl",-0.14476850471033
"Dbt",-0.144950343899989
"Swi5l1",-0.145283220741248
"Dck",-0.145465207083382
"Pold1",-0.145470420433275
"Capn3",-0.145553867629978
"Adamts14",-0.145745462367107
"Gimap8",-0.145849574357622
"Ccnd2",-0.146616115421859
"Optn",-0.146862435712598
"Nanos3",-0.146876768041862
"Padi4",-0.147022495097535
"Ehf",-0.147305533549306
"Traf7",-0.148181481116613
"Hint3",-0.148397570277109
"Erc1",-0.149160570545057
"Grin2b",-0.149219756247562
"LOC361346",-0.149376436460388
"Cox4i1",-0.149794181388878
"Cstf2",-0.149902871987656
"Tmeff1",-0.149960108482404
"Tradd",-0.150244819178197
"Pex6",-0.150275540154888
"Tssk3",-0.150317589060957
"Morf4l1",-0.150410241422251
"Timm8b",-0.151024301501215
"Chrna3",-0.151959861764254
"RGD1564548",-0.152461827525058
"Rnft1",-0.152648576267143
"Pik3ip1",-0.153235276410003
"Ccdc200",-0.15353037449639
"Cwc22",-0.153530391864891
"Ntpcr",-0.153623467747509
"Ilf3",-0.153711102188491
"Csnk1g1",-0.153753617487323
"Pno1",-0.1538646641959
"Usp22",-0.153869321764704
"Nmnat3",-0.153915926787969
"Fam160b1",-0.15393203417665
"Ppp1r9b",-0.154041361019073
"Scart1",-0.154347126234052
"Il36b",-0.15463429145569
"Adam10",-0.154793004335114
"Nlk",-0.154861172596046
"Zc3h8",-0.155010513447675
"Shpk",-0.155215062824226
"Rnf215",-0.155220929278689
"Uba3",-0.15545864175288
"Hscb",-0.155675241830006
"Tmem141",-0.15585764325657
"Fam24a",-0.156028188992174
"Cnpy3",-0.156339604679356
"Ppm1k",-0.156877803291933
"Bnip1",-0.157254781270022
"Metap1d",-0.158092343919618
"Ciapin1",-0.158115037953021
"Doc2g",-0.158681686606307
"RGD1561149",-0.158743965231207
"Kat8",-0.158828141189213
"Cdk5rap3",-0.158866154724421
"Pex5l",-0.159264166755337
"Zfp385a",-0.159545316830483
"Urod",-0.159569649925041
"Wee1",-0.159720112860765
"Agps",-0.159815520144883
"Rxfp1",-0.160666068946486
"Cdiptos",-0.160776058966272
"Sftpa1",-0.161017423587721
"LOC102555183",-0.161177796673714
"Nacc2",-0.161227512082414
"Ifnk",-0.161727020064073
"Ldlrad4",-0.161875801809125
"Ccnt2",-0.161897862090421
"Sfxn2",-0.161928143135926
"Abt1",-0.161951499791842
"Tnfaip2",-0.162262753422628
"Psme2",-0.163015534869746
"Mif4gd",-0.163154273701353
"Bend5",-0.163425497936684
"Atp4a",-0.164150655427922
"Rab38",-0.164257729994758
"Mcm9",-0.164811719815889
"Spindoc",-0.164849506526511
"Wars2",-0.165833812935935
"Rnf167",-0.166030538046086
"Efhd1",-0.166078447015062
"Slc26a11",-0.166951313391905
"Ern2",-0.167013027196777
"Sdccag8",-0.167188710823523
"Slc5a11",-0.167378189165279
"Dtd2",-0.16743457115729
"Ankdd1a",-0.167750833754634
"Aldh9a1",-0.168080315160658
"Rgs9",-0.168258773901213
"Hs3st3b1",-0.168461548184649
"Smg5l1",-0.168462950016007
"Mc5r",-0.168596627917909
"Chst9",-0.168859500638092
"Tsen2",-0.16893370071156
"RGD1311517",-0.168993340753534
"Lrrc34",-0.169089495788873
"Fmo3",-0.16913590748095
"Slitrk2",-0.16913879732586
"Crip1",-0.169185370787908
"Cog7",-0.16938206679352
"Edc3",-0.16952900163684
"Rpp40",-0.169807174073351
"Atp13a4",-0.170011124821731
"Chmp3",-0.170374254657096
"Rbfox2",-0.170581449361561
"LOC102547897",-0.170790109949183
"Spata33",-0.170963162171796
"Telo2",-0.170973677040089
"Slc30a4",-0.17112574958097
"Rfc4",-0.171526860760091
"Gmppa",-0.17161874100166
"Zfp617",-0.172165332456398
"Gpr75",-0.172186387428636
"Med28",-0.172278502371553
"Lhfpl6",-0.172428554766056
"Mok",-0.172688099506897
"Mblac1",-0.172978162739691
"Rad23b",-0.173249716972633
"Mrpl28",-0.173527167867576
"Map7d3",-0.173723276578193
"Snw1",-0.173939066849537
"Ndufa4",-0.173995422099392
"Egflam",-0.174222676629613
"Rgs18",-0.175072009489116
"Ppfia4",-0.1757903143903
"Upk1b",-0.175944136092761
"Lypd8l1",-0.176205454541395
"L3mbtl3",-0.176390274543897
"Nxt2",-0.176597163386991
"Clba1",-0.176724087307182
"Zfp267",-0.17691922313187
"Celf5",-0.177326381519747
"Ppih",-0.177393849953605
"Cfd",-0.177464796194431
"Tspear",-0.177790450856682
"Wdr19",-0.177823984722824
"Ifit3",-0.177943916987363
"Colec11",-0.178531827241259
"Fancf",-0.178537182822188
"Hnf1a",-0.178855496352894
"Tmem165",-0.179036146419657
"Sox13",-0.179070020906098
"Stk16",-0.179670031352983
"Dcaf4",-0.179759164424221
"Hmgn2",-0.179799518428432
"Qtrt1",-0.180179663849482
"Efcab11",-0.18023249302193
"Ltbp3",-0.180697411794546
"Ythdc2",-0.180748388330309
"Higd1a",-0.181169859539507
"Cdc25a",-0.181361512556514
"Gga2",-0.181460650047941
"Ddx51",-0.181573790544803
"Yipf5",-0.181627820231736
"Trpc4",-0.182014825794937
"Klf16",-0.182371269924747
"Pafah1b2",-0.182675720205543
"LOC685619",-0.18295324590551
"Grm3",-0.183107488592437
"Tnnt2",-0.183217741284073
"Pibf1",-0.183269162879024
"Ccdc93",-0.183627705505453
"LOC100363116",-0.183643975854019
"Fam117b",-0.183664165408573
"LOC100912498",-0.18383641599234
"C1h16orf54",-0.184289561268242
"Tpsg1",-0.184345350963384
"Ltbr",-0.184745322160342
"Lars2",-0.184999916664418
"Dnal4",-0.185030034163226
"Fstl4",-0.185072841331131
"Ocrl",-0.185671878436196
"Syt14",-0.18617175396914
"Fam222b",-0.186558688663574
"Stk38l",-0.186671476603018
"Dph3",-0.186703444273099
"Ctbs",-0.186944454437006
"LOC689039",-0.187010129229774
"Hnrnph2",-0.187021825311942
"Lrrc41",-0.187258135304469
"Fbxl18",-0.187274591483924
"Golph3",-0.187351211611339
"Ndufaf8",-0.187746421365712
"Clu",-0.187783740025412
"Tbc1d20",-0.188081892752224
"Perm1",-0.188241072516681
"Snapin",-0.188600538004498
"Nt5c3a",-0.188691810285742
"Tmem242",-0.188975347370716
"Fam78a",-0.189015185331418
"Sugp1",-0.189210456105197
"Dnai2",-0.189434969963966
"Gjb6",-0.189755993677173
"Tgfbrap1",-0.190199359855628
"Cenpw",-0.190219339435474
"Arhgap27",-0.190377079177542
"Dhcr7",-0.190500465769575
"Insm2",-0.190608526645464
"Smtn",-0.190781430691989
"Dguok",-0.191119317562494
"Hacd4",-0.191170072254825
"RGD1562420",-0.191237268922643
"Kat2a",-0.191867176039597
"Appbp2",-0.192453045101228
"Pax3",-0.192632430699415
"Scgb1c1",-0.192652059343431
"Cap2",-0.192657535367874
"Carmil1",-0.192854202925851
"Npat",-0.192879759921249
"Ints4",-0.192963455455366
"Rpl10-ps14",-0.193411733696589
"Thoc5",-0.193503534706513
"Psma1",-0.193553724687181
"Cactin",-0.194012652271587
"Kdelr2",-0.194171350392749
"LOC100911319",-0.194586842411016
"Trim15",-0.194675687681519
"Rassf3",-0.194871021300639
"Snx21",-0.195259788335509
"Cept1",-0.195667779774772
"Ice2",-0.195674787345175
"LOC294154",-0.196091993455372
"Utp23",-0.196210178049431
"Ift74",-0.196314793826039
"Zfpm1",-0.19641062049885
"Ugcg",-0.196576286394147
"Edaradd",-0.196681610181568
"Helz",-0.197433435611827
"Nmnat1",-0.197905120221669
"Sf3b2",-0.198330362515562
"Cables1",-0.198370146205103
"Thy1",-0.198623912265415
"S100a1",-0.198625281027741
"Ccdc32",-0.19894651855134
"Zkscan5",-0.198947076329374
"Cdc42ep1",-0.199390334173645
"Chuk",-0.199816849026229
"Slit3",-0.200396406790535
"Psmb2",-0.200484152106777
"Gkap1",-0.200758611500592
"Arf2",-0.200837125489069
"Cd79b",-0.201163075016101
"Exosc6",-0.201232667509731
"Slc25a31",-0.201358996073487
"Cox15",-0.201405076614066
"Lama1",-0.201493867550296
"Dpcd",-0.201539380865051
"Chek2",-0.201560730340714
"Mrps23",-0.201655781843603
"Wdr78",-0.201755693531761
"Cxcl12",-0.202252447399433
"Nkiras2",-0.202298126400425
"Sumf1",-0.202351874422921
"Col6a1",-0.202353515043413
"Mrpl55",-0.20242407561365
"Nbeal1",-0.202595554848101
"Fam180a",-0.20300505240538
"Tdp2",-0.203122914104412
"Sdr39u1",-0.203545810870048
"Khdrbs3",-0.203780125928048
"Alas1",-0.203828557451583
"Rab2b",-0.20406233480757
"LOC103692166",-0.204067760179444
"Ms4a1",-0.204154384151445
"Cdc14a",-0.204217876557436
"Bbip1",-0.204341964337099
"Proz",-0.204354526002402
"LOC103694404",-0.204579252084669
"Prdm11",-0.204930034989686
"LOC100910996",-0.204981159154078
"Amacr",-0.204982553867676
"Dtwd1",-0.205079980108491
"LOC108348065",-0.205256724193778
"Casp1",-0.205510695442464
"Zmynd19",-0.205680566253477
"Abcg3l1",-0.205688271925292
"Lsm7",-0.205820631210352
"Dimt1",-0.205834450553737
"Angptl7",-0.205837512431139
"Hsd17b12",-0.206171606532667
"Mmp2",-0.206813190940429
"Cimap2",-0.206877001031012
"Tomm70",-0.206972543671299
"Atp6v0a2",-0.207262012684969
"Chsy1",-0.207443685741415
"St3gal3",-0.207514418008697
"Nphs2",-0.20753251933983
"Mavs",-0.207743712768082
"Ccnd1",-0.207849642145363
"LOC100125367",-0.208090399363126
"Card19",-0.208408237600758
"Fasn",-0.208613160437495
"Cntln",-0.208704824595219
"Tdrd1",-0.208925404248762
"U2surp",-0.208953667940265
"Fam117a",-0.209201789561788
"Prr7",-0.209448581943156
"RGD1311744",-0.209831323585006
"Prtg",-0.209954428817627
"Usp43",-0.210203417046519
"Bsdc1",-0.211031767812488
"Sin3a",-0.21112743517472
"Gng8",-0.211381903144025
"Fcnb",-0.211877250023548
"Cars",-0.212353439190836
"Oas3",-0.212389351918166
"Cacul1",-0.212432294080941
"Crls1",-0.213174289824322
"Etaa1",-0.213368119131598
"Upf2",-0.213463059909639
"Tmem208",-0.213480813037861
"Thbs2",-0.2136144305753
"Slc27a1",-0.214493897359808
"Kpnb1",-0.215195532618087
"Mtfr1l",-0.215415380040137
"Paip1",-0.215687222629817
"Prr19",-0.215732712210322
"Enoph1",-0.215913248397054
"Atp6v1c2",-0.216199454260062
"Svep1",-0.21624801307344
"Yae1",-0.216440599234083
"Cfap97",-0.216940672319005
"Cdc34",-0.216972790385298
"Pon1",-0.217723420594688
"Aldh2",-0.217941874062228
"Spats1",-0.21827387684433
"Saraf",-0.218424576853499
"Hddc2",-0.218647817179128
"Dync2h1",-0.219025113491052
"Strn3",-0.219300014759092
"Cryga",-0.219446196742655
"Phactr3",-0.219511228696287
"Tmem191c",-0.219545202582867
"Krt90",-0.219607910105491
"Gpatch1",-0.220136581392693
"Atp23",-0.220141860146403
"Nat8f3",-0.220535386573073
"Syt11",-0.220588597242539
"Spata31f3",-0.220989102719763
"Bod1l1",-0.221527041890473
"LOC103690164",-0.22248288028889
"Rab11fip2",-0.222639642481302
"Hey2",-0.222785578189731
"Mrps24",-0.222837740970033
"Slc30a10",-0.223083327359481
"Ncaph2",-0.223389795960151
"Pkd1l3",-0.223592421456607
"Myoc",-0.223787708884358
"Il1b",-0.223793498332266
"Aspn",-0.223816938023246
"LOC102550668",-0.224063299590476
"Bend3",-0.224199504400413
"Slfn13",-0.224293843838421
"Ptpmt1",-0.224324150983642
"Vipas39",-0.224354504795249
"LOC100911252",-0.224660661811948
"Ccdc150",-0.224757971822867
"LOC100911224",-0.224780806854581
"Lrsam1",-0.224952801663283
"Pold4",-0.225143815587181
"Rtl9",-0.225479856400464
"Naglt1",-0.225954556889706
"Foxc1",-0.226075360674608
"Rpp30",-0.226133067534026
"Cfap90",-0.226201074605341
"Fer1l6",-0.226272970836921
"Chrac1",-0.227326051842973
"Cyb5r1",-0.227749915367542
"Gbp6",-0.227765907253814
"Proser3",-0.228012425033998
"Gripap1",-0.228068145818424
"Asb6",-0.22825997721989
"Fopnl",-0.228436862268506
"LOC100911932",-0.228502439124525
"Tgfb3",-0.22888181948214
"Hipk2",-0.229365377494277
"Smoc2",-0.229611941648983
"Trabd",-0.229872224616303
"Fam169a",-0.230089470077746
"Elp5",-0.230488266650616
"Zmat2",-0.230535874956316
"Rtp4",-0.232026660560211
"Parg",-0.232034912528267
"Ppp2r2b",-0.232550063300642
"Nfkbid",-0.232708045972481
"Atg13",-0.232760307945693
"Ocel1",-0.232926864404957
"Psmc3ip",-0.234062978481213
"Mtmr9",-0.234185589074665
"Prune1",-0.234517678479094
"Relt",-0.234868619886783
"Zfp639",-0.235010540210819
"Hadh",-0.235372110914942
"Jag2",-0.236448664668042
"Lair1",-0.236542755035785
"Rhebl1",-0.236732232149834
"Wdhd1",-0.236903596668768
"Acot9",-0.237173192706861
"Luc7l",-0.23751254398969
"Rpl6",-0.237649206350424
"Nlgn3",-0.238456262425702
"Rbx1",-0.23853681868034
"Tsn",-0.238802528414774
"Inpp5k",-0.238840661163937
"Nubp1",-0.2390022576583
"Cdc37",-0.239059142141038
"Cspp1",-0.239095192373844
"Smim8",-0.239647403449373
"Dhodh",-0.239726282310843
"Cep350",-0.239788737652627
"Prdm8",-0.23996239831437
"Tcea2",-0.24022111877127
"Ccdc25",-0.240331343698472
"Rhobtb3",-0.2408094912453
"Styxl2",-0.240887809202098
"Stard10",-0.241313748816358
"Osgep",-0.241921441241015
"Kif26a",-0.241980682473941
"Slc15a4",-0.242665813810955
"Nup160",-0.242971622652908
"Rbmx",-0.243009123061255
"Tmem41b",-0.243531419591513
"Pla1a",-0.243866489872667
"Schip1",-0.244593244288332
"Noc2l",-0.24489222126158
"Mfap2",-0.245027361346771
"Arhgap21",-0.245311521356805
"Pcdha4",-0.245445326145498
"Tada1",-0.245532837358679
"Abcc12",-0.245837378060456
"Alkbh6",-0.245853765388857
"Ipo7",-0.245908216949642
"Tcaim",-0.245924139878792
"Nat14",-0.246092232106334
"Ggnbp1",-0.246341144977268
"Hacd2",-0.246416373617636
"Mtf1",-0.246634753614237
"Fbn1",-0.246816535111862
"Zfp687",-0.247813472707952
"Prep",-0.247954603511503
"Mat2a",-0.248365678263313
"Uimc1",-0.248593834897333
"Pdzd4",-0.248909819035715
"Ces2b",-0.248948780926462
"Inhbc",-0.249154777618912
"Chst8",-0.249313985017832
"Mesd",-0.249415460925031
"Trpm1",-0.249631450265433
"Srd5a2",-0.249643595974475
"Vps35l",-0.249666176852569
"Nfx1",-0.249990769964134
"Zzef1",-0.250038827601996
"Timm8a1",-0.250115589232132
"Mvb12b",-0.250158832662282
"Ufd1",-0.250285694590952
"Btbd7",-0.250437959693623
"Angptl2",-0.250481962753418
"Zfp641",-0.2504898100302
"Ubl5",-0.250640770552329
"Uggt1",-0.250731949019094
"Bckdha",-0.25093060069611
"Ppp3cc",-0.251111740779057
"Ska2l1",-0.251167189356724
"Lsm14a",-0.25121082427589
"Cox6a1",-0.251579928329331
"Ebna1bp2",-0.251849693779791
"Rps27l",-0.251928030985249
"Lsm12",-0.252009051236574
"LOC689959",-0.252274330103192
"Tbck",-0.252727771126242
"Mks1",-0.252952914769022
"Pcare",-0.253015961254888
"P3h1",-0.253156957878849
"Wdr64",-0.253522840511272
"Arhgap44",-0.253573348116866
"Pla2g4f",-0.253756149243032
"Ramp3",-0.253862909696708
"Rnf169",-0.254142449583446
"Hmgb4",-0.254280047449981
"Srp19",-0.254288012783578
"Sulf2",-0.254290155263274
"Snx12",-0.254416959759321
"LOC100910882",-0.254418058423419
"Gcn1",-0.254786945434513
"Ptpre",-0.254918572529722
"Sec31a",-0.254940014093588
"Cisd2",-0.255380500278379
"LOC100362339",-0.255648986789958
"Cercam",-0.255897723937071
"Pdzd9",-0.256308140970719
"Zfp428",-0.256568985117459
"Vps29",-0.256612923836075
"Timm22",-0.25679873450696
"RGD1561517",-0.256818066852235
"Kcnk5",-0.256925301317745
"Slc2a9",-0.25703102007636
"Brix1",-0.257146204131749
"Cdc40",-0.257231130807126
"Ttc38",-0.257409408723904
"Bivm",-0.257610594453605
"Actr1a",-0.257896150731484
"Samm50",-0.257974649641517
"Sfrp4",-0.257978708687272
"Yars1",-0.258162024410063
"Mall",-0.258194007612948
"C12H7orf61",-0.258209052037472
"Dnajc7",-0.258364773383496
"LOC365778",-0.258504880501613
"Tmem190",-0.25850525977673
"Grm8",-0.258663776706972
"Slit2",-0.258998251559587
"Tyw5",-0.25907240697141
"Yif1a",-0.259146148783316
"Lrrc4b",-0.259475304909344
"Zfp637",-0.25984361947578
"Pgam1",-0.25997275736693
"Emg1",-0.260003019392614
"Has3",-0.260183457881049
"Ddost",-0.260343899806972
"Dbil5",-0.260363068939802
"Cep85l",-0.260695366534188
"Pld6",-0.260699107182316
"Ddx59",-0.260706200708177
"Gpha2",-0.260806525093803
"Wdr5b",-0.260864430537235
"Isoc2b",-0.260892049117666
"F8a1",-0.261459605530813
"Papolg",-0.261615287496787
"Cotl1",-0.262006800715977
"Bola1",-0.262326144724668
"Lcat",-0.262442238738694
"RGD1566386",-0.262473632357301
"Ackr3",-0.262694779432709
"Cep70",-0.262720808755393
"Hdac5",-0.262760861456778
"Ccser1",-0.262918128572131
"Rapsn",-0.26295648111688
"Lamp2",-0.263063545886649
"Cnep1r1",-0.263081487577551
"Myct1",-0.263147807551383
"Ap2m1",-0.263157706304595
"Eps15l1",-0.263302608407272
"Tnfrsf4",-0.263469422218024
"Kbtbd6",-0.264039572058327
"Dusp8",-0.264145197402137
"Kcnmb1",-0.264156952551159
"LOC100910944",-0.26429381493786
"Ccdc62",-0.264533256368049
"Dipk2a",-0.264607521710195
"Sp110",-0.264865068464919
"Atxn3",-0.264904733181743
"Tfap4",-0.26508391268612
"Bclaf3",-0.265152305767031
"Akr1a1",-0.265373517621567
"Slc35a3",-0.265617842542951
"Adamts8",-0.266710017839242
"Mkrn2",-0.266719236014824
"Zfp956",-0.266951886120213
"Nt5dc1",-0.267094263387318
"Aldoa",-0.267177767611321
"Serpinb9",-0.267363116221286
"Gdpd4",-0.267446772642667
"Gca",-0.267795885314766
"Mob1b",-0.267917312315933
"Terb1",-0.26820666913627
"Fam110b",-0.268306743091284
"Fgd1",-0.268610908771867
"Slc25a26",-0.268703225995812
"Cmpk1",-0.268787967575209
"Nlrc5",-0.26908750684478
"Snx11",-0.269214793939116
"Icam2",-0.269538245081447
"RGD1307947",-0.269564863959769
"Parva",-0.269634250146947
"Heatr3",-0.270015254850698
"S100a9",-0.270146452859455
"Cops7b",-0.27046004637119
"Rab29",-0.270523522579213
"Urah",-0.270575176430791
"LOC103690038",-0.27079767740125
"Nup210l",-0.270890768654881
"Srfbp1",-0.271151098595302
"Cst6",-0.271307751230556
"Tedc2",-0.271592837840314
"Irf7",-0.271641236248361
"Prickle1",-0.272400358623043
"Uqcc1-ps1",-0.273278076338619
"Tmed2",-0.273662033630605
"Ppp1r3b",-0.273774874440983
"Lrfn4",-0.273840953403849
"Thoc1",-0.274052521433148
"Eif6",-0.274533004406927
"A4galt",-0.274694936092142
"Il1rapl1",-0.274787068680158
"Ksr1",-0.274926265992361
"LOC100361655",-0.274990044399888
"Phlda3",-0.275064837254032
"Galc",-0.275095146692061
"Sec31b",-0.275286229515607
"Ndufa7",-0.275951451724945
"Arih1",-0.276217954210942
"Cetn3",-0.276309420403352
"Tns1",-0.277155887172635
"Pebp1",-0.27721008484831
"Arl16",-0.277225194378535
"Rilp",-0.278306328191243
"Tmem253",-0.278573408089634
"Nckap5",-0.278650590590333
"Enox1",-0.278891399030326
"Lsm11",-0.279105166027165
"Gper1",-0.279148359404698
"Kpna6",-0.279641964248871
"Wnt11",-0.280071397317443
"Calu",-0.280370055558094
"Chrna2",-0.280396299934169
"Wbp11l1",-0.280611670868017
"Trmt10c",-0.280622902693049
"Pes1",-0.280633708772016
"LOC103692170",-0.280691664473534
"Pex11b",-0.280722649536391
"Slc10a3",-0.280827700434675
"Adi1",-0.281106940252244
"LOC103691238",-0.281413580300041
"Glyr1",-0.28164144082052
"Cd109",-0.281807834163267
"Glt1d1",-0.281950980773482
"Ccdc34",-0.282046325137263
"Gcsam",-0.28216894653505
"LOC102552527",-0.282211186097545
"Satl1",-0.282224303713843
"Pik3c2a",-0.282236059248658
"Clk3",-0.282312274225547
"C1h10orf143",-0.282325184574991
"Cep104",-0.282414701273592
"Pbx3",-0.282735070587667
"Kpna3",-0.282960210447864
"Zfp488",-0.282996526432814
"Mfge8",-0.283036910361048
"Thada",-0.283133079323135
"Nup85",-0.283180957581507
"Fut1",-0.283343372107637
"Cyp27a1",-0.283540622836812
"Tbx18",-0.283744548857692
"Btf3l4",-0.284184231432193
"Grk5",-0.284363516080014
"Mkrn3",-0.284513944396546
"Cpz",-0.284633365655308
"Vangl2",-0.284803048929931
"Mrpl12",-0.285191375246269
"Phgdh",-0.285267256503446
"Klf5",-0.285600907076848
"Cdk14",-0.285611248723422
"Tbc1d10a",-0.285720636262171
"Tent5a",-0.285834558786817
"Wdr54",-0.286250767018013
"Lrrc39",-0.286340554973894
"Kansl3",-0.286800421165838
"Mllt3",-0.286892886007143
"Ndst2",-0.287649200210549
"Dmap1",-0.288016868537731
"Jmjd6",-0.288035182200692
"Rnf216",-0.288249943068226
"Snap29",-0.28834328721213
"Zfp688",-0.288457222997368
"St7l",-0.289279981328849
"Cxcl14",-0.28928865900757
"Nkain2",-0.289332945587983
"Tmem65",-0.289723885572626
"Grin2d",-0.290071602214024
"Kiaa0040",-0.290256851664187
"Pmm2",-0.290465360819785
"Zcchc9",-0.290934832475469
"Polk",-0.291193699741926
"Prdm10",-0.291218829823251
"Wnt9a",-0.291568771998153
"Thap2",-0.291820324173836
"Ccdc6",-0.292191989481472
"LOC100910838",-0.29227602962171
"Tmprss13",-0.292658640582239
"Mdk",-0.292742439733118
"Tcf20",-0.293172831405652
"St8sia6",-0.293335898610999
"Fam210a",-0.293462746251071
"Ska2",-0.293707254664154
"Slc47a2",-0.293860380861713
"Bud31",-0.293894078069964
"LOC103692169",-0.293997417899027
"Fbxl15",-0.294009068178617
"LOC306766",-0.294380993824844
"Kel",-0.29468304143883
"Pdrg1",-0.294898858431178
"Rassf5",-0.295138157833318
"Zfp949",-0.295242919670601
"Zfp385d",-0.295300522102825
"Pcdhb14",-0.295303003293142
"Thumpd3",-0.295468753911626
"LOC102552166",-0.295653697678678
"Brca2",-0.295898936743313
"Entpd8",-0.296247973305688
"Kcnd3",-0.296386233515149
"Il12a",-0.296579880691763
"Agbl2",-0.296614923779961
"Abitram",-0.297194469011736
"Akirin2",-0.297241812845872
"Dgkd",-0.297252822395897
"Dffa",-0.297511389247641
"Dagla",-0.297612993256939
"Pym1",-0.297767998819021
"Kbtbd11",-0.298891721739982
"Tgif1",-0.298996508469474
"Rims3",-0.299141113614926
"Tyms",-0.299590744301227
"Snrnp200",-0.299698951026294
"Prg3",-0.299791098346018
"Arsk",-0.299870847434206
"Npc1l1",-0.29993175197482
"Grap",-0.300296704754284
"Esam",-0.300437283481479
"Penk",-0.300681638581905
"Wnt6",-0.30079453834839
"Dzip1l",-0.300796274611313
"Il7",-0.300951351234639
"Cxxc5",-0.301216207641162
"Them5",-0.301450113912435
"Acyp1",-0.301693198787279
"Gpr61",-0.301884648074827
"Bloc1s3",-0.301930385449086
"Fgf14",-0.302064455608614
"RGD1561143",-0.302143025116797
"Catspere",-0.302567964084136
"Mycn",-0.302569705732201
"Fhl2",-0.302887861790994
"Tigd2",-0.30301999796343
"Acap1",-0.303036172284184
"Zfyve1",-0.303148781929637
"Vcam1",-0.303368013925463
"Hspbp1",-0.303945237041249
"Sec1",-0.30429986589896
"Lrtomt",-0.304521287678194
"Nwd2",-0.304709229972131
"Smpd4",-0.304942033624873
"Npepl1",-0.305003085955448
"Naalad2",-0.305634543712393
"S100a16",-0.305947867270561
"Dynll1",-0.3060556546196
"Klhl13",-0.306449207093935
"Creg1",-0.306530515304758
"Ebp",-0.306647490052143
"Or52b2",-0.30709554707745
"Mas1",-0.307102886864742
"Mcfd2",-0.307200818178976
"Abcg4",-0.307291291338972
"Pcyox1l",-0.30774584488383
"Ctsg",-0.307749253020614
"Napg",-0.307796725216502
"Tjap1",-0.307992020499798
"LOC100911847",-0.308609923831479
"Pdk1",-0.308699290947752
"Tpr",-0.308814823904371
"Eif4g2",-0.309266270564983
"Dpf3",-0.309438617555023
"Ccnyl1",-0.309450387671112
"Cntrob",-0.310182789324456
"LOC108348294",-0.311009791826153
"Gpr176",-0.311195836794095
"Hpx",-0.311271237189268
"Plcb4",-0.311475834377295
"Tsku",-0.31183136720113
"Dolpp1",-0.312611386412678
"Cinp",-0.312659559645216
"Pptc7",-0.312792707495331
"Lum",-0.313092348100143
"Brwd1",-0.313108541345775
"Srrm3",-0.313875392713649
"Hmgb1",-0.314091226641677
"Xrcc6",-0.314192415063468
"LOC103694328",-0.31428764283107
"Zc3h10",-0.314775961306311
"Zfp472",-0.314999737231048
"Ddit4l2",-0.315062780116939
"Smim29",-0.315319734136122
"Ms4a14",-0.315534048293954
"Malsu1",-0.315702041563839
"LOC100294508",-0.315855984065755
"Coq3",-0.315879137244426
"Rasgrf1",-0.315882295449841
"Cpsf6",-0.316060656661215
"Tbl1xr1",-0.316088080206
"Chtopl1",-0.316134975360088
"Pik3ap1",-0.31645682752486
"Ccdc78",-0.31661954244528
"Vps18",-0.316862511935684
"Thoc7",-0.3175465686617
"Tbc1d9",-0.317568273555554
"Ccdc181",-0.317679327994561
"Syvn1",-0.317713840405862
"Htra4",-0.317742613217914
"Dynlrb2",-0.317846969623517
"Lsg1",-0.317890334763847
"Lrrn4",-0.318252024931399
"Desi1",-0.318580505477983
"LOC499331",-0.318592097943896
"Chka",-0.320164662453281
"Dusp15",-0.320311398044521
"Edc4",-0.320446393143685
"Pex5",-0.320664977217162
"Rapgef1",-0.320884642813402
"Rnf34",-0.321118919370012
"Acsf3",-0.321131774187531
"Naa50",-0.321324988083847
"Esd",-0.321650961702182
"LOC103690007",-0.322035642459257
"LOC120101231",-0.322659764211428
"Coprs",-0.322688786636918
"Tm4sf20",-0.322740234485688
"Rfx3",-0.323164913252315
"Jade1",-0.323368783529851
"Nek3",-0.323724093807087
"Il17re",-0.323873586480508
"Chst4",-0.32390800251324
"Dpy30",-0.324033005256144
"Smim19",-0.324124454056083
"Gsdmd",-0.324210887814799
"Zc3h12a",-0.324242061546195
"Ptges3",-0.324274630613806
"Slc22a3",-0.324915184688806
"Spata9",-0.324962201896797
"Ddx49",-0.325191147266294
"RragB",-0.325215816970153
"Cfap263",-0.325294374347933
"B3gat3",-0.325441036537145
"Izumo4",-0.325940138845954
"Gad1",-0.326144887555566
"Lgr4",-0.326336918735766
"LOC102554315",-0.326417934621698
"Mff",-0.326654570214982
"Nt5c1a",-0.326858026410935
"Phf24",-0.32706222165199
"Atf2",-0.327172666776624
"Oxnad1",-0.327224538816258
"Pitx3",-0.327240034887397
"Scaf8",-0.327360702199001
"Eif2b4",-0.327726962468539
"Gask1a",-0.327954482904923
"Gchfr",-0.328078283561187
"Cmc2",-0.328206363194453
"LOC690035",-0.328813502634031
"Plcl2",-0.329350374909887
"Dus1l",-0.32935260281711
"Med24",-0.329463009476878
"Cobll1",-0.329564984898958
"Samd13",-0.3295932942588
"Nos3",-0.329825005985439
"Lyrm9",-0.330339009091908
"Fbxo39",-0.330413616226942
"C2cd4a",-0.330441656031659
"Itfg1",-0.331141274817593
"Igsf1",-0.331164444084494
"Psmb1",-0.331264015171851
"Txnrd3",-0.331363932508373
"Homez",-0.331376580610548
"Tinf2",-0.33139707065954
"Mst1",-0.332187992369857
"Adipoq",-0.332419943926167
"Armc5",-0.332808179495021
"Ccdc191",-0.332993438068701
"Sap130",-0.333000237862356
"Ppm1d",-0.333411255965415
"Ranbp9",-0.333642616156212
"Wdr31",-0.333917091597792
"Gnpda2",-0.334181542752027
"Uqcc3",-0.334333347305118
"Bhlha9",-0.334552947418515
"Plekhh3",-0.334668226568491
"Pln",-0.334802784331379
"Acan",-0.334955671553008
"Slc44a2",-0.335368988826634
"LOC108348122",-0.335572202324849
"RGD1359508",-0.335773250641519
"C1r",-0.335837214506731
"Pxylp1",-0.336053630960321
"Slc4a7",-0.336060123521553
"Zkscan4",-0.33613985305519
"Gnaz",-0.336896197037562
"LOC108348161",-0.33763811727364
"RGD1566138",-0.337808840293291
"Rrp1b",-0.338436929622133
"Sdc3",-0.338755589040143
"LOC100911615",-0.338771405171253
"Smap1",-0.339006475849313
"Cst12",-0.339253443787377
"Wdfy1",-0.339283509428801
"Recql4",-0.339388228331874
"Rnf14",-0.339733533083877
"Ankrd16",-0.339762217375482
"Fuca1",-0.339835098728976
"Mta2",-0.340296776347962
"Lrrc45",-0.340299782845946
"Qrich1",-0.340468663878538
"Elp6",-0.340492003718052
"Zfp318",-0.340764034168136
"Tmub2",-0.340772119257463
"Hoxa11",-0.340981535954384
"Rnf13",-0.341111844345556
"Tmco4",-0.341129942161648
"Adck5",-0.341943599577503
"Acot7",-0.342214527176642
"Mtrr",-0.342520045217086
"Rspry1",-0.34278954979155
"Prima1",-0.342944962021195
"Calhm4",-0.343357666182894
"E4f1",-0.343535037436196
"Nalcn",-0.34362544859599
"Pex7",-0.343675606113172
"Prex1",-0.34377585775419
"Id1",-0.344086690923681
"Mybbp1a",-0.344318534146631
"Myoz2",-0.344441706223247
"Epha4",-0.344519030710583
"Emc1",-0.344731933361461
"Mlxip",-0.344889423506665
"LOC100909657",-0.345384739426022
"Rida",-0.345581320421606
"Ambra1",-0.345671008518347
"Dctn3",-0.345715494705618
"Hsd17b1",-0.345726085517466
"Shb",-0.34573794410726
"RGD1560883",-0.345793924086799
"Vom2r60",-0.346281749816904
"Aard",-0.346522278047728
"Pcyox1",-0.347048415230958
"Ptpa",-0.347642053562853
"LOC300308",-0.347772902730467
"Pomgnt1",-0.348405899576211
"Slc35a4",-0.348817402631652
"Lins1",-0.348997831925025
"Fut8",-0.349124773552966
"Zbtb46",-0.349434879334239
"Slain1",-0.350020549499007
"LOC103692171",-0.35014691951651
"Macroh2a2",-0.350227957916847
"Kcnk7",-0.350233055361931
"Cenpe",-0.35034939409811
"Gan",-0.350548396561034
"Anxa9",-0.350748710924866
"Lcmt1",-0.3507929501878
"LOC688649",-0.351152315218501
"Xrcc5",-0.351413380865377
"Col4a6",-0.35150547055124
"Ggnbp2",-0.351685045046071
"Kin",-0.351951824965616
"Vom1r88",-0.352206172609628
"Tpst2",-0.352737497072966
"Spmap2l",-0.353151098313688
"Rps6kl1",-0.353308550412155
"Meox2",-0.353318814107764
"Nfu1",-0.353454995716901
"Trub1",-0.353739971775624
"Slc25a43",-0.353896437303074
"Iapp",-0.354660589551137
"Cdkn2aipnl",-0.354844791152603
"Phf13",-0.354938599500046
"P2ry12",-0.354963838542867
"Lrrc74b",-0.35521761542324
"Gpr26",-0.355478009139042
"Orc6",-0.355685633671273
"Bcl7b",-0.356159284077789
"Krt27",-0.356425158899641
"Plaat3",-0.356492654537838
"Oaz1",-0.356526924385004
"Dnah11",-0.356550642299877
"Cyyr1",-0.357081133341383
"Slc15a2",-0.357637560971451
"Nfatc3",-0.357839900636621
"Etfdh",-0.357896922062332
"LOC103693323",-0.357906498896143
"Trim8",-0.358075191251529
"Notch4",-0.358200981235735
"Prrt4",-0.358512913864443
"Prpsap1",-0.358734017401391
"Runx3",-0.358976539669679
"Dcaf7",-0.358995026185484
"Pex11a",-0.359001047406361
"Gfpt2",-0.359358916001495
"Marveld1",-0.359587075351903
"Clip1",-0.360254545264114
"Rcn1",-0.360549932320876
"Tial1",-0.361168451675465
"Nr1i3",-0.361211134231558
"Tbxt",-0.361218400016061
"Mmd2",-0.361304533765007
"Nup133",-0.361464167997933
"Gid4",-0.361539253190938
"Sorbs3",-0.361642059612729
"Meak7",-0.3617648366825
"Etf1",-0.361786902130501
"Actl10",-0.362323119791567
"Col4a3",-0.363018438761855
"Birc7",-0.36307920648935
"Traf1",-0.363180763358904
"Nudt9",-0.363786762588978
"Ccdc24",-0.363855132172371
"Alas2",-0.364133507666179
"Rab1a",-0.36415191069397
"Pi4k2a",-0.364287585708344
"Slc8a2",-0.364299341917698
"Btnl10",-0.364461440909936
"Tmem183a",-0.364677770028908
"Tcta",-0.365538413850111
"Serpinb6a",-0.365662117300425
"Slc7a11",-0.36605227692015
"Acad10",-0.366087024983328
"Asic4",-0.366218928403025
"Fam227a",-0.366949170013708
"Slc12a4",-0.367113479350136
"Aanat",-0.36735209781187
"Kctd20",-0.367669918598117
"Wdr82",-0.368015990746644
"LOC100910577",-0.368099374421073
"Dclre1b",-0.368378135643735
"Spag5",-0.368484142460946
"Eef1d",-0.368514371278735
"Casp8ap2",-0.368705120023865
"RGD1304624",-0.369408779307381
"Efnb1",-0.369728318229459
"Xrra1",-0.37021671017259
"Ccm2l",-0.370334101209524
"Dnajc28",-0.370345785842512
"Cenpv",-0.370970548253916
"Pla2g3",-0.371346096039227
"Ercc6",-0.371429057675994
"P2ry2",-0.371815342268783
"Snupn",-0.372046126431807
"Ly6h",-0.372095805661815
"Rnps1",-0.372362400356201
"Ppif",-0.372457998440904
"Tbc1d7",-0.372636941854512
"Fam114a1l1",-0.372723628736366
"Card10",-0.372780953351723
"Cry2",-0.372990653854269
"Parp12",-0.373722818510639
"Mpdu1",-0.373825758552823
"LOC100912481",-0.374023000851031
"Rasgrp1",-0.374476665703401
"Vti1b",-0.374483528040035
"Pde5a",-0.374577368305322
"Pygo1",-0.374589473813621
"Kif2a",-0.374707601487339
"Dbr1",-0.374827282450216
"Eci1",-0.375607737419336
"Ces2",-0.375628805219627
"Sstr2",-0.376153308886279
"LOC108348320",-0.376485805017479
"Tmem220",-0.376715072628152
"Fermt1",-0.376720954461499
"Riok1",-0.376884835066451
"Impa1",-0.377123648617058
"Arih2",-0.377227757992993
"Tnc",-0.377312756942282
"Ctr9",-0.377336403716806
"Oxld1",-0.377626536826629
"Zfp964",-0.377712591793237
"Cc2d2a",-0.378533393859696
"Nap1l1",-0.378926823621087
"Mbp",-0.379223138279827
"Slc31a1",-0.379248718406097
"Nacc1",-0.379633161613364
"Rpl27a",-0.379658249838221
"Foxj3",-0.379759149162709
"Pef1",-0.379925668382331
"Capza2",-0.38012284773061
"Polr1b",-0.380269381639215
"Cav2",-0.380327152110961
"Cyp4v3",-0.380695969872633
"Rhot2",-0.380723707047382
"Six5",-0.380752506185236
"Llph",-0.38081724840859
"Cnih1",-0.381106708335271
"Ube2d4",-0.381145303148296
"Tlcd1",-0.381422099463776
"Aamdc",-0.381837214296404
"Dok3",-0.381959719612089
"Pnrc1",-0.382028745567239
"Cep295nl",-0.382617207228653
"Plekhj1",-0.383067209558469
"Fbxl21",-0.383290563332642
"LOC681282",-0.383449056581376
"Coa5",-0.383637220252333
"Coa7",-0.383639074072313
"Krit1",-0.383790139652117
"Ehd2",-0.383982145401561
"Psip1",-0.383997657659507
"Adipor1",-0.384251082476809
"Slc25a21",-0.384327070024189
"Ccdc137",-0.384478744600445
"Pyroxd1",-0.385405863371209
"Shoc2",-0.38570930474303
"Bex2",-0.385841294417035
"Kcne4",-0.385964829498621
"Ncr3",-0.3862784337218
"Padi2",-0.386585252888481
"Tmem59l",-0.386600882170686
"Snx2",-0.387183484187245
"LOC103690114",-0.387560566987705
"Trmt5",-0.387756827786511
"Zfp770",-0.38811744217226
"Patl1",-0.3881258871792
"Commd8",-0.388224181259443
"B3galnt2",-0.388327158142482
"Nhlh2",-0.388628530359862
"Ltbp4",-0.38870152472423
"Rad17",-0.388860299777464
"Etfb",-0.389327882411243
"LOC100359687",-0.389588511837565
"Gpx1",-0.389848522218583
"Sp100",-0.389909201795913
"Mrnip",-0.39055726855486
"Mybl1",-0.390558107496834
"Map7",-0.391015309279028
"Zbtb4",-0.391357171225262
"Tom1l1",-0.391432682996448
"Mrpl41",-0.392091575366015
"Dph5",-0.392103803275364
"Tmx4",-0.39226256687267
"Ncbp1",-0.392327039149433
"Efna4",-0.392730218920445
"Abcc6",-0.392778245226677
"Nhej1",-0.392911456468652
"Cdh24",-0.392929471200602
"Fscn2",-0.393240372880321
"Txndc16",-0.393542971308547
"Nup98",-0.393662737891106
"Grk4",-0.393680780654366
"Emilin1",-0.393738796547469
"Ppp1r14d",-0.393757963270036
"Cdk5rap1",-0.394222301925644
"Ube2d2",-0.394255609668624
"Birc6",-0.395023169832377
"Ccny",-0.395233454051649
"Meis1",-0.395324269277193
"Dennd6b",-0.395645789635993
"Use1",-0.395676669699253
"Itfg2",-0.396695189687204
"Atp11b",-0.396707936541008
"Colq",-0.396747444866968
"Col12a1",-0.397156701836253
"Tmem212",-0.397468763428044
"Slirp",-0.397565225917209
"Jtb",-0.398030527537779
"Mafg",-0.398055216090593
"Cyb5d1",-0.398266414103356
"Gmnn",-0.398289974030669
"Arhgef3",-0.398332655153726
"Lat",-0.398669984942571
"Naa40",-0.399040866319975
"Pfpl",-0.399221313431141
"Sdhaf2",-0.400015034610685
"Twnk",-0.400076803802004
"Slc8a1",-0.400169501793965
"Gpalpp1",-0.400630346504362
"Tns2",-0.400671353513873
"Smo",-0.400884143462999
"Slc36a2",-0.400918444455097
"Spcs2",-0.401014705014825
"Syt1",-0.401069475126151
"Zim1",-0.401699927908958
"Wbp11",-0.401746726706288
"Arl15",-0.401759684682
"Ethe1",-0.402203612401479
"Ttc5",-0.402331324744099
"Wdr25",-0.402551975749602
"Sdhaf3",-0.40260318811473
"Prnd",-0.402649350329945
"Nhlh1",-0.402800275316728
"Crip2l2",-0.402849653882445
"Ttc23",-0.402872427106878
"Msl3",-0.403119249678683
"Hoxa4",-0.403248610755747
"Aasdhppt",-0.403543323087335
"Cnnm2",-0.403965063334126
"Selenos",-0.403998246407471
"Cdh13",-0.40469556903032
"Cycs",-0.404905871296394
"Xpo1",-0.404928781488374
"Mindy1",-0.405470225593299
"Serpinb8",-0.405475313758485
"Mitf",-0.406166450061308
"Tpd52l2",-0.406307227593466
"NEWGENE_6497122",-0.407157290962282
"Adsl",-0.407213669229494
"LOC100911440",-0.407253984773955
"Uqcrq",-0.407542449106948
"Zfp668",-0.407923354194182
"Rufy1",-0.408282022271894
"Fnip2",-0.40848716241517
"Adgra3",-0.408680185587401
"Mterf1",-0.408756350636505
"Phf11",-0.408808786581353
"Klhl26",-0.408838713696764
"Adgre4",-0.408946484072894
"Cygb",-0.408956624677783
"Mfng",-0.409063982820804
"Mnat1",-0.409270424358732
"Zup1",-0.409326054752807
"Nmt1",-0.410300509555956
"Dnaaf11",-0.41033653858299
"Fam156b",-0.410802993816472
"Sumo1",-0.41120701372534
"Rmdn1",-0.411226656121426
"LOC304725",-0.411328971836225
"Col6a4",-0.41145518465279
"Slc30a5",-0.411777021521945
"Ddx3x",-0.411806186995547
"Nacad",-0.412026900126827
"Rab6a",-0.412063980158515
"RGD1563072",-0.412594801504475
"LOC100362027",-0.412596432061256
"Atad1",-0.412739101962415
"Leng9",-0.412911174887131
"Ankh",-0.41304958262016
"Ctxn2",-0.413157324283657
"Tmem97",-0.413852868075471
"Gsta1",-0.413868140879875
"Tars2",-0.414160468249233
"Adam9",-0.414499888739383
"Rcc1l",-0.414758508326744
"Alg11",-0.415076760242101
"Pgap3",-0.415786273750064
"T2",-0.415829866748775
"Tnrc6c",-0.415974718390324
"Fmnl1",-0.41641465896903
"Acaa1a",-0.416675081248195
"Fam221a",-0.4167384468692
"Rhoj",-0.416849929479382
"Kif13b",-0.416887428043311
"Ltv1",-0.417164328797769
"Avpi1",-0.417510072266232
"Inhba",-0.417529212052625
"Epb42",-0.417552258651896
"Depdc7",-0.417743294274426
"Rmnd5a",-0.417757901430751
"Commd5",-0.418055943077246
"Ripor3",-0.418466488000482
"Cdk11b",-0.418999984065931
"Mpzl2",-0.41909304100378
"Klhdc10",-0.419096613527192
"Hp1bp3",-0.419184456753908
"Hars2",-0.419442553046383
"Vps53",-0.419683276835547
"Cebpb",-0.419715383091898
"St8sia1",-0.41972203569109
"Traf3ip2",-0.419759426156393
"L3mbtl2",-0.420009207403034
"Serpine2",-0.420122744448408
"LOC100909840",-0.420246397647852
"Kdm5a",-0.420570525473852
"Kbtbd2",-0.420978548630402
"LOC102555217",-0.421685266657979
"Slco2b1",-0.42216381344238
"Bend6",-0.422233587187246
"Krt87",-0.422281390818827
"Mttp",-0.422536528329064
"Gpr63",-0.422803154590532
"Zfp174",-0.422867218011761
"Fam111a",-0.423271821494589
"Prmt8",-0.423689822098526
"Oaz2",-0.423714324989799
"Prodh1",-0.424173163273887
"Acss1",-0.424385402480625
"Ptges3l",-0.424432408660474
"Fndc3a",-0.424573072197209
"Slc26a1",-0.424627727265131
"Casp12",-0.425139695331424
"Clic3",-0.425240656316246
"Mrps27",-0.425306155624586
"Tmem199",-0.425345975108493
"RGD1563667",-0.425891294764456
"Abo",-0.426420693170791
"Adam7",-0.426432970593406
"Ubc",-0.426471619093209
"Fbxo15",-0.426659131831368
"Gamt",-0.426756425936821
"Eqtn",-0.426810165880763
"Fam155b",-0.427257109928169
"Acp1l1",-0.427360361778312
"Phkg2",-0.427488219588624
"Ppp4r2",-0.42753425958572
"Cxcl10",-0.427693742903532
"Serpinh1",-0.427714960981174
"Kat14",-0.427988251117917
"Hmg20b",-0.428333429963705
"Itm2a",-0.428492088268596
"Cbfa2t3",-0.429408118033948
"Cyp4f18",-0.429412230129048
"Lipt1",-0.429909402686451
"Ephx3",-0.430016957588329
"Uhrf1bp1",-0.430205583425137
"Ebpl",-0.430425057792818
"Slc36a1",-0.431269628340421
"Fzd3",-0.431321707232486
"Cdc42bpb",-0.431326841884328
"Arhgef7",-0.431600445383916
"Rpain",-0.431798256060989
"2010106E10Rikl",-0.431935823409453
"Zzz3",-0.431938597586926
"Igfbp3",-0.431985861799709
"Hand1",-0.432546015274287
"Sall2",-0.432625960588828
"RGD1564804",-0.432633890399341
"Xcr1",-0.432852454600385
"Gpat2",-0.432862821581796
"Eif4ebp3",-0.433030053285812
"Hilpda",-0.433088293046798
"Sbds",-0.433540534774685
"Ino80b",-0.433610477553783
"Cplx1",-0.434394729289576
"LOC100912566",-0.434481941091032
"Atxn2",-0.435069534536099
"Cyb561d2",-0.435247695379228
"Isg15",-0.435282946812108
"Rbm18",-0.435299464172444
"Pfdn1",-0.435476936764863
"Abcb10",-0.435986205105491
"Amz1",-0.436103362265912
"Pigy",-0.436536781581728
"Eda2r",-0.436657948204728
"Vsig4",-0.436750007946296
"Stx4",-0.436850844534002
"Acsm3",-0.437390893204213
"Mindy2",-0.438207032165193
"Sphk1",-0.438552453112214
"As3mt",-0.438586343517844
"Zmym6",-0.43869265330767
"Pate4",-0.438715056537756
"Arhgef1",-0.438875597289228
"Kcna5",-0.438929860569571
"Cct2",-0.438958234027345
"Lin37",-0.439100878840205
"Psmf1",-0.439183478581627
"Lhx9",-0.439194273080457
"Prr35",-0.43941221247162
"Svbp",-0.439560044830245
"Idh3a",-0.439823599761964
"Cfap69",-0.439977644382412
"Gmds",-0.44001958681639
"Ccn2",-0.440353735683802
"Nkd2",-0.440886969319798
"Plk5",-0.441017674922216
"Smyd4",-0.441316166059535
"Adamtsl3",-0.441398076761467
"Prkca",-0.441471117308982
"Tal1",-0.441793466372684
"Kif1a",-0.441928270373086
"Rpl37a",-0.442318183383683
"Arhgap42",-0.442456699139996
"Ipcef1",-0.442572183118598
"Siglec10",-0.442621092783474
"Eya2",-0.443049743844719
"Scaf4",-0.443785853387461
"Mtx3",-0.443940968024323
"LOC100909878",-0.444262006335635
"Tssc4",-0.444390866261672
"Tomm40l",-0.444508130596445
"Nsun6",-0.444620015585841
"Bax",-0.445645569154604
"Psmc3",-0.445660003532589
"Krt12",-0.44576201354015
"Mfsd5",-0.446027994697941
"Fmr1",-0.446440448270449
"Ttyh2",-0.446486632862604
"Cytl1",-0.446528954898586
"Ash2l",-0.446792725073406
"Tnfrsf14",-0.447130116973606
"Fam189a1",-0.447356427975454
"Kcnj5",-0.447425857261972
"Tmem158",-0.447577889696121
"Ankef1",-0.447856190149681
"Rcc1",-0.447997321148993
"Adrb2",-0.448000986023931
"Cox17",-0.448009271002501
"Nme1",-0.448243348361296
"Eif3d",-0.448245554643434
"Gja10",-0.448416945174849
"Mrpl36",-0.448469618598826
"Zglp1",-0.44859092567037
"Rnf182",-0.449433991207541
"Cc2d1b",-0.44948070331862
"Vamp8",-0.449748106449429
"Pcsk6",-0.449845895627074
"Reps1",-0.449851621871912
"Apln",-0.450061296534276
"Plpbp",-0.450082650346393
"Marchf7",-0.450275975996867
"Ppp2r1a",-0.450369807549858
"Ptcd1",-0.450678677408956
"Sufu",-0.450785103126289
"Ralgapb",-0.450953080017063
"Fam91a1",-0.451267991595022
"Spc24",-0.451269635850349
"Fbxo31",-0.451403089649266
"Nap1l6",-0.451419509221202
"Fam168b",-0.45157127454106
"Tlk2",-0.451681409099585
"Map3k7cl",-0.451795973096997
"Pc",-0.45208128177591
"Crot",-0.452258123582856
"Tcerg1l",-0.45228779355761
"LOC100910483",-0.452372130319847
"Gemin2",-0.452584778129472
"Umps",-0.453424159553234
"Mbd2",-0.4537795800198
"Inpp4b",-0.453829812003129
"Ift80",-0.453885440162508
"LOC100912034",-0.454196367443737
"LOC103692173",-0.454259322410524
"Mink1",-0.454488459425267
"Prr16",-0.454815939203789
"LOC686087",-0.455057022073403
"Ssbp1",-0.455532843093357
"Mettl22",-0.45568896666155
"Slc13a5",-0.455730364316963
"Pip4p2",-0.456022756452189
"Clcc1",-0.456032056823128
"Itpkb",-0.456114000355395
"Inpp5f",-0.456495722090948
"mrpl9",-0.456558832873512
"Tbc1d23",-0.456833264327564
"Cacng3",-0.457006772414963
"Atp8b1",-0.45736635764819
"Stxbp3",-0.457448959635319
"Bean1",-0.457749716460437
"Dctn5",-0.457904399517908
"Ppp3cb",-0.457906268432051
"Arhgef19",-0.458081021936745
"Sirt4",-0.458343081828054
"Celsr1",-0.458553724143679
"Iqck",-0.45856403158397
"Smc2",-0.458641154918227
"Hsdl2",-0.458815154135469
"Wdr83",-0.459012703031286
"LOC102552988",-0.459134579185339
"Tas1r3",-0.459386043400061
"Nfatc2ip",-0.459391822821496
"Dnpep",-0.459427541092279
"Pla2r1",-0.459992433299206
"Slc4a11",-0.460740533269028
"Ppp2cb",-0.461174431326702
"Fcho2",-0.461731754800039
"Calhm5",-0.461956864954485
"Chmp4bl1",-0.46227234271515
"Sass6",-0.462384324782915
"Adamtsl4",-0.462785849453928
"Cav1",-0.462998921818653
"Mterf2",-0.46300487222115
"Msantd3",-0.463962665221329
"Erg28",-0.46409646569744
"Sh3glb2",-0.464828349921642
"Artn",-0.464864704973961
"Serp2",-0.464922313026064
"Asb14",-0.465137115985833
"Kcmf1",-0.465278446501654
"Tbrg4",-0.465933368419179
"Snn",-0.466010340538956
"Stt3b",-0.466093716659626
"Pcdh8",-0.466434932962432
"Jaml",-0.466649376430567
"Lrrc9",-0.466926025833406
"Gnb4",-0.467182099101853
"Mettl14",-0.467275143892191
"Fam3c",-0.467441038231174
"Nr1i2",-0.467619991732738
"Cdca4",-0.468052067077771
"Hrh2",-0.468053611913591
"Sowahc",-0.468297036911797
"Zswim9",-0.468340989075959
"Ndufv2",-0.46847707243809
"Adcy9",-0.468761841731906
"Mto1",-0.469221432478404
"Ugt3a1",-0.469541448614543
"Arhgef11",-0.469593787784785
"Slbp",-0.469704391774524
"Tubd1",-0.470453525881117
"Apip",-0.470651182433145
"Ugp2",-0.470817791635549
"Rasgrp2",-0.471118239509732
"Trim25",-0.471417360946521
"Zfp266",-0.471991338728499
"Pcsk4",-0.472139300412594
"Fam98c",-0.472337146266465
"Grk2",-0.472708081663925
"Arid4a",-0.472750020792847
"Dars",-0.473134971274567
"Notum",-0.473207195931601
"Rab3il1",-0.473217038102804
"Wrap53",-0.473332113105586
"Gtf2e1",-0.473341913950976
"Fiz1",-0.473467679659683
"Pgk1l1",-0.473670090422334
"Hmgn1",-0.473961473434059
"Exosc8",-0.474172158485038
"Snapc4",-0.474527067415653
"Mtif3",-0.474620453588474
"Nop58",-0.475224152604391
"Spata2",-0.475379744491643
"Tmem161b",-0.475453347232136
"L3hypdh",-0.477079920970743
"Rgs4",-0.477509033658104
"Hoxb4",-0.477518010610418
"Aste1",-0.477714535889814
"Ldah",-0.477764421086339
"Trim16",-0.477863744777701
"Jkamp",-0.478063293498609
"Vkorc1l1",-0.478261866038672
"Tmem104",-0.478339015868743
"Cpeb2",-0.478607257643572
"Fam174a",-0.478666907954867
"Alms1",-0.478751732772597
"Rasl10a",-0.478912818427509
"Smim12",-0.479087509802356
"Qpct",-0.479183210897278
"Gabrr3",-0.479531367847427
"Tst",-0.479625265209921
"Asb8",-0.479906385890001
"Ap5s1",-0.480124376927581
"Cog5",-0.480194113440611
"Slc50a1",-0.480377279480144
"Mtg1",-0.480496806700694
"LOC108348055",-0.480650059463542
"Scap",-0.480654704851143
"Lrfn1",-0.480966475287449
"Olr1193",-0.48117824464557
"Mgme1",-0.481332949742597
"Ddit3",-0.48154910335111
"Tmem52b",-0.482034908346583
"Kcnj1",-0.482210404159011
"Sigirr",-0.482239929265259
"Ptger2",-0.482308578819141
"Ddx28",-0.482562805992048
"Stat2",-0.4828565695634
"Pdf",-0.482945886414297
"Nid1",-0.482965413988841
"Aldh1a3",-0.483048100456342
"Zfp831",-0.48310020304129
"Tldc2",-0.483561858594435
"Gpr87",-0.483574350887551
"Adamts2",-0.483644450618151
"Ndufa3",-0.483804252987419
"Zcchc3",-0.483974121357081
"Rfc1",-0.484829878684172
"Acaca",-0.484963260732457
"Zbtb7a",-0.485496838671562
"Ube2k",-0.485534237592267
"Psme3ip1",-0.485760336023638
"Unkl",-0.485803846030255
"Zc3h18",-0.485884782994464
"Vdac1",-0.486037167665442
"Arpin",-0.486347412644149
"Sertad4",-0.486470207777931
"Snx8",-0.487088386952848
"Agtr2",-0.487384995188682
"St18",-0.487786400752312
"Aspnl1",-0.487934818586227
"Egln2",-0.488312990742548
"Kif21b",-0.488344439283371
"Lhx4",-0.488358369108204
"Lars1",-0.488448935959739
"Gps1",-0.488691743373822
"Msl1",-0.488909629571777
"Tapt1",-0.48906306389261
"Bub1b",-0.489387062271625
"Rnf113a1",-0.489391487866262
"Api5",-0.489423753276667
"RGD1563482",-0.489434362829929
"Bag1",-0.489469538840022
"Zswim1",-0.489575427344784
"Ca1",-0.490359311113662
"Npepps",-0.490580935168681
"Ccnk",-0.490587229492927
"C1qtnf6",-0.490662771630965
"Fn3k",-0.49092784334687
"Nde1",-0.491067277534398
"Ccdc85a",-0.4911022562575
"Gjb2",-0.491487955065872
"Fzd9",-0.491709003434036
"Tmem185b",-0.491778087829188
"Rpap3",-0.492108099732809
"Zpld1",-0.492110759262443
"Epb41l5",-0.492115613406545
"Slc30a2",-0.492261475250017
"Zfp213",-0.492516834560492
"Nphp3",-0.492640114979167
"Rnf10",-0.492780716315383
"Rsph9",-0.492809182332221
"Lyve1",-0.492976526374482
"Xpo4",-0.493239472282124
"LOC100909913",-0.493557576938911
"Rexo2",-0.494512975298627
"Ide",-0.494615189943778
"Lix1l",-0.494688158895452
"LOC100365450",-0.494749741064608
"Tmem201",-0.494996024760359
"Sppl2b",-0.495075410634457
"Krtcap3",-0.495109170107409
"Nkapl",-0.495118591759639
"LOC108348180",-0.495201474796648
"Hdac1l",-0.495846272449317
"Lmf2",-0.495888802600108
"Btnl3",-0.496015363268171
"Dleu7",-0.496462849595432
"Rab37",-0.496688505907982
"Ubtd2",-0.49676852200336
"Fnta",-0.496856040772279
"Bop1",-0.49686911340479
"Dlx3",-0.49689832740854
"Cd164l2",-0.496978173826152
"Fzd8",-0.497348561974332
"Adamts6",-0.497697902809013
"Hist1h2an",-0.497751288371564
"Nup153",-0.497980738539837
"Saxo2",-0.498009387741548
"Fzd4",-0.498047919510526
"Nfyc",-0.498492191352387
"Rufy2",-0.498661929936119
"Clec9a",-0.499072947462909
"Bcl2l13",-0.499370909480011
"Idi1",-0.499729645482566
"Gpsm3",-0.500181044142743
"Tpp2",-0.500346116742509
"Prss55",-0.500365992267971
"Slc9a9",-0.500377875091721
"Gtf3a",-0.500763150014164
"Tmem129",-0.500878811870205
"Fbxo43",-0.501051767450338
"Zfp90",-0.501363961052715
"Magi3",-0.501370528372393
"Or11a4",-0.501482194427797
"Ttc9c",-0.501519762941936
"LOC100363268",-0.501893420476542
"Hdhd2",-0.502009159743393
"LOC100910021",-0.502238906813282
"Aga",-0.502450224604001
"Rbbp7",-0.502660197056993
"Ctsd",-0.5032028143485
"LOC108348050",-0.503754226892735
"Trim32",-0.504042003677105
"Mia",-0.504163608802897
"Pclaf",-0.504517576435017
"Sele",-0.504768701084686
"Dlg2",-0.504888728885895
"Smc6",-0.504960364100122
"Nkpd1",-0.505274315488579
"Cdhr1",-0.505329610626292
"Nipa2",-0.505360168533594
"Spata16",-0.505442964511669
"Aldoc",-0.505467484786581
"Tbc1d16",-0.50567930736451
"Zfp667",-0.505698001600401
"Brk1",-0.505829748915012
"Sars2",-0.505855118528926
"Ncapd3",-0.506100589401075
"Fancl",-0.506780060260287
"Aup1",-0.507053935759058
"Ppm1l",-0.507776567113446
"Tarbp2",-0.5081708045865
"Tssk4",-0.508279147068255
"Psma2",-0.508316786946047
"Klhl9",-0.508563785276612
"Smap2",-0.508647857948911
"Rbbp6",-0.508686178980839
"Mab21l3",-0.50913694229287
"Hadha",-0.509403337913262
"Trim6",-0.509793087436707
"Madcam1",-0.510504162220781
"Pbk",-0.510550542595916
"Ino80c",-0.510661980786207
"Trim5",-0.510850420387891
"Zc2hc1c",-0.510901939247519
"LOC498368",-0.511334987859696
"Rap1b",-0.511727944461038
"RGD1559962",-0.511923932067761
"Tcf4",-0.511956584720702
"Fam170b",-0.512571517857325
"Scn4a",-0.512671853826786
"Samd4a",-0.512909315316744
"Jag1",-0.513127515859589
"Sult6b1",-0.51323441373716
"Mex3c",-0.513246379612788
"Ano8",-0.513291660506185
"H4f3",-0.514021857672506
"Pcdh20",-0.514106573329276
"Amfr",-0.514119802880003
"Bicdl1",-0.514288786464415
"Dcun1d3",-0.514349352958156
"Gpr156",-0.51443932729739
"Cybc1",-0.514564261449701
"Inppl1",-0.514573799986019
"Slc5a12",-0.51464676881754
"Gatad2b",-0.514777700381606
"Agbl1",-0.514891158713453
"LOC103690013",-0.515015912735391
"Ly6g6e",-0.515030023879717
"Rtcb",-0.51550184611933
"Ppp6c",-0.515537269332425
"Cep78",-0.516126938920177
"Mgat4c",-0.516243744530782
"Morn4",-0.51683872833872
"Fbxl20",-0.51687253834658
"Nfkb1",-0.516969355394386
"Pygl",-0.517009697304713
"Hoxc5",-0.517468987086906
"Mta1",-0.517613435941753
"Rnf20",-0.517705135567758
"Snrnp25",-0.517775434521446
"Zfp61",-0.517951406773259
"LOC100361087",-0.518103361476387
"Exosc9",-0.518338563925043
"Lin28b",-0.5184183524839
"Rexo5",-0.51853783871925
"Hmgb1l5",-0.518674561465877
"Them6",-0.519038088638314
"Golga1",-0.519157105614847
"Ogfrl1",-0.519198379643801
"Prmt3",-0.519287299253224
"Mrps18a",-0.519421569840265
"Scaf11",-0.519518947317272
"Mettl6",-0.519615372761255
"Hsf1",-0.519824511478618
"Kif13a",-0.519882659131381
"Srcap",-0.51989104010647
"Zfp691",-0.520155632520989
"Cyb561a3",-0.520249147719815
"Ropn1l",-0.520581868085651
"Atf7ip",-0.520752340267015
"Usp5",-0.520893364259716
"Mrpl53",-0.521072979603163
"Mroh5",-0.521240455738933
"Lgals12",-0.52143384595236
"Pigs",-0.521791606807259
"Arf6",-0.52194382429573
"Kcng3",-0.52210146601071
"Myg1",-0.522125667115202
"Nox1",-0.522630271994847
"Cep57",-0.523191390490595
"Faslg",-0.523219924032085
"Cetn4",-0.523713945443905
"Fam118b",-0.523967848255183
"Prr15l",-0.524009785038166
"Itgb1bp2",-0.524044730055924
"Snrpc",-0.52423313129512
"Bcr",-0.524354800248509
"Chtop",-0.524383361979166
"Plekhm1",-0.524512510163898
"Cox18",-0.524531830223771
"Map2k5",-0.52474300866263
"Pde4a",-0.524993859241694
"Vwa8",-0.525269281904027
"Spib",-0.525336545258978
"Nup155",-0.525392660132161
"St6gal2",-0.525406440208512
"Mier3",-0.525718502959465
"Gata2",-0.526682500287784
"Mon2",-0.526822547566608
"Cerk",-0.527078282068857
"Aig1",-0.528110371740372
"Atl1",-0.528544570569122
"LOC100911881",-0.529304165530324
"Psmd9",-0.52931262763682
"RGD1311703",-0.529515643964049
"Cog8",-0.530370873223795
"Commd2",-0.530630010640773
"Sergef",-0.530711982907776
"Abcd3",-0.530772651867438
"Limch1",-0.531320858618983
"NEWGENE_2134",-0.531473946328579
"Ccdc91",-0.531509802810486
"Pwp2",-0.531913704030536
"Slc35f2",-0.532109898186599
"Rcbtb1",-0.532225237966028
"Tp53rkb",-0.532370886704621
"Cdh11",-0.532379062825682
"Pex13",-0.532447375047565
"LOC100361025",-0.532733421944386
"Tcf7l1",-0.532828790635344
"Prelp",-0.533422873840073
"Sez6l2",-0.533770508944775
"Jrkl",-0.534164945814893
"Gnl3l",-0.534207028361256
"LOC288913",-0.534410355155065
"Eml3",-0.534600469216411
"Ctps2",-0.534613548410387
"Plekho1",-0.534788988482598
"Apoo",-0.534801352116156
"Jagn1",-0.535748338370408
"Kirrel3",-0.53609030839034
"Vcp",-0.536705230052292
"Alpl",-0.536958482542076
"Wwc1",-0.5373343424152
"Adora1",-0.537894696445022
"Cabyr",-0.538171596304867
"Ebf3",-0.539034828553892
"S100a4",-0.539403006577674
"Timm10",-0.539788007810461
"Larp1",-0.540026454828349
"Stk36",-0.540031256699292
"Sf3b6",-0.540238740364499
"Mif",-0.540487382928881
"Mvb12a",-0.540619140896912
"Fgf13",-0.540960288358145
"Jmjd7",-0.541000785848206
"Ndufc1",-0.54136089782065
"LOC100910678",-0.54147905046774
"Cxcl6",-0.541504046539291
"Mcrip2",-0.541815964348509
"Ankrd37",-0.542098219084579
"Npas1",-0.542291095118354
"Akap11",-0.542684848268381
"Hic2",-0.542875982631438
"Med20",-0.543016771126326
"Atp2b3",-0.543103002447465
"Dcaf8",-0.543106873558738
"Tead4",-0.543474128022329
"Zscan22",-0.544222596919838
"Gpr6",-0.544266247686794
"Slc46a3",-0.544374779347064
"Shq1",-0.544853303566157
"Tmem252",-0.544896439860554
"Evi5l",-0.544932153294005
"Prom1",-0.545001153045643
"Hagh",-0.545545469499659
"Elfn1",-0.545647304119918
"Mab21l2",-0.545655587816572
"Zic2",-0.545871451993651
"Hsd17b3",-0.545967164781961
"Plbd1",-0.546186348879312
"Abcc1",-0.546272364401297
"Gdi2",-0.546430844043776
"Poglut1",-0.546465028555261
"Slc6a15",-0.546516680839844
"Cops5",-0.546612208490681
"Map3k21",-0.546640524562466
"Ftcd",-0.546831713806813
"Elp3",-0.546855408558434
"Gpd1l",-0.546984754072799
"Copb1",-0.547099151754146
"Ap2a1",-0.547330884688595
"Mthfs",-0.54775068487876
"Mrpl14",-0.548045345993301
"Tpra1",-0.548097807551307
"Cenpk",-0.548184492650637
"Epha7",-0.548279181408138
"Mtg2",-0.548957402227549
"Scyl3",-0.548964963307245
"Dut",-0.549268491072038
"Bnipl",-0.549795130301475
"Tpd52l1",-0.550126087981343
"Rabl3",-0.5509424908414
"Cacnb4",-0.550999996237496
"Tmed9",-0.551006799810401
"Itgb3bp",-0.551076894533676
"Elavl1",-0.551636251112555
"P4ha3",-0.551783530215619
"Fam228b",-0.551881396921789
"Rab40b",-0.552026359718917
"Srrm1",-0.552230851980395
"Zbtb12",-0.553310049968007
"Adra2b",-0.553477873798988
"Nsun5",-0.553605017456165
"LOC100912537",-0.553699804698777
"Rsph14",-0.553890892151409
"Adam1a",-0.553896502641002
"Scn7a",-0.553924851013236
"Gfra2",-0.553929140745583
"Chst3",-0.554310028995807
"Gstp1",-0.55468528425324
"Spata5l1",-0.554964866544096
"Sh3bp5l",-0.555059872019203
"Fgf12",-0.555308943669933
"Enpp3",-0.555408819746168
"Sertad3",-0.555670459837167
"Tsen54",-0.5559108634003
"Fzd7",-0.55595129792389
"Recql5",-0.556182200110324
"Xkr6",-0.556261620411988
"Mogs",-0.556339341833197
"Tacc3",-0.556510101198157
"Ackr4",-0.556675239693027
"Rbis",-0.556724645266255
"Dclre1a",-0.556805615171081
"Nek10",-0.556808027240117
"Tmc2",-0.557018484122657
"Gramd1a",-0.557133554216503
"Brca1",-0.557181439857337
"Dnah17",-0.557217422487841
"LOC108351584",-0.558271786466767
"Pigp",-0.558376929745945
"Shh",-0.558856041536033
"LOC100910575",-0.559175817784788
"Slc35b4",-0.559203203900523
"Fzd10",-0.560495166702665
"Ubox5",-0.560882319689717
"C1h10orf90",-0.560942633438687
"Eef2k",-0.560969651974173
"Tmem177",-0.561088530961728
"Pex2",-0.561330364583303
"Nip7",-0.561413921363207
"Smim11a",-0.56157285335163
"Rtbdn",-0.561815993348751
"Kdm4b",-0.561912752057652
"Helz2",-0.5620288808731
"Bmpr1a",-0.562288630911497
"Ablim2",-0.562576227178685
"Ywhah",-0.562576307529853
"Smg7",-0.562622803204201
"Acad9",-0.563041125025476
"Tm2d2",-0.563101599121198
"Tut7",-0.563183134526531
"Atraid",-0.563666271873986
"Drc3",-0.563746203174765
"Psmc6",-0.563779189744294
"Serinc3",-0.564104049556226
"Cited4",-0.564393735944649
"Tf",-0.56441628262104
"LOC100911769",-0.564515387078536
"Sephs1",-0.564625374478755
"LOC361985",-0.564868285086072
"Cyp39a1",-0.565101259888277
"Setdb1",-0.565183187801085
"Anks6",-0.565497038978199
"Jcad",-0.565537605611553
"Rprd1a",-0.565640159358208
"Msln",-0.566109187073454
"Sf3a2",-0.56615004373576
"Rae1",-0.56620662677241
"Gemin8",-0.566744116703534
"Pmm1",-0.566851887246023
"Cox5b",-0.566886111838853
"Tmem198b",-0.566888391422392
"Fam49a",-0.567006298658729
"Syap1",-0.567093468731249
"Gtf2f2",-0.56711089220172
"LOC100909548",-0.567118973578429
"Tnfsf4",-0.567177094740895
"Masp1",-0.567393983013144
"Zbtb6",-0.56769298783243
"LOC100911130",-0.567707056237712
"Itprid1",-0.567835435363692
"Tfam",-0.568066817752676
"Bst1",-0.568188482547232
"Zfp335",-0.568269374419596
"Fam160b2",-0.568406924909996
"Parl",-0.568533706571935
"Champ1",-0.568855644611952
"Lmntd1",-0.569522095348603
"St3gal2",-0.570348073011729
"Fam167a",-0.57115848262181
"Yap1",-0.571251395787179
"Ylpm1",-0.571256721078922
"Tfg",-0.571488996972191
"Ube4b",-0.571544182184647
"Tchp",-0.571852104034731
"Ifi44",-0.571903084278686
"Myh14",-0.57190497759497
"B4gat1",-0.572027395072475
"Eprs",-0.572149308827603
"Ptrhd1",-0.572400203069082
"Mpl",-0.57244930898076
"Nudc",-0.572627786604512
"Hoxc11",-0.572724488397638
"Pfkp",-0.57274981739379
"Nif3l1",-0.573317522542688
"Rmnd5b",-0.573342567090542
"Crtc1",-0.573384880506912
"Sp6",-0.57339277400994
"C7h12orf42",-0.574002160214742
"Capn8",-0.574134130860663
"Gli4",-0.574518513668084
"Tfip11",-0.57469061764965
"Sel1l",-0.575327795723353
"RGD1304567",-0.575600095209765
"Rnf138l1",-0.57567778708958
"Usp51",-0.575883644540409
"Mpc1",-0.57589524293637
"Zbtb7b",-0.575996443140469
"Pold3",-0.576141078040324
"Asah1",-0.576716354719532
"Smim26",-0.576967727716976
"Lrba",-0.577173994692508
"Oip5",-0.57717816604306
"Pot1b",-0.577561271761866
"Cox19",-0.577576448284882
"Zpbp2",-0.578183287889096
"Tsen34",-0.578245048556697
"Nsmaf",-0.578732716341195
"Pemt",-0.578839428106229
"Nim1k",-0.578893087221045
"Prkab2",-0.579181627734845
"Gata6",-0.57927640367451
"Wdr66",-0.579299497734433
"Cptp",-0.579512181287706
"Srms",-0.579530040360025
"Xrcc1",-0.579701544126095
"Ankar",-0.580046398885376
"Stxbp5l",-0.580360414565445
"Smad7",-0.580598136850629
"Bicc1",-0.580678964274832
"Spaca5",-0.581039322661557
"Fam241b",-0.581143498734449
"Pomk",-0.581308430428674
"Etv3",-0.581991032184437
"Tmem87a",-0.582263664705962
"Stox1",-0.582394786913412
"Rundc3b",-0.582439856746696
"Tppp",-0.582510581880086
"Nlrc3",-0.582623499905949
"Rfng",-0.583051727186707
"Pdcl",-0.583066084568269
"Oxct1",-0.584199191642504
"Emc9",-0.584535753739463
"Acyp2",-0.584601328826671
"Irs2",-0.585056409347013
"Pi15",-0.585084972158993
"Tex9",-0.585221224726288
"Cat",-0.585225496487571
"Bmpr2",-0.585339239278458
"Trappc4",-0.585533136892753
"Izumo1",-0.58564644126836
"Dtd1",-0.586421390664341
"Rest",-0.587078690157489
"Odf3l1",-0.587318298850095
"Ttc16",-0.587540945512728
"Surf4",-0.587698913361627
"Lbh",-0.588876427053224
"Dlg1",-0.589353452231927
"Ttc26",-0.589358113689239
"RGD1308750",-0.58959567069587
"Zc3h11a",-0.589912910963688
"Mfsd4b2",-0.590054730698174
"Tmem30a",-0.590064008440676
"Rasef",-0.590119296227551
"Paics",-0.590243346499917
"Rbm12b",-0.591202887775154
"Atf6",-0.591336033128659
"Gtf2a1",-0.591503103698981
"Sphkap",-0.591699057002878
"Arl2bp",-0.591746221280869
"Ift122",-0.591785129127578
"Ppme1",-0.592303144557016
"Pias1",-0.592517068414349
"Rheb",-0.59265962183746
"Ppp1r2",-0.592809326486745
"Dnaaf5",-0.593071066277261
"Snapc3",-0.593485810187967
"Sdhb",-0.593816604403541
"Fam217a",-0.59405081862387
"Trpt1",-0.594682902215368
"Arhgef37",-0.595133523823158
"Lyar",-0.595249539711274
"MGC116121",-0.595546965270002
"Clrn3",-0.595814390811645
"Acap2",-0.595911214125531
"Mrpl52",-0.596227180990037
"Armh1",-0.596231282545547
"Ppp1r37",-0.596532040141191
"RGD1304587",-0.596545112559832
"Tmem204",-0.597162913158666
"RGD1306746",-0.59742453236592
"Atp2c1",-0.597456321684067
"Il34",-0.597491197056236
"Fer1l5",-0.597616396988427
"Rep15",-0.598004963825456
"Edn1",-0.598069514398325
"Rel",-0.598131971331994
"Mical1",-0.598296282297996
"Naaladl1",-0.598869392084293
"Gpr171",-0.599137663838865
"Tmem33",-0.599146508326797
"Exosc7",-0.599457512861152
"Btf3",-0.599788910926861
"Lmo3",-0.600025686223393
"Mrpl34",-0.600134700316738
"Blvra",-0.600205757129812
"Fcho1",-0.600267808441983
"Plppr5",-0.600282747260567
"Rtca",-0.600333732321641
"Ky",-0.600419570946592
"Zfp618",-0.600733583252589
"Hspa1l",-0.600841904174768
"Tcerg1",-0.601128892038736
"Med31",-0.601159636661431
"Klf4",-0.601338662529878
"C1h19orf81",-0.601400565108342
"Add2",-0.601499729667659
"Sertad2",-0.601607082362837
"Eps8",-0.60273818532469
"LOC100910979",-0.602793348036781
"Chm",-0.602824806841543
"Phkg1",-0.602832816510571
"Far1",-0.603129626929687
"Osbpl2",-0.603467207377605
"Wasf2",-0.604595783497918
"Eloa",-0.604655856033286
"Cenpn",-0.604725129932813
"Ect2",-0.604896078286314
"Brd1",-0.605017703903518
"Fgd5",-0.605062760476591
"Naa10",-0.605478067347038
"Vom2r12",-0.605564335324511
"Jam3",-0.605785660468196
"Cyb5a",-0.605848463071338
"RGD1311899",-0.60585015994456
"Ube2v2",-0.606420077465854
"Prpf8",-0.606951263045187
"Dnttip2",-0.607278116710005
"Nrbf2",-0.607284583137099
"Ndufa6",-0.607285928396383
"Ccdc74a",-0.607345822386471
"H2az1",-0.608208271491135
"Prdm15",-0.608417708982128
"Bcor",-0.608473376473246
"Vom1r86",-0.608484059994201
"Mtor",-0.608774730816303
"Scrib",-0.608979411376039
"Strc",-0.608996294031542
"Nfxl1",-0.609007593228433
"Socs7",-0.60911946358589
"Hrob",-0.609456816800639
"Cabp7",-0.610311000308005
"Ptprb",-0.610457127193446
"Usp2",-0.611656699994867
"Spef2",-0.612100878877656
"Isl2",-0.612218870291748
"Dtx1",-0.613173408400607
"Gars",-0.61334425806724
"Muc1",-0.613537280961665
"Scx",-0.613594400603665
"Grb2",-0.613617486797149
"Ndufs5",-0.614036874428218
"Ift52",-0.614188635001441
"Stx2",-0.614227796482335
"Sf3a1",-0.614232284935934
"Vom1r-ps51",-0.6148414864111
"Pcbp3",-0.615023126542222
"S1pr3",-0.615068582066253
"Mylk3",-0.615100728335861
"Zfp384",-0.615168637283439
"Nudt21",-0.615732694921279
"Triap1",-0.616211610757928
"Napepld",-0.61643218161646
"Sh3bp5",-0.616656027838103
"Tcirg1",-0.616691796216934
"Wnt7a",-0.616753169316615
"Nme7",-0.616880963891593
"RGD1564171",-0.61704723395907
"Pin1",-0.617203014484961
"Secisbp2",-0.617276187257085
"Xaf1",-0.617825301941669
"Rbm17",-0.61795691564513
"Cox10",-0.618378484238224
"Riok2",-0.618748838862879
"Thap12",-0.618774385598597
"Cmas",-0.618780472474569
"LOC100910196",-0.619206621055143
"Znhit3",-0.619408066554581
"Dipk1b",-0.619638642237232
"Rtl4",-0.619798669828341
"Cbx6",-0.619902802400028
"Rbp7",-0.620000348295519
"Impact",-0.620146346648873
"Fam50a",-0.620525658711527
"Lpin2",-0.620607213083968
"LOC100362366",-0.621044647653012
"Ube2q2l",-0.621150011851601
"Sox8",-0.621373521365814
"Slc23a1",-0.621915757906686
"Nudt2",-0.622004387327723
"Mal",-0.622059796999676
"RGD1561277",-0.622245482348755
"Ginm1",-0.622502376226962
"Calm2",-0.622631957955961
"Faf1",-0.62271275802263
"Fnbp1",-0.623430577058682
"Mrpl10",-0.623440402590236
"Rsl24d1",-0.623452460148259
"Tram1l1",-0.623651478137856
"Nefm",-0.623680620915956
"Gpam",-0.623821066558689
"Tsga10",-0.623910989822956
"Cdadc1",-0.624015595977296
"mrpl24",-0.624091264780565
"Dnaja2",-0.624662350398334
"Fbxl17",-0.624771417563327
"Otol1",-0.624822089293534
"Opcml",-0.624894201036529
"Camsap2",-0.624989462111631
"Myo16",-0.625351586501346
"Taf1b",-0.62585639991595
"Ctrc",-0.625875653461248
"Rpp25l",-0.626413635021801
"Pop7",-0.626421690940399
"Dcp2",-0.626691445009062
"Lrp6",-0.626741202057571
"Ddx19b",-0.627521188999214
"Scly",-0.627722296460745
"Tbx3",-0.627852448301955
"Hoxa2",-0.628278758511268
"Tent5c",-0.62839305004143
"Ercc3",-0.628525306471235
"Gpr155",-0.628625781456447
"Boc",-0.628946273807316
"Rit2",-0.629278358115192
"Usp32",-0.629571596141363
"Bach2",-0.629866704082271
"Tmem110",-0.629957841839696
"Ccdc61",-0.630042037094875
"Dnajb3",-0.630190839866857
"Ascl4",-0.630362833484705
"Mat2b",-0.630377420607572
"Txnl1",-0.630760013143164
"Cmtm6",-0.630828095573346
"Gng4",-0.630896951675369
"Ahi1",-0.631187362170489
"Pdgfa",-0.631608753633391
"Kcnq3",-0.631675947597927
"Fam151b",-0.632421615278563
"Atl3",-0.632519296221421
"Tiam2",-0.632581605429425
"Mtmr10",-0.632737029195595
"Cpsf1",-0.63279262399221
"Sh2d3c",-0.633141695080873
"Lgals5",-0.633339779785336
"Spopl",-0.633440496013555
"Prkch",-0.633683129319983
"Gas2l1",-0.633732812922244
"Tmem69",-0.633802679118201
"Nrxn1",-0.63387227050184
"Gpc4",-0.633878868064066
"Sri",-0.634766129307603
"Camk2b",-0.634835586998871
"LOC100912008",-0.635205604608541
"Olr1738",-0.635682436292981
"Zbtb48",-0.636140684366346
"Brcc3",-0.636683387090469
"Tp53tg5",-0.636717448943232
"Dync1li1",-0.63674547535299
"Park7",-0.637566120137294
"Fdft1",-0.637627794589339
"Prg2",-0.637758234631814
"Pfdn2",-0.637941002377077
"Fam135a",-0.637978791098539
"Sec61b",-0.638470934348895
"Tbxa2r",-0.638644164150177
"Gpr162",-0.638730939745488
"Gng7",-0.638893834042582
"Atp5f1d",-0.639004526293463
"Utp3",-0.639176947887778
"NEWGENE_621351",-0.639496958126126
"Wdr72",-0.639520467391634
"Coq6",-0.640352438407704
"Dhx36",-0.640462785351266
"Tmem128",-0.640755888116311
"Mia2",-0.641057122999822
"Plek2",-0.641526974301919
"Fam83d",-0.64178007528876
"Lrp1",-0.641960923884711
"Siva1",-0.642299624706125
"Samd10",-0.642596500242307
"Tsg101",-0.642861636287872
"Flii",-0.642947902172674
"Armcx3",-0.643082545471163
"Nsrp1",-0.643088105963046
"Svil",-0.643132395660995
"Plcb3",-0.643809644516478
"Ppox",-0.644208957864524
"Ddx58",-0.64473247327118
"Spata25",-0.644753807692308
"Hdac11",-0.645087456806514
"Rpia",-0.645206767304205
"Brs3",-0.645951082093074
"Wnt8b",-0.645963441244319
"C1ql4",-0.64618107414629
"Smoc1",-0.646465311772317
"NEWGENE_1582994",-0.646696003689802
"Insr",-0.646756634173358
"Agmat",-0.646807131540788
"Zbed4",-0.64710168120888
"Dhrs11",-0.647170074253328
"Meaf6",-0.647229755382757
"Pafah1b3",-0.647407483770294
"Ramac",-0.6474162374906
"Cog1",-0.647659631748674
"Ca11",-0.647690496180027
"Mfsd4b",-0.647706081316991
"Tmem154",-0.647718153759098
"Wnt9b",-0.648002090818253
"Eng",-0.648306729262728
"Mlycd",-0.648545152285804
"Idh2",-0.64861913267932
"Tex15",-0.648654260706776
"Tefm",-0.648656726790872
"Bicd1",-0.648819205001232
"Tox2",-0.649352697386866
"Slc25a36",-0.649645999394162
"Deaf1",-0.649713934493896
"Fbxl2",-0.649876567236472
"Idnk",-0.650176790353222
"Nelfe",-0.650591409009455
"Nrg4",-0.650716039234316
"Ust",-0.650751272966606
"Rtl3",-0.651184216700706
"Tasp1",-0.651279272370442
"Ceacam9",-0.651293053271706
"Atp5pd",-0.651655888067722
"Mipep",-0.65168970925785
"Dnajc15",-0.651748812167515
"Aarsd1",-0.651800343571145
"Serhl2",-0.651876436437829
"Ccdc153",-0.65187798655245
"Tollip",-0.65194045507727
"Atp8b3",-0.652049162813425
"Tmem181",-0.652242937907334
"Mfn1",-0.652723287106162
"Snx19",-0.653385506299046
"Fam229b",-0.653652031566871
"Zdhhc7",-0.654116074725527
"Kcne5",-0.654200889225751
"Pcdhb8",-0.654478772160786
"Crygs",-0.6546055370651
"Eid2",-0.654856458793332
"Tnfsf8",-0.654934202615107
"Psmd3",-0.655197165809545
"Slc47a1",-0.655278941804405
"Pard3b",-0.655631932757072
"Zgpat",-0.65567764302938
"RGD1309748",-0.655975215070069
"Tex26",-0.656187795298789
"Dab2ip",-0.656281763209683
"Dcun1d1",-0.656421303587907
"Tmem143",-0.656481469859306
"Bbs10",-0.6566194552001
"Manbal",-0.656664923497092
"Jakmip3",-0.656781870655212
"Fam184b",-0.656861880926459
"Dars2",-0.657088316747114
"Trak1",-0.657360786523479
"Meox1",-0.657456094621386
"Vom2r76",-0.657466006193674
"Xrcc4",-0.657543980051702
"Xrcc2",-0.657814371295759
"Sfxn1",-0.657845804220597
"Tfb1m",-0.657850641638225
"LOC687399",-0.657969131085213
"Galk2",-0.658119276976823
"Wdyhv1",-0.658210726804146
"Atg16l2",-0.65861196842834
"LOC108348175",-0.65910404855366
"Tbc1d17",-0.659193064921301
"Fbxo24",-0.659219802240955
"Ift22",-0.65928893963719
"Zfp951",-0.659396180970897
"Gimap1",-0.660220536164643
"Nell1",-0.660453139576289
"Plxnb3",-0.660532316459982
"Oxa1l",-0.661700019480788
"Cacna1a",-0.661813285201314
"Slc1a2",-0.661966984658523
"hist1h2ail2",-0.66217906012126
"Mtnr1a",-0.662292491879103
"Zfp771",-0.662518737417993
"LOC103690996",-0.662700199381685
"Ces5a",-0.662718713642167
"Lypd3",-0.662938757824598
"Ifih1",-0.663488042327267
"Hdac6",-0.663720865888518
"Poli",-0.663873194548677
"MGC105567",-0.664563787373504
"Tcaf1",-0.66463751155169
"Ggh",-0.664682382323275
"Abhd1",-0.665134395743655
"Clpx",-0.665322170833218
"Cbx8",-0.666034198399088
"Tex29",-0.666512614701946
"Gsg1",-0.666905531878965
"Gng11",-0.666908892289203
"Coq5",-0.666940252309586
"Shld2",-0.667092422243245
"Arl13a",-0.667113345929931
"Supv3l1",-0.66730000262229
"Trappc2l",-0.66745747603515
"Zfp326",-0.667826369670262
"Gdf11",-0.667927911564155
"S100g",-0.667979802783664
"Gls2",-0.668054504077976
"Rerg",-0.668430624752972
"Spred2",-0.668507625536207
"Bmt2",-0.668539683731861
"Rtl6",-0.668714892569172
"Rfx4",-0.668737122843056
"Slc66a3",-0.668857894310195
"Psenen",-0.66903379035831
"Epm2a",-0.669327225575442
"Rab3d",-0.66957735892917
"Ubald1",-0.671125964830412
"Iqcd",-0.671419373296036
"Cbx2",-0.671426653739586
"Pwp1",-0.67192908399781
"Tasor2",-0.671951994115627
"Sowahd",-0.671976260026788
"Bcl2l15",-0.672119510933754
"Dapk2",-0.673679998721196
"Pcid2",-0.6738480362414
"Npm3",-0.674131477730357
"Tbca",-0.674795207038042
"RGD1560854",-0.675024461393851
"Unc5b",-0.675254415321514
"Ncoa1",-0.675521803148142
"Tnnc1",-0.675868289969441
"Malrd1",-0.676029217226282
"LOC120103275",-0.676134935571908
"Arl13b",-0.676497046473218
"Tsnax",-0.676525202789989
"Micos10",-0.676531150739097
"Ppp1r16a",-0.67724627399343
"Apex1",-0.677248667017325
"Trpm7",-0.67724991062929
"Tbx10",-0.677718568001334
"Dnah9",-0.678460085583451
"Plrg1",-0.678487790193751
"Cnnm3",-0.678546154839529
"Psmd4",-0.678656684550799
"Zfp354a",-0.679007077542637
"Synpo",-0.679382055820849
"Ldlrad2",-0.679635946259401
"Cacng7",-0.679956702071878
"Pced1a",-0.680427496763807
"Cd3g",-0.680641563675104
"Acbd3",-0.680865083199492
"Ciao1",-0.681017543702413
"Rpap2",-0.681369176227586
"Dnajb13",-0.681564795413644
"Pi4k2b",-0.681691108533723
"Thyn1",-0.682157660282578
"Slc33a1",-0.683357082298809
"Spryd3",-0.683394681359457
"Tiparp",-0.684414520052301
"Slc6a2",-0.68461958846269
"Med8",-0.684639500742227
"Gorab",-0.684713378868741
"Htr5a",-0.685181139765977
"Slc38a4",-0.685490627591514
"Tmem126a",-0.685539845295069
"Cables2",-0.68570747082618
"Rars2",-0.686410188624037
"Bicd2",-0.686454617221192
"LOC108348047",-0.686498464129888
"Lpar4",-0.686800862457806
"LOC690507",-0.686807702016684
"Frrs1l",-0.686908254487239
"Stra6",-0.687519283481652
"Kcna10",-0.687795803980676
"Cwc27",-0.687878948006883
"Gemin6",-0.688660434775113
"Olr1739",-0.689133096881655
"Dnaja3",-0.689172503137915
"Itpr1",-0.689711974921017
"Frmpd4",-0.689748218350138
"LOC120096461",-0.690200392531616
"Tmem62",-0.690483689503009
"Bccip",-0.690655242523638
"Pacsin1",-0.6910908930024
"Rbm27",-0.691153103990121
"Dek",-0.691700219493873
"Ccdc148",-0.691787960223022
"Pms2",-0.692173544086876
"Mrpl32",-0.692188432262667
"Hmgxb3",-0.692404719487169
"Psapl1",-0.69286578998624
"Zfp800",-0.6928706062501
"Tubgcp4",-0.692958376824052
"Cdkl3",-0.693203026254497
"Dpysl4",-0.693212056073275
"Sfxn3",-0.693840388522136
"Gpr151",-0.69386841370415
"LOC100362333",-0.694657965613775
"Smarca5",-0.694781234180026
"Stard4",-0.694883845403357
"Tada2a",-0.694946936777175
"Cep135",-0.695520730826453
"Rars1",-0.695861047885832
"Ttc4",-0.696073463550526
"Sdf2l1",-0.696628988982737
"Kctd3",-0.697208194015752
"Wnk1",-0.697256719944254
"Enpp1",-0.697918224840245
"Smug1",-0.697959628226082
"Ssbp4",-0.697973330326514
"Ndufaf5",-0.698833134292523
"Rflnb",-0.698902931315693
"Nr1h4",-0.698921408336498
"Cryba4",-0.699057682292442
"Lgi1",-0.699091503074689
"Bet1",-0.699424027021424
"Ca12",-0.700208786481998
"Nbas",-0.700219579621241
"Ccnc",-0.700311782784244
"Ndp",-0.700777623216561
"Msh2",-0.700815287499166
"Nol11",-0.700914883458599
"Lipk",-0.701357786789736
"A1cf",-0.701895803545912
"Zfand6",-0.702093450630806
"Pcsk9",-0.702095189208477
"Dqx1",-0.702662847415547
"Dkk3",-0.70377573634757
"Zcrb1",-0.704397758917617
"Ciao2a",-0.704627347325905
"Sfpq",-0.704888116339731
"Pitrm1",-0.705269993353463
"Ddx47",-0.705832491514849
"Adgrl1",-0.705871895977684
"Prex2",-0.706106591347393
"Efcab14",-0.706211164665639
"Hsp90ab1",-0.706222399478474
"Pip5k1c",-0.706615389032419
"Csrp2",-0.706751749894286
"Mrps7",-0.706822083253165
"Cebpz",-0.706942534319929
"Tnni3",-0.707109709296806
"Lbp",-0.707387395619458
"Lrrc51",-0.707437859132686
"Fbxl7",-0.708009704307211
"Eef1a2",-0.708082156294392
"Fcf1",-0.708189814671202
"LOC102554913",-0.708243487397162
"MGC95208",-0.708277283652386
"Mob3c",-0.708411602552955
"Stx12",-0.708865407886667
"Cdh5",-0.708875035659071
"Ythdf1",-0.709706629456567
"Ice1",-0.710042836794976
"Coa3",-0.710114392041751
"Selenow",-0.710154590756191
"LOC687780",-0.710901235744002
"Utp18",-0.710915027830333
"Mt1",-0.71101595585496
"Tmem26",-0.711148059194935
"Cbx3",-0.71141171518436
"Sin3b",-0.711467521556628
"Prim2",-0.711834163887523
"Irgq",-0.711848884561972
"Emc7",-0.711859118925577
"Ntn3",-0.712186922059753
"Otop3",-0.712981316090667
"L3mbtl1",-0.713301176459679
"Rsbn1",-0.713523925359368
"Fh",-0.714022739186057
"Plxna4",-0.714181784782906
"Ubr4",-0.714466328161595
"Ptprs",-0.714550826469646
"Tmc4",-0.71492265715105
"Zfp521",-0.715112341352681
"Cul5",-0.715164323905783
"RGD1561590",-0.715237044024525
"Lcn2",-0.715541287435248
"Dnai1",-0.715737293437044
"Lrp5",-0.715785883935521
"Cfap36",-0.716144869111624
"Frmd4b",-0.716221818057565
"Mtmr2",-0.716517061482468
"Nol12",-0.716796962831595
"Cyp2e1",-0.716988845986554
"Tspyl5",-0.717178632335852
"Zfp136",-0.717579959417866
"Tdg",-0.717635740222603
"Aurkb",-0.71891656178093
"Faap100",-0.719129968385616
"Tert",-0.719245717222524
"Igsf10",-0.719785721793864
"Cnot10",-0.720413936847379
"Wfikkn1",-0.720516801930515
"Rragc",-0.720881926196812
"Heatr5b",-0.721207313984197
"Pde12",-0.721566721838411
"Lsm5",-0.721699080298288
"Slc7a3",-0.721701175974155
"Ipo9",-0.721940750045455
"Usp31",-0.722366122391908
"Rasgef1a",-0.722466605422951
"E2f3",-0.722638469208117
"Hus1b",-0.722790034580178
"Lox",-0.723101818310061
"P2rx7",-0.723722011906089
"Axin2",-0.723938477729651
"Lrrc27",-0.724258357791089
"Rlbp1",-0.72440586851998
"Best1",-0.724670451830421
"Gstk1",-0.724873183023329
"Araf",-0.725169123729964
"Ptprv",-0.725610306564589
"Naca",-0.725942002495732
"Cul2",-0.726215449857186
"Ankrd26",-0.726543181107772
"Rnase2",-0.726663608425512
"Galntl5",-0.726666732049997
"Slc16a12",-0.726789924067149
"Tmem101",-0.726807679298465
"Zfp161",-0.727042166185121
"Nsun7",-0.727471740078389
"Fat1",-0.727556040421679
"Mre11",-0.727580911976594
"Cep68",-0.72824084769674
"Rag1",-0.728694852552661
"Ino80e",-0.729076066104222
"Rpl36l7",-0.729104159449745
"Golt1b",-0.72968975468097
"Sltm",-0.729827146827877
"Pnpo",-0.730188345744116
"Lmbr1",-0.73105171787598
"Pop5",-0.731379545727608
"Grb14",-0.731422815692009
"Tyw3",-0.731561379717168
"Lvrn",-0.731804792361721
"Pcsk5",-0.731917400631336
"Dpp7",-0.732031749731862
"Traf3ip1",-0.732247274475974
"Kcnip1",-0.732652749667007
"Bfsp2",-0.732985136037235
"Nutm1",-0.733445794625569
"Elp2",-0.733565869956673
"Gpr174",-0.733599038722937
"Adgb",-0.733961917375501
"Rbmxl1b",-0.734047035493334
"Slc39a5",-0.734239576726507
"Ptpn14",-0.734370038978065
"Ezr",-0.734508380658758
"Ska1",-0.734523942541115
"Tab2",-0.73482621069673
"Oacyl",-0.734911696905965
"Grhl3",-0.735302155320463
"Tmprss11d",-0.735305501713315
"Gdf5",-0.735793399459122
"Ak4",-0.735799479678776
"Chp1",-0.735840761059304
"Taf6",-0.736261469857953
"Bbs2",-0.736701197430463
"Iqce",-0.737480018021812
"Tigd4",-0.737725979892258
"Acadvl",-0.737825307447931
"Prorp",-0.737837903515855
"Mboat1",-0.737877017516889
"Olfm2",-0.738229035638554
"Dnttip1",-0.738238565993806
"Supt7l",-0.738239808991462
"Castor2",-0.738331896966319
"Ntmt1",-0.738361689556342
"Alyref",-0.738675608749716
"P2rx4",-0.738898960943531
"Tmem81",-0.739025525183255
"Skil",-0.739420978025212
"Tyro3",-0.739647690587149
"Haus4",-0.73983203627616
"Spa17",-0.740603358541913
"Zdhhc17",-0.740906472485022
"Gins1",-0.741345437265149
"Tomm20",-0.741423466784216
"Prdx5",-0.741528725038234
"Ovol1",-0.742260256761254
"Ikzf3",-0.742525806276085
"Oxsm",-0.742750429671101
"Eml4",-0.742756872381948
"Fech",-0.742913724420706
"Acot4",-0.743077570549111
"Ciz1",-0.74330755664699
"Riox1",-0.743947626811966
"Pou4f2",-0.74403414255163
"Apol3l1",-0.744338814962663
"Nnt",-0.744448936763254
"Tbc1d8",-0.744886649434438
"RGD1560958",-0.74496976145862
"Msmo1",-0.745192598664219
"Fundc1",-0.745457133703962
"Psmb6",-0.745559599470685
"Mns1",-0.745806580058103
"LOC108349752",-0.746202776996026
"Dpp4",-0.74636931081798
"Cspg4",-0.746649738693011
"Gmps",-0.746786930240627
"E2f6",-0.747360884537747
"Cecr2",-0.747556991124617
"Zdhhc15",-0.748023634245938
"Psen2",-0.748597807819948
"Scn10a",-0.748753384582933
"Creb3l1",-0.748786869192731
"Akap17b",-0.748921374543626
"Mfsd4b1",-0.749165403438007
"Cyp2r1",-0.749878870197327
"Rnf4",-0.750441116055122
"Plxnd1",-0.750541530117115
"Actr10",-0.750637404397255
"Magoh",-0.75078775350723
"Chpt1",-0.751088108971226
"Rrm2b",-0.751643116599879
"Fntb",-0.752389177945183
"Sytl5",-0.752555551101574
"Dohh",-0.752596174163948
"Scgb3a1",-0.753376024731736
"Bex3",-0.753635815366108
"Exoc7",-0.753783196921034
"Anapc15",-0.753936814408764
"Nedd8",-0.755031972272524
"Yif1b",-0.755382780454163
"Asb11",-0.755516794126368
"Nras",-0.755654379892808
"Tafa5",-0.755680555299527
"Lrpap1",-0.755966895774257
"Nr5a2",-0.75603987858392
"F10",-0.756340488907101
"Htt",-0.756665862148501
"Thop1",-0.756679366324332
"Slc25a15",-0.756790874629621
"LOC100363372",-0.756862517278356
"Wrn",-0.756900514031677
"Sharpin",-0.757676358590761
"Gid8",-0.758062204970664
"Fam89a",-0.758236262619257
"Tmem86b",-0.758395480870068
"Aff1",-0.758463125296575
"LOC684509",-0.7587617898523
"Tmem184b",-0.759381414984137
"Frzb",-0.759401288310799
"P3h3",-0.759548244845056
"Ubr5",-0.759764324888698
"Ldlrad1",-0.759862880094254
"Pam16",-0.760143093464304
"Uxs1",-0.76031665135981
"Nxph4",-0.760386570876608
"Atp5mg",-0.760495503854279
"NEWGENE_1308171",-0.760767465700952
"Kdm6b",-0.76150139149972
"Ebf4",-0.761805641796194
"Prdm9",-0.762059208289796
"Ano4",-0.762253840930608
"Ndufb5",-0.762352884201212
"Cald1",-0.762564710317581
"Ppp1r3e",-0.763176816905727
"Alg12",-0.763212067492742
"Ankmy2",-0.763383462862145
"Ndufb11",-0.763388780542899
"Mtfp1",-0.763465024833451
"Med30",-0.763547997669945
"Ube2ql1",-0.763573343012934
"Cldn2",-0.764207370834447
"Map3k12",-0.765044057909896
"Tnk2",-0.765430158126398
"Esr1",-0.765717401046354
"Ccdc3",-0.765792487703855
"Taok3",-0.765845708683248
"Nup210",-0.766110135961607
"Tti1",-0.766288333057979
"Car10",-0.766386032378848
"Tekt3",-0.766408997815172
"Tmem178a",-0.76644354995217
"Nqo2",-0.766621536789553
"Snx31",-0.76680103290142
"Mrpl1",-0.766864220030208
"Hmmr",-0.767463572071921
"Mrps10",-0.768526817137006
"Adgrg5",-0.770379382433388
"Prxl2c",-0.770518956817635
"Rev1",-0.770529289420208
"Cdc23",-0.771135316061282
"Tomm7",-0.771163101870522
"Kdf1",-0.771452018116723
"Tm9sf3",-0.771548975987374
"LOC691170",-0.771597102741397
"Olr1869",-0.772630066957817
"Lonp1",-0.772651191756795
"Rabep1",-0.772659344831542
"Ccdc58",-0.773083338625725
"Stk24",-0.773173059502399
"Adgrl2",-0.773239078170641
"Cdk7",-0.773243100644179
"Cnot4",-0.773746484066519
"Tymp",-0.773828040751664
"Otub1",-0.773961694896088
"Gpr150",-0.774535180924528
"Hhipl1",-0.775134415291563
"Zdhhc2",-0.776297340556188
"Pip",-0.776526040467925
"Ephx4",-0.777029945437026
"Mmp23",-0.777245994723192
"Mfsd11",-0.777318944794129
"Erich6",-0.777336890351824
"Gria1",-0.777694816401391
"Ldb3",-0.777944997295373
"Grsf1",-0.777957364750072
"LOC100912195",-0.778444759579765
"Slco2a1",-0.778581745821082
"Ccl27",-0.778592623310208
"Hspb3",-0.779434895069577
"Fam171b",-0.779750822282379
"Adam4",-0.780389480399271
"Fam181b",-0.780908943311356
"Gde1",-0.780985461285088
"Mtx2",-0.781271912574314
"Snx5",-0.781602006238893
"Hs6st2",-0.781706670896172
"Clcn3",-0.781902491299128
"Edem3",-0.781920029301296
"Trpv6",-0.782433709936664
"Prmt5",-0.782655734283177
"Slc30a8",-0.7826731532612
"Sec62",-0.783257823007362
"Sgk3",-0.783370495820288
"RGD1311745",-0.783388047358969
"Asb2",-0.784086983781158
"Myorg",-0.784366479415665
"Siah2",-0.784983353948226
"Ripply3",-0.785135325164082
"Sptbn1",-0.785481700024867
"Tsen15",-0.785688761526498
"Dhrsx",-0.78578299526281
"Mrpl16",-0.785786342406397
"Bud13",-0.785918734378728
"Gba",-0.786188018511437
"Cldn14",-0.786592708193577
"Ruvbl2",-0.786663900744026
"Hist2h2be",-0.786860677903824
"Gins3",-0.786880925073287
"Col4a1",-0.786900948231238
"Selenoo",-0.787086711446616
"S100a6",-0.787334304897023
"Hacd1",-0.787350385637513
"Caly",-0.787540629995042
"Gatad1",-0.787817620248045
"Fam76a",-0.78792252806311
"Ufm1",-0.788089816171593
"Rgs7",-0.788406760732346
"Unc13a",-0.788605064692885
"Zbtb39",-0.788796284315925
"Vezf1",-0.7888596038626
"Tmtc2",-0.789042318399603
"Ubr1",-0.789080041801724
"Mapk11",-0.789898584411111
"Echdc1",-0.790070880424942
"Myo19",-0.790935768694581
"Yars2",-0.790996524737595
"Odf3",-0.791374905979564
"Reep6",-0.791483963533621
"Tsen34l1",-0.791522737070421
"Fxr1",-0.79303344882746
"Ttc29",-0.793099901759982
"Tmem186",-0.793431501555102
"Hemk1",-0.793524902539063
"Ift57",-0.793673299067804
"Fcna",-0.793757828374225
"Ajuba",-0.794466060512219
"Ybx2",-0.794936669843741
"Ppp6r1",-0.795307479037043
"Snrnp48",-0.796504650673979
"Gtse1",-0.796573034175201
"Cd164",-0.79672638645142
"Sepsecs",-0.797016285373445
"Vps13d",-0.797395930381045
"Cenpi",-0.797804822715236
"Snrnp35",-0.798082177603001
"Nek2",-0.79809988835484
"Atp1b3",-0.798291870723319
"Amy1a",-0.798502378626229
"Zfp830",-0.79869277302423
"Setd5",-0.799287089165306
"Slc29a1",-0.799443004791766
"B3galt5",-0.799760935889046
"Rp9",-0.800098141976674
"Cox14",-0.801113211291145
"Ago2",-0.801475176690437
"Cask",-0.801690610024192
"Cd320",-0.801766539114727
"Dnah1",-0.801915826159545
"Gucy2g",-0.802264289420506
"Mmp24",-0.802332115143657
"Acoxl",-0.802463579566693
"Cep112",-0.802599153978002
"Klhl29",-0.802970495544018
"Hspa14",-0.802986731863128
"Cast",-0.803243309062558
"Usp47",-0.803325416009549
"Wfdc6a",-0.803454001222121
"Large2",-0.803495949870549
"Anp32a",-0.804226653717318
"Agpat4",-0.804590577159602
"Psme4",-0.804819047322994
"LOC499573",-0.805391460310855
"Gjb1",-0.805716540164591
"Etnk1",-0.806016480088137
"Phb",-0.806693872569274
"Relch",-0.806965307539282
"Emid1",-0.80699901724118
"Gramd4",-0.807200558820504
"Coq9",-0.807274456534851
"Eloc",-0.807459361038558
"Mrpl15",-0.807611007811712
"Kyat3",-0.807650552151676
"Sox18",-0.808286133709127
"Dhx58",-0.809188115062324
"Gnpda1",-0.809360426718713
"Txn2",-0.809616390269113
"Klf8",-0.809826327401028
"Atp2b1",-0.809844103256344
"Atp7b",-0.810557560987105
"Ngly1",-0.810559694121589
"Gas2",-0.81073234948161
"Capn6",-0.810747710457182
"Dnajb14",-0.811042448026328
"Flacc1",-0.811121825813925
"Tmem269",-0.81137203179168
"Stk31",-0.811414266396416
"C6",-0.811753581059866
"Ppara",-0.812132938387839
"Papss1",-0.812379725794542
"Ndufa4l2",-0.812658268683142
"Get3",-0.812789435645817
"Tmem250",-0.81293315523132
"Il11ra1",-0.813178421161946
"Adhfe1",-0.813548375526366
"Acot5",-0.813640401289668
"Vrk1",-0.813775344516686
"Ppm1m",-0.814450464287616
"Ywhab",-0.814552075500327
"Morc1",-0.814957925537464
"Thrsp",-0.815334882413286
"Mast3",-0.815977774002645
"Map3k20",-0.816175791156986
"Klhl40",-0.816255863842136
"Cdk10",-0.817548926975734
"Thap1",-0.817760183431339
"Nemp1",-0.817895120864994
"Wdr90",-0.818001906243317
"Ca14",-0.818813087515441
"Dmc1",-0.819687839835176
"Armcx2",-0.819717905962783
"Tspan1",-0.820120307022613
"Mib2",-0.820361987748925
"Ttc7b",-0.820371111477835
"Scrn3",-0.82066170181392
"Mamstr",-0.820835360371395
"Usp34",-0.821028215417871
"Slc25a14",-0.821092752364473
"Tmem266",-0.821116152983258
"Epdr1",-0.82129030549551
"Ecsit",-0.821725221052359
"Spin1",-0.822004101911152
"Banf1",-0.822721584974994
"Rbks",-0.822735146347353
"Ppil2",-0.822960409158659
"Lsm6",-0.823074625483167
"Synpo2",-0.823293226885509
"Aldh5a1",-0.823300915346549
"Rwdd2b",-0.823520828856154
"Ext1",-0.824056558888985
"Rps6ka1",-0.824234216307766
"Mpzl1",-0.824471060548306
"Rnf123",-0.824695993097994
"Etnk2",-0.825007102832846
"Dnajc21",-0.825010672186017
"Nol4l",-0.825098285619234
"Oprl1",-0.825268280139073
"Setmar",-0.825389547975487
"Adarb2",-0.825499607046921
"Tac4",-0.825581475426133
"Ddrgk1",-0.826171537026795
"Itpa",-0.826412711519161
"Kat5",-0.826558269207845
"Popdc2",-0.826560753117507
"Ccdc8",-0.82685669908786
"Acpp",-0.826995931682469
"Clcnkb",-0.827441316179482
"Gask1b",-0.827943597904815
"Trim67",-0.828365636634097
"Nrp2",-0.828549880446301
"Ca8",-0.828688715231086
"Hcfc2",-0.828899734498027
"Btbd2",-0.828951812723803
"Pianp",-0.829233576624579
"Slc5a2",-0.82970022354761
"Trpc6",-0.829925747163087
"Nobox",-0.830009215429286
"Galnt3",-0.83055062906397
"Med7",-0.830769116021265
"Slc4a9",-0.83113396839501
"Rapgef2",-0.831491909222707
"Chmp5",-0.831547485453853
"Pcp4",-0.8317991626087
"Mrpl40",-0.832330678066229
"Eepd1",-0.83233200066718
"Iglon5",-0.832573028368232
"Mrps18c",-0.83284651703335
"Pank3",-0.833149253745415
"Derl3",-0.833186927333788
"H6pd",-0.833277916662532
"Stt3a",-0.833598345773801
"Srm",-0.833791330781473
"Tgm4",-0.833864154216853
"Cpm",-0.83401179933404
"Ilkap",-0.834015856495668
"Mlx",-0.834106605927297
"H1f6",-0.834318270128291
"Acsl5",-0.834425492128569
"Aplnr",-0.834751161404905
"Numb",-0.83478739045556
"Fars2",-0.834867734382082
"Cnpy4",-0.834948203034194
"Trim17",-0.835064310134308
"Cd226",-0.835109054508956
"Yipf1",-0.835150476915678
"RGD1311847",-0.835423115888138
"Gemin7",-0.835438031283171
"Btbd17",-0.835464305448122
"Polr2b",-0.835937693033119
"LOC103689964",-0.836203464930561
"Clic6",-0.836540175765687
"Ddx56",-0.836551263682565
"Slc2a10",-0.836659869637565
"Mtss2",-0.836741274692611
"Mmp17",-0.836758770670881
"LOC103690156",-0.836846078656698
"Rps15a-ps9",-0.836991203275816
"Mocs3",-0.837103708627519
"Nosip",-0.837641057195957
"Slc5a7",-0.837903866596994
"Hcfc1",-0.839127755531733
"Pdha1",-0.839306951848733
"Anks1a",-0.839379601284354
"Psmd7",-0.839473362033257
"Ramp1",-0.839482110734218
"Dgcr2",-0.839535241838473
"Ppp1cb",-0.839576083235263
"Manea",-0.839784710761617
"Aqp11",-0.839867205908889
"Rtn4rl2",-0.840012806493587
"Letmd1",-0.840127142329092
"Timm21",-0.84022042951424
"Plac8",-0.840380153454447
"Fancc",-0.840502539181502
"Prpsap2",-0.840613380440662
"Adat2",-0.84098272877664
"Mn1",-0.841095154788755
"Nelfb",-0.841180795873659
"Crybb1",-0.841323198934707
"Rpe65",-0.841825773808923
"Ppp1r8",-0.842157380132438
"Kcnj14",-0.842181521094036
"Psma6",-0.842186668869908
"Nagk",-0.842373909707267
"Samd15",-0.842414930589651
"Fxyd3",-0.842683531567774
"Selenok",-0.842728429807677
"Hmgxb4",-0.843319646553052
"Zap70",-0.843358612589326
"S100b",-0.843416604805705
"Ddx25",-0.843523384745777
"Cela2a",-0.843614337321025
"Tbc1d22b",-0.843794911234001
"Slc4a1ap",-0.843855472807221
"Mtus1",-0.844181785466558
"Afdn",-0.844460548895171
"Srpk3",-0.844770925400526
"Arg2",-0.845570573661582
"Slc28a3",-0.845576503677278
"Olr392",-0.845730357831222
"Myo18a",-0.846160998814629
"Tmem59",-0.846536064582089
"Dync2li1",-0.846755474280388
"Wdr83os",-0.846793415475952
"Mrpl43",-0.846929797427069
"Psca",-0.847151134813164
"LOC100912571",-0.847427140603393
"Syn3",-0.847884391756172
"Dpf1",-0.847911448322467
"Wdr3",-0.84810892629076
"RGD1565498",-0.848526335753133
"Vit",-0.848830756469887
"Camp",-0.848852827487548
"Dact3",-0.848910056865836
"Phf23",-0.848940946402296
"LOC108351936",-0.849029970169553
"Catsper2",-0.849052126246888
"Hnrnph1",-0.849334082870575
"Wif1",-0.849349967655329
"Pex12",-0.849436630323046
"Cyp3a62",-0.849850117951434
"LOC100912608",-0.850371145106719
"Rtn1",-0.850691118036708
"Fstl3",-0.850772628034389
"Calhm6",-0.851199020605321
"Gramd1c",-0.851278062999244
"Lmx1b",-0.851638652334363
"Ly75",-0.851750488063058
"Sh2d5",-0.852073518859477
"Lrrc18",-0.852385687990178
"Slc35d1",-0.852851726895988
"Rpn1",-0.85359360201591
"Hba-a1",-0.854521109574024
"Ncstn",-0.854631099360646
"Pak7",-0.854774183432482
"Pdcd11",-0.854835301582653
"Myo18b",-0.854836267808125
"Pcmtd1",-0.854862265545935
"Lypd2",-0.854880243021834
"Ism2",-0.855349326673977
"Cipc",-0.855444018046968
"Plin4",-0.855504240741331
"Cdk2ap1",-0.856181307206404
"Lrrc23",-0.856496083601734
"Ube2z",-0.856543230120287
"Fbxo42",-0.856741275416613
"LOC103689999",-0.857328774981799
"Gjb5",-0.857660615107765
"Vps16",-0.858165657227803
"Ubac2",-0.858167956686046
"Hmgb1-ps33",-0.858289661134819
"Ccdc175",-0.85830743529937
"Rmc1",-0.859075440336125
"Ipo4",-0.859078362116424
"Rbbp5",-0.859797352866122
"Wdr91",-0.860264463821391
"LOC100362684",-0.860452876276118
"Eif3m",-0.860724782428861
"Tmem30b",-0.860896806133996
"Stxbp6",-0.860908657334135
"Tecpr2",-0.860942152003934
"Gja1",-0.861343794673809
"Dyrk1a",-0.861415794455941
"Habp4",-0.861506405677513
"Plxdc2",-0.861578209468651
"Tprkb",-0.861622058337301
"Mocs2",-0.861682259273692
"Tbccd1",-0.861864548402713
"Klhl38",-0.862105853029883
"Oasl",-0.862665322983332
"Nme6",-0.863487492054654
"Puf60",-0.863599604671743
"Ikzf5",-0.863819548955922
"Tmtc1",-0.864894718515119
"Pycr2",-0.865633784962072
"Krt222",-0.865928906205422
"Smchd1",-0.86593173569117
"Clec1b",-0.86621047494433
"Gramd1b",-0.867121986762768
"Chaf1b",-0.867305847592505
"Cox7a2l",-0.867568639073343
"Uqcc1",-0.867719994874799
"Slc25a22",-0.86807521056855
"Mindy4",-0.86815070466733
"Mapk8ip3",-0.868587201534116
"Dpm3",-0.869530635699189
"Zfp385c",-0.869576429353313
"Clca2",-0.869623927321882
"Rasal3",-0.86992953796253
"Trmu",-0.870103289502231
"Syndig1",-0.870256391077234
"Coasy",-0.870453581675237
"Mrpl38",-0.870469379269609
"Ppm1b",-0.870597402792886
"Trnt1",-0.870875672213159
"Opn1sw",-0.870915566523793
"Ap3s2",-0.87154598444711
"G3bp1",-0.871644006714728
"Sgpp1",-0.871791323589769
"Phkb",-0.871824686930141
"Sqle",-0.872115496153758
"Cog2",-0.872784811077165
"Paqr8",-0.87287039544856
"Zdhhc5",-0.872900341567782
"Epn1",-0.873068542607022
"Hdac8",-0.87355577039677
"LOC100910207",-0.873644187584317
"Exoc8",-0.874165357447735
"Plcl1",-0.874203152613629
"Zic4",-0.87477997888422
"Bcap29",-0.874887927710967
"Pgm3",-0.874922026286017
"Ccdc127",-0.874993688950708
"Thap7",-0.875277499350657
"LOC108348118",-0.87528234201728
"Spart",-0.875597852195054
"Setx",-0.875754011106518
"Fdxr",-0.875817720569628
"Rnf187",-0.875840794724232
"Akap9",-0.876155228459215
"Ppp3ca",-0.876513119018069
"Neurod1",-0.877026038073137
"Osbpl7",-0.877368046241232
"Suds3",-0.878261532074215
"Taf11",-0.878314137292693
"Zc3h7b",-0.878357240221185
"Svop",-0.878397837961406
"Usp7",-0.87849542972594
"LOC100911238",-0.878519913372487
"Wdr70",-0.878678042748638
"Uba5",-0.878800747594152
"Nup107",-0.879016320641152
"Usp10",-0.879057040972456
"Tmed5",-0.879447740585834
"Pkmyt1",-0.879730231111458
"Ptar1",-0.88010989774104
"Yy1",-0.88061679358743
"Nprl3",-0.881091863859818
"Ddc",-0.88128197838044
"Ndufv1",-0.881534706685532
"Morn5",-0.881775484409351
"Aldh18a1",-0.882273690029961
"Lin52",-0.882535661532963
"Cdc73",-0.88342268712616
"Capn12",-0.883820571438302
"Tsnaxip1",-0.88385326262614
"Wwp1",-0.884148177607994
"Lias",-0.884638886699189
"Cdpf1",-0.884655561924221
"Osbp",-0.88506146446395
"Dhx40",-0.885306561036571
"Znf660",-0.885524431989024
"Tdo2",-0.886143426660637
"Adrm1",-0.886267012904156
"LOC108348173",-0.886453202665197
"Eif2d",-0.886559989431664
"Hnrnpc",-0.886570414080955
"Fkbp3",-0.886621911879847
"Mab21l1",-0.887189859316081
"Gabrg1",-0.887203159164363
"Shmt2",-0.887260526991593
"Fabp4",-0.88745447491657
"Dok2",-0.887700081115067
"Prr11",-0.887725470235509
"Pggt1b",-0.887815219520786
"Adra1b",-0.887978379946447
"Hipk4",-0.888232313116334
"Pgm1",-0.8885061035672
"Grb7",-0.889726942554091
"Tub",-0.889745907907241
"Tmem175",-0.889806800602884
"Slc4a5",-0.889894252925437
"Fam83c",-0.890422244780178
"Paqr7",-0.890903075512967
"Gpr146",-0.891231539950984
"Hspa9",-0.891277049890171
"Dcaf17",-0.891281384517287
"Pum2",-0.891304191703553
"Amd1",-0.891378834513973
"Tmem170b",-0.891626038196429
"Foxk2",-0.891932656728052
"Usf2",-0.892143930921361
"Wnt7b",-0.892146734998384
"Fam83a",-0.89231273237602
"Xpa",-0.892768888392925
"R3hdm1",-0.893006822406306
"Epc2l1",-0.893746249792817
"Aph1b",-0.894230874726694
"Enpp6",-0.894625101273986
"Pnpt1",-0.894980462871182
"Sfmbt1",-0.895184329067816
"Skp2",-0.895474594503321
"Lrrc73",-0.89604544412938
"Spns1",-0.897069738964911
"Rogdi",-0.897815945350104
"Zbtb24",-0.897937878389621
"Gpbp1l1",-0.898124221298473
"Unc119b",-0.89815168411459
"Snx18",-0.898449758171163
"Cd300c2",-0.898876994038887
"Ero1b",-0.898976520082104
"Ppp1r21",-0.899009476262591
"Porcn",-0.899071725179953
"Grxcr1",-0.89908730412662
"Cox11",-0.89912837313128
"Sesn3",-0.899548444796608
"Dcaf5",-0.900798021186536
"B2m",-0.90132661540039
"Best3",-0.902023488544519
"Dpyd",-0.902353979279557
"U2af1",-0.902588655815044
"Tmem131",-0.9035662031985
"Ctnnb1",-0.90370796482527
"Tmem230",-0.904021525036748
"Lime1",-0.90413824598586
"Mms19",-0.904481498537843
"Spic",-0.904587437959419
"Kifbp",-0.905051821954001
"Lamtor5",-0.905360246503478
"Sh3bp4",-0.90556162666889
"Zwint",-0.906204930413932
"Polr2k",-0.906485834606058
"Hps6",-0.906903068895738
"Trim44",-0.906979957959058
"Rtfdc1",-0.907399338507938
"Slc7a1",-0.90760542439193
"LOC108351703",-0.90765126519266
"Synj2bp",-0.907861373531612
"Csnk2a2",-0.908081768190979
"Ago3",-0.908122244242275
"Rbm41",-0.90821641395613
"Zfp292",-0.908226664201427
"Qprt",-0.908660704617343
"C2cd5",-0.908937294484805
"Dynlt3",-0.909126068716848
"Sv2c",-0.909557689035175
"Rnft2",-0.90975143970498
"LOC689840",-0.910033673069627
"Cwc25",-0.910049506043591
"Rbm46",-0.91006487211108
"Zfp518b",-0.910256508228275
"Wasl",-0.910608490829935
"Rnf40",-0.910756419717049
"Mmaa",-0.911297546479459
"Usp27x",-0.911400494690479
"RGD1309540",-0.911476276651658
"Tex47",-0.911732501365187
"Sp3",-0.911951965927972
"Qsox2",-0.912097198936621
"Nars2",-0.912185295862765
"Nifk",-0.912277578909664
"Rita1",-0.912347720171807
"Oas1g",-0.912705797087232
"Tfeb",-0.912870716087327
"Gas2l3",-0.914426648069534
"C2cd4b",-0.914690126355074
"Alg3",-0.914775994689225
"Nectin4",-0.914874195746046
"Nf1",-0.915753700276527
"Dusp23",-0.915904312772315
"Dlg4",-0.916006758107297
"Oser1",-0.91604614392881
"Gnb1l",-0.916847775605484
"Jak1",-0.917187893491987
"Eps15",-0.917236914089758
"Pitpnm3",-0.917880887785553
"Maob",-0.91791648576913
"Dock1",-0.918053852355411
"Pla2g6",-0.918154528512594
"Cdk5r2",-0.918254976388286
"Zfp467",-0.918315682940862
"LOC680039",-0.919004391116475
"Tmsb10",-0.919452941068503
"Dpy19l2",-0.919814269836747
"Tmem126b",-0.921094313419053
"Chrna5",-0.921138810081138
"Ndufs7",-0.921159057474673
"Lgals8",-0.921756058742735
"Map3k1",-0.921997225294702
"Irs1",-0.922217708357765
"Eif4ebp2",-0.922448294346704
"Zfp212",-0.923964449837893
"Ulk2",-0.924654779005532
"Arpc5l",-0.925030505594764
"Rcn2",-0.925360662737519
"Meltf",-0.925458895200045
"Ubr2",-0.925506001307537
"Nup214",-0.926084277293404
"Atp6v1h",-0.926219565369236
"Plekhm3",-0.926287599395745
"Slc66a1",-0.926838063961588
"Atp5mf",-0.926854231199628
"Srd5a3",-0.926906452555347
"Arl6",-0.927298801283041
"Adamts16",-0.92735847935966
"Neurl1b",-0.927396818952806
"RGD1305350",-0.927674038207738
"Acvr2a",-0.928523860248887
"Nrgn",-0.928545456113366
"Bahcc1",-0.928809872353754
"Cox6c",-0.929032354776356
"Srpk2",-0.929370246594625
"Zxdc",-0.929530692689382
"Mrps22",-0.930117401356652
"Zfp330",-0.930399920603323
"Rabgap1",-0.930542319002583
"Dscaml1",-0.930547670619688
"Klhl4",-0.930885415804728
"Gsr",-0.93175130041704
"Pla2g2d",-0.931890254635364
"Cpne7",-0.932128433124227
"Syt6",-0.932256164303263
"Vps33b",-0.933084246838464
"Polr2j",-0.93363358392292
"Pias4",-0.933880876825167
"Slc12a2",-0.934055726100378
"RGD1562136",-0.934107941391633
"LOC102556337",-0.934249484279221
"Ypel2",-0.934979803224277
"Btrc",-0.935352373910559
"Rer1",-0.93559326979127
"Ahsp",-0.935744896441841
"Dmtn",-0.935753882609609
"Slc25a48",-0.936421783356015
"Cplx2",-0.936634409906802
"Cpvl",-0.936999075601624
"Tdrd3",-0.937056203067783
"Mpg",-0.937396927476443
"Nkapd1",-0.937685171130492
"Rrp1",-0.938049426417536
"Edem2",-0.938097973226874
"Gprasp2",-0.938339010170755
"Plxna3",-0.939003438883721
"Plxna2",-0.939531172197466
"Camsap3",-0.939580659213147
"LOC683422",-0.94142520179907
"Ccdc50",-0.941767061679146
"Ciao3",-0.942439508822069
"Gnb5",-0.943024081141691
"Chd8",-0.943126864076471
"Mpp6",-0.943268414435756
"Borcs7",-0.943427469760269
"Cisd3",-0.94345285765587
"Map3k15",-0.943469995638543
"Ceacam16",-0.943544802165197
"Dcxr",-0.943781691160149
"Rec8",-0.943977099065011
"Tbcb",-0.944060296174186
"H1f1",-0.94497067123478
"Sae1",-0.945188145819485
"Ahcyl2",-0.945984083851873
"Zfp329",-0.946143930378272
"Il13ra2",-0.946406591915528
"Tars3",-0.946523169094991
"Casc4",-0.947031518995077
"Stk32c",-0.947086024748413
"Hspb7",-0.947290194012629
"Hs3st1",-0.948315503092717
"Cacna2d2",-0.948645882196149
"Pou3f2",-0.949655610773261
"Ephb3",-0.949686048605985
"Rab23",-0.950117348368356
"Cass4",-0.950469590329816
"Lilrb3",-0.950772803993182
"Sh3tc2",-0.950848581716705
"Cox7b",-0.951259926448614
"Chac2",-0.951404119232437
"Fam193b",-0.951691087867301
"Clns1a",-0.952189159133633
"Trmt10a",-0.952190919222117
"Slc24a3",-0.952244199499128
"Nop9",-0.952431428705796
"Tmem47",-0.952740199970979
"Slc49a3",-0.953704259313332
"Atxn1",-0.954595142093344
"Med9",-0.954951528459123
"Hmox2",-0.955083602244147
"Fktn",-0.95527723114109
"Ppp2r2a",-0.95542004006093
"Cyc1",-0.955911707936884
"Gtf2h1",-0.956436859869082
"Ddx11",-0.956990352557322
"Cdip1",-0.957526515408376
"Ube2l3",-0.95758622759402
"Trmt11",-0.957757841125528
"Carmil2",-0.958194279821562
"Fam131c",-0.958204334799193
"Carnmt1",-0.958210532160899
"Orc1",-0.958243381144018
"Nrarp",-0.958274148074723
"Ccna2",-0.95860964079495
"Kcnt1",-0.958673274003428
"Tstd1",-0.959067869640227
"Heatr4",-0.959598437560366
"Map7d2",-0.960195087563143
"Lsm4",-0.96041159763045
"Spice1",-0.960606799444964
"NEWGENE_1304700",-0.960792761719413
"Cd79al",-0.961406609620235
"Nucb2",-0.961525040632087
"Rnf44",-0.962113560735019
"Tcf15",-0.962327938312303
"Ptn",-0.962579268640624
"Acads",-0.963486341861982
"Erlec1",-0.963515090449176
"B4galt4",-0.963637137927504
"Mga",-0.964049245688249
"Nt5dc2",-0.964269821984367
"Hinfp",-0.964285135850775
"Taok1",-0.964487632818363
"Adam12",-0.965674188654166
"Slc4a1",-0.965939477187101
"Hras",-0.966464716974541
"Usp18",-0.968060361277821
"Vamp7",-0.968325248144361
"Lmln",-0.968763281982436
"Hykk",-0.969285296097478
"Slc4a2",-0.969324869266674
"Zfp865",-0.970649457845908
"Tgfa",-0.970768273645626
"Tbx4",-0.970795086295087
"Ankrd45",-0.970861380385334
"Olr35",-0.970867309471888
"Scaf1",-0.971542825633575
"Tmem41a",-0.971882365679287
"Pla2g2c",-0.971901959191549
"Sh3kbp1",-0.971932965610659
"Vps37c",-0.971962865946566
"RGD1308147",-0.97289993779375
"Ervfrd-1",-0.973298364958953
"Ubxn4",-0.973483896336648
"Bpifb5",-0.973838943357825
"Rnf207",-0.974198760361774
"Sumo3",-0.974313970158793
"Sntb1",-0.974529599931202
"Farsb",-0.974627673293063
"Iqcg",-0.974706385362311
"Ccdc39",-0.974800361693785
"Rnf150",-0.975286303672552
"Otud5",-0.975468492004837
"Avpr1b",-0.975857903695119
"Frs3",-0.976126536772839
"Ccdc122",-0.976709010052922
"Arhgap18",-0.977052133395224
"Hdhd3",-0.97708236642478
"Mlf1",-0.977588830831676
"Sync",-0.977624469104448
"Mrm3",-0.978050646962871
"Elovl7",-0.978132083766336
"Id3",-0.978148425602509
"Ten1",-0.978179237349823
"Trip4",-0.978364889637872
"Ntn4",-0.978548086203096
"Ell3",-0.978622085522142
"Trmo",-0.978631344519191
"Jph1",-0.978801482800541
"Zbtb41",-0.979215628912115
"Tnnt1",-0.979999938430766
"Tbc1d24",-0.980004745983251
"Atg9a",-0.980108704007034
"LOC100911625",-0.980246419253766
"Mrpl17",-0.980515089441978
"Rab20",-0.980700742450618
"Igfbp6",-0.980845884197369
"Pole2",-0.981217923130291
"Nup54",-0.981457302884717
"Fn1",-0.981965500404805
"Pigf",-0.982459697087943
"Wnt2b",-0.982663138777253
"Tpsb2",-0.982685168283144
"Fam114a1",-0.982938235577949
"Spout1",-0.983483481470318
"Cenpm",-0.983732329284501
"Rbm24",-0.984009569755867
"Slc26a6",-0.984367838725435
"Mybpc3",-0.984371099579126
"Tardbp",-0.984540094347393
"Ptprm",-0.985281374375622
"Sox15",-0.98528680499536
"Dolk",-0.985481064298465
"Mark4",-0.985557667366397
"Ednra",-0.985953694822368
"Bcdin3d",-0.986292220947007
"Trappc2",-0.987035448159051
"Mrgbp",-0.987300720250693
"Tmem130",-0.987439929464313
"Rsrc2",-0.988105737001769
"Pdcd10",-0.9886499327569
"Tex10",-0.988867949772497
"Gna14",-0.989368167589562
"Kl",-0.989389101285248
"Ipo13",-0.989582243300518
"Adamtsl5",-0.989755781180803
"Slc25a34",-0.989930428951353
"Des",-0.990125531182141
"Sap30l",-0.990384307698081
"Ube3b",-0.990453479428959
"Cox7a2l2",-0.990800314977053
"Tmpo",-0.990805180392247
"Prr15",-0.992944040492904
"Daam2",-0.992974714281172
"Slc25a38",-0.993678675072517
"Klhdc3",-0.993792864878215
"Aftph",-0.994291908320087
"Tead1",-0.994473011747757
"Pcdh12",-0.994477019884579
"Cenpt",-0.994679390633422
"Ttc22",-0.994825318544351
"Leprotl1",-0.99502415772568
"Rbm7",-0.995434882208325
"Rpa3",-0.995520272394341
"Bank1",-0.996553769220513
"Dcun1d5",-0.996815048510313
"Polrmt",-0.997153371762028
"Retsat",-0.997907703639675
"Ctdspl",-0.997987111751753
"Mtmr4",-0.998062909152703
"Sgms1",-0.998429284440218
"Tmem64",-0.998735322136959
"Fgfr2",-0.998856987384121
"Sgms2",-0.999178307824843
"Mettl7a",-0.999693285654347
"Shank2",-0.999719243487462
"Dennd4a",-0.999895976457375
"Cfap20",-1.00000232833742
"Arhgef6",-1.00026997139706
"Sccpdh",-1.00122068515182
"Cacna1d",-1.00133679296713
"LOC689574",-1.00159948751003
"Itih2",-1.00199398675805
"Slc25a47",-1.00217900270658
"Capn7",-1.00247361141195
"Tufm",-1.00275241993644
"Ica1",-1.00297560779079
"Zfp473",-1.00313237906862
"Bpifb2",-1.00322155947962
"Ttf1",-1.00324021378208
"Cpe",-1.0033242528657
"Hsd17b14",-1.00363263697827
"Taf4b",-1.00382001228627
"Gabrg3",-1.00410916085414
"Snf8",-1.00427331024702
"LOC102549542",-1.00433332214954
"Amhr2",-1.00448997455731
"Apoa5",-1.00485172331873
"Eps8l2",-1.00593817222546
"Ttc33",-1.00615139814646
"Phtf2",-1.0068061469732
"Htr1a",-1.0068989581563
"Gipc2",-1.00736136356402
"Tmem163",-1.00759950130569
"Map1s",-1.00842623618398
"Elfn2",-1.00865282153657
"Flt1",-1.00889545399158
"Gprin3",-1.00978722268436
"Abra",-1.01000774637833
"Ivd",-1.01011257499451
"Foxo6",-1.01025567991259
"Lrrc57",-1.01046119781059
"Olfm4",-1.01083364409376
"Cnmd",-1.01086926081856
"Senp3",-1.0108763373202
"Gapvd1",-1.01130285034895
"Myo6",-1.01149156646041
"Vstm2l",-1.01209745099998
"Aktip",-1.01234305131808
"Preb",-1.01236783538206
"Pdcd4",-1.01269146827165
"Tsc22d1",-1.01269533847639
"Abhd3",-1.0128895064984
"Hpgds",-1.01304922270029
"Dapk1",-1.01355944997951
"Nr2f6",-1.0138488800913
"Fbxo44",-1.01413917748984
"Rex1bd",-1.0141953269785
"LOC361016",-1.01432446383639
"Rergl",-1.0146776277927
"Drg1",-1.0157578282625
"Smpd2",-1.01585090602201
"Mrps36",-1.0160106655045
"Adcy5",-1.01611683864816
"Creld2",-1.01630666343076
"Dennd2d",-1.01658419700244
"Col4a2",-1.01662659331216
"Ptch1",-1.01693730174232
"Cavin1",-1.01729836753717
"Mettl25",-1.01745967956436
"Dhdds",-1.01771538932667
"LOC100363502",-1.01798141339106
"Tmem176b",-1.01803171762044
"Kcnk18",-1.01803627748741
"Ednrb",-1.01820158272954
"Pias2",-1.01851633618688
"Men1",-1.01857682917902
"S100a8",-1.01865334982154
"Mpdz",-1.01885730123454
"Dpep2",-1.01927025116425
"Znf768",-1.01953302541351
"Dcaf6",-1.02035831339061
"Scg5",-1.02160056642988
"R3hdm2",-1.02181738394659
"Abat",-1.02220964998132
"Fbxo16",-1.02258335448109
"Lrrn2",-1.02282607947394
"Ppp1r14a",-1.02320722443676
"Slc51a",-1.02382756077032
"Gtf2e2",-1.02393773930903
"Sema6d",-1.02402989979088
"Ufsp2",-1.02413901562789
"Sec11a",-1.02422582357042
"Lpl",-1.02463925353712
"Scaper",-1.02565556675134
"Dedd",-1.02586034804898
"Hdac9",-1.02641914032763
"Id2",-1.02645853454067
"Slc25a4",-1.02668798150714
"Ifrd2",-1.02678554577283
"Rnaseh1",-1.02710838700814
"Zfp438",-1.02711088016396
"Ankrd29",-1.02723039324296
"Prkdc",-1.02738594707911
"Spata17",-1.02746737596268
"Tmc5",-1.02767411217582
"Mphosph9",-1.02784279239307
"Zp3",-1.0286869692129
"Adap1",-1.02912522018578
"Myo1a",-1.02940892942732
"Wdr97",-1.02958340182797
"LOC100911361",-1.02964518506546
"Ppp2r5e",-1.029865105666
"Ncln",-1.02988870622461
"Ubl4a",-1.03021399547867
"Nek4",-1.03080993662915
"Hspa4",-1.03115217199143
"Ubtd1",-1.03159765949154
"Kcng2",-1.03169698698769
"Acacb",-1.03210577200765
"Mmrn2",-1.03224114848615
"Pde4dip",-1.03233837348617
"Cdipt",-1.03238814878259
"Pdia6",-1.0324368060464
"Zdhhc20",-1.03296448076146
"Pop4",-1.0330088874457
"Snx17",-1.03376039376414
"Vbp1",-1.03386207269431
"Usp12",-1.03388125070909
"Col23a1",-1.03393429124781
"LOC362863",-1.03404482275951
"Ano7",-1.03405054182177
"Wdfy2",-1.03433496737142
"Fignl1",-1.0350157063373
"RGD1309362",-1.03535623868685
"P3h2",-1.03550356762893
"LOC103690005",-1.03572286238037
"Ctsw",-1.03579608296384
"Rad50",-1.03581051819463
"Dctn4",-1.03610444790696
"Calr4",-1.03613168777246
"Shbg",-1.0362244642799
"Ndufs3",-1.03630588335777
"Ttbk2",-1.03634006332334
"Akr1c8",-1.03636736075929
"Hba-a2",-1.03683066851688
"Zfp623",-1.03725804117083
"Hacd3",-1.03841375023981
"Tmeff2",-1.03855673517416
"Abcb6",-1.0386720829427
"Naa20",-1.03867220953699
"Trim41",-1.03890918929827
"Tmem131l",-1.03914450559549
"Hectd4",-1.04009178701841
"Masp2",-1.04025427250324
"Lcmt2",-1.04041109358752
"Zfp93",-1.04087977308723
"Htatip2",-1.04092447229287
"Shf",-1.04138324914756
"Mpc2",-1.04211971193123
"Lyrm7",-1.04265262191769
"Alpg",-1.04368684598581
"Vps36",-1.04387716956086
"Zmiz2",-1.04412019850049
"Tmem63b",-1.04440537995615
"Map4k3",-1.04481940360556
"Rbm4b",-1.04486152037134
"Tmc7",-1.04520940356642
"Clip4",-1.0453444194444
"Otud3",-1.04544634051125
"Prpf4b",-1.04549283455324
"Slc52a2",-1.04554404549186
"Strbp",-1.04570150191676
"Tubgcp3",-1.04617531294753
"Slfnl1",-1.04629909758125
"Psat1",-1.04650828523102
"St6galnac6",-1.04661658527526
"LOC500227",-1.04690676062351
"Orc5",-1.04815386416758
"Banp",-1.04840288973854
"Cops3",-1.04874220923263
"Mfsd13a",-1.04877766372053
"Smcr8",-1.04927800303573
"Acadm",-1.04954574712862
"Naaa",-1.0505784496453
"Cand1",-1.05410648150363
"Plscr1",-1.05581077484035
"Ndufaf7",-1.05610122806101
"Fbxo33",-1.05620814432651
"Agpat5",-1.05624914932713
"Clcn7",-1.05741874195282
"Camk1g",-1.0575159797028
"Adh1c",-1.05760820710615
"Psmd10",-1.05857870511172
"Tbkbp1",-1.05888604999548
"Mycbp",-1.05896961802643
"Gspt1",-1.05904525008202
"Phlda1",-1.05975073368431
"Alg5",-1.05983653987883
"Cd300a",-1.05983708137588
"Ints11",-1.06031903914036
"Mlst8",-1.06174854894312
"Pou2af1",-1.06226940115315
"Ssu72",-1.06241402742075
"Pds5a",-1.06249254876978
"Ralgapa1",-1.06315577886905
"Ebag9",-1.06318639350737
"Zswim7",-1.06328889175421
"Suox",-1.06448594172889
"Usp11",-1.06478636640074
"Fyn",-1.06481592103959
"Arhgap32",-1.06489431412488
"Htra1",-1.06525076794885
"Prdm5",-1.06550700512849
"Usp14",-1.06553946726736
"C1qtnf5",-1.0657954939555
"Cdc123",-1.06653015837583
"Atrn",-1.06708762787049
"Reln",-1.06774684986632
"Nell2",-1.0678251806304
"Nup43",-1.06783248663779
"Ndufb9",-1.06805535591219
"Tnks2",-1.06929388021255
"Zhx2",-1.07001263238834
"St6galnac3",-1.07003021934456
"Hid1",-1.07078140387578
"Lsm1",-1.07089571142352
"Slc45a3",-1.07133434964416
"Rassf8",-1.07168487589621
"Usp29",-1.07209652059339
"Gal3st1",-1.07225435970714
"Pip4k2b",-1.07238987743334
"C7h12orf56",-1.07249135969212
"Zswim5",-1.07250984125203
"Fam115c",-1.07255822722193
"Aldh8a1",-1.0725739282663
"Dock5",-1.07291116675548
"Dct",-1.07327191348955
"Cmtr2",-1.07327224091768
"Ccdc158",-1.07336952474503
"Zfp110",-1.07356767890482
"Csgalnact2",-1.07394748602411
"Abca6",-1.07413348499181
"Cdc5l",-1.07437311344633
"Lingo3",-1.074434764713
"Patz1",-1.07459586035163
"LOC102549842",-1.07485362006643
"Clpb",-1.07549280235368
"Sgsm3",-1.07666476985636
"Zfp612",-1.07674861807682
"Spats2",-1.07699805501911
"Rfx1",-1.0771439829887
"Xpo6",-1.07762328212659
"Msgn1",-1.07805201345953
"LOC100911186",-1.07847681205515
"Sptlc2",-1.07881473317579
"Tmbim4",-1.07893646146874
"Srpra",-1.08004361849603
"Immp1l",-1.08056742439047
"Pirt",-1.08079663489155
"Fbxo40",-1.08104777021225
"Paip2",-1.08143165013321
"Tubb4b",-1.08151197200468
"Dusp4",-1.08241475912864
"Ppp1r1a",-1.08268724881314
"Tex2",-1.08269540626364
"Alpk2",-1.08286187535861
"Ccpg1os",-1.08329377727105
"RGD1306502",-1.08330366995826
"Sympk",-1.08335945650397
"Tomm40",-1.08387958057837
"Megf9",-1.08397024598168
"Gjc2",-1.084036988974
"Fbh1",-1.08409095664887
"Srsf10",-1.08411608714529
"Rad51",-1.08421259976194
"Eif4h",-1.08441939482423
"Rbsn",-1.08443164200494
"Lamtor4",-1.08500671454113
"Polr3g",-1.08646198701681
"Cdc42bpa",-1.08656819926729
"Spire1",-1.08658819245558
"Tpi1",-1.08711249120207
"Fyttd1",-1.0874763128914
"Il6st",-1.08788549950155
"Mas1l",-1.08799981582275
"Ndufaf4",-1.08898407124618
"Fip1l1",-1.08941010679001
"Slc35c2",-1.08943963901577
"Rab27a",-1.08975662927948
"Myo15a",-1.09034421336589
"Prpf19",-1.09083102572785
"Ccdc124",-1.0909182397516
"Washc5",-1.09096672475619
"Sem1",-1.09172303262117
"Fancd2",-1.09207274914819
"Nbl1",-1.0921831272214
"Uqcrc1",-1.09245636298751
"Lpar3",-1.09272315193812
"Ephx1",-1.09311884531813
"Hemgn",-1.09312716680338
"Ncald",-1.09318801781867
"Shroom1",-1.09368165024979
"Ppp1r13b",-1.09421462122508
"Ccdc51",-1.09449146265919
"Pnpla4",-1.09454132698659
"Brsk1",-1.09471503207295
"Arhgef15",-1.09609536304698
"Or52ab2",-1.09612641501069
"Sec23a",-1.09642955519666
"Ccdc152",-1.09643101768582
"Panx3",-1.096944855352
"Nudcd1",-1.09702752206111
"Mitd1",-1.09757611493877
"Rad51ap1",-1.09805150221049
"Zfp157",-1.09898853697778
"Esm1",-1.10051919362338
"Prpf40b",-1.10069207845595
"Chmp6",-1.10097157971911
"Helq",-1.10127838714903
"Pard6b",-1.10174346660157
"Ctnnbl1",-1.10186614523966
"Glrx2",-1.10194424324531
"Galnt13",-1.10202392931602
"4930402F06Rikl",-1.10212987442499
"Zbtb1",-1.1036510207723
"LOC316124",-1.10386338238194
"Dpys",-1.10401180498668
"Tead2",-1.10405497423348
"R3hdml",-1.10409513152523
"Rhot1",-1.10453979836274
"Dynlt5",-1.10542452511419
"Naglu",-1.10563469018263
"Pxdc1",-1.10586739856188
"Ninl",-1.10647637645998
"Perp",-1.10657938086958
"Ergic2",-1.10687880976854
"Ube3c",-1.1081364319427
"Rasd2",-1.10877243269419
"Pdk3",-1.10934033221709
"Vps39",-1.11049789766437
"Ndufa8",-1.11053119830368
"Trpc7",-1.11088418442367
"Samd8",-1.11101713070556
"Cep19",-1.11151735996374
"Mrpl45",-1.11173160534316
"Naa25",-1.11223083581237
"G3bp2",-1.11224001984203
"Sox10",-1.11250029737316
"Cntn1",-1.11258875045246
"Ccdc177",-1.1132510753524
"Adal",-1.11325694541149
"Maea",-1.11376805736495
"Lrrtm3",-1.11481546264337
"Kdr",-1.11579852603207
"Thap3",-1.11592004492148
"Limd1",-1.11604208355956
"Ptp4a2",-1.11647677045595
"Prss27",-1.11782040304699
"Uap1l2",-1.11816411545721
"Flywch1",-1.11834508717005
"Ccdc28a",-1.1192104101704
"Gpld1",-1.12013123798248
"Ensa",-1.12047113856198
"Diras2",-1.12082683636499
"Kcnc2",-1.12203401711309
"Stil",-1.12334053765186
"Pir",-1.12416761455943
"S100a5",-1.12434813374863
"LOC103691744",-1.12493644657244
"Trabd2b",-1.12543004535238
"Col14a1",-1.12556950265654
"RGD1309139",-1.12560548924462
"Ftl1l7",-1.12568476033883
"Cpt2",-1.12582364568601
"Ap5b1",-1.12660627827912
"Crybg3",-1.12757827116434
"Ube3a",-1.12772774918587
"Bcl9l",-1.12867402883803
"Slc6a17",-1.12894381153165
"Layn",-1.12914678295303
"Kif3c",-1.12920267605964
"Sdf4",-1.12979558242635
"Hrh3",-1.1301964689057
"Alx4",-1.1302668028971
"Apoa1",-1.13035728835383
"Sbspon",-1.13053776459348
"Ndst3",-1.13071064186202
"Sgsm1",-1.13104707433776
"Tango6",-1.13154819786038
"Lrrc28",-1.13160981600229
"Grpel1",-1.13210509324326
"Parvb",-1.13213982389391
"Kcnn3",-1.13265059726545
"Tmem138",-1.13302337930038
"Rgn",-1.13307004120822
"Gtpbp8",-1.13330653866636
"Bbs5",-1.13383997192278
"Dhx8",-1.1341030176454
"Psmd6",-1.13486768284178
"Dnajc13",-1.1356064474484
"Cpn1",-1.13565363315619
"Iqcb1",-1.13621240078055
"Lpgat1",-1.13663564167042
"Tnfrsf10b",-1.13690030149405
"Spryd7",-1.13761235003388
"Thra",-1.13823691421512
"Klf12",-1.13906372605603
"Usp19",-1.13964585505953
"Gpr135",-1.14043602288301
"Lpcat4",-1.14051234613407
"Flcn",-1.14116461490524
"Gpr4",-1.14134666709391
"Trim2",-1.14143603842585
"Apc2",-1.14149121777956
"Veph1",-1.14228443378102
"Fig4",-1.14238153268847
"Hectd1",-1.14247479482243
"Psmd2",-1.14286865907905
"Hibch",-1.14287535933033
"Pmepa1",-1.14342136872799
"Nexn",-1.14386848487993
"Sdr42e1",-1.14460891432836
"Primpol",-1.14487380406114
"Usp13",-1.14541599893946
"Slc9a7",-1.14599341136783
"Rngtt",-1.14620195232819
"Dcaf11",-1.14621146463939
"Pih1d2",-1.14649544113365
"Hvcn1",-1.14654307620495
"Ptges3l1",-1.14693694225901
"Dip2c",-1.14756136932831
"Galnt14",-1.1486681386425
"Smyd2",-1.14910852255551
"Pm20d2",-1.14950161167116
"Pitpnm2",-1.15099996285539
"Pcdh19",-1.15119621823073
"Blcap",-1.15159484826666
"Vps4a",-1.15319405131193
"RGD1310429",-1.15328663914364
"Vegfa",-1.1541041048838
"Sod1",-1.15484597264072
"Gyg1",-1.15495471441426
"Wsb2",-1.15520538915366
"Cebpzos",-1.15573275451988
"Rad1",-1.15582124900845
"Rfk",-1.15737316894469
"Nt5m",-1.15743959470097
"Nipsnap1",-1.15797434264716
"Zranb3",-1.15846403299604
"Tmod1",-1.15847118580004
"Rarres1",-1.15851473217887
"Capg",-1.15867450880578
"RGD1309651",-1.15887279902925
"Kctd1",-1.15904084767013
"Trim63",-1.15908083789127
"Rnf227",-1.15944463727567
"Gtpbp3",-1.15986325836088
"Polr3k",-1.16014275391462
"Macrod1",-1.16036041199658
"LOC100910446",-1.1603749288462
"Zfr2",-1.16051408022262
"Ppp1r14c",-1.16211764058576
"LOC100362176",-1.16272967447315
"Cox4i2",-1.16376154613141
"Mcm3ap",-1.16386721731376
"Vps35",-1.16419693876379
"Hif1an",-1.16434313059184
"Rplp2",-1.16479902845761
"Mybpc2",-1.16501956162639
"Rbms3",-1.1650247673498
"Nat10",-1.16506666535272
"Vta1",-1.16515473001836
"Fbxo2",-1.16538606440722
"Rmi1",-1.16558390209518
"Tuba4a",-1.16582131633036
"Elovl5",-1.1660207684562
"Ppp2r2c",-1.16606886417986
"Isyna1",-1.16658716408599
"Lca5",-1.16663400780086
"Nomo1",-1.16698556188665
"Slc30a9",-1.16714234584076
"Smg8",-1.16716374369597
"Lyplal1",-1.16733047364295
"Tom1l2",-1.16740281261328
"Svip",-1.16802100392333
"Klrg2",-1.1680239044614
"Lrrcc1",-1.16813615015936
"LOC103689996",-1.16843249688715
"Arel1",-1.1687258395671
"Prr14l",-1.16916292655584
"Gak",-1.16955079204591
"Rad21l1",-1.16983556488014
"Nop14",-1.16999188004701
"Sgpl1",-1.17004784466961
"Fam216a",-1.17030556147914
"LOC108348302",-1.17059099574668
"Tnfsf15",-1.17099450417492
"Eif2s2",-1.17151385978296
"Kras",-1.17240603637559
"Rchy1",-1.17270080283204
"Smarca1",-1.17284497246539
"Gnl3",-1.17307690147284
"Dnajc5b",-1.17314541213716
"Sphk2",-1.1733789967633
"Alkbh4",-1.1735711308001
"Crhr1",-1.17498123374942
"Mcm8",-1.17558108557719
"Socs5",-1.17602227617341
"Kash5",-1.17631002547108
"Fmo1",-1.17665143225689
"Mrpl19",-1.17703701946893
"Camk2n2",-1.17744232736567
"Cpne5",-1.17774198950708
"Morn1",-1.17847359004807
"Slc13a3",-1.17856247158768
"Gpr157",-1.17869393875268
"Rgs17",-1.17871499084906
"Rilpl2",-1.17879768817105
"Slc35e1",-1.17910137813486
"Pten",-1.17961591945594
"Ptges2",-1.17976673822926
"Oas1f",-1.17977528225059
"Skp1",-1.17987115595705
"Psmc2",-1.18017644668547
"Zfp644",-1.18052139052674
"Med4",-1.18076708590676
"Rasl11a",-1.18079265280173
"Lats2",-1.18153184075683
"Glt8d1",-1.18250272881626
"LOC100911917",-1.18318942307541
"Gpat3",-1.1836308992655
"Cmtm1",-1.18438292857916
"Ppm1j",-1.1844548162259
"LOC103689978",-1.18473511591971
"Eme2",-1.18487923296535
"Hdgfl2",-1.18538540885936
"Cdh2",-1.18538727618401
"Aida",-1.18570510056567
"Ttl",-1.18658146109424
"Zgrf1",-1.18678530359125
"A630001G21Rikl",-1.18691924199724
"Trex1",-1.187267228995
"Tp53bp1",-1.18730684996311
"Znf740",-1.18735927654065
"Serpinf1",-1.18814331935408
"Fam92a",-1.1882116719731
"Ptprk",-1.18824347371491
"Atrip",-1.18843776922432
"Rnf148",-1.18873364228599
"Dcbld1",-1.18875054326771
"Tubgcp5",-1.18885977045472
"Tmed1",-1.18886631608301
"LOC691418",-1.18901423807735
"Slc45a1",-1.18928727182568
"Pkdrej",-1.18938637953011
"Pigc",-1.18948901139457
"Alg2",-1.18966516409583
"Cux2",-1.19007859164324
"Mad1l1",-1.19035141740845
"Msantd4",-1.1904984743261
"Enpp5",-1.1906672516529
"Tmem218",-1.19083653059307
"Gatd3a",-1.19090196418133
"Txlng",-1.19090565285914
"Dnajb2",-1.1918471200983
"Ero1a",-1.19257155666098
"Isoc1",-1.1928160932124
"Eefsec",-1.19289069084805
"Sertad1",-1.19292295944832
"Fam13b",-1.19297318128671
"Fam83f",-1.19326873884073
"Galnt10",-1.19433997700974
"Timp4",-1.19458813354716
"Cdca5",-1.19516265217672
"Mmp14",-1.19525601295719
"Hcn1",-1.1953689871849
"Abtb2",-1.19550301969618
"Rpl32l2",-1.19584190289187
"Dhx57",-1.19586121883329
"Rell2",-1.19604138579006
"Elac2",-1.19615610929362
"RGD1305110",-1.19616608134386
"Vamp3",-1.19664123530782
"Gimap4",-1.1966474782892
"Armc7",-1.19685811076958
"Gtf3c1",-1.19697632475981
"Nek9",-1.19781450873159
"Esrrb",-1.19789767962818
"Nelfa",-1.19793743606472
"Pmp22",-1.19798020928089
"Selenoi",-1.19821543843277
"Ech1",-1.19835660217626
"Wdr13",-1.1985821544565
"Spint1",-1.20025230836402
"Gga1",-1.20069651098343
"Lztfl1",-1.20072954211336
"Pex14",-1.20116541887281
"Med19",-1.20142462252453
"Sox9",-1.20148340824434
"Tbc1d30",-1.20153883968078
"Cldn19",-1.2029050286895
"Cd2ap",-1.2031624408069
"Lrrc20",-1.20327486310793
"Gabrq",-1.2039062110477
"Eif4g3",-1.20455077788756
"Dmtf1",-1.2048117565963
"Mrpl2",-1.20528198830228
"Ppm1e",-1.20546544046798
"Cadm4",-1.20575461544682
"Steap3",-1.20596294330052
"Tada2b",-1.20735267087849
"Dnajb1",-1.20835545817147
"Lpin1",-1.20851384614135
"Zyg11b",-1.20863033545425
"Mrrf",-1.20921314094618
"Sesn1",-1.2094073002177
"Gpbp1",-1.20948559476925
"Map3k5",-1.20974877616454
"Chrna4",-1.2099908356096
"Lrrc14",-1.21066595615081
"Ugt2b10",-1.21091355514231
"Abhd10",-1.21098897217186
"Rnf149",-1.21107603970591
"Hyou1",-1.21120618277773
"Cct7",-1.21154530722881
"Glb1",-1.21182534757084
"Notch1",-1.21187231818763
"Gas1",-1.21191344702689
"Polr3a",-1.21201302041239
"Klc2",-1.21372653920091
"Ogdhl",-1.21390523834086
"Cdk2ap2",-1.21422281987899
"Hsdl1",-1.21447790567956
"Robo3",-1.21498781986282
"Cgn",-1.21515626911567
"Cdc27",-1.21583363662722
"Dmxl1",-1.21622443431072
"LOC100911055",-1.21630806830481
"Tmem150a",-1.21665838879423
"Nfib",-1.21695079362137
"Rev3l",-1.21704931727737
"Nob1",-1.21799166833777
"Fance",-1.21860801171085
"Vstm5",-1.22068206758043
"Rnf128",-1.22071091467434
"Zfp426",-1.22364834490585
"Snap47",-1.22366258544123
"Nr1h2",-1.22468435119889
"Atp5f1c",-1.2255123328285
"Pik3c3",-1.22580030134745
"Usp46",-1.22666903167167
"Fsip1",-1.22690083067868
"Mapk8ip1",-1.22836600769265
"Dag1",-1.22862299245675
"Ttc3",-1.22863503357138
"Tstd3",-1.22904020509759
"Pde10a",-1.22917946378044
"Amer2",-1.22948848914199
"Spred1",-1.22989424112188
"Asxl3",-1.23039121750808
"Cyp2a1",-1.23052936118259
"Fem1b",-1.23155907390068
"Klhl36",-1.23163144403793
"Hspb11",-1.23174200363281
"Kif16b",-1.2319376968995
"Lrfn2",-1.23214066448647
"Dnaja1",-1.23238347733048
"Zfp46",-1.23302024427036
"Atg4b",-1.23324385340516
"Brox",-1.2332826013749
"Rfx5",-1.23332589889301
"Gdf9",-1.23345265443461
"Mppe1",-1.2334770276453
"LOC102551539",-1.23359783396488
"Mrps15",-1.23371264652755
"Slco4c1",-1.23532367900898
"Fgfr1op2",-1.2359207316537
"Ark2c",-1.23633705231806
"Zfp790l2",-1.23660658623845
"Tmod4",-1.23689669803179
"Shisa3",-1.23719836984034
"Dmac2l",-1.23722661585395
"Slc18a1",-1.23808755695718
"Bcar3",-1.23870911954522
"Kiss1r",-1.23905639672337
"Slc10a7",-1.23980808180201
"Akap10",-1.24084300476297
"Cys1",-1.24160199128333
"Tmem185a",-1.24165323307463
"Sh3yl1",-1.24165890581428
"Cnppd1",-1.24238748025179
"Pde6a",-1.24339936246078
"Dram1",-1.24365372728968
"Nup50",-1.24579005565141
"Sugp2",-1.24720965058438
"Vwa5b2",-1.24751766584433
"Slc35b3",-1.2477527698092
"Actr8",-1.24849835475081
"Rfxank",-1.24850659253406
"Hapln2",-1.24895262942497
"Fam107a",-1.24897315693451
"Sdhd",-1.24898190455192
"Psmd11",-1.24900439296539
"Amigo2",-1.24996332528952
"Ccdc47",-1.25063566325647
"Rab21",-1.25132177006037
"Rfesd",-1.25134809174531
"Syt17",-1.25183987121717
"Slu7",-1.25238141782815
"Ttc21a",-1.25260142565262
"Chchd10",-1.25268941633007
"Ugt8",-1.25314719742199
"Atp5me",-1.25463194600082
"Cilp",-1.25495314831237
"Prepl",-1.25530899537344
"Slc25a19",-1.25592621066306
"Kcnip4",-1.25629122376975
"Opa1",-1.25777727242717
"Ccne1",-1.25793838268554
"Coq10a",-1.2580620343777
"Nxt1",-1.25811406989489
"Ecpas",-1.25901494686665
"Gdf15",-1.25912864026388
"Efna3",-1.25921986553887
"Aldob",-1.25927437867436
"Pheta1",-1.25932623363573
"Traf3",-1.25980547109297
"Ikbkg",-1.25997711198043
"Rasgef1b",-1.26018403313177
"Rgs10",-1.26029614799304
"Fgfr4",-1.26053140304808
"Gnal",-1.26070816781399
"Ebi3",-1.26084415425464
"RGD1560010",-1.26104785858071
"RGD1306063",-1.2611862102483
"Tmem263",-1.26178434135166
"LOC108348250",-1.26213011476693
"Arhgap26",-1.26309299837497
"Ptpru",-1.26413595154379
"Kcnh8",-1.264212801644
"Has2",-1.26463758206431
"Mri1",-1.26490938091525
"Foxj1",-1.2649492932238
"Ankrd11",-1.26565262035023
"Caskin2",-1.26595248796133
"Tacc2",-1.26596062910299
"Slc25a45",-1.26651733769173
"Uso1",-1.26693695713993
"Pik3r4",-1.26695864286784
"Marchf6",-1.26743350239101
"Gnmt",-1.26757330479947
"G0s2",-1.26779252508382
"Agl",-1.26792781198247
"Golim4",-1.26882478350949
"Map3k9",-1.26913445982436
"Zfp711",-1.26921887028602
"Mrpl44",-1.26925165880093
"Fmo5",-1.26966602961674
"Smarcd3",-1.27013712308182
"Mme",-1.2702595455292
"Aggf1",-1.27059097912798
"Scfd1",-1.27128613629461
"Asb7",-1.27177191608488
"Cdh18",-1.27186356990757
"Gpd1",-1.27218638461583
"Lrrc14b",-1.27289443368596
"Pde6c",-1.27298513075774
"Myo5b",-1.27359539716388
"Mrps28",-1.27365412574083
"Sf3b5",-1.27418183892337
"Mthfr",-1.27421442161712
"Cxxc4",-1.27467339338251
"Efcab2",-1.27472356763947
"Ppm1a",-1.27616246851312
"LOC100912483",-1.27627455658184
"Mul1",-1.27656751470217
"Commd1",-1.27680068160016
"Erp44",-1.27687923208055
"Efcab6",-1.27707879946631
"Odr4",-1.2774952215432
"Dtnb",-1.27782802984186
"Trappc8",-1.2782548567487
"Gpr137",-1.27906406079848
"Pus1",-1.27940279356448
"Hmga1",-1.2794888102365
"Gba2",-1.27981584533889
"Psmd1",-1.27991528512592
"Calhm2",-1.28158177542528
"Cnbp",-1.2820787689443
"Mrpl3",-1.28224758120755
"Ccpg1",-1.28230315760971
"Cttn",-1.28267227274778
"Gpc3",-1.28288467051888
"Rai2",-1.28294754108325
"Plpp4",-1.28294767351539
"Gpr149",-1.283123379759
"Ndufs2",-1.28338062312334
"Rab3ip",-1.28554141620456
"Otud7b",-1.28607534257113
"Lmbrd2",-1.28624215833874
"Zfp41",-1.28626311125457
"Exd2",-1.28649358201596
"Kntc1",-1.28693599193523
"Defa5",-1.2874142155661
"Zfp597",-1.28742063722808
"Trim62",-1.28746633149791
"Dhx33",-1.28754328341849
"Sirt3",-1.28826535402663
"Gpr83",-1.2883480509362
"Anxa6",-1.28870412293505
"Ndfip2",-1.28882422002241
"Prmt9",-1.28915791074148
"Tmem145",-1.28946969654951
"Mbnl2",-1.28992871896733
"Anapc2",-1.29031889882197
"Muc15",-1.29147678148642
"Pim3",-1.29298241480453
"Pgrmc1",-1.29359755657832
"Kbtbd8",-1.29393039952981
"Pnma3",-1.29399328363319
"Gnl2",-1.29409918034558
"Mapk1",-1.29537735324562
"Rybp",-1.29641688014605
"Nmrk1",-1.29683506787549
"Dpy19l4",-1.29720217651236
"Pitpnb",-1.29836291042988
"LOC689899",-1.29875728491831
"Mtdh",-1.29913667890543
"Tspyl1",-1.29927069548714
"Rad51d",-1.29936655339517
"Czib",-1.29960292488607
"Triqk",-1.29993364043721
"Pou4f3",-1.29994116198052
"Fgfr1op",-1.30094736722361
"Ankrd24",-1.30131270630455
"Cutc",-1.30160252497177
"Rcvrn",-1.30172950618133
"Mapkap1",-1.30181576477186
"Mblac2",-1.30182225761038
"Coq8a",-1.30259200800347
"Prdm12",-1.30267106592823
"Bloc1s6",-1.30353921581811
"Prkacb",-1.30403086075685
"LOC100911248",-1.30514893746018
"Clec11a",-1.30526886753738
"Mss51",-1.30536941349101
"G4",-1.30549100725425
"Alox15b",-1.30575999787672
"Xpot",-1.30593419254559
"Dnajc5",-1.30647258054162
"Nudcd2",-1.307471720871
"Ccdc82",-1.30747513377121
"Lrp2",-1.30757459246019
"LOC103690064",-1.30771116210115
"Tfdp2",-1.30781348464456
"Ltn1",-1.3081802886223
"Psmg2",-1.30935805069286
"Rpl8l1",-1.31005886291771
"Ncdn",-1.31078657821999
"Uqcrc2",-1.3108601436103
"Cwf19l2",-1.31153787507481
"Bcl2l12",-1.31212705716296
"Scn2a",-1.31318956322238
"Mid1",-1.31383976017289
"Clec4e",-1.31528784314132
"Slc25a27",-1.3164914099387
"Lhfpl4",-1.31712655107194
"Fam20b",-1.31758822381731
"Senp5",-1.31814388578949
"LOC103690050",-1.31866996479678
"Rap2c",-1.31999826652902
"Pikfyve",-1.32016361467134
"Mrps33",-1.32218890199252
"Oscp1",-1.32275563904343
"Trappc6a",-1.32281463228648
"Spast",-1.32299949453534
"Hint1",-1.32300008386119
"Tm9sf2",-1.32312080812156
"Ints8",-1.32314721151754
"Col19a1",-1.32334561075985
"Akr1b1",-1.32382247076677
"Serpinf2",-1.32493902193697
"Pglyrp1",-1.32540954149176
"Rnf26",-1.32664137863767
"Hltf",-1.32727522958712
"B3gat2",-1.32832211140284
"Srp9",-1.32886771179859
"Tceal3",-1.32925878430141
"Mmrn1",-1.32933469721602
"Tmem11",-1.32965170182178
"Musk",-1.33021498942789
"Chd6",-1.33035366679076
"Atp6v1e1",-1.33039723092414
"Slc1a3",-1.3304615754145
"Adss1",-1.33071857046817
"Ccdc163",-1.33091832791532
"Smyd1",-1.33162702371374
"Usp6nl",-1.33188126407479
"Trnau1ap",-1.3320597030492
"LOC687508",-1.33225026540389
"Trim36",-1.33328832592408
"Zfp780b-ps1",-1.33388915905639
"Cyld",-1.33576270107229
"Polg2",-1.33592999136551
"Lmbrd1",-1.33703009698074
"Zfp68",-1.33771504987142
"Slc44a3",-1.33829699375547
"D2hgdh",-1.3390523922458
"Gclc",-1.34024383747146
"Vps26b",-1.34048577724218
"Uspl1",-1.34081773873164
"Rab3c",-1.34083780495072
"Wdr44",-1.34217974172552
"Atp6v1d",-1.3424127837058
"Galnt12",-1.34332413254219
"Cep162",-1.34393558508705
"Cdc25b",-1.34437570476113
"Mplkip",-1.34449870732244
"Dip2a",-1.34459372511457
"Kiz",-1.34470137059044
"Atp8b2",-1.34570350224168
"Slc5a6",-1.34605635087639
"RGD1308117",-1.34661303919132
"Pwwp3b",-1.34722421508678
"Mdh2",-1.34746462637874
"Reep5",-1.34770463100607
"Ppp1cc",-1.34791456943137
"Cth",-1.34806217838363
"Zbtb21",-1.34816466809835
"Mrpl22",-1.34890441497598
"Nrsn1",-1.34921695063005
"Kif20b",-1.34924409129813
"Prx",-1.34942013944491
"Kcnn2",-1.35000192790953
"Hlcs",-1.35099463106395
"Mtmr14",-1.3521322063445
"Mxra7",-1.35220933753305
"Gon4l",-1.35236374148534
"Tas1r2",-1.35341954267185
"Dgkh",-1.35518322247005
"Sort1",-1.35551824333035
"Trmt44",-1.35570283953158
"Abcc5",-1.3557115035337
"Med22",-1.3558749135152
"Mkln1",-1.35593255685216
"LOC100361898",-1.35610423376372
"Nudt10",-1.35694323219057
"Capn15",-1.35811432079159
"Tmem178b",-1.35851654723409
"Pdss2",-1.35885909817168
"Kmt5a",-1.36027577787475
"Eef1akmt4",-1.36039465264437
"Rnf225",-1.36043870836641
"Skap1",-1.3614653164835
"Spag9",-1.36223984593543
"Fjx1",-1.36229291025202
"Adgrf3",-1.36257744601498
"Syn2",-1.36498829454374
"Asic2",-1.36506557966448
"Ubash3b",-1.36530346954441
"Far2",-1.36543503805539
"Atpsckmt",-1.36615586826228
"LOC100174910",-1.36617968692138
"Ppef1",-1.36623791399486
"Alg6",-1.36635560058182
"Ankrd46",-1.36652049583794
"Or52w1",-1.36727824318061
"Spata7",-1.36756834614561
"Zfand2b",-1.3676719135658
"Stambpl1",-1.36799326436527
"Dhx29",-1.36835114245212
"Dcaf1",-1.36840653947328
"Hap1",-1.36911732381804
"Mtm1",-1.3695880651777
"Cfdp1",-1.36965572932314
"Lrrc66",-1.36980039452352
"Inpp5j",-1.37000765546467
"Prrg3",-1.37016634420376
"RGD1564606",-1.37054012080585
"Cdkl1",-1.37089196251876
"Kpna4",-1.37098902958953
"Cd7",-1.37114381625613
"Vps41",-1.37217984920733
"Cdk5r1",-1.37277878049218
"Rc3h2",-1.3729981126756
"Vopp1",-1.37449095477603
"Aak1",-1.37464742864658
"Mag",-1.37476653365191
"Ankmy1",-1.37496115420094
"Kctd2",-1.37558848258862
"Rab39a",-1.37718045942071
"Dph7",-1.37739407168063
"C1qtnf12",-1.37752620941929
"Stac",-1.37774365079364
"Scn5a",-1.37816497095209
"Herc2",-1.37839313236539
"Tacr1",-1.37875834148128
"Wipi1",-1.37983057023594
"Resp18",-1.38119777541488
"Col6a5",-1.38131788417591
"Ly49s7",-1.38150707429588
"Thap11",-1.38170660436017
"Mpp7",-1.38180990485575
"Siae",-1.38204253728042
"Mfsd3",-1.38274060771553
"Batf",-1.38319408296505
"Fam102b",-1.38349321051453
"Atg4d",-1.38458283242129
"Ift27",-1.38482588255149
"Commd9",-1.38522844730347
"Prkcsh",-1.38563181169688
"S100a13",-1.38684946004287
"LOC102546678",-1.38688561940351
"Txnrd2",-1.38716398988652
"Mrps2",-1.38743925109759
"Exosc1",-1.38759457167295
"Dtna",-1.38774809054156
"Wfs1",-1.3880846472167
"NEWGENE_1306267",-1.38831198733733
"Vps11",-1.38833254588725
"Tmem14a",-1.38882659008944
"Mdfic",-1.3894885099296
"Lrrc29",-1.38959649121521
"Mmp15",-1.38980024813702
"Actr3b",-1.39048057805971
"Pkdcc",-1.3907846994975
"Ccna1",-1.39132361207546
"Arc",-1.39139739176458
"Rdh12",-1.39142994608547
"Tspan33",-1.39146265052802
"Adamts10",-1.39268655876583
"Trappc13",-1.3931405672595
"Slc37a1",-1.39346424573994
"Eea1",-1.39395726926623
"Cracdl",-1.39404582952158
"Ndufb7",-1.39448314281488
"Loxhd1",-1.39484188019468
"Maf1",-1.39513674738664
"Usp4",-1.39574595736443
"Ptprq",-1.39608323495027
"Klhdc2",-1.39637946359105
"Il25",-1.39703223856359
"Pank4",-1.39776460976811
"Slc6a4",-1.39787041063129
"Sema3e",-1.399451460337
"Arpc3",-1.40068913769884
"Hspb6",-1.40092358141557
"Scml4",-1.40108839551806
"Rasal1",-1.4016664822643
"Taf2",-1.40178891203192
"Dbndd1",-1.40189179097592
"Irf2bp1",-1.40267662992571
"Ndufa2",-1.40405897269175
"Tdrd15",-1.40420353309927
"Lysmd2",-1.40451299428711
"LOC100911994",-1.40572805463227
"Ndfip1",-1.40616774372503
"Sqstm1",-1.40691371563619
"Tacr3",-1.40731217227506
"Epcip",-1.4075734286049
"Kcnn1",-1.40791012620925
"Wasf1",-1.40809413641417
"Eif1",-1.40947267383897
"Mfsd14a",-1.41041214794387
"Zfp523",-1.41065778994507
"Armcx6",-1.41094601618324
"Lypd6b",-1.41098183123116
"Hikeshi",-1.41187612824663
"Cd34",-1.41222272720299
"Msrb1",-1.41272638742584
"Med6",-1.41283399116081
"Rab40c",-1.41371753375079
"Ccdc96",-1.41387252738211
"Fundc2",-1.41390893700404
"Eif1ad",-1.4145664857905
"Cacna1h",-1.41505307909892
"Nepn",-1.41541185995102
"Sp7",-1.41702140057098
"Tbc1d31",-1.41714875940801
"Ift20",-1.41729271507492
"Smpdl3a",-1.41756283560644
"Dok7",-1.41759188575555
"Svopl",-1.4178339457269
"Tmem150b",-1.4178777893171
"Tyrp1",-1.41868625046058
"Ccdc30",-1.41956756537074
"Nans",-1.42034040692096
"Dis3l",-1.42057693919755
"Trpc5",-1.42063150019431
"Uqcrh",-1.42110454759267
"Pcmt1",-1.42113245087836
"Grm6",-1.42119528189171
"Slc37a4",-1.42125814934725
"Rab22a",-1.42131338605773
"Cnot11",-1.42162369815982
"Rarb",-1.42216482968026
"Slc20a1",-1.42224940539704
"Abi2",-1.42237545931873
"Amph",-1.42292328882659
"Rnf146",-1.42300508164398
"Minpp1",-1.42301307216777
"Pds5b",-1.42316274134134
"Asap1",-1.42348705881272
"Fam204a",-1.42381247617867
"Dlst",-1.42456463920569
"Cfap52",-1.42508800789329
"Astn2",-1.42529324078455
"Th",-1.42529427482404
"Ccdc184",-1.42684708227924
"Pdzrn4",-1.42823559426672
"H1f10",-1.42836377346648
"Vti1a",-1.42892930306569
"Dcun1d4",-1.42912387286002
"Mocs1",-1.4298526794556
"Pdzd7",-1.43012515954484
"Fchsd1",-1.43034190382545
"Ngfr",-1.43037619957162
"Gldn",-1.43099575806073
"Bbs1",-1.43196975559728
"Cryab",-1.43252904199389
"Ap3d1",-1.43258556808142
"Eml1",-1.43274068125498
"Pelo",-1.43274183917432
"Mars1",-1.4330921377762
"Hbegf",-1.43345302351513
"Uqcrfs1",-1.43365520163402
"Slc43a2",-1.43387267117269
"Golgb1",-1.43465073855116
"Dnajc22",-1.43499110781127
"Cadm1",-1.43499977128602
"Dgkb",-1.4351641074935
"Rps6ka3",-1.43529304646608
"Tanc2",-1.43546175955693
"Gcnt3",-1.43617507292704
"Dtymk",-1.43621408966387
"LOC103694381",-1.4370452968114
"Scamp5",-1.43748967802537
"Als2",-1.43851467166807
"Dusp19",-1.438595974663
"Myh8",-1.43975046797632
"RGD1562987",-1.43993362183387
"Exoc3",-1.44016102807516
"Celsr2",-1.44025459932489
"Adcyap1r1",-1.44053468561006
"Zp2",-1.44089529519013
"Tmem54",-1.4409049523495
"Hapln3",-1.44137737203244
"Tent4a",-1.44238562716077
"Tmf1",-1.44269882162049
"Zfp455",-1.44339083202354
"Tmem25",-1.44362338812318
"Fam20a",-1.44406945226915
"Lrfn3",-1.44446497275135
"Tpmt",-1.44450712025211
"Dtwd2",-1.44587597762387
"Trim33",-1.44619937108529
"Agpat3",-1.44620768015645
"Six1",-1.44774139878928
"Atg101",-1.44878937036093
"Gdpd1",-1.44885159668028
"Spg21",-1.44898656726071
"L3mbtl4",-1.44925460938006
"Rad52",-1.44969309829734
"Rsad2",-1.44983894142756
"LOC102555635",-1.45019472469398
"Crb1",-1.45043054217878
"Angel1",-1.45069455303808
"Dlat",-1.45179400436484
"Sdcbp",-1.45204183834988
"Mrpl49",-1.45279101374474
"Myt1l",-1.45322631137478
"Ly6l",-1.45422256623836
"Ush1g",-1.45517528165905
"Cpeb1",-1.45534195959963
"Abraxas2",-1.45544460768895
"Col1a1",-1.45586756756221
"Hace1",-1.45606890934996
"Zc3hav1l",-1.45659181027135
"Ndufaf3",-1.45730038463864
"Tspoap1",-1.45766406787152
"Galm",-1.45962309312936
"Jam2",-1.45973788740668
"Prkag2",-1.45992271954691
"Clcn6",-1.46009179727931
"RGD1559896",-1.46016877650689
"Spatc1l",-1.46098918341322
"Prdm4",-1.46122791352757
"Dnajc19",-1.46146349575958
"Igsf21",-1.46156970572706
"Adra2c",-1.46275578753423
"Uvrag",-1.46303878913666
"Sidt1",-1.46339784342332
"Sema5b",-1.46388809181815
"Prelid2",-1.46480026552621
"Nnmt",-1.46493443618535
"Kcnq4",-1.46520859913875
"Fahd1",-1.4658051121404
"Dnm1l",-1.46622304498305
"Arl14ep",-1.46628858678457
"Slc25a46",-1.46868620037571
"Ap3b1",-1.46888709895654
"Fcrla",-1.46965046355045
"Gsta3",-1.47057147945629
"Kcnj12",-1.47192657366377
"Ppp1r3d",-1.47289453012704
"Prox2",-1.47304998609308
"Kctd9",-1.47460972182029
"Casz1",-1.47553989295257
"Tlr12",-1.47572819942274
"Atp5mc1",-1.4759174595696
"Psmc1",-1.47618390363851
"Mapre3",-1.47658005740733
"Cul1",-1.47680304528508
"Nudt13",-1.47681182632753
"Cks1b",-1.4771485872127
"Ppp1r12c",-1.47736593267481
"Ndufab1",-1.47764465174071
"LOC679822",-1.47817346685692
"Sult2b1",-1.47875000870225
"Foxs1",-1.47878499805997
"Dclk3",-1.47925578803725
"Ccp110",-1.4797742903627
"Polr2f",-1.479964041798
"Cyp4f39",-1.47999742117002
"Cnst",-1.48035009047958
"Ccn5",-1.48099931387878
"Emb",-1.48176286953994
"Tmem38a",-1.48214822575912
"Itsn2",-1.48258030634027
"Ndufb10",-1.4843235681917
"Nampt",-1.48592220233221
"Slc25a5-ps11",-1.48644246837092
"Prkd1",-1.48701113653029
"Isl1",-1.48713178090778
"Gcc2",-1.48899266669619
"Mrs2",-1.48966271114225
"Mpz",-1.48971124637974
"Stc2",-1.48982852961472
"Tsc22d2",-1.48989336302134
"Rbm38",-1.49007555026922
"Adamts3",-1.49113619838512
"Pkhd1l1",-1.49181906745327
"Atp5po",-1.49209014572596
"Srsf1",-1.4928343736536
"Prob1",-1.49295108353769
"Zcchc17",-1.49324315938008
"Ing4",-1.49405584924976
"Ppp1r1c",-1.49437364006943
"Thap6",-1.49476147718783
"Tmem240",-1.49515896688561
"Sptlc3",-1.4952085355065
"Clec16a",-1.49525927501103
"Syn1",-1.49575860865001
"Trim58",-1.49576547056176
"Stim2",-1.49786460644192
"Ubfd1",-1.49798763897679
"Rps6kb1",-1.49856011476669
"Hsd11b1",-1.49966321992758
"Ypel3",-1.49975170864923
"Mmut",-1.50015219657697
"Fbxo41",-1.50079886763464
"Atoh8",-1.50181120002805
"Hectd2",-1.50183022493801
"Asb18",-1.50231111796415
"Coro2b",-1.50231483971281
"Rcor1",-1.50325295967867
"Tmem68",-1.50342847885538
"Clgn",-1.50420959587884
"LOC500007",-1.5050630705495
"Ptger3",-1.50507485403084
"Nr2f1",-1.50542467158894
"Nfe2l1",-1.50623321449346
"Glra1",-1.50665233911949
"Nrbp2",-1.50703127033031
"Trpc3",-1.50726851428105
"Tbc1d13",-1.50741894567836
"Krt13",-1.5077834017456
"Slc28a1",-1.50824817329434
"RGD1305014",-1.50886934024273
"Arvcf",-1.50892632034487
"Eya4",-1.51050676528574
"Tubb1",-1.51117477610317
"Trpc1",-1.51129591276884
"Sbsn",-1.51158940493317
"Sh3bgr",-1.51168009291485
"Scfd2",-1.51211935188501
"Obi1",-1.51593340491885
"Prkaa1",-1.51625177353565
"Fzd5",-1.51645815562535
"Smu1",-1.51658322316606
"Nat9",-1.51775876768049
"Tmem205",-1.51842234860732
"Mindy3",-1.51860011281797
"Maml2",-1.5196079782684
"Polr3b",-1.52023778248384
"Yipf6",-1.52046895624462
"Glud1",-1.52065565002915
"Trim23",-1.52098194333379
"Caln1",-1.52106109362974
"Gstm4",-1.52244135104547
"Cdkl2",-1.52297207842641
"Nr3c2",-1.5231670461581
"RGD1560065",-1.52317550515975
"Ghr",-1.52320198805844
"Gins2",-1.52389539117149
"Fgfr3",-1.52415820155353
"Hat1",-1.52426918328007
"Nploc4",-1.52465523042443
"Usp21",-1.52470194490726
"Acsl1",-1.52513920022787
"Sh2d4b",-1.52607039420214
"Cpt1a",-1.52635604080054
"Plac8l1",-1.52642050411415
"Tmbim6",-1.52747290180178
"Oas1a",-1.52802436987562
"Glyatl1",-1.5285334531056
"Tmed4",-1.52925708515595
"Ribc1",-1.52961873962218
"Scn9a",-1.53252874943149
"Strap",-1.53332720899211
"Eya3",-1.5335278546988
"Nudt3",-1.53372591497514
"Mien1",-1.53492546510369
"Pole4",-1.53522403370792
"Pla2g4b",-1.53539890673973
"Cadm3",-1.53584437806828
"Paqr3",-1.53646520648577
"Clmn",-1.53680888765204
"Cpq",-1.54078910070686
"Frg1-ps1",-1.54111548856864
"Fras1",-1.54247619240706
"Chmp4c",-1.54296754218002
"Slc9a3r1",-1.54456066272532
"Elovl2",-1.54488725914199
"Grin3a",-1.546321895088
"Ache",-1.54651164196129
"Chordc1",-1.54668125828953
"Orai2",-1.54711955235834
"LOC102555457",-1.54750339278802
"Tedc1",-1.54794921091442
"Esr2",-1.54827074112363
"Pard6a",-1.54829805267301
"Ngp",-1.54834194653048
"Arl4d",-1.54966208023495
"Abcb9",-1.55050693734506
"Jph2",-1.55206905638929
"Mrps35",-1.55314875930938
"Smc4",-1.55395921295936
"Dcdc2",-1.55411663153107
"Slc17a5",-1.55444812966463
"LOC497899",-1.55474583310282
"Stat6",-1.55537919678081
"Snapc5",-1.5560426181687
"Ilvbl",-1.55626096580128
"Gse1",-1.55698089367137
"LOC108348096",-1.55773987360699
"Plppr4",-1.55835176128607
"Stk11ip",-1.55919720004168
"Zfp2",-1.55930813425979
"Med27",-1.56022248486278
"Polr2m",-1.56128334260314
"Guk1",-1.56138750823177
"Ccdc157",-1.56183828273283
"Map1b",-1.56197535392205
"Mast2",-1.56203133484057
"Sybu",-1.56204411235097
"Fndc5",-1.56231198238324
"Slc7a8",-1.56312963837844
"Calm1",-1.56382176912651
"Fpgt",-1.56426106737887
"Fn3krp",-1.56427075402535
"Traf2",-1.5645508705117
"Bap1",-1.56478893458308
"Ibtk",-1.56505027168731
"Lysmd4",-1.56518522791069
"Folh1",-1.56580198362024
"Loxl4",-1.56615339600407
"Tgoln2",-1.56655151486978
"Fahd2a",-1.56662628012388
"B3glct",-1.56696535329669
"Sstr1",-1.56843423912039
"Gpt",-1.5691540227499
"Ryr3",-1.56977801256917
"Tmem254",-1.57143942084873
"Scp2",-1.57196470913518
"Mrps30",-1.57201137479346
"Cep164",-1.57214790733501
"Sord",-1.57226504233379
"Zfp839",-1.57252610709547
"Nanp",-1.57280910781612
"LOC100361645",-1.57362894635223
"Ppa1",-1.57417913444304
"Virma",-1.57469978318159
"Ndrg4",-1.57500964203618
"Slc25a25",-1.576278236939
"Sdha",-1.57653746009932
"Megf8",-1.57672499197969
"Micu3",-1.5767503612652
"Vps50",-1.57705740804812
"Il17d",-1.57714064936363
"S100a3",-1.57737918882374
"Tbl1x",-1.57826186788798
"Rb1",-1.57920288998506
"Gpr37",-1.58001204564776
"Atp5md",-1.58185118560349
"Dmrta1",-1.5820992429932
"Prdx3",-1.58251052116745
"Map3k4",-1.58419744016555
"Ubl3",-1.58427484601979
"Hmgcr",-1.58436033727136
"Sult1d1",-1.58514127448491
"Atxn10",-1.58524720004564
"LOC100360940",-1.58627835823757
"Trim9",-1.58632451904096
"Pnlip",-1.5863858922085
"Slc25a3",-1.58850648415728
"Uba6",-1.58855929569877
"Pacs2",-1.58863792220537
"Slc25a32",-1.58868591006395
"Ubxn2a",-1.58928761631274
"Tmem189",-1.59087212679418
"Vwa7",-1.59134417129209
"Prkcz",-1.59248670490162
"Cab39",-1.59254154172102
"Agt",-1.59267362101751
"Slc22a17",-1.59311215035635
"Lnx2",-1.5936325935117
"Lrig2",-1.59384829671552
"Pik3r3",-1.59412891637285
"Kif5a",-1.5947155031819
"Npas2",-1.59529276476394
"Hbs1l",-1.59569566749743
"Neb",-1.59612974933622
"Aars2",-1.59689503681118
"Stradb",-1.59708290608948
"Sec22c",-1.59807502318141
"Bcl11b",-1.59837946387687
"Sprtn",-1.60012547928101
"Znhit2",-1.60029861198885
"LOC103690173",-1.60073382395453
"Slc38a2",-1.60108981964398
"Pramef8",-1.60338978854276
"Tceal5",-1.60449126740374
"Ccr10",-1.60467800380297
"Mid1ip1",-1.60510994177751
"Snrnp70",-1.60562341581402
"Zbtb33",-1.60724237199332
"Ogg1",-1.60807347004415
"Abcf3",-1.6088072688336
"Crispld1",-1.60916292059191
"Otof",-1.60968389368222
"Plekhg3",-1.61005021020014
"Trim72",-1.61054930459
"Ttc30a1",-1.61084470708332
"Togaram2",-1.61111397010403
"Lpcat2",-1.61165640274698
"Kdm4d",-1.61202262812135
"Stxbp5",-1.61308435126557
"Gpr165",-1.61349123147589
"Emc10",-1.61374596367584
"Ces1a",-1.61913806899464
"Adgrg2",-1.61914553495859
"Arntl",-1.61924878778666
"Myo9a",-1.61984496170032
"Dcst2",-1.61989627667722
"Gpr137c",-1.62008471560982
"Cntnap1",-1.62051485431293
"Dnajc10",-1.62059057796588
"Sco1",-1.62163922835293
"Camk2n1",-1.62199798926266
"Sgca",-1.6226557036132
"Bmyc",-1.62300200299722
"Nab2",-1.62376367308325
"Gatc",-1.62477737600494
"Dach1",-1.62480031953486
"Trip11",-1.62503510805612
"Whrn",-1.62618417279475
"Osr2",-1.62623585466255
"Tfrc",-1.62658046648909
"Tbk1",-1.62686532091664
"Col25a1",-1.62728108374484
"LOC100125364",-1.62749229697216
"Fam120b",-1.62816970383695
"Itgb3",-1.62893441646478
"Dll1",-1.63115893802504
"Gldc",-1.63156541127818
"Dzank1",-1.63172223530645
"Mcts1",-1.63216411163503
"Sec24a",-1.63271860560989
"Grin1",-1.6328219269233
"Slc19a1",-1.6331797043837
"Idh3g",-1.63383509044082
"Sgtb",-1.63414493041526
"Olfm1",-1.63441299420958
"Got1",-1.63551987478045
"Myadml2",-1.63599635594631
"Pdlim3",-1.63773184783828
"Dnm1",-1.63845003666698
"Gpr89b",-1.63864982329955
"Vapb",-1.63993627484035
"Slc12a5",-1.64084645283204
"Akain1",-1.64134240448926
"Ikzf4",-1.64201073741061
"Ndufs4",-1.6421628447888
"Clybl",-1.64322433268047
"Xkr7",-1.64376519163464
"Fam126b",-1.64382598972516
"Nudt22",-1.64562340198256
"Aif1l",-1.64563963120959
"Smad6",-1.64623445751656
"Rab9b",-1.64659075662202
"Ckap5",-1.6475045274349
"Kcnj6",-1.64753592293013
"Ttc37",-1.64841963965497
"Kcnj11",-1.64844394371364
"Dtx4",-1.64853603840003
"Pex3",-1.64932416863142
"Pyurf",-1.64937977148948
"Ss18l2",-1.64955179142985
"Ubxn2b",-1.65006891155078
"Slc22a5",-1.65020271093161
"Fanca",-1.65136286395334
"Adss",-1.65250357657393
"Sncaip",-1.65256925342639
"Timm17a",-1.65330289742703
"Actl6a",-1.65381845305036
"F2r",-1.6541822473042
"Phf20",-1.65606033338418
"Lrguk",-1.6572511951676
"Hspa13",-1.65899480791914
"Ogfod1",-1.65901646160074
"Eml6",-1.65913922442654
"Bcs1l",-1.66015161364187
"Slc27a3",-1.66100871241984
"Tnrc6a",-1.66128217825247
"Vsig10",-1.66214418595436
"Shc4",-1.66222084509416
"Rpl22l1",-1.66224601964377
"Rfc2",-1.66267557104532
"Epb41l1",-1.66317229266286
"Repin1",-1.66359368026038
"Sema3g",-1.66401235320568
"Ctu2",-1.66540555204614
"Cabp1",-1.66583909907011
"Usp9x",-1.66593174404209
"Slc7a10",-1.66674188194804
"Ankrd35",-1.67000062470104
"Fam166a",-1.67062687179797
"Acsm4",-1.67092973444633
"Catsperd",-1.6714857592901
"Abtb1",-1.67173321719509
"Mill1",-1.67177098875105
"Hdlbp",-1.67198235336254
"Ppp1r16b",-1.67249083975772
"Ranbp6",-1.67314132421093
"Nfatc2",-1.6740239082183
"Ap1b1",-1.67591867145381
"Cmya5",-1.67621324421789
"Klhl11",-1.67627295774975
"Ttll5",-1.67667248651158
"Ccdc117",-1.67798367110674
"Osbp2",-1.67842344126176
"Tmem151b",-1.67999188352578
"Ybey",-1.68076987786787
"LOC100360846",-1.68139361223905
"Crebl2",-1.68374283796638
"Unc5c",-1.68386217764857
"Zdhhc23",-1.68399800887364
"Slc3a1",-1.6848711133161
"Mfsd2b",-1.68490531379475
"Yipf2",-1.68551658475959
"Fam162a",-1.69003722197907
"Rundc1",-1.69004902529805
"Nap1l3",-1.69574434055073
"Atcay",-1.69579026966212
"Il22ra2",-1.69617129000651
"Usp25",-1.69722505555631
"Tmem14c",-1.69844323335333
"Larp7",-1.6984528508873
"Krt75",-1.69880713031567
"Ppp2r5c",-1.69900922892563
"Mphosph6",-1.69930537341766
"Rnf6",-1.69962947784343
"Xiap",-1.70025348972469
"Fstl5",-1.70041681593454
"Col9a1",-1.70167310931583
"Ntrk2",-1.7021823809907
"Utp4",-1.70293107752204
"Pi4ka",-1.70328890632496
"Enpp2",-1.70504430900431
"Scarf1",-1.70607171650267
"Gdap1l1",-1.70634368139811
"Tlr5",-1.70658376045101
"Adh7",-1.70665329548843
"Ifi27l2b",-1.70823804419247
"Smtnl2",-1.70827448612293
"Nbn",-1.70938826780518
"Pdzrn3",-1.7102534388064
"B4galnt3",-1.71102429963507
"Mpped1",-1.71213794174923
"Cep126",-1.71234898194752
"Rab2a",-1.71250731825974
"Flrt1",-1.71322895335619
"Zdhhc19",-1.71436562211873
"Ppfia3",-1.71557260730525
"Slc2a8",-1.71572268805413
"Tob1",-1.71625731330098
"Pnpla1",-1.71714478798984
"Crh",-1.71725547395136
"Dpp9",-1.71876557795617
"Cep290",-1.72165494335104
"Necap1",-1.72191665173979
"Eif2b2",-1.72259026165155
"Cert1",-1.72370125982414
"Dync1h1",-1.72376771481254
"Dld",-1.72559570016553
"Ttc1",-1.7261044591622
"Nat8f1",-1.72614614853319
"Hspa5",-1.72704844029689
"Rprm",-1.72765769423291
"Tbx2",-1.72877948653274
"Efr3b",-1.73156799434531
"Cdh15",-1.73165350100229
"Mcu",-1.73230009149078
"Klhdc8b",-1.73275960749005
"Herpud1",-1.73310272307728
"Trappc3l",-1.73325865632108
"Psmd12",-1.7338126856337
"Hoxd1",-1.73395047944423
"Stxbp1",-1.73414808694171
"Brap",-1.73432434243417
"Piezo2",-1.73468697838042
"Tmx2",-1.73593487187855
"Tmem35a",-1.7361914896767
"Sbk1",-1.73633058293363
"Bnip3",-1.73666460943331
"Ube2f",-1.73771093966259
"Dvl3",-1.73859158650142
"Ggps1",-1.73922519361084
"Ccdc102a",-1.73935172689953
"Anp32e",-1.74055928527258
"Slc12a1",-1.74103667978727
"Klhl3",-1.7411295821528
"Ublcp1",-1.74179586056248
"Ermp1",-1.74289655023624
"Adgrg1",-1.74314922069998
"Fam92b",-1.74331940790914
"Samd11",-1.74339860300599
"Grip2",-1.74345969975792
"Jsrp1",-1.746360452714
"Gnpat",-1.74671213899342
"Tanc1",-1.74681111782171
"Nsd1",-1.74724829597053
"Ubac1",-1.74776677446271
"Efhc2",-1.74814592755474
"Lrp11",-1.75056051806478
"Col8a1",-1.75065154311087
"Fbxl5",-1.75113859426929
"Rnf157",-1.75141477943981
"Tax1bp1",-1.75215990298953
"Syt9",-1.75275817779106
"Tdrkh",-1.75277626560556
"Mbd5",-1.75387785011156
"Paqr5",-1.75533526322801
"Acadl",-1.75581693053727
"Cdh10",-1.75603493790611
"Dnajc6",-1.75642351294868
"Ndufa12",-1.75662064462376
"Gsta3l1",-1.75695403952529
"Fabp3",-1.7587795715944
"LOC108348144",-1.76003223272135
"Fbxo22",-1.76406731350782
"Ccdc15",-1.76618685337165
"LOC100910143",-1.76653097388243
"Mms22l",-1.76723354823889
"Zdhhc22",-1.76740888641182
"Cltc",-1.76750333598846
"Utp25",-1.7679334494748
"Pfkl",-1.76933345056459
"C14h7orf57",-1.76934188307546
"Exoc1l",-1.76936898332228
"Pcsk2",-1.76957639446877
"Ola1",-1.76962324524993
"Gda",-1.77045323749556
"LOC103690033",-1.77066035451012
"Ckb",-1.77101691178141
"Prkaa2",-1.77105332298071
"Spire2",-1.77112015525837
"Isca1",-1.77174291985961
"Alk",-1.77179221070722
"Sptan1",-1.77195440508956
"Supt4h1",-1.77268580651959
"Ddx23",-1.77401633278915
"Xylb",-1.77433187804825
"Sipa1l1",-1.7750585271143
"C16h10orf71",-1.77603755532063
"Esrra",-1.77624794638436
"Zfp575",-1.77824273035503
"Agap3",-1.77860936502142
"Spta1",-1.77868421680523
"Khk",-1.77889688069535
"Ephb1",-1.77925976584341
"LOC102548695",-1.77951984580041
"Tceal1",-1.77955749088557
"Aqp1",-1.7795911926373
"Nes",-1.78029346949727
"Cartpt",-1.78144715830512
"Rom1",-1.78315648418171
"Ahrr",-1.7833299395023
"Abcc2",-1.78351442846135
"Rap1gap2",-1.78369434382232
"Smim7",-1.78419896095174
"Tmem170a",-1.7847742907007
"Rsph3",-1.7872721559277
"Ca3",-1.78736360786361
"Tmem82",-1.78784187401627
"Epb41l3",-1.78849197129815
"Slc25a13",-1.78942709506964
"Degs2",-1.78949643582878
"Marchf11",-1.79022928831555
"Chchd3",-1.79048576444005
"Cd79a",-1.79108314423726
"Atp5f1b",-1.79179646437634
"Pimreg",-1.79211532081322
"Atp6v0e2",-1.79263007751376
"Lpar5",-1.79343632544152
"Atp6v1a",-1.79462893097467
"Mrgprx3",-1.79556507981571
"Ankrd40",-1.79686174353181
"Tnnt3",-1.79696995797577
"Kcnq5",-1.79700093410171
"Hint2",-1.79976488638378
"Taf5",-1.80054334212193
"Wdr61",-1.80102725900647
"Ddi2",-1.80163410823998
"S1pr1",-1.80227550091643
"Fam149a",-1.80284986255289
"Slc22a13",-1.80321793481932
"Myoz1",-1.80404528443229
"Shc3",-1.80578109737115
"Stoml2",-1.80608453882806
"Nrap",-1.8070431216964
"Nxf2",-1.80788514192311
"Trmt9b",-1.80863240373615
"Snx13",-1.80876270707097
"Tnnc2",-1.80965414202707
"Il1rapl2",-1.81011582444112
"Nmb",-1.81073381676801
"Fbp2",-1.81116139947564
"Fitm2",-1.8113916811654
"Golga3",-1.81260840534275
"Pmpcb",-1.81270965911347
"Ntsr2",-1.81350206538829
"Mrto4",-1.81357376169203
"Actc1",-1.81368134726666
"Adgrg3",-1.81388076255826
"Wdtc1",-1.81527538629214
"Ddx52",-1.81536788080838
"Hmgcs1",-1.81564355386611
"LOC108348137",-1.81741413124226
"Peak1",-1.81833985805947
"Slc16a2",-1.81916340148119
"Nudcd3",-1.81951225063117
"LOC100360491",-1.81978469853596
"Fbxw5",-1.82036366704219
"Specc1l",-1.82071828484954
"Insig1",-1.82204476795517
"Gadd45gip1",-1.8226308380537
"Scamp1",-1.82285126959729
"Ttc21b",-1.8234223158578
"Mtrex",-1.82404219328875
"Acvr1b",-1.82532286997425
"Arhgap5",-1.82534561041921
"Slurp1",-1.82635411838521
"Ppp5c",-1.8266618992627
"Usp35",-1.82963821624308
"Drc1",-1.83022664426504
"Cpne3",-1.83135578867422
"Necab3",-1.83173442435283
"Bola3",-1.83237202601522
"Drgx",-1.83361572529795
"Wdr27",-1.83445074074212
"Slc34a2",-1.83445464641046
"Maged2",-1.83521736900993
"Bckdhb",-1.83706386971254
"Adck1",-1.83738658931178
"Ndufb3",-1.83786529038279
"Pdcd7",-1.8382350053408
"LOC683897",-1.83894568456383
"Atr",-1.83899970684265
"Cln6",-1.83948350116495
"Trarg1",-1.83983704023887
"Fam81a",-1.84026000571198
"Spns2",-1.84085247821224
"Rdx",-1.84168158642994
"Ccser2",-1.8422425970836
"Vwa5b1",-1.84272010310941
"Trpc4ap",-1.84333346112266
"Snrpg",-1.84673885337334
"Ceacam1",-1.8471014383273
"Fer",-1.84729427174721
"Mbnl1",-1.84749196166221
"Slc24a4",-1.84843434899308
"Rap1gap",-1.84870414959538
"Atp8b5",-1.84884043753642
"LOC100125368",-1.84903538730947
"LOC103693780",-1.849576051561
"Osbpl9",-1.84991603170384
"Pecr",-1.85017248619532
"Pgbd5",-1.8505795561631
"Gabrb2",-1.85311377683123
"Fgfr1",-1.85370044640142
"Twf2",-1.85389872509759
"Ypel5",-1.85467152186282
"Mrgprb4",-1.85519626105247
"Ghitm",-1.85565360313025
"Polr2g",-1.85797894507827
"Gpd2",-1.85807220379387
"Tsc22d3",-1.86037290205712
"Mst1r",-1.86120679327996
"Tm6sf1",-1.86230775078231
"Ubqln2",-1.86283229281085
"NEWGENE_1308196",-1.86319188534548
"Bmpr1b",-1.86360058055078
"Tsr2",-1.86383659440931
"Kcnj3",-1.86473298520722
"Ndufaf6",-1.86483853285124
"Osbpl1a",-1.86492496972902
"LOC103690190",-1.86516494764479
"Plbd2",-1.86539225080085
"Ampd2",-1.86562501724368
"Frmd3",-1.86610887080911
"Camkk1",-1.86733095644108
"Slc39a13",-1.8674035048318
"Cuedc1",-1.86791051726423
"Tbp",-1.8683156898271
"Cadps2",-1.86857120860283
"Pdhb",-1.86860379514369
"Rps2",-1.86960156896339
"Phyh",-1.87000774910764
"Mapk1ip1",-1.87106887091605
"Hccs",-1.8715192170938
"Ifi27",-1.872856923463
"Tgm3",-1.87309524403651
"Fbn2",-1.87417651036302
"Ryr1",-1.87446299747744
"Rad51c",-1.87777016537051
"RGD1310352",-1.87912421157811
"Sparcl1",-1.88049601859921
"Tmem231",-1.88088026239256
"Atp5f1a",-1.88139063062774
"Usp33",-1.8815220182027
"Bhlhb9",-1.88223226386658
"Azi2",-1.88247363087227
"Lrtm2",-1.88315952960105
"Doc2b",-1.88337279252986
"Eva1c",-1.88356443838364
"Siah3",-1.88424762026587
"Lif",-1.88425352989637
"Snx27",-1.88547574832979
"Dnah6",-1.88579596453439
"Adk",-1.88636138756037
"Slc35g2",-1.88674247400461
"Zfp503",-1.8881180968658
"Cops8",-1.88877010675568
"Abcb7",-1.89060992854238
"Efnb2",-1.89122224523108
"Ercc8",-1.89208444784036
"Dctn6",-1.89293548204316
"Myl1",-1.89370555867164
"LOC100362432",-1.89402610040652
"Mrpl35",-1.89617494361698
"Ifit1",-1.89664943254199
"Fbll1",-1.89701268037108
"Secisbp2l",-1.89704551901591
"Nolc1",-1.89733558488383
"Sos1",-1.89789970920606
"Vstm2a",-1.89845566486071
"Ap1s2",-1.89861102755822
"Synj1",-1.89909345499258
"Olr1192",-1.89977445767079
"Satb1",-1.90143999473974
"Pik3c2g",-1.90196464302506
"Cep83",-1.90252475116015
"Adat1",-1.90279232217682
"Sec11c",-1.9029930977067
"Dynll2",-1.90588353223748
"Ankrd9",-1.90598090688563
"Glod4",-1.90612719492462
"Zfp219",-1.90693636974767
"Bloc1s5",-1.9070051510543
"S1pr5",-1.90702128463354
"Slc25a12",-1.90725203414474
"Pgap4",-1.90892267689182
"Fcsk",-1.9101682926188
"Nsdhl",-1.91036217539601
"Dsc1",-1.91039332782889
"Sypl2",-1.91047794084811
"Acadsb",-1.91181933554793
"Gskip",-1.91190702308702
"Vcpip1",-1.91231721681334
"Ubqln1",-1.91333062818018
"Spsb3",-1.91352335755214
"Tmem223",-1.91429885394163
"RGD1309730",-1.91511639669035
"Apbb1",-1.91612650845362
"Rbfox3",-1.91823089749374
"Phospho1",-1.91941030233878
"Pygm",-1.92093225488029
"Shisal1",-1.92313138239715
"Atp2b2",-1.92590307803584
"Incenp",-1.92590379908961
"Ppil6",-1.92613139252087
"Zfyve9",-1.92671442265706
"Dnaaf4",-1.92710132837291
"Creb3l4",-1.92724390040497
"Maf",-1.92772408035319
"Rab3gap1",-1.92830128798439
"Rragd",-1.92965063950281
"Map2k6",-1.93487872257179
"Dlgap3",-1.93605764793231
"Slc9a5",-1.93702093463873
"Tmem100",-1.93710302644884
"Cbfa2t2",-1.93832695276717
"Hrc",-1.9385333555211
"Ext2",-1.94074657738451
"Cyhr1",-1.94180953508135
"Mob4",-1.94255260086098
"Tmem45b",-1.94259294373316
"Krt25",-1.94260238167235
"Gdpd3",-1.94365043506256
"Fryl",-1.94726847308087
"Phtf1",-1.94888928919645
"Gphn",-1.94958383458052
"Fam184a",-1.94996884684159
"Marchf5",-1.95054567212523
"Kcnk12",-1.95190201514383
"Slc35f4",-1.95302943728657
"Tuba8",-1.95371319748797
"Gabarapl1",-1.95411699276483
"Xirp2",-1.95478860649386
"Kcna7",-1.95593732935879
"Tmem167a",-1.95868110913365
"Mtcl1",-1.95910456610033
"LOC100359600",-1.9591141626144
"Gtpbp4",-1.96073894460297
"Dusp5",-1.96084147660111
"Sirt5",-1.9615447146462
"Doc2a",-1.96434481394015
"Dync1i1",-1.96575767669922
"Hbb",-1.96643923362325
"Calca",-1.96811238686773
"Pja1",-1.97093867127666
"Fam8a1",-1.97129567905683
"Fbxo9",-1.97140019514522
"Crip2",-1.97143521948717
"Mospd1",-1.97419521050557
"Arrb2",-1.97433176641896
"Mcc",-1.97452669406452
"Sema6b",-1.97540732242753
"Whamm",-1.97597606622115
"Bag5l1",-1.97607047162762
"Wdr89",-1.97800026140751
"Trim54",-1.98006460007937
"Scn11a",-1.98038584872927
"Mkx",-1.98094521632938
"Skint10",-1.98119990071272
"Tgds",-1.98227175523545
"Ighmbp2",-1.98238839331368
"Micu1",-1.98315344297148
"Gpx7",-1.98475718777487
"Mapk8ip2",-1.98527973503513
"Ddx20",-1.98553273173746
"Abca2",-1.98799256497575
"Cda",-1.98917009966393
"Ngb",-1.98934584910125
"Grid2ip",-1.99052683536899
"Abhd2",-1.99066919148253
"P2ry1",-1.99070878306513
"Tdrp",-1.991638159867
"Nsa2",-1.99221212613567
"Obscn",-1.99252660595806
"Polr1c",-1.99297897916415
"Lancl3",-1.99302900157588
"Pmpca",-1.99344849938568
"Me2",-1.99614819188976
"Msrb3",-1.99855018001501
"Pigm",-2.00051615162504
"Klhl31",-2.00108375492722
"Ddx10",-2.00133475081707
"Oprd1",-2.00156471451042
"Chst12",-2.00215204267769
"Paip2b",-2.00247746416472
"Dnajb4",-2.00248861956594
"LOC103691556",-2.00329591925632
"Enpep",-2.00485396797743
"Pip4p1",-2.00620625326973
"Ddx24",-2.0070760347561
"Rpusd2",-2.00872579900726
"Hexim1",-2.00908146099271
"Wdr7",-2.01013835586317
"Kcnip2",-2.01072741057892
"Cog6",-2.01111602367574
"Dnaaf2",-2.01349404003304
"Fkbpl",-2.01367937118849
"St8sia4",-2.014414253862
"Nrip2",-2.0156623125842
"Osbpl5",-2.01682384178318
"Iscu",-2.01695471826883
"Txnl4b",-2.02049552683053
"Tpcn1",-2.02126809370506
"Chrna6",-2.02162169671503
"Dph6",-2.0221142296851
"Ptk7",-2.02225326994582
"Nxph3",-2.0228592037946
"Adamts20",-2.02495041196333
"Adamtsl2",-2.02523120696954
"Itm2c",-2.02595029686038
"Gabra4",-2.02628801803765
"Senp6",-2.02819004249021
"Eif3j",-2.02874367253686
"Dock11",-2.02977152990524
"Bambi",-2.02988095404547
"Prr5",-2.03088191450057
"Tusc2",-2.03163322461755
"Colgalt2",-2.03330410370415
"Nckipsd",-2.03476818252808
"Tmem182",-2.035305279312
"Klhl8",-2.0370381604908
"Itgb6",-2.03783249111303
"Syce2",-2.03844330721898
"NEWGENE_620180",-2.03935641267012
"Slc38a1",-2.04052137765235
"Stum",-2.04083241849862
"Snrpf",-2.04185724185291
"Cntn2",-2.0424187154579
"Arl5b",-2.04341688719688
"Polr2c",-2.0451888402805
"Xylt2",-2.04771779418205
"Esyt3",-2.04998417119907
"Rb1cc1",-2.05422741708854
"Eif4a2",-2.0546671351472
"Pdhx",-2.05533402112983
"Ssbp2",-2.05644145224775
"Cavin4",-2.0574677993235
"Idh3b",-2.05782998755576
"Phyhipl",-2.05812354493479
"Nipal3",-2.06018595416096
"Fndc1",-2.06540304573172
"Armc1",-2.06747742170173
"Cacna1g",-2.06844898538852
"Bcas2",-2.06877876531209
"Tstd2",-2.06878080227758
"Dctpp1",-2.06891786725791
"Tomm34",-2.06991670707888
"Calml4",-2.07209273534269
"Paxx",-2.0727908066204
"Ak5",-2.07416897382711
"Iqsec1",-2.07550890238545
"Lrp3",-2.07816601982859
"Strn",-2.07899861030672
"Mt2A",-2.07907749510692
"Acp4",-2.08107788383723
"Ndufb8",-2.08181285366705
"Tmem72",-2.08198320468284
"Lysmd1",-2.08249665366222
"Zbtb37",-2.08622014178839
"Clrn1",-2.08789647159801
"Hspa8",-2.08963917211368
"Galr1",-2.090992657992
"Atp13a2",-2.09185878335462
"Rmdn3",-2.09324964872733
"Casq1",-2.09399811628693
"Podxl2",-2.09403235999508
"Spry3",-2.09620125996684
"LOC108348154",-2.09881170650484
"Sub1",-2.09944328946622
"Cracd",-2.10134533580139
"Thbs3",-2.10435979362477
"Tmem74",-2.10500761018525
"Rgcc",-2.10643534786888
"Msrb2",-2.10735818839101
"Asnsd1",-2.1081114545312
"Sucla2",-2.10884747452999
"Csmd1",-2.11036948995023
"Slmap",-2.11183185624856
"Slc25a37",-2.11253984651392
"Nfasc",-2.11394455967341
"Heyl",-2.11430787006959
"Klhl12",-2.11447745695462
"Gtf2b",-2.11460087364061
"Sertm1",-2.11490426535297
"Ap2b1",-2.11767011359296
"Camkv",-2.11973523098625
"Atp5mc3",-2.1213422065557
"Rnf125",-2.12244525757362
"Fsd2",-2.12447128911799
"Chrna7",-2.12593614637688
"Zswim4",-2.13081470586624
"Ttc9",-2.13160366055957
"Vom2r45",-2.13231409825579
"Clmp",-2.134018438077
"Pxmp4",-2.13618273952924
"Ube2j1",-2.13731199776165
"Mis18bp1",-2.13838958032421
"Kcna2",-2.13918635938479
"Lnpep",-2.13927975918432
"Cdk5",-2.14054555314411
"Mpped2",-2.14126367589144
"Keap1",-2.14167481719674
"Slc37a2",-2.14215646375672
"Ankrd23",-2.14255541392242
"Ar",-2.14476250892584
"Alkbh3",-2.14497672259061
"Vav2",-2.14526539757295
"Atp6v1c1",-2.14527134227778
"Ksr2",-2.1472613106955
"Pik3cb",-2.14772354736833
"RGD1359108",-2.1478283016892
"Myo1e",-2.14998315190986
"Acox2",-2.1515946120145
"Fxr2",-2.15328971848969
"Fabp7",-2.15630135734198
"Mfsd6",-2.15852015967171
"Sc5d",-2.1586792217681
"Galnt5",-2.15923904585079
"Glg1",-2.16222235252875
"Ldhb",-2.16450039916538
"Cd55",-2.16549392024203
"Galnt18",-2.16678971005364
"Cfl2",-2.1674877789771
"Cry1",-2.16879311865267
"Rmdn2",-2.16903180843438
"Depdc5",-2.16965428302548
"Dnajb9",-2.17038192013261
"RGD1565784",-2.17299407564263
"Shisa2",-2.17475142599185
"Arfgef2",-2.17483257955268
"Napb",-2.17508643626795
"Zrsr2",-2.1758837607798
"Tatdn2",-2.17754828429217
"Daam1",-2.17840469119542
"RGD1305298",-2.17885010272837
"Syp",-2.17892414170068
"Klhl33",-2.17947147274245
"Kctd15",-2.18051248442261
"Kank4",-2.18113901193705
"Tmem132b",-2.18171912261556
"Miga2",-2.1882232607567
"Cog4",-2.18935108918718
"Hcrtr2",-2.19046426968939
"Mgmt",-2.19232952034169
"Selenom",-2.19432439636844
"Icmt",-2.19452157466009
"Hsd17b10",-2.19503137557902
"Bcap31",-2.19649524669744
"Igf2r",-2.19760468895223
"P4ha1",-2.19867376288593
"Polg",-2.19889375195797
"Etfa",-2.19944072410461
"LOC108350059",-2.2015488370563
"NEWGENE_1565644",-2.20217168863062
"LOC691995",-2.2045811290865
"RGD1304884",-2.20525431610847
"Cwc15-ps3",-2.20640172710387
"Mrpl46",-2.20724935836963
"Cd24",-2.20866498281202
"Elac1",-2.20966801474434
"LOC498154",-2.21059359510697
"Vasp",-2.21183155138171
"Fbln5",-2.21256664650663
"Lsamp",-2.21280508403871
"Dym",-2.21298081748005
"Ppp1r3c",-2.21394799021675
"Sorcs3",-2.21396586628649
"LOC100909524",-2.21727817115064
"Ndufa5",-2.21905351468605
"Afg3l2",-2.22040087677793
"Guf1",-2.22385125284805
"RGD1308601",-2.22409753043501
"Ankrd55",-2.22522765753414
"Cops2",-2.22803155065215
"Atp6v1b2",-2.22848047473276
"Atpaf1",-2.22922411547791
"Dnajc24",-2.23010282361985
"Zfand3",-2.23134136728206
"Plcd4",-2.23284582907924
"Gpr180",-2.233276075019
"Gucy1a2",-2.23480399247148
"St3gal5",-2.23606566401347
"LOC108348298",-2.23810515509584
"Fbxo21",-2.2396346018763
"Pkd1",-2.24019862167154
"Cbfb",-2.24073911920902
"Smpx",-2.24138842164909
"Dop1a",-2.24380382122241
"Ift81",-2.24595723376184
"Ndufa9",-2.24622523233391
"Insyn1",-2.24755378488263
"Pcp4l1",-2.24965497282475
"Lin7b",-2.25183345920029
"Corin",-2.25184751696382
"Exoc6b",-2.25315930115167
"Spaca9",-2.25320910863012
"Peg3",-2.25407523340129
"Map3k10",-2.25909945255461
"Actn3",-2.2605918718184
"Lactb2",-2.26066646722925
"Etv5",-2.26345742513335
"Npb",-2.26534729078736
"Supt16h",-2.26631250424536
"Kcnh2",-2.26898151844301
"Lix1",-2.26991567503868
"Sh2b1",-2.27168874472535
"Rabl6",-2.27590253946483
"Lipg",-2.27666594810745
"Ap3b2",-2.27694462679317
"Fam193a",-2.27700188844408
"Auh",-2.27790028415972
"Slc6a8",-2.28088722734886
"Cacng5",-2.28135602814495
"Klhl14",-2.28146854067368
"Stk26",-2.28225708174045
"Chn2",-2.28269935813881
"Trak2",-2.2841279516409
"Snrk",-2.28822810938271
"Slc2a13",-2.29574692478115
"Pof1b",-2.29712371736316
"Cdh1",-2.29786758280609
"Cisd1",-2.2987166566123
"Suclg1",-2.29995295985087
"Ccnh",-2.30194888329714
"Srp68",-2.30280605781204
"Kank1",-2.30308900860621
"Pkig",-2.30490482320566
"Egln3",-2.30588253093201
"Anapc7",-2.30688010466571
"Chrnb4",-2.30772515029142
"Tpm2",-2.3095388696128
"Herc3",-2.311674690829
"Pygb",-2.31243529021331
"Rassf6",-2.31509904236554
"Usp8",-2.31980164454824
"Mlip",-2.32501539747563
"Slc9b2",-2.32695915057175
"Spry4",-2.33204926295322
"Noa1",-2.33262919501108
"Inka2",-2.33441915954806
"Ppargc1b",-2.3354792223891
"Tab3",-2.33668661504346
"Mgat3",-2.34004659870578
"Actn2",-2.34223255949502
"Apobec2",-2.34424180930928
"P2rx5",-2.34435554581377
"Racgap1",-2.34507486867284
"Gys1",-2.34536112274582
"LOC103690054",-2.34845855627737
"Alpk3",-2.35043405596696
"Det1",-2.35162131050821
"Nars1",-2.3534283457888
"Bag5",-2.3541808987801
"Pja2",-2.35505294510741
"Tmem229b",-2.35939462259668
"LOC679087",-2.36099417020414
"Trim66",-2.36202853788139
"Lrrc46",-2.36281449711858
"Ecrg4",-2.36705733176385
"Snx7",-2.36950756939355
"Wdr53",-2.37152855817522
"Asphd2",-2.37223915785328
"Si",-2.37287498563598
"Sec14l1",-2.37312281913049
"Pak1",-2.37336593545774
"Clint1",-2.3735785819569
"Sars1",-2.37415273406565
"Ntrk3",-2.37436235659946
"Slc25a20",-2.37619198880086
"Tmem132e",-2.37980144927275
"Sall4",-2.38029586276575
"Mrgprd",-2.38131114717324
"Chac1",-2.382800336732
"Grin2a",-2.38292293493637
"Sacm1l",-2.38408952855255
"Hoxa1",-2.38756256841567
"Dcakd",-2.38866916749286
"Fanci",-2.39118377045675
"Tex38",-2.39154732769109
"Tigar",-2.39964576631313
"Srl",-2.40669726744034
"Ppcs",-2.40732578618928
"Cmpk2",-2.40765591164552
"Asic1",-2.40864252144939
"Ormdl3",-2.40956919389295
"Pkp1",-2.40975804262551
"Disp3",-2.41012466143905
"Pgf",-2.4110492523456
"Abcc8",-2.41122419583232
"Amigo1",-2.41165939332274
"Urb1",-2.41390389810456
"Rapgef5",-2.41695173457583
"Mtmr6",-2.42110598145664
"Kif17",-2.42436198850169
"Dnajc27",-2.42440072325136
"Gprc5b",-2.4266786769805
"Fastkd2",-2.43013871607446
"Syt3",-2.43210856832591
"Morc4",-2.43676210430722
"Slc35e2b",-2.43863061329341
"Elmo1",-2.44106367196325
"Fen1",-2.44287428219299
"Ttc27",-2.44571459203408
"Crk",-2.44589983641426
"Slc25a16",-2.4483064107093
"Tusc3",-2.44910848055611
"Gfm1",-2.45128546010234
"Tspan8",-2.45177897466716
"Anxa5",-2.45560875014597
"Slc16a1",-2.45573345705232
"Dnaja4",-2.45670821582709
"Entpd6",-2.45925247181235
"Rabep2",-2.46122575133198
"Plcxd3",-2.46300908651691
"Ranbp1l1",-2.46880565612745
"Cd99l2",-2.47047691359374
"Gabbr2",-2.47109989097033
"Impa2",-2.47271497969855
"Zfp248",-2.47274073970562
"Kcnf1",-2.47283985918025
"Kndc1",-2.47567701020818
"Slc46a2",-2.47768197980289
"Kif5b",-2.48222960554715
"Tmem255a",-2.48546657922202
"Cmtm4",-2.48671829032223
"Pycr1",-2.48724289000565
"Acta1",-2.48923560498077
"St8sia5",-2.49045327725058
"Mark1",-2.49368795533085
"Cnr1",-2.50255990793913
"Htr3a",-2.50311422442384
"Cbln4",-2.50929769232483
"Lrpprc",-2.51122498823605
"Kyat1",-2.51287915065423
"Zfp423",-2.51349156685268
"Iars2",-2.51509664946129
"Ndufs1",-2.51887315706834
"Nfia",-2.52142884826154
"Lrfn5",-2.52193148960924
"Paqr4",-2.52194661433436
"Mkks",-2.52232288170872
"Mycbp2",-2.52249982014213
"Ndufaf1",-2.52400319209463
"LOC102548286",-2.52545961944774
"Hmox1",-2.52567737847399
"Ces1d",-2.52638298644925
"Tox3",-2.52644564057367
"Hspd1",-2.53165199113779
"Lacc1",-2.5321647985302
"Myh4",-2.53436042571651
"Dlgap1",-2.53595619430202
"Fam163a",-2.53799789882344
"Hes5",-2.54118004126812
"Gdap1",-2.54123456829895
"Tpbgl",-2.54161578868349
"Kcnc3",-2.54440425222123
"Slc35f3",-2.54729893326781
"Elovl4",-2.54822895206695
"Dmxl2",-2.55224182322249
"Magee1",-2.55251480275791
"Kcnj4",-2.55436005102115
"Fstl1",-2.55597696720091
"Myom1",-2.55703997142097
"Slc25a33",-2.55877078051489
"Nckap1",-2.56014509651489
"Nrn1",-2.56237265552998
"Htr2c",-2.56396443183279
"Tmem9",-2.56530974911548
"C1ql2",-2.56773800341224
"Ube2n",-2.56833969730432
"Zc2hc1a",-2.5721570643336
"Krt26",-2.57259145856244
"Ndufa10l1",-2.57879575560795
"Tspan14",-2.57950019729936
"Tcte1",-2.58006510147733
"Cgnl1",-2.58247624508288
"Atp2a2",-2.58682446881116
"Hadhb",-2.59233856218062
"RGD1563349",-2.60238602612552
"Fkbp4",-2.60266287633615
"Rnf112",-2.60532956769884
"Srgap3",-2.6065685628969
"Aars",-2.60739311183062
"Mob3b",-2.60846090818306
"Calb2",-2.60875067672854
"Etv4",-2.60965657973217
"Dpp6",-2.61173120600613
"Gclm",-2.61526176316923
"Kcnj16",-2.6196017053975
"Itga11",-2.62100267922115
"Arfgef1",-2.62200732427089
"Rcor2l1",-2.62446974562867
"Ildr1",-2.62532041232909
"Slitrk5",-2.62573344185666
"Necab1",-2.62758259593327
"Nsg2",-2.62988572727087
"Vgll4",-2.63079950974077
"Rbm11",-2.6309898225488
"Gabra1",-2.63163327349201
"Cdo1",-2.63334708677026
"Iws1",-2.63476395991988
"Kif21a",-2.63581769881715
"Fam13a",-2.63592484946378
"Cntnap4",-2.64142941154222
"Myo3a",-2.64406483193133
"Ankrd13d",-2.64595222551408
"Fam234b",-2.64772989214478
"Rcan2",-2.64848446460307
"LOC100910732",-2.64867312141392
"Sez6l",-2.64941627013651
"Slc24a2",-2.65022842926044
"Tmem151a",-2.65191142783048
"Sgpp2",-2.65349080427097
"Mb",-2.65445490105331
"Pls1",-2.65486171606486
"Canx",-2.66258317892292
"Lnx1",-2.6670371672826
"Iars1",-2.66728085917568
"Eif1b",-2.67082587503564
"Dusp18",-2.67283021057507
"Slc9a3r2",-2.6767972342727
"Bag3",-2.67719718204012
"Odc1",-2.67868964017218
"Btbd6",-2.6801943047368
"RGD1559441",-2.68382494923787
"Madd",-2.68745428413595
"Tle4",-2.68777738644931
"Chodl",-2.68972237668988
"Dennd10",-2.69004599378656
"Trip10",-2.69025253730603
"Mal2",-2.69036244164529
"Runx1t1",-2.69450187321732
"Atp6v0a4",-2.69605772149614
"Dok4",-2.69700397053976
"Stx18",-2.69721416130489
"Glce",-2.7019946468631
"Flt3",-2.70343327473802
"Prxl2a",-2.70610809957033
"Atp1a1",-2.70881396894641
"Hapln4",-2.71078805066503
"Tlcd4",-2.71163516715088
"Cadps",-2.71209062692049
"Ntm",-2.71263820481817
"Gnai1",-2.71496174788596
"Clstn1",-2.71620955699818
"Fat3",-2.71670889361079
"Htr1d",-2.72163301318624
"Ampd1",-2.72494530287559
"Mthfd1l",-2.72666036758924
"Pgr",-2.72775765385119
"Vcan",-2.72949035463576
"Aifm1",-2.73338633779446
"Rcsd1",-2.74198197712742
"Dgkg",-2.74677134995665
"Psmg3",-2.74748945338687
"Ubr3",-2.74859282062947
"Glrb",-2.75042689445744
"Map3k13",-2.75078436691299
"Tmem184c",-2.75140257846165
"Ddx1",-2.75299062926548
"Rbm20",-2.75435393177736
"Clec2l",-2.75452659900595
"Cyp51",-2.75581463210311
"Fbxo28",-2.75917390581451
"Eif5a2",-2.7594205171653
"Gmpr",-2.76281588403915
"Abhd8",-2.7669926189325
"Pitpnm1",-2.7672612513366
"Arhgef4",-2.77312875769418
"Nyap2",-2.77903063060794
"LOC108349682",-2.7793886623155
"Trpm6",-2.78970314449044
"Acsl3",-2.78971847757294
"Rasgrp3",-2.79278209232843
"Irak1bp1",-2.79343481872525
"Myom2",-2.79482752149137
"Fxyd7",-2.79769487675866
"Erbb4",-2.80266165958167
"Pnma8b",-2.80551418291978
"Mafa",-2.81276814041698
"Hip1",-2.81294933372533
"Slc66a2",-2.81366598956369
"Rptor",-2.82205432480767
"Ube2o",-2.82506147372723
"Fam217b",-2.82630667123811
"Ryr2",-2.83464837443708
"Papln",-2.83646752874473
"Miga1",-2.84773944923466
"Mdh1",-2.85945704691503
"Slitrk1",-2.86072506173763
"Mylpf",-2.86271498510057
"Suv39h2",-2.86276938610987
"Aff3",-2.86433612774984
"Nceh1",-2.86518457387035
"Usf3",-2.86820406394849
"Pomgnt2",-2.8728683283191
"Plekhd1",-2.87505412452786
"Cntn3",-2.87663622547284
"Spock3",-2.87889597520254
"Stip1",-2.87923776853236
"Trib2",-2.88457231506566
"Tra2a",-2.89050762095084
"Abcg1",-2.89543994030706
"Erich4",-2.89691629314569
"Kcns1",-2.90161411883384
"Lrrc8c",-2.9044588868981
"Tdrd7",-2.90675394569625
"Epn3",-2.90712649981889
"Efr3a",-2.91122468605351
"Dnmt3a",-2.91219433690572
"Hcn2",-2.9160143186639
"Mylk2",-2.91722703053899
"Smim13",-2.92044704771128
"Shox2",-2.92113378702298
"Trnp1",-2.92536810746618
"F13a1",-2.93320467506823
"Fgf9",-2.93649987102688
"Thsd7b",-2.94108742561179
"Smarca2",-2.94450200628993
"Trdn",-2.94511831973435
"Rgl1",-2.9465487942341
"Cep63",-2.95075940701537
"Tmem150c",-2.95109861281682
"Smad9",-2.95605952486642
"Slc4a10",-2.95629215421223
"LOC100911204",-2.95814873399622
"Tmem196",-2.95856342691104
"Myl3",-2.95948858544709
"Slc17a2",-2.96435186979942
"Glb1l2",-2.96693494607483
"Prkaca",-2.96776911047279
"Hnrnpr",-2.97133003382938
"Adgrb2",-2.97832287660654
"Eno3",-2.98951837248259
"Gstm6",-2.99443293691639
"Chrnb3",-2.9957566344532
"Ncmap",-2.996890698525
"Csdc2",-3.00044885573976
"Pcnx2",-3.01007391785638
"Map1a",-3.01051941558793
"Zbtb18",-3.01086187844979
"Ccdc141",-3.01300159892808
"Polr1a",-3.01518224181234
"Lurap1l",-3.01788649816224
"Plpp7",-3.01866249413061
"Adamts17",-3.02311660628337
"Tlcd3b",-3.02553472989649
"Ckm",-3.03079572428572
"Cds2",-3.03284798589768
"Unc45b",-3.03868040634798
"Rab3a",-3.0408306466027
"Cntn4",-3.04202039082592
"LOC100359951",-3.04444203566103
"Pfkm",-3.04550232658415
"Kcnk1",-3.05765059076559
"Mypop",-3.06074101140103
"Armh4",-3.06558416866641
"Prkce",-3.06986718687801
"Fez1",-3.07135499403947
"Fez2",-3.0720968822131
"Slc12a3",-3.07681940003829
"LOC108348128",-3.08227757071414
"Gfod1",-3.08575781657852
"Skor2",-3.08602831477821
"Vwc2l",-3.08895877442234
"Exoc2",-3.09342420925819
"Epb41",-3.09397295067768
"Kdm8",-3.09527511960351
"Onecut1",-3.09545791939692
"Tln2",-3.09908392190501
"Scel",-3.1008033287947
"Nsf",-3.10301094192505
"Chst2",-3.10395378187679
"Wnk2",-3.10583114015411
"Mrgprx4",-3.10709108212665
"Ak3",-3.12098839573219
"Rgs3",-3.14333033895399
"Arpp21",-3.14693419449247
"Otud4",-3.1481141126691
"Zcchc2",-3.15376278181278
"Hoxb9",-3.16102296951351
"Chgb",-3.1649729565973
"Cit",-3.16808554676686
"Ppp1r3a",-3.17336051290344
"Cx3cl1",-3.1881152566979
"Pde11a",-3.19788044012739
"Atp1a3",-3.20320467841923
"Mest",-3.21014195644705
"Atp8a2",-3.21377308443408
"Krt28",-3.21715428085191
"Sh3gl2",-3.21853595943694
"Caskin1",-3.22128704134575
"Omg",-3.22214308858895
"Amh",-3.23001401285977
"Slc45a4",-3.25168920563084
"Cpeb3",-3.25561599067103
"Chst15",-3.2571626199126
"Hpse",-3.25805115142242
"Fads6",-3.25886843919155
"Rftn1",-3.26274355057082
"Stc1",-3.26665187163437
"Zcchc12",-3.26671121990847
"Pdzd8",-3.26880063906858
"Cdh3",-3.27209125253854
"Spc25",-3.27554949097122
"Dexi",-3.27851456459833
"Synm",-3.28312347746033
"Prkg2",-3.29235547709421
"Ccdc160",-3.30322858488759
"Camk1d",-3.30343272957174
"Zrsr1",-3.30486486436201
"Lhfpl1",-3.32397273001046
"RGD1306271",-3.32588582944484
"Sptb",-3.33515057358396
"Ren",-3.34055280292725
"Fgfbp3",-3.34273353615525
"Tmem70",-3.34823456513351
"Dipk1a",-3.35014795646837
"Pla2g4e",-3.35526854745184
"Nuak1",-3.35582639580029
"Lgi3",-3.35927766813268
"Serac1",-3.3609573877889
"Fry",-3.36175250351187
"Kcnip3",-3.36483790013646
"Abca5",-3.36590801522938
"St3gal6",-3.37324493023688
"Lzts1",-3.37566321600902
"Heatr5a",-3.3832332725013
"Ptgfr",-3.38501191987662
"Gprc5c",-3.38644326820437
"Frs2",-3.38665568183914
"Map2k4",-3.38835698947327
"Brinp2",-3.39950760097254
"Mtap",-3.4020786370766
"Slc25a40",-3.40560028342226
"Myh10",-3.40619932661765
"Ociad1",-3.407887807941
"Nkiras1",-3.41647102407016
"Plvap",-3.41766325469596
"Dnm3",-3.44092744857718
"Cacna1s",-3.44360631412431
"Gal3st3",-3.44576140511447
"Ank1",-3.44600304350176
"Large1",-3.44835136177571
"Parm1",-3.45182252925635
"Grik1",-3.45654340352717
"Pmp2",-3.47202039610436
"Amer1",-3.48321220592015
"Kcna1",-3.4833306172766
"Psmd14",-3.49730650468239
"Aifm3",-3.5012324923064
"Arhgap35",-3.51129417507516
"Pctp",-3.51793567227818
"St13",-3.51956738294452
"Cdr2l",-3.52128332109398
"Col2a1",-3.52667224845172
"Cntn6",-3.52738421335612
"Pdgfd",-3.53124209995141
"Mrps5",-3.53414490653943
"Stbd1",-3.53717169261235
"Mmp13",-3.53771472601908
"Hspa1b",-3.54111839410095
"Tspyl4",-3.55308166145691
"Frmpd1",-3.55760615975892
"Slc9a6",-3.55874988423595
"Sacs",-3.56399203918301
"Rasa1",-3.56691991771327
"Crbn",-3.58235890514637
"Hhatl",-3.59824950322779
"Dnah5",-3.60154189853905
"Grid1",-3.60872396567093
"Vsnl1",-3.61015287108671
"Rsph1",-3.62613191943998
"Rhobtb2",-3.62941570965874
"Rph3a",-3.65146917087236
"Mypn",-3.68203816516491
"Sptssb",-3.70624278611228
"Tmem132c",-3.71162172828843
"Cdh12",-3.71997100005041
"Gla",-3.72012403071436
"Vom2r44",-3.72310293188138
"Jph3",-3.74824823121604
"Pcdh7",-3.76078458906033
"Scrt2",-3.76148715483812
"RGD1565472",-3.76570043978088
"Iqsec3",-3.76939571040232
"Susd4",-3.77074308055231
"Arap2",-3.77642284566187
"Grem2",-3.78055121290418
"Zfp180",-3.79534538783777
"Cpne4",-3.80674155916677
"Adra1a",-3.82995819850407
"LOC100125362",-3.83445739536889
"Nap1l5",-3.83642479299801
"Rapgef4",-3.84947373859637
"Nxpe3",-3.85493846832805
"Kbtbd3",-3.86649307113482
"Ntng1",-3.88285023044027
"Lrrc4",-3.8945289129763
"Fbln2",-3.90143031232504
"Oprk1",-3.90641727463152
"Limk1",-3.9176947123143
"RGD1307461",-3.92274104082715
"Oxr1",-3.93412001812632
"Ccdc126",-3.96435655360643
"Mybpc1",-3.97416789250494
"P2rx6",-3.97953346432772
"Hsph1",-3.98582224520637
"Panx2",-4.06819333115675
"Zfp365",-4.10587358552707
"Abhd12",-4.13221829126212
"Kcns3",-4.13465820493591
"Six4",-4.15434722004746
"Clcn4",-4.15458263365463
"Mcf2",-4.15898005479362
"Nrg1",-4.1759363876738
"Purg",-4.21251847149192
"Hoxb8",-4.23202482481604
"Kcnab1",-4.24511638903359
"RGD1306941",-4.25805608341079
"Nat8l",-4.29676669831376
"Kcnc1",-4.31801943136188
"Fgf1",-4.32972510978896
"Syt12",-4.33979819083679
"Coro6",-4.34138722889581
"Ube2a",-4.35088443119383
"Enah",-4.36535004353047
"Tll1",-4.36743988126243
"Gabrg2",-4.3755651051105
"Sec14l2",-4.39041651579088
"Copg2",-4.41290012864769
"Smim18",-4.41826049041965
"Ckmt1",-4.42482799970277
"Nmt2",-4.44116742511301
"Hebp2",-4.4547751521279
"Osbpl10",-4.45516511351348
"Dpp10",-4.47378362040577
"Esrrg",-4.48660858613775
"Kcna4",-4.51912749149638
"Mt3",-4.52547930135405
"Slitrk3",-4.53097049763426
"Ccdc186",-4.55079425338814
"Ndst4",-4.55312918906392
"Gpr22",-4.56330060678351
"Etv1",-4.56354089778834
"Dhrs7c",-4.65878130615048
"Impdh1",-4.7021428854509
"Lrrn1",-4.70929216310043
"Ntng2",-4.7287518897106
"Ankrd34c",-4.75499347164934
"Ppp4r4",-4.77501613882886
"Vamp1",-4.77651302337265
"Cacna2d3",-4.78223395039229
"Syt2",-4.79739119769527
"Trim37",-4.83893333116568
"Faim2",-4.86028915480641
"Entpd3",-4.86069903561775
"Hs3st2",-4.8925938990119
"Lrrk2",-4.90847741341331
"Pvalb",-4.91124199733451
"Entpd4",-4.94340313958281
"Aplp2",-5.02572689466865
"Ralgapa2",-5.05989134602154
"Slco5a1",-5.09011635237234
"Zfp804a",-5.0968462404238
"Scn1a",-5.13218813776037
"Ltbp2",-5.18514113026223
"Piwil2",-5.22143484208621
"Luzp1",-5.23361037886355
"Scrt1",-5.24959949270258
"Arhgap8",-5.37663684404114
"Inhbb",-5.39042289373798
"Nefh",-5.51261236644136
"Htr3b",-5.56320949115175
"Scn8a",-5.60621043202517
"Xpo7",-5.6234719106681
"Pla2g7",-5.64797472341347
"Patj",-5.66018367434141
"Hecw1",-5.69538729449789
"Nptx1",-5.73546251712129
"Chga",-5.7743273725961
"Kcnh7",-5.91301240773917
"Cacng2",-5.948559940153
"Cnnm1",-5.97743387377792
"Bcan",-6.07248629709407
"Tesc",-6.08676415520465
"Rem2",-6.17034225459746
"Slc16a14",-6.33682517168796
"Car2",-6.4188984818511
"Lrrc49",-6.55654948223003
"Acsl6",-6.66771960985229
"Abcd2",-6.6881064201919
"Sema7a",-6.76680741050074
"Nefl",-7.60522227162513
"Vstm2b",-8.73043667933764
"Rgs6",-9.54126666673789
"Hapln1",-13.8717678980663
"Scoc",-17.5979179796554
