"pathway","symbol","n_ranked","n_leading_edge","shared_all3","direction_matches_all3","opposite_both_physical","OIPN_matches_pathway_direction","n_gene_FDR_lt_0_05","priority_OIPN_plus_physical","strict_significant_all3","OIPN_GSE160543_LE","OIPN_GSE160543_log2FC","OIPN_GSE160543_gene_FDR","NC_GSE246156_LE","NC_GSE246156_log2FC","NC_GSE246156_gene_FDR","CCI_GSE212311_LE","CCI_GSE212311_log2FC","CCI_GSE212311_gene_FDR"
"GOBP_ACTIVATION_OF_IMMUNE_RESPONSE","Birc3",3,3,TRUE,TRUE,FALSE,TRUE,1,FALSE,FALSE,TRUE,0.413618395752454,0.459443681356832,TRUE,1.2660044576468,0.000151794594442551,TRUE,0.355638188125153,0.866710113831817
"GOBP_ACTIVATION_OF_IMMUNE_RESPONSE","Blnk",3,3,TRUE,TRUE,FALSE,TRUE,1,FALSE,FALSE,TRUE,0.470619078246013,0.234952671999213,TRUE,3.83531001540645,2.23433763535677e-16,TRUE,0.802617663262608,0.229141878511167
"GOBP_ACTIVATION_OF_IMMUNE_RESPONSE","Cd276",3,3,TRUE,TRUE,FALSE,TRUE,1,FALSE,FALSE,TRUE,0.155813693455661,0.494240570746554,TRUE,2.68295811954464,1.86484746716925e-26,TRUE,0.912116163581484,0.61587036570436
"GOBP_ACTIVATION_OF_IMMUNE_RESPONSE","Cd80",3,3,TRUE,TRUE,FALSE,TRUE,1,FALSE,FALSE,TRUE,0.664752398300911,0.14084322832029,TRUE,2.46574054249037,0.000337877256597884,TRUE,0.517813043747365,0.630079601111044
"GOBP_ACTIVATION_OF_IMMUNE_RESPONSE","Csk",3,3,TRUE,TRUE,FALSE,TRUE,1,FALSE,FALSE,TRUE,0.183529259545052,0.220676821932357,TRUE,1.02347076407563,4.12515495268375e-07,TRUE,0.287772443173399,0.174330830297062
"GOBP_ACTIVATION_OF_IMMUNE_RESPONSE","Fgr",3,3,TRUE,TRUE,FALSE,TRUE,1,FALSE,FALSE,TRUE,0.515389051031006,0.28831460745267,TRUE,2.11824629636748,0.000138058358840273,TRUE,0.745661532096228,0.683178256379573
"GOBP_ACTIVATION_OF_IMMUNE_RESPONSE","Gbp2",3,3,TRUE,TRUE,FALSE,TRUE,1,FALSE,FALSE,TRUE,0.360144648683133,0.085398103628811,TRUE,3.28577579408222,1.03327654448563e-68,TRUE,0.268022727287426,0.57863793596698
"GOBP_ACTIVATION_OF_IMMUNE_RESPONSE","Hck",3,3,TRUE,TRUE,FALSE,TRUE,1,FALSE,FALSE,TRUE,0.315056483473932,0.12356364451052,TRUE,4.22136449953663,7.19910221439481e-38,TRUE,0.278580063811414,0.796916524427636
"GOBP_ACTIVATION_OF_IMMUNE_RESPONSE","Ikbke",3,3,TRUE,TRUE,FALSE,TRUE,2,TRUE,FALSE,TRUE,0.760401452093416,0.00313157452124863,TRUE,2.23598558704328,1.10026172711676e-11,TRUE,0.242636065359564,0.858162814887538
"GOBP_ACTIVATION_OF_IMMUNE_RESPONSE","Irak3",3,3,TRUE,TRUE,FALSE,TRUE,2,TRUE,FALSE,TRUE,0.631941891439005,0.00155976019701832,TRUE,0.878125867520487,6.57638099719961e-05,TRUE,0.245044844928754,0.522132434794
"GOBP_ACTIVATION_OF_IMMUNE_RESPONSE","Irak4",3,3,TRUE,TRUE,FALSE,TRUE,1,FALSE,FALSE,TRUE,0.173713394292799,0.581028017851585,TRUE,1.02413630910348,6.61193896357856e-06,TRUE,0.292135630147656,0.451719993322515
"GOBP_ACTIVATION_OF_IMMUNE_RESPONSE","Irf5",3,3,TRUE,TRUE,FALSE,TRUE,1,FALSE,FALSE,TRUE,0.426066971251357,0.116637285182882,TRUE,1.95145440294813,0.000131781151828553,TRUE,0.494746860581211,0.185309697300595
"GOBP_ACTIVATION_OF_IMMUNE_RESPONSE","Klhl6",3,3,TRUE,TRUE,FALSE,TRUE,1,FALSE,FALSE,TRUE,0.578196572176061,0.306853449958753,TRUE,2.48304834238421,2.57541923315069e-06,TRUE,0.969298825024244,0.222416028422934
"GOBP_ACTIVATION_OF_IMMUNE_RESPONSE","Lat2",3,3,TRUE,TRUE,FALSE,TRUE,1,FALSE,FALSE,TRUE,0.41713994242578,0.476063943766538,TRUE,3.26384997476256,6.89486497126423e-06,TRUE,1.84322057050487,0.0807455748172461
"GOBP_ACTIVATION_OF_IMMUNE_RESPONSE","Lilrb4",3,3,TRUE,TRUE,FALSE,TRUE,1,FALSE,FALSE,TRUE,0.941798948455948,0.0922806887603967,TRUE,5.92588608419731,1.19920620782426e-10,TRUE,0.571424156002891,0.781521253309124
"GOBP_ACTIVATION_OF_IMMUNE_RESPONSE","Lyn",3,3,TRUE,TRUE,FALSE,TRUE,1,FALSE,FALSE,TRUE,0.223509764937926,0.490142085956127,TRUE,2.0120269595302,3.81981511615045e-08,TRUE,0.587385518008491,0.0511607209227901
"GOBP_ACTIVATION_OF_IMMUNE_RESPONSE","Mnda",3,3,TRUE,TRUE,FALSE,TRUE,1,FALSE,FALSE,TRUE,0.417608355899685,0.326485549650622,TRUE,1.57862229294173,0.0177570728745022,TRUE,0.29329723677737,0.863965467866178
"GOBP_ACTIVATION_OF_IMMUNE_RESPONSE","Myd88",3,3,TRUE,TRUE,FALSE,TRUE,1,FALSE,FALSE,TRUE,0.160206577192312,0.554368260121224,TRUE,0.981640852311147,4.24310889552739e-05,TRUE,0.153760360951687,0.845257405344269
"GOBP_ACTIVATION_OF_IMMUNE_RESPONSE","Nfam1",3,3,TRUE,TRUE,FALSE,TRUE,1,FALSE,FALSE,TRUE,0.484213271703586,0.0781408711177233,TRUE,3.71421188425343,6.19716566531939e-11,TRUE,0.351253084476359,0.501902609722221
"GOBP_ACTIVATION_OF_IMMUNE_RESPONSE","Ptpn6",3,3,TRUE,TRUE,FALSE,TRUE,1,FALSE,FALSE,TRUE,0.287205850094709,0.553774801059526,TRUE,1.98203183621216,1.06186485618229e-09,TRUE,0.371019040084565,0.513464940390957
"GOBP_ACTIVATION_OF_IMMUNE_RESPONSE","Ptprc",3,3,TRUE,TRUE,FALSE,TRUE,1,FALSE,FALSE,TRUE,0.5919563991021,0.250252196802151,TRUE,1.91670613521538,5.7654628836785e-06,TRUE,0.518307903432168,0.101624983605367
"GOBP_ACTIVATION_OF_IMMUNE_RESPONSE","Serping1",3,3,TRUE,TRUE,FALSE,TRUE,1,FALSE,FALSE,TRUE,0.5017030019069,0.0681301697320094,TRUE,1.04675282046905,0.00908402567638597,TRUE,0.28535607916778,0.538684873984109
"GOBP_ACTIVATION_OF_IMMUNE_RESPONSE","Syk",3,3,TRUE,TRUE,FALSE,TRUE,1,FALSE,FALSE,TRUE,0.503344358195588,0.396384730535913,TRUE,2.99962596123063,2.36489559882808e-06,TRUE,0.233382318055769,0.871532469677388
"GOBP_ACTIVATION_OF_IMMUNE_RESPONSE","Tlr3",3,3,TRUE,TRUE,FALSE,TRUE,1,FALSE,FALSE,TRUE,0.284951915196595,0.494240570746554,TRUE,1.48259954257452,1.05336868344864e-06,TRUE,0.516350832659553,0.582604161676384
"GOBP_ACTIVATION_OF_IMMUNE_RESPONSE","Unc93b1",3,3,TRUE,TRUE,FALSE,TRUE,1,FALSE,FALSE,TRUE,0.247418492342772,0.267638704247654,TRUE,2.58126022220956,6.54034312134097e-12,TRUE,0.239586050362998,0.341992879785876
"GOBP_ADAPTIVE_IMMUNE_RESPONSE","Bcl3",3,3,TRUE,TRUE,FALSE,TRUE,2,FALSE,FALSE,TRUE,0.402414231968193,0.231590537214337,TRUE,1.84514765362038,4.15490542439594e-16,TRUE,1.30208899692276,3.71058910103766e-06
"GOBP_ADAPTIVE_IMMUNE_RESPONSE","Brd4",3,3,TRUE,TRUE,FALSE,TRUE,1,FALSE,FALSE,TRUE,0.118867485815696,0.527086952949651,TRUE,0.481200351442841,0.0148592223152972,TRUE,0.194790797287945,0.573351626995194
"GOBP_ADAPTIVE_IMMUNE_RESPONSE","Cd80",3,3,TRUE,TRUE,FALSE,TRUE,1,FALSE,FALSE,TRUE,0.664752398300911,0.14084322832029,TRUE,2.46574054249037,0.000337877256597884,TRUE,0.517813043747365,0.630079601111044
"GOBP_ADAPTIVE_IMMUNE_RESPONSE","Clcf1",3,3,TRUE,TRUE,FALSE,TRUE,1,FALSE,FALSE,TRUE,0.380785126764215,0.507456244569033,TRUE,4.13566290771825,1.24970676670861e-26,TRUE,0.465798299822003,0.766052028621802
"GOBP_ADAPTIVE_IMMUNE_RESPONSE","Csk",3,3,TRUE,TRUE,FALSE,TRUE,1,FALSE,FALSE,TRUE,0.183529259545052,0.220676821932357,TRUE,1.02347076407563,4.12515495268375e-07,TRUE,0.287772443173399,0.174330830297062
"GOBP_ADAPTIVE_IMMUNE_RESPONSE","Dusp10",3,3,TRUE,TRUE,FALSE,TRUE,1,FALSE,FALSE,TRUE,0.268498030278965,0.498952870455321,TRUE,2.75959237781112,2.35675928486731e-10,TRUE,0.31796622672043,0.472074502780716
"GOBP_ADAPTIVE_IMMUNE_RESPONSE","Ephb2",3,3,TRUE,TRUE,FALSE,TRUE,2,TRUE,FALSE,TRUE,0.572020751641617,0.0264766121358153,TRUE,1.42915570448895,5.27065260331292e-10,TRUE,0.26532150243207,0.536661356246787
"GOBP_ADAPTIVE_IMMUNE_RESPONSE","Fcgr3a",3,3,TRUE,TRUE,FALSE,TRUE,1,FALSE,FALSE,TRUE,0.499791340273772,0.433136613110795,TRUE,3.79881048558459,3.8983911764311e-11,TRUE,1.53687952190867,0.101128589312253
"GOBP_ADAPTIVE_IMMUNE_RESPONSE","Icam1",3,3,TRUE,TRUE,FALSE,TRUE,2,TRUE,FALSE,TRUE,0.823176340057854,0.000718966158848219,TRUE,1.31157277268251,4.25281416532404e-07,TRUE,0.252813131824194,0.810368161592969
"GOBP_ADAPTIVE_IMMUNE_RESPONSE","Il21r",3,3,TRUE,TRUE,FALSE,TRUE,1,FALSE,FALSE,TRUE,0.409612448971696,0.526215004863535,TRUE,2.50395115572206,2.40332500289636e-07,TRUE,0.614951195631424,0.690885012171302
"GOBP_ADAPTIVE_IMMUNE_RESPONSE","Il2rb",3,3,TRUE,TRUE,FALSE,TRUE,2,FALSE,FALSE,TRUE,1.28113834586542,0.070614234743614,TRUE,2.04185973077079,0.011919470863005,TRUE,1.81747673028732,0.018171677886979
"GOBP_ADAPTIVE_IMMUNE_RESPONSE","Jak3",3,3,TRUE,TRUE,FALSE,TRUE,2,TRUE,FALSE,TRUE,0.427396542194848,0.04135677874079,TRUE,1.87900751214862,2.06258540474854e-05,TRUE,0.23450615099792,0.740805895320039
"GOBP_ADAPTIVE_IMMUNE_RESPONSE","Klhl6",3,3,TRUE,TRUE,FALSE,TRUE,1,FALSE,FALSE,TRUE,0.578196572176061,0.306853449958753,TRUE,2.48304834238421,2.57541923315069e-06,TRUE,0.969298825024244,0.222416028422934
"GOBP_ADAPTIVE_IMMUNE_RESPONSE","Lat2",3,3,TRUE,TRUE,FALSE,TRUE,1,FALSE,FALSE,TRUE,0.41713994242578,0.476063943766538,TRUE,3.26384997476256,6.89486497126423e-06,TRUE,1.84322057050487,0.0807455748172461
"GOBP_ADAPTIVE_IMMUNE_RESPONSE","Lilrb4",3,3,TRUE,TRUE,FALSE,TRUE,1,FALSE,FALSE,TRUE,0.941798948455948,0.0922806887603967,TRUE,5.92588608419731,1.19920620782426e-10,TRUE,0.571424156002891,0.781521253309124
"GOBP_ADAPTIVE_IMMUNE_RESPONSE","Lyn",3,3,TRUE,TRUE,FALSE,TRUE,1,FALSE,FALSE,TRUE,0.223509764937926,0.490142085956127,TRUE,2.0120269595302,3.81981511615045e-08,TRUE,0.587385518008491,0.0511607209227901
"GOBP_ADAPTIVE_IMMUNE_RESPONSE","Myd88",3,3,TRUE,TRUE,FALSE,TRUE,1,FALSE,FALSE,TRUE,0.160206577192312,0.554368260121224,TRUE,0.981640852311147,4.24310889552739e-05,TRUE,0.153760360951687,0.845257405344269
"GOBP_ADAPTIVE_IMMUNE_RESPONSE","Pla2g4a",3,3,TRUE,TRUE,FALSE,TRUE,1,FALSE,FALSE,TRUE,0.473645199815029,0.426215519136847,TRUE,2.04494003353708,2.14395612438244e-06,TRUE,0.476628690511625,0.697088429852087
"GOBP_ADAPTIVE_IMMUNE_RESPONSE","Ptpn6",3,3,TRUE,TRUE,FALSE,TRUE,1,FALSE,FALSE,TRUE,0.287205850094709,0.553774801059526,TRUE,1.98203183621216,1.06186485618229e-09,TRUE,0.371019040084565,0.513464940390957
"GOBP_ADAPTIVE_IMMUNE_RESPONSE","Ptprc",3,3,TRUE,TRUE,FALSE,TRUE,1,FALSE,FALSE,TRUE,0.5919563991021,0.250252196802151,TRUE,1.91670613521538,5.7654628836785e-06,TRUE,0.518307903432168,0.101624983605367
"GOBP_ADAPTIVE_IMMUNE_RESPONSE","Syk",3,3,TRUE,TRUE,FALSE,TRUE,1,FALSE,FALSE,TRUE,0.503344358195588,0.396384730535913,TRUE,2.99962596123063,2.36489559882808e-06,TRUE,0.233382318055769,0.871532469677388
"GOBP_ADAPTIVE_IMMUNE_RESPONSE","Tgfb1",3,3,TRUE,TRUE,FALSE,TRUE,1,FALSE,FALSE,TRUE,0.352316809798448,0.325249018682096,TRUE,2.48294295045363,9.90696293843824e-16,TRUE,0.271883874258171,0.653831483433746
"GOBP_ADAPTIVE_IMMUNE_RESPONSE","Tmem98",3,3,TRUE,TRUE,FALSE,TRUE,1,FALSE,FALSE,TRUE,0.226972142394356,0.491026454462516,TRUE,1.41564349845744,0.000566959845354285,TRUE,0.641817004231271,0.0788026192019849
"GOBP_ADAPTIVE_IMMUNE_RESPONSE","Tnfrsf1b",3,3,TRUE,TRUE,FALSE,TRUE,1,FALSE,FALSE,TRUE,0.267272159554668,0.509379913049287,TRUE,1.50470562292304,7.12442531553175e-05,TRUE,0.508146320436365,0.415506032246073
"GOBP_ADAPTIVE_IMMUNE_RESPONSE","Unc93b1",3,3,TRUE,TRUE,FALSE,TRUE,1,FALSE,FALSE,TRUE,0.247418492342772,0.267638704247654,TRUE,2.58126022220956,6.54034312134097e-12,TRUE,0.239586050362998,0.341992879785876
"GOBP_ADAPTIVE_IMMUNE_RESPONSE_BASED_ON_SOMATIC_RECOMBINATION_OF_IMMUNE_RECEPTORS_BUILT_FROM_IMMUNOGLOBULIN_SUPERFAMILY_DOMAINS","Bcl3",3,3,TRUE,TRUE,FALSE,TRUE,2,FALSE,FALSE,TRUE,0.402414231968193,0.231590537214337,TRUE,1.84514765362038,4.15490542439594e-16,TRUE,1.30208899692276,3.71058910103766e-06
"GOBP_ADAPTIVE_IMMUNE_RESPONSE_BASED_ON_SOMATIC_RECOMBINATION_OF_IMMUNE_RECEPTORS_BUILT_FROM_IMMUNOGLOBULIN_SUPERFAMILY_DOMAINS","Brd4",3,3,TRUE,TRUE,FALSE,TRUE,1,FALSE,FALSE,TRUE,0.118867485815696,0.527086952949651,TRUE,0.481200351442841,0.0148592223152972,TRUE,0.194790797287945,0.573351626995194
"GOBP_ADAPTIVE_IMMUNE_RESPONSE_BASED_ON_SOMATIC_RECOMBINATION_OF_IMMUNE_RECEPTORS_BUILT_FROM_IMMUNOGLOBULIN_SUPERFAMILY_DOMAINS","Cd80",3,3,TRUE,TRUE,FALSE,TRUE,1,FALSE,FALSE,TRUE,0.664752398300911,0.14084322832029,TRUE,2.46574054249037,0.000337877256597884,TRUE,0.517813043747365,0.630079601111044
"GOBP_ADAPTIVE_IMMUNE_RESPONSE_BASED_ON_SOMATIC_RECOMBINATION_OF_IMMUNE_RECEPTORS_BUILT_FROM_IMMUNOGLOBULIN_SUPERFAMILY_DOMAINS","Clcf1",3,3,TRUE,TRUE,FALSE,TRUE,1,FALSE,FALSE,TRUE,0.380785126764215,0.507456244569033,TRUE,4.13566290771825,1.24970676670861e-26,TRUE,0.465798299822003,0.766052028621802
"GOBP_ADAPTIVE_IMMUNE_RESPONSE_BASED_ON_SOMATIC_RECOMBINATION_OF_IMMUNE_RECEPTORS_BUILT_FROM_IMMUNOGLOBULIN_SUPERFAMILY_DOMAINS","Ephb2",3,3,TRUE,TRUE,FALSE,TRUE,2,TRUE,FALSE,TRUE,0.572020751641617,0.0264766121358153,TRUE,1.42915570448895,5.27065260331292e-10,TRUE,0.26532150243207,0.536661356246787
"GOBP_ADAPTIVE_IMMUNE_RESPONSE_BASED_ON_SOMATIC_RECOMBINATION_OF_IMMUNE_RECEPTORS_BUILT_FROM_IMMUNOGLOBULIN_SUPERFAMILY_DOMAINS","Fcgr3a",3,3,TRUE,TRUE,FALSE,TRUE,1,FALSE,FALSE,TRUE,0.499791340273772,0.433136613110795,TRUE,3.79881048558459,3.8983911764311e-11,TRUE,1.53687952190867,0.101128589312253
"GOBP_ADAPTIVE_IMMUNE_RESPONSE_BASED_ON_SOMATIC_RECOMBINATION_OF_IMMUNE_RECEPTORS_BUILT_FROM_IMMUNOGLOBULIN_SUPERFAMILY_DOMAINS","Icam1",3,3,TRUE,TRUE,FALSE,TRUE,2,TRUE,FALSE,TRUE,0.823176340057854,0.000718966158848219,TRUE,1.31157277268251,4.25281416532404e-07,TRUE,0.252813131824194,0.810368161592969
"GOBP_ADAPTIVE_IMMUNE_RESPONSE_BASED_ON_SOMATIC_RECOMBINATION_OF_IMMUNE_RECEPTORS_BUILT_FROM_IMMUNOGLOBULIN_SUPERFAMILY_DOMAINS","Il21r",3,3,TRUE,TRUE,FALSE,TRUE,1,FALSE,FALSE,TRUE,0.409612448971696,0.526215004863535,TRUE,2.50395115572206,2.40332500289636e-07,TRUE,0.614951195631424,0.690885012171302
"GOBP_ADAPTIVE_IMMUNE_RESPONSE_BASED_ON_SOMATIC_RECOMBINATION_OF_IMMUNE_RECEPTORS_BUILT_FROM_IMMUNOGLOBULIN_SUPERFAMILY_DOMAINS","Il2rb",3,3,TRUE,TRUE,FALSE,TRUE,2,FALSE,FALSE,TRUE,1.28113834586542,0.070614234743614,TRUE,2.04185973077079,0.011919470863005,TRUE,1.81747673028732,0.018171677886979
"GOBP_ADAPTIVE_IMMUNE_RESPONSE_BASED_ON_SOMATIC_RECOMBINATION_OF_IMMUNE_RECEPTORS_BUILT_FROM_IMMUNOGLOBULIN_SUPERFAMILY_DOMAINS","Jak3",3,3,TRUE,TRUE,FALSE,TRUE,2,TRUE,FALSE,TRUE,0.427396542194848,0.04135677874079,TRUE,1.87900751214862,2.06258540474854e-05,TRUE,0.23450615099792,0.740805895320039
"GOBP_ADAPTIVE_IMMUNE_RESPONSE_BASED_ON_SOMATIC_RECOMBINATION_OF_IMMUNE_RECEPTORS_BUILT_FROM_IMMUNOGLOBULIN_SUPERFAMILY_DOMAINS","Klhl6",3,3,TRUE,TRUE,FALSE,TRUE,1,FALSE,FALSE,TRUE,0.578196572176061,0.306853449958753,TRUE,2.48304834238421,2.57541923315069e-06,TRUE,0.969298825024244,0.222416028422934
"GOBP_ADAPTIVE_IMMUNE_RESPONSE_BASED_ON_SOMATIC_RECOMBINATION_OF_IMMUNE_RECEPTORS_BUILT_FROM_IMMUNOGLOBULIN_SUPERFAMILY_DOMAINS","Lilrb4",3,3,TRUE,TRUE,FALSE,TRUE,1,FALSE,FALSE,TRUE,0.941798948455948,0.0922806887603967,TRUE,5.92588608419731,1.19920620782426e-10,TRUE,0.571424156002891,0.781521253309124
"GOBP_ADAPTIVE_IMMUNE_RESPONSE_BASED_ON_SOMATIC_RECOMBINATION_OF_IMMUNE_RECEPTORS_BUILT_FROM_IMMUNOGLOBULIN_SUPERFAMILY_DOMAINS","Myd88",3,3,TRUE,TRUE,FALSE,TRUE,1,FALSE,FALSE,TRUE,0.160206577192312,0.554368260121224,TRUE,0.981640852311147,4.24310889552739e-05,TRUE,0.153760360951687,0.845257405344269
"GOBP_ADAPTIVE_IMMUNE_RESPONSE_BASED_ON_SOMATIC_RECOMBINATION_OF_IMMUNE_RECEPTORS_BUILT_FROM_IMMUNOGLOBULIN_SUPERFAMILY_DOMAINS","Pla2g4a",3,3,TRUE,TRUE,FALSE,TRUE,1,FALSE,FALSE,TRUE,0.473645199815029,0.426215519136847,TRUE,2.04494003353708,2.14395612438244e-06,TRUE,0.476628690511625,0.697088429852087
"GOBP_ADAPTIVE_IMMUNE_RESPONSE_BASED_ON_SOMATIC_RECOMBINATION_OF_IMMUNE_RECEPTORS_BUILT_FROM_IMMUNOGLOBULIN_SUPERFAMILY_DOMAINS","Ptpn6",3,3,TRUE,TRUE,FALSE,TRUE,1,FALSE,FALSE,TRUE,0.287205850094709,0.553774801059526,TRUE,1.98203183621216,1.06186485618229e-09,TRUE,0.371019040084565,0.513464940390957
"GOBP_ADAPTIVE_IMMUNE_RESPONSE_BASED_ON_SOMATIC_RECOMBINATION_OF_IMMUNE_RECEPTORS_BUILT_FROM_IMMUNOGLOBULIN_SUPERFAMILY_DOMAINS","Ptprc",3,3,TRUE,TRUE,FALSE,TRUE,1,FALSE,FALSE,TRUE,0.5919563991021,0.250252196802151,TRUE,1.91670613521538,5.7654628836785e-06,TRUE,0.518307903432168,0.101624983605367
"GOBP_ADAPTIVE_IMMUNE_RESPONSE_BASED_ON_SOMATIC_RECOMBINATION_OF_IMMUNE_RECEPTORS_BUILT_FROM_IMMUNOGLOBULIN_SUPERFAMILY_DOMAINS","Ripk3",3,3,TRUE,TRUE,FALSE,TRUE,1,FALSE,FALSE,TRUE,0.252639955930937,0.658545725479609,TRUE,3.30774351765374,3.70796244425972e-44,TRUE,1.03939584419645,0.154294939826457
"GOBP_ADAPTIVE_IMMUNE_RESPONSE_BASED_ON_SOMATIC_RECOMBINATION_OF_IMMUNE_RECEPTORS_BUILT_FROM_IMMUNOGLOBULIN_SUPERFAMILY_DOMAINS","Slc11a1",3,3,TRUE,TRUE,FALSE,TRUE,2,FALSE,FALSE,TRUE,0.238419559901495,0.632289829138034,TRUE,2.74073713917411,4.04902194294064e-10,TRUE,1.10248796291425,0.0117200177399462
"GOBP_ADAPTIVE_IMMUNE_RESPONSE_BASED_ON_SOMATIC_RECOMBINATION_OF_IMMUNE_RECEPTORS_BUILT_FROM_IMMUNOGLOBULIN_SUPERFAMILY_DOMAINS","Tgfb1",3,3,TRUE,TRUE,FALSE,TRUE,1,FALSE,FALSE,TRUE,0.352316809798448,0.325249018682096,TRUE,2.48294295045363,9.90696293843824e-16,TRUE,0.271883874258171,0.653831483433746
"GOBP_ADAPTIVE_IMMUNE_RESPONSE_BASED_ON_SOMATIC_RECOMBINATION_OF_IMMUNE_RECEPTORS_BUILT_FROM_IMMUNOGLOBULIN_SUPERFAMILY_DOMAINS","Tlr8",3,3,TRUE,TRUE,FALSE,TRUE,1,FALSE,FALSE,TRUE,0.304197357516575,0.667696441560898,TRUE,2.37747472245518,0.00104893976097432,TRUE,0.347599207569656,0.441138911969449
"GOBP_ADAPTIVE_IMMUNE_RESPONSE_BASED_ON_SOMATIC_RECOMBINATION_OF_IMMUNE_RECEPTORS_BUILT_FROM_IMMUNOGLOBULIN_SUPERFAMILY_DOMAINS","Tmem98",3,3,TRUE,TRUE,FALSE,TRUE,1,FALSE,FALSE,TRUE,0.226972142394356,0.491026454462516,TRUE,1.41564349845744,0.000566959845354285,TRUE,0.641817004231271,0.0788026192019849
"GOBP_ADAPTIVE_IMMUNE_RESPONSE_BASED_ON_SOMATIC_RECOMBINATION_OF_IMMUNE_RECEPTORS_BUILT_FROM_IMMUNOGLOBULIN_SUPERFAMILY_DOMAINS","Tnfrsf1b",3,3,TRUE,TRUE,FALSE,TRUE,1,FALSE,FALSE,TRUE,0.267272159554668,0.509379913049287,TRUE,1.50470562292304,7.12442531553175e-05,TRUE,0.508146320436365,0.415506032246073
"GOBP_ANTIGEN_RECEPTOR_MEDIATED_SIGNALING_PATHWAY","Blnk",3,3,TRUE,TRUE,FALSE,TRUE,1,FALSE,FALSE,TRUE,0.470619078246013,0.234952671999213,TRUE,3.83531001540645,2.23433763535677e-16,TRUE,0.802617663262608,0.229141878511167
"GOBP_ANTIGEN_RECEPTOR_MEDIATED_SIGNALING_PATHWAY","Cd276",3,3,TRUE,TRUE,FALSE,TRUE,1,FALSE,FALSE,TRUE,0.155813693455661,0.494240570746554,TRUE,2.68295811954464,1.86484746716925e-26,TRUE,0.912116163581484,0.61587036570436
"GOBP_ANTIGEN_RECEPTOR_MEDIATED_SIGNALING_PATHWAY","Cd80",3,3,TRUE,TRUE,FALSE,TRUE,1,FALSE,FALSE,TRUE,0.664752398300911,0.14084322832029,TRUE,2.46574054249037,0.000337877256597884,TRUE,0.517813043747365,0.630079601111044
"GOBP_ANTIGEN_RECEPTOR_MEDIATED_SIGNALING_PATHWAY","Csk",3,3,TRUE,TRUE,FALSE,TRUE,1,FALSE,FALSE,TRUE,0.183529259545052,0.220676821932357,TRUE,1.02347076407563,4.12515495268375e-07,TRUE,0.287772443173399,0.174330830297062
"GOBP_ANTIGEN_RECEPTOR_MEDIATED_SIGNALING_PATHWAY","Klhl6",3,3,TRUE,TRUE,FALSE,TRUE,1,FALSE,FALSE,TRUE,0.578196572176061,0.306853449958753,TRUE,2.48304834238421,2.57541923315069e-06,TRUE,0.969298825024244,0.222416028422934
"GOBP_ANTIGEN_RECEPTOR_MEDIATED_SIGNALING_PATHWAY","Lat2",3,3,TRUE,TRUE,FALSE,TRUE,1,FALSE,FALSE,TRUE,0.41713994242578,0.476063943766538,TRUE,3.26384997476256,6.89486497126423e-06,TRUE,1.84322057050487,0.0807455748172461
"GOBP_ANTIGEN_RECEPTOR_MEDIATED_SIGNALING_PATHWAY","Lilrb4",3,3,TRUE,TRUE,FALSE,TRUE,1,FALSE,FALSE,TRUE,0.941798948455948,0.0922806887603967,TRUE,5.92588608419731,1.19920620782426e-10,TRUE,0.571424156002891,0.781521253309124
"GOBP_ANTIGEN_RECEPTOR_MEDIATED_SIGNALING_PATHWAY","Lyn",3,3,TRUE,TRUE,FALSE,TRUE,1,FALSE,FALSE,TRUE,0.223509764937926,0.490142085956127,TRUE,2.0120269595302,3.81981511615045e-08,TRUE,0.587385518008491,0.0511607209227901
"GOBP_ANTIGEN_RECEPTOR_MEDIATED_SIGNALING_PATHWAY","Nfam1",3,3,TRUE,TRUE,FALSE,TRUE,1,FALSE,FALSE,TRUE,0.484213271703586,0.0781408711177233,TRUE,3.71421188425343,6.19716566531939e-11,TRUE,0.351253084476359,0.501902609722221
"GOBP_ANTIGEN_RECEPTOR_MEDIATED_SIGNALING_PATHWAY","Ptprc",3,3,TRUE,TRUE,FALSE,TRUE,1,FALSE,FALSE,TRUE,0.5919563991021,0.250252196802151,TRUE,1.91670613521538,5.7654628836785e-06,TRUE,0.518307903432168,0.101624983605367
"GOBP_ANTIGEN_RECEPTOR_MEDIATED_SIGNALING_PATHWAY","Syk",3,3,TRUE,TRUE,FALSE,TRUE,1,FALSE,FALSE,TRUE,0.503344358195588,0.396384730535913,TRUE,2.99962596123063,2.36489559882808e-06,TRUE,0.233382318055769,0.871532469677388
"GOBP_APOPTOTIC_CELL_CLEARANCE","Axl",3,3,TRUE,TRUE,FALSE,TRUE,2,FALSE,FALSE,TRUE,0.339910356914286,0.122586397501279,TRUE,1.25553291486956,2.71583197139278e-07,TRUE,0.387996439091485,0.00280427365788733
"GOBP_B_CELL_ACTIVATION","Bcl3",3,3,TRUE,TRUE,FALSE,TRUE,2,FALSE,FALSE,TRUE,0.402414231968193,0.231590537214337,TRUE,1.84514765362038,4.15490542439594e-16,TRUE,1.30208899692276,3.71058910103766e-06
"GOBP_B_CELL_ACTIVATION","Blnk",3,3,TRUE,TRUE,FALSE,TRUE,1,FALSE,FALSE,TRUE,0.470619078246013,0.234952671999213,TRUE,3.83531001540645,2.23433763535677e-16,TRUE,0.802617663262608,0.229141878511167
"GOBP_B_CELL_ACTIVATION","Cd180",3,3,TRUE,TRUE,FALSE,TRUE,2,TRUE,FALSE,TRUE,0.928469544011367,0.0477322758442387,TRUE,3.34054464435045,4.19037110794436e-09,TRUE,0.783702491174118,0.382701142670785
"GOBP_B_CELL_ACTIVATION","Cdkn1a",3,3,TRUE,TRUE,FALSE,TRUE,3,TRUE,TRUE,TRUE,2.36554425602502,1.35357633394429e-34,TRUE,2.35564858769235,1.78933839512498e-18,TRUE,1.25275470167071,0.00116547161516769
"GOBP_B_CELL_ACTIVATION","Clcf1",3,3,TRUE,TRUE,FALSE,TRUE,1,FALSE,FALSE,TRUE,0.380785126764215,0.507456244569033,TRUE,4.13566290771825,1.24970676670861e-26,TRUE,0.465798299822003,0.766052028621802
"GOBP_B_CELL_ACTIVATION","Ephb2",3,3,TRUE,TRUE,FALSE,TRUE,2,TRUE,FALSE,TRUE,0.572020751641617,0.0264766121358153,TRUE,1.42915570448895,5.27065260331292e-10,TRUE,0.26532150243207,0.536661356246787
"GOBP_B_CELL_ACTIVATION","Ezh2",3,3,TRUE,TRUE,FALSE,TRUE,2,TRUE,FALSE,TRUE,0.459608539621235,0.0158725931162708,TRUE,1.37909682756798,3.10003711550863e-07,TRUE,0.57062246515141,0.125882713079947
"GOBP_B_CELL_ACTIVATION","Jak3",3,3,TRUE,TRUE,FALSE,TRUE,2,TRUE,FALSE,TRUE,0.427396542194848,0.04135677874079,TRUE,1.87900751214862,2.06258540474854e-05,TRUE,0.23450615099792,0.740805895320039
"GOBP_B_CELL_ACTIVATION","Lat2",3,3,TRUE,TRUE,FALSE,TRUE,1,FALSE,FALSE,TRUE,0.41713994242578,0.476063943766538,TRUE,3.26384997476256,6.89486497126423e-06,TRUE,1.84322057050487,0.0807455748172461
"GOBP_B_CELL_ACTIVATION","Lyn",3,3,TRUE,TRUE,FALSE,TRUE,1,FALSE,FALSE,TRUE,0.223509764937926,0.490142085956127,TRUE,2.0120269595302,3.81981511615045e-08,TRUE,0.587385518008491,0.0511607209227901
"GOBP_B_CELL_ACTIVATION","Nfam1",3,3,TRUE,TRUE,FALSE,TRUE,1,FALSE,FALSE,TRUE,0.484213271703586,0.0781408711177233,TRUE,3.71421188425343,6.19716566531939e-11,TRUE,0.351253084476359,0.501902609722221
"GOBP_B_CELL_ACTIVATION","Ptpn6",3,3,TRUE,TRUE,FALSE,TRUE,1,FALSE,FALSE,TRUE,0.287205850094709,0.553774801059526,TRUE,1.98203183621216,1.06186485618229e-09,TRUE,0.371019040084565,0.513464940390957
"GOBP_B_CELL_ACTIVATION","Ptprc",3,3,TRUE,TRUE,FALSE,TRUE,1,FALSE,FALSE,TRUE,0.5919563991021,0.250252196802151,TRUE,1.91670613521538,5.7654628836785e-06,TRUE,0.518307903432168,0.101624983605367
"GOBP_B_CELL_ACTIVATION","Spi1",3,3,TRUE,TRUE,FALSE,TRUE,2,FALSE,FALSE,TRUE,0.231827238387176,0.377404760009199,TRUE,2.70498117793039,2.23000712632317e-08,TRUE,0.880614679226821,0.0101246949687062
"GOBP_B_CELL_ACTIVATION","St3gal1",3,3,TRUE,TRUE,FALSE,TRUE,2,TRUE,FALSE,TRUE,0.332631355943971,0.0487100393501226,TRUE,1.48448123310389,3.86903333773869e-12,TRUE,0.0901231181186642,0.896768635780967
"GOBP_B_CELL_ACTIVATION","Syk",3,3,TRUE,TRUE,FALSE,TRUE,1,FALSE,FALSE,TRUE,0.503344358195588,0.396384730535913,TRUE,2.99962596123063,2.36489559882808e-06,TRUE,0.233382318055769,0.871532469677388
"GOBP_B_CELL_ACTIVATION","Tgfb1",3,3,TRUE,TRUE,FALSE,TRUE,1,FALSE,FALSE,TRUE,0.352316809798448,0.325249018682096,TRUE,2.48294295045363,9.90696293843824e-16,TRUE,0.271883874258171,0.653831483433746
"GOBP_B_CELL_DIFFERENTIATION","Bcl3",3,3,TRUE,TRUE,FALSE,TRUE,2,FALSE,FALSE,TRUE,0.402414231968193,0.231590537214337,TRUE,1.84514765362038,4.15490542439594e-16,TRUE,1.30208899692276,3.71058910103766e-06
"GOBP_B_CELL_DIFFERENTIATION","Blnk",3,3,TRUE,TRUE,FALSE,TRUE,1,FALSE,FALSE,TRUE,0.470619078246013,0.234952671999213,TRUE,3.83531001540645,2.23433763535677e-16,TRUE,0.802617663262608,0.229141878511167
"GOBP_B_CELL_DIFFERENTIATION","Clcf1",3,3,TRUE,TRUE,FALSE,TRUE,1,FALSE,FALSE,TRUE,0.380785126764215,0.507456244569033,TRUE,4.13566290771825,1.24970676670861e-26,TRUE,0.465798299822003,0.766052028621802
"GOBP_B_CELL_DIFFERENTIATION","Ezh2",3,3,TRUE,TRUE,FALSE,TRUE,2,TRUE,FALSE,TRUE,0.459608539621235,0.0158725931162708,TRUE,1.37909682756798,3.10003711550863e-07,TRUE,0.57062246515141,0.125882713079947
"GOBP_B_CELL_DIFFERENTIATION","Jak3",3,3,TRUE,TRUE,FALSE,TRUE,2,TRUE,FALSE,TRUE,0.427396542194848,0.04135677874079,TRUE,1.87900751214862,2.06258540474854e-05,TRUE,0.23450615099792,0.740805895320039
"GOBP_B_CELL_DIFFERENTIATION","Nfam1",3,3,TRUE,TRUE,FALSE,TRUE,1,FALSE,FALSE,TRUE,0.484213271703586,0.0781408711177233,TRUE,3.71421188425343,6.19716566531939e-11,TRUE,0.351253084476359,0.501902609722221
"GOBP_B_CELL_DIFFERENTIATION","Ptpn6",3,3,TRUE,TRUE,FALSE,TRUE,1,FALSE,FALSE,TRUE,0.287205850094709,0.553774801059526,TRUE,1.98203183621216,1.06186485618229e-09,TRUE,0.371019040084565,0.513464940390957
"GOBP_B_CELL_DIFFERENTIATION","Ptprc",3,3,TRUE,TRUE,FALSE,TRUE,1,FALSE,FALSE,TRUE,0.5919563991021,0.250252196802151,TRUE,1.91670613521538,5.7654628836785e-06,TRUE,0.518307903432168,0.101624983605367
"GOBP_B_CELL_DIFFERENTIATION","Spi1",3,3,TRUE,TRUE,FALSE,TRUE,2,FALSE,FALSE,TRUE,0.231827238387176,0.377404760009199,TRUE,2.70498117793039,2.23000712632317e-08,TRUE,0.880614679226821,0.0101246949687062
"GOBP_B_CELL_DIFFERENTIATION","Syk",3,3,TRUE,TRUE,FALSE,TRUE,1,FALSE,FALSE,TRUE,0.503344358195588,0.396384730535913,TRUE,2.99962596123063,2.36489559882808e-06,TRUE,0.233382318055769,0.871532469677388
"GOBP_B_CELL_MEDIATED_IMMUNITY","Bcl3",3,3,TRUE,TRUE,FALSE,TRUE,2,FALSE,FALSE,TRUE,0.402414231968193,0.231590537214337,TRUE,1.84514765362038,4.15490542439594e-16,TRUE,1.30208899692276,3.71058910103766e-06
"GOBP_B_CELL_MEDIATED_IMMUNITY","C1qb",3,3,TRUE,TRUE,FALSE,TRUE,2,FALSE,FALSE,TRUE,0.163639345749392,0.718330025650956,TRUE,4.34033537697922,2.5068380769927e-08,TRUE,1.12148668460689,0.000725111320657617
"GOBP_B_CELL_MEDIATED_IMMUNITY","Clcf1",3,3,TRUE,TRUE,FALSE,TRUE,1,FALSE,FALSE,TRUE,0.380785126764215,0.507456244569033,TRUE,4.13566290771825,1.24970676670861e-26,TRUE,0.465798299822003,0.766052028621802
"GOBP_B_CELL_MEDIATED_IMMUNITY","Cr2",3,3,TRUE,TRUE,FALSE,TRUE,0,FALSE,FALSE,TRUE,1.14037781500374,0.449746647872706,TRUE,2.53136125366919,0.0606034936600029,TRUE,0.60531692007636,0.836828874032342
"GOBP_B_CELL_MEDIATED_IMMUNITY","Fcgr2b",3,3,TRUE,TRUE,FALSE,TRUE,1,FALSE,FALSE,TRUE,0.263264664719474,0.704593510883078,TRUE,2.41087476648924,5.97535000259747e-06,TRUE,0.69624718486992,0.341949737717871
"GOBP_B_CELL_MEDIATED_IMMUNITY","Fcgr3a",3,3,TRUE,TRUE,FALSE,TRUE,1,FALSE,FALSE,TRUE,0.499791340273772,0.433136613110795,TRUE,3.79881048558459,3.8983911764311e-11,TRUE,1.53687952190867,0.101128589312253
"GOBP_B_CELL_MEDIATED_IMMUNITY","Il21r",3,3,TRUE,TRUE,FALSE,TRUE,1,FALSE,FALSE,TRUE,0.409612448971696,0.526215004863535,TRUE,2.50395115572206,2.40332500289636e-07,TRUE,0.614951195631424,0.690885012171302
"GOBP_B_CELL_MEDIATED_IMMUNITY","Il2rb",3,3,TRUE,TRUE,FALSE,TRUE,2,FALSE,FALSE,TRUE,1.28113834586542,0.070614234743614,TRUE,2.04185973077079,0.011919470863005,TRUE,1.81747673028732,0.018171677886979
"GOBP_B_CELL_MEDIATED_IMMUNITY","Myd88",3,3,TRUE,TRUE,FALSE,TRUE,1,FALSE,FALSE,TRUE,0.160206577192312,0.554368260121224,TRUE,0.981640852311147,4.24310889552739e-05,TRUE,0.153760360951687,0.845257405344269
"GOBP_B_CELL_MEDIATED_IMMUNITY","Ptpn6",3,3,TRUE,TRUE,FALSE,TRUE,1,FALSE,FALSE,TRUE,0.287205850094709,0.553774801059526,TRUE,1.98203183621216,1.06186485618229e-09,TRUE,0.371019040084565,0.513464940390957
"GOBP_B_CELL_MEDIATED_IMMUNITY","Ptprc",3,3,TRUE,TRUE,FALSE,TRUE,1,FALSE,FALSE,TRUE,0.5919563991021,0.250252196802151,TRUE,1.91670613521538,5.7654628836785e-06,TRUE,0.518307903432168,0.101624983605367
"GOBP_B_CELL_MEDIATED_IMMUNITY","Tgfb1",3,3,TRUE,TRUE,FALSE,TRUE,1,FALSE,FALSE,TRUE,0.352316809798448,0.325249018682096,TRUE,2.48294295045363,9.90696293843824e-16,TRUE,0.271883874258171,0.653831483433746
"GOBP_B_CELL_MEDIATED_IMMUNITY","Tlr8",3,3,TRUE,TRUE,FALSE,TRUE,1,FALSE,FALSE,TRUE,0.304197357516575,0.667696441560898,TRUE,2.37747472245518,0.00104893976097432,TRUE,0.347599207569656,0.441138911969449
"GOBP_B_CELL_MEDIATED_IMMUNITY","Ung",3,3,TRUE,TRUE,FALSE,TRUE,1,FALSE,FALSE,TRUE,0.210675986540277,0.667816204983634,TRUE,2.00665657849906,1.5715595846693e-05,TRUE,0.32410846035283,0.879112512777139
"GOBP_B_CELL_PROLIFERATION","Cd180",3,3,TRUE,TRUE,FALSE,TRUE,2,TRUE,FALSE,TRUE,0.928469544011367,0.0477322758442387,TRUE,3.34054464435045,4.19037110794436e-09,TRUE,0.783702491174118,0.382701142670785
"GOBP_B_CELL_PROLIFERATION","Cdkn1a",3,3,TRUE,TRUE,FALSE,TRUE,3,TRUE,TRUE,TRUE,2.36554425602502,1.35357633394429e-34,TRUE,2.35564858769235,1.78933839512498e-18,TRUE,1.25275470167071,0.00116547161516769
"GOBP_B_CELL_PROLIFERATION","Clcf1",3,3,TRUE,TRUE,FALSE,TRUE,1,FALSE,FALSE,TRUE,0.380785126764215,0.507456244569033,TRUE,4.13566290771825,1.24970676670861e-26,TRUE,0.465798299822003,0.766052028621802
"GOBP_B_CELL_PROLIFERATION","Ephb2",3,3,TRUE,TRUE,FALSE,TRUE,2,TRUE,FALSE,TRUE,0.572020751641617,0.0264766121358153,TRUE,1.42915570448895,5.27065260331292e-10,TRUE,0.26532150243207,0.536661356246787
"GOBP_B_CELL_PROLIFERATION","Lyn",3,3,TRUE,TRUE,FALSE,TRUE,1,FALSE,FALSE,TRUE,0.223509764937926,0.490142085956127,TRUE,2.0120269595302,3.81981511615045e-08,TRUE,0.587385518008491,0.0511607209227901
"GOBP_B_CELL_PROLIFERATION","Mnda",3,3,TRUE,TRUE,FALSE,TRUE,1,FALSE,FALSE,TRUE,0.417608355899685,0.326485549650622,TRUE,1.57862229294173,0.0177570728745022,TRUE,0.29329723677737,0.863965467866178
"GOBP_B_CELL_PROLIFERATION","Ptprc",3,3,TRUE,TRUE,FALSE,TRUE,1,FALSE,FALSE,TRUE,0.5919563991021,0.250252196802151,TRUE,1.91670613521538,5.7654628836785e-06,TRUE,0.518307903432168,0.101624983605367
"GOBP_B_CELL_RECEPTOR_SIGNALING_PATHWAY","Blnk",3,3,TRUE,TRUE,FALSE,TRUE,1,FALSE,FALSE,TRUE,0.470619078246013,0.234952671999213,TRUE,3.83531001540645,2.23433763535677e-16,TRUE,0.802617663262608,0.229141878511167
"GOBP_B_CELL_RECEPTOR_SIGNALING_PATHWAY","Klhl6",3,3,TRUE,TRUE,FALSE,TRUE,1,FALSE,FALSE,TRUE,0.578196572176061,0.306853449958753,TRUE,2.48304834238421,2.57541923315069e-06,TRUE,0.969298825024244,0.222416028422934
"GOBP_B_CELL_RECEPTOR_SIGNALING_PATHWAY","Lat2",3,3,TRUE,TRUE,FALSE,TRUE,1,FALSE,FALSE,TRUE,0.41713994242578,0.476063943766538,TRUE,3.26384997476256,6.89486497126423e-06,TRUE,1.84322057050487,0.0807455748172461
"GOBP_B_CELL_RECEPTOR_SIGNALING_PATHWAY","Lyn",3,3,TRUE,TRUE,FALSE,TRUE,1,FALSE,FALSE,TRUE,0.223509764937926,0.490142085956127,TRUE,2.0120269595302,3.81981511615045e-08,TRUE,0.587385518008491,0.0511607209227901
"GOBP_B_CELL_RECEPTOR_SIGNALING_PATHWAY","Nfam1",3,3,TRUE,TRUE,FALSE,TRUE,1,FALSE,FALSE,TRUE,0.484213271703586,0.0781408711177233,TRUE,3.71421188425343,6.19716566531939e-11,TRUE,0.351253084476359,0.501902609722221
"GOBP_B_CELL_RECEPTOR_SIGNALING_PATHWAY","Ptpn6",3,3,TRUE,TRUE,FALSE,TRUE,1,FALSE,FALSE,TRUE,0.287205850094709,0.553774801059526,TRUE,1.98203183621216,1.06186485618229e-09,TRUE,0.371019040084565,0.513464940390957
"GOBP_B_CELL_RECEPTOR_SIGNALING_PATHWAY","Ptprc",3,3,TRUE,TRUE,FALSE,TRUE,1,FALSE,FALSE,TRUE,0.5919563991021,0.250252196802151,TRUE,1.91670613521538,5.7654628836785e-06,TRUE,0.518307903432168,0.101624983605367
"GOBP_B_CELL_RECEPTOR_SIGNALING_PATHWAY","Syk",3,3,TRUE,TRUE,FALSE,TRUE,1,FALSE,FALSE,TRUE,0.503344358195588,0.396384730535913,TRUE,2.99962596123063,2.36489559882808e-06,TRUE,0.233382318055769,0.871532469677388
"GOBP_CELLULAR_RESPONSE_TO_BIOTIC_STIMULUS","Axl",3,3,TRUE,TRUE,FALSE,TRUE,2,FALSE,FALSE,TRUE,0.339910356914286,0.122586397501279,TRUE,1.25553291486956,2.71583197139278e-07,TRUE,0.387996439091485,0.00280427365788733
"GOBP_CELLULAR_RESPONSE_TO_BIOTIC_STIMULUS","Casp7",3,3,TRUE,TRUE,FALSE,TRUE,1,FALSE,FALSE,TRUE,0.325208830486546,0.315376129889057,TRUE,1.23221514750994,1.09068757959207e-08,TRUE,0.29797383520407,0.663540132076808
"GOBP_CELLULAR_RESPONSE_TO_BIOTIC_STIMULUS","Cd180",3,3,TRUE,TRUE,FALSE,TRUE,2,TRUE,FALSE,TRUE,0.928469544011367,0.0477322758442387,TRUE,3.34054464435045,4.19037110794436e-09,TRUE,0.783702491174118,0.382701142670785
"GOBP_CELLULAR_RESPONSE_TO_BIOTIC_STIMULUS","Cd68",3,3,TRUE,TRUE,FALSE,TRUE,3,TRUE,TRUE,TRUE,0.475875429309184,0.0351647016514608,TRUE,5.69370776946084,3.54544834963571e-28,TRUE,0.872295096338037,0.0026039181399166
"GOBP_CELLULAR_RESPONSE_TO_BIOTIC_STIMULUS","Cd80",3,3,TRUE,TRUE,FALSE,TRUE,1,FALSE,FALSE,TRUE,0.664752398300911,0.14084322832029,TRUE,2.46574054249037,0.000337877256597884,TRUE,0.517813043747365,0.630079601111044
"GOBP_CELLULAR_RESPONSE_TO_BIOTIC_STIMULUS","Ephb2",3,3,TRUE,TRUE,FALSE,TRUE,2,TRUE,FALSE,TRUE,0.572020751641617,0.0264766121358153,TRUE,1.42915570448895,5.27065260331292e-10,TRUE,0.26532150243207,0.536661356246787
"GOBP_CELLULAR_RESPONSE_TO_BIOTIC_STIMULUS","Gbp2",3,3,TRUE,TRUE,FALSE,TRUE,1,FALSE,FALSE,TRUE,0.360144648683133,0.085398103628811,TRUE,3.28577579408222,1.03327654448563e-68,TRUE,0.268022727287426,0.57863793596698
"GOBP_CELLULAR_RESPONSE_TO_BIOTIC_STIMULUS","Hck",3,3,TRUE,TRUE,FALSE,TRUE,1,FALSE,FALSE,TRUE,0.315056483473932,0.12356364451052,TRUE,4.22136449953663,7.19910221439481e-38,TRUE,0.278580063811414,0.796916524427636
"GOBP_CELLULAR_RESPONSE_TO_BIOTIC_STIMULUS","Irak3",3,3,TRUE,TRUE,FALSE,TRUE,2,TRUE,FALSE,TRUE,0.631941891439005,0.00155976019701832,TRUE,0.878125867520487,6.57638099719961e-05,TRUE,0.245044844928754,0.522132434794
"GOBP_CELLULAR_RESPONSE_TO_BIOTIC_STIMULUS","Irak4",3,3,TRUE,TRUE,FALSE,TRUE,1,FALSE,FALSE,TRUE,0.173713394292799,0.581028017851585,TRUE,1.02413630910348,6.61193896357856e-06,TRUE,0.292135630147656,0.451719993322515
"GOBP_CELLULAR_RESPONSE_TO_BIOTIC_STIMULUS","Irf5",3,3,TRUE,TRUE,FALSE,TRUE,1,FALSE,FALSE,TRUE,0.426066971251357,0.116637285182882,TRUE,1.95145440294813,0.000131781151828553,TRUE,0.494746860581211,0.185309697300595
"GOBP_CELLULAR_RESPONSE_TO_BIOTIC_STIMULUS","Litaf",3,3,TRUE,TRUE,FALSE,TRUE,1,FALSE,FALSE,TRUE,0.246658409448815,0.349458343599393,TRUE,1.32030207955079,6.44489367816647e-19,TRUE,0.307601152090043,0.37491741317879
"GOBP_CELLULAR_RESPONSE_TO_BIOTIC_STIMULUS","Lyn",3,3,TRUE,TRUE,FALSE,TRUE,1,FALSE,FALSE,TRUE,0.223509764937926,0.490142085956127,TRUE,2.0120269595302,3.81981511615045e-08,TRUE,0.587385518008491,0.0511607209227901
"GOBP_CELLULAR_RESPONSE_TO_BIOTIC_STIMULUS","Myd88",3,3,TRUE,TRUE,FALSE,TRUE,1,FALSE,FALSE,TRUE,0.160206577192312,0.554368260121224,TRUE,0.981640852311147,4.24310889552739e-05,TRUE,0.153760360951687,0.845257405344269
"GOBP_CELLULAR_RESPONSE_TO_BIOTIC_STIMULUS","Ptpn6",3,3,TRUE,TRUE,FALSE,TRUE,1,FALSE,FALSE,TRUE,0.287205850094709,0.553774801059526,TRUE,1.98203183621216,1.06186485618229e-09,TRUE,0.371019040084565,0.513464940390957
"GOBP_CELLULAR_RESPONSE_TO_BIOTIC_STIMULUS","Sbno2",3,3,TRUE,TRUE,FALSE,TRUE,2,FALSE,FALSE,TRUE,0.252439224652278,0.252895905452963,TRUE,1.8075591588866,5.70646436094297e-21,TRUE,0.813138251418489,0.00113348287894191
"GOBP_CELLULAR_RESPONSE_TO_BIOTIC_STIMULUS","Serpine1",3,3,TRUE,TRUE,FALSE,TRUE,1,FALSE,FALSE,TRUE,0.356679704473783,0.58430105160132,TRUE,4.32003960854411,3.75906722659808e-20,TRUE,0.867036493565409,0.15293647170219
"GOBP_CELLULAR_RESPONSE_TO_BIOTIC_STIMULUS","Spi1",3,3,TRUE,TRUE,FALSE,TRUE,2,FALSE,FALSE,TRUE,0.231827238387176,0.377404760009199,TRUE,2.70498117793039,2.23000712632317e-08,TRUE,0.880614679226821,0.0101246949687062
"GOBP_CELLULAR_RESPONSE_TO_BIOTIC_STIMULUS","Syk",3,3,TRUE,TRUE,FALSE,TRUE,1,FALSE,FALSE,TRUE,0.503344358195588,0.396384730535913,TRUE,2.99962596123063,2.36489559882808e-06,TRUE,0.233382318055769,0.871532469677388
"GOBP_CELLULAR_RESPONSE_TO_BIOTIC_STIMULUS","Tnfrsf1b",3,3,TRUE,TRUE,FALSE,TRUE,1,FALSE,FALSE,TRUE,0.267272159554668,0.509379913049287,TRUE,1.50470562292304,7.12442531553175e-05,TRUE,0.508146320436365,0.415506032246073
"GOBP_CELLULAR_RESPONSE_TO_BIOTIC_STIMULUS","Tspo",3,3,TRUE,TRUE,FALSE,TRUE,2,FALSE,FALSE,TRUE,0.325405375846523,0.202379404847811,TRUE,0.749570129782397,0.00705455824453808,TRUE,0.78445319851494,0.0296285088499084
"GOBP_CELLULAR_RESPONSE_TO_BIOTIC_STIMULUS","Vim",3,3,TRUE,TRUE,FALSE,TRUE,1,FALSE,FALSE,TRUE,0.284475157502747,0.0697322659341019,TRUE,1.63139773830339,9.44449354581054e-16,TRUE,0.208890938840981,0.340978885950124
"GOBP_CELLULAR_RESPONSE_TO_BIOTIC_STIMULUS","Zfp36",3,3,TRUE,TRUE,FALSE,TRUE,1,FALSE,FALSE,TRUE,0.308226941801745,0.499249789714856,TRUE,0.69907971598608,0.000413161071176174,TRUE,0.596714716898732,0.102068151269284
"GOBP_CELLULAR_RESPONSE_TO_INTERLEUKIN_1","Adamts7",3,3,TRUE,TRUE,FALSE,TRUE,1,FALSE,FALSE,TRUE,0.377213673225148,0.0895166054579076,TRUE,1.08169151887619,2.03671730866659e-06,TRUE,0.12249717522632,0.869499140289043
"GOBP_CELLULAR_RESPONSE_TO_INTERLEUKIN_1","Gbp2",3,3,TRUE,TRUE,FALSE,TRUE,1,FALSE,FALSE,TRUE,0.360144648683133,0.085398103628811,TRUE,3.28577579408222,1.03327654448563e-68,TRUE,0.268022727287426,0.57863793596698
"GOBP_CELLULAR_RESPONSE_TO_INTERLEUKIN_1","Irak3",3,3,TRUE,TRUE,FALSE,TRUE,2,TRUE,FALSE,TRUE,0.631941891439005,0.00155976019701832,TRUE,0.878125867520487,6.57638099719961e-05,TRUE,0.245044844928754,0.522132434794
"GOBP_CELLULAR_RESPONSE_TO_MOLECULE_OF_BACTERIAL_ORIGIN","Axl",3,3,TRUE,TRUE,FALSE,TRUE,2,FALSE,FALSE,TRUE,0.339910356914286,0.122586397501279,TRUE,1.25553291486956,2.71583197139278e-07,TRUE,0.387996439091485,0.00280427365788733
"GOBP_CELLULAR_RESPONSE_TO_MOLECULE_OF_BACTERIAL_ORIGIN","Casp7",3,3,TRUE,TRUE,FALSE,TRUE,1,FALSE,FALSE,TRUE,0.325208830486546,0.315376129889057,TRUE,1.23221514750994,1.09068757959207e-08,TRUE,0.29797383520407,0.663540132076808
"GOBP_CELLULAR_RESPONSE_TO_MOLECULE_OF_BACTERIAL_ORIGIN","Cd180",3,3,TRUE,TRUE,FALSE,TRUE,2,TRUE,FALSE,TRUE,0.928469544011367,0.0477322758442387,TRUE,3.34054464435045,4.19037110794436e-09,TRUE,0.783702491174118,0.382701142670785
"GOBP_CELLULAR_RESPONSE_TO_MOLECULE_OF_BACTERIAL_ORIGIN","Cd68",3,3,TRUE,TRUE,FALSE,TRUE,3,TRUE,TRUE,TRUE,0.475875429309184,0.0351647016514608,TRUE,5.69370776946084,3.54544834963571e-28,TRUE,0.872295096338037,0.0026039181399166
"GOBP_CELLULAR_RESPONSE_TO_MOLECULE_OF_BACTERIAL_ORIGIN","Cd80",3,3,TRUE,TRUE,FALSE,TRUE,1,FALSE,FALSE,TRUE,0.664752398300911,0.14084322832029,TRUE,2.46574054249037,0.000337877256597884,TRUE,0.517813043747365,0.630079601111044
"GOBP_CELLULAR_RESPONSE_TO_MOLECULE_OF_BACTERIAL_ORIGIN","Ephb2",3,3,TRUE,TRUE,FALSE,TRUE,2,TRUE,FALSE,TRUE,0.572020751641617,0.0264766121358153,TRUE,1.42915570448895,5.27065260331292e-10,TRUE,0.26532150243207,0.536661356246787
"GOBP_CELLULAR_RESPONSE_TO_MOLECULE_OF_BACTERIAL_ORIGIN","Gbp2",3,3,TRUE,TRUE,FALSE,TRUE,1,FALSE,FALSE,TRUE,0.360144648683133,0.085398103628811,TRUE,3.28577579408222,1.03327654448563e-68,TRUE,0.268022727287426,0.57863793596698
"GOBP_CELLULAR_RESPONSE_TO_MOLECULE_OF_BACTERIAL_ORIGIN","Hck",3,3,TRUE,TRUE,FALSE,TRUE,1,FALSE,FALSE,TRUE,0.315056483473932,0.12356364451052,TRUE,4.22136449953663,7.19910221439481e-38,TRUE,0.278580063811414,0.796916524427636
"GOBP_CELLULAR_RESPONSE_TO_MOLECULE_OF_BACTERIAL_ORIGIN","Irak3",3,3,TRUE,TRUE,FALSE,TRUE,2,TRUE,FALSE,TRUE,0.631941891439005,0.00155976019701832,TRUE,0.878125867520487,6.57638099719961e-05,TRUE,0.245044844928754,0.522132434794
"GOBP_CELLULAR_RESPONSE_TO_MOLECULE_OF_BACTERIAL_ORIGIN","Irak4",3,3,TRUE,TRUE,FALSE,TRUE,1,FALSE,FALSE,TRUE,0.173713394292799,0.581028017851585,TRUE,1.02413630910348,6.61193896357856e-06,TRUE,0.292135630147656,0.451719993322515
"GOBP_CELLULAR_RESPONSE_TO_MOLECULE_OF_BACTERIAL_ORIGIN","Irf5",3,3,TRUE,TRUE,FALSE,TRUE,1,FALSE,FALSE,TRUE,0.426066971251357,0.116637285182882,TRUE,1.95145440294813,0.000131781151828553,TRUE,0.494746860581211,0.185309697300595
"GOBP_CELLULAR_RESPONSE_TO_MOLECULE_OF_BACTERIAL_ORIGIN","Litaf",3,3,TRUE,TRUE,FALSE,TRUE,1,FALSE,FALSE,TRUE,0.246658409448815,0.349458343599393,TRUE,1.32030207955079,6.44489367816647e-19,TRUE,0.307601152090043,0.37491741317879
"GOBP_CELLULAR_RESPONSE_TO_MOLECULE_OF_BACTERIAL_ORIGIN","Lyn",3,3,TRUE,TRUE,FALSE,TRUE,1,FALSE,FALSE,TRUE,0.223509764937926,0.490142085956127,TRUE,2.0120269595302,3.81981511615045e-08,TRUE,0.587385518008491,0.0511607209227901
"GOBP_CELLULAR_RESPONSE_TO_MOLECULE_OF_BACTERIAL_ORIGIN","Myd88",3,3,TRUE,TRUE,FALSE,TRUE,1,FALSE,FALSE,TRUE,0.160206577192312,0.554368260121224,TRUE,0.981640852311147,4.24310889552739e-05,TRUE,0.153760360951687,0.845257405344269
"GOBP_CELLULAR_RESPONSE_TO_MOLECULE_OF_BACTERIAL_ORIGIN","Ptpn6",3,3,TRUE,TRUE,FALSE,TRUE,1,FALSE,FALSE,TRUE,0.287205850094709,0.553774801059526,TRUE,1.98203183621216,1.06186485618229e-09,TRUE,0.371019040084565,0.513464940390957
"GOBP_CELLULAR_RESPONSE_TO_MOLECULE_OF_BACTERIAL_ORIGIN","Sbno2",3,3,TRUE,TRUE,FALSE,TRUE,2,FALSE,FALSE,TRUE,0.252439224652278,0.252895905452963,TRUE,1.8075591588866,5.70646436094297e-21,TRUE,0.813138251418489,0.00113348287894191
"GOBP_CELLULAR_RESPONSE_TO_MOLECULE_OF_BACTERIAL_ORIGIN","Serpine1",3,3,TRUE,TRUE,FALSE,TRUE,1,FALSE,FALSE,TRUE,0.356679704473783,0.58430105160132,TRUE,4.32003960854411,3.75906722659808e-20,TRUE,0.867036493565409,0.15293647170219
"GOBP_CELLULAR_RESPONSE_TO_MOLECULE_OF_BACTERIAL_ORIGIN","Spi1",3,3,TRUE,TRUE,FALSE,TRUE,2,FALSE,FALSE,TRUE,0.231827238387176,0.377404760009199,TRUE,2.70498117793039,2.23000712632317e-08,TRUE,0.880614679226821,0.0101246949687062
"GOBP_CELLULAR_RESPONSE_TO_MOLECULE_OF_BACTERIAL_ORIGIN","Tnfrsf1b",3,3,TRUE,TRUE,FALSE,TRUE,1,FALSE,FALSE,TRUE,0.267272159554668,0.509379913049287,TRUE,1.50470562292304,7.12442531553175e-05,TRUE,0.508146320436365,0.415506032246073
"GOBP_CELLULAR_RESPONSE_TO_MOLECULE_OF_BACTERIAL_ORIGIN","Tspo",3,3,TRUE,TRUE,FALSE,TRUE,2,FALSE,FALSE,TRUE,0.325405375846523,0.202379404847811,TRUE,0.749570129782397,0.00705455824453808,TRUE,0.78445319851494,0.0296285088499084
"GOBP_CELLULAR_RESPONSE_TO_MOLECULE_OF_BACTERIAL_ORIGIN","Vim",3,3,TRUE,TRUE,FALSE,TRUE,1,FALSE,FALSE,TRUE,0.284475157502747,0.0697322659341019,TRUE,1.63139773830339,9.44449354581054e-16,TRUE,0.208890938840981,0.340978885950124
"GOBP_CELLULAR_RESPONSE_TO_MOLECULE_OF_BACTERIAL_ORIGIN","Zfp36",3,3,TRUE,TRUE,FALSE,TRUE,1,FALSE,FALSE,TRUE,0.308226941801745,0.499249789714856,TRUE,0.69907971598608,0.000413161071176174,TRUE,0.596714716898732,0.102068151269284
"GOBP_CELL_ADHESION_MEDIATED_BY_INTEGRIN","Cib1",3,3,TRUE,TRUE,FALSE,TRUE,1,FALSE,FALSE,TRUE,0.123936482674867,0.68249040493333,TRUE,0.872705870730321,0.000474703668236124,TRUE,0.227130926905953,0.743116073434747
"GOBP_CELL_ADHESION_MEDIATED_BY_INTEGRIN","Col16a1",3,3,TRUE,TRUE,FALSE,TRUE,2,TRUE,FALSE,TRUE,0.437721092872066,0.0311297432235143,TRUE,1.23252737385172,1.91906682931496e-06,TRUE,0.371048406292925,0.115523987798977
"GOBP_CELL_ADHESION_MEDIATED_BY_INTEGRIN","Fermt3",3,3,TRUE,TRUE,FALSE,TRUE,1,FALSE,FALSE,TRUE,0.348744539216141,0.246344611586819,TRUE,2.58626873249832,8.85559234210635e-09,TRUE,0.239346787881061,0.848325269694004
"GOBP_CELL_ADHESION_MEDIATED_BY_INTEGRIN","Icam1",3,3,TRUE,TRUE,FALSE,TRUE,2,TRUE,FALSE,TRUE,0.823176340057854,0.000718966158848219,TRUE,1.31157277268251,4.25281416532404e-07,TRUE,0.252813131824194,0.810368161592969
"GOBP_CELL_ADHESION_MEDIATED_BY_INTEGRIN","Itgal",3,3,TRUE,TRUE,FALSE,TRUE,3,TRUE,TRUE,TRUE,0.5158130786856,0.0491571447728293,TRUE,3.64924398307014,1.21535031663699e-12,TRUE,0.722344944598314,0.00812363107736976
"GOBP_CELL_ADHESION_MEDIATED_BY_INTEGRIN","Itgax",3,3,TRUE,TRUE,FALSE,TRUE,1,FALSE,FALSE,TRUE,0.78770367649694,0.267692288385957,TRUE,3.78767084084762,4.02804911876953e-16,TRUE,0.822564186465989,0.261084134129211
"GOBP_CELL_ADHESION_MEDIATED_BY_INTEGRIN","Itgb2",3,3,TRUE,TRUE,FALSE,TRUE,1,FALSE,FALSE,TRUE,0.577655265399382,0.160586698777614,TRUE,4.2106302715265,4.81085137874971e-20,TRUE,1.06224267673307,0.0717152126730221
"GOBP_CELL_ADHESION_MEDIATED_BY_INTEGRIN","Lyn",3,3,TRUE,TRUE,FALSE,TRUE,1,FALSE,FALSE,TRUE,0.223509764937926,0.490142085956127,TRUE,2.0120269595302,3.81981511615045e-08,TRUE,0.587385518008491,0.0511607209227901
"GOBP_CELL_ADHESION_MEDIATED_BY_INTEGRIN","Ptpn6",3,3,TRUE,TRUE,FALSE,TRUE,1,FALSE,FALSE,TRUE,0.287205850094709,0.553774801059526,TRUE,1.98203183621216,1.06186485618229e-09,TRUE,0.371019040084565,0.513464940390957
"GOBP_CELL_ADHESION_MEDIATED_BY_INTEGRIN","Serpine1",3,3,TRUE,TRUE,FALSE,TRUE,1,FALSE,FALSE,TRUE,0.356679704473783,0.58430105160132,TRUE,4.32003960854411,3.75906722659808e-20,TRUE,0.867036493565409,0.15293647170219
"GOBP_CELL_ADHESION_MEDIATED_BY_INTEGRIN","Syk",3,3,TRUE,TRUE,FALSE,TRUE,1,FALSE,FALSE,TRUE,0.503344358195588,0.396384730535913,TRUE,2.99962596123063,2.36489559882808e-06,TRUE,0.233382318055769,0.871532469677388
"GOBP_CYTOKINE_MEDIATED_SIGNALING_PATHWAY","Agpat2",3,3,TRUE,TRUE,FALSE,TRUE,1,FALSE,FALSE,TRUE,0.71659932939075,0.157237373215346,TRUE,1.75071533325784,1.39858941245108e-08,TRUE,0.492089211324356,0.612986458844442
"GOBP_CYTOKINE_MEDIATED_SIGNALING_PATHWAY","Axl",3,3,TRUE,TRUE,FALSE,TRUE,2,FALSE,FALSE,TRUE,0.339910356914286,0.122586397501279,TRUE,1.25553291486956,2.71583197139278e-07,TRUE,0.387996439091485,0.00280427365788733
"GOBP_CYTOKINE_MEDIATED_SIGNALING_PATHWAY","Birc3",3,3,TRUE,TRUE,FALSE,TRUE,1,FALSE,FALSE,TRUE,0.413618395752454,0.459443681356832,TRUE,1.2660044576468,0.000151794594442551,TRUE,0.355638188125153,0.866710113831817
"GOBP_CYTOKINE_MEDIATED_SIGNALING_PATHWAY","Card14",3,3,TRUE,TRUE,FALSE,TRUE,1,FALSE,FALSE,TRUE,0.365484499038169,0.526137225348561,TRUE,3.58646831826288,7.10707719755735e-15,TRUE,0.83066039777124,0.588611361665432
"GOBP_CYTOKINE_MEDIATED_SIGNALING_PATHWAY","Ccl7",3,3,TRUE,TRUE,FALSE,TRUE,1,FALSE,FALSE,TRUE,0.470041827430481,0.452241100400049,TRUE,2.39117372654952,0.000574738283827093,TRUE,0.930015713260818,0.703243903618601
"GOBP_CYTOKINE_MEDIATED_SIGNALING_PATHWAY","Cebpa",3,3,TRUE,TRUE,FALSE,TRUE,1,FALSE,FALSE,TRUE,0.2081021233382,0.622589072935499,TRUE,2.98546067492836,1.0631313430875e-13,TRUE,0.892092081909043,0.270264083793844
"GOBP_CYTOKINE_MEDIATED_SIGNALING_PATHWAY","Cib1",3,3,TRUE,TRUE,FALSE,TRUE,1,FALSE,FALSE,TRUE,0.123936482674867,0.68249040493333,TRUE,0.872705870730321,0.000474703668236124,TRUE,0.227130926905953,0.743116073434747
"GOBP_CYTOKINE_MEDIATED_SIGNALING_PATHWAY","Clcf1",3,3,TRUE,TRUE,FALSE,TRUE,1,FALSE,FALSE,TRUE,0.380785126764215,0.507456244569033,TRUE,4.13566290771825,1.24970676670861e-26,TRUE,0.465798299822003,0.766052028621802
"GOBP_CYTOKINE_MEDIATED_SIGNALING_PATHWAY","Crlf1",3,3,TRUE,TRUE,FALSE,TRUE,1,FALSE,FALSE,TRUE,0.504472742109545,0.0708551505807135,TRUE,2.96963168438983,1.11971765112523e-31,TRUE,0.536678194370383,0.0898110602906081
"GOBP_CYTOKINE_MEDIATED_SIGNALING_PATHWAY","Csf1",3,3,TRUE,TRUE,FALSE,TRUE,3,TRUE,TRUE,TRUE,0.502968114960466,0.00266356540706981,TRUE,1.19180569407285,2.43141460557132e-05,TRUE,1.42952754285414,8.54054282303828e-07
"GOBP_CYTOKINE_MEDIATED_SIGNALING_PATHWAY","Duox1",3,3,TRUE,TRUE,FALSE,TRUE,1,FALSE,FALSE,TRUE,0.563201030809831,0.494240570746554,TRUE,2.21457607226986,0.00516069834668226,TRUE,1.12410533475523,0.44717661220682
"GOBP_CYTOKINE_MEDIATED_SIGNALING_PATHWAY","Egr1",3,3,TRUE,TRUE,FALSE,TRUE,1,FALSE,FALSE,TRUE,0.349773964325848,0.541819370816122,TRUE,0.897984574084595,0.0110919967286632,TRUE,0.450415341734724,0.719875924307166
"GOBP_CYTOKINE_MEDIATED_SIGNALING_PATHWAY","Hck",3,3,TRUE,TRUE,FALSE,TRUE,1,FALSE,FALSE,TRUE,0.315056483473932,0.12356364451052,TRUE,4.22136449953663,7.19910221439481e-38,TRUE,0.278580063811414,0.796916524427636
"GOBP_CYTOKINE_MEDIATED_SIGNALING_PATHWAY","Ifnlr1",3,3,TRUE,TRUE,FALSE,TRUE,2,FALSE,FALSE,TRUE,0.420985240068314,0.362587211715149,TRUE,2.86929368379826,1.10628427930228e-11,TRUE,1.02063993685972,0.00501437026736733
"GOBP_CYTOKINE_MEDIATED_SIGNALING_PATHWAY","Ikbke",3,3,TRUE,TRUE,FALSE,TRUE,2,TRUE,FALSE,TRUE,0.760401452093416,0.00313157452124863,TRUE,2.23598558704328,1.10026172711676e-11,TRUE,0.242636065359564,0.858162814887538
"GOBP_CYTOKINE_MEDIATED_SIGNALING_PATHWAY","Il21r",3,3,TRUE,TRUE,FALSE,TRUE,1,FALSE,FALSE,TRUE,0.409612448971696,0.526215004863535,TRUE,2.50395115572206,2.40332500289636e-07,TRUE,0.614951195631424,0.690885012171302
"GOBP_CYTOKINE_MEDIATED_SIGNALING_PATHWAY","Il2rb",3,3,TRUE,TRUE,FALSE,TRUE,2,FALSE,FALSE,TRUE,1.28113834586542,0.070614234743614,TRUE,2.04185973077079,0.011919470863005,TRUE,1.81747673028732,0.018171677886979
"GOBP_CYTOKINE_MEDIATED_SIGNALING_PATHWAY","Il4r",3,3,TRUE,TRUE,FALSE,TRUE,3,TRUE,TRUE,TRUE,0.399012306967088,0.0317157437091236,TRUE,1.27681718838081,2.15740978230773e-06,TRUE,0.77374273420999,0.000699072148901732
"GOBP_CYTOKINE_MEDIATED_SIGNALING_PATHWAY","Irak3",3,3,TRUE,TRUE,FALSE,TRUE,2,TRUE,FALSE,TRUE,0.631941891439005,0.00155976019701832,TRUE,0.878125867520487,6.57638099719961e-05,TRUE,0.245044844928754,0.522132434794
"GOBP_CYTOKINE_MEDIATED_SIGNALING_PATHWAY","Irak4",3,3,TRUE,TRUE,FALSE,TRUE,1,FALSE,FALSE,TRUE,0.173713394292799,0.581028017851585,TRUE,1.02413630910348,6.61193896357856e-06,TRUE,0.292135630147656,0.451719993322515
"GOBP_CYTOKINE_MEDIATED_SIGNALING_PATHWAY","Irf5",3,3,TRUE,TRUE,FALSE,TRUE,1,FALSE,FALSE,TRUE,0.426066971251357,0.116637285182882,TRUE,1.95145440294813,0.000131781151828553,TRUE,0.494746860581211,0.185309697300595
"GOBP_CYTOKINE_MEDIATED_SIGNALING_PATHWAY","Jak3",3,3,TRUE,TRUE,FALSE,TRUE,2,TRUE,FALSE,TRUE,0.427396542194848,0.04135677874079,TRUE,1.87900751214862,2.06258540474854e-05,TRUE,0.23450615099792,0.740805895320039
"GOBP_CYTOKINE_MEDIATED_SIGNALING_PATHWAY","Lilrb4",3,3,TRUE,TRUE,FALSE,TRUE,1,FALSE,FALSE,TRUE,0.941798948455948,0.0922806887603967,TRUE,5.92588608419731,1.19920620782426e-10,TRUE,0.571424156002891,0.781521253309124
"GOBP_CYTOKINE_MEDIATED_SIGNALING_PATHWAY","Lyn",3,3,TRUE,TRUE,FALSE,TRUE,1,FALSE,FALSE,TRUE,0.223509764937926,0.490142085956127,TRUE,2.0120269595302,3.81981511615045e-08,TRUE,0.587385518008491,0.0511607209227901
"GOBP_CYTOKINE_MEDIATED_SIGNALING_PATHWAY","Myd88",3,3,TRUE,TRUE,FALSE,TRUE,1,FALSE,FALSE,TRUE,0.160206577192312,0.554368260121224,TRUE,0.981640852311147,4.24310889552739e-05,TRUE,0.153760360951687,0.845257405344269
"GOBP_CYTOKINE_MEDIATED_SIGNALING_PATHWAY","Osmr",3,3,TRUE,TRUE,FALSE,TRUE,1,FALSE,FALSE,TRUE,0.167706618780365,0.677527188703232,TRUE,1.33761888272202,6.18579606600285e-08,TRUE,0.201833939157044,0.733174342539871
"GOBP_CYTOKINE_MEDIATED_SIGNALING_PATHWAY","P4hb",3,3,TRUE,TRUE,FALSE,TRUE,1,FALSE,FALSE,TRUE,0.115284351089063,0.497160178747034,TRUE,0.987997498771379,6.04408681135889e-08,TRUE,0.137136963875077,0.528584259947901
"GOBP_CYTOKINE_MEDIATED_SIGNALING_PATHWAY","Parp9",3,3,TRUE,TRUE,FALSE,TRUE,1,FALSE,FALSE,TRUE,0.235049540952122,0.582771068222546,TRUE,1.30283583481346,1.38847919464423e-06,TRUE,0.273467978395665,0.468913387154202
"GOBP_CYTOKINE_MEDIATED_SIGNALING_PATHWAY","Plp2",3,3,TRUE,TRUE,FALSE,TRUE,1,FALSE,FALSE,TRUE,0.169419975053151,0.543043307584315,TRUE,2.13990201260487,1.68245177416179e-16,TRUE,0.343572588094874,0.152370133831288
"GOBP_CYTOKINE_MEDIATED_SIGNALING_PATHWAY","Ptpn1",3,3,TRUE,TRUE,FALSE,TRUE,1,FALSE,FALSE,TRUE,0.16124901994694,0.491351374054152,TRUE,0.631955168566942,0.0183079670951954,TRUE,0.287643956896424,0.287211412083498
"GOBP_CYTOKINE_MEDIATED_SIGNALING_PATHWAY","Ptpn6",3,3,TRUE,TRUE,FALSE,TRUE,1,FALSE,FALSE,TRUE,0.287205850094709,0.553774801059526,TRUE,1.98203183621216,1.06186485618229e-09,TRUE,0.371019040084565,0.513464940390957
"GOBP_CYTOKINE_MEDIATED_SIGNALING_PATHWAY","Ptprc",3,3,TRUE,TRUE,FALSE,TRUE,1,FALSE,FALSE,TRUE,0.5919563991021,0.250252196802151,TRUE,1.91670613521538,5.7654628836785e-06,TRUE,0.518307903432168,0.101624983605367
"GOBP_CYTOKINE_MEDIATED_SIGNALING_PATHWAY","Pycard",3,3,TRUE,TRUE,FALSE,TRUE,1,FALSE,FALSE,TRUE,0.248790221495214,0.621156073177559,TRUE,1.88341482866933,4.3335305299106e-05,TRUE,0.680677032911383,0.206651393195141
"GOBP_CYTOKINE_MEDIATED_SIGNALING_PATHWAY","Ripk1",3,3,TRUE,TRUE,FALSE,TRUE,1,FALSE,FALSE,TRUE,0.131782078434304,0.571135678311265,TRUE,0.577728812909235,0.0122194190236521,TRUE,0.117728101900915,0.874152472770845
"GOBP_CYTOKINE_MEDIATED_SIGNALING_PATHWAY","Sh2b3",3,3,TRUE,TRUE,FALSE,TRUE,1,FALSE,FALSE,TRUE,0.477640137160019,0.0509325912380756,TRUE,1.10032536365425,8.25873509875986e-12,TRUE,0.156896652530841,0.836957343412793
"GOBP_CYTOKINE_MEDIATED_SIGNALING_PATHWAY","Spi1",3,3,TRUE,TRUE,FALSE,TRUE,2,FALSE,FALSE,TRUE,0.231827238387176,0.377404760009199,TRUE,2.70498117793039,2.23000712632317e-08,TRUE,0.880614679226821,0.0101246949687062
"GOBP_CYTOKINE_MEDIATED_SIGNALING_PATHWAY","Syk",3,3,TRUE,TRUE,FALSE,TRUE,1,FALSE,FALSE,TRUE,0.503344358195588,0.396384730535913,TRUE,2.99962596123063,2.36489559882808e-06,TRUE,0.233382318055769,0.871532469677388
"GOBP_CYTOKINE_MEDIATED_SIGNALING_PATHWAY","Tnfrsf1a",3,3,TRUE,TRUE,FALSE,TRUE,1,FALSE,FALSE,TRUE,0.157735689448044,0.343755511922389,TRUE,1.0625553000112,4.92945787474711e-06,TRUE,0.293896734018024,0.0536327573915571
"GOBP_CYTOKINE_MEDIATED_SIGNALING_PATHWAY","Tnfrsf1b",3,3,TRUE,TRUE,FALSE,TRUE,1,FALSE,FALSE,TRUE,0.267272159554668,0.509379913049287,TRUE,1.50470562292304,7.12442531553175e-05,TRUE,0.508146320436365,0.415506032246073
"GOBP_CYTOKINE_MEDIATED_SIGNALING_PATHWAY","Traip",3,3,TRUE,TRUE,FALSE,TRUE,1,FALSE,FALSE,TRUE,0.774132508037957,0.304211101101995,TRUE,2.02410752422052,0.000118694816839136,TRUE,1.08771501382744,0.508057603754071
"GOBP_DEFENSE_RESPONSE_TO_VIRUS","Atg7",3,3,TRUE,TRUE,FALSE,TRUE,1,FALSE,FALSE,TRUE,0.186992035848011,0.377814536710497,TRUE,0.858957716121272,0.000327270096613888,TRUE,0.139518286725163,0.815774754912565
"GOBP_DEFENSE_RESPONSE_TO_VIRUS","Cd37",3,3,TRUE,TRUE,FALSE,TRUE,1,FALSE,FALSE,TRUE,0.753806062061723,0.398907177840949,TRUE,2.31196389442472,2.17244076576351e-07,TRUE,0.465933335379044,0.675427642459795
"GOBP_DEFENSE_RESPONSE_TO_VIRUS","Duox1",3,3,TRUE,TRUE,FALSE,TRUE,1,FALSE,FALSE,TRUE,0.563201030809831,0.494240570746554,TRUE,2.21457607226986,0.00516069834668226,TRUE,1.12410533475523,0.44717661220682
"GOBP_DEFENSE_RESPONSE_TO_VIRUS","Gbp2",3,3,TRUE,TRUE,FALSE,TRUE,1,FALSE,FALSE,TRUE,0.360144648683133,0.085398103628811,TRUE,3.28577579408222,1.03327654448563e-68,TRUE,0.268022727287426,0.57863793596698
"GOBP_DEFENSE_RESPONSE_TO_VIRUS","Ifnlr1",3,3,TRUE,TRUE,FALSE,TRUE,2,FALSE,FALSE,TRUE,0.420985240068314,0.362587211715149,TRUE,2.86929368379826,1.10628427930228e-11,TRUE,1.02063993685972,0.00501437026736733
"GOBP_DEFENSE_RESPONSE_TO_VIRUS","Ikbke",3,3,TRUE,TRUE,FALSE,TRUE,2,TRUE,FALSE,TRUE,0.760401452093416,0.00313157452124863,TRUE,2.23598558704328,1.10026172711676e-11,TRUE,0.242636065359564,0.858162814887538
"GOBP_DEFENSE_RESPONSE_TO_VIRUS","Irf5",3,3,TRUE,TRUE,FALSE,TRUE,1,FALSE,FALSE,TRUE,0.426066971251357,0.116637285182882,TRUE,1.95145440294813,0.000131781151828553,TRUE,0.494746860581211,0.185309697300595
"GOBP_DEFENSE_RESPONSE_TO_VIRUS","Itgax",3,3,TRUE,TRUE,FALSE,TRUE,1,FALSE,FALSE,TRUE,0.78770367649694,0.267692288385957,TRUE,3.78767084084762,4.02804911876953e-16,TRUE,0.822564186465989,0.261084134129211
"GOBP_DEFENSE_RESPONSE_TO_VIRUS","Mnda",3,3,TRUE,TRUE,FALSE,TRUE,1,FALSE,FALSE,TRUE,0.417608355899685,0.326485549650622,TRUE,1.57862229294173,0.0177570728745022,TRUE,0.29329723677737,0.863965467866178
"GOBP_DEFENSE_RESPONSE_TO_VIRUS","Myd88",3,3,TRUE,TRUE,FALSE,TRUE,1,FALSE,FALSE,TRUE,0.160206577192312,0.554368260121224,TRUE,0.981640852311147,4.24310889552739e-05,TRUE,0.153760360951687,0.845257405344269
"GOBP_DEFENSE_RESPONSE_TO_VIRUS","Parp9",3,3,TRUE,TRUE,FALSE,TRUE,1,FALSE,FALSE,TRUE,0.235049540952122,0.582771068222546,TRUE,1.30283583481346,1.38847919464423e-06,TRUE,0.273467978395665,0.468913387154202
"GOBP_DEFENSE_RESPONSE_TO_VIRUS","Ptprc",3,3,TRUE,TRUE,FALSE,TRUE,1,FALSE,FALSE,TRUE,0.5919563991021,0.250252196802151,TRUE,1.91670613521538,5.7654628836785e-06,TRUE,0.518307903432168,0.101624983605367
"GOBP_DEFENSE_RESPONSE_TO_VIRUS","Pycard",3,3,TRUE,TRUE,FALSE,TRUE,1,FALSE,FALSE,TRUE,0.248790221495214,0.621156073177559,TRUE,1.88341482866933,4.3335305299106e-05,TRUE,0.680677032911383,0.206651393195141
"GOBP_DEFENSE_RESPONSE_TO_VIRUS","Ripk3",3,3,TRUE,TRUE,FALSE,TRUE,1,FALSE,FALSE,TRUE,0.252639955930937,0.658545725479609,TRUE,3.30774351765374,3.70796244425972e-44,TRUE,1.03939584419645,0.154294939826457
"GOBP_DEFENSE_RESPONSE_TO_VIRUS","Rpsa",3,3,TRUE,TRUE,FALSE,TRUE,1,FALSE,FALSE,TRUE,0.199316968667173,0.49605647117295,TRUE,0.553498996144354,0.019472466507075,TRUE,0.145885017667954,0.498264593801187
"GOBP_DEFENSE_RESPONSE_TO_VIRUS","Tlr3",3,3,TRUE,TRUE,FALSE,TRUE,1,FALSE,FALSE,TRUE,0.284951915196595,0.494240570746554,TRUE,1.48259954257452,1.05336868344864e-06,TRUE,0.516350832659553,0.582604161676384
"GOBP_DEFENSE_RESPONSE_TO_VIRUS","Tlr8",3,3,TRUE,TRUE,FALSE,TRUE,1,FALSE,FALSE,TRUE,0.304197357516575,0.667696441560898,TRUE,2.37747472245518,0.00104893976097432,TRUE,0.347599207569656,0.441138911969449
"GOBP_DEFENSE_RESPONSE_TO_VIRUS","Uap1",3,3,TRUE,TRUE,FALSE,TRUE,1,FALSE,FALSE,TRUE,0.390098118422316,0.172826776185284,TRUE,0.731223560245488,0.0206917506307734,TRUE,0.153538781306778,0.722410449374803
"GOBP_DEFENSE_RESPONSE_TO_VIRUS","Unc93b1",3,3,TRUE,TRUE,FALSE,TRUE,1,FALSE,FALSE,TRUE,0.247418492342772,0.267638704247654,TRUE,2.58126022220956,6.54034312134097e-12,TRUE,0.239586050362998,0.341992879785876
"GOBP_EPIDERMIS_DEVELOPMENT","Agpat2",3,3,TRUE,TRUE,FALSE,TRUE,1,FALSE,FALSE,TRUE,0.71659932939075,0.157237373215346,TRUE,1.75071533325784,1.39858941245108e-08,TRUE,0.492089211324356,0.612986458844442
"GOBP_EPIDERMIS_DEVELOPMENT","Cdkn1a",3,3,TRUE,TRUE,FALSE,TRUE,3,TRUE,TRUE,TRUE,2.36554425602502,1.35357633394429e-34,TRUE,2.35564858769235,1.78933839512498e-18,TRUE,1.25275470167071,0.00116547161516769
"GOBP_EPIDERMIS_DEVELOPMENT","Elmod3",3,3,TRUE,TRUE,FALSE,TRUE,1,FALSE,FALSE,TRUE,0.181837845284,0.628286486129901,TRUE,1.30267904121957,1.73647218217922e-05,TRUE,0.227339608035064,0.806604764527986
"GOBP_EPIDERMIS_DEVELOPMENT","Emp1",3,3,TRUE,TRUE,FALSE,TRUE,1,FALSE,FALSE,TRUE,0.506160498491979,0.111733677692325,TRUE,2.71654009857374,1.59637778271424e-13,TRUE,0.280403949758319,0.619799960922243
"GOBP_EPIDERMIS_DEVELOPMENT","Ezh2",3,3,TRUE,TRUE,FALSE,TRUE,2,TRUE,FALSE,TRUE,0.459608539621235,0.0158725931162708,TRUE,1.37909682756798,3.10003711550863e-07,TRUE,0.57062246515141,0.125882713079947
"GOBP_EPIDERMIS_DEVELOPMENT","Hdac1",3,3,TRUE,TRUE,FALSE,TRUE,1,FALSE,FALSE,TRUE,0.156073257707131,0.45333233152589,TRUE,0.987702552465318,8.77584616509538e-09,TRUE,0.130787381556341,0.809330631166976
"GOBP_EPIDERMIS_DEVELOPMENT","Ldb1",3,3,TRUE,TRUE,FALSE,TRUE,1,FALSE,FALSE,TRUE,0.174786794328405,0.205335303428991,TRUE,0.635363550498837,0.000246734301624511,TRUE,0.116054990705521,0.74594625528336
"GOBP_EPIDERMIS_DEVELOPMENT","Triobp",3,3,TRUE,TRUE,FALSE,TRUE,2,FALSE,FALSE,TRUE,0.191553322404275,0.415395586530069,TRUE,0.593671648437409,0.000264952463026757,TRUE,0.373784662211462,0.0133697502107539
"GOBP_EPIDERMIS_DEVELOPMENT","Zfp36",3,3,TRUE,TRUE,FALSE,TRUE,1,FALSE,FALSE,TRUE,0.308226941801745,0.499249789714856,TRUE,0.69907971598608,0.000413161071176174,TRUE,0.596714716898732,0.102068151269284
"GOBP_ERK1_AND_ERK2_CASCADE","Cnksr3",3,3,TRUE,TRUE,FALSE,TRUE,1,FALSE,FALSE,TRUE,0.28695763854058,0.460325432298082,TRUE,1.39288907529239,8.41170992395352e-11,TRUE,0.295011851524349,0.47511508233178
"GOBP_ERK1_AND_ERK2_CASCADE","Csk",3,3,TRUE,TRUE,FALSE,TRUE,1,FALSE,FALSE,TRUE,0.183529259545052,0.220676821932357,TRUE,1.02347076407563,4.12515495268375e-07,TRUE,0.287772443173399,0.174330830297062
"GOBP_ERK1_AND_ERK2_CASCADE","Dusp10",3,3,TRUE,TRUE,FALSE,TRUE,1,FALSE,FALSE,TRUE,0.268498030278965,0.498952870455321,TRUE,2.75959237781112,2.35675928486731e-10,TRUE,0.31796622672043,0.472074502780716
"GOBP_ERK1_AND_ERK2_CASCADE","Dusp7",3,3,TRUE,TRUE,FALSE,TRUE,1,FALSE,FALSE,TRUE,0.148626248548373,0.407021825684602,TRUE,1.3469178259523,1.42413897202684e-15,TRUE,0.255745882166876,0.567067025386528
"GOBP_ERK1_AND_ERK2_CASCADE","Ephb2",3,3,TRUE,TRUE,FALSE,TRUE,2,TRUE,FALSE,TRUE,0.572020751641617,0.0264766121358153,TRUE,1.42915570448895,5.27065260331292e-10,TRUE,0.26532150243207,0.536661356246787
"GOBP_ERK1_AND_ERK2_CASCADE","Iqgap3",3,3,TRUE,TRUE,FALSE,TRUE,2,TRUE,FALSE,TRUE,0.872780670661843,0.000922962415979495,TRUE,2.65905685460737,1.04779678987498e-06,TRUE,0.25735359984409,0.701707649549208
"GOBP_ERK1_AND_ERK2_CASCADE","Lyn",3,3,TRUE,TRUE,FALSE,TRUE,1,FALSE,FALSE,TRUE,0.223509764937926,0.490142085956127,TRUE,2.0120269595302,3.81981511615045e-08,TRUE,0.587385518008491,0.0511607209227901
"GOBP_ERK1_AND_ERK2_CASCADE","Ptpn6",3,3,TRUE,TRUE,FALSE,TRUE,1,FALSE,FALSE,TRUE,0.287205850094709,0.553774801059526,TRUE,1.98203183621216,1.06186485618229e-09,TRUE,0.371019040084565,0.513464940390957
"GOBP_ERK1_AND_ERK2_CASCADE","Ptprc",3,3,TRUE,TRUE,FALSE,TRUE,1,FALSE,FALSE,TRUE,0.5919563991021,0.250252196802151,TRUE,1.91670613521538,5.7654628836785e-06,TRUE,0.518307903432168,0.101624983605367
"GOBP_ERK1_AND_ERK2_CASCADE","Sema6a",3,3,TRUE,TRUE,FALSE,TRUE,2,FALSE,FALSE,TRUE,0.20030509552587,0.403098249719092,TRUE,1.17806473193093,1.03099874768052e-06,TRUE,1.34204587707288,2.42912451161871e-08
"GOBP_ERK1_AND_ERK2_CASCADE","Tgfb1",3,3,TRUE,TRUE,FALSE,TRUE,1,FALSE,FALSE,TRUE,0.352316809798448,0.325249018682096,TRUE,2.48294295045363,9.90696293843824e-16,TRUE,0.271883874258171,0.653831483433746
"GOBP_ERK1_AND_ERK2_CASCADE","Tpbg",3,3,TRUE,TRUE,FALSE,TRUE,2,FALSE,FALSE,TRUE,0.638572365912902,0.220676821932357,TRUE,2.70850899222883,0.000115015585440498,TRUE,0.906011876453662,0.0106734590720167
"GOBP_HEMOSTASIS","Actb",3,3,TRUE,TRUE,FALSE,TRUE,1,FALSE,FALSE,TRUE,0.100562992682506,0.356707455199691,TRUE,0.510588998540199,0.00176676471652104,TRUE,0.0936330712420067,0.736634357713194
"GOBP_HEMOSTASIS","Axl",3,3,TRUE,TRUE,FALSE,TRUE,2,FALSE,FALSE,TRUE,0.339910356914286,0.122586397501279,TRUE,1.25553291486956,2.71583197139278e-07,TRUE,0.387996439091485,0.00280427365788733
"GOBP_HEMOSTASIS","Emilin2",3,3,TRUE,TRUE,FALSE,TRUE,2,FALSE,FALSE,TRUE,0.725370581352711,0.0523739261732846,TRUE,1.3572491632052,0.0176358070731668,TRUE,0.928202716985057,0.00256555136656946
"GOBP_HEMOSTASIS","Ephb2",3,3,TRUE,TRUE,FALSE,TRUE,2,TRUE,FALSE,TRUE,0.572020751641617,0.0264766121358153,TRUE,1.42915570448895,5.27065260331292e-10,TRUE,0.26532150243207,0.536661356246787
"GOBP_HEMOSTASIS","Fermt3",3,3,TRUE,TRUE,FALSE,TRUE,1,FALSE,FALSE,TRUE,0.348744539216141,0.246344611586819,TRUE,2.58626873249832,8.85559234210635e-09,TRUE,0.239346787881061,0.848325269694004
"GOBP_HEMOSTASIS","Lyn",3,3,TRUE,TRUE,FALSE,TRUE,1,FALSE,FALSE,TRUE,0.223509764937926,0.490142085956127,TRUE,2.0120269595302,3.81981511615045e-08,TRUE,0.587385518008491,0.0511607209227901
"GOBP_HEMOSTASIS","Pla2g4a",3,3,TRUE,TRUE,FALSE,TRUE,1,FALSE,FALSE,TRUE,0.473645199815029,0.426215519136847,TRUE,2.04494003353708,2.14395612438244e-06,TRUE,0.476628690511625,0.697088429852087
"GOBP_HEMOSTASIS","Pros1",3,3,TRUE,TRUE,FALSE,TRUE,1,FALSE,FALSE,TRUE,0.232538620699586,0.393707297024551,TRUE,0.944548344946046,1.30482906575244e-05,TRUE,0.35741522014191,0.190747705195424
"GOBP_HEMOSTASIS","Ptpn6",3,3,TRUE,TRUE,FALSE,TRUE,1,FALSE,FALSE,TRUE,0.287205850094709,0.553774801059526,TRUE,1.98203183621216,1.06186485618229e-09,TRUE,0.371019040084565,0.513464940390957
"GOBP_HEMOSTASIS","Serpine1",3,3,TRUE,TRUE,FALSE,TRUE,1,FALSE,FALSE,TRUE,0.356679704473783,0.58430105160132,TRUE,4.32003960854411,3.75906722659808e-20,TRUE,0.867036493565409,0.15293647170219
"GOBP_HEMOSTASIS","Serping1",3,3,TRUE,TRUE,FALSE,TRUE,1,FALSE,FALSE,TRUE,0.5017030019069,0.0681301697320094,TRUE,1.04675282046905,0.00908402567638597,TRUE,0.28535607916778,0.538684873984109
"GOBP_HEMOSTASIS","Sh2b3",3,3,TRUE,TRUE,FALSE,TRUE,1,FALSE,FALSE,TRUE,0.477640137160019,0.0509325912380756,TRUE,1.10032536365425,8.25873509875986e-12,TRUE,0.156896652530841,0.836957343412793
"GOBP_HEMOSTASIS","Syk",3,3,TRUE,TRUE,FALSE,TRUE,1,FALSE,FALSE,TRUE,0.503344358195588,0.396384730535913,TRUE,2.99962596123063,2.36489559882808e-06,TRUE,0.233382318055769,0.871532469677388
"GOBP_HEMOSTASIS","Vav1",3,3,TRUE,TRUE,FALSE,TRUE,1,FALSE,FALSE,TRUE,0.252612890391214,0.650713364158388,TRUE,3.09923927623352,1.51852487403079e-11,TRUE,0.690891631962553,0.192726522095418
"GOBP_HETEROTYPIC_CELL_CELL_ADHESION","Itgax",3,3,TRUE,TRUE,FALSE,TRUE,1,FALSE,FALSE,TRUE,0.78770367649694,0.267692288385957,TRUE,3.78767084084762,4.02804911876953e-16,TRUE,0.822564186465989,0.261084134129211
"GOBP_HETEROTYPIC_CELL_CELL_ADHESION","Itgb2",3,3,TRUE,TRUE,FALSE,TRUE,1,FALSE,FALSE,TRUE,0.577655265399382,0.160586698777614,TRUE,4.2106302715265,4.81085137874971e-20,TRUE,1.06224267673307,0.0717152126730221
"GOBP_HETEROTYPIC_CELL_CELL_ADHESION","Ptprc",3,3,TRUE,TRUE,FALSE,TRUE,1,FALSE,FALSE,TRUE,0.5919563991021,0.250252196802151,TRUE,1.91670613521538,5.7654628836785e-06,TRUE,0.518307903432168,0.101624983605367
"GOBP_HOMEOSTASIS_OF_NUMBER_OF_CELLS","Axl",3,3,TRUE,TRUE,FALSE,TRUE,2,FALSE,FALSE,TRUE,0.339910356914286,0.122586397501279,TRUE,1.25553291486956,2.71583197139278e-07,TRUE,0.387996439091485,0.00280427365788733
"GOBP_HOMEOSTASIS_OF_NUMBER_OF_CELLS","Coro1a",3,3,TRUE,TRUE,FALSE,TRUE,1,FALSE,FALSE,TRUE,0.350825398046623,0.136677536818005,TRUE,1.50503697211496,0.00139265969245429,TRUE,0.199570200192326,0.625525038811018
"GOBP_HOMEOSTASIS_OF_NUMBER_OF_CELLS","Csf1",3,3,TRUE,TRUE,FALSE,TRUE,3,TRUE,TRUE,TRUE,0.502968114960466,0.00266356540706981,TRUE,1.19180569407285,2.43141460557132e-05,TRUE,1.42952754285414,8.54054282303828e-07
"GOBP_HOMEOSTASIS_OF_NUMBER_OF_CELLS","Ezh2",3,3,TRUE,TRUE,FALSE,TRUE,2,TRUE,FALSE,TRUE,0.459608539621235,0.0158725931162708,TRUE,1.37909682756798,3.10003711550863e-07,TRUE,0.57062246515141,0.125882713079947
"GOBP_HOMEOSTASIS_OF_NUMBER_OF_CELLS","Ikzf1",3,3,TRUE,TRUE,FALSE,TRUE,1,FALSE,FALSE,TRUE,0.648391096725596,0.396429941493081,TRUE,1.68465479606859,0.0127444437367348,TRUE,0.43556041283318,0.548308843082872
"GOBP_HOMEOSTASIS_OF_NUMBER_OF_CELLS","Il20rb",3,3,TRUE,TRUE,FALSE,TRUE,1,FALSE,FALSE,TRUE,0.694443325587849,0.156570466056496,TRUE,2.27476768368237,9.67521453513748e-05,TRUE,0.818182138355068,0.898964978057007
"GOBP_HOMEOSTASIS_OF_NUMBER_OF_CELLS","Jak3",3,3,TRUE,TRUE,FALSE,TRUE,2,TRUE,FALSE,TRUE,0.427396542194848,0.04135677874079,TRUE,1.87900751214862,2.06258540474854e-05,TRUE,0.23450615099792,0.740805895320039
"GOBP_HOMEOSTASIS_OF_NUMBER_OF_CELLS","Ldb1",3,3,TRUE,TRUE,FALSE,TRUE,1,FALSE,FALSE,TRUE,0.174786794328405,0.205335303428991,TRUE,0.635363550498837,0.000246734301624511,TRUE,0.116054990705521,0.74594625528336
"GOBP_HOMEOSTASIS_OF_NUMBER_OF_CELLS","Sh2b3",3,3,TRUE,TRUE,FALSE,TRUE,1,FALSE,FALSE,TRUE,0.477640137160019,0.0509325912380756,TRUE,1.10032536365425,8.25873509875986e-12,TRUE,0.156896652530841,0.836957343412793
"GOBP_HOMEOSTASIS_OF_NUMBER_OF_CELLS","Spi1",3,3,TRUE,TRUE,FALSE,TRUE,2,FALSE,FALSE,TRUE,0.231827238387176,0.377404760009199,TRUE,2.70498117793039,2.23000712632317e-08,TRUE,0.880614679226821,0.0101246949687062
"GOBP_HOMEOSTASIS_OF_NUMBER_OF_CELLS","Tgfb1",3,3,TRUE,TRUE,FALSE,TRUE,1,FALSE,FALSE,TRUE,0.352316809798448,0.325249018682096,TRUE,2.48294295045363,9.90696293843824e-16,TRUE,0.271883874258171,0.653831483433746
"GOBP_HUMORAL_IMMUNE_RESPONSE","Bcl3",3,3,TRUE,TRUE,FALSE,TRUE,2,FALSE,FALSE,TRUE,0.402414231968193,0.231590537214337,TRUE,1.84514765362038,4.15490542439594e-16,TRUE,1.30208899692276,3.71058910103766e-06
"GOBP_HUMORAL_IMMUNE_RESPONSE","Blnk",3,3,TRUE,TRUE,FALSE,TRUE,1,FALSE,FALSE,TRUE,0.470619078246013,0.234952671999213,TRUE,3.83531001540645,2.23433763535677e-16,TRUE,0.802617663262608,0.229141878511167
"GOBP_HUMORAL_IMMUNE_RESPONSE","Ccl7",3,3,TRUE,TRUE,FALSE,TRUE,1,FALSE,FALSE,TRUE,0.470041827430481,0.452241100400049,TRUE,2.39117372654952,0.000574738283827093,TRUE,0.930015713260818,0.703243903618601
"GOBP_HUMORAL_IMMUNE_RESPONSE","Cd37",3,3,TRUE,TRUE,FALSE,TRUE,1,FALSE,FALSE,TRUE,0.753806062061723,0.398907177840949,TRUE,2.31196389442472,2.17244076576351e-07,TRUE,0.465933335379044,0.675427642459795
"GOBP_HUMORAL_IMMUNE_RESPONSE","Cxcl1",3,3,TRUE,TRUE,FALSE,TRUE,1,FALSE,FALSE,TRUE,1.5165442837857,0.149489882872109,TRUE,2.52531048957012,0.000370268878204458,TRUE,1.7585984129583,0.174448637450309
"GOBP_HUMORAL_IMMUNE_RESPONSE","Ptpn6",3,3,TRUE,TRUE,FALSE,TRUE,1,FALSE,FALSE,TRUE,0.287205850094709,0.553774801059526,TRUE,1.98203183621216,1.06186485618229e-09,TRUE,0.371019040084565,0.513464940390957
"GOBP_HUMORAL_IMMUNE_RESPONSE","Ptprc",3,3,TRUE,TRUE,FALSE,TRUE,1,FALSE,FALSE,TRUE,0.5919563991021,0.250252196802151,TRUE,1.91670613521538,5.7654628836785e-06,TRUE,0.518307903432168,0.101624983605367
"GOBP_HUMORAL_IMMUNE_RESPONSE","Slc11a1",3,3,TRUE,TRUE,FALSE,TRUE,2,FALSE,FALSE,TRUE,0.238419559901495,0.632289829138034,TRUE,2.74073713917411,4.04902194294064e-10,TRUE,1.10248796291425,0.0117200177399462
"GOBP_HUMORAL_IMMUNE_RESPONSE_MEDIATED_BY_CIRCULATING_IMMUNOGLOBULIN","Bcl3",3,3,TRUE,TRUE,FALSE,TRUE,2,FALSE,FALSE,TRUE,0.402414231968193,0.231590537214337,TRUE,1.84514765362038,4.15490542439594e-16,TRUE,1.30208899692276,3.71058910103766e-06
"GOBP_HUMORAL_IMMUNE_RESPONSE_MEDIATED_BY_CIRCULATING_IMMUNOGLOBULIN","Ptpn6",3,3,TRUE,TRUE,FALSE,TRUE,1,FALSE,FALSE,TRUE,0.287205850094709,0.553774801059526,TRUE,1.98203183621216,1.06186485618229e-09,TRUE,0.371019040084565,0.513464940390957
"GOBP_HUMORAL_IMMUNE_RESPONSE_MEDIATED_BY_CIRCULATING_IMMUNOGLOBULIN","Ptprc",3,3,TRUE,TRUE,FALSE,TRUE,1,FALSE,FALSE,TRUE,0.5919563991021,0.250252196802151,TRUE,1.91670613521538,5.7654628836785e-06,TRUE,0.518307903432168,0.101624983605367
"GOBP_IMMUNE_RESPONSE_REGULATING_CELL_SURFACE_RECEPTOR_SIGNALING_PATHWAY","Blnk",3,3,TRUE,TRUE,FALSE,TRUE,1,FALSE,FALSE,TRUE,0.470619078246013,0.234952671999213,TRUE,3.83531001540645,2.23433763535677e-16,TRUE,0.802617663262608,0.229141878511167
"GOBP_IMMUNE_RESPONSE_REGULATING_CELL_SURFACE_RECEPTOR_SIGNALING_PATHWAY","Cd276",3,3,TRUE,TRUE,FALSE,TRUE,1,FALSE,FALSE,TRUE,0.155813693455661,0.494240570746554,TRUE,2.68295811954464,1.86484746716925e-26,TRUE,0.912116163581484,0.61587036570436
"GOBP_IMMUNE_RESPONSE_REGULATING_CELL_SURFACE_RECEPTOR_SIGNALING_PATHWAY","Cd80",3,3,TRUE,TRUE,FALSE,TRUE,1,FALSE,FALSE,TRUE,0.664752398300911,0.14084322832029,TRUE,2.46574054249037,0.000337877256597884,TRUE,0.517813043747365,0.630079601111044
"GOBP_IMMUNE_RESPONSE_REGULATING_CELL_SURFACE_RECEPTOR_SIGNALING_PATHWAY","Csk",3,3,TRUE,TRUE,FALSE,TRUE,1,FALSE,FALSE,TRUE,0.183529259545052,0.220676821932357,TRUE,1.02347076407563,4.12515495268375e-07,TRUE,0.287772443173399,0.174330830297062
"GOBP_IMMUNE_RESPONSE_REGULATING_CELL_SURFACE_RECEPTOR_SIGNALING_PATHWAY","Cyba",3,3,TRUE,TRUE,FALSE,TRUE,1,FALSE,FALSE,TRUE,0.19722094003319,0.567855785809082,TRUE,3.04949612911711,5.07535642034344e-12,TRUE,0.385193613347553,0.898279297393544
"GOBP_IMMUNE_RESPONSE_REGULATING_CELL_SURFACE_RECEPTOR_SIGNALING_PATHWAY","Fcgr3a",3,3,TRUE,TRUE,FALSE,TRUE,1,FALSE,FALSE,TRUE,0.499791340273772,0.433136613110795,TRUE,3.79881048558459,3.8983911764311e-11,TRUE,1.53687952190867,0.101128589312253
"GOBP_IMMUNE_RESPONSE_REGULATING_CELL_SURFACE_RECEPTOR_SIGNALING_PATHWAY","Fgr",3,3,TRUE,TRUE,FALSE,TRUE,1,FALSE,FALSE,TRUE,0.515389051031006,0.28831460745267,TRUE,2.11824629636748,0.000138058358840273,TRUE,0.745661532096228,0.683178256379573
"GOBP_IMMUNE_RESPONSE_REGULATING_CELL_SURFACE_RECEPTOR_SIGNALING_PATHWAY","Hck",3,3,TRUE,TRUE,FALSE,TRUE,1,FALSE,FALSE,TRUE,0.315056483473932,0.12356364451052,TRUE,4.22136449953663,7.19910221439481e-38,TRUE,0.278580063811414,0.796916524427636
"GOBP_IMMUNE_RESPONSE_REGULATING_CELL_SURFACE_RECEPTOR_SIGNALING_PATHWAY","Irak4",3,3,TRUE,TRUE,FALSE,TRUE,1,FALSE,FALSE,TRUE,0.173713394292799,0.581028017851585,TRUE,1.02413630910348,6.61193896357856e-06,TRUE,0.292135630147656,0.451719993322515
"GOBP_IMMUNE_RESPONSE_REGULATING_CELL_SURFACE_RECEPTOR_SIGNALING_PATHWAY","Klhl6",3,3,TRUE,TRUE,FALSE,TRUE,1,FALSE,FALSE,TRUE,0.578196572176061,0.306853449958753,TRUE,2.48304834238421,2.57541923315069e-06,TRUE,0.969298825024244,0.222416028422934
"GOBP_IMMUNE_RESPONSE_REGULATING_CELL_SURFACE_RECEPTOR_SIGNALING_PATHWAY","Lat2",3,3,TRUE,TRUE,FALSE,TRUE,1,FALSE,FALSE,TRUE,0.41713994242578,0.476063943766538,TRUE,3.26384997476256,6.89486497126423e-06,TRUE,1.84322057050487,0.0807455748172461
"GOBP_IMMUNE_RESPONSE_REGULATING_CELL_SURFACE_RECEPTOR_SIGNALING_PATHWAY","Lilrb4",3,3,TRUE,TRUE,FALSE,TRUE,1,FALSE,FALSE,TRUE,0.941798948455948,0.0922806887603967,TRUE,5.92588608419731,1.19920620782426e-10,TRUE,0.571424156002891,0.781521253309124
"GOBP_IMMUNE_RESPONSE_REGULATING_CELL_SURFACE_RECEPTOR_SIGNALING_PATHWAY","Lyn",3,3,TRUE,TRUE,FALSE,TRUE,1,FALSE,FALSE,TRUE,0.223509764937926,0.490142085956127,TRUE,2.0120269595302,3.81981511615045e-08,TRUE,0.587385518008491,0.0511607209227901
"GOBP_IMMUNE_RESPONSE_REGULATING_CELL_SURFACE_RECEPTOR_SIGNALING_PATHWAY","Mnda",3,3,TRUE,TRUE,FALSE,TRUE,1,FALSE,FALSE,TRUE,0.417608355899685,0.326485549650622,TRUE,1.57862229294173,0.0177570728745022,TRUE,0.29329723677737,0.863965467866178
"GOBP_IMMUNE_RESPONSE_REGULATING_CELL_SURFACE_RECEPTOR_SIGNALING_PATHWAY","Myd88",3,3,TRUE,TRUE,FALSE,TRUE,1,FALSE,FALSE,TRUE,0.160206577192312,0.554368260121224,TRUE,0.981640852311147,4.24310889552739e-05,TRUE,0.153760360951687,0.845257405344269
"GOBP_IMMUNE_RESPONSE_REGULATING_CELL_SURFACE_RECEPTOR_SIGNALING_PATHWAY","Nfam1",3,3,TRUE,TRUE,FALSE,TRUE,1,FALSE,FALSE,TRUE,0.484213271703586,0.0781408711177233,TRUE,3.71421188425343,6.19716566531939e-11,TRUE,0.351253084476359,0.501902609722221
"GOBP_IMMUNE_RESPONSE_REGULATING_CELL_SURFACE_RECEPTOR_SIGNALING_PATHWAY","Ptpn6",3,3,TRUE,TRUE,FALSE,TRUE,1,FALSE,FALSE,TRUE,0.287205850094709,0.553774801059526,TRUE,1.98203183621216,1.06186485618229e-09,TRUE,0.371019040084565,0.513464940390957
"GOBP_IMMUNE_RESPONSE_REGULATING_CELL_SURFACE_RECEPTOR_SIGNALING_PATHWAY","Ptprc",3,3,TRUE,TRUE,FALSE,TRUE,1,FALSE,FALSE,TRUE,0.5919563991021,0.250252196802151,TRUE,1.91670613521538,5.7654628836785e-06,TRUE,0.518307903432168,0.101624983605367
"GOBP_IMMUNE_RESPONSE_REGULATING_CELL_SURFACE_RECEPTOR_SIGNALING_PATHWAY","Syk",3,3,TRUE,TRUE,FALSE,TRUE,1,FALSE,FALSE,TRUE,0.503344358195588,0.396384730535913,TRUE,2.99962596123063,2.36489559882808e-06,TRUE,0.233382318055769,0.871532469677388
"GOBP_IMMUNE_RESPONSE_REGULATING_SIGNALING_PATHWAY","Birc3",3,3,TRUE,TRUE,FALSE,TRUE,1,FALSE,FALSE,TRUE,0.413618395752454,0.459443681356832,TRUE,1.2660044576468,0.000151794594442551,TRUE,0.355638188125153,0.866710113831817
"GOBP_IMMUNE_RESPONSE_REGULATING_SIGNALING_PATHWAY","Blnk",3,3,TRUE,TRUE,FALSE,TRUE,1,FALSE,FALSE,TRUE,0.470619078246013,0.234952671999213,TRUE,3.83531001540645,2.23433763535677e-16,TRUE,0.802617663262608,0.229141878511167
"GOBP_IMMUNE_RESPONSE_REGULATING_SIGNALING_PATHWAY","C3ar1",3,3,TRUE,TRUE,FALSE,TRUE,1,FALSE,FALSE,TRUE,0.298463314290499,0.635991879632907,TRUE,2.58940423310367,0.00230146992138857,TRUE,0.386049264995178,0.648546792940027
"GOBP_IMMUNE_RESPONSE_REGULATING_SIGNALING_PATHWAY","Cd276",3,3,TRUE,TRUE,FALSE,TRUE,1,FALSE,FALSE,TRUE,0.155813693455661,0.494240570746554,TRUE,2.68295811954464,1.86484746716925e-26,TRUE,0.912116163581484,0.61587036570436
"GOBP_IMMUNE_RESPONSE_REGULATING_SIGNALING_PATHWAY","Cd80",3,3,TRUE,TRUE,FALSE,TRUE,1,FALSE,FALSE,TRUE,0.664752398300911,0.14084322832029,TRUE,2.46574054249037,0.000337877256597884,TRUE,0.517813043747365,0.630079601111044
"GOBP_IMMUNE_RESPONSE_REGULATING_SIGNALING_PATHWAY","Csk",3,3,TRUE,TRUE,FALSE,TRUE,1,FALSE,FALSE,TRUE,0.183529259545052,0.220676821932357,TRUE,1.02347076407563,4.12515495268375e-07,TRUE,0.287772443173399,0.174330830297062
"GOBP_IMMUNE_RESPONSE_REGULATING_SIGNALING_PATHWAY","Cyba",3,3,TRUE,TRUE,FALSE,TRUE,1,FALSE,FALSE,TRUE,0.19722094003319,0.567855785809082,TRUE,3.04949612911711,5.07535642034344e-12,TRUE,0.385193613347553,0.898279297393544
"GOBP_IMMUNE_RESPONSE_REGULATING_SIGNALING_PATHWAY","Fcgr3a",3,3,TRUE,TRUE,FALSE,TRUE,1,FALSE,FALSE,TRUE,0.499791340273772,0.433136613110795,TRUE,3.79881048558459,3.8983911764311e-11,TRUE,1.53687952190867,0.101128589312253
"GOBP_IMMUNE_RESPONSE_REGULATING_SIGNALING_PATHWAY","Fgr",3,3,TRUE,TRUE,FALSE,TRUE,1,FALSE,FALSE,TRUE,0.515389051031006,0.28831460745267,TRUE,2.11824629636748,0.000138058358840273,TRUE,0.745661532096228,0.683178256379573
"GOBP_IMMUNE_RESPONSE_REGULATING_SIGNALING_PATHWAY","Gbp2",3,3,TRUE,TRUE,FALSE,TRUE,1,FALSE,FALSE,TRUE,0.360144648683133,0.085398103628811,TRUE,3.28577579408222,1.03327654448563e-68,TRUE,0.268022727287426,0.57863793596698
"GOBP_IMMUNE_RESPONSE_REGULATING_SIGNALING_PATHWAY","Gbp5",3,3,TRUE,TRUE,FALSE,TRUE,1,FALSE,FALSE,TRUE,0.338651480083284,0.401900869504839,TRUE,1.37429375480111,2.5971317126642e-06,TRUE,0.185109212178388,0.908988106371654
"GOBP_IMMUNE_RESPONSE_REGULATING_SIGNALING_PATHWAY","Hck",3,3,TRUE,TRUE,FALSE,TRUE,1,FALSE,FALSE,TRUE,0.315056483473932,0.12356364451052,TRUE,4.22136449953663,7.19910221439481e-38,TRUE,0.278580063811414,0.796916524427636
"GOBP_IMMUNE_RESPONSE_REGULATING_SIGNALING_PATHWAY","Il20rb",3,3,TRUE,TRUE,FALSE,TRUE,1,FALSE,FALSE,TRUE,0.694443325587849,0.156570466056496,TRUE,2.27476768368237,9.67521453513748e-05,TRUE,0.818182138355068,0.898964978057007
"GOBP_IMMUNE_RESPONSE_REGULATING_SIGNALING_PATHWAY","Irak3",3,3,TRUE,TRUE,FALSE,TRUE,2,TRUE,FALSE,TRUE,0.631941891439005,0.00155976019701832,TRUE,0.878125867520487,6.57638099719961e-05,TRUE,0.245044844928754,0.522132434794
"GOBP_IMMUNE_RESPONSE_REGULATING_SIGNALING_PATHWAY","Irak4",3,3,TRUE,TRUE,FALSE,TRUE,1,FALSE,FALSE,TRUE,0.173713394292799,0.581028017851585,TRUE,1.02413630910348,6.61193896357856e-06,TRUE,0.292135630147656,0.451719993322515
"GOBP_IMMUNE_RESPONSE_REGULATING_SIGNALING_PATHWAY","Irf5",3,3,TRUE,TRUE,FALSE,TRUE,1,FALSE,FALSE,TRUE,0.426066971251357,0.116637285182882,TRUE,1.95145440294813,0.000131781151828553,TRUE,0.494746860581211,0.185309697300595
"GOBP_IMMUNE_RESPONSE_REGULATING_SIGNALING_PATHWAY","Klhl6",3,3,TRUE,TRUE,FALSE,TRUE,1,FALSE,FALSE,TRUE,0.578196572176061,0.306853449958753,TRUE,2.48304834238421,2.57541923315069e-06,TRUE,0.969298825024244,0.222416028422934
"GOBP_IMMUNE_RESPONSE_REGULATING_SIGNALING_PATHWAY","Lat2",3,3,TRUE,TRUE,FALSE,TRUE,1,FALSE,FALSE,TRUE,0.41713994242578,0.476063943766538,TRUE,3.26384997476256,6.89486497126423e-06,TRUE,1.84322057050487,0.0807455748172461
"GOBP_IMMUNE_RESPONSE_REGULATING_SIGNALING_PATHWAY","Lilrb4",3,3,TRUE,TRUE,FALSE,TRUE,1,FALSE,FALSE,TRUE,0.941798948455948,0.0922806887603967,TRUE,5.92588608419731,1.19920620782426e-10,TRUE,0.571424156002891,0.781521253309124
"GOBP_IMMUNE_RESPONSE_REGULATING_SIGNALING_PATHWAY","Lyn",3,3,TRUE,TRUE,FALSE,TRUE,1,FALSE,FALSE,TRUE,0.223509764937926,0.490142085956127,TRUE,2.0120269595302,3.81981511615045e-08,TRUE,0.587385518008491,0.0511607209227901
"GOBP_IMMUNE_RESPONSE_REGULATING_SIGNALING_PATHWAY","Mnda",3,3,TRUE,TRUE,FALSE,TRUE,1,FALSE,FALSE,TRUE,0.417608355899685,0.326485549650622,TRUE,1.57862229294173,0.0177570728745022,TRUE,0.29329723677737,0.863965467866178
"GOBP_IMMUNE_RESPONSE_REGULATING_SIGNALING_PATHWAY","Myd88",3,3,TRUE,TRUE,FALSE,TRUE,1,FALSE,FALSE,TRUE,0.160206577192312,0.554368260121224,TRUE,0.981640852311147,4.24310889552739e-05,TRUE,0.153760360951687,0.845257405344269
"GOBP_IMMUNE_RESPONSE_REGULATING_SIGNALING_PATHWAY","Nfam1",3,3,TRUE,TRUE,FALSE,TRUE,1,FALSE,FALSE,TRUE,0.484213271703586,0.0781408711177233,TRUE,3.71421188425343,6.19716566531939e-11,TRUE,0.351253084476359,0.501902609722221
"GOBP_IMMUNE_RESPONSE_REGULATING_SIGNALING_PATHWAY","Ptpn6",3,3,TRUE,TRUE,FALSE,TRUE,1,FALSE,FALSE,TRUE,0.287205850094709,0.553774801059526,TRUE,1.98203183621216,1.06186485618229e-09,TRUE,0.371019040084565,0.513464940390957
"GOBP_IMMUNE_RESPONSE_REGULATING_SIGNALING_PATHWAY","Ptprc",3,3,TRUE,TRUE,FALSE,TRUE,1,FALSE,FALSE,TRUE,0.5919563991021,0.250252196802151,TRUE,1.91670613521538,5.7654628836785e-06,TRUE,0.518307903432168,0.101624983605367
"GOBP_IMMUNE_RESPONSE_REGULATING_SIGNALING_PATHWAY","Pycard",3,3,TRUE,TRUE,FALSE,TRUE,1,FALSE,FALSE,TRUE,0.248790221495214,0.621156073177559,TRUE,1.88341482866933,4.3335305299106e-05,TRUE,0.680677032911383,0.206651393195141
"GOBP_IMMUNE_RESPONSE_REGULATING_SIGNALING_PATHWAY","Syk",3,3,TRUE,TRUE,FALSE,TRUE,1,FALSE,FALSE,TRUE,0.503344358195588,0.396384730535913,TRUE,2.99962596123063,2.36489559882808e-06,TRUE,0.233382318055769,0.871532469677388
"GOBP_IMMUNE_RESPONSE_REGULATING_SIGNALING_PATHWAY","Tlr3",3,3,TRUE,TRUE,FALSE,TRUE,1,FALSE,FALSE,TRUE,0.284951915196595,0.494240570746554,TRUE,1.48259954257452,1.05336868344864e-06,TRUE,0.516350832659553,0.582604161676384
"GOBP_IMMUNE_RESPONSE_REGULATING_SIGNALING_PATHWAY","Tlr8",3,3,TRUE,TRUE,FALSE,TRUE,1,FALSE,FALSE,TRUE,0.304197357516575,0.667696441560898,TRUE,2.37747472245518,0.00104893976097432,TRUE,0.347599207569656,0.441138911969449
"GOBP_IMMUNE_RESPONSE_REGULATING_SIGNALING_PATHWAY","Unc93b1",3,3,TRUE,TRUE,FALSE,TRUE,1,FALSE,FALSE,TRUE,0.247418492342772,0.267638704247654,TRUE,2.58126022220956,6.54034312134097e-12,TRUE,0.239586050362998,0.341992879785876
"GOBP_IMMUNE_RESPONSE_REGULATING_SIGNALING_PATHWAY","Vav1",3,3,TRUE,TRUE,FALSE,TRUE,1,FALSE,FALSE,TRUE,0.252612890391214,0.650713364158388,TRUE,3.09923927623352,1.51852487403079e-11,TRUE,0.690891631962553,0.192726522095418
"GOBP_INFLAMMATORY_RESPONSE_TO_ANTIGENIC_STIMULUS","Cd68",3,3,TRUE,TRUE,FALSE,TRUE,3,TRUE,TRUE,TRUE,0.475875429309184,0.0351647016514608,TRUE,5.69370776946084,3.54544834963571e-28,TRUE,0.872295096338037,0.0026039181399166
"GOBP_INFLAMMATORY_RESPONSE_TO_ANTIGENIC_STIMULUS","Fcgr3a",3,3,TRUE,TRUE,FALSE,TRUE,1,FALSE,FALSE,TRUE,0.499791340273772,0.433136613110795,TRUE,3.79881048558459,3.8983911764311e-11,TRUE,1.53687952190867,0.101128589312253
"GOBP_INFLAMMATORY_RESPONSE_TO_ANTIGENIC_STIMULUS","Fgr",3,3,TRUE,TRUE,FALSE,TRUE,1,FALSE,FALSE,TRUE,0.515389051031006,0.28831460745267,TRUE,2.11824629636748,0.000138058358840273,TRUE,0.745661532096228,0.683178256379573
"GOBP_INFLAMMATORY_RESPONSE_TO_ANTIGENIC_STIMULUS","Hck",3,3,TRUE,TRUE,FALSE,TRUE,1,FALSE,FALSE,TRUE,0.315056483473932,0.12356364451052,TRUE,4.22136449953663,7.19910221439481e-38,TRUE,0.278580063811414,0.796916524427636
"GOBP_INFLAMMATORY_RESPONSE_TO_ANTIGENIC_STIMULUS","Il20rb",3,3,TRUE,TRUE,FALSE,TRUE,1,FALSE,FALSE,TRUE,0.694443325587849,0.156570466056496,TRUE,2.27476768368237,9.67521453513748e-05,TRUE,0.818182138355068,0.898964978057007
"GOBP_INFLAMMATORY_RESPONSE_TO_ANTIGENIC_STIMULUS","Lyn",3,3,TRUE,TRUE,FALSE,TRUE,1,FALSE,FALSE,TRUE,0.223509764937926,0.490142085956127,TRUE,2.0120269595302,3.81981511615045e-08,TRUE,0.587385518008491,0.0511607209227901
"GOBP_INFLAMMATORY_RESPONSE_TO_ANTIGENIC_STIMULUS","Rhbdf2",3,3,TRUE,TRUE,FALSE,TRUE,2,TRUE,FALSE,TRUE,0.665949592145242,1.00114842481626e-05,TRUE,1.90683483961835,2.77538092182096e-27,TRUE,0.257135398035077,0.706443052945449
"GOBP_INFLAMMATORY_RESPONSE_TO_ANTIGENIC_STIMULUS","Syk",3,3,TRUE,TRUE,FALSE,TRUE,1,FALSE,FALSE,TRUE,0.503344358195588,0.396384730535913,TRUE,2.99962596123063,2.36489559882808e-06,TRUE,0.233382318055769,0.871532469677388
"GOBP_INTEGRIN_MEDIATED_SIGNALING_PATHWAY","Col16a1",3,3,TRUE,TRUE,FALSE,TRUE,2,TRUE,FALSE,TRUE,0.437721092872066,0.0311297432235143,TRUE,1.23252737385172,1.91906682931496e-06,TRUE,0.371048406292925,0.115523987798977
"GOBP_INTEGRIN_MEDIATED_SIGNALING_PATHWAY","Diaph3",3,3,TRUE,TRUE,FALSE,TRUE,1,FALSE,FALSE,TRUE,0.261615066910819,0.556731636331725,TRUE,2.96106573102979,5.58129870462944e-08,TRUE,0.266154072340622,0.752124735423771
"GOBP_INTEGRIN_MEDIATED_SIGNALING_PATHWAY","Fgr",3,3,TRUE,TRUE,FALSE,TRUE,1,FALSE,FALSE,TRUE,0.515389051031006,0.28831460745267,TRUE,2.11824629636748,0.000138058358840273,TRUE,0.745661532096228,0.683178256379573
"GOBP_INTEGRIN_MEDIATED_SIGNALING_PATHWAY","Hck",3,3,TRUE,TRUE,FALSE,TRUE,1,FALSE,FALSE,TRUE,0.315056483473932,0.12356364451052,TRUE,4.22136449953663,7.19910221439481e-38,TRUE,0.278580063811414,0.796916524427636
"GOBP_INTEGRIN_MEDIATED_SIGNALING_PATHWAY","Itgal",3,3,TRUE,TRUE,FALSE,TRUE,3,TRUE,TRUE,TRUE,0.5158130786856,0.0491571447728293,TRUE,3.64924398307014,1.21535031663699e-12,TRUE,0.722344944598314,0.00812363107736976
"GOBP_INTEGRIN_MEDIATED_SIGNALING_PATHWAY","Itgax",3,3,TRUE,TRUE,FALSE,TRUE,1,FALSE,FALSE,TRUE,0.78770367649694,0.267692288385957,TRUE,3.78767084084762,4.02804911876953e-16,TRUE,0.822564186465989,0.261084134129211
"GOBP_INTEGRIN_MEDIATED_SIGNALING_PATHWAY","Itgb2",3,3,TRUE,TRUE,FALSE,TRUE,1,FALSE,FALSE,TRUE,0.577655265399382,0.160586698777614,TRUE,4.2106302715265,4.81085137874971e-20,TRUE,1.06224267673307,0.0717152126730221
"GOBP_INTEGRIN_MEDIATED_SIGNALING_PATHWAY","Serpine1",3,3,TRUE,TRUE,FALSE,TRUE,1,FALSE,FALSE,TRUE,0.356679704473783,0.58430105160132,TRUE,4.32003960854411,3.75906722659808e-20,TRUE,0.867036493565409,0.15293647170219
"GOBP_INTEGRIN_MEDIATED_SIGNALING_PATHWAY","Vav1",3,3,TRUE,TRUE,FALSE,TRUE,1,FALSE,FALSE,TRUE,0.252612890391214,0.650713364158388,TRUE,3.09923927623352,1.51852487403079e-11,TRUE,0.690891631962553,0.192726522095418
"GOBP_INTERFERON_MEDIATED_SIGNALING_PATHWAY","Hck",3,3,TRUE,TRUE,FALSE,TRUE,1,FALSE,FALSE,TRUE,0.315056483473932,0.12356364451052,TRUE,4.22136449953663,7.19910221439481e-38,TRUE,0.278580063811414,0.796916524427636
"GOBP_INTERFERON_MEDIATED_SIGNALING_PATHWAY","Ifnlr1",3,3,TRUE,TRUE,FALSE,TRUE,2,FALSE,FALSE,TRUE,0.420985240068314,0.362587211715149,TRUE,2.86929368379826,1.10628427930228e-11,TRUE,1.02063993685972,0.00501437026736733
"GOBP_INTERFERON_MEDIATED_SIGNALING_PATHWAY","Ikbke",3,3,TRUE,TRUE,FALSE,TRUE,2,TRUE,FALSE,TRUE,0.760401452093416,0.00313157452124863,TRUE,2.23598558704328,1.10026172711676e-11,TRUE,0.242636065359564,0.858162814887538
"GOBP_INTERFERON_MEDIATED_SIGNALING_PATHWAY","Myd88",3,3,TRUE,TRUE,FALSE,TRUE,1,FALSE,FALSE,TRUE,0.160206577192312,0.554368260121224,TRUE,0.981640852311147,4.24310889552739e-05,TRUE,0.153760360951687,0.845257405344269
"GOBP_INTERFERON_MEDIATED_SIGNALING_PATHWAY","Parp9",3,3,TRUE,TRUE,FALSE,TRUE,1,FALSE,FALSE,TRUE,0.235049540952122,0.582771068222546,TRUE,1.30283583481346,1.38847919464423e-06,TRUE,0.273467978395665,0.468913387154202
"GOBP_INTERFERON_MEDIATED_SIGNALING_PATHWAY","Ptpn1",3,3,TRUE,TRUE,FALSE,TRUE,1,FALSE,FALSE,TRUE,0.16124901994694,0.491351374054152,TRUE,0.631955168566942,0.0183079670951954,TRUE,0.287643956896424,0.287211412083498
"GOBP_INTERFERON_MEDIATED_SIGNALING_PATHWAY","Ptpn6",3,3,TRUE,TRUE,FALSE,TRUE,1,FALSE,FALSE,TRUE,0.287205850094709,0.553774801059526,TRUE,1.98203183621216,1.06186485618229e-09,TRUE,0.371019040084565,0.513464940390957
"GOBP_INTERFERON_MEDIATED_SIGNALING_PATHWAY","Tp53",3,3,TRUE,TRUE,FALSE,TRUE,1,FALSE,FALSE,TRUE,0.214623165766373,0.307807284337997,TRUE,1.04098551327678,8.06108275273734e-11,TRUE,0.0999194295228331,0.941363403614903
"GOBP_INTERLEUKIN_6_PRODUCTION","Afap1l2",3,3,TRUE,TRUE,FALSE,TRUE,1,FALSE,FALSE,TRUE,0.172489440429083,0.422098376024435,TRUE,1.02680884176221,8.26409113612054e-07,TRUE,0.186244640175143,0.750202819362835
"GOBP_INTERLEUKIN_6_PRODUCTION","Csk",3,3,TRUE,TRUE,FALSE,TRUE,1,FALSE,FALSE,TRUE,0.183529259545052,0.220676821932357,TRUE,1.02347076407563,4.12515495268375e-07,TRUE,0.287772443173399,0.174330830297062
"GOBP_INTERLEUKIN_6_PRODUCTION","Cyba",3,3,TRUE,TRUE,FALSE,TRUE,1,FALSE,FALSE,TRUE,0.19722094003319,0.567855785809082,TRUE,3.04949612911711,5.07535642034344e-12,TRUE,0.385193613347553,0.898279297393544
"GOBP_INTERLEUKIN_6_PRODUCTION","Irak3",3,3,TRUE,TRUE,FALSE,TRUE,2,TRUE,FALSE,TRUE,0.631941891439005,0.00155976019701832,TRUE,0.878125867520487,6.57638099719961e-05,TRUE,0.245044844928754,0.522132434794
"GOBP_INTERLEUKIN_6_PRODUCTION","Lilrb4",3,3,TRUE,TRUE,FALSE,TRUE,1,FALSE,FALSE,TRUE,0.941798948455948,0.0922806887603967,TRUE,5.92588608419731,1.19920620782426e-10,TRUE,0.571424156002891,0.781521253309124
"GOBP_INTERLEUKIN_6_PRODUCTION","Myd88",3,3,TRUE,TRUE,FALSE,TRUE,1,FALSE,FALSE,TRUE,0.160206577192312,0.554368260121224,TRUE,0.981640852311147,4.24310889552739e-05,TRUE,0.153760360951687,0.845257405344269
"GOBP_INTERLEUKIN_6_PRODUCTION","Ptpn6",3,3,TRUE,TRUE,FALSE,TRUE,1,FALSE,FALSE,TRUE,0.287205850094709,0.553774801059526,TRUE,1.98203183621216,1.06186485618229e-09,TRUE,0.371019040084565,0.513464940390957
"GOBP_INTERLEUKIN_6_PRODUCTION","Syk",3,3,TRUE,TRUE,FALSE,TRUE,1,FALSE,FALSE,TRUE,0.503344358195588,0.396384730535913,TRUE,2.99962596123063,2.36489559882808e-06,TRUE,0.233382318055769,0.871532469677388
"GOBP_INTERLEUKIN_6_PRODUCTION","Tgfb1",3,3,TRUE,TRUE,FALSE,TRUE,1,FALSE,FALSE,TRUE,0.352316809798448,0.325249018682096,TRUE,2.48294295045363,9.90696293843824e-16,TRUE,0.271883874258171,0.653831483433746
"GOBP_INTERLEUKIN_6_PRODUCTION","Tlr3",3,3,TRUE,TRUE,FALSE,TRUE,1,FALSE,FALSE,TRUE,0.284951915196595,0.494240570746554,TRUE,1.48259954257452,1.05336868344864e-06,TRUE,0.516350832659553,0.582604161676384
"GOBP_INTERLEUKIN_6_PRODUCTION","Unc93b1",3,3,TRUE,TRUE,FALSE,TRUE,1,FALSE,FALSE,TRUE,0.247418492342772,0.267638704247654,TRUE,2.58126022220956,6.54034312134097e-12,TRUE,0.239586050362998,0.341992879785876
"GOBP_INTERLEUKIN_8_PRODUCTION","Afap1l2",3,3,TRUE,TRUE,FALSE,TRUE,1,FALSE,FALSE,TRUE,0.172489440429083,0.422098376024435,TRUE,1.02680884176221,8.26409113612054e-07,TRUE,0.186244640175143,0.750202819362835
"GOBP_INTERLEUKIN_8_PRODUCTION","Bcl3",3,3,TRUE,TRUE,FALSE,TRUE,2,FALSE,FALSE,TRUE,0.402414231968193,0.231590537214337,TRUE,1.84514765362038,4.15490542439594e-16,TRUE,1.30208899692276,3.71058910103766e-06
"GOBP_INTERLEUKIN_8_PRODUCTION","Duox1",3,3,TRUE,TRUE,FALSE,TRUE,1,FALSE,FALSE,TRUE,0.563201030809831,0.494240570746554,TRUE,2.21457607226986,0.00516069834668226,TRUE,1.12410533475523,0.44717661220682
"GOBP_INTERLEUKIN_8_PRODUCTION","Myd88",3,3,TRUE,TRUE,FALSE,TRUE,1,FALSE,FALSE,TRUE,0.160206577192312,0.554368260121224,TRUE,0.981640852311147,4.24310889552739e-05,TRUE,0.153760360951687,0.845257405344269
"GOBP_INTERLEUKIN_8_PRODUCTION","Ptprc",3,3,TRUE,TRUE,FALSE,TRUE,1,FALSE,FALSE,TRUE,0.5919563991021,0.250252196802151,TRUE,1.91670613521538,5.7654628836785e-06,TRUE,0.518307903432168,0.101624983605367
"GOBP_INTERLEUKIN_8_PRODUCTION","Pycard",3,3,TRUE,TRUE,FALSE,TRUE,1,FALSE,FALSE,TRUE,0.248790221495214,0.621156073177559,TRUE,1.88341482866933,4.3335305299106e-05,TRUE,0.680677032911383,0.206651393195141
"GOBP_INTERLEUKIN_8_PRODUCTION","Ripk1",3,3,TRUE,TRUE,FALSE,TRUE,1,FALSE,FALSE,TRUE,0.131782078434304,0.571135678311265,TRUE,0.577728812909235,0.0122194190236521,TRUE,0.117728101900915,0.874152472770845
"GOBP_INTERLEUKIN_8_PRODUCTION","Serpine1",3,3,TRUE,TRUE,FALSE,TRUE,1,FALSE,FALSE,TRUE,0.356679704473783,0.58430105160132,TRUE,4.32003960854411,3.75906722659808e-20,TRUE,0.867036493565409,0.15293647170219
"GOBP_INTERLEUKIN_8_PRODUCTION","Ssc5d",3,3,TRUE,TRUE,FALSE,TRUE,1,FALSE,FALSE,TRUE,0.250433619440049,0.567549067545665,TRUE,0.948974411111334,0.0614562001632333,TRUE,1.14673268053495,0.000320867191486116
"GOBP_INTERLEUKIN_8_PRODUCTION","Syk",3,3,TRUE,TRUE,FALSE,TRUE,1,FALSE,FALSE,TRUE,0.503344358195588,0.396384730535913,TRUE,2.99962596123063,2.36489559882808e-06,TRUE,0.233382318055769,0.871532469677388
"GOBP_INTERLEUKIN_8_PRODUCTION","Tlr3",3,3,TRUE,TRUE,FALSE,TRUE,1,FALSE,FALSE,TRUE,0.284951915196595,0.494240570746554,TRUE,1.48259954257452,1.05336868344864e-06,TRUE,0.516350832659553,0.582604161676384
"GOBP_INTERLEUKIN_8_PRODUCTION","Zfp580",3,3,TRUE,TRUE,FALSE,TRUE,1,FALSE,FALSE,TRUE,0.238217925647518,0.306528408467122,TRUE,0.606930946371058,0.0333861124330382,TRUE,0.402403967450002,0.821217679202185
"GOBP_INTRINSIC_APOPTOTIC_SIGNALING_PATHWAY_IN_RESPONSE_TO_DNA_DAMAGE","Bcl3",3,3,TRUE,TRUE,FALSE,TRUE,2,FALSE,FALSE,TRUE,0.402414231968193,0.231590537214337,TRUE,1.84514765362038,4.15490542439594e-16,TRUE,1.30208899692276,3.71058910103766e-06
"GOBP_INTRINSIC_APOPTOTIC_SIGNALING_PATHWAY_IN_RESPONSE_TO_DNA_DAMAGE","Birc3",3,3,TRUE,TRUE,FALSE,TRUE,1,FALSE,FALSE,TRUE,0.413618395752454,0.459443681356832,TRUE,1.2660044576468,0.000151794594442551,TRUE,0.355638188125153,0.866710113831817
"GOBP_INTRINSIC_APOPTOTIC_SIGNALING_PATHWAY_IN_RESPONSE_TO_DNA_DAMAGE","Cdkn1a",3,3,TRUE,TRUE,FALSE,TRUE,3,TRUE,TRUE,TRUE,2.36554425602502,1.35357633394429e-34,TRUE,2.35564858769235,1.78933839512498e-18,TRUE,1.25275470167071,0.00116547161516769
"GOBP_INTRINSIC_APOPTOTIC_SIGNALING_PATHWAY_IN_RESPONSE_TO_DNA_DAMAGE","Ddias",3,3,TRUE,TRUE,FALSE,TRUE,1,FALSE,FALSE,TRUE,0.607158261371143,0.540113144349351,TRUE,2.84376244210131,5.0562331905736e-07,TRUE,0.452874691231751,0.901237040426381
"GOBP_INTRINSIC_APOPTOTIC_SIGNALING_PATHWAY_IN_RESPONSE_TO_DNA_DAMAGE","Ikbke",3,3,TRUE,TRUE,FALSE,TRUE,2,TRUE,FALSE,TRUE,0.760401452093416,0.00313157452124863,TRUE,2.23598558704328,1.10026172711676e-11,TRUE,0.242636065359564,0.858162814887538
"GOBP_INTRINSIC_APOPTOTIC_SIGNALING_PATHWAY_IN_RESPONSE_TO_DNA_DAMAGE","Mnda",3,3,TRUE,TRUE,FALSE,TRUE,1,FALSE,FALSE,TRUE,0.417608355899685,0.326485549650622,TRUE,1.57862229294173,0.0177570728745022,TRUE,0.29329723677737,0.863965467866178
"GOBP_INTRINSIC_APOPTOTIC_SIGNALING_PATHWAY_IN_RESPONSE_TO_DNA_DAMAGE","Pycard",3,3,TRUE,TRUE,FALSE,TRUE,1,FALSE,FALSE,TRUE,0.248790221495214,0.621156073177559,TRUE,1.88341482866933,4.3335305299106e-05,TRUE,0.680677032911383,0.206651393195141
"GOBP_INTRINSIC_APOPTOTIC_SIGNALING_PATHWAY_IN_RESPONSE_TO_DNA_DAMAGE","Ripk1",3,3,TRUE,TRUE,FALSE,TRUE,1,FALSE,FALSE,TRUE,0.131782078434304,0.571135678311265,TRUE,0.577728812909235,0.0122194190236521,TRUE,0.117728101900915,0.874152472770845
"GOBP_INTRINSIC_APOPTOTIC_SIGNALING_PATHWAY_IN_RESPONSE_TO_DNA_DAMAGE","Shisa5",3,3,TRUE,TRUE,FALSE,TRUE,2,FALSE,FALSE,TRUE,0.0948272550640373,0.487817869427142,TRUE,1.0957052982807,1.47873178022478e-08,TRUE,0.542694991229871,0.00356911232037203
"GOBP_INTRINSIC_APOPTOTIC_SIGNALING_PATHWAY_IN_RESPONSE_TO_DNA_DAMAGE","Tnfrsf1a",3,3,TRUE,TRUE,FALSE,TRUE,1,FALSE,FALSE,TRUE,0.157735689448044,0.343755511922389,TRUE,1.0625553000112,4.92945787474711e-06,TRUE,0.293896734018024,0.0536327573915571
"GOBP_INTRINSIC_APOPTOTIC_SIGNALING_PATHWAY_IN_RESPONSE_TO_DNA_DAMAGE","Tnfrsf1b",3,3,TRUE,TRUE,FALSE,TRUE,1,FALSE,FALSE,TRUE,0.267272159554668,0.509379913049287,TRUE,1.50470562292304,7.12442531553175e-05,TRUE,0.508146320436365,0.415506032246073
"GOBP_INTRINSIC_APOPTOTIC_SIGNALING_PATHWAY_IN_RESPONSE_TO_DNA_DAMAGE","Uri1",3,3,TRUE,TRUE,FALSE,TRUE,2,TRUE,FALSE,TRUE,0.336065840153441,0.0263671444685968,TRUE,0.454285241191163,0.01686263425018,TRUE,0.145127861906348,0.756854234812825
"GOBP_LEUKOCYTE_CELL_CELL_ADHESION","Actb",3,3,TRUE,TRUE,FALSE,TRUE,1,FALSE,FALSE,TRUE,0.100562992682506,0.356707455199691,TRUE,0.510588998540199,0.00176676471652104,TRUE,0.0936330712420067,0.736634357713194
"GOBP_LEUKOCYTE_CELL_CELL_ADHESION","Cd276",3,3,TRUE,TRUE,FALSE,TRUE,1,FALSE,FALSE,TRUE,0.155813693455661,0.494240570746554,TRUE,2.68295811954464,1.86484746716925e-26,TRUE,0.912116163581484,0.61587036570436
"GOBP_LEUKOCYTE_CELL_CELL_ADHESION","Cd80",3,3,TRUE,TRUE,FALSE,TRUE,1,FALSE,FALSE,TRUE,0.664752398300911,0.14084322832029,TRUE,2.46574054249037,0.000337877256597884,TRUE,0.517813043747365,0.630079601111044
"GOBP_LEUKOCYTE_CELL_CELL_ADHESION","Coro1a",3,3,TRUE,TRUE,FALSE,TRUE,1,FALSE,FALSE,TRUE,0.350825398046623,0.136677536818005,TRUE,1.50503697211496,0.00139265969245429,TRUE,0.199570200192326,0.625525038811018
"GOBP_LEUKOCYTE_CELL_CELL_ADHESION","Csk",3,3,TRUE,TRUE,FALSE,TRUE,1,FALSE,FALSE,TRUE,0.183529259545052,0.220676821932357,TRUE,1.02347076407563,4.12515495268375e-07,TRUE,0.287772443173399,0.174330830297062
"GOBP_LEUKOCYTE_CELL_CELL_ADHESION","Dusp10",3,3,TRUE,TRUE,FALSE,TRUE,1,FALSE,FALSE,TRUE,0.268498030278965,0.498952870455321,TRUE,2.75959237781112,2.35675928486731e-10,TRUE,0.31796622672043,0.472074502780716
"GOBP_LEUKOCYTE_CELL_CELL_ADHESION","Fermt3",3,3,TRUE,TRUE,FALSE,TRUE,1,FALSE,FALSE,TRUE,0.348744539216141,0.246344611586819,TRUE,2.58626873249832,8.85559234210635e-09,TRUE,0.239346787881061,0.848325269694004
"GOBP_LEUKOCYTE_CELL_CELL_ADHESION","Gpnmb",3,3,TRUE,TRUE,FALSE,TRUE,2,TRUE,FALSE,TRUE,1.30749025088736,7.06453560821637e-13,TRUE,6.32344292723089,5.02359500033231e-37,TRUE,0.201272387228478,0.769711122156457
"GOBP_LEUKOCYTE_CELL_CELL_ADHESION","Icam1",3,3,TRUE,TRUE,FALSE,TRUE,2,TRUE,FALSE,TRUE,0.823176340057854,0.000718966158848219,TRUE,1.31157277268251,4.25281416532404e-07,TRUE,0.252813131824194,0.810368161592969
"GOBP_LEUKOCYTE_CELL_CELL_ADHESION","Itgal",3,3,TRUE,TRUE,FALSE,TRUE,3,TRUE,TRUE,TRUE,0.5158130786856,0.0491571447728293,TRUE,3.64924398307014,1.21535031663699e-12,TRUE,0.722344944598314,0.00812363107736976
"GOBP_LEUKOCYTE_CELL_CELL_ADHESION","Itgax",3,3,TRUE,TRUE,FALSE,TRUE,1,FALSE,FALSE,TRUE,0.78770367649694,0.267692288385957,TRUE,3.78767084084762,4.02804911876953e-16,TRUE,0.822564186465989,0.261084134129211
"GOBP_LEUKOCYTE_CELL_CELL_ADHESION","Itgb2",3,3,TRUE,TRUE,FALSE,TRUE,1,FALSE,FALSE,TRUE,0.577655265399382,0.160586698777614,TRUE,4.2106302715265,4.81085137874971e-20,TRUE,1.06224267673307,0.0717152126730221
"GOBP_LEUKOCYTE_CELL_CELL_ADHESION","Jak3",3,3,TRUE,TRUE,FALSE,TRUE,2,TRUE,FALSE,TRUE,0.427396542194848,0.04135677874079,TRUE,1.87900751214862,2.06258540474854e-05,TRUE,0.23450615099792,0.740805895320039
"GOBP_LEUKOCYTE_CELL_CELL_ADHESION","Lilrb4",3,3,TRUE,TRUE,FALSE,TRUE,1,FALSE,FALSE,TRUE,0.941798948455948,0.0922806887603967,TRUE,5.92588608419731,1.19920620782426e-10,TRUE,0.571424156002891,0.781521253309124
"GOBP_LEUKOCYTE_CELL_CELL_ADHESION","Lyn",3,3,TRUE,TRUE,FALSE,TRUE,1,FALSE,FALSE,TRUE,0.223509764937926,0.490142085956127,TRUE,2.0120269595302,3.81981511615045e-08,TRUE,0.587385518008491,0.0511607209227901
"GOBP_LEUKOCYTE_CELL_CELL_ADHESION","Pnp",3,3,TRUE,TRUE,FALSE,TRUE,1,FALSE,FALSE,TRUE,0.210766504220009,0.237268148131174,TRUE,1.2606493226535,4.79061121097659e-08,TRUE,0.410535855788382,0.120347810483469
"GOBP_LEUKOCYTE_CELL_CELL_ADHESION","Ptpn6",3,3,TRUE,TRUE,FALSE,TRUE,1,FALSE,FALSE,TRUE,0.287205850094709,0.553774801059526,TRUE,1.98203183621216,1.06186485618229e-09,TRUE,0.371019040084565,0.513464940390957
"GOBP_LEUKOCYTE_CELL_CELL_ADHESION","Ptprc",3,3,TRUE,TRUE,FALSE,TRUE,1,FALSE,FALSE,TRUE,0.5919563991021,0.250252196802151,TRUE,1.91670613521538,5.7654628836785e-06,TRUE,0.518307903432168,0.101624983605367
"GOBP_LEUKOCYTE_CELL_CELL_ADHESION","Rac2",3,3,TRUE,TRUE,FALSE,TRUE,1,FALSE,FALSE,TRUE,0.316936316465688,0.549031231481433,TRUE,1.92512039386563,4.75023126706594e-05,TRUE,0.334286882622882,0.853595333072462
"GOBP_LEUKOCYTE_CELL_CELL_ADHESION","Selplg",3,3,TRUE,TRUE,FALSE,TRUE,2,FALSE,FALSE,TRUE,0.599227245732758,0.229226187636995,TRUE,2.83008587136973,1.63734508609678e-08,TRUE,1.10182396744946,0.00175882644239974
"GOBP_LEUKOCYTE_CELL_CELL_ADHESION","Syk",3,3,TRUE,TRUE,FALSE,TRUE,1,FALSE,FALSE,TRUE,0.503344358195588,0.396384730535913,TRUE,2.99962596123063,2.36489559882808e-06,TRUE,0.233382318055769,0.871532469677388
"GOBP_LEUKOCYTE_CELL_CELL_ADHESION","Tgfb1",3,3,TRUE,TRUE,FALSE,TRUE,1,FALSE,FALSE,TRUE,0.352316809798448,0.325249018682096,TRUE,2.48294295045363,9.90696293843824e-16,TRUE,0.271883874258171,0.653831483433746
"GOBP_LEUKOCYTE_MIGRATION","C3ar1",3,3,TRUE,TRUE,FALSE,TRUE,1,FALSE,FALSE,TRUE,0.298463314290499,0.635991879632907,TRUE,2.58940423310367,0.00230146992138857,TRUE,0.386049264995178,0.648546792940027
"GOBP_LEUKOCYTE_MIGRATION","Ccl7",3,3,TRUE,TRUE,FALSE,TRUE,1,FALSE,FALSE,TRUE,0.470041827430481,0.452241100400049,TRUE,2.39117372654952,0.000574738283827093,TRUE,0.930015713260818,0.703243903618601
"GOBP_LEUKOCYTE_MIGRATION","Coro1a",3,3,TRUE,TRUE,FALSE,TRUE,1,FALSE,FALSE,TRUE,0.350825398046623,0.136677536818005,TRUE,1.50503697211496,0.00139265969245429,TRUE,0.199570200192326,0.625525038811018
"GOBP_LEUKOCYTE_MIGRATION","Csf1",3,3,TRUE,TRUE,FALSE,TRUE,3,TRUE,TRUE,TRUE,0.502968114960466,0.00266356540706981,TRUE,1.19180569407285,2.43141460557132e-05,TRUE,1.42952754285414,8.54054282303828e-07
"GOBP_LEUKOCYTE_MIGRATION","Folr2",3,3,TRUE,TRUE,FALSE,TRUE,1,FALSE,FALSE,TRUE,0.222072401518169,0.554596212664659,TRUE,4.03005110421285,2.23336233097948e-13,TRUE,0.588667227377215,0.635347309221944
"GOBP_LEUKOCYTE_MIGRATION","Hck",3,3,TRUE,TRUE,FALSE,TRUE,1,FALSE,FALSE,TRUE,0.315056483473932,0.12356364451052,TRUE,4.22136449953663,7.19910221439481e-38,TRUE,0.278580063811414,0.796916524427636
"GOBP_LEUKOCYTE_MIGRATION","Icam1",3,3,TRUE,TRUE,FALSE,TRUE,2,TRUE,FALSE,TRUE,0.823176340057854,0.000718966158848219,TRUE,1.31157277268251,4.25281416532404e-07,TRUE,0.252813131824194,0.810368161592969
"GOBP_LEUKOCYTE_MIGRATION","Irak4",3,3,TRUE,TRUE,FALSE,TRUE,1,FALSE,FALSE,TRUE,0.173713394292799,0.581028017851585,TRUE,1.02413630910348,6.61193896357856e-06,TRUE,0.292135630147656,0.451719993322515
"GOBP_LEUKOCYTE_MIGRATION","Itga9",3,3,TRUE,TRUE,FALSE,TRUE,1,FALSE,FALSE,TRUE,0.534291869017821,0.13595655950323,TRUE,2.10416018287092,3.60554659384233e-09,TRUE,0.322835515686324,0.871728615000467
"GOBP_LEUKOCYTE_MIGRATION","Itgal",3,3,TRUE,TRUE,FALSE,TRUE,3,TRUE,TRUE,TRUE,0.5158130786856,0.0491571447728293,TRUE,3.64924398307014,1.21535031663699e-12,TRUE,0.722344944598314,0.00812363107736976
"GOBP_LEUKOCYTE_MIGRATION","Itgb2",3,3,TRUE,TRUE,FALSE,TRUE,1,FALSE,FALSE,TRUE,0.577655265399382,0.160586698777614,TRUE,4.2106302715265,4.81085137874971e-20,TRUE,1.06224267673307,0.0717152126730221
"GOBP_LEUKOCYTE_MIGRATION","Lrp12",3,3,TRUE,TRUE,FALSE,TRUE,1,FALSE,FALSE,TRUE,0.133285531669464,0.663938165193246,TRUE,1.61953778438231,3.27237722910842e-12,TRUE,0.367006614354661,0.159011782772906
"GOBP_LEUKOCYTE_MIGRATION","Lyn",3,3,TRUE,TRUE,FALSE,TRUE,1,FALSE,FALSE,TRUE,0.223509764937926,0.490142085956127,TRUE,2.0120269595302,3.81981511615045e-08,TRUE,0.587385518008491,0.0511607209227901
"GOBP_LEUKOCYTE_MIGRATION","Myd88",3,3,TRUE,TRUE,FALSE,TRUE,1,FALSE,FALSE,TRUE,0.160206577192312,0.554368260121224,TRUE,0.981640852311147,4.24310889552739e-05,TRUE,0.153760360951687,0.845257405344269
"GOBP_LEUKOCYTE_MIGRATION","P4hb",3,3,TRUE,TRUE,FALSE,TRUE,1,FALSE,FALSE,TRUE,0.115284351089063,0.497160178747034,TRUE,0.987997498771379,6.04408681135889e-08,TRUE,0.137136963875077,0.528584259947901
"GOBP_LEUKOCYTE_MIGRATION","Pycard",3,3,TRUE,TRUE,FALSE,TRUE,1,FALSE,FALSE,TRUE,0.248790221495214,0.621156073177559,TRUE,1.88341482866933,4.3335305299106e-05,TRUE,0.680677032911383,0.206651393195141
"GOBP_LEUKOCYTE_MIGRATION","Rac2",3,3,TRUE,TRUE,FALSE,TRUE,1,FALSE,FALSE,TRUE,0.316936316465688,0.549031231481433,TRUE,1.92512039386563,4.75023126706594e-05,TRUE,0.334286882622882,0.853595333072462
"GOBP_LEUKOCYTE_MIGRATION","Ripk3",3,3,TRUE,TRUE,FALSE,TRUE,1,FALSE,FALSE,TRUE,0.252639955930937,0.658545725479609,TRUE,3.30774351765374,3.70796244425972e-44,TRUE,1.03939584419645,0.154294939826457
"GOBP_LEUKOCYTE_MIGRATION","Selplg",3,3,TRUE,TRUE,FALSE,TRUE,2,FALSE,FALSE,TRUE,0.599227245732758,0.229226187636995,TRUE,2.83008587136973,1.63734508609678e-08,TRUE,1.10182396744946,0.00175882644239974
"GOBP_LEUKOCYTE_MIGRATION","Serpine1",3,3,TRUE,TRUE,FALSE,TRUE,1,FALSE,FALSE,TRUE,0.356679704473783,0.58430105160132,TRUE,4.32003960854411,3.75906722659808e-20,TRUE,0.867036493565409,0.15293647170219
"GOBP_LEUKOCYTE_MIGRATION","Spi1",3,3,TRUE,TRUE,FALSE,TRUE,2,FALSE,FALSE,TRUE,0.231827238387176,0.377404760009199,TRUE,2.70498117793039,2.23000712632317e-08,TRUE,0.880614679226821,0.0101246949687062
"GOBP_LEUKOCYTE_MIGRATION","Syk",3,3,TRUE,TRUE,FALSE,TRUE,1,FALSE,FALSE,TRUE,0.503344358195588,0.396384730535913,TRUE,2.99962596123063,2.36489559882808e-06,TRUE,0.233382318055769,0.871532469677388
"GOBP_LEUKOCYTE_MIGRATION","Tgfb1",3,3,TRUE,TRUE,FALSE,TRUE,1,FALSE,FALSE,TRUE,0.352316809798448,0.325249018682096,TRUE,2.48294295045363,9.90696293843824e-16,TRUE,0.271883874258171,0.653831483433746
"GOBP_LEUKOCYTE_MIGRATION","Tnfaip6",3,3,TRUE,TRUE,FALSE,TRUE,1,FALSE,FALSE,TRUE,0.292878343189398,0.672749755223253,TRUE,1.66866268883242,0.000143100524705286,TRUE,1.20253707968559,0.207061127353635
"GOBP_LEUKOCYTE_MIGRATION","Vav1",3,3,TRUE,TRUE,FALSE,TRUE,1,FALSE,FALSE,TRUE,0.252612890391214,0.650713364158388,TRUE,3.09923927623352,1.51852487403079e-11,TRUE,0.690891631962553,0.192726522095418
"GOBP_LEUKOCYTE_PROLIFERATION","Cd180",3,3,TRUE,TRUE,FALSE,TRUE,2,TRUE,FALSE,TRUE,0.928469544011367,0.0477322758442387,TRUE,3.34054464435045,4.19037110794436e-09,TRUE,0.783702491174118,0.382701142670785
"GOBP_LEUKOCYTE_PROLIFERATION","Cd276",3,3,TRUE,TRUE,FALSE,TRUE,1,FALSE,FALSE,TRUE,0.155813693455661,0.494240570746554,TRUE,2.68295811954464,1.86484746716925e-26,TRUE,0.912116163581484,0.61587036570436
"GOBP_LEUKOCYTE_PROLIFERATION","Cd80",3,3,TRUE,TRUE,FALSE,TRUE,1,FALSE,FALSE,TRUE,0.664752398300911,0.14084322832029,TRUE,2.46574054249037,0.000337877256597884,TRUE,0.517813043747365,0.630079601111044
"GOBP_LEUKOCYTE_PROLIFERATION","Cdkn1a",3,3,TRUE,TRUE,FALSE,TRUE,3,TRUE,TRUE,TRUE,2.36554425602502,1.35357633394429e-34,TRUE,2.35564858769235,1.78933839512498e-18,TRUE,1.25275470167071,0.00116547161516769
"GOBP_LEUKOCYTE_PROLIFERATION","Clcf1",3,3,TRUE,TRUE,FALSE,TRUE,1,FALSE,FALSE,TRUE,0.380785126764215,0.507456244569033,TRUE,4.13566290771825,1.24970676670861e-26,TRUE,0.465798299822003,0.766052028621802
"GOBP_LEUKOCYTE_PROLIFERATION","Coro1a",3,3,TRUE,TRUE,FALSE,TRUE,1,FALSE,FALSE,TRUE,0.350825398046623,0.136677536818005,TRUE,1.50503697211496,0.00139265969245429,TRUE,0.199570200192326,0.625525038811018
"GOBP_LEUKOCYTE_PROLIFERATION","Csf1",3,3,TRUE,TRUE,FALSE,TRUE,3,TRUE,TRUE,TRUE,0.502968114960466,0.00266356540706981,TRUE,1.19180569407285,2.43141460557132e-05,TRUE,1.42952754285414,8.54054282303828e-07
"GOBP_LEUKOCYTE_PROLIFERATION","Ephb2",3,3,TRUE,TRUE,FALSE,TRUE,2,TRUE,FALSE,TRUE,0.572020751641617,0.0264766121358153,TRUE,1.42915570448895,5.27065260331292e-10,TRUE,0.26532150243207,0.536661356246787
"GOBP_LEUKOCYTE_PROLIFERATION","Fcgr3a",3,3,TRUE,TRUE,FALSE,TRUE,1,FALSE,FALSE,TRUE,0.499791340273772,0.433136613110795,TRUE,3.79881048558459,3.8983911764311e-11,TRUE,1.53687952190867,0.101128589312253
"GOBP_LEUKOCYTE_PROLIFERATION","Gpnmb",3,3,TRUE,TRUE,FALSE,TRUE,2,TRUE,FALSE,TRUE,1.30749025088736,7.06453560821637e-13,TRUE,6.32344292723089,5.02359500033231e-37,TRUE,0.201272387228478,0.769711122156457
"GOBP_LEUKOCYTE_PROLIFERATION","Lilrb4",3,3,TRUE,TRUE,FALSE,TRUE,1,FALSE,FALSE,TRUE,0.941798948455948,0.0922806887603967,TRUE,5.92588608419731,1.19920620782426e-10,TRUE,0.571424156002891,0.781521253309124
"GOBP_LEUKOCYTE_PROLIFERATION","Lyn",3,3,TRUE,TRUE,FALSE,TRUE,1,FALSE,FALSE,TRUE,0.223509764937926,0.490142085956127,TRUE,2.0120269595302,3.81981511615045e-08,TRUE,0.587385518008491,0.0511607209227901
"GOBP_LEUKOCYTE_PROLIFERATION","Myd88",3,3,TRUE,TRUE,FALSE,TRUE,1,FALSE,FALSE,TRUE,0.160206577192312,0.554368260121224,TRUE,0.981640852311147,4.24310889552739e-05,TRUE,0.153760360951687,0.845257405344269
"GOBP_LEUKOCYTE_PROLIFERATION","Pnp",3,3,TRUE,TRUE,FALSE,TRUE,1,FALSE,FALSE,TRUE,0.210766504220009,0.237268148131174,TRUE,1.2606493226535,4.79061121097659e-08,TRUE,0.410535855788382,0.120347810483469
"GOBP_LEUKOCYTE_PROLIFERATION","Ptpn6",3,3,TRUE,TRUE,FALSE,TRUE,1,FALSE,FALSE,TRUE,0.287205850094709,0.553774801059526,TRUE,1.98203183621216,1.06186485618229e-09,TRUE,0.371019040084565,0.513464940390957
"GOBP_LEUKOCYTE_PROLIFERATION","Ptprc",3,3,TRUE,TRUE,FALSE,TRUE,1,FALSE,FALSE,TRUE,0.5919563991021,0.250252196802151,TRUE,1.91670613521538,5.7654628836785e-06,TRUE,0.518307903432168,0.101624983605367
"GOBP_LEUKOCYTE_PROLIFERATION","Rac2",3,3,TRUE,TRUE,FALSE,TRUE,1,FALSE,FALSE,TRUE,0.316936316465688,0.549031231481433,TRUE,1.92512039386563,4.75023126706594e-05,TRUE,0.334286882622882,0.853595333072462
"GOBP_LEUKOCYTE_PROLIFERATION","Tgfb1",3,3,TRUE,TRUE,FALSE,TRUE,1,FALSE,FALSE,TRUE,0.352316809798448,0.325249018682096,TRUE,2.48294295045363,9.90696293843824e-16,TRUE,0.271883874258171,0.653831483433746
"GOBP_LEUKOCYTE_PROLIFERATION","Tnfrsf1b",3,3,TRUE,TRUE,FALSE,TRUE,1,FALSE,FALSE,TRUE,0.267272159554668,0.509379913049287,TRUE,1.50470562292304,7.12442531553175e-05,TRUE,0.508146320436365,0.415506032246073
"GOBP_LIPOPOLYSACCHARIDE_MEDIATED_SIGNALING_PATHWAY","Cd180",3,3,TRUE,TRUE,FALSE,TRUE,2,TRUE,FALSE,TRUE,0.928469544011367,0.0477322758442387,TRUE,3.34054464435045,4.19037110794436e-09,TRUE,0.783702491174118,0.382701142670785
"GOBP_LIPOPOLYSACCHARIDE_MEDIATED_SIGNALING_PATHWAY","Hck",3,3,TRUE,TRUE,FALSE,TRUE,1,FALSE,FALSE,TRUE,0.315056483473932,0.12356364451052,TRUE,4.22136449953663,7.19910221439481e-38,TRUE,0.278580063811414,0.796916524427636
"GOBP_LIPOPOLYSACCHARIDE_MEDIATED_SIGNALING_PATHWAY","Irak3",3,3,TRUE,TRUE,FALSE,TRUE,2,TRUE,FALSE,TRUE,0.631941891439005,0.00155976019701832,TRUE,0.878125867520487,6.57638099719961e-05,TRUE,0.245044844928754,0.522132434794
"GOBP_LIPOPOLYSACCHARIDE_MEDIATED_SIGNALING_PATHWAY","Irak4",3,3,TRUE,TRUE,FALSE,TRUE,1,FALSE,FALSE,TRUE,0.173713394292799,0.581028017851585,TRUE,1.02413630910348,6.61193896357856e-06,TRUE,0.292135630147656,0.451719993322515
"GOBP_LIPOPOLYSACCHARIDE_MEDIATED_SIGNALING_PATHWAY","Lyn",3,3,TRUE,TRUE,FALSE,TRUE,1,FALSE,FALSE,TRUE,0.223509764937926,0.490142085956127,TRUE,2.0120269595302,3.81981511615045e-08,TRUE,0.587385518008491,0.0511607209227901
"GOBP_LIPOPOLYSACCHARIDE_MEDIATED_SIGNALING_PATHWAY","Myd88",3,3,TRUE,TRUE,FALSE,TRUE,1,FALSE,FALSE,TRUE,0.160206577192312,0.554368260121224,TRUE,0.981640852311147,4.24310889552739e-05,TRUE,0.153760360951687,0.845257405344269
"GOBP_LIPOPOLYSACCHARIDE_MEDIATED_SIGNALING_PATHWAY","Ptpn6",3,3,TRUE,TRUE,FALSE,TRUE,1,FALSE,FALSE,TRUE,0.287205850094709,0.553774801059526,TRUE,1.98203183621216,1.06186485618229e-09,TRUE,0.371019040084565,0.513464940390957
"GOBP_LIPOPOLYSACCHARIDE_MEDIATED_SIGNALING_PATHWAY","Smad3",3,3,TRUE,TRUE,FALSE,TRUE,1,FALSE,FALSE,TRUE,0.329349732552964,0.354211016396183,TRUE,0.564173737655669,0.0368376032638045,TRUE,0.143417339767875,0.937898968100881
"GOBP_LIPOPOLYSACCHARIDE_MEDIATED_SIGNALING_PATHWAY","Spi1",3,3,TRUE,TRUE,FALSE,TRUE,2,FALSE,FALSE,TRUE,0.231827238387176,0.377404760009199,TRUE,2.70498117793039,2.23000712632317e-08,TRUE,0.880614679226821,0.0101246949687062
"GOBP_LYMPHOCYTE_DIFFERENTIATION","Actb",3,3,TRUE,TRUE,FALSE,TRUE,1,FALSE,FALSE,TRUE,0.100562992682506,0.356707455199691,TRUE,0.510588998540199,0.00176676471652104,TRUE,0.0936330712420067,0.736634357713194
"GOBP_LYMPHOCYTE_DIFFERENTIATION","Axl",3,3,TRUE,TRUE,FALSE,TRUE,2,FALSE,FALSE,TRUE,0.339910356914286,0.122586397501279,TRUE,1.25553291486956,2.71583197139278e-07,TRUE,0.387996439091485,0.00280427365788733
"GOBP_LYMPHOCYTE_DIFFERENTIATION","Bcl3",3,3,TRUE,TRUE,FALSE,TRUE,2,FALSE,FALSE,TRUE,0.402414231968193,0.231590537214337,TRUE,1.84514765362038,4.15490542439594e-16,TRUE,1.30208899692276,3.71058910103766e-06
"GOBP_LYMPHOCYTE_DIFFERENTIATION","Blnk",3,3,TRUE,TRUE,FALSE,TRUE,1,FALSE,FALSE,TRUE,0.470619078246013,0.234952671999213,TRUE,3.83531001540645,2.23433763535677e-16,TRUE,0.802617663262608,0.229141878511167
"GOBP_LYMPHOCYTE_DIFFERENTIATION","Brd4",3,3,TRUE,TRUE,FALSE,TRUE,1,FALSE,FALSE,TRUE,0.118867485815696,0.527086952949651,TRUE,0.481200351442841,0.0148592223152972,TRUE,0.194790797287945,0.573351626995194
"GOBP_LYMPHOCYTE_DIFFERENTIATION","Card11",3,3,TRUE,TRUE,FALSE,TRUE,1,FALSE,FALSE,TRUE,0.421669276017431,0.333026469662277,TRUE,1.28497708256439,0.0349091435484314,TRUE,0.622905163734403,0.338580434987131
"GOBP_LYMPHOCYTE_DIFFERENTIATION","Cd80",3,3,TRUE,TRUE,FALSE,TRUE,1,FALSE,FALSE,TRUE,0.664752398300911,0.14084322832029,TRUE,2.46574054249037,0.000337877256597884,TRUE,0.517813043747365,0.630079601111044
"GOBP_LYMPHOCYTE_DIFFERENTIATION","Clcf1",3,3,TRUE,TRUE,FALSE,TRUE,1,FALSE,FALSE,TRUE,0.380785126764215,0.507456244569033,TRUE,4.13566290771825,1.24970676670861e-26,TRUE,0.465798299822003,0.766052028621802
"GOBP_LYMPHOCYTE_DIFFERENTIATION","Dusp10",3,3,TRUE,TRUE,FALSE,TRUE,1,FALSE,FALSE,TRUE,0.268498030278965,0.498952870455321,TRUE,2.75959237781112,2.35675928486731e-10,TRUE,0.31796622672043,0.472074502780716
"GOBP_LYMPHOCYTE_DIFFERENTIATION","Egr1",3,3,TRUE,TRUE,FALSE,TRUE,1,FALSE,FALSE,TRUE,0.349773964325848,0.541819370816122,TRUE,0.897984574084595,0.0110919967286632,TRUE,0.450415341734724,0.719875924307166
"GOBP_LYMPHOCYTE_DIFFERENTIATION","Ezh2",3,3,TRUE,TRUE,FALSE,TRUE,2,TRUE,FALSE,TRUE,0.459608539621235,0.0158725931162708,TRUE,1.37909682756798,3.10003711550863e-07,TRUE,0.57062246515141,0.125882713079947
"GOBP_LYMPHOCYTE_DIFFERENTIATION","Ikzf1",3,3,TRUE,TRUE,FALSE,TRUE,1,FALSE,FALSE,TRUE,0.648391096725596,0.396429941493081,TRUE,1.68465479606859,0.0127444437367348,TRUE,0.43556041283318,0.548308843082872
"GOBP_LYMPHOCYTE_DIFFERENTIATION","Jak3",3,3,TRUE,TRUE,FALSE,TRUE,2,TRUE,FALSE,TRUE,0.427396542194848,0.04135677874079,TRUE,1.87900751214862,2.06258540474854e-05,TRUE,0.23450615099792,0.740805895320039
"GOBP_LYMPHOCYTE_DIFFERENTIATION","Kdelr1",3,3,TRUE,TRUE,FALSE,TRUE,1,FALSE,FALSE,TRUE,0.178658514316483,0.40566373337657,TRUE,0.788829995608353,0.000705188850754386,TRUE,0.155511044913022,0.668982616175829
"GOBP_LYMPHOCYTE_DIFFERENTIATION","Lilrb4",3,3,TRUE,TRUE,FALSE,TRUE,1,FALSE,FALSE,TRUE,0.941798948455948,0.0922806887603967,TRUE,5.92588608419731,1.19920620782426e-10,TRUE,0.571424156002891,0.781521253309124
"GOBP_LYMPHOCYTE_DIFFERENTIATION","Nfam1",3,3,TRUE,TRUE,FALSE,TRUE,1,FALSE,FALSE,TRUE,0.484213271703586,0.0781408711177233,TRUE,3.71421188425343,6.19716566531939e-11,TRUE,0.351253084476359,0.501902609722221
"GOBP_LYMPHOCYTE_DIFFERENTIATION","Pnp",3,3,TRUE,TRUE,FALSE,TRUE,1,FALSE,FALSE,TRUE,0.210766504220009,0.237268148131174,TRUE,1.2606493226535,4.79061121097659e-08,TRUE,0.410535855788382,0.120347810483469
"GOBP_LYMPHOCYTE_DIFFERENTIATION","Ptpn6",3,3,TRUE,TRUE,FALSE,TRUE,1,FALSE,FALSE,TRUE,0.287205850094709,0.553774801059526,TRUE,1.98203183621216,1.06186485618229e-09,TRUE,0.371019040084565,0.513464940390957
"GOBP_LYMPHOCYTE_DIFFERENTIATION","Ptprc",3,3,TRUE,TRUE,FALSE,TRUE,1,FALSE,FALSE,TRUE,0.5919563991021,0.250252196802151,TRUE,1.91670613521538,5.7654628836785e-06,TRUE,0.518307903432168,0.101624983605367
"GOBP_LYMPHOCYTE_DIFFERENTIATION","Ripk3",3,3,TRUE,TRUE,FALSE,TRUE,1,FALSE,FALSE,TRUE,0.252639955930937,0.658545725479609,TRUE,3.30774351765374,3.70796244425972e-44,TRUE,1.03939584419645,0.154294939826457
"GOBP_LYMPHOCYTE_DIFFERENTIATION","Runx2",3,3,TRUE,TRUE,FALSE,TRUE,1,FALSE,FALSE,TRUE,0.359561477597588,0.430837910826906,TRUE,5.251093930075,7.37767100971967e-59,TRUE,0.596516024440284,0.082698230681751
"GOBP_LYMPHOCYTE_DIFFERENTIATION","Spi1",3,3,TRUE,TRUE,FALSE,TRUE,2,FALSE,FALSE,TRUE,0.231827238387176,0.377404760009199,TRUE,2.70498117793039,2.23000712632317e-08,TRUE,0.880614679226821,0.0101246949687062
"GOBP_LYMPHOCYTE_DIFFERENTIATION","Syk",3,3,TRUE,TRUE,FALSE,TRUE,1,FALSE,FALSE,TRUE,0.503344358195588,0.396384730535913,TRUE,2.99962596123063,2.36489559882808e-06,TRUE,0.233382318055769,0.871532469677388
"GOBP_LYMPHOCYTE_DIFFERENTIATION","Tcf7",3,3,TRUE,TRUE,FALSE,TRUE,1,FALSE,FALSE,TRUE,0.332497092092096,0.45683791798177,TRUE,1.1153445830015,0.000448342120880688,TRUE,0.492992598513804,0.874152472770845
"GOBP_LYMPHOCYTE_DIFFERENTIATION","Tgfb1",3,3,TRUE,TRUE,FALSE,TRUE,1,FALSE,FALSE,TRUE,0.352316809798448,0.325249018682096,TRUE,2.48294295045363,9.90696293843824e-16,TRUE,0.271883874258171,0.653831483433746
"GOBP_LYMPHOCYTE_DIFFERENTIATION","Tmem98",3,3,TRUE,TRUE,FALSE,TRUE,1,FALSE,FALSE,TRUE,0.226972142394356,0.491026454462516,TRUE,1.41564349845744,0.000566959845354285,TRUE,0.641817004231271,0.0788026192019849
"GOBP_LYMPHOCYTE_DIFFERENTIATION","Vav1",3,3,TRUE,TRUE,FALSE,TRUE,1,FALSE,FALSE,TRUE,0.252612890391214,0.650713364158388,TRUE,3.09923927623352,1.51852487403079e-11,TRUE,0.690891631962553,0.192726522095418
"GOBP_MEMBRANE_INVAGINATION","Itgb2",3,3,TRUE,TRUE,FALSE,TRUE,1,FALSE,FALSE,TRUE,0.577655265399382,0.160586698777614,TRUE,4.2106302715265,4.81085137874971e-20,TRUE,1.06224267673307,0.0717152126730221
"GOBP_MEMBRANE_INVAGINATION","Plk1",3,3,TRUE,TRUE,FALSE,TRUE,2,TRUE,FALSE,TRUE,0.971020830346437,0.021087479103544,TRUE,2.74791972559114,1.14749108558847e-07,TRUE,0.505879641801392,0.573351626995194
"GOBP_MONONUCLEAR_CELL_DIFFERENTIATION","Actb",3,3,TRUE,TRUE,FALSE,TRUE,1,FALSE,FALSE,TRUE,0.100562992682506,0.356707455199691,TRUE,0.510588998540199,0.00176676471652104,TRUE,0.0936330712420067,0.736634357713194
"GOBP_MONONUCLEAR_CELL_DIFFERENTIATION","Axl",3,3,TRUE,TRUE,FALSE,TRUE,2,FALSE,FALSE,TRUE,0.339910356914286,0.122586397501279,TRUE,1.25553291486956,2.71583197139278e-07,TRUE,0.387996439091485,0.00280427365788733
"GOBP_MONONUCLEAR_CELL_DIFFERENTIATION","Bcl3",3,3,TRUE,TRUE,FALSE,TRUE,2,FALSE,FALSE,TRUE,0.402414231968193,0.231590537214337,TRUE,1.84514765362038,4.15490542439594e-16,TRUE,1.30208899692276,3.71058910103766e-06
"GOBP_MONONUCLEAR_CELL_DIFFERENTIATION","Blnk",3,3,TRUE,TRUE,FALSE,TRUE,1,FALSE,FALSE,TRUE,0.470619078246013,0.234952671999213,TRUE,3.83531001540645,2.23433763535677e-16,TRUE,0.802617663262608,0.229141878511167
"GOBP_MONONUCLEAR_CELL_DIFFERENTIATION","Brd4",3,3,TRUE,TRUE,FALSE,TRUE,1,FALSE,FALSE,TRUE,0.118867485815696,0.527086952949651,TRUE,0.481200351442841,0.0148592223152972,TRUE,0.194790797287945,0.573351626995194
"GOBP_MONONUCLEAR_CELL_DIFFERENTIATION","Card11",3,3,TRUE,TRUE,FALSE,TRUE,1,FALSE,FALSE,TRUE,0.421669276017431,0.333026469662277,TRUE,1.28497708256439,0.0349091435484314,TRUE,0.622905163734403,0.338580434987131
"GOBP_MONONUCLEAR_CELL_DIFFERENTIATION","Cd80",3,3,TRUE,TRUE,FALSE,TRUE,1,FALSE,FALSE,TRUE,0.664752398300911,0.14084322832029,TRUE,2.46574054249037,0.000337877256597884,TRUE,0.517813043747365,0.630079601111044
"GOBP_MONONUCLEAR_CELL_DIFFERENTIATION","Cebpa",3,3,TRUE,TRUE,FALSE,TRUE,1,FALSE,FALSE,TRUE,0.2081021233382,0.622589072935499,TRUE,2.98546067492836,1.0631313430875e-13,TRUE,0.892092081909043,0.270264083793844
"GOBP_MONONUCLEAR_CELL_DIFFERENTIATION","Clcf1",3,3,TRUE,TRUE,FALSE,TRUE,1,FALSE,FALSE,TRUE,0.380785126764215,0.507456244569033,TRUE,4.13566290771825,1.24970676670861e-26,TRUE,0.465798299822003,0.766052028621802
"GOBP_MONONUCLEAR_CELL_DIFFERENTIATION","Csf1",3,3,TRUE,TRUE,FALSE,TRUE,3,TRUE,TRUE,TRUE,0.502968114960466,0.00266356540706981,TRUE,1.19180569407285,2.43141460557132e-05,TRUE,1.42952754285414,8.54054282303828e-07
"GOBP_MONONUCLEAR_CELL_DIFFERENTIATION","Diaph3",3,3,TRUE,TRUE,FALSE,TRUE,1,FALSE,FALSE,TRUE,0.261615066910819,0.556731636331725,TRUE,2.96106573102979,5.58129870462944e-08,TRUE,0.266154072340622,0.752124735423771
"GOBP_MONONUCLEAR_CELL_DIFFERENTIATION","Dusp10",3,3,TRUE,TRUE,FALSE,TRUE,1,FALSE,FALSE,TRUE,0.268498030278965,0.498952870455321,TRUE,2.75959237781112,2.35675928486731e-10,TRUE,0.31796622672043,0.472074502780716
"GOBP_MONONUCLEAR_CELL_DIFFERENTIATION","Egr1",3,3,TRUE,TRUE,FALSE,TRUE,1,FALSE,FALSE,TRUE,0.349773964325848,0.541819370816122,TRUE,0.897984574084595,0.0110919967286632,TRUE,0.450415341734724,0.719875924307166
"GOBP_MONONUCLEAR_CELL_DIFFERENTIATION","Ezh2",3,3,TRUE,TRUE,FALSE,TRUE,2,TRUE,FALSE,TRUE,0.459608539621235,0.0158725931162708,TRUE,1.37909682756798,3.10003711550863e-07,TRUE,0.57062246515141,0.125882713079947
"GOBP_MONONUCLEAR_CELL_DIFFERENTIATION","Fos",3,3,TRUE,TRUE,FALSE,TRUE,1,FALSE,FALSE,TRUE,0.405442099828993,0.536431739122925,TRUE,2.52304594279879,3.02272530391151e-09,TRUE,0.677909207060348,0.871532469677388
"GOBP_MONONUCLEAR_CELL_DIFFERENTIATION","Ikzf1",3,3,TRUE,TRUE,FALSE,TRUE,1,FALSE,FALSE,TRUE,0.648391096725596,0.396429941493081,TRUE,1.68465479606859,0.0127444437367348,TRUE,0.43556041283318,0.548308843082872
"GOBP_MONONUCLEAR_CELL_DIFFERENTIATION","Jak3",3,3,TRUE,TRUE,FALSE,TRUE,2,TRUE,FALSE,TRUE,0.427396542194848,0.04135677874079,TRUE,1.87900751214862,2.06258540474854e-05,TRUE,0.23450615099792,0.740805895320039
"GOBP_MONONUCLEAR_CELL_DIFFERENTIATION","Kdelr1",3,3,TRUE,TRUE,FALSE,TRUE,1,FALSE,FALSE,TRUE,0.178658514316483,0.40566373337657,TRUE,0.788829995608353,0.000705188850754386,TRUE,0.155511044913022,0.668982616175829
"GOBP_MONONUCLEAR_CELL_DIFFERENTIATION","Lilrb4",3,3,TRUE,TRUE,FALSE,TRUE,1,FALSE,FALSE,TRUE,0.941798948455948,0.0922806887603967,TRUE,5.92588608419731,1.19920620782426e-10,TRUE,0.571424156002891,0.781521253309124
"GOBP_MONONUCLEAR_CELL_DIFFERENTIATION","Lyn",3,3,TRUE,TRUE,FALSE,TRUE,1,FALSE,FALSE,TRUE,0.223509764937926,0.490142085956127,TRUE,2.0120269595302,3.81981511615045e-08,TRUE,0.587385518008491,0.0511607209227901
"GOBP_MONONUCLEAR_CELL_DIFFERENTIATION","Mnda",3,3,TRUE,TRUE,FALSE,TRUE,1,FALSE,FALSE,TRUE,0.417608355899685,0.326485549650622,TRUE,1.57862229294173,0.0177570728745022,TRUE,0.29329723677737,0.863965467866178
"GOBP_MONONUCLEAR_CELL_DIFFERENTIATION","Myd88",3,3,TRUE,TRUE,FALSE,TRUE,1,FALSE,FALSE,TRUE,0.160206577192312,0.554368260121224,TRUE,0.981640852311147,4.24310889552739e-05,TRUE,0.153760360951687,0.845257405344269
"GOBP_MONONUCLEAR_CELL_DIFFERENTIATION","Nfam1",3,3,TRUE,TRUE,FALSE,TRUE,1,FALSE,FALSE,TRUE,0.484213271703586,0.0781408711177233,TRUE,3.71421188425343,6.19716566531939e-11,TRUE,0.351253084476359,0.501902609722221
"GOBP_MONONUCLEAR_CELL_DIFFERENTIATION","Pnp",3,3,TRUE,TRUE,FALSE,TRUE,1,FALSE,FALSE,TRUE,0.210766504220009,0.237268148131174,TRUE,1.2606493226535,4.79061121097659e-08,TRUE,0.410535855788382,0.120347810483469
"GOBP_MONONUCLEAR_CELL_DIFFERENTIATION","Ptpn6",3,3,TRUE,TRUE,FALSE,TRUE,1,FALSE,FALSE,TRUE,0.287205850094709,0.553774801059526,TRUE,1.98203183621216,1.06186485618229e-09,TRUE,0.371019040084565,0.513464940390957
"GOBP_MONONUCLEAR_CELL_DIFFERENTIATION","Ptprc",3,3,TRUE,TRUE,FALSE,TRUE,1,FALSE,FALSE,TRUE,0.5919563991021,0.250252196802151,TRUE,1.91670613521538,5.7654628836785e-06,TRUE,0.518307903432168,0.101624983605367
"GOBP_MONONUCLEAR_CELL_DIFFERENTIATION","Ripk1",3,3,TRUE,TRUE,FALSE,TRUE,1,FALSE,FALSE,TRUE,0.131782078434304,0.571135678311265,TRUE,0.577728812909235,0.0122194190236521,TRUE,0.117728101900915,0.874152472770845
"GOBP_MONONUCLEAR_CELL_DIFFERENTIATION","Ripk3",3,3,TRUE,TRUE,FALSE,TRUE,1,FALSE,FALSE,TRUE,0.252639955930937,0.658545725479609,TRUE,3.30774351765374,3.70796244425972e-44,TRUE,1.03939584419645,0.154294939826457
"GOBP_MONONUCLEAR_CELL_DIFFERENTIATION","Runx2",3,3,TRUE,TRUE,FALSE,TRUE,1,FALSE,FALSE,TRUE,0.359561477597588,0.430837910826906,TRUE,5.251093930075,7.37767100971967e-59,TRUE,0.596516024440284,0.082698230681751
"GOBP_MONONUCLEAR_CELL_DIFFERENTIATION","Spi1",3,3,TRUE,TRUE,FALSE,TRUE,2,FALSE,FALSE,TRUE,0.231827238387176,0.377404760009199,TRUE,2.70498117793039,2.23000712632317e-08,TRUE,0.880614679226821,0.0101246949687062
"GOBP_MONONUCLEAR_CELL_DIFFERENTIATION","Syk",3,3,TRUE,TRUE,FALSE,TRUE,1,FALSE,FALSE,TRUE,0.503344358195588,0.396384730535913,TRUE,2.99962596123063,2.36489559882808e-06,TRUE,0.233382318055769,0.871532469677388
"GOBP_MONONUCLEAR_CELL_DIFFERENTIATION","Tcf7",3,3,TRUE,TRUE,FALSE,TRUE,1,FALSE,FALSE,TRUE,0.332497092092096,0.45683791798177,TRUE,1.1153445830015,0.000448342120880688,TRUE,0.492992598513804,0.874152472770845
"GOBP_MONONUCLEAR_CELL_DIFFERENTIATION","Tgfb1",3,3,TRUE,TRUE,FALSE,TRUE,1,FALSE,FALSE,TRUE,0.352316809798448,0.325249018682096,TRUE,2.48294295045363,9.90696293843824e-16,TRUE,0.271883874258171,0.653831483433746
"GOBP_MONONUCLEAR_CELL_DIFFERENTIATION","Tmem98",3,3,TRUE,TRUE,FALSE,TRUE,1,FALSE,FALSE,TRUE,0.226972142394356,0.491026454462516,TRUE,1.41564349845744,0.000566959845354285,TRUE,0.641817004231271,0.0788026192019849
"GOBP_MONONUCLEAR_CELL_DIFFERENTIATION","Vav1",3,3,TRUE,TRUE,FALSE,TRUE,1,FALSE,FALSE,TRUE,0.252612890391214,0.650713364158388,TRUE,3.09923927623352,1.51852487403079e-11,TRUE,0.690891631962553,0.192726522095418
"GOBP_MONONUCLEAR_CELL_MIGRATION","C3ar1",3,3,TRUE,TRUE,FALSE,TRUE,1,FALSE,FALSE,TRUE,0.298463314290499,0.635991879632907,TRUE,2.58940423310367,0.00230146992138857,TRUE,0.386049264995178,0.648546792940027
"GOBP_MONONUCLEAR_CELL_MIGRATION","Ccl7",3,3,TRUE,TRUE,FALSE,TRUE,1,FALSE,FALSE,TRUE,0.470041827430481,0.452241100400049,TRUE,2.39117372654952,0.000574738283827093,TRUE,0.930015713260818,0.703243903618601
"GOBP_MONONUCLEAR_CELL_MIGRATION","Csf1",3,3,TRUE,TRUE,FALSE,TRUE,3,TRUE,TRUE,TRUE,0.502968114960466,0.00266356540706981,TRUE,1.19180569407285,2.43141460557132e-05,TRUE,1.42952754285414,8.54054282303828e-07
"GOBP_MONONUCLEAR_CELL_MIGRATION","Folr2",3,3,TRUE,TRUE,FALSE,TRUE,1,FALSE,FALSE,TRUE,0.222072401518169,0.554596212664659,TRUE,4.03005110421285,2.23336233097948e-13,TRUE,0.588667227377215,0.635347309221944
"GOBP_MONONUCLEAR_CELL_MIGRATION","Icam1",3,3,TRUE,TRUE,FALSE,TRUE,2,TRUE,FALSE,TRUE,0.823176340057854,0.000718966158848219,TRUE,1.31157277268251,4.25281416532404e-07,TRUE,0.252813131824194,0.810368161592969
"GOBP_MONONUCLEAR_CELL_MIGRATION","Itgal",3,3,TRUE,TRUE,FALSE,TRUE,3,TRUE,TRUE,TRUE,0.5158130786856,0.0491571447728293,TRUE,3.64924398307014,1.21535031663699e-12,TRUE,0.722344944598314,0.00812363107736976
"GOBP_MONONUCLEAR_CELL_MIGRATION","Lrp12",3,3,TRUE,TRUE,FALSE,TRUE,1,FALSE,FALSE,TRUE,0.133285531669464,0.663938165193246,TRUE,1.61953778438231,3.27237722910842e-12,TRUE,0.367006614354661,0.159011782772906
"GOBP_MONONUCLEAR_CELL_MIGRATION","Lyn",3,3,TRUE,TRUE,FALSE,TRUE,1,FALSE,FALSE,TRUE,0.223509764937926,0.490142085956127,TRUE,2.0120269595302,3.81981511615045e-08,TRUE,0.587385518008491,0.0511607209227901
"GOBP_MONONUCLEAR_CELL_MIGRATION","P4hb",3,3,TRUE,TRUE,FALSE,TRUE,1,FALSE,FALSE,TRUE,0.115284351089063,0.497160178747034,TRUE,0.987997498771379,6.04408681135889e-08,TRUE,0.137136963875077,0.528584259947901
"GOBP_MONONUCLEAR_CELL_MIGRATION","Pycard",3,3,TRUE,TRUE,FALSE,TRUE,1,FALSE,FALSE,TRUE,0.248790221495214,0.621156073177559,TRUE,1.88341482866933,4.3335305299106e-05,TRUE,0.680677032911383,0.206651393195141
"GOBP_MONONUCLEAR_CELL_MIGRATION","Ripk3",3,3,TRUE,TRUE,FALSE,TRUE,1,FALSE,FALSE,TRUE,0.252639955930937,0.658545725479609,TRUE,3.30774351765374,3.70796244425972e-44,TRUE,1.03939584419645,0.154294939826457
"GOBP_MONONUCLEAR_CELL_MIGRATION","Serpine1",3,3,TRUE,TRUE,FALSE,TRUE,1,FALSE,FALSE,TRUE,0.356679704473783,0.58430105160132,TRUE,4.32003960854411,3.75906722659808e-20,TRUE,0.867036493565409,0.15293647170219
"GOBP_MONONUCLEAR_CELL_MIGRATION","Spi1",3,3,TRUE,TRUE,FALSE,TRUE,2,FALSE,FALSE,TRUE,0.231827238387176,0.377404760009199,TRUE,2.70498117793039,2.23000712632317e-08,TRUE,0.880614679226821,0.0101246949687062
"GOBP_MONONUCLEAR_CELL_MIGRATION","Tgfb1",3,3,TRUE,TRUE,FALSE,TRUE,1,FALSE,FALSE,TRUE,0.352316809798448,0.325249018682096,TRUE,2.48294295045363,9.90696293843824e-16,TRUE,0.271883874258171,0.653831483433746
"GOBP_MUSCLE_CELL_PROLIFERATION","Cdk1",3,3,TRUE,TRUE,FALSE,TRUE,2,TRUE,FALSE,TRUE,1.12068672133653,7.34103794587928e-05,TRUE,3.02506690713131,0.000876838118250431,TRUE,0.455243030401625,0.893751009734315
"GOBP_MUSCLE_CELL_PROLIFERATION","Cdkn1a",3,3,TRUE,TRUE,FALSE,TRUE,3,TRUE,TRUE,TRUE,2.36554425602502,1.35357633394429e-34,TRUE,2.35564858769235,1.78933839512498e-18,TRUE,1.25275470167071,0.00116547161516769
"GOBP_MUSCLE_CELL_PROLIFERATION","Dnmt1",3,3,TRUE,TRUE,FALSE,TRUE,1,FALSE,FALSE,TRUE,0.318099461962433,0.0610060215436624,TRUE,1.50608175085636,1.12727376194671e-08,TRUE,0.115330008434497,0.893751009734315
"GOBP_MUSCLE_CELL_PROLIFERATION","Efemp2",3,3,TRUE,TRUE,FALSE,TRUE,1,FALSE,FALSE,TRUE,0.256226190642072,0.403050753780993,TRUE,1.42074519449299,3.09993632158854e-05,TRUE,0.256736143450287,0.683178256379573
"GOBP_MUSCLE_CELL_PROLIFERATION","Tgfb1",3,3,TRUE,TRUE,FALSE,TRUE,1,FALSE,FALSE,TRUE,0.352316809798448,0.325249018682096,TRUE,2.48294295045363,9.90696293843824e-16,TRUE,0.271883874258171,0.653831483433746
"GOBP_MYELOID_CELL_DIFFERENTIATION","Csf1",3,3,TRUE,TRUE,FALSE,TRUE,3,TRUE,TRUE,TRUE,0.502968114960466,0.00266356540706981,TRUE,1.19180569407285,2.43141460557132e-05,TRUE,1.42952754285414,8.54054282303828e-07
"GOBP_MYELOID_CELL_DIFFERENTIATION","Diaph3",3,3,TRUE,TRUE,FALSE,TRUE,1,FALSE,FALSE,TRUE,0.261615066910819,0.556731636331725,TRUE,2.96106573102979,5.58129870462944e-08,TRUE,0.266154072340622,0.752124735423771
"GOBP_MYELOID_CELL_DIFFERENTIATION","Dyrk3",3,3,TRUE,TRUE,FALSE,TRUE,1,FALSE,FALSE,TRUE,0.334177386948806,0.470156076286257,TRUE,2.61575939068914,0.000345931180277319,TRUE,0.704812608596418,0.14869345981958
"GOBP_MYELOID_CELL_DIFFERENTIATION","Fos",3,3,TRUE,TRUE,FALSE,TRUE,1,FALSE,FALSE,TRUE,0.405442099828993,0.536431739122925,TRUE,2.52304594279879,3.02272530391151e-09,TRUE,0.677909207060348,0.871532469677388
"GOBP_MYELOID_CELL_DIFFERENTIATION","Hnrnpu",3,3,TRUE,TRUE,FALSE,TRUE,1,FALSE,FALSE,TRUE,0.0905600934820533,0.576695475695291,TRUE,0.46530352453464,0.00190741976654463,TRUE,0.148729071872435,0.750196195670421
"GOBP_MYELOID_CELL_DIFFERENTIATION","Ldb1",3,3,TRUE,TRUE,FALSE,TRUE,1,FALSE,FALSE,TRUE,0.174786794328405,0.205335303428991,TRUE,0.635363550498837,0.000246734301624511,TRUE,0.116054990705521,0.74594625528336
"GOBP_MYELOID_CELL_DIFFERENTIATION","Lilrb4",3,3,TRUE,TRUE,FALSE,TRUE,1,FALSE,FALSE,TRUE,0.941798948455948,0.0922806887603967,TRUE,5.92588608419731,1.19920620782426e-10,TRUE,0.571424156002891,0.781521253309124
"GOBP_MYELOID_CELL_DIFFERENTIATION","Lyn",3,3,TRUE,TRUE,FALSE,TRUE,1,FALSE,FALSE,TRUE,0.223509764937926,0.490142085956127,TRUE,2.0120269595302,3.81981511615045e-08,TRUE,0.587385518008491,0.0511607209227901
"GOBP_MYELOID_CELL_DIFFERENTIATION","Myd88",3,3,TRUE,TRUE,FALSE,TRUE,1,FALSE,FALSE,TRUE,0.160206577192312,0.554368260121224,TRUE,0.981640852311147,4.24310889552739e-05,TRUE,0.153760360951687,0.845257405344269
"GOBP_MYELOID_CELL_DIFFERENTIATION","Ptpn6",3,3,TRUE,TRUE,FALSE,TRUE,1,FALSE,FALSE,TRUE,0.287205850094709,0.553774801059526,TRUE,1.98203183621216,1.06186485618229e-09,TRUE,0.371019040084565,0.513464940390957
"GOBP_MYELOID_CELL_DIFFERENTIATION","Rac2",3,3,TRUE,TRUE,FALSE,TRUE,1,FALSE,FALSE,TRUE,0.316936316465688,0.549031231481433,TRUE,1.92512039386563,4.75023126706594e-05,TRUE,0.334286882622882,0.853595333072462
"GOBP_MYELOID_CELL_DIFFERENTIATION","Sbno2",3,3,TRUE,TRUE,FALSE,TRUE,2,FALSE,FALSE,TRUE,0.252439224652278,0.252895905452963,TRUE,1.8075591588866,5.70646436094297e-21,TRUE,0.813138251418489,0.00113348287894191
"GOBP_MYELOID_CELL_DIFFERENTIATION","Sh2b3",3,3,TRUE,TRUE,FALSE,TRUE,1,FALSE,FALSE,TRUE,0.477640137160019,0.0509325912380756,TRUE,1.10032536365425,8.25873509875986e-12,TRUE,0.156896652530841,0.836957343412793
"GOBP_MYELOID_CELL_DIFFERENTIATION","Spi1",3,3,TRUE,TRUE,FALSE,TRUE,2,FALSE,FALSE,TRUE,0.231827238387176,0.377404760009199,TRUE,2.70498117793039,2.23000712632317e-08,TRUE,0.880614679226821,0.0101246949687062
"GOBP_MYELOID_CELL_DIFFERENTIATION","Tgfb1",3,3,TRUE,TRUE,FALSE,TRUE,1,FALSE,FALSE,TRUE,0.352316809798448,0.325249018682096,TRUE,2.48294295045363,9.90696293843824e-16,TRUE,0.271883874258171,0.653831483433746
"GOBP_MYELOID_CELL_DIFFERENTIATION","Tlr3",3,3,TRUE,TRUE,FALSE,TRUE,1,FALSE,FALSE,TRUE,0.284951915196595,0.494240570746554,TRUE,1.48259954257452,1.05336868344864e-06,TRUE,0.516350832659553,0.582604161676384
"GOBP_MYELOID_CELL_DIFFERENTIATION","Zfp36",3,3,TRUE,TRUE,FALSE,TRUE,1,FALSE,FALSE,TRUE,0.308226941801745,0.499249789714856,TRUE,0.69907971598608,0.000413161071176174,TRUE,0.596714716898732,0.102068151269284
"GOBP_MYELOID_CELL_HOMEOSTASIS","Axl",3,3,TRUE,TRUE,FALSE,TRUE,2,FALSE,FALSE,TRUE,0.339910356914286,0.122586397501279,TRUE,1.25553291486956,2.71583197139278e-07,TRUE,0.387996439091485,0.00280427365788733
"GOBP_MYELOID_CELL_HOMEOSTASIS","Diaph3",3,3,TRUE,TRUE,FALSE,TRUE,1,FALSE,FALSE,TRUE,0.261615066910819,0.556731636331725,TRUE,2.96106573102979,5.58129870462944e-08,TRUE,0.266154072340622,0.752124735423771
"GOBP_MYELOID_CELL_HOMEOSTASIS","Dyrk3",3,3,TRUE,TRUE,FALSE,TRUE,1,FALSE,FALSE,TRUE,0.334177386948806,0.470156076286257,TRUE,2.61575939068914,0.000345931180277319,TRUE,0.704812608596418,0.14869345981958
"GOBP_MYELOID_CELL_HOMEOSTASIS","Hcls1",3,3,TRUE,TRUE,FALSE,TRUE,1,FALSE,FALSE,TRUE,0.192493722280718,0.720817350116829,TRUE,2.24542702171103,1.29498992993259e-05,TRUE,0.600439164060383,0.174692767232295
"GOBP_MYELOID_CELL_HOMEOSTASIS","Hnrnpu",3,3,TRUE,TRUE,FALSE,TRUE,1,FALSE,FALSE,TRUE,0.0905600934820533,0.576695475695291,TRUE,0.46530352453464,0.00190741976654463,TRUE,0.148729071872435,0.750196195670421
"GOBP_MYELOID_CELL_HOMEOSTASIS","Ikzf1",3,3,TRUE,TRUE,FALSE,TRUE,1,FALSE,FALSE,TRUE,0.648391096725596,0.396429941493081,TRUE,1.68465479606859,0.0127444437367348,TRUE,0.43556041283318,0.548308843082872
"GOBP_MYELOID_CELL_HOMEOSTASIS","Ldb1",3,3,TRUE,TRUE,FALSE,TRUE,1,FALSE,FALSE,TRUE,0.174786794328405,0.205335303428991,TRUE,0.635363550498837,0.000246734301624511,TRUE,0.116054990705521,0.74594625528336
"GOBP_MYELOID_CELL_HOMEOSTASIS","Lyn",3,3,TRUE,TRUE,FALSE,TRUE,1,FALSE,FALSE,TRUE,0.223509764937926,0.490142085956127,TRUE,2.0120269595302,3.81981511615045e-08,TRUE,0.587385518008491,0.0511607209227901
"GOBP_MYELOID_CELL_HOMEOSTASIS","Rac2",3,3,TRUE,TRUE,FALSE,TRUE,1,FALSE,FALSE,TRUE,0.316936316465688,0.549031231481433,TRUE,1.92512039386563,4.75023126706594e-05,TRUE,0.334286882622882,0.853595333072462
"GOBP_MYELOID_CELL_HOMEOSTASIS","Sh2b3",3,3,TRUE,TRUE,FALSE,TRUE,1,FALSE,FALSE,TRUE,0.477640137160019,0.0509325912380756,TRUE,1.10032536365425,8.25873509875986e-12,TRUE,0.156896652530841,0.836957343412793
"GOBP_MYELOID_CELL_HOMEOSTASIS","Spi1",3,3,TRUE,TRUE,FALSE,TRUE,2,FALSE,FALSE,TRUE,0.231827238387176,0.377404760009199,TRUE,2.70498117793039,2.23000712632317e-08,TRUE,0.880614679226821,0.0101246949687062
"GOBP_MYELOID_CELL_HOMEOSTASIS","Tmod3",3,3,TRUE,TRUE,FALSE,TRUE,1,FALSE,FALSE,TRUE,0.108137318042264,0.687209993395795,TRUE,0.955619007203532,1.66506050440011e-07,TRUE,0.156285460040035,0.684341863734458
"GOBP_MYELOID_CELL_HOMEOSTASIS","Zfp36",3,3,TRUE,TRUE,FALSE,TRUE,1,FALSE,FALSE,TRUE,0.308226941801745,0.499249789714856,TRUE,0.69907971598608,0.000413161071176174,TRUE,0.596714716898732,0.102068151269284
"GOBP_NEGATIVE_REGULATION_OF_ADAPTIVE_IMMUNE_RESPONSE","Cd80",3,3,TRUE,TRUE,FALSE,TRUE,1,FALSE,FALSE,TRUE,0.664752398300911,0.14084322832029,TRUE,2.46574054249037,0.000337877256597884,TRUE,0.517813043747365,0.630079601111044
"GOBP_NEGATIVE_REGULATION_OF_ADAPTIVE_IMMUNE_RESPONSE","Jak3",3,3,TRUE,TRUE,FALSE,TRUE,2,TRUE,FALSE,TRUE,0.427396542194848,0.04135677874079,TRUE,1.87900751214862,2.06258540474854e-05,TRUE,0.23450615099792,0.740805895320039
"GOBP_NEGATIVE_REGULATION_OF_ADAPTIVE_IMMUNE_RESPONSE","Lilrb4",3,3,TRUE,TRUE,FALSE,TRUE,1,FALSE,FALSE,TRUE,0.941798948455948,0.0922806887603967,TRUE,5.92588608419731,1.19920620782426e-10,TRUE,0.571424156002891,0.781521253309124
"GOBP_NEGATIVE_REGULATION_OF_ADAPTIVE_IMMUNE_RESPONSE","Ptpn6",3,3,TRUE,TRUE,FALSE,TRUE,1,FALSE,FALSE,TRUE,0.287205850094709,0.553774801059526,TRUE,1.98203183621216,1.06186485618229e-09,TRUE,0.371019040084565,0.513464940390957
"GOBP_NEGATIVE_REGULATION_OF_ADAPTIVE_IMMUNE_RESPONSE","Ptprc",3,3,TRUE,TRUE,FALSE,TRUE,1,FALSE,FALSE,TRUE,0.5919563991021,0.250252196802151,TRUE,1.91670613521538,5.7654628836785e-06,TRUE,0.518307903432168,0.101624983605367
"GOBP_NEGATIVE_REGULATION_OF_CELL_ACTIVATION","Axl",3,3,TRUE,TRUE,FALSE,TRUE,2,FALSE,FALSE,TRUE,0.339910356914286,0.122586397501279,TRUE,1.25553291486956,2.71583197139278e-07,TRUE,0.387996439091485,0.00280427365788733
"GOBP_NEGATIVE_REGULATION_OF_CELL_ACTIVATION","Cd37",3,3,TRUE,TRUE,FALSE,TRUE,1,FALSE,FALSE,TRUE,0.753806062061723,0.398907177840949,TRUE,2.31196389442472,2.17244076576351e-07,TRUE,0.465933335379044,0.675427642459795
"GOBP_NEGATIVE_REGULATION_OF_CELL_ACTIVATION","Cd80",3,3,TRUE,TRUE,FALSE,TRUE,1,FALSE,FALSE,TRUE,0.664752398300911,0.14084322832029,TRUE,2.46574054249037,0.000337877256597884,TRUE,0.517813043747365,0.630079601111044
"GOBP_NEGATIVE_REGULATION_OF_CELL_ACTIVATION","Csk",3,3,TRUE,TRUE,FALSE,TRUE,1,FALSE,FALSE,TRUE,0.183529259545052,0.220676821932357,TRUE,1.02347076407563,4.12515495268375e-07,TRUE,0.287772443173399,0.174330830297062
"GOBP_NEGATIVE_REGULATION_OF_CELL_ACTIVATION","Fgr",3,3,TRUE,TRUE,FALSE,TRUE,1,FALSE,FALSE,TRUE,0.515389051031006,0.28831460745267,TRUE,2.11824629636748,0.000138058358840273,TRUE,0.745661532096228,0.683178256379573
"GOBP_NEGATIVE_REGULATION_OF_CELL_ACTIVATION","Gpnmb",3,3,TRUE,TRUE,FALSE,TRUE,2,TRUE,FALSE,TRUE,1.30749025088736,7.06453560821637e-13,TRUE,6.32344292723089,5.02359500033231e-37,TRUE,0.201272387228478,0.769711122156457
"GOBP_NEGATIVE_REGULATION_OF_CELL_ACTIVATION","Grn",3,3,TRUE,TRUE,FALSE,TRUE,1,FALSE,FALSE,TRUE,0.154370419787912,0.276752836180741,TRUE,2.20917026840802,1.73609902356081e-11,TRUE,0.182033362612566,0.383219983777102
"GOBP_NEGATIVE_REGULATION_OF_CELL_ACTIVATION","Il20rb",3,3,TRUE,TRUE,FALSE,TRUE,1,FALSE,FALSE,TRUE,0.694443325587849,0.156570466056496,TRUE,2.27476768368237,9.67521453513748e-05,TRUE,0.818182138355068,0.898964978057007
"GOBP_NEGATIVE_REGULATION_OF_CELL_ACTIVATION","Jak3",3,3,TRUE,TRUE,FALSE,TRUE,2,TRUE,FALSE,TRUE,0.427396542194848,0.04135677874079,TRUE,1.87900751214862,2.06258540474854e-05,TRUE,0.23450615099792,0.740805895320039
"GOBP_NEGATIVE_REGULATION_OF_CELL_ACTIVATION","Lilrb4",3,3,TRUE,TRUE,FALSE,TRUE,1,FALSE,FALSE,TRUE,0.941798948455948,0.0922806887603967,TRUE,5.92588608419731,1.19920620782426e-10,TRUE,0.571424156002891,0.781521253309124
"GOBP_NEGATIVE_REGULATION_OF_CELL_ACTIVATION","Ptprc",3,3,TRUE,TRUE,FALSE,TRUE,1,FALSE,FALSE,TRUE,0.5919563991021,0.250252196802151,TRUE,1.91670613521538,5.7654628836785e-06,TRUE,0.518307903432168,0.101624983605367
"GOBP_NEGATIVE_REGULATION_OF_CELL_ACTIVATION","Sh2b3",3,3,TRUE,TRUE,FALSE,TRUE,1,FALSE,FALSE,TRUE,0.477640137160019,0.0509325912380756,TRUE,1.10032536365425,8.25873509875986e-12,TRUE,0.156896652530841,0.836957343412793
"GOBP_NEGATIVE_REGULATION_OF_CELL_ACTIVATION","Tgfb1",3,3,TRUE,TRUE,FALSE,TRUE,1,FALSE,FALSE,TRUE,0.352316809798448,0.325249018682096,TRUE,2.48294295045363,9.90696293843824e-16,TRUE,0.271883874258171,0.653831483433746
"GOBP_NEGATIVE_REGULATION_OF_CELL_ADHESION","Cd80",3,3,TRUE,TRUE,FALSE,TRUE,1,FALSE,FALSE,TRUE,0.664752398300911,0.14084322832029,TRUE,2.46574054249037,0.000337877256597884,TRUE,0.517813043747365,0.630079601111044
"GOBP_NEGATIVE_REGULATION_OF_CELL_ADHESION","Csk",3,3,TRUE,TRUE,FALSE,TRUE,1,FALSE,FALSE,TRUE,0.183529259545052,0.220676821932357,TRUE,1.02347076407563,4.12515495268375e-07,TRUE,0.287772443173399,0.174330830297062
"GOBP_NEGATIVE_REGULATION_OF_CELL_ADHESION","Ephb2",3,3,TRUE,TRUE,FALSE,TRUE,2,TRUE,FALSE,TRUE,0.572020751641617,0.0264766121358153,TRUE,1.42915570448895,5.27065260331292e-10,TRUE,0.26532150243207,0.536661356246787
"GOBP_NEGATIVE_REGULATION_OF_CELL_ADHESION","Erbb3",3,3,TRUE,TRUE,FALSE,TRUE,1,FALSE,FALSE,TRUE,0.259539027510469,0.182197853089065,TRUE,0.56915740786814,0.00259555716978898,TRUE,0.0899941718607924,0.842512990963945
"GOBP_NEGATIVE_REGULATION_OF_CELL_ADHESION","Fxyd5",3,3,TRUE,TRUE,FALSE,TRUE,2,FALSE,FALSE,TRUE,0.504372350547784,0.123442602588875,TRUE,2.63532050330051,4.25703083860357e-24,TRUE,1.46267308130952,1.51082341499967e-05
"GOBP_NEGATIVE_REGULATION_OF_CELL_ADHESION","Gpnmb",3,3,TRUE,TRUE,FALSE,TRUE,2,TRUE,FALSE,TRUE,1.30749025088736,7.06453560821637e-13,TRUE,6.32344292723089,5.02359500033231e-37,TRUE,0.201272387228478,0.769711122156457
"GOBP_NEGATIVE_REGULATION_OF_CELL_ADHESION","Jak3",3,3,TRUE,TRUE,FALSE,TRUE,2,TRUE,FALSE,TRUE,0.427396542194848,0.04135677874079,TRUE,1.87900751214862,2.06258540474854e-05,TRUE,0.23450615099792,0.740805895320039
"GOBP_NEGATIVE_REGULATION_OF_CELL_ADHESION","Lilrb4",3,3,TRUE,TRUE,FALSE,TRUE,1,FALSE,FALSE,TRUE,0.941798948455948,0.0922806887603967,TRUE,5.92588608419731,1.19920620782426e-10,TRUE,0.571424156002891,0.781521253309124
"GOBP_NEGATIVE_REGULATION_OF_CELL_ADHESION","Ptprc",3,3,TRUE,TRUE,FALSE,TRUE,1,FALSE,FALSE,TRUE,0.5919563991021,0.250252196802151,TRUE,1.91670613521538,5.7654628836785e-06,TRUE,0.518307903432168,0.101624983605367
"GOBP_NEGATIVE_REGULATION_OF_CELL_ADHESION","Sema6a",3,3,TRUE,TRUE,FALSE,TRUE,2,FALSE,FALSE,TRUE,0.20030509552587,0.403098249719092,TRUE,1.17806473193093,1.03099874768052e-06,TRUE,1.34204587707288,2.42912451161871e-08
"GOBP_NEGATIVE_REGULATION_OF_CELL_ADHESION","Sh2b3",3,3,TRUE,TRUE,FALSE,TRUE,1,FALSE,FALSE,TRUE,0.477640137160019,0.0509325912380756,TRUE,1.10032536365425,8.25873509875986e-12,TRUE,0.156896652530841,0.836957343412793
"GOBP_NEGATIVE_REGULATION_OF_CELL_ADHESION","Spi1",3,3,TRUE,TRUE,FALSE,TRUE,2,FALSE,FALSE,TRUE,0.231827238387176,0.377404760009199,TRUE,2.70498117793039,2.23000712632317e-08,TRUE,0.880614679226821,0.0101246949687062
"GOBP_NEGATIVE_REGULATION_OF_CELL_ADHESION","Tgfb1",3,3,TRUE,TRUE,FALSE,TRUE,1,FALSE,FALSE,TRUE,0.352316809798448,0.325249018682096,TRUE,2.48294295045363,9.90696293843824e-16,TRUE,0.271883874258171,0.653831483433746
"GOBP_NEGATIVE_REGULATION_OF_CELL_CELL_ADHESION","Cd80",3,3,TRUE,TRUE,FALSE,TRUE,1,FALSE,FALSE,TRUE,0.664752398300911,0.14084322832029,TRUE,2.46574054249037,0.000337877256597884,TRUE,0.517813043747365,0.630079601111044
"GOBP_NEGATIVE_REGULATION_OF_CELL_CELL_ADHESION","Csk",3,3,TRUE,TRUE,FALSE,TRUE,1,FALSE,FALSE,TRUE,0.183529259545052,0.220676821932357,TRUE,1.02347076407563,4.12515495268375e-07,TRUE,0.287772443173399,0.174330830297062
"GOBP_NEGATIVE_REGULATION_OF_CELL_CELL_ADHESION","Fxyd5",3,3,TRUE,TRUE,FALSE,TRUE,2,FALSE,FALSE,TRUE,0.504372350547784,0.123442602588875,TRUE,2.63532050330051,4.25703083860357e-24,TRUE,1.46267308130952,1.51082341499967e-05
"GOBP_NEGATIVE_REGULATION_OF_CELL_CELL_ADHESION","Gpnmb",3,3,TRUE,TRUE,FALSE,TRUE,2,TRUE,FALSE,TRUE,1.30749025088736,7.06453560821637e-13,TRUE,6.32344292723089,5.02359500033231e-37,TRUE,0.201272387228478,0.769711122156457
"GOBP_NEGATIVE_REGULATION_OF_CELL_CELL_ADHESION","Il20rb",3,3,TRUE,TRUE,FALSE,TRUE,1,FALSE,FALSE,TRUE,0.694443325587849,0.156570466056496,TRUE,2.27476768368237,9.67521453513748e-05,TRUE,0.818182138355068,0.898964978057007
"GOBP_NEGATIVE_REGULATION_OF_CELL_CELL_ADHESION","Jak3",3,3,TRUE,TRUE,FALSE,TRUE,2,TRUE,FALSE,TRUE,0.427396542194848,0.04135677874079,TRUE,1.87900751214862,2.06258540474854e-05,TRUE,0.23450615099792,0.740805895320039
"GOBP_NEGATIVE_REGULATION_OF_CELL_CELL_ADHESION","Lilrb4",3,3,TRUE,TRUE,FALSE,TRUE,1,FALSE,FALSE,TRUE,0.941798948455948,0.0922806887603967,TRUE,5.92588608419731,1.19920620782426e-10,TRUE,0.571424156002891,0.781521253309124
"GOBP_NEGATIVE_REGULATION_OF_CELL_CELL_ADHESION","Sh2b3",3,3,TRUE,TRUE,FALSE,TRUE,1,FALSE,FALSE,TRUE,0.477640137160019,0.0509325912380756,TRUE,1.10032536365425,8.25873509875986e-12,TRUE,0.156896652530841,0.836957343412793
"GOBP_NEGATIVE_REGULATION_OF_CELL_CELL_ADHESION","Spi1",3,3,TRUE,TRUE,FALSE,TRUE,2,FALSE,FALSE,TRUE,0.231827238387176,0.377404760009199,TRUE,2.70498117793039,2.23000712632317e-08,TRUE,0.880614679226821,0.0101246949687062
"GOBP_NEGATIVE_REGULATION_OF_CELL_CELL_ADHESION","Tgfb1",3,3,TRUE,TRUE,FALSE,TRUE,1,FALSE,FALSE,TRUE,0.352316809798448,0.325249018682096,TRUE,2.48294295045363,9.90696293843824e-16,TRUE,0.271883874258171,0.653831483433746
"GOBP_NEGATIVE_REGULATION_OF_CYTOKINE_PRODUCTION","Acp5",3,3,TRUE,TRUE,FALSE,TRUE,1,FALSE,FALSE,TRUE,0.457664220944827,0.172711827662831,TRUE,2.51287761001223,1.07234126028876e-10,TRUE,0.808967918367716,0.0945552950077419
"GOBP_NEGATIVE_REGULATION_OF_CYTOKINE_PRODUCTION","Axl",3,3,TRUE,TRUE,FALSE,TRUE,2,FALSE,FALSE,TRUE,0.339910356914286,0.122586397501279,TRUE,1.25553291486956,2.71583197139278e-07,TRUE,0.387996439091485,0.00280427365788733
"GOBP_NEGATIVE_REGULATION_OF_CYTOKINE_PRODUCTION","Bcl3",3,3,TRUE,TRUE,FALSE,TRUE,2,FALSE,FALSE,TRUE,0.402414231968193,0.231590537214337,TRUE,1.84514765362038,4.15490542439594e-16,TRUE,1.30208899692276,3.71058910103766e-06
"GOBP_NEGATIVE_REGULATION_OF_CYTOKINE_PRODUCTION","Csk",3,3,TRUE,TRUE,FALSE,TRUE,1,FALSE,FALSE,TRUE,0.183529259545052,0.220676821932357,TRUE,1.02347076407563,4.12515495268375e-07,TRUE,0.287772443173399,0.174330830297062
"GOBP_NEGATIVE_REGULATION_OF_CYTOKINE_PRODUCTION","Ephb2",3,3,TRUE,TRUE,FALSE,TRUE,2,TRUE,FALSE,TRUE,0.572020751641617,0.0264766121358153,TRUE,1.42915570448895,5.27065260331292e-10,TRUE,0.26532150243207,0.536661356246787
"GOBP_NEGATIVE_REGULATION_OF_CYTOKINE_PRODUCTION","Gpnmb",3,3,TRUE,TRUE,FALSE,TRUE,2,TRUE,FALSE,TRUE,1.30749025088736,7.06453560821637e-13,TRUE,6.32344292723089,5.02359500033231e-37,TRUE,0.201272387228478,0.769711122156457
"GOBP_NEGATIVE_REGULATION_OF_CYTOKINE_PRODUCTION","Irak3",3,3,TRUE,TRUE,FALSE,TRUE,2,TRUE,FALSE,TRUE,0.631941891439005,0.00155976019701832,TRUE,0.878125867520487,6.57638099719961e-05,TRUE,0.245044844928754,0.522132434794
"GOBP_NEGATIVE_REGULATION_OF_CYTOKINE_PRODUCTION","Jak3",3,3,TRUE,TRUE,FALSE,TRUE,2,TRUE,FALSE,TRUE,0.427396542194848,0.04135677874079,TRUE,1.87900751214862,2.06258540474854e-05,TRUE,0.23450615099792,0.740805895320039
"GOBP_NEGATIVE_REGULATION_OF_CYTOKINE_PRODUCTION","Lilrb4",3,3,TRUE,TRUE,FALSE,TRUE,1,FALSE,FALSE,TRUE,0.941798948455948,0.0922806887603967,TRUE,5.92588608419731,1.19920620782426e-10,TRUE,0.571424156002891,0.781521253309124
"GOBP_NEGATIVE_REGULATION_OF_CYTOKINE_PRODUCTION","Ptpn6",3,3,TRUE,TRUE,FALSE,TRUE,1,FALSE,FALSE,TRUE,0.287205850094709,0.553774801059526,TRUE,1.98203183621216,1.06186485618229e-09,TRUE,0.371019040084565,0.513464940390957
"GOBP_NEGATIVE_REGULATION_OF_CYTOKINE_PRODUCTION","Ptprc",3,3,TRUE,TRUE,FALSE,TRUE,1,FALSE,FALSE,TRUE,0.5919563991021,0.250252196802151,TRUE,1.91670613521538,5.7654628836785e-06,TRUE,0.518307903432168,0.101624983605367
"GOBP_NEGATIVE_REGULATION_OF_CYTOKINE_PRODUCTION","Tgfb1",3,3,TRUE,TRUE,FALSE,TRUE,1,FALSE,FALSE,TRUE,0.352316809798448,0.325249018682096,TRUE,2.48294295045363,9.90696293843824e-16,TRUE,0.271883874258171,0.653831483433746
"GOBP_NEGATIVE_REGULATION_OF_CYTOKINE_PRODUCTION","Traip",3,3,TRUE,TRUE,FALSE,TRUE,1,FALSE,FALSE,TRUE,0.774132508037957,0.304211101101995,TRUE,2.02410752422052,0.000118694816839136,TRUE,1.08771501382744,0.508057603754071
"GOBP_NEGATIVE_REGULATION_OF_CYTOKINE_PRODUCTION","Tspo",3,3,TRUE,TRUE,FALSE,TRUE,2,FALSE,FALSE,TRUE,0.325405375846523,0.202379404847811,TRUE,0.749570129782397,0.00705455824453808,TRUE,0.78445319851494,0.0296285088499084
"GOBP_NEGATIVE_REGULATION_OF_CYTOKINE_PRODUCTION","Zfp36",3,3,TRUE,TRUE,FALSE,TRUE,1,FALSE,FALSE,TRUE,0.308226941801745,0.499249789714856,TRUE,0.69907971598608,0.000413161071176174,TRUE,0.596714716898732,0.102068151269284
"GOBP_NEGATIVE_REGULATION_OF_CYTOKINE_PRODUCTION_INVOLVED_IN_IMMUNE_RESPONSE","Irak3",3,3,TRUE,TRUE,FALSE,TRUE,2,TRUE,FALSE,TRUE,0.631941891439005,0.00155976019701832,TRUE,0.878125867520487,6.57638099719961e-05,TRUE,0.245044844928754,0.522132434794
"GOBP_NEGATIVE_REGULATION_OF_CYTOKINE_PRODUCTION_INVOLVED_IN_IMMUNE_RESPONSE","Jak3",3,3,TRUE,TRUE,FALSE,TRUE,2,TRUE,FALSE,TRUE,0.427396542194848,0.04135677874079,TRUE,1.87900751214862,2.06258540474854e-05,TRUE,0.23450615099792,0.740805895320039
"GOBP_NEGATIVE_REGULATION_OF_CYTOKINE_PRODUCTION_INVOLVED_IN_IMMUNE_RESPONSE","Lilrb4",3,3,TRUE,TRUE,FALSE,TRUE,1,FALSE,FALSE,TRUE,0.941798948455948,0.0922806887603967,TRUE,5.92588608419731,1.19920620782426e-10,TRUE,0.571424156002891,0.781521253309124
"GOBP_NEGATIVE_REGULATION_OF_CYTOKINE_PRODUCTION_INVOLVED_IN_IMMUNE_RESPONSE","Tgfb1",3,3,TRUE,TRUE,FALSE,TRUE,1,FALSE,FALSE,TRUE,0.352316809798448,0.325249018682096,TRUE,2.48294295045363,9.90696293843824e-16,TRUE,0.271883874258171,0.653831483433746
"GOBP_NEGATIVE_REGULATION_OF_DEFENSE_RESPONSE","Acp5",3,3,TRUE,TRUE,FALSE,TRUE,1,FALSE,FALSE,TRUE,0.457664220944827,0.172711827662831,TRUE,2.51287761001223,1.07234126028876e-10,TRUE,0.808967918367716,0.0945552950077419
"GOBP_NEGATIVE_REGULATION_OF_DEFENSE_RESPONSE","Cd200r1",3,3,TRUE,TRUE,FALSE,TRUE,1,FALSE,FALSE,TRUE,0.553197535276174,0.511681590164903,TRUE,2.27870229522844,0.00024416275561149,TRUE,0.41665539983607,0.929953994554544
"GOBP_NEGATIVE_REGULATION_OF_DEFENSE_RESPONSE","Ddx39a",3,3,TRUE,TRUE,FALSE,TRUE,1,FALSE,FALSE,TRUE,0.249180936667832,0.298628699642132,TRUE,1.17447543190187,3.26270985523707e-07,TRUE,0.149855608265978,0.899875620865404
"GOBP_NEGATIVE_REGULATION_OF_DEFENSE_RESPONSE","Dusp10",3,3,TRUE,TRUE,FALSE,TRUE,1,FALSE,FALSE,TRUE,0.268498030278965,0.498952870455321,TRUE,2.75959237781112,2.35675928486731e-10,TRUE,0.31796622672043,0.472074502780716
"GOBP_NEGATIVE_REGULATION_OF_DEFENSE_RESPONSE","Fgr",3,3,TRUE,TRUE,FALSE,TRUE,1,FALSE,FALSE,TRUE,0.515389051031006,0.28831460745267,TRUE,2.11824629636748,0.000138058358840273,TRUE,0.745661532096228,0.683178256379573
"GOBP_NEGATIVE_REGULATION_OF_DEFENSE_RESPONSE","Grn",3,3,TRUE,TRUE,FALSE,TRUE,1,FALSE,FALSE,TRUE,0.154370419787912,0.276752836180741,TRUE,2.20917026840802,1.73609902356081e-11,TRUE,0.182033362612566,0.383219983777102
"GOBP_NEGATIVE_REGULATION_OF_DEFENSE_RESPONSE","Hck",3,3,TRUE,TRUE,FALSE,TRUE,1,FALSE,FALSE,TRUE,0.315056483473932,0.12356364451052,TRUE,4.22136449953663,7.19910221439481e-38,TRUE,0.278580063811414,0.796916524427636
"GOBP_NEGATIVE_REGULATION_OF_DEFENSE_RESPONSE","Il20rb",3,3,TRUE,TRUE,FALSE,TRUE,1,FALSE,FALSE,TRUE,0.694443325587849,0.156570466056496,TRUE,2.27476768368237,9.67521453513748e-05,TRUE,0.818182138355068,0.898964978057007
"GOBP_NEGATIVE_REGULATION_OF_DEFENSE_RESPONSE","Irak3",3,3,TRUE,TRUE,FALSE,TRUE,2,TRUE,FALSE,TRUE,0.631941891439005,0.00155976019701832,TRUE,0.878125867520487,6.57638099719961e-05,TRUE,0.245044844928754,0.522132434794
"GOBP_NEGATIVE_REGULATION_OF_DEFENSE_RESPONSE","Lyn",3,3,TRUE,TRUE,FALSE,TRUE,1,FALSE,FALSE,TRUE,0.223509764937926,0.490142085956127,TRUE,2.0120269595302,3.81981511615045e-08,TRUE,0.587385518008491,0.0511607209227901
"GOBP_NEGATIVE_REGULATION_OF_DEFENSE_RESPONSE","Ptprc",3,3,TRUE,TRUE,FALSE,TRUE,1,FALSE,FALSE,TRUE,0.5919563991021,0.250252196802151,TRUE,1.91670613521538,5.7654628836785e-06,TRUE,0.518307903432168,0.101624983605367
"GOBP_NEGATIVE_REGULATION_OF_DEFENSE_RESPONSE","Rhbdf2",3,3,TRUE,TRUE,FALSE,TRUE,2,TRUE,FALSE,TRUE,0.665949592145242,1.00114842481626e-05,TRUE,1.90683483961835,2.77538092182096e-27,TRUE,0.257135398035077,0.706443052945449
"GOBP_NEGATIVE_REGULATION_OF_DEFENSE_RESPONSE","Syk",3,3,TRUE,TRUE,FALSE,TRUE,1,FALSE,FALSE,TRUE,0.503344358195588,0.396384730535913,TRUE,2.99962596123063,2.36489559882808e-06,TRUE,0.233382318055769,0.871532469677388
"GOBP_NEGATIVE_REGULATION_OF_DEFENSE_RESPONSE","Tgfb1",3,3,TRUE,TRUE,FALSE,TRUE,1,FALSE,FALSE,TRUE,0.352316809798448,0.325249018682096,TRUE,2.48294295045363,9.90696293843824e-16,TRUE,0.271883874258171,0.653831483433746
"GOBP_NEGATIVE_REGULATION_OF_DEFENSE_RESPONSE","Tnfrsf1a",3,3,TRUE,TRUE,FALSE,TRUE,1,FALSE,FALSE,TRUE,0.157735689448044,0.343755511922389,TRUE,1.0625553000112,4.92945787474711e-06,TRUE,0.293896734018024,0.0536327573915571
"GOBP_NEGATIVE_REGULATION_OF_DEFENSE_RESPONSE","Tnfrsf1b",3,3,TRUE,TRUE,FALSE,TRUE,1,FALSE,FALSE,TRUE,0.267272159554668,0.509379913049287,TRUE,1.50470562292304,7.12442531553175e-05,TRUE,0.508146320436365,0.415506032246073
"GOBP_NEGATIVE_REGULATION_OF_IMMUNE_RESPONSE","Cd80",3,3,TRUE,TRUE,FALSE,TRUE,1,FALSE,FALSE,TRUE,0.664752398300911,0.14084322832029,TRUE,2.46574054249037,0.000337877256597884,TRUE,0.517813043747365,0.630079601111044
"GOBP_NEGATIVE_REGULATION_OF_IMMUNE_RESPONSE","Ddx39a",3,3,TRUE,TRUE,FALSE,TRUE,1,FALSE,FALSE,TRUE,0.249180936667832,0.298628699642132,TRUE,1.17447543190187,3.26270985523707e-07,TRUE,0.149855608265978,0.899875620865404
"GOBP_NEGATIVE_REGULATION_OF_IMMUNE_RESPONSE","Fgr",3,3,TRUE,TRUE,FALSE,TRUE,1,FALSE,FALSE,TRUE,0.515389051031006,0.28831460745267,TRUE,2.11824629636748,0.000138058358840273,TRUE,0.745661532096228,0.683178256379573
"GOBP_NEGATIVE_REGULATION_OF_IMMUNE_RESPONSE","Grn",3,3,TRUE,TRUE,FALSE,TRUE,1,FALSE,FALSE,TRUE,0.154370419787912,0.276752836180741,TRUE,2.20917026840802,1.73609902356081e-11,TRUE,0.182033362612566,0.383219983777102
"GOBP_NEGATIVE_REGULATION_OF_IMMUNE_RESPONSE","Hck",3,3,TRUE,TRUE,FALSE,TRUE,1,FALSE,FALSE,TRUE,0.315056483473932,0.12356364451052,TRUE,4.22136449953663,7.19910221439481e-38,TRUE,0.278580063811414,0.796916524427636
"GOBP_NEGATIVE_REGULATION_OF_IMMUNE_RESPONSE","Il20rb",3,3,TRUE,TRUE,FALSE,TRUE,1,FALSE,FALSE,TRUE,0.694443325587849,0.156570466056496,TRUE,2.27476768368237,9.67521453513748e-05,TRUE,0.818182138355068,0.898964978057007
"GOBP_NEGATIVE_REGULATION_OF_IMMUNE_RESPONSE","Irak3",3,3,TRUE,TRUE,FALSE,TRUE,2,TRUE,FALSE,TRUE,0.631941891439005,0.00155976019701832,TRUE,0.878125867520487,6.57638099719961e-05,TRUE,0.245044844928754,0.522132434794
"GOBP_NEGATIVE_REGULATION_OF_IMMUNE_RESPONSE","Jak3",3,3,TRUE,TRUE,FALSE,TRUE,2,TRUE,FALSE,TRUE,0.427396542194848,0.04135677874079,TRUE,1.87900751214862,2.06258540474854e-05,TRUE,0.23450615099792,0.740805895320039
"GOBP_NEGATIVE_REGULATION_OF_IMMUNE_RESPONSE","Lilrb4",3,3,TRUE,TRUE,FALSE,TRUE,1,FALSE,FALSE,TRUE,0.941798948455948,0.0922806887603967,TRUE,5.92588608419731,1.19920620782426e-10,TRUE,0.571424156002891,0.781521253309124
"GOBP_NEGATIVE_REGULATION_OF_IMMUNE_RESPONSE","Pim1",3,3,TRUE,TRUE,FALSE,TRUE,1,FALSE,FALSE,TRUE,0.391360733751223,0.252608981819155,TRUE,1.29818442114769,0.00389368828940336,TRUE,0.315285626531704,0.565773557017701
"GOBP_NEGATIVE_REGULATION_OF_IMMUNE_RESPONSE","Plk2",3,3,TRUE,TRUE,FALSE,TRUE,2,TRUE,FALSE,TRUE,0.379564365507727,0.0118774597654619,TRUE,1.17141622519029,0.011026784692575,TRUE,0.0717837505396076,0.925346932522192
"GOBP_NEGATIVE_REGULATION_OF_IMMUNE_RESPONSE","Ptprc",3,3,TRUE,TRUE,FALSE,TRUE,1,FALSE,FALSE,TRUE,0.5919563991021,0.250252196802151,TRUE,1.91670613521538,5.7654628836785e-06,TRUE,0.518307903432168,0.101624983605367
"GOBP_NEGATIVE_REGULATION_OF_IMMUNE_RESPONSE","Rhbdf2",3,3,TRUE,TRUE,FALSE,TRUE,2,TRUE,FALSE,TRUE,0.665949592145242,1.00114842481626e-05,TRUE,1.90683483961835,2.77538092182096e-27,TRUE,0.257135398035077,0.706443052945449
"GOBP_NEGATIVE_REGULATION_OF_IMMUNE_RESPONSE","Serping1",3,3,TRUE,TRUE,FALSE,TRUE,1,FALSE,FALSE,TRUE,0.5017030019069,0.0681301697320094,TRUE,1.04675282046905,0.00908402567638597,TRUE,0.28535607916778,0.538684873984109
"GOBP_NEGATIVE_REGULATION_OF_IMMUNE_RESPONSE","Spi1",3,3,TRUE,TRUE,FALSE,TRUE,2,FALSE,FALSE,TRUE,0.231827238387176,0.377404760009199,TRUE,2.70498117793039,2.23000712632317e-08,TRUE,0.880614679226821,0.0101246949687062
"GOBP_NEGATIVE_REGULATION_OF_IMMUNE_RESPONSE","Syk",3,3,TRUE,TRUE,FALSE,TRUE,1,FALSE,FALSE,TRUE,0.503344358195588,0.396384730535913,TRUE,2.99962596123063,2.36489559882808e-06,TRUE,0.233382318055769,0.871532469677388
"GOBP_NEGATIVE_REGULATION_OF_IMMUNE_RESPONSE","Tgfb1",3,3,TRUE,TRUE,FALSE,TRUE,1,FALSE,FALSE,TRUE,0.352316809798448,0.325249018682096,TRUE,2.48294295045363,9.90696293843824e-16,TRUE,0.271883874258171,0.653831483433746
"GOBP_NEGATIVE_REGULATION_OF_IMMUNE_SYSTEM_PROCESS","Axl",3,3,TRUE,TRUE,FALSE,TRUE,2,FALSE,FALSE,TRUE,0.339910356914286,0.122586397501279,TRUE,1.25553291486956,2.71583197139278e-07,TRUE,0.387996439091485,0.00280427365788733
"GOBP_NEGATIVE_REGULATION_OF_IMMUNE_SYSTEM_PROCESS","Cd200r1",3,3,TRUE,TRUE,FALSE,TRUE,1,FALSE,FALSE,TRUE,0.553197535276174,0.511681590164903,TRUE,2.27870229522844,0.00024416275561149,TRUE,0.41665539983607,0.929953994554544
"GOBP_NEGATIVE_REGULATION_OF_IMMUNE_SYSTEM_PROCESS","Cd37",3,3,TRUE,TRUE,FALSE,TRUE,1,FALSE,FALSE,TRUE,0.753806062061723,0.398907177840949,TRUE,2.31196389442472,2.17244076576351e-07,TRUE,0.465933335379044,0.675427642459795
"GOBP_NEGATIVE_REGULATION_OF_IMMUNE_SYSTEM_PROCESS","Cd68",3,3,TRUE,TRUE,FALSE,TRUE,3,TRUE,TRUE,TRUE,0.475875429309184,0.0351647016514608,TRUE,5.69370776946084,3.54544834963571e-28,TRUE,0.872295096338037,0.0026039181399166
"GOBP_NEGATIVE_REGULATION_OF_IMMUNE_SYSTEM_PROCESS","Cd80",3,3,TRUE,TRUE,FALSE,TRUE,1,FALSE,FALSE,TRUE,0.664752398300911,0.14084322832029,TRUE,2.46574054249037,0.000337877256597884,TRUE,0.517813043747365,0.630079601111044
"GOBP_NEGATIVE_REGULATION_OF_IMMUNE_SYSTEM_PROCESS","Csk",3,3,TRUE,TRUE,FALSE,TRUE,1,FALSE,FALSE,TRUE,0.183529259545052,0.220676821932357,TRUE,1.02347076407563,4.12515495268375e-07,TRUE,0.287772443173399,0.174330830297062
"GOBP_NEGATIVE_REGULATION_OF_IMMUNE_SYSTEM_PROCESS","Ddx39a",3,3,TRUE,TRUE,FALSE,TRUE,1,FALSE,FALSE,TRUE,0.249180936667832,0.298628699642132,TRUE,1.17447543190187,3.26270985523707e-07,TRUE,0.149855608265978,0.899875620865404
"GOBP_NEGATIVE_REGULATION_OF_IMMUNE_SYSTEM_PROCESS","Dusp10",3,3,TRUE,TRUE,FALSE,TRUE,1,FALSE,FALSE,TRUE,0.268498030278965,0.498952870455321,TRUE,2.75959237781112,2.35675928486731e-10,TRUE,0.31796622672043,0.472074502780716
"GOBP_NEGATIVE_REGULATION_OF_IMMUNE_SYSTEM_PROCESS","Fgr",3,3,TRUE,TRUE,FALSE,TRUE,1,FALSE,FALSE,TRUE,0.515389051031006,0.28831460745267,TRUE,2.11824629636748,0.000138058358840273,TRUE,0.745661532096228,0.683178256379573
"GOBP_NEGATIVE_REGULATION_OF_IMMUNE_SYSTEM_PROCESS","Gpnmb",3,3,TRUE,TRUE,FALSE,TRUE,2,TRUE,FALSE,TRUE,1.30749025088736,7.06453560821637e-13,TRUE,6.32344292723089,5.02359500033231e-37,TRUE,0.201272387228478,0.769711122156457
"GOBP_NEGATIVE_REGULATION_OF_IMMUNE_SYSTEM_PROCESS","Grn",3,3,TRUE,TRUE,FALSE,TRUE,1,FALSE,FALSE,TRUE,0.154370419787912,0.276752836180741,TRUE,2.20917026840802,1.73609902356081e-11,TRUE,0.182033362612566,0.383219983777102
"GOBP_NEGATIVE_REGULATION_OF_IMMUNE_SYSTEM_PROCESS","Hck",3,3,TRUE,TRUE,FALSE,TRUE,1,FALSE,FALSE,TRUE,0.315056483473932,0.12356364451052,TRUE,4.22136449953663,7.19910221439481e-38,TRUE,0.278580063811414,0.796916524427636
"GOBP_NEGATIVE_REGULATION_OF_IMMUNE_SYSTEM_PROCESS","Il20rb",3,3,TRUE,TRUE,FALSE,TRUE,1,FALSE,FALSE,TRUE,0.694443325587849,0.156570466056496,TRUE,2.27476768368237,9.67521453513748e-05,TRUE,0.818182138355068,0.898964978057007
"GOBP_NEGATIVE_REGULATION_OF_IMMUNE_SYSTEM_PROCESS","Irak3",3,3,TRUE,TRUE,FALSE,TRUE,2,TRUE,FALSE,TRUE,0.631941891439005,0.00155976019701832,TRUE,0.878125867520487,6.57638099719961e-05,TRUE,0.245044844928754,0.522132434794
"GOBP_NEGATIVE_REGULATION_OF_IMMUNE_SYSTEM_PROCESS","Jak3",3,3,TRUE,TRUE,FALSE,TRUE,2,TRUE,FALSE,TRUE,0.427396542194848,0.04135677874079,TRUE,1.87900751214862,2.06258540474854e-05,TRUE,0.23450615099792,0.740805895320039
"GOBP_NEGATIVE_REGULATION_OF_IMMUNE_SYSTEM_PROCESS","Lilrb4",3,3,TRUE,TRUE,FALSE,TRUE,1,FALSE,FALSE,TRUE,0.941798948455948,0.0922806887603967,TRUE,5.92588608419731,1.19920620782426e-10,TRUE,0.571424156002891,0.781521253309124
"GOBP_NEGATIVE_REGULATION_OF_IMMUNE_SYSTEM_PROCESS","Lyn",3,3,TRUE,TRUE,FALSE,TRUE,1,FALSE,FALSE,TRUE,0.223509764937926,0.490142085956127,TRUE,2.0120269595302,3.81981511615045e-08,TRUE,0.587385518008491,0.0511607209227901
"GOBP_NEGATIVE_REGULATION_OF_IMMUNE_SYSTEM_PROCESS","Pim1",3,3,TRUE,TRUE,FALSE,TRUE,1,FALSE,FALSE,TRUE,0.391360733751223,0.252608981819155,TRUE,1.29818442114769,0.00389368828940336,TRUE,0.315285626531704,0.565773557017701
"GOBP_NEGATIVE_REGULATION_OF_IMMUNE_SYSTEM_PROCESS","Ptpn6",3,3,TRUE,TRUE,FALSE,TRUE,1,FALSE,FALSE,TRUE,0.287205850094709,0.553774801059526,TRUE,1.98203183621216,1.06186485618229e-09,TRUE,0.371019040084565,0.513464940390957
"GOBP_NEGATIVE_REGULATION_OF_IMMUNE_SYSTEM_PROCESS","Ptprc",3,3,TRUE,TRUE,FALSE,TRUE,1,FALSE,FALSE,TRUE,0.5919563991021,0.250252196802151,TRUE,1.91670613521538,5.7654628836785e-06,TRUE,0.518307903432168,0.101624983605367
"GOBP_NEGATIVE_REGULATION_OF_IMMUNE_SYSTEM_PROCESS","Rhbdf2",3,3,TRUE,TRUE,FALSE,TRUE,2,TRUE,FALSE,TRUE,0.665949592145242,1.00114842481626e-05,TRUE,1.90683483961835,2.77538092182096e-27,TRUE,0.257135398035077,0.706443052945449
"GOBP_NEGATIVE_REGULATION_OF_IMMUNE_SYSTEM_PROCESS","Spi1",3,3,TRUE,TRUE,FALSE,TRUE,2,FALSE,FALSE,TRUE,0.231827238387176,0.377404760009199,TRUE,2.70498117793039,2.23000712632317e-08,TRUE,0.880614679226821,0.0101246949687062
"GOBP_NEGATIVE_REGULATION_OF_IMMUNE_SYSTEM_PROCESS","Syk",3,3,TRUE,TRUE,FALSE,TRUE,1,FALSE,FALSE,TRUE,0.503344358195588,0.396384730535913,TRUE,2.99962596123063,2.36489559882808e-06,TRUE,0.233382318055769,0.871532469677388
"GOBP_NEGATIVE_REGULATION_OF_IMMUNE_SYSTEM_PROCESS","Tgfb1",3,3,TRUE,TRUE,FALSE,TRUE,1,FALSE,FALSE,TRUE,0.352316809798448,0.325249018682096,TRUE,2.48294295045363,9.90696293843824e-16,TRUE,0.271883874258171,0.653831483433746
"GOBP_NEGATIVE_REGULATION_OF_IMMUNE_SYSTEM_PROCESS","Tlr3",3,3,TRUE,TRUE,FALSE,TRUE,1,FALSE,FALSE,TRUE,0.284951915196595,0.494240570746554,TRUE,1.48259954257452,1.05336868344864e-06,TRUE,0.516350832659553,0.582604161676384
"GOBP_NEGATIVE_REGULATION_OF_INFLAMMATORY_RESPONSE","Acp5",3,3,TRUE,TRUE,FALSE,TRUE,1,FALSE,FALSE,TRUE,0.457664220944827,0.172711827662831,TRUE,2.51287761001223,1.07234126028876e-10,TRUE,0.808967918367716,0.0945552950077419
"GOBP_NEGATIVE_REGULATION_OF_INFLAMMATORY_RESPONSE","Dusp10",3,3,TRUE,TRUE,FALSE,TRUE,1,FALSE,FALSE,TRUE,0.268498030278965,0.498952870455321,TRUE,2.75959237781112,2.35675928486731e-10,TRUE,0.31796622672043,0.472074502780716
"GOBP_NEGATIVE_REGULATION_OF_INFLAMMATORY_RESPONSE","Fgr",3,3,TRUE,TRUE,FALSE,TRUE,1,FALSE,FALSE,TRUE,0.515389051031006,0.28831460745267,TRUE,2.11824629636748,0.000138058358840273,TRUE,0.745661532096228,0.683178256379573
"GOBP_NEGATIVE_REGULATION_OF_INFLAMMATORY_RESPONSE","Grn",3,3,TRUE,TRUE,FALSE,TRUE,1,FALSE,FALSE,TRUE,0.154370419787912,0.276752836180741,TRUE,2.20917026840802,1.73609902356081e-11,TRUE,0.182033362612566,0.383219983777102
"GOBP_NEGATIVE_REGULATION_OF_INFLAMMATORY_RESPONSE","Hck",3,3,TRUE,TRUE,FALSE,TRUE,1,FALSE,FALSE,TRUE,0.315056483473932,0.12356364451052,TRUE,4.22136449953663,7.19910221439481e-38,TRUE,0.278580063811414,0.796916524427636
"GOBP_NEGATIVE_REGULATION_OF_INFLAMMATORY_RESPONSE","Lyn",3,3,TRUE,TRUE,FALSE,TRUE,1,FALSE,FALSE,TRUE,0.223509764937926,0.490142085956127,TRUE,2.0120269595302,3.81981511615045e-08,TRUE,0.587385518008491,0.0511607209227901
"GOBP_NEGATIVE_REGULATION_OF_INFLAMMATORY_RESPONSE","Ptprc",3,3,TRUE,TRUE,FALSE,TRUE,1,FALSE,FALSE,TRUE,0.5919563991021,0.250252196802151,TRUE,1.91670613521538,5.7654628836785e-06,TRUE,0.518307903432168,0.101624983605367
"GOBP_NEGATIVE_REGULATION_OF_INFLAMMATORY_RESPONSE","Rhbdf2",3,3,TRUE,TRUE,FALSE,TRUE,2,TRUE,FALSE,TRUE,0.665949592145242,1.00114842481626e-05,TRUE,1.90683483961835,2.77538092182096e-27,TRUE,0.257135398035077,0.706443052945449
"GOBP_NEGATIVE_REGULATION_OF_INFLAMMATORY_RESPONSE","Syk",3,3,TRUE,TRUE,FALSE,TRUE,1,FALSE,FALSE,TRUE,0.503344358195588,0.396384730535913,TRUE,2.99962596123063,2.36489559882808e-06,TRUE,0.233382318055769,0.871532469677388
"GOBP_NEGATIVE_REGULATION_OF_INFLAMMATORY_RESPONSE","Tnfrsf1a",3,3,TRUE,TRUE,FALSE,TRUE,1,FALSE,FALSE,TRUE,0.157735689448044,0.343755511922389,TRUE,1.0625553000112,4.92945787474711e-06,TRUE,0.293896734018024,0.0536327573915571
"GOBP_NEGATIVE_REGULATION_OF_INFLAMMATORY_RESPONSE","Tnfrsf1b",3,3,TRUE,TRUE,FALSE,TRUE,1,FALSE,FALSE,TRUE,0.267272159554668,0.509379913049287,TRUE,1.50470562292304,7.12442531553175e-05,TRUE,0.508146320436365,0.415506032246073
"GOBP_NEGATIVE_REGULATION_OF_INFLAMMATORY_RESPONSE_TO_ANTIGENIC_STIMULUS","Fgr",3,3,TRUE,TRUE,FALSE,TRUE,1,FALSE,FALSE,TRUE,0.515389051031006,0.28831460745267,TRUE,2.11824629636748,0.000138058358840273,TRUE,0.745661532096228,0.683178256379573
"GOBP_NEGATIVE_REGULATION_OF_INFLAMMATORY_RESPONSE_TO_ANTIGENIC_STIMULUS","Furin",3,3,TRUE,TRUE,FALSE,TRUE,1,FALSE,FALSE,TRUE,0.176891404170457,0.15392034155446,TRUE,1.86418263683271,6.07801019599165e-23,TRUE,0.0632983301240717,0.951173552683847
"GOBP_NEGATIVE_REGULATION_OF_INFLAMMATORY_RESPONSE_TO_ANTIGENIC_STIMULUS","Hck",3,3,TRUE,TRUE,FALSE,TRUE,1,FALSE,FALSE,TRUE,0.315056483473932,0.12356364451052,TRUE,4.22136449953663,7.19910221439481e-38,TRUE,0.278580063811414,0.796916524427636
"GOBP_NEGATIVE_REGULATION_OF_INFLAMMATORY_RESPONSE_TO_ANTIGENIC_STIMULUS","Il20rb",3,3,TRUE,TRUE,FALSE,TRUE,1,FALSE,FALSE,TRUE,0.694443325587849,0.156570466056496,TRUE,2.27476768368237,9.67521453513748e-05,TRUE,0.818182138355068,0.898964978057007
"GOBP_NEGATIVE_REGULATION_OF_INFLAMMATORY_RESPONSE_TO_ANTIGENIC_STIMULUS","Lyn",3,3,TRUE,TRUE,FALSE,TRUE,1,FALSE,FALSE,TRUE,0.223509764937926,0.490142085956127,TRUE,2.0120269595302,3.81981511615045e-08,TRUE,0.587385518008491,0.0511607209227901
"GOBP_NEGATIVE_REGULATION_OF_INFLAMMATORY_RESPONSE_TO_ANTIGENIC_STIMULUS","Plk2",3,3,TRUE,TRUE,FALSE,TRUE,2,TRUE,FALSE,TRUE,0.379564365507727,0.0118774597654619,TRUE,1.17141622519029,0.011026784692575,TRUE,0.0717837505396076,0.925346932522192
"GOBP_NEGATIVE_REGULATION_OF_INFLAMMATORY_RESPONSE_TO_ANTIGENIC_STIMULUS","Rhbdf2",3,3,TRUE,TRUE,FALSE,TRUE,2,TRUE,FALSE,TRUE,0.665949592145242,1.00114842481626e-05,TRUE,1.90683483961835,2.77538092182096e-27,TRUE,0.257135398035077,0.706443052945449
"GOBP_NEGATIVE_REGULATION_OF_INFLAMMATORY_RESPONSE_TO_ANTIGENIC_STIMULUS","Syk",3,3,TRUE,TRUE,FALSE,TRUE,1,FALSE,FALSE,TRUE,0.503344358195588,0.396384730535913,TRUE,2.99962596123063,2.36489559882808e-06,TRUE,0.233382318055769,0.871532469677388
"GOBP_NEGATIVE_REGULATION_OF_PRODUCTION_OF_MOLECULAR_MEDIATOR_OF_IMMUNE_RESPONSE","Irak3",3,3,TRUE,TRUE,FALSE,TRUE,2,TRUE,FALSE,TRUE,0.631941891439005,0.00155976019701832,TRUE,0.878125867520487,6.57638099719961e-05,TRUE,0.245044844928754,0.522132434794
"GOBP_NEGATIVE_REGULATION_OF_PRODUCTION_OF_MOLECULAR_MEDIATOR_OF_IMMUNE_RESPONSE","Jak3",3,3,TRUE,TRUE,FALSE,TRUE,2,TRUE,FALSE,TRUE,0.427396542194848,0.04135677874079,TRUE,1.87900751214862,2.06258540474854e-05,TRUE,0.23450615099792,0.740805895320039
"GOBP_NEGATIVE_REGULATION_OF_PRODUCTION_OF_MOLECULAR_MEDIATOR_OF_IMMUNE_RESPONSE","Lilrb4",3,3,TRUE,TRUE,FALSE,TRUE,1,FALSE,FALSE,TRUE,0.941798948455948,0.0922806887603967,TRUE,5.92588608419731,1.19920620782426e-10,TRUE,0.571424156002891,0.781521253309124
"GOBP_NEGATIVE_REGULATION_OF_PRODUCTION_OF_MOLECULAR_MEDIATOR_OF_IMMUNE_RESPONSE","Tgfb1",3,3,TRUE,TRUE,FALSE,TRUE,1,FALSE,FALSE,TRUE,0.352316809798448,0.325249018682096,TRUE,2.48294295045363,9.90696293843824e-16,TRUE,0.271883874258171,0.653831483433746
"GOBP_NEGATIVE_REGULATION_OF_RESPONSE_TO_EXTERNAL_STIMULUS","Acp5",3,3,TRUE,TRUE,FALSE,TRUE,1,FALSE,FALSE,TRUE,0.457664220944827,0.172711827662831,TRUE,2.51287761001223,1.07234126028876e-10,TRUE,0.808967918367716,0.0945552950077419
"GOBP_NEGATIVE_REGULATION_OF_RESPONSE_TO_EXTERNAL_STIMULUS","Ddx39a",3,3,TRUE,TRUE,FALSE,TRUE,1,FALSE,FALSE,TRUE,0.249180936667832,0.298628699642132,TRUE,1.17447543190187,3.26270985523707e-07,TRUE,0.149855608265978,0.899875620865404
"GOBP_NEGATIVE_REGULATION_OF_RESPONSE_TO_EXTERNAL_STIMULUS","Dusp10",3,3,TRUE,TRUE,FALSE,TRUE,1,FALSE,FALSE,TRUE,0.268498030278965,0.498952870455321,TRUE,2.75959237781112,2.35675928486731e-10,TRUE,0.31796622672043,0.472074502780716
"GOBP_NEGATIVE_REGULATION_OF_RESPONSE_TO_EXTERNAL_STIMULUS","Fgr",3,3,TRUE,TRUE,FALSE,TRUE,1,FALSE,FALSE,TRUE,0.515389051031006,0.28831460745267,TRUE,2.11824629636748,0.000138058358840273,TRUE,0.745661532096228,0.683178256379573
"GOBP_NEGATIVE_REGULATION_OF_RESPONSE_TO_EXTERNAL_STIMULUS","Grn",3,3,TRUE,TRUE,FALSE,TRUE,1,FALSE,FALSE,TRUE,0.154370419787912,0.276752836180741,TRUE,2.20917026840802,1.73609902356081e-11,TRUE,0.182033362612566,0.383219983777102
"GOBP_NEGATIVE_REGULATION_OF_RESPONSE_TO_EXTERNAL_STIMULUS","Hck",3,3,TRUE,TRUE,FALSE,TRUE,1,FALSE,FALSE,TRUE,0.315056483473932,0.12356364451052,TRUE,4.22136449953663,7.19910221439481e-38,TRUE,0.278580063811414,0.796916524427636
"GOBP_NEGATIVE_REGULATION_OF_RESPONSE_TO_EXTERNAL_STIMULUS","Il20rb",3,3,TRUE,TRUE,FALSE,TRUE,1,FALSE,FALSE,TRUE,0.694443325587849,0.156570466056496,TRUE,2.27476768368237,9.67521453513748e-05,TRUE,0.818182138355068,0.898964978057007
"GOBP_NEGATIVE_REGULATION_OF_RESPONSE_TO_EXTERNAL_STIMULUS","Irak3",3,3,TRUE,TRUE,FALSE,TRUE,2,TRUE,FALSE,TRUE,0.631941891439005,0.00155976019701832,TRUE,0.878125867520487,6.57638099719961e-05,TRUE,0.245044844928754,0.522132434794
"GOBP_NEGATIVE_REGULATION_OF_RESPONSE_TO_EXTERNAL_STIMULUS","Lyn",3,3,TRUE,TRUE,FALSE,TRUE,1,FALSE,FALSE,TRUE,0.223509764937926,0.490142085956127,TRUE,2.0120269595302,3.81981511615045e-08,TRUE,0.587385518008491,0.0511607209227901
"GOBP_NEGATIVE_REGULATION_OF_RESPONSE_TO_EXTERNAL_STIMULUS","Pros1",3,3,TRUE,TRUE,FALSE,TRUE,1,FALSE,FALSE,TRUE,0.232538620699586,0.393707297024551,TRUE,0.944548344946046,1.30482906575244e-05,TRUE,0.35741522014191,0.190747705195424
"GOBP_NEGATIVE_REGULATION_OF_RESPONSE_TO_EXTERNAL_STIMULUS","Ptprc",3,3,TRUE,TRUE,FALSE,TRUE,1,FALSE,FALSE,TRUE,0.5919563991021,0.250252196802151,TRUE,1.91670613521538,5.7654628836785e-06,TRUE,0.518307903432168,0.101624983605367
"GOBP_NEGATIVE_REGULATION_OF_RESPONSE_TO_EXTERNAL_STIMULUS","Rhbdf2",3,3,TRUE,TRUE,FALSE,TRUE,2,TRUE,FALSE,TRUE,0.665949592145242,1.00114842481626e-05,TRUE,1.90683483961835,2.77538092182096e-27,TRUE,0.257135398035077,0.706443052945449
"GOBP_NEGATIVE_REGULATION_OF_RESPONSE_TO_EXTERNAL_STIMULUS","Sh2b3",3,3,TRUE,TRUE,FALSE,TRUE,1,FALSE,FALSE,TRUE,0.477640137160019,0.0509325912380756,TRUE,1.10032536365425,8.25873509875986e-12,TRUE,0.156896652530841,0.836957343412793
"GOBP_NEGATIVE_REGULATION_OF_RESPONSE_TO_EXTERNAL_STIMULUS","Syk",3,3,TRUE,TRUE,FALSE,TRUE,1,FALSE,FALSE,TRUE,0.503344358195588,0.396384730535913,TRUE,2.99962596123063,2.36489559882808e-06,TRUE,0.233382318055769,0.871532469677388
"GOBP_NEGATIVE_REGULATION_OF_RESPONSE_TO_EXTERNAL_STIMULUS","Tgfb1",3,3,TRUE,TRUE,FALSE,TRUE,1,FALSE,FALSE,TRUE,0.352316809798448,0.325249018682096,TRUE,2.48294295045363,9.90696293843824e-16,TRUE,0.271883874258171,0.653831483433746
"GOBP_NEGATIVE_REGULATION_OF_RESPONSE_TO_EXTERNAL_STIMULUS","Tnfrsf1a",3,3,TRUE,TRUE,FALSE,TRUE,1,FALSE,FALSE,TRUE,0.157735689448044,0.343755511922389,TRUE,1.0625553000112,4.92945787474711e-06,TRUE,0.293896734018024,0.0536327573915571
"GOBP_NEGATIVE_REGULATION_OF_RESPONSE_TO_EXTERNAL_STIMULUS","Tnfrsf1b",3,3,TRUE,TRUE,FALSE,TRUE,1,FALSE,FALSE,TRUE,0.267272159554668,0.509379913049287,TRUE,1.50470562292304,7.12442531553175e-05,TRUE,0.508146320436365,0.415506032246073
"GOBP_NEGATIVE_REGULATION_OF_TUMOR_NECROSIS_FACTOR_SUPERFAMILY_CYTOKINE_PRODUCTION","Acp5",3,3,TRUE,TRUE,FALSE,TRUE,1,FALSE,FALSE,TRUE,0.457664220944827,0.172711827662831,TRUE,2.51287761001223,1.07234126028876e-10,TRUE,0.808967918367716,0.0945552950077419
"GOBP_NEGATIVE_REGULATION_OF_TUMOR_NECROSIS_FACTOR_SUPERFAMILY_CYTOKINE_PRODUCTION","Axl",3,3,TRUE,TRUE,FALSE,TRUE,2,FALSE,FALSE,TRUE,0.339910356914286,0.122586397501279,TRUE,1.25553291486956,2.71583197139278e-07,TRUE,0.387996439091485,0.00280427365788733
"GOBP_NEGATIVE_REGULATION_OF_TUMOR_NECROSIS_FACTOR_SUPERFAMILY_CYTOKINE_PRODUCTION","Bcl3",3,3,TRUE,TRUE,FALSE,TRUE,2,FALSE,FALSE,TRUE,0.402414231968193,0.231590537214337,TRUE,1.84514765362038,4.15490542439594e-16,TRUE,1.30208899692276,3.71058910103766e-06
"GOBP_NEGATIVE_REGULATION_OF_TUMOR_NECROSIS_FACTOR_SUPERFAMILY_CYTOKINE_PRODUCTION","Gpnmb",3,3,TRUE,TRUE,FALSE,TRUE,2,TRUE,FALSE,TRUE,1.30749025088736,7.06453560821637e-13,TRUE,6.32344292723089,5.02359500033231e-37,TRUE,0.201272387228478,0.769711122156457
"GOBP_NEGATIVE_REGULATION_OF_TUMOR_NECROSIS_FACTOR_SUPERFAMILY_CYTOKINE_PRODUCTION","Irak3",3,3,TRUE,TRUE,FALSE,TRUE,2,TRUE,FALSE,TRUE,0.631941891439005,0.00155976019701832,TRUE,0.878125867520487,6.57638099719961e-05,TRUE,0.245044844928754,0.522132434794
"GOBP_NEGATIVE_REGULATION_OF_TUMOR_NECROSIS_FACTOR_SUPERFAMILY_CYTOKINE_PRODUCTION","Lilrb4",3,3,TRUE,TRUE,FALSE,TRUE,1,FALSE,FALSE,TRUE,0.941798948455948,0.0922806887603967,TRUE,5.92588608419731,1.19920620782426e-10,TRUE,0.571424156002891,0.781521253309124
"GOBP_NEGATIVE_REGULATION_OF_TUMOR_NECROSIS_FACTOR_SUPERFAMILY_CYTOKINE_PRODUCTION","Tspo",3,3,TRUE,TRUE,FALSE,TRUE,2,FALSE,FALSE,TRUE,0.325405375846523,0.202379404847811,TRUE,0.749570129782397,0.00705455824453808,TRUE,0.78445319851494,0.0296285088499084
"GOBP_PHAGOCYTOSIS","Axl",3,3,TRUE,TRUE,FALSE,TRUE,2,FALSE,FALSE,TRUE,0.339910356914286,0.122586397501279,TRUE,1.25553291486956,2.71583197139278e-07,TRUE,0.387996439091485,0.00280427365788733
"GOBP_PHAGOCYTOSIS","Cnn2",3,3,TRUE,TRUE,FALSE,TRUE,1,FALSE,FALSE,TRUE,0.474914301095056,0.0536748526504177,TRUE,1.52983927609841,5.67486521774155e-12,TRUE,0.319021546749187,0.466567540637954
"GOBP_PHAGOCYTOSIS","Coro1a",3,3,TRUE,TRUE,FALSE,TRUE,1,FALSE,FALSE,TRUE,0.350825398046623,0.136677536818005,TRUE,1.50503697211496,0.00139265969245429,TRUE,0.199570200192326,0.625525038811018
"GOBP_PHAGOCYTOSIS","Csk",3,3,TRUE,TRUE,FALSE,TRUE,1,FALSE,FALSE,TRUE,0.183529259545052,0.220676821932357,TRUE,1.02347076407563,4.12515495268375e-07,TRUE,0.287772443173399,0.174330830297062
"GOBP_PHAGOCYTOSIS","Fgr",3,3,TRUE,TRUE,FALSE,TRUE,1,FALSE,FALSE,TRUE,0.515389051031006,0.28831460745267,TRUE,2.11824629636748,0.000138058358840273,TRUE,0.745661532096228,0.683178256379573
"GOBP_PHAGOCYTOSIS","Hck",3,3,TRUE,TRUE,FALSE,TRUE,1,FALSE,FALSE,TRUE,0.315056483473932,0.12356364451052,TRUE,4.22136449953663,7.19910221439481e-38,TRUE,0.278580063811414,0.796916524427636
"GOBP_PHAGOCYTOSIS","Itgal",3,3,TRUE,TRUE,FALSE,TRUE,3,TRUE,TRUE,TRUE,0.5158130786856,0.0491571447728293,TRUE,3.64924398307014,1.21535031663699e-12,TRUE,0.722344944598314,0.00812363107736976
"GOBP_PHAGOCYTOSIS","Itgax",3,3,TRUE,TRUE,FALSE,TRUE,1,FALSE,FALSE,TRUE,0.78770367649694,0.267692288385957,TRUE,3.78767084084762,4.02804911876953e-16,TRUE,0.822564186465989,0.261084134129211
"GOBP_PHAGOCYTOSIS","Itgb2",3,3,TRUE,TRUE,FALSE,TRUE,1,FALSE,FALSE,TRUE,0.577655265399382,0.160586698777614,TRUE,4.2106302715265,4.81085137874971e-20,TRUE,1.06224267673307,0.0717152126730221
"GOBP_PHAGOCYTOSIS","Lyn",3,3,TRUE,TRUE,FALSE,TRUE,1,FALSE,FALSE,TRUE,0.223509764937926,0.490142085956127,TRUE,2.0120269595302,3.81981511615045e-08,TRUE,0.587385518008491,0.0511607209227901
"GOBP_PHAGOCYTOSIS","Msr1",3,3,TRUE,TRUE,FALSE,TRUE,1,FALSE,FALSE,TRUE,0.255207979926394,0.643143866710727,TRUE,3.94002804195391,1.30466748872082e-14,TRUE,0.377029680231439,0.617971109257043
"GOBP_PHAGOCYTOSIS","Ptprc",3,3,TRUE,TRUE,FALSE,TRUE,1,FALSE,FALSE,TRUE,0.5919563991021,0.250252196802151,TRUE,1.91670613521538,5.7654628836785e-06,TRUE,0.518307903432168,0.101624983605367
"GOBP_PHAGOCYTOSIS","Pycard",3,3,TRUE,TRUE,FALSE,TRUE,1,FALSE,FALSE,TRUE,0.248790221495214,0.621156073177559,TRUE,1.88341482866933,4.3335305299106e-05,TRUE,0.680677032911383,0.206651393195141
"GOBP_PHAGOCYTOSIS","Slc11a1",3,3,TRUE,TRUE,FALSE,TRUE,2,FALSE,FALSE,TRUE,0.238419559901495,0.632289829138034,TRUE,2.74073713917411,4.04902194294064e-10,TRUE,1.10248796291425,0.0117200177399462
"GOBP_PHAGOCYTOSIS","Tgfb1",3,3,TRUE,TRUE,FALSE,TRUE,1,FALSE,FALSE,TRUE,0.352316809798448,0.325249018682096,TRUE,2.48294295045363,9.90696293843824e-16,TRUE,0.271883874258171,0.653831483433746
"GOBP_PHAGOCYTOSIS","Vav1",3,3,TRUE,TRUE,FALSE,TRUE,1,FALSE,FALSE,TRUE,0.252612890391214,0.650713364158388,TRUE,3.09923927623352,1.51852487403079e-11,TRUE,0.690891631962553,0.192726522095418
"GOBP_POSITIVE_REGULATION_OF_B_CELL_ACTIVATION","Cdkn1a",3,3,TRUE,TRUE,FALSE,TRUE,3,TRUE,TRUE,TRUE,2.36554425602502,1.35357633394429e-34,TRUE,2.35564858769235,1.78933839512498e-18,TRUE,1.25275470167071,0.00116547161516769
"GOBP_POSITIVE_REGULATION_OF_B_CELL_ACTIVATION","Clcf1",3,3,TRUE,TRUE,FALSE,TRUE,1,FALSE,FALSE,TRUE,0.380785126764215,0.507456244569033,TRUE,4.13566290771825,1.24970676670861e-26,TRUE,0.465798299822003,0.766052028621802
"GOBP_POSITIVE_REGULATION_OF_B_CELL_ACTIVATION","Ephb2",3,3,TRUE,TRUE,FALSE,TRUE,2,TRUE,FALSE,TRUE,0.572020751641617,0.0264766121358153,TRUE,1.42915570448895,5.27065260331292e-10,TRUE,0.26532150243207,0.536661356246787
"GOBP_POSITIVE_REGULATION_OF_B_CELL_ACTIVATION","Ptprc",3,3,TRUE,TRUE,FALSE,TRUE,1,FALSE,FALSE,TRUE,0.5919563991021,0.250252196802151,TRUE,1.91670613521538,5.7654628836785e-06,TRUE,0.518307903432168,0.101624983605367
"GOBP_POSITIVE_REGULATION_OF_B_CELL_ACTIVATION","Spi1",3,3,TRUE,TRUE,FALSE,TRUE,2,FALSE,FALSE,TRUE,0.231827238387176,0.377404760009199,TRUE,2.70498117793039,2.23000712632317e-08,TRUE,0.880614679226821,0.0101246949687062
"GOBP_POSITIVE_REGULATION_OF_B_CELL_ACTIVATION","Syk",3,3,TRUE,TRUE,FALSE,TRUE,1,FALSE,FALSE,TRUE,0.503344358195588,0.396384730535913,TRUE,2.99962596123063,2.36489559882808e-06,TRUE,0.233382318055769,0.871532469677388
"GOBP_POSITIVE_REGULATION_OF_B_CELL_ACTIVATION","Tgfb1",3,3,TRUE,TRUE,FALSE,TRUE,1,FALSE,FALSE,TRUE,0.352316809798448,0.325249018682096,TRUE,2.48294295045363,9.90696293843824e-16,TRUE,0.271883874258171,0.653831483433746
"GOBP_POSITIVE_REGULATION_OF_CELL_ACTIVATION","Actb",3,3,TRUE,TRUE,FALSE,TRUE,1,FALSE,FALSE,TRUE,0.100562992682506,0.356707455199691,TRUE,0.510588998540199,0.00176676471652104,TRUE,0.0936330712420067,0.736634357713194
"GOBP_POSITIVE_REGULATION_OF_CELL_ACTIVATION","Axl",3,3,TRUE,TRUE,FALSE,TRUE,2,FALSE,FALSE,TRUE,0.339910356914286,0.122586397501279,TRUE,1.25553291486956,2.71583197139278e-07,TRUE,0.387996439091485,0.00280427365788733
"GOBP_POSITIVE_REGULATION_OF_CELL_ACTIVATION","Cd276",3,3,TRUE,TRUE,FALSE,TRUE,1,FALSE,FALSE,TRUE,0.155813693455661,0.494240570746554,TRUE,2.68295811954464,1.86484746716925e-26,TRUE,0.912116163581484,0.61587036570436
"GOBP_POSITIVE_REGULATION_OF_CELL_ACTIVATION","Cd80",3,3,TRUE,TRUE,FALSE,TRUE,1,FALSE,FALSE,TRUE,0.664752398300911,0.14084322832029,TRUE,2.46574054249037,0.000337877256597884,TRUE,0.517813043747365,0.630079601111044
"GOBP_POSITIVE_REGULATION_OF_CELL_ACTIVATION","Cdkn1a",3,3,TRUE,TRUE,FALSE,TRUE,3,TRUE,TRUE,TRUE,2.36554425602502,1.35357633394429e-34,TRUE,2.35564858769235,1.78933839512498e-18,TRUE,1.25275470167071,0.00116547161516769
"GOBP_POSITIVE_REGULATION_OF_CELL_ACTIVATION","Cebpa",3,3,TRUE,TRUE,FALSE,TRUE,1,FALSE,FALSE,TRUE,0.2081021233382,0.622589072935499,TRUE,2.98546067492836,1.0631313430875e-13,TRUE,0.892092081909043,0.270264083793844
"GOBP_POSITIVE_REGULATION_OF_CELL_ACTIVATION","Clcf1",3,3,TRUE,TRUE,FALSE,TRUE,1,FALSE,FALSE,TRUE,0.380785126764215,0.507456244569033,TRUE,4.13566290771825,1.24970676670861e-26,TRUE,0.465798299822003,0.766052028621802
"GOBP_POSITIVE_REGULATION_OF_CELL_ACTIVATION","Coro1a",3,3,TRUE,TRUE,FALSE,TRUE,1,FALSE,FALSE,TRUE,0.350825398046623,0.136677536818005,TRUE,1.50503697211496,0.00139265969245429,TRUE,0.199570200192326,0.625525038811018
"GOBP_POSITIVE_REGULATION_OF_CELL_ACTIVATION","Csk",3,3,TRUE,TRUE,FALSE,TRUE,1,FALSE,FALSE,TRUE,0.183529259545052,0.220676821932357,TRUE,1.02347076407563,4.12515495268375e-07,TRUE,0.287772443173399,0.174330830297062
"GOBP_POSITIVE_REGULATION_OF_CELL_ACTIVATION","Dusp10",3,3,TRUE,TRUE,FALSE,TRUE,1,FALSE,FALSE,TRUE,0.268498030278965,0.498952870455321,TRUE,2.75959237781112,2.35675928486731e-10,TRUE,0.31796622672043,0.472074502780716
"GOBP_POSITIVE_REGULATION_OF_CELL_ACTIVATION","Ephb2",3,3,TRUE,TRUE,FALSE,TRUE,2,TRUE,FALSE,TRUE,0.572020751641617,0.0264766121358153,TRUE,1.42915570448895,5.27065260331292e-10,TRUE,0.26532150243207,0.536661356246787
"GOBP_POSITIVE_REGULATION_OF_CELL_ACTIVATION","Fcgr3a",3,3,TRUE,TRUE,FALSE,TRUE,1,FALSE,FALSE,TRUE,0.499791340273772,0.433136613110795,TRUE,3.79881048558459,3.8983911764311e-11,TRUE,1.53687952190867,0.101128589312253
"GOBP_POSITIVE_REGULATION_OF_CELL_ACTIVATION","Il4r",3,3,TRUE,TRUE,FALSE,TRUE,3,TRUE,TRUE,TRUE,0.399012306967088,0.0317157437091236,TRUE,1.27681718838081,2.15740978230773e-06,TRUE,0.77374273420999,0.000699072148901732
"GOBP_POSITIVE_REGULATION_OF_CELL_ACTIVATION","Jund",3,3,TRUE,TRUE,FALSE,TRUE,1,FALSE,FALSE,TRUE,0.128667988877692,0.519204764458392,TRUE,1.09918852295896,1.67489197471109e-10,TRUE,0.18689304090486,0.604869421964307
"GOBP_POSITIVE_REGULATION_OF_CELL_ACTIVATION","Lilrb4",3,3,TRUE,TRUE,FALSE,TRUE,1,FALSE,FALSE,TRUE,0.941798948455948,0.0922806887603967,TRUE,5.92588608419731,1.19920620782426e-10,TRUE,0.571424156002891,0.781521253309124
"GOBP_POSITIVE_REGULATION_OF_CELL_ACTIVATION","Lyn",3,3,TRUE,TRUE,FALSE,TRUE,1,FALSE,FALSE,TRUE,0.223509764937926,0.490142085956127,TRUE,2.0120269595302,3.81981511615045e-08,TRUE,0.587385518008491,0.0511607209227901
"GOBP_POSITIVE_REGULATION_OF_CELL_ACTIVATION","Myd88",3,3,TRUE,TRUE,FALSE,TRUE,1,FALSE,FALSE,TRUE,0.160206577192312,0.554368260121224,TRUE,0.981640852311147,4.24310889552739e-05,TRUE,0.153760360951687,0.845257405344269
"GOBP_POSITIVE_REGULATION_OF_CELL_ACTIVATION","Nck2",3,3,TRUE,TRUE,FALSE,TRUE,1,FALSE,FALSE,TRUE,0.130088032123203,0.600409934318366,TRUE,1.01701952115164,6.66929140451973e-07,TRUE,0.229848708726106,0.742606868478027
"GOBP_POSITIVE_REGULATION_OF_CELL_ACTIVATION","Pla2g4a",3,3,TRUE,TRUE,FALSE,TRUE,1,FALSE,FALSE,TRUE,0.473645199815029,0.426215519136847,TRUE,2.04494003353708,2.14395612438244e-06,TRUE,0.476628690511625,0.697088429852087
"GOBP_POSITIVE_REGULATION_OF_CELL_ACTIVATION","Pnp",3,3,TRUE,TRUE,FALSE,TRUE,1,FALSE,FALSE,TRUE,0.210766504220009,0.237268148131174,TRUE,1.2606493226535,4.79061121097659e-08,TRUE,0.410535855788382,0.120347810483469
"GOBP_POSITIVE_REGULATION_OF_CELL_ACTIVATION","Ptpn6",3,3,TRUE,TRUE,FALSE,TRUE,1,FALSE,FALSE,TRUE,0.287205850094709,0.553774801059526,TRUE,1.98203183621216,1.06186485618229e-09,TRUE,0.371019040084565,0.513464940390957
"GOBP_POSITIVE_REGULATION_OF_CELL_ACTIVATION","Ptprc",3,3,TRUE,TRUE,FALSE,TRUE,1,FALSE,FALSE,TRUE,0.5919563991021,0.250252196802151,TRUE,1.91670613521538,5.7654628836785e-06,TRUE,0.518307903432168,0.101624983605367
"GOBP_POSITIVE_REGULATION_OF_CELL_ACTIVATION","Pycard",3,3,TRUE,TRUE,FALSE,TRUE,1,FALSE,FALSE,TRUE,0.248790221495214,0.621156073177559,TRUE,1.88341482866933,4.3335305299106e-05,TRUE,0.680677032911383,0.206651393195141
"GOBP_POSITIVE_REGULATION_OF_CELL_ACTIVATION","Spi1",3,3,TRUE,TRUE,FALSE,TRUE,2,FALSE,FALSE,TRUE,0.231827238387176,0.377404760009199,TRUE,2.70498117793039,2.23000712632317e-08,TRUE,0.880614679226821,0.0101246949687062
"GOBP_POSITIVE_REGULATION_OF_CELL_ACTIVATION","Syk",3,3,TRUE,TRUE,FALSE,TRUE,1,FALSE,FALSE,TRUE,0.503344358195588,0.396384730535913,TRUE,2.99962596123063,2.36489559882808e-06,TRUE,0.233382318055769,0.871532469677388
"GOBP_POSITIVE_REGULATION_OF_CELL_ACTIVATION","Tgfb1",3,3,TRUE,TRUE,FALSE,TRUE,1,FALSE,FALSE,TRUE,0.352316809798448,0.325249018682096,TRUE,2.48294295045363,9.90696293843824e-16,TRUE,0.271883874258171,0.653831483433746
"GOBP_POSITIVE_REGULATION_OF_CELL_ADHESION","Actb",3,3,TRUE,TRUE,FALSE,TRUE,1,FALSE,FALSE,TRUE,0.100562992682506,0.356707455199691,TRUE,0.510588998540199,0.00176676471652104,TRUE,0.0936330712420067,0.736634357713194
"GOBP_POSITIVE_REGULATION_OF_CELL_ADHESION","Cd276",3,3,TRUE,TRUE,FALSE,TRUE,1,FALSE,FALSE,TRUE,0.155813693455661,0.494240570746554,TRUE,2.68295811954464,1.86484746716925e-26,TRUE,0.912116163581484,0.61587036570436
"GOBP_POSITIVE_REGULATION_OF_CELL_ADHESION","Cd80",3,3,TRUE,TRUE,FALSE,TRUE,1,FALSE,FALSE,TRUE,0.664752398300911,0.14084322832029,TRUE,2.46574054249037,0.000337877256597884,TRUE,0.517813043747365,0.630079601111044
"GOBP_POSITIVE_REGULATION_OF_CELL_ADHESION","Col16a1",3,3,TRUE,TRUE,FALSE,TRUE,2,TRUE,FALSE,TRUE,0.437721092872066,0.0311297432235143,TRUE,1.23252737385172,1.91906682931496e-06,TRUE,0.371048406292925,0.115523987798977
"GOBP_POSITIVE_REGULATION_OF_CELL_ADHESION","Coro1a",3,3,TRUE,TRUE,FALSE,TRUE,1,FALSE,FALSE,TRUE,0.350825398046623,0.136677536818005,TRUE,1.50503697211496,0.00139265969245429,TRUE,0.199570200192326,0.625525038811018
"GOBP_POSITIVE_REGULATION_OF_CELL_ADHESION","Csf1",3,3,TRUE,TRUE,FALSE,TRUE,3,TRUE,TRUE,TRUE,0.502968114960466,0.00266356540706981,TRUE,1.19180569407285,2.43141460557132e-05,TRUE,1.42952754285414,8.54054282303828e-07
"GOBP_POSITIVE_REGULATION_OF_CELL_ADHESION","Csk",3,3,TRUE,TRUE,FALSE,TRUE,1,FALSE,FALSE,TRUE,0.183529259545052,0.220676821932357,TRUE,1.02347076407563,4.12515495268375e-07,TRUE,0.287772443173399,0.174330830297062
"GOBP_POSITIVE_REGULATION_OF_CELL_ADHESION","Dusp10",3,3,TRUE,TRUE,FALSE,TRUE,1,FALSE,FALSE,TRUE,0.268498030278965,0.498952870455321,TRUE,2.75959237781112,2.35675928486731e-10,TRUE,0.31796622672043,0.472074502780716
"GOBP_POSITIVE_REGULATION_OF_CELL_ADHESION","Efemp2",3,3,TRUE,TRUE,FALSE,TRUE,1,FALSE,FALSE,TRUE,0.256226190642072,0.403050753780993,TRUE,1.42074519449299,3.09993632158854e-05,TRUE,0.256736143450287,0.683178256379573
"GOBP_POSITIVE_REGULATION_OF_CELL_ADHESION","Itgb2",3,3,TRUE,TRUE,FALSE,TRUE,1,FALSE,FALSE,TRUE,0.577655265399382,0.160586698777614,TRUE,4.2106302715265,4.81085137874971e-20,TRUE,1.06224267673307,0.0717152126730221
"GOBP_POSITIVE_REGULATION_OF_CELL_ADHESION","Ldb1",3,3,TRUE,TRUE,FALSE,TRUE,1,FALSE,FALSE,TRUE,0.174786794328405,0.205335303428991,TRUE,0.635363550498837,0.000246734301624511,TRUE,0.116054990705521,0.74594625528336
"GOBP_POSITIVE_REGULATION_OF_CELL_ADHESION","Lilrb4",3,3,TRUE,TRUE,FALSE,TRUE,1,FALSE,FALSE,TRUE,0.941798948455948,0.0922806887603967,TRUE,5.92588608419731,1.19920620782426e-10,TRUE,0.571424156002891,0.781521253309124
"GOBP_POSITIVE_REGULATION_OF_CELL_ADHESION","Lyn",3,3,TRUE,TRUE,FALSE,TRUE,1,FALSE,FALSE,TRUE,0.223509764937926,0.490142085956127,TRUE,2.0120269595302,3.81981511615045e-08,TRUE,0.587385518008491,0.0511607209227901
"GOBP_POSITIVE_REGULATION_OF_CELL_ADHESION","Nck2",3,3,TRUE,TRUE,FALSE,TRUE,1,FALSE,FALSE,TRUE,0.130088032123203,0.600409934318366,TRUE,1.01701952115164,6.66929140451973e-07,TRUE,0.229848708726106,0.742606868478027
"GOBP_POSITIVE_REGULATION_OF_CELL_ADHESION","P4hb",3,3,TRUE,TRUE,FALSE,TRUE,1,FALSE,FALSE,TRUE,0.115284351089063,0.497160178747034,TRUE,0.987997498771379,6.04408681135889e-08,TRUE,0.137136963875077,0.528584259947901
"GOBP_POSITIVE_REGULATION_OF_CELL_ADHESION","Pnp",3,3,TRUE,TRUE,FALSE,TRUE,1,FALSE,FALSE,TRUE,0.210766504220009,0.237268148131174,TRUE,1.2606493226535,4.79061121097659e-08,TRUE,0.410535855788382,0.120347810483469
"GOBP_POSITIVE_REGULATION_OF_CELL_ADHESION","Ptpn6",3,3,TRUE,TRUE,FALSE,TRUE,1,FALSE,FALSE,TRUE,0.287205850094709,0.553774801059526,TRUE,1.98203183621216,1.06186485618229e-09,TRUE,0.371019040084565,0.513464940390957
"GOBP_POSITIVE_REGULATION_OF_CELL_ADHESION","Ptprc",3,3,TRUE,TRUE,FALSE,TRUE,1,FALSE,FALSE,TRUE,0.5919563991021,0.250252196802151,TRUE,1.91670613521538,5.7654628836785e-06,TRUE,0.518307903432168,0.101624983605367
"GOBP_POSITIVE_REGULATION_OF_CELL_ADHESION","Pycard",3,3,TRUE,TRUE,FALSE,TRUE,1,FALSE,FALSE,TRUE,0.248790221495214,0.621156073177559,TRUE,1.88341482866933,4.3335305299106e-05,TRUE,0.680677032911383,0.206651393195141
"GOBP_POSITIVE_REGULATION_OF_CELL_ADHESION","Syk",3,3,TRUE,TRUE,FALSE,TRUE,1,FALSE,FALSE,TRUE,0.503344358195588,0.396384730535913,TRUE,2.99962596123063,2.36489559882808e-06,TRUE,0.233382318055769,0.871532469677388
"GOBP_POSITIVE_REGULATION_OF_CELL_ADHESION","Tgfb1",3,3,TRUE,TRUE,FALSE,TRUE,1,FALSE,FALSE,TRUE,0.352316809798448,0.325249018682096,TRUE,2.48294295045363,9.90696293843824e-16,TRUE,0.271883874258171,0.653831483433746
"GOBP_POSITIVE_REGULATION_OF_CELL_ADHESION","Triobp",3,3,TRUE,TRUE,FALSE,TRUE,2,FALSE,FALSE,TRUE,0.191553322404275,0.415395586530069,TRUE,0.593671648437409,0.000264952463026757,TRUE,0.373784662211462,0.0133697502107539
"GOBP_POSITIVE_REGULATION_OF_CELL_ADHESION","Vav1",3,3,TRUE,TRUE,FALSE,TRUE,1,FALSE,FALSE,TRUE,0.252612890391214,0.650713364158388,TRUE,3.09923927623352,1.51852487403079e-11,TRUE,0.690891631962553,0.192726522095418
"GOBP_POSITIVE_REGULATION_OF_CELL_CELL_ADHESION","Actb",3,3,TRUE,TRUE,FALSE,TRUE,1,FALSE,FALSE,TRUE,0.100562992682506,0.356707455199691,TRUE,0.510588998540199,0.00176676471652104,TRUE,0.0936330712420067,0.736634357713194
"GOBP_POSITIVE_REGULATION_OF_CELL_CELL_ADHESION","Cd276",3,3,TRUE,TRUE,FALSE,TRUE,1,FALSE,FALSE,TRUE,0.155813693455661,0.494240570746554,TRUE,2.68295811954464,1.86484746716925e-26,TRUE,0.912116163581484,0.61587036570436
"GOBP_POSITIVE_REGULATION_OF_CELL_CELL_ADHESION","Cd80",3,3,TRUE,TRUE,FALSE,TRUE,1,FALSE,FALSE,TRUE,0.664752398300911,0.14084322832029,TRUE,2.46574054249037,0.000337877256597884,TRUE,0.517813043747365,0.630079601111044
"GOBP_POSITIVE_REGULATION_OF_CELL_CELL_ADHESION","Coro1a",3,3,TRUE,TRUE,FALSE,TRUE,1,FALSE,FALSE,TRUE,0.350825398046623,0.136677536818005,TRUE,1.50503697211496,0.00139265969245429,TRUE,0.199570200192326,0.625525038811018
"GOBP_POSITIVE_REGULATION_OF_CELL_CELL_ADHESION","Csk",3,3,TRUE,TRUE,FALSE,TRUE,1,FALSE,FALSE,TRUE,0.183529259545052,0.220676821932357,TRUE,1.02347076407563,4.12515495268375e-07,TRUE,0.287772443173399,0.174330830297062
"GOBP_POSITIVE_REGULATION_OF_CELL_CELL_ADHESION","Dusp10",3,3,TRUE,TRUE,FALSE,TRUE,1,FALSE,FALSE,TRUE,0.268498030278965,0.498952870455321,TRUE,2.75959237781112,2.35675928486731e-10,TRUE,0.31796622672043,0.472074502780716
"GOBP_POSITIVE_REGULATION_OF_CELL_CELL_ADHESION","Itgb2",3,3,TRUE,TRUE,FALSE,TRUE,1,FALSE,FALSE,TRUE,0.577655265399382,0.160586698777614,TRUE,4.2106302715265,4.81085137874971e-20,TRUE,1.06224267673307,0.0717152126730221
"GOBP_POSITIVE_REGULATION_OF_CELL_CELL_ADHESION","Lilrb4",3,3,TRUE,TRUE,FALSE,TRUE,1,FALSE,FALSE,TRUE,0.941798948455948,0.0922806887603967,TRUE,5.92588608419731,1.19920620782426e-10,TRUE,0.571424156002891,0.781521253309124
"GOBP_POSITIVE_REGULATION_OF_CELL_CELL_ADHESION","Lyn",3,3,TRUE,TRUE,FALSE,TRUE,1,FALSE,FALSE,TRUE,0.223509764937926,0.490142085956127,TRUE,2.0120269595302,3.81981511615045e-08,TRUE,0.587385518008491,0.0511607209227901
"GOBP_POSITIVE_REGULATION_OF_CELL_CELL_ADHESION","Nck2",3,3,TRUE,TRUE,FALSE,TRUE,1,FALSE,FALSE,TRUE,0.130088032123203,0.600409934318366,TRUE,1.01701952115164,6.66929140451973e-07,TRUE,0.229848708726106,0.742606868478027
"GOBP_POSITIVE_REGULATION_OF_CELL_CELL_ADHESION","Pnp",3,3,TRUE,TRUE,FALSE,TRUE,1,FALSE,FALSE,TRUE,0.210766504220009,0.237268148131174,TRUE,1.2606493226535,4.79061121097659e-08,TRUE,0.410535855788382,0.120347810483469
"GOBP_POSITIVE_REGULATION_OF_CELL_CELL_ADHESION","Ptpn6",3,3,TRUE,TRUE,FALSE,TRUE,1,FALSE,FALSE,TRUE,0.287205850094709,0.553774801059526,TRUE,1.98203183621216,1.06186485618229e-09,TRUE,0.371019040084565,0.513464940390957
"GOBP_POSITIVE_REGULATION_OF_CELL_CELL_ADHESION","Ptprc",3,3,TRUE,TRUE,FALSE,TRUE,1,FALSE,FALSE,TRUE,0.5919563991021,0.250252196802151,TRUE,1.91670613521538,5.7654628836785e-06,TRUE,0.518307903432168,0.101624983605367
"GOBP_POSITIVE_REGULATION_OF_CELL_CELL_ADHESION","Pycard",3,3,TRUE,TRUE,FALSE,TRUE,1,FALSE,FALSE,TRUE,0.248790221495214,0.621156073177559,TRUE,1.88341482866933,4.3335305299106e-05,TRUE,0.680677032911383,0.206651393195141
"GOBP_POSITIVE_REGULATION_OF_CELL_CELL_ADHESION","Syk",3,3,TRUE,TRUE,FALSE,TRUE,1,FALSE,FALSE,TRUE,0.503344358195588,0.396384730535913,TRUE,2.99962596123063,2.36489559882808e-06,TRUE,0.233382318055769,0.871532469677388
"GOBP_POSITIVE_REGULATION_OF_CELL_CELL_ADHESION","Tgfb1",3,3,TRUE,TRUE,FALSE,TRUE,1,FALSE,FALSE,TRUE,0.352316809798448,0.325249018682096,TRUE,2.48294295045363,9.90696293843824e-16,TRUE,0.271883874258171,0.653831483433746
"GOBP_POSITIVE_REGULATION_OF_CELL_CELL_ADHESION","Vav1",3,3,TRUE,TRUE,FALSE,TRUE,1,FALSE,FALSE,TRUE,0.252612890391214,0.650713364158388,TRUE,3.09923927623352,1.51852487403079e-11,TRUE,0.690891631962553,0.192726522095418
"GOBP_POSITIVE_REGULATION_OF_CELL_DEVELOPMENT","Actb",3,3,TRUE,TRUE,FALSE,TRUE,1,FALSE,FALSE,TRUE,0.100562992682506,0.356707455199691,TRUE,0.510588998540199,0.00176676471652104,TRUE,0.0936330712420067,0.736634357713194
"GOBP_POSITIVE_REGULATION_OF_CELL_DEVELOPMENT","Aspm",3,3,TRUE,TRUE,FALSE,TRUE,2,TRUE,FALSE,TRUE,0.781129392361545,0.00649232254828835,TRUE,2.21510915351749,1.35168739191805e-06,TRUE,0.284134948877284,0.71366374659426
"GOBP_POSITIVE_REGULATION_OF_CELL_DEVELOPMENT","Axl",3,3,TRUE,TRUE,FALSE,TRUE,2,FALSE,FALSE,TRUE,0.339910356914286,0.122586397501279,TRUE,1.25553291486956,2.71583197139278e-07,TRUE,0.387996439091485,0.00280427365788733
"GOBP_POSITIVE_REGULATION_OF_CELL_DEVELOPMENT","Brd4",3,3,TRUE,TRUE,FALSE,TRUE,1,FALSE,FALSE,TRUE,0.118867485815696,0.527086952949651,TRUE,0.481200351442841,0.0148592223152972,TRUE,0.194790797287945,0.573351626995194
"GOBP_POSITIVE_REGULATION_OF_CELL_DEVELOPMENT","Cd80",3,3,TRUE,TRUE,FALSE,TRUE,1,FALSE,FALSE,TRUE,0.664752398300911,0.14084322832029,TRUE,2.46574054249037,0.000337877256597884,TRUE,0.517813043747365,0.630079601111044
"GOBP_POSITIVE_REGULATION_OF_CELL_DEVELOPMENT","Clcf1",3,3,TRUE,TRUE,FALSE,TRUE,1,FALSE,FALSE,TRUE,0.380785126764215,0.507456244569033,TRUE,4.13566290771825,1.24970676670861e-26,TRUE,0.465798299822003,0.766052028621802
"GOBP_POSITIVE_REGULATION_OF_CELL_DEVELOPMENT","Csf1",3,3,TRUE,TRUE,FALSE,TRUE,3,TRUE,TRUE,TRUE,0.502968114960466,0.00266356540706981,TRUE,1.19180569407285,2.43141460557132e-05,TRUE,1.42952754285414,8.54054282303828e-07
"GOBP_POSITIVE_REGULATION_OF_CELL_DEVELOPMENT","Dusp10",3,3,TRUE,TRUE,FALSE,TRUE,1,FALSE,FALSE,TRUE,0.268498030278965,0.498952870455321,TRUE,2.75959237781112,2.35675928486731e-10,TRUE,0.31796622672043,0.472074502780716
"GOBP_POSITIVE_REGULATION_OF_CELL_DEVELOPMENT","Ephb2",3,3,TRUE,TRUE,FALSE,TRUE,2,TRUE,FALSE,TRUE,0.572020751641617,0.0264766121358153,TRUE,1.42915570448895,5.27065260331292e-10,TRUE,0.26532150243207,0.536661356246787
"GOBP_POSITIVE_REGULATION_OF_CELL_DEVELOPMENT","Fos",3,3,TRUE,TRUE,FALSE,TRUE,1,FALSE,FALSE,TRUE,0.405442099828993,0.536431739122925,TRUE,2.52304594279879,3.02272530391151e-09,TRUE,0.677909207060348,0.871532469677388
"GOBP_POSITIVE_REGULATION_OF_CELL_DEVELOPMENT","Hdac1",3,3,TRUE,TRUE,FALSE,TRUE,1,FALSE,FALSE,TRUE,0.156073257707131,0.45333233152589,TRUE,0.987702552465318,8.77584616509538e-09,TRUE,0.130787381556341,0.809330631166976
"GOBP_POSITIVE_REGULATION_OF_CELL_DEVELOPMENT","Il2rb",3,3,TRUE,TRUE,FALSE,TRUE,2,FALSE,FALSE,TRUE,1.28113834586542,0.070614234743614,TRUE,2.04185973077079,0.011919470863005,TRUE,1.81747673028732,0.018171677886979
"GOBP_POSITIVE_REGULATION_OF_CELL_DEVELOPMENT","Il4r",3,3,TRUE,TRUE,FALSE,TRUE,3,TRUE,TRUE,TRUE,0.399012306967088,0.0317157437091236,TRUE,1.27681718838081,2.15740978230773e-06,TRUE,0.77374273420999,0.000699072148901732
"GOBP_POSITIVE_REGULATION_OF_CELL_DEVELOPMENT","Lilrb4",3,3,TRUE,TRUE,FALSE,TRUE,1,FALSE,FALSE,TRUE,0.941798948455948,0.0922806887603967,TRUE,5.92588608419731,1.19920620782426e-10,TRUE,0.571424156002891,0.781521253309124
"GOBP_POSITIVE_REGULATION_OF_CELL_DEVELOPMENT","Lyn",3,3,TRUE,TRUE,FALSE,TRUE,1,FALSE,FALSE,TRUE,0.223509764937926,0.490142085956127,TRUE,2.0120269595302,3.81981511615045e-08,TRUE,0.587385518008491,0.0511607209227901
"GOBP_POSITIVE_REGULATION_OF_CELL_DEVELOPMENT","Pnp",3,3,TRUE,TRUE,FALSE,TRUE,1,FALSE,FALSE,TRUE,0.210766504220009,0.237268148131174,TRUE,1.2606493226535,4.79061121097659e-08,TRUE,0.410535855788382,0.120347810483469
"GOBP_POSITIVE_REGULATION_OF_CELL_DEVELOPMENT","Ptprc",3,3,TRUE,TRUE,FALSE,TRUE,1,FALSE,FALSE,TRUE,0.5919563991021,0.250252196802151,TRUE,1.91670613521538,5.7654628836785e-06,TRUE,0.518307903432168,0.101624983605367
"GOBP_POSITIVE_REGULATION_OF_CELL_DEVELOPMENT","Spi1",3,3,TRUE,TRUE,FALSE,TRUE,2,FALSE,FALSE,TRUE,0.231827238387176,0.377404760009199,TRUE,2.70498117793039,2.23000712632317e-08,TRUE,0.880614679226821,0.0101246949687062
"GOBP_POSITIVE_REGULATION_OF_CELL_DEVELOPMENT","Syk",3,3,TRUE,TRUE,FALSE,TRUE,1,FALSE,FALSE,TRUE,0.503344358195588,0.396384730535913,TRUE,2.99962596123063,2.36489559882808e-06,TRUE,0.233382318055769,0.871532469677388
"GOBP_POSITIVE_REGULATION_OF_CELL_DEVELOPMENT","Tgfb1",3,3,TRUE,TRUE,FALSE,TRUE,1,FALSE,FALSE,TRUE,0.352316809798448,0.325249018682096,TRUE,2.48294295045363,9.90696293843824e-16,TRUE,0.271883874258171,0.653831483433746
"GOBP_POSITIVE_REGULATION_OF_CELL_DEVELOPMENT","Tnfrsf1b",3,3,TRUE,TRUE,FALSE,TRUE,1,FALSE,FALSE,TRUE,0.267272159554668,0.509379913049287,TRUE,1.50470562292304,7.12442531553175e-05,TRUE,0.508146320436365,0.415506032246073
"GOBP_POSITIVE_REGULATION_OF_CELL_DEVELOPMENT","Tspo",3,3,TRUE,TRUE,FALSE,TRUE,2,FALSE,FALSE,TRUE,0.325405375846523,0.202379404847811,TRUE,0.749570129782397,0.00705455824453808,TRUE,0.78445319851494,0.0296285088499084
"GOBP_POSITIVE_REGULATION_OF_CYTOKINE_PRODUCTION","Afap1l2",3,3,TRUE,TRUE,FALSE,TRUE,1,FALSE,FALSE,TRUE,0.172489440429083,0.422098376024435,TRUE,1.02680884176221,8.26409113612054e-07,TRUE,0.186244640175143,0.750202819362835
"GOBP_POSITIVE_REGULATION_OF_CYTOKINE_PRODUCTION","Agpat2",3,3,TRUE,TRUE,FALSE,TRUE,1,FALSE,FALSE,TRUE,0.71659932939075,0.157237373215346,TRUE,1.75071533325784,1.39858941245108e-08,TRUE,0.492089211324356,0.612986458844442
"GOBP_POSITIVE_REGULATION_OF_CYTOKINE_PRODUCTION","Bcl3",3,3,TRUE,TRUE,FALSE,TRUE,2,FALSE,FALSE,TRUE,0.402414231968193,0.231590537214337,TRUE,1.84514765362038,4.15490542439594e-16,TRUE,1.30208899692276,3.71058910103766e-06
"GOBP_POSITIVE_REGULATION_OF_CYTOKINE_PRODUCTION","Card11",3,3,TRUE,TRUE,FALSE,TRUE,1,FALSE,FALSE,TRUE,0.421669276017431,0.333026469662277,TRUE,1.28497708256439,0.0349091435484314,TRUE,0.622905163734403,0.338580434987131
"GOBP_POSITIVE_REGULATION_OF_CYTOKINE_PRODUCTION","Cd276",3,3,TRUE,TRUE,FALSE,TRUE,1,FALSE,FALSE,TRUE,0.155813693455661,0.494240570746554,TRUE,2.68295811954464,1.86484746716925e-26,TRUE,0.912116163581484,0.61587036570436
"GOBP_POSITIVE_REGULATION_OF_CYTOKINE_PRODUCTION","Cd80",3,3,TRUE,TRUE,FALSE,TRUE,1,FALSE,FALSE,TRUE,0.664752398300911,0.14084322832029,TRUE,2.46574054249037,0.000337877256597884,TRUE,0.517813043747365,0.630079601111044
"GOBP_POSITIVE_REGULATION_OF_CYTOKINE_PRODUCTION","Duox1",3,3,TRUE,TRUE,FALSE,TRUE,1,FALSE,FALSE,TRUE,0.563201030809831,0.494240570746554,TRUE,2.21457607226986,0.00516069834668226,TRUE,1.12410533475523,0.44717661220682
"GOBP_POSITIVE_REGULATION_OF_CYTOKINE_PRODUCTION","Egr1",3,3,TRUE,TRUE,FALSE,TRUE,1,FALSE,FALSE,TRUE,0.349773964325848,0.541819370816122,TRUE,0.897984574084595,0.0110919967286632,TRUE,0.450415341734724,0.719875924307166
"GOBP_POSITIVE_REGULATION_OF_CYTOKINE_PRODUCTION","Ephb2",3,3,TRUE,TRUE,FALSE,TRUE,2,TRUE,FALSE,TRUE,0.572020751641617,0.0264766121358153,TRUE,1.42915570448895,5.27065260331292e-10,TRUE,0.26532150243207,0.536661356246787
"GOBP_POSITIVE_REGULATION_OF_CYTOKINE_PRODUCTION","Fcgr3a",3,3,TRUE,TRUE,FALSE,TRUE,1,FALSE,FALSE,TRUE,0.499791340273772,0.433136613110795,TRUE,3.79881048558459,3.8983911764311e-11,TRUE,1.53687952190867,0.101128589312253
"GOBP_POSITIVE_REGULATION_OF_CYTOKINE_PRODUCTION","Fgr",3,3,TRUE,TRUE,FALSE,TRUE,1,FALSE,FALSE,TRUE,0.515389051031006,0.28831460745267,TRUE,2.11824629636748,0.000138058358840273,TRUE,0.745661532096228,0.683178256379573
"GOBP_POSITIVE_REGULATION_OF_CYTOKINE_PRODUCTION","Ikbke",3,3,TRUE,TRUE,FALSE,TRUE,2,TRUE,FALSE,TRUE,0.760401452093416,0.00313157452124863,TRUE,2.23598558704328,1.10026172711676e-11,TRUE,0.242636065359564,0.858162814887538
"GOBP_POSITIVE_REGULATION_OF_CYTOKINE_PRODUCTION","Il4r",3,3,TRUE,TRUE,FALSE,TRUE,3,TRUE,TRUE,TRUE,0.399012306967088,0.0317157437091236,TRUE,1.27681718838081,2.15740978230773e-06,TRUE,0.77374273420999,0.000699072148901732
"GOBP_POSITIVE_REGULATION_OF_CYTOKINE_PRODUCTION","Irak3",3,3,TRUE,TRUE,FALSE,TRUE,2,TRUE,FALSE,TRUE,0.631941891439005,0.00155976019701832,TRUE,0.878125867520487,6.57638099719961e-05,TRUE,0.245044844928754,0.522132434794
"GOBP_POSITIVE_REGULATION_OF_CYTOKINE_PRODUCTION","Irf5",3,3,TRUE,TRUE,FALSE,TRUE,1,FALSE,FALSE,TRUE,0.426066971251357,0.116637285182882,TRUE,1.95145440294813,0.000131781151828553,TRUE,0.494746860581211,0.185309697300595
"GOBP_POSITIVE_REGULATION_OF_CYTOKINE_PRODUCTION","Kpna2",3,3,TRUE,TRUE,FALSE,TRUE,1,FALSE,FALSE,TRUE,0.15235919045795,0.470784948008907,TRUE,1.89455026025933,5.03143204229638e-12,TRUE,0.339355295584696,0.20531944776521
"GOBP_POSITIVE_REGULATION_OF_CYTOKINE_PRODUCTION","Mnda",3,3,TRUE,TRUE,FALSE,TRUE,1,FALSE,FALSE,TRUE,0.417608355899685,0.326485549650622,TRUE,1.57862229294173,0.0177570728745022,TRUE,0.29329723677737,0.863965467866178
"GOBP_POSITIVE_REGULATION_OF_CYTOKINE_PRODUCTION","Myd88",3,3,TRUE,TRUE,FALSE,TRUE,1,FALSE,FALSE,TRUE,0.160206577192312,0.554368260121224,TRUE,0.981640852311147,4.24310889552739e-05,TRUE,0.153760360951687,0.845257405344269
"GOBP_POSITIVE_REGULATION_OF_CYTOKINE_PRODUCTION","Nfam1",3,3,TRUE,TRUE,FALSE,TRUE,1,FALSE,FALSE,TRUE,0.484213271703586,0.0781408711177233,TRUE,3.71421188425343,6.19716566531939e-11,TRUE,0.351253084476359,0.501902609722221
"GOBP_POSITIVE_REGULATION_OF_CYTOKINE_PRODUCTION","Pnp",3,3,TRUE,TRUE,FALSE,TRUE,1,FALSE,FALSE,TRUE,0.210766504220009,0.237268148131174,TRUE,1.2606493226535,4.79061121097659e-08,TRUE,0.410535855788382,0.120347810483469
"GOBP_POSITIVE_REGULATION_OF_CYTOKINE_PRODUCTION","Ptprc",3,3,TRUE,TRUE,FALSE,TRUE,1,FALSE,FALSE,TRUE,0.5919563991021,0.250252196802151,TRUE,1.91670613521538,5.7654628836785e-06,TRUE,0.518307903432168,0.101624983605367
"GOBP_POSITIVE_REGULATION_OF_CYTOKINE_PRODUCTION","Syk",3,3,TRUE,TRUE,FALSE,TRUE,1,FALSE,FALSE,TRUE,0.503344358195588,0.396384730535913,TRUE,2.99962596123063,2.36489559882808e-06,TRUE,0.233382318055769,0.871532469677388
"GOBP_POSITIVE_REGULATION_OF_CYTOKINE_PRODUCTION","Tgfb1",3,3,TRUE,TRUE,FALSE,TRUE,1,FALSE,FALSE,TRUE,0.352316809798448,0.325249018682096,TRUE,2.48294295045363,9.90696293843824e-16,TRUE,0.271883874258171,0.653831483433746
"GOBP_POSITIVE_REGULATION_OF_CYTOKINE_PRODUCTION","Tlr3",3,3,TRUE,TRUE,FALSE,TRUE,1,FALSE,FALSE,TRUE,0.284951915196595,0.494240570746554,TRUE,1.48259954257452,1.05336868344864e-06,TRUE,0.516350832659553,0.582604161676384
"GOBP_POSITIVE_REGULATION_OF_CYTOKINE_PRODUCTION","Uap1",3,3,TRUE,TRUE,FALSE,TRUE,1,FALSE,FALSE,TRUE,0.390098118422316,0.172826776185284,TRUE,0.731223560245488,0.0206917506307734,TRUE,0.153538781306778,0.722410449374803
"GOBP_POSITIVE_REGULATION_OF_CYTOKINE_PRODUCTION","Unc93b1",3,3,TRUE,TRUE,FALSE,TRUE,1,FALSE,FALSE,TRUE,0.247418492342772,0.267638704247654,TRUE,2.58126022220956,6.54034312134097e-12,TRUE,0.239586050362998,0.341992879785876
"GOBP_POSITIVE_REGULATION_OF_CYTOKINE_PRODUCTION","Zfp580",3,3,TRUE,TRUE,FALSE,TRUE,1,FALSE,FALSE,TRUE,0.238217925647518,0.306528408467122,TRUE,0.606930946371058,0.0333861124330382,TRUE,0.402403967450002,0.821217679202185
"GOBP_POSITIVE_REGULATION_OF_HEMOPOIESIS","Actb",3,3,TRUE,TRUE,FALSE,TRUE,1,FALSE,FALSE,TRUE,0.100562992682506,0.356707455199691,TRUE,0.510588998540199,0.00176676471652104,TRUE,0.0936330712420067,0.736634357713194
"GOBP_POSITIVE_REGULATION_OF_HEMOPOIESIS","Axl",3,3,TRUE,TRUE,FALSE,TRUE,2,FALSE,FALSE,TRUE,0.339910356914286,0.122586397501279,TRUE,1.25553291486956,2.71583197139278e-07,TRUE,0.387996439091485,0.00280427365788733
"GOBP_POSITIVE_REGULATION_OF_HEMOPOIESIS","Brd4",3,3,TRUE,TRUE,FALSE,TRUE,1,FALSE,FALSE,TRUE,0.118867485815696,0.527086952949651,TRUE,0.481200351442841,0.0148592223152972,TRUE,0.194790797287945,0.573351626995194
"GOBP_POSITIVE_REGULATION_OF_HEMOPOIESIS","Cd80",3,3,TRUE,TRUE,FALSE,TRUE,1,FALSE,FALSE,TRUE,0.664752398300911,0.14084322832029,TRUE,2.46574054249037,0.000337877256597884,TRUE,0.517813043747365,0.630079601111044
"GOBP_POSITIVE_REGULATION_OF_HEMOPOIESIS","Csf1",3,3,TRUE,TRUE,FALSE,TRUE,3,TRUE,TRUE,TRUE,0.502968114960466,0.00266356540706981,TRUE,1.19180569407285,2.43141460557132e-05,TRUE,1.42952754285414,8.54054282303828e-07
"GOBP_POSITIVE_REGULATION_OF_HEMOPOIESIS","Dusp10",3,3,TRUE,TRUE,FALSE,TRUE,1,FALSE,FALSE,TRUE,0.268498030278965,0.498952870455321,TRUE,2.75959237781112,2.35675928486731e-10,TRUE,0.31796622672043,0.472074502780716
"GOBP_POSITIVE_REGULATION_OF_HEMOPOIESIS","Fos",3,3,TRUE,TRUE,FALSE,TRUE,1,FALSE,FALSE,TRUE,0.405442099828993,0.536431739122925,TRUE,2.52304594279879,3.02272530391151e-09,TRUE,0.677909207060348,0.871532469677388
"GOBP_POSITIVE_REGULATION_OF_HEMOPOIESIS","Il2rb",3,3,TRUE,TRUE,FALSE,TRUE,2,FALSE,FALSE,TRUE,1.28113834586542,0.070614234743614,TRUE,2.04185973077079,0.011919470863005,TRUE,1.81747673028732,0.018171677886979
"GOBP_POSITIVE_REGULATION_OF_HEMOPOIESIS","Il4r",3,3,TRUE,TRUE,FALSE,TRUE,3,TRUE,TRUE,TRUE,0.399012306967088,0.0317157437091236,TRUE,1.27681718838081,2.15740978230773e-06,TRUE,0.77374273420999,0.000699072148901732
"GOBP_POSITIVE_REGULATION_OF_HEMOPOIESIS","Lilrb4",3,3,TRUE,TRUE,FALSE,TRUE,1,FALSE,FALSE,TRUE,0.941798948455948,0.0922806887603967,TRUE,5.92588608419731,1.19920620782426e-10,TRUE,0.571424156002891,0.781521253309124
"GOBP_POSITIVE_REGULATION_OF_HEMOPOIESIS","Pnp",3,3,TRUE,TRUE,FALSE,TRUE,1,FALSE,FALSE,TRUE,0.210766504220009,0.237268148131174,TRUE,1.2606493226535,4.79061121097659e-08,TRUE,0.410535855788382,0.120347810483469
"GOBP_POSITIVE_REGULATION_OF_HEMOPOIESIS","Ptprc",3,3,TRUE,TRUE,FALSE,TRUE,1,FALSE,FALSE,TRUE,0.5919563991021,0.250252196802151,TRUE,1.91670613521538,5.7654628836785e-06,TRUE,0.518307903432168,0.101624983605367
"GOBP_POSITIVE_REGULATION_OF_HEMOPOIESIS","Spi1",3,3,TRUE,TRUE,FALSE,TRUE,2,FALSE,FALSE,TRUE,0.231827238387176,0.377404760009199,TRUE,2.70498117793039,2.23000712632317e-08,TRUE,0.880614679226821,0.0101246949687062
"GOBP_POSITIVE_REGULATION_OF_HEMOPOIESIS","Syk",3,3,TRUE,TRUE,FALSE,TRUE,1,FALSE,FALSE,TRUE,0.503344358195588,0.396384730535913,TRUE,2.99962596123063,2.36489559882808e-06,TRUE,0.233382318055769,0.871532469677388
"GOBP_POSITIVE_REGULATION_OF_HEMOPOIESIS","Tgfb1",3,3,TRUE,TRUE,FALSE,TRUE,1,FALSE,FALSE,TRUE,0.352316809798448,0.325249018682096,TRUE,2.48294295045363,9.90696293843824e-16,TRUE,0.271883874258171,0.653831483433746
"GOBP_POSITIVE_REGULATION_OF_LEUKOCYTE_CELL_CELL_ADHESION","Actb",3,3,TRUE,TRUE,FALSE,TRUE,1,FALSE,FALSE,TRUE,0.100562992682506,0.356707455199691,TRUE,0.510588998540199,0.00176676471652104,TRUE,0.0936330712420067,0.736634357713194
"GOBP_POSITIVE_REGULATION_OF_LEUKOCYTE_CELL_CELL_ADHESION","Cd276",3,3,TRUE,TRUE,FALSE,TRUE,1,FALSE,FALSE,TRUE,0.155813693455661,0.494240570746554,TRUE,2.68295811954464,1.86484746716925e-26,TRUE,0.912116163581484,0.61587036570436
"GOBP_POSITIVE_REGULATION_OF_LEUKOCYTE_CELL_CELL_ADHESION","Cd80",3,3,TRUE,TRUE,FALSE,TRUE,1,FALSE,FALSE,TRUE,0.664752398300911,0.14084322832029,TRUE,2.46574054249037,0.000337877256597884,TRUE,0.517813043747365,0.630079601111044
"GOBP_POSITIVE_REGULATION_OF_LEUKOCYTE_CELL_CELL_ADHESION","Coro1a",3,3,TRUE,TRUE,FALSE,TRUE,1,FALSE,FALSE,TRUE,0.350825398046623,0.136677536818005,TRUE,1.50503697211496,0.00139265969245429,TRUE,0.199570200192326,0.625525038811018
"GOBP_POSITIVE_REGULATION_OF_LEUKOCYTE_CELL_CELL_ADHESION","Csk",3,3,TRUE,TRUE,FALSE,TRUE,1,FALSE,FALSE,TRUE,0.183529259545052,0.220676821932357,TRUE,1.02347076407563,4.12515495268375e-07,TRUE,0.287772443173399,0.174330830297062
"GOBP_POSITIVE_REGULATION_OF_LEUKOCYTE_CELL_CELL_ADHESION","Dusp10",3,3,TRUE,TRUE,FALSE,TRUE,1,FALSE,FALSE,TRUE,0.268498030278965,0.498952870455321,TRUE,2.75959237781112,2.35675928486731e-10,TRUE,0.31796622672043,0.472074502780716
"GOBP_POSITIVE_REGULATION_OF_LEUKOCYTE_CELL_CELL_ADHESION","Itgb2",3,3,TRUE,TRUE,FALSE,TRUE,1,FALSE,FALSE,TRUE,0.577655265399382,0.160586698777614,TRUE,4.2106302715265,4.81085137874971e-20,TRUE,1.06224267673307,0.0717152126730221
"GOBP_POSITIVE_REGULATION_OF_LEUKOCYTE_CELL_CELL_ADHESION","Lilrb4",3,3,TRUE,TRUE,FALSE,TRUE,1,FALSE,FALSE,TRUE,0.941798948455948,0.0922806887603967,TRUE,5.92588608419731,1.19920620782426e-10,TRUE,0.571424156002891,0.781521253309124
"GOBP_POSITIVE_REGULATION_OF_LEUKOCYTE_CELL_CELL_ADHESION","Lyn",3,3,TRUE,TRUE,FALSE,TRUE,1,FALSE,FALSE,TRUE,0.223509764937926,0.490142085956127,TRUE,2.0120269595302,3.81981511615045e-08,TRUE,0.587385518008491,0.0511607209227901
"GOBP_POSITIVE_REGULATION_OF_LEUKOCYTE_CELL_CELL_ADHESION","Nck2",3,3,TRUE,TRUE,FALSE,TRUE,1,FALSE,FALSE,TRUE,0.130088032123203,0.600409934318366,TRUE,1.01701952115164,6.66929140451973e-07,TRUE,0.229848708726106,0.742606868478027
"GOBP_POSITIVE_REGULATION_OF_LEUKOCYTE_CELL_CELL_ADHESION","Pnp",3,3,TRUE,TRUE,FALSE,TRUE,1,FALSE,FALSE,TRUE,0.210766504220009,0.237268148131174,TRUE,1.2606493226535,4.79061121097659e-08,TRUE,0.410535855788382,0.120347810483469
"GOBP_POSITIVE_REGULATION_OF_LEUKOCYTE_CELL_CELL_ADHESION","Ptpn6",3,3,TRUE,TRUE,FALSE,TRUE,1,FALSE,FALSE,TRUE,0.287205850094709,0.553774801059526,TRUE,1.98203183621216,1.06186485618229e-09,TRUE,0.371019040084565,0.513464940390957
"GOBP_POSITIVE_REGULATION_OF_LEUKOCYTE_CELL_CELL_ADHESION","Ptprc",3,3,TRUE,TRUE,FALSE,TRUE,1,FALSE,FALSE,TRUE,0.5919563991021,0.250252196802151,TRUE,1.91670613521538,5.7654628836785e-06,TRUE,0.518307903432168,0.101624983605367
"GOBP_POSITIVE_REGULATION_OF_LEUKOCYTE_CELL_CELL_ADHESION","Pycard",3,3,TRUE,TRUE,FALSE,TRUE,1,FALSE,FALSE,TRUE,0.248790221495214,0.621156073177559,TRUE,1.88341482866933,4.3335305299106e-05,TRUE,0.680677032911383,0.206651393195141
"GOBP_POSITIVE_REGULATION_OF_LEUKOCYTE_CELL_CELL_ADHESION","Syk",3,3,TRUE,TRUE,FALSE,TRUE,1,FALSE,FALSE,TRUE,0.503344358195588,0.396384730535913,TRUE,2.99962596123063,2.36489559882808e-06,TRUE,0.233382318055769,0.871532469677388
"GOBP_POSITIVE_REGULATION_OF_LEUKOCYTE_CELL_CELL_ADHESION","Tgfb1",3,3,TRUE,TRUE,FALSE,TRUE,1,FALSE,FALSE,TRUE,0.352316809798448,0.325249018682096,TRUE,2.48294295045363,9.90696293843824e-16,TRUE,0.271883874258171,0.653831483433746
"GOBP_POSITIVE_REGULATION_OF_LEUKOCYTE_CELL_CELL_ADHESION","Vav1",3,3,TRUE,TRUE,FALSE,TRUE,1,FALSE,FALSE,TRUE,0.252612890391214,0.650713364158388,TRUE,3.09923927623352,1.51852487403079e-11,TRUE,0.690891631962553,0.192726522095418
"GOBP_POSITIVE_REGULATION_OF_LEUKOCYTE_PROLIFERATION","Cd276",3,3,TRUE,TRUE,FALSE,TRUE,1,FALSE,FALSE,TRUE,0.155813693455661,0.494240570746554,TRUE,2.68295811954464,1.86484746716925e-26,TRUE,0.912116163581484,0.61587036570436
"GOBP_POSITIVE_REGULATION_OF_LEUKOCYTE_PROLIFERATION","Cd80",3,3,TRUE,TRUE,FALSE,TRUE,1,FALSE,FALSE,TRUE,0.664752398300911,0.14084322832029,TRUE,2.46574054249037,0.000337877256597884,TRUE,0.517813043747365,0.630079601111044
"GOBP_POSITIVE_REGULATION_OF_LEUKOCYTE_PROLIFERATION","Cdkn1a",3,3,TRUE,TRUE,FALSE,TRUE,3,TRUE,TRUE,TRUE,2.36554425602502,1.35357633394429e-34,TRUE,2.35564858769235,1.78933839512498e-18,TRUE,1.25275470167071,0.00116547161516769
"GOBP_POSITIVE_REGULATION_OF_LEUKOCYTE_PROLIFERATION","Clcf1",3,3,TRUE,TRUE,FALSE,TRUE,1,FALSE,FALSE,TRUE,0.380785126764215,0.507456244569033,TRUE,4.13566290771825,1.24970676670861e-26,TRUE,0.465798299822003,0.766052028621802
"GOBP_POSITIVE_REGULATION_OF_LEUKOCYTE_PROLIFERATION","Coro1a",3,3,TRUE,TRUE,FALSE,TRUE,1,FALSE,FALSE,TRUE,0.350825398046623,0.136677536818005,TRUE,1.50503697211496,0.00139265969245429,TRUE,0.199570200192326,0.625525038811018
"GOBP_POSITIVE_REGULATION_OF_LEUKOCYTE_PROLIFERATION","Csf1",3,3,TRUE,TRUE,FALSE,TRUE,3,TRUE,TRUE,TRUE,0.502968114960466,0.00266356540706981,TRUE,1.19180569407285,2.43141460557132e-05,TRUE,1.42952754285414,8.54054282303828e-07
"GOBP_POSITIVE_REGULATION_OF_LEUKOCYTE_PROLIFERATION","Ephb2",3,3,TRUE,TRUE,FALSE,TRUE,2,TRUE,FALSE,TRUE,0.572020751641617,0.0264766121358153,TRUE,1.42915570448895,5.27065260331292e-10,TRUE,0.26532150243207,0.536661356246787
"GOBP_POSITIVE_REGULATION_OF_LEUKOCYTE_PROLIFERATION","Fcgr3a",3,3,TRUE,TRUE,FALSE,TRUE,1,FALSE,FALSE,TRUE,0.499791340273772,0.433136613110795,TRUE,3.79881048558459,3.8983911764311e-11,TRUE,1.53687952190867,0.101128589312253
"GOBP_POSITIVE_REGULATION_OF_LEUKOCYTE_PROLIFERATION","Lyn",3,3,TRUE,TRUE,FALSE,TRUE,1,FALSE,FALSE,TRUE,0.223509764937926,0.490142085956127,TRUE,2.0120269595302,3.81981511615045e-08,TRUE,0.587385518008491,0.0511607209227901
"GOBP_POSITIVE_REGULATION_OF_LEUKOCYTE_PROLIFERATION","Myd88",3,3,TRUE,TRUE,FALSE,TRUE,1,FALSE,FALSE,TRUE,0.160206577192312,0.554368260121224,TRUE,0.981640852311147,4.24310889552739e-05,TRUE,0.153760360951687,0.845257405344269
"GOBP_POSITIVE_REGULATION_OF_LEUKOCYTE_PROLIFERATION","Nck2",3,3,TRUE,TRUE,FALSE,TRUE,1,FALSE,FALSE,TRUE,0.130088032123203,0.600409934318366,TRUE,1.01701952115164,6.66929140451973e-07,TRUE,0.229848708726106,0.742606868478027
"GOBP_POSITIVE_REGULATION_OF_LEUKOCYTE_PROLIFERATION","Pnp",3,3,TRUE,TRUE,FALSE,TRUE,1,FALSE,FALSE,TRUE,0.210766504220009,0.237268148131174,TRUE,1.2606493226535,4.79061121097659e-08,TRUE,0.410535855788382,0.120347810483469
"GOBP_POSITIVE_REGULATION_OF_LEUKOCYTE_PROLIFERATION","Ptprc",3,3,TRUE,TRUE,FALSE,TRUE,1,FALSE,FALSE,TRUE,0.5919563991021,0.250252196802151,TRUE,1.91670613521538,5.7654628836785e-06,TRUE,0.518307903432168,0.101624983605367
"GOBP_POSITIVE_REGULATION_OF_LEUKOCYTE_PROLIFERATION","Pycard",3,3,TRUE,TRUE,FALSE,TRUE,1,FALSE,FALSE,TRUE,0.248790221495214,0.621156073177559,TRUE,1.88341482866933,4.3335305299106e-05,TRUE,0.680677032911383,0.206651393195141
"GOBP_POSITIVE_REGULATION_OF_LYMPHOCYTE_DIFFERENTIATION","Actb",3,3,TRUE,TRUE,FALSE,TRUE,1,FALSE,FALSE,TRUE,0.100562992682506,0.356707455199691,TRUE,0.510588998540199,0.00176676471652104,TRUE,0.0936330712420067,0.736634357713194
"GOBP_POSITIVE_REGULATION_OF_LYMPHOCYTE_DIFFERENTIATION","Axl",3,3,TRUE,TRUE,FALSE,TRUE,2,FALSE,FALSE,TRUE,0.339910356914286,0.122586397501279,TRUE,1.25553291486956,2.71583197139278e-07,TRUE,0.387996439091485,0.00280427365788733
"GOBP_POSITIVE_REGULATION_OF_LYMPHOCYTE_DIFFERENTIATION","Cd80",3,3,TRUE,TRUE,FALSE,TRUE,1,FALSE,FALSE,TRUE,0.664752398300911,0.14084322832029,TRUE,2.46574054249037,0.000337877256597884,TRUE,0.517813043747365,0.630079601111044
"GOBP_POSITIVE_REGULATION_OF_LYMPHOCYTE_DIFFERENTIATION","Dusp10",3,3,TRUE,TRUE,FALSE,TRUE,1,FALSE,FALSE,TRUE,0.268498030278965,0.498952870455321,TRUE,2.75959237781112,2.35675928486731e-10,TRUE,0.31796622672043,0.472074502780716
"GOBP_POSITIVE_REGULATION_OF_LYMPHOCYTE_DIFFERENTIATION","Lilrb4",3,3,TRUE,TRUE,FALSE,TRUE,1,FALSE,FALSE,TRUE,0.941798948455948,0.0922806887603967,TRUE,5.92588608419731,1.19920620782426e-10,TRUE,0.571424156002891,0.781521253309124
"GOBP_POSITIVE_REGULATION_OF_LYMPHOCYTE_DIFFERENTIATION","Pnp",3,3,TRUE,TRUE,FALSE,TRUE,1,FALSE,FALSE,TRUE,0.210766504220009,0.237268148131174,TRUE,1.2606493226535,4.79061121097659e-08,TRUE,0.410535855788382,0.120347810483469
"GOBP_POSITIVE_REGULATION_OF_LYMPHOCYTE_DIFFERENTIATION","Ptprc",3,3,TRUE,TRUE,FALSE,TRUE,1,FALSE,FALSE,TRUE,0.5919563991021,0.250252196802151,TRUE,1.91670613521538,5.7654628836785e-06,TRUE,0.518307903432168,0.101624983605367
"GOBP_POSITIVE_REGULATION_OF_LYMPHOCYTE_DIFFERENTIATION","Spi1",3,3,TRUE,TRUE,FALSE,TRUE,2,FALSE,FALSE,TRUE,0.231827238387176,0.377404760009199,TRUE,2.70498117793039,2.23000712632317e-08,TRUE,0.880614679226821,0.0101246949687062
"GOBP_POSITIVE_REGULATION_OF_LYMPHOCYTE_DIFFERENTIATION","Syk",3,3,TRUE,TRUE,FALSE,TRUE,1,FALSE,FALSE,TRUE,0.503344358195588,0.396384730535913,TRUE,2.99962596123063,2.36489559882808e-06,TRUE,0.233382318055769,0.871532469677388
"GOBP_POSITIVE_REGULATION_OF_LYMPHOCYTE_DIFFERENTIATION","Tgfb1",3,3,TRUE,TRUE,FALSE,TRUE,1,FALSE,FALSE,TRUE,0.352316809798448,0.325249018682096,TRUE,2.48294295045363,9.90696293843824e-16,TRUE,0.271883874258171,0.653831483433746
"GOBP_POSITIVE_REGULATION_OF_PHAGOCYTOSIS","Fcgr2b",3,3,TRUE,TRUE,FALSE,TRUE,1,FALSE,FALSE,TRUE,0.263264664719474,0.704593510883078,TRUE,2.41087476648924,5.97535000259747e-06,TRUE,0.69624718486992,0.341949737717871
"GOBP_POSITIVE_REGULATION_OF_PHAGOCYTOSIS","Il2rb",3,3,TRUE,TRUE,FALSE,TRUE,2,FALSE,FALSE,TRUE,1.28113834586542,0.070614234743614,TRUE,2.04185973077079,0.011919470863005,TRUE,1.81747673028732,0.018171677886979
"GOBP_POSITIVE_REGULATION_OF_PHAGOCYTOSIS","Ptprc",3,3,TRUE,TRUE,FALSE,TRUE,1,FALSE,FALSE,TRUE,0.5919563991021,0.250252196802151,TRUE,1.91670613521538,5.7654628836785e-06,TRUE,0.518307903432168,0.101624983605367
"GOBP_POSITIVE_REGULATION_OF_PHAGOCYTOSIS","Pycard",3,3,TRUE,TRUE,FALSE,TRUE,1,FALSE,FALSE,TRUE,0.248790221495214,0.621156073177559,TRUE,1.88341482866933,4.3335305299106e-05,TRUE,0.680677032911383,0.206651393195141
"GOBP_POSITIVE_REGULATION_OF_PHAGOCYTOSIS","Rab31",3,3,TRUE,TRUE,FALSE,TRUE,2,FALSE,FALSE,TRUE,0.0961528339600148,0.675898742922673,TRUE,1.36804779816346,1.94764212530431e-12,TRUE,0.35226303577081,0.0111587934044792
"GOBP_POSITIVE_REGULATION_OF_PHAGOCYTOSIS","Slc11a1",3,3,TRUE,TRUE,FALSE,TRUE,2,FALSE,FALSE,TRUE,0.238419559901495,0.632289829138034,TRUE,2.74073713917411,4.04902194294064e-10,TRUE,1.10248796291425,0.0117200177399462
"GOBP_REGULATION_OF_ADAPTIVE_IMMUNE_RESPONSE","Brd4",3,3,TRUE,TRUE,FALSE,TRUE,1,FALSE,FALSE,TRUE,0.118867485815696,0.527086952949651,TRUE,0.481200351442841,0.0148592223152972,TRUE,0.194790797287945,0.573351626995194
"GOBP_REGULATION_OF_ADAPTIVE_IMMUNE_RESPONSE","Cd80",3,3,TRUE,TRUE,FALSE,TRUE,1,FALSE,FALSE,TRUE,0.664752398300911,0.14084322832029,TRUE,2.46574054249037,0.000337877256597884,TRUE,0.517813043747365,0.630079601111044
"GOBP_REGULATION_OF_ADAPTIVE_IMMUNE_RESPONSE","Clcf1",3,3,TRUE,TRUE,FALSE,TRUE,1,FALSE,FALSE,TRUE,0.380785126764215,0.507456244569033,TRUE,4.13566290771825,1.24970676670861e-26,TRUE,0.465798299822003,0.766052028621802
"GOBP_REGULATION_OF_ADAPTIVE_IMMUNE_RESPONSE","Dusp10",3,3,TRUE,TRUE,FALSE,TRUE,1,FALSE,FALSE,TRUE,0.268498030278965,0.498952870455321,TRUE,2.75959237781112,2.35675928486731e-10,TRUE,0.31796622672043,0.472074502780716
"GOBP_REGULATION_OF_ADAPTIVE_IMMUNE_RESPONSE","Ephb2",3,3,TRUE,TRUE,FALSE,TRUE,2,TRUE,FALSE,TRUE,0.572020751641617,0.0264766121358153,TRUE,1.42915570448895,5.27065260331292e-10,TRUE,0.26532150243207,0.536661356246787
"GOBP_REGULATION_OF_ADAPTIVE_IMMUNE_RESPONSE","Il20rb",3,3,TRUE,TRUE,FALSE,TRUE,1,FALSE,FALSE,TRUE,0.694443325587849,0.156570466056496,TRUE,2.27476768368237,9.67521453513748e-05,TRUE,0.818182138355068,0.898964978057007
"GOBP_REGULATION_OF_ADAPTIVE_IMMUNE_RESPONSE","Jak3",3,3,TRUE,TRUE,FALSE,TRUE,2,TRUE,FALSE,TRUE,0.427396542194848,0.04135677874079,TRUE,1.87900751214862,2.06258540474854e-05,TRUE,0.23450615099792,0.740805895320039
"GOBP_REGULATION_OF_ADAPTIVE_IMMUNE_RESPONSE","Lilrb4",3,3,TRUE,TRUE,FALSE,TRUE,1,FALSE,FALSE,TRUE,0.941798948455948,0.0922806887603967,TRUE,5.92588608419731,1.19920620782426e-10,TRUE,0.571424156002891,0.781521253309124
"GOBP_REGULATION_OF_ADAPTIVE_IMMUNE_RESPONSE","Pla2g4a",3,3,TRUE,TRUE,FALSE,TRUE,1,FALSE,FALSE,TRUE,0.473645199815029,0.426215519136847,TRUE,2.04494003353708,2.14395612438244e-06,TRUE,0.476628690511625,0.697088429852087
"GOBP_REGULATION_OF_ADAPTIVE_IMMUNE_RESPONSE","Ptpn6",3,3,TRUE,TRUE,FALSE,TRUE,1,FALSE,FALSE,TRUE,0.287205850094709,0.553774801059526,TRUE,1.98203183621216,1.06186485618229e-09,TRUE,0.371019040084565,0.513464940390957
"GOBP_REGULATION_OF_ADAPTIVE_IMMUNE_RESPONSE","Ptprc",3,3,TRUE,TRUE,FALSE,TRUE,1,FALSE,FALSE,TRUE,0.5919563991021,0.250252196802151,TRUE,1.91670613521538,5.7654628836785e-06,TRUE,0.518307903432168,0.101624983605367
"GOBP_REGULATION_OF_ADAPTIVE_IMMUNE_RESPONSE","Pycard",3,3,TRUE,TRUE,FALSE,TRUE,1,FALSE,FALSE,TRUE,0.248790221495214,0.621156073177559,TRUE,1.88341482866933,4.3335305299106e-05,TRUE,0.680677032911383,0.206651393195141
"GOBP_REGULATION_OF_ADAPTIVE_IMMUNE_RESPONSE","Ripk3",3,3,TRUE,TRUE,FALSE,TRUE,1,FALSE,FALSE,TRUE,0.252639955930937,0.658545725479609,TRUE,3.30774351765374,3.70796244425972e-44,TRUE,1.03939584419645,0.154294939826457
"GOBP_REGULATION_OF_ADAPTIVE_IMMUNE_RESPONSE","Slc11a1",3,3,TRUE,TRUE,FALSE,TRUE,2,FALSE,FALSE,TRUE,0.238419559901495,0.632289829138034,TRUE,2.74073713917411,4.04902194294064e-10,TRUE,1.10248796291425,0.0117200177399462
"GOBP_REGULATION_OF_ADAPTIVE_IMMUNE_RESPONSE","Tgfb1",3,3,TRUE,TRUE,FALSE,TRUE,1,FALSE,FALSE,TRUE,0.352316809798448,0.325249018682096,TRUE,2.48294295045363,9.90696293843824e-16,TRUE,0.271883874258171,0.653831483433746
"GOBP_REGULATION_OF_ADAPTIVE_IMMUNE_RESPONSE","Tnfrsf1b",3,3,TRUE,TRUE,FALSE,TRUE,1,FALSE,FALSE,TRUE,0.267272159554668,0.509379913049287,TRUE,1.50470562292304,7.12442531553175e-05,TRUE,0.508146320436365,0.415506032246073
"GOBP_REGULATION_OF_BODY_FLUID_LEVELS","Axl",3,3,TRUE,TRUE,FALSE,TRUE,2,FALSE,FALSE,TRUE,0.339910356914286,0.122586397501279,TRUE,1.25553291486956,2.71583197139278e-07,TRUE,0.387996439091485,0.00280427365788733
"GOBP_REGULATION_OF_BODY_FLUID_LEVELS","Cyba",3,3,TRUE,TRUE,FALSE,TRUE,1,FALSE,FALSE,TRUE,0.19722094003319,0.567855785809082,TRUE,3.04949612911711,5.07535642034344e-12,TRUE,0.385193613347553,0.898279297393544
"GOBP_REGULATION_OF_BODY_FLUID_LEVELS","Ephb2",3,3,TRUE,TRUE,FALSE,TRUE,2,TRUE,FALSE,TRUE,0.572020751641617,0.0264766121358153,TRUE,1.42915570448895,5.27065260331292e-10,TRUE,0.26532150243207,0.536661356246787
"GOBP_REGULATION_OF_BODY_FLUID_LEVELS","Fermt3",3,3,TRUE,TRUE,FALSE,TRUE,1,FALSE,FALSE,TRUE,0.348744539216141,0.246344611586819,TRUE,2.58626873249832,8.85559234210635e-09,TRUE,0.239346787881061,0.848325269694004
"GOBP_REGULATION_OF_BODY_FLUID_LEVELS","Lyn",3,3,TRUE,TRUE,FALSE,TRUE,1,FALSE,FALSE,TRUE,0.223509764937926,0.490142085956127,TRUE,2.0120269595302,3.81981511615045e-08,TRUE,0.587385518008491,0.0511607209227901
"GOBP_REGULATION_OF_BODY_FLUID_LEVELS","Pla2g4a",3,3,TRUE,TRUE,FALSE,TRUE,1,FALSE,FALSE,TRUE,0.473645199815029,0.426215519136847,TRUE,2.04494003353708,2.14395612438244e-06,TRUE,0.476628690511625,0.697088429852087
"GOBP_REGULATION_OF_BODY_FLUID_LEVELS","Pros1",3,3,TRUE,TRUE,FALSE,TRUE,1,FALSE,FALSE,TRUE,0.232538620699586,0.393707297024551,TRUE,0.944548344946046,1.30482906575244e-05,TRUE,0.35741522014191,0.190747705195424
"GOBP_REGULATION_OF_BODY_FLUID_LEVELS","Ptpn6",3,3,TRUE,TRUE,FALSE,TRUE,1,FALSE,FALSE,TRUE,0.287205850094709,0.553774801059526,TRUE,1.98203183621216,1.06186485618229e-09,TRUE,0.371019040084565,0.513464940390957
"GOBP_REGULATION_OF_BODY_FLUID_LEVELS","Serpine1",3,3,TRUE,TRUE,FALSE,TRUE,1,FALSE,FALSE,TRUE,0.356679704473783,0.58430105160132,TRUE,4.32003960854411,3.75906722659808e-20,TRUE,0.867036493565409,0.15293647170219
"GOBP_REGULATION_OF_BODY_FLUID_LEVELS","Sh2b3",3,3,TRUE,TRUE,FALSE,TRUE,1,FALSE,FALSE,TRUE,0.477640137160019,0.0509325912380756,TRUE,1.10032536365425,8.25873509875986e-12,TRUE,0.156896652530841,0.836957343412793
"GOBP_REGULATION_OF_BODY_FLUID_LEVELS","Syk",3,3,TRUE,TRUE,FALSE,TRUE,1,FALSE,FALSE,TRUE,0.503344358195588,0.396384730535913,TRUE,2.99962596123063,2.36489559882808e-06,TRUE,0.233382318055769,0.871532469677388
"GOBP_REGULATION_OF_BODY_FLUID_LEVELS","Vav1",3,3,TRUE,TRUE,FALSE,TRUE,1,FALSE,FALSE,TRUE,0.252612890391214,0.650713364158388,TRUE,3.09923927623352,1.51852487403079e-11,TRUE,0.690891631962553,0.192726522095418
"GOBP_REGULATION_OF_BODY_FLUID_LEVELS","Xdh",3,3,TRUE,TRUE,FALSE,TRUE,1,FALSE,FALSE,TRUE,0.603451121827678,0.11458439914138,TRUE,1.87036917031481,4.57825554585823e-12,TRUE,0.406424976242012,0.159619284996197
"GOBP_REGULATION_OF_B_CELL_ACTIVATION","Cdkn1a",3,3,TRUE,TRUE,FALSE,TRUE,3,TRUE,TRUE,TRUE,2.36554425602502,1.35357633394429e-34,TRUE,2.35564858769235,1.78933839512498e-18,TRUE,1.25275470167071,0.00116547161516769
"GOBP_REGULATION_OF_B_CELL_ACTIVATION","Clcf1",3,3,TRUE,TRUE,FALSE,TRUE,1,FALSE,FALSE,TRUE,0.380785126764215,0.507456244569033,TRUE,4.13566290771825,1.24970676670861e-26,TRUE,0.465798299822003,0.766052028621802
"GOBP_REGULATION_OF_B_CELL_ACTIVATION","Ephb2",3,3,TRUE,TRUE,FALSE,TRUE,2,TRUE,FALSE,TRUE,0.572020751641617,0.0264766121358153,TRUE,1.42915570448895,5.27065260331292e-10,TRUE,0.26532150243207,0.536661356246787
"GOBP_REGULATION_OF_B_CELL_ACTIVATION","Lyn",3,3,TRUE,TRUE,FALSE,TRUE,1,FALSE,FALSE,TRUE,0.223509764937926,0.490142085956127,TRUE,2.0120269595302,3.81981511615045e-08,TRUE,0.587385518008491,0.0511607209227901
"GOBP_REGULATION_OF_B_CELL_ACTIVATION","Nfam1",3,3,TRUE,TRUE,FALSE,TRUE,1,FALSE,FALSE,TRUE,0.484213271703586,0.0781408711177233,TRUE,3.71421188425343,6.19716566531939e-11,TRUE,0.351253084476359,0.501902609722221
"GOBP_REGULATION_OF_B_CELL_ACTIVATION","Ptpn6",3,3,TRUE,TRUE,FALSE,TRUE,1,FALSE,FALSE,TRUE,0.287205850094709,0.553774801059526,TRUE,1.98203183621216,1.06186485618229e-09,TRUE,0.371019040084565,0.513464940390957
"GOBP_REGULATION_OF_B_CELL_ACTIVATION","Ptprc",3,3,TRUE,TRUE,FALSE,TRUE,1,FALSE,FALSE,TRUE,0.5919563991021,0.250252196802151,TRUE,1.91670613521538,5.7654628836785e-06,TRUE,0.518307903432168,0.101624983605367
"GOBP_REGULATION_OF_B_CELL_ACTIVATION","Spi1",3,3,TRUE,TRUE,FALSE,TRUE,2,FALSE,FALSE,TRUE,0.231827238387176,0.377404760009199,TRUE,2.70498117793039,2.23000712632317e-08,TRUE,0.880614679226821,0.0101246949687062
"GOBP_REGULATION_OF_B_CELL_ACTIVATION","Syk",3,3,TRUE,TRUE,FALSE,TRUE,1,FALSE,FALSE,TRUE,0.503344358195588,0.396384730535913,TRUE,2.99962596123063,2.36489559882808e-06,TRUE,0.233382318055769,0.871532469677388
"GOBP_REGULATION_OF_B_CELL_ACTIVATION","Tgfb1",3,3,TRUE,TRUE,FALSE,TRUE,1,FALSE,FALSE,TRUE,0.352316809798448,0.325249018682096,TRUE,2.48294295045363,9.90696293843824e-16,TRUE,0.271883874258171,0.653831483433746
"GOBP_REGULATION_OF_B_CELL_PROLIFERATION","Cdkn1a",3,3,TRUE,TRUE,FALSE,TRUE,3,TRUE,TRUE,TRUE,2.36554425602502,1.35357633394429e-34,TRUE,2.35564858769235,1.78933839512498e-18,TRUE,1.25275470167071,0.00116547161516769
"GOBP_REGULATION_OF_B_CELL_PROLIFERATION","Clcf1",3,3,TRUE,TRUE,FALSE,TRUE,1,FALSE,FALSE,TRUE,0.380785126764215,0.507456244569033,TRUE,4.13566290771825,1.24970676670861e-26,TRUE,0.465798299822003,0.766052028621802
"GOBP_REGULATION_OF_B_CELL_PROLIFERATION","Ephb2",3,3,TRUE,TRUE,FALSE,TRUE,2,TRUE,FALSE,TRUE,0.572020751641617,0.0264766121358153,TRUE,1.42915570448895,5.27065260331292e-10,TRUE,0.26532150243207,0.536661356246787
"GOBP_REGULATION_OF_B_CELL_PROLIFERATION","Lyn",3,3,TRUE,TRUE,FALSE,TRUE,1,FALSE,FALSE,TRUE,0.223509764937926,0.490142085956127,TRUE,2.0120269595302,3.81981511615045e-08,TRUE,0.587385518008491,0.0511607209227901
"GOBP_REGULATION_OF_B_CELL_PROLIFERATION","Ptprc",3,3,TRUE,TRUE,FALSE,TRUE,1,FALSE,FALSE,TRUE,0.5919563991021,0.250252196802151,TRUE,1.91670613521538,5.7654628836785e-06,TRUE,0.518307903432168,0.101624983605367
"GOBP_REGULATION_OF_CATALYTIC_ACTIVITY","Arhgap11a",3,3,TRUE,TRUE,FALSE,TRUE,2,TRUE,FALSE,TRUE,0.836146011266308,8.21357266756193e-06,TRUE,2.40311275154014,6.94358666946975e-12,TRUE,0.372926659318084,0.699012516295966
"GOBP_REGULATION_OF_CATALYTIC_ACTIVITY","Card14",3,3,TRUE,TRUE,FALSE,TRUE,1,FALSE,FALSE,TRUE,0.365484499038169,0.526137225348561,TRUE,3.58646831826288,7.10707719755735e-15,TRUE,0.83066039777124,0.588611361665432
"GOBP_REGULATION_OF_CATALYTIC_ACTIVITY","Cdc6",3,3,TRUE,TRUE,FALSE,TRUE,1,FALSE,FALSE,TRUE,0.772335650496674,0.154817808797213,TRUE,3.01408852179754,1.36402492121507e-08,TRUE,0.620797265034822,0.722802698819204
"GOBP_REGULATION_OF_CATALYTIC_ACTIVITY","Cdkn1a",3,3,TRUE,TRUE,FALSE,TRUE,3,TRUE,TRUE,TRUE,2.36554425602502,1.35357633394429e-34,TRUE,2.35564858769235,1.78933839512498e-18,TRUE,1.25275470167071,0.00116547161516769
"GOBP_REGULATION_OF_CATALYTIC_ACTIVITY","Cdkn3",3,3,TRUE,TRUE,FALSE,TRUE,1,FALSE,FALSE,TRUE,0.41591877456299,0.269196439018419,TRUE,1.90601157298275,1.52310483574575e-05,TRUE,0.750957366305527,0.234145759994936
"GOBP_REGULATION_OF_CATALYTIC_ACTIVITY","Dusp7",3,3,TRUE,TRUE,FALSE,TRUE,1,FALSE,FALSE,TRUE,0.148626248548373,0.407021825684602,TRUE,1.3469178259523,1.42413897202684e-15,TRUE,0.255745882166876,0.567067025386528
"GOBP_REGULATION_OF_CATALYTIC_ACTIVITY","Ezh2",3,3,TRUE,TRUE,FALSE,TRUE,2,TRUE,FALSE,TRUE,0.459608539621235,0.0158725931162708,TRUE,1.37909682756798,3.10003711550863e-07,TRUE,0.57062246515141,0.125882713079947
"GOBP_REGULATION_OF_CATALYTIC_ACTIVITY","Fgr",3,3,TRUE,TRUE,FALSE,TRUE,1,FALSE,FALSE,TRUE,0.515389051031006,0.28831460745267,TRUE,2.11824629636748,0.000138058358840273,TRUE,0.745661532096228,0.683178256379573
"GOBP_REGULATION_OF_CATALYTIC_ACTIVITY","Grn",3,3,TRUE,TRUE,FALSE,TRUE,1,FALSE,FALSE,TRUE,0.154370419787912,0.276752836180741,TRUE,2.20917026840802,1.73609902356081e-11,TRUE,0.182033362612566,0.383219983777102
"GOBP_REGULATION_OF_CATALYTIC_ACTIVITY","Hnrnpu",3,3,TRUE,TRUE,FALSE,TRUE,1,FALSE,FALSE,TRUE,0.0905600934820533,0.576695475695291,TRUE,0.46530352453464,0.00190741976654463,TRUE,0.148729071872435,0.750196195670421
"GOBP_REGULATION_OF_CATALYTIC_ACTIVITY","Irak4",3,3,TRUE,TRUE,FALSE,TRUE,1,FALSE,FALSE,TRUE,0.173713394292799,0.581028017851585,TRUE,1.02413630910348,6.61193896357856e-06,TRUE,0.292135630147656,0.451719993322515
"GOBP_REGULATION_OF_CATALYTIC_ACTIVITY","Ldb1",3,3,TRUE,TRUE,FALSE,TRUE,1,FALSE,FALSE,TRUE,0.174786794328405,0.205335303428991,TRUE,0.635363550498837,0.000246734301624511,TRUE,0.116054990705521,0.74594625528336
"GOBP_REGULATION_OF_CATALYTIC_ACTIVITY","Lyn",3,3,TRUE,TRUE,FALSE,TRUE,1,FALSE,FALSE,TRUE,0.223509764937926,0.490142085956127,TRUE,2.0120269595302,3.81981511615045e-08,TRUE,0.587385518008491,0.0511607209227901
"GOBP_REGULATION_OF_CATALYTIC_ACTIVITY","Midn",3,3,TRUE,TRUE,FALSE,TRUE,2,FALSE,FALSE,TRUE,0.263203050597332,0.115657972317388,TRUE,1.27915029614744,2.13218867915653e-11,TRUE,0.323546584470027,0.0154359690021381
"GOBP_REGULATION_OF_CATALYTIC_ACTIVITY","Myd88",3,3,TRUE,TRUE,FALSE,TRUE,1,FALSE,FALSE,TRUE,0.160206577192312,0.554368260121224,TRUE,0.981640852311147,4.24310889552739e-05,TRUE,0.153760360951687,0.845257405344269
"GOBP_REGULATION_OF_CATALYTIC_ACTIVITY","Parp9",3,3,TRUE,TRUE,FALSE,TRUE,1,FALSE,FALSE,TRUE,0.235049540952122,0.582771068222546,TRUE,1.30283583481346,1.38847919464423e-06,TRUE,0.273467978395665,0.468913387154202
"GOBP_REGULATION_OF_CATALYTIC_ACTIVITY","Pim1",3,3,TRUE,TRUE,FALSE,TRUE,1,FALSE,FALSE,TRUE,0.391360733751223,0.252608981819155,TRUE,1.29818442114769,0.00389368828940336,TRUE,0.315285626531704,0.565773557017701
"GOBP_REGULATION_OF_CATALYTIC_ACTIVITY","Ptprc",3,3,TRUE,TRUE,FALSE,TRUE,1,FALSE,FALSE,TRUE,0.5919563991021,0.250252196802151,TRUE,1.91670613521538,5.7654628836785e-06,TRUE,0.518307903432168,0.101624983605367
"GOBP_REGULATION_OF_CATALYTIC_ACTIVITY","Pycard",3,3,TRUE,TRUE,FALSE,TRUE,1,FALSE,FALSE,TRUE,0.248790221495214,0.621156073177559,TRUE,1.88341482866933,4.3335305299106e-05,TRUE,0.680677032911383,0.206651393195141
"GOBP_REGULATION_OF_CATALYTIC_ACTIVITY","Rbl1",3,3,TRUE,TRUE,FALSE,TRUE,1,FALSE,FALSE,TRUE,0.40680231539263,0.422650018837613,TRUE,1.67876907397948,2.5359587065159e-07,TRUE,0.172385115907677,0.897647185228838
"GOBP_REGULATION_OF_CATALYTIC_ACTIVITY","Rgs16",3,3,TRUE,TRUE,FALSE,TRUE,1,FALSE,FALSE,TRUE,0.341666740055261,0.393707297024551,TRUE,3.77233293807995,2.76354799939096e-40,TRUE,0.585130380750233,0.508137075409694
"GOBP_REGULATION_OF_CATALYTIC_ACTIVITY","Tlr3",3,3,TRUE,TRUE,FALSE,TRUE,1,FALSE,FALSE,TRUE,0.284951915196595,0.494240570746554,TRUE,1.48259954257452,1.05336868344864e-06,TRUE,0.516350832659553,0.582604161676384
"GOBP_REGULATION_OF_CATALYTIC_ACTIVITY","Tnfrsf1a",3,3,TRUE,TRUE,FALSE,TRUE,1,FALSE,FALSE,TRUE,0.157735689448044,0.343755511922389,TRUE,1.0625553000112,4.92945787474711e-06,TRUE,0.293896734018024,0.0536327573915571
"GOBP_REGULATION_OF_CATALYTIC_ACTIVITY","Tnfrsf1b",3,3,TRUE,TRUE,FALSE,TRUE,1,FALSE,FALSE,TRUE,0.267272159554668,0.509379913049287,TRUE,1.50470562292304,7.12442531553175e-05,TRUE,0.508146320436365,0.415506032246073
"GOBP_REGULATION_OF_CATALYTIC_ACTIVITY","Tpx2",3,3,TRUE,TRUE,FALSE,TRUE,2,TRUE,FALSE,TRUE,1.05281996992678,0.000885803642087582,TRUE,2.08145941750785,1.46120601159417e-11,TRUE,0.443774315549642,0.16736448097116
"GOBP_REGULATION_OF_CATALYTIC_ACTIVITY","Zfp36",3,3,TRUE,TRUE,FALSE,TRUE,1,FALSE,FALSE,TRUE,0.308226941801745,0.499249789714856,TRUE,0.69907971598608,0.000413161071176174,TRUE,0.596714716898732,0.102068151269284
"GOBP_REGULATION_OF_CELL_CELL_ADHESION","Actb",3,3,TRUE,TRUE,FALSE,TRUE,1,FALSE,FALSE,TRUE,0.100562992682506,0.356707455199691,TRUE,0.510588998540199,0.00176676471652104,TRUE,0.0936330712420067,0.736634357713194
"GOBP_REGULATION_OF_CELL_CELL_ADHESION","Cd276",3,3,TRUE,TRUE,FALSE,TRUE,1,FALSE,FALSE,TRUE,0.155813693455661,0.494240570746554,TRUE,2.68295811954464,1.86484746716925e-26,TRUE,0.912116163581484,0.61587036570436
"GOBP_REGULATION_OF_CELL_CELL_ADHESION","Cd80",3,3,TRUE,TRUE,FALSE,TRUE,1,FALSE,FALSE,TRUE,0.664752398300911,0.14084322832029,TRUE,2.46574054249037,0.000337877256597884,TRUE,0.517813043747365,0.630079601111044
"GOBP_REGULATION_OF_CELL_CELL_ADHESION","Coro1a",3,3,TRUE,TRUE,FALSE,TRUE,1,FALSE,FALSE,TRUE,0.350825398046623,0.136677536818005,TRUE,1.50503697211496,0.00139265969245429,TRUE,0.199570200192326,0.625525038811018
"GOBP_REGULATION_OF_CELL_CELL_ADHESION","Csk",3,3,TRUE,TRUE,FALSE,TRUE,1,FALSE,FALSE,TRUE,0.183529259545052,0.220676821932357,TRUE,1.02347076407563,4.12515495268375e-07,TRUE,0.287772443173399,0.174330830297062
"GOBP_REGULATION_OF_CELL_CELL_ADHESION","Dusp10",3,3,TRUE,TRUE,FALSE,TRUE,1,FALSE,FALSE,TRUE,0.268498030278965,0.498952870455321,TRUE,2.75959237781112,2.35675928486731e-10,TRUE,0.31796622672043,0.472074502780716
"GOBP_REGULATION_OF_CELL_CELL_ADHESION","Fermt3",3,3,TRUE,TRUE,FALSE,TRUE,1,FALSE,FALSE,TRUE,0.348744539216141,0.246344611586819,TRUE,2.58626873249832,8.85559234210635e-09,TRUE,0.239346787881061,0.848325269694004
"GOBP_REGULATION_OF_CELL_CELL_ADHESION","Fxyd5",3,3,TRUE,TRUE,FALSE,TRUE,2,FALSE,FALSE,TRUE,0.504372350547784,0.123442602588875,TRUE,2.63532050330051,4.25703083860357e-24,TRUE,1.46267308130952,1.51082341499967e-05
"GOBP_REGULATION_OF_CELL_CELL_ADHESION","Gpnmb",3,3,TRUE,TRUE,FALSE,TRUE,2,TRUE,FALSE,TRUE,1.30749025088736,7.06453560821637e-13,TRUE,6.32344292723089,5.02359500033231e-37,TRUE,0.201272387228478,0.769711122156457
"GOBP_REGULATION_OF_CELL_CELL_ADHESION","Il20rb",3,3,TRUE,TRUE,FALSE,TRUE,1,FALSE,FALSE,TRUE,0.694443325587849,0.156570466056496,TRUE,2.27476768368237,9.67521453513748e-05,TRUE,0.818182138355068,0.898964978057007
"GOBP_REGULATION_OF_CELL_CELL_ADHESION","Itgb2",3,3,TRUE,TRUE,FALSE,TRUE,1,FALSE,FALSE,TRUE,0.577655265399382,0.160586698777614,TRUE,4.2106302715265,4.81085137874971e-20,TRUE,1.06224267673307,0.0717152126730221
"GOBP_REGULATION_OF_CELL_CELL_ADHESION","Jak3",3,3,TRUE,TRUE,FALSE,TRUE,2,TRUE,FALSE,TRUE,0.427396542194848,0.04135677874079,TRUE,1.87900751214862,2.06258540474854e-05,TRUE,0.23450615099792,0.740805895320039
"GOBP_REGULATION_OF_CELL_CELL_ADHESION","Lilrb4",3,3,TRUE,TRUE,FALSE,TRUE,1,FALSE,FALSE,TRUE,0.941798948455948,0.0922806887603967,TRUE,5.92588608419731,1.19920620782426e-10,TRUE,0.571424156002891,0.781521253309124
"GOBP_REGULATION_OF_CELL_CELL_ADHESION","Lyn",3,3,TRUE,TRUE,FALSE,TRUE,1,FALSE,FALSE,TRUE,0.223509764937926,0.490142085956127,TRUE,2.0120269595302,3.81981511615045e-08,TRUE,0.587385518008491,0.0511607209227901
"GOBP_REGULATION_OF_CELL_CELL_ADHESION","Nck2",3,3,TRUE,TRUE,FALSE,TRUE,1,FALSE,FALSE,TRUE,0.130088032123203,0.600409934318366,TRUE,1.01701952115164,6.66929140451973e-07,TRUE,0.229848708726106,0.742606868478027
"GOBP_REGULATION_OF_CELL_CELL_ADHESION","Pnp",3,3,TRUE,TRUE,FALSE,TRUE,1,FALSE,FALSE,TRUE,0.210766504220009,0.237268148131174,TRUE,1.2606493226535,4.79061121097659e-08,TRUE,0.410535855788382,0.120347810483469
"GOBP_REGULATION_OF_CELL_CELL_ADHESION","Ptpn6",3,3,TRUE,TRUE,FALSE,TRUE,1,FALSE,FALSE,TRUE,0.287205850094709,0.553774801059526,TRUE,1.98203183621216,1.06186485618229e-09,TRUE,0.371019040084565,0.513464940390957
"GOBP_REGULATION_OF_CELL_CELL_ADHESION","Ptprc",3,3,TRUE,TRUE,FALSE,TRUE,1,FALSE,FALSE,TRUE,0.5919563991021,0.250252196802151,TRUE,1.91670613521538,5.7654628836785e-06,TRUE,0.518307903432168,0.101624983605367
"GOBP_REGULATION_OF_CELL_CELL_ADHESION","Pycard",3,3,TRUE,TRUE,FALSE,TRUE,1,FALSE,FALSE,TRUE,0.248790221495214,0.621156073177559,TRUE,1.88341482866933,4.3335305299106e-05,TRUE,0.680677032911383,0.206651393195141
"GOBP_REGULATION_OF_CELL_CELL_ADHESION","Selp",3,3,TRUE,TRUE,FALSE,TRUE,1,FALSE,FALSE,TRUE,0.415687077245144,0.623668667637372,TRUE,1.60139900460967,2.15922075786888e-05,TRUE,0.315110653702395,0.945977470121194
"GOBP_REGULATION_OF_CELL_CELL_ADHESION","Sh2b3",3,3,TRUE,TRUE,FALSE,TRUE,1,FALSE,FALSE,TRUE,0.477640137160019,0.0509325912380756,TRUE,1.10032536365425,8.25873509875986e-12,TRUE,0.156896652530841,0.836957343412793
"GOBP_REGULATION_OF_CELL_CELL_ADHESION","Spi1",3,3,TRUE,TRUE,FALSE,TRUE,2,FALSE,FALSE,TRUE,0.231827238387176,0.377404760009199,TRUE,2.70498117793039,2.23000712632317e-08,TRUE,0.880614679226821,0.0101246949687062
"GOBP_REGULATION_OF_CELL_CELL_ADHESION","Syk",3,3,TRUE,TRUE,FALSE,TRUE,1,FALSE,FALSE,TRUE,0.503344358195588,0.396384730535913,TRUE,2.99962596123063,2.36489559882808e-06,TRUE,0.233382318055769,0.871532469677388
"GOBP_REGULATION_OF_CELL_CELL_ADHESION","Tgfb1",3,3,TRUE,TRUE,FALSE,TRUE,1,FALSE,FALSE,TRUE,0.352316809798448,0.325249018682096,TRUE,2.48294295045363,9.90696293843824e-16,TRUE,0.271883874258171,0.653831483433746
"GOBP_REGULATION_OF_CELL_CELL_ADHESION","Vav1",3,3,TRUE,TRUE,FALSE,TRUE,1,FALSE,FALSE,TRUE,0.252612890391214,0.650713364158388,TRUE,3.09923927623352,1.51852487403079e-11,TRUE,0.690891631962553,0.192726522095418
"GOBP_REGULATION_OF_HEMOPOIESIS","Actb",3,3,TRUE,TRUE,FALSE,TRUE,1,FALSE,FALSE,TRUE,0.100562992682506,0.356707455199691,TRUE,0.510588998540199,0.00176676471652104,TRUE,0.0936330712420067,0.736634357713194
"GOBP_REGULATION_OF_HEMOPOIESIS","Axl",3,3,TRUE,TRUE,FALSE,TRUE,2,FALSE,FALSE,TRUE,0.339910356914286,0.122586397501279,TRUE,1.25553291486956,2.71583197139278e-07,TRUE,0.387996439091485,0.00280427365788733
"GOBP_REGULATION_OF_HEMOPOIESIS","Brd4",3,3,TRUE,TRUE,FALSE,TRUE,1,FALSE,FALSE,TRUE,0.118867485815696,0.527086952949651,TRUE,0.481200351442841,0.0148592223152972,TRUE,0.194790797287945,0.573351626995194
"GOBP_REGULATION_OF_HEMOPOIESIS","Cd80",3,3,TRUE,TRUE,FALSE,TRUE,1,FALSE,FALSE,TRUE,0.664752398300911,0.14084322832029,TRUE,2.46574054249037,0.000337877256597884,TRUE,0.517813043747365,0.630079601111044
"GOBP_REGULATION_OF_HEMOPOIESIS","Csf1",3,3,TRUE,TRUE,FALSE,TRUE,3,TRUE,TRUE,TRUE,0.502968114960466,0.00266356540706981,TRUE,1.19180569407285,2.43141460557132e-05,TRUE,1.42952754285414,8.54054282303828e-07
"GOBP_REGULATION_OF_HEMOPOIESIS","Dusp10",3,3,TRUE,TRUE,FALSE,TRUE,1,FALSE,FALSE,TRUE,0.268498030278965,0.498952870455321,TRUE,2.75959237781112,2.35675928486731e-10,TRUE,0.31796622672043,0.472074502780716
"GOBP_REGULATION_OF_HEMOPOIESIS","Fos",3,3,TRUE,TRUE,FALSE,TRUE,1,FALSE,FALSE,TRUE,0.405442099828993,0.536431739122925,TRUE,2.52304594279879,3.02272530391151e-09,TRUE,0.677909207060348,0.871532469677388
"GOBP_REGULATION_OF_HEMOPOIESIS","Il2rb",3,3,TRUE,TRUE,FALSE,TRUE,2,FALSE,FALSE,TRUE,1.28113834586542,0.070614234743614,TRUE,2.04185973077079,0.011919470863005,TRUE,1.81747673028732,0.018171677886979
"GOBP_REGULATION_OF_HEMOPOIESIS","Il4r",3,3,TRUE,TRUE,FALSE,TRUE,3,TRUE,TRUE,TRUE,0.399012306967088,0.0317157437091236,TRUE,1.27681718838081,2.15740978230773e-06,TRUE,0.77374273420999,0.000699072148901732
"GOBP_REGULATION_OF_HEMOPOIESIS","Jak3",3,3,TRUE,TRUE,FALSE,TRUE,2,TRUE,FALSE,TRUE,0.427396542194848,0.04135677874079,TRUE,1.87900751214862,2.06258540474854e-05,TRUE,0.23450615099792,0.740805895320039
"GOBP_REGULATION_OF_HEMOPOIESIS","Ldb1",3,3,TRUE,TRUE,FALSE,TRUE,1,FALSE,FALSE,TRUE,0.174786794328405,0.205335303428991,TRUE,0.635363550498837,0.000246734301624511,TRUE,0.116054990705521,0.74594625528336
"GOBP_REGULATION_OF_HEMOPOIESIS","Lilrb4",3,3,TRUE,TRUE,FALSE,TRUE,1,FALSE,FALSE,TRUE,0.941798948455948,0.0922806887603967,TRUE,5.92588608419731,1.19920620782426e-10,TRUE,0.571424156002891,0.781521253309124
"GOBP_REGULATION_OF_HEMOPOIESIS","Lyn",3,3,TRUE,TRUE,FALSE,TRUE,1,FALSE,FALSE,TRUE,0.223509764937926,0.490142085956127,TRUE,2.0120269595302,3.81981511615045e-08,TRUE,0.587385518008491,0.0511607209227901
"GOBP_REGULATION_OF_HEMOPOIESIS","Nfam1",3,3,TRUE,TRUE,FALSE,TRUE,1,FALSE,FALSE,TRUE,0.484213271703586,0.0781408711177233,TRUE,3.71421188425343,6.19716566531939e-11,TRUE,0.351253084476359,0.501902609722221
"GOBP_REGULATION_OF_HEMOPOIESIS","Pnp",3,3,TRUE,TRUE,FALSE,TRUE,1,FALSE,FALSE,TRUE,0.210766504220009,0.237268148131174,TRUE,1.2606493226535,4.79061121097659e-08,TRUE,0.410535855788382,0.120347810483469
"GOBP_REGULATION_OF_HEMOPOIESIS","Ptpn6",3,3,TRUE,TRUE,FALSE,TRUE,1,FALSE,FALSE,TRUE,0.287205850094709,0.553774801059526,TRUE,1.98203183621216,1.06186485618229e-09,TRUE,0.371019040084565,0.513464940390957
"GOBP_REGULATION_OF_HEMOPOIESIS","Ptprc",3,3,TRUE,TRUE,FALSE,TRUE,1,FALSE,FALSE,TRUE,0.5919563991021,0.250252196802151,TRUE,1.91670613521538,5.7654628836785e-06,TRUE,0.518307903432168,0.101624983605367
"GOBP_REGULATION_OF_HEMOPOIESIS","Spi1",3,3,TRUE,TRUE,FALSE,TRUE,2,FALSE,FALSE,TRUE,0.231827238387176,0.377404760009199,TRUE,2.70498117793039,2.23000712632317e-08,TRUE,0.880614679226821,0.0101246949687062
"GOBP_REGULATION_OF_HEMOPOIESIS","Syk",3,3,TRUE,TRUE,FALSE,TRUE,1,FALSE,FALSE,TRUE,0.503344358195588,0.396384730535913,TRUE,2.99962596123063,2.36489559882808e-06,TRUE,0.233382318055769,0.871532469677388
"GOBP_REGULATION_OF_HEMOPOIESIS","Tcf7",3,3,TRUE,TRUE,FALSE,TRUE,1,FALSE,FALSE,TRUE,0.332497092092096,0.45683791798177,TRUE,1.1153445830015,0.000448342120880688,TRUE,0.492992598513804,0.874152472770845
"GOBP_REGULATION_OF_HEMOPOIESIS","Tgfb1",3,3,TRUE,TRUE,FALSE,TRUE,1,FALSE,FALSE,TRUE,0.352316809798448,0.325249018682096,TRUE,2.48294295045363,9.90696293843824e-16,TRUE,0.271883874258171,0.653831483433746
"GOBP_REGULATION_OF_HEMOPOIESIS","Tlr3",3,3,TRUE,TRUE,FALSE,TRUE,1,FALSE,FALSE,TRUE,0.284951915196595,0.494240570746554,TRUE,1.48259954257452,1.05336868344864e-06,TRUE,0.516350832659553,0.582604161676384
"GOBP_REGULATION_OF_HEMOPOIESIS","Zfp36",3,3,TRUE,TRUE,FALSE,TRUE,1,FALSE,FALSE,TRUE,0.308226941801745,0.499249789714856,TRUE,0.69907971598608,0.000413161071176174,TRUE,0.596714716898732,0.102068151269284
"GOBP_REGULATION_OF_IMMUNE_EFFECTOR_PROCESS","Cd37",3,3,TRUE,TRUE,FALSE,TRUE,1,FALSE,FALSE,TRUE,0.753806062061723,0.398907177840949,TRUE,2.31196389442472,2.17244076576351e-07,TRUE,0.465933335379044,0.675427642459795
"GOBP_REGULATION_OF_IMMUNE_EFFECTOR_PROCESS","Cd80",3,3,TRUE,TRUE,FALSE,TRUE,1,FALSE,FALSE,TRUE,0.664752398300911,0.14084322832029,TRUE,2.46574054249037,0.000337877256597884,TRUE,0.517813043747365,0.630079601111044
"GOBP_REGULATION_OF_IMMUNE_EFFECTOR_PROCESS","Clcf1",3,3,TRUE,TRUE,FALSE,TRUE,1,FALSE,FALSE,TRUE,0.380785126764215,0.507456244569033,TRUE,4.13566290771825,1.24970676670861e-26,TRUE,0.465798299822003,0.766052028621802
"GOBP_REGULATION_OF_IMMUNE_EFFECTOR_PROCESS","Dusp10",3,3,TRUE,TRUE,FALSE,TRUE,1,FALSE,FALSE,TRUE,0.268498030278965,0.498952870455321,TRUE,2.75959237781112,2.35675928486731e-10,TRUE,0.31796622672043,0.472074502780716
"GOBP_REGULATION_OF_IMMUNE_EFFECTOR_PROCESS","Ephb2",3,3,TRUE,TRUE,FALSE,TRUE,2,TRUE,FALSE,TRUE,0.572020751641617,0.0264766121358153,TRUE,1.42915570448895,5.27065260331292e-10,TRUE,0.26532150243207,0.536661356246787
"GOBP_REGULATION_OF_IMMUNE_EFFECTOR_PROCESS","Fgr",3,3,TRUE,TRUE,FALSE,TRUE,1,FALSE,FALSE,TRUE,0.515389051031006,0.28831460745267,TRUE,2.11824629636748,0.000138058358840273,TRUE,0.745661532096228,0.683178256379573
"GOBP_REGULATION_OF_IMMUNE_EFFECTOR_PROCESS","Grn",3,3,TRUE,TRUE,FALSE,TRUE,1,FALSE,FALSE,TRUE,0.154370419787912,0.276752836180741,TRUE,2.20917026840802,1.73609902356081e-11,TRUE,0.182033362612566,0.383219983777102
"GOBP_REGULATION_OF_IMMUNE_EFFECTOR_PROCESS","Icam1",3,3,TRUE,TRUE,FALSE,TRUE,2,TRUE,FALSE,TRUE,0.823176340057854,0.000718966158848219,TRUE,1.31157277268251,4.25281416532404e-07,TRUE,0.252813131824194,0.810368161592969
"GOBP_REGULATION_OF_IMMUNE_EFFECTOR_PROCESS","Irak3",3,3,TRUE,TRUE,FALSE,TRUE,2,TRUE,FALSE,TRUE,0.631941891439005,0.00155976019701832,TRUE,0.878125867520487,6.57638099719961e-05,TRUE,0.245044844928754,0.522132434794
"GOBP_REGULATION_OF_IMMUNE_EFFECTOR_PROCESS","Irf5",3,3,TRUE,TRUE,FALSE,TRUE,1,FALSE,FALSE,TRUE,0.426066971251357,0.116637285182882,TRUE,1.95145440294813,0.000131781151828553,TRUE,0.494746860581211,0.185309697300595
"GOBP_REGULATION_OF_IMMUNE_EFFECTOR_PROCESS","Itgb2",3,3,TRUE,TRUE,FALSE,TRUE,1,FALSE,FALSE,TRUE,0.577655265399382,0.160586698777614,TRUE,4.2106302715265,4.81085137874971e-20,TRUE,1.06224267673307,0.0717152126730221
"GOBP_REGULATION_OF_IMMUNE_EFFECTOR_PROCESS","Jak3",3,3,TRUE,TRUE,FALSE,TRUE,2,TRUE,FALSE,TRUE,0.427396542194848,0.04135677874079,TRUE,1.87900751214862,2.06258540474854e-05,TRUE,0.23450615099792,0.740805895320039
"GOBP_REGULATION_OF_IMMUNE_EFFECTOR_PROCESS","Lilrb4",3,3,TRUE,TRUE,FALSE,TRUE,1,FALSE,FALSE,TRUE,0.941798948455948,0.0922806887603967,TRUE,5.92588608419731,1.19920620782426e-10,TRUE,0.571424156002891,0.781521253309124
"GOBP_REGULATION_OF_IMMUNE_EFFECTOR_PROCESS","Lyn",3,3,TRUE,TRUE,FALSE,TRUE,1,FALSE,FALSE,TRUE,0.223509764937926,0.490142085956127,TRUE,2.0120269595302,3.81981511615045e-08,TRUE,0.587385518008491,0.0511607209227901
"GOBP_REGULATION_OF_IMMUNE_EFFECTOR_PROCESS","Ptpn6",3,3,TRUE,TRUE,FALSE,TRUE,1,FALSE,FALSE,TRUE,0.287205850094709,0.553774801059526,TRUE,1.98203183621216,1.06186485618229e-09,TRUE,0.371019040084565,0.513464940390957
"GOBP_REGULATION_OF_IMMUNE_EFFECTOR_PROCESS","Ptprc",3,3,TRUE,TRUE,FALSE,TRUE,1,FALSE,FALSE,TRUE,0.5919563991021,0.250252196802151,TRUE,1.91670613521538,5.7654628836785e-06,TRUE,0.518307903432168,0.101624983605367
"GOBP_REGULATION_OF_IMMUNE_EFFECTOR_PROCESS","Rac2",3,3,TRUE,TRUE,FALSE,TRUE,1,FALSE,FALSE,TRUE,0.316936316465688,0.549031231481433,TRUE,1.92512039386563,4.75023126706594e-05,TRUE,0.334286882622882,0.853595333072462
"GOBP_REGULATION_OF_IMMUNE_EFFECTOR_PROCESS","Ripk3",3,3,TRUE,TRUE,FALSE,TRUE,1,FALSE,FALSE,TRUE,0.252639955930937,0.658545725479609,TRUE,3.30774351765374,3.70796244425972e-44,TRUE,1.03939584419645,0.154294939826457
"GOBP_REGULATION_OF_IMMUNE_EFFECTOR_PROCESS","Spi1",3,3,TRUE,TRUE,FALSE,TRUE,2,FALSE,FALSE,TRUE,0.231827238387176,0.377404760009199,TRUE,2.70498117793039,2.23000712632317e-08,TRUE,0.880614679226821,0.0101246949687062
"GOBP_REGULATION_OF_IMMUNE_EFFECTOR_PROCESS","Stxbp2",3,3,TRUE,TRUE,FALSE,TRUE,1,FALSE,FALSE,TRUE,0.254132275107985,0.481148103093729,TRUE,2.3907704726839,1.10921293294942e-07,TRUE,0.344528707247869,0.632488129200715
"GOBP_REGULATION_OF_IMMUNE_EFFECTOR_PROCESS","Tgfb1",3,3,TRUE,TRUE,FALSE,TRUE,1,FALSE,FALSE,TRUE,0.352316809798448,0.325249018682096,TRUE,2.48294295045363,9.90696293843824e-16,TRUE,0.271883874258171,0.653831483433746
"GOBP_REGULATION_OF_IMMUNE_EFFECTOR_PROCESS","Tlr3",3,3,TRUE,TRUE,FALSE,TRUE,1,FALSE,FALSE,TRUE,0.284951915196595,0.494240570746554,TRUE,1.48259954257452,1.05336868344864e-06,TRUE,0.516350832659553,0.582604161676384
"GOBP_REGULATION_OF_IMMUNE_EFFECTOR_PROCESS","Tnfrsf1b",3,3,TRUE,TRUE,FALSE,TRUE,1,FALSE,FALSE,TRUE,0.267272159554668,0.509379913049287,TRUE,1.50470562292304,7.12442531553175e-05,TRUE,0.508146320436365,0.415506032246073
"GOBP_REGULATION_OF_IMMUNE_EFFECTOR_PROCESS","Vav1",3,3,TRUE,TRUE,FALSE,TRUE,1,FALSE,FALSE,TRUE,0.252612890391214,0.650713364158388,TRUE,3.09923927623352,1.51852487403079e-11,TRUE,0.690891631962553,0.192726522095418
"GOBP_REGULATION_OF_INFLAMMATORY_RESPONSE","Acp5",3,3,TRUE,TRUE,FALSE,TRUE,1,FALSE,FALSE,TRUE,0.457664220944827,0.172711827662831,TRUE,2.51287761001223,1.07234126028876e-10,TRUE,0.808967918367716,0.0945552950077419
"GOBP_REGULATION_OF_INFLAMMATORY_RESPONSE","Akna",3,3,TRUE,TRUE,FALSE,TRUE,1,FALSE,FALSE,TRUE,0.190646177149872,0.519074290356831,TRUE,0.823202597028473,0.007034535108663,TRUE,0.211047128638843,0.779831943021576
"GOBP_REGULATION_OF_INFLAMMATORY_RESPONSE","Birc3",3,3,TRUE,TRUE,FALSE,TRUE,1,FALSE,FALSE,TRUE,0.413618395752454,0.459443681356832,TRUE,1.2660044576468,0.000151794594442551,TRUE,0.355638188125153,0.866710113831817
"GOBP_REGULATION_OF_INFLAMMATORY_RESPONSE","Brd4",3,3,TRUE,TRUE,FALSE,TRUE,1,FALSE,FALSE,TRUE,0.118867485815696,0.527086952949651,TRUE,0.481200351442841,0.0148592223152972,TRUE,0.194790797287945,0.573351626995194
"GOBP_REGULATION_OF_INFLAMMATORY_RESPONSE","Ccl7",3,3,TRUE,TRUE,FALSE,TRUE,1,FALSE,FALSE,TRUE,0.470041827430481,0.452241100400049,TRUE,2.39117372654952,0.000574738283827093,TRUE,0.930015713260818,0.703243903618601
"GOBP_REGULATION_OF_INFLAMMATORY_RESPONSE","Dusp10",3,3,TRUE,TRUE,FALSE,TRUE,1,FALSE,FALSE,TRUE,0.268498030278965,0.498952870455321,TRUE,2.75959237781112,2.35675928486731e-10,TRUE,0.31796622672043,0.472074502780716
"GOBP_REGULATION_OF_INFLAMMATORY_RESPONSE","Fgr",3,3,TRUE,TRUE,FALSE,TRUE,1,FALSE,FALSE,TRUE,0.515389051031006,0.28831460745267,TRUE,2.11824629636748,0.000138058358840273,TRUE,0.745661532096228,0.683178256379573
"GOBP_REGULATION_OF_INFLAMMATORY_RESPONSE","Gbp2",3,3,TRUE,TRUE,FALSE,TRUE,1,FALSE,FALSE,TRUE,0.360144648683133,0.085398103628811,TRUE,3.28577579408222,1.03327654448563e-68,TRUE,0.268022727287426,0.57863793596698
"GOBP_REGULATION_OF_INFLAMMATORY_RESPONSE","Grn",3,3,TRUE,TRUE,FALSE,TRUE,1,FALSE,FALSE,TRUE,0.154370419787912,0.276752836180741,TRUE,2.20917026840802,1.73609902356081e-11,TRUE,0.182033362612566,0.383219983777102
"GOBP_REGULATION_OF_INFLAMMATORY_RESPONSE","Hck",3,3,TRUE,TRUE,FALSE,TRUE,1,FALSE,FALSE,TRUE,0.315056483473932,0.12356364451052,TRUE,4.22136449953663,7.19910221439481e-38,TRUE,0.278580063811414,0.796916524427636
"GOBP_REGULATION_OF_INFLAMMATORY_RESPONSE","Lyn",3,3,TRUE,TRUE,FALSE,TRUE,1,FALSE,FALSE,TRUE,0.223509764937926,0.490142085956127,TRUE,2.0120269595302,3.81981511615045e-08,TRUE,0.587385518008491,0.0511607209227901
"GOBP_REGULATION_OF_INFLAMMATORY_RESPONSE","Mnda",3,3,TRUE,TRUE,FALSE,TRUE,1,FALSE,FALSE,TRUE,0.417608355899685,0.326485549650622,TRUE,1.57862229294173,0.0177570728745022,TRUE,0.29329723677737,0.863965467866178
"GOBP_REGULATION_OF_INFLAMMATORY_RESPONSE","Ptprc",3,3,TRUE,TRUE,FALSE,TRUE,1,FALSE,FALSE,TRUE,0.5919563991021,0.250252196802151,TRUE,1.91670613521538,5.7654628836785e-06,TRUE,0.518307903432168,0.101624983605367
"GOBP_REGULATION_OF_INFLAMMATORY_RESPONSE","Rhbdf2",3,3,TRUE,TRUE,FALSE,TRUE,2,TRUE,FALSE,TRUE,0.665949592145242,1.00114842481626e-05,TRUE,1.90683483961835,2.77538092182096e-27,TRUE,0.257135398035077,0.706443052945449
"GOBP_REGULATION_OF_INFLAMMATORY_RESPONSE","Sbno2",3,3,TRUE,TRUE,FALSE,TRUE,2,FALSE,FALSE,TRUE,0.252439224652278,0.252895905452963,TRUE,1.8075591588866,5.70646436094297e-21,TRUE,0.813138251418489,0.00113348287894191
"GOBP_REGULATION_OF_INFLAMMATORY_RESPONSE","Syk",3,3,TRUE,TRUE,FALSE,TRUE,1,FALSE,FALSE,TRUE,0.503344358195588,0.396384730535913,TRUE,2.99962596123063,2.36489559882808e-06,TRUE,0.233382318055769,0.871532469677388
"GOBP_REGULATION_OF_INFLAMMATORY_RESPONSE","Tgfb1",3,3,TRUE,TRUE,FALSE,TRUE,1,FALSE,FALSE,TRUE,0.352316809798448,0.325249018682096,TRUE,2.48294295045363,9.90696293843824e-16,TRUE,0.271883874258171,0.653831483433746
"GOBP_REGULATION_OF_INFLAMMATORY_RESPONSE","Tlr3",3,3,TRUE,TRUE,FALSE,TRUE,1,FALSE,FALSE,TRUE,0.284951915196595,0.494240570746554,TRUE,1.48259954257452,1.05336868344864e-06,TRUE,0.516350832659553,0.582604161676384
"GOBP_REGULATION_OF_INFLAMMATORY_RESPONSE","Tnfrsf1a",3,3,TRUE,TRUE,FALSE,TRUE,1,FALSE,FALSE,TRUE,0.157735689448044,0.343755511922389,TRUE,1.0625553000112,4.92945787474711e-06,TRUE,0.293896734018024,0.0536327573915571
"GOBP_REGULATION_OF_INFLAMMATORY_RESPONSE","Tnfrsf1b",3,3,TRUE,TRUE,FALSE,TRUE,1,FALSE,FALSE,TRUE,0.267272159554668,0.509379913049287,TRUE,1.50470562292304,7.12442531553175e-05,TRUE,0.508146320436365,0.415506032246073
"GOBP_REGULATION_OF_INFLAMMATORY_RESPONSE_TO_ANTIGENIC_STIMULUS","Fgr",3,3,TRUE,TRUE,FALSE,TRUE,1,FALSE,FALSE,TRUE,0.515389051031006,0.28831460745267,TRUE,2.11824629636748,0.000138058358840273,TRUE,0.745661532096228,0.683178256379573
"GOBP_REGULATION_OF_INFLAMMATORY_RESPONSE_TO_ANTIGENIC_STIMULUS","Hck",3,3,TRUE,TRUE,FALSE,TRUE,1,FALSE,FALSE,TRUE,0.315056483473932,0.12356364451052,TRUE,4.22136449953663,7.19910221439481e-38,TRUE,0.278580063811414,0.796916524427636
"GOBP_REGULATION_OF_INFLAMMATORY_RESPONSE_TO_ANTIGENIC_STIMULUS","Il20rb",3,3,TRUE,TRUE,FALSE,TRUE,1,FALSE,FALSE,TRUE,0.694443325587849,0.156570466056496,TRUE,2.27476768368237,9.67521453513748e-05,TRUE,0.818182138355068,0.898964978057007
"GOBP_REGULATION_OF_INFLAMMATORY_RESPONSE_TO_ANTIGENIC_STIMULUS","Lyn",3,3,TRUE,TRUE,FALSE,TRUE,1,FALSE,FALSE,TRUE,0.223509764937926,0.490142085956127,TRUE,2.0120269595302,3.81981511615045e-08,TRUE,0.587385518008491,0.0511607209227901
"GOBP_REGULATION_OF_INFLAMMATORY_RESPONSE_TO_ANTIGENIC_STIMULUS","Rhbdf2",3,3,TRUE,TRUE,FALSE,TRUE,2,TRUE,FALSE,TRUE,0.665949592145242,1.00114842481626e-05,TRUE,1.90683483961835,2.77538092182096e-27,TRUE,0.257135398035077,0.706443052945449
"GOBP_REGULATION_OF_INFLAMMATORY_RESPONSE_TO_ANTIGENIC_STIMULUS","Syk",3,3,TRUE,TRUE,FALSE,TRUE,1,FALSE,FALSE,TRUE,0.503344358195588,0.396384730535913,TRUE,2.99962596123063,2.36489559882808e-06,TRUE,0.233382318055769,0.871532469677388
"GOBP_REGULATION_OF_LEUKOCYTE_APOPTOTIC_PROCESS","Axl",3,3,TRUE,TRUE,FALSE,TRUE,2,FALSE,FALSE,TRUE,0.339910356914286,0.122586397501279,TRUE,1.25553291486956,2.71583197139278e-07,TRUE,0.387996439091485,0.00280427365788733
"GOBP_REGULATION_OF_LEUKOCYTE_APOPTOTIC_PROCESS","Jak3",3,3,TRUE,TRUE,FALSE,TRUE,2,TRUE,FALSE,TRUE,0.427396542194848,0.04135677874079,TRUE,1.87900751214862,2.06258540474854e-05,TRUE,0.23450615099792,0.740805895320039
"GOBP_REGULATION_OF_LEUKOCYTE_APOPTOTIC_PROCESS","St3gal1",3,3,TRUE,TRUE,FALSE,TRUE,2,TRUE,FALSE,TRUE,0.332631355943971,0.0487100393501226,TRUE,1.48448123310389,3.86903333773869e-12,TRUE,0.0901231181186642,0.896768635780967
"GOBP_REGULATION_OF_LEUKOCYTE_DIFFERENTIATION","Actb",3,3,TRUE,TRUE,FALSE,TRUE,1,FALSE,FALSE,TRUE,0.100562992682506,0.356707455199691,TRUE,0.510588998540199,0.00176676471652104,TRUE,0.0936330712420067,0.736634357713194
"GOBP_REGULATION_OF_LEUKOCYTE_DIFFERENTIATION","Axl",3,3,TRUE,TRUE,FALSE,TRUE,2,FALSE,FALSE,TRUE,0.339910356914286,0.122586397501279,TRUE,1.25553291486956,2.71583197139278e-07,TRUE,0.387996439091485,0.00280427365788733
"GOBP_REGULATION_OF_LEUKOCYTE_DIFFERENTIATION","Brd4",3,3,TRUE,TRUE,FALSE,TRUE,1,FALSE,FALSE,TRUE,0.118867485815696,0.527086952949651,TRUE,0.481200351442841,0.0148592223152972,TRUE,0.194790797287945,0.573351626995194
"GOBP_REGULATION_OF_LEUKOCYTE_DIFFERENTIATION","Cd80",3,3,TRUE,TRUE,FALSE,TRUE,1,FALSE,FALSE,TRUE,0.664752398300911,0.14084322832029,TRUE,2.46574054249037,0.000337877256597884,TRUE,0.517813043747365,0.630079601111044
"GOBP_REGULATION_OF_LEUKOCYTE_DIFFERENTIATION","Csf1",3,3,TRUE,TRUE,FALSE,TRUE,3,TRUE,TRUE,TRUE,0.502968114960466,0.00266356540706981,TRUE,1.19180569407285,2.43141460557132e-05,TRUE,1.42952754285414,8.54054282303828e-07
"GOBP_REGULATION_OF_LEUKOCYTE_DIFFERENTIATION","Dusp10",3,3,TRUE,TRUE,FALSE,TRUE,1,FALSE,FALSE,TRUE,0.268498030278965,0.498952870455321,TRUE,2.75959237781112,2.35675928486731e-10,TRUE,0.31796622672043,0.472074502780716
"GOBP_REGULATION_OF_LEUKOCYTE_DIFFERENTIATION","Fos",3,3,TRUE,TRUE,FALSE,TRUE,1,FALSE,FALSE,TRUE,0.405442099828993,0.536431739122925,TRUE,2.52304594279879,3.02272530391151e-09,TRUE,0.677909207060348,0.871532469677388
"GOBP_REGULATION_OF_LEUKOCYTE_DIFFERENTIATION","Il2rb",3,3,TRUE,TRUE,FALSE,TRUE,2,FALSE,FALSE,TRUE,1.28113834586542,0.070614234743614,TRUE,2.04185973077079,0.011919470863005,TRUE,1.81747673028732,0.018171677886979
"GOBP_REGULATION_OF_LEUKOCYTE_DIFFERENTIATION","Il4r",3,3,TRUE,TRUE,FALSE,TRUE,3,TRUE,TRUE,TRUE,0.399012306967088,0.0317157437091236,TRUE,1.27681718838081,2.15740978230773e-06,TRUE,0.77374273420999,0.000699072148901732
"GOBP_REGULATION_OF_LEUKOCYTE_DIFFERENTIATION","Jak3",3,3,TRUE,TRUE,FALSE,TRUE,2,TRUE,FALSE,TRUE,0.427396542194848,0.04135677874079,TRUE,1.87900751214862,2.06258540474854e-05,TRUE,0.23450615099792,0.740805895320039
"GOBP_REGULATION_OF_LEUKOCYTE_DIFFERENTIATION","Lilrb4",3,3,TRUE,TRUE,FALSE,TRUE,1,FALSE,FALSE,TRUE,0.941798948455948,0.0922806887603967,TRUE,5.92588608419731,1.19920620782426e-10,TRUE,0.571424156002891,0.781521253309124
"GOBP_REGULATION_OF_LEUKOCYTE_DIFFERENTIATION","Lyn",3,3,TRUE,TRUE,FALSE,TRUE,1,FALSE,FALSE,TRUE,0.223509764937926,0.490142085956127,TRUE,2.0120269595302,3.81981511615045e-08,TRUE,0.587385518008491,0.0511607209227901
"GOBP_REGULATION_OF_LEUKOCYTE_DIFFERENTIATION","Nfam1",3,3,TRUE,TRUE,FALSE,TRUE,1,FALSE,FALSE,TRUE,0.484213271703586,0.0781408711177233,TRUE,3.71421188425343,6.19716566531939e-11,TRUE,0.351253084476359,0.501902609722221
"GOBP_REGULATION_OF_LEUKOCYTE_DIFFERENTIATION","Pnp",3,3,TRUE,TRUE,FALSE,TRUE,1,FALSE,FALSE,TRUE,0.210766504220009,0.237268148131174,TRUE,1.2606493226535,4.79061121097659e-08,TRUE,0.410535855788382,0.120347810483469
"GOBP_REGULATION_OF_LEUKOCYTE_DIFFERENTIATION","Ptpn6",3,3,TRUE,TRUE,FALSE,TRUE,1,FALSE,FALSE,TRUE,0.287205850094709,0.553774801059526,TRUE,1.98203183621216,1.06186485618229e-09,TRUE,0.371019040084565,0.513464940390957
"GOBP_REGULATION_OF_LEUKOCYTE_DIFFERENTIATION","Ptprc",3,3,TRUE,TRUE,FALSE,TRUE,1,FALSE,FALSE,TRUE,0.5919563991021,0.250252196802151,TRUE,1.91670613521538,5.7654628836785e-06,TRUE,0.518307903432168,0.101624983605367
"GOBP_REGULATION_OF_LEUKOCYTE_DIFFERENTIATION","Spi1",3,3,TRUE,TRUE,FALSE,TRUE,2,FALSE,FALSE,TRUE,0.231827238387176,0.377404760009199,TRUE,2.70498117793039,2.23000712632317e-08,TRUE,0.880614679226821,0.0101246949687062
"GOBP_REGULATION_OF_LEUKOCYTE_DIFFERENTIATION","Syk",3,3,TRUE,TRUE,FALSE,TRUE,1,FALSE,FALSE,TRUE,0.503344358195588,0.396384730535913,TRUE,2.99962596123063,2.36489559882808e-06,TRUE,0.233382318055769,0.871532469677388
"GOBP_REGULATION_OF_LEUKOCYTE_DIFFERENTIATION","Tcf7",3,3,TRUE,TRUE,FALSE,TRUE,1,FALSE,FALSE,TRUE,0.332497092092096,0.45683791798177,TRUE,1.1153445830015,0.000448342120880688,TRUE,0.492992598513804,0.874152472770845
"GOBP_REGULATION_OF_LEUKOCYTE_DIFFERENTIATION","Tgfb1",3,3,TRUE,TRUE,FALSE,TRUE,1,FALSE,FALSE,TRUE,0.352316809798448,0.325249018682096,TRUE,2.48294295045363,9.90696293843824e-16,TRUE,0.271883874258171,0.653831483433746
"GOBP_REGULATION_OF_LEUKOCYTE_DIFFERENTIATION","Tlr3",3,3,TRUE,TRUE,FALSE,TRUE,1,FALSE,FALSE,TRUE,0.284951915196595,0.494240570746554,TRUE,1.48259954257452,1.05336868344864e-06,TRUE,0.516350832659553,0.582604161676384
"GOBP_REGULATION_OF_LEUKOCYTE_MIGRATION","C3ar1",3,3,TRUE,TRUE,FALSE,TRUE,1,FALSE,FALSE,TRUE,0.298463314290499,0.635991879632907,TRUE,2.58940423310367,0.00230146992138857,TRUE,0.386049264995178,0.648546792940027
"GOBP_REGULATION_OF_LEUKOCYTE_MIGRATION","Ccl7",3,3,TRUE,TRUE,FALSE,TRUE,1,FALSE,FALSE,TRUE,0.470041827430481,0.452241100400049,TRUE,2.39117372654952,0.000574738283827093,TRUE,0.930015713260818,0.703243903618601
"GOBP_REGULATION_OF_LEUKOCYTE_MIGRATION","Csf1",3,3,TRUE,TRUE,FALSE,TRUE,3,TRUE,TRUE,TRUE,0.502968114960466,0.00266356540706981,TRUE,1.19180569407285,2.43141460557132e-05,TRUE,1.42952754285414,8.54054282303828e-07
"GOBP_REGULATION_OF_LEUKOCYTE_MIGRATION","Icam1",3,3,TRUE,TRUE,FALSE,TRUE,2,TRUE,FALSE,TRUE,0.823176340057854,0.000718966158848219,TRUE,1.31157277268251,4.25281416532404e-07,TRUE,0.252813131824194,0.810368161592969
"GOBP_REGULATION_OF_LEUKOCYTE_MIGRATION","Lyn",3,3,TRUE,TRUE,FALSE,TRUE,1,FALSE,FALSE,TRUE,0.223509764937926,0.490142085956127,TRUE,2.0120269595302,3.81981511615045e-08,TRUE,0.587385518008491,0.0511607209227901
"GOBP_REGULATION_OF_LEUKOCYTE_MIGRATION","Myd88",3,3,TRUE,TRUE,FALSE,TRUE,1,FALSE,FALSE,TRUE,0.160206577192312,0.554368260121224,TRUE,0.981640852311147,4.24310889552739e-05,TRUE,0.153760360951687,0.845257405344269
"GOBP_REGULATION_OF_LEUKOCYTE_MIGRATION","P4hb",3,3,TRUE,TRUE,FALSE,TRUE,1,FALSE,FALSE,TRUE,0.115284351089063,0.497160178747034,TRUE,0.987997498771379,6.04408681135889e-08,TRUE,0.137136963875077,0.528584259947901
"GOBP_REGULATION_OF_LEUKOCYTE_MIGRATION","Pycard",3,3,TRUE,TRUE,FALSE,TRUE,1,FALSE,FALSE,TRUE,0.248790221495214,0.621156073177559,TRUE,1.88341482866933,4.3335305299106e-05,TRUE,0.680677032911383,0.206651393195141
"GOBP_REGULATION_OF_LEUKOCYTE_MIGRATION","Rac2",3,3,TRUE,TRUE,FALSE,TRUE,1,FALSE,FALSE,TRUE,0.316936316465688,0.549031231481433,TRUE,1.92512039386563,4.75023126706594e-05,TRUE,0.334286882622882,0.853595333072462
"GOBP_REGULATION_OF_LEUKOCYTE_MIGRATION","Ripk3",3,3,TRUE,TRUE,FALSE,TRUE,1,FALSE,FALSE,TRUE,0.252639955930937,0.658545725479609,TRUE,3.30774351765374,3.70796244425972e-44,TRUE,1.03939584419645,0.154294939826457
"GOBP_REGULATION_OF_LEUKOCYTE_MIGRATION","Serpine1",3,3,TRUE,TRUE,FALSE,TRUE,1,FALSE,FALSE,TRUE,0.356679704473783,0.58430105160132,TRUE,4.32003960854411,3.75906722659808e-20,TRUE,0.867036493565409,0.15293647170219
"GOBP_REGULATION_OF_LEUKOCYTE_MIGRATION","Spi1",3,3,TRUE,TRUE,FALSE,TRUE,2,FALSE,FALSE,TRUE,0.231827238387176,0.377404760009199,TRUE,2.70498117793039,2.23000712632317e-08,TRUE,0.880614679226821,0.0101246949687062
"GOBP_REGULATION_OF_LEUKOCYTE_MIGRATION","Tgfb1",3,3,TRUE,TRUE,FALSE,TRUE,1,FALSE,FALSE,TRUE,0.352316809798448,0.325249018682096,TRUE,2.48294295045363,9.90696293843824e-16,TRUE,0.271883874258171,0.653831483433746
"GOBP_REGULATION_OF_LEUKOCYTE_MIGRATION","Tnfaip6",3,3,TRUE,TRUE,FALSE,TRUE,1,FALSE,FALSE,TRUE,0.292878343189398,0.672749755223253,TRUE,1.66866268883242,0.000143100524705286,TRUE,1.20253707968559,0.207061127353635
"GOBP_REGULATION_OF_LEUKOCYTE_PROLIFERATION","Cd276",3,3,TRUE,TRUE,FALSE,TRUE,1,FALSE,FALSE,TRUE,0.155813693455661,0.494240570746554,TRUE,2.68295811954464,1.86484746716925e-26,TRUE,0.912116163581484,0.61587036570436
"GOBP_REGULATION_OF_LEUKOCYTE_PROLIFERATION","Cd80",3,3,TRUE,TRUE,FALSE,TRUE,1,FALSE,FALSE,TRUE,0.664752398300911,0.14084322832029,TRUE,2.46574054249037,0.000337877256597884,TRUE,0.517813043747365,0.630079601111044
"GOBP_REGULATION_OF_LEUKOCYTE_PROLIFERATION","Cdkn1a",3,3,TRUE,TRUE,FALSE,TRUE,3,TRUE,TRUE,TRUE,2.36554425602502,1.35357633394429e-34,TRUE,2.35564858769235,1.78933839512498e-18,TRUE,1.25275470167071,0.00116547161516769
"GOBP_REGULATION_OF_LEUKOCYTE_PROLIFERATION","Clcf1",3,3,TRUE,TRUE,FALSE,TRUE,1,FALSE,FALSE,TRUE,0.380785126764215,0.507456244569033,TRUE,4.13566290771825,1.24970676670861e-26,TRUE,0.465798299822003,0.766052028621802
"GOBP_REGULATION_OF_LEUKOCYTE_PROLIFERATION","Coro1a",3,3,TRUE,TRUE,FALSE,TRUE,1,FALSE,FALSE,TRUE,0.350825398046623,0.136677536818005,TRUE,1.50503697211496,0.00139265969245429,TRUE,0.199570200192326,0.625525038811018
"GOBP_REGULATION_OF_LEUKOCYTE_PROLIFERATION","Csf1",3,3,TRUE,TRUE,FALSE,TRUE,3,TRUE,TRUE,TRUE,0.502968114960466,0.00266356540706981,TRUE,1.19180569407285,2.43141460557132e-05,TRUE,1.42952754285414,8.54054282303828e-07
"GOBP_REGULATION_OF_LEUKOCYTE_PROLIFERATION","Ephb2",3,3,TRUE,TRUE,FALSE,TRUE,2,TRUE,FALSE,TRUE,0.572020751641617,0.0264766121358153,TRUE,1.42915570448895,5.27065260331292e-10,TRUE,0.26532150243207,0.536661356246787
"GOBP_REGULATION_OF_LEUKOCYTE_PROLIFERATION","Fcgr3a",3,3,TRUE,TRUE,FALSE,TRUE,1,FALSE,FALSE,TRUE,0.499791340273772,0.433136613110795,TRUE,3.79881048558459,3.8983911764311e-11,TRUE,1.53687952190867,0.101128589312253
"GOBP_REGULATION_OF_LEUKOCYTE_PROLIFERATION","Gpnmb",3,3,TRUE,TRUE,FALSE,TRUE,2,TRUE,FALSE,TRUE,1.30749025088736,7.06453560821637e-13,TRUE,6.32344292723089,5.02359500033231e-37,TRUE,0.201272387228478,0.769711122156457
"GOBP_REGULATION_OF_LEUKOCYTE_PROLIFERATION","Il20rb",3,3,TRUE,TRUE,FALSE,TRUE,1,FALSE,FALSE,TRUE,0.694443325587849,0.156570466056496,TRUE,2.27476768368237,9.67521453513748e-05,TRUE,0.818182138355068,0.898964978057007
"GOBP_REGULATION_OF_LEUKOCYTE_PROLIFERATION","Lilrb4",3,3,TRUE,TRUE,FALSE,TRUE,1,FALSE,FALSE,TRUE,0.941798948455948,0.0922806887603967,TRUE,5.92588608419731,1.19920620782426e-10,TRUE,0.571424156002891,0.781521253309124
"GOBP_REGULATION_OF_LEUKOCYTE_PROLIFERATION","Lyn",3,3,TRUE,TRUE,FALSE,TRUE,1,FALSE,FALSE,TRUE,0.223509764937926,0.490142085956127,TRUE,2.0120269595302,3.81981511615045e-08,TRUE,0.587385518008491,0.0511607209227901
"GOBP_REGULATION_OF_LEUKOCYTE_PROLIFERATION","Myd88",3,3,TRUE,TRUE,FALSE,TRUE,1,FALSE,FALSE,TRUE,0.160206577192312,0.554368260121224,TRUE,0.981640852311147,4.24310889552739e-05,TRUE,0.153760360951687,0.845257405344269
"GOBP_REGULATION_OF_LEUKOCYTE_PROLIFERATION","Nck2",3,3,TRUE,TRUE,FALSE,TRUE,1,FALSE,FALSE,TRUE,0.130088032123203,0.600409934318366,TRUE,1.01701952115164,6.66929140451973e-07,TRUE,0.229848708726106,0.742606868478027
"GOBP_REGULATION_OF_LEUKOCYTE_PROLIFERATION","Pnp",3,3,TRUE,TRUE,FALSE,TRUE,1,FALSE,FALSE,TRUE,0.210766504220009,0.237268148131174,TRUE,1.2606493226535,4.79061121097659e-08,TRUE,0.410535855788382,0.120347810483469
"GOBP_REGULATION_OF_LEUKOCYTE_PROLIFERATION","Ptpn6",3,3,TRUE,TRUE,FALSE,TRUE,1,FALSE,FALSE,TRUE,0.287205850094709,0.553774801059526,TRUE,1.98203183621216,1.06186485618229e-09,TRUE,0.371019040084565,0.513464940390957
"GOBP_REGULATION_OF_LEUKOCYTE_PROLIFERATION","Ptprc",3,3,TRUE,TRUE,FALSE,TRUE,1,FALSE,FALSE,TRUE,0.5919563991021,0.250252196802151,TRUE,1.91670613521538,5.7654628836785e-06,TRUE,0.518307903432168,0.101624983605367
"GOBP_REGULATION_OF_LEUKOCYTE_PROLIFERATION","Pycard",3,3,TRUE,TRUE,FALSE,TRUE,1,FALSE,FALSE,TRUE,0.248790221495214,0.621156073177559,TRUE,1.88341482866933,4.3335305299106e-05,TRUE,0.680677032911383,0.206651393195141
"GOBP_REGULATION_OF_LEUKOCYTE_PROLIFERATION","Rac2",3,3,TRUE,TRUE,FALSE,TRUE,1,FALSE,FALSE,TRUE,0.316936316465688,0.549031231481433,TRUE,1.92512039386563,4.75023126706594e-05,TRUE,0.334286882622882,0.853595333072462
"GOBP_REGULATION_OF_LEUKOCYTE_PROLIFERATION","Syk",3,3,TRUE,TRUE,FALSE,TRUE,1,FALSE,FALSE,TRUE,0.503344358195588,0.396384730535913,TRUE,2.99962596123063,2.36489559882808e-06,TRUE,0.233382318055769,0.871532469677388
"GOBP_REGULATION_OF_LEUKOCYTE_PROLIFERATION","Tgfb1",3,3,TRUE,TRUE,FALSE,TRUE,1,FALSE,FALSE,TRUE,0.352316809798448,0.325249018682096,TRUE,2.48294295045363,9.90696293843824e-16,TRUE,0.271883874258171,0.653831483433746
"GOBP_REGULATION_OF_LEUKOCYTE_PROLIFERATION","Tnfrsf1b",3,3,TRUE,TRUE,FALSE,TRUE,1,FALSE,FALSE,TRUE,0.267272159554668,0.509379913049287,TRUE,1.50470562292304,7.12442531553175e-05,TRUE,0.508146320436365,0.415506032246073
"GOBP_REGULATION_OF_LYMPHOCYTE_ACTIVATION","Actb",3,3,TRUE,TRUE,FALSE,TRUE,1,FALSE,FALSE,TRUE,0.100562992682506,0.356707455199691,TRUE,0.510588998540199,0.00176676471652104,TRUE,0.0936330712420067,0.736634357713194
"GOBP_REGULATION_OF_LYMPHOCYTE_ACTIVATION","Axl",3,3,TRUE,TRUE,FALSE,TRUE,2,FALSE,FALSE,TRUE,0.339910356914286,0.122586397501279,TRUE,1.25553291486956,2.71583197139278e-07,TRUE,0.387996439091485,0.00280427365788733
"GOBP_REGULATION_OF_LYMPHOCYTE_ACTIVATION","Cd276",3,3,TRUE,TRUE,FALSE,TRUE,1,FALSE,FALSE,TRUE,0.155813693455661,0.494240570746554,TRUE,2.68295811954464,1.86484746716925e-26,TRUE,0.912116163581484,0.61587036570436
"GOBP_REGULATION_OF_LYMPHOCYTE_ACTIVATION","Cd80",3,3,TRUE,TRUE,FALSE,TRUE,1,FALSE,FALSE,TRUE,0.664752398300911,0.14084322832029,TRUE,2.46574054249037,0.000337877256597884,TRUE,0.517813043747365,0.630079601111044
"GOBP_REGULATION_OF_LYMPHOCYTE_ACTIVATION","Cdkn1a",3,3,TRUE,TRUE,FALSE,TRUE,3,TRUE,TRUE,TRUE,2.36554425602502,1.35357633394429e-34,TRUE,2.35564858769235,1.78933839512498e-18,TRUE,1.25275470167071,0.00116547161516769
"GOBP_REGULATION_OF_LYMPHOCYTE_ACTIVATION","Clcf1",3,3,TRUE,TRUE,FALSE,TRUE,1,FALSE,FALSE,TRUE,0.380785126764215,0.507456244569033,TRUE,4.13566290771825,1.24970676670861e-26,TRUE,0.465798299822003,0.766052028621802
"GOBP_REGULATION_OF_LYMPHOCYTE_ACTIVATION","Coro1a",3,3,TRUE,TRUE,FALSE,TRUE,1,FALSE,FALSE,TRUE,0.350825398046623,0.136677536818005,TRUE,1.50503697211496,0.00139265969245429,TRUE,0.199570200192326,0.625525038811018
"GOBP_REGULATION_OF_LYMPHOCYTE_ACTIVATION","Csk",3,3,TRUE,TRUE,FALSE,TRUE,1,FALSE,FALSE,TRUE,0.183529259545052,0.220676821932357,TRUE,1.02347076407563,4.12515495268375e-07,TRUE,0.287772443173399,0.174330830297062
"GOBP_REGULATION_OF_LYMPHOCYTE_ACTIVATION","Dusp10",3,3,TRUE,TRUE,FALSE,TRUE,1,FALSE,FALSE,TRUE,0.268498030278965,0.498952870455321,TRUE,2.75959237781112,2.35675928486731e-10,TRUE,0.31796622672043,0.472074502780716
"GOBP_REGULATION_OF_LYMPHOCYTE_ACTIVATION","Ephb2",3,3,TRUE,TRUE,FALSE,TRUE,2,TRUE,FALSE,TRUE,0.572020751641617,0.0264766121358153,TRUE,1.42915570448895,5.27065260331292e-10,TRUE,0.26532150243207,0.536661356246787
"GOBP_REGULATION_OF_LYMPHOCYTE_ACTIVATION","Fcgr3a",3,3,TRUE,TRUE,FALSE,TRUE,1,FALSE,FALSE,TRUE,0.499791340273772,0.433136613110795,TRUE,3.79881048558459,3.8983911764311e-11,TRUE,1.53687952190867,0.101128589312253
"GOBP_REGULATION_OF_LYMPHOCYTE_ACTIVATION","Fgr",3,3,TRUE,TRUE,FALSE,TRUE,1,FALSE,FALSE,TRUE,0.515389051031006,0.28831460745267,TRUE,2.11824629636748,0.000138058358840273,TRUE,0.745661532096228,0.683178256379573
"GOBP_REGULATION_OF_LYMPHOCYTE_ACTIVATION","Gpnmb",3,3,TRUE,TRUE,FALSE,TRUE,2,TRUE,FALSE,TRUE,1.30749025088736,7.06453560821637e-13,TRUE,6.32344292723089,5.02359500033231e-37,TRUE,0.201272387228478,0.769711122156457
"GOBP_REGULATION_OF_LYMPHOCYTE_ACTIVATION","Il20rb",3,3,TRUE,TRUE,FALSE,TRUE,1,FALSE,FALSE,TRUE,0.694443325587849,0.156570466056496,TRUE,2.27476768368237,9.67521453513748e-05,TRUE,0.818182138355068,0.898964978057007
"GOBP_REGULATION_OF_LYMPHOCYTE_ACTIVATION","Jak3",3,3,TRUE,TRUE,FALSE,TRUE,2,TRUE,FALSE,TRUE,0.427396542194848,0.04135677874079,TRUE,1.87900751214862,2.06258540474854e-05,TRUE,0.23450615099792,0.740805895320039
"GOBP_REGULATION_OF_LYMPHOCYTE_ACTIVATION","Lilrb4",3,3,TRUE,TRUE,FALSE,TRUE,1,FALSE,FALSE,TRUE,0.941798948455948,0.0922806887603967,TRUE,5.92588608419731,1.19920620782426e-10,TRUE,0.571424156002891,0.781521253309124
"GOBP_REGULATION_OF_LYMPHOCYTE_ACTIVATION","Lyn",3,3,TRUE,TRUE,FALSE,TRUE,1,FALSE,FALSE,TRUE,0.223509764937926,0.490142085956127,TRUE,2.0120269595302,3.81981511615045e-08,TRUE,0.587385518008491,0.0511607209227901
"GOBP_REGULATION_OF_LYMPHOCYTE_ACTIVATION","Myd88",3,3,TRUE,TRUE,FALSE,TRUE,1,FALSE,FALSE,TRUE,0.160206577192312,0.554368260121224,TRUE,0.981640852311147,4.24310889552739e-05,TRUE,0.153760360951687,0.845257405344269
"GOBP_REGULATION_OF_LYMPHOCYTE_ACTIVATION","Nck2",3,3,TRUE,TRUE,FALSE,TRUE,1,FALSE,FALSE,TRUE,0.130088032123203,0.600409934318366,TRUE,1.01701952115164,6.66929140451973e-07,TRUE,0.229848708726106,0.742606868478027
"GOBP_REGULATION_OF_LYMPHOCYTE_ACTIVATION","Nfam1",3,3,TRUE,TRUE,FALSE,TRUE,1,FALSE,FALSE,TRUE,0.484213271703586,0.0781408711177233,TRUE,3.71421188425343,6.19716566531939e-11,TRUE,0.351253084476359,0.501902609722221
"GOBP_REGULATION_OF_LYMPHOCYTE_ACTIVATION","Pnp",3,3,TRUE,TRUE,FALSE,TRUE,1,FALSE,FALSE,TRUE,0.210766504220009,0.237268148131174,TRUE,1.2606493226535,4.79061121097659e-08,TRUE,0.410535855788382,0.120347810483469
"GOBP_REGULATION_OF_LYMPHOCYTE_ACTIVATION","Ptpn6",3,3,TRUE,TRUE,FALSE,TRUE,1,FALSE,FALSE,TRUE,0.287205850094709,0.553774801059526,TRUE,1.98203183621216,1.06186485618229e-09,TRUE,0.371019040084565,0.513464940390957
"GOBP_REGULATION_OF_LYMPHOCYTE_ACTIVATION","Ptprc",3,3,TRUE,TRUE,FALSE,TRUE,1,FALSE,FALSE,TRUE,0.5919563991021,0.250252196802151,TRUE,1.91670613521538,5.7654628836785e-06,TRUE,0.518307903432168,0.101624983605367
"GOBP_REGULATION_OF_LYMPHOCYTE_ACTIVATION","Pycard",3,3,TRUE,TRUE,FALSE,TRUE,1,FALSE,FALSE,TRUE,0.248790221495214,0.621156073177559,TRUE,1.88341482866933,4.3335305299106e-05,TRUE,0.680677032911383,0.206651393195141
"GOBP_REGULATION_OF_LYMPHOCYTE_ACTIVATION","Rac2",3,3,TRUE,TRUE,FALSE,TRUE,1,FALSE,FALSE,TRUE,0.316936316465688,0.549031231481433,TRUE,1.92512039386563,4.75023126706594e-05,TRUE,0.334286882622882,0.853595333072462
"GOBP_REGULATION_OF_LYMPHOCYTE_ACTIVATION","Spi1",3,3,TRUE,TRUE,FALSE,TRUE,2,FALSE,FALSE,TRUE,0.231827238387176,0.377404760009199,TRUE,2.70498117793039,2.23000712632317e-08,TRUE,0.880614679226821,0.0101246949687062
"GOBP_REGULATION_OF_LYMPHOCYTE_ACTIVATION","Syk",3,3,TRUE,TRUE,FALSE,TRUE,1,FALSE,FALSE,TRUE,0.503344358195588,0.396384730535913,TRUE,2.99962596123063,2.36489559882808e-06,TRUE,0.233382318055769,0.871532469677388
"GOBP_REGULATION_OF_LYMPHOCYTE_ACTIVATION","Tcf7",3,3,TRUE,TRUE,FALSE,TRUE,1,FALSE,FALSE,TRUE,0.332497092092096,0.45683791798177,TRUE,1.1153445830015,0.000448342120880688,TRUE,0.492992598513804,0.874152472770845
"GOBP_REGULATION_OF_LYMPHOCYTE_ACTIVATION","Tgfb1",3,3,TRUE,TRUE,FALSE,TRUE,1,FALSE,FALSE,TRUE,0.352316809798448,0.325249018682096,TRUE,2.48294295045363,9.90696293843824e-16,TRUE,0.271883874258171,0.653831483433746
"GOBP_REGULATION_OF_LYMPHOCYTE_ACTIVATION","Tnfrsf1b",3,3,TRUE,TRUE,FALSE,TRUE,1,FALSE,FALSE,TRUE,0.267272159554668,0.509379913049287,TRUE,1.50470562292304,7.12442531553175e-05,TRUE,0.508146320436365,0.415506032246073
"GOBP_REGULATION_OF_LYMPHOCYTE_DIFFERENTIATION","Actb",3,3,TRUE,TRUE,FALSE,TRUE,1,FALSE,FALSE,TRUE,0.100562992682506,0.356707455199691,TRUE,0.510588998540199,0.00176676471652104,TRUE,0.0936330712420067,0.736634357713194
"GOBP_REGULATION_OF_LYMPHOCYTE_DIFFERENTIATION","Axl",3,3,TRUE,TRUE,FALSE,TRUE,2,FALSE,FALSE,TRUE,0.339910356914286,0.122586397501279,TRUE,1.25553291486956,2.71583197139278e-07,TRUE,0.387996439091485,0.00280427365788733
"GOBP_REGULATION_OF_LYMPHOCYTE_DIFFERENTIATION","Cd80",3,3,TRUE,TRUE,FALSE,TRUE,1,FALSE,FALSE,TRUE,0.664752398300911,0.14084322832029,TRUE,2.46574054249037,0.000337877256597884,TRUE,0.517813043747365,0.630079601111044
"GOBP_REGULATION_OF_LYMPHOCYTE_DIFFERENTIATION","Dusp10",3,3,TRUE,TRUE,FALSE,TRUE,1,FALSE,FALSE,TRUE,0.268498030278965,0.498952870455321,TRUE,2.75959237781112,2.35675928486731e-10,TRUE,0.31796622672043,0.472074502780716
"GOBP_REGULATION_OF_LYMPHOCYTE_DIFFERENTIATION","Jak3",3,3,TRUE,TRUE,FALSE,TRUE,2,TRUE,FALSE,TRUE,0.427396542194848,0.04135677874079,TRUE,1.87900751214862,2.06258540474854e-05,TRUE,0.23450615099792,0.740805895320039
"GOBP_REGULATION_OF_LYMPHOCYTE_DIFFERENTIATION","Lilrb4",3,3,TRUE,TRUE,FALSE,TRUE,1,FALSE,FALSE,TRUE,0.941798948455948,0.0922806887603967,TRUE,5.92588608419731,1.19920620782426e-10,TRUE,0.571424156002891,0.781521253309124
"GOBP_REGULATION_OF_LYMPHOCYTE_DIFFERENTIATION","Nfam1",3,3,TRUE,TRUE,FALSE,TRUE,1,FALSE,FALSE,TRUE,0.484213271703586,0.0781408711177233,TRUE,3.71421188425343,6.19716566531939e-11,TRUE,0.351253084476359,0.501902609722221
"GOBP_REGULATION_OF_LYMPHOCYTE_DIFFERENTIATION","Pnp",3,3,TRUE,TRUE,FALSE,TRUE,1,FALSE,FALSE,TRUE,0.210766504220009,0.237268148131174,TRUE,1.2606493226535,4.79061121097659e-08,TRUE,0.410535855788382,0.120347810483469
"GOBP_REGULATION_OF_LYMPHOCYTE_DIFFERENTIATION","Ptprc",3,3,TRUE,TRUE,FALSE,TRUE,1,FALSE,FALSE,TRUE,0.5919563991021,0.250252196802151,TRUE,1.91670613521538,5.7654628836785e-06,TRUE,0.518307903432168,0.101624983605367
"GOBP_REGULATION_OF_LYMPHOCYTE_DIFFERENTIATION","Spi1",3,3,TRUE,TRUE,FALSE,TRUE,2,FALSE,FALSE,TRUE,0.231827238387176,0.377404760009199,TRUE,2.70498117793039,2.23000712632317e-08,TRUE,0.880614679226821,0.0101246949687062
"GOBP_REGULATION_OF_LYMPHOCYTE_DIFFERENTIATION","Syk",3,3,TRUE,TRUE,FALSE,TRUE,1,FALSE,FALSE,TRUE,0.503344358195588,0.396384730535913,TRUE,2.99962596123063,2.36489559882808e-06,TRUE,0.233382318055769,0.871532469677388
"GOBP_REGULATION_OF_LYMPHOCYTE_DIFFERENTIATION","Tcf7",3,3,TRUE,TRUE,FALSE,TRUE,1,FALSE,FALSE,TRUE,0.332497092092096,0.45683791798177,TRUE,1.1153445830015,0.000448342120880688,TRUE,0.492992598513804,0.874152472770845
"GOBP_REGULATION_OF_LYMPHOCYTE_DIFFERENTIATION","Tgfb1",3,3,TRUE,TRUE,FALSE,TRUE,1,FALSE,FALSE,TRUE,0.352316809798448,0.325249018682096,TRUE,2.48294295045363,9.90696293843824e-16,TRUE,0.271883874258171,0.653831483433746
"GOBP_REGULATION_OF_PHAGOCYTOSIS","Cnn2",3,3,TRUE,TRUE,FALSE,TRUE,1,FALSE,FALSE,TRUE,0.474914301095056,0.0536748526504177,TRUE,1.52983927609841,5.67486521774155e-12,TRUE,0.319021546749187,0.466567540637954
"GOBP_REGULATION_OF_PHAGOCYTOSIS","Csk",3,3,TRUE,TRUE,FALSE,TRUE,1,FALSE,FALSE,TRUE,0.183529259545052,0.220676821932357,TRUE,1.02347076407563,4.12515495268375e-07,TRUE,0.287772443173399,0.174330830297062
"GOBP_REGULATION_OF_PHAGOCYTOSIS","Fgr",3,3,TRUE,TRUE,FALSE,TRUE,1,FALSE,FALSE,TRUE,0.515389051031006,0.28831460745267,TRUE,2.11824629636748,0.000138058358840273,TRUE,0.745661532096228,0.683178256379573
"GOBP_REGULATION_OF_PHAGOCYTOSIS","Hck",3,3,TRUE,TRUE,FALSE,TRUE,1,FALSE,FALSE,TRUE,0.315056483473932,0.12356364451052,TRUE,4.22136449953663,7.19910221439481e-38,TRUE,0.278580063811414,0.796916524427636
"GOBP_REGULATION_OF_PHAGOCYTOSIS","Ptprc",3,3,TRUE,TRUE,FALSE,TRUE,1,FALSE,FALSE,TRUE,0.5919563991021,0.250252196802151,TRUE,1.91670613521538,5.7654628836785e-06,TRUE,0.518307903432168,0.101624983605367
"GOBP_REGULATION_OF_PHAGOCYTOSIS","Tgfb1",3,3,TRUE,TRUE,FALSE,TRUE,1,FALSE,FALSE,TRUE,0.352316809798448,0.325249018682096,TRUE,2.48294295045363,9.90696293843824e-16,TRUE,0.271883874258171,0.653831483433746
"GOBP_REGULATION_OF_PHOSPHORYLATION","Bard1",3,3,TRUE,TRUE,FALSE,TRUE,3,TRUE,TRUE,TRUE,1.24430672270076,0.0160404078203915,TRUE,2.24780423103609,0.000876838118250431,TRUE,1.11417884458566,0.0100783740944256
"GOBP_REGULATION_OF_PHOSPHORYLATION","Card14",3,3,TRUE,TRUE,FALSE,TRUE,1,FALSE,FALSE,TRUE,0.365484499038169,0.526137225348561,TRUE,3.58646831826288,7.10707719755735e-15,TRUE,0.83066039777124,0.588611361665432
"GOBP_REGULATION_OF_PHOSPHORYLATION","Cd80",3,3,TRUE,TRUE,FALSE,TRUE,1,FALSE,FALSE,TRUE,0.664752398300911,0.14084322832029,TRUE,2.46574054249037,0.000337877256597884,TRUE,0.517813043747365,0.630079601111044
"GOBP_REGULATION_OF_PHOSPHORYLATION","Cdc6",3,3,TRUE,TRUE,FALSE,TRUE,1,FALSE,FALSE,TRUE,0.772335650496674,0.154817808797213,TRUE,3.01408852179754,1.36402492121507e-08,TRUE,0.620797265034822,0.722802698819204
"GOBP_REGULATION_OF_PHOSPHORYLATION","Cdkn1a",3,3,TRUE,TRUE,FALSE,TRUE,3,TRUE,TRUE,TRUE,2.36554425602502,1.35357633394429e-34,TRUE,2.35564858769235,1.78933839512498e-18,TRUE,1.25275470167071,0.00116547161516769
"GOBP_REGULATION_OF_PHOSPHORYLATION","Cdkn3",3,3,TRUE,TRUE,FALSE,TRUE,1,FALSE,FALSE,TRUE,0.41591877456299,0.269196439018419,TRUE,1.90601157298275,1.52310483574575e-05,TRUE,0.750957366305527,0.234145759994936
"GOBP_REGULATION_OF_PHOSPHORYLATION","Cnksr3",3,3,TRUE,TRUE,FALSE,TRUE,1,FALSE,FALSE,TRUE,0.28695763854058,0.460325432298082,TRUE,1.39288907529239,8.41170992395352e-11,TRUE,0.295011851524349,0.47511508233178
"GOBP_REGULATION_OF_PHOSPHORYLATION","Dusp7",3,3,TRUE,TRUE,FALSE,TRUE,1,FALSE,FALSE,TRUE,0.148626248548373,0.407021825684602,TRUE,1.3469178259523,1.42413897202684e-15,TRUE,0.255745882166876,0.567067025386528
"GOBP_REGULATION_OF_PHOSPHORYLATION","Ezh2",3,3,TRUE,TRUE,FALSE,TRUE,2,TRUE,FALSE,TRUE,0.459608539621235,0.0158725931162708,TRUE,1.37909682756798,3.10003711550863e-07,TRUE,0.57062246515141,0.125882713079947
"GOBP_REGULATION_OF_PHOSPHORYLATION","Fgr",3,3,TRUE,TRUE,FALSE,TRUE,1,FALSE,FALSE,TRUE,0.515389051031006,0.28831460745267,TRUE,2.11824629636748,0.000138058358840273,TRUE,0.745661532096228,0.683178256379573
"GOBP_REGULATION_OF_PHOSPHORYLATION","Hnrnpu",3,3,TRUE,TRUE,FALSE,TRUE,1,FALSE,FALSE,TRUE,0.0905600934820533,0.576695475695291,TRUE,0.46530352453464,0.00190741976654463,TRUE,0.148729071872435,0.750196195670421
"GOBP_REGULATION_OF_PHOSPHORYLATION","Il4r",3,3,TRUE,TRUE,FALSE,TRUE,3,TRUE,TRUE,TRUE,0.399012306967088,0.0317157437091236,TRUE,1.27681718838081,2.15740978230773e-06,TRUE,0.77374273420999,0.000699072148901732
"GOBP_REGULATION_OF_PHOSPHORYLATION","Irak4",3,3,TRUE,TRUE,FALSE,TRUE,1,FALSE,FALSE,TRUE,0.173713394292799,0.581028017851585,TRUE,1.02413630910348,6.61193896357856e-06,TRUE,0.292135630147656,0.451719993322515
"GOBP_REGULATION_OF_PHOSPHORYLATION","Itgb2",3,3,TRUE,TRUE,FALSE,TRUE,1,FALSE,FALSE,TRUE,0.577655265399382,0.160586698777614,TRUE,4.2106302715265,4.81085137874971e-20,TRUE,1.06224267673307,0.0717152126730221
"GOBP_REGULATION_OF_PHOSPHORYLATION","Ldb1",3,3,TRUE,TRUE,FALSE,TRUE,1,FALSE,FALSE,TRUE,0.174786794328405,0.205335303428991,TRUE,0.635363550498837,0.000246734301624511,TRUE,0.116054990705521,0.74594625528336
"GOBP_REGULATION_OF_PHOSPHORYLATION","Lyn",3,3,TRUE,TRUE,FALSE,TRUE,1,FALSE,FALSE,TRUE,0.223509764937926,0.490142085956127,TRUE,2.0120269595302,3.81981511615045e-08,TRUE,0.587385518008491,0.0511607209227901
"GOBP_REGULATION_OF_PHOSPHORYLATION","Mcm7",3,3,TRUE,TRUE,FALSE,TRUE,1,FALSE,FALSE,TRUE,0.399539228791266,0.0563623896811788,TRUE,1.26362873760922,3.4217054683326e-10,TRUE,0.22991258828624,0.584035310512209
"GOBP_REGULATION_OF_PHOSPHORYLATION","Midn",3,3,TRUE,TRUE,FALSE,TRUE,2,FALSE,FALSE,TRUE,0.263203050597332,0.115657972317388,TRUE,1.27915029614744,2.13218867915653e-11,TRUE,0.323546584470027,0.0154359690021381
"GOBP_REGULATION_OF_PHOSPHORYLATION","Myd88",3,3,TRUE,TRUE,FALSE,TRUE,1,FALSE,FALSE,TRUE,0.160206577192312,0.554368260121224,TRUE,0.981640852311147,4.24310889552739e-05,TRUE,0.153760360951687,0.845257405344269
"GOBP_REGULATION_OF_PHOSPHORYLATION","Parp9",3,3,TRUE,TRUE,FALSE,TRUE,1,FALSE,FALSE,TRUE,0.235049540952122,0.582771068222546,TRUE,1.30283583481346,1.38847919464423e-06,TRUE,0.273467978395665,0.468913387154202
"GOBP_REGULATION_OF_PHOSPHORYLATION","Ptprc",3,3,TRUE,TRUE,FALSE,TRUE,1,FALSE,FALSE,TRUE,0.5919563991021,0.250252196802151,TRUE,1.91670613521538,5.7654628836785e-06,TRUE,0.518307903432168,0.101624983605367
"GOBP_REGULATION_OF_PHOSPHORYLATION","Tlr3",3,3,TRUE,TRUE,FALSE,TRUE,1,FALSE,FALSE,TRUE,0.284951915196595,0.494240570746554,TRUE,1.48259954257452,1.05336868344864e-06,TRUE,0.516350832659553,0.582604161676384
"GOBP_REGULATION_OF_PHOSPHORYLATION","Tnfrsf1a",3,3,TRUE,TRUE,FALSE,TRUE,1,FALSE,FALSE,TRUE,0.157735689448044,0.343755511922389,TRUE,1.0625553000112,4.92945787474711e-06,TRUE,0.293896734018024,0.0536327573915571
"GOBP_REGULATION_OF_PHOSPHORYLATION","Tnfrsf1b",3,3,TRUE,TRUE,FALSE,TRUE,1,FALSE,FALSE,TRUE,0.267272159554668,0.509379913049287,TRUE,1.50470562292304,7.12442531553175e-05,TRUE,0.508146320436365,0.415506032246073
"GOBP_REGULATION_OF_PHOSPHORYLATION","Tpx2",3,3,TRUE,TRUE,FALSE,TRUE,2,TRUE,FALSE,TRUE,1.05281996992678,0.000885803642087582,TRUE,2.08145941750785,1.46120601159417e-11,TRUE,0.443774315549642,0.16736448097116
"GOBP_REGULATION_OF_RESPONSE_TO_CYTOKINE_STIMULUS","Agpat2",3,3,TRUE,TRUE,FALSE,TRUE,1,FALSE,FALSE,TRUE,0.71659932939075,0.157237373215346,TRUE,1.75071533325784,1.39858941245108e-08,TRUE,0.492089211324356,0.612986458844442
"GOBP_REGULATION_OF_RESPONSE_TO_CYTOKINE_STIMULUS","Axl",3,3,TRUE,TRUE,FALSE,TRUE,2,FALSE,FALSE,TRUE,0.339910356914286,0.122586397501279,TRUE,1.25553291486956,2.71583197139278e-07,TRUE,0.387996439091485,0.00280427365788733
"GOBP_REGULATION_OF_RESPONSE_TO_CYTOKINE_STIMULUS","Csf1",3,3,TRUE,TRUE,FALSE,TRUE,3,TRUE,TRUE,TRUE,0.502968114960466,0.00266356540706981,TRUE,1.19180569407285,2.43141460557132e-05,TRUE,1.42952754285414,8.54054282303828e-07
"GOBP_REGULATION_OF_RESPONSE_TO_CYTOKINE_STIMULUS","Ikbke",3,3,TRUE,TRUE,FALSE,TRUE,2,TRUE,FALSE,TRUE,0.760401452093416,0.00313157452124863,TRUE,2.23598558704328,1.10026172711676e-11,TRUE,0.242636065359564,0.858162814887538
"GOBP_REGULATION_OF_RESPONSE_TO_CYTOKINE_STIMULUS","Irak3",3,3,TRUE,TRUE,FALSE,TRUE,2,TRUE,FALSE,TRUE,0.631941891439005,0.00155976019701832,TRUE,0.878125867520487,6.57638099719961e-05,TRUE,0.245044844928754,0.522132434794
"GOBP_REGULATION_OF_RESPONSE_TO_CYTOKINE_STIMULUS","Parp9",3,3,TRUE,TRUE,FALSE,TRUE,1,FALSE,FALSE,TRUE,0.235049540952122,0.582771068222546,TRUE,1.30283583481346,1.38847919464423e-06,TRUE,0.273467978395665,0.468913387154202
"GOBP_REGULATION_OF_RESPONSE_TO_CYTOKINE_STIMULUS","Ptpn1",3,3,TRUE,TRUE,FALSE,TRUE,1,FALSE,FALSE,TRUE,0.16124901994694,0.491351374054152,TRUE,0.631955168566942,0.0183079670951954,TRUE,0.287643956896424,0.287211412083498
"GOBP_REGULATION_OF_RESPONSE_TO_CYTOKINE_STIMULUS","Ptpn6",3,3,TRUE,TRUE,FALSE,TRUE,1,FALSE,FALSE,TRUE,0.287205850094709,0.553774801059526,TRUE,1.98203183621216,1.06186485618229e-09,TRUE,0.371019040084565,0.513464940390957
"GOBP_REGULATION_OF_RESPONSE_TO_CYTOKINE_STIMULUS","Ptprc",3,3,TRUE,TRUE,FALSE,TRUE,1,FALSE,FALSE,TRUE,0.5919563991021,0.250252196802151,TRUE,1.91670613521538,5.7654628836785e-06,TRUE,0.518307903432168,0.101624983605367
"GOBP_REGULATION_OF_RESPONSE_TO_CYTOKINE_STIMULUS","Pycard",3,3,TRUE,TRUE,FALSE,TRUE,1,FALSE,FALSE,TRUE,0.248790221495214,0.621156073177559,TRUE,1.88341482866933,4.3335305299106e-05,TRUE,0.680677032911383,0.206651393195141
"GOBP_REGULATION_OF_RESPONSE_TO_CYTOKINE_STIMULUS","Ripk1",3,3,TRUE,TRUE,FALSE,TRUE,1,FALSE,FALSE,TRUE,0.131782078434304,0.571135678311265,TRUE,0.577728812909235,0.0122194190236521,TRUE,0.117728101900915,0.874152472770845
"GOBP_REGULATION_OF_RESPONSE_TO_CYTOKINE_STIMULUS","Sh2b3",3,3,TRUE,TRUE,FALSE,TRUE,1,FALSE,FALSE,TRUE,0.477640137160019,0.0509325912380756,TRUE,1.10032536365425,8.25873509875986e-12,TRUE,0.156896652530841,0.836957343412793
"GOBP_REGULATION_OF_RESPONSE_TO_CYTOKINE_STIMULUS","Syk",3,3,TRUE,TRUE,FALSE,TRUE,1,FALSE,FALSE,TRUE,0.503344358195588,0.396384730535913,TRUE,2.99962596123063,2.36489559882808e-06,TRUE,0.233382318055769,0.871532469677388
"GOBP_REGULATION_OF_RESPONSE_TO_CYTOKINE_STIMULUS","Tnfrsf1a",3,3,TRUE,TRUE,FALSE,TRUE,1,FALSE,FALSE,TRUE,0.157735689448044,0.343755511922389,TRUE,1.0625553000112,4.92945787474711e-06,TRUE,0.293896734018024,0.0536327573915571
"GOBP_REGULATION_OF_RESPONSE_TO_CYTOKINE_STIMULUS","Traip",3,3,TRUE,TRUE,FALSE,TRUE,1,FALSE,FALSE,TRUE,0.774132508037957,0.304211101101995,TRUE,2.02410752422052,0.000118694816839136,TRUE,1.08771501382744,0.508057603754071
"GOBP_REGULATION_OF_T_CELL_ACTIVATION","Actb",3,3,TRUE,TRUE,FALSE,TRUE,1,FALSE,FALSE,TRUE,0.100562992682506,0.356707455199691,TRUE,0.510588998540199,0.00176676471652104,TRUE,0.0936330712420067,0.736634357713194
"GOBP_REGULATION_OF_T_CELL_ACTIVATION","Cd276",3,3,TRUE,TRUE,FALSE,TRUE,1,FALSE,FALSE,TRUE,0.155813693455661,0.494240570746554,TRUE,2.68295811954464,1.86484746716925e-26,TRUE,0.912116163581484,0.61587036570436
"GOBP_REGULATION_OF_T_CELL_ACTIVATION","Cd80",3,3,TRUE,TRUE,FALSE,TRUE,1,FALSE,FALSE,TRUE,0.664752398300911,0.14084322832029,TRUE,2.46574054249037,0.000337877256597884,TRUE,0.517813043747365,0.630079601111044
"GOBP_REGULATION_OF_T_CELL_ACTIVATION","Coro1a",3,3,TRUE,TRUE,FALSE,TRUE,1,FALSE,FALSE,TRUE,0.350825398046623,0.136677536818005,TRUE,1.50503697211496,0.00139265969245429,TRUE,0.199570200192326,0.625525038811018
"GOBP_REGULATION_OF_T_CELL_ACTIVATION","Csk",3,3,TRUE,TRUE,FALSE,TRUE,1,FALSE,FALSE,TRUE,0.183529259545052,0.220676821932357,TRUE,1.02347076407563,4.12515495268375e-07,TRUE,0.287772443173399,0.174330830297062
"GOBP_REGULATION_OF_T_CELL_ACTIVATION","Dusp10",3,3,TRUE,TRUE,FALSE,TRUE,1,FALSE,FALSE,TRUE,0.268498030278965,0.498952870455321,TRUE,2.75959237781112,2.35675928486731e-10,TRUE,0.31796622672043,0.472074502780716
"GOBP_REGULATION_OF_T_CELL_ACTIVATION","Gpnmb",3,3,TRUE,TRUE,FALSE,TRUE,2,TRUE,FALSE,TRUE,1.30749025088736,7.06453560821637e-13,TRUE,6.32344292723089,5.02359500033231e-37,TRUE,0.201272387228478,0.769711122156457
"GOBP_REGULATION_OF_T_CELL_ACTIVATION","Il20rb",3,3,TRUE,TRUE,FALSE,TRUE,1,FALSE,FALSE,TRUE,0.694443325587849,0.156570466056496,TRUE,2.27476768368237,9.67521453513748e-05,TRUE,0.818182138355068,0.898964978057007
"GOBP_REGULATION_OF_T_CELL_ACTIVATION","Jak3",3,3,TRUE,TRUE,FALSE,TRUE,2,TRUE,FALSE,TRUE,0.427396542194848,0.04135677874079,TRUE,1.87900751214862,2.06258540474854e-05,TRUE,0.23450615099792,0.740805895320039
"GOBP_REGULATION_OF_T_CELL_ACTIVATION","Lilrb4",3,3,TRUE,TRUE,FALSE,TRUE,1,FALSE,FALSE,TRUE,0.941798948455948,0.0922806887603967,TRUE,5.92588608419731,1.19920620782426e-10,TRUE,0.571424156002891,0.781521253309124
"GOBP_REGULATION_OF_T_CELL_ACTIVATION","Lyn",3,3,TRUE,TRUE,FALSE,TRUE,1,FALSE,FALSE,TRUE,0.223509764937926,0.490142085956127,TRUE,2.0120269595302,3.81981511615045e-08,TRUE,0.587385518008491,0.0511607209227901
"GOBP_REGULATION_OF_T_CELL_ACTIVATION","Pnp",3,3,TRUE,TRUE,FALSE,TRUE,1,FALSE,FALSE,TRUE,0.210766504220009,0.237268148131174,TRUE,1.2606493226535,4.79061121097659e-08,TRUE,0.410535855788382,0.120347810483469
"GOBP_REGULATION_OF_T_CELL_ACTIVATION","Ptprc",3,3,TRUE,TRUE,FALSE,TRUE,1,FALSE,FALSE,TRUE,0.5919563991021,0.250252196802151,TRUE,1.91670613521538,5.7654628836785e-06,TRUE,0.518307903432168,0.101624983605367
"GOBP_REGULATION_OF_T_CELL_ACTIVATION","Syk",3,3,TRUE,TRUE,FALSE,TRUE,1,FALSE,FALSE,TRUE,0.503344358195588,0.396384730535913,TRUE,2.99962596123063,2.36489559882808e-06,TRUE,0.233382318055769,0.871532469677388
"GOBP_REGULATION_OF_T_CELL_ACTIVATION","Tcf7",3,3,TRUE,TRUE,FALSE,TRUE,1,FALSE,FALSE,TRUE,0.332497092092096,0.45683791798177,TRUE,1.1153445830015,0.000448342120880688,TRUE,0.492992598513804,0.874152472770845
"GOBP_REGULATION_OF_T_CELL_ACTIVATION","Tgfb1",3,3,TRUE,TRUE,FALSE,TRUE,1,FALSE,FALSE,TRUE,0.352316809798448,0.325249018682096,TRUE,2.48294295045363,9.90696293843824e-16,TRUE,0.271883874258171,0.653831483433746
"GOBP_REGULATION_OF_T_CELL_ACTIVATION","Tnfrsf1b",3,3,TRUE,TRUE,FALSE,TRUE,1,FALSE,FALSE,TRUE,0.267272159554668,0.509379913049287,TRUE,1.50470562292304,7.12442531553175e-05,TRUE,0.508146320436365,0.415506032246073
"GOBP_REGULATION_OF_VASCULATURE_DEVELOPMENT","Btg1",3,3,TRUE,TRUE,FALSE,TRUE,1,FALSE,FALSE,TRUE,0.181945145932189,0.445307665701022,TRUE,2.23840156797653,5.70646436094297e-21,TRUE,0.282910829259233,0.191387900671776
"GOBP_REGULATION_OF_VASCULATURE_DEVELOPMENT","Gpnmb",3,3,TRUE,TRUE,FALSE,TRUE,2,TRUE,FALSE,TRUE,1.30749025088736,7.06453560821637e-13,TRUE,6.32344292723089,5.02359500033231e-37,TRUE,0.201272387228478,0.769711122156457
"GOBP_REGULATION_OF_VASCULATURE_DEVELOPMENT","Grn",3,3,TRUE,TRUE,FALSE,TRUE,1,FALSE,FALSE,TRUE,0.154370419787912,0.276752836180741,TRUE,2.20917026840802,1.73609902356081e-11,TRUE,0.182033362612566,0.383219983777102
"GOBP_REGULATION_OF_VASCULATURE_DEVELOPMENT","Itgax",3,3,TRUE,TRUE,FALSE,TRUE,1,FALSE,FALSE,TRUE,0.78770367649694,0.267692288385957,TRUE,3.78767084084762,4.02804911876953e-16,TRUE,0.822564186465989,0.261084134129211
"GOBP_REGULATION_OF_VASCULATURE_DEVELOPMENT","Itgb2",3,3,TRUE,TRUE,FALSE,TRUE,1,FALSE,FALSE,TRUE,0.577655265399382,0.160586698777614,TRUE,4.2106302715265,4.81085137874971e-20,TRUE,1.06224267673307,0.0717152126730221
"GOBP_REGULATION_OF_VASCULATURE_DEVELOPMENT","Ptpn6",3,3,TRUE,TRUE,FALSE,TRUE,1,FALSE,FALSE,TRUE,0.287205850094709,0.553774801059526,TRUE,1.98203183621216,1.06186485618229e-09,TRUE,0.371019040084565,0.513464940390957
"GOBP_REGULATION_OF_VASCULATURE_DEVELOPMENT","Sema6a",3,3,TRUE,TRUE,FALSE,TRUE,2,FALSE,FALSE,TRUE,0.20030509552587,0.403098249719092,TRUE,1.17806473193093,1.03099874768052e-06,TRUE,1.34204587707288,2.42912451161871e-08
"GOBP_REGULATION_OF_VASCULATURE_DEVELOPMENT","Stard13",3,3,TRUE,TRUE,FALSE,TRUE,1,FALSE,FALSE,TRUE,0.19152511682132,0.374146900445457,TRUE,1.06679633534557,5.84288518079394e-05,TRUE,0.223393906227258,0.553649766800573
"GOBP_REGULATION_OF_VASCULATURE_DEVELOPMENT","Tgfb1",3,3,TRUE,TRUE,FALSE,TRUE,1,FALSE,FALSE,TRUE,0.352316809798448,0.325249018682096,TRUE,2.48294295045363,9.90696293843824e-16,TRUE,0.271883874258171,0.653831483433746
"GOBP_REGULATION_OF_VASCULATURE_DEVELOPMENT","Tlr3",3,3,TRUE,TRUE,FALSE,TRUE,1,FALSE,FALSE,TRUE,0.284951915196595,0.494240570746554,TRUE,1.48259954257452,1.05336868344864e-06,TRUE,0.516350832659553,0.582604161676384
"GOBP_REGULATION_OF_VASCULATURE_DEVELOPMENT","Vash2",3,3,TRUE,TRUE,FALSE,TRUE,1,FALSE,FALSE,TRUE,0.386496734217601,0.519104653591485,TRUE,2.00673814678749,2.19716719766911e-08,TRUE,0.734837378434202,0.191395204237167
"GOBP_RESPONSE_TO_BACTERIUM","Acp5",3,3,TRUE,TRUE,FALSE,TRUE,1,FALSE,FALSE,TRUE,0.457664220944827,0.172711827662831,TRUE,2.51287761001223,1.07234126028876e-10,TRUE,0.808967918367716,0.0945552950077419
"GOBP_RESPONSE_TO_BACTERIUM","Axl",3,3,TRUE,TRUE,FALSE,TRUE,2,FALSE,FALSE,TRUE,0.339910356914286,0.122586397501279,TRUE,1.25553291486956,2.71583197139278e-07,TRUE,0.387996439091485,0.00280427365788733
"GOBP_RESPONSE_TO_BACTERIUM","Bcl3",3,3,TRUE,TRUE,FALSE,TRUE,2,FALSE,FALSE,TRUE,0.402414231968193,0.231590537214337,TRUE,1.84514765362038,4.15490542439594e-16,TRUE,1.30208899692276,3.71058910103766e-06
"GOBP_RESPONSE_TO_BACTERIUM","Casp7",3,3,TRUE,TRUE,FALSE,TRUE,1,FALSE,FALSE,TRUE,0.325208830486546,0.315376129889057,TRUE,1.23221514750994,1.09068757959207e-08,TRUE,0.29797383520407,0.663540132076808
"GOBP_RESPONSE_TO_BACTERIUM","Cd180",3,3,TRUE,TRUE,FALSE,TRUE,2,TRUE,FALSE,TRUE,0.928469544011367,0.0477322758442387,TRUE,3.34054464435045,4.19037110794436e-09,TRUE,0.783702491174118,0.382701142670785
"GOBP_RESPONSE_TO_BACTERIUM","Cd68",3,3,TRUE,TRUE,FALSE,TRUE,3,TRUE,TRUE,TRUE,0.475875429309184,0.0351647016514608,TRUE,5.69370776946084,3.54544834963571e-28,TRUE,0.872295096338037,0.0026039181399166
"GOBP_RESPONSE_TO_BACTERIUM","Cd80",3,3,TRUE,TRUE,FALSE,TRUE,1,FALSE,FALSE,TRUE,0.664752398300911,0.14084322832029,TRUE,2.46574054249037,0.000337877256597884,TRUE,0.517813043747365,0.630079601111044
"GOBP_RESPONSE_TO_BACTERIUM","Cxcl1",3,3,TRUE,TRUE,FALSE,TRUE,1,FALSE,FALSE,TRUE,1.5165442837857,0.149489882872109,TRUE,2.52531048957012,0.000370268878204458,TRUE,1.7585984129583,0.174448637450309
"GOBP_RESPONSE_TO_BACTERIUM","Duox1",3,3,TRUE,TRUE,FALSE,TRUE,1,FALSE,FALSE,TRUE,0.563201030809831,0.494240570746554,TRUE,2.21457607226986,0.00516069834668226,TRUE,1.12410533475523,0.44717661220682
"GOBP_RESPONSE_TO_BACTERIUM","Dusp10",3,3,TRUE,TRUE,FALSE,TRUE,1,FALSE,FALSE,TRUE,0.268498030278965,0.498952870455321,TRUE,2.75959237781112,2.35675928486731e-10,TRUE,0.31796622672043,0.472074502780716
"GOBP_RESPONSE_TO_BACTERIUM","Ephb2",3,3,TRUE,TRUE,FALSE,TRUE,2,TRUE,FALSE,TRUE,0.572020751641617,0.0264766121358153,TRUE,1.42915570448895,5.27065260331292e-10,TRUE,0.26532150243207,0.536661356246787
"GOBP_RESPONSE_TO_BACTERIUM","Fgr",3,3,TRUE,TRUE,FALSE,TRUE,1,FALSE,FALSE,TRUE,0.515389051031006,0.28831460745267,TRUE,2.11824629636748,0.000138058358840273,TRUE,0.745661532096228,0.683178256379573
"GOBP_RESPONSE_TO_BACTERIUM","Gbp2",3,3,TRUE,TRUE,FALSE,TRUE,1,FALSE,FALSE,TRUE,0.360144648683133,0.085398103628811,TRUE,3.28577579408222,1.03327654448563e-68,TRUE,0.268022727287426,0.57863793596698
"GOBP_RESPONSE_TO_BACTERIUM","Grn",3,3,TRUE,TRUE,FALSE,TRUE,1,FALSE,FALSE,TRUE,0.154370419787912,0.276752836180741,TRUE,2.20917026840802,1.73609902356081e-11,TRUE,0.182033362612566,0.383219983777102
"GOBP_RESPONSE_TO_BACTERIUM","Hck",3,3,TRUE,TRUE,FALSE,TRUE,1,FALSE,FALSE,TRUE,0.315056483473932,0.12356364451052,TRUE,4.22136449953663,7.19910221439481e-38,TRUE,0.278580063811414,0.796916524427636
"GOBP_RESPONSE_TO_BACTERIUM","Irak3",3,3,TRUE,TRUE,FALSE,TRUE,2,TRUE,FALSE,TRUE,0.631941891439005,0.00155976019701832,TRUE,0.878125867520487,6.57638099719961e-05,TRUE,0.245044844928754,0.522132434794
"GOBP_RESPONSE_TO_BACTERIUM","Irf5",3,3,TRUE,TRUE,FALSE,TRUE,1,FALSE,FALSE,TRUE,0.426066971251357,0.116637285182882,TRUE,1.95145440294813,0.000131781151828553,TRUE,0.494746860581211,0.185309697300595
"GOBP_RESPONSE_TO_BACTERIUM","Jund",3,3,TRUE,TRUE,FALSE,TRUE,1,FALSE,FALSE,TRUE,0.128667988877692,0.519204764458392,TRUE,1.09918852295896,1.67489197471109e-10,TRUE,0.18689304090486,0.604869421964307
"GOBP_RESPONSE_TO_BACTERIUM","Klhl6",3,3,TRUE,TRUE,FALSE,TRUE,1,FALSE,FALSE,TRUE,0.578196572176061,0.306853449958753,TRUE,2.48304834238421,2.57541923315069e-06,TRUE,0.969298825024244,0.222416028422934
"GOBP_RESPONSE_TO_BACTERIUM","Litaf",3,3,TRUE,TRUE,FALSE,TRUE,1,FALSE,FALSE,TRUE,0.246658409448815,0.349458343599393,TRUE,1.32030207955079,6.44489367816647e-19,TRUE,0.307601152090043,0.37491741317879
"GOBP_RESPONSE_TO_BACTERIUM","Lrat",3,3,TRUE,TRUE,FALSE,TRUE,2,TRUE,FALSE,TRUE,1.4798084625023,0.0295657410208251,TRUE,2.21409672069934,3.13713992549036e-06,TRUE,0.452011266749007,0.860522646794704
"GOBP_RESPONSE_TO_BACTERIUM","Lyn",3,3,TRUE,TRUE,FALSE,TRUE,1,FALSE,FALSE,TRUE,0.223509764937926,0.490142085956127,TRUE,2.0120269595302,3.81981511615045e-08,TRUE,0.587385518008491,0.0511607209227901
"GOBP_RESPONSE_TO_BACTERIUM","Sbno2",3,3,TRUE,TRUE,FALSE,TRUE,2,FALSE,FALSE,TRUE,0.252439224652278,0.252895905452963,TRUE,1.8075591588866,5.70646436094297e-21,TRUE,0.813138251418489,0.00113348287894191
"GOBP_RESPONSE_TO_BACTERIUM","Spi1",3,3,TRUE,TRUE,FALSE,TRUE,2,FALSE,FALSE,TRUE,0.231827238387176,0.377404760009199,TRUE,2.70498117793039,2.23000712632317e-08,TRUE,0.880614679226821,0.0101246949687062
"GOBP_RESPONSE_TO_BACTERIUM","Syk",3,3,TRUE,TRUE,FALSE,TRUE,1,FALSE,FALSE,TRUE,0.503344358195588,0.396384730535913,TRUE,2.99962596123063,2.36489559882808e-06,TRUE,0.233382318055769,0.871532469677388
"GOBP_RESPONSE_TO_BACTERIUM","Tlr3",3,3,TRUE,TRUE,FALSE,TRUE,1,FALSE,FALSE,TRUE,0.284951915196595,0.494240570746554,TRUE,1.48259954257452,1.05336868344864e-06,TRUE,0.516350832659553,0.582604161676384
"GOBP_RESPONSE_TO_BACTERIUM","Tnfrsf1a",3,3,TRUE,TRUE,FALSE,TRUE,1,FALSE,FALSE,TRUE,0.157735689448044,0.343755511922389,TRUE,1.0625553000112,4.92945787474711e-06,TRUE,0.293896734018024,0.0536327573915571
"GOBP_RESPONSE_TO_BACTERIUM","Tnfrsf1b",3,3,TRUE,TRUE,FALSE,TRUE,1,FALSE,FALSE,TRUE,0.267272159554668,0.509379913049287,TRUE,1.50470562292304,7.12442531553175e-05,TRUE,0.508146320436365,0.415506032246073
"GOBP_RESPONSE_TO_BACTERIUM","Tspo",3,3,TRUE,TRUE,FALSE,TRUE,2,FALSE,FALSE,TRUE,0.325405375846523,0.202379404847811,TRUE,0.749570129782397,0.00705455824453808,TRUE,0.78445319851494,0.0296285088499084
"GOBP_RESPONSE_TO_BACTERIUM","Vim",3,3,TRUE,TRUE,FALSE,TRUE,1,FALSE,FALSE,TRUE,0.284475157502747,0.0697322659341019,TRUE,1.63139773830339,9.44449354581054e-16,TRUE,0.208890938840981,0.340978885950124
"GOBP_RESPONSE_TO_BACTERIUM","Zfp36",3,3,TRUE,TRUE,FALSE,TRUE,1,FALSE,FALSE,TRUE,0.308226941801745,0.499249789714856,TRUE,0.69907971598608,0.000413161071176174,TRUE,0.596714716898732,0.102068151269284
"GOBP_RESPONSE_TO_MOLECULE_OF_BACTERIAL_ORIGIN","Acp5",3,3,TRUE,TRUE,FALSE,TRUE,1,FALSE,FALSE,TRUE,0.457664220944827,0.172711827662831,TRUE,2.51287761001223,1.07234126028876e-10,TRUE,0.808967918367716,0.0945552950077419
"GOBP_RESPONSE_TO_MOLECULE_OF_BACTERIAL_ORIGIN","Axl",3,3,TRUE,TRUE,FALSE,TRUE,2,FALSE,FALSE,TRUE,0.339910356914286,0.122586397501279,TRUE,1.25553291486956,2.71583197139278e-07,TRUE,0.387996439091485,0.00280427365788733
"GOBP_RESPONSE_TO_MOLECULE_OF_BACTERIAL_ORIGIN","Casp7",3,3,TRUE,TRUE,FALSE,TRUE,1,FALSE,FALSE,TRUE,0.325208830486546,0.315376129889057,TRUE,1.23221514750994,1.09068757959207e-08,TRUE,0.29797383520407,0.663540132076808
"GOBP_RESPONSE_TO_MOLECULE_OF_BACTERIAL_ORIGIN","Cd180",3,3,TRUE,TRUE,FALSE,TRUE,2,TRUE,FALSE,TRUE,0.928469544011367,0.0477322758442387,TRUE,3.34054464435045,4.19037110794436e-09,TRUE,0.783702491174118,0.382701142670785
"GOBP_RESPONSE_TO_MOLECULE_OF_BACTERIAL_ORIGIN","Cd68",3,3,TRUE,TRUE,FALSE,TRUE,3,TRUE,TRUE,TRUE,0.475875429309184,0.0351647016514608,TRUE,5.69370776946084,3.54544834963571e-28,TRUE,0.872295096338037,0.0026039181399166
"GOBP_RESPONSE_TO_MOLECULE_OF_BACTERIAL_ORIGIN","Cd80",3,3,TRUE,TRUE,FALSE,TRUE,1,FALSE,FALSE,TRUE,0.664752398300911,0.14084322832029,TRUE,2.46574054249037,0.000337877256597884,TRUE,0.517813043747365,0.630079601111044
"GOBP_RESPONSE_TO_MOLECULE_OF_BACTERIAL_ORIGIN","Cxcl1",3,3,TRUE,TRUE,FALSE,TRUE,1,FALSE,FALSE,TRUE,1.5165442837857,0.149489882872109,TRUE,2.52531048957012,0.000370268878204458,TRUE,1.7585984129583,0.174448637450309
"GOBP_RESPONSE_TO_MOLECULE_OF_BACTERIAL_ORIGIN","Dusp10",3,3,TRUE,TRUE,FALSE,TRUE,1,FALSE,FALSE,TRUE,0.268498030278965,0.498952870455321,TRUE,2.75959237781112,2.35675928486731e-10,TRUE,0.31796622672043,0.472074502780716
"GOBP_RESPONSE_TO_MOLECULE_OF_BACTERIAL_ORIGIN","Ephb2",3,3,TRUE,TRUE,FALSE,TRUE,2,TRUE,FALSE,TRUE,0.572020751641617,0.0264766121358153,TRUE,1.42915570448895,5.27065260331292e-10,TRUE,0.26532150243207,0.536661356246787
"GOBP_RESPONSE_TO_MOLECULE_OF_BACTERIAL_ORIGIN","Fos",3,3,TRUE,TRUE,FALSE,TRUE,1,FALSE,FALSE,TRUE,0.405442099828993,0.536431739122925,TRUE,2.52304594279879,3.02272530391151e-09,TRUE,0.677909207060348,0.871532469677388
"GOBP_RESPONSE_TO_MOLECULE_OF_BACTERIAL_ORIGIN","Gbp2",3,3,TRUE,TRUE,FALSE,TRUE,1,FALSE,FALSE,TRUE,0.360144648683133,0.085398103628811,TRUE,3.28577579408222,1.03327654448563e-68,TRUE,0.268022727287426,0.57863793596698
"GOBP_RESPONSE_TO_MOLECULE_OF_BACTERIAL_ORIGIN","Hck",3,3,TRUE,TRUE,FALSE,TRUE,1,FALSE,FALSE,TRUE,0.315056483473932,0.12356364451052,TRUE,4.22136449953663,7.19910221439481e-38,TRUE,0.278580063811414,0.796916524427636
"GOBP_RESPONSE_TO_MOLECULE_OF_BACTERIAL_ORIGIN","Irak3",3,3,TRUE,TRUE,FALSE,TRUE,2,TRUE,FALSE,TRUE,0.631941891439005,0.00155976019701832,TRUE,0.878125867520487,6.57638099719961e-05,TRUE,0.245044844928754,0.522132434794
"GOBP_RESPONSE_TO_MOLECULE_OF_BACTERIAL_ORIGIN","Irak4",3,3,TRUE,TRUE,FALSE,TRUE,1,FALSE,FALSE,TRUE,0.173713394292799,0.581028017851585,TRUE,1.02413630910348,6.61193896357856e-06,TRUE,0.292135630147656,0.451719993322515
"GOBP_RESPONSE_TO_MOLECULE_OF_BACTERIAL_ORIGIN","Irf5",3,3,TRUE,TRUE,FALSE,TRUE,1,FALSE,FALSE,TRUE,0.426066971251357,0.116637285182882,TRUE,1.95145440294813,0.000131781151828553,TRUE,0.494746860581211,0.185309697300595
"GOBP_RESPONSE_TO_MOLECULE_OF_BACTERIAL_ORIGIN","Jund",3,3,TRUE,TRUE,FALSE,TRUE,1,FALSE,FALSE,TRUE,0.128667988877692,0.519204764458392,TRUE,1.09918852295896,1.67489197471109e-10,TRUE,0.18689304090486,0.604869421964307
"GOBP_RESPONSE_TO_MOLECULE_OF_BACTERIAL_ORIGIN","Litaf",3,3,TRUE,TRUE,FALSE,TRUE,1,FALSE,FALSE,TRUE,0.246658409448815,0.349458343599393,TRUE,1.32030207955079,6.44489367816647e-19,TRUE,0.307601152090043,0.37491741317879
"GOBP_RESPONSE_TO_MOLECULE_OF_BACTERIAL_ORIGIN","Lyn",3,3,TRUE,TRUE,FALSE,TRUE,1,FALSE,FALSE,TRUE,0.223509764937926,0.490142085956127,TRUE,2.0120269595302,3.81981511615045e-08,TRUE,0.587385518008491,0.0511607209227901
"GOBP_RESPONSE_TO_MOLECULE_OF_BACTERIAL_ORIGIN","Myd88",3,3,TRUE,TRUE,FALSE,TRUE,1,FALSE,FALSE,TRUE,0.160206577192312,0.554368260121224,TRUE,0.981640852311147,4.24310889552739e-05,TRUE,0.153760360951687,0.845257405344269
"GOBP_RESPONSE_TO_MOLECULE_OF_BACTERIAL_ORIGIN","Ptpn6",3,3,TRUE,TRUE,FALSE,TRUE,1,FALSE,FALSE,TRUE,0.287205850094709,0.553774801059526,TRUE,1.98203183621216,1.06186485618229e-09,TRUE,0.371019040084565,0.513464940390957
"GOBP_RESPONSE_TO_MOLECULE_OF_BACTERIAL_ORIGIN","Sbno2",3,3,TRUE,TRUE,FALSE,TRUE,2,FALSE,FALSE,TRUE,0.252439224652278,0.252895905452963,TRUE,1.8075591588866,5.70646436094297e-21,TRUE,0.813138251418489,0.00113348287894191
"GOBP_RESPONSE_TO_MOLECULE_OF_BACTERIAL_ORIGIN","Serpine1",3,3,TRUE,TRUE,FALSE,TRUE,1,FALSE,FALSE,TRUE,0.356679704473783,0.58430105160132,TRUE,4.32003960854411,3.75906722659808e-20,TRUE,0.867036493565409,0.15293647170219
"GOBP_RESPONSE_TO_MOLECULE_OF_BACTERIAL_ORIGIN","Spi1",3,3,TRUE,TRUE,FALSE,TRUE,2,FALSE,FALSE,TRUE,0.231827238387176,0.377404760009199,TRUE,2.70498117793039,2.23000712632317e-08,TRUE,0.880614679226821,0.0101246949687062
"GOBP_RESPONSE_TO_MOLECULE_OF_BACTERIAL_ORIGIN","Tnfrsf1b",3,3,TRUE,TRUE,FALSE,TRUE,1,FALSE,FALSE,TRUE,0.267272159554668,0.509379913049287,TRUE,1.50470562292304,7.12442531553175e-05,TRUE,0.508146320436365,0.415506032246073
"GOBP_RESPONSE_TO_MOLECULE_OF_BACTERIAL_ORIGIN","Tspo",3,3,TRUE,TRUE,FALSE,TRUE,2,FALSE,FALSE,TRUE,0.325405375846523,0.202379404847811,TRUE,0.749570129782397,0.00705455824453808,TRUE,0.78445319851494,0.0296285088499084
"GOBP_RESPONSE_TO_MOLECULE_OF_BACTERIAL_ORIGIN","Vim",3,3,TRUE,TRUE,FALSE,TRUE,1,FALSE,FALSE,TRUE,0.284475157502747,0.0697322659341019,TRUE,1.63139773830339,9.44449354581054e-16,TRUE,0.208890938840981,0.340978885950124
"GOBP_RESPONSE_TO_MOLECULE_OF_BACTERIAL_ORIGIN","Zfp36",3,3,TRUE,TRUE,FALSE,TRUE,1,FALSE,FALSE,TRUE,0.308226941801745,0.499249789714856,TRUE,0.69907971598608,0.000413161071176174,TRUE,0.596714716898732,0.102068151269284
"GOBP_RESPONSE_TO_TUMOR_NECROSIS_FACTOR","Adamts7",3,3,TRUE,TRUE,FALSE,TRUE,1,FALSE,FALSE,TRUE,0.377213673225148,0.0895166054579076,TRUE,1.08169151887619,2.03671730866659e-06,TRUE,0.12249717522632,0.869499140289043
"GOBP_RESPONSE_TO_TUMOR_NECROSIS_FACTOR","Birc3",3,3,TRUE,TRUE,FALSE,TRUE,1,FALSE,FALSE,TRUE,0.413618395752454,0.459443681356832,TRUE,1.2660044576468,0.000151794594442551,TRUE,0.355638188125153,0.866710113831817
"GOBP_RESPONSE_TO_TUMOR_NECROSIS_FACTOR","Card14",3,3,TRUE,TRUE,FALSE,TRUE,1,FALSE,FALSE,TRUE,0.365484499038169,0.526137225348561,TRUE,3.58646831826288,7.10707719755735e-15,TRUE,0.83066039777124,0.588611361665432
"GOBP_RESPONSE_TO_TUMOR_NECROSIS_FACTOR","Fos",3,3,TRUE,TRUE,FALSE,TRUE,1,FALSE,FALSE,TRUE,0.405442099828993,0.536431739122925,TRUE,2.52304594279879,3.02272530391151e-09,TRUE,0.677909207060348,0.871532469677388
"GOBP_RESPONSE_TO_TUMOR_NECROSIS_FACTOR","Gbp2",3,3,TRUE,TRUE,FALSE,TRUE,1,FALSE,FALSE,TRUE,0.360144648683133,0.085398103628811,TRUE,3.28577579408222,1.03327654448563e-68,TRUE,0.268022727287426,0.57863793596698
"GOBP_RESPONSE_TO_TUMOR_NECROSIS_FACTOR","Syk",3,3,TRUE,TRUE,FALSE,TRUE,1,FALSE,FALSE,TRUE,0.503344358195588,0.396384730535913,TRUE,2.99962596123063,2.36489559882808e-06,TRUE,0.233382318055769,0.871532469677388
"GOBP_RESPONSE_TO_TUMOR_NECROSIS_FACTOR","Tnfrsf1a",3,3,TRUE,TRUE,FALSE,TRUE,1,FALSE,FALSE,TRUE,0.157735689448044,0.343755511922389,TRUE,1.0625553000112,4.92945787474711e-06,TRUE,0.293896734018024,0.0536327573915571
"GOBP_RESPONSE_TO_TUMOR_NECROSIS_FACTOR","Tnfrsf1b",3,3,TRUE,TRUE,FALSE,TRUE,1,FALSE,FALSE,TRUE,0.267272159554668,0.509379913049287,TRUE,1.50470562292304,7.12442531553175e-05,TRUE,0.508146320436365,0.415506032246073
"GOBP_RESPONSE_TO_TUMOR_NECROSIS_FACTOR","Traip",3,3,TRUE,TRUE,FALSE,TRUE,1,FALSE,FALSE,TRUE,0.774132508037957,0.304211101101995,TRUE,2.02410752422052,0.000118694816839136,TRUE,1.08771501382744,0.508057603754071
"GOBP_RESPONSE_TO_TUMOR_NECROSIS_FACTOR","Zfp36",3,3,TRUE,TRUE,FALSE,TRUE,1,FALSE,FALSE,TRUE,0.308226941801745,0.499249789714856,TRUE,0.69907971598608,0.000413161071176174,TRUE,0.596714716898732,0.102068151269284
"GOBP_RESPONSE_TO_VIRUS","Atg7",3,3,TRUE,TRUE,FALSE,TRUE,1,FALSE,FALSE,TRUE,0.186992035848011,0.377814536710497,TRUE,0.858957716121272,0.000327270096613888,TRUE,0.139518286725163,0.815774754912565
"GOBP_RESPONSE_TO_VIRUS","Bcl3",3,3,TRUE,TRUE,FALSE,TRUE,2,FALSE,FALSE,TRUE,0.402414231968193,0.231590537214337,TRUE,1.84514765362038,4.15490542439594e-16,TRUE,1.30208899692276,3.71058910103766e-06
"GOBP_RESPONSE_TO_VIRUS","Cd37",3,3,TRUE,TRUE,FALSE,TRUE,1,FALSE,FALSE,TRUE,0.753806062061723,0.398907177840949,TRUE,2.31196389442472,2.17244076576351e-07,TRUE,0.465933335379044,0.675427642459795
"GOBP_RESPONSE_TO_VIRUS","Duox1",3,3,TRUE,TRUE,FALSE,TRUE,1,FALSE,FALSE,TRUE,0.563201030809831,0.494240570746554,TRUE,2.21457607226986,0.00516069834668226,TRUE,1.12410533475523,0.44717661220682
"GOBP_RESPONSE_TO_VIRUS","Eno1",3,3,TRUE,TRUE,FALSE,TRUE,1,FALSE,FALSE,TRUE,0.246567292926681,0.195440810983925,TRUE,0.881727762640592,0.000941925480078634,TRUE,0.2208047567387,0.374422741809588
"GOBP_RESPONSE_TO_VIRUS","Fgr",3,3,TRUE,TRUE,FALSE,TRUE,1,FALSE,FALSE,TRUE,0.515389051031006,0.28831460745267,TRUE,2.11824629636748,0.000138058358840273,TRUE,0.745661532096228,0.683178256379573
"GOBP_RESPONSE_TO_VIRUS","Gbp2",3,3,TRUE,TRUE,FALSE,TRUE,1,FALSE,FALSE,TRUE,0.360144648683133,0.085398103628811,TRUE,3.28577579408222,1.03327654448563e-68,TRUE,0.268022727287426,0.57863793596698
"GOBP_RESPONSE_TO_VIRUS","Ifnlr1",3,3,TRUE,TRUE,FALSE,TRUE,2,FALSE,FALSE,TRUE,0.420985240068314,0.362587211715149,TRUE,2.86929368379826,1.10628427930228e-11,TRUE,1.02063993685972,0.00501437026736733
"GOBP_RESPONSE_TO_VIRUS","Ikbke",3,3,TRUE,TRUE,FALSE,TRUE,2,TRUE,FALSE,TRUE,0.760401452093416,0.00313157452124863,TRUE,2.23598558704328,1.10026172711676e-11,TRUE,0.242636065359564,0.858162814887538
"GOBP_RESPONSE_TO_VIRUS","Il17ra",3,3,TRUE,TRUE,FALSE,TRUE,1,FALSE,FALSE,TRUE,0.125038325532549,0.716500861711687,TRUE,1.46390954283737,2.79719361221194e-06,TRUE,0.222160044333199,0.433688776820199
"GOBP_RESPONSE_TO_VIRUS","Irak3",3,3,TRUE,TRUE,FALSE,TRUE,2,TRUE,FALSE,TRUE,0.631941891439005,0.00155976019701832,TRUE,0.878125867520487,6.57638099719961e-05,TRUE,0.245044844928754,0.522132434794
"GOBP_RESPONSE_TO_VIRUS","Irf5",3,3,TRUE,TRUE,FALSE,TRUE,1,FALSE,FALSE,TRUE,0.426066971251357,0.116637285182882,TRUE,1.95145440294813,0.000131781151828553,TRUE,0.494746860581211,0.185309697300595
"GOBP_RESPONSE_TO_VIRUS","Itgax",3,3,TRUE,TRUE,FALSE,TRUE,1,FALSE,FALSE,TRUE,0.78770367649694,0.267692288385957,TRUE,3.78767084084762,4.02804911876953e-16,TRUE,0.822564186465989,0.261084134129211
"GOBP_RESPONSE_TO_VIRUS","Mnda",3,3,TRUE,TRUE,FALSE,TRUE,1,FALSE,FALSE,TRUE,0.417608355899685,0.326485549650622,TRUE,1.57862229294173,0.0177570728745022,TRUE,0.29329723677737,0.863965467866178
"GOBP_RESPONSE_TO_VIRUS","Myd88",3,3,TRUE,TRUE,FALSE,TRUE,1,FALSE,FALSE,TRUE,0.160206577192312,0.554368260121224,TRUE,0.981640852311147,4.24310889552739e-05,TRUE,0.153760360951687,0.845257405344269
"GOBP_RESPONSE_TO_VIRUS","Parp9",3,3,TRUE,TRUE,FALSE,TRUE,1,FALSE,FALSE,TRUE,0.235049540952122,0.582771068222546,TRUE,1.30283583481346,1.38847919464423e-06,TRUE,0.273467978395665,0.468913387154202
"GOBP_RESPONSE_TO_VIRUS","Ptprc",3,3,TRUE,TRUE,FALSE,TRUE,1,FALSE,FALSE,TRUE,0.5919563991021,0.250252196802151,TRUE,1.91670613521538,5.7654628836785e-06,TRUE,0.518307903432168,0.101624983605367
"GOBP_RESPONSE_TO_VIRUS","Pycard",3,3,TRUE,TRUE,FALSE,TRUE,1,FALSE,FALSE,TRUE,0.248790221495214,0.621156073177559,TRUE,1.88341482866933,4.3335305299106e-05,TRUE,0.680677032911383,0.206651393195141
"GOBP_RESPONSE_TO_VIRUS","Ripk3",3,3,TRUE,TRUE,FALSE,TRUE,1,FALSE,FALSE,TRUE,0.252639955930937,0.658545725479609,TRUE,3.30774351765374,3.70796244425972e-44,TRUE,1.03939584419645,0.154294939826457
"GOBP_RESPONSE_TO_VIRUS","Rpsa",3,3,TRUE,TRUE,FALSE,TRUE,1,FALSE,FALSE,TRUE,0.199316968667173,0.49605647117295,TRUE,0.553498996144354,0.019472466507075,TRUE,0.145885017667954,0.498264593801187
"GOBP_RESPONSE_TO_VIRUS","Tgfb1",3,3,TRUE,TRUE,FALSE,TRUE,1,FALSE,FALSE,TRUE,0.352316809798448,0.325249018682096,TRUE,2.48294295045363,9.90696293843824e-16,TRUE,0.271883874258171,0.653831483433746
"GOBP_RESPONSE_TO_VIRUS","Tlr3",3,3,TRUE,TRUE,FALSE,TRUE,1,FALSE,FALSE,TRUE,0.284951915196595,0.494240570746554,TRUE,1.48259954257452,1.05336868344864e-06,TRUE,0.516350832659553,0.582604161676384
"GOBP_RESPONSE_TO_VIRUS","Tlr8",3,3,TRUE,TRUE,FALSE,TRUE,1,FALSE,FALSE,TRUE,0.304197357516575,0.667696441560898,TRUE,2.37747472245518,0.00104893976097432,TRUE,0.347599207569656,0.441138911969449
"GOBP_RESPONSE_TO_VIRUS","Uap1",3,3,TRUE,TRUE,FALSE,TRUE,1,FALSE,FALSE,TRUE,0.390098118422316,0.172826776185284,TRUE,0.731223560245488,0.0206917506307734,TRUE,0.153538781306778,0.722410449374803
"GOBP_RESPONSE_TO_VIRUS","Unc93b1",3,3,TRUE,TRUE,FALSE,TRUE,1,FALSE,FALSE,TRUE,0.247418492342772,0.267638704247654,TRUE,2.58126022220956,6.54034312134097e-12,TRUE,0.239586050362998,0.341992879785876
"GOBP_RESPONSE_TO_VIRUS","Uri1",3,3,TRUE,TRUE,FALSE,TRUE,2,TRUE,FALSE,TRUE,0.336065840153441,0.0263671444685968,TRUE,0.454285241191163,0.01686263425018,TRUE,0.145127861906348,0.756854234812825
"GOBP_RESPONSE_TO_VIRUS","Wdfy4",3,3,TRUE,TRUE,FALSE,TRUE,1,FALSE,FALSE,TRUE,0.401938882548388,0.441306675421365,TRUE,2.76311194368423,5.08650780867539e-07,TRUE,0.661208901188238,0.110069115426607
"GOBP_RESPONSE_TO_WOUNDING","Actb",3,3,TRUE,TRUE,FALSE,TRUE,1,FALSE,FALSE,TRUE,0.100562992682506,0.356707455199691,TRUE,0.510588998540199,0.00176676471652104,TRUE,0.0936330712420067,0.736634357713194
"GOBP_RESPONSE_TO_WOUNDING","Axl",3,3,TRUE,TRUE,FALSE,TRUE,2,FALSE,FALSE,TRUE,0.339910356914286,0.122586397501279,TRUE,1.25553291486956,2.71583197139278e-07,TRUE,0.387996439091485,0.00280427365788733
"GOBP_RESPONSE_TO_WOUNDING","Casp7",3,3,TRUE,TRUE,FALSE,TRUE,1,FALSE,FALSE,TRUE,0.325208830486546,0.315376129889057,TRUE,1.23221514750994,1.09068757959207e-08,TRUE,0.29797383520407,0.663540132076808
"GOBP_RESPONSE_TO_WOUNDING","Cdkn1a",3,3,TRUE,TRUE,FALSE,TRUE,3,TRUE,TRUE,TRUE,2.36554425602502,1.35357633394429e-34,TRUE,2.35564858769235,1.78933839512498e-18,TRUE,1.25275470167071,0.00116547161516769
"GOBP_RESPONSE_TO_WOUNDING","Cnn2",3,3,TRUE,TRUE,FALSE,TRUE,1,FALSE,FALSE,TRUE,0.474914301095056,0.0536748526504177,TRUE,1.52983927609841,5.67486521774155e-12,TRUE,0.319021546749187,0.466567540637954
"GOBP_RESPONSE_TO_WOUNDING","Elk3",3,3,TRUE,TRUE,FALSE,TRUE,1,FALSE,FALSE,TRUE,0.314596206253646,0.338288916958239,TRUE,1.0101498634767,4.44690630750259e-06,TRUE,0.306117335306603,0.453814955132617
"GOBP_RESPONSE_TO_WOUNDING","Ephb2",3,3,TRUE,TRUE,FALSE,TRUE,2,TRUE,FALSE,TRUE,0.572020751641617,0.0264766121358153,TRUE,1.42915570448895,5.27065260331292e-10,TRUE,0.26532150243207,0.536661356246787
"GOBP_RESPONSE_TO_WOUNDING","Grn",3,3,TRUE,TRUE,FALSE,TRUE,1,FALSE,FALSE,TRUE,0.154370419787912,0.276752836180741,TRUE,2.20917026840802,1.73609902356081e-11,TRUE,0.182033362612566,0.383219983777102
"GOBP_RESPONSE_TO_WOUNDING","Myof",3,3,TRUE,TRUE,FALSE,TRUE,2,TRUE,FALSE,TRUE,0.337249832149701,0.0417429710547673,TRUE,2.02410743865896,1.99857201225749e-16,TRUE,0.285521296749434,0.110446373646172
"GOBP_RESPONSE_TO_WOUNDING","Pla2g4a",3,3,TRUE,TRUE,FALSE,TRUE,1,FALSE,FALSE,TRUE,0.473645199815029,0.426215519136847,TRUE,2.04494003353708,2.14395612438244e-06,TRUE,0.476628690511625,0.697088429852087
"GOBP_RESPONSE_TO_WOUNDING","Pros1",3,3,TRUE,TRUE,FALSE,TRUE,1,FALSE,FALSE,TRUE,0.232538620699586,0.393707297024551,TRUE,0.944548344946046,1.30482906575244e-05,TRUE,0.35741522014191,0.190747705195424
"GOBP_RESPONSE_TO_WOUNDING","Tgfb1",3,3,TRUE,TRUE,FALSE,TRUE,1,FALSE,FALSE,TRUE,0.352316809798448,0.325249018682096,TRUE,2.48294295045363,9.90696293843824e-16,TRUE,0.271883874258171,0.653831483433746
"GOBP_SIGNAL_TRANSDUCTION_IN_RESPONSE_TO_DNA_DAMAGE","Bard1",3,3,TRUE,TRUE,FALSE,TRUE,3,TRUE,TRUE,TRUE,1.24430672270076,0.0160404078203915,TRUE,2.24780423103609,0.000876838118250431,TRUE,1.11417884458566,0.0100783740944256
"GOBP_SIGNAL_TRANSDUCTION_IN_RESPONSE_TO_DNA_DAMAGE","Bcl3",3,3,TRUE,TRUE,FALSE,TRUE,2,FALSE,FALSE,TRUE,0.402414231968193,0.231590537214337,TRUE,1.84514765362038,4.15490542439594e-16,TRUE,1.30208899692276,3.71058910103766e-06
"GOBP_SIGNAL_TRANSDUCTION_IN_RESPONSE_TO_DNA_DAMAGE","Brd4",3,3,TRUE,TRUE,FALSE,TRUE,1,FALSE,FALSE,TRUE,0.118867485815696,0.527086952949651,TRUE,0.481200351442841,0.0148592223152972,TRUE,0.194790797287945,0.573351626995194
"GOBP_SIGNAL_TRANSDUCTION_IN_RESPONSE_TO_DNA_DAMAGE","Cdkn1a",3,3,TRUE,TRUE,FALSE,TRUE,3,TRUE,TRUE,TRUE,2.36554425602502,1.35357633394429e-34,TRUE,2.35564858769235,1.78933839512498e-18,TRUE,1.25275470167071,0.00116547161516769
"GOBP_SIGNAL_TRANSDUCTION_IN_RESPONSE_TO_DNA_DAMAGE","Dyrk3",3,3,TRUE,TRUE,FALSE,TRUE,1,FALSE,FALSE,TRUE,0.334177386948806,0.470156076286257,TRUE,2.61575939068914,0.000345931180277319,TRUE,0.704812608596418,0.14869345981958
"GOBP_SIGNAL_TRANSDUCTION_IN_RESPONSE_TO_DNA_DAMAGE","E2f7",3,3,TRUE,TRUE,FALSE,TRUE,1,FALSE,FALSE,TRUE,0.594146302342125,0.282545586114661,TRUE,2.31682086890672,0.00124805781108215,TRUE,0.791570202175881,0.679958311827169
"GOBP_SIGNAL_TRANSDUCTION_IN_RESPONSE_TO_DNA_DAMAGE","Ints7",3,3,TRUE,TRUE,FALSE,TRUE,1,FALSE,FALSE,TRUE,0.096528210010868,0.729465043916857,TRUE,0.732632851939713,0.00045148086411166,TRUE,0.146947475755595,0.701707649549208
"GOBP_SIGNAL_TRANSDUCTION_IN_RESPONSE_TO_DNA_DAMAGE","Lyn",3,3,TRUE,TRUE,FALSE,TRUE,1,FALSE,FALSE,TRUE,0.223509764937926,0.490142085956127,TRUE,2.0120269595302,3.81981511615045e-08,TRUE,0.587385518008491,0.0511607209227901
"GOBP_SIGNAL_TRANSDUCTION_IN_RESPONSE_TO_DNA_DAMAGE","Parp9",3,3,TRUE,TRUE,FALSE,TRUE,1,FALSE,FALSE,TRUE,0.235049540952122,0.582771068222546,TRUE,1.30283583481346,1.38847919464423e-06,TRUE,0.273467978395665,0.468913387154202
"GOBP_SIGNAL_TRANSDUCTION_IN_RESPONSE_TO_DNA_DAMAGE","Plk1",3,3,TRUE,TRUE,FALSE,TRUE,2,TRUE,FALSE,TRUE,0.971020830346437,0.021087479103544,TRUE,2.74791972559114,1.14749108558847e-07,TRUE,0.505879641801392,0.573351626995194
"GOBP_SIGNAL_TRANSDUCTION_IN_RESPONSE_TO_DNA_DAMAGE","Timeless",3,3,TRUE,TRUE,FALSE,TRUE,1,FALSE,FALSE,TRUE,0.472932333214525,0.207582283128658,TRUE,1.67390823000391,0.000129166047522432,TRUE,0.618883175723325,0.366581440364434
"GOBP_SIGNAL_TRANSDUCTION_IN_RESPONSE_TO_DNA_DAMAGE","Xpc",3,3,TRUE,TRUE,FALSE,TRUE,1,FALSE,FALSE,TRUE,0.125278917583705,0.587607915307981,TRUE,0.492333075726745,0.00874296229788594,TRUE,0.186841756512298,0.757705919791885
"GOBP_TAXIS","C3ar1",3,3,TRUE,TRUE,FALSE,TRUE,1,FALSE,FALSE,TRUE,0.298463314290499,0.635991879632907,TRUE,2.58940423310367,0.00230146992138857,TRUE,0.386049264995178,0.648546792940027
"GOBP_TAXIS","Ccl7",3,3,TRUE,TRUE,FALSE,TRUE,1,FALSE,FALSE,TRUE,0.470041827430481,0.452241100400049,TRUE,2.39117372654952,0.000574738283827093,TRUE,0.930015713260818,0.703243903618601
"GOBP_TAXIS","Coro1a",3,3,TRUE,TRUE,FALSE,TRUE,1,FALSE,FALSE,TRUE,0.350825398046623,0.136677536818005,TRUE,1.50503697211496,0.00139265969245429,TRUE,0.199570200192326,0.625525038811018
"GOBP_TAXIS","Csf1",3,3,TRUE,TRUE,FALSE,TRUE,3,TRUE,TRUE,TRUE,0.502968114960466,0.00266356540706981,TRUE,1.19180569407285,2.43141460557132e-05,TRUE,1.42952754285414,8.54054282303828e-07
"GOBP_TAXIS","Cxcl1",3,3,TRUE,TRUE,FALSE,TRUE,1,FALSE,FALSE,TRUE,1.5165442837857,0.149489882872109,TRUE,2.52531048957012,0.000370268878204458,TRUE,1.7585984129583,0.174448637450309
"GOBP_TAXIS","Folr2",3,3,TRUE,TRUE,FALSE,TRUE,1,FALSE,FALSE,TRUE,0.222072401518169,0.554596212664659,TRUE,4.03005110421285,2.23336233097948e-13,TRUE,0.588667227377215,0.635347309221944
"GOBP_TAXIS","Gpnmb",3,3,TRUE,TRUE,FALSE,TRUE,2,TRUE,FALSE,TRUE,1.30749025088736,7.06453560821637e-13,TRUE,6.32344292723089,5.02359500033231e-37,TRUE,0.201272387228478,0.769711122156457
"GOBP_TAXIS","Itga9",3,3,TRUE,TRUE,FALSE,TRUE,1,FALSE,FALSE,TRUE,0.534291869017821,0.13595655950323,TRUE,2.10416018287092,3.60554659384233e-09,TRUE,0.322835515686324,0.871728615000467
"GOBP_TAXIS","Itgb2",3,3,TRUE,TRUE,FALSE,TRUE,1,FALSE,FALSE,TRUE,0.577655265399382,0.160586698777614,TRUE,4.2106302715265,4.81085137874971e-20,TRUE,1.06224267673307,0.0717152126730221
"GOBP_TAXIS","Lyn",3,3,TRUE,TRUE,FALSE,TRUE,1,FALSE,FALSE,TRUE,0.223509764937926,0.490142085956127,TRUE,2.0120269595302,3.81981511615045e-08,TRUE,0.587385518008491,0.0511607209227901
"GOBP_TAXIS","Plp2",3,3,TRUE,TRUE,FALSE,TRUE,1,FALSE,FALSE,TRUE,0.169419975053151,0.543043307584315,TRUE,2.13990201260487,1.68245177416179e-16,TRUE,0.343572588094874,0.152370133831288
"GOBP_TAXIS","Rac2",3,3,TRUE,TRUE,FALSE,TRUE,1,FALSE,FALSE,TRUE,0.316936316465688,0.549031231481433,TRUE,1.92512039386563,4.75023126706594e-05,TRUE,0.334286882622882,0.853595333072462
"GOBP_TAXIS","Sema6a",3,3,TRUE,TRUE,FALSE,TRUE,2,FALSE,FALSE,TRUE,0.20030509552587,0.403098249719092,TRUE,1.17806473193093,1.03099874768052e-06,TRUE,1.34204587707288,2.42912451161871e-08
"GOBP_TAXIS","Serpine1",3,3,TRUE,TRUE,FALSE,TRUE,1,FALSE,FALSE,TRUE,0.356679704473783,0.58430105160132,TRUE,4.32003960854411,3.75906722659808e-20,TRUE,0.867036493565409,0.15293647170219
"GOBP_TAXIS","Spi1",3,3,TRUE,TRUE,FALSE,TRUE,2,FALSE,FALSE,TRUE,0.231827238387176,0.377404760009199,TRUE,2.70498117793039,2.23000712632317e-08,TRUE,0.880614679226821,0.0101246949687062
"GOBP_TAXIS","Syk",3,3,TRUE,TRUE,FALSE,TRUE,1,FALSE,FALSE,TRUE,0.503344358195588,0.396384730535913,TRUE,2.99962596123063,2.36489559882808e-06,TRUE,0.233382318055769,0.871532469677388
"GOBP_TAXIS","Tgfb1",3,3,TRUE,TRUE,FALSE,TRUE,1,FALSE,FALSE,TRUE,0.352316809798448,0.325249018682096,TRUE,2.48294295045363,9.90696293843824e-16,TRUE,0.271883874258171,0.653831483433746
"GOBP_TAXIS","Tpbg",3,3,TRUE,TRUE,FALSE,TRUE,2,FALSE,FALSE,TRUE,0.638572365912902,0.220676821932357,TRUE,2.70850899222883,0.000115015585440498,TRUE,0.906011876453662,0.0106734590720167
"GOBP_TAXIS","Vav1",3,3,TRUE,TRUE,FALSE,TRUE,1,FALSE,FALSE,TRUE,0.252612890391214,0.650713364158388,TRUE,3.09923927623352,1.51852487403079e-11,TRUE,0.690891631962553,0.192726522095418
"GOBP_TISSUE_REMODELING","Acp5",3,3,TRUE,TRUE,FALSE,TRUE,1,FALSE,FALSE,TRUE,0.457664220944827,0.172711827662831,TRUE,2.51287761001223,1.07234126028876e-10,TRUE,0.808967918367716,0.0945552950077419
"GOBP_TISSUE_REMODELING","Axl",3,3,TRUE,TRUE,FALSE,TRUE,2,FALSE,FALSE,TRUE,0.339910356914286,0.122586397501279,TRUE,1.25553291486956,2.71583197139278e-07,TRUE,0.387996439091485,0.00280427365788733
"GOBP_TISSUE_REMODELING","Csk",3,3,TRUE,TRUE,FALSE,TRUE,1,FALSE,FALSE,TRUE,0.183529259545052,0.220676821932357,TRUE,1.02347076407563,4.12515495268375e-07,TRUE,0.287772443173399,0.174330830297062
"GOBP_TISSUE_REMODELING","Gpnmb",3,3,TRUE,TRUE,FALSE,TRUE,2,TRUE,FALSE,TRUE,1.30749025088736,7.06453560821637e-13,TRUE,6.32344292723089,5.02359500033231e-37,TRUE,0.201272387228478,0.769711122156457
"GOBP_TISSUE_REMODELING","Syk",3,3,TRUE,TRUE,FALSE,TRUE,1,FALSE,FALSE,TRUE,0.503344358195588,0.396384730535913,TRUE,2.99962596123063,2.36489559882808e-06,TRUE,0.233382318055769,0.871532469677388
"GOBP_TISSUE_REMODELING","Tgfb1",3,3,TRUE,TRUE,FALSE,TRUE,1,FALSE,FALSE,TRUE,0.352316809798448,0.325249018682096,TRUE,2.48294295045363,9.90696293843824e-16,TRUE,0.271883874258171,0.653831483433746
"GOBP_TUMOR_NECROSIS_FACTOR_SUPERFAMILY_CYTOKINE_PRODUCTION","Acp5",3,3,TRUE,TRUE,FALSE,TRUE,1,FALSE,FALSE,TRUE,0.457664220944827,0.172711827662831,TRUE,2.51287761001223,1.07234126028876e-10,TRUE,0.808967918367716,0.0945552950077419
"GOBP_TUMOR_NECROSIS_FACTOR_SUPERFAMILY_CYTOKINE_PRODUCTION","Axl",3,3,TRUE,TRUE,FALSE,TRUE,2,FALSE,FALSE,TRUE,0.339910356914286,0.122586397501279,TRUE,1.25553291486956,2.71583197139278e-07,TRUE,0.387996439091485,0.00280427365788733
"GOBP_TUMOR_NECROSIS_FACTOR_SUPERFAMILY_CYTOKINE_PRODUCTION","Bcl3",3,3,TRUE,TRUE,FALSE,TRUE,2,FALSE,FALSE,TRUE,0.402414231968193,0.231590537214337,TRUE,1.84514765362038,4.15490542439594e-16,TRUE,1.30208899692276,3.71058910103766e-06
"GOBP_TUMOR_NECROSIS_FACTOR_SUPERFAMILY_CYTOKINE_PRODUCTION","Ephb2",3,3,TRUE,TRUE,FALSE,TRUE,2,TRUE,FALSE,TRUE,0.572020751641617,0.0264766121358153,TRUE,1.42915570448895,5.27065260331292e-10,TRUE,0.26532150243207,0.536661356246787
"GOBP_TUMOR_NECROSIS_FACTOR_SUPERFAMILY_CYTOKINE_PRODUCTION","Fcgr3a",3,3,TRUE,TRUE,FALSE,TRUE,1,FALSE,FALSE,TRUE,0.499791340273772,0.433136613110795,TRUE,3.79881048558459,3.8983911764311e-11,TRUE,1.53687952190867,0.101128589312253
"GOBP_TUMOR_NECROSIS_FACTOR_SUPERFAMILY_CYTOKINE_PRODUCTION","Gpnmb",3,3,TRUE,TRUE,FALSE,TRUE,2,TRUE,FALSE,TRUE,1.30749025088736,7.06453560821637e-13,TRUE,6.32344292723089,5.02359500033231e-37,TRUE,0.201272387228478,0.769711122156457
"GOBP_TUMOR_NECROSIS_FACTOR_SUPERFAMILY_CYTOKINE_PRODUCTION","Irak3",3,3,TRUE,TRUE,FALSE,TRUE,2,TRUE,FALSE,TRUE,0.631941891439005,0.00155976019701832,TRUE,0.878125867520487,6.57638099719961e-05,TRUE,0.245044844928754,0.522132434794
"GOBP_TUMOR_NECROSIS_FACTOR_SUPERFAMILY_CYTOKINE_PRODUCTION","Lilrb4",3,3,TRUE,TRUE,FALSE,TRUE,1,FALSE,FALSE,TRUE,0.941798948455948,0.0922806887603967,TRUE,5.92588608419731,1.19920620782426e-10,TRUE,0.571424156002891,0.781521253309124
"GOBP_TUMOR_NECROSIS_FACTOR_SUPERFAMILY_CYTOKINE_PRODUCTION","Myd88",3,3,TRUE,TRUE,FALSE,TRUE,1,FALSE,FALSE,TRUE,0.160206577192312,0.554368260121224,TRUE,0.981640852311147,4.24310889552739e-05,TRUE,0.153760360951687,0.845257405344269
"GOBP_TUMOR_NECROSIS_FACTOR_SUPERFAMILY_CYTOKINE_PRODUCTION","Ptpn6",3,3,TRUE,TRUE,FALSE,TRUE,1,FALSE,FALSE,TRUE,0.287205850094709,0.553774801059526,TRUE,1.98203183621216,1.06186485618229e-09,TRUE,0.371019040084565,0.513464940390957
"GOBP_TUMOR_NECROSIS_FACTOR_SUPERFAMILY_CYTOKINE_PRODUCTION","Ptprc",3,3,TRUE,TRUE,FALSE,TRUE,1,FALSE,FALSE,TRUE,0.5919563991021,0.250252196802151,TRUE,1.91670613521538,5.7654628836785e-06,TRUE,0.518307903432168,0.101624983605367
"GOBP_TUMOR_NECROSIS_FACTOR_SUPERFAMILY_CYTOKINE_PRODUCTION","Ripk1",3,3,TRUE,TRUE,FALSE,TRUE,1,FALSE,FALSE,TRUE,0.131782078434304,0.571135678311265,TRUE,0.577728812909235,0.0122194190236521,TRUE,0.117728101900915,0.874152472770845
"GOBP_TUMOR_NECROSIS_FACTOR_SUPERFAMILY_CYTOKINE_PRODUCTION","Syk",3,3,TRUE,TRUE,FALSE,TRUE,1,FALSE,FALSE,TRUE,0.503344358195588,0.396384730535913,TRUE,2.99962596123063,2.36489559882808e-06,TRUE,0.233382318055769,0.871532469677388
"GOBP_TUMOR_NECROSIS_FACTOR_SUPERFAMILY_CYTOKINE_PRODUCTION","Tgfb1",3,3,TRUE,TRUE,FALSE,TRUE,1,FALSE,FALSE,TRUE,0.352316809798448,0.325249018682096,TRUE,2.48294295045363,9.90696293843824e-16,TRUE,0.271883874258171,0.653831483433746
"GOBP_TUMOR_NECROSIS_FACTOR_SUPERFAMILY_CYTOKINE_PRODUCTION","Tlr3",3,3,TRUE,TRUE,FALSE,TRUE,1,FALSE,FALSE,TRUE,0.284951915196595,0.494240570746554,TRUE,1.48259954257452,1.05336868344864e-06,TRUE,0.516350832659553,0.582604161676384
"GOBP_TUMOR_NECROSIS_FACTOR_SUPERFAMILY_CYTOKINE_PRODUCTION","Tspo",3,3,TRUE,TRUE,FALSE,TRUE,2,FALSE,FALSE,TRUE,0.325405375846523,0.202379404847811,TRUE,0.749570129782397,0.00705455824453808,TRUE,0.78445319851494,0.0296285088499084
"GOBP_TUMOR_NECROSIS_FACTOR_SUPERFAMILY_CYTOKINE_PRODUCTION","Zfp36",3,3,TRUE,TRUE,FALSE,TRUE,1,FALSE,FALSE,TRUE,0.308226941801745,0.499249789714856,TRUE,0.69907971598608,0.000413161071176174,TRUE,0.596714716898732,0.102068151269284
"GOBP_T_CELL_ACTIVATION","Actb",3,3,TRUE,TRUE,FALSE,TRUE,1,FALSE,FALSE,TRUE,0.100562992682506,0.356707455199691,TRUE,0.510588998540199,0.00176676471652104,TRUE,0.0936330712420067,0.736634357713194
"GOBP_T_CELL_ACTIVATION","Bcl3",3,3,TRUE,TRUE,FALSE,TRUE,2,FALSE,FALSE,TRUE,0.402414231968193,0.231590537214337,TRUE,1.84514765362038,4.15490542439594e-16,TRUE,1.30208899692276,3.71058910103766e-06
"GOBP_T_CELL_ACTIVATION","Cd276",3,3,TRUE,TRUE,FALSE,TRUE,1,FALSE,FALSE,TRUE,0.155813693455661,0.494240570746554,TRUE,2.68295811954464,1.86484746716925e-26,TRUE,0.912116163581484,0.61587036570436
"GOBP_T_CELL_ACTIVATION","Cd80",3,3,TRUE,TRUE,FALSE,TRUE,1,FALSE,FALSE,TRUE,0.664752398300911,0.14084322832029,TRUE,2.46574054249037,0.000337877256597884,TRUE,0.517813043747365,0.630079601111044
"GOBP_T_CELL_ACTIVATION","Coro1a",3,3,TRUE,TRUE,FALSE,TRUE,1,FALSE,FALSE,TRUE,0.350825398046623,0.136677536818005,TRUE,1.50503697211496,0.00139265969245429,TRUE,0.199570200192326,0.625525038811018
"GOBP_T_CELL_ACTIVATION","Csk",3,3,TRUE,TRUE,FALSE,TRUE,1,FALSE,FALSE,TRUE,0.183529259545052,0.220676821932357,TRUE,1.02347076407563,4.12515495268375e-07,TRUE,0.287772443173399,0.174330830297062
"GOBP_T_CELL_ACTIVATION","Dusp10",3,3,TRUE,TRUE,FALSE,TRUE,1,FALSE,FALSE,TRUE,0.268498030278965,0.498952870455321,TRUE,2.75959237781112,2.35675928486731e-10,TRUE,0.31796622672043,0.472074502780716
"GOBP_T_CELL_ACTIVATION","Gpnmb",3,3,TRUE,TRUE,FALSE,TRUE,2,TRUE,FALSE,TRUE,1.30749025088736,7.06453560821637e-13,TRUE,6.32344292723089,5.02359500033231e-37,TRUE,0.201272387228478,0.769711122156457
"GOBP_T_CELL_ACTIVATION","Icam1",3,3,TRUE,TRUE,FALSE,TRUE,2,TRUE,FALSE,TRUE,0.823176340057854,0.000718966158848219,TRUE,1.31157277268251,4.25281416532404e-07,TRUE,0.252813131824194,0.810368161592969
"GOBP_T_CELL_ACTIVATION","Il20rb",3,3,TRUE,TRUE,FALSE,TRUE,1,FALSE,FALSE,TRUE,0.694443325587849,0.156570466056496,TRUE,2.27476768368237,9.67521453513748e-05,TRUE,0.818182138355068,0.898964978057007
"GOBP_T_CELL_ACTIVATION","Itgal",3,3,TRUE,TRUE,FALSE,TRUE,3,TRUE,TRUE,TRUE,0.5158130786856,0.0491571447728293,TRUE,3.64924398307014,1.21535031663699e-12,TRUE,0.722344944598314,0.00812363107736976
"GOBP_T_CELL_ACTIVATION","Jak3",3,3,TRUE,TRUE,FALSE,TRUE,2,TRUE,FALSE,TRUE,0.427396542194848,0.04135677874079,TRUE,1.87900751214862,2.06258540474854e-05,TRUE,0.23450615099792,0.740805895320039
"GOBP_T_CELL_ACTIVATION","Kdelr1",3,3,TRUE,TRUE,FALSE,TRUE,1,FALSE,FALSE,TRUE,0.178658514316483,0.40566373337657,TRUE,0.788829995608353,0.000705188850754386,TRUE,0.155511044913022,0.668982616175829
"GOBP_T_CELL_ACTIVATION","Lfng",3,3,TRUE,TRUE,FALSE,TRUE,1,FALSE,FALSE,TRUE,0.117694100171929,0.670487493784632,TRUE,2.4519465693101,2.03296893559172e-31,TRUE,0.180571102511676,0.899183490973306
"GOBP_T_CELL_ACTIVATION","Lilrb4",3,3,TRUE,TRUE,FALSE,TRUE,1,FALSE,FALSE,TRUE,0.941798948455948,0.0922806887603967,TRUE,5.92588608419731,1.19920620782426e-10,TRUE,0.571424156002891,0.781521253309124
"GOBP_T_CELL_ACTIVATION","Lyn",3,3,TRUE,TRUE,FALSE,TRUE,1,FALSE,FALSE,TRUE,0.223509764937926,0.490142085956127,TRUE,2.0120269595302,3.81981511615045e-08,TRUE,0.587385518008491,0.0511607209227901
"GOBP_T_CELL_ACTIVATION","Nck2",3,3,TRUE,TRUE,FALSE,TRUE,1,FALSE,FALSE,TRUE,0.130088032123203,0.600409934318366,TRUE,1.01701952115164,6.66929140451973e-07,TRUE,0.229848708726106,0.742606868478027
"GOBP_T_CELL_ACTIVATION","Pnp",3,3,TRUE,TRUE,FALSE,TRUE,1,FALSE,FALSE,TRUE,0.210766504220009,0.237268148131174,TRUE,1.2606493226535,4.79061121097659e-08,TRUE,0.410535855788382,0.120347810483469
"GOBP_T_CELL_ACTIVATION","Ptpn6",3,3,TRUE,TRUE,FALSE,TRUE,1,FALSE,FALSE,TRUE,0.287205850094709,0.553774801059526,TRUE,1.98203183621216,1.06186485618229e-09,TRUE,0.371019040084565,0.513464940390957
"GOBP_T_CELL_ACTIVATION","Ptprc",3,3,TRUE,TRUE,FALSE,TRUE,1,FALSE,FALSE,TRUE,0.5919563991021,0.250252196802151,TRUE,1.91670613521538,5.7654628836785e-06,TRUE,0.518307903432168,0.101624983605367
"GOBP_T_CELL_ACTIVATION","Pycard",3,3,TRUE,TRUE,FALSE,TRUE,1,FALSE,FALSE,TRUE,0.248790221495214,0.621156073177559,TRUE,1.88341482866933,4.3335305299106e-05,TRUE,0.680677032911383,0.206651393195141
"GOBP_T_CELL_ACTIVATION","Rac2",3,3,TRUE,TRUE,FALSE,TRUE,1,FALSE,FALSE,TRUE,0.316936316465688,0.549031231481433,TRUE,1.92512039386563,4.75023126706594e-05,TRUE,0.334286882622882,0.853595333072462
"GOBP_T_CELL_ACTIVATION","Ripk3",3,3,TRUE,TRUE,FALSE,TRUE,1,FALSE,FALSE,TRUE,0.252639955930937,0.658545725479609,TRUE,3.30774351765374,3.70796244425972e-44,TRUE,1.03939584419645,0.154294939826457
"GOBP_T_CELL_ACTIVATION","Runx2",3,3,TRUE,TRUE,FALSE,TRUE,1,FALSE,FALSE,TRUE,0.359561477597588,0.430837910826906,TRUE,5.251093930075,7.37767100971967e-59,TRUE,0.596516024440284,0.082698230681751
"GOBP_T_CELL_ACTIVATION","Slc11a1",3,3,TRUE,TRUE,FALSE,TRUE,2,FALSE,FALSE,TRUE,0.238419559901495,0.632289829138034,TRUE,2.74073713917411,4.04902194294064e-10,TRUE,1.10248796291425,0.0117200177399462
"GOBP_T_CELL_ACTIVATION","Spi1",3,3,TRUE,TRUE,FALSE,TRUE,2,FALSE,FALSE,TRUE,0.231827238387176,0.377404760009199,TRUE,2.70498117793039,2.23000712632317e-08,TRUE,0.880614679226821,0.0101246949687062
"GOBP_T_CELL_ACTIVATION","Syk",3,3,TRUE,TRUE,FALSE,TRUE,1,FALSE,FALSE,TRUE,0.503344358195588,0.396384730535913,TRUE,2.99962596123063,2.36489559882808e-06,TRUE,0.233382318055769,0.871532469677388
"GOBP_T_CELL_ACTIVATION","Tcf7",3,3,TRUE,TRUE,FALSE,TRUE,1,FALSE,FALSE,TRUE,0.332497092092096,0.45683791798177,TRUE,1.1153445830015,0.000448342120880688,TRUE,0.492992598513804,0.874152472770845
"GOBP_T_CELL_ACTIVATION","Tgfb1",3,3,TRUE,TRUE,FALSE,TRUE,1,FALSE,FALSE,TRUE,0.352316809798448,0.325249018682096,TRUE,2.48294295045363,9.90696293843824e-16,TRUE,0.271883874258171,0.653831483433746
"GOBP_T_CELL_ACTIVATION","Tmem98",3,3,TRUE,TRUE,FALSE,TRUE,1,FALSE,FALSE,TRUE,0.226972142394356,0.491026454462516,TRUE,1.41564349845744,0.000566959845354285,TRUE,0.641817004231271,0.0788026192019849
"GOBP_T_CELL_ACTIVATION","Tnfrsf1b",3,3,TRUE,TRUE,FALSE,TRUE,1,FALSE,FALSE,TRUE,0.267272159554668,0.509379913049287,TRUE,1.50470562292304,7.12442531553175e-05,TRUE,0.508146320436365,0.415506032246073
"GOBP_T_CELL_ACTIVATION","Vav1",3,3,TRUE,TRUE,FALSE,TRUE,1,FALSE,FALSE,TRUE,0.252612890391214,0.650713364158388,TRUE,3.09923927623352,1.51852487403079e-11,TRUE,0.690891631962553,0.192726522095418
"GOBP_T_CELL_ACTIVATION","Wdfy4",3,3,TRUE,TRUE,FALSE,TRUE,1,FALSE,FALSE,TRUE,0.401938882548388,0.441306675421365,TRUE,2.76311194368423,5.08650780867539e-07,TRUE,0.661208901188238,0.110069115426607
"GOBP_T_CELL_DIFFERENTIATION","Actb",3,3,TRUE,TRUE,FALSE,TRUE,1,FALSE,FALSE,TRUE,0.100562992682506,0.356707455199691,TRUE,0.510588998540199,0.00176676471652104,TRUE,0.0936330712420067,0.736634357713194
"GOBP_T_CELL_DIFFERENTIATION","Bcl3",3,3,TRUE,TRUE,FALSE,TRUE,2,FALSE,FALSE,TRUE,0.402414231968193,0.231590537214337,TRUE,1.84514765362038,4.15490542439594e-16,TRUE,1.30208899692276,3.71058910103766e-06
"GOBP_T_CELL_DIFFERENTIATION","Brd4",3,3,TRUE,TRUE,FALSE,TRUE,1,FALSE,FALSE,TRUE,0.118867485815696,0.527086952949651,TRUE,0.481200351442841,0.0148592223152972,TRUE,0.194790797287945,0.573351626995194
"GOBP_T_CELL_DIFFERENTIATION","Card11",3,3,TRUE,TRUE,FALSE,TRUE,1,FALSE,FALSE,TRUE,0.421669276017431,0.333026469662277,TRUE,1.28497708256439,0.0349091435484314,TRUE,0.622905163734403,0.338580434987131
"GOBP_T_CELL_DIFFERENTIATION","Cd80",3,3,TRUE,TRUE,FALSE,TRUE,1,FALSE,FALSE,TRUE,0.664752398300911,0.14084322832029,TRUE,2.46574054249037,0.000337877256597884,TRUE,0.517813043747365,0.630079601111044
"GOBP_T_CELL_DIFFERENTIATION","Dusp10",3,3,TRUE,TRUE,FALSE,TRUE,1,FALSE,FALSE,TRUE,0.268498030278965,0.498952870455321,TRUE,2.75959237781112,2.35675928486731e-10,TRUE,0.31796622672043,0.472074502780716
"GOBP_T_CELL_DIFFERENTIATION","Egr1",3,3,TRUE,TRUE,FALSE,TRUE,1,FALSE,FALSE,TRUE,0.349773964325848,0.541819370816122,TRUE,0.897984574084595,0.0110919967286632,TRUE,0.450415341734724,0.719875924307166
"GOBP_T_CELL_DIFFERENTIATION","Jak3",3,3,TRUE,TRUE,FALSE,TRUE,2,TRUE,FALSE,TRUE,0.427396542194848,0.04135677874079,TRUE,1.87900751214862,2.06258540474854e-05,TRUE,0.23450615099792,0.740805895320039
"GOBP_T_CELL_DIFFERENTIATION","Kdelr1",3,3,TRUE,TRUE,FALSE,TRUE,1,FALSE,FALSE,TRUE,0.178658514316483,0.40566373337657,TRUE,0.788829995608353,0.000705188850754386,TRUE,0.155511044913022,0.668982616175829
"GOBP_T_CELL_DIFFERENTIATION","Lilrb4",3,3,TRUE,TRUE,FALSE,TRUE,1,FALSE,FALSE,TRUE,0.941798948455948,0.0922806887603967,TRUE,5.92588608419731,1.19920620782426e-10,TRUE,0.571424156002891,0.781521253309124
"GOBP_T_CELL_DIFFERENTIATION","Pnp",3,3,TRUE,TRUE,FALSE,TRUE,1,FALSE,FALSE,TRUE,0.210766504220009,0.237268148131174,TRUE,1.2606493226535,4.79061121097659e-08,TRUE,0.410535855788382,0.120347810483469
"GOBP_T_CELL_DIFFERENTIATION","Ptprc",3,3,TRUE,TRUE,FALSE,TRUE,1,FALSE,FALSE,TRUE,0.5919563991021,0.250252196802151,TRUE,1.91670613521538,5.7654628836785e-06,TRUE,0.518307903432168,0.101624983605367
"GOBP_T_CELL_DIFFERENTIATION","Ripk3",3,3,TRUE,TRUE,FALSE,TRUE,1,FALSE,FALSE,TRUE,0.252639955930937,0.658545725479609,TRUE,3.30774351765374,3.70796244425972e-44,TRUE,1.03939584419645,0.154294939826457
"GOBP_T_CELL_DIFFERENTIATION","Runx2",3,3,TRUE,TRUE,FALSE,TRUE,1,FALSE,FALSE,TRUE,0.359561477597588,0.430837910826906,TRUE,5.251093930075,7.37767100971967e-59,TRUE,0.596516024440284,0.082698230681751
"GOBP_T_CELL_DIFFERENTIATION","Spi1",3,3,TRUE,TRUE,FALSE,TRUE,2,FALSE,FALSE,TRUE,0.231827238387176,0.377404760009199,TRUE,2.70498117793039,2.23000712632317e-08,TRUE,0.880614679226821,0.0101246949687062
"GOBP_T_CELL_DIFFERENTIATION","Syk",3,3,TRUE,TRUE,FALSE,TRUE,1,FALSE,FALSE,TRUE,0.503344358195588,0.396384730535913,TRUE,2.99962596123063,2.36489559882808e-06,TRUE,0.233382318055769,0.871532469677388
"GOBP_T_CELL_DIFFERENTIATION","Tcf7",3,3,TRUE,TRUE,FALSE,TRUE,1,FALSE,FALSE,TRUE,0.332497092092096,0.45683791798177,TRUE,1.1153445830015,0.000448342120880688,TRUE,0.492992598513804,0.874152472770845
"GOBP_T_CELL_DIFFERENTIATION","Tgfb1",3,3,TRUE,TRUE,FALSE,TRUE,1,FALSE,FALSE,TRUE,0.352316809798448,0.325249018682096,TRUE,2.48294295045363,9.90696293843824e-16,TRUE,0.271883874258171,0.653831483433746
"GOBP_T_CELL_DIFFERENTIATION","Tmem98",3,3,TRUE,TRUE,FALSE,TRUE,1,FALSE,FALSE,TRUE,0.226972142394356,0.491026454462516,TRUE,1.41564349845744,0.000566959845354285,TRUE,0.641817004231271,0.0788026192019849
"GOBP_T_CELL_DIFFERENTIATION","Vav1",3,3,TRUE,TRUE,FALSE,TRUE,1,FALSE,FALSE,TRUE,0.252612890391214,0.650713364158388,TRUE,3.09923927623352,1.51852487403079e-11,TRUE,0.690891631962553,0.192726522095418
"GOBP_T_CELL_PROLIFERATION","Cd276",3,3,TRUE,TRUE,FALSE,TRUE,1,FALSE,FALSE,TRUE,0.155813693455661,0.494240570746554,TRUE,2.68295811954464,1.86484746716925e-26,TRUE,0.912116163581484,0.61587036570436
"GOBP_T_CELL_PROLIFERATION","Cd80",3,3,TRUE,TRUE,FALSE,TRUE,1,FALSE,FALSE,TRUE,0.664752398300911,0.14084322832029,TRUE,2.46574054249037,0.000337877256597884,TRUE,0.517813043747365,0.630079601111044
"GOBP_T_CELL_PROLIFERATION","Coro1a",3,3,TRUE,TRUE,FALSE,TRUE,1,FALSE,FALSE,TRUE,0.350825398046623,0.136677536818005,TRUE,1.50503697211496,0.00139265969245429,TRUE,0.199570200192326,0.625525038811018
"GOBP_T_CELL_PROLIFERATION","Gpnmb",3,3,TRUE,TRUE,FALSE,TRUE,2,TRUE,FALSE,TRUE,1.30749025088736,7.06453560821637e-13,TRUE,6.32344292723089,5.02359500033231e-37,TRUE,0.201272387228478,0.769711122156457
"GOBP_T_CELL_PROLIFERATION","Il20rb",3,3,TRUE,TRUE,FALSE,TRUE,1,FALSE,FALSE,TRUE,0.694443325587849,0.156570466056496,TRUE,2.27476768368237,9.67521453513748e-05,TRUE,0.818182138355068,0.898964978057007
"GOBP_T_CELL_PROLIFERATION","Lilrb4",3,3,TRUE,TRUE,FALSE,TRUE,1,FALSE,FALSE,TRUE,0.941798948455948,0.0922806887603967,TRUE,5.92588608419731,1.19920620782426e-10,TRUE,0.571424156002891,0.781521253309124
"GOBP_T_CELL_PROLIFERATION","Nck2",3,3,TRUE,TRUE,FALSE,TRUE,1,FALSE,FALSE,TRUE,0.130088032123203,0.600409934318366,TRUE,1.01701952115164,6.66929140451973e-07,TRUE,0.229848708726106,0.742606868478027
"GOBP_T_CELL_PROLIFERATION","Pnp",3,3,TRUE,TRUE,FALSE,TRUE,1,FALSE,FALSE,TRUE,0.210766504220009,0.237268148131174,TRUE,1.2606493226535,4.79061121097659e-08,TRUE,0.410535855788382,0.120347810483469
"GOBP_T_CELL_PROLIFERATION","Ptpn6",3,3,TRUE,TRUE,FALSE,TRUE,1,FALSE,FALSE,TRUE,0.287205850094709,0.553774801059526,TRUE,1.98203183621216,1.06186485618229e-09,TRUE,0.371019040084565,0.513464940390957
"GOBP_T_CELL_PROLIFERATION","Ptprc",3,3,TRUE,TRUE,FALSE,TRUE,1,FALSE,FALSE,TRUE,0.5919563991021,0.250252196802151,TRUE,1.91670613521538,5.7654628836785e-06,TRUE,0.518307903432168,0.101624983605367
"GOBP_T_CELL_PROLIFERATION","Pycard",3,3,TRUE,TRUE,FALSE,TRUE,1,FALSE,FALSE,TRUE,0.248790221495214,0.621156073177559,TRUE,1.88341482866933,4.3335305299106e-05,TRUE,0.680677032911383,0.206651393195141
"GOBP_T_CELL_PROLIFERATION","Rac2",3,3,TRUE,TRUE,FALSE,TRUE,1,FALSE,FALSE,TRUE,0.316936316465688,0.549031231481433,TRUE,1.92512039386563,4.75023126706594e-05,TRUE,0.334286882622882,0.853595333072462
"GOBP_T_CELL_PROLIFERATION","Ripk3",3,3,TRUE,TRUE,FALSE,TRUE,1,FALSE,FALSE,TRUE,0.252639955930937,0.658545725479609,TRUE,3.30774351765374,3.70796244425972e-44,TRUE,1.03939584419645,0.154294939826457
"GOBP_T_CELL_PROLIFERATION","Slc11a1",3,3,TRUE,TRUE,FALSE,TRUE,2,FALSE,FALSE,TRUE,0.238419559901495,0.632289829138034,TRUE,2.74073713917411,4.04902194294064e-10,TRUE,1.10248796291425,0.0117200177399462
"GOBP_T_CELL_PROLIFERATION","Syk",3,3,TRUE,TRUE,FALSE,TRUE,1,FALSE,FALSE,TRUE,0.503344358195588,0.396384730535913,TRUE,2.99962596123063,2.36489559882808e-06,TRUE,0.233382318055769,0.871532469677388
"GOBP_T_CELL_PROLIFERATION","Tgfb1",3,3,TRUE,TRUE,FALSE,TRUE,1,FALSE,FALSE,TRUE,0.352316809798448,0.325249018682096,TRUE,2.48294295045363,9.90696293843824e-16,TRUE,0.271883874258171,0.653831483433746
"GOBP_T_CELL_PROLIFERATION","Tnfrsf1b",3,3,TRUE,TRUE,FALSE,TRUE,1,FALSE,FALSE,TRUE,0.267272159554668,0.509379913049287,TRUE,1.50470562292304,7.12442531553175e-05,TRUE,0.508146320436365,0.415506032246073
"GOBP_WOUND_HEALING","Actb",3,3,TRUE,TRUE,FALSE,TRUE,1,FALSE,FALSE,TRUE,0.100562992682506,0.356707455199691,TRUE,0.510588998540199,0.00176676471652104,TRUE,0.0936330712420067,0.736634357713194
"GOBP_WOUND_HEALING","Axl",3,3,TRUE,TRUE,FALSE,TRUE,2,FALSE,FALSE,TRUE,0.339910356914286,0.122586397501279,TRUE,1.25553291486956,2.71583197139278e-07,TRUE,0.387996439091485,0.00280427365788733
"GOBP_WOUND_HEALING","Casp7",3,3,TRUE,TRUE,FALSE,TRUE,1,FALSE,FALSE,TRUE,0.325208830486546,0.315376129889057,TRUE,1.23221514750994,1.09068757959207e-08,TRUE,0.29797383520407,0.663540132076808
"GOBP_WOUND_HEALING","Cdkn1a",3,3,TRUE,TRUE,FALSE,TRUE,3,TRUE,TRUE,TRUE,2.36554425602502,1.35357633394429e-34,TRUE,2.35564858769235,1.78933839512498e-18,TRUE,1.25275470167071,0.00116547161516769
"GOBP_WOUND_HEALING","Cnn2",3,3,TRUE,TRUE,FALSE,TRUE,1,FALSE,FALSE,TRUE,0.474914301095056,0.0536748526504177,TRUE,1.52983927609841,5.67486521774155e-12,TRUE,0.319021546749187,0.466567540637954
"GOBP_WOUND_HEALING","Elk3",3,3,TRUE,TRUE,FALSE,TRUE,1,FALSE,FALSE,TRUE,0.314596206253646,0.338288916958239,TRUE,1.0101498634767,4.44690630750259e-06,TRUE,0.306117335306603,0.453814955132617
"GOBP_WOUND_HEALING","Ephb2",3,3,TRUE,TRUE,FALSE,TRUE,2,TRUE,FALSE,TRUE,0.572020751641617,0.0264766121358153,TRUE,1.42915570448895,5.27065260331292e-10,TRUE,0.26532150243207,0.536661356246787
"GOBP_WOUND_HEALING","Myof",3,3,TRUE,TRUE,FALSE,TRUE,2,TRUE,FALSE,TRUE,0.337249832149701,0.0417429710547673,TRUE,2.02410743865896,1.99857201225749e-16,TRUE,0.285521296749434,0.110446373646172
"GOBP_WOUND_HEALING","Pla2g4a",3,3,TRUE,TRUE,FALSE,TRUE,1,FALSE,FALSE,TRUE,0.473645199815029,0.426215519136847,TRUE,2.04494003353708,2.14395612438244e-06,TRUE,0.476628690511625,0.697088429852087
"GOBP_WOUND_HEALING","Pros1",3,3,TRUE,TRUE,FALSE,TRUE,1,FALSE,FALSE,TRUE,0.232538620699586,0.393707297024551,TRUE,0.944548344946046,1.30482906575244e-05,TRUE,0.35741522014191,0.190747705195424
"GOBP_WOUND_HEALING","Tgfb1",3,3,TRUE,TRUE,FALSE,TRUE,1,FALSE,FALSE,TRUE,0.352316809798448,0.325249018682096,TRUE,2.48294295045363,9.90696293843824e-16,TRUE,0.271883874258171,0.653831483433746
