"ENSEMBL","SYMBOL","mean_vst"
"ENSRNOG00000003171","Mpz",18.8633703762005
"ENSRNOG00000030700","mt-Co3",17.3337816195484
"ENSRNOG00000029886","Hba-a1",17.1682854913101
"ENSRNOG00000018087","Vim",16.9554561331349
"ENSRNOG00000012840","Sparc",16.841223253245
"ENSRNOG00000003338","Pmp22",16.8174984719905
"ENSRNOG00000046005","Scd2",16.3696678721595
"ENSRNOG00000003897","Col1a1",16.224661635621
"ENSRNOG00000009439","Eef1a1",16.1611869049435
"ENSRNOG00000047321","Hba-a2",16.1040310941934
"ENSRNOG00000016516","Mbp",16.0976613176429
"ENSRNOG00000018454","Apoe",15.895999879297
"ENSRNOG00000003357","Col3a1",15.8243757681933
"ENSRNOG00000000571","Psap",15.6091986618995
"ENSRNOG00000048273","Apod",15.5948580794007
"ENSRNOG00000024243","Cadm4",15.1558149380997
"ENSRNOG00000043451","Spp1",15.1011790498461
"ENSRNOG00000034254","Actb",14.9843153000143
"ENSRNOG00000018630","Gapdh",14.9724916107984
"ENSRNOG00000047931","Tmsb4x",14.9337264992795
"ENSRNOG00000019400","Dag1",14.9062340723072
"ENSRNOG00000001295","S100b",14.9015558156007
"ENSRNOG00000020266","Eef2",14.857109095744
"ENSRNOG00000016512","Sema3b",14.8269025505574
"ENSRNOG00000001049","Tpt1",14.7421608003466
"ENSRNOG00000017496","Cnp",14.6371424271304
"ENSRNOG00000052802","Aldoa",14.6370830859833
"ENSRNOG00000002419","Plp1",14.5913774360356
"ENSRNOG00000008629","Secisbp2l",14.5749693669929
"ENSRNOG00000057569","Ahnak",14.5644012608832
"ENSRNOG00000046996","Pea15",14.5538746394335
"ENSRNOG00000005195","Cst3",14.5416975457371
"ENSRNOG00000016281","Col4a1",14.520855326562
"ENSRNOG00000019556","Cd9",14.4987426580382
"ENSRNOG00000018369","Prx",14.4614434788504
"ENSRNOG00000005434","Sptbn1",14.4581149273241
"ENSRNOG00000020206","Ctsd",14.3815114650895
"ENSRNOG00000010331","Ctsb",14.362030265058
"ENSRNOG00000019834","Hsp90ab1",14.3620092139554
"ENSRNOG00000004554","Dcn",14.3537386188604
"ENSRNOG00000019629","Lamp1",14.3407842100072
"ENSRNOG00000009884","Lgals1",14.2095146821138
"ENSRNOG00000014288","Fn1",14.2001651745574
"ENSRNOG00000007393","Ndrg1",14.1949010483138
"ENSRNOG00000018627","Plekhb1",14.1792827023816
"ENSRNOG00000016831","Serpinh1",14.1741706645474
"ENSRNOG00000001148","Rplp0",14.1508911276396
"ENSRNOG00000015396","Sptan1",14.0290569592377
"ENSRNOG00000002461","Nid1",13.9862598371501
"ENSRNOG00000001518","Itga6",13.9828485494762
"ENSRNOG00000020748","Map4",13.9726503932048
"ENSRNOG00000061216","Tubb5",13.9659396700794
"ENSRNOG00000017206","Igfbp5",13.9648750937945
"ENSRNOG00000002840","Atp5f1b",13.9605416601915
"ENSRNOG00000008822","Fkbp1a",13.9530345595209
"ENSRNOG00000005580","Itgb4",13.9454758167209
"ENSRNOG00000022707","Pmp2",13.9363858040558
"ENSRNOG00000018338","Vwa1",13.934019620491
"ENSRNOG00000017158","Eif4g2",13.9046768659012
"ENSRNOG00000058898","Nedd4",13.8934505219708
"ENSRNOG00000005678","Lamb1",13.8806771043728
"ENSRNOG00000020451","Cd81",13.8739679032403
"ENSRNOG00000013009","Ldha",13.8639011510497
"ENSRNOG00000017123","B2m",13.8449437595715
"ENSRNOG00000020525","Col5a3",13.8236641261594
"ENSRNOG00000018184","Tpm1",13.8190048703326
"ENSRNOG00000003343","Canx",13.8161681170166
"ENSRNOG00000034066","Hspa8",13.8083930442223
"ENSRNOG00000004392","Aatk",13.8045103042819
"ENSRNOG00000008937","Csrp1",13.7964067403055
"ENSRNOG00000029342","Scn7a",13.7949105262962
"ENSRNOG00000020660","Cfl1",13.7850367978606
"ENSRNOG00000001229","Col18a1",13.7633514851402
"ENSRNOG00000012207","Dst",13.7254442990141
"ENSRNOG00000018645","Rpsa",13.7059253500451
"ENSRNOG00000010966","Itgb1",13.6924347679711
"ENSRNOG00000006997","App",13.6765626333264
"ENSRNOG00000018584","Ptma",13.6575812129921
"ENSRNOG00000007650","Cd63",13.6558775403918
"ENSRNOG00000016896","Rpl3",13.6266827718309
"ENSRNOG00000003029","Calr",13.6244006610572
"ENSRNOG00000050519","Rhoa",13.6081143789736
"ENSRNOG00000016271","Itm2b",13.5864981474704
"ENSRNOG00000014013","Map4k4",13.57515038834
"ENSRNOG00000011329","Pkm",13.5565249457429
"ENSRNOG00000020942","Plekha4",13.5527502663409
"ENSRNOG00000010362","Anxa2",13.5527240364836
"ENSRNOG00000021259","Prnp",13.5457464527616
"ENSRNOG00000033765","Eif1",13.5441389551598
"ENSRNOG00000005825","Lyz2",13.5376118843293
"ENSRNOG00000006532","H3f3b",13.5252901623088
"ENSRNOG00000009378","Rpl4",13.5248176543463
"ENSRNOG00000012881","Fgl2",13.510538179209
"ENSRNOG00000036688","Arhgdia",13.4864881552557
"ENSRNOG00000006060","Matn2",13.4813104655371
"ENSRNOG00000014179","Rps2",13.4627370167967
"ENSRNOG00000019778","Cavin1",13.4608505676356
"ENSRNOG00000003736","Col5a2",13.4588742111777
"ENSRNOG00000023781","Plec",13.4548461033126
"ENSRNOG00000027864","Ppia",13.4418339061325
"ENSRNOG00000015018","Pdia3",13.4266848686132
"ENSRNOG00000054890","Flna",13.4261190844476
"ENSRNOG00000019638","Lmna",13.419142065618
"ENSRNOG00000036701","Actg1",13.4188754255577
"ENSRNOG00000026963","Hsp90b1",13.4184610536867
"ENSRNOG00000011559","Cnn3",13.4142740578793
"ENSRNOG00000012622","Mmp15",13.4070391678588
"ENSRNOG00000000436","Egfl8",13.396246349405
"ENSRNOG00000019578","Rps16",13.387096115566
"ENSRNOG00000023972","Col4a2",13.3826158434986
"ENSRNOG00000010872","Ckb",13.3763386503011
"ENSRNOG00000054140","Myl6",13.3731707079377
"ENSRNOG00000005480","Ybx3",13.3580927361069
"ENSRNOG00000055089","Slc44a1",13.3497906653834
"ENSRNOG00000052795","Itpr3",13.3460837177623
"ENSRNOG00000021441","Reln",13.3334103644282
"ENSRNOG00000036689","P4hb",13.3282836252425
"ENSRNOG00000016731","Tpm2",13.3278753308122
"ENSRNOG00000017359","Itm2c",13.3223311558506
"ENSRNOG00000004613","Gpm6b",13.3101474798394
"ENSRNOG00000020075","Eef1g",13.3101244715814
"ENSRNOG00000015445","Mal",13.3081420428785
"ENSRNOG00000031053","mt-Nd4l",13.302969843277
"ENSRNOG00000008195","Ywhaz",13.3022972194026
"ENSRNOG00000000991","Arpc1b",13.3022295777635
"ENSRNOG00000002050","Igfbp7",13.3007304848238
"ENSRNOG00000002680","Lamc1",13.2960317280552
"ENSRNOG00000015461","Serpine2",13.2879621955162
"ENSRNOG00000030680","Ddx5",13.2873909237291
"ENSRNOG00000009345","Ugt8",13.284257997401
"ENSRNOG00000004147","Abca8a",13.2706617731649
"ENSRNOG00000018294","Hspa5",13.2636533915488
"ENSRNOG00000016552","Hmgcs1",13.2529761851878
"ENSRNOG00000020533","Htra1",13.2418814626535
"ENSRNOG00000011893","Rps3a",13.2412129799644
"ENSRNOG00000019459","Oaz1",13.2393634709008
"ENSRNOG00000018795","Rpl18a",13.2371513763762
"ENSRNOG00000060098","Ptms",13.2354496791731
"ENSRNOG00000030118","Msn",13.2192107675834
"ENSRNOG00000015496","Tpm4",13.2178381903548
"ENSRNOG00000051650","Ywhaq",13.2124991602559
"ENSRNOG00000023529","Rpl5",13.2109402024159
"ENSRNOG00000008749","Col5a1",13.200792202874
"ENSRNOG00000021087","Lgi4",13.1966217843153
"ENSRNOG00000016592","Gnai2",13.1870822273566
"ENSRNOG00000017952","Septin2",13.1753296804873
"ENSRNOG00000003226","Mprip",13.1632872967818
"ENSRNOG00000053583","Mapk3",13.1574748028722
"ENSRNOG00000026704","Drp2",13.1479090622029
"ENSRNOG00000008414","Bsg",13.141098082031
"ENSRNOG00000055579","Tmbim6",13.1368692076492
"ENSRNOG00000004741","Rpl19",13.1234303584491
"ENSRNOG00000012062","Npc2",13.1202743183335
"ENSRNOG00000047374","Gnas",13.1132497706896
"ENSRNOG00000056765","Rpl10",13.1116838584761
"ENSRNOG00000004621","Rtn4",13.0985469429758
"ENSRNOG00000003201","Rps4x",13.0934422933727
"ENSRNOG00000019692","Metrn",13.0893358427752
"ENSRNOG00000005796","Ctnna1",13.0577199006893
"ENSRNOG00000049560","Glul",13.0571112570058
"ENSRNOG00000010529","Thbs2",13.0467360103334
"ENSRNOG00000010830","Slc25a4",13.0461405876236
"ENSRNOG00000011305","Sox10",13.0445249400567
"ENSRNOG00000004214","Rpl26",13.0377871960029
"ENSRNOG00000031475","Col16a1",13.0323783023053
"ENSRNOG00000015857","Ctsa",13.0081531568103
"ENSRNOG00000049361","Gas7",13.0074397416612
"ENSRNOG00000005695","Mgp",12.9940827544558
"ENSRNOG00000009513","Akr1b1",12.988625084335
"ENSRNOG00000013102","Entpd2",12.9848224489527
"ENSRNOG00000006865","Laptm4a",12.9828524644273
"ENSRNOG00000012471","Thbs4",12.9802663674259
"ENSRNOG00000019113","Hnrnpk",12.9791708278025
"ENSRNOG00000017032","Atp5f1a",12.9764263396812
"ENSRNOG00000019648","Col6a3",12.9720642379002
"ENSRNOG00000003975","Pfn1",12.9684257335883
"ENSRNOG00000023226","S100a10",12.9680268349647
"ENSRNOG00000008639","Pabpc1",12.9602354699535
"ENSRNOG00000016398","Clstn1",12.9422113724122
"ENSRNOG00000020684","Vat1",12.9417353471624
"ENSRNOG00000025053","Lrp1",12.9414249252923
"ENSRNOG00000004291","Cltc",12.9319841489582
"ENSRNOG00000017428","Map1b",12.9283268163686
"ENSRNOG00000011927","Sdc3",12.9261318967352
"ENSRNOG00000006197","Calu",12.9193798327392
"ENSRNOG00000005865","Itprid2",12.9165592796622
"ENSRNOG00000018681","Nes",12.915462923924
"ENSRNOG00000021201","Txnip",12.9079201937197
"ENSRNOG00000011058","Utrn",12.9064261536354
"ENSRNOG00000020889","Nucb1",12.9053673936736
"ENSRNOG00000014453","Anxa5",12.9020312771905
"ENSRNOG00000007726","Mcam",12.8893781322484
"ENSRNOG00000000579","Marcks",12.8864841618137
"ENSRNOG00000009636","Scrn1",12.8744141963572
"ENSRNOG00000016727","Akr1a1",12.8663961519272
"ENSRNOG00000033790","Hnrnpu",12.8662696801908
"ENSRNOG00000011175","Hnrnpa2b1",12.8650915419245
"ENSRNOG00000025695","Tns3",12.8571931029878
"ENSRNOG00000026716","Rpl9",12.8556439523103
"ENSRNOG00000011134","Lama2",12.8412649369162
"ENSRNOG00000010593","Ctnnal1",12.8398430861305
"ENSRNOG00000001709","Ap2m1",12.8317667733205
"ENSRNOG00000002618","Ivns1abp",12.8298993352542
"ENSRNOG00000018991","Gsn",12.8282599956346
"ENSRNOG00000012406","Pcbp4",12.8272705301808
"ENSRNOG00000016478","Eif5a",12.8190392597422
"ENSRNOG00000004303","Timp3",12.81819718618
"ENSRNOG00000013039","Add1",12.8061737815341
"ENSRNOG00000005934","Mlip",12.8037928464672
"ENSRNOG00000004964","Erbb3",12.7976530793853
"ENSRNOG00000058006","Sncg",12.7932837912236
"ENSRNOG00000009102","Fermt2",12.7865154212729
"ENSRNOG00000016924","Acly",12.7766934844539
"ENSRNOG00000016630","Tln1",12.7748554222604
"ENSRNOG00000002749","Spag9",12.7619103520345
"ENSRNOG00000006472","Hspa2",12.7596759641192
"ENSRNOG00000017418","Rps3",12.7571611435116
"ENSRNOG00000001068","Rac1",12.7548276451761
"ENSRNOG00000057626","Kif1b",12.7501763887967
"ENSRNOG00000011647","S100a6",12.7495695589304
"ENSRNOG00000002093","Tgfbr3",12.7297122892706
"ENSRNOG00000016412","Fxyd6",12.7251491508777
"ENSRNOG00000003147","Sqstm1",12.724469324404
"ENSRNOG00000014268","Abca2",12.7207546150285
"ENSRNOG00000008140","Rpl15",12.7168467038421
"ENSRNOG00000000527","Mtch1",12.7143092188391
"ENSRNOG00000049437","Gpc1",12.7141994304105
"ENSRNOG00000055257","Selenof",12.7121032849079
"ENSRNOG00000001254","Col6a2",12.702727789702
"ENSRNOG00000016423","Tacc1",12.7023305727439
"ENSRNOG00000012247","Rab7a",12.7014183730112
"ENSRNOG00000002755","Pafah1b1",12.7011496089021
"ENSRNOG00000019007","Rpl14",12.6997232857006
"ENSRNOG00000017172","Mvb12b",12.6911977989566
"ENSRNOG00000021318","Epas1",12.6887028781144
"ENSRNOG00000025936","Rpl6",12.6885144425526
"ENSRNOG00000024603","Rps15",12.6860911617888
"ENSRNOG00000016064","Tkt",12.6820403963057
"ENSRNOG00000052620","Rack1",12.6797308871782
"ENSRNOG00000011821","S100a4",12.6791051376374
"ENSRNOG00000000957","Rpl21",12.6728379972688
"ENSRNOG00000030628","Eif4a1",12.6660481483457
"ENSRNOG00000050197","Pdia6",12.6655873317229
"ENSRNOG00000046889","Dbi",12.6620874569753
"ENSRNOG00000054172","Ctnnb1",12.6600984973759
"ENSRNOG00000020918","Ccnd1",12.6593928335217
"ENSRNOG00000017817","Cox4i1",12.6583403418901
"ENSRNOG00000020058","Celsr2",12.653406791896
"ENSRNOG00000034242","Vcp",12.6492245479523
"ENSRNOG00000019018","Plat",12.6491593897694
"ENSRNOG00000001249","Col6a1",12.6415850048707
"ENSRNOG00000013492","Cap1",12.6407042991069
"ENSRNOG00000026985","Phldb1",12.6362491196379
"ENSRNOG00000011138","Rpl29",12.6354481228659
"ENSRNOG00000015278","Myl12a",12.6231314585154
"ENSRNOG00000004610","Lum",12.6204232294607
"ENSRNOG00000000599","Lama4",12.6197579478896
"ENSRNOG00000031479","Hdlbp",12.6091424038999
"ENSRNOG00000021035","Rpl18",12.6064171756531
"ENSRNOG00000005828","Skp1",12.6023285110576
"ENSRNOG00000007905","Itga7",12.5971235143566
"ENSRNOG00000011501","Atp1b3",12.5839903890989
"ENSRNOG00000058470","Col12a1",12.5824563981282
"ENSRNOG00000017914","Cavin3",12.5818693636583
"ENSRNOG00000007302","Fbn1",12.5729855239941
"ENSRNOG00000013452","Rcn1",12.5717946682383
"ENSRNOG00000009552","Serinc3",12.5662520319432
"ENSRNOG00000057125","Ddr1",12.5645585215577
"ENSRNOG00000061270","Git1",12.5613614190915
"ENSRNOG00000031824","Slc44a2",12.5578859746585
"ENSRNOG00000002664","Emp2",12.5556168195825
"ENSRNOG00000000304","Cd164",12.5491961785281
"ENSRNOG00000058249","Pgk1",12.5457889158609
"ENSRNOG00000002632","Naca",12.5457853055713
"ENSRNOG00000004426","Rps27a",12.5432687001478
"ENSRNOG00000012216","Tgfbi",12.5383264847081
"ENSRNOG00000048980","Gng2",12.5357050854992
"ENSRNOG00000024082","Gldn",12.535189910019
"ENSRNOG00000003365","Cadm3",12.5285474867712
"ENSRNOG00000001172","Rnf10",12.5282013828493
"ENSRNOG00000058478","Mapk8ip1",12.5264174319755
"ENSRNOG00000018309","Chd4",12.5180942076781
"ENSRNOG00000009094","Nudt4",12.50810041708
"ENSRNOG00000031364","Kif1c",12.5066203081544
"ENSRNOG00000001815","Eif4a2",12.5023332343268
"ENSRNOG00000001235","Gna12",12.5010720133906
"ENSRNOG00000010668","Anxa6",12.497499990609
"ENSRNOG00000012820","Add3",12.4956597444812
"ENSRNOG00000012346","Epb41l2",12.4896770812516
"ENSRNOG00000045636","Fasn",12.4885224971404
"ENSRNOG00000018566","Ctsl",12.4853087723081
"ENSRNOG00000009683","Sdcbp",12.4849992344529
"ENSRNOG00000000852","Prrc2a",12.4845873748329
"ENSRNOG00000021202","Rtn3",12.4816619375311
"ENSRNOG00000020433","Actn4",12.4803351345205
"ENSRNOG00000016411","Rps12",12.47869118761
"ENSRNOG00000023383","Ddx3x",12.4745340116675
"ENSRNOG00000034015","Capn2",12.4744653780487
"ENSRNOG00000052219","Gm2a",12.469975900442
"ENSRNOG00000049876","Prkar1a",12.4696426678336
"ENSRNOG00000010239","Cnbp",12.4624471325296
"ENSRNOG00000053675","Dhh",12.4593292626716
"ENSRNOG00000002746","Fstl1",12.4549185048643
"ENSRNOG00000051483","Selenow",12.4531559774053
"ENSRNOG00000024128","Aco2",12.4525985659022
"ENSRNOG00000012206","Dennd5a",12.4522158072309
"ENSRNOG00000011989","Vat1l",12.4487467971854
"ENSRNOG00000018774","Rps14",12.4459751228398
"ENSRNOG00000011311","Papss1",12.4445801882583
"ENSRNOG00000015335","Rpl13",12.4440617305084
"ENSRNOG00000015845","Niban2",12.4439214894873
"ENSRNOG00000001136","Pebp1",12.4425568678301
"ENSRNOG00000028498","Wdr1",12.4368620007774
"ENSRNOG00000015093","Sparcl1",12.4350101664506
"ENSRNOG00000047768","Lamb2",12.4324878999815
"ENSRNOG00000006542","Atp6v0c",12.4313298278395
"ENSRNOG00000007419","Pank3",12.428383356751
"ENSRNOG00000019453","Rps5",12.4211486114735
"ENSRNOG00000010524","Cryab",12.4160765974536
"ENSRNOG00000016695","Mmp2",12.4074409755757
"ENSRNOG00000021403","Rhob",12.4014015219972
"ENSRNOG00000010389","Ndrg2",12.4010440883065
"ENSRNOG00000018823","Nisch",12.3998483177319
"ENSRNOG00000008301","Tagln2",12.3990028109413
"ENSRNOG00000021240","Atrn",12.3969423960638
"ENSRNOG00000006787","Dhcr24",12.3916951168027
"ENSRNOG00000017895","Eno1",12.3892401733883
"ENSRNOG00000056836","Cav1",12.3852538151507
"ENSRNOG00000001454","Eif4h",12.3804118551924
"ENSRNOG00000033280","Pam",12.3771974370838
"ENSRNOG00000046366","Dmd",12.3769569241527
"ENSRNOG00000014289","Arpc2",12.3707985181664
"ENSRNOG00000047179","Aplp2",12.3699008352762
"ENSRNOG00000001192","Gltp",12.3663657096582
"ENSRNOG00000014613","Ddah1",12.3654484686635
"ENSRNOG00000029360","Serinc1",12.3640219685419
"ENSRNOG00000016638","Gnb1",12.3633960814784
"ENSRNOG00000013562","Ndfip1",12.3632721672679
"ENSRNOG00000053288","Ank3",12.3613265894752
"ENSRNOG00000000996","Arpc1a",12.3591568222272
"ENSRNOG00000001053","Tmed2",12.3573396839887
"ENSRNOG00000015987","Rap1gds1",12.3568837726148
"ENSRNOG00000004107","Rpl23",12.3490668910009
"ENSRNOG00000013516","Sf3b1",12.3470794178673
"ENSRNOG00000026260","Rpl11",12.3464581446548
"ENSRNOG00000058561","Srrm2",12.3429990040628
"ENSRNOG00000008676","Emp1",12.3423998350874
"ENSRNOG00000061058","Csde1",12.338302129557
"ENSRNOG00000010034","Asah1",12.3332744039287
"ENSRNOG00000003220","H3f3a",12.3322669775051
"ENSRNOG00000001285","Atp2a2",12.3320735176578
"ENSRNOG00000023150","Gpi",12.3310749102715
"ENSRNOG00000016558","Pllp",12.3291311646232
"ENSRNOG00000007457","Serping1",12.325672918169
"ENSRNOG00000026293","Jun",12.3253325122413
"ENSRNOG00000010960","Ankh",12.3220389014598
"ENSRNOG00000018176","Rab6a",12.3210188851499
"ENSRNOG00000013526","Rassf4",12.3163714177082
"ENSRNOG00000014064","Ctsh",12.3153330717748
"ENSRNOG00000016220","Rpl12",12.314475602422
"ENSRNOG00000004612","Ppp1cb",12.314279597571
"ENSRNOG00000018091","Gdi2",12.3103207173343
"ENSRNOG00000002919","Gfap",12.3102947106717
"ENSRNOG00000003256","Ccng1",12.3062539703179
"ENSRNOG00000011572","Klc1",12.3023751801208
"ENSRNOG00000009778","Tmem59",12.2898798157328
"ENSRNOG00000001223","Pttg1ip",12.2868644418705
"ENSRNOG00000030019","Atp1a1",12.2854569810361
"ENSRNOG00000001611","Rpl24",12.278154081219
"ENSRNOG00000009275","Kpnb1",12.2768092344788
"ENSRNOG00000007234","Cyp51",12.2732550837192
"ENSRNOG00000001409","Gnb2",12.2699222156128
"ENSRNOG00000018320","Rps15a",12.2601917461741
"ENSRNOG00000038883","Ilrun",12.258822037601
"ENSRNOG00000028448","Elovl1",12.2582073590395
"ENSRNOG00000010233","Cald1",12.2569600605568
"ENSRNOG00000017127","Rpl28",12.2554431997626
"ENSRNOG00000020715","Ddb1",12.2395759014251
"ENSRNOG00000019725","Actr1a",12.2379634704467
"ENSRNOG00000003809","Sat1",12.2371556483912
"ENSRNOG00000000557","Sar1a",12.2365762058722
"ENSRNOG00000005392","Ngfr",12.2329336321873
"ENSRNOG00000015033","Mxd4",12.2323783349511
"ENSRNOG00000018273","Ncl",12.2317644949672
"ENSRNOG00000013000","Ldhb",12.2315969643171
"ENSRNOG00000013536","Cdc42",12.2253625319693
"ENSRNOG00000017438","Gfra1",12.2151713806215
"ENSRNOG00000048812","Gpx1",12.2146143453633
"ENSRNOG00000018680","Rpl17",12.2144263853338
"ENSRNOG00000030625","Tf",12.2138900286345
"ENSRNOG00000049402","Nbl1",12.2125173964425
"ENSRNOG00000019977","Ptprf",12.2087013870642
"ENSRNOG00000058412","Morf4l1",12.2059128100624
"ENSRNOG00000005924","Dstn",12.1957803094865
"ENSRNOG00000020716","Axl",12.1895596444415
"ENSRNOG00000027503","Rps25",12.1848511727068
"ENSRNOG00000010945","Ywhab",12.1796890168761
"ENSRNOG00000017417","Gabarap",12.1786248826408
"ENSRNOG00000017466","Kif5b",12.1776993981742
"ENSRNOG00000056870","Gdi1",12.1745948965012
"ENSRNOG00000009152","Caprin1",12.1737198005907
"ENSRNOG00000030790","Ctnnd1",12.1705619806524
"ENSRNOG00000032297","Msmo1",12.1654140935328
"ENSRNOG00000005478","Fkbp9",12.1647908814528
"ENSRNOG00000058359","Fkbp8",12.1640204463961
"ENSRNOG00000000774","Gabbr1",12.1594294217624
"ENSRNOG00000020480","Fads1",12.1574737431514
"ENSRNOG00000019724","Ganab",12.1571894871111
"ENSRNOG00000017441","Tpm3",12.1497943154345
"ENSRNOG00000000164","Lamp2",12.1475551082184
"ENSRNOG00000018159","Anxa4",12.146380708458
"ENSRNOG00000002389","Morf4l2",12.145409690351
"ENSRNOG00000021808","Tecr",12.1444448658801
"ENSRNOG00000011977","Sema5a",12.1413168048695
"ENSRNOG00000058739","Snn",12.1410640791557
"ENSRNOG00000021138","Cers2",12.1389624449263
"ENSRNOG00000010947","Mmp14",12.138721190237
"ENSRNOG00000016580","Rps23",12.1325100433006
"ENSRNOG00000018322","Picalm",12.1310542648457
"ENSRNOG00000002671","Nme2",12.1306241016449
"ENSRNOG00000007901","Tmed10",12.1287277302711
"ENSRNOG00000000047","Cd82",12.1281602171281
"ENSRNOG00000025791","Dync1li2",12.1263220185812
"ENSRNOG00000018367","Taldo1",12.1213278116062
"ENSRNOG00000003520","Prdx2",12.1205424879655
"ENSRNOG00000008451","Fut8",12.1202247790537
"ENSRNOG00000009029","Nptn",12.1171158977815
"ENSRNOG00000000841","Ddx39b",12.1168035685365
"ENSRNOG00000010218","Eif5",12.1150776723439
"ENSRNOG00000005890","Serbp1",12.1149401683964
"ENSRNOG00000047088","Rab10",12.114466142826
"ENSRNOG00000007249","Cdkn1b",12.1140721508419
"ENSRNOG00000055925","Zc3h7b",12.1117742672373
"ENSRNOG00000002256","Art3",12.1090265415309
"ENSRNOG00000006130","Rab5b",12.1081931852613
"ENSRNOG00000009068","Phlda3",12.1074746056081
"ENSRNOG00000014562","Hnrnpf",12.1063930310681
"ENSRNOG00000013508","Rpl31",12.1056461628397
"ENSRNOG00000005958","Rrbp1",12.1023671034423
"ENSRNOG00000001316","Anapc5",12.0996990870613
"ENSRNOG00000020595","Rps11",12.0920276917405
"ENSRNOG00000018568","Rab5c",12.0892482506358
"ENSRNOG00000019143","Galnt2",12.0880556814865
"ENSRNOG00000007338","Fbln2",12.086833639225
"ENSRNOG00000046345","Rpn1",12.0825420346292
"ENSRNOG00000003399","Hnrnph1",12.0814354818089
"ENSRNOG00000017801","Atf4",12.0800269399945
"ENSRNOG00000004143","Adipor1",12.0766847393964
"ENSRNOG00000052354","Arhgef40",12.076263338111
"ENSRNOG00000021031","Grn",12.0743048997628
"ENSRNOG00000017405","Raly",12.0712501880469
"ENSRNOG00000012561","Arhgef10",12.0646022881051
"ENSRNOG00000014415","Hsbp1",12.0620611920026
"ENSRNOG00000010765","Vcl",12.0542351607403
"ENSRNOG00000046227","Tprg1l",12.0529209785423
"ENSRNOG00000017164","Afap1l2",12.0509406625858
"ENSRNOG00000016781","Ppib",12.0489932783088
"ENSRNOG00000005041","Crip2",12.0480356534562
"ENSRNOG00000028629","Akt1",12.0471059839541
"ENSRNOG00000025570","Os9",12.0470481431108
"ENSRNOG00000024039","Serinc5",12.0453275271204
"ENSRNOG00000000341","Nid2",12.044398021114
"ENSRNOG00000051170","Ddx17",12.0441701113393
"ENSRNOG00000001436","Ywhag",12.0440181560855
"ENSRNOG00000013720","Aebp1",12.0428247211034
"ENSRNOG00000005323","Syne2",12.0417687509575
"ENSRNOG00000010951","Cmtm6",12.0388096341487
"ENSRNOG00000060956","Zfp706",12.0309226365289
"ENSRNOG00000016912","Btf3",12.0287023825706
"ENSRNOG00000004677","Zeb2",12.026726395242
"ENSRNOG00000017309","Rsrp1",12.0239867138225
"ENSRNOG00000053086","Selenop",12.0229287601964
"ENSRNOG00000028650","Inf2",12.0225804704443
"ENSRNOG00000002125","Ccni",12.0221253550207
"ENSRNOG00000018524","Ezr",12.0197398637899
"ENSRNOG00000028062","Arpc5",12.0157657416145
"ENSRNOG00000003689","Nono",12.0151912473791
"ENSRNOG00000019357","Tax1bp3",12.0141904115449
"ENSRNOG00000045892","Cfl2",12.0137096847944
"ENSRNOG00000006569","Itgb8",12.0134247654209
"ENSRNOG00000020030","Crlf1",12.0100840764212
"ENSRNOG00000021437","Hspg2",12.0071534730387
"ENSRNOG00000016408","Kirrel1",12.0069340852199
"ENSRNOG00000024602","Plekha7",12.0065498530095
"ENSRNOG00000016047","Macf1",12.0054546287243
"ENSRNOG00000019282","Ubqln1",12.0040150604121
"ENSRNOG00000012623","Arf4",12.0034574753841
"ENSRNOG00000010117","Eif3a",12.0014592423621
"ENSRNOG00000007330","Capzb",12.0014328844844
"ENSRNOG00000004992","Rab1a",11.9987889114945
"ENSRNOG00000003890","Nap1l1",11.9974247880908
"ENSRNOG00000043007","Rcn3",11.9900520654935
"ENSRNOG00000020102","Sirt2",11.9874308226207
"ENSRNOG00000013668","Capg",11.9833190490103
"ENSRNOG00000016257","Cotl1",11.9810620196088
"ENSRNOG00000026415","Col14a1",11.9808670561667
"ENSRNOG00000013469","Txndc5",11.9794424007776
"ENSRNOG00000016789","Actr1b",11.9767631645898
"ENSRNOG00000008452","Eid1",11.9761713524422
"ENSRNOG00000016474","Tspan3",11.9745898594581
"ENSRNOG00000018019","Hspa12a",11.9705139988321
"ENSRNOG00000009244","Abhd4",11.9686478927907
"ENSRNOG00000009112","Pon2",11.9683909802605
"ENSRNOG00000017279","Tmem50a",11.9669315275387
"ENSRNOG00000007597","Rhpn1",11.9647267898567
"ENSRNOG00000050585","Pgam1",11.9641938586616
"ENSRNOG00000016387","Rpl34",11.9637689067273
"ENSRNOG00000018668","Glg1",11.9586666244722
"ENSRNOG00000029941","Grina",11.9575114627327
"ENSRNOG00000011077","Tjp1",11.9574108384537
"ENSRNOG00000009956","Wnk1",11.9535137987007
"ENSRNOG00000001030","Tsc22d1",11.9533091245175
"ENSRNOG00000002021","Son",11.9527642838868
"ENSRNOG00000015971","Slc12a2",11.9524851358909
"ENSRNOG00000004196","Rps29",11.952173769379
"ENSRNOG00000000999","Smurf1",11.9506834655073
"ENSRNOG00000054626","Rps8",11.9504864738259
"ENSRNOG00000013743","Sec61a1",11.9498041164071
"ENSRNOG00000052025","Tle5",11.9476883009655
"ENSRNOG00000020673","Pbxip1",11.9456487375557
"ENSRNOG00000012559","Man1b1",11.94529471723
"ENSRNOG00000012329","Saraf",11.9447342695372
"ENSRNOG00000018225","Tp53inp2",11.942879976006
"ENSRNOG00000010635","Igfbp4",11.942708559265
"ENSRNOG00000008393","Tax1bp1",11.9406142299232
"ENSRNOG00000000168","Gatm",11.938501286674
"ENSRNOG00000060141","Epdr1",11.9348095489413
"ENSRNOG00000010746","Rpl32",11.931496733382
"ENSRNOG00000019768","Ncoa4",11.9288402010793
"ENSRNOG00000017194","Prdx1",11.9245101771324
"ENSRNOG00000000826","Flot1",11.9235218821839
"ENSRNOG00000003206","Actr3",11.922618292251
"ENSRNOG00000015385","Pink1",11.9197557333422
"ENSRNOG00000048205","Ube2h",11.9170785687923
"ENSRNOG00000019981","Sdf4",11.9157587941879
"ENSRNOG00000018122","Tspan17",11.9139668521137
"ENSRNOG00000017445","Tubb2b",11.9097159799109
"ENSRNOG00000011282","Ppp2r1a",11.9040848398058
"ENSRNOG00000054352","Atp6ap1",11.9010031904077
"ENSRNOG00000016770","Calm3",11.8990323642983
"ENSRNOG00000020332","Tnnt3",11.8959814094812
"ENSRNOG00000004132","Lasp1",11.8945862726673
"ENSRNOG00000019277","Vdac3",11.8915315561244
"ENSRNOG00000014635","Clta",11.8884349343727
"ENSRNOG00000001269","Ppp1cc",11.8876139042353
"ENSRNOG00000009592","Cyb5r3",11.8831347163194
"ENSRNOG00000012378","Dbnl",11.881655926056
"ENSRNOG00000004284","Btg1",11.8793885248639
"ENSRNOG00000049695","Myh4",11.8792484219372
"ENSRNOG00000009243","Oaf",11.8739543958386
"ENSRNOG00000016460","Clu",11.8719057700896
"ENSRNOG00000007281","Flnc",11.8705688164554
"ENSRNOG00000015658","Sorbs1",11.8686763740742
"ENSRNOG00000057367","Glud1",11.8681412755281
"ENSRNOG00000031743","Gbp2",11.8654242187592
"ENSRNOG00000007089","Lgmn",11.8642452503705
"ENSRNOG00000016254","Sema4c",11.8620277951657
"ENSRNOG00000018708","Ppp1ca",11.8597436204302
"ENSRNOG00000018993","Ilk",11.8594511919478
"ENSRNOG00000006545","Septin7",11.8578066375373
"ENSRNOG00000061108","Arcn1",11.856442418571
"ENSRNOG00000013505","Vdac2",11.8544006020967
"ENSRNOG00000000248","Srsf2",11.8533987690662
"ENSRNOG00000019244","Mxra8",11.8514994878781
"ENSRNOG00000010048","Dctn1",11.850361504515
"ENSRNOG00000016596","Hspa4",11.8500778085036
"ENSRNOG00000001004","Ncor2",11.8500258033319
"ENSRNOG00000017708","Pcbp1",11.8492936009141
"ENSRNOG00000000921","Ubl3",11.8478683035433
"ENSRNOG00000017500","Mtss2",11.8469338360208
"ENSRNOG00000014744","Pacs2",11.8452530141842
"ENSRNOG00000014462","Fnta",11.8443772882754
"ENSRNOG00000057620","Slc6a8",11.8407697162266
"ENSRNOG00000018183","Ubr4",11.8366309025553
"ENSRNOG00000024629","Hadha",11.8325383105519
"ENSRNOG00000049219","Rnf187",11.8299443050915
"ENSRNOG00000025715","Dynlrb1",11.8299339888725
"ENSRNOG00000003261","Usp9x",11.8294223987139
"ENSRNOG00000001090","Stard13",11.827710492485
"ENSRNOG00000020730","Nbr1",11.8275279866045
"ENSRNOG00000010237","Map7d1",11.8255602580372
"ENSRNOG00000009781","Dync1i2",11.8227863575721
"ENSRNOG00000019568","Jund",11.8225753113985
"ENSRNOG00000010133","Bpgm",11.8217353447305
"ENSRNOG00000031814","Sort1",11.8198825034689
"ENSRNOG00000013265","Tgfbr2",11.8170372145971
"ENSRNOG00000013360","Prkcsh",11.8163785865138
"ENSRNOG00000017786","Acta1",11.8157623949498
"ENSRNOG00000008555","Rps20",11.8150455696542
"ENSRNOG00000015843","Itfg1",11.8148797689834
"ENSRNOG00000009449","Trim35",11.8145806846017
"ENSRNOG00000036839","Hnrnpa1",11.8139595388885
"ENSRNOG00000008816","Gpnmb",11.813415792681
"ENSRNOG00000032463","Rap1a",11.8107845448978
"ENSRNOG00000007922","Cldn19",11.8090418085403
"ENSRNOG00000010252","Hexa",11.8088741975331
"ENSRNOG00000029682","Clic1",11.801361752038
"ENSRNOG00000054257","Adam10",11.7973051160681
"ENSRNOG00000020674","Rpl27",11.7971898843823
"ENSRNOG00000032922","Dclk1",11.7959667725657
"ENSRNOG00000029841","Cdh19",11.7905442003855
"ENSRNOG00000003402","Stx6",11.7898316914435
"ENSRNOG00000043387","Cpe",11.7884259008696
"ENSRNOG00000047247","Ptprs",11.7878638212945
"ENSRNOG00000017956","Golga7",11.7868663034805
"ENSRNOG00000011752","Sh3d19",11.7830907604499
"ENSRNOG00000008465","Tmem176b",11.7818799909681
"ENSRNOG00000007892","Tram1",11.7813195821136
"ENSRNOG00000003105","Kif19",11.7812502484788
"ENSRNOG00000017783","Sfrp1",11.7789085475889
"ENSRNOG00000023455","Pomgnt1",11.7773138194496
"ENSRNOG00000002210","Hsd17b11",11.7772650804504
"ENSRNOG00000021828","Coro1b",11.774823672593
"ENSRNOG00000011946","Ptn",11.7745575208206
"ENSRNOG00000025768","Clk1",11.7734191902924
"ENSRNOG00000050323","Srsf1",11.7715030657986
"ENSRNOG00000010643","Kank2",11.7710503940992
"ENSRNOG00000004072","Myo1c",11.7692551268391
"ENSRNOG00000001149","Pxn",11.7683781339442
"ENSRNOG00000025209","Plxnd1",11.7661797320779
"ENSRNOG00000012255","Ktn1",11.7659189532482
"ENSRNOG00000001479","Gtf2i",11.7630012416231
"ENSRNOG00000005513","Srsf5",11.7619208402204
"ENSRNOG00000012002","Iqgap1",11.7591501302068
"ENSRNOG00000059015","Triobp",11.7572181478333
"ENSRNOG00000015221","Eif3f",11.7559282063833
"ENSRNOG00000055962","Bgn",11.7555682195125
"ENSRNOG00000016122","Hmgcr",11.7555410985849
"ENSRNOG00000014034","Olfml2a",11.7511284559761
"ENSRNOG00000001170","Cox6a1",11.7462114988755
"ENSRNOG00000011796","C1r",11.7448980343441
"ENSRNOG00000021206","Plaat3",11.7435699298502
"ENSRNOG00000005770","Sostdc1",11.7429069293771
"ENSRNOG00000013741","Ube2d3",11.741882197675
"ENSRNOG00000018457","Ptpa",11.7382769600546
"ENSRNOG00000011414","Psmc3",11.7351701351831
"ENSRNOG00000006247","Copa",11.7345921277721
"ENSRNOG00000007133","Plxnb2",11.7340517600562
"ENSRNOG00000052113","Ppp1r9b",11.7339171536911
"ENSRNOG00000061176","Nudt3",11.7333143499571
"ENSRNOG00000020358","Ptov1",11.7328338619195
"ENSRNOG00000004737","Cd48",11.7303049055992
"ENSRNOG00000030871","Calm2-ps2",11.7299978673971
"ENSRNOG00000002039","Evi5",11.726611698511
"ENSRNOG00000030124","Ptpn11",11.7229652905789
"ENSRNOG00000017854","Ucp2",11.7229387162886
"ENSRNOG00000020881","Frmd8",11.7228970349671
"ENSRNOG00000018487","Slc3a2",11.7204033277198
"ENSRNOG00000039980","Slc25a5",11.7200340708099
"ENSRNOG00000006077","Snx5",11.7196140721697
"ENSRNOG00000019164","Uba1",11.7195936460475
"ENSRNOG00000010105","S100a11",11.7195230243322
"ENSRNOG00000002520","Litaf",11.7185386233229
"ENSRNOG00000004496","Rock2",11.7183135579745
"ENSRNOG00000019333","Hipk1",11.7171444491803
"ENSRNOG00000012630","Rhoc",11.7158800746702
"ENSRNOG00000055860","Arl8b",11.7052816861381
"ENSRNOG00000026589","Dpy19l1",11.7046523899288
"ENSRNOG00000040205","Zcchc24",11.6995846619067
"ENSRNOG00000010208","Timp1",11.6974270078149
"ENSRNOG00000025481","Dctn2",11.6971540515028
"ENSRNOG00000001719","Psmd2",11.6960553486991
"ENSRNOG00000009006","Ccdc47",11.6957968507797
"ENSRNOG00000030954","Fat1",11.6954226418223
"ENSRNOG00000049784","Tsnax",11.6953008513136
"ENSRNOG00000005428","Ctbp1",11.694367171426
"ENSRNOG00000020713","Osbpl5",11.6916931797604
"ENSRNOG00000060538","Cdc42se1",11.6890671548012
"ENSRNOG00000016013","Gprc5b",11.688745184657
"ENSRNOG00000000596","Fyn",11.6886638837998
"ENSRNOG00000023993","Kif1a",11.687063810411
"ENSRNOG00000010881","Trak2",11.6854696058972
"ENSRNOG00000003221","Myoc",11.6845200828209
"ENSRNOG00000016414","Slc22a17",11.6843985069015
"ENSRNOG00000004616","Npm1",11.683426062679
"ENSRNOG00000055471","Ywhah",11.6801534497982
"ENSRNOG00000006094","Cd44",11.6776057557745
"ENSRNOG00000061499","Kmt2d",11.6759001033043
"ENSRNOG00000057988","Pfkm",11.675293430236
"ENSRNOG00000011887","Bltp2",11.6731542234757
"ENSRNOG00000016456","Il33",11.6712793057661
"ENSRNOG00000009820","Bnip3l",11.6701101347725
"ENSRNOG00000001440","Mdh2",11.6697381464013
"ENSRNOG00000019549","Akap12",11.6696060320323
"ENSRNOG00000004420","Rad21",11.6691307188511
"ENSRNOG00000003723","Wdr26",11.6686132573919
"ENSRNOG00000013160","Sash1",11.6682380962014
"ENSRNOG00000058645","Tnc",11.6680966241966
"ENSRNOG00000016589","Mlf2",11.6679987010743
"ENSRNOG00000018126","Abca1",11.6668580094599
"ENSRNOG00000036852","Pcbp2",11.6665780645368
"ENSRNOG00000018529","Csnk1g2",11.6631168477816
"ENSRNOG00000010737","Mbnl2",11.6628998794817
"ENSRNOG00000003495","Prpf8",11.6584125052168
"ENSRNOG00000013461","Ralbp1",11.6564587387901
"ENSRNOG00000022934","Rps2-ps6",11.6561277072946
"ENSRNOG00000005157","Rbbp7",11.6551828786484
"ENSRNOG00000038372","Ndufs2",11.6536219089465
"ENSRNOG00000011632","Cct5",11.6521606036361
"ENSRNOG00000015295","Ctdsp1",11.6521534322198
"ENSRNOG00000001738","Eif4g1",11.6520052979559
"ENSRNOG00000007492","Rpn2",11.6493910699757
"ENSRNOG00000059344","Tpcn1",11.647828069972
"ENSRNOG00000033101","Myo18a",11.6475592014207
"ENSRNOG00000014765","Vapa",11.6466891063594
"ENSRNOG00000010800","Hadhb",11.6462601516035
"ENSRNOG00000015182","Ppp2cb",11.6459886069016
"ENSRNOG00000007462","Septin8",11.6449967661313
"ENSRNOG00000019810","Des",11.6429692798418
"ENSRNOG00000006305","Slc38a2",11.6425953407478
"ENSRNOG00000008981","Pdcd6ip",11.6415906154991
"ENSRNOG00000021725","Unc119b",11.6408914024227
"ENSRNOG00000037909","Ppm1f",11.6396349864885
"ENSRNOG00000016256","Myo9b",11.6367507261644
"ENSRNOG00000000498","Anks1a",11.6304504982611
"ENSRNOG00000003018","Olfml2b",11.6297028946277
"ENSRNOG00000006375","Vdac1",11.6279337210578
"ENSRNOG00000005988","Arl8a",11.6269834824041
"ENSRNOG00000019742","Stat3",11.6217187551074
"ENSRNOG00000014625","Atp5f1d",11.6207708124701
"ENSRNOG00000038001","Slc25a1",11.6180707755961
"ENSRNOG00000019223","Atp5f1c",11.617167610786
"ENSRNOG00000001525","Igsf11",11.6163547428282
"ENSRNOG00000014445","Hp1bp3",11.616180723928
"ENSRNOG00000012906","Bcas1",11.6133489952673
"ENSRNOG00000014524","S1pr3",11.6118064525853
"ENSRNOG00000015633","Cul3",11.6084093637761
"ENSRNOG00000003869","Sod3",11.6082109465032
"ENSRNOG00000001204","Ankrd13a",11.6070324512811
"ENSRNOG00000021395","Rps8-ps17",11.6066608994152
"ENSRNOG00000014162","Plekhb2",11.6063182437939
"ENSRNOG00000008364","Cat",11.6058769681638
"ENSRNOG00000002393","Eprs1",11.6051307265985
"ENSRNOG00000000314","Sec63",11.6020996200954
"ENSRNOG00000014251","Capn5",11.6015303213241
"ENSRNOG00000010645","Lgals3",11.6002044364789
"ENSRNOG00000007763","Plod1",11.5991417383303
"ENSRNOG00000048795","Top2b",11.5985716709572
"ENSRNOG00000010170","Tubb4b",11.5952821098285
"ENSRNOG00000003846","Pitpna",11.5947370386972
"ENSRNOG00000010890","Bmp1",11.593753189382
"ENSRNOG00000001862","Ube2l3",11.5927166078782
"ENSRNOG00000017612","Vps35",11.5920593874737
"ENSRNOG00000007518","Nckap1",11.5909731841182
"ENSRNOG00000006380","Srsf6",11.5900861931733
"ENSRNOG00000046705","Snx3",11.5891816132657
"ENSRNOG00000009161","Clasp2",11.5885624984285
"ENSRNOG00000016488","Pltp",11.5873428591535
"ENSRNOG00000020279","Syt11",11.5848993590054
"ENSRNOG00000016117","Myof",11.5812812477719
"ENSRNOG00000021611","Clip2",11.5778245682717
"ENSRNOG00000018255","Clptm1",11.5749274718168
"ENSRNOG00000007033","Sorcs2",11.5742945121453
"ENSRNOG00000016963","Trip12",11.5742233048155
"ENSRNOG00000011411","Adgrg6",11.5734756347367
"ENSRNOG00000045775","Rnpepl1",11.5730637035422
"ENSRNOG00000032574","Scrib",11.571382206009
"ENSRNOG00000015173","Mbtps1",11.5689024826295
"ENSRNOG00000014963","Adgrg1",11.5669575504864
"ENSRNOG00000021882","Tmed9",11.5665423782895
"ENSRNOG00000002365","Itm2a",11.5660587176391
"ENSRNOG00000014617","Tgoln2",11.5633326678978
"ENSRNOG00000000417","Numa1",11.5611513662698
"ENSRNOG00000018461","Pdgfrb",11.5591710814903
"ENSRNOG00000006237","Gpr37l1",11.5577694501104
"ENSRNOG00000018761","Eif3c",11.5576995465071
"ENSRNOG00000008578","Cdk16",11.556277115723
"ENSRNOG00000053362","Gabarapl1",11.5560488316571
"ENSRNOG00000018735","Cd74",11.5527677844637
"ENSRNOG00000000520","Srsf3",11.5524042206843
"ENSRNOG00000015630","Cct7",11.5522211350153
"ENSRNOG00000020167","Reep5",11.5501547107425
"ENSRNOG00000030266","Plekhg2",11.5494893806716
"ENSRNOG00000018456","C17h6orf62",11.5493244537309
"ENSRNOG00000000645","Reep3",11.5459682492335
"ENSRNOG00000011032","Lhfpl2",11.5447308593339
"ENSRNOG00000020014","Myh14",11.5439893713096
"ENSRNOG00000006180","Pum2",11.541180042788
"ENSRNOG00000017506","Cltb",11.5404908990778
"ENSRNOG00000019212","Tpp1",11.5401633828335
"ENSRNOG00000017469","Anxa1",11.5399610468604
"ENSRNOG00000022507","Twf1",11.5380528362244
"ENSRNOG00000019532","Emc10",11.5356196070846
"ENSRNOG00000017751","Arl6ip1",11.5326814874265
"ENSRNOG00000006178","Dync1h1",11.5323193161348
"ENSRNOG00000011945","Cyfip1",11.5321844857562
"ENSRNOG00000017977","Smpd1",11.5295581456513
"ENSRNOG00000018646","Hbegf",11.5295325118676
"ENSRNOG00000005932","Megf9",11.528793552193
"ENSRNOG00000012640","Dpp7",11.5279510838925
"ENSRNOG00000016137","Rad23b",11.523821701826
"ENSRNOG00000032134","Uqcrc1",11.5237312185548
"ENSRNOG00000050258","Ccnd3",11.5218836408783
"ENSRNOG00000027906","Ankrd11",11.5209908290921
"ENSRNOG00000007769","Marchf2",11.5205895904134
"ENSRNOG00000036934","Abhd12",11.5202043636653
"ENSRNOG00000005963","Rab2a",11.519419524608
"ENSRNOG00000020763","Snrnp70",11.5175995295593
"ENSRNOG00000055446","Amfr",11.516182322133
"ENSRNOG00000025001","Pcolce",11.5159652950777
"ENSRNOG00000002642","Ptges3",11.5134917946971
"ENSRNOG00000000888","Sbds",11.5130779896579
"ENSRNOG00000004310","Caskin2",11.512344649068
"ENSRNOG00000010308","Nr2f2",11.5103568852793
"ENSRNOG00000009960","Puf60",11.5103388148042
"ENSRNOG00000056207","Capza2",11.5092703968752
"ENSRNOG00000012751","Tm9sf2",11.5079850316272
"ENSRNOG00000029028","Mknk2",11.5077824294358
"ENSRNOG00000015079","Ddost",11.5054460022404
"ENSRNOG00000015320","Atp5mc2",11.50336137234
"ENSRNOG00000011302","Rab11a",11.5031934095203
"ENSRNOG00000031269","Kiaa0930",11.503047260825
"ENSRNOG00000009642","Cct4",11.5030242254605
"ENSRNOG00000006228","Pdia4",11.502922785475
"ENSRNOG00000047137","Erbin",11.4993860479815
"ENSRNOG00000033426","Cdc37",11.4981829626881
"ENSRNOG00000010543","Srpra",11.4979921616551
"ENSRNOG00000011782","Got2",11.4941546701657
"ENSRNOG00000050044","Ptp4a2",11.4903487694843
"ENSRNOG00000001682","Ttc3",11.4899263998544
"ENSRNOG00000007029","Dnaja1",11.4896174091418
"ENSRNOG00000043377","Rusc1",11.4893167209361
"ENSRNOG00000060340","Psme4",11.4881224857753
"ENSRNOG00000007607","Nr4a1",11.4876680526488
"ENSRNOG00000047656","Gaa",11.4872106407233
"ENSRNOG00000004464","Sel1l",11.4869263422057
"ENSRNOG00000018569","Ahcyl1",11.4838679532894
"ENSRNOG00000009470","Flnb",11.4827461419648
"ENSRNOG00000021168","Anp32e",11.4812703396819
"ENSRNOG00000018390","Pld3",11.4810355661138
"ENSRNOG00000018977","Ap3d1",11.4727784710439
"ENSRNOG00000011763","Serp1",11.4724333976774
"ENSRNOG00000015528","Pja2",11.4718813403873
"ENSRNOG00000039876","Hnrnpa0",11.4711620279663
"ENSRNOG00000004686","Spop",11.4703178445429
"ENSRNOG00000017210","Slc22a23",11.469627849059
"ENSRNOG00000014525","Hspd1",11.4688402150153
"ENSRNOG00000012852","Bin1",11.4670322705156
"ENSRNOG00000001135","Wsb2",11.4663186220604
"ENSRNOG00000006004","Phc2",11.4655205148727
"ENSRNOG00000001592","Cct8",11.4642828032202
"ENSRNOG00000013694","Ntng2",11.4634690919114
"ENSRNOG00000007687","Sema7a",11.4630028217925
"ENSRNOG00000020412","Sf3b2",11.4626372236454
"ENSRNOG00000031709","Ppfibp1",11.4615026010609
"ENSRNOG00000015691","Inka2",11.4582614480728
"ENSRNOG00000002205","Ociad1",11.4574280136087
"ENSRNOG00000008825","Ssrp1",11.4571353670222
"ENSRNOG00000006766","Laptm4b",11.4560393024472
"ENSRNOG00000011054","Laptm5",11.4552922355763
"ENSRNOG00000004526","Cox7a2l",11.4540882869411
"ENSRNOG00000020583","Fcgrt",11.4540711167682
"ENSRNOG00000007400","Srebf2",11.4534202866619
"ENSRNOG00000023360","Fus",11.4533168242095
"ENSRNOG00000019529","Btbd1",11.4503292477158
"ENSRNOG00000011798","Mapre1",11.4487453101208
"ENSRNOG00000012868","Uaca",11.4474737386039
"ENSRNOG00000008921","Dynll2",11.4467678199501
"ENSRNOG00000027990","Crip1",11.4431766749839
"ENSRNOG00000009934","Emc3",11.442309202226
"ENSRNOG00000001420","Fis1",11.4421039603075
"ENSRNOG00000020594","Rhbdf1",11.4397868920768
"ENSRNOG00000010895","Tmem30a",11.4395775142299
"ENSRNOG00000020726","Sipa1",11.4374606250729
"ENSRNOG00000018642","Leng8",11.4372228713811
"ENSRNOG00000012802","Tenm3",11.4365695554813
"ENSRNOG00000003163","Sdhc",11.4362276497764
"ENSRNOG00000000307","Mical1",11.4310994387937
"ENSRNOG00000030515","Nfasc",11.4300966139585
"ENSRNOG00000021079","Fxyd1",11.4282829431784
"ENSRNOG00000021317","Cct2",11.4282162662338
"ENSRNOG00000013977","Bzw1",11.4258602417872
"ENSRNOG00000023176","Kidins220",11.4250186145971
"ENSRNOG00000060350","Iqsec1",11.424355869135
"ENSRNOG00000016031","Bicd2",11.4228266640384
"ENSRNOG00000015713","Parva",11.4193052569718
"ENSRNOG00000016961","Rps27",11.4153174037823
"ENSRNOG00000002935","Ankrd40",11.4144787322256
"ENSRNOG00000018237","Gstp1",11.4134886460432
"ENSRNOG00000017628","Tagln",11.4078277869919
"ENSRNOG00000014479","Cttnbp2nl",11.4060951796438
"ENSRNOG00000013533","Acin1",11.4051655802536
"ENSRNOG00000008517","Cdc42ep1",11.4048824722732
"ENSRNOG00000031135","Smarcc2",11.4030526962581
"ENSRNOG00000058039","Acta2",11.402352030654
"ENSRNOG00000010807","Cox6c",11.4021150257078
"ENSRNOG00000020497","Plekha1",11.4018053427232
"ENSRNOG00000002301","Uso1",11.4008043405983
"ENSRNOG00000018170","Slc27a1",11.4000621199936
"ENSRNOG00000001488","Psmb1",11.3989088939761
"ENSRNOG00000006956","Adamtsl1",11.3972705422587
"ENSRNOG00000054757","Adcy6",11.3964823395416
"ENSRNOG00000061262","Huwe1",11.3931251765828
"ENSRNOG00000025940","Mettl9",11.3922080803031
"ENSRNOG00000018950","Fa2h",11.3918846005744
"ENSRNOG00000014670","Zmynd11",11.3916032416924
"ENSRNOG00000024186","Eef1b2",11.3904323984122
"ENSRNOG00000017905","Map1lc3b",11.3896439371081
"ENSRNOG00000012524","Zfp91",11.3890496801318
"ENSRNOG00000004602","Rnf145",11.3878906184513
"ENSRNOG00000005333","Azin1",11.3874000525796
"ENSRNOG00000011148","Ssr3",11.3862753139048
"ENSRNOG00000007459","Pcnx1",11.3855973720514
"ENSRNOG00000018691","Ccnl2",11.3836707259339
"ENSRNOG00000000851","Bag6",11.383275884356
"ENSRNOG00000013331","Sdha",11.382551460683
"ENSRNOG00000053210","Zbed6",11.380378843688
"ENSRNOG00000000938","Ran",11.3801228813438
"ENSRNOG00000000437","Agpat1",11.380075666902
"ENSRNOG00000016416","Rnh1",11.3792259275831
"ENSRNOG00000009183","Szrd1",11.3781586952831
"ENSRNOG00000017003","Plxna1",11.3776254483907
"ENSRNOG00000009977","Thrap3",11.3736510750608
"ENSRNOG00000055756","Bcap31",11.3734040708247
"ENSRNOG00000060179","Gpc3",11.3729142937902
"ENSRNOG00000009812","Sbf2",11.3714328679386
"ENSRNOG00000003626","Atp5pd",11.3694863024232
"ENSRNOG00000007584","Ehd4",11.3680454500643
"ENSRNOG00000058646","Zfp36l1",11.3670245781076
"ENSRNOG00000061230","L1cam",11.3665356347427
"ENSRNOG00000017297","Cab39",11.363295588804
"ENSRNOG00000012957","Sh3glb1",11.3618017835849
"ENSRNOG00000020615","Nap1l4",11.3607834679328
"ENSRNOG00000017023","Tcf25",11.3605424475209
"ENSRNOG00000020205","Agrn",11.3598014309296
"ENSRNOG00000008656","Snca",11.357495764309
"ENSRNOG00000011648","Aqp1",11.3568753969348
"ENSRNOG00000000465","Slc39a7",11.3565810632835
"ENSRNOG00000010474","Copg1",11.3533107447189
"ENSRNOG00000024322","Shroom2",11.3521255997556
"ENSRNOG00000014795","Nr2f1",11.3516654063628
"ENSRNOG00000019106","Rps17",11.3488437556457
"ENSRNOG00000010617","Scube1",11.3477769733977
"ENSRNOG00000060694","Adam17",11.3476296711986
"ENSRNOG00000056585","Fscn1",11.3474949270515
"ENSRNOG00000007894","Mpdz",11.3442531328942
"ENSRNOG00000059659","Zfand3",11.3437674029087
"ENSRNOG00000005310","Cul1",11.3431554029387
"ENSRNOG00000006905","Hectd1",11.3421061375615
"ENSRNOG00000011971","C1s",11.3408475065538
"ENSRNOG00000006818","Arl6ip5",11.3399305358919
"ENSRNOG00000006816","Ubr5",11.3396786346303
"ENSRNOG00000000640","Egr2",11.3395836389408
"ENSRNOG00000019090","Cct3",11.3372897306579
"ENSRNOG00000007806","Arf5",11.3359409624385
"ENSRNOG00000000842","Ddah2",11.3354340529655
"ENSRNOG00000018289","Park7",11.3345333318991
"ENSRNOG00000000701","Iscu",11.3324363839323
"ENSRNOG00000015177","Sun2",11.331657556591
"ENSRNOG00000029535","Nrbp2",11.3282104006322
"ENSRNOG00000002358","Scpep1",11.327327688429
"ENSRNOG00000052583","Zfp106",11.324419940064
"ENSRNOG00000013963","Il6st",11.3223530178832
"ENSRNOG00000002135","Sgcb",11.3218114881739
"ENSRNOG00000011346","Ehd2",11.3202318991661
"ENSRNOG00000016991","Arl2bp",11.3180013039379
"ENSRNOG00000009069","Tnfaip1",11.314601809739
"ENSRNOG00000010448","Ptbp1",11.3113934878002
"ENSRNOG00000011653","Washc2c",11.3085739213086
"ENSRNOG00000008994","Arpc4",11.3071233316199
"ENSRNOG00000008103","Mdh1",11.3069209224299
"ENSRNOG00000019651","Slc12a4",11.3056219122625
"ENSRNOG00000016021","Lims2",11.3050129183079
"ENSRNOG00000002807","Septin9",11.3033715186497
"ENSRNOG00000025443","Map1lc3a",11.302275384412
"ENSRNOG00000017645","Myl11",11.3014985751464
"ENSRNOG00000031232","Nrp2",11.3014317989116
"ENSRNOG00000051615","Hmgn2",11.2990353121766
"ENSRNOG00000028956","Mbd3",11.2987717580993
"ENSRNOG00000013023","Nop53",11.2983479512721
"ENSRNOG00000001385","Plbd2",11.295067790732
"ENSRNOG00000005923","Mtmr2",11.2933163042969
"ENSRNOG00000001991","Atp5po",11.2893445925832
"ENSRNOG00000003840","Slit2",11.2890736993345
"ENSRNOG00000002722","Sec14l1",11.2890282107957
"ENSRNOG00000020937","Ubtf",11.2850329481352
"ENSRNOG00000010286","Cast",11.2848486580863
"ENSRNOG00000061731","Plxnb3",11.2845455041892
"ENSRNOG00000001253","Eif3b",11.2817128465103
"ENSRNOG00000011352","Furin",11.2812258377715
"ENSRNOG00000012157","Snrnp200",11.280770192619
"ENSRNOG00000006803","Dnajc10",11.2804559420396
"ENSRNOG00000002271","Slain2",11.2778498546243
"ENSRNOG00000026754","Usp47",11.2775859518239
"ENSRNOG00000052391","Sh3bp5",11.2746232799221
"ENSRNOG00000012156","Ostf1",11.2733795559796
"ENSRNOG00000001596","Atp5mc3",11.2688497662733
"ENSRNOG00000014090","Retsat",11.267911468956
"ENSRNOG00000017235","Atp6v0d1",11.266786382417
"ENSRNOG00000049614","Itih5",11.2640334393872
"ENSRNOG00000020813","Ltbp3",11.2629210787403
"ENSRNOG00000016660","Cox5b",11.2628836183355
"ENSRNOG00000003359","Ogt",11.2617644791499
"ENSRNOG00000009625","Dpysl2",11.2614096688389
"ENSRNOG00000045771","Chl1",11.2606806405826
"ENSRNOG00000009630","Hsd17b12",11.260156606736
"ENSRNOG00000009689","Api5",11.2600897096315
"ENSRNOG00000018653","Pfdn1",11.2598155228978
"ENSRNOG00000003745","Atf3",11.2592904143572
"ENSRNOG00000011157","Jak1",11.2581367352106
"ENSRNOG00000059463","Slc39a1",11.2575042541148
"ENSRNOG00000018404","Aars1",11.2570652257992
"ENSRNOG00000008782","Pnisr",11.2565615859231
"ENSRNOG00000000340","Rtraf",11.256419835218
"ENSRNOG00000014508","Mgll",11.2549520862067
"ENSRNOG00000010184","Brk1",11.25389098896
"ENSRNOG00000031085","Ergic3",11.2531256407287
"ENSRNOG00000004629","Fkbp3",11.2505315356988
"ENSRNOG00000013707","Spata13",11.2490542746814
"ENSRNOG00000008755","Acox1",11.2481264359054
"ENSRNOG00000026212","Micall1",11.2481244711437
"ENSRNOG00000008116","Plpp3",11.2474808153312
"ENSRNOG00000036676","Csnk1d",11.2471793847307
"ENSRNOG00000007967","Sdhb",11.2465661625381
"ENSRNOG00000006444","Fkbp4",11.2458971950832
"ENSRNOG00000009935","Xpo1",11.2445071834698
"ENSRNOG00000036798","Dusp3",11.2443363448035
"ENSRNOG00000020979","Psmb4",11.2426238641182
"ENSRNOG00000012297","Marchf8",11.2422478453864
"ENSRNOG00000029336","Zfp180",11.2419264560028
"ENSRNOG00000018285","Kcna2",11.2416491994696
"ENSRNOG00000050578","Rheb",11.2412555644659
"ENSRNOG00000016828","Cmtm5",11.2410943669186
"ENSRNOG00000034180","Rpl37l1",11.2395368500489
"ENSRNOG00000012786","Pgrmc1",11.239510843036
"ENSRNOG00000002763","Ulk2",11.2393898585808
"ENSRNOG00000006965","Aff4",11.2391852601694
"ENSRNOG00000000796","Ranbp2",11.2387247281512
"ENSRNOG00000007648","Rab11b",11.2376274585818
"ENSRNOG00000003228","Mid1ip1",11.2356984162891
"ENSRNOG00000008345","Clcn6",11.235252438197
"ENSRNOG00000014272","Rpl35",11.2337179982226
"ENSRNOG00000003050","Tbc1d9b",11.2331318040208
"ENSRNOG00000013186","G3bp1",11.2320185150153
"ENSRNOG00000001417","Plod3",11.2314596297924
"ENSRNOG00000008845","Pdrg1",11.2235996402403
"ENSRNOG00000009266","Anp32b",11.223145017053
"ENSRNOG00000001888","Arvcf",11.2227672000889
"ENSRNOG00000016161","Lman2",11.2224843461417
"ENSRNOG00000014690","Pigt",11.2221062129247
"ENSRNOG00000019934","Paip2",11.2219874807525
"ENSRNOG00000017781","Dnajc7",11.2209998242932
"ENSRNOG00000012415","Mpc1",11.2188272015862
"ENSRNOG00000001823","St6gal1",11.2169598863071
"ENSRNOG00000011804","Stx12",11.2165829475636
"ENSRNOG00000002182","Septin11",11.216110639187
"ENSRNOG00000020683","Hnrnpul1",11.2157963956973
"ENSRNOG00000003223","Degs1",11.2151390663675
"ENSRNOG00000032699","Ttyh1",11.214798912842
"ENSRNOG00000019354","Ptch1",11.2141289262516
"ENSRNOG00000020773","Map3k11",11.2102068938674
"ENSRNOG00000019534","Ap2a2",11.2098744335894
"ENSRNOG00000016067","Ckap5",11.2092828930537
"ENSRNOG00000005355","Ncstn",11.2086343959874
"ENSRNOG00000056487","Oxr1",11.2060245037944
"ENSRNOG00000002115","Sod1",11.2036897215369
"ENSRNOG00000025076","Ecpas",11.203296035589
"ENSRNOG00000024309","Cox6b1",11.2024807486013
"ENSRNOG00000042261","Hdgf",11.202373825164
"ENSRNOG00000010676","Smarce1",11.2007325473483
"ENSRNOG00000009910","Swap70",11.1998410194214
"ENSRNOG00000031896","Stt3a",11.1996366742336
"ENSRNOG00000013520","Mat2a",11.1995886001885
"ENSRNOG00000050794","Pdlim4",11.1992432658884
"ENSRNOG00000019322","Notch1",11.198589508686
"ENSRNOG00000011592","Lrp10",11.1984803893936
"ENSRNOG00000014997","Igf2r",11.198252249758
"ENSRNOG00000013653","Pdlim7",11.1959495973784
"ENSRNOG00000019791","Sipa1l2",11.1958603492105
"ENSRNOG00000009760","Palm",11.1946045177083
"ENSRNOG00000028872","Rai14",11.1944761880051
"ENSRNOG00000014078","Ndufb8",11.1934253869793
"ENSRNOG00000003625","Ubxn4",11.1932930821283
"ENSRNOG00000013443","Tm9sf3",11.193175493816
"ENSRNOG00000008744","Cops2",11.1916674601501
"ENSRNOG00000021085","Sf1",11.1895913692826
"ENSRNOG00000015753","Epn1",11.1879987620205
"ENSRNOG00000015155","Tnnc2",11.1878615969701
"ENSRNOG00000051889","Usp34",11.1875207140833
"ENSRNOG00000009495","Src",11.1872835845424
"ENSRNOG00000056728","G6pd",11.1864556655861
"ENSRNOG00000020384","Fam13b",11.186158555799
"ENSRNOG00000000490","Rps10",11.1860484530111
"ENSRNOG00000004078","Eno3",11.1855472597171
"ENSRNOG00000007921","Hnrnpm",11.1855240345254
"ENSRNOG00000030237","Cox7c",11.1854892342411
"ENSRNOG00000020038","Chpf",11.185137069188
"ENSRNOG00000000565","Sgpl1",11.1844549734993
"ENSRNOG00000034025","Ptprj",11.1840223072737
"ENSRNOG00000011929","Abcd3",11.182065066806
"ENSRNOG00000057881","Sppl2b",11.1817779009996
"ENSRNOG00000014940","Sfrp5",11.1792448882038
"ENSRNOG00000011189","Acy1",11.1779609899746
"ENSRNOG00000010091","Efcab14",11.1768938301156
"ENSRNOG00000013262","Myl1",11.1766168949353
"ENSRNOG00000056853","Psma7",11.1764393410877
"ENSRNOG00000004827","Papola",11.1762348712818
"ENSRNOG00000056038","Ehbp1l1",11.17468492034
"ENSRNOG00000001657","Cldnd1",11.1738824764848
"ENSRNOG00000006137","Arid1a",11.1732647040168
"ENSRNOG00000011879","Nfat5",11.1722006803081
"ENSRNOG00000013013","Tle3",11.1696750253365
"ENSRNOG00000016054","Tab2",11.1680981425974
"ENSRNOG00000012760","Chtop",11.1679272577517
"ENSRNOG00000007519","Tmem43",11.1678910540886
"ENSRNOG00000018110","Svil",11.1674974881473
"ENSRNOG00000046794","Khdrbs1",11.1669048755846
"ENSRNOG00000034071","Chmp4bl1",11.1642306978639
"ENSRNOG00000012460","Cntf",11.1623872067493
"ENSRNOG00000020255","Sars1",11.1614880997902
"ENSRNOG00000016050","Fgfr1",11.1614460859834
"ENSRNOG00000012929","Wsb1",11.16078751154
"ENSRNOG00000007290","Atp1a2",11.1598037192746
"ENSRNOG00000010989","Ipo5",11.1577846194262
"ENSRNOG00000018107","Zfand5",11.1568730574002
"ENSRNOG00000017295","Sh3glb2",11.1551410067442
"ENSRNOG00000012084","Xpnpep1",11.1549636904118
"ENSRNOG00000019152","Trpc4ap",11.1547253244576
"ENSRNOG00000018153","Rbm5",11.1543930255016
"ENSRNOG00000037137","Svip",11.1542169430844
"ENSRNOG00000015840","Hsd17b4",11.1539730323702
"ENSRNOG00000027487","Trim28",11.1534329208755
"ENSRNOG00000000604","Hdac2",11.1534141879459
"ENSRNOG00000014797","Tmbim1",11.1526263591543
"ENSRNOG00000004726","Mapkapk2",11.1502228747239
"ENSRNOG00000008090","Txndc12",11.1499034991574
"ENSRNOG00000017644","Usp6nl",11.1486080843185
"ENSRNOG00000054058","Osbpl1a",11.1470404403043
"ENSRNOG00000019154","Zmynd8",11.1447436885101
"ENSRNOG00000015442","Sfxn3",11.1445494109247
"ENSRNOG00000020182","Mvp",11.14326646929
"ENSRNOG00000009276","Schip1",11.1422986668573
"ENSRNOG00000010944","Hyou1",11.1422326998368
"ENSRNOG00000016800","Ss18",11.1416165569608
"ENSRNOG00000000990","Pdap1",11.1414702555121
"ENSRNOG00000013949","Idh2",11.1405032289326
"ENSRNOG00000003686","Tbl1x",11.140064539278
"ENSRNOG00000004628","Dazap2",11.1397329705218
"ENSRNOG00000013718","Herc2",11.139332025581
"ENSRNOG00000030715","Cfh",11.1381121638576
"ENSRNOG00000023708","Tmem176a",11.1369000097264
"ENSRNOG00000000541","Glo1",11.1360868339143
"ENSRNOG00000020233","Rabac1",11.1353107040698
"ENSRNOG00000018164","Spcs2",11.1346379420556
"ENSRNOG00000002318","Limch1",11.1345269529341
"ENSRNOG00000018507","Gfpt1",11.133651379441
"ENSRNOG00000014165","Ssr1",11.1331363563858
"ENSRNOG00000015030","Tjp2",11.1327530967501
"ENSRNOG00000020871","Ltbp4",11.1321607713313
"ENSRNOG00000002061","Ptpn13",11.1320911597361
"ENSRNOG00000026059","Paqr6",11.1314519249958
"ENSRNOG00000009057","Sec62",11.1308262270471
"ENSRNOG00000013961","Ghitm",11.1286324747759
"ENSRNOG00000049912","Atp5f1e",11.1284313409541
"ENSRNOG00000003951","Psmc1",11.1283255332916
"ENSRNOG00000013136","Oxsr1",11.1268250253955
"ENSRNOG00000005130","Ogdh",11.126702086002
"ENSRNOG00000018233","Gas6",11.1262156717272
"ENSRNOG00000042189","Rab31",11.1251964461846
"ENSRNOG00000013176","Far1",11.1247032548271
"ENSRNOG00000004959","Actr2",11.1246339604373
"ENSRNOG00000009980","Plpp1",11.1240943106415
"ENSRNOG00000025892","Pkn3",11.1230493550994
"ENSRNOG00000002394","Tpr",11.1225365217379
"ENSRNOG00000018281","Uqcrfs1",11.1225036383598
"ENSRNOG00000056106","Dip2b",11.1213176942581
"ENSRNOG00000005388","Rassf3",11.1179024521925
"ENSRNOG00000031173","Snd1",11.1177200996976
"ENSRNOG00000012074","Ifngr1",11.1151714589677
"ENSRNOG00000011150","Arsb",11.1147046236418
"ENSRNOG00000017730","Psmd1",11.1147036482665
"ENSRNOG00000014241","Ece1",11.1131815214131
"ENSRNOG00000001889","Comt",11.1114129787699
"ENSRNOG00000012366","Mesd",11.1110188931948
"ENSRNOG00000020893","Snx27",11.1081774562883
"ENSRNOG00000005587","Suclg1",11.1075509526225
"ENSRNOG00000060550","Epn2",11.1051096350648
"ENSRNOG00000011815","Sgk1",11.1050515232322
"ENSRNOG00000017510","Mfge8",11.1019863345869
"ENSRNOG00000004159","Flii",11.101932712746
"ENSRNOG00000048139","Ncmap",11.1017144827615
"ENSRNOG00000021223","Ptpra",11.1014007669599
"ENSRNOG00000008292","Hif1a",11.101338588443
"ENSRNOG00000014170","Dbn1",11.1011515421912
"ENSRNOG00000023376","Riok3",11.1009998764257
"ENSRNOG00000058461","Sfpq",11.100390046867
"ENSRNOG00000013248","Wwc2",11.1003582065465
"ENSRNOG00000016372","Slc12a7",11.0995432453145
"ENSRNOG00000029592","Srsf11",11.0984319510506
"ENSRNOG00000042503","Ndufv2",11.0983549883435
"ENSRNOG00000008604","Nsfl1c",11.0963110360102
"ENSRNOG00000001453","Baz1b",11.0954690979671
"ENSRNOG00000016923","Clptm1l",11.0943817994907
"ENSRNOG00000015290","Tpi1",11.0924137297356
"ENSRNOG00000008830","Nfe2l1",11.0910146612229
"ENSRNOG00000009982","Pnp",11.090167391319
"ENSRNOG00000053196","Slc48a1",11.0890770478905
"ENSRNOG00000050849","Leprot",11.0880382210057
"ENSRNOG00000029885","Stag2",11.0880372358188
"ENSRNOG00000021133","Lsm14a",11.0879522675787
"ENSRNOG00000027125","Mboat1",11.0878983588629
"ENSRNOG00000021638","Eef1d",11.0875749471396
"ENSRNOG00000016724","Epb41l3",11.0868386710579
"ENSRNOG00000021314","Fdft1",11.0849992318418
"ENSRNOG00000002835","Luc7l3",11.0848761888485
"ENSRNOG00000002864","Nacc1",11.0846343806815
"ENSRNOG00000019891","Sgta",11.084135985011
"ENSRNOG00000000697","Coro1c",11.0837758416818
"ENSRNOG00000003661","Jpt1",11.0827258909855
"ENSRNOG00000058476","Mast2",11.081230928465
"ENSRNOG00000015078","Ifitm3",11.081139956538
"ENSRNOG00000011984","Cxcl14",11.0806318611535
"ENSRNOG00000042068","Otud7b",11.0783345384248
"ENSRNOG00000005512","Ndufa4",11.0782842996748
"ENSRNOG00000010155","Pcm1",11.0762478795496
"ENSRNOG00000050655","P4ha1",11.0755359499036
"ENSRNOG00000025383","Pdha1",11.0701827838625
"ENSRNOG00000005061","Dlst",11.0677415000645
"ENSRNOG00000008917","Ehbp1",11.067714367892
"ENSRNOG00000019980","Tomm20",11.0672733009806
"ENSRNOG00000010488","Zmiz1",11.0671322832862
"ENSRNOG00000021082","Kdelr1",11.0667323142354
"ENSRNOG00000008012","Abcb1a",11.0663922861394
"ENSRNOG00000006859","Insig1",11.0650904044504
"ENSRNOG00000007111","Nrdc",11.0636362324105
"ENSRNOG00000009756","Pacsin2",11.0611262113189
"ENSRNOG00000010584","Tmem123",11.0611183366926
"ENSRNOG00000019507","Hnrnpul2",11.0604482280202
"ENSRNOG00000002997","Nherf2",11.0595805184317
"ENSRNOG00000004604","Slc38a10",11.0594208222912
"ENSRNOG00000009675","Cdc42bpb",11.0580141231706
"ENSRNOG00000021118","Nomo1",11.0571855101669
"ENSRNOG00000005424","Odc1",11.0570422970198
"ENSRNOG00000008427","Necap2",11.0557164746513
"ENSRNOG00000018835","Notch2",11.0533499389733
"ENSRNOG00000007329","Frmd6",11.0530474757379
"ENSRNOG00000011589","Camk2d",11.0517980016432
"ENSRNOG00000014369","Slc27a4",11.0514517091812
"ENSRNOG00000011627","Zfr",11.0504009502489
"ENSRNOG00000006364","Dld",11.0500662612639
"ENSRNOG00000013305","Atp2c1",11.0490347592732
"ENSRNOG00000002270","Hnrnpdl",11.048507176802
"ENSRNOG00000020667","Shisa5",11.0467673389872
"ENSRNOG00000012934","Arhgef7",11.0457317678465
"ENSRNOG00000050697","Ctsz",11.0456709831124
"ENSRNOG00000047896","Kctd10",11.0455734425788
"ENSRNOG00000004280","Tcn2",11.0452880242196
"ENSRNOG00000019264","Ltbr",11.0444493647194
"ENSRNOG00000016566","Arhgap39",11.0443864432665
"ENSRNOG00000012457","Cyc1",11.0442022738918
"ENSRNOG00000018149","Smarca5",11.0441533178029
"ENSRNOG00000010771","Pkd1",11.0440396255212
"ENSRNOG00000019708","Ctsf",11.0434117553966
"ENSRNOG00000009042","Sec24c",11.0432590928256
"ENSRNOG00000006148","C10h5orf15",11.0426826019391
"ENSRNOG00000013507","Selenot",11.0418781419899
"ENSRNOG00000014999","Tnpo1",11.0410417634705
"ENSRNOG00000011905","Atp6v1e1",11.0393574600151
"ENSRNOG00000056637","Abhd16a",11.0385712255016
"ENSRNOG00000017447","Eif2s2",11.0376855612018
"ENSRNOG00000014350","Ccn1",11.0367327532591
"ENSRNOG00000024336","Senp6",11.0352028780615
"ENSRNOG00000001070","Cdk2ap1",11.0341460277016
"ENSRNOG00000028504","Socs5",11.0327750637447
"ENSRNOG00000001733","Ppp1r2",11.0326427748195
"ENSRNOG00000020386","Ash1l",11.0320621615734
"ENSRNOG00000042821","Cd59b",11.0319255400056
"ENSRNOG00000019451","Smtn",11.0305010804317
"ENSRNOG00000056135","Tsc22d3",11.0298378263523
"ENSRNOG00000006412","Zhx1",11.0295537430238
"ENSRNOG00000047505","Tubb4a",11.029459600493
"ENSRNOG00000056343","Lats2",11.0281907420178
"ENSRNOG00000002610","Carhsp1",11.0276246497818
"ENSRNOG00000017251","Ik",11.0264693978462
"ENSRNOG00000015780","Rcn2",11.0260509506377
"ENSRNOG00000011913","Cp",11.0239355160028
"ENSRNOG00000036693","Slc25a10",11.0228925421151
"ENSRNOG00000031965","Impdh2",11.022093535252
"ENSRNOG00000005884","Emc7",11.0213690514012
"ENSRNOG00000030391","Ei24",11.0209928368116
"ENSRNOG00000004925","Ppp1r12a",11.0208115223798
"ENSRNOG00000017133","Kiaa1191",11.0202893084579
"ENSRNOG00000019425","Gabarapl2",11.0202460707929
"ENSRNOG00000018683","Dock1",11.0192687378379
"ENSRNOG00000000875","Fhl1",11.0190758130103
"ENSRNOG00000021164","Stip1",11.018561118672
"ENSRNOG00000000412","Slc35f1",11.0175431475691
"ENSRNOG00000019105","Dpp8",11.0168376210213
"ENSRNOG00000019574","Cuedc2",11.0166118890139
"ENSRNOG00000018194","Srrm1",11.0157059932793
"ENSRNOG00000020897","Prpf19",11.0153558357716
"ENSRNOG00000052687","Megf8",11.0143188864077
"ENSRNOG00000019875","Matr3",11.0132872271582
"ENSRNOG00000010977","Igfbp6",11.012602992136
"ENSRNOG00000015686","Cert1",11.0124210036805
"ENSRNOG00000008392","Sbf1",11.0109342222801
"ENSRNOG00000020151","Cdh1",11.00994796692
"ENSRNOG00000002343","Uchl1",11.0099431693707
"ENSRNOG00000025274","Hexb",11.0091261252931
"ENSRNOG00000018952","Sema3g",11.0089629495935
"ENSRNOG00000060753","Esyt1",11.0082535296221
"ENSRNOG00000021871","Gcn1",11.0074731549855
"ENSRNOG00000008271","Fam91a1",11.00707990144
"ENSRNOG00000014368","Eif4g3",11.0068373119301
"ENSRNOG00000059538","Clec2g",11.0061886197738
"ENSRNOG00000030364","Rpl35l1",11.0060177697463
"ENSRNOG00000004763","Sirpa",11.0051897293985
"ENSRNOG00000004624","Rnd3",11.0049162362772
"ENSRNOG00000031092","Rock1",11.0047779321612
"ENSRNOG00000053200","Dock10",11.0047174072524
"ENSRNOG00000009149","Jam3",11.0046507518215
"ENSRNOG00000020423","Apc",11.0046360808678
"ENSRNOG00000005715","Lgr4",11.0010626001814
"ENSRNOG00000009271","Smarca4",10.9991905950702
"ENSRNOG00000012058","Egflam",10.9979514405498
"ENSRNOG00000011857","Mtpn",10.9972570508531
"ENSRNOG00000014399","Aamp",10.9952456477701
"ENSRNOG00000036835","Copz1",10.9948772235389
"ENSRNOG00000022860","Swi5",10.9942193288741
"ENSRNOG00000014297","Sdc4",10.9933752644993
"ENSRNOG00000032034","Supt5h",10.99250338747
"ENSRNOG00000057713","Cav2",10.9920048146544
"ENSRNOG00000018090","Ppp6r1",10.9919906885301
"ENSRNOG00000015914","U2af2",10.9919040311653
"ENSRNOG00000056246","Gls",10.9910252697934
"ENSRNOG00000011876","Fxr2",10.9902202835497
"ENSRNOG00000053725","Usf2",10.9899657453785
"ENSRNOG00000020657","Shc1",10.9892990840398
"ENSRNOG00000018960","Syne1",10.9887426004479
"ENSRNOG00000009325","Fuca1",10.9885622813398
"ENSRNOG00000005358","Pmm1",10.9883994993352
"ENSRNOG00000038436","Bltp1",10.9858150542937
"ENSRNOG00000001762","Pcyt1a",10.9850677983939
"ENSRNOG00000016837","Ckm",10.9839928548928
"ENSRNOG00000000923","Cct6a",10.9839276695334
"ENSRNOG00000024022","Ndfip2",10.9830741870125
"ENSRNOG00000019555","Arap1",10.9821927063163
"ENSRNOG00000030055","Vamp3",10.9818891969555
"ENSRNOG00000007948","Nf2",10.9817038342882
"ENSRNOG00000017941","Optn",10.9813359731743
"ENSRNOG00000020994","Slc25a39",10.9812206496536
"ENSRNOG00000013190","Rnaset2",10.9811649931695
"ENSRNOG00000009090","Dad1",10.9807515409101
"ENSRNOG00000021125","Prdx5",10.9802142178609
"ENSRNOG00000030630","Ehmt2",10.9799311903549
"ENSRNOG00000011227","Atp1b2",10.9767950532497
"ENSRNOG00000015912","Ptdss2",10.9760987671778
"ENSRNOG00000009845","Acadm",10.9746480362855
"ENSRNOG00000008298","Dock7",10.9745017638968
"ENSRNOG00000057676","Polr2m",10.9744742745635
"ENSRNOG00000007136","Anxa7",10.9742877302933
"ENSRNOG00000014836","Ralgapb",10.9710060058202
"ENSRNOG00000053691","Lama5",10.9701512743015
"ENSRNOG00000018009","Rab8b",10.9694178594777
"ENSRNOG00000014844","Kif21a",10.9693852794548
"ENSRNOG00000010174","Enpp4",10.966842887015
"ENSRNOG00000027654","Appbp2",10.9667561783234
"ENSRNOG00000014856","Etnk1",10.9661529941574
"ENSRNOG00000006989","Vamp2",10.9654823979367
"ENSRNOG00000012616","Ppt1",10.9647434723769
"ENSRNOG00000015591","Cndp2",10.9641030458834
"ENSRNOG00000021614","Kmt2e",10.963919396782
"ENSRNOG00000021129","Garre1",10.9636995323698
"ENSRNOG00000012026","Psmc2",10.962425478387
"ENSRNOG00000057880","Myh11",10.9607992250212
"ENSRNOG00000018836","C19h1orf198",10.9603614047941
"ENSRNOG00000056946","Scaf1",10.959320526018
"ENSRNOG00000020005","Map2k2",10.9586194293991
"ENSRNOG00000060912","Qars1",10.9580180884358
"ENSRNOG00000052990","Cers5",10.9579919227192
"ENSRNOG00000015642","Pabpc4",10.9562431924662
"ENSRNOG00000008764","Otud5",10.9562205186536
"ENSRNOG00000001083","Kdelr2",10.9553425866642
"ENSRNOG00000012550","Uqcrh",10.9548972018916
"ENSRNOG00000017852","Nars1",10.9543542504781
"ENSRNOG00000026833","Ube4a",10.9534153256072
"ENSRNOG00000017822","Oga",10.9530724067807
"ENSRNOG00000013514","Maf1",10.9525750458794
"ENSRNOG00000012716","Chd2",10.9524190485067
"ENSRNOG00000001979","Rcan1",10.9519846304591
"ENSRNOG00000001314","Fam20c",10.9518724277309
"ENSRNOG00000015499","Serinc4",10.9514011090391
"ENSRNOG00000003858","Atp6ap2",10.9511466764078
"ENSRNOG00000060154","Ddx23",10.9510559606624
"ENSRNOG00000014718","Acsl3",10.950553194607
"ENSRNOG00000021023","Mag",10.9497671266985
"ENSRNOG00000001989","Alcam",10.9483496874467
"ENSRNOG00000030314","Golgb1",10.9481993462497
"ENSRNOG00000018825","Dcaf11",10.9481959171118
"ENSRNOG00000011891","Atp6v1b2",10.9480048082166
"ENSRNOG00000011313","Sorcs1",10.9467718304286
"ENSRNOG00000042245","Dcaf7",10.9463303783955
"ENSRNOG00000012455","Tardbp",10.9455384010477
"ENSRNOG00000019490","Slc20a2",10.9449304454202
"ENSRNOG00000014863","Reck",10.9441860717833
"ENSRNOG00000008703","Rnps1",10.9439845358315
"ENSRNOG00000008672","Chmp5",10.9424848794579
"ENSRNOG00000025324","Spire1",10.9424731509419
"ENSRNOG00000010984","Anxa11",10.9423170977371
"ENSRNOG00000021338","Tmem132a",10.9404581577705
"ENSRNOG00000022980","Sdhd",10.9401685967076
"ENSRNOG00000004544","Ube2e3",10.9377331378967
"ENSRNOG00000007649","Dnm2",10.9371051171967
"ENSRNOG00000011852","Myo6",10.9357829610651
"ENSRNOG00000059474","Mob1a",10.9342753343485
"ENSRNOG00000019987","Scand1",10.9327007456892
"ENSRNOG00000027690","Eif3e",10.9316424077455
"ENSRNOG00000026109","Prmt1",10.9303026247596
"ENSRNOG00000023467","Fam168b",10.9300629119087
"ENSRNOG00000001215","Cfap410",10.9277703718399
"ENSRNOG00000010727","Ube2r2",10.9276048678164
"ENSRNOG00000033508","Mink1",10.9272262374294
"ENSRNOG00000029778","Maob",10.9261201973238
"ENSRNOG00000013825","Rap1gap",10.9250918398666
"ENSRNOG00000019506","Dnajb2",10.925051951633
"ENSRNOG00000017426","Rragc",10.9248642639364
"ENSRNOG00000005397","Maea",10.9241668371167
"ENSRNOG00000008797","Tmpo",10.9238425825416
"ENSRNOG00000048617","Ensa",10.9227004345214
"ENSRNOG00000007775","Cmpk1",10.922292276201
"ENSRNOG00000010452","Cycs",10.9221351665419
"ENSRNOG00000012067","Fam111a",10.9217575175831
"ENSRNOG00000038933","Spcs3",10.9215675684343
"ENSRNOG00000011853","Mbd2",10.9206417358701
"ENSRNOG00000010975","Adnp",10.9204756405582
"ENSRNOG00000010915","Ermp1",10.9204313620621
"ENSRNOG00000017481","Sucla2",10.9200615606599
"ENSRNOG00000020513","Becn1",10.9200271480262
"ENSRNOG00000027623","Kiaa0232",10.9195389610414
"ENSRNOG00000023520","Cs",10.9187595440023
"ENSRNOG00000027520","Pls3",10.9183741152917
"ENSRNOG00000015540","Ppp6r3",10.9180553122656
"ENSRNOG00000008534","Dusp15",10.9168393629646
"ENSRNOG00000045637","Rnf14",10.9166803106221
"ENSRNOG00000028993","LOC102555453",10.9164247709267
"ENSRNOG00000019812","Nr1h2",10.9162701823499
"ENSRNOG00000016251","Dnaja2",10.9162435979203
"ENSRNOG00000042195","Pabpn1",10.9159650697142
"ENSRNOG00000038489","Sumo3",10.9156271181419
"ENSRNOG00000001551","Atp5pf",10.9123700006441
"ENSRNOG00000059334","Fbxl3",10.9121227880699
"ENSRNOG00000018371","Tubb6",10.9106765783093
"ENSRNOG00000046330","Rnf130",10.9098832678587
"ENSRNOG00000014270","Rer1",10.9095776853461
"ENSRNOG00000019956","Kdm4a",10.9081213413386
"ENSRNOG00000010971","Snx18",10.9061568962366
"ENSRNOG00000005387","Rbm3",10.9057847640213
"ENSRNOG00000057623","Copb1",10.9057073124865
"ENSRNOG00000006952","Prex1",10.9052371783723
"ENSRNOG00000012738","Eif3m",10.9050249320896
"ENSRNOG00000018549","Fbh1",10.9043179284126
"ENSRNOG00000013783","Efhd2",10.9011706082556
"ENSRNOG00000019964","Taok2",10.9009107525995
"ENSRNOG00000024482","Tnrc18",10.9002169533208
"ENSRNOG00000050636","Arhgef10l",10.9000656226083
"ENSRNOG00000017144","Mea1",10.8998978496177
"ENSRNOG00000053659","C1h11orf58",10.898789803469
"ENSRNOG00000014501","Zfp638",10.8979946852004
"ENSRNOG00000008673","Arpc3",10.8979399783396
"ENSRNOG00000010176","Map2k1",10.8974263866866
"ENSRNOG00000018462","Rabep2",10.8961462370375
"ENSRNOG00000004793","Ncln",10.8955386756135
"ENSRNOG00000019649","Cul4a",10.8947366475678
"ENSRNOG00000001992","Atp6v1a",10.8940346228718
"ENSRNOG00000046799","Phb1",10.8930320504719
"ENSRNOG00000001348","Erp29",10.8909513697236
"ENSRNOG00000009195","Tnks1bp1",10.8909225753521
"ENSRNOG00000007120","Mtmr3",10.8901207867722
"ENSRNOG00000023541","Ahctf1",10.8892000706952
"ENSRNOG00000014230","Map1a",10.8890582615058
"ENSRNOG00000021042","Psmd4",10.8885523899062
"ENSRNOG00000010277","Idh3a",10.887132483382
"ENSRNOG00000013135","Ptpn12",10.8870885684476
"ENSRNOG00000016807","Oat",10.8869112018721
"ENSRNOG00000007114","Psma6",10.8851471952121
"ENSRNOG00000012186","Golph3",10.88303314066
"ENSRNOG00000007801","R3hdm2",10.8824234061575
"ENSRNOG00000018350","Shtn1",10.8818862444172
"ENSRNOG00000017220","Tcirg1",10.8807195552393
"ENSRNOG00000002251","Sec31a",10.880604243378
"ENSRNOG00000023095","Npepps",10.8795813581133
"ENSRNOG00000002141","Cd200",10.8771831376423
"ENSRNOG00000019940","Ssr2",10.8768673738542
"ENSRNOG00000020905","Hdac5",10.8768287167869
"ENSRNOG00000033581","Tnxb",10.8752807804103
"ENSRNOG00000009643","Msl1",10.8749658514275
"ENSRNOG00000018343","Isca1",10.8741047292172
"ENSRNOG00000052564","Gpx3",10.8731376095588
"ENSRNOG00000017352","Ctdnep1",10.8730911025741
"ENSRNOG00000021104","Emp3",10.8724309719434
"ENSRNOG00000010330","Mark3",10.8723592832289
"ENSRNOG00000017022","Cerk",10.8722988142307
"ENSRNOG00000007369","Shisa4",10.8721783909121
"ENSRNOG00000016062","Snta1",10.8712364706741
"ENSRNOG00000020500","Scamp3",10.8707281447732
"ENSRNOG00000049920","Psma2",10.8705439630219
"ENSRNOG00000015986","Rassf8",10.869778873776
"ENSRNOG00000055246","Ncor1",10.8670904248529
"ENSRNOG00000016212","Ankfy1",10.86302336395
"ENSRNOG00000003172","Serpinf1",10.8626438421983
"ENSRNOG00000004395","Fbxw11",10.862229287495
"ENSRNOG00000061121","Wdfy3",10.8615278140001
"ENSRNOG00000009963","Ctps1",10.8606714894642
"ENSRNOG00000006756","Maged1",10.860256576932
"ENSRNOG00000015736","Dhrs3",10.8592311843366
"ENSRNOG00000056118","Cic",10.8583176328177
"ENSRNOG00000010682","Clcn3",10.8561655689412
"ENSRNOG00000021237","Dnaaf9",10.8561013488965
"ENSRNOG00000008738","Tp53i11",10.856027283205
"ENSRNOG00000002292","Hnrnpd",10.8555240506241
"ENSRNOG00000003873","Cpd",10.8554471705256
"ENSRNOG00000016678","Angptl2",10.8552052446761
"ENSRNOG00000014182","Tns1",10.8531255005858
"ENSRNOG00000013255","Dnajc8",10.8522676284984
"ENSRNOG00000060665","Afap1",10.8513784222247
"ENSRNOG00000001201","Cstb",10.8503768593082
"ENSRNOG00000020130","Arhgef1",10.8503026930324
"ENSRNOG00000008927","Hbp1",10.8500377026647
"ENSRNOG00000006001","Luc7l2",10.8493278516426
"ENSRNOG00000000902","Hsph1",10.8486658478432
"ENSRNOG00000010153","Raf1",10.8483935341888
"ENSRNOG00000033316","Foxo4",10.8480331073794
"ENSRNOG00000012240","Supt6h",10.8480039699218
"ENSRNOG00000004067","Nrcam",10.8473090921313
"ENSRNOG00000039091","Pnpla8",10.8471562379637
"ENSRNOG00000004904","Pa2g4",10.845301327934
"ENSRNOG00000052968","Hnrnpa3",10.8448902395403
"ENSRNOG00000020527","Drap1",10.8445909397198
"ENSRNOG00000057231","Ddx3y",10.8443510342636
"ENSRNOG00000007048","Rap1b",10.8443169937717
"ENSRNOG00000011394","Kif3c",10.844099912148
"ENSRNOG00000019456","Kars1",10.8405069619995
"ENSRNOG00000021255","Smox",10.8399275057901
"ENSRNOG00000002262","Enoph1",10.8398258169059
"ENSRNOG00000028884","Atp5mg",10.8394873551449
"ENSRNOG00000005551","Derl1",10.8393044995928
"ENSRNOG00000020915","Setd2",10.8392052386017
"ENSRNOG00000053502","Arhgef17",10.8388900899058
"ENSRNOG00000018117","Ndufv1",10.8381574656824
"ENSRNOG00000002449","Maged2",10.83543288249
"ENSRNOG00000019913","Mta2",10.8343609565525
"ENSRNOG00000014096","Nr3c1",10.8316044141764
"ENSRNOG00000053203","Mical3",10.8312325626344
"ENSRNOG00000017940","Rere",10.8307747576999
"ENSRNOG00000042044","Stard3",10.8305935253848
"ENSRNOG00000001642","Tbc1d23",10.8305138462506
"ENSRNOG00000007134","Strap",10.8305066522601
"ENSRNOG00000030888","Rela",10.8289936029597
"ENSRNOG00000010964","Akap13",10.8281718533812
"ENSRNOG00000019721","Ypel3",10.8271058865585
"ENSRNOG00000011969","Dock9",10.8270051603211
"ENSRNOG00000015852","Arhgap35",10.8264642092283
"ENSRNOG00000016936","Nadk",10.8259427027819
"ENSRNOG00000002643","Ugdh",10.8259015463213
"ENSRNOG00000018304","Lars1",10.8246004973948
"ENSRNOG00000009946","Ldlr",10.8243530797627
"ENSRNOG00000020246","Myl9",10.8242208734347
"ENSRNOG00000018109","Clic4",10.8236634363612
"ENSRNOG00000008487","Amotl2",10.8231372232671
"ENSRNOG00000060869","Irak1",10.8215323386807
"ENSRNOG00000049075","Fabp5",10.8212362765411
"ENSRNOG00000048166","Arhgap19",10.8207164158329
"ENSRNOG00000058805","Aida",10.8187512461634
"ENSRNOG00000003289","Lap3",10.8185175810574
"ENSRNOG00000020178","Cope",10.8159318385649
"ENSRNOG00000020460","Banf1",10.8155572925024
"ENSRNOG00000016779","Fam120a",10.8155097662161
"ENSRNOG00000014173","Smc3",10.8152594288327
"ENSRNOG00000050190","Eng",10.8150488227182
"ENSRNOG00000012991","Adgra2",10.8139500094156
"ENSRNOG00000002248","Fryl",10.8138780284203
"ENSRNOG00000009681","Flot2",10.813438383315
"ENSRNOG00000000438","Rnf5",10.8126865750589
"ENSRNOG00000004912","Itgav",10.8125261266628
"ENSRNOG00000014637","Atxn10",10.8122974324483
"ENSRNOG00000016133","Sumo1",10.8122907840169
"ENSRNOG00000019262","Trak1",10.8120225442372
"ENSRNOG00000015144","Ist1",10.8106205453133
"ENSRNOG00000016930","Ube2s",10.8100751642821
"ENSRNOG00000001056","Snapc2",10.8094723420731
"ENSRNOG00000050404","Pmepa1",10.8086934162862
"ENSRNOG00000019328","Phgdh",10.8073398357532
"ENSRNOG00000049531","Usp19",10.807338729179
"ENSRNOG00000003065","Glyr1",10.8069657085299
"ENSRNOG00000013659","Tex2",10.806756234861
"ENSRNOG00000019745","Actn3",10.803498439687
"ENSRNOG00000016470","Ndufa10",10.8034686134263
"ENSRNOG00000047339","Pja1",10.8033356640874
"ENSRNOG00000006995","Ano6",10.8030496414603
"ENSRNOG00000003967","Vmp1",10.8026695082615
"ENSRNOG00000014109","Psmd13",10.8017786641424
"ENSRNOG00000019968","Trim8",10.8007175287945
"ENSRNOG00000003139","Smc1a",10.7994704064664
"ENSRNOG00000000167","Alas2",10.7993545745334
"ENSRNOG00000019383","Tef",10.7985447012836
"ENSRNOG00000056907","Nipbl",10.7981432554588
"ENSRNOG00000000142","Plxdc2",10.7977756474482
"ENSRNOG00000018114","Acadvl",10.7976916138227
"ENSRNOG00000003464","Hid1",10.7975537421467
"ENSRNOG00000028103","Psmd3",10.7968907488737
"ENSRNOG00000021102","Scn1b",10.796544868945
"ENSRNOG00000020853","Scap",10.7945788885927
"ENSRNOG00000012808","Tmem259",10.7943390664899
"ENSRNOG00000009080","Atp6v1d",10.7940453479491
"ENSRNOG00000012918","Mtmr6",10.7929602054295
"ENSRNOG00000012204","Kiaa0319l",10.7920659598685
"ENSRNOG00000015353","Prss12",10.7918505380609
"ENSRNOG00000023258","Nfkb1",10.7915982668073
"ENSRNOG00000018414","Csf1r",10.7908290002015
"ENSRNOG00000012641","Sfr1",10.7906891685767
"ENSRNOG00000008941","Ets1",10.7899102490954
"ENSRNOG00000010534","Ankrd50",10.7897897976822
"ENSRNOG00000019423","Dvl1",10.7897650416011
"ENSRNOG00000012807","C1qa",10.789395598853
"ENSRNOG00000000513","Mapk14",10.787580380829
"ENSRNOG00000013300","Atp5if1",10.7870731668027
"ENSRNOG00000012660","Postn",10.7863911563298
"ENSRNOG00000019069","Nxf1",10.7846163318652
"ENSRNOG00000009205","Lmo4",10.7846143039639
"ENSRNOG00000020938","Ppp1r15a",10.7845914951295
"ENSRNOG00000010747","Dap",10.7845676545167
"ENSRNOG00000001442","Por",10.7842953826514
"ENSRNOG00000015233","Etfa",10.7835515514275
"ENSRNOG00000021881","Metap2",10.7831717896573
"ENSRNOG00000016145","Strn4",10.7813288180992
"ENSRNOG00000016952","Uqcr11",10.780978558158
"ENSRNOG00000005015","Rabep1",10.7788401902135
"ENSRNOG00000023910","Man2b1",10.7762596262057
"ENSRNOG00000009614","Rpl4-ps1",10.7743492387822
"ENSRNOG00000010306","H2az1",10.774068878704
"ENSRNOG00000032798","Slco3a1",10.773848526074
"ENSRNOG00000017990","Ubap2l",10.7730393882767
"ENSRNOG00000002244","Pdgfra",10.7696596112336
"ENSRNOG00000031890","Ncam1",10.7693964756584
"ENSRNOG00000018816","Cox5a",10.7686395532907
"ENSRNOG00000009313","Lrpap1",10.7679264941053
"ENSRNOG00000013211","Chchd3",10.7676939391847
"ENSRNOG00000010370","Tnip1",10.7668179390338
"ENSRNOG00000012601","Leprotl1",10.7651369523336
"ENSRNOG00000024647","Ppp4r2",10.7636551451709
"ENSRNOG00000007316","Idh3b",10.7634960677379
"ENSRNOG00000025244","Trrap",10.7634078253118
"ENSRNOG00000046698","Gps1",10.7625685334426
"ENSRNOG00000001494","Napa",10.7611188853879
"ENSRNOG00000018994","Psmc4",10.7604524092957
"ENSRNOG00000013479","Stard7",10.7597939983631
"ENSRNOG00000059593","Cetn2",10.7594622306419
"ENSRNOG00000019145","Kdm2a",10.7592950001925
"ENSRNOG00000039668","Col8a1",10.7589812113984
"ENSRNOG00000014429","Arfgap2",10.7575173669743
"ENSRNOG00000059260","Sptbn5",10.7574635607006
"ENSRNOG00000018406","Wipf1",10.7559126296067
"ENSRNOG00000009951","Aif1l",10.7555260147353
"ENSRNOG00000012536","Sgms1",10.7543471238774
"ENSRNOG00000014287","Stk11",10.753499066071
"ENSRNOG00000016443","Vps13d",10.753401455564
"ENSRNOG00000011020","Eif3l",10.7516259397943
"ENSRNOG00000026124","Id3",10.7513681741247
"ENSRNOG00000016544","Arhgef28",10.7510578539701
"ENSRNOG00000028594","Ifnar1",10.7506185053678
"ENSRNOG00000009550","Sqle",10.7502123192092
"ENSRNOG00000018824","Slc7a5",10.7501038984043
"ENSRNOG00000012804","C1qc",10.7500166710286
"ENSRNOG00000009568","Hdac1",10.7498759458902
"ENSRNOG00000010479","Mycbp2",10.7496082243026
"ENSRNOG00000019305","Sh3tc2",10.749020278268
"ENSRNOG00000017671","Rasa3",10.7485047142517
"ENSRNOG00000002225","Scarb2",10.7483452287915
"ENSRNOG00000000718","Cggbp1",10.7475847223083
"ENSRNOG00000010038","Psmc5",10.7458321865626
"ENSRNOG00000046912","Nr1d2",10.745355188027
"ENSRNOG00000000799","Abcf1",10.7452603366001
"ENSRNOG00000053991","P3h1",10.744692599651
"ENSRNOG00000023317","Colgalt1",10.7446145290489
"ENSRNOG00000054274","Cacnb3",10.7445181413511
"ENSRNOG00000055984","Adrm1",10.7434302389443
"ENSRNOG00000009097","Immt",10.7431685494238
"ENSRNOG00000012271","Cnot1",10.7408262243391
"ENSRNOG00000010702","Ube3c",10.7401671913753
"ENSRNOG00000010427","Ipo7",10.740165352343
"ENSRNOG00000020276","Tnni2",10.7391073415689
"ENSRNOG00000024144","Cdipt",10.7389606700995
"ENSRNOG00000003970","Tnpo2",10.7376090484552
"ENSRNOG00000017231","Adam9",10.7370664313063
"ENSRNOG00000012148","Trio",10.737021782698
"ENSRNOG00000053428","Ccpg1",10.7365691048236
"ENSRNOG00000003853","Scoc",10.7360997516537
"ENSRNOG00000014097","Psmd7",10.7355729573801
"ENSRNOG00000002246","Slc30a9",10.7355242888648
"ENSRNOG00000016496","Ctsc",10.7341226380489
"ENSRNOG00000014969","Lzts2",10.7336414394343
"ENSRNOG00000045605","Uxs1",10.7324991473888
"ENSRNOG00000016670","Pip4k2a",10.7321743669495
"ENSRNOG00000002630","Cnot8",10.7305770060223
"ENSRNOG00000004292","Sptssa",10.7300657064142
"ENSRNOG00000009887","Arih1",10.7287642530172
"ENSRNOG00000046891","Hk1",10.7268948950379
"ENSRNOG00000017871","Sidt2",10.7258472276289
"ENSRNOG00000020020","Wbp1l",10.7254227309497
"ENSRNOG00000012414","Rhobtb3",10.7253854666825
"ENSRNOG00000005686","Suclg2",10.7253243735834
"ENSRNOG00000004344","Zdhhc3",10.7242266092659
"ENSRNOG00000003538","Adamts4",10.724217456819
"ENSRNOG00000010042","Wdfy2",10.723587653465
"ENSRNOG00000019136","Scamp2",10.722863834563
"ENSRNOG00000009658","Rnf19a",10.7227968427306
"ENSRNOG00000006733","Srgap2",10.7216744173139
"ENSRNOG00000015865","Ap2s1",10.7214318170297
"ENSRNOG00000029399","Bcam",10.7211819265388
"ENSRNOG00000017737","Dgkz",10.7205619113633
"ENSRNOG00000036742","Uqcrc2",10.7186419595012
"ENSRNOG00000000583","Cdk19",10.7155975708436
"ENSRNOG00000005577","Desi1",10.7153079345055
"ENSRNOG00000011419","Aldh6a1",10.7152472130298
"ENSRNOG00000007284","Slc2a1",10.7149981638881
"ENSRNOG00000008829","Sorbs3",10.7149940749518
"ENSRNOG00000014030","Synm",10.7143382875145
"ENSRNOG00000019684","Antkmt",10.7143085639696
"ENSRNOG00000015020","Idh1",10.7123408318725
"ENSRNOG00000008338","Bsdc1",10.7120061907728
"ENSRNOG00000017434","Mgat3",10.711896466372
"ENSRNOG00000029441","Klhl2",10.7108059436756
"ENSRNOG00000046002","Micos13",10.7103129493549
"ENSRNOG00000013236","Samd8",10.7101362585547
"ENSRNOG00000009531","Col9a3",10.7099842626053
"ENSRNOG00000016315","Cnpy3",10.7095460442247
"ENSRNOG00000014153","Lhfpl6",10.70889655556
"ENSRNOG00000014398","Scara5",10.7085928078545
"ENSRNOG00000014901","Uggt1",10.7083392383613
"ENSRNOG00000047386","Smg1",10.7071994628079
"ENSRNOG00000002940","Ankrd17",10.7059503473204
"ENSRNOG00000018075","Spcs1",10.7053654035277
"ENSRNOG00000010217","Prrc2b",10.7043491593129
"ENSRNOG00000010299","Eps15",10.7042920649605
"ENSRNOG00000012684","Bloc1s2",10.7036534878994
"ENSRNOG00000059061","Uqcr10",10.7028135730429
"ENSRNOG00000007203","Psmc6",10.7017083677768
"ENSRNOG00000009088","Txnrd1",10.7015266677748
"ENSRNOG00000004917","Rasal2",10.7011303423513
"ENSRNOG00000001766","Tfrc",10.6999747174664
"ENSRNOG00000009280","Mkrn1",10.6998507247774
"ENSRNOG00000028946","Cdc42ep4",10.6991536721692
"ENSRNOG00000001424","Cux1",10.6984173098987
"ENSRNOG00000016744","Chd6",10.6973873124652
"ENSRNOG00000019228","Pik3r2",10.6968252156065
"ENSRNOG00000009889","Pgm1",10.6960916769432
"ENSRNOG00000053828","Ppp1r12c",10.6942241791085
"ENSRNOG00000005261","Fbxl5",10.6936254863836
"ENSRNOG00000021492","Rbbp4",10.6932946334542
"ENSRNOG00000032238","Plcd1",10.6930943931237
"ENSRNOG00000011709","Pum1",10.6926070316262
"ENSRNOG00000024578","Ttyh2",10.6923673863793
"ENSRNOG00000014160","Tcp1",10.6915857552159
"ENSRNOG00000007834","Cand1",10.6904418928913
"ENSRNOG00000025730","Armcx3",10.6896212266017
"ENSRNOG00000025496","Usp7",10.6894248239633
"ENSRNOG00000016705","Prpf4b",10.6882990054591
"ENSRNOG00000058580","Paip1",10.6877278596632
"ENSRNOG00000020495","Eif3k",10.6873741462866
"ENSRNOG00000016816","Phf2",10.6866416833417
"ENSRNOG00000012999","Phb2",10.6860378409342
"ENSRNOG00000013545","Polr2e",10.6854811381364
"ENSRNOG00000019097","Bap1",10.6853555346784
"ENSRNOG00000027739","Cndp1",10.6853419711875
"ENSRNOG00000000431","Atf6b",10.6853008356054
"ENSRNOG00000009722","Chd3",10.6849400668199
"ENSRNOG00000006221","Uba3",10.6829023687683
"ENSRNOG00000011922","Stt3b",10.6818956581373
"ENSRNOG00000013493","Psma4",10.6811555548172
"ENSRNOG00000020308","Ech1",10.6803529569261
"ENSRNOG00000019551","Psmb6",10.6801526675379
"ENSRNOG00000020440","Fads2",10.6798699131775
"ENSRNOG00000016214","Agl",10.6787458617628
"ENSRNOG00000028017","Tmem109",10.6786890782855
"ENSRNOG00000038480","Ppp1r36",10.6785868247254
"ENSRNOG00000011849","Ndufs1",10.6785661966669
"ENSRNOG00000019525","Hspa9",10.678237326884
"ENSRNOG00000011307","Slmap",10.6774837959313
"ENSRNOG00000025602","Cdk4",10.6770197688352
"ENSRNOG00000014254","Cpt1a",10.6751400392103
"ENSRNOG00000030667","Ppm1b",10.6745224291557
"ENSRNOG00000003611","Dynlt3",10.6734545027108
"ENSRNOG00000021637","Ddx46",10.6732959990614
"ENSRNOG00000017074","Rab28",10.6725695666974
"ENSRNOG00000016152","Dek",10.6724857890082
"ENSRNOG00000007738","Hm13",10.6724366523233
"ENSRNOG00000042492","Cop1",10.6722750009702
"ENSRNOG00000050282","Srcap",10.6719455020532
"ENSRNOG00000009381","Mapk6",10.6719177810426
"ENSRNOG00000028834","Polr2a",10.6718149607554
"ENSRNOG00000020140","Pigq",10.6713723872689
"ENSRNOG00000013381","Tsg101",10.6699365355827
"ENSRNOG00000009811","Cnih1",10.6693689681609
"ENSRNOG00000018181","Stk25",10.6693579762333
"ENSRNOG00000008951","Rasl10a",10.668510223758
"ENSRNOG00000049507","Septin10",10.6683867444013
"ENSRNOG00000001351","Trafd1",10.6680966425543
"ENSRNOG00000055082","Maz",10.6678752524299
"ENSRNOG00000020393","Rhog",10.6670560781838
"ENSRNOG00000010813","Tspan14",10.6667434764724
"ENSRNOG00000005927","Cpsf6",10.6663994749025
"ENSRNOG00000006652","Ddx1",10.6659740711795
"ENSRNOG00000018686","Atxn2l",10.6654086264119
"ENSRNOG00000019743","Tmem63b",10.6645312351034
"ENSRNOG00000047686","Pou3f1",10.6642875951452
"ENSRNOG00000017962","Serpinb6a",10.6637473382852
"ENSRNOG00000006877","Efnb1",10.6628781774399
"ENSRNOG00000021157","Ctss",10.662763138822
"ENSRNOG00000052730","Psmb3",10.6626679359469
"ENSRNOG00000008634","Cc2d1b",10.6625646838347
"ENSRNOG00000020388","Inpp5f",10.6623477771205
"ENSRNOG00000001548","Nfe2l2",10.6621323970849
"ENSRNOG00000023668","Scyl1",10.6601899388022
"ENSRNOG00000017208","Cspg4",10.6600612848887
"ENSRNOG00000023375","Rab34",10.658680042783
"ENSRNOG00000003088","Arhgap31",10.6584355156398
"ENSRNOG00000019387","Ifi30",10.6579847099996
"ENSRNOG00000011295","Anapc2",10.6569209480437
"ENSRNOG00000020947","Egln2",10.6558402518605
"ENSRNOG00000006751","Psmd6",10.6554641437953
"ENSRNOG00000023546","Hspb1",10.6549385719423
"ENSRNOG00000007445","Asph",10.6548082455392
"ENSRNOG00000025040","Gng10",10.6545234569586
"ENSRNOG00000005263","Scaf11",10.6534436925466
"ENSRNOG00000052343","Eif4e",10.6533168525031
"ENSRNOG00000022173","Gatad2a",10.6508978752032
"ENSRNOG00000012385","Naa15",10.6507822620701
"ENSRNOG00000022323","Tcea1",10.6505696937763
"ENSRNOG00000006911","Sptb",10.6497472781009
"ENSRNOG00000056457","Gpd1",10.6489553748969
"ENSRNOG00000010353","Dnajb6",10.6489192973295
"ENSRNOG00000015417","Kansl3",10.6477959217675
"ENSRNOG00000016218","Gtf3c1",10.6476825575861
"ENSRNOG00000014633","Vps28",10.6475022693482
"ENSRNOG00000014779","Pdcd4",10.6466829482074
"ENSRNOG00000013288","Xpo7",10.6463777584897
"ENSRNOG00000025815","Cdr2l",10.6454117549702
"ENSRNOG00000042449","Cdc42se2",10.6447729035296
"ENSRNOG00000012192","Znf740",10.6442001992045
"ENSRNOG00000051499","Tcf3",10.6437280636297
"ENSRNOG00000001205","Agpat3",10.6435812876662
"ENSRNOG00000014531","Hbs1l",10.6431105308355
"ENSRNOG00000016459","Eif3j",10.6423890067911
"ENSRNOG00000003923","Rab21",10.6419598958725
"ENSRNOG00000029212","Vcan",10.6415275603645
"ENSRNOG00000016752","Crispld2",10.6410183223034
"ENSRNOG00000006783","Neb",10.6398985866123
"ENSRNOG00000007895","Pdhb",10.63964405077
"ENSRNOG00000008016","Ckap4",10.6395949113086
"ENSRNOG00000006961","Snrpb",10.6387820465498
"ENSRNOG00000036866","Acer3",10.6377009841979
"ENSRNOG00000001448","Hip1",10.6373010753811
"ENSRNOG00000013656","Lpar1",10.6366666367212
"ENSRNOG00000007946","Bcl2l1",10.6365146403969
"ENSRNOG00000002735","Dhx9",10.6358309833013
"ENSRNOG00000019122","Sec16a",10.6355353347161
"ENSRNOG00000046502","Lonp1",10.6351954561118
"ENSRNOG00000004812","Sema6d",10.6351819268724
"ENSRNOG00000004936","Sdc2",10.6348659091719
"ENSRNOG00000020941","Psenen",10.6343766372905
"ENSRNOG00000051487","Kremen1",10.634081905705
"ENSRNOG00000014647","Cbfb",10.6340010509132
"ENSRNOG00000020457","Tacc2",10.6326616439472
"ENSRNOG00000045791","Eif4a3",10.6324441936033
"ENSRNOG00000007646","Sipa1l1",10.6321098305015
"ENSRNOG00000009263","Ifi27",10.6320413157896
"ENSRNOG00000019895","Nedd8",10.6318506053595
"ENSRNOG00000010267","Klhdc10",10.6300624863201
"ENSRNOG00000008602","Steap4",10.6294321745229
"ENSRNOG00000056703","Atrx",10.6291435065685
"ENSRNOG00000016890","Tppp3",10.6288420064412
"ENSRNOG00000003392","Grsf1",10.6277294731209
"ENSRNOG00000022877","Poldip3",10.6276058408075
"ENSRNOG00000048152","Myo1b",10.6261270536584
"ENSRNOG00000008209","St3gal1",10.6253858800667
"ENSRNOG00000019091","Wtap",10.6251221767715
"ENSRNOG00000012782","Cemip2",10.6250205687084
"ENSRNOG00000046905","Sgce",10.6225282609008
"ENSRNOG00000006770","Brd4",10.6223016232503
"ENSRNOG00000013712","Tex261",10.6221255597533
"ENSRNOG00000016692","Hsdl2",10.6217022382274
"ENSRNOG00000012985","Pfdn5",10.6215970992516
"ENSRNOG00000050543","Safb",10.6212972270235
"ENSRNOG00000002186","Nudt9",10.6210105644445
"ENSRNOG00000007779","Kank4",10.6209861477035
"ENSRNOG00000048320","Ndufa11",10.6208997673456
"ENSRNOG00000002956","Stim2",10.6207534265928
"ENSRNOG00000012576","Selenos",10.6204455904703
"ENSRNOG00000011029","Sec11a",10.6201208333843
"ENSRNOG00000029209","Rnf13",10.6198097673764
"ENSRNOG00000018673","Sec22b",10.6186809315304
"ENSRNOG00000052963","Brox",10.6181027643572
"ENSRNOG00000003217","Lgals3bp",10.6180588459056
"ENSRNOG00000003117","Psmd12",10.6169171323584
"ENSRNOG00000018939","Rexo2",10.6156647198467
"ENSRNOG00000022686","Zdhhc2",10.6147294782857
"ENSRNOG00000024631","Chadl",10.6144826183176
"ENSRNOG00000007177","Poglut3",10.614279971039
"ENSRNOG00000032289","Rps2-ps15",10.6142232282716
"ENSRNOG00000004820","Sar1b",10.6135923768978
"ENSRNOG00000015085","Dmpk",10.6129930094673
"ENSRNOG00000008620","Smad3",10.6128457558539
"ENSRNOG00000017354","Zyx",10.6126525028072
"ENSRNOG00000022771","Arhgap23",10.6125822012717
"ENSRNOG00000018876","Entr1",10.6114361682671
"ENSRNOG00000010780","Dlc1",10.6107278831035
"ENSRNOG00000019971","Kxd1",10.6103230604055
"ENSRNOG00000001607","Adamts1",10.6100194976128
"ENSRNOG00000061684","Ndufa9",10.6088594155554
"ENSRNOG00000016001","Chmp1a",10.6085996083114
"ENSRNOG00000009990","Zranb2",10.6084576661297
"ENSRNOG00000018077","Gpat4",10.6078579603097
"ENSRNOG00000019450","Etf1",10.6075910805094
"ENSRNOG00000005228","Gnptab",10.6063765634847
"ENSRNOG00000019689","Vwf",10.6061588308482
"ENSRNOG00000008961","Mapre3",10.6047980828209
"ENSRNOG00000013538","Capza1",10.6047768692688
"ENSRNOG00000061231","Selenom",10.603421346832
"ENSRNOG00000008924","Arhgef12",10.6033011999508
"ENSRNOG00000028688","Ctns",10.6031864742664
"ENSRNOG00000017832","Snx2",10.602559733423
"ENSRNOG00000052429","Stard3nl",10.6020158569859
"ENSRNOG00000022014","Rab35",10.6016406624057
"ENSRNOG00000012549","Hs2st1",10.600367626443
"ENSRNOG00000002089","Ccng2",10.5997417096718
"ENSRNOG00000004481","Adss2",10.5993286038852
"ENSRNOG00000003150","Mpc2",10.5989683741243
"ENSRNOG00000001455","Kif13a",10.5989523585812
"ENSRNOG00000021264","Pcna",10.598278849826
"ENSRNOG00000043094","Oxct1",10.5982720610084
"ENSRNOG00000010748","Mtus1",10.5978182178411
"ENSRNOG00000031325","Abi1",10.5978045905538
"ENSRNOG00000012055","Man2a2",10.5977518752779
"ENSRNOG00000003948","Llgl1",10.5976654005502
"ENSRNOG00000016530","Nsa2",10.5965775031845
"ENSRNOG00000008944","Ext2",10.5964502826536
"ENSRNOG00000021090","Pygm",10.596315074434
"ENSRNOG00000010897","Nek6",10.5954552586318
"ENSRNOG00000055583","Ttyh3",10.5953290986862
"ENSRNOG00000010050","Stard9",10.5951527183122
"ENSRNOG00000004346","Notch3",10.5946985869284
"ENSRNOG00000008058","Tmprss5",10.5946799792649
"ENSRNOG00000004883","Erh",10.594548508505
"ENSRNOG00000022101","Crabp2",10.5945153790232
"ENSRNOG00000049683","Sh3gl1",10.5940090416499
"ENSRNOG00000015409","Usp5",10.5935337212586
"ENSRNOG00000025528","Efr3a",10.5923418764982
"ENSRNOG00000061484","Adamts2",10.5919003708927
"ENSRNOG00000036684","Pcyt2",10.5918478026503
"ENSRNOG00000005736","Eif1ax",10.5910720321565
"ENSRNOG00000000648","Jmjd1c",10.5909049378218
"ENSRNOG00000008079","Ugp2",10.5906537123516
"ENSRNOG00000013577","Kdelr3",10.5905676819245
"ENSRNOG00000050057","Abca3",10.58996392468
"ENSRNOG00000060048","Eif2s3y",10.5899216806833
"ENSRNOG00000004337","Fam20b",10.5897470196431
"ENSRNOG00000015097","Kcmf1",10.5896341623556
"ENSRNOG00000007472","Setd5",10.589278081314
"ENSRNOG00000059202","Mia3",10.5888886490293
"ENSRNOG00000020351","Vps4a",10.5876790864728
"ENSRNOG00000019973","Arl3",10.5873934624316
"ENSRNOG00000042620","Marveld1",10.5872896553383
"ENSRNOG00000058050","Bclaf1",10.5866990893336
"ENSRNOG00000009739","Washc5",10.5855113928465
"ENSRNOG00000057934","Tmx1",10.5837036328597
"ENSRNOG00000027962","Smg7",10.5833030544475
"ENSRNOG00000006570","Plekhg3",10.5831599184919
"ENSRNOG00000032878","Cxxc5",10.5831297953769
"ENSRNOG00000007605","Rps3l1",10.582752505109
"ENSRNOG00000011441","Tpd52",10.5825386192877
"ENSRNOG00000028198","Sh2b3",10.582351682524
"ENSRNOG00000017201","Cd2bp2",10.5821771466307
"ENSRNOG00000003889","Tbc1d15",10.5805740716843
"ENSRNOG00000015967","Sh3bgrl3",10.5803266815258
"ENSRNOG00000003269","Atp6v0e1",10.5788686714076
"ENSRNOG00000021057","Osbp",10.5788172615801
"ENSRNOG00000019590","Smg5",10.5785454056742
"ENSRNOG00000037134","Shc4",10.5774870021772
"ENSRNOG00000008015","Fos",10.5767977030441
"ENSRNOG00000019057","Prkcq",10.5766043779746
"ENSRNOG00000017342","Zdhhc7",10.5766005717326
"ENSRNOG00000010873","Pithd1",10.5748912003698
"ENSRNOG00000020185","Wdr6",10.5732427296821
"ENSRNOG00000009536","Pgp",10.5720707896139
"ENSRNOG00000057814","Nsdhl",10.5716114964302
"ENSRNOG00000001795","Itgb5",10.5704436853812
"ENSRNOG00000012178","Lmbrd1",10.5692885355903
"ENSRNOG00000005610","Yipf4",10.5685374130006
"ENSRNOG00000018325","Cnppd1",10.5679740095115
"ENSRNOG00000056786","Piezo1",10.5677172109426
"ENSRNOG00000017758","Ns5atp4",10.5675645066539
"ENSRNOG00000016573","Dgat2",10.5674125291668
"ENSRNOG00000011613","Ppip5k2",10.5667289338662
"ENSRNOG00000001120","Med13l",10.5663449482842
"ENSRNOG00000010841","Col8a2",10.5662969466556
"ENSRNOG00000008741","Camsap2",10.5654132349407
"ENSRNOG00000031312","Tnfrsf1a",10.5631907065938
"ENSRNOG00000014347","Slc4a2",10.5624968193931
"ENSRNOG00000043143","Eml1",10.5623850017117
"ENSRNOG00000018145","Crat",10.5623473894926
"ENSRNOG00000056462","Tmf1",10.5623161607677
"ENSRNOG00000011745","Psma1",10.5622509896385
"ENSRNOG00000018903","Pik3r1",10.56143824839
"ENSRNOG00000015844","Snrpd2",10.5612996442918
"ENSRNOG00000016937","Mtfr1l",10.5612212909646
"ENSRNOG00000000981","Scarb1",10.5606138249185
"ENSRNOG00000001769","Tnk2",10.56033333843
"ENSRNOG00000011216","Tbl1xr1",10.5603211432329
"ENSRNOG00000011057","Mfn1",10.5588001593234
"ENSRNOG00000007418","Ipo9",10.5574670111575
"ENSRNOG00000018677","Akt2",10.5574376036468
"ENSRNOG00000019659","Aspa",10.5572378752137
"ENSRNOG00000003990","Grb2",10.556984563899
"ENSRNOG00000003491","Prkca",10.5569094092494
"ENSRNOG00000005538","Psmd11",10.5567176834079
"ENSRNOG00000037580","Psmd8",10.5563798158744
"ENSRNOG00000013201","Tex264",10.5556104483235
"ENSRNOG00000016778","Cops7a",10.5548589291352
"ENSRNOG00000000236","Zfp207",10.5540236764383
"ENSRNOG00000023589","Gpr107",10.5540218872888
"ENSRNOG00000017724","Sf3b3",10.5529800968327
"ENSRNOG00000002823","Mapk9",10.5529257129712
"ENSRNOG00000010861","Atad1",10.5523484406578
"ENSRNOG00000012966","Acadl",10.5523133273761
"ENSRNOG00000020791","Ube2q1",10.5520826104675
"ENSRNOG00000012495","Podxl",10.5519658559299
"ENSRNOG00000048981","Ahsa1",10.5514974850016
"ENSRNOG00000033608","Cd276",10.5507853124793
"ENSRNOG00000002848","Maoa",10.5506479355353
"ENSRNOG00000006120","Shh",10.5506073039411
"ENSRNOG00000016207","Galnt1",10.5501956542956
"ENSRNOG00000018220","Pde4dip",10.5499941797524
"ENSRNOG00000029510","Plxnb1",10.5469888371003
"ENSRNOG00000015380","Jup",10.5450004233995
"ENSRNOG00000017641","Rnf44",10.5436445559586
"ENSRNOG00000013386","Psmb5",10.5425487867224
"ENSRNOG00000000411","Nus1",10.5425206967771
"ENSRNOG00000051061","Prep",10.5422068687591
"ENSRNOG00000013340","Twsg1",10.5405824524459
"ENSRNOG00000011523","Macroh2a1",10.5401423543937
"ENSRNOG00000000798","Gnl1",10.5400765459128
"ENSRNOG00000004515","Pes1",10.5394222723966
"ENSRNOG00000013089","Kif13b",10.5392615877426
"ENSRNOG00000033568","Mapk8ip3",10.5391330027598
"ENSRNOG00000055226","Dab2ip",10.5390907785115
"ENSRNOG00000013506","Zfand6",10.5387467668034
"ENSRNOG00000000068","Ppp2r5a",10.5383829291453
"ENSRNOG00000018839","Ntrk2",10.5376580550516
"ENSRNOG00000026905","Ppm1g",10.5374525007407
"ENSRNOG00000005802","Usp24",10.5366741072118
"ENSRNOG00000011498","Psip1",10.5360492457362
"ENSRNOG00000010183","Gask1b",10.5348733795648
"ENSRNOG00000017635","Inpp5a",10.5341636274238
"ENSRNOG00000015991","Npr2",10.5337372105542
"ENSRNOG00000009987","Akap11",10.5335668408199
"ENSRNOG00000005804","Eif3d",10.5330519330713
"ENSRNOG00000047988","Bola2",10.5328555799375
"ENSRNOG00000001346","Cops6",10.532789533425
"ENSRNOG00000020867","Numbl",10.5327436810076
"ENSRNOG00000016965","Anapc1",10.5322694903376
"ENSRNOG00000011661","Hnrnph2",10.5306845960797
"ENSRNOG00000055572","Idh3g",10.5305038234122
"ENSRNOG00000060597","Syf2",10.5300768567896
"ENSRNOG00000010550","Trappc3",10.5293253986974
"ENSRNOG00000004973","Ppp2r5c",10.5288977567206
"ENSRNOG00000001211","Gatd3a",10.5278612179582
"ENSRNOG00000010902","Eloa",10.5268301205623
"ENSRNOG00000055527","Arap3",10.5259000479392
"ENSRNOG00000020417","Gsk3a",10.5254490656608
"ENSRNOG00000000572","Chst3",10.5240144117985
"ENSRNOG00000004846","Atp6v1c1",10.5230728943372
"ENSRNOG00000000532","Cmtr1",10.5224879969978
"ENSRNOG00000013324","Cdh5",10.5218385212701
"ENSRNOG00000026319","Akap9",10.5216585971095
"ENSRNOG00000013002","Gpbp1",10.5212444359415
"ENSRNOG00000021051","Cyth2",10.5207129259876
"ENSRNOG00000014654","Arln",10.5198087751502
"ENSRNOG00000019627","Mybpc2",10.5195903772875
"ENSRNOG00000011504","Pakap",10.5195133775506
"ENSRNOG00000002721","Ndufb4",10.5184352654246
"ENSRNOG00000011603","Cab39l",10.5183799979358
"ENSRNOG00000002928","Guk1",10.5182018943393
"ENSRNOG00000012953","Arsa",10.5179344107232
"ENSRNOG00000020804","Smarcc1",10.5168688893497
"ENSRNOG00000026742","Ypel5",10.5164322607005
"ENSRNOG00000018818","Txnl1",10.5164024109677
"ENSRNOG00000010461","Gpx8",10.516392630946
"ENSRNOG00000014084","Sp1",10.5154085758021
"ENSRNOG00000001228","Pofut2",10.5143802073482
"ENSRNOG00000018859","Pik3ip1",10.5140475670696
"ENSRNOG00000011544","Zfp219",10.513075984172
"ENSRNOG00000049484","Atp9a",10.5105300230836
"ENSRNOG00000050200","Kdm3b",10.5089732970453
"ENSRNOG00000027860","Ggnbp2",10.5086266561251
"ENSRNOG00000050748","Dpp9",10.5071487965389
"ENSRNOG00000026842","Nnt",10.5065605319169
"ENSRNOG00000046202","Metrnl",10.5065384336146
"ENSRNOG00000005249","Snx6",10.5059846446532
"ENSRNOG00000009640","Psmf1",10.5057953125807
"ENSRNOG00000002175","Clock",10.5052883675076
"ENSRNOG00000034078","Mxi1",10.5044538212839
"ENSRNOG00000002705","Vps4b",10.5037099539786
"ENSRNOG00000009474","Ddx42",10.5030867862731
"ENSRNOG00000032039","Atp9b",10.5026915681236
"ENSRNOG00000026243","Ap2a1",10.5026849905909
"ENSRNOG00000006143","Ngly1",10.5011524223514
"ENSRNOG00000006526","Sema3c",10.5009698821127
"ENSRNOG00000004711","Mta1",10.5008279495318
"ENSRNOG00000011014","Copg2",10.5002864187292
"ENSRNOG00000008052","Atp13a2",10.4984924286483
"ENSRNOG00000015236","Mybbp1a",10.4979496391307
"ENSRNOG00000013733","Ppp4r1",10.4970787053116
"ENSRNOG00000016690","Idi1",10.4961041030246
"ENSRNOG00000006052","Sulf2",10.4959101485164
"ENSRNOG00000008329","Ndufb11",10.4956938012842
"ENSRNOG00000017932","St3gal2",10.4953620023071
"ENSRNOG00000003706","Ufc1",10.495142437475
"ENSRNOG00000052506","Ak3",10.4950627281184
"ENSRNOG00000059406","Ier5",10.493440467744
"ENSRNOG00000060349","Fam3c",10.4929322736984
"ENSRNOG00000002388","Trim41",10.4917154979318
"ENSRNOG00000013674","Megf10",10.4908613121475
"ENSRNOG00000015732","Bcl2l2",10.489815194856
"ENSRNOG00000050539","Fbln5",10.4888537617397
"ENSRNOG00000013179","Tinagl1",10.4887466565736
"ENSRNOG00000060793","Eif2s3",10.4885201261804
"ENSRNOG00000060979","Hspa13",10.4883603056566
"ENSRNOG00000049221","Kdm4b",10.4881617493935
"ENSRNOG00000019418","Lrrc4b",10.4876441544619
"ENSRNOG00000008178","Nxn",10.4867832727827
"ENSRNOG00000010298","Xbp1",10.4865656221356
"ENSRNOG00000029813","Hmgb1",10.4864601718057
"ENSRNOG00000012764","Agap3",10.485823728795
"ENSRNOG00000030210","Fndc1",10.4854567477649
"ENSRNOG00000021232","Ddrgk1",10.4851696358098
"ENSRNOG00000012499","Rarg",10.4850279336111
"ENSRNOG00000040257","Chmp2b",10.4842253390955
"ENSRNOG00000007283","Erlec1",10.4835773996213
"ENSRNOG00000014645","Aldh7a1",10.48340919798
"ENSRNOG00000003235","Mgat4b",10.4832861712513
"ENSRNOG00000026884","Snx17",10.4822453733568
"ENSRNOG00000017777","Ahcy",10.4818299304187
"ENSRNOG00000004160","Prps2",10.4815245620903
"ENSRNOG00000015813","Ubr2",10.4814412069474
"ENSRNOG00000003120","Prelp",10.4778160371981
"ENSRNOG00000007781","Stau1",10.4777689297341
"ENSRNOG00000037483","Ep400",10.4776443722395
"ENSRNOG00000009377","Nelfb",10.4776048663163
"ENSRNOG00000061910","Igfbp3",10.4774259375528
"ENSRNOG00000038597","Dlg1",10.4767472190546
"ENSRNOG00000020668","Cpsf7",10.4763167521539
"ENSRNOG00000001953","Bace2",10.4762481475273
"ENSRNOG00000005615","Gadd45a",10.4761774355624
"ENSRNOG00000017443","Tmem87b",10.4759784352437
"ENSRNOG00000027264","Dagla",10.4756416102508
"ENSRNOG00000008691","Cilk1",10.4754113102529
"ENSRNOG00000003844","Dhx15",10.4740578817309
"ENSRNOG00000003864","Gipc1",10.473469986824
"ENSRNOG00000005763","Arl1",10.4732428829025
"ENSRNOG00000000585","Amd1",10.4727841303904
"ENSRNOG00000014419","Brd7",10.4725514438339
"ENSRNOG00000013532","Pgam2",10.4723578287128
"ENSRNOG00000055567","Fmnl2",10.4723023754939
"ENSRNOG00000021144","Cebpg",10.4718812916875
"ENSRNOG00000007036","Tgfbr1",10.4718468670935
"ENSRNOG00000005149","Sacm1l",10.4718311045307
"ENSRNOG00000003815","Slc25a11",10.4703695249436
"ENSRNOG00000016680","Nsd1",10.4701840270178
"ENSRNOG00000017838","Gmcl1",10.4693906665607
"ENSRNOG00000008377","Wdtc1",10.4689877718333
"ENSRNOG00000018998","Yipf3",10.4681789020136
"ENSRNOG00000016795","Rabl6",10.4681417242731
"ENSRNOG00000033575","Emid1",10.467614844807
"ENSRNOG00000024568","Ndufs7",10.4667088654759
"ENSRNOG00000023919","Nipsnap2",10.4665213273801
"ENSRNOG00000012821","Cnmd",10.4662893813308
"ENSRNOG00000010319","Lcp1",10.4642757531264
"ENSRNOG00000007968","2510039O18Rikl",10.4638194945795
"ENSRNOG00000020619","Eif3g",10.4638068178669
"ENSRNOG00000018975","Atg9a",10.4628036768629
"ENSRNOG00000019730","Inppl1",10.4627892742549
"ENSRNOG00000003712","Ppp4r3b",10.4620957912412
"ENSRNOG00000018945","Nutf2",10.4620764211716
"ENSRNOG00000012749","C1qb",10.4620185764612
"ENSRNOG00000028211","Akap17a",10.4618898608032
"ENSRNOG00000061928","Myo1e",10.4618061433129
"ENSRNOG00000049142","Hdgfl2",10.460651108893
"ENSRNOG00000014291","Elp3",10.4600948658495
"ENSRNOG00000027761","Htatsf1",10.4600409809254
"ENSRNOG00000005849","Aco1",10.4599478887478
"ENSRNOG00000015229","Zc3h4",10.4593406033904
"ENSRNOG00000058386","Golt1b",10.4590535906734
"ENSRNOG00000019697","Ankrd28",10.4559455500236
"ENSRNOG00000019222","Tfdp1",10.4559419119598
"ENSRNOG00000053172","Ssr4",10.4559171550362
"ENSRNOG00000020173","Tie1",10.4558319914215
"ENSRNOG00000018227","Mfsd14b",10.4545942906744
"ENSRNOG00000016892","Nr2f6",10.4538390374519
"ENSRNOG00000003786","Tspan6",10.4531011612172
"ENSRNOG00000019236","Rnf220",10.4527585039824
"ENSRNOG00000028384","Npepl1",10.4526793811607
"ENSRNOG00000005730","Pcmtd1",10.4514987917761
"ENSRNOG00000024712","Insc",10.4512264857539
"ENSRNOG00000019302","Stx4",10.4511714355911
"ENSRNOG00000024278","Rbm42",10.4498345872307
"ENSRNOG00000001190","Git2",10.4495244331225
"ENSRNOG00000025174","Kat6a",10.4495184867581
"ENSRNOG00000008747","Plekha5",10.4488704576145
"ENSRNOG00000004923","Map4k5",10.44807775546
"ENSRNOG00000018848","Eif1b",10.4480240220586
"ENSRNOG00000007971","Wbp2",10.4475784851687
"ENSRNOG00000001633","Tfg",10.4474509305164
"ENSRNOG00000021579","Pals2",10.4473989054243
"ENSRNOG00000001065","Cyth3",10.4469402763121
"ENSRNOG00000015026","Arhgef11",10.4461046790641
"ENSRNOG00000016790","Kmt5b",10.4453057444153
"ENSRNOG00000006833","Rb1cc1",10.4452697470517
"ENSRNOG00000019892","Lrrfip1",10.4446262566693
"ENSRNOG00000004577","Fez2",10.4438738199459
"ENSRNOG00000003005","Rasgef1c",10.4428594423554
"ENSRNOG00000011884","Golga2",10.4424584654678
"ENSRNOG00000014051","Pgrmc2",10.4414863978168
"ENSRNOG00000003506","Gosr2",10.4405113743359
"ENSRNOG00000006206","Tmem106b",10.4401571466968
"ENSRNOG00000047235","Vps26b",10.4388928215596
"ENSRNOG00000024140","Sft2d1",10.4388457705027
"ENSRNOG00000060723","Copb2",10.4386205251542
"ENSRNOG00000023650","Cops4",10.4384123101977
"ENSRNOG00000033378","Rnf123",10.437293224172
"ENSRNOG00000018468","Ldb1",10.4369344409006
"ENSRNOG00000004908","Smc6",10.4354988352804
"ENSRNOG00000009402","Rabgap1",10.4339499180347
"ENSRNOG00000001238","Rsrc2",10.4330647502283
"ENSRNOG00000026048","Gbf1",10.4328344990075
"ENSRNOG00000003242","Gulp1",10.4316739454003
"ENSRNOG00000015019","Spg21",10.4316209764422
"ENSRNOG00000004048","Lrrk2",10.4311617192496
"ENSRNOG00000054468","Fam219b",10.4310226804047
"ENSRNOG00000008258","Fnbp1",10.4288002876623
"ENSRNOG00000014010","Gfra2",10.4281664940027
"ENSRNOG00000019811","Timm23",10.4278770900145
"ENSRNOG00000009066","Thra",10.4267108344952
"ENSRNOG00000001783","Tra2b",10.4263840731126
"ENSRNOG00000008812","Tmem214",10.4261121432557
"ENSRNOG00000013766","Acaa2",10.4259176378481
"ENSRNOG00000016227","Glrx3",10.424759677784
"ENSRNOG00000042359","Pigk",10.4243972209304
"ENSRNOG00000006632","Rps6ka3",10.4239687195439
"ENSRNOG00000025592","Tspan31",10.4236214651278
"ENSRNOG00000036814","Atp6v0a1",10.423397503855
"ENSRNOG00000036696","Hgs",10.4231678568094
"ENSRNOG00000001247","Clip1",10.4231649269228
"ENSRNOG00000011154","Adgrf5",10.4229128740309
"ENSRNOG00000020696","Pmvk",10.4225490104881
"ENSRNOG00000018345","Abce1",10.4219656963239
"ENSRNOG00000018676","C18h18orf32",10.4217486645028
"ENSRNOG00000028493","Ppp1r15b",10.4213701610281
"ENSRNOG00000029178","Abcc5",10.4203308906966
"ENSRNOG00000050834","Eeig1",10.4201331461364
"ENSRNOG00000059880","Rubcn",10.4199103631085
"ENSRNOG00000011953","Supt16h",10.4197777248774
"ENSRNOG00000006557","Cyfip2",10.4196988074361
"ENSRNOG00000013934","Dennd2b",10.4195584957022
"ENSRNOG00000011317","Pkn2",10.4189347731858
"ENSRNOG00000006075","Fez1",10.4186638794307
"ENSRNOG00000016452","Creb3",10.4184365736309
"ENSRNOG00000009652","Prkci",10.4181036997816
"ENSRNOG00000018412","Sfi1",10.4180826846402
"ENSRNOG00000010756","Tp53",10.4177036603618
"ENSRNOG00000004304","Syap1",10.4167653888286
"ENSRNOG00000003463","Srebf1",10.4165608533736
"ENSRNOG00000003232","Nherf1",10.4165294250993
"ENSRNOG00000019598","Vegfa",10.4158496754689
"ENSRNOG00000020822","Atp8b2",10.4158306863362
"ENSRNOG00000027622","Slc35e3",10.4151581111372
"ENSRNOG00000022753","Mast3",10.4147071055435
"ENSRNOG00000060335","Strn3",10.414635575207
"ENSRNOG00000033593","Osbpl9",10.4145225813628
"ENSRNOG00000006471","Pvalb",10.4126003642961
"ENSRNOG00000001803","Dnajb11",10.4119041388928
"ENSRNOG00000051480","Fxr1",10.4114731581988
"ENSRNOG00000020392","Stxbp3",10.4113830043923
"ENSRNOG00000015158","Pikfyve",10.4113507036644
"ENSRNOG00000002028","Tmem50b",10.4111793651433
"ENSRNOG00000043436","Micu1",10.411069592799
"ENSRNOG00000025011","Chd8",10.4106320181142
"ENSRNOG00000056371","Pik3ca",10.4097047873989
"ENSRNOG00000003084","Parp1",10.4089233190492
"ENSRNOG00000012482","Ndrg4",10.4079831475007
"ENSRNOG00000024907","Tnrc6b",10.4076034201967
"ENSRNOG00000017195","Ctr9",10.4064584147373
"ENSRNOG00000000033","Tmcc2",10.4063853767407
"ENSRNOG00000003536","Rufy1",10.4063564191431
"ENSRNOG00000001870","Lztr1",10.4059641965336
"ENSRNOG00000007235","Atp5mc1",10.4055396604146
"ENSRNOG00000005052","Slc39a9",10.4053252684334
"ENSRNOG00000043503","Ehd1",10.4047766908573
"ENSRNOG00000020383","Dapk3",10.4034718315096
"ENSRNOG00000029549","Eci3",10.4031285470038
"ENSRNOG00000006399","Synj2bp",10.4024989239467
"ENSRNOG00000001098","Pds5b",10.4022923123376
"ENSRNOG00000011052","Gars1",10.4019588255852
"ENSRNOG00000011073","Htt",10.4010035515987
"ENSRNOG00000020134","Upf1",10.4004529420675
"ENSRNOG00000030633","Lmf2",10.3995446051224
"ENSRNOG00000007862","Acat1",10.3989961499691
"ENSRNOG00000017513","Miga2",10.3987839066513
"ENSRNOG00000009460","Pdzd8",10.3977947534128
"ENSRNOG00000017319","Mertk",10.3969202755744
"ENSRNOG00000020060","Atf5",10.396190330423
"ENSRNOG00000012163","Plekhm2",10.394777374401
"ENSRNOG00000019442","Josd2",10.3933118446942
"ENSRNOG00000033618","Col28a1",10.39300879673
"ENSRNOG00000053469","Tmc6",10.3920074681968
"ENSRNOG00000009850","St3gal4",10.3917352906884
"ENSRNOG00000013591","Ascl3",10.3916958177473
"ENSRNOG00000019933","Ubqln4",10.3916583185208
"ENSRNOG00000017863","Zeb1",10.3902047634443
"ENSRNOG00000058662","Ano8",10.3895315999184
"ENSRNOG00000006400","Tbc1d14",10.3887408375525
"ENSRNOG00000051671","Herc1",10.3884870003772
"ENSRNOG00000006949","C1qbp",10.3882013893092
"ENSRNOG00000007660","Churc1",10.3859342024167
"ENSRNOG00000010838","Araf",10.3847674790934
"ENSRNOG00000018884","Ttc13",10.3843196672422
"ENSRNOG00000013889","Tmed3",10.3841222022665
"ENSRNOG00000018586","Retreg2",10.3837828131272
"ENSRNOG00000008786","Ap1b1",10.3833007983171
"ENSRNOG00000012181","Lpl",10.3823922592237
"ENSRNOG00000029995","Herpud2",10.3817420707935
"ENSRNOG00000016587","Ninj1",10.3814485953119
"ENSRNOG00000021155","Ctsk",10.3805474015379
"ENSRNOG00000020590","Adam15",10.3788866574926
"ENSRNOG00000003549","Cnpy2",10.3785856455159
"ENSRNOG00000020935","Capn1",10.3785838373738
"ENSRNOG00000021719","Slfn5",10.3783244717474
"ENSRNOG00000000397","Ccar1",10.378127550772
"ENSRNOG00000019996","Slc16a1",10.3777959552959
"ENSRNOG00000021919","Rhoj",10.3772198001708
"ENSRNOG00000020315","Taf13",10.3771714601666
"ENSRNOG00000023816","Aph1a",10.3764742531087
"ENSRNOG00000020456","Nucb2",10.3760232321283
"ENSRNOG00000019476","Agap1",10.3758581437379
"ENSRNOG00000028585","Tceal8",10.3749778028456
"ENSRNOG00000010711","Dicer1",10.3748957418496
"ENSRNOG00000008283","B4galt5",10.3745512121066
"ENSRNOG00000004359","Wars1",10.3743254699926
"ENSRNOG00000004494","Lta4h",10.3742375104348
"ENSRNOG00000020892","Dpf2",10.3739513419624
"ENSRNOG00000017116","Zfp532",10.3738459470026
"ENSRNOG00000017745","Cog4",10.3735301673972
"ENSRNOG00000049128","Nktr",10.372915765675
"ENSRNOG00000011814","Cbx3",10.3723654144592
"ENSRNOG00000016396","Fbxo11",10.372286070482
"ENSRNOG00000010084","Ythdf3",10.3716784767987
"ENSRNOG00000023210","Trappc10",10.3712949549719
"ENSRNOG00000001817","Tm7sf3",10.3710457554601
"ENSRNOG00000018295","Ccar2",10.3702581195125
"ENSRNOG00000007175","Mier1",10.3702191527337
"ENSRNOG00000012016","Npc1",10.3700376482586
"ENSRNOG00000010629","Nod1",10.3693811766913
"ENSRNOG00000049780","Sri",10.3693204529202
"ENSRNOG00000015913","Tspan5",10.3687989145605
"ENSRNOG00000007124","Krcc1",10.3679797321957
"ENSRNOG00000007574","Padi2",10.3671197443253
"ENSRNOG00000017674","Ctcf",10.3663515501399
"ENSRNOG00000024577","Gamt",10.365904675287
"ENSRNOG00000045931","Sik3",10.3654380688586
"ENSRNOG00000013742","Large1",10.3653973360614
"ENSRNOG00000046204","Tspan15",10.3651225022884
"ENSRNOG00000060410","Pcdh1",10.3642119506651
"ENSRNOG00000023896","Dusp6",10.3638619931534
"ENSRNOG00000016688","Ston1",10.363323593455
"ENSRNOG00000016511","Pitrm1",10.3628317471901
"ENSRNOG00000002851","Vcf1",10.3624289426568
"ENSRNOG00000011636","Dennd6a",10.3618240470096
"ENSRNOG00000014564","Yipf5",10.3617265850839
"ENSRNOG00000007356","Chmp3",10.3615122667749
"ENSRNOG00000008174","Appl2",10.3611073397951
"ENSRNOG00000019861","Tollip",10.3608268993277
"ENSRNOG00000019374","Csk",10.360764188704
"ENSRNOG00000004131","Pkn1",10.3552239300682
"ENSRNOG00000053201","Gpcpd1",10.3548665219812
"ENSRNOG00000014155","Spart",10.354164161429
"ENSRNOG00000008277","Bag1",10.3539724631154
"ENSRNOG00000017600","Ptpn9",10.3536797478251
"ENSRNOG00000000847","Csnk2b",10.3533094219391
"ENSRNOG00000011237","Zc3h13",10.3530251182894
"ENSRNOG00000002903","Specc1",10.3529039841384
"ENSRNOG00000028129","Fktn",10.3527957960694
"ENSRNOG00000027088","Ube2k",10.3527459968045
"ENSRNOG00000000219","Ano10",10.3526688874778
"ENSRNOG00000014621","Rab8a",10.3516016073463
"ENSRNOG00000010653","Mideas",10.3486560719828
"ENSRNOG00000020317","Rab5if",10.3467746983876
"ENSRNOG00000020027","Arhgef2",10.3467655468819
"ENSRNOG00000016383","Commd3",10.3466512299114
"ENSRNOG00000007916","Ptk2",10.3464208547372
"ENSRNOG00000003185","Acbd3",10.3460269493539
"ENSRNOG00000054446","Sltm",10.3459790512041
"ENSRNOG00000017078","Selenon",10.3458700053607
"ENSRNOG00000010196","Glb1",10.3455938346079
"ENSRNOG00000019772","Dnpep",10.3452165376212
"ENSRNOG00000051408","Magt1",10.3446585985975
"ENSRNOG00000005703","Arfgef1",10.3446075460967
"ENSRNOG00000047296","Bptf",10.3429707407474
"ENSRNOG00000012363","Peli2",10.3422609647311
"ENSRNOG00000016448","Eef2k",10.3421331014167
"ENSRNOG00000018920","St13",10.3398703681799
"ENSRNOG00000043099","Ddx21",10.3397336651376
"ENSRNOG00000020723","Pten",10.3396779396502
"ENSRNOG00000019868","Psma5",10.3395304917037
"ENSRNOG00000048226","Hmgn1",10.3390205900418
"ENSRNOG00000003131","Traf7",10.3389803467403
"ENSRNOG00000006839","Arl5a",10.3351267525092
"ENSRNOG00000060449","Rps21",10.3340083044936
"ENSRNOG00000018396","Prpf18",10.3339053290023
"ENSRNOG00000007842","Aup1",10.3338999051644
"ENSRNOG00000024142","Arglu1",10.3331970420696
"ENSRNOG00000015036","Ccn2",10.3324180664275
"ENSRNOG00000001811","Fgfr1op2",10.33238345252
"ENSRNOG00000027711","Usp32",10.3320291489639
"ENSRNOG00000057078","Ddit4",10.3316141360589
"ENSRNOG00000018567","Slc20a1",10.3315070225187
"ENSRNOG00000003863","Trir",10.3301561460808
"ENSRNOG00000005281","Stx16",10.3301541387963
"ENSRNOG00000020894","Lsm12",10.3298377527221
"ENSRNOG00000014568","Ndufb10",10.3291402214583
"ENSRNOG00000012428","Maf",10.3289463903674
"ENSRNOG00000011785","Xrn2",10.3286302489313
"ENSRNOG00000028717","Ndufb7",10.3284867316539
"ENSRNOG00000000524","C20h6orf89",10.3277991962181
"ENSRNOG00000001009","Bri3",10.3274588908929
"ENSRNOG00000007088","Xpot",10.3273904342885
"ENSRNOG00000002572","Cacybp",10.3264042294984
"ENSRNOG00000017595","Rsu1",10.3263275939713
"ENSRNOG00000016619","Use1",10.324696629924
"ENSRNOG00000011146","Gyg1",10.3241712335264
"ENSRNOG00000021113","Uba2",10.3239812265752
"ENSRNOG00000014981","Usp14",10.3236138923393
"ENSRNOG00000001178","Sppl3",10.3227552673795
"ENSRNOG00000032436","Tmod3",10.3221715143785
"ENSRNOG00000013987","Sbno2",10.3218832429192
"ENSRNOG00000010633","Acsl1",10.3213906728638
"ENSRNOG00000018972","Rab18",10.3199940940658
"ENSRNOG00000021106","Gramd1a",10.3190956562498
"ENSRNOG00000021024","Pi4kb",10.3185936609648
"ENSRNOG00000019656","Btd",10.318554102649
"ENSRNOG00000006785","Dcaf8",10.317865648906
"ENSRNOG00000018747","Elmo2",10.3178204361968
"ENSRNOG00000005841","Erp44",10.3176071818207
"ENSRNOG00000059043","Itch",10.3173435405176
"ENSRNOG00000052289","Ptdss1",10.3172232973766
"ENSRNOG00000009481","Ddhd1",10.3171002924931
"ENSRNOG00000003901","Cfap36",10.3169846312798
"ENSRNOG00000001828","Stk38l",10.3159160213746
"ENSRNOG00000003504","Rnaseh2a",10.3157970901614
"ENSRNOG00000045670","Tnfsf12",10.315064156516
"ENSRNOG00000015655","Ptgfrn",10.3148237954643
"ENSRNOG00000001050","Eif2ak1",10.3144942955055
"ENSRNOG00000023807","Ccnyl1",10.3143171580904
"ENSRNOG00000037514","Qser1",10.3140828872944
"ENSRNOG00000042501","Tmem250",10.313699652495
"ENSRNOG00000005264","Sav1",10.3135935923027
"ENSRNOG00000011158","Ppp2r2a",10.3134088531809
"ENSRNOG00000009156","Tra2a",10.3133028492083
"ENSRNOG00000002969","Itpkb",10.3127865257585
"ENSRNOG00000013517","Phtf2",10.3125628295071
"ENSRNOG00000002121","Lrrc8d",10.3112015588491
"ENSRNOG00000010744","Nrp1",10.310646782072
"ENSRNOG00000048509","Ubxn6",10.3104471659727
"ENSRNOG00000017925","Gapvd1",10.3100715335411
"ENSRNOG00000009819","Vezf1",10.3100670099696
"ENSRNOG00000012806","Rbbp6",10.3094071886626
"ENSRNOG00000008193","Cr1l",10.3090146670512
"ENSRNOG00000011952","Samm50",10.3087298918869
"ENSRNOG00000030597","Ankrd52",10.3083801125903
"ENSRNOG00000018932","Ccdc124",10.3082545335432
"ENSRNOG00000054782","Ppp3cb",10.307831801873
"ENSRNOG00000020479","Pik3c2a",10.3076070978956
"ENSRNOG00000015941","Fkbp10",10.3071805235156
"ENSRNOG00000011521","Filip1",10.3060096547044
"ENSRNOG00000006930","Casq1",10.3054420507878
"ENSRNOG00000002886","Myh10",10.3050195591514
"ENSRNOG00000017791","Arhgap12",10.3048741751688
"ENSRNOG00000008569","Ndufa6",10.3046987208432
"ENSRNOG00000012035","Rnf181",10.3042628184639
"ENSRNOG00000018140","Smad2",10.3039255146373
"ENSRNOG00000010591","Kdm5a",10.3032244374906
"ENSRNOG00000011732","Psmb7",10.3031375630158
"ENSRNOG00000020475","Sart1",10.3029535761548
"ENSRNOG00000013194","Rps6ka2",10.3023518981563
"ENSRNOG00000001312","Pdgfa",10.3023481137063
"ENSRNOG00000011383","Ndufs4",10.3020270791491
"ENSRNOG00000018849","Tcerg1",10.3018682743605
"ENSRNOG00000003542","Hcfc1r1",10.3018300255209
"ENSRNOG00000010729","Usp8",10.3013496974821
"ENSRNOG00000007060","Plin2",10.2997793586409
"ENSRNOG00000008049","Max",10.2992893225255
"ENSRNOG00000016103","Nkd2",10.2990918693315
"ENSRNOG00000000664","Tpst2",10.2972050232873
"ENSRNOG00000016550","Dclk2",10.2967007078019
"ENSRNOG00000011680","Il16",10.2965806201499
"ENSRNOG00000002989","Nmt1",10.296377179697
"ENSRNOG00000017495","Klhdc3",10.2952320675963
"ENSRNOG00000019211","Olfml3",10.2949978233615
"ENSRNOG00000013426","Mrgprf",10.2941378886071
"ENSRNOG00000010609","Abcf2",10.2938580815792
"ENSRNOG00000009713","Oxa1l",10.2929795922183
"ENSRNOG00000012095","Pkia",10.292782827154
"ENSRNOG00000008593","Ryk",10.2923568214714
"ENSRNOG00000003026","Rad23a",10.2916708630021
"ENSRNOG00000006681","Rdh10",10.2915617915495
"ENSRNOG00000061424","Map3k3",10.2896955762839
"ENSRNOG00000015162","Lonp2",10.2886318701643
"ENSRNOG00000019749","Ube2j2",10.2876366645484
"ENSRNOG00000002908","Slc35a4",10.2861936688399
"ENSRNOG00000020652","Tgfb1",10.2852795428199
"ENSRNOG00000007665","Cse1l",10.2852721162054
"ENSRNOG00000007241","Fnbp4",10.2847147248874
"ENSRNOG00000004061","Pnn",10.2845498136198
"ENSRNOG00000006587","Setd3",10.2836991367969
"ENSRNOG00000009751","Gpx7",10.2836112982297
"ENSRNOG00000024757","Endod1",10.2829129917385
"ENSRNOG00000002094","Atg3",10.2825395992882
"ENSRNOG00000019746","Paf1",10.2818414392385
"ENSRNOG00000001415","Ap1s1",10.2815582353513
"ENSRNOG00000002841","Cdc42bpa",10.2806666432205
"ENSRNOG00000021027","Dbp",10.2804096498938
"ENSRNOG00000008425","Nav1",10.2802571273096
"ENSRNOG00000001786","Snx4",10.2799417010496
"ENSRNOG00000011684","Auh",10.2798813063081
"ENSRNOG00000020225","Dlgap4",10.279325661429
"ENSRNOG00000002544","Kifap3",10.278620611369
"ENSRNOG00000022289","Aip",10.2784504877465
"ENSRNOG00000016617","Wwtr1",10.2782166565185
"ENSRNOG00000006336","Fyco1",10.278160896575
"ENSRNOG00000012663","Mfsd6",10.277558787152
"ENSRNOG00000014623","Smurf2",10.2767643100464
"ENSRNOG00000006695","Rbck1",10.2766143654341
"ENSRNOG00000001274","Vps29",10.2761674476241
"ENSRNOG00000005256","Zc3h15",10.2754263229474
"ENSRNOG00000028292","Gart",10.273553420172
"ENSRNOG00000007859","Cep83",10.2732247503059
"ENSRNOG00000049511","Safb2",10.2731775261358
"ENSRNOG00000014791","Peg3",10.2724703914536
"ENSRNOG00000019077","Lipa",10.2723121017299
"ENSRNOG00000010482","Impa1",10.2719631592582
"ENSRNOG00000046955","Cbx6",10.2716175054806
"ENSRNOG00000061572","Smarcd1",10.2714021623567
"ENSRNOG00000004538","Brd1",10.2710012735181
"ENSRNOG00000030408","Dnajb12",10.270853863367
"ENSRNOG00000017260","Cdr2",10.2703531563651
"ENSRNOG00000018755","Acss2",10.2689951657712
"ENSRNOG00000003879","Rnf167",10.2685553406412
"ENSRNOG00000015777","Mex3c",10.2679499547579
"ENSRNOG00000000549","Tspyl1",10.2659230038058
"ENSRNOG00000049349","Tafa5",10.2646951669264
"ENSRNOG00000050570","Nrbp1",10.2646385530556
"ENSRNOG00000000867","Vars1",10.2645520186218
"ENSRNOG00000002669","Cluh",10.2639682971563
"ENSRNOG00000013948","Zc3hav1",10.2637842226941
"ENSRNOG00000014353","Sympk",10.2637267072327
"ENSRNOG00000003533","Clcn4",10.2625912264757
"ENSRNOG00000018293","Strip1",10.2624221551411
"ENSRNOG00000043006","Epm2aip1",10.2623981630688
"ENSRNOG00000036663","Foxk2",10.2614016692714
"ENSRNOG00000005502","Ankib1",10.2613100350201
"ENSRNOG00000011168","Micu2",10.2611973037955
"ENSRNOG00000030232","Hacd3",10.2608357413241
"ENSRNOG00000011340","Ankrd13c",10.2607548804011
"ENSRNOG00000011294","Usp33",10.260083827043
"ENSRNOG00000011700","Ptprm",10.2593167495465
"ENSRNOG00000023830","Dnase2",10.2580686148347
"ENSRNOG00000016346","Prkcd",10.2576658722082
"ENSRNOG00000058186","Errfi1",10.2575374194862
"ENSRNOG00000026748","Dennd2a",10.2571307684193
"ENSRNOG00000011949","Ndufb5",10.2562320777734
"ENSRNOG00000004322","Sh3kbp1",10.2559114600191
"ENSRNOG00000015812","Tm4sf1",10.2558946028142
"ENSRNOG00000054008","Scamp5",10.2552730810815
"ENSRNOG00000004255","Usf1",10.2548602232605
"ENSRNOG00000018440","Arfip2",10.2548535437464
"ENSRNOG00000000312","Fig4",10.2544028307816
"ENSRNOG00000005257","Prkaca",10.253930016624
"ENSRNOG00000004342","Ahr",10.2537944581711
"ENSRNOG00000002342","Aldh3a2",10.2532144612173
"ENSRNOG00000019682","Timm13",10.2531994431971
"ENSRNOG00000014509","Sacs",10.2516012981159
"ENSRNOG00000015434","Midn",10.2512758776048
"ENSRNOG00000032776","Srp54a",10.2500746270384
"ENSRNOG00000005045","Ppp2r5e",10.2496650173189
"ENSRNOG00000056024","Bnip2",10.2494066936643
"ENSRNOG00000010588","Tns2",10.2488984260307
"ENSRNOG00000028703","Slc39a6",10.2488296824426
"ENSRNOG00000002420","Zc3h7a",10.2481222485016
"ENSRNOG00000042320","Slc41a1",10.2476658334844
"ENSRNOG00000001126","Fbxw8",10.2475493615726
"ENSRNOG00000014604","Sigmar1",10.2473392776192
"ENSRNOG00000014087","Kifc3",10.2464625819409
"ENSRNOG00000009997","Erap1",10.2463547556631
"ENSRNOG00000052275","H2az2",10.2463436310987
"ENSRNOG00000013491","Setx",10.2462138269947
"ENSRNOG00000021891","Zdhhc8",10.2455237056248
"ENSRNOG00000000108","Aga",10.2449939008175
"ENSRNOG00000000048","Gak",10.2446835720292
"ENSRNOG00000014117","Hmox1",10.2445441064432
"ENSRNOG00000019180","Acsl4",10.2445394642097
"ENSRNOG00000010557","Smarcd2",10.24425108175
"ENSRNOG00000004864","Prpf40a",10.2441266368474
"ENSRNOG00000027773","Ppp4r3a",10.2441225416266
"ENSRNOG00000003717","Cnih4",10.2432235185306
"ENSRNOG00000019205","Gnpat",10.2430645136711
"ENSRNOG00000042179","Cfap20",10.2425761258935
"ENSRNOG00000023148","Col11a1",10.2422196155563
"ENSRNOG00000039417","Dda1",10.2419999728607
"ENSRNOG00000061543","Ap2b1",10.2417498103788
"ENSRNOG00000014330","Pcmt1",10.2416050025258
"ENSRNOG00000023280","Als2",10.241004404247
"ENSRNOG00000019900","Slc35b2",10.2407655429417
"ENSRNOG00000056984","Baz2b",10.2402812690266
"ENSRNOG00000058560","Col2a1",10.2399542427883
"ENSRNOG00000013790","Mfsd1",10.2396884299355
"ENSRNOG00000007174","Utp11",10.2392227512184
"ENSRNOG00000000481","Cuta",10.2381819366928
"ENSRNOG00000006975","Wasl",10.2375081661653
"ENSRNOG00000023322","Ostc",10.2374060038198
"ENSRNOG00000016099","Id4",10.2373251444475
"ENSRNOG00000004283","Camta2",10.2369885990988
"ENSRNOG00000013454","Rala",10.2360782910179
"ENSRNOG00000005877","Lrpprc",10.2355343268998
"ENSRNOG00000001717","Opa1",10.2353327522976
"ENSRNOG00000019643","Pcyox1l",10.2351746540215
"ENSRNOG00000004083","Zc3h14",10.2337765072487
"ENSRNOG00000028156","Pld1",10.2333038562574
"ENSRNOG00000046883","Mydgf",10.2332324426999
"ENSRNOG00000019485","Kat8",10.2329639646891
"ENSRNOG00000018985","Grk2",10.232848020901
"ENSRNOG00000014454","Ap1m1",10.2314091892446
"ENSRNOG00000004027","Aldh9a1",10.2306188985691
"ENSRNOG00000002032","Ifngr2",10.2304443567381
"ENSRNOG00000061851","Foxj3",10.229966340129
"ENSRNOG00000003973","Cyb5r1",10.2292144528283
"ENSRNOG00000011677","Slc39a10",10.228280101637
"ENSRNOG00000012959","Nab1",10.2282238232217
"ENSRNOG00000001996","Ythdc1",10.2274423052395
"ENSRNOG00000048736","Mllt1",10.2268084565099
"ENSRNOG00000057102","Pafah1b2",10.226512482863
"ENSRNOG00000002254","Tmem33",10.2262229183814
"ENSRNOG00000024737","Tnrc6a",10.2258505556303
"ENSRNOG00000009040","Gas2l1",10.2254875478836
"ENSRNOG00000013557","Lancl1",10.2248353418078
"ENSRNOG00000020289","Akt1s1",10.2248106696257
"ENSRNOG00000009414","Creld1",10.2233360971254
"ENSRNOG00000020607","Bckdha",10.2227258405345
"ENSRNOG00000002545","Hapstr1",10.2224808320326
"ENSRNOG00000002818","Eftud2",10.2219436809735
"ENSRNOG00000047134","Gtf2f1",10.2217635877637
"ENSRNOG00000014058","Tomm22",10.2212087883708
"ENSRNOG00000017243","Bnip3",10.2206004538792
"ENSRNOG00000013351","Stxbp5",10.2203143924674
"ENSRNOG00000008063","Hibadh",10.2197312383639
"ENSRNOG00000019326","Cfdp1",10.2195541014612
"ENSRNOG00000014166","Smoc2",10.2194036553437
"ENSRNOG00000028353","Sox13",10.2193315763511
"ENSRNOG00000034013","Acaca",10.2193134838978
"ENSRNOG00000018687","Fbxw2",10.2190481309142
"ENSRNOG00000059968","Jak2",10.2187971701702
"ENSRNOG00000018211","Urod",10.2187139289968
"ENSRNOG00000003234","Mgrn1",10.2183657890391
"ENSRNOG00000011489","R3hdm4",10.2179542853209
"ENSRNOG00000009716","Casc3",10.21714552809
"ENSRNOG00000050473","Rps27l",10.2156476669813
"ENSRNOG00000033556","Spen",10.2147750821285
"ENSRNOG00000021153","Fkbp2",10.2147712311871
"ENSRNOG00000003931","Arsg",10.2142082469051
"ENSRNOG00000003635","Disp1",10.2121259669878
"ENSRNOG00000009992","Rabggtb",10.2116952482162
"ENSRNOG00000031789","Rangap1",10.2114339527759
"ENSRNOG00000028137","Mki67",10.2106936074932
"ENSRNOG00000042980","Adam19",10.2097324832588
"ENSRNOG00000017879","Gab1",10.2097313069254
"ENSRNOG00000015329","Kpna2",10.2094350723133
"ENSRNOG00000014615","Grk6",10.208363844031
"ENSRNOG00000061050","Mboat2",10.2078204269744
"ENSRNOG00000004382","Arel1",10.2076861560206
"ENSRNOG00000049181","Sh2b1",10.2073099917732
"ENSRNOG00000048924","Islr",10.2072195771879
"ENSRNOG00000013780","Nf1",10.206802776966
"ENSRNOG00000017607","Faf2",10.206252007228
"ENSRNOG00000004813","Rtcb",10.2062348097633
"ENSRNOG00000012865","Parp3",10.205872958553
"ENSRNOG00000001352","Hectd4",10.2057347416527
"ENSRNOG00000016643","Lpcat2",10.2055573141737
"ENSRNOG00000034037","Zfp266",10.2054860915324
"ENSRNOG00000042886","Rps28",10.2048386448708
"ENSRNOG00000012602","Recql",10.2046759226967
"ENSRNOG00000043348","Rpl39",10.2046038275447
"ENSRNOG00000045844","Impact",10.2035119982901
"ENSRNOG00000006328","Wwp1",10.2028590260451
"ENSRNOG00000024671","Dmxl1",10.2026810809974
"ENSRNOG00000036695","Mrpl12",10.2024957405651
"ENSRNOG00000043304","Apcdd1",10.2023274785611
"ENSRNOG00000054863","Usp4",10.2019167657784
"ENSRNOG00000020464","Mrpl54",10.2017095489845
"ENSRNOG00000033522","Prdm2",10.2010681156037
"ENSRNOG00000025459","Mars1",10.2006779286949
"ENSRNOG00000057706","Kdm5c",10.2005200988921
"ENSRNOG00000011452","Aldoc",10.1993686763337
"ENSRNOG00000020438","Prpf38b",10.1992665699789
"ENSRNOG00000015334","Fcho2",10.199011263356
"ENSRNOG00000025406","Iqgap2",10.1989793841171
"ENSRNOG00000004186","Snx13",10.1987574872897
"ENSRNOG00000014875","Ash2l",10.1986372937742
"ENSRNOG00000009351","Srp68",10.1980064841517
"ENSRNOG00000027260","Adprh",10.1977526240183
"ENSRNOG00000020304","Pdcd11",10.1974382988465
"ENSRNOG00000008288","Akirin2",10.1966058289756
"ENSRNOG00000001297","Prmt2",10.1954538242043
"ENSRNOG00000051620","Tspan9",10.1941014559423
"ENSRNOG00000053060","Zfc3h1",10.19325753504
"ENSRNOG00000000488","Hmga1",10.1929867582791
"ENSRNOG00000017604","Ripor1",10.1917074687137
"ENSRNOG00000008897","Gga1",10.1914979632636
"ENSRNOG00000045752","Rrm1",10.1909972612935
"ENSRNOG00000007673","Ppig",10.1899871963153
"ENSRNOG00000004185","Mon2",10.1899166298057
"ENSRNOG00000010628","Sec13",10.1888255168105
"ENSRNOG00000045913","Prdm16",10.1883081843646
"ENSRNOG00000010186","Cdv3",10.1875782275553
"ENSRNOG00000011981","Slc39a13",10.1875651288652
"ENSRNOG00000020191","Tbc1d17",10.1867354813291
"ENSRNOG00000023356","Eif5b",10.1866287910731
"ENSRNOG00000007604","Igsf8",10.1865900461183
"ENSRNOG00000011956","Aktip",10.1865118694626
"ENSRNOG00000008490","Cwc15",10.1848529029706
"ENSRNOG00000011586","Ccnl1",10.1847404811277
"ENSRNOG00000010232","Enpp5",10.1840263406392
"ENSRNOG00000019179","Ggta1",10.1837763797967
"ENSRNOG00000004474","Klhdc2",10.1824713795649
"ENSRNOG00000023851","Igsf3",10.1823845953393
"ENSRNOG00000006642","Yipf6",10.1819560491545
"ENSRNOG00000013286","Pdcl3",10.1814209961376
"ENSRNOG00000009071","Gripap1",10.1805835276637
"ENSRNOG00000023373","Sec24b",10.180233782459
"ENSRNOG00000024930","Smim19",10.1795957546405
"ENSRNOG00000010147","Pdcd10",10.1794353923621
"ENSRNOG00000007657","Col27a1",10.1786802662483
"ENSRNOG00000048237","Tcta",10.1783310460736
"ENSRNOG00000030520","Sarnp",10.1775504999972
"ENSRNOG00000004068","Ncoa1",10.1773803314312
"ENSRNOG00000002529","Rap2c",10.1770587638888
"ENSRNOG00000060817","Stam",10.1765211747443
"ENSRNOG00000022153","Tmem134",10.1763848889883
"ENSRNOG00000005762","Rab22a",10.1757168587065
"ENSRNOG00000018044","Phyh",10.1753095540343
"ENSRNOG00000007541","Fhl3",10.1745505194059
"ENSRNOG00000000569","Vsir",10.1743104148937
"ENSRNOG00000016611","Hras",10.1739774530372
"ENSRNOG00000009155","Ndufs3",10.1738453166278
"ENSRNOG00000039297","Mrpl52",10.1732862971595
"ENSRNOG00000009264","Erc1",10.1728333365802
"ENSRNOG00000016907","Ppp5c",10.1726515436629
"ENSRNOG00000015389","Stag1",10.1724093008108
"ENSRNOG00000021175","Otub1",10.172280769211
"ENSRNOG00000017154","Atp11a",10.171516518775
"ENSRNOG00000020742","Pcnx3",10.1714967357093
"ENSRNOG00000017213","Cdk11b",10.1703522004397
"ENSRNOG00000022802","Tmem184b",10.1699754583052
"ENSRNOG00000002106","Usp46",10.1699037201639
"ENSRNOG00000032398","Macir",10.1697597090342
"ENSRNOG00000016939","Chmp7",10.1694468125475
"ENSRNOG00000010007","Srsf4",10.1692645470313
"ENSRNOG00000014367","Ephb6",10.1685270759907
"ENSRNOG00000016367","Vasp",10.1676831323794
"ENSRNOG00000012733","Ankrd12",10.1676375613243
"ENSRNOG00000000204","Syncrip",10.1667741389889
"ENSRNOG00000030418","Tmem47",10.1645263265819
"ENSRNOG00000039807","Fam193b",10.1645214036942
"ENSRNOG00000030247","Eif4ebp3",10.1643995837308
"ENSRNOG00000014908","Sf3b5",10.1641434723008
"ENSRNOG00000004036","Snx12",10.1637144226103
"ENSRNOG00000004127","Cep170",10.1628817185893
"ENSRNOG00000014903","Zfyve27",10.1627069406551
"ENSRNOG00000013256","Ric8a",10.1626723293748
"ENSRNOG00000011308","Uhrf2",10.1625454993271
"ENSRNOG00000055305","Parvb",10.162215143293
"ENSRNOG00000031358","Rplp0l1",10.1616619186486
"ENSRNOG00000059166","Ldb3",10.1608292552944
"ENSRNOG00000006499","Cops5",10.1606295531097
"ENSRNOG00000000893","Tmem248",10.1603881902938
"ENSRNOG00000009754","Nampt",10.1601877294758
"ENSRNOG00000056325","Mocs2",10.160079198762
"ENSRNOG00000020643","Bub3",10.1591419445162
"ENSRNOG00000017209","Tubb3",10.1587941358014
"ENSRNOG00000015134","Map3k12",10.1586962009863
"ENSRNOG00000005775","Phf14",10.1584108083739
"ENSRNOG00000021213","Lix1l",10.1583766087335
"ENSRNOG00000009836","Rbm26",10.1577001711248
"ENSRNOG00000025832","Zer1",10.157411367582
"ENSRNOG00000021298","Dstyk",10.1567996616369
"ENSRNOG00000012952","Lrig1",10.1564744301546
"ENSRNOG00000014485","Pdcd6",10.1563952288401
"ENSRNOG00000003334","Klhl21",10.1560384641863
"ENSRNOG00000016469","Fxyd2",10.1558710899543
"ENSRNOG00000025679","Stk40",10.1554083286382
"ENSRNOG00000006689","Chd7",10.1547054426815
"ENSRNOG00000011008","Bet1",10.1538652361026
"ENSRNOG00000001303","Specc1l",10.1534326645535
"ENSRNOG00000011540","Vta1",10.1533446946865
"ENSRNOG00000004252","Eif3h",10.1533109449323
"ENSRNOG00000020385","Fads3",10.1527285579169
"ENSRNOG00000000614","Bicc1",10.152497415548
"ENSRNOG00000010533","Arfip1",10.1522271418974
"ENSRNOG00000046357","Adh4",10.1520569351539
"ENSRNOG00000021824","Dnajb1",10.1518477790422
"ENSRNOG00000061348","Fam53b",10.1515411896373
"ENSRNOG00000007390","Nfkbia",10.1513465813689
"ENSRNOG00000033611","Wdr83os",10.151237374352
"ENSRNOG00000017692","Ppp1r37",10.1508010775149
"ENSRNOG00000006483","Heatr5a",10.1507294301838
"ENSRNOG00000004245","Mgst3",10.1503529874331
"ENSRNOG00000008151","Plscr4",10.1500957993099
"ENSRNOG00000030126","Clk3",10.1497887856601
"ENSRNOG00000050997","Ifrd1",10.1497570430666
"ENSRNOG00000020646","Sdhaf2",10.1493961144274
"ENSRNOG00000005258","Myef2",10.1492853894526
"ENSRNOG00000012860","Tmem184c",10.1492751272516
"ENSRNOG00000020425","Stim1",10.1486173072426
"ENSRNOG00000004697","Baalc",10.1480027462752
"ENSRNOG00000017113","Ccnt2",10.1477162723433
"ENSRNOG00000010549","Tspo",10.1473021251551
"ENSRNOG00000013076","Csnk1e",10.1466554557382
"ENSRNOG00000009882","Ppp3ca",10.1461555130937
"ENSRNOG00000009281","Commd1",10.145898160098
"ENSRNOG00000008472","Rbm10",10.1454003784154
"ENSRNOG00000013594","Acp2",10.1453627090843
"ENSRNOG00000018231","Nacc2",10.1453026933277
"ENSRNOG00000009856","Sypl1",10.1452404540359
"ENSRNOG00000005292","Trip11",10.1447848582779
"ENSRNOG00000011463","Psmb2",10.1443062470696
"ENSRNOG00000008843","Eci1",10.144088389486
"ENSRNOG00000040287","Cyp1b1",10.1438493913476
"ENSRNOG00000012210","Sptlc2",10.143648209052
"ENSRNOG00000010624","Ap3b1",10.1433055087485
"ENSRNOG00000001852","Ergic2",10.1426394310946
"ENSRNOG00000020347","Nup98",10.1415409907232
"ENSRNOG00000024239","Fam89b",10.1413610480814
"ENSRNOG00000009799","Dpagt1",10.1409146979274
"ENSRNOG00000019975","Cdc5l",10.1408475378791
"ENSRNOG00000018796","Herpud1",10.1405239215219
"ENSRNOG00000011756","Phf3",10.1402644552461
"ENSRNOG00000005668","Ndufa8",10.1401283173255
"ENSRNOG00000001300","P2rx4",10.1399722562833
"ENSRNOG00000010882","Sptlc1",10.139841966572
"ENSRNOG00000001849","Mapk1",10.1398266029381
"ENSRNOG00000017446","Ndufs8",10.1395902158806
"ENSRNOG00000003428","Rufy3",10.1384409786085
"ENSRNOG00000028105","Hars1",10.1377624927669
"ENSRNOG00000024849","Tor1aip2",10.1377292766378
"ENSRNOG00000004093","Rhot1",10.1375225655348
"ENSRNOG00000019052","Ankzf1",10.1369741206705
"ENSRNOG00000029658","Rnf213",10.1367811905949
"ENSRNOG00000008320","Lypla1",10.1363675216522
"ENSRNOG00000051440","Ppp1r12b",10.136048854041
"ENSRNOG00000046258","B3gnt5",10.1357185514807
"ENSRNOG00000005087","Cebpz",10.1356297121648
"ENSRNOG00000011667","Fastk",10.1354788507349
"ENSRNOG00000022586","Cdk9",10.1353910898017
"ENSRNOG00000010697","Hadh",10.1351433439162
"ENSRNOG00000045829","Thbs1",10.135026097107
"ENSRNOG00000002855","Rfc1",10.1341295620475
"ENSRNOG00000012960","Uap1l1",10.134062089139
"ENSRNOG00000006844","Dnajc14",10.1326935839016
"ENSRNOG00000048848","Ccdc9",10.1321106717351
"ENSRNOG00000012121","Sdf2",10.1320695043912
"ENSRNOG00000020202","Asrgl1",10.1319598035133
"ENSRNOG00000009139","Fubp3",10.1314536796117
"ENSRNOG00000011491","Dnajc13",10.1313744318712
"ENSRNOG00000050410","Snrpd3",10.1309748631268
"ENSRNOG00000020016","Lamtor1",10.1308243549332
"ENSRNOG00000009598","Ncaph2",10.130526648888
"ENSRNOG00000017904","Nol7",10.12929472667
"ENSRNOG00000051490","Plcg1",10.1291634548504
"ENSRNOG00000011026","Irf2bpl",10.1286567741776
"ENSRNOG00000009715","Me1",10.1286025376301
"ENSRNOG00000014436","Ppip5k1",10.1284840227749
"ENSRNOG00000022202","Trappc8",10.1284596668324
"ENSRNOG00000001964","Cd47",10.1278457448242
"ENSRNOG00000053452","Actg1l1",10.1275017529923
"ENSRNOG00000005331","Vapb",10.1272517053198
"ENSRNOG00000011461","Ap3m1",10.1272455032339
"ENSRNOG00000017983","Ubac1",10.1268551500221
"ENSRNOG00000004206","Glrx5",10.1266243989517
"ENSRNOG00000001256","Atxn2",10.1264869121757
"ENSRNOG00000001708","Dvl3",10.1263221345224
"ENSRNOG00000003229","Tspan7",10.1255507924097
"ENSRNOG00000042041","Gal3st1",10.1249188988984
"ENSRNOG00000017029","Snx1",10.1245915681537
"ENSRNOG00000018671","Commd4",10.1239748181853
"ENSRNOG00000013642","Lrrc41",10.1235363609111
"ENSRNOG00000048723","Pros1",10.1224135512946
"ENSRNOG00000009615","Mtor",10.1223780473531
"ENSRNOG00000010131","Rin2",10.1208890027461
"ENSRNOG00000020876","Bax",10.1202739648134
"ENSRNOG00000020056","Retreg3",10.119718090626
"ENSRNOG00000014426","Lox",10.1195778037832
"ENSRNOG00000037402","Cops9",10.118413672231
"ENSRNOG00000004510","Slc35b1",10.1182374785091
"ENSRNOG00000008415","Nab2",10.1181887653845
"ENSRNOG00000010733","Vps11",10.117507704908
"ENSRNOG00000024213","Golim4",10.1171159696699
"ENSRNOG00000009329","Nr1d1",10.1162877257353
"ENSRNOG00000049785","Ranbp3",10.1161270647597
"ENSRNOG00000015953","Oaz2",10.1159678764417
"ENSRNOG00000021047","Lrrfip2",10.1158757369593
"ENSRNOG00000003248","Mpzl1",10.1157089544748
"ENSRNOG00000003203","Hexim1",10.1155440129939
"ENSRNOG00000021412","Slfn9",10.1153925571438
"ENSRNOG00000060614","Pxdn",10.1151786101452
"ENSRNOG00000018123","Ccny",10.1151007861183
"ENSRNOG00000008680","Loxl1",10.1147269417285
"ENSRNOG00000005016","Tmed4",10.1145833533851
"ENSRNOG00000012266","Zcchc17",10.1132416955343
"ENSRNOG00000052080","Camk2b",10.1132060801478
"ENSRNOG00000029185","Rasa1",10.1130867055424
"ENSRNOG00000033835","Dnm1",10.1117610262611
"ENSRNOG00000046327","Rbpj",10.1108831952407
"ENSRNOG00000019381","Eri3",10.1107452618092
"ENSRNOG00000005034","Arhgef25",10.1102523774004
"ENSRNOG00000003649","Qsox1",10.1100490285557
"ENSRNOG00000013809","Kbtbd2",10.1099997640988
"ENSRNOG00000021150","Plcb3",10.1098083676944
"ENSRNOG00000002051","Synj1",10.1095187962946
"ENSRNOG00000005276","Csnk2a1",10.1092553408791
"ENSRNOG00000017397","Upf3a",10.1082706955217
"ENSRNOG00000017299","Phrf1",10.1082151188889
"ENSRNOG00000019147","Stom",10.1080895783733
"ENSRNOG00000009886","Fkbp14",10.1078359057638
"ENSRNOG00000022741","Ilf3",10.1078243932281
"ENSRNOG00000010731","Gpm6a",10.1069470902705
"ENSRNOG00000021548","Rassf1",10.1063690506425
"ENSRNOG00000012153","Rbl2",10.1062178912175
"ENSRNOG00000016722","Xpo6",10.105726532745
"ENSRNOG00000024852","Tmx4",10.1049598403009
"ENSRNOG00000058658","Mtch2",10.1048432639975
"ENSRNOG00000052469","Bmpr1a",10.1043023146755
"ENSRNOG00000003653","Fh",10.1034778898837
"ENSRNOG00000024705","Rarres2",10.1030569819455
"ENSRNOG00000019372","Pc",10.1027525855874
"ENSRNOG00000036698","Nploc4",10.1012368363548
"ENSRNOG00000013451","Drosha",10.101102630636
"ENSRNOG00000008891","Ift20",10.1009673756971
"ENSRNOG00000002199","Tmem165",10.100131544914
"ENSRNOG00000017829","Ssu72",10.0998628586235
"ENSRNOG00000024250","Wwc3",10.0995803084562
"ENSRNOG00000017851","Etfb",10.0988455640971
"ENSRNOG00000019813","Ppp4c",10.0987413011436
"ENSRNOG00000007504","Actr10",10.0985186509054
"ENSRNOG00000005083","Rtfdc1",10.0984662500184
"ENSRNOG00000005916","Ppm1a",10.0982004465021
"ENSRNOG00000056550","Epb41l4b",10.097910842231
"ENSRNOG00000013804","Exoc5",10.0976333798535
"ENSRNOG00000017307","Prss23",10.0975391997523
"ENSRNOG00000005464","Lgalsl",10.0974538940799
"ENSRNOG00000009549","Fbxo3",10.0969814542893
"ENSRNOG00000011293","Hpf1",10.0967818908443
"ENSRNOG00000033883","Stard8",10.0939785876683
"ENSRNOG00000030213","Vps13c",10.0930577868337
"ENSRNOG00000000931","Sfswap",10.0922055716974
"ENSRNOG00000026941","Tril",10.0916040048049
"ENSRNOG00000055340","Ski",10.0915025548473
"ENSRNOG00000047124","Atp2a1",10.0913852776038
"ENSRNOG00000016610","Arhgap1",10.0911956424164
"ENSRNOG00000011375","Tsc2",10.08986165422
"ENSRNOG00000061582","Scamp1",10.0897422959093
"ENSRNOG00000011951","Plk2",10.0893937980108
"ENSRNOG00000033397","Adamts20",10.0891129202015
"ENSRNOG00000053787","Mdfic",10.0888084051691
"ENSRNOG00000007090","Cacna1c",10.0882403998405
"ENSRNOG00000001139","Suds3",10.0874690506994
"ENSRNOG00000060544","Kdm5b",10.0857232616242
"ENSRNOG00000018232","Srf",10.0844480381502
"ENSRNOG00000014549","Arhgef26",10.0838016636177
"ENSRNOG00000012940","Vps41",10.0831749383033
"ENSRNOG00000005346","Tmem128",10.0829274942857
"ENSRNOG00000021117","Rps6ka4",10.0828740651478
"ENSRNOG00000027914","Plscr3",10.0825570475113
"ENSRNOG00000057056","Rab5a",10.0819750683625
"ENSRNOG00000017930","Lpcat1",10.0817657433143
"ENSRNOG00000023480","Nabp2",10.0808545055273
"ENSRNOG00000020857","Ppfia1",10.0795298758373
"ENSRNOG00000004148","Cdk17",10.0792241902837
"ENSRNOG00000002192","Rell1",10.0787616422692
"ENSRNOG00000032844","RT1-Da",10.0786450130839
"ENSRNOG00000005357","Ctc1",10.0783595216082
"ENSRNOG00000019553","Ipo4",10.078258327997
"ENSRNOG00000004583","Mb",10.0781092879188
"ENSRNOG00000031995","Smim15",10.0777671733614
"ENSRNOG00000058068","Obscn",10.0776022917017
"ENSRNOG00000007628","Ptp4a3",10.0766251698265
"ENSRNOG00000013836","Arhgap17",10.0761412781873
"ENSRNOG00000023577","Gigyf2",10.0758462773224
"ENSRNOG00000020663","Pygo2",10.0749081899154
"ENSRNOG00000031453","Manbal",10.0743321241451
"ENSRNOG00000018704","Nolc1",10.0740985016303
"ENSRNOG00000000474","Ralgdsl2",10.07330703428
"ENSRNOG00000048282","Mpnd",10.0731232307808
"ENSRNOG00000008182","Htra3",10.0722835619327
"ENSRNOG00000012693","Pmpcb",10.071668253153
"ENSRNOG00000006867","Etv1",10.0712623316381
"ENSRNOG00000023109","Icoslg",10.070984774216
"ENSRNOG00000020950","Syvn1",10.0706916699001
"ENSRNOG00000049497","Eif6",10.0706886065228
"ENSRNOG00000033134","Mef2c",10.0698273075182
"ENSRNOG00000024212","Tent4b",10.0694717990211
"ENSRNOG00000009972","Rara",10.0689878551934
"ENSRNOG00000004139","Ndel1",10.0685892207844
"ENSRNOG00000011361","Slc37a4",10.0683957294687
"ENSRNOG00000024159","Fcer1g",10.0680046940664
"ENSRNOG00000007998","Ssb",10.0672538474933
"ENSRNOG00000016942","Wdr48",10.0670584572319
"ENSRNOG00000002347","Ralgdsl1",10.066946093165
"ENSRNOG00000060542","Mid2",10.066326209876
"ENSRNOG00000022664","Kat7",10.065934652122
"ENSRNOG00000001055","Rilpl1",10.065524033957
"ENSRNOG00000013971","Psat1",10.0653317879336
"ENSRNOG00000025000","Cep104",10.0646260466441
"ENSRNOG00000002368","Iars2",10.0635741247458
"ENSRNOG00000024808","Stk39",10.0630026006705
"ENSRNOG00000001456","Nup153",10.0627304427071
"ENSRNOG00000009514","Mme",10.0623005243677
"ENSRNOG00000020411","Sec23ip",10.0615904399196
"ENSRNOG00000017571","Ndufa2",10.0611185310963
"ENSRNOG00000061246","Cyrib",10.060074460895
"ENSRNOG00000011427","Hr",10.0597971839692
"ENSRNOG00000015128","Sae1",10.0597648639532
"ENSRNOG00000001867","Snap29",10.0596598578898
"ENSRNOG00000011203","Farp1",10.0594657989524
"ENSRNOG00000004637","Fbxo7",10.0593239048906
"ENSRNOG00000009512","Esd",10.0591493552848
"ENSRNOG00000002216","Srd5a3",10.0582307386299
"ENSRNOG00000028659","Szt2",10.0576085290802
"ENSRNOG00000012788","Clns1a",10.057361768661
"ENSRNOG00000011339","Slk",10.0572582206668
"ENSRNOG00000047394","Ufd1",10.0571474234949
"ENSRNOG00000006304","Mdm2",10.0568486399293
"ENSRNOG00000017419","Map3k4",10.0565055508341
"ENSRNOG00000001884","Ranbp1",10.0562809688644
"ENSRNOG00000047611","Top1",10.0562149573182
"ENSRNOG00000014516","Hs6st1",10.0559713797
"ENSRNOG00000028674","Fbxw5",10.0559000703449
"ENSRNOG00000018533","Iffo1",10.0547884076227
"ENSRNOG00000022066","Fam117b",10.0532142345061
"ENSRNOG00000010418","Nek1",10.0527672439144
"ENSRNOG00000003524","Lrrc59",10.0518243661314
"ENSRNOG00000032492","Usp22",10.0516382513008
"ENSRNOG00000004217","Stk10",10.0513470899542
"ENSRNOG00000017349","Tbc1d10b",10.0513016571438
"ENSRNOG00000018373","Tln2",10.0511610693506
"ENSRNOG00000029194","Dhx30",10.0511570930635
"ENSRNOG00000024779","Polr2b",10.0508329985922
"ENSRNOG00000012722","Ppdpf",10.0498699109365
"ENSRNOG00000000170","Slc30a4",10.0488885697441
"ENSRNOG00000014828","Avpi1",10.0488657168952
"ENSRNOG00000018604","Tufm",10.0487022296789
"ENSRNOG00000007377","Slit3",10.0486315747127
"ENSRNOG00000008725","Slc37a3",10.0482480533108
"ENSRNOG00000004026","Atp2b1",10.0481971953972
"ENSRNOG00000018526","Dlg4",10.0473375528939
"ENSRNOG00000001877","Med15",10.0471769159184
"ENSRNOG00000009166","Ddx24",10.0470935684467
"ENSRNOG00000027317","Ylpm1",10.0459838630343
"ENSRNOG00000026178","Adpgk",10.0456994895489
"ENSRNOG00000023079","Nras",10.0455330338009
"ENSRNOG00000001500","Rab4b",10.045392303012
"ENSRNOG00000019283","P2ry2",10.0453737026789
"ENSRNOG00000010041","Ube2g1",10.0453656109955
"ENSRNOG00000006697","Pip4p2",10.0445632854536
"ENSRNOG00000005406","Clint1",10.0441884643689
"ENSRNOG00000006534","Crbn",10.0441097732804
"ENSRNOG00000032293","Polg",10.0437579780545
"ENSRNOG00000040110","Foxn2",10.043676748842
"ENSRNOG00000013552","Scd",10.0425143476642
"ENSRNOG00000011015","Hivep2",10.0424905264485
"ENSRNOG00000021044","Gpatch8",10.0413957486215
"ENSRNOG00000017291","Sord",10.0412805385775
"ENSRNOG00000060045","Pi4ka",10.0411826843242
"ENSRNOG00000019497","Mrpl17",10.0409821985069
"ENSRNOG00000010219","Ralgds",10.0405530753011
"ENSRNOG00000003583","Smyd2",10.0403271940969
"ENSRNOG00000017416","Ppic",10.0397945523123
"ENSRNOG00000002139","Cracd",10.0397589741985
"ENSRNOG00000021962","Fzd2",10.0396147739406
"ENSRNOG00000013737","Bcar3",10.0389387070897
"ENSRNOG00000009538","Etfdh",10.0383386864829
"ENSRNOG00000010776","Atp13a1",10.0380845030988
"ENSRNOG00000019311","Nfkb2",10.0374757267987
"ENSRNOG00000018288","Ncoa6",10.0374415693451
"ENSRNOG00000007091","Ly6e",10.036309685001
"ENSRNOG00000001710","Abcf3",10.0361631810788
"ENSRNOG00000003980","Ttc1",10.0349916519688
"ENSRNOG00000007671","Smu1",10.0346831994321
"ENSRNOG00000018020","Apbb1",10.0340453906656
"ENSRNOG00000019253","Bcar1",10.0329559443103
"ENSRNOG00000020426","Erf",10.0308040858106
"ENSRNOG00000020922","Hspb6",10.0306954256496
"ENSRNOG00000016704","Pcyox1",10.0303128388449
"ENSRNOG00000017404","Pcmtd2",10.0297802145997
"ENSRNOG00000054891","Cnot6",10.0297375344341
"ENSRNOG00000014614","Cxxc1",10.0296077935553
"ENSRNOG00000039815","Zfp512",10.0288073968371
"ENSRNOG00000003563","Blmh",10.0286585382242
"ENSRNOG00000016919","Scaf8",10.0282221491807
"ENSRNOG00000057806","Trpm7",10.0277866052094
"ENSRNOG00000012237","Rdx",10.0267603345158
"ENSRNOG00000057096","Gnai1",10.0261495619687
"ENSRNOG00000019382","Zbtb47",10.0256589871672
"ENSRNOG00000055525","Kmt2b",10.0252571920472
"ENSRNOG00000004273","Ifitm1",10.0247755560784
"ENSRNOG00000020878","Keap1",10.0247351539508
"ENSRNOG00000005418","Trap1",10.0247324595622
"ENSRNOG00000003078","Dcaf6",10.0242503697545
"ENSRNOG00000019635","Cops8",10.0242389475769
"ENSRNOG00000011027","Uba5",10.0235404051829
"ENSRNOG00000036658","Tbcd",10.0221001675336
"ENSRNOG00000049681","Mapre2",10.0218075917195
"ENSRNOG00000010453","Klhl7",10.0208918542412
"ENSRNOG00000007280","Naa60",10.0208132740909
"ENSRNOG00000031387","Dazap1",10.0200251788954
"ENSRNOG00000004874","Flrt3",10.0198884605753
"ENSRNOG00000000396","Ddx50",10.0189720943189
"ENSRNOG00000042960","Rgcc",10.0184084136275
"ENSRNOG00000020710","Raver1",10.0182318248085
"ENSRNOG00000031827","Arih2",10.0180609668305
"ENSRNOG00000042037","Smim7",10.0179236479195
"ENSRNOG00000028350","Arsl",10.0178886555967
"ENSRNOG00000011625","Tnks",10.0177712618784
"ENSRNOG00000004110","Trib2",10.0174694729193
"ENSRNOG00000001182","Ndufv3",10.0172021805263
"ENSRNOG00000046211","Fbxw4",10.0170258584858
"ENSRNOG00000027015","Ythdf1",10.016567419116
"ENSRNOG00000055779","Tdrd7",10.016512743306
"ENSRNOG00000031544","Larp1",10.015293150633
"ENSRNOG00000018387","Wdr7",10.0149964956789
"ENSRNOG00000017621","Spns1",10.0148541851128
"ENSRNOG00000017030","Arid1b",10.0143622266773
"ENSRNOG00000005218","Sf3a1",10.0141453108345
"ENSRNOG00000015239","Ginm1",10.0140863443391
"ENSRNOG00000001377","Ddx54",10.0137734369856
"ENSRNOG00000016534","Fam171a1",10.0136530124387
"ENSRNOG00000028411","Pcnp",10.0130536580458
"ENSRNOG00000016539","Rab24",10.0129044216254
"ENSRNOG00000059900","Bst2",10.0128055929146
"ENSRNOG00000013055","Zfyve16",10.011376058616
"ENSRNOG00000056156","Maco1",10.0107427672456
"ENSRNOG00000045860","U2af1",10.0099504015852
"ENSRNOG00000027707","Exd2",10.0093799489515
"ENSRNOG00000052513","Wapl",10.0093096618621
"ENSRNOG00000019572","Lsm4",10.009018808893
"ENSRNOG00000014916","Lats1",10.0087097091085
"ENSRNOG00000022373","Dennd4b",10.0085959775115
"ENSRNOG00000002693","Nme1",10.0084912895534
"ENSRNOG00000014154","Ilf2",10.0081631463416
"ENSRNOG00000004549","Dhx40",10.0081046384592
"ENSRNOG00000011142","Cyb5b",10.0080748329694
"ENSRNOG00000011421","Smap2",10.0066817707076
"ENSRNOG00000048747","Cdk5rap3",10.0061670967101
"ENSRNOG00000013816","Cmas",10.0051871795036
"ENSRNOG00000019175","Ercc6l2",10.0049449763036
"ENSRNOG00000020360","Clcc1",10.0049082849706
"ENSRNOG00000015644","Ugcg",10.0046261201407
"ENSRNOG00000036691","Mcrip1",10.0041142929986
"ENSRNOG00000011892","Slc36a2",10.0040454784167
"ENSRNOG00000004826","Sos2",10.0039438906194
"ENSRNOG00000061088","Atf1",10.0030024728831
"ENSRNOG00000017254","Nsun2",10.0025942607122
"ENSRNOG00000017553","Mief1",10.002396270583
"ENSRNOG00000001469","Eln",10.0012070518045
"ENSRNOG00000024025","Edc4",10.0011757020218
"ENSRNOG00000018129","Ndufab1",10.0009231340872
"ENSRNOG00000006619","Dnajc9",10.0008902456777
"ENSRNOG00000020361","Ip6k2",10.0003288486856
"ENSRNOG00000014872","Sec24d",10.0002975956628
"ENSRNOG00000025023","Stat6",10.0001323367533
"ENSRNOG00000020340","Brd8",9.99919027118752
"ENSRNOG00000045843","Rusc2",9.99820667592122
"ENSRNOG00000051706","Tep1",9.99786264042105
"ENSRNOG00000018105","Thtpa",9.99775905843968
"ENSRNOG00000043370","Fubp1",9.99753151212159
"ENSRNOG00000007442","Ubl7",9.99650415862814
"ENSRNOG00000020139","Khdc4",9.99613125189613
"ENSRNOG00000036816","Wls",9.99609310048785
"ENSRNOG00000007172","Map4k3",9.99458957555155
"ENSRNOG00000056756","Actn1",9.99442890451076
"ENSRNOG00000028166","Asmtl",9.99399584499628
"ENSRNOG00000002240","Slc49a4",9.99389999841631
"ENSRNOG00000012771","Ddx41",9.99388380590571
"ENSRNOG00000018207","Dynlt1",9.99339438143401
"ENSRNOG00000037613","Kdm6b",9.99245104627674
"ENSRNOG00000011315","Med16",9.9919408361277
"ENSRNOG00000008316","Vps39",9.99187212215423
"ENSRNOG00000012185","Zfyve21",9.99184631740318
"ENSRNOG00000019422","Egr1",9.99082165452957
"ENSRNOG00000000464","Rxrb",9.98917134982977
"ENSRNOG00000007254","Ttc9",9.98818935516435
"ENSRNOG00000030683","Vps26a",9.98801681133434
"ENSRNOG00000054689","Cox7b",9.98783979489001
"ENSRNOG00000011194","Tpp2",9.98734878595739
"ENSRNOG00000017579","Mylip",9.98666960720701
"ENSRNOG00000024796","Lrrc47",9.98653167432375
"ENSRNOG00000006391","Smarcad1",9.98634626266327
"ENSRNOG00000010768","Kpna4",9.98585963646597
"ENSRNOG00000015215","Cript",9.98556608452499
"ENSRNOG00000013972","Pef1",9.98554920400699
"ENSRNOG00000016063","Vps35l",9.98518465868596
"ENSRNOG00000000519","Stk38",9.98494132867316
"ENSRNOG00000001064","Sbno1",9.98487980839018
"ENSRNOG00000021815","Lig3",9.98475267856282
"ENSRNOG00000051965","Smad4",9.98413564122359
"ENSRNOG00000015145","Ppp6c",9.98387559595267
"ENSRNOG00000009113","Marcksl1",9.98385337213926
"ENSRNOG00000008411","Sec23b",9.98383998833353
"ENSRNOG00000012710","Ubac2",9.98337545507926
"ENSRNOG00000009484","Ptcd3",9.98336765254081
"ENSRNOG00000019688","Diaph1",9.98308327437301
"ENSRNOG00000006217","Wiz",9.98301583791076
"ENSRNOG00000017564","Mib2",9.98283659099119
"ENSRNOG00000011076","Ank2",9.982640921914
"ENSRNOG00000000440","Pbx2",9.98192786368064
"ENSRNOG00000028523","Tctn1",9.9812379358553
"ENSRNOG00000003076","Rbms2",9.98050118392702
"ENSRNOG00000018434","Stab1",9.97973078215438
"ENSRNOG00000006500","Snf8",9.97956160296829
"ENSRNOG00000003747","Get3",9.97924860013575
"ENSRNOG00000006327","Rcc2",9.97924684517938
"ENSRNOG00000026542","Suco",9.97899096210062
"ENSRNOG00000000098","Rnf115",9.97827076082949
"ENSRNOG00000046984","St6galnac6",9.97800631366582
"ENSRNOG00000021062","Fxyd5",9.97768503695664
"ENSRNOG00000019023","Tars1",9.97760845525032
"ENSRNOG00000033065","Rad50",9.97760115750565
"ENSRNOG00000002001","Itsn1",9.9775930611759
"ENSRNOG00000037627","Trappc1",9.97753287463279
"ENSRNOG00000001645","Filip1l",9.97750907755086
"ENSRNOG00000050321","Zzz3",9.97672115944776
"ENSRNOG00000037247","Rras",9.97638331433044
"ENSRNOG00000009432","Eif2s1",9.97625043773824
"ENSRNOG00000024503","Nbas",9.97580110294794
"ENSRNOG00000018271","Scamp4",9.97565395256143
"ENSRNOG00000007485","Arfgef2",9.97565331458484
"ENSRNOG00000018709","Patz1",9.97542617696349
"ENSRNOG00000011262","Bicra",9.97537471272923
"ENSRNOG00000022710","Prrg4",9.97448760860857
"ENSRNOG00000018847","Stx5",9.97337025020765
"ENSRNOG00000006747","Cc2d1a",9.97323392460959
"ENSRNOG00000003622","Cybb",9.97165102189397
"ENSRNOG00000015619","Agfg1",9.97104323276691
"ENSRNOG00000002724","Prpsap2",9.97023882417323
"ENSRNOG00000018391","Cdk2ap2",9.96821149371254
"ENSRNOG00000001032","Ccz1",9.96783967881871
"ENSRNOG00000008851","Slc35b4",9.9670642879378
"ENSRNOG00000006030","Ptprz1",9.96696647416229
"ENSRNOG00000012295","Pla2g6",9.96695133967198
"ENSRNOG00000014204","Pacsin3",9.96638957886635
"ENSRNOG00000019798","Stub1",9.9659779532497
"ENSRNOG00000003019","Ubn1",9.96526432440291
"ENSRNOG00000004687","Thbd",9.96461563333927
"ENSRNOG00000002322","C13h1orf115",9.96461149622077
"ENSRNOG00000006576","Bms1",9.96438143139366
"ENSRNOG00000025388","Mrpl33",9.9630580527142
"ENSRNOG00000018125","Sephs1",9.96304025360113
"ENSRNOG00000000879","Slc9a6",9.9629720243263
"ENSRNOG00000007125","Vps54",9.96218080687261
"ENSRNOG00000026994","Afg3l1",9.96152679436688
"ENSRNOG00000012053","S100a16",9.96111749800738
"ENSRNOG00000021581","Rapgef2",9.9609773022594
"ENSRNOG00000023257","Adamts9",9.96076269987259
"ENSRNOG00000058572","Nek9",9.96067662511106
"ENSRNOG00000022402","Luzp1",9.96046401416075
"ENSRNOG00000013391","Sorbs2",9.96029948636077
"ENSRNOG00000010789","Dusp7",9.96003318790604
"ENSRNOG00000000967","Aacs",9.95985659003745
"ENSRNOG00000004362","Rps6ka5",9.959561074614
"ENSRNOG00000006559","Akap8",9.95902930433703
"ENSRNOG00000006832","Zdhhc5",9.9588059386039
"ENSRNOG00000018651","Agtpbp1",9.9581243910333
"ENSRNOG00000009421","Ivd",9.95762610362144
"ENSRNOG00000000665","Pitpnb",9.95748534778036
"ENSRNOG00000020288","Slc25a20",9.95743405783665
"ENSRNOG00000004696","Arhgap5",9.9570671089151
"ENSRNOG00000001185","C12h12orf43",9.95693911785109
"ENSRNOG00000017265","Tmem131",9.95610002008007
"ENSRNOG00000020902","G6pc3",9.95501201623552
"ENSRNOG00000015153","Ints3",9.95354653135541
"ENSRNOG00000010601","Srpk2",9.95237335639297
"ENSRNOG00000018666","Gpsm1",9.95187156822134
"ENSRNOG00000005183","Rtf1",9.95112991116606
"ENSRNOG00000020363","Med25",9.95108213570153
"ENSRNOG00000017290","Zfp335",9.95050207101188
"ENSRNOG00000013356","Snapin",9.95045304617824
"ENSRNOG00000010083","Prpsap1",9.94959741067843
"ENSRNOG00000021101","Sema6c",9.9476285117177
"ENSRNOG00000042467","Ttc4",9.94723479878079
"ENSRNOG00000050437","Bod1l1",9.94720110967604
"ENSRNOG00000007739","Rars1",9.94705811830707
"ENSRNOG00000016629","Tut7",9.94698094415818
"ENSRNOG00000007447","Pla2g4b",9.94678562343272
"ENSRNOG00000046472","Arfgap3",9.94563740690491
"ENSRNOG00000022368","Ddx49",9.94441075726823
"ENSRNOG00000010274","Smc4",9.94337814753443
"ENSRNOG00000017703","Unc93b1",9.94280777191757
"ENSRNOG00000000054","Abhd8",9.94178491831118
"ENSRNOG00000007478","Cry2",9.94151208907456
"ENSRNOG00000019246","Psme2",9.94113661887925
"ENSRNOG00000014319","Smchd1",9.94099382262483
"ENSRNOG00000004111","Soat1",9.94044247035675
"ENSRNOG00000016631","Zfp276",9.94025761427195
"ENSRNOG00000019073","Ikbkb",9.94024262255826
"ENSRNOG00000015285","Lrp4",9.93963113378924
"ENSRNOG00000039496","Plp2",9.9389868731099
"ENSRNOG00000025580","Ube2v1",9.93864137316086
"ENSRNOG00000014650","Sema4g",9.93836018229923
"ENSRNOG00000024799","Cd93",9.93785983615116
"ENSRNOG00000020577","Pip5k1c",9.93782251025987
"ENSRNOG00000038160","Eif2b5",9.93772630970948
"ENSRNOG00000017396","Marchf5",9.93771574133485
"ENSRNOG00000061312","Phf10",9.936861586286
"ENSRNOG00000031420","Hyal2",9.93645294604877
"ENSRNOG00000050649","Tvp23b",9.93645095557808
"ENSRNOG00000018610","Pde6d",9.93644173014499
"ENSRNOG00000022054","Paqr7",9.93587143186612
"ENSRNOG00000005809","Arhgdib",9.93534068471969
"ENSRNOG00000051711","Kpna1",9.9350337790064
"ENSRNOG00000059615","Exoc6b",9.93460307587895
"ENSRNOG00000005129","Dtx3",9.93435217101216
"ENSRNOG00000023850","Tbrg1",9.93390237502134
"ENSRNOG00000056944","Arhgap24",9.93311653324266
"ENSRNOG00000013393","Eif2a",9.93308362417688
"ENSRNOG00000038140","Nsd2",9.93308052988202
"ENSRNOG00000012360","Gtf2h1",9.93296608809218
"ENSRNOG00000000395","Kifbp",9.93217687545224
"ENSRNOG00000020526","Mau2",9.93095472024788
"ENSRNOG00000060821","Rnf114",9.93079233165531
"ENSRNOG00000006118","Klf10",9.93022212357169
"ENSRNOG00000017795","Hspbp1",9.93017283774849
"ENSRNOG00000032908","Acaa1a",9.93002431231488
"ENSRNOG00000055524","Trip10",9.92970548715329
"ENSRNOG00000054360","Tspan11",9.92943431808354
"ENSRNOG00000028341","Alkbh5",9.92942393925611
"ENSRNOG00000011560","Mtmr9",9.92858668085047
"ENSRNOG00000003763","Prdx4",9.92819730081547
"ENSRNOG00000020271","Tial1",9.92760164803624
"ENSRNOG00000019273","Capn7",9.92723161170552
"ENSRNOG00000042094","Prr13",9.92722868173257
"ENSRNOG00000001237","Cabin1",9.92694048606096
"ENSRNOG00000015602","Cdh2",9.92618087642188
"ENSRNOG00000008279","Mrps15",9.92585968746862
"ENSRNOG00000027124","Tdg",9.92548441436431
"ENSRNOG00000031081","Stat2",9.92484384034471
"ENSRNOG00000027360","Srsf7",9.92397111673247
"ENSRNOG00000039859","Dnmt1",9.92388728381535
"ENSRNOG00000002144","Exoc1",9.92348406573822
"ENSRNOG00000018282","Gda",9.92306981407007
"ENSRNOG00000007128","Nop56",9.92249796380002
"ENSRNOG00000017965","Afg3l2",9.9211892539519
"ENSRNOG00000011728","Fto",9.92099247455361
"ENSRNOG00000021758","Tnpo3",9.91946949264914
"ENSRNOG00000006087","Rnf20",9.91917770653859
"ENSRNOG00000004130","Anapc4",9.91881613633779
"ENSRNOG00000002403","Niban1",9.91836636019383
"ENSRNOG00000000133","Txndc15",9.91775644852705
"ENSRNOG00000007102","Acss1",9.91768769384175
"ENSRNOG00000003259","C1qtnf1",9.9172918662893
"ENSRNOG00000014986","Ube4b",9.91633508065467
"ENSRNOG00000017841","Psme3ip1",9.91559495102997
"ENSRNOG00000023202","Usp15",9.91532590662882
"ENSRNOG00000015090","Nubp2",9.91487337588649
"ENSRNOG00000012263","Cnot7",9.91449963832539
"ENSRNOG00000012785","Armc10",9.91425930931018
"ENSRNOG00000018980","Tjap1",9.91406481089849
"ENSRNOG00000056904","Gtf3c2",9.913408707977
"ENSRNOG00000019710","Tm9sf1",9.91307226120352
"ENSRNOG00000005908","Dmtf1",9.91257074494228
"ENSRNOG00000037850","Mtarc1",9.91185144647842
"ENSRNOG00000023197","Zfp608",9.91024101595338
"ENSRNOG00000003827","Wipi1",9.91008653582579
"ENSRNOG00000008810","Nsmf",9.90992292778372
"ENSRNOG00000000610","Cisd1",9.90949245031612
"ENSRNOG00000005642","Frs2",9.9089251895668
"ENSRNOG00000015717","Ptpre",9.90727338984098
"ENSRNOG00000002215","Mylk",9.90723932400329
"ENSRNOG00000003307","Gcdh",9.90719986550151
"ENSRNOG00000015869","Pccb",9.90674078775996
"ENSRNOG00000003158","Rpl35-ps8",9.9059950120667
"ENSRNOG00000048043","F2r",9.905972221369
"ENSRNOG00000029572","Apeh",9.90567117539415
"ENSRNOG00000002541","Pds5a",9.90554213430234
"ENSRNOG00000021248","Cdc25b",9.9050655942967
"ENSRNOG00000020336","Ezh1",9.90451881458722
"ENSRNOG00000010958","Prdx3",9.90436174876323
"ENSRNOG00000028774","Vgll3",9.90414994407932
"ENSRNOG00000001465","Ids",9.90402323994354
"ENSRNOG00000014060","Mras",9.90393842657314
"ENSRNOG00000002615","Pmm2",9.90391102287317
"ENSRNOG00000002926","Uap1",9.90371733394522
"ENSRNOG00000012004","Ubap1",9.90337068752744
"ENSRNOG00000018783","Bcas2",9.90324119716643
"ENSRNOG00000002949","Pgs1",9.90313262857424
"ENSRNOG00000008117","Galnt11",9.90310448563553
"ENSRNOG00000020601","Hmg20b",9.90286534556464
"ENSRNOG00000003546","Tnfrsf12a",9.90281840428356
"ENSRNOG00000004773","Yaf2",9.90228525778816
"ENSRNOG00000003239","Cant1",9.90214513053562
"ENSRNOG00000023509","Irs2",9.9020943124081
"ENSRNOG00000011678","Wbp4",9.90209327911222
"ENSRNOG00000016833","Ide",9.90162402618816
"ENSRNOG00000010125","Mtrex",9.90115168246516
"ENSRNOG00000004477","Ublcp1",9.90050935899393
"ENSRNOG00000012357","Unc45a",9.89967144997246
"ENSRNOG00000015756","Nphp1",9.89948642239115
"ENSRNOG00000006554","Fam149b1",9.89942817667417
"ENSRNOG00000002052","Ccdc80",9.89909614109459
"ENSRNOG00000007937","Krit1",9.89888320245189
"ENSRNOG00000021399","Cfap298",9.89888138110101
"ENSRNOG00000024445","Slx4",9.8985898371486
"ENSRNOG00000010235","Pkig",9.89842862483661
"ENSRNOG00000013061","Tusc3",9.89795809807487
"ENSRNOG00000016090","Mtmr10",9.89786855897256
"ENSRNOG00000036913","Resf1",9.89723462863843
"ENSRNOG00000012899","Rbbp8",9.89613433415433
"ENSRNOG00000024533","Eogt",9.89530309790725
"ENSRNOG00000057451","Itga5",9.89513751628923
"ENSRNOG00000016250","Ammecr1l",9.89495788447058
"ENSRNOG00000053205","Gabpa",9.89489755869587
"ENSRNOG00000011912","Tmem38a",9.89470114030548
"ENSRNOG00000007532","C3h9orf78",9.89319022778863
"ENSRNOG00000012274","Ddi2",9.89300266884938
"ENSRNOG00000003822","Slu7",9.89129496563803
"ENSRNOG00000007713","Tmcc3",9.89125639178383
"ENSRNOG00000018033","Ddx19a",9.89121910537473
"ENSRNOG00000013011","Dnajb4",9.89065998637753
"ENSRNOG00000025705","Armcx2",9.88992002941029
"ENSRNOG00000004049","Baiap2",9.88990742936645
"ENSRNOG00000027408","Ppid",9.88881942684495
"ENSRNOG00000036859","Gdpd5",9.88826029300508
"ENSRNOG00000010284","St3gal5",9.8881487671883
"ENSRNOG00000036686","Anapc11",9.88808244995412
"ENSRNOG00000053923","Thap12",9.88773150201219
"ENSRNOG00000009729","Ubp1",9.88679694466079
"ENSRNOG00000014575","Rtca",9.88642296665377
"ENSRNOG00000004519","Atg2b",9.88596002573499
"ENSRNOG00000017285","Tab1",9.88573419457565
"ENSRNOG00000012434","Zfp598",9.88564129815468
"ENSRNOG00000019000","Limk2",9.88508318026422
"ENSRNOG00000001782","Osbpl11",9.88496148037342
"ENSRNOG00000058914","Rbx1",9.88397115745295
"ENSRNOG00000021440","Pptc7",9.88249474695035
"ENSRNOG00000030572","Smc5",9.88239194272114
"ENSRNOG00000021170","Plekho1",9.88235337235186
"ENSRNOG00000018698","Wac",9.88211494775346
"ENSRNOG00000003821","Rptor",9.88208058451234
"ENSRNOG00000000936","Stx2",9.88187795692708
"ENSRNOG00000004014","Chmp6",9.88115949441089
"ENSRNOG00000006720","Rnpep",9.88090223778609
"ENSRNOG00000017488","Snx24",9.88007810492951
"ENSRNOG00000005184","Nop10",9.87998790313222
"ENSRNOG00000021025","Ppp2r5b",9.87968717397315
"ENSRNOG00000046741","Itsn2",9.87963408681074
"ENSRNOG00000006068","Tmem117",9.87892383106267
"ENSRNOG00000005823","Utp20",9.8769880799959
"ENSRNOG00000018873","Fam168a",9.87698275372325
"ENSRNOG00000016023","Kank1",9.87683456565331
"ENSRNOG00000003594","Tmem183a",9.87654213620582
"ENSRNOG00000017071","Babam1",9.87633162658897
"ENSRNOG00000014584","Odf2",9.87569095245989
"ENSRNOG00000004333","Flywch1",9.87504868161666
"ENSRNOG00000000800","Man1a1",9.87478764425988
"ENSRNOG00000013837","Tp53bp1",9.87472006971731
"ENSRNOG00000014317","Arpc5l",9.87448575155123
"ENSRNOG00000047225","Tma7",9.87264058089617
"ENSRNOG00000003328","Cdip1",9.87198356284699
"ENSRNOG00000017723","Cept1",9.87158113636724
"ENSRNOG00000009953","Snx16",9.87091038956813
"ENSRNOG00000022694","Plekhg5",9.87007076759889
"ENSRNOG00000016905","Hmg20a",9.86949449477431
"ENSRNOG00000001222","Ube2g2",9.86923961839174
"ENSRNOG00000060266","Exoc2",9.86823839521228
"ENSRNOG00000059480","Supt20h",9.86724926074468
"ENSRNOG00000007387","Per1",9.86664919265861
"ENSRNOG00000013589","Cxcl12",9.86663923509099
"ENSRNOG00000001214","Pfkl",9.8665905740419
"ENSRNOG00000007081","Xdh",9.86652757562885
"ENSRNOG00000032254","Sin3a",9.86614959302856
"ENSRNOG00000010602","Birc2",9.86611922931963
"ENSRNOG00000001272","Mcm3ap",9.8655272032818
"ENSRNOG00000028904","Vps9d1",9.86543719852666
"ENSRNOG00000008331","Washc4",9.86523713486714
"ENSRNOG00000006069","Eif2ak3",9.86502237467276
"ENSRNOG00000029773","Atm",9.8637648474566
"ENSRNOG00000007300","C1qtnf6",9.86362587762016
"ENSRNOG00000030654","Man2c1",9.86349192231879
"ENSRNOG00000004909","Cnot2",9.86289990125496
"ENSRNOG00000005447","Ypel2",9.86262950076798
"ENSRNOG00000018251","Mrc1",9.86249412876347
"ENSRNOG00000001010","Tecpr1",9.8622499289546
"ENSRNOG00000004367","Elk3",9.86214344881845
"ENSRNOG00000027194","Sgsm2",9.86191012792012
"ENSRNOG00000017077","Snx7",9.86051988249951
"ENSRNOG00000012650","Mrpl3",9.85993394485451
"ENSRNOG00000018840","Rnf40",9.85949287857082
"ENSRNOG00000045952","Ephb4",9.85895384668763
"ENSRNOG00000023661","Celf2",9.85885180594234
"ENSRNOG00000010752","Tmem41b",9.85834140146394
"ENSRNOG00000016177","Scara3",9.8582113608142
"ENSRNOG00000054838","Mcrs1",9.8577032379753
"ENSRNOG00000054080","Cgnl1",9.85750379985453
"ENSRNOG00000014530","Nav2",9.85739531597099
"ENSRNOG00000011459","Rhbdf2",9.85707170087361
"ENSRNOG00000006813","Sumf1",9.85707101434348
"ENSRNOG00000054770","Rdh11",9.85610173898606
"ENSRNOG00000008711","Med24",9.85584225700094
"ENSRNOG00000014806","Pnkd",9.85565342622131
"ENSRNOG00000022372","Kdm1a",9.85479375636434
"ENSRNOG00000020298","Bag3",9.85438117147371
"ENSRNOG00000028501","Zc3h18",9.85391909779138
"ENSRNOG00000023053","Ice1",9.85384002758901
"ENSRNOG00000000368","Grik2",9.8528005411467
"ENSRNOG00000022273","Rfk",9.85261243636087
"ENSRNOG00000043388","Irf3",9.85214611012204
"ENSRNOG00000007814","Kdm3a",9.85164076432384
"ENSRNOG00000000470","Vps52",9.8515408173114
"ENSRNOG00000020161","Zbtb7a",9.85090151712417
"ENSRNOG00000059408","Prr12",9.8495644681287
"ENSRNOG00000000805","Gja1",9.84895810375037
"ENSRNOG00000017560","Mdk",9.8481112087714
"ENSRNOG00000001880","Dgcr6",9.84749426306687
"ENSRNOG00000000900","Tpst1",9.84748733551236
"ENSRNOG00000007753","Plaa",9.84740592567789
"ENSRNOG00000048733","Nup62",9.84586099922435
"ENSRNOG00000005391","Prex2",9.84567959566049
"ENSRNOG00000014689","Zbtb4",9.84524601077218
"ENSRNOG00000013353","Tmem260",9.84494172360106
"ENSRNOG00000018358","Nt5dc2",9.84489702597392
"ENSRNOG00000004489","Adgre5",9.84482750407779
"ENSRNOG00000036687","Alyref",9.84482073622456
"ENSRNOG00000008794","Ube2e1",9.84470091221629
"ENSRNOG00000015250","Mettl14",9.84376527788335
"ENSRNOG00000016032","Cnnm3",9.84291217726758
"ENSRNOG00000015588","Nol3",9.84288533315925
"ENSRNOG00000018364","Kat2a",9.84276584659282
"ENSRNOG00000014961","Pdpn",9.84161852213878
"ENSRNOG00000025792","Crk",9.84038447001072
"ENSRNOG00000005203","Sec61g",9.8403729552467
"ENSRNOG00000004755","Commd9",9.84007359083909
"ENSRNOG00000005271","Rapgef5",9.83997823477535
"ENSRNOG00000015124","Gpam",9.83968020003683
"ENSRNOG00000008296","Tpgs1",9.83953902699137
"ENSRNOG00000017536","Cdc16",9.83940839506804
"ENSRNOG00000011384","Aimp1",9.83896989059193
"ENSRNOG00000017938","Btaf1",9.83883060836857
"ENSRNOG00000004837","Limd1",9.83814293114977
"ENSRNOG00000007515","Kif3a",9.83793455391097
"ENSRNOG00000008616","Ubr3",9.83767295338134
"ENSRNOG00000027513","Rtel1",9.83734440540772
"ENSRNOG00000018593","Txndc9",9.83723155006808
"ENSRNOG00000017657","Phf23",9.83639141767567
"ENSRNOG00000001681","Vps26c",9.83609929321991
"ENSRNOG00000018333","Rbm6",9.83465284364212
"ENSRNOG00000005482","Sap30bp",9.83373651615108
"ENSRNOG00000004505","Nfic",9.83362690910513
"ENSRNOG00000018767","Rbm17",9.83300049564899
"ENSRNOG00000019014","Ndst1",9.832604291217
"ENSRNOG00000013746","Senp3",9.83246449012441
"ENSRNOG00000016190","Coq9",9.83232732860481
"ENSRNOG00000061379","C7",9.83227427633754
"ENSRNOG00000017601","Srd5a1",9.83181149102004
"ENSRNOG00000000221","Abhd5",9.83173102454666
"ENSRNOG00000009506","Mre11",9.83120755282009
"ENSRNOG00000053599","Pogz",9.8311368027476
"ENSRNOG00000015676","Brd9",9.83062108075767
"ENSRNOG00000007838","Ddx47",9.8305150286999
"ENSRNOG00000057756","Osbpl2",9.83010813365414
"ENSRNOG00000006403","Nectin1",9.82980935224155
"ENSRNOG00000025504","Ankrd46",9.8296803498259
"ENSRNOG00000024402","Focad",9.82947213746156
"ENSRNOG00000055314","Msrb1",9.82898415979892
"ENSRNOG00000020862","Ptpn23",9.82782794888192
"ENSRNOG00000020470","Slc25a24",9.82694340028387
"ENSRNOG00000012383","Ndufc2",9.8262623844145
"ENSRNOG00000006778","Mmp19",9.8261875627503
"ENSRNOG00000018417","Naa35",9.82567419164278
"ENSRNOG00000016182","Tgfa",9.82497977526919
"ENSRNOG00000026455","Gpd1l",9.82460572692917
"ENSRNOG00000009566","Phf12",9.82458742869528
"ENSRNOG00000005933","Yap1",9.82451418171398
"ENSRNOG00000003262","Cacng4",9.82442718688121
"ENSRNOG00000048342","Tbca",9.82397221225622
"ENSRNOG00000033791","Apc2",9.82373447894143
"ENSRNOG00000023605","Ncbp1",9.82350310013568
"ENSRNOG00000005126","Slc66a3",9.82349078255699
"ENSRNOG00000004146","Coro7",9.82336289625766
"ENSRNOG00000016109","Neurl4",9.82246459051705
"ENSRNOG00000003597","Tuba4a",9.82227453181127
"ENSRNOG00000010058","Spry2",9.82206188437128
"ENSRNOG00000032042","Zfta",9.82148519884174
"ENSRNOG00000016777","R3hcc1",9.82074990082046
"ENSRNOG00000013658","Nefl",9.82043884295454
"ENSRNOG00000001069","Elavl1",9.82025206160726
"ENSRNOG00000008064","Naga",9.82020249028725
"ENSRNOG00000018483","Smad1",9.81945020810827
"ENSRNOG00000051680","Ccdc186",9.81887107119606
"ENSRNOG00000023363","Ing4",9.81868284363546
"ENSRNOG00000039985","Ube2a",9.81844694229772
"ENSRNOG00000032058","Pogk",9.8183223295083
"ENSRNOG00000012106","Dnaja4",9.81761273115039
"ENSRNOG00000006420","Rbm38",9.81750457510444
"ENSRNOG00000018964","Gss",9.81738130388515
"ENSRNOG00000060168","Prkx",9.81725594636348
"ENSRNOG00000033217","Esam",9.8172167739071
"ENSRNOG00000006623","Cd302",9.81615052000948
"ENSRNOG00000036960","Abcc9",9.81614569223804
"ENSRNOG00000019618","Hdac3",9.81527216135557
"ENSRNOG00000054514","Mkln1",9.81487174203544
"ENSRNOG00000001764","Vps8",9.81426782993012
"ENSRNOG00000012124","Trappc13",9.81415494453988
"ENSRNOG00000009535","Stoml2",9.81400655893422
"ENSRNOG00000009104","Fnip1",9.81378094954968
"ENSRNOG00000002546","Rchy1",9.81319136777978
"ENSRNOG00000018647","Mrpl20",9.81316689357031
"ENSRNOG00000020229","Homer3",9.8130213527492
"ENSRNOG00000019822","Gadd45b",9.81289330180579
"ENSRNOG00000004016","Msl3",9.81283018132076
"ENSRNOG00000016968","Gramd4",9.812801405839
"ENSRNOG00000006209","Mbd6",9.81238072109264
"ENSRNOG00000030294","Eml4",9.8114986730411
"ENSRNOG00000042389","Bcl10",9.8112188865424
"ENSRNOG00000001829","Ube2v2",9.81086313672264
"ENSRNOG00000015226","Man1a2",9.81034263139692
"ENSRNOG00000013763","Erlin2",9.81003360356321
"ENSRNOG00000008678","Antxr1",9.80938906840579
"ENSRNOG00000052087","Ubap2",9.80919693279664
"ENSRNOG00000015699","Lman2l",9.80873196651345
"ENSRNOG00000003848","Med12",9.80840267006603
"ENSRNOG00000013502","Eps15l1",9.80812740846023
"ENSRNOG00000015133","Kmt2a",9.80702029590547
"ENSRNOG00000053729","Tesk1",9.80654170431004
"ENSRNOG00000009936","Dido1",9.8059136693355
"ENSRNOG00000039754","Rab7b",9.80556209286527
"ENSRNOG00000005308","Tmx2",9.8050203065851
"ENSRNOG00000060530","Cdc34",9.80480200853836
"ENSRNOG00000004257","Ctps2",9.80446938433902
"ENSRNOG00000014660","Usp53",9.80445740384713
"ENSRNOG00000015150","Spg7",9.80437659970091
"ENSRNOG00000027091","Kctd18",9.8041088587453
"ENSRNOG00000059268","Ppp1r10",9.80392767589731
"ENSRNOG00000042977","Mtx1",9.80282283393652
"ENSRNOG00000017383","Hikeshi",9.80209520451492
"ENSRNOG00000010213","Fgd5",9.80130146236293
"ENSRNOG00000008709","Arhgap32",9.8010045715792
"ENSRNOG00000011588","Rnf146",9.80000509894354
"ENSRNOG00000007793","Pnrc1",9.7999502612108
"ENSRNOG00000032546","Dot1l",9.79986009852395
"ENSRNOG00000026425","Ppp6r2",9.79927667240313
"ENSRNOG00000024632","Atf6",9.79921565380768
"ENSRNOG00000004234","Mgat2",9.79828625829176
"ENSRNOG00000018356","Trim3",9.79742676236346
"ENSRNOG00000059295","Selenoi",9.79701124065101
"ENSRNOG00000017949","Mvb12a",9.79650627137951
"ENSRNOG00000058609","Palmd",9.79621608750028
"ENSRNOG00000027012","Usp54",9.79615592323669
"ENSRNOG00000012392","Dnajc2",9.79573012284241
"ENSRNOG00000017035","Cep120",9.79569354889051
"ENSRNOG00000058388","Zfp36",9.79565567923227
"ENSRNOG00000010849","Adprs",9.7949608677932
"ENSRNOG00000018326","Pgls",9.79393400076128
"ENSRNOG00000015430","Nlgn2",9.79374365609213
"ENSRNOG00000003881","Nit1",9.79291723505167
"ENSRNOG00000012269","Lpcat3",9.79218223690185
"ENSRNOG00000010719","Exosc10",9.79127165605227
"ENSRNOG00000026236","Morc3",9.79116193880127
"ENSRNOG00000013014","Cyba",9.79106521360187
"ENSRNOG00000017770","Cdc123",9.7909662729154
"ENSRNOG00000019189","Acat2",9.79089768493413
"ENSRNOG00000025025","Dnttip2",9.7904132189221
"ENSRNOG00000003707","Zmym3",9.79019255171472
"ENSRNOG00000001602","Ltn1",9.79014941935837
"ENSRNOG00000046256","Ralgapa1",9.79013570862373
"ENSRNOG00000005024","Cdkn2aipnl",9.79009337473348
"ENSRNOG00000056837","Abr",9.78963704815743
"ENSRNOG00000060568","Ptpn21",9.78939106271021
"ENSRNOG00000006762","Snu13",9.7893691063447
"ENSRNOG00000055028","Setd1a",9.78909925577648
"ENSRNOG00000021954","Spg11",9.78900290944666
"ENSRNOG00000007570","Dera",9.78797595430669
"ENSRNOG00000003833","Nenf",9.78794281290604
"ENSRNOG00000001629","Get1",9.78736001606616
"ENSRNOG00000032437","Pard3",9.78735181575176
"ENSRNOG00000013481","Cdh11",9.78733995903469
"ENSRNOG00000006432","Trnt1",9.78707658518409
"ENSRNOG00000019727","Dph3",9.78704710395273
"ENSRNOG00000021010","Arl2",9.78656405987377
"ENSRNOG00000012748","Vamp8",9.78605573775046
"ENSRNOG00000020587","Efemp2",9.78566122534367
"ENSRNOG00000021215","Rbm8a",9.78534932130087
"ENSRNOG00000001355","Taf6",9.78511926967004
"ENSRNOG00000032048","Zfp462",9.78496611890131
"ENSRNOG00000009252","Poldip2",9.78494165108012
"ENSRNOG00000017602","Il34",9.78388378959724
"ENSRNOG00000004339","Yy1",9.78370433606813
"ENSRNOG00000020394","Mcmbp",9.7815886910697
"ENSRNOG00000029197","Diablo",9.78132762351837
"ENSRNOG00000014886","Fam107b",9.78118559824438
"ENSRNOG00000010815","Elf2",9.78088168698801
"ENSRNOG00000011817","Rpl22l1",9.77997775210812
"ENSRNOG00000001376","Tmt1a",9.7797909746409
"ENSRNOG00000012950","Efr3b",9.77954559569685
"ENSRNOG00000016870","Pcif1",9.77936335230631
"ENSRNOG00000020769","Crebrf",9.77934105687965
"ENSRNOG00000014980","Mob4",9.77887906427018
"ENSRNOG00000021184","Mark2",9.77861663377962
"ENSRNOG00000028677","C18h18orf54",9.77816828464073
"ENSRNOG00000042411","Rps6ka1",9.77787508882133
"ENSRNOG00000024470","Lman1",9.77747529388929
"ENSRNOG00000011358","Hipk3",9.77737212821068
"ENSRNOG00000021032","Sphk2",9.77712968197012
"ENSRNOG00000006102","Pole4",9.77657437472589
"ENSRNOG00000001730","Acap2",9.77640992315314
"ENSRNOG00000009954","Cacul1",9.77619250583749
"ENSRNOG00000005017","Rps8l1",9.77606495926695
"ENSRNOG00000053047","Top2a",9.77602028028103
"ENSRNOG00000011053","Cyp2u1",9.77575383213192
"ENSRNOG00000012594","Sugt1",9.77531053033426
"ENSRNOG00000006331","Elovl5",9.77530330922523
"ENSRNOG00000021054","Men1",9.77501864344779
"ENSRNOG00000026636","Urm1",9.77459086159109
"ENSRNOG00000003038","Sft2d2",9.7737603332908
"ENSRNOG00000019587","Ptprn",9.7734217043619
"ENSRNOG00000053932","Ddx6",9.77279006349283
"ENSRNOG00000018179","Glt8d1",9.77259220895518
"ENSRNOG00000030449","Gsta4",9.77252090941152
"ENSRNOG00000016364","Gba2",9.77194450702199
"ENSRNOG00000002112","Zfp644",9.77188703950388
"ENSRNOG00000019020","Bbs2",9.77149972562328
"ENSRNOG00000012397","Zmym4",9.77108702002299
"ENSRNOG00000016885","Klf6",9.771062509923
"ENSRNOG00000056493","Mybpc1",9.77053958395638
"ENSRNOG00000012565","Cln8",9.77050966279532
"ENSRNOG00000019698","Ssbp4",9.77038767676346
"ENSRNOG00000006646","Vopp1",9.76993582873483
"ENSRNOG00000053943","Cops3",9.76954043463124
"ENSRNOG00000050547","Syngr2",9.76905271943289
"ENSRNOG00000049127","Smap1",9.76859129979969
"ENSRNOG00000013620","Cdk13",9.76833838464781
"ENSRNOG00000010420","Sem1",9.76826362625344
"ENSRNOG00000000408","Gopc",9.76791361551429
"ENSRNOG00000048258","Cisd2",9.76790509076613
"ENSRNOG00000027024","Rgs16",9.76720908507221
"ENSRNOG00000055631","Zfp280d",9.76691827780258
"ENSRNOG00000012325","Adk",9.76662643181631
"ENSRNOG00000049223","Vipas39",9.76658041663272
"ENSRNOG00000009225","Copz2",9.76647137575382
"ENSRNOG00000025071","Qrich1",9.76636213293098
"ENSRNOG00000011517","Tnfrsf21",9.76574221413808
"ENSRNOG00000012698","Chsy1",9.76553540769443
"ENSRNOG00000002255","Fam162a",9.76537121963667
"ENSRNOG00000002433","G3bp2",9.76535137818341
"ENSRNOG00000006116","Hk2",9.76501050135849
"ENSRNOG00000028930","Dab2",9.76483315359575
"ENSRNOG00000001345","Mapkapk5",9.76477934586223
"ENSRNOG00000000172","Sqor",9.76390984956578
"ENSRNOG00000006870","Mtdh",9.76349442276083
"ENSRNOG00000019915","Xrcc1",9.76332853170579
"ENSRNOG00000008577","Fbf1",9.76307618922859
"ENSRNOG00000038166","Ptgr2",9.7628234097896
"ENSRNOG00000031485","Dpp3",9.76211435220402
"ENSRNOG00000042029","Efs",9.76133122524214
"ENSRNOG00000008857","Adamts10",9.76077131217217
"ENSRNOG00000004537","Rxrg",9.75994395511635
"ENSRNOG00000008781","Erg28",9.75921436517246
"ENSRNOG00000003253","Qdpr",9.75904648452081
"ENSRNOG00000009891","Pcf11",9.75798037107823
"ENSRNOG00000008580","Nbn",9.75779243323484
"ENSRNOG00000060972","Heca",9.75707772713882
"ENSRNOG00000003829","Ap3s1",9.75657739288535
"ENSRNOG00000011751","Ncdn",9.75634535282017
"ENSRNOG00000007890","Usp1",9.75607307543784
"ENSRNOG00000004032","Tmem94",9.75606773490526
"ENSRNOG00000006604","Thy1",9.75604876458494
"ENSRNOG00000048277","Srrt",9.7556080445956
"ENSRNOG00000020542","Krtcap2",9.75549714498872
"ENSRNOG00000003174","Tapt1",9.75536264538383
"ENSRNOG00000051952","Tes",9.75483724881131
"ENSRNOG00000014610","Anpep",9.75442356064283
"ENSRNOG00000028227","Pbrm1",9.75431255375343
"ENSRNOG00000000858","Sapcd1",9.75422450374009
"ENSRNOG00000011825","Ndufb3",9.7540157564066
"ENSRNOG00000018052","Cnksr3",9.75365787489867
"ENSRNOG00000007040","Timm17a",9.75319223331486
"ENSRNOG00000003724","Mrpl27",9.75292057255509
"ENSRNOG00000047874","Nelfcd",9.75124624407848
"ENSRNOG00000022943","Dgka",9.75084561388171
"ENSRNOG00000010793","Spryd3",9.75056647824343
"ENSRNOG00000003123","Rpa1",9.75028639078262
"ENSRNOG00000017155","Nck2",9.75022612621064
"ENSRNOG00000022414","Zfp142",9.7490562273144
"ENSRNOG00000001414","Serpine1",9.74896500859055
"ENSRNOG00000021143","Setdb1",9.74839972209976
"ENSRNOG00000011606","Ssbl1",9.74835510235485
"ENSRNOG00000010361","Kif3b",9.74777829377669
"ENSRNOG00000014548","Nedd9",9.74758730130151
"ENSRNOG00000003350","Mospd2",9.74701779583908
"ENSRNOG00000005374","Lyar",9.74699064240469
"ENSRNOG00000016088","Cdk10",9.74652285427962
"ENSRNOG00000024955","Scyl2",9.74649039628691
"ENSRNOG00000045740","Tmx3",9.74645626599791
"ENSRNOG00000016356","Got1",9.74589614008458
"ENSRNOG00000047734","Chst2",9.74569337841022
"ENSRNOG00000004019","Phlda1",9.74519780235546
"ENSRNOG00000021222","Vps16",9.74500457769765
"ENSRNOG00000061129","Psmd14",9.74413828348579
"ENSRNOG00000007629","Sf3a3",9.74326634324649
"ENSRNOG00000002440","Ralb",9.74285623880873
"ENSRNOG00000015288","Dip2c",9.74166607511963
"ENSRNOG00000003553","Efemp1",9.74104446730344
"ENSRNOG00000003151","Bfar",9.74090547538564
"ENSRNOG00000008587","Tek",9.74002977719641
"ENSRNOG00000025946","Igf2bp2",9.73897070584185
"ENSRNOG00000026610","Akirin1",9.73884969958518
"ENSRNOG00000007831","Ufl1",9.73876549378987
"ENSRNOG00000054118","Tpgs2",9.738634287205
"ENSRNOG00000002069","Slc35a5",9.73842269304772
"ENSRNOG00000022702","Fbxo22",9.73833489106078
"ENSRNOG00000002353","Rab3gap2",9.73788319711116
"ENSRNOG00000012844","Tox4",9.73749363118928
"ENSRNOG00000008421","Klhl5",9.73746694783703
"ENSRNOG00000038176","Ufm1",9.7374565195166
"ENSRNOG00000007272","Rnf103",9.7371292568663
"ENSRNOG00000003177","Mat2b",9.73712053098248
"ENSRNOG00000002708","Phf8",9.73637356572981
"ENSRNOG00000003099","Ubqln2",9.73635617387526
"ENSRNOG00000005123","Emc2",9.73627487033433
"ENSRNOG00000003590","Tom1l2",9.73619717739057
"ENSRNOG00000017583","Mapkap1",9.73614657426823
"ENSRNOG00000060206","Zfp592",9.73598816894761
"ENSRNOG00000013994","Enpp1",9.73558453490977
"ENSRNOG00000009870","Tmem88",9.73555573564886
"ENSRNOG00000002585","Cul4b",9.734125839449
"ENSRNOG00000016559","Tm2d2",9.733585616951
"ENSRNOG00000005411","Aftph",9.73351496389787
"ENSRNOG00000002319","Tsn",9.73316764224844
"ENSRNOG00000007213","Yars1",9.73297073054168
"ENSRNOG00000001158","Abcg1",9.73260101021036
"ENSRNOG00000007701","Thoc7",9.73224300283437
"ENSRNOG00000052840","Tanc2",9.73184700734584
"ENSRNOG00000002828","Tob1",9.73165754382024
"ENSRNOG00000009459","Slc35f6",9.73158402215267
"ENSRNOG00000005234","Gxylt1",9.73062238562779
"ENSRNOG00000013111","Mettl3",9.7306142813068
"ENSRNOG00000020551","Bles03",9.72994465547636
"ENSRNOG00000012323","Cherp",9.7286782994523
"ENSRNOG00000017857","Cul7",9.72824111104317
"ENSRNOG00000011066","Marchf6",9.7278316070404
"ENSRNOG00000010124","Trim2",9.72663352734107
"ENSRNOG00000030705","Cpsf1",9.72649032372076
"ENSRNOG00000010997","Ednrb",9.72620415381624
"ENSRNOG00000027191","Birc6",9.72603153405738
"ENSRNOG00000019403","Afap1l1",9.72582317229287
"ENSRNOG00000014371","Cdh13",9.72536266617084
"ENSRNOG00000018089","Sra1",9.72494446525995
"ENSRNOG00000016366","Colec12",9.72464913243552
"ENSRNOG00000010620","Ndc1",9.72343674983007
"ENSRNOG00000014915","Gsr",9.72338574563464
"ENSRNOG00000010258","Vhl",9.72298324305216
"ENSRNOG00000017085","Tubgcp3",9.72272591796445
"ENSRNOG00000012690","Nipa2",9.72258645769441
"ENSRNOG00000014785","Ykt6",9.72213281203433
"ENSRNOG00000018363","Hectd3",9.72030488302481
"ENSRNOG00000039300","Ahcyl2",9.72026579612751
"ENSRNOG00000026267","Igbp1",9.7201928486548
"ENSRNOG00000020845","Tyrobp",9.7200135036443
"ENSRNOG00000012258","Rras2",9.71986135318486
"ENSRNOG00000020032","Impdh1",9.71964618413526
"ENSRNOG00000038074","Rplp2l2",9.71957778009369
"ENSRNOG00000007106","Sos1",9.71896130725424
"ENSRNOG00000013602","Usp48",9.71820355630124
"ENSRNOG00000009000","Foxj2",9.71756021284759
"ENSRNOG00000000823","Gcc2",9.71678399030696
"ENSRNOG00000027136","Spast",9.71593337648456
"ENSRNOG00000000968","Rnf6",9.71523856361728
"ENSRNOG00000021899","Tmem115",9.71515566001844
"ENSRNOG00000000988","Xab2",9.71465778842765
"ENSRNOG00000023593","Upf2",9.71443742937774
"ENSRNOG00000001250","Lfng",9.71415663985838
"ENSRNOG00000009723","Ptpmt1",9.71384950318753
"ENSRNOG00000003011","Gadd45gip1",9.71358603141177
"ENSRNOG00000043381","Cyth1",9.71305780047029
"ENSRNOG00000017960","Deaf1",9.71294468218256
"ENSRNOG00000011195","Prkra",9.71240588061205
"ENSRNOG00000012791","Ajuba",9.71217541486583
"ENSRNOG00000008734","Zmym2",9.71175835020989
"ENSRNOG00000005788","Cdk5rap2",9.71171818539237
"ENSRNOG00000002914","Trmt1",9.71147555237394
"ENSRNOG00000017087","Man1c1",9.71123115217602
"ENSRNOG00000000485","Bak1",9.71105313928149
"ENSRNOG00000019340","Cep250",9.71061991805243
"ENSRNOG00000010447","Tmod2",9.71034127678865
"ENSRNOG00000006929","Hnrnpll",9.71033752313211
"ENSRNOG00000061603","Asxl1",9.71006581621211
"ENSRNOG00000061012","Kat5",9.70852645582712
"ENSRNOG00000008218","Atp6v0e2",9.70851388243089
"ENSRNOG00000006763","Rbm18",9.70810043030375
"ENSRNOG00000018623","Rev1",9.70799701705517
"ENSRNOG00000015692","Taok1",9.70788802683709
"ENSRNOG00000018556","Tomm40",9.70784723059851
"ENSRNOG00000024886","Ext1",9.70718320170593
"ENSRNOG00000014208","Dctn3",9.70705223067933
"ENSRNOG00000014463","Uri1",9.70695192588579
"ENSRNOG00000007587","Tcp11l2",9.70685922609963
"ENSRNOG00000006392","Xrcc6",9.70639939877374
"ENSRNOG00000005101","Mia2",9.70629470040966
"ENSRNOG00000005096","Bzw2",9.70609362465624
"ENSRNOG00000018413","Per3",9.70597333481911
"ENSRNOG00000048242","Txlna",9.70589961451791
"ENSRNOG00000046261","Acp5",9.705724868048
"ENSRNOG00000050445","Gde1",9.70567384339226
"ENSRNOG00000046128","Gpr108",9.70531147302884
"ENSRNOG00000006593","Grpel1",9.70372723621101
"ENSRNOG00000028036","Adamts7",9.70347738367111
"ENSRNOG00000010652","Dock6",9.70334652640723
"ENSRNOG00000009994","Dlat",9.70322115014616
"ENSRNOG00000019634","Eif4e2",9.70316752889271
"ENSRNOG00000038085","Rpe",9.70298798704777
"ENSRNOG00000019085","Xpo5",9.7025096985055
"ENSRNOG00000019826","Sil1",9.70236679947454
"ENSRNOG00000014191","Zfp395",9.701685828597
"ENSRNOG00000005624","Zfx",9.70152654417322
"ENSRNOG00000009663","Apex1",9.70125476847378
"ENSRNOG00000010079","Ca3",9.7011050726105
"ENSRNOG00000024818","Eva1b",9.70047207305056
"ENSRNOG00000002045","Anxa3",9.70043637900017
"ENSRNOG00000021166","Ecm1",9.69966034514174
"ENSRNOG00000011754","Myom2",9.69920201461678
"ENSRNOG00000015420","Stxbp1",9.69771622126357
"ENSRNOG00000014543","Tbc1d2b",9.69724084100541
"ENSRNOG00000014243","Pear1",9.69698479373982
"ENSRNOG00000020430","Wdr11",9.69661493575229
"ENSRNOG00000008614","Zfyve1",9.69597911093295
"ENSRNOG00000000473","Pfdn6",9.69584218148935
"ENSRNOG00000010495","Ttc17",9.69538277022676
"ENSRNOG00000013579","LOC100359916",9.69534915964858
"ENSRNOG00000007699","Golga5",9.69466482285018
"ENSRNOG00000019276","Dele1",9.69453016994108
"ENSRNOG00000002480","Gpr137b",9.69374920518756
"ENSRNOG00000019758","Ipo13",9.69364254289932
"ENSRNOG00000001793","Heg1",9.69351496757323
"ENSRNOG00000022482","Trappc11",9.69327399015866
"ENSRNOG00000014665","Dhdds",9.69306994469543
"ENSRNOG00000001349","Mcm7",9.69304568392808
"ENSRNOG00000014341","Btbd10",9.69278692200034
"ENSRNOG00000017326","Ctbp2",9.69223047324071
"ENSRNOG00000015068","Il11ra1",9.69216108393907
"ENSRNOG00000019559","Eaf1",9.69205562586116
"ENSRNOG00000005193","Pfas",9.69141915722036
"ENSRNOG00000005046","Tspan13",9.69139754178374
"ENSRNOG00000005719","Emc4",9.69057388637046
"ENSRNOG00000030862","Atp6v1h",9.69016944813904
"ENSRNOG00000012386","Zbtb38",9.68918159245039
"ENSRNOG00000008247","Ikbip",9.6890661782829
"ENSRNOG00000005330","Crebbp",9.68873414788379
"ENSRNOG00000036666","Cybc1",9.68866805575912
"ENSRNOG00000000661","Hps4",9.68861568106183
"ENSRNOG00000004521","Prpf39",9.68800680169264
"ENSRNOG00000007756","Atg101",9.68783758165555
"ENSRNOG00000019047","Ola1",9.68753696053507
"ENSRNOG00000019063","Fbxo38",9.68721931089359
"ENSRNOG00000010023","Slc33a1",9.686857541092
"ENSRNOG00000004205","Pkdcc",9.68684034032068
"ENSRNOG00000012832","Mfsd5",9.68593235433592
"ENSRNOG00000003243","Wdr81",9.68573126483102
"ENSRNOG00000015977","Zfp609",9.68500620484764
"ENSRNOG00000009282","Nub1",9.68490733868132
"ENSRNOG00000058733","Asap1",9.68342565008938
"ENSRNOG00000006749","Tmtc3",9.68311783174408
"ENSRNOG00000031421","Eif1a",9.68248827218432
"ENSRNOG00000021139","Esrra",9.68206487627021
"ENSRNOG00000060381","Col15a1",9.68181974977252
"ENSRNOG00000034233","Fyttd1",9.68178751720183
"ENSRNOG00000007610","Gdf11",9.68094794467027
"ENSRNOG00000017916","Rexo1",9.68039722420136
"ENSRNOG00000000246","Amz2",9.68034986126448
"ENSRNOG00000009217","Fbxo6",9.6796011607389
"ENSRNOG00000055365","Edem1",9.67777267833811
"ENSRNOG00000006285","Tlk2",9.67777013856026
"ENSRNOG00000053061","Ubl4a",9.67772033666363
"ENSRNOG00000001058","Timm44",9.67746892816055
"ENSRNOG00000016477","Vangl1",9.67716289873249
"ENSRNOG00000003797","Mrps7",9.67703443684869
"ENSRNOG00000000302","Sesn1",9.67659755407182
"ENSRNOG00000012091","Ppa2",9.67624738196532
"ENSRNOG00000000043","Idua",9.6760951373354
"ENSRNOG00000008566","Mrpl15",9.67605911707846
"ENSRNOG00000011933","Csnk2a2",9.67592673132021
"ENSRNOG00000008190","Pnpla7",9.67590964230325
"ENSRNOG00000018000","Ranbp10",9.67581030391234
"ENSRNOG00000017883","Camsap1",9.67539491730306
"ENSRNOG00000000123","Rnf19b",9.67455490205533
"ENSRNOG00000008619","Agtrap",9.67292628598844
"ENSRNOG00000000421","Skic2",9.67214887443301
"ENSRNOG00000013180","Ercc3",9.67210035449922
"ENSRNOG00000005175","Sgpp1",9.67172335435019
"ENSRNOG00000004681","Eny2",9.67154492363547
"ENSRNOG00000056297","Fmnl3",9.67097883463516
"ENSRNOG00000037638","Timm50",9.67097730703648
"ENSRNOG00000001203","Rrp1",9.67070431422756
"ENSRNOG00000021262","Slc23a2",9.66954932555262
"ENSRNOG00000014199","Zfp703",9.66871234056255
"ENSRNOG00000039473","Ccdc152",9.66846970496613
"ENSRNOG00000003728","Xylt2",9.66818190946697
"ENSRNOG00000020159","Dalrd3",9.66713521163956
"ENSRNOG00000010363","Mrps23",9.66701132365743
"ENSRNOG00000020675","Ccdc97",9.66696222403735
"ENSRNOG00000012162","Mpdu1",9.66619687630509
"ENSRNOG00000023803","Cmya5",9.66584273220738
"ENSRNOG00000014693","Btbd6",9.66564929203883
"ENSRNOG00000008607","U2surp",9.66535839933059
"ENSRNOG00000019229","Fbl",9.66517141494306
"ENSRNOG00000025372","Glce",9.66508307914272
"ENSRNOG00000016849","Ppp2r5d",9.66474298090211
"ENSRNOG00000027259","Faxdc2",9.66446408418283
"ENSRNOG00000008278","Nfrkb",9.66408610288836
"ENSRNOG00000005935","A3galt2",9.66363102121386
"ENSRNOG00000003782","Acot9",9.66358400201735
"ENSRNOG00000032381","Naglu",9.66355362914664
"ENSRNOG00000059801","Lima1",9.6635269530856
"ENSRNOG00000051948","Hcfc1",9.66339559666776
"ENSRNOG00000020956","Bcat2",9.66250624291745
"ENSRNOG00000000127","Kpna6",9.66210021405038
"ENSRNOG00000013930","Rnf4",9.66179696981385
"ENSRNOG00000046585","Chmp4b",9.66179243547955
"ENSRNOG00000025028","Prkdc",9.66126833768587
"ENSRNOG00000015292","Cul2",9.66103197656226
"ENSRNOG00000005196","Slc12a6",9.65995942405485
"ENSRNOG00000020869","Mrpl9",9.65929776264482
"ENSRNOG00000025843","Ccdc102a",9.65901721976176
"ENSRNOG00000030328","Fam98a",9.65895240088342
"ENSRNOG00000030120","Ormdl2",9.65846915358135
"ENSRNOG00000017939","Chn1",9.65826074268658
"ENSRNOG00000018655","Adsl",9.65781059907743
"ENSRNOG00000001547","Agps",9.6572848447049
"ENSRNOG00000010630","Prcp",9.65727355260043
"ENSRNOG00000010457","Vash1",9.65694181010793
"ENSRNOG00000008512","Btf3l4",9.65665857499839
"ENSRNOG00000010077","Smarcd3",9.65657730343186
"ENSRNOG00000016269","Rpl7l1",9.65444572771854
"ENSRNOG00000047967","Arhgef19",9.65406790705505
"ENSRNOG00000009766","Gpr180",9.65365045662183
"ENSRNOG00000006490","Neo1",9.65328211955216
"ENSRNOG00000003855","Dnaja3",9.65311863076486
"ENSRNOG00000000511","Srpk1",9.6530998422674
"ENSRNOG00000002180","Tbc1d1",9.65291846741579
"ENSRNOG00000012349","Tlnrd1",9.65211659008608
"ENSRNOG00000014798","Cstpp1",9.6520450410065
"ENSRNOG00000054400","Sh3bp5l",9.65171489619741
"ENSRNOG00000028015","Pf4",9.65148736873937
"ENSRNOG00000012054","Zmpste24",9.65140802392624
"ENSRNOG00000016560","Card19",9.65100050392135
"ENSRNOG00000014599","Dhx36",9.65076731600999
"ENSRNOG00000027797","Nit2",9.65025556035168
"ENSRNOG00000002320","Commd8",9.65013979966441
"ENSRNOG00000018746","Slc30a5",9.64998712068864
"ENSRNOG00000014093","Tom1",9.64989980323891
"ENSRNOG00000028713","Acvrl1",9.64975319138287
"ENSRNOG00000026900","Ppil2",9.64891059057699
"ENSRNOG00000043201","Coq8a",9.64888515997069
"ENSRNOG00000016454","Nasp",9.64865245696004
"ENSRNOG00000026115","Zfp646",9.64863150935498
"ENSRNOG00000045558","Cd34",9.64798030285464
"ENSRNOG00000014619","Dhx38",9.64769107917669
"ENSRNOG00000018097","Emc1",9.64693865782859
"ENSRNOG00000011652","Sppl2a",9.64682199727923
"ENSRNOG00000011379","Ccndbp1",9.64673933634343
"ENSRNOG00000010967","Cdc37l1",9.64615979605326
"ENSRNOG00000038319","Akr1c19",9.64598605975508
"ENSRNOG00000026775","Pmpca",9.64536945768895
"ENSRNOG00000013832","Fam193a",9.64498635508872
"ENSRNOG00000012508","Slc39a8",9.64418139471192
"ENSRNOG00000022523","Fkbp5",9.64395172765258
"ENSRNOG00000026108","Tcof1",9.64380503080592
"ENSRNOG00000011199","Parp6",9.64330705720636
"ENSRNOG00000010985","Zfp410",9.64289756439957
"ENSRNOG00000010434","Dync1li1",9.64286749545645
"ENSRNOG00000054272","Dhx57",9.64271463469294
"ENSRNOG00000016486","Nop58",9.6426562522723
"ENSRNOG00000007804","C1galt1",9.64242888323217
"ENSRNOG00000022325","Smc2",9.64211608099185
"ENSRNOG00000002907","Plekha6",9.64163068101593
"ENSRNOG00000019294","Stk16",9.64130274577692
"ENSRNOG00000013118","Atox1",9.64126685040037
"ENSRNOG00000002413","Gpc4",9.64124797185153
"ENSRNOG00000014664","Virma",9.64074908933318
"ENSRNOG00000008659","Arhgap21",9.64072668242838
"ENSRNOG00000001886","Dgcr8",9.64026969000089
"ENSRNOG00000016321","Entpd4",9.640250169614
"ENSRNOG00000042879","Cep192",9.63925413883496
"ENSRNOG00000004290","Grb10",9.63917722024333
"ENSRNOG00000031129","Carm1",9.63857050094285
"ENSRNOG00000012354","Trim23",9.63785195212506
"ENSRNOG00000009219","Hepacam",9.6377585065061
"ENSRNOG00000014448","Bmal1",9.6374931441859
"ENSRNOG00000017478","Pcsk7",9.6372431722391
"ENSRNOG00000037505","Ulk1",9.63650372176886
"ENSRNOG00000005468","Rbm28",9.63601005814967
"ENSRNOG00000017847","Rps19bp1",9.63554899315289
"ENSRNOG00000018649","Slc35c2",9.63482569440619
"ENSRNOG00000015669","Kctd11",9.6341986540077
"ENSRNOG00000016980","Qprt",9.63371022835708
"ENSRNOG00000059402","Itgb1bp1",9.63343585044903
"ENSRNOG00000048682","Zwint",9.63326789827017
"ENSRNOG00000013442","Ciz1",9.63311060208737
"ENSRNOG00000006338","Lrp6",9.63262767937359
"ENSRNOG00000009355","Ogfr",9.63103761250161
"ENSRNOG00000007982","Slc9a1",9.63094271662078
"ENSRNOG00000018042","Mrpl48",9.63074827203059
"ENSRNOG00000015701","Rreb1",9.6302934181006
"ENSRNOG00000060707","Atg2a",9.62964010854493
"ENSRNOG00000021041","Fam171a2",9.62936598123938
"ENSRNOG00000025394","Tanc1",9.62929020641321
"ENSRNOG00000007845","Supt4h1",9.62926807265697
"ENSRNOG00000052498","Grb14",9.62869792575398
"ENSRNOG00000014450","Shprh",9.62856117562903
"ENSRNOG00000015573","Ctbs",9.62818193243551
"ENSRNOG00000021156","Vegfb",9.6275765495361
"ENSRNOG00000016758","Loxl2",9.62708116432276
"ENSRNOG00000017911","Tcaf1",9.6269370890368
"ENSRNOG00000013387","Tpcn2",9.62681531920141
"ENSRNOG00000011214","Polr2f",9.62679674161036
"ENSRNOG00000004103","Trappc6b",9.62674084287799
"ENSRNOG00000025757","Myh6",9.62611538692255
"ENSRNOG00000016725","Elp1",9.6260345378309
"ENSRNOG00000049819","Dnajc19",9.62585645281981
"ENSRNOG00000019298","Dctn4",9.62533967724042
"ENSRNOG00000003679","Med13",9.62498348554118
"ENSRNOG00000007496","Mtmr4",9.62486419675832
"ENSRNOG00000046763","Adss1",9.62480798414349
"ENSRNOG00000033940","Adgrl4",9.62470571304731
"ENSRNOG00000045941","Susd6",9.62448263734539
"ENSRNOG00000001813","Dnm1l",9.62403367516691
"ENSRNOG00000013167","Hmgb2",9.62355941355161
"ENSRNOG00000013057","Prc1",9.62318927649289
"ENSRNOG00000000568","Slc29a3",9.62302929293736
"ENSRNOG00000031197","F8",9.62297017939296
"ENSRNOG00000027300","Ttc7b",9.62254087118506
"ENSRNOG00000014719","Snx19",9.62188961552157
"ENSRNOG00000037437","Golga3",9.62164911567559
"ENSRNOG00000018158","Tmem181",9.62115149821685
"ENSRNOG00000009857","Ftsj3",9.62059882400573
"ENSRNOG00000022485","Chuk",9.62031954838362
"ENSRNOG00000005589","Dhrs7",9.62017060794266
"ENSRNOG00000048870","St6galnac4",9.62008465023564
"ENSRNOG00000003759","Galc",9.61999729334646
"ENSRNOG00000002627","Kctd3",9.61994439127078
"ENSRNOG00000007325","Usp28",9.61984551677254
"ENSRNOG00000007152","Bhlhe40",9.61960747773959
"ENSRNOG00000024549","Pwwp3a",9.61951483411413
"ENSRNOG00000060464","Plxna3",9.61935080304228
"ENSRNOG00000008108","Ubr7",9.61923223634816
"ENSRNOG00000018319","Pisd",9.61831942723991
"ENSRNOG00000021693","Fam149a",9.61831793484282
"ENSRNOG00000011366","Pigs",9.61822004004372
"ENSRNOG00000009110","Psen1",9.61789333242286
"ENSRNOG00000042482","Tatdn2",9.61780003473877
"ENSRNOG00000021748","Las1l",9.61767788683671
"ENSRNOG00000011871","Kat2b",9.6176691385189
"ENSRNOG00000002036","Paxbp1",9.61750803508194
"ENSRNOG00000008194","Znfx1",9.61577636298127
"ENSRNOG00000006126","Nup88",9.61569889794675
"ENSRNOG00000021068","Pip5k1a",9.61567022714216
"ENSRNOG00000049302","Chd9",9.61490842750242
"ENSRNOG00000018781","Map1s",9.61450165845681
"ENSRNOG00000016847","Bace1",9.6142354037375
"ENSRNOG00000016015","Dcp1a",9.61391341875066
"ENSRNOG00000021052","Patl1",9.61387702018482
"ENSRNOG00000056337","Crtc2",9.61381931230806
"ENSRNOG00000001598","Usp16",9.61379530288619
"ENSRNOG00000024501","Rgs3",9.61345879356462
"ENSRNOG00000015679","Dok4",9.61296591605211
"ENSRNOG00000010161","Myo10",9.61293690223352
"ENSRNOG00000001296","P2rx7",9.61253645678429
"ENSRNOG00000012933","Prcc",9.61236099574914
"ENSRNOG00000015720","Polr2c",9.61112604423099
"ENSRNOG00000002999","Timmdc1",9.6103364925372
"ENSRNOG00000060623","Fam3a",9.60968970339407
"ENSRNOG00000033564","Cfd",9.60931244668595
"ENSRNOG00000055281","Dcbld2",9.60919831413905
"ENSRNOG00000008297","Oser1",9.60809897995403
"ENSRNOG00000055597","Hdac7",9.60766973442647
"ENSRNOG00000043498","Sik2",9.60747993939899
"ENSRNOG00000010753","Aig1",9.60704608032623
"ENSRNOG00000047493","Slco1a4",9.60617862976597
"ENSRNOG00000009958","Nkapd1",9.60611550616554
"ENSRNOG00000006048","Ezh2",9.60594067955263
"ENSRNOG00000000185","Mpst",9.60551902475319
"ENSRNOG00000019751","Cyb5r2",9.60508752569579
"ENSRNOG00000037998","Snw1",9.6050657586941
"ENSRNOG00000021145","Gpr137",9.60466564392763
"ENSRNOG00000000913","Gusb",9.60310053292175
"ENSRNOG00000015895","B4galt6",9.60308010564669
"ENSRNOG00000032788","Dysf",9.60295575842064
"ENSRNOG00000042848","Jam2",9.60283080836588
"ENSRNOG00000015191","Phc1",9.602720556802
"ENSRNOG00000014480","Sys1",9.60172593524537
"ENSRNOG00000016940","Ppp2r2d",9.60108851817795
"ENSRNOG00000057464","Fmr1",9.60093972741035
"ENSRNOG00000005386","Kitlg",9.60000503995131
"ENSRNOG00000009948","Pip4p1",9.59998209670552
"ENSRNOG00000004401","Mrpl13",9.59993608803969
"ENSRNOG00000057754","Tcf12",9.59902567406072
"ENSRNOG00000001878","Klhl22",9.59868561041721
"ENSRNOG00000008246","Emilin1",9.59863324510212
"ENSRNOG00000005981","Nt5c3a",9.59843102490203
"ENSRNOG00000024562","Tgfbrap1",9.5980034117227
"ENSRNOG00000061474","Ctdp1",9.59762888547922
"ENSRNOG00000050843","Mmut",9.59741032089743
"ENSRNOG00000012975","Ggcx",9.59726955601095
"ENSRNOG00000019667","Ppfibp2",9.59611042318115
"ENSRNOG00000018904","Dtymk",9.59569961426216
"ENSRNOG00000001276","Pcnt",9.59439121147182
"ENSRNOG00000019935","Armc5",9.59428988073659
"ENSRNOG00000004740","Mmadhc",9.5940006901768
"ENSRNOG00000007258","Sbspon",9.59371254510572
"ENSRNOG00000029667","Tbce",9.5936425110287
"ENSRNOG00000024663","Fkbp15",9.59354774655895
"ENSRNOG00000011619","Myo9a",9.59330453050601
"ENSRNOG00000006795","Apmap",9.59292479965287
"ENSRNOG00000018791","Dnlz",9.59241937685948
"ENSRNOG00000020543","Nosip",9.59207893126554
"ENSRNOG00000005931","Cpq",9.59169767772761
"ENSRNOG00000020916","Tmub2",9.59166057254407
"ENSRNOG00000010352","Dnajc3",9.59135060757048
"ENSRNOG00000010735","Nfyc",9.59134772277119
"ENSRNOG00000006941","Thumpd3",9.59128453018124
"ENSRNOG00000021224","Mrps26",9.59081180906653
"ENSRNOG00000007307","Syde1",9.59058582996184
"ENSRNOG00000019352","Emc6",9.5897482767566
"ENSRNOG00000022307","Acap3",9.58916233722283
"ENSRNOG00000004099","R3hdm1",9.58887403969187
"ENSRNOG00000060825","Ccm2",9.58795341935515
"ENSRNOG00000002488","Galnt10",9.58783118700733
"ENSRNOG00000017066","Zfp384",9.58782018125653
"ENSRNOG00000017409","Wnt6",9.58750679262183
"ENSRNOG00000030225","Clpx",9.58603182158406
"ENSRNOG00000003592","Med28",9.58562584520295
"ENSRNOG00000001177","Acads",9.58510446348513
"ENSRNOG00000050510","Rab1b-ps1",9.58442432252328
"ENSRNOG00000018166","Prkab2",9.58437360104166
"ENSRNOG00000029280","Gpaa1",9.58430609350839
"ENSRNOG00000027491","Vldlr",9.58422526239248
"ENSRNOG00000046874","Snx9",9.58422385642997
"ENSRNOG00000024089","Fndc3b",9.5841283831613
"ENSRNOG00000002894","Mnt",9.58364682601221
"ENSRNOG00000003014","Poglut1",9.58291660297538
"ENSRNOG00000014316","Rapgef1",9.58273973020952
"ENSRNOG00000013285","Imp4",9.58265275203651
"ENSRNOG00000017422","Ambra1",9.58260229570613
"ENSRNOG00000017824","Ncoa5",9.5824426640983
"ENSRNOG00000016545","Ift140",9.58228728886523
"ENSRNOG00000002163","Klf3",9.58101464659068
"ENSRNOG00000018330","Fam83f",9.58089306804034
"ENSRNOG00000014846","Anp32a",9.58078355077498
"ENSRNOG00000010096","Azi2",9.58063846664767
"ENSRNOG00000021890","Nob1",9.58053709207517
"ENSRNOG00000026497","Pigc",9.58052704739118
"ENSRNOG00000013574","Appl1",9.5803029825241
"ENSRNOG00000014520","Ing1",9.5799767944128
"ENSRNOG00000004901","Slc4a1ap",9.57978623881556
"ENSRNOG00000005623","Ankmy2",9.57976969807031
"ENSRNOG00000019183","Alox15",9.57830867195588
"ENSRNOG00000018937","Gstm7",9.57822245612101
"ENSRNOG00000054563","Selenoh",9.57735303529249
"ENSRNOG00000020299","Klc2",9.57716445166984
"ENSRNOG00000024863","Fam76b",9.57659675919594
"ENSRNOG00000008024","Pxk",9.57646466282141
"ENSRNOG00000018186","Lamtor5",9.57630982374761
"ENSRNOG00000019937","Kcnk1",9.57612587990213
"ENSRNOG00000014522","Mlycd",9.57609156171966
"ENSRNOG00000000809","Atat1",9.57601458498818
"ENSRNOG00000014879","Ttc7a",9.57586526203651
"ENSRNOG00000032152","Rab11fip3",9.57568765090431
"ENSRNOG00000007710","Usp20",9.575592557639
"ENSRNOG00000020115","Ilkap",9.57555218887457
"ENSRNOG00000000663","Tfip11",9.57376606611771
"ENSRNOG00000020557","Ryr1",9.57291603614727
"ENSRNOG00000006467","Eif2b2",9.57252103699117
"ENSRNOG00000011859","Eif5a2",9.57242123171132
"ENSRNOG00000008788","Pals1",9.57204027570424
"ENSRNOG00000016955","Mindy3",9.57188720005964
"ENSRNOG00000031203","Scfd1",9.57178512471423
"ENSRNOG00000026646","Ndufs5",9.57171420738443
"ENSRNOG00000019108","Rmi1",9.57129894164275
"ENSRNOG00000011467","Uck1",9.57092042447861
"ENSRNOG00000049056","Ak1",9.57022567857676
"ENSRNOG00000001662","Dyrk1a",9.57020606982544
"ENSRNOG00000001163","Srsf9",9.56995980406414
"ENSRNOG00000018911","Pfkfb3",9.5698189165027
"ENSRNOG00000019622","Ackr3",9.56954147065139
"ENSRNOG00000037563","Cd68",9.56953127836922
"ENSRNOG00000023473","Rnf122",9.56926128071758
"ENSRNOG00000003942","Asnsd1",9.56898298737435
"ENSRNOG00000060436","Vti1b",9.56890437211407
"ENSRNOG00000005608","Tead4",9.56735173417438
"ENSRNOG00000020623","Aldh16a1",9.56719611058219
"ENSRNOG00000018053","Fech",9.56713804221124
"ENSRNOG00000005766","Tbc1d20",9.56666368853832
"ENSRNOG00000029095","Trabd",9.56662460138419
"ENSRNOG00000054625","Fhod1",9.56641962118392
"ENSRNOG00000009585","Tcf20",9.56638615222457
"ENSRNOG00000000853","Aif1",9.56618903184116
"ENSRNOG00000006916","Sardh",9.56592227897676
"ENSRNOG00000054264","Nfatc3",9.5658019824446
"ENSRNOG00000004168","Slc35e4",9.56571493966639
"ENSRNOG00000022847","Dop1a",9.56541506838372
"ENSRNOG00000028323","Dhrsx",9.56517550449529
"ENSRNOG00000008037","Tmed1",9.56468000281495
"ENSRNOG00000004430","Cep131",9.56449623522768
"ENSRNOG00000003071","Vamp4",9.56443124810989
"ENSRNOG00000011278","Stk3",9.56438041228919
"ENSRNOG00000013195","Ruvbl1",9.5641626980001
"ENSRNOG00000006340","Memo1",9.56337469599258
"ENSRNOG00000008945","Nans",9.56271850164052
"ENSRNOG00000012629","Rab23",9.56268721047347
"ENSRNOG00000048441","Wdr82",9.56249280779645
"ENSRNOG00000002509","Gnl3l",9.56231845193619
"ENSRNOG00000046829","Kdr",9.56213094007255
"ENSRNOG00000001034","Evi5l",9.56167676635711
"ENSRNOG00000017976","Slco2b1",9.56167375140933
"ENSRNOG00000015654","Ghr",9.56149312308952
"ENSRNOG00000000989","Bud31",9.56145090799481
"ENSRNOG00000053285","Mllt6",9.56038776022372
"ENSRNOG00000022196","Bmpr2",9.56005158047308
"ENSRNOG00000003773","Hmox2",9.55998343004297
"ENSRNOG00000021289","Rbbp5",9.55929248101292
"ENSRNOG00000019272","Gkap1",9.55922163682686
"ENSRNOG00000047513","Mdn1",9.55900748848357
"ENSRNOG00000011382","Wdr33",9.5581667634448
"ENSRNOG00000014265","Tnfrsf19",9.55813536487531
"ENSRNOG00000005353","Rybp",9.55784141530122
"ENSRNOG00000037595","Gpbp1l1",9.557767252754
"ENSRNOG00000018958","Mt3",9.55752156929172
"ENSRNOG00000025296","Lrrc8a",9.55697663160613
"ENSRNOG00000011541","Cygb",9.55630856058824
"ENSRNOG00000021447","Prr7",9.55565765531563
"ENSRNOG00000001808","Ints13",9.55563081981181
"ENSRNOG00000003905","Nsf",9.55527793572561
"ENSRNOG00000048891","Prr14l",9.55485512099937
"ENSRNOG00000002275","Fip1l1",9.55482933371389
"ENSRNOG00000012812","Sharpin",9.55454718418452
"ENSRNOG00000003882","Cep350",9.55447163430673
"ENSRNOG00000000866","Rbmx",9.55381871746271
"ENSRNOG00000014434","Chd1",9.55344133291035
"ENSRNOG00000051204","Dop1b",9.55307466179644
"ENSRNOG00000002697","Mtmr1",9.55226384101415
"ENSRNOG00000014192","Naa30",9.55184829228142
"ENSRNOG00000013254","Dctn6",9.55141724493523
"ENSRNOG00000003946","Tor1aip1",9.55132800648079
"ENSRNOG00000048771","Cd300c2l1",9.55073074977265
"ENSRNOG00000031031","Zfp292",9.55047878632767
"ENSRNOG00000023764","Kctd2",9.55042171025971
"ENSRNOG00000018603","Carns1",9.55041215337101
"ENSRNOG00000007151","Cdk14",9.5504087689544
"ENSRNOG00000017227","Ppme1",9.54989154918103
"ENSRNOG00000047287","Nucks1",9.54867651984902
"ENSRNOG00000012424","Adam23",9.54847947605966
"ENSRNOG00000048915","Twf2",9.54827942458294
"ENSRNOG00000019332","Gtpbp2",9.54728449830212
"ENSRNOG00000004246","Spag7",9.54693026465489
"ENSRNOG00000004449","E2f6",9.54583021190995
"ENSRNOG00000016029","Rb1",9.5445348458456
"ENSRNOG00000011391","Rbsn",9.5440854015095
"ENSRNOG00000008124","Ints8",9.54397226083117
"ENSRNOG00000013946","Rnf149",9.54308059786814
"ENSRNOG00000008802","Dnajc11",9.54278564555717
"ENSRNOG00000020567","Fibp",9.54277495505085
"ENSRNOG00000004152","Lrp12",9.54181282816805
"ENSRNOG00000019161","Cpeb1",9.54171900283865
"ENSRNOG00000010512","Yipf1",9.54145266601483
"ENSRNOG00000004657","Sec23a",9.54073531191457
"ENSRNOG00000056678","Nckap5l",9.54064213696222
"ENSRNOG00000016246","Tshz1",9.54003118868609
"ENSRNOG00000019266","Tmem223",9.53986571880533
"ENSRNOG00000004415","Togaram1",9.53940538403484
"ENSRNOG00000014119","Farsb",9.5392513855043
"ENSRNOG00000011781","Oplah",9.53890727039748
"ENSRNOG00000017951","Ranbp9",9.53886274351745
"ENSRNOG00000010691","Cmtm3",9.53841898861899
"ENSRNOG00000001470","Limk1",9.5378876797947
"ENSRNOG00000004821","Sntb1",9.53771335578642
"ENSRNOG00000016255","Podxl2",9.53760541022371
"ENSRNOG00000019356","Lrfn4",9.53719725548527
"ENSRNOG00000023393","Nup214",9.53705729442097
"ENSRNOG00000017502","Sike1",9.53674568345654
"ENSRNOG00000014945","Kpna3",9.53672812397523
"ENSRNOG00000001101","Rnf216",9.53592737528015
"ENSRNOG00000017093","Pxdc1",9.53511201546574
"ENSRNOG00000018730","Nectin2",9.53494389375017
"ENSRNOG00000012046","Prmt5",9.53346608931348
"ENSRNOG00000006868","Ube2z",9.53300485423693
"ENSRNOG00000016206","Uvrag",9.53184233317349
"ENSRNOG00000054695","Calcrl",9.53108328982606
"ENSRNOG00000015534","Cnep1r1",9.5309471034462
"ENSRNOG00000020811","Il6r",9.53089972714665
"ENSRNOG00000015428","Mff",9.53078128202986
"ENSRNOG00000006514","Vezt",9.53031636000502
"ENSRNOG00000017382","Snx33",9.52978249521552
"ENSRNOG00000011910","Hnrnpr",9.52778269716091
"ENSRNOG00000015925","Zfp131",9.52766491647726
"ENSRNOG00000008597","Tada3",9.52727309407526
"ENSRNOG00000055917","Trim27",9.52677538537224
"ENSRNOG00000016855","B3galnt2",9.52653347285068
"ENSRNOG00000018788","Btbd2",9.52611517800603
"ENSRNOG00000020330","Wdr47",9.52491773821775
"ENSRNOG00000020793","Ruvbl2",9.52389143838155
"ENSRNOG00000005733","Cpsf2",9.52369803845595
"ENSRNOG00000024845","Mrps21",9.52160271730641
"ENSRNOG00000015505","Mfap5",9.52137236392679
"ENSRNOG00000048309","Uqcc1",9.52025865300519
"ENSRNOG00000052418","Cpsf3",9.52020086083879
"ENSRNOG00000018914","Napg",9.52015528711941
"ENSRNOG00000012184","Urgcp",9.5195792413303
"ENSRNOG00000017036","Sec11c",9.51910210776246
"ENSRNOG00000052539","Prpf40b",9.5190938194035
"ENSRNOG00000059705","Elmo1",9.51905678378053
"ENSRNOG00000014890","Mrpl43",9.51842415578925
"ENSRNOG00000012947","Metap1",9.51834384310424
"ENSRNOG00000005298","Zfp513",9.51796764302903
"ENSRNOG00000053405","Rpap3",9.51761862591472
"ENSRNOG00000032391","Esyt2",9.51761516957818
"ENSRNOG00000004509","Eapp",9.51734038140913
"ENSRNOG00000026474","Cad",9.51733624870062
"ENSRNOG00000015621","Nsd3",9.51719163212729
"ENSRNOG00000061782","Tspyl2",9.51699980590631
"ENSRNOG00000011573","Csad",9.51678281584789
"ENSRNOG00000025909","Uqcc2",9.51672351552399
"ENSRNOG00000011111","Cipc",9.51621647534293
"ENSRNOG00000008236","Decr1",9.51616307253877
"ENSRNOG00000047628","Khsrp",9.51616122775781
"ENSRNOG00000000940","Flt1",9.51530108766473
"ENSRNOG00000018809","Psmd5",9.51513396905372
"ENSRNOG00000024801","Slc35a2",9.51410185019052
"ENSRNOG00000009878","Crtap",9.51386366779751
"ENSRNOG00000028512","Ilvbl",9.51381473289638
"ENSRNOG00000032735","Srek1",9.51365874538303
"ENSRNOG00000007583","Pygb",9.51332939997142
"ENSRNOG00000009411","Chn2",9.51277700899303
"ENSRNOG00000008401","Card10",9.51276064228266
"ENSRNOG00000027770","Trpm3",9.51259323586738
"ENSRNOG00000002565","Taf1",9.51246685461981
"ENSRNOG00000024924","Cep19",9.51146649407409
"ENSRNOG00000006238","Traf2",9.5106385261889
"ENSRNOG00000016265","Acsl5",9.51059337757505
"ENSRNOG00000004751","Jkamp",9.50985461006279
"ENSRNOG00000001331","Rnf34",9.50927698453778
"ENSRNOG00000017642","Acbd5",9.50918964976847
"ENSRNOG00000019624","Morc2",9.5091288302781
"ENSRNOG00000011526","Pcsk6",9.5088511358999
"ENSRNOG00000026271","Tmem245",9.50859609269299
"ENSRNOG00000052787","Rsl24d1",9.50855493847947
"ENSRNOG00000019924","Thop1",9.5083783040464
"ENSRNOG00000042983","Nudt21",9.50832840652142
"ENSRNOG00000013422","Med23",9.5080421807846
"ENSRNOG00000004373","Ddx39a",9.50677934787295
"ENSRNOG00000016011","Plekhg1",9.50663945136479
"ENSRNOG00000021392","Noc2l",9.50649876124601
"ENSRNOG00000015695","Sult5a1",9.50561473381592
"ENSRNOG00000006378","Mga",9.50541084305508
"ENSRNOG00000000157","Atg12",9.50483520837865
"ENSRNOG00000004364","Babam2",9.50409039343
"ENSRNOG00000022999","Ppp2r3a",9.50402932396018
"ENSRNOG00000053881","Baz2a",9.50402404291794
"ENSRNOG00000007117","Cluap1",9.50211352211775
"ENSRNOG00000001258","Snx8",9.50181830305178
"ENSRNOG00000026316","Wdr43",9.50140029074896
"ENSRNOG00000010475","Casp3",9.50111215833137
"ENSRNOG00000014666","Tfeb",9.50097770431201
"ENSRNOG00000002100","Srp72",9.49968420443697
"ENSRNOG00000004556","Dcaf5",9.49931118343431
"ENSRNOG00000018023","Bin3",9.49930067473524
"ENSRNOG00000037430","Chfr",9.49894989438114
"ENSRNOG00000008410","Cep63",9.49825314143512
"ENSRNOG00000018916","Bcl7c",9.49807605448607
"ENSRNOG00000047219","Ube3b",9.49796511861251
"ENSRNOG00000014440","Josd1",9.49767660473425
"ENSRNOG00000032780","Mrpl58",9.4976171750247
"ENSRNOG00000015059","Mcfd2",9.49741858103171
"ENSRNOG00000007920","Ssbp3",9.4973950080806
"ENSRNOG00000014482","Slf2",9.49730148809406
"ENSRNOG00000017631","Cyp20a1",9.49687871837426
"ENSRNOG00000019776","Sh3gl3",9.49617826479647
"ENSRNOG00000036662","Wdr45b",9.49605269907442
"ENSRNOG00000049782","Csf2ra",9.49548949621303
"ENSRNOG00000012911","Erlin1",9.49465919365634
"ENSRNOG00000024967","Uqcrb",9.49462297717103
"ENSRNOG00000020651","Cars1",9.49408353259642
"ENSRNOG00000018137","Tubgcp2",9.49400330669398
"ENSRNOG00000006241","Marchf7",9.49369117398908
"ENSRNOG00000005783","Dlg5",9.49345809572962
"ENSRNOG00000011775","Mfap3l",9.49206492834958
"ENSRNOG00000052116","Atp11b",9.4917415604997
"ENSRNOG00000023107","Yeats2",9.49137617643069
"ENSRNOG00000003714","Clk4",9.49094697002541
"ENSRNOG00000013553","Ngrn",9.49060314866216
"ENSRNOG00000004680","Kif5c",9.4904711942177
"ENSRNOG00000014605","Lig4",9.49010812580197
"ENSRNOG00000016891","Uimc1",9.48972111756891
"ENSRNOG00000022448","Htra2",9.48912309224774
"ENSRNOG00000004996","Zcrb1",9.48854491332371
"ENSRNOG00000016427","Letm1",9.487695166957
"ENSRNOG00000018228","Cog2",9.48753404631551
"ENSRNOG00000012228","Skap2",9.48753051810586
"ENSRNOG00000001142","Prkab1",9.48690542863345
"ENSRNOG00000003267","Pycr2",9.48687355119011
"ENSRNOG00000017150","Med10",9.48681780437323
"ENSRNOG00000048580","Trip6",9.48676895543957
"ENSRNOG00000004259","Dohh",9.48590778153182
"ENSRNOG00000025371","Spry1",9.48537883573678
"ENSRNOG00000020310","Grik5",9.48535404879944
"ENSRNOG00000025926","Heatr5b",9.48450988883066
"ENSRNOG00000016748","Poll",9.48439619494514
"ENSRNOG00000019178","Taf10",9.48437639082858
"ENSRNOG00000016751","Slc25a28",9.48414921411907
"ENSRNOG00000001847","Ccdc91",9.48405277294538
"ENSRNOG00000048397","Sephs2",9.48364303593372
"ENSRNOG00000005616","Ncoa3",9.48280743943032
"ENSRNOG00000049604","Mvk",9.48252872163191
"ENSRNOG00000048989","Larp7",9.48230479421998
"ENSRNOG00000003781","Atp10b",9.48208046612533
"ENSRNOG00000001106","Denr",9.48190216683285
"ENSRNOG00000008626","Manea",9.48181498554839
"ENSRNOG00000032204","Uqcrbl1",9.48004454162197
"ENSRNOG00000030149","Adgrl3",9.47990632253612
"ENSRNOG00000017509","Eed",9.4790647398238
"ENSRNOG00000028358","Edem3",9.47889243349764
"ENSRNOG00000012654","Vps36",9.47882872309141
"ENSRNOG00000013035","Rab33b",9.47809603530136
"ENSRNOG00000003767","Rps6kc1",9.47780065593876
"ENSRNOG00000019582","Mthfd1l",9.47742426769685
"ENSRNOG00000027326","Tada2b",9.47740440629799
"ENSRNOG00000052758","Cyria",9.47683265185922
"ENSRNOG00000007568","Spata6",9.4768310296116
"ENSRNOG00000010540","Mrpl45",9.4758050642132
"ENSRNOG00000060293","Ndufa3",9.47544607468723
"ENSRNOG00000017146","Nfatc1",9.4752440670844
"ENSRNOG00000008226","Zbtb8os",9.47498324561293
"ENSRNOG00000018481","Zpr1",9.4748990882524
"ENSRNOG00000018553","Pitpnm1",9.47485321150732
"ENSRNOG00000018829","Bacc1",9.47458882091237
"ENSRNOG00000019027","Habp4",9.47299911124437
"ENSRNOG00000024535","Zzef1",9.47289661391932
"ENSRNOG00000012942","Satb1",9.47282479541144
"ENSRNOG00000019992","Cnbd2",9.47267474251457
"ENSRNOG00000053306","Washc1",9.47192302774969
"ENSRNOG00000021147","Bad",9.47141754488056
"ENSRNOG00000010805","Fabp4",9.47118577221995
"ENSRNOG00000051977","Mmrn2",9.47077955588218
"ENSRNOG00000013271","Ireb2",9.4699747972113
"ENSRNOG00000008912","Aqr",9.46980271493802
"ENSRNOG00000000112","Champ1",9.46973483082209
"ENSRNOG00000010028","Polr3d",9.46918937090745
"ENSRNOG00000014163","Zfp536",9.46894536260816
"ENSRNOG00000003600","Pnpt1",9.46888090191232
"ENSRNOG00000012951","Kctd9",9.46852878586791
"ENSRNOG00000012146","Pomt2",9.46844112835643
"ENSRNOG00000000613","Tfam",9.46761185370267
"ENSRNOG00000014743","Hagh",9.46750631577362
"ENSRNOG00000001449","Pom121",9.46696295958186
"ENSRNOG00000016357","Golm2",9.46671765017195
"ENSRNOG00000005138","Pip4k2c",9.46636232351321
"ENSRNOG00000000657","Nek7",9.46631003073201
"ENSRNOG00000019005","Pde8a",9.4660593551186
"ENSRNOG00000034200","Atp8a1",9.46557586039687
"ENSRNOG00000002833","Gsk3b",9.46552462018486
"ENSRNOG00000049281","Gba1",9.46541567346811
"ENSRNOG00000015511","Atic",9.46497107270165
"ENSRNOG00000002934","Atp1b1",9.46471046467259
"ENSRNOG00000001402","Lrch4",9.46434118121273
"ENSRNOG00000050016","Gtf3a",9.46432669402397
"ENSRNOG00000002040","Bmp2k",9.4640935985743
"ENSRNOG00000017328","Pter",9.46327751264707
"ENSRNOG00000009401","Lmo2",9.4632710655659
"ENSRNOG00000008613","Gatad1",9.46304557434725
"ENSRNOG00000019388","Egfl7",9.46233611268709
"ENSRNOG00000022395","Tnrc6c",9.46205126855013
"ENSRNOG00000010993","Dpm1",9.46162050894734
"ENSRNOG00000054725","Gtf3c4",9.46147793756039
"ENSRNOG00000027183","Zfyve9",9.46065560041488
"ENSRNOG00000025155","Lmtk2",9.46010086179919
"ENSRNOG00000003302","Flcn",9.45995576211597
"ENSRNOG00000020144","Rusf1",9.45890811637712
"ENSRNOG00000019785","Phtf1",9.45856020012387
"ENSRNOG00000013220","Arhgap45",9.45831147913225
"ENSRNOG00000060496","Kdm5d",9.45800667904482
"ENSRNOG00000039852","Cactin",9.45689470405098
"ENSRNOG00000019741","Isyna1",9.45676792942658
"ENSRNOG00000003953","Rab3gap1",9.45629135723496
"ENSRNOG00000000122","Ak2",9.45568203559951
"ENSRNOG00000008484","Pdcl",9.4552157725275
"ENSRNOG00000040122","Myoz1",9.45519251709149
"ENSRNOG00000012209","Cdadc1",9.45509983012056
"ENSRNOG00000000702","Sart3",9.45486128764307
"ENSRNOG00000049783","Rcor1",9.4548293798374
"ENSRNOG00000019299","Edem2",9.45469459229639
"ENSRNOG00000018279","Sfxn1",9.45443966215552
"ENSRNOG00000027867","Rexo4",9.45439043359501
"ENSRNOG00000019883","Pak4",9.45401538246528
"ENSRNOG00000014303","Lrp11",9.45390035413803
"ENSRNOG00000060853","Iah1",9.45377091728046
"ENSRNOG00000020679","Icam1",9.45334993771989
"ENSRNOG00000027016","Cobll1",9.45250696627524
"ENSRNOG00000001585","Nrip1",9.45247497714351
"ENSRNOG00000021110","Mllt11",9.45245597256508
"ENSRNOG00000001088","Rfc3",9.45146268015842
"ENSRNOG00000008390","Dcun1d5",9.44992335183097
"ENSRNOG00000004169","Fzr1",9.44982362562227
"ENSRNOG00000000506","Tead3",9.44961774178596
"ENSRNOG00000024945","Dusp18",9.44949588633441
"ENSRNOG00000055641","Dnase1l1",9.44935150367049
"ENSRNOG00000015734","Ube3a",9.44921175928412
"ENSRNOG00000016576","Carmil1",9.44893967618619
"ENSRNOG00000003063","Phka1",9.4484250602618
"ENSRNOG00000006636","Otud6b",9.44813304722247
"ENSRNOG00000021781","Camk1",9.44732088120701
"ENSRNOG00000000480","Phf1",9.44627805598263
"ENSRNOG00000004578","Cthrc1",9.44602393470567
"ENSRNOG00000002454","Rnf2",9.444932812021
"ENSRNOG00000004312","Tmbim4",9.44432749489165
"ENSRNOG00000018007","Gtf2h5",9.44392658540856
"ENSRNOG00000020230","Pias4",9.44372609176119
"ENSRNOG00000001524","Hat1",9.44325053115429
"ENSRNOG00000018051","Farp2",9.44299715264112
"ENSRNOG00000014340","Pdcd7",9.44273779181859
"ENSRNOG00000001044","Aimp2",9.44269905601673
"ENSRNOG00000016875","Cbx7",9.44182849941422
"ENSRNOG00000014478","Fndc3a",9.44164455317724
"ENSRNOG00000016200","Lzic",9.44076855478086
"ENSRNOG00000002775","Npl",9.4402198674332
"ENSRNOG00000009430","Gnl2",9.44000837812051
"ENSRNOG00000009001","Mtss1",9.44000374951534
"ENSRNOG00000002795","Cog1",9.43996812315848
"ENSRNOG00000010067","Lypla2",9.43965877721573
"ENSRNOG00000013581","Extl3",9.43891921138153
"ENSRNOG00000001797","Umps",9.43878201307381
"ENSRNOG00000010887","C8h11orf54",9.43843348379142
"ENSRNOG00000050317","Bltp3b",9.4380266621699
"ENSRNOG00000017090","C19h16orf87",9.43765487732285
"ENSRNOG00000020488","Luc7l1",9.43699776911787
"ENSRNOG00000005600","Nr4a2",9.43656153733264
"ENSRNOG00000003276","Myo1d",9.43592240611209
"ENSRNOG00000053518","Zscan26",9.43564729953112
"ENSRNOG00000008173","Sesn3",9.43504240716542
"ENSRNOG00000050052","Cox19",9.43503061453013
"ENSRNOG00000011762","Elf1",9.43492240563758
"ENSRNOG00000013165","Bet1l",9.43384242307478
"ENSRNOG00000034258","Xirp2",9.43381589090379
"ENSRNOG00000010466","Chpf2",9.43169881336271
"ENSRNOG00000023463","Parp9",9.43131080564354
"ENSRNOG00000014252","Irf2bp1",9.43109220939199
"ENSRNOG00000014750","Tasor",9.43097148299431
"ENSRNOG00000013911","Nagk",9.4294299326043
"ENSRNOG00000015582","Me2",9.42931699554961
"ENSRNOG00000006894","Tor1a",9.42746529100873
"ENSRNOG00000009039","Trappc12",9.42740935784479
"ENSRNOG00000014565","Lcmt1",9.42662354856918
"ENSRNOG00000059875","Zfyve26",9.42661225064385
"ENSRNOG00000001785","Etv5",9.42650765004176
"ENSRNOG00000051151","Gmps",9.42646202588012
"ENSRNOG00000005289","Prkd3",9.4264257266567
"ENSRNOG00000034240","Bcor",9.42598403768198
"ENSRNOG00000012574","Pum3",9.42582827032776
"ENSRNOG00000052256","Dact3",9.42575929618223
"ENSRNOG00000013660","Cog6",9.4252883874999
"ENSRNOG00000021285","Celsr1",9.42517427316615
"ENSRNOG00000012552","Ints4",9.4250071363894
"ENSRNOG00000014459","Phax",9.42480234760732
"ENSRNOG00000005446","Gna11",9.42476921936474
"ENSRNOG00000036678","Aspscr1",9.42437226787498
"ENSRNOG00000015488","Tead1",9.42368198962403
"ENSRNOG00000029061","Hirip3",9.42319732132025
"ENSRNOG00000002104","Scaf4",9.42295233049253
"ENSRNOG00000005063","Atl1",9.42259032744038
"ENSRNOG00000017613","Tent4a",9.42229673790385
"ENSRNOG00000003792","Med14",9.4220691980373
"ENSRNOG00000013578","Trem2",9.42188746215408
"ENSRNOG00000059445","Aifm2",9.42166089714593
"ENSRNOG00000011528","Alg14",9.4214186250072
"ENSRNOG00000001383","Slc8b1",9.42103383531839
"ENSRNOG00000004831","Arid2",9.41962006342328
"ENSRNOG00000012702","Nfya",9.41906562382984
"ENSRNOG00000026517","Vrk3",9.41856504396623
"ENSRNOG00000060367","Rfx7",9.41848453088188
"ENSRNOG00000017120","Abhd2",9.41848440365027
"ENSRNOG00000010381","Mknk1",9.41830641228025
"ENSRNOG00000009015","Nfx1",9.41820950273905
"ENSRNOG00000053766","Ramp3",9.4181294997412
"ENSRNOG00000017874","Cd53",9.41772751326848
"ENSRNOG00000006841","Ano4",9.41644805323204
"ENSRNOG00000008051","Itpk1",9.41638181848567
"ENSRNOG00000028461","Gnl3",9.41595153983908
"ENSRNOG00000016034","Cnot9",9.41533296105415
"ENSRNOG00000006050","Med19",9.41499658367994
"ENSRNOG00000021682","Dcakd",9.41482350687951
"ENSRNOG00000021181","Sf3b4",9.41471972256062
"ENSRNOG00000015787","P3h4",9.41447866631828
"ENSRNOG00000019458","Shpk",9.41433408046581
"ENSRNOG00000017720","Mxd1",9.41395459577522
"ENSRNOG00000024170","Phf5a",9.41304737441604
"ENSRNOG00000000288","Scarf2",9.4129922198655
"ENSRNOG00000008482","Rbms1",9.41298045686292
"ENSRNOG00000015354","Aox1",9.41295267770725
"ENSRNOG00000009297","Chchd1",9.41262667247423
"ENSRNOG00000005102","Washc3",9.41225178154197
"ENSRNOG00000011758","Fkbp7",9.41166300941274
"ENSRNOG00000004910","Eif2d",9.41144857206885
"ENSRNOG00000015558","Zfp512b",9.41122563141579
"ENSRNOG00000012379","Wdr18",9.41078071472387
"ENSRNOG00000025185","Nup188",9.40952862168226
"ENSRNOG00000017091","Slc25a46",9.40899316839379
"ENSRNOG00000036576","Zdhhc6",9.40887191913254
"ENSRNOG00000015425","Ssx2ip",9.40879189082505
"ENSRNOG00000004006","Dnajb9",9.40876002382091
"ENSRNOG00000012420","Bcl9l",9.4082199576678
"ENSRNOG00000057813","Ift172",9.40788461060937
"ENSRNOG00000019439","Polr2g",9.40778699280218
"ENSRNOG00000019254","Dyrk1b",9.40726677880846
"ENSRNOG00000009451","Prpf38a",9.4068999532992
"ENSRNOG00000010580","Acot7",9.40626134760424
"ENSRNOG00000014984","Dmwd",9.40431144594617
"ENSRNOG00000027728","Ibtk",9.40430730420574
"ENSRNOG00000007692","Ift52",9.40429967288009
"ENSRNOG00000003578","Fem1c",9.40408320104413
"ENSRNOG00000003812","Nlgn3",9.4039535507181
"ENSRNOG00000009749","Wdr45",9.40294613061349
"ENSRNOG00000000477","Daxx",9.40277582816194
"ENSRNOG00000019511","Mrps18a",9.40274096753814
"ENSRNOG00000055331","Ints10",9.40232999916261
"ENSRNOG00000018118","Atad3a",9.40224908223958
"ENSRNOG00000018395","Usp40",9.40212782118711
"ENSRNOG00000024101","Phkb",9.40175286763374
"ENSRNOG00000047816","Ccs",9.40141863531136
"ENSRNOG00000016714","Nrap",9.40107942205238
"ENSRNOG00000000503","Ppard",9.40038721513231
"ENSRNOG00000008214","Fbxo9",9.40001972154793
"ENSRNOG00000017523","H6pd",9.39996270712657
"ENSRNOG00000011865","Ciao2b",9.39941103685598
"ENSRNOG00000012514","Abhd17b",9.39891374557041
"ENSRNOG00000008557","Abcb8",9.39889858476518
"ENSRNOG00000007018","Mapkbp1",9.39884786071497
"ENSRNOG00000016528","Ppp1r21",9.39855335743506
"ENSRNOG00000002278","Tec",9.39813013320666
"ENSRNOG00000026662","Plekhf2",9.39708494048019
"ENSRNOG00000001086","Vps37b",9.39698319541664
"ENSRNOG00000049385","Adamtsl4",9.39696938685642
"ENSRNOG00000013438","Yae1",9.39615895955052
"ENSRNOG00000020487","Coa3",9.39593244957457
"ENSRNOG00000010311","Dzip1",9.394981573548
"ENSRNOG00000005528","Tbk1",9.39479937682271
"ENSRNOG00000005689","Yeats4",9.39465841138374
"ENSRNOG00000043295","C10h17orf58",9.39447481423325
"ENSRNOG00000026643","Chordc1",9.39440396004774
"ENSRNOG00000008456","Thoc5",9.39439859970299
"ENSRNOG00000032240","Gbp5",9.39435903275449
"ENSRNOG00000034198","Tceal9",9.39421740463694
"ENSRNOG00000009323","Atosb",9.39401234176357
"ENSRNOG00000010827","Ptbp2",9.39395405378684
"ENSRNOG00000018485","Gpr155",9.39220497882001
"ENSRNOG00000008142","Brpf1",9.39176274294307
"ENSRNOG00000060914","Nudcd2",9.3912010838176
"ENSRNOG00000002575","Sap30l",9.39082854900014
"ENSRNOG00000015346","Obsl1",9.39066995660497
"ENSRNOG00000021750","Id1",9.38999582125761
"ENSRNOG00000008689","Cbx1",9.3895719595501
"ENSRNOG00000009406","Tm9sf4",9.38851901316103
"ENSRNOG00000002129","Lrrc8b",9.3882018681134
"ENSRNOG00000019978","Parg",9.38762851706981
"ENSRNOG00000008212","Wdr5",9.38753472727028
"ENSRNOG00000050298","Rfng",9.38726236114063
"ENSRNOG00000006394","Tbc1d10a",9.3872453754984
"ENSRNOG00000021017","Ca11",9.38653538585527
"ENSRNOG00000011622","Echdc1",9.38639614133835
"ENSRNOG00000012724","Czib",9.38637339647322
"ENSRNOG00000054557","Lsm14b",9.38617790906457
"ENSRNOG00000006139","Stx18",9.38571616758987
"ENSRNOG00000030355","Mroh1",9.3851413459716
"ENSRNOG00000022015","Cntrl",9.38439851991902
"ENSRNOG00000004659","Creld2",9.3836504728603
"ENSRNOG00000014284","Elof1",9.38322337716594
"ENSRNOG00000027008","Igtp",9.38309765429543
"ENSRNOG00000009824","Irf2",9.38299135581779
"ENSRNOG00000014742","Ankrd13b",9.38278094400205
"ENSRNOG00000019953","Ube2f",9.38267339684139
"ENSRNOG00000005602","Mthfd1",9.3821705020965
"ENSRNOG00000004967","Snrpb2",9.38192019545998
"ENSRNOG00000004402","Lpgat1",9.38181424233807
"ENSRNOG00000032590","Ttc28",9.38146415822569
"ENSRNOG00000001061","Rilpl2",9.38107699268292
"ENSRNOG00000025629","Prpf3",9.38090827543413
"ENSRNOG00000051056","Fndc4",9.38060628545425
"ENSRNOG00000033772","Serpinb9",9.38059697988762
"ENSRNOG00000016166","Pdlim1",9.38034846861976
"ENSRNOG00000004345","Daam1",9.38008593474652
"ENSRNOG00000012014","Fhip2b",9.37985066977023
"ENSRNOG00000015439","Man2a1",9.37952209544599
"ENSRNOG00000021006","Tmem147",9.37929255072263
"ENSRNOG00000014305","Fbxo42",9.37922952501414
"ENSRNOG00000020744","Adar",9.3786764694697
"ENSRNOG00000005569","Phospho1",9.37854907334215
"ENSRNOG00000020640","Zbtb7b",9.37789322989614
"ENSRNOG00000046023","Exoc4",9.37789231473482
"ENSRNOG00000012007","Slc38a7",9.37778145554289
"ENSRNOG00000014674","Exosc9",9.37763041721401
"ENSRNOG00000028090","Arhgef18",9.37756284004832
"ENSRNOG00000024241","Cdc23",9.37642076126195
"ENSRNOG00000014595","Brf1",9.37632285425755
"ENSRNOG00000003211","Srp9",9.37551345686205
"ENSRNOG00000009078","Mrpl37",9.37544202109822
"ENSRNOG00000015143","Siah1",9.37470920325867
"ENSRNOG00000007221","Dut",9.37448163426005
"ENSRNOG00000001632","Brwd1",9.37400429032833
"ENSRNOG00000027940","Plppr3",9.37397254901422
"ENSRNOG00000031801","Ephb3",9.37380087629494
"ENSRNOG00000016151","Ankrd23",9.37278962775747
"ENSRNOG00000039587","Wdr13",9.37274685241633
"ENSRNOG00000046769","Mms19",9.3724308853788
"ENSRNOG00000001225","Slx9",9.37179354950272
"ENSRNOG00000019550","Slc11a2",9.36982900122954
"ENSRNOG00000053234","Cnot3",9.36979386888819
"ENSRNOG00000003178","Mageh1",9.36968854608743
"ENSRNOG00000021732","Hsf1",9.36883473940759
"ENSRNOG00000059550","Ppp1r8",9.36864655485934
"ENSRNOG00000020297","Gon4l",9.36861621083274
"ENSRNOG00000020659","Mrpl4",9.36836138949454
"ENSRNOG00000020776","Dhcr7",9.36818647120496
"ENSRNOG00000009311","Fstl3",9.36759699970446
"ENSRNOG00000009761","Tmod1",9.36752314628054
"ENSRNOG00000009719","C2cd2l",9.36703007238827
"ENSRNOG00000021174","Macrod1",9.36696125682445
"ENSRNOG00000003919","Rps6kb1",9.36690053467488
"ENSRNOG00000053450","Myadm",9.36686497276724
"ENSRNOG00000017215","Ark2n",9.36554412949237
"ENSRNOG00000056562","Olfml1",9.365473218478
"ENSRNOG00000003958","Commd10",9.36534200595794
"ENSRNOG00000022162","Pbx3",9.36485932190157
"ENSRNOG00000028521","Plekhm1",9.36475154807046
"ENSRNOG00000004219","Dhps",9.36430326491925
"ENSRNOG00000003300","Btg2",9.36423707673767
"ENSRNOG00000052247","Manba",9.36373506760312
"ENSRNOG00000002229","Adcy5",9.36355469032159
"ENSRNOG00000000827","Ier3",9.36336478000448
"ENSRNOG00000018971","Mob3a",9.36321889172788
"ENSRNOG00000002810","Gfpt2",9.36313823828682
"ENSRNOG00000001647","Ets2",9.36232189735697
"ENSRNOG00000017188","Cyp27a1",9.36191617842479
"ENSRNOG00000017787","Ripk1",9.3615403803936
"ENSRNOG00000012787","Tmem164",9.36124183456932
"ENSRNOG00000017508","Kmt5c",9.36065509814845
"ENSRNOG00000004807","Arf2",9.36053189857225
"ENSRNOG00000009176","Mkrn2",9.35998725632061
"ENSRNOG00000012087","Ufsp2",9.35935605208915
"ENSRNOG00000013851","Spry4",9.35930231746968
"ENSRNOG00000061080","Kmt2c",9.35908633213334
"ENSRNOG00000020264","Dhrs1",9.35859024763681
"ENSRNOG00000061040","Herc4",9.35842134588838
"ENSRNOG00000020213","Tubg1",9.35808868139626
"ENSRNOG00000017222","Abraxas2",9.35790453337472
"ENSRNOG00000002452","Txndc11",9.35775152657355
"ENSRNOG00000054063","Naa80",9.35765937210215
"ENSRNOG00000052393","Bscl2",9.3576086730313
"ENSRNOG00000000420","Nelfe",9.35637683257985
"ENSRNOG00000008523","Faf1",9.35581681781203
"ENSRNOG00000024437","Blcap",9.35557853063712
"ENSRNOG00000000435","Ppt2",9.35551508711874
"ENSRNOG00000006199","Crppa",9.35518204044764
"ENSRNOG00000030830","Mex3d",9.35477775512826
"ENSRNOG00000052305","Cnot10",9.35471067796551
"ENSRNOG00000000082","Hltf",9.35453822371363
"ENSRNOG00000023591","Ppp2r3c",9.35433542936182
"ENSRNOG00000008642","Snx11",9.35387857930172
"ENSRNOG00000000593","Rev3l",9.3533334811194
"ENSRNOG00000016665","Tpra1",9.35249945833898
"ENSRNOG00000003825","Wdr75",9.35220498120112
"ENSRNOG00000007237","Id2",9.3514184894403
"ENSRNOG00000015121","N4bp1",9.35138619986564
"ENSRNOG00000021233","Itpa",9.35122971363034
"ENSRNOG00000019235","Rbm22",9.35010942548256
"ENSRNOG00000019552","Lsm7",9.35000818777568
"ENSRNOG00000019930","Rhot2",9.34974315615214
"ENSRNOG00000010516","Plau",9.34955616463392
"ENSRNOG00000017913","Atg16l1",9.34922041132536
"ENSRNOG00000004766","Glis2",9.34913844108892
"ENSRNOG00000051232","Gbe1",9.34907558627407
"ENSRNOG00000007047","Eps8",9.34859703006267
"ENSRNOG00000003803","Zdhhc17",9.34737818192647
"ENSRNOG00000012480","Pxylp1",9.34716151953538
"ENSRNOG00000002152","Dcun1d4",9.34712873658701
"ENSRNOG00000010137","Xpo4",9.34616116080603
"ENSRNOG00000008372","Vamp7",9.34544037208895
"ENSRNOG00000021528","Tusc2",9.34533478047896
"ENSRNOG00000008165","Tpx2",9.34531742630186
"ENSRNOG00000027089","Ell2",9.34510140373316
"ENSRNOG00000001138","Taok3",9.34453772047823
"ENSRNOG00000004962","Prdm4",9.34441500004679
"ENSRNOG00000013423","Nup50",9.34437254979426
"ENSRNOG00000032705","Bcl7b",9.34413285285806
"ENSRNOG00000013078","Zcchc7",9.34399286492935
"ENSRNOG00000004063","Sh3pxd2b",9.34376460970721
"ENSRNOG00000013878","Hmgxb4",9.34331231400774
"ENSRNOG00000016313","Ctnnbip1",9.34323125617134
"ENSRNOG00000048701","Rpl38-ps9",9.3421205992862
"ENSRNOG00000027722","H1f10",9.3417484364476
"ENSRNOG00000015029","Dbt",9.34110962813674
"ENSRNOG00000010918","Cebpa",9.34068669469791
"ENSRNOG00000018697","Abcb6",9.3405133971394
"ENSRNOG00000018048","Dctn5",9.34009941480122
"ENSRNOG00000020702","Cyb561a3",9.33997053940956
"ENSRNOG00000009019","Slc6a6",9.33978294073959
"ENSRNOG00000037647","Ostm1",9.33890776600276
"ENSRNOG00000007884","Bcap29",9.33801039817421
"ENSRNOG00000002373","Akap1",9.33794777666153
"ENSRNOG00000018987","Crebzf",9.33740892212082
"ENSRNOG00000008215","Trim47",9.33720800192262
"ENSRNOG00000049985","Gprasp1",9.33678635482662
"ENSRNOG00000015218","Nsmce1",9.33582911779766
"ENSRNOG00000054017","H2ac12",9.33573718280452
"ENSRNOG00000060750","Rnf111",9.33554817581561
"ENSRNOG00000056940","Cited2",9.3344121215786
"ENSRNOG00000019109","Thap11",9.33433063038224
"ENSRNOG00000003461","Zfp330",9.33430029808865
"ENSRNOG00000004172","Pdk2",9.33340826251285
"ENSRNOG00000000451","RT1-Ba",9.33285650045688
"ENSRNOG00000010477","Pomt1",9.33213838408069
"ENSRNOG00000013791","Enpp3",9.33169013316336
"ENSRNOG00000055466","Derl2",9.33167380522893
"ENSRNOG00000000467","Ring1",9.33096276315441
"ENSRNOG00000016532","Ino80c",9.33082634780797
"ENSRNOG00000022234","Mrpl24",9.33068007571128
"ENSRNOG00000018877","Zfp629",9.33043408389826
"ENSRNOG00000015762","Abtb1",9.33024620914787
"ENSRNOG00000052111","Sugp1",9.33017563308478
"ENSRNOG00000033206","Entpd5",9.32980421261456
"ENSRNOG00000007743","Mgst1",9.32941309354268
"ENSRNOG00000046000","Clasrp",9.32939460115295
"ENSRNOG00000019165","Mrpl51",9.32914632528767
"ENSRNOG00000014598","Abhd13",9.32903133924082
"ENSRNOG00000012364","Prickle2",9.32898632534365
"ENSRNOG00000017372","Higd2a",9.32866660443998
"ENSRNOG00000018046","Lgals8",9.32790690740388
"ENSRNOG00000003129","Zfp496",9.32742460654127
"ENSRNOG00000019268","Pelp1",9.32730582405604
"ENSRNOG00000022245","Msantd4",9.32705819376817
"ENSRNOG00000015441","Il4r",9.3268016397847
"ENSRNOG00000042720","Mrpl28",9.32662365052303
"ENSRNOG00000024539","Ndufb6",9.32638648507529
"ENSRNOG00000009020","Gfus",9.32541351709403
"ENSRNOG00000012512","Nexn",9.32537993135822
"ENSRNOG00000010379","Celf1",9.32529742111643
"ENSRNOG00000011093","Ssna1",9.32526494265397
"ENSRNOG00000023874","Tmem62",9.32475401487745
"ENSRNOG00000013916","Nefm",9.32470588408985
"ENSRNOG00000021245","Adissp",9.32464940787434
"ENSRNOG00000016733","Rab13",9.32405860887977
"ENSRNOG00000013498","Pex14",9.32370415157371
"ENSRNOG00000027628","Elp5",9.32267872497041
"ENSRNOG00000009567","Mrpl10",9.32171955453047
"ENSRNOG00000016509","Usp10",9.32168750135745
"ENSRNOG00000019918","Coasy",9.32094913483778
"ENSRNOG00000020284","Prkar2a",9.32086398773924
"ENSRNOG00000014946","Thumpd1",9.32053662191441
"ENSRNOG00000014528","Zswim6",9.32045070729081
"ENSRNOG00000057794","Adamts5",9.32036748023221
"ENSRNOG00000010409","Nol6",9.31977824347175
"ENSRNOG00000020300","Lsp1",9.31972051739529
"ENSRNOG00000013140","Pdzd2",9.31942915872881
"ENSRNOG00000018128","Unc50",9.31932557528796
"ENSRNOG00000013024","Csgalnact1",9.31887370095343
"ENSRNOG00000019087","Fam174a",9.31857340952459
"ENSRNOG00000001573","Usp25",9.31836545179886
"ENSRNOG00000007719","Ccnc",9.31756233378026
"ENSRNOG00000024363","Sertad1",9.31734352988551
"ENSRNOG00000027569","Trappc9",9.31691271458394
"ENSRNOG00000024352","Tyw1",9.31660166831533
"ENSRNOG00000020201","Yif1a",9.31658589313458
"ENSRNOG00000014476","Evl",9.31577293993599
"ENSRNOG00000012149","Gpsm2",9.31521251646332
"ENSRNOG00000004226","Irak3",9.31436144088766
"ENSRNOG00000056889","Vps33a",9.31395905860935
"ENSRNOG00000014582","Mrpl18",9.31392463850074
"ENSRNOG00000003470","Fundc1",9.31384139274322
"ENSRNOG00000016201","Mrps9",9.3136608723338
"ENSRNOG00000018838","Paox",9.31359400027395
"ENSRNOG00000004220","Ebag9",9.31281646574867
"ENSRNOG00000007720","Rnf26",9.31265275550926
"ENSRNOG00000002959","Shroom4",9.31243316887734
"ENSRNOG00000009236","Necap1",9.31085523794895
"ENSRNOG00000001928","Il1rap",9.31038184680861
"ENSRNOG00000022778","Pphln1",9.31021011624957
"ENSRNOG00000013798","Fnbp1l",9.31019085274053
"ENSRNOG00000002781","Kdsr",9.3101781705564
"ENSRNOG00000011747","Tmem205",9.30983324185889
"ENSRNOG00000030183","Plod2",9.30955716898604
"ENSRNOG00000040297","Skic3",9.30922182127522
"ENSRNOG00000006779","Crot",9.30862952563791
"ENSRNOG00000019181","Synpo",9.30777941099288
"ENSRNOG00000008758","Tspan18",9.3074032338133
"ENSRNOG00000008048","Plscr1",9.30696214299819
"ENSRNOG00000018778","Cadm1",9.30681192909347
"ENSRNOG00000008081","Ddx27",9.30680866778238
"ENSRNOG00000002874","Rbm25",9.30656773635233
"ENSRNOG00000057186","Kctd5",9.30636758764901
"ENSRNOG00000019325","Rnf185",9.30626790102523
"ENSRNOG00000013669","Pik3r4",9.30623928070103
"ENSRNOG00000015217","Ltv1",9.3054044743326
"ENSRNOG00000015339","Shoc2",9.30538657256072
"ENSRNOG00000028556","Usp30",9.30491046817373
"ENSRNOG00000015310","Lrrc32",9.30464288779214
"ENSRNOG00000050741","Rbm4",9.30460938156257
"ENSRNOG00000009222","Epha2",9.30433643847641
"ENSRNOG00000000501","Zfp523",9.30424386034151
"ENSRNOG00000014483","Ino80",9.30385299415734
"ENSRNOG00000017619","Aldh1a1",9.30374871838512
"ENSRNOG00000007582","Zswim4",9.30320875888277
"ENSRNOG00000045524","Slc39a3",9.3031952978395
"ENSRNOG00000012873","Gfm1",9.30317160458391
"ENSRNOG00000001842","Mrps35",9.30275955566886
"ENSRNOG00000009545","Polr1a",9.30255241151366
"ENSRNOG00000010171","Elk1",9.30201563495675
"ENSRNOG00000005606","Med1",9.30162495846038
"ENSRNOG00000037113","Slfn2",9.30114182949715
"ENSRNOG00000004300","Gtf2a1",9.30102756170774
"ENSRNOG00000001410","Gigyf1",9.30101586324674
"ENSRNOG00000008872","Tmem68",9.30097254568558
"ENSRNOG00000000130","Dnajb5",9.30082671276504
"ENSRNOG00000017191","Trim5",9.30059393578154
"ENSRNOG00000019075","Stat5b",9.30006229874675
"ENSRNOG00000005039","Tfpi",9.29954923903212
"ENSRNOG00000008332","Smo",9.29921163237693
"ENSRNOG00000055300","Ncapd2",9.29900130080554
"ENSRNOG00000056954","Inpp5k",9.29867973680791
"ENSRNOG00000008915","Prima1",9.29861918667969
"ENSRNOG00000004723","Fcf1",9.2982906549231
"ENSRNOG00000019983","Mlx",9.2971845810251
"ENSRNOG00000024497","U2af1l4",9.29709094415543
"ENSRNOG00000020658","Aarsd1",9.29703410315875
"ENSRNOG00000058007","Nde1",9.2968230455056
"ENSRNOG00000018403","Atg4b",9.29645167295939
"ENSRNOG00000000392","Supv3l1",9.29639902468489
"ENSRNOG00000019369","Slx1b",9.29617346864565
"ENSRNOG00000000922","Sumf2",9.29589491169173
"ENSRNOG00000015514","Bcat1",9.29584901015778
"ENSRNOG00000014900","Crem",9.29577203875827
"ENSRNOG00000018214","Bok",9.29555635989094
"ENSRNOG00000053023","Tafazzin",9.29472990718773
"ENSRNOG00000005772","Hacd4",9.29470318891155
"ENSRNOG00000058973","Atad2b",9.29465512556193
"ENSRNOG00000001108","N4bp2l2",9.29424027425178
"ENSRNOG00000014363","Arhgef3",9.29414327158256
"ENSRNOG00000005033","Acvr1",9.29338669155336
"ENSRNOG00000019712","Ints11",9.29265931609968
"ENSRNOG00000001875","Smpd4",9.29179964993495
"ENSRNOG00000019908","Lamtor2",9.29006564914341
"ENSRNOG00000012021","Ctnnbl1",9.28980290440525
"ENSRNOG00000014874","Zfyve28",9.28979872996912
"ENSRNOG00000010178","Cgrrf1",9.28956951529903
"ENSRNOG00000010819","Hspa4l",9.289240842145
"ENSRNOG00000001613","Zbtb11",9.28911042754393
"ENSRNOG00000006895","Vps53",9.28899097182997
"ENSRNOG00000014357","Gja4",9.28888829107098
"ENSRNOG00000000476","Zbtb22",9.28851718367648
"ENSRNOG00000019596","Smg9",9.28834071159372
"ENSRNOG00000022500","Rwdd4",9.2869879156082
"ENSRNOG00000017552","Mrpl34",9.28698536072171
"ENSRNOG00000023453","Lrba",9.28697824745473
"ENSRNOG00000047456","Yju2",9.28664592812862
"ENSRNOG00000029726","Gstm1",9.2865664315831
"ENSRNOG00000001623","Zbtb21",9.28642906252497
"ENSRNOG00000058593","Zbtb1",9.28638642827781
"ENSRNOG00000050742","Dnmbp",9.28637413355404
"ENSRNOG00000011561","Nln",9.28623788944467
"ENSRNOG00000012803","Skic8",9.28619754676022
"ENSRNOG00000016121","Trip4",9.28600493317098
"ENSRNOG00000060144","Ankle2",9.28596096281897
"ENSRNOG00000004581","Zdhhc9",9.28583266664535
"ENSRNOG00000021131","Mindy1",9.28541724794541
"ENSRNOG00000025145","Rmdn1",9.28522855142461
"ENSRNOG00000022922","Slc25a12",9.28471368911558
"ENSRNOG00000061100","Tmem150a",9.284588672516
"ENSRNOG00000016689","Fanci",9.28415370412085
"ENSRNOG00000032948","Tyk2",9.28394464227345
"ENSRNOG00000003031","Atp2b4",9.28377317290997
"ENSRNOG00000015508","Relch",9.28366929836049
"ENSRNOG00000004137","Ubtd2",9.28324306762867
"ENSRNOG00000007681","Brd3",9.28309612730466
"ENSRNOG00000016316","Mcm2",9.28307192799969
"ENSRNOG00000021295","Rae1",9.28303192329898
"ENSRNOG00000018372","Cul9",9.28284111358581
"ENSRNOG00000005795","Aasdhppt",9.28277178671299
"ENSRNOG00000047213","Gnpda1",9.2825843042392
"ENSRNOG00000017660","Inpp4a",9.28240106570912
"ENSRNOG00000020605","Pstk",9.28216972210906
"ENSRNOG00000008933","Plbd1",9.28181789217438
"ENSRNOG00000005576","Rpia",9.28157844853649
"ENSRNOG00000061213","Kgd4",9.28148907717271
"ENSRNOG00000020772","Dhx8",9.2814331029502
"ENSRNOG00000000264","Def8",9.28080197196409
"ENSRNOG00000016360","Gps2",9.28011742567497
"ENSRNOG00000012019","B3galnt1",9.27954798510705
"ENSRNOG00000014917","Nck1",9.27935925446337
"ENSRNOG00000001396","Mospd3",9.27880688107233
"ENSRNOG00000002376","Clasp1",9.2779003654164
"ENSRNOG00000001441","Tmem120a",9.27782034907742
"ENSRNOG00000017369","Mustn1",9.27706142062832
"ENSRNOG00000037207","Ubr1",9.27702428819003
"ENSRNOG00000013933","Med27",9.27685825316725
"ENSRNOG00000027151","Lrrc58",9.27678341976346
"ENSRNOG00000011991","Slc10a7",9.27591083891132
"ENSRNOG00000018659","Csf1",9.27560229117944
"ENSRNOG00000014128","Ecsit",9.27475159952138
"ENSRNOG00000008637","Strada",9.27374485292249
"ENSRNOG00000017610","Nedd4l",9.27367096649973
"ENSRNOG00000021323","Ca13",9.27354210663554
"ENSRNOG00000010523","Naa20",9.27305959114037
"ENSRNOG00000015583","Dnal4",9.27290170340451
"ENSRNOG00000014322","Kazn",9.27284162442577
"ENSRNOG00000008987","Rnf139",9.27252016552529
"ENSRNOG00000002944","C10h1orf35",9.27248012527766
"ENSRNOG00000027175","Cnpy4",9.27245598112731
"ENSRNOG00000049828","Crlf2",9.27234412257546
"ENSRNOG00000055564","C3h11orf96",9.27170911322701
"ENSRNOG00000013777","Rnf166",9.27160635415022
"ENSRNOG00000020996","Vps51",9.27114194454394
"ENSRNOG00000002423","Fam114a2",9.2701509447239
"ENSRNOG00000023278","Sec61a2",9.27010789562383
"ENSRNOG00000022615","Tp53i13",9.26983678152681
"ENSRNOG00000018719","Cir1",9.26965026542973
"ENSRNOG00000006103","Tbc1d31",9.26958639340686
"ENSRNOG00000017919","Nup133",9.26958156761848
"ENSRNOG00000015280","Actr8",9.26914281238982
"ENSRNOG00000016773","Sap130",9.26897909143353
"ENSRNOG00000004940","Rnf215",9.26890746024159
"ENSRNOG00000010775","Arrdc4",9.2687159252244
"ENSRNOG00000026211","Mri1",9.26854479055612
"ENSRNOG00000004165","Prkd1",9.26805233828885
"ENSRNOG00000012937","Wwp2",9.26802806737227
"ENSRNOG00000010712","Terf2ip",9.26781481816323
"ENSRNOG00000014044","Pank4",9.26775241402732
"ENSRNOG00000014285","Ssh2",9.26716256295478
"ENSRNOG00000030127","Eml2",9.2667336384205
"ENSRNOG00000002436","Mmd",9.26643052038888
"ENSRNOG00000021218","Pias3",9.26630041406951
"ENSRNOG00000006355","Akap8l",9.26585989820512
"ENSRNOG00000052721","Kdm6a",9.26585002846149
"ENSRNOG00000058694","Alg5",9.26565854182799
"ENSRNOG00000003988","Dnajc27",9.26545646984581
"ENSRNOG00000000081","Antxr2",9.26520792865211
"ENSRNOG00000014382","C2cd5",9.26518483607935
"ENSRNOG00000006934","Acvr1b",9.26467735691549
"ENSRNOG00000020703","Sipa1l3",9.26462670906338
"ENSRNOG00000054259","Klf11",9.2643617538458
"ENSRNOG00000005291","Slc38a1",9.26425263105475
"ENSRNOG00000024085","Tmem237",9.26410798116636
"ENSRNOG00000019890","Folr2",9.26365688069015
"ENSRNOG00000058908","Hmgb1-ps8",9.26361030910805
"ENSRNOG00000011070","Gnb4",9.26340791294804
"ENSRNOG00000056647","Ascc1",9.2629713722151
"ENSRNOG00000008106","Shmt2",9.26236186862007
"ENSRNOG00000005882","Tle1",9.2617673419918
"ENSRNOG00000032677","Tssc4",9.26172815387353
"ENSRNOG00000043286","Cpne2",9.26142940415111
"ENSRNOG00000010428","Bahd1",9.26130620966252
"ENSRNOG00000007679","Cyth4",9.26106157289264
"ENSRNOG00000004777","Esf1",9.26097227995771
"ENSRNOG00000039559","Fam219a",9.26032785979337
"ENSRNOG00000028822","Bex3",9.25959159583473
"ENSRNOG00000019960","Ino80e",9.25928634430927
"ENSRNOG00000056223","Tfb1m",9.25858208395245
"ENSRNOG00000009412","Lrch1",9.25857732489717
"ENSRNOG00000033372","Klhl24",9.25819688480239
"ENSRNOG00000021931","Uba6",9.25815557534282
"ENSRNOG00000004903","Ebp",9.2579951442785
"ENSRNOG00000019946","Gmppa",9.25780166363083
"ENSRNOG00000006302","Gclc",9.25738740069615
"ENSRNOG00000020044","Mob2",9.25667297698029
"ENSRNOG00000010502","Fbxo8",9.25607790699205
"ENSRNOG00000014029","Klhl13",9.25556602850691
"ENSRNOG00000048250","Ldaf1",9.25455532862595
"ENSRNOG00000013751","Plpbp",9.25429264765923
"ENSRNOG00000039871","Cep15",9.25411563207696
"ENSRNOG00000014616","Iars1",9.25385523668735
"ENSRNOG00000029447","Epc2",9.25361264891232
"ENSRNOG00000012073","Abhd14b",9.25359791685808
"ENSRNOG00000008274","Xpc",9.25341692187871
"ENSRNOG00000025895","Cavin2",9.25334966034897
"ENSRNOG00000019140","Banp",9.25312915471071
"ENSRNOG00000019859","Pla2g15",9.25183329093932
"ENSRNOG00000008870","Atf7ip",9.25150305448317
"ENSRNOG00000021524","Mrap",9.25093387385082
"ENSRNOG00000027126","Dpy30",9.25085980254781
"ENSRNOG00000018775","Cystm1",9.25028867286135
"ENSRNOG00000017993","Abcb10",9.24939885354721
"ENSRNOG00000019169","Fsaf1",9.24824241061878
"ENSRNOG00000016379","Jtb",9.24807227629
"ENSRNOG00000011007","Ube2o",9.24774728645112
"ENSRNOG00000022141","Ctdspl2",9.24647099384304
"ENSRNOG00000011287","Minpp1",9.24507136871116
"ENSRNOG00000012085","Isca2",9.2446042469687
"ENSRNOG00000020204","Srp19",9.24436432147414
"ENSRNOG00000017459","C1ql3",9.24399611758492
"ENSRNOG00000061039","Prpf31",9.24398589063008
"ENSRNOG00000002214","Klhl8",9.24370500389838
"ENSRNOG00000020269","Sugp2",9.24364307802689
"ENSRNOG00000016105","Xrcc5",9.24294966695146
"ENSRNOG00000008088","Btbd3",9.24284333558418
"ENSRNOG00000011241","Tfdp2",9.24237400648274
"ENSRNOG00000007527","Tm2d1",9.24227204596781
"ENSRNOG00000014031","Esco1",9.24188450332277
"ENSRNOG00000015301","Elp2",9.24188146939184
"ENSRNOG00000020698","Rnd2",9.24162854385839
"ENSRNOG00000006033","Spon2",9.24156659724119
"ENSRNOG00000018550","Ncbp3",9.24135852392523
"ENSRNOG00000014634","Gtpbp1",9.24131062430317
"ENSRNOG00000018475","Eif4enif1",9.24124614322314
"ENSRNOG00000043212","Dip2a",9.24075637335486
"ENSRNOG00000001643","Psmg1",9.24064416952084
"ENSRNOG00000027921","Rlf",9.24058456066876
"ENSRNOG00000016447","C9h2orf49",9.24047484816727
"ENSRNOG00000015911","Lrp5",9.24045606552707
"ENSRNOG00000014076","Mbnl1",9.23984863846562
"ENSRNOG00000018992","Dpysl3",9.23886707937384
"ENSRNOG00000014215","Klf9",9.23866636508022
"ENSRNOG00000042855","Ahdc1",9.23833108766111
"ENSRNOG00000047028","Mmp24",9.23820493530317
"ENSRNOG00000025448","Limd2",9.23798855009336
"ENSRNOG00000018878","Ssh3",9.23738721203809
"ENSRNOG00000010852","Nup205",9.23713432633266
"ENSRNOG00000007315","Thoc2",9.23704573685768
"ENSRNOG00000010024","Cyb5r4",9.23639765115183
"ENSRNOG00000004301","Dcaf13",9.23626117348664
"ENSRNOG00000006705","Mkks",9.2361885759474
"ENSRNOG00000020930","Atxn7l3",9.23614902020974
"ENSRNOG00000024728","Arhgap22",9.23608387693336
"ENSRNOG00000019824","Ell",9.2359164962522
"ENSRNOG00000004951","Kif16b",9.23572736033397
"ENSRNOG00000011261","Ttc14",9.23547073549019
"ENSRNOG00000001039","Eif2b1",9.23493709701002
"ENSRNOG00000004279","Adgra3",9.23441354426274
"ENSRNOG00000027357","Sox17",9.23413933285595
"ENSRNOG00000003291","Creg1",9.23378602637835
"ENSRNOG00000018132","Hmgxb3",9.23377243412799
"ENSRNOG00000021081","Vps72",9.23367047712641
"ENSRNOG00000000985","Cpsf4",9.23338641965758
"ENSRNOG00000043128","Armcx4",9.23336948023738
"ENSRNOG00000020466","Apba3",9.23267512849804
"ENSRNOG00000024689","Hopx",9.23263442416917
"ENSRNOG00000029304","Aggf1",9.23246843335262
"ENSRNOG00000010436","Zbtb17",9.23246321963794
"ENSRNOG00000058202","Ppp2r2c",9.2322102569375
"ENSRNOG00000043114","Tomm7",9.23208832712747
"ENSRNOG00000011739","Dennd4a",9.2319409402991
"ENSRNOG00000060615","Rai1",9.23177232138216
"ENSRNOG00000006983","Nr2c1",9.2317084446771
"ENSRNOG00000009358","Osgin2",9.23162276300461
"ENSRNOG00000011830","Plekha3",9.23091991732704
"ENSRNOG00000017040","Wrnip1",9.23073487483608
"ENSRNOG00000009873","Ints6",9.23066319929306
"ENSRNOG00000057470","Pla2g12a",9.23050917761585
"ENSRNOG00000003515","Ephx1",9.23035714716737
"ENSRNOG00000014365","Gne",9.22918230841988
"ENSRNOG00000030021","Ccl6",9.22886511666953
"ENSRNOG00000030157","Dhx16",9.22835705732854
"ENSRNOG00000047756","Mef2a",9.22707383513417
"ENSRNOG00000007821","Dyrk2",9.22674636197172
"ENSRNOG00000043141","Ap3s2",9.22674468680571
"ENSRNOG00000017197","Pdgfb",9.22657578881293
"ENSRNOG00000009289","Galk2",9.22621123238181
"ENSRNOG00000010390","Hmbs",9.22596964894026
"ENSRNOG00000020653","S1pr2",9.22485534361262
"ENSRNOG00000009983","Lrrc42",9.22463606032461
"ENSRNOG00000015939","Ccdc25",9.2241447631934
"ENSRNOG00000017219","Vac14",9.2216764262938
"ENSRNOG00000010637","Tbc1d5",9.22143752668512
"ENSRNOG00000022249","Mllt10",9.22134028492058
"ENSRNOG00000010309","Nfyb",9.22067185520929
"ENSRNOG00000011936","Abhd14a",9.22052210446422
"ENSRNOG00000010396","Eya3",9.21993854284059
"ENSRNOG00000025167","Sema4b",9.21984947366699
"ENSRNOG00000018425","Dym",9.2194495916693
"ENSRNOG00000030443","Rab9a",9.21913745487447
"ENSRNOG00000042668","Msrb3",9.21897511905192
"ENSRNOG00000003268","Maml1",9.21859764188287
"ENSRNOG00000003191","Gprasp3",9.21836966101588
"ENSRNOG00000026239","Arid4a",9.21834590817749
"ENSRNOG00000033688","Cep170b",9.21822874897924
"ENSRNOG00000001833","Mcm4",9.21803945182862
"ENSRNOG00000055293","Ptprb",9.21750053874169
"ENSRNOG00000008990","Amotl1",9.21671065640679
"ENSRNOG00000004806","Strn",9.21669052899707
"ENSRNOG00000002821","Phlpp1",9.21599212681491
"ENSRNOG00000029134","Adgrl1",9.21580059803606
"ENSRNOG00000019729","Jmjd8",9.21571968624547
"ENSRNOG00000009175","Jagn1",9.21566997143036
"ENSRNOG00000054033","Adap1",9.21562087663792
"ENSRNOG00000008850","Ttc5",9.21554901372402
"ENSRNOG00000031038","Gtdc1",9.21522732691286
"ENSRNOG00000018725","Phkg2",9.21477195452111
"ENSRNOG00000019609","B4galt2",9.21436502885748
"ENSRNOG00000022870","Smad5",9.21433261306717
"ENSRNOG00000001243","Zcchc8",9.2138222888512
"ENSRNOG00000005710","Rbm7",9.21344726292438
"ENSRNOG00000001807","Sspn",9.21326314063506
"ENSRNOG00000013917","Igsf10",9.21243273075792
"ENSRNOG00000010204","Tmem9",9.21180134342246
"ENSRNOG00000050231","Gng12",9.21167719668649
"ENSRNOG00000038686","Ap1s2",9.21110250155055
"ENSRNOG00000008754","Flvcr2",9.21106035716895
"ENSRNOG00000001774","Lrch3",9.21053807751563
"ENSRNOG00000015192","Mrps5",9.21042753147947
"ENSRNOG00000005158","Slc24a5",9.20950442884845
"ENSRNOG00000013121","Mier3",9.20895555277262
"ENSRNOG00000015974","Tmem208",9.20864173957561
"ENSRNOG00000016055","Fkrp",9.20849787469723
"ENSRNOG00000010892","Ythdf2",9.20803008519415
"ENSRNOG00000020179","Nt5c2",9.207807095377
"ENSRNOG00000008409","Myo1f",9.20703773697591
"ENSRNOG00000030639","Usp13",9.20630883256464
"ENSRNOG00000060262","Prps1",9.20610554988207
"ENSRNOG00000021475","Ldah",9.20549526844225
"ENSRNOG00000000521","Cdkn1a",9.20533636904559
"ENSRNOG00000014521","Armc8",9.20490745507755
"ENSRNOG00000033215","RT1-Db1",9.20476379605899
"ENSRNOG00000046254","Adgre1",9.204514262632
"ENSRNOG00000028711","Dgat1",9.20404401587381
"ENSRNOG00000038784","Piezo2",9.20400029286298
"ENSRNOG00000003125","Rogdi",9.20367357070159
"ENSRNOG00000003264","Nat9",9.2035506526184
"ENSRNOG00000008459","Anapc13",9.20306173041373
"ENSRNOG00000034022","Taf2",9.20296010160174
"ENSRNOG00000010107","Palld",9.20285160136648
"ENSRNOG00000006655","Plrg1",9.20256780945101
"ENSRNOG00000006027","Eif2ak4",9.20151859938166
"ENSRNOG00000016960","Polr3e",9.2013130849498
"ENSRNOG00000011663","Rnf7",9.20091099505997
"ENSRNOG00000003247","Sde2",9.20032760225278
"ENSRNOG00000010922","Ppp2r1b",9.20026457037824
"ENSRNOG00000021497","Akt3",9.19939015125208
"ENSRNOG00000016707","Casp2",9.19899729704203
"ENSRNOG00000023521","Map3k10",9.19773521633421
"ENSRNOG00000018246","Tdp2",9.19751353453925
"ENSRNOG00000013841","Dcaf1",9.19738244566014
"ENSRNOG00000000567","Unc5b",9.1972144851682
"ENSRNOG00000001325","Il3ra",9.19719118517907
"ENSRNOG00000045568","Rbm14",9.19707841752077
"ENSRNOG00000024743","L3mbtl2",9.19695097430791
"ENSRNOG00000008180","Lyn",9.19664536742623
"ENSRNOG00000047620","Golph3l",9.19621735670372
"ENSRNOG00000042592","Rgs10",9.19531868246629
"ENSRNOG00000016698","Rnmt",9.19504776694962
"ENSRNOG00000020373","Dap3",9.1945220056247
"ENSRNOG00000043095","Etv3",9.19436259655471
"ENSRNOG00000014274","Trit1",9.19416996961553
"ENSRNOG00000006523","Atl2",9.19399184453893
"ENSRNOG00000001283","Anapc7",9.19396866100376
"ENSRNOG00000008115","Arhgap11a",9.19363384123226
"ENSRNOG00000012658","Pdlim3",9.19339339519466
"ENSRNOG00000021120","Prune1",9.19263366402143
"ENSRNOG00000010369","Dhx29",9.19228187885117
"ENSRNOG00000024104","Mbd1",9.19209771324381
"ENSRNOG00000000561","Pald1",9.19194344974495
"ENSRNOG00000028426","Mcf2l",9.19179412228596
"ENSRNOG00000013281","Mib1",9.19046981993849
"ENSRNOG00000018144","Depdc5",9.19039905427399
"ENSRNOG00000046644","Prelid3b",9.19032639274254
"ENSRNOG00000042740","Mrpl42",9.19024362688829
"ENSRNOG00000005982","C1d",9.190231652583
"ENSRNOG00000032930","Trim26",9.19011140312659
"ENSRNOG00000008598","Btbd7",9.18999580940749
"ENSRNOG00000045668","Ifnar2",9.18972696779261
"ENSRNOG00000000327","Hace1",9.1894213462421
"ENSRNOG00000011153","Il17ra",9.18935398697635
"ENSRNOG00000000786","Rpp21",9.18931573624189
"ENSRNOG00000013178","Cmip",9.18902161303138
"ENSRNOG00000015382","Arid5a",9.18871511306567
"ENSRNOG00000005504","Pkp4",9.18794177315041
"ENSRNOG00000006450","Erbb2",9.18787207868107
"ENSRNOG00000006329","Peli1",9.18771302826897
"ENSRNOG00000015708","E2f4",9.18748403288714
"ENSRNOG00000000975","Mcoln1",9.1872950036913
"ENSRNOG00000011778","Blvra",9.18728735560361
"ENSRNOG00000061607","Lmbr1l",9.18703910991898
"ENSRNOG00000025899","Thada",9.18622408983508
"ENSRNOG00000001079","Daglb",9.18578519491437
"ENSRNOG00000005031","Surf6",9.18551776325673
"ENSRNOG00000007988","Timm22",9.1844616291143
"ENSRNOG00000000064","Atp5me",9.18302236419752
"ENSRNOG00000036833","Zfp385a",9.18297633829475
"ENSRNOG00000057147","Praf2",9.18254751749213
"ENSRNOG00000022247","Nr2c2ap",9.18252253370708
"ENSRNOG00000022720","Usp37",9.18204759580236
"ENSRNOG00000019671","Rsbn1",9.18201561257616
"ENSRNOG00000009837","Tmem131l",9.18181344597349
"ENSRNOG00000016249","Cep85",9.18171868704939
"ENSRNOG00000001184","Pknox1",9.1814871010806
"ENSRNOG00000007990","Adipor2",9.18135275796049
"ENSRNOG00000000804","Mrps18b",9.18099687000163
"ENSRNOG00000021681","Eea1",9.18045411175218
"ENSRNOG00000027405","Ccp110",9.17909700035223
"ENSRNOG00000027204","Map6",9.17816733237224
"ENSRNOG00000027057","Gga3",9.1780031137631
"ENSRNOG00000061373","Loxl3",9.17795491789345
"ENSRNOG00000036917","Amn1",9.1774086747895
"ENSRNOG00000002128","Ppat",9.17703966387493
"ENSRNOG00000052707","Cacna1a",9.17672526172582
"ENSRNOG00000025991","Pex1",9.17601342145599
"ENSRNOG00000006858","Pyurf",9.17552553812125
"ENSRNOG00000003928","Tmco1",9.17551599154138
"ENSRNOG00000014000","Kif2a",9.17549272395603
"ENSRNOG00000033498","Cib1",9.1753902436952
"ENSRNOG00000016497","Bloc1s5",9.17510624840254
"ENSRNOG00000005269","Srl",9.1749924559135
"ENSRNOG00000018168","Klc4",9.17454214983632
"ENSRNOG00000003915","Pacc1",9.17394964356171
"ENSRNOG00000012236","Hddc3",9.17181899739098
"ENSRNOG00000019965","Tgfb1i1",9.17153458555832
"ENSRNOG00000013110","Nudt2",9.17137081427072
"ENSRNOG00000001706","Kalrn",9.17107294714374
"ENSRNOG00000012638","Ciao1",9.17010288300861
"ENSRNOG00000008683","Alk",9.16955803616056
"ENSRNOG00000037765","Lims1",9.16951486703432
"ENSRNOG00000019843","St3gal3",9.169272374566
"ENSRNOG00000001789","Zfp148",9.16884724652535
"ENSRNOG00000010116","Leo1",9.16851152890733
"ENSRNOG00000001930","Ccdc50",9.16806945707875
"ENSRNOG00000016280","Btrc",9.16786997118614
"ENSRNOG00000020554","Slc50a1",9.16774511166348
"ENSRNOG00000033623","Pigx",9.16772913206353
"ENSRNOG00000016984","Atg13",9.16770540804275
"ENSRNOG00000014456","Coq10b",9.16709656418689
"ENSRNOG00000019319","Fchsd2",9.16660290652866
"ENSRNOG00000004775","Cstf1",9.16658079325132
"ENSRNOG00000007434","Ube2j1",9.16612994647416
"ENSRNOG00000053577","Gramd1b",9.16597604674051
"ENSRNOG00000015332","Thoc1",9.16590591648821
"ENSRNOG00000005868","Ttc21b",9.16565210395793
"ENSRNOG00000014833","Smndc1",9.16559822315183
"ENSRNOG00000050277","Uckl1",9.16548030579419
"ENSRNOG00000016677","Csnk1g3",9.16541192864222
"ENSRNOG00000024112","Dgkq",9.16531956985862
"ENSRNOG00000024809","Ntmt1",9.16499138931751
"ENSRNOG00000018047","Gorasp1",9.16494841881689
"ENSRNOG00000039850","Pigp",9.16469696532841
"ENSRNOG00000011987","Cd2ap",9.16451447191477
"ENSRNOG00000014630","Iws1",9.16389623428847
"ENSRNOG00000048291","Tbcc",9.16266078721922
"ENSRNOG00000016655","Pex6",9.16259739353206
"ENSRNOG00000003999","Adcy3",9.16242961327866
"ENSRNOG00000009028","Rnf126",9.1623302674563
"ENSRNOG00000024207","Fgfrl1",9.16181264188203
"ENSRNOG00000008144","Irf1",9.16162852903073
"ENSRNOG00000025702","Kdm2b",9.1616283679788
"ENSRNOG00000011555","Lrrc40",9.16114082639155
"ENSRNOG00000024428","Kif20a",9.16109422872326
"ENSRNOG00000001845","Top3b",9.16088903051264
"ENSRNOG00000003772","Csrp2",9.15999626012943
"ENSRNOG00000019630","Hacl1",9.15954941309483
"ENSRNOG00000015807","Pyroxd2",9.15950657550354
"ENSRNOG00000011135","Gtf2b",9.15938305174974
"ENSRNOG00000007443","Jag1",9.15928701830716
"ENSRNOG00000050500","Tob2",9.15865884558541
"ENSRNOG00000010301","Eif4e3",9.15863741606079
"ENSRNOG00000052424","Kiaa1671",9.15854958625785
"ENSRNOG00000013172","Nr1h3",9.15839599264064
"ENSRNOG00000006548","Mrc2",9.15824655983704
"ENSRNOG00000003403","Slc35f5",9.15814288170749
"ENSRNOG00000033663","P4ha2",9.1580059546922
"ENSRNOG00000002101","Paics",9.15792338582831
"ENSRNOG00000026821","Arhgap42",9.15751352632703
"ENSRNOG00000020354","Mrpl23",9.15734477748678
"ENSRNOG00000006551","Dcaf15",9.15730006904803
"ENSRNOG00000007722","Tlcd3a",9.15721572971352
"ENSRNOG00000013954","Alpl",9.15721138021729
"ENSRNOG00000010930","Usp39",9.15718902598599
"ENSRNOG00000011931","Smarca2",9.15675714862594
"ENSRNOG00000009076","Ttpal",9.15603315986718
"ENSRNOG00000000322","Atg5",9.15575651948462
"ENSRNOG00000010492","Sp2",9.15534296673308
"ENSRNOG00000019740","Hdgfl3",9.15523148335622
"ENSRNOG00000002516","Mtm1",9.15450976827748
"ENSRNOG00000058882","Emd",9.15379474567947
"ENSRNOG00000011425","Ptpn3",9.15370106445887
"ENSRNOG00000019464","Ttc9c",9.15367138318347
"ENSRNOG00000018342","Ctif",9.15344888074913
"ENSRNOG00000021086","Dtx4",9.15334435498324
"ENSRNOG00000048838","Gjc1",9.15330471501386
"ENSRNOG00000019478","Irf9",9.15263338617523
"ENSRNOG00000018741","Zfp318",9.15257199977049
"ENSRNOG00000010421","Wdr91",9.15257131408713
"ENSRNOG00000014310","Tmtc4",9.15236916718927
"ENSRNOG00000017707","Abi2",9.15208332090651
"ENSRNOG00000003041","Smg6",9.15194315928393
"ENSRNOG00000019243","Glb1l",9.15146542232942
"ENSRNOG00000014834","Epc1",9.15072251859649
"ENSRNOG00000007992","Srsf10",9.15046643568793
"ENSRNOG00000016172","Ric1",9.15003025152811
"ENSRNOG00000030483","Rabggta",9.14995622660258
"ENSRNOG00000032441","Pan2",9.14978136992648
"ENSRNOG00000019885","Magi3",9.14957032193837
"ENSRNOG00000000044","Tmem175",9.14950268598792
"ENSRNOG00000000493","Snrpc",9.14938795861042
"ENSRNOG00000000655","Ptprc",9.14878539913835
"ENSRNOG00000005360","Dhrs7b",9.14874092819421
"ENSRNOG00000007926","Map2k5",9.14857408574841
"ENSRNOG00000024703","Dock5",9.14852046051881
"ENSRNOG00000001427","Orai2",9.14805518716815
"ENSRNOG00000013409","Gclm",9.14718455720469
"ENSRNOG00000010234","Nsmaf",9.14705000218476
"ENSRNOG00000058790","Fam120b",9.14704145038113
"ENSRNOG00000016338","Cibar1",9.14701266807084
"ENSRNOG00000012923","Rprd1b",9.14667067289474
"ENSRNOG00000013343","Myg1",9.14666617025699
"ENSRNOG00000029571","Coq10a",9.1456737569544
"ENSRNOG00000004141","Vasn",9.14505214716131
"ENSRNOG00000011582","Rab3d",9.14469136786852
"ENSRNOG00000016433","Prrc1",9.14407897602437
"ENSRNOG00000057556","Pdzrn3",9.14398173840068
"ENSRNOG00000005133","Mapt",9.1434767590725
"ENSRNOG00000017876","Dnajc21",9.14338417604678
"ENSRNOG00000001103","Sdk1",9.14306246341021
"ENSRNOG00000027282","Cep68",9.14218927277999
"ENSRNOG00000000611","Ube2d1",9.14217110126703
"ENSRNOG00000004050","Snrk",9.14197896096579
"ENSRNOG00000060479","Sp3",9.14197712429858
"ENSRNOG00000008017","Cdk5",9.14193936837961
"ENSRNOG00000012136","Mrps30",9.1418082077747
"ENSRNOG00000028255","Usp36",9.1410661035502
"ENSRNOG00000007326","Prepl",9.13968447908871
"ENSRNOG00000010537","Dis3l",9.1396581405774
"ENSRNOG00000059215","Slc66a2",9.13942780093231
"ENSRNOG00000053680","Kansl1",9.13915791163486
"ENSRNOG00000017833","Actn2",9.13861134102387
"ENSRNOG00000014720","Srbd1",9.13857850125609
"ENSRNOG00000008159","Msantd3",9.13837277093471
"ENSRNOG00000051682","Zcchc9",9.13739074350541
"ENSRNOG00000017840","Pik3c3",9.1373684884514
"ENSRNOG00000008748","Pex2",9.13654953970596
"ENSRNOG00000023579","Tet2",9.13467235939843
"ENSRNOG00000008908","Slc35a1",9.13465019434489
"ENSRNOG00000011047","Tmem185a",9.13425911695441
"ENSRNOG00000010526","Dennd1a",9.13376093133418
"ENSRNOG00000036664","Narf",9.13326988649826
"ENSRNOG00000015225","Gramd2b",9.13325098854644
"ENSRNOG00000021220","Cpxm1",9.13312478252835
"ENSRNOG00000012772","Nqo1",9.13294579985262
"ENSRNOG00000011044","Clmn",9.13185917934585
"ENSRNOG00000010104","Pofut1",9.13166948559528
"ENSRNOG00000054581","Tmem101",9.13109665200293
"ENSRNOG00000010825","Snapc3",9.13040350566857
"ENSRNOG00000048288","Taf12",9.13034718010155
"ENSRNOG00000022781","Ccser2",9.12987716820299
"ENSRNOG00000061519","Asap2",9.128966714001
"ENSRNOG00000008733","Lsm3",9.12864814261456
"ENSRNOG00000022514","Tor2a",9.12840007366921
"ENSRNOG00000027156","Morn4",9.12839994162237
"ENSRNOG00000010952","Ift122",9.12834121472311
"ENSRNOG00000020281","Kif22",9.12722719244613
"ENSRNOG00000001194","Rrp1b",9.12718593033222
"ENSRNOG00000013376","Mvd",9.12661658456189
"ENSRNOG00000015886","Cnnm4",9.12652848030834
"ENSRNOG00000017765","Net1",9.12589304871183
"ENSRNOG00000008036","Dennd4c",9.12576623768313
"ENSRNOG00000014626","Katnb1",9.12542389951867
"ENSRNOG00000058975","Iqsec2",9.12512151243767
"ENSRNOG00000008970","Pcdh17",9.12497564289012
"ENSRNOG00000016252","Mblac2",9.12414620162152
"ENSRNOG00000016813","Tia1",9.12400869472858
"ENSRNOG00000032825","Rpl30l2",9.12341512570439
"ENSRNOG00000019201","Naxe",9.12316279389818
"ENSRNOG00000003186","Anks3",9.1231273809904
"ENSRNOG00000024786","Asb6",9.12194546438404
"ENSRNOG00000018561","Pprc1",9.12124078729081
"ENSRNOG00000045647","Hax1",9.12116567065345
"ENSRNOG00000014933","Dnttip1",9.12102520655363
"ENSRNOG00000009832","Slc39a14",9.12092375240822
"ENSRNOG00000012469","Ints14",9.11988608032391
"ENSRNOG00000020946","Ccdc12",9.11973430170018
"ENSRNOG00000020596","Dmac2",9.11950525653521
"ENSRNOG00000004524","Desi2",9.1192770998035
"ENSRNOG00000037162","Slbp",9.11884006478041
"ENSRNOG00000009446","Rxra",9.1185228720212
"ENSRNOG00000011348","Snx14",9.11837319041408
"ENSRNOG00000029826","Cep164",9.11755420508786
"ENSRNOG00000012659","Vamp5",9.11733714798747
"ENSRNOG00000013773","Secisbp2",9.11710512811136
"ENSRNOG00000026880","Usp38",9.11610718580744
"ENSRNOG00000018986","Fbxl19",9.11588000188991
"ENSRNOG00000050932","Pfdn4",9.11583601841762
"ENSRNOG00000017250","Gmpr",9.11579766133133
"ENSRNOG00000020468","Stard4",9.11499892365901
"ENSRNOG00000015596","Efhd1",9.11419453933151
"ENSRNOG00000018590","Drg1",9.11417989676744
"ENSRNOG00000019693","Clpb",9.1136211619556
"ENSRNOG00000006049","Rfx1",9.11272751070364
"ENSRNOG00000021678","Alkbh3",9.11248360699539
"ENSRNOG00000033916","Rps21-ps1",9.11198837569399
"ENSRNOG00000007744","Ehd3",9.11186035441824
"ENSRNOG00000017045","Zdhhc1",9.11147123183415
"ENSRNOG00000002912","Parn",9.11140967653007
"ENSRNOG00000019240","Ampd2",9.11110693666412
"ENSRNOG00000024934","Npat",9.11104313516022
"ENSRNOG00000027355","Wdr36",9.11102676745343
"ENSRNOG00000011404","Chkb",9.11098975931055
"ENSRNOG00000008658","Mitf",9.11058296399082
"ENSRNOG00000001430","Polr2j",9.11045159034549
"ENSRNOG00000030568","Rgs12",9.11026909832271
"ENSRNOG00000057194","Tars2",9.11015874066399
"ENSRNOG00000021573","Dpy19l3",9.1100936300432
"ENSRNOG00000046257","Ctdspl",9.10968032175416
"ENSRNOG00000055344","Trnau1ap",9.10936147666314
"ENSRNOG00000009419","Ptprg",9.1091625770465
"ENSRNOG00000019496","Stat5a",9.10860588754809
"ENSRNOG00000017414","Irf7",9.10853025807555
"ENSRNOG00000033824","Gpd2",9.10799016377294
"ENSRNOG00000006527","Slc6a1",9.10787740706136
"ENSRNOG00000012874","Rgma",9.10722969383862
"ENSRNOG00000011535","Gcsh",9.10670220962121
"ENSRNOG00000012653","Ppp1r13b",9.10668300933996
"ENSRNOG00000001224","Itgb2",9.10610318386197
"ENSRNOG00000021088","Tmod4",9.10568574990061
"ENSRNOG00000013714","Snrpd1",9.10542638711812
"ENSRNOG00000002208","Shroom3",9.10467844889834
"ENSRNOG00000019430","Coro1a",9.10449662600805
"ENSRNOG00000028638","Il10rb",9.10354487233088
"ENSRNOG00000020390","Tmem161a",9.10253730819084
"ENSRNOG00000017493","Pias2",9.10221337350016
"ENSRNOG00000008145","Traf3",9.1019720461731
"ENSRNOG00000003849","Stx8",9.10175361386731
"ENSRNOG00000036601","Exoc6",9.10158628838049
"ENSRNOG00000039593","Ecscr",9.10157363372713
"ENSRNOG00000010877","Alg9",9.10012332168896
"ENSRNOG00000016974","Ppp1r7",9.09967553566222
"ENSRNOG00000013919","Ift46",9.09902740817253
"ENSRNOG00000018898","Mpi",9.09861289066596
"ENSRNOG00000025295","Mavs",9.09855698128131
"ENSRNOG00000020717","Bod1",9.09844193494632
"ENSRNOG00000016585","Bmi1",9.09789326116988
"ENSRNOG00000018500","Frmd4a",9.09757803496019
"ENSRNOG00000022800","Sp140",9.09712760742757
"ENSRNOG00000004517","Igf1",9.09690760043351
"ENSRNOG00000051190","Smim20",9.09688054882227
"ENSRNOG00000038347","Usp21",9.09620849101146
"ENSRNOG00000056596","Alas1",9.09588198549962
"ENSRNOG00000020193","Runx2",9.0955397702931
"ENSRNOG00000018021","Brix1",9.09517375344024
"ENSRNOG00000013603","Dffa",9.09366200274101
"ENSRNOG00000023271","Parl",9.09322563698615
"ENSRNOG00000014178","Acad9",9.09319909744506
"ENSRNOG00000012729","Mfsd8",9.09244833501555
"ENSRNOG00000008652","Phip",9.09181015751525
"ENSRNOG00000001627","Abi3bp",9.0917460354548
"ENSRNOG00000008362","Zfp775",9.09153358063897
"ENSRNOG00000047314","Tk1",9.09086480400237
"ENSRNOG00000002980","Tsr1",9.09056765242609
"ENSRNOG00000015904","Wfdc1",9.09023344343727
"ENSRNOG00000050180","Zfpl1",9.09008397115322
"ENSRNOG00000062231","Fam120c",9.08883679153567
"ENSRNOG00000009745","Ppp3cc",9.08873815131969
"ENSRNOG00000039819","Cdk8",9.0885938247062
"ENSRNOG00000006298","Cpne3",9.08813240806849
"ENSRNOG00000017284","Nop16",9.08802788405113
"ENSRNOG00000058866","Myo5a",9.08790665214206
"ENSRNOG00000032183","Slfnl1",9.0873105508906
"ENSRNOG00000008235","Mylk2",9.0872165665917
"ENSRNOG00000003599","Mgst3l1",9.08679636533152
"ENSRNOG00000006966","Nfia",9.08646872032015
"ENSRNOG00000000457","Tap1",9.0861507982485
"ENSRNOG00000061768","Slc43a3",9.0857315819368
"ENSRNOG00000009192","Rnaseh2b",9.08561412349002
"ENSRNOG00000010257","Cuedc1",9.08504550017555
"ENSRNOG00000026937","Arsk",9.08417850486401
"ENSRNOG00000019290","Pskh1",9.08400027171301
"ENSRNOG00000026120","Fam8a1",9.08374883569344
"ENSRNOG00000047194","Arl13b",9.08337423570171
"ENSRNOG00000015249","Taf8",9.08303504459257
"ENSRNOG00000014832","Mapkapk3",9.08296343559212
"ENSRNOG00000007164","Cln6",9.08279373876621
"ENSRNOG00000029500","Tapbp",9.08276010113462
"ENSRNOG00000015888","Larp4b",9.08195106448499
"ENSRNOG00000006824","Hdac11",9.08153121701463
"ENSRNOG00000016258","Zfp516",9.08009255035268
"ENSRNOG00000008950","Adi1",9.07972297989403
"ENSRNOG00000004421","Rxylt1",9.07946870518023
"ENSRNOG00000016239","Ptgr3",9.07924177401586
"ENSRNOG00000022343","Alms1",9.0792097983987
"ENSRNOG00000012603","Sestd1",9.07900709579765
"ENSRNOG00000000433","Prrt1",9.07874781259536
"ENSRNOG00000001559","Mtx2",9.07872091932474
"ENSRNOG00000059961","Rapgef3",9.0785229753702
"ENSRNOG00000031778","Mef2d",9.07834661743932
"ENSRNOG00000003283","Rcsd1",9.07809482509388
"ENSRNOG00000019455","Ap4b1",9.07752201345387
"ENSRNOG00000052070","Aldh1a3",9.07597500667912
"ENSRNOG00000016343","Dkk3",9.07588741533916
"ENSRNOG00000004040","Abca8",9.07572137662606
"ENSRNOG00000005417","Zhx2",9.07555870394362
"ENSRNOG00000047053","Thyn1",9.07522442963929
"ENSRNOG00000008113","Nhsl3",9.07501886441698
"ENSRNOG00000018081","Lactb",9.07491756992852
"ENSRNOG00000032700","Zbtb34",9.07488061430234
"ENSRNOG00000056524","Abcd1",9.07487863385029
"ENSRNOG00000005904","Cdc27",9.07478101476952
"ENSRNOG00000005299","Kif5a",9.07385170157902
"ENSRNOG00000018599","Gga2",9.07367647900152
"ENSRNOG00000049057","Znrf2",9.07363754814726
"ENSRNOG00000017826","Mtrr",9.07232694250511
"ENSRNOG00000015274","Ddx20",9.07202125501767
"ENSRNOG00000024066","Fundc2",9.07186842718124
"ENSRNOG00000042355","Tarbp2",9.07159453891146
"ENSRNOG00000019438","Rnf31",9.07145100778673
"ENSRNOG00000008474","Acox3",9.07093176058015
"ENSRNOG00000012543","Mcm3",9.07079666405141
"ENSRNOG00000018069","Ngdn",9.07001983293513
"ENSRNOG00000043189","Trub2",9.0697701292828
"ENSRNOG00000047625","Atg4d",9.06971052819221
"ENSRNOG00000020782","Pspc1",9.06948780427146
"ENSRNOG00000014066","Jade1",9.06857386892251
"ENSRNOG00000021173","Vps45",9.0685272249627
"ENSRNOG00000014294","Ptpn6",9.06819204661159
"ENSRNOG00000003388","Cenpf",9.06754306008772
"ENSRNOG00000023020","Fdx2",9.06715255651133
"ENSRNOG00000001640","Tomm70",9.06705654275841
"ENSRNOG00000018226","Zcchc14",9.06699213677969
"ENSRNOG00000015474","Nelfa",9.06676695369442
"ENSRNOG00000007242","Ehmt1",9.06670633623721
"ENSRNOG00000019221","Gstm4",9.06648218161665
"ENSRNOG00000009605","Tfe3",9.06627770055111
"ENSRNOG00000011548","Ebf2",9.06546910488687
"ENSRNOG00000007545","Angptl4",9.06532108622833
"ENSRNOG00000014049","Riok1",9.0650844562016
"ENSRNOG00000039861","Tektip1",9.06468679931984
"ENSRNOG00000021911","Camlg",9.06444315079635
"ENSRNOG00000010538","Commd7",9.06441066225097
"ENSRNOG00000012094","Ltbp2",9.06402570846717
"ENSRNOG00000001528","Gap43",9.06392347791379
"ENSRNOG00000055531","Hps5",9.06360715429239
"ENSRNOG00000054294","Rprd2",9.06306123656175
"ENSRNOG00000003936","Pwwp2a",9.06300116501165
"ENSRNOG00000014713","Csgalnact2",9.06298904928138
"ENSRNOG00000020989","Tm7sf2",9.06290771324883
"ENSRNOG00000015212","Hspa14",9.06289834543336
"ENSRNOG00000003048","Tiprl",9.06286325124145
"ENSRNOG00000003795","Angel2",9.06273201897891
"ENSRNOG00000017477","Mmp23",9.06266547971142
"ENSRNOG00000014628","Pomk",9.06265331937584
"ENSRNOG00000014493","Golga1",9.06237943824523
"ENSRNOG00000019367","Dclre1b",9.06223416205648
"ENSRNOG00000012886","Maff",9.06107806099218
"ENSRNOG00000010574","Ptpn1",9.06094375572205
"ENSRNOG00000020719","Hrc",9.06079013395777
"ENSRNOG00000016976","Clcn7",9.0604259687993
"ENSRNOG00000002748","Ccdc43",9.05927737310828
"ENSRNOG00000018531","Mrps11",9.05891869802793
"ENSRNOG00000012109","Otulinl",9.05886960407708
"ENSRNOG00000008892","Parp2",9.05884614440551
"ENSRNOG00000019440","Kcnn4",9.05805848537658
"ENSRNOG00000010587","Crnkl1",9.05795798389303
"ENSRNOG00000020086","Aar2",9.05794065270666
"ENSRNOG00000005301","Eif2b4",9.05775107548274
"ENSRNOG00000005486","Phf20l1",9.0575729141981
"ENSRNOG00000028566","Pld4",9.05756083176091
"ENSRNOG00000018410","Nfu1",9.05751287055538
"ENSRNOG00000017731","Agpat4",9.05746478812711
"ENSRNOG00000012375","Inpp1",9.05684369104524
"ENSRNOG00000001047","Map2k7",9.05649274486998
"ENSRNOG00000029146","C15h14orf119",9.0562301180404
"ENSRNOG00000011245","Arhgap18",9.05611821480872
"ENSRNOG00000012558","Orc2",9.05561676049462
"ENSRNOG00000010912","Mrps25",9.05541851238554
"ENSRNOG00000007733","Arhgef9",9.05461403053331
"ENSRNOG00000001271","Card6",9.0537890427156
"ENSRNOG00000009267","B3gnt2",9.05340291663783
"ENSRNOG00000033528","Tll1",9.05295582229634
"ENSRNOG00000032070","Dync2h1",9.05269911549998
"ENSRNOG00000018988","Ing5",9.05262639516229
"ENSRNOG00000002662","Pbdc1",9.05253469333858
"ENSRNOG00000059479","Adcy1",9.05182929004678
"ENSRNOG00000003114","B4galt4",9.05163617117067
"ENSRNOG00000032951","Jsrp1",9.05158573408922
"ENSRNOG00000009808","Ift80",9.0511857381804
"ENSRNOG00000007822","Vgll4",9.04961157305381
"ENSRNOG00000011519","Orc5",9.04945677156886
"ENSRNOG00000028274","Myrf",9.04940183826027
"ENSRNOG00000025430","Ddx18",9.04898835592041
"ENSRNOG00000014338","Slc25a25",9.04888368988325
"ENSRNOG00000015501","Ddhd2",9.04838672406259
"ENSRNOG00000003237","Tp53bp2",9.04816398853483
"ENSRNOG00000031643","Dchs1",9.04748120233071
"ENSRNOG00000049083","Nicn1",9.04693951288338
"ENSRNOG00000018574","Qsox2",9.04666924986284
"ENSRNOG00000001418","Znhit1",9.04649475854551
"ENSRNOG00000000523","Ppil1",9.04618827032145
"ENSRNOG00000038761","Hacd2",9.04581784351651
"ENSRNOG00000008752","Nrf1",9.0447113774293
"ENSRNOG00000009224","E4f1",9.04464398562731
"ENSRNOG00000011407","Prag1",9.04427383580478
"ENSRNOG00000024605","Fam220a",9.04421764790435
"ENSRNOG00000002203","Lin54",9.04414720445671
"ENSRNOG00000001304","Bcr",9.04326352894555
"ENSRNOG00000042426","Cyp4v3",9.04264209018833
"ENSRNOG00000009462","Ccdc90b",9.0426149848474
"ENSRNOG00000011511","Stk24",9.04256851039931
"ENSRNOG00000008564","Tmem222",9.04228509690555
"ENSRNOG00000007632","Mss51",9.04164943473486
"ENSRNOG00000022736","Cdkn2aip",9.04152519530567
"ENSRNOG00000008455","Tmem87a",9.04103681831674
"ENSRNOG00000015318","Heyl",9.04088915412039
"ENSRNOG00000000824","Dse",9.04026326350988
"ENSRNOG00000008319","Yju2b",9.04022149711535
"ENSRNOG00000000247","Mfsd11",9.04013846062307
"ENSRNOG00000028640","Siva1",9.04006378018525
"ENSRNOG00000059326","Abca9",9.03966590172106
"ENSRNOG00000004471","Polr3h",9.03923410183193
"ENSRNOG00000014876","Lpin2",9.03920150533208
"ENSRNOG00000042253","Ecd",9.03918873581394
"ENSRNOG00000002080","Urb1",9.03912470148038
"ENSRNOG00000001003","Trappc5",9.03902990346848
"ENSRNOG00000002899","Akap10",9.03895477964614
"ENSRNOG00000019943","Slc7a6",9.0385301006231
"ENSRNOG00000014011","Dll4",9.03846106944358
"ENSRNOG00000018715","Clec10a",9.03811407256451
"ENSRNOG00000005413","Creb3l1",9.03747289296288
"ENSRNOG00000004978","Prkacb",9.03732846356507
"ENSRNOG00000009867","Tgfb3",9.0372807995905
"ENSRNOG00000026171","Bbs4",9.03726617214671
"ENSRNOG00000022939","Gpkow",9.03723903260067
"ENSRNOG00000028783","Wdr35",9.0368770148244
"ENSRNOG00000054957","Sfrp4",9.03687412930024
"ENSRNOG00000014161","Rbm15b",9.03677137881156
"ENSRNOG00000007064","Zfp746",9.03669230601068
"ENSRNOG00000001210","Pwp2",9.03645849745807
"ENSRNOG00000011553","Actl6a",9.03603561161618
"ENSRNOG00000017408","Fhip1b",9.03510025825159
"ENSRNOG00000000576","Anapc16",9.03445154980549
"ENSRNOG00000006067","Aifm1",9.03444384980097
"ENSRNOG00000015413","Qpctl",9.03437087229886
"ENSRNOG00000019118","Slc13a3",9.03408732012118
"ENSRNOG00000016371","Slc18b1",9.03391009652478
"ENSRNOG00000017406","Atrnl1",9.03386153548668
"ENSRNOG00000042309","9330159F19Rikl",9.0336245072758
"ENSRNOG00000021718","Cspp1",9.03320723365804
"ENSRNOG00000013587","Fam135a",9.03306898797946
"ENSRNOG00000055309","Drg2",9.03283829757424
"ENSRNOG00000005679","Fap",9.03260688822279
"ENSRNOG00000053269","Tmem106c",9.03226150440819
"ENSRNOG00000054963","Rhbdd1",9.03209115613552
"ENSRNOG00000003424","Elac2",9.03203578959196
"ENSRNOG00000049918","Lrg1",9.03180416304589
"ENSRNOG00000012557","Lgals5",9.03140423317358
"ENSRNOG00000036829","Nckap1l",9.03118477689163
"ENSRNOG00000000909","Uspl1",9.03087161842394
"ENSRNOG00000006947","Pdhx",9.03042204588929
"ENSRNOG00000016719","Zbtb14",9.03018562949491
"ENSRNOG00000005377","Tmem11",9.0301163007192
"ENSRNOG00000010037","Epb41",9.02993211707048
"ENSRNOG00000003496","Tbc1d9",9.02960609995835
"ENSRNOG00000015636","Dync2i2",9.02910304351326
"ENSRNOG00000007564","Evc",9.02900760947526
"ENSRNOG00000012597","Rmc1",9.02878637805464
"ENSRNOG00000012799","Prkaa1",9.02802019606416
"ENSRNOG00000007346","Tamalin",9.02773566436997
"ENSRNOG00000018453","Nop2",9.02743265681822
"ENSRNOG00000004941","Gpn1",9.02705373526309
"ENSRNOG00000059461","B4galt1",9.02688519224487
"ENSRNOG00000023548","Sned1",9.02663115236403
"ENSRNOG00000026005","Ints5",9.02628477790474
"ENSRNOG00000007867","Rngtt",9.02617956534056
"ENSRNOG00000017467","Rab4a",9.02580196483203
"ENSRNOG00000014857","C2h1orf52",9.0250952352808
"ENSRNOG00000010981","Gtf3c5",9.02490878466421
"ENSRNOG00000030445","Ormdl3",9.0247836492987
"ENSRNOG00000060008","Cog7",9.0246051853295
"ENSRNOG00000017329","Tmem129",9.02450463786688
"ENSRNOG00000014422","Gtf2e2",9.02439421838167
"ENSRNOG00000005348","Pamr1",9.02423806542131
"ENSRNOG00000002728","Btc",9.0236617645248
"ENSRNOG00000007405","Krba1",9.0230428673443
"ENSRNOG00000017864","Bdp1",9.02225760190904
"ENSRNOG00000006369","Alg2",9.02211980508893
"ENSRNOG00000000581","Cdc40",9.02059953551383
"ENSRNOG00000032487","Sts",9.02057538023248
"ENSRNOG00000000977","Pnpla6",9.02025007107782
"ENSRNOG00000016728","Tiam2",9.0194062657304
"ENSRNOG00000015459","Heatr3",9.01908325417328
"ENSRNOG00000000695","Ssh1",9.01901296333881
"ENSRNOG00000009892","Adamts15",9.01898774665591
"ENSRNOG00000023238","Dgkd",9.01894460113857
"ENSRNOG00000017453","Ptpn2",9.01890492399719
"ENSRNOG00000002941","Uhmk1",9.01872157972632
"ENSRNOG00000027724","Plekhf1",9.01851857595918
"ENSRNOG00000022274","Slc2a8",9.01848225510911
"ENSRNOG00000036841","Cbx5",9.01815961836719
"ENSRNOG00000058522","Atosa",9.01754689772592
"ENSRNOG00000016494","Tmem204",9.01728301460495
"ENSRNOG00000016834","Wdr37",9.01666072792427
"ENSRNOG00000000155","Cog3",9.01662967006393
"ENSRNOG00000017051","Stimate",9.01610006359283
"ENSRNOG00000013529","Stk4",9.01592377335148
"ENSRNOG00000016156","Nptxr",9.01566840069224
"ENSRNOG00000002682","Zfp692",9.01546446839193
"ENSRNOG00000013005","Rpa2",9.01369999921543
"ENSRNOG00000061073","Zfp275",9.01363118977837
"ENSRNOG00000057817","Epb41l1",9.01288054008412
"ENSRNOG00000004672","Sec14l2",9.01241155833962
"ENSRNOG00000016774","Telo2",9.01232185637336
"ENSRNOG00000020369","Igf2",9.01190286287023
"ENSRNOG00000008035","Cinp",9.01002258930558
"ENSRNOG00000013152","Arhgap10",9.01001105268363
"ENSRNOG00000009046","Phf13",9.00986443059278
"ENSRNOG00000025502","Arhgef37",9.00936928581623
"ENSRNOG00000042785","Sesn2",9.00926965422279
"ENSRNOG00000014762","Ppie",9.00916053610652
"ENSRNOG00000059947","Sdc1",9.00905672480921
"ENSRNOG00000016635","Katnip",9.00779490320905
"ENSRNOG00000059715","Cc2d2a",9.00689866781002
"ENSRNOG00000001181","Wdr4",9.00657801781337
"ENSRNOG00000012008","S100a3",9.00608190178402
"ENSRNOG00000016846","Pik3cd",9.00594341739622
"ENSRNOG00000006248","Trim37",9.00563005345412
"ENSRNOG00000001252","Chst12",9.00542481782471
"ENSRNOG00000015614","Ppp1r16b",9.00483440907073
"ENSRNOG00000016234","Ciapin1",9.00448044634343
"ENSRNOG00000016150","Ifrd2",9.0041920430694
"ENSRNOG00000020374","Pgap6",9.0035040795148
"ENSRNOG00000017959","Cfap100",9.00328128767995
"ENSRNOG00000008890","Slc18a2",9.0028191701602
"ENSRNOG00000001654","Cpox",9.00244181309263
"ENSRNOG00000005285","Fbxo33",9.00213089767282
"ENSRNOG00000031174","Arnt",9.00170428114802
"ENSRNOG00000011714","Sat2",9.00163091951434
"ENSRNOG00000028641","Brpf3",9.0013258087443
"ENSRNOG00000032942","Neu1",9.00125878444857
"ENSRNOG00000002879","Psen2",9.00073697107463
"ENSRNOG00000054765","Renbp",9.00050529949634
"ENSRNOG00000012089","Cstf3",9.00004351518507
"ENSRNOG00000049121","Bysl",8.99963934152832
"ENSRNOG00000011238","Tiparp",8.99935330725462
"ENSRNOG00000051720","Nudc",8.99910756864402
"ENSRNOG00000027833","Fnip2",8.99901325594514
"ENSRNOG00000006000","Cdk12",8.99867014592051
"ENSRNOG00000012778","Magoh",8.9981812739612
"ENSRNOG00000008546","Mrpl35",8.99794565565732
"ENSRNOG00000018723","Cops7b",8.99778384807026
"ENSRNOG00000010154","Zc3hc1",8.99770851753598
"ENSRNOG00000004307","Tor3a",8.99699919470524
"ENSRNOG00000013663","Tmem86a",8.99676663727575
"ENSRNOG00000013805","Tnip2",8.99564982472288
"ENSRNOG00000017912","Atp2a3",8.99533967716454
"ENSRNOG00000003310","Tmem63a",8.99511865880165
"ENSRNOG00000011480","Tubgcp5",8.99457788566371
"ENSRNOG00000008956","Cdkn2c",8.99415075822465
"ENSRNOG00000016886","Rnf25",8.99411564382181
"ENSRNOG00000006359","Galk1",8.99408145560911
"ENSRNOG00000030049","Znhit6",8.99371241341478
"ENSRNOG00000043077","Zfpm1",8.99370390596749
"ENSRNOG00000016299","Klf4",8.99353681426521
"ENSRNOG00000013379","Zfp422",8.9931894456632
"ENSRNOG00000000955","Lnx2",8.99310054088084
"ENSRNOG00000016180","Pdp1",8.99307319523209
"ENSRNOG00000030308","Zfp251",8.99306353934512
"ENSRNOG00000042916","Rwdd1",8.99283736086203
"ENSRNOG00000018801","Klhdc4",8.99254504216995
"ENSRNOG00000007686","Septin3",8.99250496644146
"ENSRNOG00000042825","Cd300le",8.99231178324158
"ENSRNOG00000000095","Gpr89b",8.99220990474393
"ENSRNOG00000013045","Setd7",8.99175070867996
"ENSRNOG00000062101","Ace",8.99158741893607
"ENSRNOG00000017272","Mrps27",8.99152616095414
"ENSRNOG00000017108","Syngr1",8.99129154984431
"ENSRNOG00000046493","Pnpo",8.99048073400744
"ENSRNOG00000061128","Pelo",8.99037651070416
"ENSRNOG00000007728","Gsdmd",8.99018619248596
"ENSRNOG00000027341","Tenm2",8.99016101109797
"ENSRNOG00000008187","Ubash3b",8.98989953017714
"ENSRNOG00000011740","Poglut2",8.98985903367746
"ENSRNOG00000007975","Ncoa2",8.98983091865443
"ENSRNOG00000017401","Tmco4",8.98978734968975
"ENSRNOG00000012864","Ern1",8.9893408414843
"ENSRNOG00000002750","Rc3h1",8.98905106299462
"ENSRNOG00000043386","Commd2",8.98826468338711
"ENSRNOG00000009037","Sulf1",8.98819191275385
"ENSRNOG00000004193","Klhl12",8.98738017587343
"ENSRNOG00000050780","Fpgs",8.98728242934057
"ENSRNOG00000021689","Rps6kb2",8.98696020075455
"ENSRNOG00000013030","Pip4k2b",8.98648033141535
"ENSRNOG00000052775","Rimoc1",8.98631627909748
"ENSRNOG00000016973","Tmem242",8.98531833623309
"ENSRNOG00000020010","Kctd13",8.98522651617586
"ENSRNOG00000020379","Cog8",8.98483534010466
"ENSRNOG00000004679","Fign",8.98388373822122
"ENSRNOG00000017069","Mark4",8.9834616686312
"ENSRNOG00000013683","S1pr1",8.98334287217244
"ENSRNOG00000009896","Tmem199",8.98332284452232
"ENSRNOG00000039976","Ptk7",8.98316630407385
"ENSRNOG00000000042","Xpr1",8.98285040969855
"ENSRNOG00000039862","Cldn12",8.98269982436771
"ENSRNOG00000020345","Slc25a42",8.98132722530431
"ENSRNOG00000004749","Slc30a1",8.98122908698245
"ENSRNOG00000025222","Pcid2",8.98119895573118
"ENSRNOG00000001080","Arl6ip4",8.98106940816273
"ENSRNOG00000015142","Timm21",8.98085308430039
"ENSRNOG00000033747","Sp110",8.98083341844654
"ENSRNOG00000017516","Bcl9",8.98062042247842
"ENSRNOG00000000105","Cplx2",8.97995390671492
"ENSRNOG00000000942","Pan3",8.97957290749471
"ENSRNOG00000018239","Dhrs4",8.97928358733888
"ENSRNOG00000013411","Nup155",8.97911344740747
"ENSRNOG00000018745","Sgsm3",8.97909689411752
"ENSRNOG00000031233","Mapk12",8.97864524951424
"ENSRNOG00000015230","Ermard",8.97858730795282
"ENSRNOG00000000925","Psph",8.97800700595221
"ENSRNOG00000005043","Cpeb2",8.97793618183906
"ENSRNOG00000006513","Borcs6",8.97731309217462
"ENSRNOG00000013968","Comtd1",8.97635997029486
"ENSRNOG00000010953","Icmt",8.97629583771359
"ENSRNOG00000007764","Frmd4b",8.9762943222925
"ENSRNOG00000002625","Ptpn4",8.97627871016059
"ENSRNOG00000015866","Hint2",8.97608680346899
"ENSRNOG00000011024","Zdhhc20",8.97592025039112
"ENSRNOG00000001191","Tchp",8.97549607023825
"ENSRNOG00000003550","Acbd6",8.9752938321331
"ENSRNOG00000050657","Crlf3",8.97498976680455
"ENSRNOG00000013774","Lmnb1",8.97430036462959
"ENSRNOG00000019080","Hsd3b7",8.97370927149476
"ENSRNOG00000033026","Dclk3",8.97336375697738
"ENSRNOG00000006792","Cep57",8.9729480355639
"ENSRNOG00000013251","Trim24",8.97288912044045
"ENSRNOG00000009196","Rc3h2",8.97282911427401
"ENSRNOG00000017979","Mrto4",8.97272581699568
"ENSRNOG00000052477","Tbrg4",8.97257268962821
"ENSRNOG00000006828","Baz1a",8.97242262662
"ENSRNOG00000006063","Phf21a",8.97240503065561
"ENSRNOG00000000299","Foxo3",8.9723215616947
"ENSRNOG00000010728","Stradb",8.97206616335827
"ENSRNOG00000009075","Trim13",8.97151174524524
"ENSRNOG00000009661","Tgds",8.97113138413127
"ENSRNOG00000027646","Pop4",8.97024022056831
"ENSRNOG00000016134","Msh6",8.96999572774155
"ENSRNOG00000056610","Cog5",8.96936792626386
"ENSRNOG00000014002","St7l",8.96901109173423
"ENSRNOG00000009629","Car2",8.96844745175605
"ENSRNOG00000027811","Lilrb4",8.96838833948333
"ENSRNOG00000056753","Hectd2",8.96789683519833
"ENSRNOG00000018946","Trim33",8.96684138528472
"ENSRNOG00000031406","Hps3",8.96566259806875
"ENSRNOG00000014902","Stx11",8.96531426727538
"ENSRNOG00000022356","Zc2hc1a",8.96520459525972
"ENSRNOG00000014209","Utp6",8.96500100315398
"ENSRNOG00000008039","Cul5",8.96490080953281
"ENSRNOG00000058130","Pym1",8.96482023892798
"ENSRNOG00000016012","Spats2l",8.96417839226233
"ENSRNOG00000022748","Tmem126a",8.96400327125804
"ENSRNOG00000023021","Msl2",8.96290632974623
"ENSRNOG00000016503","Smarcal1",8.96289085258643
"ENSRNOG00000021273","Crls1",8.96186854240083
"ENSRNOG00000037160","Bloc1s6",8.961413531032
"ENSRNOG00000011599","Gldc",8.96117478214028
"ENSRNOG00000000808","Hsf2",8.96106263018574
"ENSRNOG00000001060","Snrnp35",8.95995800697706
"ENSRNOG00000013876","Mipep",8.95988497203343
"ENSRNOG00000013253","Armc1",8.95978408340804
"ENSRNOG00000007367","Septin4",8.9597587445219
"ENSRNOG00000051699","Zdhhc4",8.95964259544175
"ENSRNOG00000017836","Rrp36",8.95958791197454
"ENSRNOG00000009331","Hck",8.95949166695633
"ENSRNOG00000008510","Abtb2",8.95904107983726
"ENSRNOG00000048969","Nom1",8.95903423650465
"ENSRNOG00000010450","Elovl7",8.95827803545659
"ENSRNOG00000015231","Mrpl44",8.95822856521451
"ENSRNOG00000017608","C2cd3",8.95804884324908
"ENSRNOG00000031328","Zfp110",8.95704523994797
"ENSRNOG00000005141","Hus1",8.95664585158815
"ENSRNOG00000031061","Rpl14l1",8.95656228380526
"ENSRNOG00000016838","Pla2g5",8.95628728173831
"ENSRNOG00000020636","Spint2",8.95597044874763
"ENSRNOG00000016948","Nhlrc2",8.95553849307201
"ENSRNOG00000019573","Lcat",8.95527946566745
"ENSRNOG00000059919","Mtg2",8.95488423978942
"ENSRNOG00000050169","Pet100",8.95482151987362
"ENSRNOG00000005524","Pno1",8.95453716090683
"ENSRNOG00000019948","Phf20",8.9542448202751
"ENSRNOG00000022910","Emcn",8.95390896200607
"ENSRNOG00000045555","Romo1",8.95382481935952
"ENSRNOG00000000150","Dnajc1",8.95375034401196
"ENSRNOG00000020546","Lipe",8.95307452098341
"ENSRNOG00000017752","Mccc2",8.952767553893
"ENSRNOG00000048430","Myo18b",8.95274084076098
"ENSRNOG00000015450","Ppp1r16a",8.95263896563866
"ENSRNOG00000016213","Ssbp2",8.95256947838391
"ENSRNOG00000042978","Ncald",8.951811742198
"ENSRNOG00000032917","Zfand2a",8.95120382520599
"ENSRNOG00000020088","Klhl26",8.95103855841521
"ENSRNOG00000001114","Wipi2",8.95074746967471
"ENSRNOG00000052142","Ahsa2",8.95032773612116
"ENSRNOG00000010980","Proser1",8.95016905778723
"ENSRNOG00000022804","Foxp4",8.95009739436725
"ENSRNOG00000031731","Fam216a",8.95009462471845
"ENSRNOG00000025701","Nifk",8.9496611820455
"ENSRNOG00000010795","Cnot4",8.94960455290462
"ENSRNOG00000006460","Amdhd2",8.94925742600252
"ENSRNOG00000019851","Cox6a2",8.949157618617
"ENSRNOG00000033119","Plcb4",8.94889222388347
"ENSRNOG00000001288","Gpr146",8.94888629977449
"ENSRNOG00000018375","Eif2b3",8.94873115712802
"ENSRNOG00000059016","Tspan12",8.94859664912532
"ENSRNOG00000010595","Rbm45",8.94838179006421
"ENSRNOG00000012140","Cep89",8.94814773140876
"ENSRNOG00000013992","Arfrp1",8.94811566407595
"ENSRNOG00000008374","Nipsnap1",8.94803858311199
"ENSRNOG00000025245","C1h11orf24",8.94790040143891
"ENSRNOG00000051592","Sirt1",8.94776091114257
"ENSRNOG00000011025","Trmt10a",8.94748185682908
"ENSRNOG00000018067","Smn1",8.94684978625788
"ENSRNOG00000019645","Osbp2",8.94603100273824
"ENSRNOG00000005451","Dnah11",8.94600319932328
"ENSRNOG00000008167","Abhd6",8.94507427849387
"ENSRNOG00000026962","Osbpl8",8.94476730074192
"ENSRNOG00000001958","Ift57",8.94466492487532
"ENSRNOG00000019394","Mpv17l2",8.94444287285753
"ENSRNOG00000006615","Mtap",8.944344213965
"ENSRNOG00000030318","Gpr83",8.9443058328506
"ENSRNOG00000009805","Wasf2",8.94367767974485
"ENSRNOG00000047427","Cdan1",8.94350593285004
"ENSRNOG00000007131","Paxip1",8.94346756562706
"ENSRNOG00000001963","Mx2",8.94296050674031
"ENSRNOG00000057447","Kri1",8.94197541285251
"ENSRNOG00000028415","Cdc20",8.94179582375156
"ENSRNOG00000060580","Slc10a3",8.94159512016989
"ENSRNOG00000042274","Fbxo31",8.94114074394973
"ENSRNOG00000026942","Brd10",8.94087268888709
"ENSRNOG00000029986","Insr",8.94084347194115
"ENSRNOG00000002860","Ccdc181",8.94081905526189
"ENSRNOG00000061876","Tas1r2",8.94081607665729
"ENSRNOG00000024194","Rsf1",8.9406044679157
"ENSRNOG00000032258","Swt1",8.94026499136168
"ENSRNOG00000021004","Rasip1",8.93993446971089
"ENSRNOG00000029049","Zdhhc14",8.9391690479678
"ENSRNOG00000042728","Fbrs",8.9391314580281
"ENSRNOG00000010008","Polr3a",8.93885291270153
"ENSRNOG00000018477","Otud4",8.93789346751934
"ENSRNOG00000020427","Borcs8",8.9373930882907
"ENSRNOG00000021137","Kctd15",8.93701850791716
"ENSRNOG00000000632","Cdk1",8.9369978171813
"ENSRNOG00000019970","Mrpl11",8.93686980489091
"ENSRNOG00000010999","Cep295",8.93648862174493
"ENSRNOG00000020518","Entrep3",8.93639925392291
"ENSRNOG00000019949","Mrps12",8.93635934385419
"ENSRNOG00000013927","Jag2",8.9362275107059
"ENSRNOG00000003329","Ppm1d",8.93608182209054
"ENSRNOG00000006980","Vcpip1",8.93588086354341
"ENSRNOG00000027234","Zfp367",8.93542298947824
"ENSRNOG00000010017","Wee1",8.93535882786074
"ENSRNOG00000024410","Blvrb",8.93465778792709
"ENSRNOG00000025181","Pigu",8.9346540100106
"ENSRNOG00000019308","Arrb2",8.93419405218306
"ENSRNOG00000021221","Pced1a",8.9334792002095
"ENSRNOG00000009590","Stox2",8.93317113884985
"ENSRNOG00000001555","Btg3",8.93283402370927
"ENSRNOG00000014515","Cdc14a",8.93258571031684
"ENSRNOG00000025462","Wdr41",8.93212624854898
"ENSRNOG00000007548","Polr3f",8.93200574145994
"ENSRNOG00000013234","Ccdc115",8.93179198483693
"ENSRNOG00000014529","Ube2q2",8.93159744554608
"ENSRNOG00000045918","Jarid2",8.93119666674422
"ENSRNOG00000049244","Sepsecs",8.93049287492903
"ENSRNOG00000020107","Stk11ip",8.93012710635935
"ENSRNOG00000002232","Aff1",8.92915378206843
"ENSRNOG00000055093","Cep43",8.92846943897227
"ENSRNOG00000019662","Tm6sf1",8.92799301685848
"ENSRNOG00000018931","Dis3l2",8.9278584466369
"ENSRNOG00000027894","Iqgap3",8.92722773408949
"ENSRNOG00000006864","Scaper",8.92600592525529
"ENSRNOG00000021026","Zfp687",8.92575480133656
"ENSRNOG00000003330","Acsf2",8.92517511577768
"ENSRNOG00000024492","Ap1ar",8.92513416137612
"ENSRNOG00000017431","6430548M08Rikl",8.92498425521871
"ENSRNOG00000009354","Nrarp",8.92475332292989
"ENSRNOG00000001091","Hip1r",8.92468166420283
"ENSRNOG00000024711","Sdk2",8.92451067178115
"ENSRNOG00000052894","Epg5",8.92420529190638
"ENSRNOG00000003673","Nup85",8.92402366266022
"ENSRNOG00000020296","Atp5mk",8.92352843549477
"ENSRNOG00000009515","Pgm3",8.9231882702799
"ENSRNOG00000018865","Adamts12",8.9231171806775
"ENSRNOG00000045623","Capn10",8.92306622635615
"ENSRNOG00000001336","Orai1",8.92276852171454
"ENSRNOG00000012534","Mfsd10",8.9225926570081
"ENSRNOG00000013689","Vps18",8.92150718954517
"ENSRNOG00000020216","Gmpr2",8.92060617048616
"ENSRNOG00000001720","Hes1",8.92010859474758
"ENSRNOG00000011904","Trappc4",8.92008769505823
"ENSRNOG00000013852","Med20",8.91999561866389
"ENSRNOG00000012099","Tent2",8.91994957207132
"ENSRNOG00000000903","Asl",8.91975334375294
"ENSRNOG00000057290","Tmem168",8.91944590034665
"ENSRNOG00000017767","Irag1",8.91938316787165
"ENSRNOG00000004320","Tgm4",8.91911959703837
"ENSRNOG00000002074","Rest",8.91832794500309
"ENSRNOG00000016708","Necab3",8.91819496879304
"ENSRNOG00000007253","Cbll1",8.91809378952627
"ENSRNOG00000005012","Utp14a",8.91794580876326
"ENSRNOG00000015077","Acsf3",8.91691213112417
"ENSRNOG00000021773","Bop1",8.91658848117983
"ENSRNOG00000019604","Pld2",8.91534988731544
"ENSRNOG00000059799","Ficd",8.91502936653629
"ENSRNOG00000032723","Efl1",8.91489833310488
"ENSRNOG00000004276","Itga3",8.91456372468964
"ENSRNOG00000001982","Cblb",8.91438943306357
"ENSRNOG00000006435","Tor1b",8.91364567835241
"ENSRNOG00000001609","Cep97",8.91336022333875
"ENSRNOG00000013090","Gadd45g",8.91323044606301
"ENSRNOG00000015080","Wdfy1",8.91296646017873
"ENSRNOG00000014168","Xylb",8.91295730931617
"ENSRNOG00000014050","Ptges2",8.91233907145575
"ENSRNOG00000006462","Ero1a",8.91216353823996
"ENSRNOG00000004844","Med30",8.91155333800361
"ENSRNOG00000012828","Emg1",8.91109588288581
"ENSRNOG00000012443","Cpt2",8.91106707204627
"ENSRNOG00000026299","Mysm1",8.91073326005321
"ENSRNOG00000046530","Zdhhc16",8.91053277626711
"ENSRNOG00000036677","Slc16a3",8.91029431459474
"ENSRNOG00000014935","Twnk",8.90923841625465
"ENSRNOG00000056701","Gtf2a2",8.90900302355962
"ENSRNOG00000020238","Plekhh3",8.90850089445031
"ENSRNOG00000006985","Ccnk",8.90775236999288
"ENSRNOG00000042419","Acyp2",8.90769250279119
"ENSRNOG00000020372","Hdac4",8.90725831775566
"ENSRNOG00000019342","Sult1a1",8.90689139764661
"ENSRNOG00000032027","Tmem42",8.9066273743717
"ENSRNOG00000054896","Pex13",8.90661023114531
"ENSRNOG00000012850","Kat6b",8.90656232309246
"ENSRNOG00000019522","Ciao3",8.906320801118
"ENSRNOG00000000230","Lmf1",8.90599979015783
"ENSRNOG00000007829","Lactb2",8.9057757955234
"ENSRNOG00000012147","Nop14",8.9053290617416
"ENSRNOG00000017780","Akr7a2",8.90516303438389
"ENSRNOG00000001483","Rcc1l",8.9041973725194
"ENSRNOG00000012172","Spi1",8.90418060701486
"ENSRNOG00000001273","Psmg3",8.90392501616007
"ENSRNOG00000047761","Zfp326",8.90234594031052
"ENSRNOG00000006735","Cdkn2b",8.90225874208436
"ENSRNOG00000015517","Zfp444",8.9016159021109
"ENSRNOG00000006718","Rbm33",8.90117806930845
"ENSRNOG00000004377","Lpin1",8.90055640234075
"ENSRNOG00000021776","Cenpc",8.90051220292968
"ENSRNOG00000000321","Cd24",8.89997078805101
"ENSRNOG00000013429","Tbl3",8.89961597599694
"ENSRNOG00000006487","Casp8ap2",8.89943751332735
"ENSRNOG00000017917","Cdhr2",8.89885981949176
"ENSRNOG00000013456","Ighmbp2",8.89845059269965
"ENSRNOG00000017869","Irf8",8.89804819997241
"ENSRNOG00000028404","Ppp1r1b",8.8979909827215
"ENSRNOG00000014475","Slc31a1",8.89792090182711
"ENSRNOG00000005076","Bcorl1",8.89728164466413
"ENSRNOG00000054901","Rif1",8.89727262048853
"ENSRNOG00000033235","Relb",8.89693142781292
"ENSRNOG00000002580","Trmt1l",8.89673278903931
"ENSRNOG00000036894","Cisd3",8.89644483536674
"ENSRNOG00000012880","Tti1",8.89517813875675
"ENSRNOG00000006393","Sirt6",8.89429026034439
"ENSRNOG00000004814","Elob",8.89388633790674
"ENSRNOG00000059491","Fgd4",8.89380084399679
"ENSRNOG00000009063","Dnajc15",8.89340597925249
"ENSRNOG00000029370","Abhd3",8.89329833005985
"ENSRNOG00000017676","Plvap",8.89297351988614
"ENSRNOG00000018011","Tasor2",8.89157943623942
"ENSRNOG00000002506","Cdkl2",8.89114145864843
"ENSRNOG00000002207","Guf1",8.89067708257882
"ENSRNOG00000004500","Myc",8.88929832114309
"ENSRNOG00000011881","Slc25a15",8.88911225805725
"ENSRNOG00000020068","Ndufaf3",8.88902250776138
"ENSRNOG00000058094","Lyst",8.88878430120092
"ENSRNOG00000020254","Per2",8.88855253531677
"ENSRNOG00000017744","Dram2",8.8883158520571
"ENSRNOG00000046848","Pcolce2",8.88831512423219
"ENSRNOG00000052296","Shank3",8.88705703511622
"ENSRNOG00000020860","Tdrkh",8.88623909080984
"ENSRNOG00000010515","Trim59",8.88622114524914
"ENSRNOG00000017808","Klf15",8.88573812859406
"ENSRNOG00000007981","Klhl23",8.88544359160441
"ENSRNOG00000050087","Mphosph6",8.88520125231231
"ENSRNOG00000055761","Zfp574",8.88498281333279
"ENSRNOG00000000560","Lrrc20",8.88470013977526
"ENSRNOG00000020608","Ppan",8.88429236899075
"ENSRNOG00000007359","Gca",8.88353054005159
"ENSRNOG00000019657","Pgpep1",8.8829012452043
"ENSRNOG00000054669","Sanbr",8.88270036981391
"ENSRNOG00000016334","Ptbp3",8.88226238738574
"ENSRNOG00000033133","Nae1",8.88192661921519
"ENSRNOG00000025034","C5h1orf174",8.88157305724741
"ENSRNOG00000021390","Meis3",8.88147791312988
"ENSRNOG00000018564","Nup93",8.88117997059122
"ENSRNOG00000012730","Lrrk1",8.88098028869685
"ENSRNOG00000014142","Ogfrl1",8.88091196590125
"ENSRNOG00000012531","Ephb2",8.88063439517519
"ENSRNOG00000052574","Lbr",8.88043115739534
"ENSRNOG00000004516","Itgbl1",8.88025455296432
"ENSRNOG00000012219","Snrnp40",8.88006676075074
"ENSRNOG00000052157","Nav3",8.88005671277119
"ENSRNOG00000003835","Slc43a2",8.8794806871854
"ENSRNOG00000000040","Kiaa1614",8.87928550959798
"ENSRNOG00000026528","Mrps33",8.87914400365607
"ENSRNOG00000020376","Stn1",8.87843302709459
"ENSRNOG00000032136","Cdc42ep3",8.87788427202266
"ENSRNOG00000015894","Dock8",8.8777394872791
"ENSRNOG00000020635","Exosc5",8.87747911580803
"ENSRNOG00000004829","Immp1l",8.87588788496496
"ENSRNOG00000008929","Aebp2",8.87579422298008
"ENSRNOG00000008443","Fam234b",8.87551856870535
"ENSRNOG00000017915","Dvl2",8.8745006198254
"ENSRNOG00000002273","Naaa",8.87419459288421
"ENSRNOG00000039777","Ttf1",8.87395465940552
"ENSRNOG00000007830","Apold1",8.87251992392351
"ENSRNOG00000001885","Trmt2a",8.87231728466858
"ENSRNOG00000018656","Ampd1",8.87217775993125
"ENSRNOG00000058586","Tyro3",8.87192578662004
"ENSRNOG00000021244","Hspa12b",8.87159147118058
"ENSRNOG00000046834","C3",8.87113082057778
"ENSRNOG00000058588","Nfxl1",8.87093621517609
"ENSRNOG00000026008","Gtf2e1",8.87089195756005
"ENSRNOG00000018095","Nkiras2",8.87038268506182
"ENSRNOG00000003870","C1qtnf2",8.86970250998409
"ENSRNOG00000060775","Lmo7",8.86929854709303
"ENSRNOG00000001926","Cldn1",8.86920446192944
"ENSRNOG00000004094","Ptger1",8.86863011385272
"ENSRNOG00000009653","Numb",8.86842345634479
"ENSRNOG00000009157","Fut4",8.86823680081098
"ENSRNOG00000017119","Ciao2a",8.86815437626478
"ENSRNOG00000018012","Tulp4",8.86796624485074
"ENSRNOG00000026965","Tmem140",8.86793746376342
"ENSRNOG00000005556","Snrpf",8.8673331632048
"ENSRNOG00000002185","Pgm2",8.86728346893223
"ENSRNOG00000001317","Zfp68",8.86706124425517
"ENSRNOG00000000924","Slc7a1",8.86686631477539
"ENSRNOG00000003541","Pggt1b",8.86648888910462
"ENSRNOG00000007422","Vav2",8.86578185091416
"ENSRNOG00000012528","Zfyve19",8.8656601320059
"ENSRNOG00000000111","Coprs",8.86526826893566
"ENSRNOG00000019132","Fv1",8.86388310820784
"ENSRNOG00000019428","Higd1a",8.86387193207738
"ENSRNOG00000009425","Fgf7",8.86387067937262
"ENSRNOG00000056216","Casp7",8.8638153904322
"ENSRNOG00000007766","Pqbp1",8.86375866055738
"ENSRNOG00000017728","Edrf1",8.86285946450379
"ENSRNOG00000024650","Ckap2",8.86274851002808
"ENSRNOG00000021938","Lrrtm4",8.8623249208289
"ENSRNOG00000024372","Cwf19l2",8.86225572521615
"ENSRNOG00000021691","Ccdc92",8.86149318804313
"ENSRNOG00000010303","Trim32",8.8614279528879
"ENSRNOG00000000609","Ipmk",8.86119090603727
"ENSRNOG00000028801","Gsap",8.86108289222852
"ENSRNOG00000002915","Trim11",8.8609012063865
"ENSRNOG00000026981","Zfp282",8.86066389990412
"ENSRNOG00000020544","Sdr39u1",8.86034883787002
"ENSRNOG00000004208","Crim1",8.85996897742406
"ENSRNOG00000004968","Ncapg2",8.85924355664653
"ENSRNOG00000046231","Cacna1s",8.85898407154328
"ENSRNOG00000005347","Fjx1",8.85854181408577
"ENSRNOG00000008869","Ppp1r9a",8.85779982719083
"ENSRNOG00000017654","Emc8",8.85763014176921
"ENSRNOG00000002895","Nagpa",8.85756786680895
"ENSRNOG00000030721","Fbrsl1",8.85754676758995
"ENSRNOG00000042276","Trappc2",8.85750886426465
"ENSRNOG00000012718","Zfp451",8.85745771010326
"ENSRNOG00000000895","Rabgef1",8.85709944728825
"ENSRNOG00000020624","Acadsb",8.85685388376241
"ENSRNOG00000003924","Pi4k2b",8.8567080770086
"ENSRNOG00000037567","Iftap",8.8563916955582
"ENSRNOG00000014496","Coro6",8.85594248223252
"ENSRNOG00000015235","Fra10ac1",8.85571528295354
"ENSRNOG00000047984","Mrps22",8.85434030207052
"ENSRNOG00000013634","Myd88",8.85407133042357
"ENSRNOG00000019670","Wdr3",8.85372727878448
"ENSRNOG00000003779","Dedd",8.85305021330032
"ENSRNOG00000013239","Tle4",8.85300505118771
"ENSRNOG00000019232","Qng1",8.85288073694269
"ENSRNOG00000056009","Rab11fip5",8.85254331110576
"ENSRNOG00000008030","Shc2",8.85224301716656
"ENSRNOG00000016266","Mphosph10",8.85129722838631
"ENSRNOG00000017839","Ercc1",8.85086429701174
"ENSRNOG00000028236","C13h1orf21",8.8507778938449
"ENSRNOG00000006224","Klhl31",8.84983466379673
"ENSRNOG00000020642","Flad1",8.84953976920091
"ENSRNOG00000005573","Ntn4",8.84883930294819
"ENSRNOG00000002645","Gemin5",8.84879834256026
"ENSRNOG00000034107","C7h8orf33",8.84865362847077
"ENSRNOG00000010489","Samd4a",8.84775834508496
"ENSRNOG00000001171","Coq5",8.84663319178232
"ENSRNOG00000021012","Rfx5",8.84624917998902
"ENSRNOG00000021100","Tnfaip8l2",8.84608237163528
"ENSRNOG00000037655","Gatb",8.84607669456839
"ENSRNOG00000018860","Mtg1",8.84596288222685
"ENSRNOG00000048487","Slc12a9",8.84583200507444
"ENSRNOG00000015021","Naxd",8.84487927527109
"ENSRNOG00000015970","Tbc1d13",8.84463582254442
"ENSRNOG00000058663","Suz12",8.84452993793537
"ENSRNOG00000003866","Cxcr4",8.84428464779008
"ENSRNOG00000060146","Six5",8.84407555635479
"ENSRNOG00000019832","Bbs1",8.84405637670699
"ENSRNOG00000001582","Bach1",8.8437839914658
"ENSRNOG00000028668","Slc28a2",8.84355157549011
"ENSRNOG00000001752","Nrros",8.84309326926983
"ENSRNOG00000012841","Alg11",8.84260546024609
"ENSRNOG00000000066","Fbxo28",8.84240137934126
"ENSRNOG00000018066","Bccip",8.84227162164481
"ENSRNOG00000033169","Cpeb4",8.84199776635092
"ENSRNOG00000019734","Mrpl14",8.84181842457285
"ENSRNOG00000015796","Msh2",8.84152909087097
"ENSRNOG00000030404","Arrb1",8.84124623413747
"ENSRNOG00000008663","Nat10",8.84091089245685
"ENSRNOG00000019536","Smim3",8.84081820218312
"ENSRNOG00000043044","Cnn2",8.83973120516074
"ENSRNOG00000028161","Tepsin",8.83946422110401
"ENSRNOG00000007227","Mien1",8.83908448629062
"ENSRNOG00000001431","Rasa4",8.83882825080969
"ENSRNOG00000007486","Atg7",8.83876524078943
"ENSRNOG00000024867","Eme2",8.83866817633091
"ENSRNOG00000019466","Agpat2",8.83855284656629
"ENSRNOG00000004706","Vit",8.8384955459281
"ENSRNOG00000013813","Ubtd1",8.83762011933447
"ENSRNOG00000027447","Stam2",8.83754629031715
"ENSRNOG00000019009","Arrdc2",8.83689716097919
"ENSRNOG00000007881","Mtmr14",8.83633277967732
"ENSRNOG00000018748","Slc16a11",8.83593612737352
"ENSRNOG00000001255","Mlxip",8.83470935188297
"ENSRNOG00000042702","Nipa1",8.83348945243772
"ENSRNOG00000011116","Snx25",8.83316687165341
"ENSRNOG00000018547","Mrpl46",8.83309770292796
"ENSRNOG00000056069","Kif11",8.83300284547664
"ENSRNOG00000002247","Nup54",8.83283948431515
"ENSRNOG00000013962","Magi2",8.83282153248607
"ENSRNOG00000019922","Ntpcr",8.83264485991617
"ENSRNOG00000025317","Gpatch11",8.83179141232454
"ENSRNOG00000057042","Pcca",8.83111014209033
"ENSRNOG00000008061","Nuak1",8.83033561968072
"ENSRNOG00000008309","Rpa3",8.82932677486874
"ENSRNOG00000001429","Lrwd1",8.82893150929038
"ENSRNOG00000013463","Kcnj8",8.82892899959975
"ENSRNOG00000013877","Ttc23",8.82859011673093
"ENSRNOG00000011621","Hnrnpc",8.82854772775254
"ENSRNOG00000045926","Lrrc45",8.82815385671913
"ENSRNOG00000039551","Rdh14",8.827923320028
"ENSRNOG00000038044","Tsc22d2",8.82786753298166
"ENSRNOG00000011614","Tmcc1",8.8275854755931
"ENSRNOG00000022623","Ttll12",8.82753117398717
"ENSRNOG00000008618","Tex10",8.82744685362457
"ENSRNOG00000010165","Tnfaip2",8.82708375025474
"ENSRNOG00000003719","Atpaf2",8.82665543675929
"ENSRNOG00000015948","Slc1a5",8.82654300957895
"ENSRNOG00000001059","Usp42",8.82645957523678
"ENSRNOG00000057701","Myom1",8.8259079759584
"ENSRNOG00000015206","Alad",8.82578261867966
"ENSRNOG00000030017","Ercc6",8.82521963196891
"ENSRNOG00000013321","Dock11",8.82478952682774
"ENSRNOG00000016989","Dolk",8.82445105036465
"ENSRNOG00000004035","Krr1",8.82426934652546
"ENSRNOG00000039994","Upf3b",8.82407591139035
"ENSRNOG00000019202","Pvr",8.82351025757687
"ENSRNOG00000002075","Cnot6l",8.82226380439353
"ENSRNOG00000011448","Eri1",8.82226066443537
"ENSRNOG00000050233","Cchcr1",8.82181682705827
"ENSRNOG00000006789","Ddit3",8.82166539310223
"ENSRNOG00000018648","Mppe1",8.82153057562943
"ENSRNOG00000004980","Rangrf",8.82067039402856
"ENSRNOG00000019039","Inpp5e",8.82066007509505
"ENSRNOG00000003108","Acbd4",8.82043084143301
"ENSRNOG00000042458","Stau2",8.82022022192008
"ENSRNOG00000017494","Acp6",8.82012286201694
"ENSRNOG00000018841","Sox8",8.81979846434809
"ENSRNOG00000054151","Pus10",8.81957784099668
"ENSRNOG00000029570","Fam222b",8.81919587566573
"ENSRNOG00000009191","Ccm2l",8.81917042653877
"ENSRNOG00000000258","Prmt7",8.8188149727215
"ENSRNOG00000007792","Gcc1",8.81842943869265
"ENSRNOG00000028219","Tmem209",8.81784448798162
"ENSRNOG00000001715","Ece2",8.81753414861529
"ENSRNOG00000016419","Pdlim5",8.81750731492559
"ENSRNOG00000004306","Zbtb39",8.81724222100833
"ENSRNOG00000019468","Rce1",8.81721365167055
"ENSRNOG00000015660","Pex3",8.81679000095422
"ENSRNOG00000029450","Adgrb1",8.81629275572254
"ENSRNOG00000007622","Arrdc1",8.81603292347654
"ENSRNOG00000008519","Dipk2a",8.81589648198528
"ENSRNOG00000037540","Tmem256",8.81480556044998
"ENSRNOG00000011470","Tsc1",8.81418080431587
"ENSRNOG00000007613","C1qtnf5",8.81395943554097
"ENSRNOG00000010086","Plagl2",8.81384148574984
"ENSRNOG00000009290","Nup35",8.81384081652943
"ENSRNOG00000015084","Necab2",8.81378369974525
"ENSRNOG00000023778","Gcnt2",8.81329007122456
"ENSRNOG00000016273","Fam136a",8.81280176942277
"ENSRNOG00000011932","Snrpa1",8.81254907149204
"ENSRNOG00000012183","Glrx",8.81244702661549
"ENSRNOG00000030199","Tmem192",8.81161408224632
"ENSRNOG00000025497","Fbxl6",8.81158033486565
"ENSRNOG00000011140","Prxl2a",8.81145103826544
"ENSRNOG00000020333","Utp4",8.8112391345019
"ENSRNOG00000010536","Nr2c2",8.81101467692791
"ENSRNOG00000016551","Bcl2l11",8.81089354694785
"ENSRNOG00000008378","Zfp414",8.81082019724759
"ENSRNOG00000054497","Taf4",8.8104997055132
"ENSRNOG00000054560","Sh2d3c",8.8102058853215
"ENSRNOG00000022764","Evi2a",8.80973767727996
"ENSRNOG00000015179","Tradd",8.80964263378333
"ENSRNOG00000029698","Pim3",8.80868641073455
"ENSRNOG00000000024","Hebp1",8.80867980028628
"ENSRNOG00000021243","Siglec1",8.80762942319105
"ENSRNOG00000012227","Stambp",8.80709862348289
"ENSRNOG00000060120","Selenoo",8.80708873516087
"ENSRNOG00000027938","Jcad",8.80678964838734
"ENSRNOG00000007349","Ascc2",8.80674966060167
"ENSRNOG00000047905","Dus1l",8.8063726423637
"ENSRNOG00000025120","Gli1",8.80632367846193
"ENSRNOG00000018518","Prr14",8.80617719951342
"ENSRNOG00000007551","Patj",8.80545750648136
"ENSRNOG00000011873","Atg14",8.80456341201261
"ENSRNOG00000003326","Rrn3",8.80451023090784
"ENSRNOG00000023334","Parp14",8.80349980612004
"ENSRNOG00000000073","Tmed5",8.80347063016757
"ENSRNOG00000001294","Ift81",8.80339170191128
"ENSRNOG00000033639","Zfp777",8.80289892608064
"ENSRNOG00000018353","Rad17",8.80283795570109
"ENSRNOG00000022060","Magi1",8.80258392206623
"ENSRNOG00000002875","Klhl20",8.8024862105318
"ENSRNOG00000017866","Sirt5",8.80225204815492
"ENSRNOG00000012683","Abhd17c",8.80217583905341
"ENSRNOG00000024027","Lemd3",8.80167608813363
"ENSRNOG00000004810","Plcb1",8.80150266097001
"ENSRNOG00000016791","Chka",8.80146207497293
"ENSRNOG00000008237","Unc13b",8.80143117315409
"ENSRNOG00000054251","Clec7a",8.8011349694025
"ENSRNOG00000011503","Shb",8.80089154212215
"ENSRNOG00000019674","Mfsd13a",8.80086687936561
"ENSRNOG00000012473","Cflar",8.80075821548665
"ENSRNOG00000025910","Hccs",8.80042632509583
"ENSRNOG00000013293","Mccc1",8.80001357420542
"ENSRNOG00000054479","Zw10",8.79981225076521
"ENSRNOG00000002764","Mettl16",8.79971206850486
"ENSRNOG00000017468","Trappc6a",8.79964943718435
"ENSRNOG00000029038","Gemin8",8.7994067789285
"ENSRNOG00000009389","Ripk2",8.79934615782034
"ENSRNOG00000012798","Tubgcp4",8.79883571028502
"ENSRNOG00000012015","Lrrc49",8.79882398864032
"ENSRNOG00000011276","Tmem254",8.79826888729599
"ENSRNOG00000009968","Ercc8",8.79789665902084
"ENSRNOG00000022392","Hspb8",8.79735166932069
"ENSRNOG00000001859","Sdf2l1",8.79680672541315
"ENSRNOG00000001608","Nxpe3",8.79604098447892
"ENSRNOG00000014829","Prmt3",8.7950406889768
"ENSRNOG00000048712","Ccdc137",8.79467386161633
"ENSRNOG00000009170","Dmxl2",8.7941805333532
"ENSRNOG00000022533","Micall2",8.79386156872536
"ENSRNOG00000015159","Slc9a3",8.79358729988593
"ENSRNOG00000001289","Chlsn",8.79355397476027
"ENSRNOG00000022697","Clec14a",8.79347023347003
"ENSRNOG00000018765","Pold4",8.79333808410502
"ENSRNOG00000018119","Dhx32",8.79263841721856
"ENSRNOG00000011321","Rftn1",8.79172714816802
"ENSRNOG00000001700","Whrn",8.79145164041424
"ENSRNOG00000019341","Tmem179b",8.79143045038698
"ENSRNOG00000011831","Nudt18",8.79125876899939
"ENSRNOG00000006541","Nup107",8.79116262127876
"ENSRNOG00000055450","Ckmt2",8.79099512468095
"ENSRNOG00000004003","Dusp10",8.7907230201189
"ENSRNOG00000009846","Frg1",8.79044751273508
"ENSRNOG00000002450","Rrp15",8.78944515641633
"ENSRNOG00000020463","Eif1ad",8.78906471661926
"ENSRNOG00000012927","Rrp9",8.78882461997805
"ENSRNOG00000019653","Csrnp2",8.78853575167083
"ENSRNOG00000019129","Fcgbp",8.78844523274982
"ENSRNOG00000011696","Lifr",8.7878395644039
"ENSRNOG00000045863","Naa16",8.78758678653368
"ENSRNOG00000003805","Rnft1",8.78730176771488
"ENSRNOG00000032690","Ube2e2",8.78727386506246
"ENSRNOG00000005483","Rpap1",8.78680707349176
"ENSRNOG00000018718","Rpp30",8.78536159175822
"ENSRNOG00000032708","RT1-Bb",8.78520904962812
"ENSRNOG00000017097","Lhpp",8.78509795240659
"ENSRNOG00000021005","Mrpl16",8.7846182878047
"ENSRNOG00000021216","Pex11b",8.78457814028622
"ENSRNOG00000018997","Myh7b",8.78429251638386
"ENSRNOG00000013383","Tmub1",8.7842309738437
"ENSRNOG00000027784","Tsku",8.78405085895197
"ENSRNOG00000003517","Tbx2",8.78398361124673
"ENSRNOG00000004328","Deptor",8.78310455376212
"ENSRNOG00000009310","Nmd3",8.78272768534201
"ENSRNOG00000003075","Tmem39a",8.78271842211789
"ENSRNOG00000052307","Spats2",8.78271474543415
"ENSRNOG00000006419","Aven",8.78263377019926
"ENSRNOG00000008424","Aagab",8.78209524553148
"ENSRNOG00000018027","Taf5l1",8.78195032746561
"ENSRNOG00000000635","Arid5b",8.78136057906071
"ENSRNOG00000018408","C1h19orf47",8.78117187061212
"ENSRNOG00000011800","F3",8.78049202739714
"ENSRNOG00000008553","Mthfr",8.77897831958636
"ENSRNOG00000025418","Armc9",8.77878965899847
"ENSRNOG00000047118","Mtres1",8.77872660775152
"ENSRNOG00000054157","Nadk2",8.77857151448326
"ENSRNOG00000048433","Tshz2",8.77856371639697
"ENSRNOG00000002943","Mrpl55",8.77841293658949
"ENSRNOG00000001432","Dtx2",8.77789133827785
"ENSRNOG00000046479","Chaf1a",8.7772161843509
"ENSRNOG00000047115","Cox16",8.77688629400565
"ENSRNOG00000010642","Lysmd2",8.77685453380388
"ENSRNOG00000028856","Pknox2",8.77660867940735
"ENSRNOG00000015095","Spryd7",8.77650347675402
"ENSRNOG00000019957","Lrig2",8.77561201568902
"ENSRNOG00000001329","Gjc3",8.77432566653476
"ENSRNOG00000013572","Lxn",8.7739663031496
"ENSRNOG00000003207","Fmnl1",8.77308157952743
"ENSRNOG00000029260","Pitpnm2",8.77306475298746
"ENSRNOG00000048718","Ccdc71",8.77304981973315
"ENSRNOG00000055647","Rbfa",8.77294894394193
"ENSRNOG00000016603","Rtn2",8.77279464086082
"ENSRNOG00000003964","Nsmce2",8.77272019214307
"ENSRNOG00000008712","Tmem268",8.77263842336584
"ENSRNOG00000015552","Ppil4",8.77245802857187
"ENSRNOG00000036604","Ifit2",8.77230594227027
"ENSRNOG00000009125","Dis3",8.77229305565275
"ENSRNOG00000008045","Slamf9",8.77189670757918
"ENSRNOG00000021200","Hjv",8.77183940135486
"ENSRNOG00000032778","Bub1",8.77157526829058
"ENSRNOG00000028041","Tnnt1",8.77143248620445
"ENSRNOG00000008481","Reep1",8.77094388702091
"ENSRNOG00000019995","Dnajc18",8.77059237747768
"ENSRNOG00000002005","Tmprss11f",8.77058590362017
"ENSRNOG00000012692","Riok2",8.77036890585847
"ENSRNOG00000011164","Coq6",8.77018275422594
"ENSRNOG00000009928","Bckdhb",8.7692838753797
"ENSRNOG00000010473","Cand2",8.7691722552606
"ENSRNOG00000023312","Lonrf2",8.7691017296689
"ENSRNOG00000009696","Mdm4",8.76909969448569
"ENSRNOG00000050790","Dcaf12",8.7689794402877
"ENSRNOG00000001843","Bcl6",8.76847553564038
"ENSRNOG00000012318","Aspm",8.76836606348899
"ENSRNOG00000004972","Upp1",8.76834661643635
"ENSRNOG00000022929","Mtmr12",8.76707677912872
"ENSRNOG00000008022","Apaf1",8.76688093343384
"ENSRNOG00000021061","Map4k2",8.76684693006863
"ENSRNOG00000016815","Tmem135",8.76672518968152
"ENSRNOG00000022043","Yipf2",8.76646764958394
"ENSRNOG00000047506","Srek1ip1",8.76639180217041
"ENSRNOG00000033697","Casp4",8.76612647077647
"ENSRNOG00000048725","Lsm2",8.76591574625703
"ENSRNOG00000002378","Bpnt1",8.76529967791744
"ENSRNOG00000052386","Nlrx1",8.76451875121128
"ENSRNOG00000048164","Acad8",8.76436192428026
"ENSRNOG00000018351","Thap4",8.76428860882663
"ENSRNOG00000026204","Dclre1a",8.76371637931067
"ENSRNOG00000005191","Trim44",8.76315798916335
"ENSRNOG00000019245","Sgf29",8.76168288330588
"ENSRNOG00000013828","Sirt3",8.76162462821762
"ENSRNOG00000008932","Ncapd3",8.76151726042488
"ENSRNOG00000001506","Tmem35a",8.76149244395651
"ENSRNOG00000006388","Pygl",8.76131152404779
"ENSRNOG00000003908","Cep128",8.76047904367787
"ENSRNOG00000013231","Ptafr",8.76033810916515
"ENSRNOG00000020753","Bnip1",8.76033575320305
"ENSRNOG00000038916","Dram1",8.76032712252097
"ENSRNOG00000021316","Tmem98",8.7601230593801
"ENSRNOG00000019028","Znrf1",8.75951072816833
"ENSRNOG00000042333","Dnal1",8.75895038305588
"ENSRNOG00000031849","Armh4",8.7585751836523
"ENSRNOG00000007972","Rbbp9",8.7585011554884
"ENSRNOG00000004414","F11r",8.7580692406189
"ENSRNOG00000045838","Hps1",8.75777242040166
"ENSRNOG00000036675","Btbd16",8.75739296710436
"ENSRNOG00000012726","Zbtb5",8.75728747693395
"ENSRNOG00000058003","Spon1",8.75668499949644
"ENSRNOG00000010350","Rcan2",8.75667473996608
"ENSRNOG00000001597","Atf2",8.75653769796156
"ENSRNOG00000016645","Sfmbt1",8.75651471027352
"ENSRNOG00000003385","Glrx2",8.75626533843188
"ENSRNOG00000042905","RT1-T24-4",8.75604447474969
"ENSRNOG00000050051","Pin4",8.75602110142584
"ENSRNOG00000016591","Utp15",8.75552356577699
"ENSRNOG00000002983","Nfix",8.75509693017685
"ENSRNOG00000006062","Hs1bp3",8.7547180685596
"ENSRNOG00000009894","Vps50",8.75401430543923
"ENSRNOG00000033517","Tpt1l3",8.75394049144979
"ENSRNOG00000009339","Cenpe",8.75390582955208
"ENSRNOG00000061337","Mindy2",8.75335200577011
"ENSRNOG00000018502","Mon1a",8.75307478100488
"ENSRNOG00000031934","Enah",8.75295462836855
"ENSRNOG00000058057","Uggt2",8.75253124298968
"ENSRNOG00000057628","Slc5a6",8.75240478590283
"ENSRNOG00000012946","Mov10",8.75224401472311
"ENSRNOG00000049232","Tcf7l2",8.75174687010811
"ENSRNOG00000017020","Inpp5d",8.75149681134086
"ENSRNOG00000009950","Msantd2",8.75129947925308
"ENSRNOG00000006539","Pex16",8.75106551036353
"ENSRNOG00000015560","Emsy",8.75082503469356
"ENSRNOG00000007023","Galm",8.74973869277296
"ENSRNOG00000003551","B4galt3",8.74960276344468
"ENSRNOG00000049686","Mrpl40",8.74940083985559
"ENSRNOG00000011784","Mocs1",8.74917312730598
"ENSRNOG00000016541","Enc1",8.74843675726953
"ENSRNOG00000007230","Kank3",8.74702057579594
"ENSRNOG00000018243","Ubfd1",8.74689220527691
"ENSRNOG00000004563","Sec24a",8.74685156999079
"ENSRNOG00000055648","Haus7",8.74676127003468
"ENSRNOG00000000262","Zfp821",8.74664259551099
"ENSRNOG00000019079","Polr1c",8.7461009880021
"ENSRNOG00000001040","Pms2",8.74604925496054
"ENSRNOG00000017340","Wdr12",8.74601985074179
"ENSRNOG00000001043","Ddx55",8.74594625784162
"ENSRNOG00000005437","Rida",8.74585823526847
"ENSRNOG00000039336","Hrct1",8.74585672919267
"ENSRNOG00000019864","C1qtnf12",8.74536823838112
"ENSRNOG00000048025","Cstf2",8.74494497399611
"ENSRNOG00000012502","Stk17b",8.74492441301777
"ENSRNOG00000014354","Cep95",8.74452451821343
"ENSRNOG00000051619","Asb2",8.74357778814111
"ENSRNOG00000011373","Reep4",8.74323785955292
"ENSRNOG00000006370","C7h8orf76",8.74257760372378
"ENSRNOG00000020882","Shkbp1",8.74241146457744
"ENSRNOG00000013059","Aste1",8.74232651964585
"ENSRNOG00000020401","Adcy4",8.74232593222844
"ENSRNOG00000004492","Mterf3",8.74187232353309
"ENSRNOG00000008713","Slc41a2",8.74155508148771
"ENSRNOG00000001773","Senp2",8.74147863426419
"ENSRNOG00000015859","Chdh",8.74127131770082
"ENSRNOG00000007370","Rnf144a",8.74095337874036
"ENSRNOG00000008530","Stoml1",8.74089693065884
"ENSRNOG00000016229","Bicral",8.74059811491352
"ENSRNOG00000004181","Sdccag8",8.74059273856486
"ENSRNOG00000013969","Ahi1",8.74043030772514
"ENSRNOG00000059714","Hsp90aa1",8.74041951012827
"ENSRNOG00000017241","Dpcd",8.74035867283774
"ENSRNOG00000006931","Eepd1",8.74018273694451
"ENSRNOG00000026604","Cercam",8.74001997041985
"ENSRNOG00000057378","Clec16a",8.74000403198697
"ENSRNOG00000029242","Plekho2",8.73977849056182
"ENSRNOG00000049430","Mpv17",8.73934546614723
"ENSRNOG00000029415","Uqcc4",8.73925553519464
"ENSRNOG00000017114","Synj2",8.73924131900057
"ENSRNOG00000001727","Lsg1",8.73823541454515
"ENSRNOG00000029799","Tomm34",8.73795798566975
"ENSRNOG00000004921","Nusap1",8.73771373188628
"ENSRNOG00000032929","Incenp",8.73717267088867
"ENSRNOG00000052444","Samd9",8.73715944658094
"ENSRNOG00000023296","Wtip",8.73712769545137
"ENSRNOG00000009134","Mad2l2",8.73695709901623
"ENSRNOG00000018205","Ttl",8.73670935639729
"ENSRNOG00000020904","Cdc42ep2",8.73603479888188
"ENSRNOG00000005303","Tbc1d25",8.7354569893963
"ENSRNOG00000028238","Sh3bgr",8.73516901101914
"ENSRNOG00000004608","Pam16",8.73516055412953
"ENSRNOG00000009789","Topbp1",8.73465773378767
"ENSRNOG00000016867","Zfp346",8.73458456412352
"ENSRNOG00000006967","Xiap",8.73367736382594
"ENSRNOG00000019701","C1h11orf98",8.73316756447801
"ENSRNOG00000007291","Terf1",8.73297819269622
"ENSRNOG00000012762","Zfp64",8.73268382583572
"ENSRNOG00000019489","Armt1",8.73267461267461
"ENSRNOG00000006784","Sema4f",8.73251581406963
"ENSRNOG00000013480","Ing2",8.73227987577999
"ENSRNOG00000054224","Bloc1s4",8.73189007050719
"ENSRNOG00000018996","Phf7",8.7317683050955
"ENSRNOG00000015189","Bbs9",8.73091493896505
"ENSRNOG00000005287","Syne3",8.73043876577842
"ENSRNOG00000017057","Tbc1d22a",8.73021670404691
"ENSRNOG00000014852","Fbxo30",8.73015616093783
"ENSRNOG00000005279","Ndufaf7",8.72982862557826
"ENSRNOG00000005074","Arl6ip6",8.72891117666621
"ENSRNOG00000021203","Atl3",8.72871529232582
"ENSRNOG00000000281","Prodh",8.7285116554477
"ENSRNOG00000019780","Sypl2",8.72816296644012
"ENSRNOG00000019850","Speg",8.72779951559208
"ENSRNOG00000042561","Cks1b",8.7277898351517
"ENSRNOG00000007924","Mios",8.72778670250043
"ENSRNOG00000038212","Socs6",8.72777935429312
"ENSRNOG00000020450","Slc26a6",8.72775299081212
"ENSRNOG00000020325","Calhm2",8.72731257552285
"ENSRNOG00000023065","Zfp637",8.72679373405253
"ENSRNOG00000009318","Ttll5",8.72667530883124
"ENSRNOG00000008965","Socs2",8.72646538030821
"ENSRNOG00000014808","Srfbp1",8.72629033880453
"ENSRNOG00000010417","Nol4l",8.72601520772744
"ENSRNOG00000056041","Ipo8",8.72566806599229
"ENSRNOG00000019713","Wdr24",8.72534082031286
"ENSRNOG00000018411","Pold3",8.72504747588958
"ENSRNOG00000009422","Hmgcl",8.72503253885445
"ENSRNOG00000033261","Fam107a",8.72502501623566
"ENSRNOG00000037853","Rarres1",8.7249557429905
"ENSRNOG00000005362","Rab3ip",8.72395998129943
"ENSRNOG00000000394","Srgn",8.72351154133646
"ENSRNOG00000015969","Rpf1",8.72283926090798
"ENSRNOG00000016950","Otud1",8.72250953672543
"ENSRNOG00000032215","Cdyl",8.72241186356851
"ENSRNOG00000020194","Hes6",8.72236627949391
"ENSRNOG00000004518","Cacnb1",8.72196672409129
"ENSRNOG00000039576","Suv39h1",8.72170515892515
"ENSRNOG00000000479","Kifc1",8.72168544313294
"ENSRNOG00000009034","Tdrd3",8.7209791940087
"ENSRNOG00000050106","Rcc1",8.72086941673902
"ENSRNOG00000049641","Rab29",8.72076375014181
"ENSRNOG00000016010","Mul1",8.72066209941967
"ENSRNOG00000033893","Cacna1h",8.71968741074158
"ENSRNOG00000051461","Rfwd3",8.71932062919192
"ENSRNOG00000009995","Rapgef6",8.71876421244168
"ENSRNOG00000060931","Rspry1",8.71861920288284
"ENSRNOG00000043219","Fbn2",8.71840921585343
"ENSRNOG00000001404","Agfg2",8.71803531301729
"ENSRNOG00000030537","Slc26a11",8.71754214907114
"ENSRNOG00000004735","Gzf1",8.7171459744625
"ENSRNOG00000021886","B4galt7",8.71703961522121
"ENSRNOG00000039877","Smim11",8.71701864353857
"ENSRNOG00000013445","Aaas",8.71681434554062
"ENSRNOG00000017226","Slc2a4",8.7159725891918
"ENSRNOG00000027923","Mynn",8.71551989189316
"ENSRNOG00000000177","Plpp2",8.71542644866317
"ENSRNOG00000033100","Fth1-ps5",8.71507797396766
"ENSRNOG00000046497","Brap",8.71487286950224
"ENSRNOG00000016087","Hars2",8.71341306904003
"ENSRNOG00000012348","Exosc4",8.71303574629309
"ENSRNOG00000022576","Nudt12",8.71260975025863
"ENSRNOG00000020482","Nfatc4",8.71257169773677
"ENSRNOG00000036592","Zfp518a",8.71236872006991
"ENSRNOG00000043357","Zfp407",8.71180943326364
"ENSRNOG00000013679","Sema4d",8.71120781369223
"ENSRNOG00000037967","Thap7",8.71118041014666
"ENSRNOG00000001129","Fbxo21",8.71074035656441
"ENSRNOG00000029855","Letmd1",8.71054981155035
"ENSRNOG00000026840","Thap3",8.71032971344634
"ENSRNOG00000013898","Cdca4",8.71027151924832
"ENSRNOG00000011213","Blm",8.70923127565862
"ENSRNOG00000025997","Mrrf",8.70922899946034
"ENSRNOG00000025811","Cfp",8.70905250810807
"ENSRNOG00000012939","Abca7",8.70885466582691
"ENSRNOG00000001265","Mad1l1",8.70839492214703
"ENSRNOG00000042951","Xrn1",8.70821937613895
"ENSRNOG00000004268","Zfp386",8.70819692890897
"ENSRNOG00000025286","Pank2",8.70796511061707
"ENSRNOG00000024036","Fam98c",8.70702987142442
"ENSRNOG00000015576","Hsdl1",8.70668338757751
"ENSRNOG00000005174","Tmem121",8.70630968742249
"ENSRNOG00000019509","Fbxl15",8.70609551297333
"ENSRNOG00000011841","Map2",8.70593325465541
"ENSRNOG00000031656","Ccnh",8.70560010413674
"ENSRNOG00000016174","Slc35b3",8.70505123648578
"ENSRNOG00000053510","Hcfc2",8.70447139790646
"ENSRNOG00000016696","Angpt2",8.70431065019133
"ENSRNOG00000014098","Pold2",8.70430993513824
"ENSRNOG00000021379","Txnl4b",8.70416971760636
"ENSRNOG00000020737","Cdc25a",8.70392310435802
"ENSRNOG00000010783","Mak16",8.70382862525426
"ENSRNOG00000023220","Cnot11",8.70333614509186
"ENSRNOG00000055000","Zkscan3",8.70317639829924
"ENSRNOG00000013252","Cwc27",8.70283064354678
"ENSRNOG00000020371","Pgap2",8.70277152519119
"ENSRNOG00000012609","Trdn",8.70265706732115
"ENSRNOG00000008075","Ift74",8.70159814736357
"ENSRNOG00000058288","Tcf19",8.70148090763874
"ENSRNOG00000055010","Axin2",8.70073072993806
"ENSRNOG00000050215","Cdsn",8.70050056874987
"ENSRNOG00000020812","Gys1",8.70024931561086
"ENSRNOG00000011964","Abcd4",8.70012668030832
"ENSRNOG00000006827","Tmem198b",8.70012165275184
"ENSRNOG00000015898","Fer",8.69973472731133
"ENSRNOG00000028208","Mief2",8.69942054855026
"ENSRNOG00000042464","Fbxo25",8.69937278921066
"ENSRNOG00000046333","Ablim1",8.69874187032059
"ENSRNOG00000025140","Zfat",8.69860744309581
"ENSRNOG00000007104","Itpr1",8.69840138396444
"ENSRNOG00000023538","Aldh5a1",8.69820832062044
"ENSRNOG00000009233","Ankrd49",8.69807388726829
"ENSRNOG00000003834","Map2k4",8.6975780917621
"ENSRNOG00000009079","Prkar2b",8.69740539310744
"ENSRNOG00000021058","Grwd1",8.69731035768776
"ENSRNOG00000019295","Rab12",8.69669674780435
"ENSRNOG00000038902","Rbisl2",8.69613218195314
"ENSRNOG00000002767","Dlg3",8.69501584354687
"ENSRNOG00000053230","Cep20",8.69464272290999
"ENSRNOG00000016248","Sox18",8.69462108474015
"ENSRNOG00000014336","Mcm5",8.69415795454104
"ENSRNOG00000009565","Pdk4",8.69377690518023
"ENSRNOG00000007350","Rac2",8.69369257910925
"ENSRNOG00000049235","Arl16",8.69356203335583
"ENSRNOG00000004011","Nedd1",8.69275521798261
"ENSRNOG00000018510","Cdk7",8.69245790778925
"ENSRNOG00000019501","Rmnd1",8.69225493890543
"ENSRNOG00000031993","LOC134479640",8.69146466467247
"ENSRNOG00000020138","Slc4a3",8.69083303118086
"ENSRNOG00000020321","Nop9",8.69069399841819
"ENSRNOG00000012827","Mlf1",8.69055086684769
"ENSRNOG00000009734","Akr1b10",8.69013218385104
"ENSRNOG00000001893","Ppp2cal1",8.68976033501013
"ENSRNOG00000058271","Chpt1",8.68972515784892
"ENSRNOG00000025604","Atad2",8.68972092715319
"ENSRNOG00000001337","Setd1b",8.68923306857551
"ENSRNOG00000004263","Ints7",8.68902823678897
"ENSRNOG00000005765","Ap4s1",8.68830797360857
"ENSRNOG00000043345","Rnf168",8.68802520550317
"ENSRNOG00000013956","Rnf38",8.68753054534272
"ENSRNOG00000025142","Mex3b",8.68661911359392
"ENSRNOG00000022597","Cpap",8.68645683747511
"ENSRNOG00000021887","Cyb561d2",8.68416987327704
"ENSRNOG00000004819","Porcn",8.68406839832999
"ENSRNOG00000017294","Zranb1",8.68400124533659
"ENSRNOG00000013229","Mthfs",8.68335789305896
"ENSRNOG00000013431","Rsbn1l",8.68319520631626
"ENSRNOG00000037661","Tmsb15b2",8.68232239052788
"ENSRNOG00000012100","Ssbp1",8.68091505566744
"ENSRNOG00000061367","Atp7a",8.68039666032496
"ENSRNOG00000029938","Pik3c2b",8.67924113351102
"ENSRNOG00000052062","Tut4",8.67902879876724
"ENSRNOG00000002636","Abat",8.67894687968042
"ENSRNOG00000020249","P4htm",8.67846893908097
"ENSRNOG00000019754","Gdap2",8.67688132146237
"ENSRNOG00000026128","Cpne8",8.67661181860848
"ENSRNOG00000001699","Setd4",8.67655686985012
"ENSRNOG00000019112","Chp2",8.67650365733961
"ENSRNOG00000012928","Prmt9",8.67647889196724
"ENSRNOG00000026791","Pgbd5",8.67617444646458
"ENSRNOG00000012817","Lrrc17",8.67576789019254
"ENSRNOG00000000398","Zup1",8.67561283226984
"ENSRNOG00000016581","Serpinb1a",8.67537143911269
"ENSRNOG00000015213","Fxn",8.67523014137347
"ENSRNOG00000013756","Snrnp48",8.67519256085453
"ENSRNOG00000020175","Rnf121",8.6746623851642
"ENSRNOG00000019990","Rex1bd",8.67449955012938
"ENSRNOG00000058643","Zfp281",8.67449780989185
"ENSRNOG00000007508","Lrtm2",8.67409125271392
"ENSRNOG00000015670","Stx7",8.67405515819715
"ENSRNOG00000005798","Cav3",8.6738703820814
"ENSRNOG00000016538","Itga8",8.67332632021911
"ENSRNOG00000000587","Rpf2",8.67325534789229
"ENSRNOG00000010064","Abcc4",8.67237908372388
"ENSRNOG00000014235","Zgpat",8.67208300852456
"ENSRNOG00000014758","Lgi1",8.67183970106317
"ENSRNOG00000061544","Spock2",8.67157890450009
"ENSRNOG00000046252","Tbl2",8.67119986494946
"ENSRNOG00000009712","Gale",8.67051672479775
"ENSRNOG00000012303","Apobec2",8.67035033194044
"ENSRNOG00000028014","Cryzl1",8.66977513690387
"ENSRNOG00000003434","Ro60",8.66923401131572
"ENSRNOG00000006797","Zfp280c",8.66897821745954
"ENSRNOG00000009691","Lrrn2",8.66896089054106
"ENSRNOG00000021805","Rft1",8.66879294491845
"ENSRNOG00000048411","Uhrf1",8.66849159575158
"ENSRNOG00000040281","Zc3h10",8.66781703613155
"ENSRNOG00000016097","Kyat1",8.66731758532275
"ENSRNOG00000016574","Fiz1",8.66716009704826
"ENSRNOG00000029784","Pak1",8.66683042542427
"ENSRNOG00000046663","Fcgr2a-ps1",8.6664576063448
"ENSRNOG00000017714","Usp3",8.66596094331644
"ENSRNOG00000001037","Gpalpp1",8.66581019709882
"ENSRNOG00000036827","Ppp1r1a",8.66555590865999
"ENSRNOG00000028557","Hibch",8.66549073691037
"ENSRNOG00000013631","Slc31a2",8.66431627056406
"ENSRNOG00000007732","Slc35c1",8.66429522101048
"ENSRNOG00000010027","Atr",8.66408037779994
"ENSRNOG00000025141","Kiz",8.66327942390132
"ENSRNOG00000002407","Pdxdc1",8.66309587263025
"ENSRNOG00000048719","Dtnbp1",8.66287299675449
"ENSRNOG00000018552","Slc25a38",8.66268710509351
"ENSRNOG00000010718","Gpr153",8.662539080784
"ENSRNOG00000003407","Ptpn14",8.66196913066818
"ENSRNOG00000009453","Mob3b",8.66182532430444
"ENSRNOG00000022417","Prickle3",8.66137952737578
"ENSRNOG00000014137","Fbln1",8.66085714255348
"ENSRNOG00000011440","Ccdc39",8.6607899450232
"ENSRNOG00000000962","Slc15a4",8.66061985852749
"ENSRNOG00000024601","Taf11",8.66020050447169
"ENSRNOG00000055036","Ferry3",8.65966499394023
"ENSRNOG00000052934","Nol11",8.65964791635953
"ENSRNOG00000047575","Dhx34",8.65955793278924
"ENSRNOG00000008432","Slc22a5",8.65933973654154
"ENSRNOG00000025818","Zxdc",8.65855370494961
"ENSRNOG00000004091","Cwc25",8.65842522138902
"ENSRNOG00000000186","Tst",8.65831510998582
"ENSRNOG00000009309","Meaf6",8.65794398880432
"ENSRNOG00000009143","Lrrc57",8.65786107081093
"ENSRNOG00000029238","Hgh1",8.65773203794048
"ENSRNOG00000014867","Synpo2",8.65732408102146
"ENSRNOG00000039265","Psmg4",8.65726810865887
"ENSRNOG00000014278","Zfp710",8.65690867438891
"ENSRNOG00000009184","Foxp1",8.65668625024496
"ENSRNOG00000052945","Pepd",8.65633746725413
"ENSRNOG00000001490","Pdcd2",8.65601970231713
"ENSRNOG00000000987","Ptcd1",8.65570749639341
"ENSRNOG00000021067","Fxyd7",8.65549845141992
"ENSRNOG00000007077","Fem1b",8.65543233426837
"ENSRNOG00000017741","Nudt5",8.65436834166826
"ENSRNOG00000023643","Mmp17",8.65415994742488
"ENSRNOG00000014452","Zfhx3",8.65387232394167
"ENSRNOG00000050960","Atg4a",8.65337274150342
"ENSRNOG00000010891","Lrrcc1",8.65247663647214
"ENSRNOG00000016507","Snrpg",8.65244201152058
"ENSRNOG00000031171","Wdr46",8.65197004845474
"ENSRNOG00000036683","Sirt7",8.65168651903567
"ENSRNOG00000009971","Plekha8",8.65124497860168
"ENSRNOG00000028380","Ccdc66",8.65064753078595
"ENSRNOG00000027376","Il17rc",8.65058985363517
"ENSRNOG00000024567","Ints15",8.64980004424376
"ENSRNOG00000006334","Txndc16",8.64941235906405
"ENSRNOG00000007875","Actr6",8.64934877896491
"ENSRNOG00000030334","Adck5",8.64933073943267
"ENSRNOG00000012486","Prim2",8.64923412177581
"ENSRNOG00000026857","Kif7",8.64885183018902
"ENSRNOG00000019316","Sh3bp4",8.64884737882493
"ENSRNOG00000020617","Mus81",8.64855072613947
"ENSRNOG00000011774","Fblim1",8.64825306045775
"ENSRNOG00000054374","Smim29",8.64771486181928
"ENSRNOG00000019349","Sf3a2",8.6467349254946
"ENSRNOG00000002514","Ccdc93",8.64661179091449
"ENSRNOG00000005700","Nsg1",8.64656567877315
"ENSRNOG00000020049","Slc7a6os",8.6460703893779
"ENSRNOG00000024335","Fastkd1",8.64594462033351
"ENSRNOG00000013313","Nceh1",8.64558127573849
"ENSRNOG00000021007","Snx15",8.64535277675251
"ENSRNOG00000012108","Thsd1",8.64505561886983
"ENSRNOG00000058618","Dcst2",8.64504827704341
"ENSRNOG00000007364","Rab15",8.64481284608636
"ENSRNOG00000001729","Xxylt1",8.64462396157815
"ENSRNOG00000012681","Lgals9",8.64313097195156
"ENSRNOG00000015816","Bbs7",8.6429455333577
"ENSRNOG00000025527","Mtcl1",8.64189691157451
"ENSRNOG00000000283","Ess2",8.64122180660156
"ENSRNOG00000015928","Dhx35",8.64099946176647
"ENSRNOG00000011704","Fbxo34",8.64076552962357
"ENSRNOG00000029043","Zfp84",8.64072666590383
"ENSRNOG00000016309","Rgp1",8.64040060372377
"ENSRNOG00000000466","Hsd17b8",8.64006601073493
"ENSRNOG00000007433","Cyb561",8.63998240684541
"ENSRNOG00000014276","Plce1",8.63930978922847
"ENSRNOG00000045854","Zfp277",8.63900349210313
"ENSRNOG00000011250","Inmt",8.63875909911527
"ENSRNOG00000001501","Snrpa",8.63859008060815
"ENSRNOG00000003098","Prom1",8.63708678989671
"ENSRNOG00000032339","Rasl12",8.63692149675082
"ENSRNOG00000000869","Arhgef6",8.63681558877138
"ENSRNOG00000055721","Rnf128",8.6363879968519
"ENSRNOG00000024040","Mb21d2",8.63595848491659
"ENSRNOG00000009285","Eipr1",8.63574083804292
"ENSRNOG00000019491","Stard10",8.63499180072692
"ENSRNOG00000004287","Wdr83",8.63497277344466
"ENSRNOG00000004423","Zbtb18",8.63465757100808
"ENSRNOG00000000525","Pi16",8.63419431206023
"ENSRNOG00000050381","Dus3l",8.63399873911767
"ENSRNOG00000010169","Atpaf1",8.63320938536592
"ENSRNOG00000020678","Ifi35",8.63280952786119
"ENSRNOG00000020021","Brsk2",8.63252049871687
"ENSRNOG00000003567","Ppox",8.63239850468541
"ENSRNOG00000007062","Rin3",8.63206896032076
"ENSRNOG00000000833","Vars2",8.63119594691025
"ENSRNOG00000013322","Pola1",8.63114537961336
"ENSRNOG00000012944","Casp9",8.63030911569373
"ENSRNOG00000012853","Tk2",8.63017444782328
"ENSRNOG00000018657","Scrn3",8.63010253041082
"ENSRNOG00000026649","Dnmt3a",8.62974550910615
"ENSRNOG00000011683","Fes",8.62965322906444
"ENSRNOG00000010090","Ccdc174",8.62955506123226
"ENSRNOG00000020465","Ripk3",8.62945160435074
"ENSRNOG00000015983","Maip1",8.62933787697846
"ENSRNOG00000006600","Unk",8.62912060654671
"ENSRNOG00000032813","Mdc1",8.62891890562174
"ENSRNOG00000022598","Trerf1",8.62800289754388
"ENSRNOG00000025539","Vps13a",8.62789456057607
"ENSRNOG00000002563","Mcts1",8.62757624377387
"ENSRNOG00000005371","Klhl29",8.62729230000597
"ENSRNOG00000011507","Pick1",8.62722809414233
"ENSRNOG00000020081","As3mt",8.62688243850483
"ENSRNOG00000001189","Sik1",8.6263351408054
"ENSRNOG00000008257","Mfap2",8.62625666317208
"ENSRNOG00000015772","Metap2-ps1",8.62603134424874
"ENSRNOG00000047052","Clpp",8.62589339632632
"ENSRNOG00000015696","Cdk5rap1",8.62584126583006
"ENSRNOG00000002710","Cnst",8.62509338295898
"ENSRNOG00000022772","Prickle1",8.62499064248874
"ENSRNOG00000056768","Ap5z1",8.62460244124714
"ENSRNOG00000005260","Acp1",8.62414225177959
"ENSRNOG00000010940","Acad11",8.62407498709284
"ENSRNOG00000012302","Gucy1a1",8.62314023129466
"ENSRNOG00000010646","Tmem229b",8.62312977301993
"ENSRNOG00000008314","Orc3",8.62269947805235
"ENSRNOG00000012405","Tcf4",8.62244080405584
"ENSRNOG00000004685","Mta3",8.6217030396202
"ENSRNOG00000019982","Ethe1",8.62149762191858
"ENSRNOG00000047367","Card14",8.62137610569294
"ENSRNOG00000023991","Rab20",8.62114627352695
"ENSRNOG00000020848","Coq8b",8.621075243616
"ENSRNOG00000000483","Syngap1",8.62026074875843
"ENSRNOG00000020699","Cd37",8.61999457003482
"ENSRNOG00000000974","Zfp358",8.61998780101649
"ENSRNOG00000011839","Mrps31",8.61946328066148
"ENSRNOG00000022218","Ifi44",8.61912839763052
"ENSRNOG00000010358","Sh3rf1",8.61905588654621
"ENSRNOG00000018517","Trim21",8.61894607801996
"ENSRNOG00000018967","Wdr59",8.6188240362631
"ENSRNOG00000004789","Utp25",8.61848609507453
"ENSRNOG00000053240","Mtcl2",8.61778299933888
"ENSRNOG00000017012","Coq7",8.61706708888115
"ENSRNOG00000045998","Sema6b",8.61696748324152
"ENSRNOG00000006976","Med6",8.61600306017476
"ENSRNOG00000017373","Rhobtb2",8.61505699933788
"ENSRNOG00000010519","Cyp39a1",8.61486259514242
"ENSRNOG00000010673","Eral1",8.61481373053749
"ENSRNOG00000053961","Med9",8.61410291924488
"ENSRNOG00000052634","Lsmem2",8.6137261601446
"ENSRNOG00000014992","M6pr",8.61367857056564
"ENSRNOG00000027039","Mrpl22",8.61352015497874
"ENSRNOG00000009787","Efcc1",8.61330688264666
"ENSRNOG00000017622","Npm3",8.6128702765251
"ENSRNOG00000007333","Wdr20",8.61238822205198
"ENSRNOG00000018057","Mrpl2",8.61166985781122
"ENSRNOG00000013636","Ppil3",8.61142998397739
"ENSRNOG00000014727","Fahd1",8.61125690392629
"ENSRNOG00000025806","Prr3",8.61059922691907
"ENSRNOG00000017001","Zfp652",8.61059167440715
"ENSRNOG00000043225","Zfp771",8.61042873881603
"ENSRNOG00000002352","Tsen15",8.61025590835502
"ENSRNOG00000004033","Sema6a",8.61018730613645
"ENSRNOG00000005990","Wdsub1",8.60968083754179
"ENSRNOG00000003033","Plcd3",8.60966818734651
"ENSRNOG00000019728","Itgam",8.60950667954206
"ENSRNOG00000024456","Radil",8.60903191199245
"ENSRNOG00000025310","Pop7",8.6087438364264
"ENSRNOG00000020261","Fam53c",8.60818891902204
"ENSRNOG00000000104","Thoc3",8.60754931518394
"ENSRNOG00000046172","Sf3b6",8.6066809351462
"ENSRNOG00000005965","Irak4",8.6063808730918
"ENSRNOG00000011543","Fam118b",8.60557679083851
"ENSRNOG00000013974","Fahd2a",8.60494772321814
"ENSRNOG00000003213","Helz",8.60354833809927
"ENSRNOG00000043059","Aplf",8.60307364073783
"ENSRNOG00000006628","Dusp16",8.60272826353523
"ENSRNOG00000002714","Mettl22",8.60200674654444
"ENSRNOG00000005107","Recql5",8.60156441954718
"ENSRNOG00000012488","Rab2b",8.60136887991794
"ENSRNOG00000019426","Ramac",8.6010300558656
"ENSRNOG00000012763","Cwf19l1",8.60048608620371
"ENSRNOG00000005767","Tulp3",8.5999771971168
"ENSRNOG00000045649","Arrdc3",8.59965197980025
"ENSRNOG00000020239","Capn15",8.59890940412155
"ENSRNOG00000046535","Ppm1m",8.59875253701757
"ENSRNOG00000001236","Brat1",8.59848683478422
"ENSRNOG00000060248","Chchd6",8.59801235977677
"ENSRNOG00000003816","Tada1",8.59769433859387
"ENSRNOG00000043416","Bcl3",8.59647417587584
"ENSRNOG00000016128","Lrrc14",8.59619421360543
"ENSRNOG00000024874","Prtfdc1",8.59617265371514
"ENSRNOG00000006810","Lancl2",8.59498377271414
"ENSRNOG00000008005","Akna",8.59474599452945
"ENSRNOG00000011132","G2",8.59456376583854
"ENSRNOG00000012472","Pyroxd1",8.59456372236304
"ENSRNOG00000059702","Tex9",8.59396070589615
"ENSRNOG00000009220","Tmem17",8.59369801851477
"ENSRNOG00000037443","Pgam5",8.5935258220738
"ENSRNOG00000017585","Abt1",8.59351837037782
"ENSRNOG00000002882","Zcchc2",8.59210703200356
"ENSRNOG00000007286","Mdm1",8.59205568044541
"ENSRNOG00000012051","Ncaph",8.59205266987786
"ENSRNOG00000023768","Rundc1",8.59198664421889
"ENSRNOG00000025424","Yrdc",8.5916541684612
"ENSRNOG00000014232","P2ry1",8.59088874539502
"ENSRNOG00000031816","Nckipsd",8.59075438451869
"ENSRNOG00000019103","Cln3",8.59068863532619
"ENSRNOG00000032575","Ocel1",8.59050668696618
"ENSRNOG00000052499","Rab27a",8.58991122906263
"ENSRNOG00000051623","Exosc8",8.58925273497417
"ENSRNOG00000018729","Rad9a",8.58873309230912
"ENSRNOG00000012954","Eefsec",8.58865945679051
"ENSRNOG00000010685","Tbx18",8.58804236649017
"ENSRNOG00000012564","Steep1",8.58683100803714
"ENSRNOG00000018803","Mrtfa",8.58631248746758
"ENSRNOG00000003205","Ldb2",8.58526593637316
"ENSRNOG00000008757","Tmem218",8.58486575011737
"ENSRNOG00000022698","Vsig10",8.58481289221904
"ENSRNOG00000022171","Dhx37",8.58454323649054
"ENSRNOG00000007099","S100pbp",8.58375472790503
"ENSRNOG00000027257","Gmip",8.58366427225299
"ENSRNOG00000009667","Mlst8",8.58350547153159
"ENSRNOG00000007684","Zc3h3",8.58305277298382
"ENSRNOG00000005492","Hpcal1",8.58303697228705
"ENSRNOG00000025689","Abhd1",8.58255843184341
"ENSRNOG00000019492","Pomgnt2",8.58233546892572
"ENSRNOG00000002524","Gpr37",8.58139326780107
"ENSRNOG00000003545","Uchl5",8.58128898157175
"ENSRNOG00000017380","C4h2orf42",8.58052082963733
"ENSRNOG00000016217","LOC103690178",8.58046032773101
"ENSRNOG00000015456","Zfp787",8.5802005567118
"ENSRNOG00000014460","Hivep1",8.58014734440053
"ENSRNOG00000012500","Ddx10",8.57950548409065
"ENSRNOG00000011921","Dusp4",8.57861309609192
"ENSRNOG00000012264","Alkbh1",8.57791757307516
"ENSRNOG00000054458","Kcnmb4",8.57742701483413
"ENSRNOG00000017561","Toe1",8.57742030977903
"ENSRNOG00000014686","Kcnd3",8.5773634605931
"ENSRNOG00000002097","Rasl11b",8.57726747023407
"ENSRNOG00000012262","Depdc7",8.57720913626304
"ENSRNOG00000007351","Ggh",8.57618243139937
"ENSRNOG00000007432","Polr3b",8.57589730389391
"ENSRNOG00000017849","Apbb3",8.57580522544366
"ENSRNOG00000048315","Eif2ak2",8.57538027176517
"ENSRNOG00000017575","Gins2",8.57530337189661
"ENSRNOG00000000187","Csf2rb",8.57529521439342
"ENSRNOG00000042374","Tgif2",8.57393323842257
"ENSRNOG00000033560","Polr3c",8.57343797478571
"ENSRNOG00000014008","Mfsd2a",8.57342016822658
"ENSRNOG00000029068","Wdr44",8.57286843814199
"ENSRNOG00000015268","Plpp6",8.57286803383846
"ENSRNOG00000034026","Lclat1",8.57279212821184
"ENSRNOG00000009575","Ubiad1",8.57274321596334
"ENSRNOG00000002218","Stbd1",8.57197690249132
"ENSRNOG00000016866","Fhl2",8.57084457024203
"ENSRNOG00000010616","Ndor1",8.57074633378939
"ENSRNOG00000049471","Steap3",8.57057794068484
"ENSRNOG00000002194","Coq2",8.57048079278304
"ENSRNOG00000016484","Gstk1",8.56998148324856
"ENSRNOG00000052814","Ankrd27",8.56955111372663
"ENSRNOG00000015523","C17h7orf25",8.5693145553182
"ENSRNOG00000007323","Ric8b",8.56912639524859
"ENSRNOG00000001397","Rbm19",8.56862530371148
"ENSRNOG00000014352","Smim12",8.56807945749503
"ENSRNOG00000024839","Tysnd1",8.56790376943924
"ENSRNOG00000024879","Polrmt",8.56780106901367
"ENSRNOG00000000387","Slc25a16",8.56776160455991
"ENSRNOG00000012513","Pdk3",8.56644982036742
"ENSRNOG00000020083","Scly",8.56640025477582
"ENSRNOG00000008907","Fggy",8.565987975499
"ENSRNOG00000053753","Thsd4",8.5658355469183
"ENSRNOG00000010996","Mob1b",8.56528885262219
"ENSRNOG00000012160","Syk",8.56524367374124
"ENSRNOG00000043182","Septin6",8.56450437414113
"ENSRNOG00000014641","Rpl3l",8.56432374835038
"ENSRNOG00000009348","Nos3",8.56406259112246
"ENSRNOG00000039567","Trmt10c",8.56367245249481
"ENSRNOG00000001278","Gpn3",8.56366249245154
"ENSRNOG00000001033","Nufip1",8.56278760402772
"ENSRNOG00000000894","Fry",8.56217244063957
"ENSRNOG00000023946","Dmac1",8.56209997541916
"ENSRNOG00000020692","Tmem216",8.56084153893463
"ENSRNOG00000005641","Fbxl4",8.55933688664995
"ENSRNOG00000006368","Lrrn3",8.55812714944313
"ENSRNOG00000011617","Dguok",8.55774794859635
"ENSRNOG00000019907","Nfkbie",8.55774011483843
"ENSRNOG00000029191","Gbp7",8.55699527600286
"ENSRNOG00000010846","Ccdc22",8.55648983490376
"ENSRNOG00000010695","Pdgfc",8.55637559528079
"ENSRNOG00000027756","Usf3",8.55617464228487
"ENSRNOG00000020925","Ccdc86",8.5556762720017
"ENSRNOG00000012644","Nup58",8.55517547603297
"ENSRNOG00000002035","Paqr3",8.55500273942959
"ENSRNOG00000010721","Dlgap5",8.55486831961346
"ENSRNOG00000014966","C1h19orf12",8.55404286422108
"ENSRNOG00000013744","Akip1",8.55388699037756
"ENSRNOG00000017980","Itgal",8.55376881619275
"ENSRNOG00000008256","Mrpl38",8.55373539225503
"ENSRNOG00000017593","Mtr",8.55344101173975
"ENSRNOG00000010910","Gmeb1",8.55331263244443
"ENSRNOG00000025285","Gfm2",8.55312026072455
"ENSRNOG00000004956","Jade2",8.55263425246407
"ENSRNOG00000005426","Snupn",8.55261296333654
"ENSRNOG00000009730","Cyp7b1",8.55254002297188
"ENSRNOG00000000566","Pcbd1",8.55251199948936
"ENSRNOG00000001443","Rhbdd2",8.55221058155918
"ENSRNOG00000009849","Eef1akmt1",8.5518870704765
"ENSRNOG00000009208","Pibf1",8.55171885687242
"ENSRNOG00000024349","Cbarp",8.5516182004806
"ENSRNOG00000032395","Tfcp2",8.551549382661
"ENSRNOG00000015989","Mrpl32",8.55114689753209
"ENSRNOG00000021712","Rcbtb1",8.55045499914535
"ENSRNOG00000004403","Slc25a32",8.55032981744289
"ENSRNOG00000012736","Znrd2",8.54971366325089
"ENSRNOG00000000504","Fance",8.5496016707068
"ENSRNOG00000034116","Gk",8.54949031823747
"ENSRNOG00000020105","Klhl30",8.54858557725029
"ENSRNOG00000011909","Rasa2",8.54836943605644
"ENSRNOG00000011502","Col9a2",8.54807237865534
"ENSRNOG00000027250","Rbm27",8.54804343448118
"ENSRNOG00000019838","Gmfg",8.54781089507248
"ENSRNOG00000029205","Zfp354c",8.54768158926799
"ENSRNOG00000026573","Ophn1",8.54738491696131
"ENSRNOG00000010227","Gpatch2l",8.54693081492882
"ENSRNOG00000057040","Spns2",8.54671407092418
"ENSRNOG00000009724","Tstd2",8.54664772253845
"ENSRNOG00000007299","Caap1",8.54662621823252
"ENSRNOG00000015202","Dnajc5",8.5459984732004
"ENSRNOG00000002644","Utp18",8.54568471726789
"ENSRNOG00000015480","Prkcz",8.54548829075834
"ENSRNOG00000010921","Taf1d",8.54516958693958
"ENSRNOG00000005021","Orc4",8.54452026398922
"ENSRNOG00000013844","Arb2a",8.54446912923489
"ENSRNOG00000005144","Tmem18",8.54432464971406
"ENSRNOG00000043102","Bahcc1",8.544300597312
"ENSRNOG00000013216","Usb1",8.54389881080724
"ENSRNOG00000002609","Ero1b",8.54377944558786
"ENSRNOG00000022305","Abcc1",8.54376529504235
"ENSRNOG00000017282","Tesk2",8.5434393911921
"ENSRNOG00000019413","Atg16l2",8.54329509758081
"ENSRNOG00000013747","Sh3bp2",8.54324889665838
"ENSRNOG00000004776","Ftsj1",8.54309008783875
"ENSRNOG00000022421","Crtc1",8.5429132842162
"ENSRNOG00000003998","Sgca",8.54269204396218
"ENSRNOG00000060307","Ten1",8.54267091016334
"ENSRNOG00000022732","Tmem126b",8.54201894603682
"ENSRNOG00000013912","Slc30a7",8.54199833507458
"ENSRNOG00000012962","Nudt16",8.54143581327084
"ENSRNOG00000000459","Psmb9",8.54077501460856
"ENSRNOG00000025644","C1h9orf40",8.54003301050344
"ENSRNOG00000013975","Acat2l1",8.53991805640998
"ENSRNOG00000014753","Tcf7l1",8.53972207293948
"ENSRNOG00000020829","Them4",8.5394123991108
"ENSRNOG00000021680","Setdb2",8.53926760611462
"ENSRNOG00000058909","Rps9",8.5390533615642
"ENSRNOG00000039858","Mfsd12",8.53902077540617
"ENSRNOG00000018536","Pck2",8.53894635859363
"ENSRNOG00000020006","Wdr90",8.53876778326686
"ENSRNOG00000002267","Chic2",8.53862107798545
"ENSRNOG00000002757","Tada2a",8.53743650444171
"ENSRNOG00000001593","Lnpk",8.53664924969074
"ENSRNOG00000056721","Fancm",8.53622827099159
"ENSRNOG00000016975","Pxmp4",8.53617506650014
"ENSRNOG00000060337","Exosc7",8.53603467722662
"ENSRNOG00000020552","Ccdc85b",8.53590423425374
"ENSRNOG00000051816","Tigar",8.53549671737432
"ENSRNOG00000009548","Fpgt",8.5344112488105
"ENSRNOG00000021312","Dnaaf5",8.53396104551723
"ENSRNOG00000047307","Cntfr",8.53379903233401
"ENSRNOG00000005874","Tle2",8.53333083620974
"ENSRNOG00000010472","Ccdc32",8.53316027613721
"ENSRNOG00000032703","Rasgrp3",8.53292957029235
"ENSRNOG00000004719","Pp2d1",8.53251104601889
"ENSRNOG00000048495","Rrp12",8.53226981209091
"ENSRNOG00000008239","Repin1",8.53116617859743
"ENSRNOG00000004360","Gemin2",8.53115579262504
"ENSRNOG00000020063","Nfkbib",8.53113646418199
"ENSRNOG00000045728","Crybg3",8.53067878103049
"ENSRNOG00000024952","Atp8b1",8.52985857419588
"ENSRNOG00000017212","Spsb1",8.52973016471
"ENSRNOG00000007567","Rem1",8.52957051926182
"ENSRNOG00000021660","Nprl2",8.52948164607474
"ENSRNOG00000004161","Mtif2",8.52900360453049
"ENSRNOG00000002091","Gtf3c3",8.52875023451764
"ENSRNOG00000019150","Polb",8.52872929829839
"ENSRNOG00000037480","Ddx51",8.52868164183323
"ENSRNOG00000011439","Grk5",8.52866706780311
"ENSRNOG00000025061","Spindoc",8.52859892953355
"ENSRNOG00000006717","Ankrd26",8.52836669223441
"ENSRNOG00000021866","Bola3",8.52834233725233
"ENSRNOG00000001350","Naa25",8.52830637290266
"ENSRNOG00000005350","Pwp1",8.52824713006101
"ENSRNOG00000060063","Naa10",8.52824073028392
"ENSRNOG00000014777","Prpf4",8.52759121930205
"ENSRNOG00000010260","Dixdc1",8.5274190744701
"ENSRNOG00000004411","Tspan8",8.52736640728264
"ENSRNOG00000011668","Nfil3",8.52653918174906
"ENSRNOG00000008334","Crocc",8.52647214706208
"ENSRNOG00000003281","Mcm9",8.52631794926491
"ENSRNOG00000011208","Rapsn",8.52586614574783
"ENSRNOG00000027596","Mbd5",8.52581418447268
"ENSRNOG00000007939","Naprt",8.52545117846074
"ENSRNOG00000036699","Faap100",8.52441907665855
"ENSRNOG00000008170","Jph2",8.52384358293035
"ENSRNOG00000001072","Cers4",8.52366083528033
"ENSRNOG00000011341","Rictor",8.52291827628063
"ENSRNOG00000050348","Isoc2a",8.52281135351218
"ENSRNOG00000003003","Tbc1d19",8.52277025107707
"ENSRNOG00000016303","Zfp236",8.52268305007648
"ENSRNOG00000004520","Dync2i1",8.52242404457641
"ENSRNOG00000019681","Pold1",8.52240056439011
"ENSRNOG00000010706","Ccdc117",8.52190872268405
"ENSRNOG00000020004","Rbm34",8.52166540696558
"ENSRNOG00000021384","Ankrd44",8.5216175380897
"ENSRNOG00000053084","Fuz",8.52155789512485
"ENSRNOG00000020318","Pnkp",8.52143567488353
"ENSRNOG00000023116","Agmo",8.52117911737745
"ENSRNOG00000022354","Pusl1",8.52014420965988
"ENSRNOG00000010794","Dennd3",8.51815074217931
"ENSRNOG00000014275","Hook3",8.51787528157208
"ENSRNOG00000011513","Gla",8.51779587943454
"ENSRNOG00000019330","Procr",8.51737623601429
"ENSRNOG00000054286","Rrm2",8.51719097768778
"ENSRNOG00000007637","Acer2",8.51714823587578
"ENSRNOG00000016467","Kctd1",8.51696415776966
"ENSRNOG00000024061","Rarb",8.51548901319748
"ENSRNOG00000011829","Rpgrip1l",8.51517460824821
"ENSRNOG00000010185","C9h2orf69",8.51506177225835
"ENSRNOG00000014171","Tnfsf13",8.51457566706379
"ENSRNOG00000054011","Tbc1d8b",8.51407255178414
"ENSRNOG00000031915","Hdac10",8.51391562450593
"ENSRNOG00000017259","Tacc3",8.51372015890168
"ENSRNOG00000013169","Traf4",8.5136677966077
"ENSRNOG00000002884","Blzf1",8.51356690512788
"ENSRNOG00000022812","Ercc5",8.51349427165458
"ENSRNOG00000049033","Racgap1",8.51344093827526
"ENSRNOG00000004727","Nup37",8.51310307151069
"ENSRNOG00000028368","Etnk2",8.51306947281527
"ENSRNOG00000016578","Mtpap",8.51286520965456
"ENSRNOG00000016368","Ppp1r14c",8.51220874385754
"ENSRNOG00000024435","Galnt17",8.51164068633013
"ENSRNOG00000019219","Vamp1",8.51159941438833
"ENSRNOG00000001544","Cyyr1",8.51156800940551
"ENSRNOG00000017663","Dolpp1",8.5111815413399
"ENSRNOG00000011474","Ppp1r3b",8.5109084457686
"ENSRNOG00000010626","Sphk1",8.51035057519332
"ENSRNOG00000053370","Adnp2",8.51024445798171
"ENSRNOG00000004221","Lgr5",8.5099226829781
"ENSRNOG00000000250","Jmjd6",8.5095550854188
"ENSRNOG00000010018","Clec4a3",8.50853342299785
"ENSRNOG00000020350","Pacs1",8.50837080436954
"ENSRNOG00000059224","Reps1",8.5077789463201
"ENSRNOG00000006146","Trim54",8.50763511960826
"ENSRNOG00000014675","Pi4k2a",8.50758221781416
"ENSRNOG00000039284","Haus4",8.50750122892125
"ENSRNOG00000010230","Dennd10",8.50735772124822
"ENSRNOG00000010659","Gabpb1",8.50675881054259
"ENSRNOG00000024019","Ccdc6",8.50584271067119
"ENSRNOG00000018662","Amacr",8.50454836916092
"ENSRNOG00000055751","P3h2",8.50398543075722
"ENSRNOG00000017463","Bloc1s3",8.50355094987613
"ENSRNOG00000061845","Cttnbp2",8.50351348231695
"ENSRNOG00000015054","Rcbtb2",8.50289012365057
"ENSRNOG00000012835","Espl1",8.50273118382373
"ENSRNOG00000018198","Dapk1",8.5026695633418
"ENSRNOG00000007267","Mnat1",8.50179747217077
"ENSRNOG00000017577","Bphl",8.50177473646085
"ENSRNOG00000003397","Adprm",8.50155595835116
"ENSRNOG00000014190","Hint3",8.50145099777851
"ENSRNOG00000016794","Phyhd1",8.50126448213098
"ENSRNOG00000049952","Gucd1",8.50116579417213
"ENSRNOG00000019760","Oxnad1",8.50110377489456
"ENSRNOG00000018639","Zfand2b",8.49991290765697
"ENSRNOG00000014866","Pign",8.49954601439541
"ENSRNOG00000007345","Amot",8.499535752454
"ENSRNOG00000010263","Cldn11",8.49928107719587
"ENSRNOG00000008904","Fli1",8.49868993190351
"ENSRNOG00000015257","Coro2b",8.49778367280776
"ENSRNOG00000019560","Pde2a",8.49735560916628
"ENSRNOG00000000563","Adamts14",8.49707260961837
"ENSRNOG00000009398","Tceanc2",8.49644993353383
"ENSRNOG00000013510","Tmem60",8.49605665822753
"ENSRNOG00000059894","Hmmr",8.49583508192613
"ENSRNOG00000014259","Mycl",8.49569959994578
"ENSRNOG00000014080","Kif23",8.49555501896469
"ENSRNOG00000047198","Tatdn1",8.49509071919814
"ENSRNOG00000020851","Aplp1",8.49493880237223
"ENSRNOG00000052204","Tbc1d24",8.49479273963733
"ENSRNOG00000007240","Rrs1",8.49465590483512
"ENSRNOG00000061146","Gar1",8.49450145493543
"ENSRNOG00000059579","Gpt2",8.49431060975761
"ENSRNOG00000013149","Vps33b",8.49363436041521
"ENSRNOG00000061764","Fmn2",8.49328052837438
"ENSRNOG00000010332","Nipsnap3b",8.49313175561619
"ENSRNOG00000015632","Taf1c",8.49301511136536
"ENSRNOG00000037227","Yes1",8.49300897100437
"ENSRNOG00000006800","Pgap4",8.49296063359992
"ENSRNOG00000024751","Macroh2a2",8.49266672143098
"ENSRNOG00000016352","Cbfa2t2",8.49239728699269
"ENSRNOG00000034272","Pias1",8.49194110483339
"ENSRNOG00000014048","Cyld",8.49186343019188
"ENSRNOG00000013328","Rbpms",8.49076550506794
"ENSRNOG00000002713","Zfp672",8.49060119154483
"ENSRNOG00000011562","Slitrk2",8.489488265742
"ENSRNOG00000047781","Slc25a23",8.48940266720129
"ENSRNOG00000016066","Bambi",8.48860409850552
"ENSRNOG00000029912","Septin5",8.48852577627323
"ENSRNOG00000019138","Clec11a",8.48789088389913
"ENSRNOG00000007415","Ptgs1",8.48750832565683
"ENSRNOG00000015440","Wrn",8.48679487733034
"ENSRNOG00000011300","Lama3",8.48670992216803
"ENSRNOG00000008947","Cpz",8.48648791283907
"ENSRNOG00000037500","Pus1",8.48634856183021
"ENSRNOG00000018193","Poc5",8.48593379621176
"ENSRNOG00000024433","Fbxl7",8.48564828555194
"ENSRNOG00000006028","Tubgcp6",8.48553486311977
"ENSRNOG00000027230","Fhod3",8.48545798240168
"ENSRNOG00000015529","Cdca3",8.48544173477602
"ENSRNOG00000016519","Kdm1b",8.48483625134744
"ENSRNOG00000012037","Galnt7",8.48462240998389
"ENSRNOG00000015411","Apobec1",8.48434018196969
"ENSRNOG00000020078","Vstm4",8.48423693900829
"ENSRNOG00000000906","Medag",8.48386297241736
"ENSRNOG00000031266","Siae",8.48347032554328
"ENSRNOG00000009491","Phc3",8.48333329981391
"ENSRNOG00000003258","Cdc73",8.48323991673092
"ENSRNOG00000056128","Nemf",8.482834550998
"ENSRNOG00000027193","Ppp1r26",8.48258988121705
"ENSRNOG00000017704","Sema3f",8.48143029774826
"ENSRNOG00000011280","Mllt3",8.48137732093113
"ENSRNOG00000016327","Mcee",8.48095720836653
"ENSRNOG00000020573","Efna1",8.48016664699563
"ENSRNOG00000002434","Tmem100",8.48005629854634
"ENSRNOG00000042519","Peak1",8.47977186340054
"ENSRNOG00000005248","Slc1a4",8.47954808807902
"ENSRNOG00000002542","Heatr6",8.47899831643366
"ENSRNOG00000010833","Mthfd2",8.47778317679805
"ENSRNOG00000017170","Med4",8.47731049026442
"ENSRNOG00000000848","Gpank1",8.47722402211718
"ENSRNOG00000014526","Cars2",8.47649074976433
"ENSRNOG00000000456","Psmb8",8.47598477561071
"ENSRNOG00000016216","Sft2d3",8.47579858328174
"ENSRNOG00000011387","Tet3",8.47531756815346
"ENSRNOG00000011334","Tmem63c",8.47473207063572
"ENSRNOG00000061346","B3glct",8.47471039300141
"ENSRNOG00000001621","C2cd2",8.47461300427161
"ENSRNOG00000008859","Tank",8.47454913739739
"ENSRNOG00000012123","Fdx1",8.47429094999318
"ENSRNOG00000023152","Tmem201",8.47413894750559
"ENSRNOG00000027032","Rhbdd3",8.47382093631125
"ENSRNOG00000004841","Akap6",8.47361871623599
"ENSRNOG00000010150","Strbp",8.4733910058349
"ENSRNOG00000005470","Atxn3",8.47334757830978
"ENSRNOG00000026085","Rabl3",8.47321033899347
"ENSRNOG00000015589","Smyd5",8.473202641839
"ENSRNOG00000016547","Rgs19",8.4725966380706
"ENSRNOG00000003508","Ergic1",8.47210743493619
"ENSRNOG00000014143","Col24a1",8.47210265031511
"ENSRNOG00000005108","Wfs1",8.47098790293138
"ENSRNOG00000026644","Glipr1",8.47071069481073
"ENSRNOG00000001082","Abcb9",8.4706819917409
"ENSRNOG00000013845","Mrpl21",8.47061901907957
"ENSRNOG00000015269","Atf7",8.47055485685926
"ENSRNOG00000016163","Slc1a3",8.47017647198709
"ENSRNOG00000011211","Pex5l",8.46965797539032
"ENSRNOG00000039658","G4",8.46867186054403
"ENSRNOG00000014783","Pgghg",8.46805321424727
"ENSRNOG00000011655","Dcaf10",8.46790752977816
"ENSRNOG00000012001","Vps37a",8.46775584272598
"ENSRNOG00000003104","Trpv2",8.4676964610539
"ENSRNOG00000027229","Slc35d2",8.46740855487875
"ENSRNOG00000012546","Frmpd1",8.46652389638452
"ENSRNOG00000003985","Tmem19",8.46599311125587
"ENSRNOG00000001890","Txnrd2",8.46469751021468
"ENSRNOG00000017673","Brsk1",8.46468004612627
"ENSRNOG00000019936","Anapc15",8.46429678413848
"ENSRNOG00000001712","Alg3",8.46332884190499
"ENSRNOG00000023700","C16h19orf44",8.46271144545043
"ENSRNOG00000007078","Ccn4",8.46255934596996
"ENSRNOG00000017901","Acy3",8.46255281405194
"ENSRNOG00000015551","Fuca2",8.46248814143006
"ENSRNOG00000014331","Zfp717",8.46245092137149
"ENSRNOG00000004532","Dipk1b",8.46238615972017
"ENSRNOG00000050857","Fut10",8.46222043769689
"ENSRNOG00000033700","Bud23",8.46220891390031
"ENSRNOG00000020435","Terf2",8.46217630786627
"ENSRNOG00000012611","Lpxn",8.46213645669385
"ENSRNOG00000045779","Rtl5",8.46187845269485
"ENSRNOG00000007539","Rsad2",8.46147431720798
"ENSRNOG00000007404","Svbp",8.46070671026309
"ENSRNOG00000015906","Tgif1",8.46063709891318
"ENSRNOG00000012036","Pcsk5",8.4598173918593
"ENSRNOG00000043098","Mt2",8.4591431348353
"ENSRNOG00000020391","Nip7",8.45913944260029
"ENSRNOG00000016565","Zfp524",8.45906244492211
"ENSRNOG00000007034","Hipk2",8.45801298136586
"ENSRNOG00000011908","Asxl2",8.45780351014052
"ENSRNOG00000000831","Gtf2h4",8.45755046408621
"ENSRNOG00000010777","Tox",8.4569367889557
"ENSRNOG00000003195","Caskin1",8.45625964561363
"ENSRNOG00000012337","Pde1c",8.45624859984536
"ENSRNOG00000004442","Dglucy",8.45621929817899
"ENSRNOG00000003861","Gorab",8.45540806333818
"ENSRNOG00000014343","Anln",8.45518153035807
"ENSRNOG00000029490","Znf768",8.45454145456654
"ENSRNOG00000051854","Enpep",8.45446620438628
"ENSRNOG00000018359","Smad7",8.4537323040275
"ENSRNOG00000014996","Katna1",8.45323728029591
"ENSRNOG00000033411","Usp12",8.45309689239648
"ENSRNOG00000000918","Zbed5",8.45278056524242
"ENSRNOG00000027295","Aph1b",8.45277057256321
"ENSRNOG00000008156","Tgs1",8.45276855001394
"ENSRNOG00000059605","Ddn",8.45244693698278
"ENSRNOG00000054331","Wdpcp",8.45182378801167
"ENSRNOG00000007160","Kat14",8.45094911570064
"ENSRNOG00000013323","Rnf217",8.45076274629485
"ENSRNOG00000054902","Trpc1",8.45048440925549
"ENSRNOG00000009085","Prkag2",8.44980827536424
"ENSRNOG00000027017","Rnasel",8.44923983632563
"ENSRNOG00000006503","Frmd3",8.44910060710273
"ENSRNOG00000018491","Chchd5",8.44891061923029
"ENSRNOG00000023187","Cxhxorf38",8.44874333373381
"ENSRNOG00000002054","Glmn",8.4486538320387
"ENSRNOG00000000175","Mier2",8.44833538336702
"ENSRNOG00000014148","Ap5m1",8.44822806070947
"ENSRNOG00000057044","Garnl3",8.44822652068241
"ENSRNOG00000013938","Tshz3",8.44746501177736
"ENSRNOG00000007688","Sms",8.44736133449617
"ENSRNOG00000017819","Cd14",8.44669808776186
"ENSRNOG00000005176","Map7d2",8.44655044292019
"ENSRNOG00000014766","Galt",8.44631762933138
"ENSRNOG00000037720","Rita1",8.44603017531974
"ENSRNOG00000022938","Ap4e1",8.445995185897
"ENSRNOG00000009341","Hivep3",8.44571338181885
"ENSRNOG00000056458","Cep290",8.44520628835133
"ENSRNOG00000012294","Heph",8.44510534889713
"ENSRNOG00000016231","Polr2d",8.44496142378985
"ENSRNOG00000048449","Itgb3",8.44426476775437
"ENSRNOG00000000303","Cep57l1",8.44404515311904
"ENSRNOG00000017669","Chd1l",8.44403682157816
"ENSRNOG00000004574","Ofd1",8.44379197975396
"ENSRNOG00000012734","Dcun1d1",8.44377923409059
"ENSRNOG00000023162","Ca14",8.443257105072
"ENSRNOG00000005618","Fmc1",8.44315124395601
"ENSRNOG00000002470","Ifi47",8.44308797058437
"ENSRNOG00000027630","Dnai7",8.44305256178897
"ENSRNOG00000010253","Cd163",8.44300214291149
"ENSRNOG00000009862","Olfm1",8.44227486016031
"ENSRNOG00000053875","Nacad",8.44222776671728
"ENSRNOG00000016687","Ssc5d",8.44178607077432
"ENSRNOG00000018040","Gins4",8.44167251590838
"ENSRNOG00000027880","Nbeal2",8.44006509503633
"ENSRNOG00000016983","Myh7",8.43928390830303
"ENSRNOG00000021185","Bola1",8.4392591584546
"ENSRNOG00000048431","Nynrin",8.43881320040166
"ENSRNOG00000018276","Mgat4a",8.43825568722213
"ENSRNOG00000010005","Adck2",8.43825078970683
"ENSRNOG00000015741","Slc2a13",8.43810852742964
"ENSRNOG00000004330","Chrdl1",8.43694771677562
"ENSRNOG00000002294","Snx29",8.43678705509879
"ENSRNOG00000012273","Dmtn",8.43669191277435
"ENSRNOG00000022636","Alpk1",8.43665617783119
"ENSRNOG00000006644","Kdm4c",8.4361055871841
"ENSRNOG00000010031","Vtn",8.43606393294766
"ENSRNOG00000033192","Osmr",8.43601564266112
"ENSRNOG00000000839","Nfkbil1",8.43592517560606
"ENSRNOG00000038766","Atxn1l",8.43579750900184
"ENSRNOG00000001134","Rfc5",8.43528921988368
"ENSRNOG00000010265","Ada",8.43508049349112
"ENSRNOG00000000885","Auts2",8.43507740637489
"ENSRNOG00000024450","Poc1b",8.43486108956537
"ENSRNOG00000000062","Pcgf3",8.4342218819578
"ENSRNOG00000008244","Kiaa0586",8.43419365435661
"ENSRNOG00000027498","Engase",8.43367461741522
"ENSRNOG00000017225","Fhip2a",8.43268143590232
"ENSRNOG00000023007","Col6a6",8.43224042851973
"ENSRNOG00000005326","Cnrip1",8.43202655155883
"ENSRNOG00000016187","Tmem67",8.43176625976193
"ENSRNOG00000001457","Rfc2",8.43151155429199
"ENSRNOG00000009499","Hinfp",8.43102171188294
"ENSRNOG00000047089","Alkbh7",8.43083104881295
"ENSRNOG00000060329","Emb",8.43038289035323
"ENSRNOG00000010194","Ift43",8.43034403093781
"ENSRNOG00000009783","Camk2g",8.43032752126075
"ENSRNOG00000010914","Pigh",8.4302275605585
"ENSRNOG00000033402","Gsta6",8.43011656153817
"ENSRNOG00000001480","Ncf1",8.43000567853597
"ENSRNOG00000042118","Cplane1",8.42983037214323
"ENSRNOG00000013965","Noc3l",8.42959537603022
"ENSRNOG00000003069","Cd38",8.42939088112823
"ENSRNOG00000004089","Enpp2",8.42900868612087
"ENSRNOG00000018242","Camkk1",8.42836845480519
"ENSRNOG00000011584","Gpatch1",8.42802230201737
"ENSRNOG00000040279","Slf1",8.42783556969791
"ENSRNOG00000008641","Gnpnat1",8.42755598147738
"ENSRNOG00000009974","Coq3",8.4271257136832
"ENSRNOG00000006699","Mlh3",8.42691159079288
"ENSRNOG00000020865","Ano1",8.42679620874202
"ENSRNOG00000011016","Slc7a2",8.42679478406762
"ENSRNOG00000008666","Etl4",8.42582790585863
"ENSRNOG00000056098","Tfpt",8.42551739789021
"ENSRNOG00000020626","Snrnp25",8.42528319243431
"ENSRNOG00000016036","Rprd1a",8.42496502827277
"ENSRNOG00000024780","Mtnap1",8.42481400041888
"ENSRNOG00000029220","Zmym5",8.42423484395464
"ENSRNOG00000013806","Mplkip",8.42330229371045
"ENSRNOG00000049642","Smim5",8.42285285175635
"ENSRNOG00000003042","Mettl13",8.42241304935477
"ENSRNOG00000003183","Fmod",8.42238046465821
"ENSRNOG00000010760","E2f5",8.42212777665456
"ENSRNOG00000028215","Nup160",8.42178878977444
"ENSRNOG00000005856","Slc30a6",8.42173101147906
"ENSRNOG00000030027","Fbxw17",8.42101932357888
"ENSRNOG00000033262","Reep6",8.42098810698833
"ENSRNOG00000016260","Polr3g",8.42084192542676
"ENSRNOG00000010087","Zfp143",8.42067983024744
"ENSRNOG00000001227","Adarb1",8.42063985531092
"ENSRNOG00000021161","Fermt3",8.42056495417955
"ENSRNOG00000018349","Polr1b",8.42021803621682
"ENSRNOG00000017945","Serf1",8.4196995141053
"ENSRNOG00000020541","Nprl3",8.41964230508857
"ENSRNOG00000002977","Ttc19",8.41941590045613
"ENSRNOG00000037165","Nipal3",8.41940561524803
"ENSRNOG00000002341","Trim25",8.41901036239061
"ENSRNOG00000011659","Alpk3",8.41875543231412
"ENSRNOG00000049270","Ppp2r3b",8.41821084450668
"ENSRNOG00000059552","Zkscan5",8.41761826325795
"ENSRNOG00000013484","Gsta1",8.4175571227179
"ENSRNOG00000022312","Lrsam1",8.41732556450086
"ENSRNOG00000006082","Rmdn2",8.41661749090183
"ENSRNOG00000011847","Grk4",8.41571494904216
"ENSRNOG00000027455","C5h1orf50",8.41548115618027
"ENSRNOG00000033787","Adamtsl5",8.41467133293935
"ENSRNOG00000000463","Col11a2",8.41452834735859
"ENSRNOG00000022472","Snap47",8.4142783290754
"ENSRNOG00000001653","St3gal6",8.41355491265308
"ENSRNOG00000021840","Cped1",8.41331931199526
"ENSRNOG00000004760","Lars2",8.41279840077719
"ENSRNOG00000043233","Cyp4f6",8.41279740894589
"ENSRNOG00000001515","Map3k20",8.41241601792466
"ENSRNOG00000012422","Tnik",8.41230605013911
"ENSRNOG00000024620","Mamdc2",8.41192171649297
"ENSRNOG00000004891","Arl14ep",8.41142814752709
"ENSRNOG00000036911","Bicd1",8.4110586670437
"ENSRNOG00000058539","Ccnb1",8.41094775245512
"ENSRNOG00000052745","Met",8.41054437451938
"ENSRNOG00000003278","Map3k14",8.41024492870698
"ENSRNOG00000006622","Cry1",8.40997220265543
"ENSRNOG00000043069","Sec22a",8.40664322679191
"ENSRNOG00000060561","Gdpd1",8.40652368464318
"ENSRNOG00000004709","Foxn3",8.40633683711593
"ENSRNOG00000014361","Edn1",8.40587278206759
"ENSRNOG00000021179","Naa40",8.40527102599523
"ENSRNOG00000011476","Nars2",8.40514217457092
"ENSRNOG00000016920","Spire2",8.4047697763785
"ENSRNOG00000016769","Rab38",8.40451930347244
"ENSRNOG00000010438","Cpt1b",8.4043560859356
"ENSRNOG00000050343","Jmy",8.40430889295559
"ENSRNOG00000024136","Fam151b",8.40423341521496
"ENSRNOG00000012164","Plppr2",8.40390524863847
"ENSRNOG00000047035","Fadd",8.40357100460873
"ENSRNOG00000015594","Rftn2",8.40349659007921
"ENSRNOG00000016829","Isoc2b",8.40344051128847
"ENSRNOG00000014819","Hap1",8.40298331531949
"ENSRNOG00000047356","Abl1",8.40288400834825
"ENSRNOG00000007979","Phospho2",8.40267689418462
"ENSRNOG00000010146","Ndn",8.4026284982073
"ENSRNOG00000013515","Ptpru",8.401638830644
"ENSRNOG00000017163","Pfkp",8.40118814924413
"ENSRNOG00000043060","Dnajc4",8.40097256108947
"ENSRNOG00000003629","Nvl",8.40084787619533
"ENSRNOG00000012061","Prkcb",8.40047149391902
"ENSRNOG00000031653","Mix23",8.40002659604247
"ENSRNOG00000004135","RGD1311745",8.39926074931251
"ENSRNOG00000014668","Phaf1",8.39918780168938
"ENSRNOG00000060846","Morc4",8.39899055262715
"ENSRNOG00000004057","Ccdc88a",8.39860152188666
"ENSRNOG00000042556","Bmyc",8.39790469179724
"ENSRNOG00000045665","Amigo1",8.39749626878932
"ENSRNOG00000018669","Jak3",8.39743631120239
"ENSRNOG00000010558","Ppif",8.39717602815078
"ENSRNOG00000000075","Mtf2",8.39657034541524
"ENSRNOG00000027502","Nmi",8.39641838965653
"ENSRNOG00000039582","Cspg4b",8.39617932694004
"ENSRNOG00000018752","Clcf1",8.39616619398187
"ENSRNOG00000031431","Cdca8",8.39556270239513
"ENSRNOG00000009397","Kbtbd4",8.39543697523738
"ENSRNOG00000029148","Pdgfd",8.39526137324382
"ENSRNOG00000007304","Herc3",8.39513538514079
"ENSRNOG00000003927","Cd55",8.39425690451714
"ENSRNOG00000009334","Knstrn",8.39406139274963
"ENSRNOG00000014027","4933427D14Rikl",8.39363688245935
"ENSRNOG00000024563","Ganc",8.39314045612425
"ENSRNOG00000013217","Ttc33",8.39303741185486
"ENSRNOG00000015160","Gem",8.39291002302138
"ENSRNOG00000056243","St7",8.39254416326562
"ENSRNOG00000058545","Arhgap4",8.39253714525923
"ENSRNOG00000011417","Pde3b",8.39244468646458
"ENSRNOG00000007043","Prorp",8.39236285361079
"ENSRNOG00000027161","C1h9orf85",8.39115398217336
"ENSRNOG00000028477","Med8",8.38954314569044
"ENSRNOG00000020847","Elp6",8.38899118572802
"ENSRNOG00000011975","Crtc3",8.3883942124302
"ENSRNOG00000000586","Gtf3c6",8.38829300904356
"ENSRNOG00000013336","Wdr70",8.38783263536886
"ENSRNOG00000014588","Dbr1",8.38765054959086
"ENSRNOG00000014653","Arl11",8.38761621536523
"ENSRNOG00000004700","Nxt1",8.38754770313203
"ENSRNOG00000004784","Ndufaf5",8.38702742572231
"ENSRNOG00000023494","Tti2",8.38667609144574
"ENSRNOG00000038035","Kif4a",8.38645208796874
"ENSRNOG00000005344","Nol10",8.38617625438605
"ENSRNOG00000002950","Lyl1",8.38509160817127
"ENSRNOG00000047970","Lyrm4",8.38448774003038
"ENSRNOG00000002773","Rgs4",8.38393087291034
"ENSRNOG00000024365","Ect2",8.38389705497653
"ENSRNOG00000053347","Ccdc28a",8.38383433987383
"ENSRNOG00000025338","Msi2",8.38324161313323
"ENSRNOG00000008222","Timm9",8.38320451449757
"ENSRNOG00000022745","C2h5orf22",8.38311866711326
"ENSRNOG00000006469","Cdk2",8.3825062478792
"ENSRNOG00000005376","Mad2l1",8.38247826597013
"ENSRNOG00000038881","Hcls1",8.38191442297911
"ENSRNOG00000042686","Trim34",8.38186759572729
"ENSRNOG00000011967","Nphp4",8.38182524171669
"ENSRNOG00000006738","Fbxo32",8.38157141306765
"ENSRNOG00000011777","Spag5",8.38154063672562
"ENSRNOG00000037080","Adamts17",8.38150397858358
"ENSRNOG00000037172","LOC134484088",8.38136690701936
"ENSRNOG00000005753","Alg13",8.38064969061005
"ENSRNOG00000019986","Pot1",8.37891462338522
"ENSRNOG00000002813","Dars2",8.37844548552689
"ENSRNOG00000000658","Acacb",8.37723166028075
"ENSRNOG00000002839","Slc19a2",8.3770041643458
"ENSRNOG00000053239","Clmp",8.37600736602375
"ENSRNOG00000031889","Rpl6-ps1",8.3756754374475
"ENSRNOG00000000763","RT1-M3-1",8.37509774063678
"ENSRNOG00000045920","Mcu",8.37442368645812
"ENSRNOG00000010160","Ice2",8.37342919290836
"ENSRNOG00000025764","Mt1",8.37247255858447
"ENSRNOG00000009245","Exosc2",8.37219213773774
"ENSRNOG00000003950","Lvrn",8.37213847601737
"ENSRNOG00000018346","Agtr1a",8.37168244664148
"ENSRNOG00000007025","Evc2",8.37122419813523
"ENSRNOG00000027459","Zbtb45",8.37018092055528
"ENSRNOG00000004861","Itga4",8.37010022081942
"ENSRNOG00000023639","Rpusd1",8.37008372065558
"ENSRNOG00000007707","Zfp467",8.36924681081766
"ENSRNOG00000019544","Zbtb2",8.36902089858127
"ENSRNOG00000017828","Egr3",8.36901827384109
"ENSRNOG00000002126","Ncam2",8.36880723498484
"ENSRNOG00000011009","Cmtm4",8.36845559668363
"ENSRNOG00000058891","Cys1",8.36794800383382
"ENSRNOG00000031163","Nfkbiz",8.36742462275667
"ENSRNOG00000023484","Rpap2",8.36631970846035
"ENSRNOG00000014714","Trpv6",8.36555126449989
"ENSRNOG00000001489","Tbp",8.36532757398145
"ENSRNOG00000007918","Tbxas1",8.36471008788397
"ENSRNOG00000001450","Nsun5",8.36439200875978
"ENSRNOG00000019840","Mdp1",8.36417667334284
"ENSRNOG00000002778","Aatf",8.36410522921132
"ENSRNOG00000056735","Zc4h2",8.36245063744027
"ENSRNOG00000059500","Cdkn1c",8.36024733983564
"ENSRNOG00000019737","Sema4a",8.36004843429357
"ENSRNOG00000009899","Skil",8.35915649970966
"ENSRNOG00000006744","Acyp1",8.35906707947211
"ENSRNOG00000008934","Tmem65",8.3584198925004
"ENSRNOG00000037851","Spidr",8.35830364693818
"ENSRNOG00000034084","Ggct",8.35800623239969
"ENSRNOG00000028941","Zbed3",8.35794672234009
"ENSRNOG00000025890","Opa3",8.35756913641364
"ENSRNOG00000012982","Map9",8.35744028688669
"ENSRNOG00000022099","Trim72",8.35702825749598
"ENSRNOG00000019419","Taf6l",8.35692101585466
"ENSRNOG00000017151","Rnf214",8.35644201588659
"ENSRNOG00000018909","Arv1",8.35611450796101
"ENSRNOG00000011567","Rpusd4",8.35599979075546
"ENSRNOG00000016183","Ipp",8.35595310888697
"ENSRNOG00000007324","Plxna2",8.35571809018639
"ENSRNOG00000007002","Lif",8.35437510573898
"ENSRNOG00000013397","Foxo1",8.35414798363049
"ENSRNOG00000004437","Map2k6",8.35397718205307
"ENSRNOG00000002579","Parm1",8.35375596103919
"ENSRNOG00000062247","Hsc70-ps2",8.35329382700407
"ENSRNOG00000052664","Tnks2",8.35313099668084
"ENSRNOG00000017505","Aopep",8.35268300313898
"ENSRNOG00000033809","Mlh1",8.35197769359454
"ENSRNOG00000022182","Rint1",8.35194879639613
"ENSRNOG00000008399","Dcaf4",8.35057326627244
"ENSRNOG00000027888","Cmss1",8.35046963259171
"ENSRNOG00000037815","Acad10",8.34906004753646
"ENSRNOG00000056376","Dusp22",8.34898002484877
"ENSRNOG00000005274","Vrk1",8.34897583644503
"ENSRNOG00000012645","Mecom",8.34893309475986
"ENSRNOG00000051531","Ctu2",8.34889162596195
"ENSRNOG00000057221","Scn3b",8.34886933311615
"ENSRNOG00000010784","Scg3",8.34851182608966
"ENSRNOG00000025669","Tmem104",8.34832498173338
"ENSRNOG00000060617","Uty",8.34820193867127
"ENSRNOG00000001199","Pop5",8.3481150838484
"ENSRNOG00000004351","Slc25a29",8.34800413844286
"ENSRNOG00000016701","Gng8",8.34714191200541
"ENSRNOG00000019036","Ldhd",8.3463632930882
"ENSRNOG00000021525","Nbeal1",8.34550561285538
"ENSRNOG00000012505","Ppwd1",8.34512019507563
"ENSRNOG00000049988","Mbtd1",8.34480894068925
"ENSRNOG00000010843","Nhlrc3",8.34436640834917
"ENSRNOG00000012409","Exosc3",8.34389324582508
"ENSRNOG00000021176","Mtmr11",8.34255992454391
"ENSRNOG00000001270","Hvcn1",8.34222903273771
"ENSRNOG00000013287","Sall2",8.34216024533303
"ENSRNOG00000015416","Nabp1",8.3419698656899
"ENSRNOG00000018943","Tnnc1",8.34171044904638
"ENSRNOG00000005568","Pcnx4",8.34143225002306
"ENSRNOG00000001820","Med21",8.34134719158166
"ENSRNOG00000020199","C5h1orf159",8.34091720096492
"ENSRNOG00000036869","Tmem278",8.34087755547202
"ENSRNOG00000013446","Nif3l1",8.34081147338814
"ENSRNOG00000013368","Plcl2",8.34076244212715
"ENSRNOG00000005690","Lmcd1",8.34075955397845
"ENSRNOG00000026647","Cxcl16",8.3403040940807
"ENSRNOG00000036667","Hexd",8.34021680938957
"ENSRNOG00000061085","Fancd2",8.34016435856224
"ENSRNOG00000004927","Supt7l",8.33980703759499
"ENSRNOG00000010109","Nol9",8.33931413802048
"ENSRNOG00000017021","Galnt18",8.33904775153473
"ENSRNOG00000023753","Afdn",8.33856593549883
"ENSRNOG00000016475","Nt5c3b",8.33834958006524
"ENSRNOG00000013309","Pik3ap1",8.33828171932459
"ENSRNOG00000021726","Tlr3",8.3380534040588
"ENSRNOG00000055672","Gpx2",8.33642430255293
"ENSRNOG00000008469","Mettl5",8.33551292110758
"ENSRNOG00000004232","G2e3",8.33470567561219
"ENSRNOG00000037508","Hscb",8.33450511401488
"ENSRNOG00000005496","Ing3",8.3344918724882
"ENSRNOG00000012568","Madd",8.33441892345822
"ENSRNOG00000026248","Nmt2",8.3341295961128
"ENSRNOG00000024964","Nufip2",8.33368446770202
"ENSRNOG00000014602","Mtfmt",8.33364775974563
"ENSRNOG00000049908","Vcf2",8.33332124009935
"ENSRNOG00000000306","Smpd2",8.33292226564426
"ENSRNOG00000023951","Tbc1d30",8.33236607721427
"ENSRNOG00000017991","Cdk20",8.33209592703744
"ENSRNOG00000009198","Rab6b",8.33197913290384
"ENSRNOG00000023274","Lrrc28",8.33176551498075
"ENSRNOG00000005936","Foxm1",8.33131270992265
"ENSRNOG00000007410","Dab1",8.3311337941121
"ENSRNOG00000042786","Vti1a",8.33104737842348
"ENSRNOG00000005840","Cacfd1",8.33082363391337
"ENSRNOG00000020189","Tinf2",8.33072863584554
"ENSRNOG00000008196","Parp12",8.33048820894237
"ENSRNOG00000012879","Fabp3",8.33026582764855
"ENSRNOG00000012757","Nek3",8.33013551548375
"ENSRNOG00000024266","Haus5",8.33001377709328
"ENSRNOG00000008400","Pml",8.32929130693415
"ENSRNOG00000007110","Ankrd6",8.32869999358138
"ENSRNOG00000004192","Arhgap30",8.32860194208486
"ENSRNOG00000009333","Osgep",8.32856503222954
"ENSRNOG00000011509","Agk",8.32816954496392
"ENSRNOG00000004314","Ppm1h",8.32792891195906
"ENSRNOG00000012872","Carnmt1",8.32755021372509
"ENSRNOG00000027434","Fitm2",8.32727369534916
"ENSRNOG00000047453","Casd1",8.32694321546666
"ENSRNOG00000016879","Ldlrad4",8.3269126231998
"ENSRNOG00000019620","Pmf1",8.32666796585301
"ENSRNOG00000027617","Ift56",8.32646591520739
"ENSRNOG00000001689","Arl6",8.32614897654402
"ENSRNOG00000010209","Nol12",8.32606283770168
"ENSRNOG00000011882","Gab2",8.32597147260645
"ENSRNOG00000007053","Med7",8.32582934692097
"ENSRNOG00000003778","Opn3",8.32557508638654
"ENSRNOG00000020714","Trpm4",8.32410009469402
"ENSRNOG00000013967","Blnk",8.32386516569466
"ENSRNOG00000007654","Lrig3",8.32371580110405
"ENSRNOG00000020000","Tmem219",8.32361944248636
"ENSRNOG00000021270","Trmt6",8.32346832867286
"ENSRNOG00000001620","Prdm15",8.32333163076297
"ENSRNOG00000022239","Trarg1",8.32329372779212
"ENSRNOG00000009473","Osbpl7",8.32230687629466
"ENSRNOG00000007662","Zfp800",8.32203139693629
"ENSRNOG00000006740","Castor1",8.32201921235951
"ENSRNOG00000017548","Fam53a",8.32170168012149
"ENSRNOG00000001353","Ap4m1",8.32128596464964
"ENSRNOG00000004736","Ralgps2",8.31981992268858
"ENSRNOG00000001242","Gstt3",8.31978712340786
"ENSRNOG00000011454","Tbck",8.31876558684672
"ENSRNOG00000029316","Gtf2f2",8.3178732133857
"ENSRNOG00000007083","Gpn2",8.31779716800333
"ENSRNOG00000011976","Nudt7",8.31751276158503
"ENSRNOG00000015076","Cyp26b1",8.31744637572621
"ENSRNOG00000050552","Snap23",8.31695109047031
"ENSRNOG00000017149","Fam131b",8.31653323057814
"ENSRNOG00000008584","Rnaseh1",8.31649245432994
"ENSRNOG00000000386","Pbld1",8.31579906751785
"ENSRNOG00000033984","Ifnlr1",8.31562963048803
"ENSRNOG00000051548","Lmod1",8.31561442366786
"ENSRNOG00000007799","Fam151a",8.31537276216684
"ENSRNOG00000002177","Gnpda2",8.31487606994068
"ENSRNOG00000025160","Tlcd4",8.31472862995766
"ENSRNOG00000039415","Fchsd1",8.31457419070677
"ENSRNOG00000042962","Pdss2",8.31340866851199
"ENSRNOG00000053859","Ranbp6",8.31298019311502
"ENSRNOG00000016767","Ggps1",8.31297743675534
"ENSRNOG00000039017","Naa50",8.31195782531887
"ENSRNOG00000019579","Edc3",8.31109525939359
"ENSRNOG00000002932","Wdr19",8.31051050594714
"ENSRNOG00000021003","Sac3d1",8.31030178573325
"ENSRNOG00000055111","Ccnb2-ps2",8.31027335193835
"ENSRNOG00000017063","Fcna",8.30999138353101
"ENSRNOG00000004189","Helb",8.30988892275452
"ENSRNOG00000010496","Med17",8.30971868704354
"ENSRNOG00000032561","Slc52a2",8.30961766809773
"ENSRNOG00000002695","Tfb2m",8.30960701534547
"ENSRNOG00000013267","Helz2",8.30955579599813
"ENSRNOG00000047319","Caprin2",8.30938256460353
"ENSRNOG00000008118","Sync",8.30880069073465
"ENSRNOG00000018674","Ntrk3",8.30859713290089
"ENSRNOG00000008595","Ttc12",8.30826407683517
"ENSRNOG00000048843","Tsfm",8.30826226786135
"ENSRNOG00000042451","Ddx59",8.30797581923348
"ENSRNOG00000015491","Rcl1",8.30706183573142
"ENSRNOG00000025981","Ska2",8.30704172355891
"ENSRNOG00000005620","Lcp2",8.3059998975984
"ENSRNOG00000016189","Frmd5",8.30515449411018
"ENSRNOG00000014504","Il1r1",8.30495129266092
"ENSRNOG00000000801","Msl3l2",8.30486474434952
"ENSRNOG00000004004","Nrde2",8.30454905399837
"ENSRNOG00000009570","Pdxp",8.30453288275255
"ENSRNOG00000024625","Proser3",8.30433312608402
"ENSRNOG00000016679","Tmc7",8.30410915684697
"ENSRNOG00000028837","Myl6bl1",8.30389484255297
"ENSRNOG00000006913","Rpain",8.30301145383476
"ENSRNOG00000059386","Nudt19",8.30142336831526
"ENSRNOG00000000231","Kctd17",8.30130649278307
"ENSRNOG00000013764","Fam118a",8.30128151860842
"ENSRNOG00000025554","Zfp445",8.30104497633362
"ENSRNOG00000017512","Aldh3b1",8.30104452335484
"ENSRNOG00000015975","Ppp1r2l1",8.30081142036911
"ENSRNOG00000009274","Fut11",8.3007207469786
"ENSRNOG00000010076","Pkp1",8.30060369236727
"ENSRNOG00000055157","Pard6g",8.30023505478444
"ENSRNOG00000026458","Tbccd1",8.29989633743399
"ENSRNOG00000000700","Tmem119",8.29946852041804
"ENSRNOG00000002711","Nuf2",8.29905606004637
"ENSRNOG00000019012","D2hgdh",8.29879228912848
"ENSRNOG00000002898","Nme7",8.29848118131249
"ENSRNOG00000013459","Ints9",8.29846317054555
"ENSRNOG00000001104","Foxk1",8.29831975810803
"ENSRNOG00000043192","Hacd1",8.29762745111309
"ENSRNOG00000033176","Zrsr2",8.29738200608739
"ENSRNOG00000009227","Aplnr",8.29700546092146
"ENSRNOG00000060379","Foxred1",8.29668844679221
"ENSRNOG00000038622","Zfp628",8.29641626608671
"ENSRNOG00000012818","Ksr1",8.29605615101826
"ENSRNOG00000014659","Ebpl",8.29597244566224
"ENSRNOG00000011422","Atmin",8.29527064244872
"ENSRNOG00000022242","Cxcl9",8.29467933244421
"ENSRNOG00000011844","Ints12",8.29421536053816
"ENSRNOG00000014589","Arpin",8.29394058027859
"ENSRNOG00000012994","Pus3",8.29305340684445
"ENSRNOG00000004670","Ddx56",8.29279578852679
"ENSRNOG00000031916","Timeless",8.29219865019298
"ENSRNOG00000003086","Cenpv",8.29204543056702
"ENSRNOG00000002881","Ddr2",8.29178401919521
"ENSRNOG00000015675","Nell1",8.29172069518022
"ENSRNOG00000057153","Pla1a",8.29069376717348
"ENSRNOG00000017079","Pgm2l1",8.29030904522774
"ENSRNOG00000002176","Nectin3",8.29007128474515
"ENSRNOG00000019819","Dus2",8.29000759866921
"ENSRNOG00000026186","Syde2",8.28903228461853
"ENSRNOG00000020349","Rab3il1",8.28886523009745
"ENSRNOG00000027245","Tdrp",8.2886229237036
"ENSRNOG00000043053","Zfp639",8.28830571364982
"ENSRNOG00000020024","Slc25a2",8.28803421847996
"ENSRNOG00000028845","Ebf1",8.2876707564356
"ENSRNOG00000018689","C8h15orf39",8.28765578893708
"ENSRNOG00000004183","Ccdc59",8.28694023999796
"ENSRNOG00000015423","Ccna2",8.28607959210134
"ENSRNOG00000006244","Lztfl1",8.28554628504182
"ENSRNOG00000022896","Rrp7a",8.2851239970126
"ENSRNOG00000025416","Dpy19l4",8.28502625431899
"ENSRNOG00000005564","Ubn2",8.28485457003719
"ENSRNOG00000013945","Itpkc",8.28466073898024
"ENSRNOG00000049629","Reep2",8.28458089660585
"ENSRNOG00000016298","Lysmd3",8.28394128341866
"ENSRNOG00000018951","Col4a5",8.28374432177295
"ENSRNOG00000028063","Tmem38b",8.28360922393121
"ENSRNOG00000008102","Dph7",8.28309293775063
"ENSRNOG00000007489","Zfp41",8.28297254142668
"ENSRNOG00000025691","Pla2g7",8.28287618962326
"ENSRNOG00000003917","Uck2",8.28284565442994
"ENSRNOG00000019141","Ch25h",8.28276978134227
"ENSRNOG00000016935","Mapk1ip1",8.28258165427837
"ENSRNOG00000004479","Aurka",8.2824400539195
"ENSRNOG00000053384","Bmp7",8.28227513083636
"ENSRNOG00000003794","Nmral1",8.28210793239959
"ENSRNOG00000058157","Ldlrad3",8.28202231991953
"ENSRNOG00000024929","Nudcd1",8.2814075104324
"ENSRNOG00000016149","Hoxc10",8.28131238001878
"ENSRNOG00000023533","Dipk1a",8.28125005691069
"ENSRNOG00000021242","Adam33",8.28098402609215
"ENSRNOG00000020519","Olfm2",8.28048413252594
"ENSRNOG00000022347","Atpsckmt",8.2804316932615
"ENSRNOG00000017298","Cutc",8.28001390093802
"ENSRNOG00000000517","Kctd20",8.27896217604301
"ENSRNOG00000012721","Ednra",8.2786971310558
"ENSRNOG00000017897","Adam8",8.27856987004795
"ENSRNOG00000021230","Ubox5",8.27823372710059
"ENSRNOG00000009851","Slc38a9",8.27712806929422
"ENSRNOG00000033318","Rfxank",8.27699978713994
"ENSRNOG00000046918","Apoo",8.27617120185375
"ENSRNOG00000016274","Zfp580",8.27601559265583
"ENSRNOG00000027456","Cdc42bpg",8.27581102708933
"ENSRNOG00000047867","Klhdc8b",8.27522512663998
"ENSRNOG00000048708","Exosc1",8.27521713409337
"ENSRNOG00000014004","Ncoa7",8.27485125748655
"ENSRNOG00000007159","Ccl2",8.27415407314781
"ENSRNOG00000012705","Pcgf2",8.27391180816903
"ENSRNOG00000006261","Papolg",8.2736826234653
"ENSRNOG00000019802","Zfp428",8.27326267527212
"ENSRNOG00000017753","Ercc2",8.27292747178539
"ENSRNOG00000042114","Erich1",8.2728771013217
"ENSRNOG00000011254","Fam76a",8.27287058787384
"ENSRNOG00000010514","Cachd1",8.27165583247093
"ENSRNOG00000015858","Hyal1",8.27120793595874
"ENSRNOG00000013770","Folh1",8.27057455706469
"ENSRNOG00000039730","Orai3",8.2703156975913
"ENSRNOG00000001156","Msi1",8.27020188287504
"ENSRNOG00000013408","Npas2",8.26995832958827
"ENSRNOG00000007371","Rbmx2",8.26966554278703
"ENSRNOG00000030763","Dpp4",8.26962664176392
"ENSRNOG00000009782","Efcab7",8.2693066327591
"ENSRNOG00000014139","Sclt1",8.26914641295134
"ENSRNOG00000013855","Zmym1",8.26861266186405
"ENSRNOG00000020531","Fen1",8.26861054223412
"ENSRNOG00000005907","Rad18",8.2684799973242
"ENSRNOG00000010342","Zfand1",8.26795250685994
"ENSRNOG00000004361","Parp10",8.26741810526614
"ENSRNOG00000011690","Rmdn3",8.26726667591207
"ENSRNOG00000004281","Cobl",8.2672478455141
"ENSRNOG00000026050","Epb41l4a",8.26721948539009
"ENSRNOG00000017605","Gmds",8.26687002364517
"ENSRNOG00000037931","Plaur",8.26657190996571
"ENSRNOG00000023407","Mrpl36",8.26623427141886
"ENSRNOG00000018296","Anapc10",8.26591998280156
"ENSRNOG00000025742","Lmnb2",8.26527673548364
"ENSRNOG00000015397","Cpne7",8.26449277108311
"ENSRNOG00000014237","Zfp503",8.26374374070533
"ENSRNOG00000012920","Col9a1",8.26247485966135
"ENSRNOG00000002171","Phldb2",8.26245905583687
"ENSRNOG00000028185","Tstd3",8.2623440811519
"ENSRNOG00000015957","F13a1",8.26078124755132
"ENSRNOG00000022983","Trim17",8.25982273957114
"ENSRNOG00000001816","Rfc4",8.259340840401
"ENSRNOG00000002759","Lias",8.2588127272186
"ENSRNOG00000022631","Fgf5",8.25861290616016
"ENSRNOG00000011071","Nt5e",8.2575912039821
"ENSRNOG00000027451","Mettl25",8.25686765796638
"ENSRNOG00000015631","Ippk",8.25631811530838
"ENSRNOG00000006505","Borcs5",8.25626646675195
"ENSRNOG00000012060","Gucy1b1",8.25603392229574
"ENSRNOG00000023937","Slc49a3",8.25546270608358
"ENSRNOG00000008287","Nle1",8.25523310560421
"ENSRNOG00000022303","Pdf",8.25478083050367
"ENSRNOG00000002137","Aasdh",8.25341236889127
"ENSRNOG00000005673","Runx1t1",8.25298207066211
"ENSRNOG00000010296","Slc7a7",8.25205135372022
"ENSRNOG00000025143","Icam2",8.25195785535743
"ENSRNOG00000018160","Zswim5",8.25141354034882
"ENSRNOG00000007178","Cd8a",8.25098285677591
"ENSRNOG00000033433","Csrnp1",8.25060558684084
"ENSRNOG00000029330","Ca5b",8.25055148762015
"ENSRNOG00000001827","Masp1",8.25053963047853
"ENSRNOG00000048506","Inpp5b",8.25049239291456
"ENSRNOG00000016226","Rpp40",8.25048153361254
"ENSRNOG00000012794","Grhpr",8.25028640149543
"ENSRNOG00000049768","Adcy9",8.24944305769782
"ENSRNOG00000015749","Nme3",8.24875518329312
"ENSRNOG00000010121","Lef1",8.24852783581051
"ENSRNOG00000020906","Pola2",8.24850927394252
"ENSRNOG00000010840","Adamtsl3",8.24793293657365
"ENSRNOG00000013370","Gfer",8.2478323160354
"ENSRNOG00000004688","Rbfox2",8.24778976561897
"ENSRNOG00000014187","Igf1r",8.24732841410488
"ENSRNOG00000026403","Naf1",8.2467415854043
"ENSRNOG00000011944","Snx10",8.24662882350341
"ENSRNOG00000049537","Kiaa0040",8.24650507682724
"ENSRNOG00000005190","Nipal2",8.24646109214115
"ENSRNOG00000029047","Cubn",8.24636458362372
"ENSRNOG00000015982","Wnt11",8.24621789611495
"ENSRNOG00000027422","Fastkd3",8.24585070588902
"ENSRNOG00000021053","Lsr",8.2457984289255
"ENSRNOG00000007874","Tamm41",8.24562060107211
"ENSRNOG00000028149","Kansl1l",8.24544878000843
"ENSRNOG00000030151","Thsd7a",8.24536556741845
"ENSRNOG00000047578","Ccdc28b",8.24515436282431
"ENSRNOG00000018230","Gtf2h2",8.24492075776953
"ENSRNOG00000028753","B9d2",8.244107986545
"ENSRNOG00000019416","Zfp61",8.24378158134629
"ENSRNOG00000032307","Dsel",8.24373769146826
"ENSRNOG00000049034","Ptrh1",8.24369832475295
"ENSRNOG00000025052","Stard5",8.24319330331225
"ENSRNOG00000047106","Mtrf1",8.24292792192348
"ENSRNOG00000017310","Rnpc3",8.2426406205972
"ENSRNOG00000033915","Gpt",8.24255717525083
"ENSRNOG00000029449","Ror1",8.24224121688743
"ENSRNOG00000007340","Dcp1b",8.24220679507225
"ENSRNOG00000042729","Efhc1",8.24100752558987
"ENSRNOG00000006608","Tmem70",8.24092854541987
"ENSRNOG00000009369","Tor4a",8.24057348729017
"ENSRNOG00000020634","Pih1d1",8.2402789784542
"ENSRNOG00000018815","Plk1",8.24027731355002
"ENSRNOG00000011402","Isg20l2",8.2398196842285
"ENSRNOG00000032208","Eda",8.23966627257397
"ENSRNOG00000047211","Fzd3",8.2385054797197
"ENSRNOG00000049862","Rnf157",8.23833376472497
"ENSRNOG00000018766","Rrp8",8.23831183548653
"ENSRNOG00000025808","Aars2",8.23828580498314
"ENSRNOG00000009073","Tnni1",8.236970190054
"ENSRNOG00000022691","St8sia5",8.23694358991102
"ENSRNOG00000009830","Fam204a",8.23635247562097
"ENSRNOG00000004805","Stac2",8.23594878643141
"ENSRNOG00000009163","Fam133b",8.23550701893568
"ENSRNOG00000025100","Ikbke",8.23538290817787
"ENSRNOG00000014684","Npr1",8.2350758899578
"ENSRNOG00000025318","Scyl3",8.23488768103199
"ENSRNOG00000028627","Hmcn1",8.23470644166757
"ENSRNOG00000051051","Pabir1",8.23456110738669
"ENSRNOG00000021794","Znhit2",8.23413762743728
"ENSRNOG00000015375","Lsm1",8.23346969479929
"ENSRNOG00000005070","Spopl",8.23311223557307
"ENSRNOG00000028782","Kics2",8.23262826990706
"ENSRNOG00000009785","Cdkn3",8.23207120921162
"ENSRNOG00000021569","Tiam1",8.23203579334455
"ENSRNOG00000014333","Vcam1",8.23191972219491
"ENSRNOG00000009296","Snapc1",8.23181172542276
"ENSRNOG00000006264","Itfg2",8.23176443015702
"ENSRNOG00000009035","Malsu1",8.23145817428293
"ENSRNOG00000001868","Crkl",8.23139822005039
"ENSRNOG00000010415","Atxn7l1",8.23057716540582
"ENSRNOG00000020929","Lin37",8.22956951233775
"ENSRNOG00000039848","Taf9",8.22951260244917
"ENSRNOG00000026548","Dhrs7c",8.22872693794722
"ENSRNOG00000017647","Zc3h8",8.22864654933255
"ENSRNOG00000033361","Slc39a5",8.22829967345226
"ENSRNOG00000042576","Tcp11l1",8.22820869821543
"ENSRNOG00000011794","Tcea3",8.22812878301189
"ENSRNOG00000030264","Fam83h",8.22804721584502
"ENSRNOG00000048061","Brcc3",8.22774965535351
"ENSRNOG00000018317","Aak1",8.2262420568013
"ENSRNOG00000049714","Asap3",8.22544048865245
"ENSRNOG00000022582","Ccnq",8.22519464133646
"ENSRNOG00000002312","Atp10d",8.22482369946064
"ENSRNOG00000010750","Polr1f",8.22402630664668
"ENSRNOG00000059903","Thbs3",8.22395093593725
"ENSRNOG00000004085","Tcaim",8.22391935804683
"ENSRNOG00000047526","Zfp526",8.22328774399387
"ENSRNOG00000001517","Pdk1",8.22292112530167
"ENSRNOG00000030245","Tango2",8.22268755425068
"ENSRNOG00000011323","Lgi3",8.22238805565321
"ENSRNOG00000015553","Gatad2b",8.22107219393154
"ENSRNOG00000021330","Sprtn",8.22063753462792
"ENSRNOG00000049982","Pex26",8.22052264011107
"ENSRNOG00000022894","Bivm",8.22034952664032
"ENSRNOG00000039315","Cfap157",8.2194485579394
"ENSRNOG00000011705","Stmn2",8.21938737129217
"ENSRNOG00000020339","Neurl1",8.21901882587833
"ENSRNOG00000000034","Nuak2",8.21891545605013
"ENSRNOG00000004893","Dmac2l",8.2187384367036
"ENSRNOG00000046639","Itgae",8.21831359227837
"ENSRNOG00000013596","Dimt1",8.21830926820189
"ENSRNOG00000010517","Hycc1",8.21829342379589
"ENSRNOG00000014505","Pmfbp1",8.2181504378673
"ENSRNOG00000021433","Arhgef39",8.21781893984021
"ENSRNOG00000023746","Tmem39b",8.21757252851174
"ENSRNOG00000002947","Dpt",8.21755498885335
"ENSRNOG00000003687","Rgs2",8.21749255737576
"ENSRNOG00000029401","Actg2",8.21710679264231
"ENSRNOG00000020951","Slc4a1",8.21703511862379
"ENSRNOG00000014618","Med31",8.21688918486562
"ENSRNOG00000024145","Trim65",8.21652787645668
"ENSRNOG00000004591","Alg12",8.21630395157886
"ENSRNOG00000012213","Nthl1",8.21597605395391
"ENSRNOG00000012137","Cenatac",8.21570965899205
"ENSRNOG00000058156","Zdhhc18",8.21553141307264
"ENSRNOG00000026163","Cpt1c",8.21508695664737
"ENSRNOG00000020936","Nradd",8.2149975597993
"ENSRNOG00000037432","Exo5",8.21293042615386
"ENSRNOG00000006582","Aptx",8.21289342529809
"ENSRNOG00000020835","Hipk4",8.21258454165505
"ENSRNOG00000002309","Hlx",8.21169318514304
"ENSRNOG00000056228","Atp10a",8.21102432591633
"ENSRNOG00000005151","Dync2li1",8.2109067816036
"ENSRNOG00000018484","Plk3",8.21078982576389
"ENSRNOG00000016135","Fars2",8.21038458024013
"ENSRNOG00000002272","Lnx1",8.20969455783268
"ENSRNOG00000016123","Rnf144b",8.2085179885819
"ENSRNOG00000008936","Map3k6",8.20837640852334
"ENSRNOG00000007529","Bmf",8.20815057774746
"ENSRNOG00000057761","Ttf2",8.20727473098379
"ENSRNOG00000029394","Dusp8",8.20723486566913
"ENSRNOG00000010608","Cep162",8.20691020277236
"ENSRNOG00000020751","Rdm1",8.206862479932
"ENSRNOG00000005970","Lrrc1",8.20681346295471
"ENSRNOG00000045629","Atp23",8.20677317203046
"ENSRNOG00000018421","Aen",8.20610871555897
"ENSRNOG00000009207","Spata2",8.20566207487304
"ENSRNOG00000026853","Urb2",8.205062991608
"ENSRNOG00000021855","Kcp",8.20482659534003
"ENSRNOG00000012368","Dnajc17",8.20410563321694
"ENSRNOG00000004710","Rbks",8.20405350808022
"ENSRNOG00000018782","Gmnn",8.20365264257812
"ENSRNOG00000014837","Emilin2",8.20329216368762
"ENSRNOG00000006588","Meox2",8.20211586600887
"ENSRNOG00000003559","Ccdc112",8.20200180683991
"ENSRNOG00000013727","Ndc80",8.20052567699079
"ENSRNOG00000001844","Klhl42",8.20013271662273
"ENSRNOG00000045821","Slc41a3",8.19986070614876
"ENSRNOG00000010664","Wdr73",8.19909898371998
"ENSRNOG00000017129","Ttll4",8.19862972828607
"ENSRNOG00000016288","Tcea2",8.19828794176211
"ENSRNOG00000005042","Ranbp17",8.19789715663884
"ENSRNOG00000007883","Timm10",8.19770706887417
"ENSRNOG00000024530","Lyrm1",8.19764133365783
"ENSRNOG00000015455","Spr",8.19745771084015
"ENSRNOG00000021793","Tlcd5",8.19722819126816
"ENSRNOG00000002191","Pgcka1",8.19715905882116
"ENSRNOG00000020506","Khnyn",8.19671752981749
"ENSRNOG00000018092","Cd83",8.19663986113185
"ENSRNOG00000039234","Zscan21",8.1958623091376
"ENSRNOG00000002883","Alg1",8.19576418273438
"ENSRNOG00000000161","Chm",8.19569167022135
"ENSRNOG00000033389","Susd2",8.19560214983581
"ENSRNOG00000017784","Lrif1",8.19495802766586
"ENSRNOG00000018851","Ppp2r2b",8.19465359507844
"ENSRNOG00000011136","Osr2",8.19427664045379
"ENSRNOG00000023446","Btbd8",8.19400979731579
"ENSRNOG00000017850","Dctpp1",8.19213871551029
"ENSRNOG00000042915","Mxra7",8.19205019888558
"ENSRNOG00000015932","Plgrkt",8.19190695616335
"ENSRNOG00000016102","Ebf3",8.19162227422438
"ENSRNOG00000000964","Frg1-ps1",8.19145341890002
"ENSRNOG00000016434","Prkd2",8.19107530516014
"ENSRNOG00000026490","Dnm3",8.19091680999313
"ENSRNOG00000013947","Rabl2",8.190649061603
"ENSRNOG00000027087","Tmem186",8.18871503828201
"ENSRNOG00000008688","Usp45",8.18836023056321
"ENSRNOG00000048961","Bhlhe41",8.1882244054062
"ENSRNOG00000012410","S100a1",8.18784138865194
"ENSRNOG00000000638","Zfp365",8.18755284811601
"ENSRNOG00000004854","Has2",8.18717391473251
"ENSRNOG00000003875","Ocrl",8.18697238852199
"ENSRNOG00000049426","Mmab",8.18696479482642
"ENSRNOG00000009278","Ift88",8.18692861099946
"ENSRNOG00000004598","Tsen54",8.18643790709836
"ENSRNOG00000042758","Tmem243",8.18615670226108
"ENSRNOG00000000994","Stxbp2",8.18598546106366
"ENSRNOG00000000729","Tmlhe",8.18583252550641
"ENSRNOG00000061895","Ly49si3l1",8.18556537858341
"ENSRNOG00000050483","Pradc1",8.1853646930227
"ENSRNOG00000018650","Ap3m2",8.18491015540485
"ENSRNOG00000001035","Gtf2h3",8.18371488124483
"ENSRNOG00000027936","Ccdc8",8.1835913665378
"ENSRNOG00000028113","Whamm",8.18308867288272
"ENSRNOG00000016575","Tnfrsf1b",8.18273943956343
"ENSRNOG00000017489","Gse1",8.18199475337259
"ENSRNOG00000007014","Cnksr2",8.18181784053531
"ENSRNOG00000004589","Galnt16",8.18161267201184
"ENSRNOG00000005971","Gpr176",8.18136555282564
"ENSRNOG00000021119","Pdcd2l",8.18134940100858
"ENSRNOG00000012779","Msr1",8.18049687731878
"ENSRNOG00000007818","Slc45a4",8.18018824055481
"ENSRNOG00000020571","Mpg",8.18004329614198
"ENSRNOG00000013069","Sapcd2",8.17867626860117
"ENSRNOG00000038012","Commd6",8.1785870985417
"ENSRNOG00000002153","Cep135",8.178515299583
"ENSRNOG00000005957","Slc4a7",8.17730346263041
"ENSRNOG00000043151","Cntln",8.17716776699648
"ENSRNOG00000003715","Srpx2",8.17696814576235
"ENSRNOG00000001781","Lmln",8.1757020770826
"ENSRNOG00000020736","Nadsyn1",8.1756732028854
"ENSRNOG00000016374","Fgfr2",8.17492607333873
"ENSRNOG00000006968","Mrpl19",8.17478086987799
"ENSRNOG00000017997","Nek4",8.17432088293435
"ENSRNOG00000019184","Npr3",8.17428588554404
"ENSRNOG00000012795","Cables1",8.17428227910725
"ENSRNOG00000031997","Ttll7",8.17408293737419
"ENSRNOG00000031930","Bin2",8.17358906970716
"ENSRNOG00000010539","Mcat",8.17342235171199
"ENSRNOG00000019196","Xpnpep3",8.17281420927933
"ENSRNOG00000018272","Zfp511",8.17202145583022
"ENSRNOG00000012503","Dnajc16",8.17088128584916
"ENSRNOG00000011338","Hdhd5",8.17045248234829
"ENSRNOG00000015962","Nmnat1",8.17002920792294
"ENSRNOG00000012767","Micu3",8.1700155569352
"ENSRNOG00000024411","Cbr4",8.16952782775079
"ENSRNOG00000016164","Fcrl2",8.16949874987236
"ENSRNOG00000017545","Mrs2",8.16947727412163
"ENSRNOG00000012287","Slc35e1",8.16942843887404
"ENSRNOG00000048472","Comp",8.16939083541764
"ENSRNOG00000009742","Rad52",8.16922823394859
"ENSRNOG00000001113","Mmd2",8.16858129649456
"ENSRNOG00000002217","Plac8",8.1682304537736
"ENSRNOG00000029107","Hmgb2l2",8.16766658411757
"ENSRNOG00000056435","Mtcp1",8.16750759645929
"ENSRNOG00000020695","Tead2",8.16658234856205
"ENSRNOG00000013647","Polm",8.16584983040853
"ENSRNOG00000010068","Plpp7",8.16530849536047
"ENSRNOG00000011789","Cdon",8.16505654299106
"ENSRNOG00000043426","Kyat3",8.16483577787376
"ENSRNOG00000005987","Suox",8.16462267931196
"ENSRNOG00000020955","Myl3",8.16366093785908
"ENSRNOG00000005758","Abtb3",8.16352953071935
"ENSRNOG00000009907","Mmp8",8.16342394877533
"ENSRNOG00000018241","Ank1",8.16235531198291
"ENSRNOG00000047005","Kcnk5",8.16130880577285
"ENSRNOG00000003918","Slc25a19",8.16120738402321
"ENSRNOG00000001956","Dzip3",8.16106246920802
"ENSRNOG00000008554","Slc9a9",8.16090417753975
"ENSRNOG00000038002","Ccdc62",8.16045061810508
"ENSRNOG00000004566","Arhgef15",8.16016604363267
"ENSRNOG00000055408","Gcat",8.15985978718385
"ENSRNOG00000026132","Trdmt1",8.15905425224186
"ENSRNOG00000039214","Trappc14",8.15902124209372
"ENSRNOG00000017462","Afg2a",8.15831641361734
"ENSRNOG00000026235","Hk3",8.15762661305363
"ENSRNOG00000008300","Zbtb8a",8.1566889792624
"ENSRNOG00000005177","Cryzl2",8.15579329811726
"ENSRNOG00000021199","Fcgr1a",8.15563739414516
"ENSRNOG00000012394","Bcl2l13",8.15489531447528
"ENSRNOG00000008609","Capn3",8.15439677041872
"ENSRNOG00000007865","Ephb1",8.15413865461658
"ENSRNOG00000000308","Zbtb24",8.15314479536642
"ENSRNOG00000038102","Elmod3",8.15290815699614
"ENSRNOG00000025882","Nipal1",8.15283578864797
"ENSRNOG00000002948","Abcc3",8.15242768084282
"ENSRNOG00000060107","Dnajb14",8.15229399494222
"ENSRNOG00000005872","Tcf7",8.1521658903373
"ENSRNOG00000009340","Zbtb6",8.15194629065329
"ENSRNOG00000006227","Ifih1",8.1517364011138
"ENSRNOG00000004162","Pfkfb2",8.15098444949751
"ENSRNOG00000014838","Glipr2",8.15083494333413
"ENSRNOG00000057058","Cd300a",8.15072983741021
"ENSRNOG00000010572","Pus7",8.15070381938989
"ENSRNOG00000015131","Ube2c",8.1505332077108
"ENSRNOG00000019807","Sufu",8.1504422828244
"ENSRNOG00000061403","Tlr13",8.15012696986648
"ENSRNOG00000048088","Mest",8.14976788525037
"ENSRNOG00000001557","Cxadr",8.14791707661974
"ENSRNOG00000009303","Zwilch",8.14766505514276
"ENSRNOG00000047085","Lrrtm2",8.14763418342122
"ENSRNOG00000001728","Fam43a",8.14711913863876
"ENSRNOG00000026828","Scfd2",8.14699145223152
"ENSRNOG00000022189","Htatip2",8.14688879868988
"ENSRNOG00000010566","Cep44",8.14652834726706
"ENSRNOG00000014277","Zdhhc13",8.14649657818089
"ENSRNOG00000014197","Tmem51",8.14634674411765
"ENSRNOG00000004542","Ttc8",8.14535556742343
"ENSRNOG00000021092","Scnm1",8.14510451055238
"ENSRNOG00000005769","Smg8",8.14491918532732
"ENSRNOG00000008054","Igsf9",8.14439136086115
"ENSRNOG00000058434","Cfap99",8.14402022035213
"ENSRNOG00000020792","Etv4",8.14388000597501
"ENSRNOG00000004212","Fbxw9",8.14382857223426
"ENSRNOG00000003398","Tomm40l",8.14212248544679
"ENSRNOG00000017420","Nudt6",8.14207085499651
"ENSRNOG00000061893","Leng1",8.14206205404564
"ENSRNOG00000004424","Rabif",8.14167658737334
"ENSRNOG00000011962","Gin1",8.14125195917829
"ENSRNOG00000000495","Bltp3a",8.14124917688178
"ENSRNOG00000003144","Gprc5c",8.14014023464946
"ENSRNOG00000020117","Brms1",8.13978897282538
"ENSRNOG00000060356","Kif15",8.13952137789707
"ENSRNOG00000008323","Pitpnm3",8.13891275212804
"ENSRNOG00000027891","Dhrs11",8.13867038319898
"ENSRNOG00000005902","Ccdc34",8.13855267222073
"ENSRNOG00000017539","Mmp9",8.1384310905651
"ENSRNOG00000005006","Ndufaf1",8.13815540158462
"ENSRNOG00000000528","Fgd2",8.13773332543674
"ENSRNOG00000051669","Psmd10",8.13747985603841
"ENSRNOG00000008040","Pimreg",8.13741853662927
"ENSRNOG00000017230","Cox15",8.13712097533787
"ENSRNOG00000010821","Ankrd54",8.13645813325279
"ENSRNOG00000027550","Mzf1",8.13595322611051
"ENSRNOG00000027849","Wipf2",8.13467429589821
"ENSRNOG00000012831","Slc25a26",8.13393760407932
"ENSRNOG00000006236","Dsn1",8.13392136923449
"ENSRNOG00000018863","Abcc10",8.13285913057687
"ENSRNOG00000016608","Zfp579",8.13273458370438
"ENSRNOG00000016381","Ust",8.13245851393113
"ENSRNOG00000001123","Spring1",8.13232649178418
"ENSRNOG00000006440","Ift27",8.13219178804253
"ENSRNOG00000043023","Msmp",8.13212059316219
"ENSRNOG00000010060","Panx1",8.13181076724461
"ENSRNOG00000019675","Pycard",8.13118741204617
"ENSRNOG00000002055","Noa1",8.13082714665856
"ENSRNOG00000008354","Slc9a8",8.13080781971913
"ENSRNOG00000021713","Kif18b",8.13077480869509
"ENSRNOG00000007224","Samtor",8.13054609122736
"ENSRNOG00000007752","Zmynd19",8.13048649633906
"ENSRNOG00000060946","Cask",8.12971679185228
"ENSRNOG00000020721","Nme6",8.12906910756834
"ENSRNOG00000014597","Irs1",8.12839065577388
"ENSRNOG00000020700","Rnaseh2c",8.12806296557657
"ENSRNOG00000002418","Tgfb2",8.12805949224101
"ENSRNOG00000031721","Dnajc30",8.12786731529725
"ENSRNOG00000042163","Btbd19",8.12720315726967
"ENSRNOG00000014746","Dzip1l",8.12680152347163
"ENSRNOG00000005515","Rhbdl3",8.12676351323838
"ENSRNOG00000023485","Ushbp1",8.12670868571385
"ENSRNOG00000036668","Ogfod3",8.12642624555174
"ENSRNOG00000003522","Mr1",8.12606160514193
"ENSRNOG00000042258","9530082P21Rikl",8.12582810015618
"ENSRNOG00000010214","Scrn2",8.12509947035686
"ENSRNOG00000019257","Kif27",8.12432749759874
"ENSRNOG00000000422","Dxo",8.12431395195441
"ENSRNOG00000004660","Fzd6",8.1241402715529
"ENSRNOG00000013040","Ddx31",8.12383936233803
"ENSRNOG00000018906","Ghdc",8.12319250270359
"ENSRNOG00000018415","Acot13",8.12286810609972
"ENSRNOG00000002473","Odr4",8.12257955003266
"ENSRNOG00000050949","Ttc39c",8.12244053023478
"ENSRNOG00000020431","Matk",8.12226618103131
"ENSRNOG00000031346","Ift22",8.12186719001508
"ENSRNOG00000004466","Fam210b",8.1216793932385
"ENSRNOG00000023989","Actr5",8.12072144203501
"ENSRNOG00000024972","Cox10",8.12059164362882
"ENSRNOG00000046662","Ints6l",8.12049619936046
"ENSRNOG00000008635","Mks1",8.12034295204303
"ENSRNOG00000019100","Kif2c",8.11892009275877
"ENSRNOG00000005998","Smoc1",8.11888676321595
"ENSRNOG00000025587","Plagl1",8.11824566944295
"ENSRNOG00000025711","Spout1",8.11816577850799
"ENSRNOG00000061587","Metap1d",8.11815465069525
"ENSRNOG00000047499","Rbm15",8.11779511879996
"ENSRNOG00000008815","Fbxo46",8.1175709810274
"ENSRNOG00000050819","Birc5",8.11724226965068
"ENSRNOG00000012739","Brf2",8.11634824513623
"ENSRNOG00000007412","Dok1",8.11629457742471
"ENSRNOG00000000121","Pigv",8.1156638199054
"ENSRNOG00000003674","Pir",8.11511678507274
"ENSRNOG00000026799","Zbtb9",8.11448735360103
"ENSRNOG00000023216","Ccdc17",8.11423844035918
"ENSRNOG00000046460","Tatdn3",8.11366336852396
"ENSRNOG00000049378","Dennd5b",8.11327526444819
"ENSRNOG00000015664","Tmem8b",8.11326936194818
"ENSRNOG00000037659","Mto1",8.11317920333444
"ENSRNOG00000016148","Gtse1",8.11309204768961
"ENSRNOG00000009045","Alg6",8.11255519698862
"ENSRNOG00000037658","Gprasp2",8.11217711338375
"ENSRNOG00000016392","Zfp593",8.11202181592958
"ENSRNOG00000022911","Hjurp",8.11156047363998
"ENSRNOG00000043364","Zfp362",8.11131291453846
"ENSRNOG00000016921","Klhl11",8.1109836512456
"ENSRNOG00000018773","Mtrf1l",8.11077697349311
"ENSRNOG00000023968","Fancf",8.10983190808133
"ENSRNOG00000055079","Ndufaf2",8.10949727903943
"ENSRNOG00000021517","Tmem231",8.10833182126626
"ENSRNOG00000005929","Them6",8.10819117144669
"ENSRNOG00000017706","Slc66a1",8.10663336163351
"ENSRNOG00000010567","Angel1",8.10642424877176
"ENSRNOG00000015308","Pbk",8.10568146016229
"ENSRNOG00000007041","Abcg2",8.10385154646223
"ENSRNOG00000025670","Shisa3",8.10366092009187
"ENSRNOG00000022540","Trex1",8.10360022063135
"ENSRNOG00000028749","Atxn7l2",8.10359461989474
"ENSRNOG00000037435","Tmem196",8.10280351177869
"ENSRNOG00000046452","Fcgr2b",8.10272426029067
"ENSRNOG00000020975","Mrpl49",8.10266379527179
"ENSRNOG00000009664","Ankrd42",8.10261248053021
"ENSRNOG00000047133","Jrkl",8.10166356028365
"ENSRNOG00000008632","Invs",8.10107331685533
"ENSRNOG00000013902","P2ry12",8.1005324932874
"ENSRNOG00000053635","Zkscan8",8.10037785560865
"ENSRNOG00000026605","Ifi27l2a",8.10034259036179
"ENSRNOG00000020704","Tkfc",8.09994898904264
"ENSRNOG00000022975","Nfam1",8.09987290966309
"ENSRNOG00000008565","Nkiras1",8.09970916684234
"ENSRNOG00000006110","Jph1",8.09969751589674
"ENSRNOG00000003955","Spata7",8.09866036143164
"ENSRNOG00000008543","Pdlim2",8.09843481996844
"ENSRNOG00000012562","Grin3b",8.09785382091145
"ENSRNOG00000021128","Kcnj11",8.09684960707136
"ENSRNOG00000060486","Ptges3l1",8.09653495929651
"ENSRNOG00000009385","Pik3cg",8.09639028475979
"ENSRNOG00000025523","Armh3",8.09624269328335
"ENSRNOG00000023309","Anks6",8.09610284672512
"ENSRNOG00000011167","Wdhd1",8.09581655162033
"ENSRNOG00000005345","Vsnl1",8.09544633414627
"ENSRNOG00000013583","Tbc1d8",8.09534901497278
"ENSRNOG00000007899","Mterf1",8.09523314395998
"ENSRNOG00000051420","Cables2",8.09374292704812
"ENSRNOG00000014311","Slc7a8",8.09341883637862
"ENSRNOG00000010889","Fbxw7",8.0933431101375
"ENSRNOG00000021904","Tecpr2",8.09322493317159
"ENSRNOG00000059589","Lmbr1",8.09314860906527
"ENSRNOG00000059347","Rbmxl1b",8.09312628977723
"ENSRNOG00000047446","Foxc2",8.09247205241305
"ENSRNOG00000016825","Polr1g",8.09238543655987
"ENSRNOG00000053550","Itga1",8.09156431265987
"ENSRNOG00000008610","Mbip",8.09146687417556
"ENSRNOG00000046143","Pgap3",8.09070944289754
"ENSRNOG00000037449","Pole",8.09024301760084
"ENSRNOG00000051960","Dnajc12",8.0900676424008
"ENSRNOG00000029608","Nkain2",8.08973260133566
"ENSRNOG00000047563","Mrpl39",8.08961809179917
"ENSRNOG00000013412","Creb1",8.0895496799252
"ENSRNOG00000010126","Riox1",8.08935395271578
"ENSRNOG00000011654","Plk4",8.08863723048171
"ENSRNOG00000004585","Tmtc2",8.08850484843999
"ENSRNOG00000050430","Vav1",8.08806307604569
"ENSRNOG00000008984","Irak1bp1",8.0877515859611
"ENSRNOG00000005713","Ccdc82",8.08723773363463
"ENSRNOG00000014065","Zfp653",8.08688267621578
"ENSRNOG00000026466","Lrrtm3",8.08671730990078
"ENSRNOG00000019384","Med11",8.08643883107388
"ENSRNOG00000008533","Ago2",8.08628275605682
"ENSRNOG00000000779","Polr1h",8.08516190906598
"ENSRNOG00000005165","Smcr8",8.08495771031667
"ENSRNOG00000052064","Parvg",8.08473013026907
"ENSRNOG00000023431","LOC134480797",8.08462239795747
"ENSRNOG00000047019","Bbip1",8.08365575745458
"ENSRNOG00000013436","Pde7b",8.08347145641404
"ENSRNOG00000005227","Tfap4",8.08346101733971
"ENSRNOG00000018665","Bud13",8.0826086250555
"ENSRNOG00000029071","Unc5c",8.08175178003288
"ENSRNOG00000017837","Znf48",8.08155278111924
"ENSRNOG00000013970","Cdt1",8.08151035153861
"ENSRNOG00000026114","Ap5b1",8.08085019342642
"ENSRNOG00000017277","Igsf6",8.08078259882021
"ENSRNOG00000003348","Rasd1",8.08053734379028
"ENSRNOG00000012151","Itpripl1",8.07896913625097
"ENSRNOG00000022967","Slc35d1",8.07883946137409
"ENSRNOG00000006711","Zfp212",8.07851301168192
"ENSRNOG00000010134","Acot2",8.07824130625439
"ENSRNOG00000036703","Itgax",8.0781767030831
"ENSRNOG00000009576","Xpa",8.07762719920052
"ENSRNOG00000037238","Mrm3",8.07761275774335
"ENSRNOG00000017718","Tmco6",8.07752934077262
"ENSRNOG00000031851","Ndufa4l2",8.07726316648892
"ENSRNOG00000008133","Mfng",8.07630950246478
"ENSRNOG00000018441","Ggt7",8.07619561119082
"ENSRNOG00000010934","Spa17",8.07604927344559
"ENSRNOG00000010859","Zyg11b",8.07596516959199
"ENSRNOG00000026136","Tnfaip8",8.07382950588476
"ENSRNOG00000053607","Fam217b",8.07378839080416
"ENSRNOG00000019979","B3galt6",8.07354015973634
"ENSRNOG00000005342","Rassf5",8.07315915687881
"ENSRNOG00000019404","Hhatl",8.0729452989226
"ENSRNOG00000016468","Tpmt",8.07265449282455
"ENSRNOG00000005727","Galnt3",8.07245693533323
"ENSRNOG00000037707","Armcx6",8.072335492317
"ENSRNOG00000009826","Bche",8.07201696621438
"ENSRNOG00000055259","Phldb3",8.0719210895294
"ENSRNOG00000049326","Tmem234",8.07126308745502
"ENSRNOG00000055295","Pecr",8.07055417125839
"ENSRNOG00000016108","Phlpp2",8.07053264960467
"ENSRNOG00000024414","Ate1",8.07049729544532
"ENSRNOG00000013767","Ccdc61",8.06988495275533
"ENSRNOG00000000546","Nt5dc1",8.06925428207483
"ENSRNOG00000002387","Tceal1",8.06907539719972
"ENSRNOG00000013973","Lcn2",8.06902296247945
"ENSRNOG00000030187","Mmp12",8.06873169467447
"ENSRNOG00000004873","Prkch",8.06840954562222
"ENSRNOG00000053945","Daam2",8.06829006999572
"ENSRNOG00000025350","Ppp1r13l",8.06668902956097
"ENSRNOG00000023035","Smim8",8.06663788171963
"ENSRNOG00000036661","Rab40b",8.06655031294438
"ENSRNOG00000047708","Gstz1",8.06647588425806
"ENSRNOG00000042353","Mlkl",8.06612814719027
"ENSRNOG00000053574","Tarbp1",8.06560025537662
"ENSRNOG00000042771","Apol3l1",8.06490306467398
"ENSRNOG00000002338","Dgke",8.0629351514983
"ENSRNOG00000046242","Klf7",8.06211124391223
"ENSRNOG00000016451","Cd1d1",8.06192969403795
"ENSRNOG00000014323","Extl2",8.06176038595082
"ENSRNOG00000007446","Apip",8.06168854040218
"ENSRNOG00000004666","Prr5l",8.06158455475881
"ENSRNOG00000051291","Dnhd1",8.06068730937135
"ENSRNOG00000054474","Mastl",8.06047236066336
"ENSRNOG00000005801","Stx17",8.0604210885291
"ENSRNOG00000056659","Mecp2",8.05977508142676
"ENSRNOG00000005124","Plekhh2",8.05946640083051
"ENSRNOG00000025619","Jph4",8.05930589402964
"ENSRNOG00000003699","Endov",8.05882371870349
"ENSRNOG00000008027","Cavin4",8.05826602595735
"ENSRNOG00000050214","Amt",8.05824405516585
"ENSRNOG00000006893","Ppm1k",8.05806342005325
"ENSRNOG00000015473","Phactr2",8.05792035684898
"ENSRNOG00000004888","Spred2",8.05737941695901
"ENSRNOG00000010164","Mrps2",8.05686075313769
"ENSRNOG00000008050","Stac3",8.0567277414224
"ENSRNOG00000053460","Acot5-ps1",8.056365593757
"ENSRNOG00000056714","Sla",8.05595910996142
"ENSRNOG00000002303","Kcnj12",8.05590789968953
"ENSRNOG00000018845","Snapc4",8.05560149789331
"ENSRNOG00000022039","Zbtb40",8.05524522877107
"ENSRNOG00000037206","Ccdc77",8.05406908671132
"ENSRNOG00000029079","Hspb7",8.05392874595211
"ENSRNOG00000029662","Wdfy4",8.05359087747002
"ENSRNOG00000005472","Sp4",8.0533704961783
"ENSRNOG00000014362","Nudt14",8.05325162702061
"ENSRNOG00000014776","Adcy7",8.05319113570627
"ENSRNOG00000015180","Kdm8",8.05118882080563
"ENSRNOG00000015615","Tnfrsf11a",8.05113127415024
"ENSRNOG00000007923","Cgref1",8.05110866055051
"ENSRNOG00000014186","Zswim9",8.05067548276518
"ENSRNOG00000054751","Lmbrd2",8.05054111365827
"ENSRNOG00000047799","Gnb5",8.05021637012051
"ENSRNOG00000007516","Smtnl1",8.04976454084019
"ENSRNOG00000012083","St6galnac2",8.0493675038789
"ENSRNOG00000038047","Mt1-ps3",8.04907787453032
"ENSRNOG00000002736","Rabgap1l",8.04803911730373
"ENSRNOG00000021872","Zfp213",8.04796580339171
"ENSRNOG00000015525","Zswim3",8.04787934938286
"ENSRNOG00000014180","Prickle4",8.04786851758263
"ENSRNOG00000000096","Pdzk1",8.04769045380988
"ENSRNOG00000018520","Nsun6",8.04713131267107
"ENSRNOG00000032471","Asb3",8.04618663605793
"ENSRNOG00000027444","Nubpl",8.04607109844399
"ENSRNOG00000017132","Snx30",8.04588873209221
"ENSRNOG00000021814","Tnfrsf25",8.04553594209643
"ENSRNOG00000028517","Rhno1",8.04540204666447
"ENSRNOG00000014041","Cep78",8.04520167302724
"ENSRNOG00000014149","Npy1r",8.04505186699345
"ENSRNOG00000007372","Casp1",8.04486823871268
"ENSRNOG00000003720","Prrx1",8.04464503274039
"ENSRNOG00000002258","Tmem150c",8.04412629949074
"ENSRNOG00000024677","Arhgap33",8.04267831252021
"ENSRNOG00000013703","Siah2",8.04237734850021
"ENSRNOG00000053869","Ppp1r3d",8.04200003608132
"ENSRNOG00000025584","Agap2",8.04157028322921
"ENSRNOG00000005905","Pde4b",8.04147103451509
"ENSRNOG00000037478","Noc4l",8.0411713766953
"ENSRNOG00000006921","Rbl1",8.03988902374124
"ENSRNOG00000001603","N6amt1",8.03918808662697
"ENSRNOG00000032740","Tmem258b",8.03897093012135
"ENSRNOG00000006076","Steap2",8.03848238311206
"ENSRNOG00000049336","Lime1",8.0374053401797
"ENSRNOG00000012314","Slirp",8.03639476913781
"ENSRNOG00000061102","Taf9b",8.03637731907698
"ENSRNOG00000021536","Plxdc1",8.03611325936462
"ENSRNOG00000014490","Bdh2",8.03549584435804
"ENSRNOG00000046028","Haus6",8.03521773212887
"ENSRNOG00000009822","Tlr2",8.03314037225621
"ENSRNOG00000013565","Zfp507",8.03310794069144
"ENSRNOG00000008625","Rimkla",8.03283627444037
"ENSRNOG00000016465","Trmu",8.03280787648847
"ENSRNOG00000013793","C1qtnf9",8.03210504431694
"ENSRNOG00000016913","Stk36",8.03209568901742
"ENSRNOG00000006946","Arhgap9",8.03197282773412
"ENSRNOG00000008767","Atg4c",8.0315507039746
"ENSRNOG00000004100","Trib1",8.03146838651951
"ENSRNOG00000059453","Fcsk",8.03125957675737
"ENSRNOG00000024135","Zmat1",8.03041008330577
"ENSRNOG00000019482","Gnao1",8.0301010883507
"ENSRNOG00000001302","Adora2a",8.02981392077726
"ENSRNOG00000008055","Ccne2",8.02952359028217
"ENSRNOG00000020113","Cnnm2",8.02935501778069
"ENSRNOG00000048169","Tuba8",8.02927207079562
"ENSRNOG00000011296","Cenpn",8.02907926804673
"ENSRNOG00000015325","Pigf",8.02903263577588
"ENSRNOG00000047229","Trim68",8.02800513905504
"ENSRNOG00000007853","Prdm10",8.02798315049403
"ENSRNOG00000010592","Slc25a27",8.02780778496704
"ENSRNOG00000027955","Zfp133",8.02732582467925
"ENSRNOG00000029308","Irag2",8.02710968489923
"ENSRNOG00000022593","Pdpr",8.02699898674565
"ENSRNOG00000021787","Zfp217",8.0265809322804
"ENSRNOG00000012454","Trmt10b",8.02608177492802
"ENSRNOG00000003121","Rtn4rl1",8.02596176459856
"ENSRNOG00000000279","Rtn4ip1",8.02591474262564
"ENSRNOG00000027839","Ptk2b",8.02547876608775
"ENSRNOG00000021098","Rasgrp2",8.02528514505131
"ENSRNOG00000011518","Dusp26",8.02521488991158
"ENSRNOG00000022524","Tango6",8.02476613449659
"ENSRNOG00000032327","Pdia5",8.02472028978822
"ENSRNOG00000021261","Rassf2",8.02466936038381
"ENSRNOG00000013223","Fah",8.02406203619212
"ENSRNOG00000036842","Smug1",8.02369430360541
"ENSRNOG00000060021","Txlnb",8.02330920522015
"ENSRNOG00000008612","Agbl5",8.02324520611954
"ENSRNOG00000060603","Nhsl1",8.02293770136739
"ENSRNOG00000013657","Stmn3",8.02265790442102
"ENSRNOG00000002790","Abcb7",8.02264293005987
"ENSRNOG00000007906","Bub1b",8.02202728095086
"ENSRNOG00000042833","Prp2l1",8.02197162667075
"ENSRNOG00000042679","Lcor",8.02195275925747
"ENSRNOG00000024594","Fhdc1",8.02180741485406
"ENSRNOG00000001323","Zfp157",8.02135073063538
"ENSRNOG00000007262","Ccdc134",8.02125548933434
"ENSRNOG00000014059","Odf2l",8.02087107978117
"ENSRNOG00000012017","Otulin",8.01995656515888
"ENSRNOG00000043419","Hist3h2ba",8.01952221872841
"ENSRNOG00000026690","Kin",8.01838485996294
"ENSRNOG00000043167","Itga9",8.01761558419815
"ENSRNOG00000023410","Apol9a",8.01743079112995
"ENSRNOG00000031213","Slc39a11",8.01733427085834
"ENSRNOG00000009131","Zc3h12a",8.01719465435727
"ENSRNOG00000033658","Kntc1",8.01714173237739
"ENSRNOG00000020150","Il18bp",8.01661011421476
"ENSRNOG00000029152","Tmem69",8.0165644501652
"ENSRNOG00000011284","Sgms2",8.01643329504001
"ENSRNOG00000025624","Arhgap20",8.01607794401905
"ENSRNOG00000031138","Irgm",8.01595462330568
"ENSRNOG00000054605","Unkl",8.01579093102
"ENSRNOG00000001074","Mphosph9",8.01548317296163
"ENSRNOG00000003052","Cox18",8.01534448027537
"ENSRNOG00000000249","Mettl23",8.01484413294037
"ENSRNOG00000028319","Cryz",8.01476323988421
"ENSRNOG00000020153","Supt3h",8.01455456714967
"ENSRNOG00000008855","Gjb2",8.01421022119218
"ENSRNOG00000006639","Scn9a",8.01415922402443
"ENSRNOG00000022455","Cptp",8.01405117105733
"ENSRNOG00000003127","Spryd4",8.01368754481024
"ENSRNOG00000021702","Mcmdc2",8.01303785430738
"ENSRNOG00000007483","Ccnf",8.01298055041663
"ENSRNOG00000004001","Osgepl1",8.01295567672723
"ENSRNOG00000009360","Sh3bp1",8.01260971967085
"ENSRNOG00000025269","Slc25a44",8.01240084673431
"ENSRNOG00000004482","Ccdc88c",8.01219322961548
"ENSRNOG00000002443","Mfap3",8.01204004363861
"ENSRNOG00000025075","Relt",8.01170295830605
"ENSRNOG00000004588","Zbed4",8.01158639315842
"ENSRNOG00000028047","Mecr",8.01074080005569
"ENSRNOG00000001652","Erg",8.0106946670105
"ENSRNOG00000016684","Wnk2",8.01026099074002
"ENSRNOG00000020250","Pcgf6",8.01025483411581
"ENSRNOG00000013564","Dok3",8.01015353547885
"ENSRNOG00000010011","Osbpl3",8.00988680456208
"ENSRNOG00000016377","Cep55",8.00976189929485
"ENSRNOG00000013717","Bmp6",8.00961513429476
"ENSRNOG00000013215","Dctd",8.00946855967387
"ENSRNOG00000025796","Brme1",8.00872453913517
"ENSRNOG00000021847","Ska3",8.00749724959868
"ENSRNOG00000057832","Rnf125",8.00717414771771
"ENSRNOG00000011228","Layn",8.0069754671444
"ENSRNOG00000037204","Lyrm9",8.00606462409537
"ENSRNOG00000024923","Nnat",8.00596434723358
"ENSRNOG00000021231","Lzts3",8.00568045320838
"ENSRNOG00000043105","Lyrm2",8.00533752842163
"ENSRNOG00000011645","Mettl25b",8.00504338643786
"ENSRNOG00000002917","Sec14l5",8.00414327532657
"ENSRNOG00000023013","Marchf3",8.0040889498028
"ENSRNOG00000016754","Bcs1l",8.00400233739691
"ENSRNOG00000017887","Mutyh",8.00399901394007
"ENSRNOG00000014019","Tbc1d7",8.00394879367201
"ENSRNOG00000018910","Abhd11",8.00380191992758
"ENSRNOG00000020486","Bcl2l12",8.00363685930769
"ENSRNOG00000017037","Otud3",8.00287697089878
"ENSRNOG00000043197","Smim45",8.00280942447413
"ENSRNOG00000000692","Ung",8.00254721709954
"ENSRNOG00000018515","Det1",8.0016668336232
"ENSRNOG00000046803","Arhgef16",8.00113912894136
"ENSRNOG00000031671","Rasgef1a",8.00090417828489
"ENSRNOG00000019195","Polh",8.00068915504279
"ENSRNOG00000021817","Irak2",8.00046222263814
"ENSRNOG00000025724","Mtf1",8.00044749798471
"ENSRNOG00000018969","Gpatch4",7.99992515988438
"ENSRNOG00000028436","Rprml",7.99964963188281
"ENSRNOG00000013317","C15h14orf93",7.99944834884172
"ENSRNOG00000015495","Slc25a37",7.99928780178293
"ENSRNOG00000011096","Hmgb3",7.99913842791189
"ENSRNOG00000017988","Mcur1",7.99895482057748
"ENSRNOG00000019606","Trpv3",7.9988668279798
"ENSRNOG00000058932","Zfp202",7.99799839386949
"ENSRNOG00000007437","Irf5",7.99784549698821
"ENSRNOG00000050946","Fam110a",7.9976212088323
"ENSRNOG00000028155","Dnaaf2",7.99732676330756
"ENSRNOG00000020169","Gimap8",7.99713874232355
"ENSRNOG00000018929","Kif20b",7.99697902140108
"ENSRNOG00000021615","Mettl26",7.99686713519423
"ENSRNOG00000048113","Cbx8",7.99669872397335
"ENSRNOG00000002827","Rbfox1",7.99660403783026
"ENSRNOG00000028016","Ncf2",7.99570125632721
"ENSRNOG00000017484","Gja5",7.99526835690411
"ENSRNOG00000053895","B3gnt9",7.99485462343601
"ENSRNOG00000020302","Klhl17",7.99450909767104
"ENSRNOG00000000907","Alox5ap",7.99412922068907
"ENSRNOG00000010435","Nup42",7.99403504399533
"ENSRNOG00000053272","Chi3l1",7.99374420339807
"ENSRNOG00000005814","Katnbl1",7.99342882883473
"ENSRNOG00000003682","Hook2",7.99309000517106
"ENSRNOG00000008313","Hoxb3",7.99278532626361
"ENSRNOG00000022229","Sdad1",7.9925648498843
"ENSRNOG00000006888","Gcfc2",7.99256180986795
"ENSRNOG00000007100","Ccdc136",7.9920087583281
"ENSRNOG00000013339","Gmeb2",7.99176383930572
"ENSRNOG00000016413","Pstpip1",7.99149561945575
"ENSRNOG00000013326","Hmbox1",7.98877431990467
"ENSRNOG00000032414","Tmem161b",7.98794667632139
"ENSRNOG00000017318","Zfp322a",7.98793021250203
"ENSRNOG00000046283","Tmem41a",7.9872267041784
"ENSRNOG00000016536","Pdik1l",7.9871092553762
"ENSRNOG00000019817","Ddx28",7.98691439240212
"ENSRNOG00000008898","Trmt44",7.98680196870604
"ENSRNOG00000016874","Zfp521",7.98667296298305
"ENSRNOG00000008643","Rars2",7.98645963588595
"ENSRNOG00000037446","Pxmp2",7.98613957108474
"ENSRNOG00000009005","Slco2a1",7.98597025121227
"ENSRNOG00000015774","Mreg",7.98541416536961
"ENSRNOG00000008444","Cbl",7.98523042244857
"ENSRNOG00000003349","Col23a1",7.98479244953417
"ENSRNOG00000036971","Smim26",7.98451223118788
"ENSRNOG00000008572","Ppcs",7.98433800496752
"ENSRNOG00000023389","Ephx4",7.98402483574771
"ENSRNOG00000026226","Hook1",7.98400793594974
"ENSRNOG00000008270","Cntrob",7.98389616690328
"ENSRNOG00000002072","Eva1c",7.98354865797066
"ENSRNOG00000003049","Hsd17b10",7.98268040442205
"ENSRNOG00000008291","Thumpd2",7.98239433954198
"ENSRNOG00000025512","Mettl17",7.98235792994443
"ENSRNOG00000019752","Slc29a1",7.98227385175422
"ENSRNOG00000005861","Hsd11b1",7.9822371394817
"ENSRNOG00000009116","Itgb3bp",7.98213797362401
"ENSRNOG00000028534","Zfp518b",7.98181526207958
"ENSRNOG00000009151","Mipol1",7.98170073677303
"ENSRNOG00000013865","Zmym6",7.98164501321966
"ENSRNOG00000002478","Insig2",7.9813873579984
"ENSRNOG00000004458","Ston2",7.98042545333958
"ENSRNOG00000016119","Fzd7",7.97894852837257
"ENSRNOG00000013017","Arnt2",7.97877073123713
"ENSRNOG00000003613","Mid1",7.97835922757013
"ENSRNOG00000012012","Pinx1",7.97829363360134
"ENSRNOG00000015340","Dnajc25",7.97809007354168
"ENSRNOG00000024798","Bora",7.97741348671439
"ENSRNOG00000007054","Dhx33",7.97700421618178
"ENSRNOG00000051986","Plcg2",7.97692546783365
"ENSRNOG00000050848","Dtx1",7.97669914695469
"ENSRNOG00000033335","Cenpi",7.97626139389039
"ENSRNOG00000006649","Thrb",7.97574989940282
"ENSRNOG00000005539","Thg1l",7.97520864860738
"ENSRNOG00000022432","Tmem59l",7.9747660725193
"ENSRNOG00000029798","Lrrc4c",7.97444507005349
"ENSRNOG00000009347","Arhgap25",7.9742260112394
"ENSRNOG00000039241","Ythdc2",7.97381561419397
"ENSRNOG00000002852","Myo19",7.97343655403626
"ENSRNOG00000020880","Klhl18",7.97339173383151
"ENSRNOG00000013535","Cdh6",7.97292119731337
"ENSRNOG00000007416","Clp1",7.97289057596278
"ENSRNOG00000042126","Lsm5",7.97263553940044
"ENSRNOG00000018591","Rabepk",7.97232564130067
"ENSRNOG00000021918","Cep76",7.9721605470434
"ENSRNOG00000051256","R3hcc1l",7.97196582414773
"ENSRNOG00000003954","Il2rg",7.97147098407524
"ENSRNOG00000021096","Tmem143",7.97013427695119
"ENSRNOG00000002105","Cdc7",7.96934344308266
"ENSRNOG00000005633","Zbtb49",7.96927452889543
"ENSRNOG00000050624","Lysmd4",7.96896568668399
"ENSRNOG00000004839","B4galnt1",7.96888961423233
"ENSRNOG00000004249","Tlr7",7.96872805461358
"ENSRNOG00000002253","Wdr5b",7.96856391528727
"ENSRNOG00000053813","Nkap",7.96842865330084
"ENSRNOG00000048297","Qki",7.96733248715143
"ENSRNOG00000009322","Ccdc126",7.96720110101012
"ENSRNOG00000016671","Dtna",7.9671871827531
"ENSRNOG00000000633","Rhobtb1",7.96640403446895
"ENSRNOG00000022256","Cxcl10",7.96510551539011
"ENSRNOG00000020247","Cnih2",7.96501169583335
"ENSRNOG00000014658","Zfp423",7.96468151969325
"ENSRNOG00000024931","Ccdc88b",7.96464213821787
"ENSRNOG00000027857","Pigw",7.96386112904475
"ENSRNOG00000026527","Snx32",7.96371753483658
"ENSRNOG00000014937","Lrrc71",7.9634794442505
"ENSRNOG00000039745","Pm20d1",7.96324359177297
"ENSRNOG00000008785","Klf5",7.96290974384419
"ENSRNOG00000004076","Pms1",7.96289136851172
"ENSRNOG00000017193","Lingo1",7.96284732516225
"ENSRNOG00000025881","Rbms3",7.9626240918876
"ENSRNOG00000004774","Ccdc175",7.96235299665422
"ENSRNOG00000003981","Zfp18",7.96224504211587
"ENSRNOG00000009690","Obi1",7.96198181184142
"ENSRNOG00000007785","Trmt5",7.9609797441275
"ENSRNOG00000039024","Spice1",7.96085364610163
"ENSRNOG00000006002","Stk35",7.96011896050962
"ENSRNOG00000001873","P2rx6",7.95941360187161
"ENSRNOG00000001701","Cbr3",7.95896732391237
"ENSRNOG00000023208","Myorg",7.95891626312369
"ENSRNOG00000047606","Bcl2a1",7.95861471747411
"ENSRNOG00000031058","Was",7.95704694413016
"ENSRNOG00000006508","Thnsl2",7.95694334480227
"ENSRNOG00000004417","Fam117a",7.95644588756557
"ENSRNOG00000005378","Gna15",7.95624272103949
"ENSRNOG00000007439","Unc13d",7.95620406084699
"ENSRNOG00000007993","Sh3tc1",7.95564607804852
"ENSRNOG00000010824","Parp8",7.95537844814639
"ENSRNOG00000002512","Gpatch2",7.95469130232076
"ENSRNOG00000015546","C18h18orf21",7.95437754363053
"ENSRNOG00000061415","Taf1b",7.95428860768722
"ENSRNOG00000037376","Mterf4",7.9541415121977
"ENSRNOG00000001111","Brca2",7.95324957860796
"ENSRNOG00000020705","Rnls",7.95315933401485
"ENSRNOG00000025793","Usp31",7.95090985759677
"ENSRNOG00000020022","Psmc3ip",7.950814956054
"ENSRNOG00000037871","Sfxn5",7.9505818048581
"ENSRNOG00000023428","Pik3r5",7.94977509624304
"ENSRNOG00000029922","Tpk1",7.94948846865504
"ENSRNOG00000018797","Myrip",7.94924015010836
"ENSRNOG00000012134","Scn4a",7.94917606068417
"ENSRNOG00000023465","Depp1",7.94826808574135
"ENSRNOG00000006973","Rlig1",7.94821833837226
"ENSRNOG00000013719","Dph5",7.94811301815673
"ENSRNOG00000011658","Tex30",7.94755962714137
"ENSRNOG00000028357","Lrrc14b",7.94604839684741
"ENSRNOG00000001804","Itpr2",7.94598943424899
"ENSRNOG00000009593","Dtwd1",7.94531938663923
"ENSRNOG00000014234","Hif1an",7.94527793141413
"ENSRNOG00000005993","Oxsm",7.94415660833048
"ENSRNOG00000042384","Kctd7",7.94377568051739
"ENSRNOG00000023536","Adgrd1",7.94286822358266
"ENSRNOG00000004971","Txlng",7.94259715214596
"ENSRNOG00000014574","Entpd1",7.94216466253926
"ENSRNOG00000018532","Pcgf5",7.942149622664
"ENSRNOG00000016706","Fanca",7.94212049088866
"ENSRNOG00000025332","Cd109",7.94179417757574
"ENSRNOG00000004882","Capn6",7.94076774095896
"ENSRNOG00000021644","Slc15a3",7.93982899939133
"ENSRNOG00000018467","Mitd1",7.93822221914629
"ENSRNOG00000000414","Cep85l",7.93809262540511
"ENSRNOG00000059827","6330403K07Rikl",7.93787612339525
"ENSRNOG00000050792","Tnfaip6",7.93734661128517
"ENSRNOG00000022777","Six1",7.93705033730527
"ENSRNOG00000006761","Sh3gl2",7.93498222777608
"ENSRNOG00000004412","Mtbp",7.93493131929757
"ENSRNOG00000022466","Chchd4",7.93485838262739
"ENSRNOG00000024793","Kctd21",7.93443409965577
"ENSRNOG00000016949","Slc25a33",7.93314389759772
"ENSRNOG00000016384","Pik3cb",7.93303185059848
"ENSRNOG00000030238","Fndc5",7.93284632834944
"ENSRNOG00000001435","Ssc4d",7.93283335533403
"ENSRNOG00000010141","Ttll1",7.93208229923016
"ENSRNOG00000002826","Hsd17b7",7.93124497721627
"ENSRNOG00000046699","LOC134486330",7.93086347783147
"ENSRNOG00000047605","Ptprk",7.93024002370742
"ENSRNOG00000015232","Pip5k1b",7.92984154457437
"ENSRNOG00000017105","Dpyd",7.92961539330938
"ENSRNOG00000055915","Ago1",7.92838296340793
"ENSRNOG00000038572","Ncapg",7.9278836119622
"ENSRNOG00000009795","Nfib",7.92758528340242
"ENSRNOG00000018076","Fmo5",7.92693143175975
"ENSRNOG00000024043","Orc6",7.92647150879772
"ENSRNOG00000047960","Rab9b",7.92636637867508
"ENSRNOG00000013314","Avl9",7.92636479462459
"ENSRNOG00000019186","Tmem53",7.92578626111546
"ENSRNOG00000010959","Klhl25",7.92573223700377
"ENSRNOG00000000540","Btbd9",7.92512890344265
"ENSRNOG00000000244","Coil",7.92495905998916
"ENSRNOG00000010156","Snapc5",7.92492198129371
"ENSRNOG00000020688","Ccdc51",7.92408715335967
"ENSRNOG00000003122","Hdac8",7.92339070818181
"ENSRNOG00000049215","Cbx2",7.92304025017531
"ENSRNOG00000031612","Gls2",7.92302723317684
"ENSRNOG00000007682","Gria3",7.92295711153602
"ENSRNOG00000032150","Adcy2",7.92175353871274
"ENSRNOG00000010950","Cep41",7.92175125499509
"ENSRNOG00000000720","C11h3orf38",7.92103410024219
"ENSRNOG00000020580","Shfl",7.92047002975908
"ENSRNOG00000036649","Pwwp2b",7.91981086683118
"ENSRNOG00000002794","Selp",7.91952987057036
"ENSRNOG00000021158","Nudt22",7.9186158594904
"ENSRNOG00000028768","Gbp4",7.91846013694424
"ENSRNOG00000033434","Casp12",7.91842597218443
"ENSRNOG00000060703","Troap",7.91836763315829
"ENSRNOG00000007678","Zfp263",7.91818585227229
"ENSRNOG00000015538","Abcd2",7.9175725236438
"ENSRNOG00000014375","Adgrb2",7.91712710296438
"ENSRNOG00000032447","Zfp641",7.91693712126266
"ENSRNOG00000000432","Fkbpl",7.91666047023411
"ENSRNOG00000011060","Unc119",7.91650605576061
"ENSRNOG00000026691","Coq4",7.91618204937153
"ENSRNOG00000026277","Zc3h6",7.91558009396083
"ENSRNOG00000018874","Phf19",7.91538803297265
"ENSRNOG00000007430","Slx4ip",7.91526736714337
"ENSRNOG00000006136","Pdpk1",7.91440124498724
"ENSRNOG00000018582","Exosc6",7.9142682981926
"ENSRNOG00000012270","Med26",7.91339893424859
"ENSRNOG00000016279","Zfp865",7.91081541527567
"ENSRNOG00000016225","Fgd3",7.91068297265508
"ENSRNOG00000011455","Slc36a4",7.91006310967069
"ENSRNOG00000009117","Otub2",7.90989266525772
"ENSRNOG00000061147","Entrep1",7.90984989529578
"ENSRNOG00000008766","Grin2b",7.90975252743446
"ENSRNOG00000021669","Mybl1",7.90942746647453
"ENSRNOG00000006940","Ncf4",7.90923327995972
"ENSRNOG00000005960","Vwa5al1",7.90868101065077
"ENSRNOG00000003979","Zranb3",7.90862876584306
"ENSRNOG00000060185","Kansl2",7.90749727932766
"ENSRNOG00000048109","LOC100365839",7.90682528180271
"ENSRNOG00000019463","Mad2l1bp",7.90607193259901
"ENSRNOG00000025252","Yars2",7.90590144921238
"ENSRNOG00000008986","Diaph3",7.90587853001483
"ENSRNOG00000053334","Stmn4",7.90539078870894
"ENSRNOG00000007098","Gtpbp10",7.90365056828619
"ENSRNOG00000049505","Nup43",7.9035036495045
"ENSRNOG00000006999","Dnai4",7.90266883935529
"ENSRNOG00000025454","Rrm2b",7.90245665377965
"ENSRNOG00000026435","Arid3a",7.90140749059992
"ENSRNOG00000004603","Srgap1",7.90036479837019
"ENSRNOG00000014071","Ddb2",7.90005937281381
"ENSRNOG00000005578","Zbtb44",7.89976679894091
"ENSRNOG00000000169","Afg2b",7.89929535322917
"ENSRNOG00000021265","Cds2",7.89883498473119
"ENSRNOG00000026914","Dnah1",7.89854846872113
"ENSRNOG00000042139","Clec4a1",7.89840101112688
"ENSRNOG00000017511","Dcdc2",7.89759660911366
"ENSRNOG00000009478","RGD1359108",7.89748179794246
"ENSRNOG00000009687","Ccdc120",7.8969823380146
"ENSRNOG00000049758","Tbc1d16",7.89518977082743
"ENSRNOG00000000551","Fam241b",7.89505306739906
"ENSRNOG00000018602","Camta1",7.89500050004787
"ENSRNOG00000015113","Mocos",7.89253089581777
"ENSRNOG00000003472","Atp11c",7.89224296242057
"ENSRNOG00000032659","Plcl1",7.89128743707147
"ENSRNOG00000028569","Arhgap27",7.89119661680589
"ENSRNOG00000004772","Cytip",7.89113190001009
"ENSRNOG00000015835","Cacna2d2",7.89101895124456
"ENSRNOG00000024345","Pard3b",7.89037593526969
"ENSRNOG00000029055","Ttk",7.89001906407893
"ENSRNOG00000011799","Ccdc159",7.89000448965634
"ENSRNOG00000036918","Etfbkmt",7.88905399871695
"ENSRNOG00000012292","Alg8",7.88902171485957
"ENSRNOG00000001143","Cit",7.88886221684736
"ENSRNOG00000040040","Ndufaf6",7.88873604835957
"ENSRNOG00000005410","Cdca7l",7.88847133181408
"ENSRNOG00000020803","Meox1",7.88826700519792
"ENSRNOG00000024077","Fbxo5",7.88794190293893
"ENSRNOG00000014751","Ret",7.88792670775983
"ENSRNOG00000014328","Frs3",7.8874604507292
"ENSRNOG00000061215","Crym",7.88558571939613
"ENSRNOG00000007427","Entpd6",7.88522821231745
"ENSRNOG00000017137","Eef1akmt2",7.88443140318886
"ENSRNOG00000018082","Slc26a2",7.88414399575917
"ENSRNOG00000012620","Syngr3",7.88373932399772
"ENSRNOG00000020251","Art1",7.88341369916322
"ENSRNOG00000056148","Nudcd3",7.88314484432675
"ENSRNOG00000027988","Zhx3",7.88071491594076
"ENSRNOG00000008416","Gimap5",7.88065954093968
"ENSRNOG00000012347","Gata2",7.88037460796201
"ENSRNOG00000038200","Rttn",7.88030086314466
"ENSRNOG00000053706","Lonrf1",7.87971259480638
"ENSRNOG00000011445","Nkain1",7.87963819117063
"ENSRNOG00000020165","Ahsp",7.87926241195727
"ENSRNOG00000020155","Mapk8",7.8783891528972
"ENSRNOG00000020295","Plekhn1",7.87783000851288
"ENSRNOG00000007759","Foxd2",7.87753518391806
"ENSRNOG00000024557","Cep112",7.87679661263834
"ENSRNOG00000018381","Cdkal1",7.87676192436528
"ENSRNOG00000030726","Asgr2",7.87641475967527
"ENSRNOG00000014801","Exog",7.87637174513383
"ENSRNOG00000016326","Cx3cl1",7.87578084355448
"ENSRNOG00000020274","Taf5",7.87569995114548
"ENSRNOG00000007546","Asns",7.87524329148681
"ENSRNOG00000001915","Chodl",7.87346497605122
"ENSRNOG00000019570","Gng3",7.87346151644812
"ENSRNOG00000019677","Arid3b",7.87340369167815
"ENSRNOG00000017017","Zbtb43",7.87330906156317
"ENSRNOG00000019508","Wars2",7.87273096162418
"ENSRNOG00000001691","Cldn14",7.87233507076002
"ENSRNOG00000017528","Gpr157",7.87233493253128
"ENSRNOG00000021469","Ccdc14",7.8716990938395
"ENSRNOG00000059057","Shld2",7.87104059779208
"ENSRNOG00000001758","Dynlt2b",7.87086886505042
"ENSRNOG00000052959","Zscan12",7.87086371536243
"ENSRNOG00000009595","Zbtb48",7.87009381589133
"ENSRNOG00000028335","Fat4",7.86952233401426
"ENSRNOG00000021735","Akr1c8",7.86922955399404
"ENSRNOG00000030091","Dusp14",7.86892438948044
"ENSRNOG00000060689","Parp11",7.86887356857681
"ENSRNOG00000020743","Cyp2s1",7.86874885694858
"ENSRNOG00000000237","C10h17orf75",7.86874799318536
"ENSRNOG00000007999","Abra",7.86841773459204
"ENSRNOG00000000158","Cdo1",7.86782802606429
"ENSRNOG00000002041","Boc",7.86730957971516
"ENSRNOG00000007214","Oma1",7.86727862978972
"ENSRNOG00000015980","Dclre1c",7.86532188390025
"ENSRNOG00000031661","Zfp839",7.86416418042109
"ENSRNOG00000017820","Nqo2",7.8636478345869
"ENSRNOG00000061862","Zbtb10",7.86288511558259
"ENSRNOG00000015550","Ptgds",7.86274982137687
"ENSRNOG00000010478","Serpina3l",7.86268704369083
"ENSRNOG00000007849","Zmat5",7.86268620919376
"ENSRNOG00000001124","Rnft2",7.86259713025175
"ENSRNOG00000022609","Mrps10",7.8625284863764
"ENSRNOG00000049772","Gemin7",7.86248446886262
"ENSRNOG00000009564","Prr15",7.86219537914715
"ENSRNOG00000032261","Cyp2d4",7.86135494213148
"ENSRNOG00000007032","Amigo2",7.86034633563269
"ENSRNOG00000009114","Fam110b",7.86001330098931
"ENSRNOG00000001599","Rwdd2b",7.85994850034959
"ENSRNOG00000010896","Tprn",7.85974912899635
"ENSRNOG00000009258","Cdk6",7.85764330094913
"ENSRNOG00000003260","Nr1i3",7.85677272956895
"ENSRNOG00000003081","Ribc1",7.85615944190067
"ENSRNOG00000008978","Trmt12",7.85604589306526
"ENSRNOG00000037085","Xirp1",7.85595414404541
"ENSRNOG00000021903","Atad5",7.85586306398721
"ENSRNOG00000058681","Tsga10",7.85566085430829
"ENSRNOG00000012634","Fbxo10",7.85550596776714
"ENSRNOG00000029966","Xrcc4",7.85483996607933
"ENSRNOG00000015667","Epcam",7.8546694866883
"ENSRNOG00000014673","Eri2",7.85441145448374
"ENSRNOG00000010149","Cmc1",7.85435043436643
"ENSRNOG00000005135","Bclaf3",7.85419292933141
"ENSRNOG00000037299","Smpd5",7.85404103124088
"ENSRNOG00000014592","Zbtb46",7.8537140608634
"ENSRNOG00000059458","Tbc1d22b",7.85308841777499
"ENSRNOG00000023985","Fan1",7.85247905165437
"ENSRNOG00000006365","Asb15",7.85173082463783
"ENSRNOG00000004305","Abl2",7.85164210912588
"ENSRNOG00000009912","Fgr",7.85064302024779
"ENSRNOG00000023628","Tmem106a",7.84976185623217
"ENSRNOG00000024566","Sh3d21",7.84926763476018
"ENSRNOG00000052134","Pigy",7.84904171592234
"ENSRNOG00000002241","Hspbap1",7.8489405351282
"ENSRNOG00000008664","Ncl-ps1",7.84891374998571
"ENSRNOG00000014805","Wrap73",7.84853995636015
"ENSRNOG00000012924","Nemp2",7.8479838717765
"ENSRNOG00000048849","Pdss1",7.84787401166604
"ENSRNOG00000011068","Papss2",7.8473595476818
"ENSRNOG00000019168","Nxt2",7.84722359963183
"ENSRNOG00000020505","Map4k1",7.84668438077677
"ENSRNOG00000001736","Bdh1",7.84592575385385
"ENSRNOG00000017974","Gprin1",7.84569562493474
"ENSRNOG00000009350","Sez6",7.84550523667147
"ENSRNOG00000018400","Golm1",7.8454291749568
"ENSRNOG00000000166","Apex2",7.8454107332493
"ENSRNOG00000023923","Fastkd2",7.84535501207972
"ENSRNOG00000021013","Stx3",7.84509560475012
"ENSRNOG00000007477","Edn3",7.84475299138041
"ENSRNOG00000046969","Ubxn7",7.84381973401158
"ENSRNOG00000003802","Pttg1",7.84322470721374
"ENSRNOG00000030616","Slc25a45",7.84287325250846
"ENSRNOG00000037225","Tyms",7.84283221321882
"ENSRNOG00000012810","Rfesd",7.84266267056989
"ENSRNOG00000012584","Aamdc",7.84220647490163
"ENSRNOG00000007285","Tp53rkb",7.84164556896533
"ENSRNOG00000023262","Cenpm",7.84157393141009
"ENSRNOG00000029470","Tp53rka",7.84152178422405
"ENSRNOG00000004823","Dock4",7.84110557889685
"ENSRNOG00000027249","Fancl",7.84076281739536
"ENSRNOG00000026060","Arsi",7.84076090237586
"ENSRNOG00000019318","Syt3",7.8407496380479
"ENSRNOG00000000529","Pim1",7.84009057991457
"ENSRNOG00000003984","Apln",7.839759289087
"ENSRNOG00000037620","Mob3c",7.83953634090331
"ENSRNOG00000010241","Ift25",7.83889183558387
"ENSRNOG00000007970","Plxnc1",7.83879126135515
"ENSRNOG00000046922","Phactr4",7.83877893874886
"ENSRNOG00000019390","Klhl40",7.83818500562448
"ENSRNOG00000003245","Cacng1",7.83775508203396
"ENSRNOG00000004332","Egfr",7.83746849545521
"ENSRNOG00000052038","Haus8",7.83745760459597
"ENSRNOG00000027747","Ninl",7.83688372865764
"ENSRNOG00000013306","Pcdh20",7.83670643811697
"ENSRNOG00000023261","Ube2q2l",7.83653311596839
"ENSRNOG00000008706","Tbx3",7.8364561685302
"ENSRNOG00000028108","Cytl1",7.83641159150222
"ENSRNOG00000002474","Tom1l1",7.83621996596067
"ENSRNOG00000052232","Cyb561d1",7.83607762507061
"ENSRNOG00000000699","Selplg",7.8357758919593
"ENSRNOG00000033579","Glt8d2",7.83520474816762
"ENSRNOG00000002753","Adam11",7.83456082244485
"ENSRNOG00000007989","Chst1",7.83414269506732
"ENSRNOG00000013738","C18h5orf63",7.83392356915239
"ENSRNOG00000025864","Lemd2",7.8338672732818
"ENSRNOG00000011263","Plac9",7.83377155218447
"ENSRNOG00000019376","Zfp329",7.83360087628546
"ENSRNOG00000025030","Dffb",7.83303761056465
"ENSRNOG00000021359","Mtfr1",7.83244389625418
"ENSRNOG00000003831","Tdp1",7.83154765713317
"ENSRNOG00000016595","Hhex",7.83147928789689
"ENSRNOG00000059442","Pde12",7.83137865231981
"ENSRNOG00000001094","Zfp316",7.83044831697112
"ENSRNOG00000019363","Inka1",7.83009069920365
"ENSRNOG00000010397","Agbl3",7.82986098294461
"ENSRNOG00000043465","Arc",7.8283550364213
"ENSRNOG00000000383","Mypn",7.82770859850627
"ENSRNOG00000022807","Pced1b",7.82720118688793
"ENSRNOG00000059140","Myo1g",7.82718717098082
"ENSRNOG00000003947","Ntn1",7.82660537536661
"ENSRNOG00000002653","Kcnk2",7.82644953255446
"ENSRNOG00000016243","Casq2",7.82539064333175
"ENSRNOG00000003100","Dusp12",7.82490976003346
"ENSRNOG00000045948","Arl10",7.82464738666332
"ENSRNOG00000016196","Dlgap1",7.82407905607896
"ENSRNOG00000003832","Vash2",7.82394243124688
"ENSRNOG00000057823","Ubc",7.82371254497184
"ENSRNOG00000048978","Nphp3",7.82224151707697
"ENSRNOG00000011720","L3mbtl3",7.82127272186107
"ENSRNOG00000006441","Zbtb25",7.8209921287728
"ENSRNOG00000019858","Rom1",7.8203012636521
"ENSRNOG00000025051","Tal1",7.82004856896389
"ENSRNOG00000024012","Pex10",7.81988905024098
"ENSRNOG00000010919","Mbd4",7.81988166446613
"ENSRNOG00000002372","Sgcd",7.81982717094874
"ENSRNOG00000011059","Ttbk2",7.81920628478765
"ENSRNOG00000012866","Nek8",7.81851303579983
"ENSRNOG00000056716","Zbtb20",7.81846369732009
"ENSRNOG00000052880","Prph",7.81842634643305
"ENSRNOG00000049517","Tnfaip3",7.8178768771514
"ENSRNOG00000047741","E2f2",7.8177934307262
"ENSRNOG00000007127","Bbs5",7.81761428374664
"ENSRNOG00000029195","Uba7",7.81760638407419
"ENSRNOG00000008628","Ica1",7.81651739482195
"ENSRNOG00000019704","Resp18",7.8162517414972
"ENSRNOG00000059507","Lamc3",7.81515687392328
"ENSRNOG00000017954","Prelid3a",7.81374087708707
"ENSRNOG00000013027","Ralgdsl3",7.81339340675958
"ENSRNOG00000024468","Traf3ip1",7.81299472849113
"ENSRNOG00000016910","Ralgps1",7.81269415089835
"ENSRNOG00000005879","Maml2",7.81242263408828
"ENSRNOG00000013886","Fyb1",7.81187685246216
"ENSRNOG00000030374","Lsm6l1",7.81177119429383
"ENSRNOG00000017889","Serac1",7.81163440090064
"ENSRNOG00000019019","Fitm1",7.81157392241686
"ENSRNOG00000023411","Vsig10l",7.81114242779469
"ENSRNOG00000052140","Ogg1",7.81098644607938
"ENSRNOG00000050347","Ptges3l",7.81092505258826
"ENSRNOG00000011162","Smco4",7.81039834289032
"ENSRNOG00000012685","Adck1",7.81036820532147
"ENSRNOG00000005214","Plek",7.80819714990177
"ENSRNOG00000020957","Igflr1",7.80762868460873
"ENSRNOG00000003209","Pcp4l1",7.80718732883161
"ENSRNOG00000001198","Fam222a",7.80711437091517
"ENSRNOG00000013218","Sap30",7.80710474120857
"ENSRNOG00000007805","Mybl2",7.80693567831241
"ENSRNOG00000016873","Msrb2",7.80692459334679
"ENSRNOG00000019486","Trpv1",7.80677844097025
"ENSRNOG00000027540","Eeig2",7.8060436321398
"ENSRNOG00000008101","Lyset",7.80594379203119
"ENSRNOG00000039971","Ctla2a",7.80533152935772
"ENSRNOG00000013048","Pde7a",7.80524738657221
"ENSRNOG00000047545","Adra2a",7.80521193214823
"ENSRNOG00000028685","Shf",7.80519976525757
"ENSRNOG00000005302","Slc2a9",7.80516657782276
"ENSRNOG00000021474","Siglec5",7.80488020310081
"ENSRNOG00000028460","Lrrc8e",7.80390500863927
"ENSRNOG00000016998","Atxn1",7.8029074420039
"ENSRNOG00000023129","Mfsd9",7.80275294974855
"ENSRNOG00000013279","Scd3",7.7995413049027
"ENSRNOG00000015810","Trip13",7.79901617309537
"ENSRNOG00000001335","Zkscan1",7.79892452737863
"ENSRNOG00000011260","Cmbl",7.79876498575993
"ENSRNOG00000032443","Lmod3",7.79869713549806
"ENSRNOG00000028403","Ptcd2",7.79868661877849
"ENSRNOG00000023403","Gtpbp3",7.79853893114615
"ENSRNOG00000004781","Crmp1",7.79839163711825
"ENSRNOG00000004890","Adcy8",7.7982819825948
"ENSRNOG00000011363","Napepld",7.79826051944384
"ENSRNOG00000049942","C16h10orf71",7.7966993193286
"ENSRNOG00000005393","Sertad2",7.79659829209488
"ENSRNOG00000012664","Polr1e",7.79646853170676
"ENSRNOG00000014327","Csrp3",7.79642772470118
"ENSRNOG00000060175","Tsen2",7.79641957561106
"ENSRNOG00000015822","Klf13",7.79625000461015
"ENSRNOG00000013202","Akap7",7.79505063846692
"ENSRNOG00000013729","Kiaa1549",7.79453321524317
"ENSRNOG00000007292","Spdl1",7.79448427250495
"ENSRNOG00000059322","N4bp2l1",7.79391548627789
"ENSRNOG00000020670","Atrip",7.7938474991091
"ENSRNOG00000018262","Ampd3",7.7937844108169
"ENSRNOG00000015902","Cpxm2",7.7932230639345
"ENSRNOG00000005099","Top3a",7.79286063128474
"ENSRNOG00000007189","Ttc22",7.79171825926229
"ENSRNOG00000029996","Eef1a1l2",7.79167083744038
"ENSRNOG00000016780","Kiaa1958",7.79133713960709
"ENSRNOG00000016167","Spata2L",7.79094976916737
"ENSRNOG00000011639","Mrpl47",7.79067001535805
"ENSRNOG00000002012","Donson",7.790549616186
"ENSRNOG00000017606","P2rx1",7.7903616567588
"ENSRNOG00000001081","Ogfod2",7.78954585629849
"ENSRNOG00000059008","Socs7",7.78946012178836
"ENSRNOG00000032768","Stxbp4",7.78917310773587
"ENSRNOG00000011550","Kcnab2",7.78889838841551
"ENSRNOG00000010650","Plekhh1",7.78842673847062
"ENSRNOG00000059510","Amph",7.78794330638729
"ENSRNOG00000000920","Phkg1",7.78686345324961
"ENSRNOG00000000407","Dcbld1",7.78619639855652
"ENSRNOG00000020676","Ppp1r14a",7.7858545056813
"ENSRNOG00000022868","Ell3",7.78563924051431
"ENSRNOG00000032192","Cfap97",7.7844376917214
"ENSRNOG00000006079","Psd4",7.78318221507617
"ENSRNOG00000005575","Abi3",7.78312233334014
"ENSRNOG00000009957","Slc25a13",7.78283407170934
"ENSRNOG00000013598","Melk",7.78178791311055
"ENSRNOG00000017321","Trub1",7.78132648848053
"ENSRNOG00000047014","Homer1",7.78124471601596
"ENSRNOG00000007327","Pars2",7.78123248844181
"ENSRNOG00000001241","Iqce",7.78121773506353
"ENSRNOG00000001584","Map3k7cl",7.78119971046945
"ENSRNOG00000025634","Zfhx2",7.78096134605736
"ENSRNOG00000016224","Meak7",7.77935753391195
"ENSRNOG00000015157","Smtnl2",7.77876333165776
"ENSRNOG00000058497","Fdxr",7.77808024418933
"ENSRNOG00000059059","Skp2",7.77746355060417
"ENSRNOG00000007331","Rragd",7.77733182164794
"ENSRNOG00000015794","Fam83d",7.77675581432648
"ENSRNOG00000006631","Sema3e",7.77674661395569
"ENSRNOG00000012324","Mtcl3",7.77655196504644
"ENSRNOG00000003187","Armcx5",7.77641229302946
"ENSRNOG00000037331","Cd33",7.77626862831838
"ENSRNOG00000050562","Zfp449",7.77570257008185
"ENSRNOG00000057622","Rbm41",7.77569981014112
"ENSRNOG00000013170","Il13ra1",7.77493756471651
"ENSRNOG00000001680","Riox2",7.77459249063845
"ENSRNOG00000018379","Zfp688",7.7740886233671
"ENSRNOG00000051006","Ufsp1",7.77392960903491
"ENSRNOG00000038330","C2h4orf33",7.7734881951827
"ENSRNOG00000052376","Bend6",7.77183320436829
"ENSRNOG00000027954","Cdh15",7.77145562497328
"ENSRNOG00000016351","Frrs1",7.77143259572909
"ENSRNOG00000009084","Rpusd3",7.77111667759197
"ENSRNOG00000014503","Celf4",7.77089308929253
"ENSRNOG00000059618","Scarf1",7.77027518914251
"ENSRNOG00000018217","Syt5",7.76992539813879
"ENSRNOG00000036876","Faap20",7.76969421449354
"ENSRNOG00000023969","Herc6",7.76945936741034
"ENSRNOG00000020833","Cspg5",7.76899841892281
"ENSRNOG00000014443","Pde5a",7.7689235566962
"ENSRNOG00000023812","Raver2",7.76789170984249
"ENSRNOG00000004198","Stxbp6",7.76707240285636
"ENSRNOG00000021765","Gli4",7.76682129494687
"ENSRNOG00000011530","Mindy4",7.76635782879466
"ENSRNOG00000032364","Tbcel",7.76546011862918
"ENSRNOG00000008759","Csf3r",7.76507375396073
"ENSRNOG00000017858","Tsr3",7.76490711275313
"ENSRNOG00000046445","Rcor3",7.76468821565394
"ENSRNOG00000002073","Brdt",7.7640408724834
"ENSRNOG00000008831","Hcn2",7.76310422424932
"ENSRNOG00000020342","Samd11",7.76310136559793
"ENSRNOG00000060936","Ikbkg",7.76280912704733
"ENSRNOG00000015603","Prkce",7.76277429970691
"ENSRNOG00000046245","Marchf9",7.76247707260308
"ENSRNOG00000006663","Usp2",7.76245704867841
"ENSRNOG00000056184","Lrp2",7.76237787040717
"ENSRNOG00000008034","Tmeff1",7.76176389989211
"ENSRNOG00000000145","Pik3r3",7.761302248139
"ENSRNOG00000052445","Kdm7a",7.76078188111472
"ENSRNOG00000014948","Osgin1",7.75880077757745
"ENSRNOG00000012322","Pex7",7.75845759088107
"ENSRNOG00000022953","Ccdc163",7.7578565351748
"ENSRNOG00000019519","Idnk",7.75773546562673
"ENSRNOG00000043068","Tipin",7.75729510227637
"ENSRNOG00000026023","Taf4b",7.75716101924553
"ENSRNOG00000002323","Chmp1b2",7.75694953675013
"ENSRNOG00000015599","Mall",7.75684399065824
"ENSRNOG00000046667","Fosb",7.75625601287248
"ENSRNOG00000057616","Ptch2",7.75561296392427
"ENSRNOG00000048949","Elovl6",7.75557719297293
"ENSRNOG00000001754","Wdr53",7.75526194430329
"ENSRNOG00000060729","Qtrt2",7.75470151001559
"ENSRNOG00000002227","Kit",7.75410144449143
"ENSRNOG00000007006","Slc3a1",7.7539322183266
"ENSRNOG00000042182","Mroh2a",7.75387523637285
"ENSRNOG00000046643","Cyp3a9",7.75380054217263
"ENSRNOG00000027742","Adamtsl2",7.75309643123874
"ENSRNOG00000023093","Mis18bp1",7.75296941519407
"ENSRNOG00000019120","Hmgcs2",7.75235108373455
"ENSRNOG00000028814","Oasl2",7.75218310710087
"ENSRNOG00000007426","Tmem64",7.75190253849429
"ENSRNOG00000048193","Hnrnph3",7.75165341119811
"ENSRNOG00000002428","Lpar4",7.75136424443803
"ENSRNOG00000017702","Gpld1",7.75113489347643
"ENSRNOG00000026745","Acsl6",7.75009213287321
"ENSRNOG00000016683","Zfp668",7.74985383236642
"ENSRNOG00000006167","Rasal3",7.74883855830043
"ENSRNOG00000005390","Nup210",7.74826664716491
"ENSRNOG00000059878","Rad51ap1",7.74825874355107
"ENSRNOG00000013661","Kif26a",7.74774770159861
"ENSRNOG00000018063","Rad1",7.74712853124042
"ENSRNOG00000011483","S100a9",7.74686749633505
"ENSRNOG00000014193","Lig1",7.74649714592497
"ENSRNOG00000005659","Aurkb",7.74595267326176
"ENSRNOG00000010240","Tent5a",7.74583726006426
"ENSRNOG00000051868","Zfpl",7.74530594833509
"ENSRNOG00000032846","Cdpf1",7.74466201312519
"ENSRNOG00000020701","Brca1",7.74376248046566
"ENSRNOG00000013148","Rad54l",7.74218957361302
"ENSRNOG00000042869","Atp5mkl1",7.74186010018745
"ENSRNOG00000022071","Itga2b",7.74126849785654
"ENSRNOG00000010636","Coa7",7.74090871010766
"ENSRNOG00000010688","Nrgn",7.74062904868996
"ENSRNOG00000029862","Spc24",7.7396635926557
"ENSRNOG00000012439","Bid",7.73888787433089
"ENSRNOG00000015593","Sigirr",7.73870367632715
"ENSRNOG00000007158","Qtrt1",7.73849438319349
"ENSRNOG00000020903","Lto1",7.73825572708547
"ENSRNOG00000008234","Lrrc61",7.73772027065186
"ENSRNOG00000038366","Larp1b",7.73769426370127
"ENSRNOG00000021745","Bhlhe22",7.73751727175828
"ENSRNOG00000009571","Wipf3",7.73724249758371
"ENSRNOG00000060100","Knl1",7.73665982283743
"ENSRNOG00000030467","Ube2l6",7.7362657630923
"ENSRNOG00000025079","Hycc2",7.73606074294913
"ENSRNOG00000016636","Lpin3",7.73601635894193
"ENSRNOG00000026049","Qrsl1",7.73588761645231
"ENSRNOG00000028176","Elmod2",7.73583498691974
"ENSRNOG00000060460","Clec1a",7.73548204931077
"ENSRNOG00000013390","Kbtbd8",7.73535333508597
"ENSRNOG00000006131","Mettl2",7.73531672936258
"ENSRNOG00000015383","Asxl3",7.73516827903516
"ENSRNOG00000014513","Rexo5",7.73450835018502
"ENSRNOG00000043300","Enho",7.73421311423742
"ENSRNOG00000004787","Elp4",7.73396105148579
"ENSRNOG00000048050","Tmem120b",7.73387757943029
"ENSRNOG00000009930","Pigo",7.73311007736351
"ENSRNOG00000011316","Fam167a",7.73301895740832
"ENSRNOG00000017165","Akr1e2",7.73257620934747
"ENSRNOG00000008223","Cnr1",7.73242496494237
"ENSRNOG00000059350","Ppp1r3a",7.7313317857061
"ENSRNOG00000001516","Rapgef4",7.73121969668317
"ENSRNOG00000007246","Atxn7",7.73094620603978
"ENSRNOG00000001232","Slc19a1",7.73046400342997
"ENSRNOG00000029956","Zfp654",7.73001391154856
"ENSRNOG00000016058","Kazald1",7.72998146552034
"ENSRNOG00000003784","Rilp",7.72995587908323
"ENSRNOG00000019484","Slc6a9",7.72912730383846
"ENSRNOG00000000704","Cmklr1",7.72844347644655
"ENSRNOG00000015347","Trim45",7.72831261691541
"ENSRNOG00000010941","Tifa",7.72728099908553
"ENSRNOG00000049236","Myh9",7.72726132238062
"ENSRNOG00000020029","Mcrip2",7.72534429112334
"ENSRNOG00000026679","Scn4b",7.72473841796188
"ENSRNOG00000006231","Ptpro",7.72446589155797
"ENSRNOG00000038789","Cenpl",7.72412558210815
"ENSRNOG00000017581","C2h5orf34",7.72372055281262
"ENSRNOG00000042691","Armc7",7.72320211762481
"ENSRNOG00000009539","Khdrbs3",7.72265856742538
"ENSRNOG00000004650","Begain",7.72261104611836
"ENSRNOG00000013920","Arhgap26",7.72238307658136
"ENSRNOG00000021287","Hexim2",7.72109026356546
"ENSRNOG00000048929","Whr1",7.72000785028847
"ENSRNOG00000017403","Apobr",7.7199581492005
"ENSRNOG00000010100","Tyw5",7.71985482179658
"ENSRNOG00000017625","Htr2b",7.71964319680264
"ENSRNOG00000047439","Pot1b",7.71914799808917
"ENSRNOG00000057855","F5",7.71903857739071
"ENSRNOG00000009656","Rspo1",7.71903147646654
"ENSRNOG00000001707","Vwa5b2",7.7188693554858
"ENSRNOG00000011101","Twist1",7.71689869474865
"ENSRNOG00000019962","Sars2",7.7163343085526
"ENSRNOG00000028328","Tyw3",7.71562074987343
"ENSRNOG00000033531","Cacna2d1",7.71440081215519
"ENSRNOG00000005522","Sh3yl1",7.71425150716908
"ENSRNOG00000006700","Ntaq1",7.71400561167245
"ENSRNOG00000005058","Lpcat4",7.71373908952201
"ENSRNOG00000027030","Adm",7.71358725826672
"ENSRNOG00000004059","Ptrhd1",7.71318782692557
"ENSRNOG00000001425","Sh2b2",7.71213882085476
"ENSRNOG00000033338","Gimap6",7.71202910402004
"ENSRNOG00000018830","Aff3",7.71198424187889
"ENSRNOG00000020839","Lrfn3",7.71125872423139
"ENSRNOG00000010812","Osbpl6",7.71085011371066
"ENSRNOG00000013257","Hecw2",7.71065558866956
"ENSRNOG00000033051","Slc22a15",7.71038616744723
"ENSRNOG00000050767","Nrn1",7.70977501387931
"ENSRNOG00000010205","Mturn",7.70844896111733
"ENSRNOG00000056697","Kcnab1",7.70593264369973
"ENSRNOG00000002511","Flt4",7.70562248568432
"ENSRNOG00000061139","Taf1a",7.70561438437344
"ENSRNOG00000016863","Pnma8b",7.7046139976719
"ENSRNOG00000005229","Sec16b",7.70356473648913
"ENSRNOG00000019267","Dkk4",7.7033643649162
"ENSRNOG00000039759","Gpr34",7.70289070557472
"ENSRNOG00000029893","Rwdd3",7.70283657163253
"ENSRNOG00000012141","Xrcc3",7.70275943577351
"ENSRNOG00000030719","Csmd1",7.70207247292107
"ENSRNOG00000001971","Bbx",7.70180767309175
"ENSRNOG00000015641","Exoc3l1",7.70174367034156
"ENSRNOG00000015645","Rnf138",7.69932109097913
"ENSRNOG00000015622","Fbxo4",7.69895886066043
"ENSRNOG00000001704","Runx1",7.69855095128422
"ENSRNOG00000000595","Traf3ip2",7.69846731548098
"ENSRNOG00000011947","Tifab",7.69809674278491
"ENSRNOG00000061857","Mgst2",7.6979152977608
"ENSRNOG00000028247","Ankrd13d",7.69700210855432
"ENSRNOG00000038459","Ulk3",7.6960000753249
"ENSRNOG00000017102","Cmtr2",7.69527351832496
"ENSRNOG00000001389","Irs3",7.6950340785884
"ENSRNOG00000054860","Clec12a",7.69315415962856
"ENSRNOG00000015916","Ttc38",7.69286679127423
"ENSRNOG00000012447","Setd6",7.69211279291386
"ENSRNOG00000057815","Ccdc191",7.69168466025649
"ENSRNOG00000015063","Dhodh",7.69122380322061
"ENSRNOG00000001908","Klhl6",7.69082922478259
"ENSRNOG00000026958","Cyren",7.6906796007006
"ENSRNOG00000028910","Ccdc9b",7.69051742087176
"ENSRNOG00000019265","Pcdh12",7.68963218343433
"ENSRNOG00000005650","Pgf",7.68934516548542
"ENSRNOG00000029064","Zcchc4",7.68859143607302
"ENSRNOG00000016405","Pcsk4",7.68857087304265
"ENSRNOG00000007864","Vrk2",7.68853782515186
"ENSRNOG00000009523","Rab11fip2",7.68811457649036
"ENSRNOG00000029866","Dennd6b",7.68807395986873
"ENSRNOG00000037645","Tceal7",7.68765033812142
"ENSRNOG00000052096","Cox11",7.68739352675836
"ENSRNOG00000060123","Kifc2",7.68662768506676
"ENSRNOG00000020562","Slc22a18",7.68657055371842
"ENSRNOG00000060626","Polk",7.68656796353114
"ENSRNOG00000010797","Esm1",7.68640209912959
"ENSRNOG00000012098","Adcyap1r1",7.68496788950136
"ENSRNOG00000019271","Ulk4",7.68455695729328
"ENSRNOG00000016491","Fam110d",7.68454841940162
"ENSRNOG00000027901","Mrm1",7.6845089589546
"ENSRNOG00000009965","Pih1d2",7.68450032308233
"ENSRNOG00000048462","Plin3",7.68395804217514
"ENSRNOG00000002291","Brwd3",7.6836038201596
"ENSRNOG00000033496","Igdcc4",7.68336141468921
"ENSRNOG00000015516","Zng1a",7.68180906423768
"ENSRNOG00000019950","Peli3",7.68096071308247
"ENSRNOG00000009848","Il18",7.68095307200131
"ENSRNOG00000042137","Sting1",7.67975831224449
"ENSRNOG00000013238","Tmem14a",7.67860564453748
"ENSRNOG00000002339","Mark1",7.67827281469732
"ENSRNOG00000000598","Tube1",7.67785401539051
"ENSRNOG00000051756","Zfp62",7.67785292612017
"ENSRNOG00000007947","Fam13a",7.67654200245523
"ENSRNOG00000007611","Hoxb7",7.67643494872353
"ENSRNOG00000024824","Col22a1",7.67583596312741
"ENSRNOG00000000373","Ctnna3",7.67545688830513
"ENSRNOG00000005243","Pop1",7.67389135919713
"ENSRNOG00000012709","Bag2",7.67383926153522
"ENSRNOG00000017233","Mmachc",7.67378036481089
"ENSRNOG00000005366","Fam98b",7.67326691755525
"ENSRNOG00000029386","RT1-N2",7.6731323254214
"ENSRNOG00000011566","Cecr2",7.67296029677256
"ENSRNOG00000012604","Swsap1",7.6721973373961
"ENSRNOG00000049937","Pdxk",7.67181306446914
"ENSRNOG00000016932","Simc1",7.67170542371974
"ENSRNOG00000026408","Rnf169",7.67093615112286
"ENSRNOG00000018870","Hapln2",7.66997115585036
"ENSRNOG00000024312","Xkr8",7.66957633623981
"ENSRNOG00000006871","Slc25a14",7.6695424477003
"ENSRNOG00000003895","Rgs1",7.66758845642538
"ENSRNOG00000027736","Cnn1",7.66722938909675
"ENSRNOG00000022796","Fgfbp3",7.66686513919068
"ENSRNOG00000003439","Il15",7.66595847294328
"ENSRNOG00000003596","Itgb1bp2",7.66577261060837
"ENSRNOG00000002181","Helq",7.66567512566608
"ENSRNOG00000055608","Zfp94l1",7.66529469554662
"ENSRNOG00000032232","Snrpgl1",7.66509685521445
"ENSRNOG00000048553","Iqcc",7.66492071480025
"ENSRNOG00000056956","Thap1",7.66492006206213
"ENSRNOG00000012723","Trim55",7.66484347555173
"ENSRNOG00000019976","Spata24",7.66477740593298
"ENSRNOG00000016342","Atg10",7.66473991440781
"ENSRNOG00000023400","Dtx3l",7.66394106705229
"ENSRNOG00000006684","Zfp317",7.66381552785863
"ENSRNOG00000013721","Nepro",7.66343100612443
"ENSRNOG00000021209","Polr3gl",7.66305024909476
"ENSRNOG00000007655","Zfp174",7.66270617771794
"ENSRNOG00000019825","Zdhhc24",7.66261148969052
"ENSRNOG00000030109","Kpna5",7.66196476150877
"ENSRNOG00000012989","Serinc2",7.66190391787791
"ENSRNOG00000013290","Nrip3",7.66169681150823
"ENSRNOG00000045543","Frat2",7.66124290722137
"ENSRNOG00000002783","Serpinc1",7.66090948596049
"ENSRNOG00000028329","Zfp438",7.6608542173284
"ENSRNOG00000009253","Igsf9b",7.66049945453616
"ENSRNOG00000058337","Plcb2",7.66049189465134
"ENSRNOG00000026913","Bbs10",7.65996839629123
"ENSRNOG00000008365","Hoxb2",7.65988476821052
"ENSRNOG00000012049","Sox7",7.65938518792405
"ENSRNOG00000027697","Nmnat2",7.65929437061488
"ENSRNOG00000009431","Tbc1d4",7.65899405276369
"ENSRNOG00000018576","Rcan3",7.65879261364902
"ENSRNOG00000018886","Prxl2c",7.65753518772755
"ENSRNOG00000019518","Pde4c",7.65744836056005
"ENSRNOG00000004842","Dnajc24",7.65583066284114
"ENSRNOG00000018297","Marveld2",7.65573487292911
"ENSRNOG00000037690","Sertad3",7.65555789054345
"ENSRNOG00000014859","Rnf152",7.6555121808247
"ENSRNOG00000018267","B3gnt7",7.65506905093269
"ENSRNOG00000014089","Map3k2",7.65331532351529
"ENSRNOG00000036719","Samd10",7.65289717926807
"ENSRNOG00000009096","Pon3",7.65175659253101
"ENSRNOG00000014722","Raph1",7.65134736066262
"ENSRNOG00000004140","Pacrgl",7.65087006659394
"ENSRNOG00000022769","Sp100",7.65047468552544
"ENSRNOG00000045846","Rfx2",7.65019833978076
"ENSRNOG00000054515","Fgd6",7.6497911206234
"ENSRNOG00000003332","Nt5m",7.64944863920709
"ENSRNOG00000025042","Pde3a",7.64937811468799
"ENSRNOG00000009471","Epsti1",7.64886818596421
"ENSRNOG00000027436","Zfp324",7.64855374861975
"ENSRNOG00000024479","Klhl34",7.6481602083184
"ENSRNOG00000006519","Tmem107",7.6480747025865
"ENSRNOG00000003650","Nt5c",7.64758321946521
"ENSRNOG00000058724","Thap6",7.64729624584035
"ENSRNOG00000016543","Trim63",7.64702533207796
"ENSRNOG00000020828","Pde4a",7.64646981895705
"ENSRNOG00000009250","Pts",7.64637001694883
"ENSRNOG00000047143","Fkbp1b",7.64629440501695
"ENSRNOG00000005886","Zscan20",7.64565843510027
"ENSRNOG00000037198","Usp18",7.6452492651087
"ENSRNOG00000015825","Aurkc",7.64484008873817
"ENSRNOG00000005807","Ptpn7",7.64387037175616
"ENSRNOG00000001245","Pcbp3",7.64327899178029
"ENSRNOG00000000634","Cabcoco1",7.64315154987545
"ENSRNOG00000032446","Recql4",7.64293809878382
"ENSRNOG00000047300","Bdkrb2",7.64249638720912
"ENSRNOG00000026286","Nhlrc1",7.64190462058903
"ENSRNOG00000012481","Ppm1j",7.64159361793523
"ENSRNOG00000050204","Naif1",7.64097669729255
"ENSRNOG00000051915","Spred3",7.64075340442306
"ENSRNOG00000022570","Pus7l",7.64051522159694
"ENSRNOG00000033110","Svep1",7.64049532646522
"ENSRNOG00000059276","Firrm",7.63989395814439
"ENSRNOG00000005115","Asf1b",7.63953731655542
"ENSRNOG00000005697","Slc6a11",7.6391308616574
"ENSRNOG00000015003","Pex11a",7.63889648521483
"ENSRNOG00000025428","Rp2",7.63871243690023
"ENSRNOG00000010957","Braf",7.6385480306374
"ENSRNOG00000006996","Mms22l",7.63803431484834
"ENSRNOG00000019174","Chtf18",7.63792207859611
"ENSRNOG00000005082","Irf6",7.63709785294608
"ENSRNOG00000000728","Clic2",7.63704632135362
"ENSRNOG00000039076","Spaca6",7.63660744713161
"ENSRNOG00000016888","Pask",7.63613891244181
"ENSRNOG00000052486","Kcna6",7.63593978525474
"ENSRNOG00000059750","C2h1orf54",7.63542861089643
"ENSRNOG00000028581","Ccdc138",7.63532584776988
"ENSRNOG00000033015","LOC100910150",7.63466365117162
"ENSRNOG00000027869","Sox5",7.63423525139631
"ENSRNOG00000015421","Slc27a3",7.63312197541527
"ENSRNOG00000017716","Ucp3",7.63285615903762
"ENSRNOG00000024454","Ccdc149",7.63246070000222
"ENSRNOG00000007147","Cyp46a1",7.63170727937449
"ENSRNOG00000048606","Vma21",7.63038799974886
"ENSRNOG00000020277","Cntnap1",7.63023640337745
"ENSRNOG00000014816","Slc1a1",7.63008834189257
"ENSRNOG00000016812","Adamts16",7.62897600410705
"ENSRNOG00000008696","Nopchap1",7.62815638134846
"ENSRNOG00000010316","Magohb",7.62798829075435
"ENSRNOG00000000275","Fam13c",7.62750821259005
"ENSRNOG00000029264","Kcnn1",7.62743436752134
"ENSRNOG00000016756","Ptgir",7.62717295407946
"ENSRNOG00000004409","Sash3",7.62690391131496
"ENSRNOG00000043037","Zfp770",7.62658736756481
"ENSRNOG00000031004","Cyp2j4",7.62652957059759
"ENSRNOG00000010832","Pdgfrl",7.62593051762977
"ENSRNOG00000016361","Plcd4",7.62558395139443
"ENSRNOG00000000113","Elac1",7.62512672948173
"ENSRNOG00000008586","Aldh1l2",7.62397206143883
"ENSRNOG00000010291","Slc46a1",7.62389610322762
"ENSRNOG00000001578","Hoxd4",7.62321051047265
"ENSRNOG00000001891","Gnb1l",7.62221936030855
"ENSRNOG00000005731","Birc3",7.62166200459937
"ENSRNOG00000010875","Fam241a",7.62151889202436
"ENSRNOG00000048371","Fam185a",7.62106313497184
"ENSRNOG00000002385","Prg4",7.62092062381433
"ENSRNOG00000011669","Gstcd",7.61971651093307
"ENSRNOG00000003400","Fmo4",7.61970099074825
"ENSRNOG00000015921","Esco2",7.61946952980923
"ENSRNOG00000005871","Il1rn",7.61908622651592
"ENSRNOG00000011431","Mfhas1",7.61901938334711
"ENSRNOG00000001792","Slc12a8",7.61897573063931
"ENSRNOG00000012111","Poli",7.61894508271549
"ENSRNOG00000001514","Cdca7",7.61875806953599
"ENSRNOG00000005918","C8h11orf71",7.61845910280557
"ENSRNOG00000015117","Lrrc39",7.61842145895343
"ENSRNOG00000009370","Tbkbp1",7.61785891691464
"ENSRNOG00000042776","Lins1",7.61720941306918
"ENSRNOG00000028206","Pheta1",7.61712086025427
"ENSRNOG00000019921","Rhbdl1",7.61586326893483
"ENSRNOG00000006114","Cfap69",7.61556382947554
"ENSRNOG00000021182","Sv2a",7.61472784238969
"ENSRNOG00000011937","Sgtb",7.61470028356627
"ENSRNOG00000000795","RT1-N3",7.61467195263288
"ENSRNOG00000012196","Asah2",7.6145925049007
"ENSRNOG00000037371","Xaf1",7.61402111764547
"ENSRNOG00000012815","Chst10",7.61397509674177
"ENSRNOG00000003494","Ppfia4",7.61353320011604
"ENSRNOG00000026040","Prss53",7.61350283551651
"ENSRNOG00000009949","Pcdh18",7.61344038923435
"ENSRNOG00000010513","Tfpi2",7.61244381185149
"ENSRNOG00000022288","Pafah2",7.61237979535865
"ENSRNOG00000033740","Lurap1l",7.61096262273444
"ENSRNOG00000020028","Pcdhb22",7.61057737045721
"ENSRNOG00000004794","Rtn1",7.60938972622773
"ENSRNOG00000026870","Clic6",7.60774141905311
"ENSRNOG00000013692","Abhd18",7.60758558136106
"ENSRNOG00000014075","Clybl",7.60742183605897
"ENSRNOG00000010071","C2h4orf46",7.60738807935043
"ENSRNOG00000008479","Slc8a1",7.606446803329
"ENSRNOG00000005540","Nin",7.60631727985723
"ENSRNOG00000020656","Pfkfb4",7.60618927580318
"ENSRNOG00000005185","Nxph3",7.60491082606149
"ENSRNOG00000002044","Gtpbp8",7.60489613628925
"ENSRNOG00000039544","Kcnd1",7.60437736518161
"ENSRNOG00000026964","Gas8",7.60436570606401
"ENSRNOG00000055371","Sptbn4",7.60432206059332
"ENSRNOG00000020514","Sox6",7.6042970108587
"ENSRNOG00000032396","RGD1559575",7.60416911470122
"ENSRNOG00000054420","Vdr",7.60363768144567
"ENSRNOG00000016378","Map3k8",7.60350867779798
"ENSRNOG00000008134","Mefv",7.60217247428252
"ENSRNOG00000025302","Cdca2",7.60187517527401
"ENSRNOG00000018551","Or51e1",7.60184527685155
"ENSRNOG00000013042","Htr1b",7.60171866792598
"ENSRNOG00000031459","Znf8",7.60165097476864
"ENSRNOG00000013641","Myo7a",7.60098588502171
"ENSRNOG00000051528","Ddx11",7.60086736389123
"ENSRNOG00000002657","Pla2g4a",7.60007436621077
"ENSRNOG00000003554","Piga",7.60005995696414
"ENSRNOG00000015674","Acap1",7.59951211582503
"ENSRNOG00000020588","Efna4",7.59905999040374
"ENSRNOG00000005917","Pawr",7.59902244458479
"ENSRNOG00000005332","Csdc2",7.59890164939892
"ENSRNOG00000014202","Snx20",7.59857352261593
"ENSRNOG00000026336","Tmem255b",7.59838583797829
"ENSRNOG00000014891","Ptar1",7.59825095198749
"ENSRNOG00000009466","Unc45b",7.59807470447849
"ENSRNOG00000016204","Lrrc24",7.59767492677081
"ENSRNOG00000011791","Zfand4",7.5976411035365
"ENSRNOG00000015800","Elmo3",7.59612716768647
"ENSRNOG00000029574","Rps4x-ps9",7.59602179940969
"ENSRNOG00000011901","Rrad",7.59567142411936
"ENSRNOG00000017181","Malt1",7.59342928696381
"ENSRNOG00000023320","Tspan1",7.59278262353174
"ENSRNOG00000007097","Gpatch3",7.59251121671865
"ENSRNOG00000005749","Foxred2",7.59215158642504
"ENSRNOG00000036964","Ralgapa2",7.59203738394697
"ENSRNOG00000028526","Mansc1",7.59060549369708
"ENSRNOG00000042152","Gipc2",7.59005625145166
"ENSRNOG00000020346","Best1",7.59000632241849
"ENSRNOG00000017981","Mcm10",7.58968856683903
"ENSRNOG00000046307","Glyctk",7.58913114271107
"ENSRNOG00000001169","Slc37a1",7.58890927112208
"ENSRNOG00000047023","Aldh1l1",7.58837864095358
"ENSRNOG00000037148","Adap2",7.5874050716264
"ENSRNOG00000047517","Oxld1",7.58736550103832
"ENSRNOG00000016362","Gpr4",7.58700674720047
"ENSRNOG00000017762","Cdhr5",7.58641597228122
"ENSRNOG00000060437","LOC103694537",7.58621781129182
"ENSRNOG00000001686","Hlcs",7.58589331580319
"ENSRNOG00000022499","Sgo1",7.58541646060352
"ENSRNOG00000027694","Rps7-ps23",7.58499107345378
"ENSRNOG00000052273","C1h15orf40",7.58484083853862
"ENSRNOG00000002165","Abraxas1",7.58434387629177
"ENSRNOG00000025094","Gpr183",7.58342235112847
"ENSRNOG00000008674","Prdm11",7.58337316338608
"ENSRNOG00000013034","Dusp29",7.58297707457547
"ENSRNOG00000011631","Fst",7.58252360880847
"ENSRNOG00000016208","Setbp1",7.58185047966379
"ENSRNOG00000022309","Frem1",7.58143001443791
"ENSRNOG00000013415","Ptpn18",7.58098953830184
"ENSRNOG00000062276","Ggt5",7.58021101217071
"ENSRNOG00000048101","Zfp397",7.57824662500747
"ENSRNOG00000002188","Hpse",7.57790676868258
"ENSRNOG00000037715","Actmap",7.57741198202243
"ENSRNOG00000021347","Mthfd2l",7.57708120350796
"ENSRNOG00000006019","G0s2",7.57698705584304
"ENSRNOG00000037562","Zbtb42",7.57612318830598
"ENSRNOG00000038868","Iqcb1",7.57612139341364
"ENSRNOG00000004400","Avpr1a",7.57608690506517
"ENSRNOG00000014786","Ccne1",7.57487942653628
"ENSRNOG00000014702","Elovl2",7.57480840514097
"ENSRNOG00000008622","Creb5",7.5738208237626
"ENSRNOG00000029456","Rp9",7.57380579095947
"ENSRNOG00000003296","Dck",7.5735359547407
"ENSRNOG00000058626","Kcnh8",7.57350293920639
"ENSRNOG00000003346","Fancb",7.57336704617628
"ENSRNOG00000000257","Smpd3",7.57267750650231
"ENSRNOG00000022260","Senp1",7.57266893928014
"ENSRNOG00000018716","Dennd2c",7.5722652312638
"ENSRNOG00000036690","Ppp1r27",7.57221351320237
"ENSRNOG00000013304","Arg1",7.57210963610902
"ENSRNOG00000003170","Nlrp3",7.57165386936043
"ENSRNOG00000014603","Sgcg",7.57085010800521
"ENSRNOG00000042522","Pheta2",7.57059199723208
"ENSRNOG00000051507","Azin2",7.57035976929582
"ENSRNOG00000023348","Tbc1d2",7.56980993404938
"ENSRNOG00000026180","Letm2",7.56936459102078
"ENSRNOG00000013585","Nmnat3",7.5692390016336
"ENSRNOG00000005900","Slc2a6",7.56912104902376
"ENSRNOG00000025731","Ptmal5",7.56901681832793
"ENSRNOG00000006727","Dtd2",7.56891542151522
"ENSRNOG00000030920","Rtn4r",7.56855359806384
"ENSRNOG00000012843","Aspg",7.56845649495452
"ENSRNOG00000004000","Tefm",7.56785957207234
"ENSRNOG00000018397","Dnph1",7.56773962643724
"ENSRNOG00000020416","Zfr2",7.56769051706149
"ENSRNOG00000051372","Mycn",7.56763350143103
"ENSRNOG00000007436","Tedc2",7.5662474478603
"ENSRNOG00000026324","Stard6",7.5652151783549
"ENSRNOG00000028891","Cyp2t1",7.56519106052333
"ENSRNOG00000013795","Asb7",7.56500692786258
"ENSRNOG00000020322","Asb1",7.56441458673661
"ENSRNOG00000025608","Lrat",7.56435424120799
"ENSRNOG00000026793","Nt5dc3",7.56415295159315
"ENSRNOG00000000512","Slc26a8",7.56332116802667
"ENSRNOG00000012580","Ccdc141",7.5631243992629
"ENSRNOG00000012343","Pdp2",7.56301713261491
"ENSRNOG00000051470","Card9",7.56230587102976
"ENSRNOG00000012040","Slc25a48",7.56230537166056
"ENSRNOG00000006509","Srgap3",7.56179737138301
"ENSRNOG00000008989","Cryl1",7.56160280663336
"ENSRNOG00000049452","Nebl",7.56142448760302
"ENSRNOG00000010883","Pard6b",7.56135210525209
"ENSRNOG00000004606","Meis1",7.5611809216615
"ENSRNOG00000027152","N4bp2",7.56097039612881
"ENSRNOG00000009945","Pls1",7.56036769963134
"ENSRNOG00000005275","Shmt1",7.56006913498347
"ENSRNOG00000012770","Spata9",7.55943815699918
"ENSRNOG00000047817","Enox1",7.55896601211198
"ENSRNOG00000017332","Dapk2",7.55887399482654
"ENSRNOG00000022143","Dusp23",7.55855893989987
"ENSRNOG00000011863","Gins3",7.55748055831749
"ENSRNOG00000009403","Dcaf17",7.55667081443213
"ENSRNOG00000019433","Rab3a",7.55659045448346
"ENSRNOG00000013064","Lrp8",7.55641602682131
"ENSRNOG00000045992","Tlr8",7.55635985887464
"ENSRNOG00000023587","Dhtkd1",7.55572729722113
"ENSRNOG00000024553","Cyb5d2",7.55571815449335
"ENSRNOG00000043350","Cap2",7.5555731759506
"ENSRNOG00000002004","Prdm8",7.55555223190794
"ENSRNOG00000000137","Ly86",7.555360883221
"ENSRNOG00000019270","P2ry6",7.55533383699428
"ENSRNOG00000055382","Hcn1",7.55525418678694
"ENSRNOG00000049052","Sgk3",7.55482946197768
"ENSRNOG00000001375","Gal3st4",7.55475193361639
"ENSRNOG00000054385","Rhebl1",7.55415003524893
"ENSRNOG00000031168","Arhgap15",7.55405169703576
"ENSRNOG00000012980","Hyls1",7.55382723690112
"ENSRNOG00000008312","Stra6",7.55279408207981
"ENSRNOG00000001052","Slc25a30",7.55203733057172
"ENSRNOG00000042944","Cenpw",7.55098730299225
"ENSRNOG00000016917","Clcn1",7.5509475894855
"ENSRNOG00000051534","Prr33",7.55086283181571
"ENSRNOG00000009746","Akap17b",7.55043768710237
"ENSRNOG00000001260","Nudt1",7.55008416805817
"ENSRNOG00000003224","Nudt16l1",7.54972401557695
"ENSRNOG00000002660","Magee1",7.54840727325981
"ENSRNOG00000011618","Mmaa",7.54783374089089
"ENSRNOG00000025151","Ildr2",7.54782848387164
"ENSRNOG00000010238","Chmp4c",7.54728242727623
"ENSRNOG00000011854","Dennd11",7.54724535172325
"ENSRNOG00000022565","Lrrc25",7.54723856149713
"ENSRNOG00000023576","Ecrg4",7.54674751318734
"ENSRNOG00000018962","Ctf1",7.54662715543565
"ENSRNOG00000017672","Akr1c14",7.54519131684612
"ENSRNOG00000017311","Me3",7.54362070427933
"ENSRNOG00000012166","Mapda",7.54327988715443
"ENSRNOG00000001892","Tbx1",7.54281672584173
"ENSRNOG00000004639","Traf6",7.54273589123154
"ENSRNOG00000059837","Cdkn2a",7.54194510898467
"ENSRNOG00000008091","Gins1",7.54186351072273
"ENSRNOG00000053026","Shcbp1",7.54160526297561
"ENSRNOG00000017491","Carf",7.54136092904594
"ENSRNOG00000023143","Nlrp1a",7.54040823974018
"ENSRNOG00000013922","Dok2",7.54027930486464
"ENSRNOG00000011914","Dtnb",7.54010228393226
"ENSRNOG00000019365","Ablim3",7.53987744368929
"ENSRNOG00000007495","Smpx",7.53947710658378
"ENSRNOG00000057760","Stil",7.53925009550914
"ENSRNOG00000007817","Kctd6",7.53760926069084
"ENSRNOG00000058916","Ccdc65",7.53660996156722
"ENSRNOG00000007690","Cmpk2",7.53630734910014
"ENSRNOG00000003486","Mnda",7.53598654014849
"ENSRNOG00000024460","Tars3",7.53537750192575
"ENSRNOG00000003657","Pkmyt1",7.53461375555641
"ENSRNOG00000014061","Dusp5",7.53460378012299
"ENSRNOG00000006384","Rig1",7.53446456787813
"ENSRNOG00000022730","Zfp57",7.53398471895664
"ENSRNOG00000020517","Prrg2",7.53319868645493
"ENSRNOG00000042086","Rab26",7.5327537838201
"ENSRNOG00000050841","Ache",7.53148676699102
"ENSRNOG00000011292","Col1a2",7.53052749085354
"ENSRNOG00000008210","Ky",7.53027478971263
"ENSRNOG00000009173","Smad6",7.53016754657247
"ENSRNOG00000019142","Fas",7.53006872757894
"ENSRNOG00000014705","Rbm20",7.52976192523522
"ENSRNOG00000012331","Casp8",7.52967233381342
"ENSRNOG00000058870","Mroh7",7.52959133987597
"ENSRNOG00000023303","Dpep2",7.52749876864737
"ENSRNOG00000010522","Tlr4",7.52706411784893
"ENSRNOG00000017882","Camk1d",7.52617212896614
"ENSRNOG00000010266","Cd180",7.52606108874329
"ENSRNOG00000031769","Chchd7",7.52598734732767
"ENSRNOG00000031700","Map3k5",7.52577062522703
"ENSRNOG00000007645","Kcnj9",7.52481682676976
"ENSRNOG00000017130","Rhd",7.52481291337199
"ENSRNOG00000003959","Rgs18",7.52428631575702
"ENSRNOG00000025235","Tmem130",7.52378392005893
"ENSRNOG00000059876","Fsd1l",7.52305650117587
"ENSRNOG00000019842","Artn",7.52304002551525
"ENSRNOG00000056017","Bcl7a",7.52280217652969
"ENSRNOG00000008369","Gimap4",7.52274615548134
"ENSRNOG00000024178","Cenpt",7.52222936676443
"ENSRNOG00000005053","Egln3",7.52098682222938
"ENSRNOG00000051867","Zfp758",7.52097232334264
"ENSRNOG00000002305","Slc15a2",7.52070166029044
"ENSRNOG00000010047","Ddit4l",7.52050296886553
"ENSRNOG00000018094","Sv2c",7.5204246409882
"ENSRNOG00000018247","Dhx58",7.52042057111541
"ENSRNOG00000020344","Sntb2",7.52039794859165
"ENSRNOG00000042630","Asb5",7.51850981378293
"ENSRNOG00000020485","Vav3",7.51808131095779
"ENSRNOG00000021628","Wdr89",7.5179440332606
"ENSRNOG00000042536","Pde4d",7.51780996561894
"ENSRNOG00000020148","Il4i1",7.51749067730105
"ENSRNOG00000010694","Tpbg",7.51706134077184
"ENSRNOG00000023760","Plekhm3",7.51682786852454
"ENSRNOG00000029273","E2f3",7.51636221793862
"ENSRNOG00000020687","Dpf1",7.51626726760584
"ENSRNOG00000021402","Ankrd53",7.51622405747519
"ENSRNOG00000025126","Palb2",7.51590702256451
"ENSRNOG00000048660","Haspin",7.51578200905573
"ENSRNOG00000028423","Otop1",7.51566246690153
"ENSRNOG00000000439","Ager",7.51564848586901
"ENSRNOG00000016618","Tmem52",7.51384946128161
"ENSRNOG00000027157","Ly6g6e",7.51381703873422
"ENSRNOG00000008336","Tnfrsf11b",7.51163180690025
"ENSRNOG00000022884","Cd84",7.50955398428124
"ENSRNOG00000013388","Pgap1",7.50921328542873
"ENSRNOG00000003452","Asb11",7.50840887847263
"ENSRNOG00000009620","Cybrd1",7.50815810105975
"ENSRNOG00000031440","Nova1",7.50809975999226
"ENSRNOG00000043441","Lin52",7.50796346033025
"ENSRNOG00000022622","Slc38a6",7.50786906859954
"ENSRNOG00000024277","Card11",7.50746834791797
"ENSRNOG00000001369","Oas1a",7.50703171275486
"ENSRNOG00000015618","Wnt5a",7.50633667433088
"ENSRNOG00000013177","Map3k1",7.50629268830756
"ENSRNOG00000019203","Eya2",7.50597592902668
"ENSRNOG00000024056","Zfp715",7.505188043002
"ENSRNOG00000006653","Slc38a4",7.50503814636525
"ENSRNOG00000018334","Ctu1",7.50220355754303
"ENSRNOG00000018577","Neil1",7.50217440076481
"ENSRNOG00000007837","Acot11",7.50216831407889
"ENSRNOG00000043332","Foxd1",7.50213367844298
"ENSRNOG00000020093","Rps12l1",7.50084676853433
"ENSRNOG00000005903","St14",7.50015761575456
"ENSRNOG00000000825","Calhm5",7.50008967694955
"ENSRNOG00000001309","Camkk2",7.4990930432792
"ENSRNOG00000042445","Myo15b",7.49837364152619
"ENSRNOG00000000239","Ccl7",7.49831515712683
"ENSRNOG00000021839","Cep126",7.49815671952521
"ENSRNOG00000005007","Scn3a",7.49810751340281
"ENSRNOG00000003455","Zfp13",7.49729170908733
"ENSRNOG00000011100","LOC120096281",7.49723445513397
"ENSRNOG00000001195","Trpv4",7.49692681147917
"ENSRNOG00000000802","Tbc1d32",7.49679940415341
"ENSRNOG00000022742","Zfp954",7.49634111360525
"ENSRNOG00000032994","Myom3",7.49596338786856
"ENSRNOG00000015458","Hemk1",7.49591083098087
"ENSRNOG00000002802","Cxcl1",7.49564574927672
"ENSRNOG00000048567","Ankmy1",7.49369466152489
"ENSRNOG00000006324","Trpc6",7.49338286958236
"ENSRNOG00000027410","Ccdc125",7.49323921771641
"ENSRNOG00000014723","Cbfa2t3",7.49186074269886
"ENSRNOG00000000662","Srrd",7.49155849343285
"ENSRNOG00000029543","Cish",7.4911036040492
"ENSRNOG00000020948","Pth1r",7.4910849433175
"ENSRNOG00000037302","Rad51",7.49096172750947
"ENSRNOG00000015403","Cd52",7.48919223480204
"ENSRNOG00000015773","Il21r",7.48891356598271
"ENSRNOG00000057384","Nfatc2ip",7.48843193504188
"ENSRNOG00000014956","Slc11a1",7.48835107171922
"ENSRNOG00000011290","Tm2d3",7.48827124196175
"ENSRNOG00000019162","Emc9",7.48772461932651
"ENSRNOG00000021480","Rad9b",7.48772078261677
"ENSRNOG00000015718","C8h3orf18",7.48770231368376
"ENSRNOG00000016038","Mgmt",7.48728070106779
"ENSRNOG00000020991","Ms4a6a",7.48717461013304
"ENSRNOG00000046424","Mfn2",7.48686869909012
"ENSRNOG00000003064","Bst1",7.48627057720506
"ENSRNOG00000015406","Pgm5",7.48605191451947
"ENSRNOG00000003929","Pcdh19",7.48587437430373
"ENSRNOG00000006963","Ctse",7.48575884244683
"ENSRNOG00000018999","Cdc14b",7.48524363200644
"ENSRNOG00000021442","Hddc2",7.4844799590127
"ENSRNOG00000005930","Nnmt",7.48421770783936
"ENSRNOG00000025651","Ikzf5",7.48312336329673
"ENSRNOG00000004733","Wdr25",7.48250917972613
"ENSRNOG00000012045","Adgrb3",7.48230317215982
"ENSRNOG00000029466","Kiaa1328",7.48180756848569
"ENSRNOG00000021303","Drc3",7.48138905334722
"ENSRNOG00000016945","Pla2g2a",7.4813452030556
"ENSRNOG00000014240","Trmt11",7.48132643832766
"ENSRNOG00000001959","Mx1",7.48103367010534
"ENSRNOG00000053232","Ror2",7.48077285260077
"ENSRNOG00000015140","Trmt13",7.48054443660727
"ENSRNOG00000001422","Col26a1",7.48011786112567
"ENSRNOG00000015366","Neurl3",7.47985769585718
"ENSRNOG00000060528","Cacna1g",7.47955626640283
"ENSRNOG00000018944","Pank1",7.47946922344689
"ENSRNOG00000050224","Stambpl1",7.47943828985177
"ENSRNOG00000005621","Gxylt2",7.47914071792158
"ENSRNOG00000027511","Taf11l1",7.47881970582915
"ENSRNOG00000050650","Ttc16",7.47873337256907
"ENSRNOG00000060773","Sertad4",7.47804558860667
"ENSRNOG00000018452","Unc13a",7.47743082832623
"ENSRNOG00000003992","Pik3r6",7.47717259033312
"ENSRNOG00000000151","Ldlrap1",7.47713540421839
"ENSRNOG00000015187","Acot8",7.47658370196448
"ENSRNOG00000029501","Hoga1",7.47631823954856
"ENSRNOG00000003025","Nap1l2",7.47624307045
"ENSRNOG00000007407","Ndufa12",7.47622724988608
"ENSRNOG00000027278","Pramef8",7.47610188330354
"ENSRNOG00000009382","Mettl8",7.4736391220721
"ENSRNOG00000053270","Fastkd5",7.47342998332488
"ENSRNOG00000060237","Inhbb",7.47245585690673
"ENSRNOG00000006806","Setmar",7.47115025859708
"ENSRNOG00000008191","Hoxb4",7.47109037946582
"ENSRNOG00000046547","Rbm24",7.47042187864185
"ENSRNOG00000047349","Ms4a6b",7.47036337397874
"ENSRNOG00000054548","Srpk3",7.46876675121943
"ENSRNOG00000024376","Zfp111",7.46762609499214
"ENSRNOG00000000165","Pfkfb1",7.46726671203202
"ENSRNOG00000049351","Nat8l",7.46703683850322
"ENSRNOG00000056174","Pdzd4",7.46698818452026
"ENSRNOG00000015896","Rbpms2",7.46693750755558
"ENSRNOG00000000855","Lst1",7.46687642047682
"ENSRNOG00000026783","Smyd4",7.46626343711182
"ENSRNOG00000014125","Evi2b",7.46605423587841
"ENSRNOG00000017248","Prkag3",7.46597836031791
"ENSRNOG00000013624","Uevld",7.46491538957796
"ENSRNOG00000020797","She",7.46468433227607
"ENSRNOG00000015735","Zswim1",7.46366031642139
"ENSRNOG00000020578","Ceacam1",7.46339617605532
"ENSRNOG00000021015","Sbsn",7.46291091343779
"ENSRNOG00000010081","Tmem144",7.46273363723679
"ENSRNOG00000043033","Afg1l",7.46262506201578
"ENSRNOG00000006957","Gria4",7.46183153163689
"ENSRNOG00000009298","Fbxo44",7.46182765171647
"ENSRNOG00000052407","Btk",7.46036248961146
"ENSRNOG00000048195","Nudt13",7.4597664845383
"ENSRNOG00000053735","Hebp2",7.45826230283331
"ENSRNOG00000006093","Lrrtm1",7.45729302772896
"ENSRNOG00000017065","Arhgap28",7.45686954974905
"ENSRNOG00000023130","Lyplal1",7.4557774435107
"ENSRNOG00000026143","Ckap2l",7.4545812610478
"ENSRNOG00000018445","Agt",7.45345345622617
"ENSRNOG00000018615","Cenph",7.45301704370451
"ENSRNOG00000045961","Lyrm7",7.45285471277236
"ENSRNOG00000008001","Rab3b",7.45248933151623
"ENSRNOG00000025384","Slc2a10",7.45238548453366
"ENSRNOG00000005574","Adamts8",7.45171398375217
"ENSRNOG00000006984","Mapk11",7.4510282642156
"ENSRNOG00000037509","Chek2",7.45018149024166
"ENSRNOG00000012168","Fbxl21",7.44859805943714
"ENSRNOG00000031739","Garin5a",7.44856693990022
"ENSRNOG00000016199","Hoxc9",7.44835903047049
"ENSRNOG00000018316","Grap2",7.44827903844465
"ENSRNOG00000024525","Alkbh8",7.44819787360413
"ENSRNOG00000012470","Zc3h12c",7.44793362886433
"ENSRNOG00000020777","Zfp382",7.44723208474562
"ENSRNOG00000042607","Rhof",7.44661085950488
"ENSRNOG00000030629","Camkmt",7.44657472622476
"ENSRNOG00000019528","Plekhg6",7.44599681719863
"ENSRNOG00000033059","Galnt6",7.44479866521796
"ENSRNOG00000011718","C1rl",7.4443354374571
"ENSRNOG00000051341","Pcyt1b",7.44357158428199
"ENSRNOG00000021602","Zmynd10",7.4433894400987
"ENSRNOG00000012390","Npw",7.44331108376426
"ENSRNOG00000009503","Depdc1",7.44183047715148
"ENSRNOG00000021249","Ap5s1",7.44176914961134
"ENSRNOG00000010658","Cth",7.4415320117672
"ENSRNOG00000000471","Rps18",7.44102730204637
"ENSRNOG00000001007","Baiap2l1",7.44091580901591
"ENSRNOG00000013866","Usp49",7.44056898719392
"ENSRNOG00000018426","Apoc1",7.44010129337182
"ENSRNOG00000008980","Rbm48",7.43995459432532
"ENSRNOG00000003479","Rnf150",7.4399471530134
"ENSRNOG00000047531","Ccdc57",7.43957933927209
"ENSRNOG00000049906","Foxf1",7.43916448264679
"ENSRNOG00000042213","Zscan25",7.43893493165039
"ENSRNOG00000002057","Slc10a6",7.43887903261538
"ENSRNOG00000001580","Hoxd9",7.43852356189598
"ENSRNOG00000013260","Calr3",7.43735283180948
"ENSRNOG00000019217","Adrb2",7.43719701491533
"ENSRNOG00000009346","Zbtb26",7.43677191516504
"ENSRNOG00000015275","Ska1",7.43645929091345
"ENSRNOG00000050846","Timm10b",7.43633156232759
"ENSRNOG00000028196","Mgme1",7.4362060398921
"ENSRNOG00000050784","Macrod2",7.43613813388169
"ENSRNOG00000008489","Ppih",7.4355444666595
"ENSRNOG00000037951","Nhsl2",7.43553831819125
"ENSRNOG00000005147","Ccdc157",7.43543010445418
"ENSRNOG00000020481","Pafah1b3",7.43510231041977
"ENSRNOG00000024523","Dnai2",7.43406781652472
"ENSRNOG00000022837","Slc25a40",7.43406486783349
"ENSRNOG00000019854","Napsa",7.43376518337208
"ENSRNOG00000038835","Cd86",7.43311579353064
"ENSRNOG00000003969","Fam20a",7.43310102780697
"ENSRNOG00000023023","Trpt1",7.43294746777944
"ENSRNOG00000005964","Nr4a3",7.43254891819744
"ENSRNOG00000006674","Rflnb",7.43187292506063
"ENSRNOG00000020731","Ppfia3",7.43118114677319
"ENSRNOG00000012665","Nmrk1",7.43118065248018
"ENSRNOG00000002659","Ciita",7.43107993562845
"ENSRNOG00000024543","Mfsd4b4",7.43071355355592
"ENSRNOG00000004834","Llgl2",7.43070927591584
"ENSRNOG00000008445","Dact1",7.43052543631114
"ENSRNOG00000005724","Map3k7",7.43024202655236
"ENSRNOG00000001747","Pak2",7.4296843784309
"ENSRNOG00000053498","Dnajc22",7.42943259939984
"ENSRNOG00000038970","Fgd1",7.42883504404255
"ENSRNOG00000056362","Ttll13",7.42798102217883
"ENSRNOG00000005533","C19h19orf67",7.42776813372914
"ENSRNOG00000027040","Ggact",7.42713210218892
"ENSRNOG00000021324","C2h3orf33",7.42696310111645
"ENSRNOG00000036980","Zgrf1",7.4262225787613
"ENSRNOG00000027212","Tekt3",7.42360866739901
"ENSRNOG00000006731","Spc25",7.42356339200642
"ENSRNOG00000030848","Myl2",7.4231344501834
"ENSRNOG00000043410","Cfap300",7.422693567798
"ENSRNOG00000024115","C6",7.42204636417676
"ENSRNOG00000027228","Mogat2",7.4215552169969
"ENSRNOG00000013690","Clba1",7.42134723850174
"ENSRNOG00000014532","Lbp",7.42074830781741
"ENSRNOG00000022261","Cenpu",7.4201418844789
"ENSRNOG00000007431","Shroom1",7.41903425662334
"ENSRNOG00000055433","Trim46",7.41863711236768
"ENSRNOG00000001750","Chrd",7.41819449054985
"ENSRNOG00000005705","Qpct",7.41777371811097
"ENSRNOG00000019128","St8sia4",7.4169038918942
"ENSRNOG00000008412","Gprc5a",7.41688314099162
"ENSRNOG00000023352","Fam78a",7.41618497912424
"ENSRNOG00000060137","Gpr173",7.41567350156461
"ENSRNOG00000053891","Phf11",7.41469239556783
"ENSRNOG00000033220","Oas1b",7.41377562245982
"ENSRNOG00000026112","Tmem202",7.41354872449334
"ENSRNOG00000049150","Psma6-ps5",7.41348900772367
"ENSRNOG00000014212","Mettl21a",7.41321259397617
"ENSRNOG00000055939","Zcchc18",7.41180729698037
"ENSRNOG00000011283","Sdhaf3",7.41179258851814
"ENSRNOG00000047957","Traf5",7.41136665510175
"ENSRNOG00000020124","Lrrc51",7.41080046074282
"ENSRNOG00000024272","Ino80d",7.41016487030339
"ENSRNOG00000004444","Ikzf1",7.40967630680012
"ENSRNOG00000049983","Shd",7.40872887250319
"ENSRNOG00000042560","Bag4",7.40868363553428
"ENSRNOG00000028945","Tmem182",7.40864934501194
"ENSRNOG00000028168","Ankrd16",7.40856300081498
"ENSRNOG00000004668","Slc25a35",7.40812801422315
"ENSRNOG00000008243","Slc43a1",7.40753628771185
"ENSRNOG00000002538","Epb41l5",7.40747724296277
"ENSRNOG00000009970","Gsdme",7.40690664929096
"ENSRNOG00000039470","Pcdhb17",7.40636595179735
"ENSRNOG00000046607","Cited4",7.40478697582277
"ENSRNOG00000016584","Mamdc4",7.40472409037037
"ENSRNOG00000060988","Kcnc4",7.40468145595761
"ENSRNOG00000020244","Perm1",7.40304647908549
"ENSRNOG00000049873","Ap1s3",7.40225108719711
"ENSRNOG00000003070","Pigl",7.40213454883595
"ENSRNOG00000018770","Pmaip1",7.40207424444024
"ENSRNOG00000057901","Zfp707",7.40133921051362
"ENSRNOG00000058457","Chtopl1",7.40128626066284
"ENSRNOG00000021105","Gabpb2",7.40058243184495
"ENSRNOG00000027332","Gemin6",7.40035316120125
"ENSRNOG00000046443","Mthfsd",7.40033199532005
"ENSRNOG00000056558","Gabra3",7.40020974757719
"ENSRNOG00000005037","Kif18a",7.3981152175992
"ENSRNOG00000016112","Cd274",7.39805524038845
"ENSRNOG00000033256","C8h19orf38",7.39693847722322
"ENSRNOG00000001726","Tmem44",7.39644626825792
"ENSRNOG00000029651","LOC120093075",7.39625542558845
"ENSRNOG00000021365","Ybey",7.39614929630659
"ENSRNOG00000056397","LOC120100233",7.39605659696384
"ENSRNOG00000001347","Adam1a",7.39600116708658
"ENSRNOG00000021729","Iqub",7.39587706434593
"ENSRNOG00000033921","Als2cl",7.39582168763057
"ENSRNOG00000002158","Ibsp",7.39496663022186
"ENSRNOG00000011161","Slc2a12",7.39468701935535
"ENSRNOG00000004145","Prorsd1",7.39379243067993
"ENSRNOG00000026502","Dscc1",7.39346235569429
"ENSRNOG00000062279","Cln5",7.3932604823294
"ENSRNOG00000011649","Epb42",7.39303319476184
"ENSRNOG00000020441","Wnk4",7.39063470585764
"ENSRNOG00000060429","Zfp446",7.38994578561305
"ENSRNOG00000015903","Add2",7.38992411383735
"ENSRNOG00000020770","Arl4d",7.38951885339617
"ENSRNOG00000029333","Echdc2",7.3892665874594
"ENSRNOG00000006972","Zfp189",7.38913152941964
"ENSRNOG00000054423","Pemt",7.38863489352161
"ENSRNOG00000007261","Gli2",7.38856994033117
"ENSRNOG00000047895","Mettl1",7.38681167626278
"ENSRNOG00000005780","Adamts13",7.38672121238835
"ENSRNOG00000051690","Clec9a",7.38449248620026
"ENSRNOG00000025189","Mettl18",7.38373551756219
"ENSRNOG00000029165","Stx1a",7.38370426494871
"ENSRNOG00000024961","Usp35",7.38302617157061
"ENSRNOG00000053494","Mcpt1l1",7.38275661317458
"ENSRNOG00000005708","Mmp16",7.38216221065953
"ENSRNOG00000000543","Frk",7.38193933978778
"ENSRNOG00000025518","Carmil3",7.38136385553367
"ENSRNOG00000049115","Ccr5",7.38094385314247
"ENSRNOG00000029644","Clec2l",7.38082282954655
"ENSRNOG00000007027","Hgf",7.38040624136688
"ENSRNOG00000016598","Hoxc5",7.37899771305098
"ENSRNOG00000015682","Kel",7.37866118668152
"ENSRNOG00000005951","Hnrnpa1-ps20",7.37862393959297
"ENSRNOG00000007440","Dzank1",7.37840043914438
"ENSRNOG00000000653","Nr5a2",7.37815815019965
"ENSRNOG00000019445","Msln",7.3768398856215
"ENSRNOG00000014928","Apba1",7.37657011152614
"ENSRNOG00000018915","Tagap",7.37608739286898
"ENSRNOG00000001311","Rab36",7.37546505598059
"ENSRNOG00000024125","Slain1",7.37537816848599
"ENSRNOG00000014964","Hp",7.37522431178144
"ENSRNOG00000054212","Pde1a",7.37380797251079
"ENSRNOG00000029141","Trabd2b",7.37288433833391
"ENSRNOG00000060010","Ss18l1",7.37155479421109
"ENSRNOG00000015522","Tfap2a",7.37143219305324
"ENSRNOG00000004560","Cacna1b",7.37141141086912
"ENSRNOG00000016033","Endog",7.37134129396181
"ENSRNOG00000015253","Hsf4",7.37090918337725
"ENSRNOG00000008405","Taco1",7.37082161846542
"ENSRNOG00000023230","Dorip1",7.3705415621168
"ENSRNOG00000025476","Tmem252",7.37043542180566
"ENSRNOG00000017283","Kcnt1",7.37023028680954
"ENSRNOG00000011713","C4h2orf68",7.36974111564606
"ENSRNOG00000016971","Zfp612",7.36905448121354
"ENSRNOG00000016422","Klhl36",7.36898876428241
"ENSRNOG00000007512","Srp14",7.36860608639666
"ENSRNOG00000056446","Endou",7.36857630291866
"ENSRNOG00000047966","Hspa1l",7.36811969742348
"ENSRNOG00000002276","Phf6",7.36794084935335
"ENSRNOG00000032941","Mab21l1",7.36751538070727
"ENSRNOG00000015297","C9h6orf132",7.36741755033929
"ENSRNOG00000005558","C13h1orf74",7.36657520935325
"ENSRNOG00000058430","Bcdin3d",7.3661088793152
"ENSRNOG00000048914","Traf1",7.36470328505473
"ENSRNOG00000016889","Fancc",7.36406241670275
"ENSRNOG00000027606","Neurl1b",7.36356715852435
"ENSRNOG00000036598","Tbc1d12",7.36315759785173
"ENSRNOG00000019661","Gdf15",7.36311369582495
"ENSRNOG00000002876","Eef2kmt",7.36209213469941
"ENSRNOG00000014629","Lmo1",7.36196985288793
"ENSRNOG00000007882","Ablim2",7.36169356553125
"ENSRNOG00000009209","Slitrk1",7.36072294915295
"ENSRNOG00000017448","Exoc3l2",7.36049147543334
"ENSRNOG00000004218","Klhl28",7.36016236471303
"ENSRNOG00000004311","Gpr182",7.36011758271111
"ENSRNOG00000020355","Twist2",7.35997814452667
"ENSRNOG00000033330","Skida1",7.35950882067336
"ENSRNOG00000015242","Fbxl8",7.3582734636257
"ENSRNOG00000050205","Afmid",7.35805991460248
"ENSRNOG00000008129","Pla2r1",7.35710720756527
"ENSRNOG00000008047","Khk",7.35584187159941
"ENSRNOG00000046862","Armcx1",7.35540630028997
"ENSRNOG00000021272","Mcm8",7.35415724645443
"ENSRNOG00000013213","Epha4",7.35262429510086
"ENSRNOG00000011716","Degs2",7.35163434967717
"ENSRNOG00000037462","Eml6",7.35115285313911
"ENSRNOG00000011557","S100a8",7.35074322200296
"ENSRNOG00000024008","Cdc25c",7.35073662007474
"ENSRNOG00000023381","Proca1",7.35065379181068
"ENSRNOG00000007126","Gpr19",7.35060721841409
"ENSRNOG00000010649","Ctnnd2",7.35013118226443
"ENSRNOG00000011771","Ptp4a1",7.35004411875824
"ENSRNOG00000003787","Lcorl",7.3500151424837
"ENSRNOG00000028586","Mcph1",7.34995129068039
"ENSRNOG00000028690","LOC100362366",7.34960226629904
"ENSRNOG00000004857","L2hgdh",7.34916546450244
"ENSRNOG00000016186","Zfp709",7.34911712106032
"ENSRNOG00000059683","Mpp2",7.34895066471525
"ENSRNOG00000008062","Dqx1",7.34881896549444
"ENSRNOG00000007059","Atp1b4",7.34734720404699
"ENSRNOG00000021424","Cd300lf",7.34681543613785
"ENSRNOG00000016906","Lipt2",7.34656617537174
"ENSRNOG00000001861","Ydjc",7.34587196474407
"ENSRNOG00000048222","Nlrc5",7.3453631494548
"ENSRNOG00000012972","Alox5",7.34531439215115
"ENSRNOG00000004425","Klhdc1",7.34527894033892
"ENSRNOG00000055990","Snord78",7.34449841026616
"ENSRNOG00000020883","Dhdh",7.34426346173998
"ENSRNOG00000006796","LOC120095168",7.34416863949286
"ENSRNOG00000027026","Jazf1",7.3440003160577
"ENSRNOG00000058393","Taf15",7.34354858598726
"ENSRNOG00000060982","LOC120099454",7.34276917967625
"ENSRNOG00000027730","Nxpe1",7.34240520971681
"ENSRNOG00000018384","Adam12",7.34228807479139
"ENSRNOG00000023214","Il20rb",7.34160399403908
"ENSRNOG00000042603","Ttc39b",7.34030617039801
"ENSRNOG00000052600","Mboat7",7.33981546084748
"ENSRNOG00000023172","Dnajb3",7.33970553424467
"ENSRNOG00000020779","Kcna7",7.33840357335537
"ENSRNOG00000054964","Aoah",7.33772438485278
"ENSRNOG00000054047","LOC120102115",7.33768371062828
"ENSRNOG00000014815","Myoz2",7.33752456757218
"ENSRNOG00000021540","Rnf227",7.33743876793942
"ENSRNOG00000014703","Tonsl",7.33625023076936
"ENSRNOG00000018301","Hrasl1",7.33511252173713
"ENSRNOG00000007668","Mafa",7.33508790620124
"ENSRNOG00000021513","Rtn4rl2",7.33467629618582
"ENSRNOG00000019565","Tbx15",7.33446519622569
"ENSRNOG00000053811","Arg2",7.33432759501962
"ENSRNOG00000010440","Gnal",7.33405082398093
"ENSRNOG00000004378","Abca5",7.33382129748231
"ENSRNOG00000002844","Usp27x",7.33341922513319
"ENSRNOG00000031665","Ace2",7.33334884792512
"ENSRNOG00000005352","Elf4",7.33296474040219
"ENSRNOG00000005506","Arhgef5",7.33295966486388
"ENSRNOG00000010680","Med12l",7.33293471345821
"ENSRNOG00000008837","Ass1",7.33253296650054
"ENSRNOG00000022393","Faap24",7.33217098204675
"ENSRNOG00000005667","Astn1",7.33211341979941
"ENSRNOG00000004200","Sybu",7.33192506530863
"ENSRNOG00000007955","Timp4",7.33185159741568
"ENSRNOG00000038574","Rassf9",7.33142502197585
"ENSRNOG00000022845","Cep70",7.33110711616618
"ENSRNOG00000001099","Rbak",7.33091405723116
"ENSRNOG00000029127","Parp16",7.33084227257567
"ENSRNOG00000003643","Tab3",7.33050188106106
"ENSRNOG00000017550","Fbln7",7.33008498837279
"ENSRNOG00000020356","Zfp846",7.32900696857009
"ENSRNOG00000016897","Rlbp1",7.32749172523599
"ENSRNOG00000018804","Ripor2",7.32747990428512
"ENSRNOG00000017156","Ankle1",7.32644446746678
"ENSRNOG00000006357","Sgip1",7.3263459402702
"ENSRNOG00000004899","Kcns3",7.32609434946959
"ENSRNOG00000021268","Shld1",7.32531600483668
"ENSRNOG00000036837","Nfe2",7.32517100327586
"ENSRNOG00000029410","LOC134481478",7.32464548246872
"ENSRNOG00000019857","Gng7",7.32462674816417
"ENSRNOG00000054426","Zfp704",7.32425681871394
"ENSRNOG00000001830","Bmal2",7.32373328328757
"ENSRNOG00000039110","Lsmem1",7.32346300909006
"ENSRNOG00000001876","Ccdc74a",7.32308758472193
"ENSRNOG00000022391","Zfp711",7.32243548674811
"ENSRNOG00000007129","Cd8b",7.32157548941153
"ENSRNOG00000039924","Triqk",7.3211230534363
"ENSRNOG00000008351","C15h8orf58",7.32073082808497
"ENSRNOG00000018310","Eno4",7.32055472620261
"ENSRNOG00000009342","Fcnb",7.32010699707476
"ENSRNOG00000014035","Arhgef4",7.31987654922244
"ENSRNOG00000012521","Shisa2",7.31971261631581
"ENSRNOG00000025937","Zfp26",7.31949777987826
"ENSRNOG00000025781","Sec31b",7.31927859601361
"ENSRNOG00000000536","Mdga1",7.31925786403283
"ENSRNOG00000002991","Srr",7.31872207306289
"ENSRNOG00000043486","Tnfrsf26",7.31849267674059
"ENSRNOG00000013840","Ankrd2",7.31839142815836
"ENSRNOG00000057501","Fam81a",7.31817063023639
"ENSRNOG00000016308","Il10ra",7.31739427675334
"ENSRNOG00000019278","Fsd2",7.31705078050307
"ENSRNOG00000001520","Dlx1",7.31631008926605
"ENSRNOG00000016978","C1h16orf54",7.31586527207859
"ENSRNOG00000016420","Serpinb6b",7.31511158836983
"ENSRNOG00000014960","Bard1",7.31427350695369
"ENSRNOG00000004493","Tasp1",7.31426975294099
"ENSRNOG00000003497","Thoc6",7.31385662660296
"ENSRNOG00000001216","Trpm2",7.31253584255485
"ENSRNOG00000036572","Sfxn4",7.31245094572148
"ENSRNOG00000043374","C13h1orf53",7.31199267792395
"ENSRNOG00000049880","Tmem200c",7.31152959623181
"ENSRNOG00000004158","Hdac9",7.31151468594574
"ENSRNOG00000007268","C10h16orf90",7.31094446604858
"ENSRNOG00000030131","Zscan30",7.31088104372661
"ENSRNOG00000020597","C1h10orf88",7.31085997603723
"ENSRNOG00000009433","Mcub",7.31049259086444
"ENSRNOG00000026982","Uqcc6",7.3100755319147
"ENSRNOG00000007493","Xrcc2",7.31006558286512
"ENSRNOG00000024998","Trps1",7.30890391688941
"ENSRNOG00000005093","Lgr6",7.30839920737223
"ENSRNOG00000003526","Sytl4",7.30824379809112
"ENSRNOG00000001499","Mia",7.30811374589699
"ENSRNOG00000019542","Ifgga2l1",7.30807528784122
"ENSRNOG00000050137","Ajap1",7.30765561513784
"ENSRNOG00000006962","Stk32c",7.30739447308846
"ENSRNOG00000011357","Shbg",7.30571703003917
"ENSRNOG00000030930","Samsn1",7.30513034882429
"ENSRNOG00000022839","Ifit3",7.30418832355754
"ENSRNOG00000003614","Mgat5",7.30361252476646
"ENSRNOG00000023304","Lin9",7.30133641851712
"ENSRNOG00000018509","Cx3cr1",7.30053921641495
"ENSRNOG00000009436","Hemgn",7.3004975099917
"ENSRNOG00000059857","Rnd1",7.30016872036721
"ENSRNOG00000031136","Ntng1",7.30015341482609
"ENSRNOG00000047653","Crybb1",7.29987508047425
"ENSRNOG00000013872","P2ry14",7.2998049721266
"ENSRNOG00000025278","Scai",7.29806768404239
"ENSRNOG00000015426","Purg",7.29803591239641
"ENSRNOG00000019680","Mst1",7.29790475614405
"ENSRNOG00000016143","Gpr162",7.29757605746777
"ENSRNOG00000025423","Map3k13",7.29757567574302
"ENSRNOG00000006418","Samhd1",7.29736961704689
"ENSRNOG00000006645","Ryr3",7.29541128106203
"ENSRNOG00000032596","RT1-T24-3",7.29519115587045
"ENSRNOG00000018516","Impa2",7.29502631062677
"ENSRNOG00000013346","Asb14",7.29465633252163
"ENSRNOG00000024569","Gimap9",7.29377007604948
"ENSRNOG00000047363","Kcnk13",7.29260792387831
"ENSRNOG00000006986","2700097O09Rikl",7.29214781842919
"ENSRNOG00000024190","Rasef",7.29173253143968
"ENSRNOG00000004783","Fam171b",7.29160230925126
"ENSRNOG00000057278","LOC120096383",7.29155801762656
"ENSRNOG00000026280","Mettl4",7.29135445498147
"ENSRNOG00000007850","Mok",7.29096275178046
"ENSRNOG00000016827","Slc38a3",7.29079220051905
"ENSRNOG00000048114","Echdc3",7.29047026353025
"ENSRNOG00000058752","Popdc2",7.29030710259524
"ENSRNOG00000037406","Cfap141",7.29015619436531
"ENSRNOG00000031669","Lpp",7.289830407784
"ENSRNOG00000016818","Fgfr3",7.28903095915966
"ENSRNOG00000014387","Chac1",7.28878425703093
"ENSRNOG00000020197","Cd248",7.28795363735687
"ENSRNOG00000033653","Mpp3",7.28794820535288
"ENSRNOG00000004712","Angptl1",7.28771812162723
"ENSRNOG00000059492","Zfp160",7.28708202970467
"ENSRNOG00000014887","Homez",7.28595236584646
"ENSRNOG00000030622","Enox2",7.28588917609087
"ENSRNOG00000042628","Tmem273",7.28557703374212
"ENSRNOG00000012442","Cemip",7.28515928641349
"ENSRNOG00000056332","Miga1",7.28460865616091
"ENSRNOG00000002599","Grap",7.28407604882217
"ENSRNOG00000014164","Paqr5",7.28404696852223
"ENSRNOG00000005565","Traf3ip3",7.28398000848886
"ENSRNOG00000000138","Glis1",7.28039859980078
"ENSRNOG00000039048","Cd200r1",7.28038635341921
"ENSRNOG00000004316","Llph",7.28008769476857
"ENSRNOG00000018486","C3h9orf50",7.27994530980574
"ENSRNOG00000000500","Scube3",7.27973156733216
"ENSRNOG00000014712","Zfp39",7.27971948827397
"ENSRNOG00000026676","1700029M20Rikl",7.27905066852693
"ENSRNOG00000016967","Hfe",7.27869605393411
"ENSRNOG00000011809","Rpgrip1",7.27856052622007
"ENSRNOG00000031950","Izumo4",7.27840285662102
"ENSRNOG00000022491","Wdr76",7.27782681750342
"ENSRNOG00000009145","Klf12",7.27752665440128
"ENSRNOG00000012671","Gan",7.27702204408362
"ENSRNOG00000025408","Dux4",7.27682919469981
"ENSRNOG00000015156","Gal",7.2766329874743
"ENSRNOG00000013728","Polg2",7.2758283741482
"ENSRNOG00000026493","Cdnf",7.27563274843738
"ENSRNOG00000022438","Jmjd4",7.27517496245393
"ENSRNOG00000015956","Usp29",7.27354933975866
"ENSRNOG00000058111","Itga2",7.27335540782345
"ENSRNOG00000017810","Uros",7.27315875979547
"ENSRNOG00000011416","Vegfc",7.27286238172845
"ENSRNOG00000019474","Rsph9",7.27239374673689
"ENSRNOG00000002652","Rap1gap2",7.27237246088064
"ENSRNOG00000016627","Eya4",7.27212230784373
"ENSRNOG00000014739","Wfdc2",7.27207790451515
"ENSRNOG00000011145","Crhr2",7.27193345240876
"ENSRNOG00000049088","Ttc32",7.27184397903619
"ENSRNOG00000008082","Rgs6",7.27118669761092
"ENSRNOG00000013474","Casz1",7.27077366097081
"ENSRNOG00000009302","Zfp623",7.27037540952286
"ENSRNOG00000009409","Fbxo2",7.27010769494546
"ENSRNOG00000018762","Rsph3",7.26959232380224
"ENSRNOG00000029465","Slc26a10",7.2681272724138
"ENSRNOG00000031660","LOC134479967",7.26763440175444
"ENSRNOG00000018812","Rpp25",7.26725706750451
"ENSRNOG00000006670","Rai2",7.26699215570128
"ENSRNOG00000016987","Pstpip2",7.26641002004299
"ENSRNOG00000047476","Wasf1",7.26621126470496
"ENSRNOG00000049633","Flvcr1",7.26598767964235
"ENSRNOG00000003336","Mybph",7.26558318546687
"ENSRNOG00000005277","Ptprv",7.26546881068284
"ENSRNOG00000003208","Ercc6l",7.26503622602092
"ENSRNOG00000004667","Gen1",7.26464100350765
"ENSRNOG00000008480","Kcnab3",7.26459578775458
"ENSRNOG00000016854","Lrrc36",7.26457570625655
"ENSRNOG00000007046","Cfap70",7.26302732825712
"ENSRNOG00000056209","Exo1",7.2620884351294
"ENSRNOG00000053145","Vwa8",7.26162497369443
"ENSRNOG00000016571","Ngf",7.26134240624702
"ENSRNOG00000049771","Gstt1",7.25988191420567
"ENSRNOG00000034269","Ago3",7.25964248049427
"ENSRNOG00000018598","Ankrd1",7.2594351005497
"ENSRNOG00000028624","Kif26b",7.25935440008866
"ENSRNOG00000005122","Uvssa",7.25914932914184
"ENSRNOG00000018162","Nhej1",7.25852179607043
"ENSRNOG00000061429","Rph3al",7.25788525458469
"ENSRNOG00000012175","Nfatc2",7.25774074734156
"ENSRNOG00000016070","Trpc3",7.25632541037385
"ENSRNOG00000011039","Gch1",7.25509569476506
"ENSRNOG00000043199","Popdc1",7.25360775973101
"ENSRNOG00000004029","Nectin4",7.25331095602635
"ENSRNOG00000003722","Styxl2",7.25307793775568
"ENSRNOG00000024452","Carmil2",7.25301694092946
"ENSRNOG00000039183","Cip2a",7.25291179541829
"ENSRNOG00000029087","Nap1l3",7.25285492402164
"ENSRNOG00000028812","Trim80",7.25203065739667
"ENSRNOG00000006703","Zfp398",7.25192850061416
"ENSRNOG00000004487","Nek2",7.2518333971857
"ENSRNOG00000053309","Tubd1",7.25166741272778
"ENSRNOG00000049989","Wdcp",7.25086455514098
"ENSRNOG00000014395","Gli3",7.25051305353015
"ENSRNOG00000020884","Cd6",7.24914778753787
"ENSRNOG00000028636","Xkr5",7.24806094356774
"ENSRNOG00000004104","Zkscan7",7.24680026492346
"ENSRNOG00000028390","Hhipl1",7.24624460092627
"ENSRNOG00000001711","Plaat1",7.24587596431333
"ENSRNOG00000015616","Rgs14",7.24555417696593
"ENSRNOG00000008686","Tigd5",7.24477176207288
"ENSRNOG00000022067","Tlr5",7.24461618898548
"ENSRNOG00000010880","Gpr27",7.24403235689579
"ENSRNOG00000042229","Gimap1",7.24393057230515
"ENSRNOG00000059142","Dtwd2",7.243869673022
"ENSRNOG00000016852","Apobec3",7.24252446639294
"ENSRNOG00000032828","Mapk8ip2",7.24065461048118
"ENSRNOG00000050419","Avil",7.24052681837766
"ENSRNOG00000027592","Rerg",7.23951161995491
"ENSRNOG00000005018","Scn2a",7.23949934695238
"ENSRNOG00000052688","Dnah2",7.23908957721885
"ENSRNOG00000015125","Spsb2",7.23855488938267
"ENSRNOG00000010716","Atoh8",7.23845797595996
"ENSRNOG00000007984","Amer1",7.23839550955855
"ENSRNOG00000052415","Gstt2",7.23755988524809
"ENSRNOG00000015797","Neurl2",7.23726762706455
"ENSRNOG00000027787","Cdc6",7.23662485960015
"ENSRNOG00000001554","C11h21orf91",7.23645167640324
"ENSRNOG00000034221","Cfap126",7.23629519090542
"ENSRNOG00000046171","Mlxipl",7.23611116430719
"ENSRNOG00000012932","Ccdc146",7.23609471337915
"ENSRNOG00000012440","Msra",7.23598562249027
"ENSRNOG00000021555","Mis18a",7.23595695443599
"ENSRNOG00000003705","Bmx",7.23574379541588
"ENSRNOG00000006776","Smyd1",7.23406345305124
"ENSRNOG00000022681","Bbln",7.23373263558871
"ENSRNOG00000028619","Hoxc8",7.23260152878903
"ENSRNOG00000027489","Mn1",7.23205565896107
"ENSRNOG00000019208","P2rx5",7.23170802032435
"ENSRNOG00000009211","C3ar1",7.23152111993867
"ENSRNOG00000000041","Slc26a1",7.23103951523899
"ENSRNOG00000017117","Ybx2",7.23029859726674
"ENSRNOG00000022426","C130050O18Rikl",7.23027375141603
"ENSRNOG00000060193","Prr29",7.22883938938682
"ENSRNOG00000010799","Noct",7.22790653122571
"ENSRNOG00000014761","Rasd2",7.22778025688358
"ENSRNOG00000011063","Dennd1b",7.22774487096337
"ENSRNOG00000030016","Robo3",7.22741829448665
"ENSRNOG00000014264","Phactr1",7.2266843489445
"ENSRNOG00000020501","Tjp3",7.22653879664608
"ENSRNOG00000039740","Cenpk",7.22639066204013
"ENSRNOG00000003510","Fmo2",7.22635420975501
"ENSRNOG00000022320","Primpol",7.22479543523551
"ENSRNOG00000029988","Rpl36l7",7.22431429242824
"ENSRNOG00000046050","Dennd1c",7.22420649025264
"ENSRNOG00000025484","Tmem177",7.22348534448131
"ENSRNOG00000022537","E2f8",7.22339195859753
"ENSRNOG00000001151","Sirt4",7.2232503781569
"ENSRNOG00000028651","Znf846",7.22299127500273
"ENSRNOG00000026306","Clec5a",7.22293130222592
"ENSRNOG00000030689","Ms4a6c",7.22280574786216
"ENSRNOG00000048577","Zfp955a",7.22280569364323
"ENSRNOG00000011332","Clspn",7.22269842354255
"ENSRNOG00000015585","Suv39h2",7.22245875947319
"ENSRNOG00000053406","Gramd1c",7.22201400025292
"ENSRNOG00000003367","Tmem220",7.22189538811247
"ENSRNOG00000005359","Csrnp3",7.22161172742964
"ENSRNOG00000002134","Gbp6-ps1",7.22156966069689
"ENSRNOG00000009260","Cnr2",7.22128528765352
"ENSRNOG00000056894","St6galnac3",7.22093744376903
"ENSRNOG00000010575","Dapp1",7.22072162795785
"ENSRNOG00000008736","Slamf8",7.22043534681208
"ENSRNOG00000060241","Klra17",7.22013773519953
"ENSRNOG00000045570","C13h2orf76",7.21969402340437
"ENSRNOG00000004752","Nalcn",7.21869816194237
"ENSRNOG00000002832","Slc16a2",7.2186259251939
"ENSRNOG00000024595","Cers6",7.21797278220262
"ENSRNOG00000024878","Rbm44",7.21793400891545
"ENSRNOG00000049724","B3gntl1",7.21769181424564
"ENSRNOG00000055049","Aldh1a2",7.21739092754423
"ENSRNOG00000046276","Myh3",7.21678381206654
"ENSRNOG00000028083","Tmem35b",7.2166014249014
"ENSRNOG00000031974","Pcdh10",7.21646286504508
"ENSRNOG00000007827","Cox4i2",7.21586731624143
"ENSRNOG00000004695","Celf5",7.2156955106298
"ENSRNOG00000017286","Ephx2",7.21521962467571
"ENSRNOG00000058132","LOC120100227",7.21504221708747
"ENSRNOG00000023366","Styxl1",7.21476567314357
"ENSRNOG00000027468","Slc6a15",7.21454132411401
"ENSRNOG00000049943","Sinhcaf",7.21418600996972
"ENSRNOG00000026407","Fam184a",7.21340387251311
"ENSRNOG00000033729","Zfp719",7.21273421378118
"ENSRNOG00000042056","Syce3",7.21270326865557
"ENSRNOG00000022760","Rubcnl",7.21231853603943
"ENSRNOG00000031113","Zscan22",7.21229756125742
"ENSRNOG00000026087","Igfn1",7.21200925595132
"ENSRNOG00000016245","Neto2",7.21170104405029
"ENSRNOG00000004754","Tc2n",7.21157651352863
"ENSRNOG00000059984","Dll1",7.21108654851421
"ENSRNOG00000003562","Susd4",7.21105797144816
"ENSRNOG00000007839","Slc16a7",7.21068333697034
"ENSRNOG00000029022","Zfp112",7.20954916992554
"ENSRNOG00000018488","Cd40",7.20949582353085
"ENSRNOG00000008155","Dus4l",7.20935777653516
"ENSRNOG00000013364","Hey2",7.20684261219126
"ENSRNOG00000015465","Cep72",7.2062092056339
"ENSRNOG00000004571","Cdin1",7.20619966304493
"ENSRNOG00000047132","Zfp182",7.20562202785421
"ENSRNOG00000029427","Grhl3",7.204943548881
"ENSRNOG00000009773","Elovl4",7.20352348907248
"ENSRNOG00000051458","Hic2",7.20186832885754
"ENSRNOG00000016703","Gtf2a1l",7.20156395796615
"ENSRNOG00000006943","Zcchc10",7.20146334717078
"ENSRNOG00000001692","Chaf1b",7.20133590485
"ENSRNOG00000046492","Nemp1",7.20076169684662
"ENSRNOG00000006726","Zfp9",7.20044282288148
"ENSRNOG00000002970","Zswim7",7.19968523878181
"ENSRNOG00000045639","Kiaa0825",7.19960654438481
"ENSRNOG00000000937","Slc46a3",7.19854183145133
"ENSRNOG00000033343","Prss36",7.19776385311784
"ENSRNOG00000010556","Intu",7.19726985728823
"ENSRNOG00000046700","Mettl27",7.19562524671606
"ENSRNOG00000057335","Clec1b",7.19556565249298
"ENSRNOG00000016525","Susd3",7.19452295340542
"ENSRNOG00000011156","Clstn3",7.19422499646229
"ENSRNOG00000023664","Lepr",7.19353050843014
"ENSRNOG00000006978","Mterf2",7.19318065494846
"ENSRNOG00000042460","Hmga2",7.19290048107999
"ENSRNOG00000020689","Cpeb3",7.19263415478306
"ENSRNOG00000003215","Zfp287",7.19236852783318
"ENSRNOG00000022957","Ctxn3",7.19075875277314
"ENSRNOG00000036692","Gcgr",7.19040424266534
"ENSRNOG00000049425","Fam167b",7.19038525858539
"ENSRNOG00000017392","Fgf2",7.19006616723681
"ENSRNOG00000002425","Pctp",7.18875551664577
"ENSRNOG00000057116","Pex19",7.18832556860581
"ENSRNOG00000000455","Tap2",7.18799458205929
"ENSRNOG00000017746","Pard6a",7.18704170356153
"ENSRNOG00000015518","Rbp4",7.18651318022764
"ENSRNOG00000055652","LOC120096385",7.18607609642933
"ENSRNOG00000017637","Fbp2",7.18513973424413
"ENSRNOG00000002014","Stap1",7.18502515741627
"ENSRNOG00000025868","Klhl33",7.18496409703985
"ENSRNOG00000013092","Lonrf3",7.18445717399442
"ENSRNOG00000029614","Robo1",7.18412627726953
"ENSRNOG00000016267","Chst15",7.18322571102386
"ENSRNOG00000026157","Pnpla4",7.18291913293803
"ENSRNOG00000057867","Mns1",7.18261017938774
"ENSRNOG00000018858","Myct1",7.18259822078954
"ENSRNOG00000000017","Steap1",7.18229689247957
"ENSRNOG00000001174","Pde9a",7.18223972721215
"ENSRNOG00000036711","Spn",7.18180087293649
"ENSRNOG00000002196","Ociad2",7.17990446418862
"ENSRNOG00000011885","Rhpn2",7.1793677238593
"ENSRNOG00000035568","Mir3074",7.17933455238801
"ENSRNOG00000002960","Ndp",7.17929584541494
"ENSRNOG00000019779","Disc1",7.17871373811211
"ENSRNOG00000000323","Prdm1",7.17861722302699
"ENSRNOG00000007765","Frzb",7.17838861582199
"ENSRNOG00000002930","Ppl",7.17826542145101
"ENSRNOG00000024041","Hils1",7.17805228994539
"ENSRNOG00000001287","Gper1",7.1772087688645
"ENSRNOG00000006170","Bach2",7.17716142705167
"ENSRNOG00000024506","C5h9orf43",7.17650665176416
"ENSRNOG00000022521","Ddias",7.17547147521756
"ENSRNOG00000043267","Mrm2",7.1753537955135
"ENSRNOG00000011750","Fam180a",7.17482749362971
"ENSRNOG00000050573","Tgfbr3l",7.17246366714227
"ENSRNOG00000017249","Zfp366",7.17200574956687
"ENSRNOG00000037356","Dph6",7.17155958502269
"ENSRNOG00000020970","Rundc3a",7.17151725318512
"ENSRNOG00000014835","Il1rl1",7.17126228634205
"ENSRNOG00000001478","Gtf2ird1",7.17039249292487
"ENSRNOG00000052940","Cd300ldl1",7.17036014709088
"ENSRNOG00000009779","Krt8",7.16991192344541
"ENSRNOG00000016043","Aqp4",7.16910339478313
"ENSRNOG00000015075","Stc1",7.16886193973503
"ENSRNOG00000022822","Fam169b",7.16879662431469
"ENSRNOG00000048818","Catsperd",7.16828992947818
"ENSRNOG00000031495","Tmem170b",7.16774581721672
"ENSRNOG00000000245","Slc16a6",7.16753013748601
"ENSRNOG00000020309","Gfra3",7.16661687040841
"ENSRNOG00000028701","Lcn12",7.16648896263323
"ENSRNOG00000013503","Cdh24",7.16618067718996
"ENSRNOG00000019099","Zfp334",7.16553308442814
"ENSRNOG00000012333","Kbtbd11",7.16499172132941
"ENSRNOG00000017804","Septin1",7.16446198189598
"ENSRNOG00000019434","Adat1",7.16442888113245
"ENSRNOG00000034139","Lyc2",7.16238096192261
"ENSRNOG00000004645","Galnt5",7.16228671921939
"ENSRNOG00000038740","Gimap7",7.16182014280517
"ENSRNOG00000007084","Marchf10",7.16169998733518
"ENSRNOG00000008949","Synpo2l",7.16164869885626
"ENSRNOG00000009802","Fam124a",7.16158259584445
"ENSRNOG00000030012","Clec4a2",7.16151033714637
"ENSRNOG00000015476","Ubxn11",7.1612668755526
"ENSRNOG00000022094","Lacc1",7.16114204587381
"ENSRNOG00000030759","Nhs",7.16110989699269
"ENSRNOG00000038449","Tigd2",7.16104344234824
"ENSRNOG00000014486","Rfx3",7.16050037948258
"ENSRNOG00000010188","Satb2",7.16000830003722
"ENSRNOG00000027037","Alox12",7.15950802264046
"ENSRNOG00000017109","Rassf7",7.15924712860289
"ENSRNOG00000000502","Def6",7.15904401278496
"ENSRNOG00000008798","Pipox",7.15870858698641
"ENSRNOG00000024382","Fcgr3a",7.1575690131562
"ENSRNOG00000023931","Ggn",7.15748667402393
"ENSRNOG00000057619","Hic1",7.15744228738961
"ENSRNOG00000019435","Psd",7.15726104459696
"ENSRNOG00000004109","Zfpm2",7.15726014148994
"ENSRNOG00000037795","Ldlrad1",7.15656245160616
"ENSRNOG00000049489","Rad54l2",7.15588151538842
"ENSRNOG00000004878","Myf6",7.1549235129434
"ENSRNOG00000014135","Rab11fip4",7.15338802920263
"ENSRNOG00000020357","Msto1",7.1527609398732
"ENSRNOG00000003218","Zfp286a",7.15255056609155
"ENSRNOG00000022712","Bend7",7.15252508832618
"ENSRNOG00000056226","Cenpq",7.15236399730085
"ENSRNOG00000033152","Rps18l1",7.15229412517757
"ENSRNOG00000006553","Bnc2",7.15189373767123
"ENSRNOG00000005781","Wnt16",7.15163027871066
"ENSRNOG00000031855","Actr3b",7.15151353556081
"ENSRNOG00000009705","Lck",7.15143685916436
"ENSRNOG00000055547","Prkn",7.15084430966925
"ENSRNOG00000042283","Zfp267",7.15079940037854
"ENSRNOG00000015072","Ptgr1",7.15054653621436
"ENSRNOG00000049994","Ifi44l",7.14988423141237
"ENSRNOG00000015625","Matcap1",7.14953153631933
"ENSRNOG00000024545","Ccdc18",7.14931721978317
"ENSRNOG00000049137","Zfp35",7.14775479394604
"ENSRNOG00000047714","Tmem37",7.14760736399217
"ENSRNOG00000007896","Klhl38",7.14719737387325
"ENSRNOG00000004210","Osr1",7.14693679957073
"ENSRNOG00000034102","Plk5",7.14619266934846
"ENSRNOG00000014003","Fbxo16",7.14616078673837
"ENSRNOG00000012965","Themis2",7.14610806274885
"ENSRNOG00000046505","Bend3",7.14584969688807
"ENSRNOG00000019830","Hsd17b1",7.14560487183011
"ENSRNOG00000030170","Krt10",7.14536961043372
"ENSRNOG00000031598","Atp8b4",7.14506171959478
"ENSRNOG00000015609","Wdr27",7.14499216013234
"ENSRNOG00000046309","Gpr68",7.14427768088018
"ENSRNOG00000019955","Ogdhl",7.14396860907196
"ENSRNOG00000060879","C7h12orf75",7.14323430853751
"ENSRNOG00000020585","Tbxa2r",7.14322667095584
"ENSRNOG00000001428","Alkbh4",7.14240991296026
"ENSRNOG00000030688","Lrrc2",7.14223187294281
"ENSRNOG00000045595","Tnfsf9",7.14211094978344
"ENSRNOG00000008846","Plag1",7.14152910217092
"ENSRNOG00000054437","Rel",7.14101007059919
"ENSRNOG00000048699","Vps37d",7.14026397336734
"ENSRNOG00000027919","Rdh13",7.13989632063311
"ENSRNOG00000015002","Abhd15",7.13977638192627
"ENSRNOG00000011107","Pcsk1",7.13798149078808
"ENSRNOG00000020097","Inha",7.13793082372796
"ENSRNOG00000000405","Vgll2",7.13720754982803
"ENSRNOG00000024918","Fam229b",7.13717236935592
"ENSRNOG00000008841","Orc1",7.13715641725057
"ENSRNOG00000013128","Tmem179",7.13699982247896
"ENSRNOG00000033445","Ccdc171",7.13617097181009
"ENSRNOG00000046086","Tmc8",7.13583319880825
"ENSRNOG00000061238","Wnt10b",7.135629850471
"ENSRNOG00000022144","Tmem14cl1",7.13507743139572
"ENSRNOG00000033076","Thnsl1",7.1348425623816
"ENSRNOG00000027035","Sgo2",7.13473626785249
"ENSRNOG00000002751","Zdhhc15",7.13439950725868
"ENSRNOG00000012208","Itgb7",7.13415294207803
"ENSRNOG00000000007","Gad1",7.13315536547805
"ENSRNOG00000019288","Ogfod1",7.13259455079169
"ENSRNOG00000009492","Trmo",7.13211878667492
"ENSRNOG00000017421","Alpk2",7.13171454481259
"ENSRNOG00000005038","Ube2t",7.13140867921122
"ENSRNOG00000025848","Sspo",7.13126971847758
"ENSRNOG00000042975","Tmem45a",7.13021718888444
"ENSRNOG00000047436","Cabyr",7.12951384181659
"ENSRNOG00000047102","Popdc3",7.12900803528213
"ENSRNOG00000001746","Ncbp2",7.12891976306005
"ENSRNOG00000001628","Pcp4",7.12828687666566
"ENSRNOG00000031834","Nkain4",7.12814750373416
"ENSRNOG00000016612","Trim36",7.12779364719136
"ENSRNOG00000006198","Prr11",7.12777801386854
"ENSRNOG00000017118","P4ha3",7.12691094135503
"ENSRNOG00000014869","Wdr31",7.12496640330026
"ENSRNOG00000033693","Naip6",7.1247899643908
"ENSRNOG00000015498","Il17rb",7.12446245681086
"ENSRNOG00000001770","Ehhadh",7.1241370181863
"ENSRNOG00000033624","Zfp426",7.12328268089604
"ENSRNOG00000020013","Psrc1",7.12240775003955
"ENSRNOG00000059097","Ddx60",7.1217915872921
"ENSRNOG00000010365","Syn1",7.12104409210649
"ENSRNOG00000042912","Mycbpap",7.12064814343953
"ENSRNOG00000021103","Nrxn2",7.11948860875038
"ENSRNOG00000045733","2310002L09Rikl",7.11929288611351
"ENSRNOG00000011310","Pde10a",7.11890423258513
"ENSRNOG00000048881","Pilrb2l3",7.11881141040483
"ENSRNOG00000004242","Pole2",7.11596975023121
"ENSRNOG00000022871","2610008E11Rikl",7.11594816641583
"ENSRNOG00000031579","Rps24l7",7.11545857172128
"ENSRNOG00000027109","Cimap1c",7.11538980721061
"ENSRNOG00000030101","Traip",7.1152733157893
"ENSRNOG00000058940","Rab11fip1",7.11467701774407
"ENSRNOG00000027238","Jrk",7.1145505299457
"ENSRNOG00000042897","Nmrk2",7.11383151421101
"ENSRNOG00000024364","Enkd1",7.11373896281536
"ENSRNOG00000051442","Zfp11",7.11280644000873
"ENSRNOG00000014973","Tekt1",7.1123031178379
"ENSRNOG00000032417","Gabrp",7.1117625899156
"ENSRNOG00000057645","Micb",7.11172654302182
"ENSRNOG00000015678","Spata1",7.11141449490311
"ENSRNOG00000015520","Ticrr",7.11078201819196
"ENSRNOG00000011367","Cyp2r1",7.11007172109605
"ENSRNOG00000052510","Wnt10a",7.10953524635426
"ENSRNOG00000013072","Plxna4",7.10952751911059
"ENSRNOG00000013884","Psd3",7.10935910223868
"ENSRNOG00000032246","Acsm3",7.10910820188286
"ENSRNOG00000055650","Pou2f2",7.10873336888786
"ENSRNOG00000001367","Gpc2",7.10835115329414
"ENSRNOG00000038483","Tnfrsf10b",7.10771187859517
"ENSRNOG00000011451","Lrp3",7.10708808877718
"ENSRNOG00000006086","Lynx1",7.10705688210489
"ENSRNOG00000021856","Lat2",7.10681348189486
"ENSRNOG00000057945","Fancg",7.10597822922126
"ENSRNOG00000036794","Asb16",7.10467524142866
"ENSRNOG00000003956","Arhgap6",7.10449897865868
"ENSRNOG00000010275","Slc17a9",7.10394884634502
"ENSRNOG00000001130","Nos1",7.10339649737445
"ENSRNOG00000005707","Bfsp1",7.10332688948435
"ENSRNOG00000023085","Pmel",7.10326754892007
"ENSRNOG00000016763","Fgfr4",7.10197136092217
"ENSRNOG00000000693","Svop",7.10082640317186
"ENSRNOG00000046280","Tceal5",7.10054626348538
"ENSRNOG00000042496","Cyp4f5",7.10015634615023
"ENSRNOG00000057826","Diaph2",7.09980787483931
"ENSRNOG00000037211","Kif14",7.09943197026417
"ENSRNOG00000050553","Atp6v1c2",7.09890317127801
"ENSRNOG00000021478","Tpd52l1",7.09848028424075
"ENSRNOG00000010701","Depdc1b",7.09826374560237
"ENSRNOG00000014248","Erbb4",7.0971188120376
"ENSRNOG00000022921","Dact2",7.09558797406154
"ENSRNOG00000014573","Ckmt1",7.09541005087675
"ENSRNOG00000017967","Asb13",7.09468489141394
"ENSRNOG00000008356","Myo5c",7.09369702444782
"ENSRNOG00000020164","Ifitm10",7.09345616653968
"ENSRNOG00000000857","Msh5",7.09297673293366
"ENSRNOG00000000012","Tcf15",7.09242639467021
"ENSRNOG00000021472","Ermn",7.09048005902965
"ENSRNOG00000017473","Odad4",7.08919344096326
"ENSRNOG00000055292","LOC120102832",7.08898153147269
"ENSRNOG00000036880","Arl5c",7.0882832244961
"ENSRNOG00000010098","Plek2",7.08756827216216
"ENSRNOG00000031515","Klra2",7.08718021994551
"ENSRNOG00000015502","Slc35a3",7.08692666299837
"ENSRNOG00000048187","Epop",7.08677072456968
"ENSRNOG00000010063","Htr2a",7.08646755314781
"ENSRNOG00000012752","Cklf",7.08577286004558
"ENSRNOG00000004649","Il1b",7.08567414010959
"ENSRNOG00000029244","Pcdhb10",7.08542934353482
"ENSRNOG00000025212","Rpl15l1",7.08531752136944
"ENSRNOG00000019022","Fam89a",7.08517409353762
"ENSRNOG00000050090","Slc6a17",7.08480111881719
"ENSRNOG00000010917","Bmp5",7.08446185173754
"ENSRNOG00000001073","Mtrfr",7.08358549489234
"ENSRNOG00000001874","Slc7a4",7.08264907462945
"ENSRNOG00000007250","Six4",7.08238713900831
"ENSRNOG00000033734","Tnnt2",7.08192616829736
"ENSRNOG00000033979","Eif1-ps8",7.08148720937882
"ENSRNOG00000028743","Gal3st3",7.08096966050187
"ENSRNOG00000001482","Gtf2ird2",7.08013646348172
"ENSRNOG00000022792","Lamp3",7.08007397891286
"ENSRNOG00000021463","Ppara",7.08001545532235
"ENSRNOG00000050554","C1h10orf143",7.07992801195497
"ENSRNOG00000049770","Cryba4",7.07959791785577
"ENSRNOG00000015727","Loxl4",7.07955881737793
"ENSRNOG00000032807","LOC100359505",7.07934782961816
"ENSRNOG00000008515","Tmem45b",7.07927371681628
"ENSRNOG00000025643","Ccdc13",7.0790759147796
"ENSRNOG00000050111","Cenpo",7.07767328188558
"ENSRNOG00000008885","Chst11",7.07764416325031
"ENSRNOG00000003073","Gpr161",7.07686424605228
"ENSRNOG00000004614","Lypd6b",7.07617626194792
"ENSRNOG00000005810","Nlrc4",7.07597388093468
"ENSRNOG00000020669","Ovol1",7.07560693563287
"ENSRNOG00000029871","Slc8a3",7.07558801616916
"ENSRNOG00000048148","Ly6l",7.07502876970999
"ENSRNOG00000004197","Asb12",7.07465884305141
"ENSRNOG00000013862","Dusp2",7.07296833447382
"ENSRNOG00000013928","Dsp",7.07275969824556
"ENSRNOG00000003716","Batf3",7.07250793140678
"ENSRNOG00000000156","Megf6",7.07232656922865
"ENSRNOG00000010078","Spag1",7.07227683514684
"ENSRNOG00000018382","Inpp4b",7.07172003798677
"ENSRNOG00000013312","Kcnt2",7.07128840246051
"ENSRNOG00000014585","Cfap53",7.07126603298198
"ENSRNOG00000012862","Spsb4",7.07117959891069
"ENSRNOG00000021945","Ccdc184",7.07083981389644
"ENSRNOG00000003726","Scml2",7.07028597603075
"ENSRNOG00000026770","Tspy26",7.06986781255629
"ENSRNOG00000019612","Haghl",7.06959212667343
"ENSRNOG00000037710","Calr4",7.06886682867223
"ENSRNOG00000050024","Ms4a4a",7.06874077949636
"ENSRNOG00000010092","Magix",7.06814118019248
"ENSRNOG00000007118","Eva1a",7.0676911399238
"ENSRNOG00000026907","Zbtb37",7.06721539935402
"ENSRNOG00000021063","Grin2d",7.06702436785491
"ENSRNOG00000006925","Zfp786",7.06652332900933
"ENSRNOG00000008471","Kif21b",7.0661896203944
"ENSRNOG00000021966","Il17rd",7.06545204512026
"ENSRNOG00000017365","Klhl35",7.06376003639805
"ENSRNOG00000006003","Ctnna2",7.06294396308408
"ENSRNOG00000005433","Shq1",7.06252056748099
"ENSRNOG00000002525","Ptgs2",7.06249293762139
"ENSRNOG00000006661","Rad51c",7.06047120337631
"ENSRNOG00000018760","Mpp7",7.0604626208241
"ENSRNOG00000025998","Crybg1",7.06016063258916
"ENSRNOG00000055557","Tktl1",7.05914102483899
"ENSRNOG00000042777","Zfp28",7.05910090921762
"ENSRNOG00000024733","Mnd1",7.0588903611993
"ENSRNOG00000006611","Nostrin",7.05868073748624
"ENSRNOG00000009434","Inhca",7.05863362512847
"ENSRNOG00000019050","Ifit1",7.05793940899253
"ENSRNOG00000004640","Mtfp1",7.05667499118325
"ENSRNOG00000017223","Plg",7.05622369977162
"ENSRNOG00000008596","Ttll9",7.05620331362185
"ENSRNOG00000024651","Greb1",7.05509337894376
"ENSRNOG00000029318","Tyrp1",7.05430111673128
"ENSRNOG00000009613","Sh3bgrl2",7.05416971253027
"ENSRNOG00000002922","Adora2b",7.05363567381081
"ENSRNOG00000011201","Cmtm8",7.05352722049789
"ENSRNOG00000009580","Lca5",7.05331254731149
"ENSRNOG00000014052","Ccna1",7.05313881668473
"ENSRNOG00000036682","Pycr1",7.05292082742891
"ENSRNOG00000020087","Zfp90",7.0522614237502
"ENSRNOG00000055221","Acot1",7.05208743772649
"ENSRNOG00000011160","Sv2b",7.05177036370663
"ENSRNOG00000010736","Pbx4",7.05166471152058
"ENSRNOG00000031003","Zfp764",7.05135820444277
"ENSRNOG00000004195","Dtl",7.04986403013339
"ENSRNOG00000005691","Rnf32",7.04969466048957
"ENSRNOG00000011435","Osbpl10",7.04903821689165
"ENSRNOG00000049054","Ntsr2",7.04801115952385
"ENSRNOG00000026953","Gpr88",7.04746304563715
"ENSRNOG00000014464","Tnfsf13b",7.04707228282673
"ENSRNOG00000024111","Cage1",7.04697234020645
"ENSRNOG00000010045","Clec4a",7.04570533504036
"ENSRNOG00000001313","Gnaz",7.04512843344548
"ENSRNOG00000014156","Fut7",7.04471411677197
"ENSRNOG00000016219","Vnn1",7.04462155252951
"ENSRNOG00000009448","Papln",7.04416747511312
"ENSRNOG00000020908","Hrob",7.04383714137689
"ENSRNOG00000005530","Rps6kl1",7.04354010201655
"ENSRNOG00000007391","Hes7",7.04350882424106
"ENSRNOG00000028584","Alkbh2",7.04334596446077
"ENSRNOG00000009649","Slitrk5",7.04333468116585
"ENSRNOG00000014218","Tmem25",7.04260835027484
"ENSRNOG00000010378","Slc4a5",7.04208123753
"ENSRNOG00000033744","Rasgrp4",7.04183507519607
"ENSRNOG00000024420","Eme1",7.04042304522281
"ENSRNOG00000005854","Angpt1",7.03944709496516
"ENSRNOG00000049498","Nat1",7.03927885250848
"ENSRNOG00000010992","Hspb3",7.03915590499687
"ENSRNOG00000007879","Stk26",7.03836706059974
"ENSRNOG00000028100","Pex11g",7.03800370661958
"ENSRNOG00000049028","C5ar2",7.03743706270264
"ENSRNOG00000014021","Matn4",7.03716223250053
"ENSRNOG00000039249","Rpl31l15",7.03699945290533
"ENSRNOG00000023233","Zfp658",7.03669572686434
"ENSRNOG00000015365","Col4a3",7.03669333326554
"ENSRNOG00000016203","Efna2",7.03404871635011
"ENSRNOG00000027808","Lilra5",7.03387033749421
"ENSRNOG00000030714","Bsn",7.03381701317075
"ENSRNOG00000054561","Isg20",7.03291946987906
"ENSRNOG00000001864","Tmem191c",7.03242928041682
"ENSRNOG00000007900","Tspan33",7.03159299903208
"ENSRNOG00000002212","Hsd17b13",7.03151837370091
"ENSRNOG00000010430","Tmem40",7.03124070739164
"ENSRNOG00000011112","Fam161b",7.03050900505597
"ENSRNOG00000014678","Fzd5",7.03001448506606
"ENSRNOG00000003634","Zfp354a",7.02966528395778
"ENSRNOG00000004201","Rims2",7.02889784525211
"ENSRNOG00000039596","Prob1",7.02816493334356
"ENSRNOG00000017333","Syt4",7.02794367603159
"ENSRNOG00000010244","Sarm1",7.02773352902805
"ENSRNOG00000015368","Pdilt",7.02567482105704
"ENSRNOG00000004022","Klhdc9",7.02559916801599
"ENSRNOG00000005450","Lsm11",7.02521588982246
"ENSRNOG00000020389","Capn12",7.0244273320393
"ENSRNOG00000014477","Acvr2b",7.02413452239581
"ENSRNOG00000007142","B3gat1",7.02371505197293
"ENSRNOG00000011074","Calcb",7.02325238146423
"ENSRNOG00000036659","Fn3k",7.02227387457593
"ENSRNOG00000056219","Olr1",7.02046496898559
"ENSRNOG00000013944","Zc3hav1l",7.02001298869458
"ENSRNOG00000027099","Fbxl2",7.01857245128458
"ENSRNOG00000061450","Homer2",7.01824051453209
"ENSRNOG00000009058","Spata21",7.0181365230077
"ENSRNOG00000038183","Heatr4",7.01724373098712
"ENSRNOG00000034191","Fmo1",7.01703935767838
"ENSRNOG00000010625","Dnmt3b",7.01650233167386
"ENSRNOG00000031335","Ankrd37",7.01599308465949
"ENSRNOG00000019249","Ap3b2",7.01580505867696
"ENSRNOG00000024429","Peg12",7.01559578222747
"ENSRNOG00000039969","Dsc2",7.01549346676358
"ENSRNOG00000050453","Fbxo27",7.01543440796914
"ENSRNOG00000026874","Zfp956",7.01530484725183
"ENSRNOG00000019706","Phox2a",7.01394486893878
"ENSRNOG00000028273","Tmem150b",7.01288260524943
"ENSRNOG00000019461","Zbtb3",7.01186976736322
"ENSRNOG00000013380","Rhov",7.01165167420281
"ENSRNOG00000013925","Nox4",7.01155080358692
"ENSRNOG00000036603","Ifit1bl",7.011547434405
"ENSRNOG00000045615","Tha1",7.01115739627224
"ENSRNOG00000046744","Ankrd29",7.01111366244586
"ENSRNOG00000028919","Zfp868",7.0107354363075
"ENSRNOG00000000277","Tet1",7.01066152210815
"ENSRNOG00000000956","Rasl11a",7.01037616929352
"ENSRNOG00000004265","Dipk2b",7.00950927176865
"ENSRNOG00000009932","Mctp2",7.00930271824078
"ENSRNOG00000046480","Zfp764l1",7.00869985158518
"ENSRNOG00000004572","Zfp472",7.00787023383583
"ENSRNOG00000017485","Cd72",7.00715113103403
"ENSRNOG00000021217","Itga10",7.00711112883065
"ENSRNOG00000007420","Hrh1",7.00643818262633
"ENSRNOG00000021560","Cass4",7.00504787486003
"ENSRNOG00000010545","Mrap2",7.00480316506501
"ENSRNOG00000032376","C16h8orf48",7.00416621011764
"ENSRNOG00000047175","Cryaa",7.0038224846008
"ENSRNOG00000037251","Zfp248",7.0036481817174
"ENSRNOG00000029911","Cilp",7.00325279240226
"ENSRNOG00000042741","Adgb",7.00324475790279
"ENSRNOG00000029811","Kcne2",7.00302595559267
"ENSRNOG00000003244","Ltc4s",7.0029788847966
"ENSRNOG00000003443","Klf1",7.00215162650187
"ENSRNOG00000003742","Cdkl5",7.00205432737108
"ENSRNOG00000030981","Scnn1b",7.00160636400155
"ENSRNOG00000018254","Sncaip",7.00127756291133
"ENSRNOG00000002161","Tlr6",7.00035444520454
"ENSRNOG00000008806","Clip4",7.00028418357933
"ENSRNOG00000026807","Ttc41",7.00004303459033
"ENSRNOG00000029598","Robo2",6.99852390120457
"ENSRNOG00000023064","Catsper2",6.9983342194222
"ENSRNOG00000005572","Ndufb11b",6.99817510585649
"ENSRNOG00000002540","Rhoh",6.99767613120549
"ENSRNOG00000010392","Nrg1",6.99716747645289
"ENSRNOG00000008177","Pim2",6.99702509085347
"ENSRNOG00000042059","Rccd1",6.99567861473354
"ENSRNOG00000014882","Fgf11",6.99565230507844
"ENSRNOG00000015259","Pth2r",6.99506347570729
"ENSRNOG00000046121","Cd300c",6.99495877287743
"ENSRNOG00000007931","Gucy2d",6.9947043155899
"ENSRNOG00000002537","Wnk3",6.99411010470078
"ENSRNOG00000008536","Actc1",6.99364928798971
"ENSRNOG00000004440","Fignl1",6.99363027117291
"ENSRNOG00000042717","Ciart",6.99254398803176
"ENSRNOG00000007706","Prkaa2",6.99225402182266
"ENSRNOG00000001419","Cldn15",6.99196594889073
"ENSRNOG00000028259","Mcemp1",6.99060131998967
"ENSRNOG00000028072","Chit1",6.9903572652742
"ENSRNOG00000047503","Apoc3",6.99021079379361
"ENSRNOG00000007666","Cacnb4",6.99004519014806
"ENSRNOG00000059765","Asic1",6.99002834710912
"ENSRNOG00000017693","Slc2a5",6.9894638779567
"ENSRNOG00000015105","Bspry",6.98901153692869
"ENSRNOG00000052873","Npnt",6.98838442153973
"ENSRNOG00000018005","Duoxa1",6.98793212351938
"ENSRNOG00000007636","Cadps2",6.98780461718316
"ENSRNOG00000023412","Tmem241",6.98749826789033
"ENSRNOG00000011478","Ackr4",6.98702273017334
"ENSRNOG00000045738","Ak4",6.98667092081146
"ENSRNOG00000009032","Ttll3",6.98657254962717
"ENSRNOG00000012119","Nek2l1",6.9854617612333
"ENSRNOG00000053439","Gabpb1l",6.98531954425692
"ENSRNOG00000047046","Plin4",6.98423033960511
"ENSRNOG00000045553","Proser2",6.98300082876877
"ENSRNOG00000022946","Slc22a3",6.98247530003444
"ENSRNOG00000015357","Bmper",6.98153504461065
"ENSRNOG00000027582","Dpysl4",6.98075987399251
"ENSRNOG00000028207","Colgalt2",6.98062222997108
"ENSRNOG00000015578","Tnk1",6.97950485174143
"ENSRNOG00000011376","Bbof1",6.9779889362676
"ENSRNOG00000018378","Cacnb2",6.97793104282458
"ENSRNOG00000039856","Lrrc73",6.97776038022708
"ENSRNOG00000001187","Oasl",6.97688283765913
"ENSRNOG00000028752","Tmem81",6.97615577789531
"ENSRNOG00000007680","Fhl5",6.97610469124497
"ENSRNOG00000000860","Vwa7",6.97479001685544
"ENSRNOG00000014320","Inhba",6.9747105372655
"ENSRNOG00000004682","Parpbp",6.97429087418945
"ENSRNOG00000004207","Eml5",6.97380305760577
"ENSRNOG00000031540","LOC100362384",6.97378085962914
"ENSRNOG00000025130","Ltk",6.97270867134216
"ENSRNOG00000060129","Zfp655",6.97256730154562
"ENSRNOG00000017429","Lat",6.97118552890442
"ENSRNOG00000026702","Jaml",6.97105564688501
"ENSRNOG00000025065","Airim",6.96980160757016
"ENSRNOG00000005132","Slc52a3",6.96893171065858
"ENSRNOG00000037124","Fam227b",6.96867855394187
"ENSRNOG00000033722","Rnf207",6.96845465925253
"ENSRNOG00000020849","Hcst",6.96839432048941
"ENSRNOG00000035583","Mir3546",6.96838382747401
"ENSRNOG00000010111","Exoc3l4",6.96813899293102
"ENSRNOG00000021510","Tbc1d10c",6.96800632879423
"ENSRNOG00000021380","Fads6",6.96786488151504
"ENSRNOG00000061304","Atp2b3",6.96776106318463
"ENSRNOG00000002916","Ca4",6.96771866744581
"ENSRNOG00000010172","Mkrn3",6.96731965380861
"ENSRNOG00000004870","Dyrk3",6.96726391379696
"ENSRNOG00000047276","Pkml1",6.9669371609569
"ENSRNOG00000016432","Samd13",6.96649136015327
"ENSRNOG00000006970","Ntn3",6.96638672082114
"ENSRNOG00000018131","Slc16a4",6.96570149948822
"ENSRNOG00000033844","Bex1",6.96539786683661
"ENSRNOG00000015024","Mcoln3",6.96493687604587
"ENSRNOG00000022893","Rimbp2",6.96423098938391
"ENSRNOG00000002471","Polq",6.96331488807579
"ENSRNOG00000003134","Slc4a4",6.9619589156768
"ENSRNOG00000018143","Hpdl",6.96125573974957
"ENSRNOG00000042888","Cdyl2",6.96094042377495
"ENSRNOG00000018712","Camk2a",6.9600839878922
"ENSRNOG00000059456","Grk3",6.96005570788088
"ENSRNOG00000021420","Tirap",6.95952830401425
"ENSRNOG00000010532","Abitram",6.95947915806748
"ENSRNOG00000032539","Spag8",6.95941636953825
"ENSRNOG00000021724","Ptprcap",6.95782377257844
"ENSRNOG00000058899","Snord49a",6.95760532516594
"ENSRNOG00000052017","Dio3",6.95639438705873
"ENSRNOG00000014642","Morn1",6.95628536081525
"ENSRNOG00000031448","Stpg1",6.95615282181156
"ENSRNOG00000004461","Flywch2",6.9560159049325
"ENSRNOG00000004483","Ptprr",6.95582904043227
"ENSRNOG00000009588","Snph",6.95568899532838
"ENSRNOG00000010994","Has1",6.95532293034185
"ENSRNOG00000000316","Sobp",6.95472763242302
"ENSRNOG00000010497","Stra6l",6.95470690399873
"ENSRNOG00000031247","Lekr1",6.95440296202802
"ENSRNOG00000026162","Cetn4",6.95429719418766
"ENSRNOG00000021578","Rab40c",6.95328373899687
"ENSRNOG00000002396","Serpinb8",6.95311563166422
"ENSRNOG00000016041","Zc3h12d",6.95087312590833
"ENSRNOG00000028844","Slc9a5",6.95062412321835
"ENSRNOG00000058654","Mex3a",6.95019138999839
"ENSRNOG00000008000","Syt13",6.9498902212928
"ENSRNOG00000011094","Efcab6",6.9497029292353
"ENSRNOG00000039837","Jade3",6.94901592468226
"ENSRNOG00000011420","Mtmr7",6.94864540996669
"ENSRNOG00000061814","Dgcr2",6.94849081091365
"ENSRNOG00000003893","Ccnjl",6.94788589048726
"ENSRNOG00000004932","Sel1l3",6.94779793361432
"ENSRNOG00000021796","C10h16orf89",6.94723536376828
"ENSRNOG00000017503","Ppargc1b",6.94705702081673
"ENSRNOG00000047697","Ggt1",6.94697875728528
"ENSRNOG00000010802","Ube3d",6.94655194555406
"ENSRNOG00000006617","Cntnap2",6.94565758819095
"ENSRNOG00000016760","Kctd19",6.94472474178647
"ENSRNOG00000021370","Ccdc69",6.94471038764894
"ENSRNOG00000011861","Aadat",6.94329277440578
"ENSRNOG00000050072","Jmjd7",6.94281659114768
"ENSRNOG00000049442","Rps28-ps1",6.94254753319406
"ENSRNOG00000009871","Piwil2",6.94143619280478
"ENSRNOG00000004441","Fcmr",6.94073579333214
"ENSRNOG00000050420","Krt5",6.94056846442833
"ENSRNOG00000006767","Cst7",6.94049699603682
"ENSRNOG00000011646","Rem2",6.94046699336911
"ENSRNOG00000050758","Epc2l1",6.94014125464687
"ENSRNOG00000012030","Wwox",6.93993895868884
"ENSRNOG00000001173","Cabp1",6.93988609905911
"ENSRNOG00000012280","Ptx3",6.93889927251075
"ENSRNOG00000029980","Zbtb16",6.93881834095365
"ENSRNOG00000038068","Pcdh9",6.93873697807309
"ENSRNOG00000021355","Ca6",6.93859259304402
"ENSRNOG00000022711","Slco4c1",6.93810797902063
"ENSRNOG00000022268","Pnpla3",6.93770779931972
"ENSRNOG00000030180","Lrrc10b",6.93762392048621
"ENSRNOG00000058243","Rfx8",6.93732373714059
"ENSRNOG00000033087","Cdh23",6.93724199666342
"ENSRNOG00000013428","Atp6v0a4",6.93702626500745
"ENSRNOG00000018039","Sncb",6.93628775492174
"ENSRNOG00000022932","Serhl2",6.93620612170892
"ENSRNOG00000002459","Fbxo40",6.93553778439864
"ENSRNOG00000025551","Rgs22",6.9354332735796
"ENSRNOG00000026252","E2f7",6.93512327499383
"ENSRNOG00000058030","Zfp748-ps1",6.93507406201084
"ENSRNOG00000017399","Acrbp",6.93460798906143
"ENSRNOG00000013465","Spmip8",6.93377364521617
"ENSRNOG00000011955","Rplp1l1",6.93358632156334
"ENSRNOG00000008862","Abcg4",6.93349666313388
"ENSRNOG00000008839","Pparg",6.9334083799554
"ENSRNOG00000014152","Kcnip3",6.93339040507614
"ENSRNOG00000006958","Zfp12",6.93331241831361
"ENSRNOG00000029529","Eef1akmt4",6.93302479838649
"ENSRNOG00000013196","Dok5",6.93296424614555
"ENSRNOG00000007647","Oprk1",6.93290778129087
"ENSRNOG00000042201","Efcab2",6.93264673592888
"ENSRNOG00000014698","Chrnb1",6.9323104139935
"ENSRNOG00000013232","Nr6a1",6.93132962521827
"ENSRNOG00000015945","Cd3g",6.93051900017781
"ENSRNOG00000004476","Wif1",6.93051537389579
"ENSRNOG00000053015","Cfap119",6.93007555248596
"ENSRNOG00000011826","Lzts1",6.92995524633621
"ENSRNOG00000056826","Arap2",6.92902032098223
"ENSRNOG00000036726","Cd300e",6.92885632036168
"ENSRNOG00000033490","Vsig2",6.9282757366936
"ENSRNOG00000006998","Fhl4",6.92673073159238
"ENSRNOG00000002469","Trim7",6.92631414838753
"ENSRNOG00000014987","Mdfi",6.92610236648901
"ENSRNOG00000011271","Mcc",6.92604360873382
"ENSRNOG00000004730","Meis2",6.92569692524882
"ENSRNOG00000013847","Nova2",6.92559838763339
"ENSRNOG00000045949","Faah",6.92559060148146
"ENSRNOG00000037339","Siglec10",6.92550731584209
"ENSRNOG00000019614","Ptpn22",6.92511024007816
"ENSRNOG00000008346","Itgb6",6.92467519847694
"ENSRNOG00000026979","Matcap2",6.92440469934109
"ENSRNOG00000020706","Kcnn3",6.92357011206004
"ENSRNOG00000017684","Fbxl22",6.92184581042966
"ENSRNOG00000025378","Kash5",6.92116585591015
"ENSRNOG00000018693","Asgr1",6.92044145159721
"ENSRNOG00000009726","Grip2",6.92043641261259
"ENSRNOG00000008245","Ptgis",6.91994320168503
"ENSRNOG00000043223","Zfp949",6.91929542404268
"ENSRNOG00000054314","Kcng1",6.91920926732198
"ENSRNOG00000055640","Snord65",6.91887390764217
"ENSRNOG00000025676","Gask1a",6.91877344595814
"ENSRNOG00000004473","Ppargc1a",6.91845851663262
"ENSRNOG00000011181","Cpa3",6.91824643353988
"ENSRNOG00000024000","Cd22",6.91818842340427
"ENSRNOG00000009694","Bmp4",6.91722057894404
"ENSRNOG00000055530","Panx2",6.91687284194118
"ENSRNOG00000016330","Rbm12b",6.91514403651647
"ENSRNOG00000047699","Snai2",6.91465606494402
"ENSRNOG00000051819","Sdr42e1",6.91432441979774
"ENSRNOG00000029756","P2ry13",6.91391003699084
"ENSRNOG00000016883","Entpd7",6.91325410669211
"ENSRNOG00000045560","Gvin1",6.91292156327868
"ENSRNOG00000037295","Poc1a",6.91264383682497
"ENSRNOG00000024201","Fer1l5",6.91243974716564
"ENSRNOG00000024688","Erfe",6.91208131747108
"ENSRNOG00000024825","Fam163a",6.91203636318478
"ENSRNOG00000049203","Pex5",6.90972448261216
"ENSRNOG00000030771","Dgkb",6.90969768634471
"ENSRNOG00000026951","Susd5",6.90942757231221
"ENSRNOG00000003603","Arhgap44",6.90921921275628
"ENSRNOG00000022030","Aunip",6.9091864137856
"ENSRNOG00000062220","Cenpp",6.90915389672504
"ENSRNOG00000010942","Gk5",6.90901866230415
"ENSRNOG00000022155","C4h3orf20",6.90864244372434
"ENSRNOG00000011490","Angptl8",6.90829714385729
"ENSRNOG00000038819","Cfap96",6.90772718633589
"ENSRNOG00000038746","Bco2",6.90765772780763
"ENSRNOG00000000001","Arsj",6.90742789135186
"ENSRNOG00000023679","Prdm5",6.90659062417853
"ENSRNOG00000059219","Myo15a",6.90619916177762
"ENSRNOG00000028377","Mpl",6.90425054191986
"ENSRNOG00000005711","Ptprd",6.90401109106428
"ENSRNOG00000046635","Cdca5",6.90400797051622
"ENSRNOG00000024580","Mamstr",6.90374289017885
"ENSRNOG00000026432","Syt7",6.90179058793079
"ENSRNOG00000038197","Cd226",6.90153278948133
"ENSRNOG00000020263","Atp1a3",6.90068382366489
"ENSRNOG00000005669","Ca8",6.90019881837676
"ENSRNOG00000047924","Zbtb7c",6.89887183334341
"ENSRNOG00000003732","Flrt2",6.8956407825444
"ENSRNOG00000021670","Frem2",6.89548152051963
"ENSRNOG00000016391","Arid4b",6.89501860498958
"ENSRNOG00000059720","Syp",6.89475784368082
"ENSRNOG00000048817","Gspt2",6.89390933986545
"ENSRNOG00000009902","Lrrc46",6.89380887265202
"ENSRNOG00000030750","Zfp2",6.89276955079386
"ENSRNOG00000037718","Cfap52",6.89267390977454
"ENSRNOG00000018336","Eps8l2",6.89221698332304
"ENSRNOG00000059622","Pigb",6.89209040410834
"ENSRNOG00000007869","Wscd1",6.89140412131205
"ENSRNOG00000008600","Sytl1",6.89111143059263
"ENSRNOG00000046191","Cgas",6.88966793837182
"ENSRNOG00000007202","Sema3d",6.88893593736699
"ENSRNOG00000060435","Kcnq4",6.88713530535004
"ENSRNOG00000008539","Lgals2",6.88621993698279
"ENSRNOG00000029078","Hmgn5",6.88594842088394
"ENSRNOG00000039530","Ccl27",6.88515257547221
"ENSRNOG00000060649","LOC120096374",6.88456378349958
"ENSRNOG00000025596","Ago4",6.88440181348644
"ENSRNOG00000003762","Smarca1",6.88430789723237
"ENSRNOG00000055078","Cyp4b1",6.88408641585643
"ENSRNOG00000021134","Anxa9",6.88318122640346
"ENSRNOG00000008031","Cacna2d4",6.88316058523745
"ENSRNOG00000019424","Aspdh",6.88279617315203
"ENSRNOG00000050968","Ptger2",6.88213398975274
"ENSRNOG00000059572","Tsen34",6.88207632402141
"ENSRNOG00000011193","Hmgcll1",6.88114528641723
"ENSRNOG00000033906","Zfp667",6.88069583092094
"ENSRNOG00000035620","Mir22",6.88059717992572
"ENSRNOG00000008728","Unc79",6.88005295159321
"ENSRNOG00000019059","Zfp1",6.8800199108915
"ENSRNOG00000058283","Snora6",6.8792739124432
"ENSRNOG00000037275","Tlcd2",6.87891191672868
"ENSRNOG00000019533","Klhl3",6.87673139190074
"ENSRNOG00000015850","Rbp7",6.87625910661449
"ENSRNOG00000005726","Pclo",6.8762242125809
"ENSRNOG00000030416","Zfp870",6.87602014780864
"ENSRNOG00000033234","Ccrl2",6.87508949045401
"ENSRNOG00000033064","Edil3",6.87385811547448
"ENSRNOG00000014104","Myo5b",6.87259997041543
"ENSRNOG00000015972","Ano5",6.87121988164014
"ENSRNOG00000046195","Slc22a4",6.87121217074907
"ENSRNOG00000055936","Trnp1",6.87088068849254
"ENSRNOG00000004448","Acss3",6.87049373292977
"ENSRNOG00000055908","Snora28",6.8691744392562
"ENSRNOG00000005154","Alkal2",6.86900040934828
"ENSRNOG00000017918","Iglon5",6.86846060891606
"ENSRNOG00000018611","Tpsb2",6.8671979624055
"ENSRNOG00000005009","Zfp3",6.86648829563021
"ENSRNOG00000018003","F2rl1",6.86648675189729
"ENSRNOG00000002979","Tbx19",6.86638377513359
"ENSRNOG00000001391","Sdsl",6.86637751759579
"ENSRNOG00000025883","Ip6k3",6.86541214634537
"ENSRNOG00000007907","Tmem178a",6.8646286648471
"ENSRNOG00000002224","Yipf7",6.86394121861318
"ENSRNOG00000061004","Asphd2",6.86283925440033
"ENSRNOG00000042326","Smpdl3b",6.86262821232401
"ENSRNOG00000011205","Ccl3",6.86260302652555
"ENSRNOG00000053795","Snord45a",6.86246591651615
"ENSRNOG00000002862","Clcn5",6.86236617463634
"ENSRNOG00000032822","LOC120094652",6.8622999587815
"ENSRNOG00000025327","Tert",6.86183750317876
"ENSRNOG00000008588","Batf",6.86154755150815
"ENSRNOG00000009447","Fam221a",6.86101483250326
"ENSRNOG00000025823","Rbm46",6.86080843493871
"ENSRNOG00000005857","Lrrc3b",6.86036830582212
"ENSRNOG00000008919","Arpp21",6.85950364586908
"ENSRNOG00000019414","Tmem79",6.85943799231134
"ENSRNOG00000053898","LOC120101240",6.85915795819429
"ENSRNOG00000009450","Hcn4",6.85893681196052
"ENSRNOG00000037835","Catip",6.85752550996803
"ENSRNOG00000009033","Cntn2",6.85744078323229
"ENSRNOG00000017092","Zfp169",6.85738872306272
"ENSRNOG00000013240","Ptger4",6.85726507219557
"ENSRNOG00000053820","Zcwpw2",6.85718250787681
"ENSRNOG00000021130","Abcc8",6.85714603581839
"ENSRNOG00000046683","Lilrb3",6.85662813475891
"ENSRNOG00000006515","Klhl15",6.85660464319498
"ENSRNOG00000003748","Tasl",6.85631373296614
"ENSRNOG00000007408","Ebf4",6.85620327561521
"ENSRNOG00000025923","Zmiz2",6.85547869340804
"ENSRNOG00000028892","Prr36",6.85392574136941
"ENSRNOG00000017686","Pi15",6.85382825252522
"ENSRNOG00000016620","Csnk1g1",6.85296093424573
"ENSRNOG00000010325","Ptger3",6.85295886476753
"ENSRNOG00000036942","Tnfrsf9",6.85250045923706
"ENSRNOG00000019368","Scnn1a",6.85231638521028
"ENSRNOG00000010663","Col6a5",6.85205817275523
"ENSRNOG00000016894","Dnd1",6.85156827722592
"ENSRNOG00000015211","Sass6",6.85120537009298
"ENSRNOG00000011585","Fat3",6.85119655856469
"ENSRNOG00000015768","Nat8f5",6.85051890415965
"ENSRNOG00000056374","Zfp933",6.84918422809305
"ENSRNOG00000013147","Cacna1d",6.84864486060884
"ENSRNOG00000048394","Zfp560",6.84830932119026
"ENSRNOG00000018321","Sytl3",6.84756392381111
"ENSRNOG00000005955","Naalad2",6.84708620183922
"ENSRNOG00000011675","Zfp40",6.84679636151346
"ENSRNOG00000033351","Zfp869",6.84511364033675
"ENSRNOG00000042747","Fam72a",6.84491047531618
"ENSRNOG00000021659","Acp4",6.84418087681825
"ENSRNOG00000022555","Msantd5",6.84381153288043
"ENSRNOG00000008492","Cfap45",6.8436257941798
"ENSRNOG00000006723","Itga11",6.84359734067239
"ENSRNOG00000012090","Slc16a8",6.84299182535127
"ENSRNOG00000008137","Cdk18",6.84280363276531
"ENSRNOG00000004317","Vipr2",6.84260050557882
"ENSRNOG00000018236","Cym",6.84232217859869
"ENSRNOG00000021521","Chst6",6.84207242989173
"ENSRNOG00000015137","Spata6l",6.84003131966138
"ENSRNOG00000020563","Cma1",6.83995928464708
"ENSRNOG00000020242","Art5",6.83955078774727
"ENSRNOG00000017157","Trim69",6.83938920499464
"ENSRNOG00000010888","Ankrd33b",6.83938283056039
"ENSRNOG00000023452","Ciroz",6.83920669250657
"ENSRNOG00000012876","Slc6a13",6.83886805298227
"ENSRNOG00000015271","Zfp418",6.83738561620274
"ENSRNOG00000002408","Rbm47",6.83705331465531
"ENSRNOG00000012686","Pomc",6.83459679143639
"ENSRNOG00000005370","S1pr4",6.83348279982887
"ENSRNOG00000009487","Gpr160",6.83314733510309
"ENSRNOG00000010911","Tmem108",6.83200911302719
"ENSRNOG00000006932","Dock2",6.83192862974104
"ENSRNOG00000039472","Pcdhb16l",6.83142957897537
"ENSRNOG00000031506","LOC100360087",6.83121962637623
"ENSRNOG00000027276","Xkr4",6.83094523315903
"ENSRNOG00000004456","Clhc1",6.83015441156487
"ENSRNOG00000010412","Ccdc180",6.829891393642
"ENSRNOG00000038066","Nalf2",6.82984930949576
"ENSRNOG00000008716","Nefh",6.82937154720266
"ENSRNOG00000022838","Cnksr1",6.82879497211854
"ENSRNOG00000012260","Ddx25",6.82852419244309
"ENSRNOG00000019584","Dlk1",6.82844596629255
"ENSRNOG00000021091","Trank1",6.82746508156259
"ENSRNOG00000020455","Cst6",6.82723417052526
"ENSRNOG00000012438","Larp6",6.82699948898317
"ENSRNOG00000056658","Xylt1",6.82641307084278
"ENSRNOG00000008099","Galnt12",6.82602220509373
"ENSRNOG00000018339","Cabp2",6.82568791026465
"ENSRNOG00000008992","Grik3",6.82567468350263
"ENSRNOG00000050509","Ebi3",6.8254455126705
"ENSRNOG00000022164","Zscan2",6.82532438013099
"ENSRNOG00000011475","Srcin1",6.82522042361182
"ENSRNOG00000007341","Mroh8",6.8239303902735
"ENSRNOG00000048636","Il2rb",6.82333103377917
"ENSRNOG00000020762","Zfp260",6.82284398630557
"ENSRNOG00000057458","Oip5",6.82281941108853
"ENSRNOG00000037190","Cd101",6.82280343491559
"ENSRNOG00000010607","Rnf208",6.8227960338804
"ENSRNOG00000038720","Cdkl1",6.82274660447239
"ENSRNOG00000019193","Stx1b",6.82269003369439
"ENSRNOG00000047295","Prr22",6.82199326963941
"ENSRNOG00000004717","Epyc",6.82199299227339
"ENSRNOG00000009204","Il17re",6.82153995506034
"ENSRNOG00000049045","Hkdc1",6.82130804368488
"ENSRNOG00000023941","Fam178b",6.82116344370872
"ENSRNOG00000037957","Aifm3",6.82111763789242
"ENSRNOG00000015668","Ccl19",6.8206580640821
"ENSRNOG00000002167","Dmp1",6.81815280542047
"ENSRNOG00000005270","Sycp3",6.81737226863594
"ENSRNOG00000011360","Dkk2",6.81572562936274
"ENSRNOG00000006185","Etaa1",6.81535941578264
"ENSRNOG00000008526","Nherf4",6.81487160903541
"ENSRNOG00000031716","Ecm2",6.81476613321414
"ENSRNOG00000020923","Tuft1",6.8145178394485
"ENSRNOG00000018405","Apoc4",6.81446380154981
"ENSRNOG00000022248","Fbxl16",6.81394647646643
"ENSRNOG00000019220","Rhod",6.81378636139836
"ENSRNOG00000020599","Tssk6",6.81366553079128
"ENSRNOG00000001128","Tesc",6.81320448130438
"ENSRNOG00000040242","Epm2a",6.81268079039298
"ENSRNOG00000061774","RGD1560986",6.81250452040271
"ENSRNOG00000061070","Irf4",6.81227632816505
"ENSRNOG00000007057","Csmd2",6.81192064833813
"ENSRNOG00000037518","Hyi",6.81180744448064
"ENSRNOG00000016826","Pla2g2d",6.8113476551294
"ENSRNOG00000021334","Lag3",6.81118530744588
"ENSRNOG00000033346","LOC100361636",6.81095190455998
"ENSRNOG00000035613","Mir7-1",6.81027426676083
"ENSRNOG00000056617","Zswim8",6.81022121664076
"ENSRNOG00000002776","Sell",6.80984999067362
"ENSRNOG00000009043","Piwil4",6.80931875758752
"ENSRNOG00000024636","Gpr85",6.80904179541794
"ENSRNOG00000038241","C18h18orf63",6.80887700167964
"ENSRNOG00000034168","Gemin7l1",6.80795766427116
"ENSRNOG00000012811","Spint1",6.80781439913
"ENSRNOG00000002238","Sema5b",6.8073546648331
"ENSRNOG00000003785","Usp43",6.80728611762016
"ENSRNOG00000018464","Lipt1",6.80697586402257
"ENSRNOG00000005465","Kcnmb1",6.80613900423496
"ENSRNOG00000002202","Sowahb",6.80550901676577
"ENSRNOG00000013981","Ptpn5",6.80482084099627
"ENSRNOG00000008552","P2rx3",6.8047807238963
"ENSRNOG00000007271","Map3k9",6.80458984420653
"ENSRNOG00000060594","Atn1",6.80401238822276
"ENSRNOG00000020953","Ms4a7",6.80365620508457
"ENSRNOG00000057240","Snord49b",6.80359266927751
"ENSRNOG00000032729","Bex2",6.80335458389109
"ENSRNOG00000059957","Smsl1",6.80310482244958
"ENSRNOG00000012404","Thrsp",6.80269886820361
"ENSRNOG00000011253","Trmt9b",6.80260227723611
"ENSRNOG00000004744","Lratd2",6.80198274448519
"ENSRNOG00000031315","Rpl36al1",6.80175021071391
"ENSRNOG00000056323","LOC120093422",6.80125525927334
"ENSRNOG00000010065","Dgkh",6.80013844459616
"ENSRNOG00000028733","Prkar1b",6.79974136280145
"ENSRNOG00000036585","Cfap43",6.79973285356652
"ENSRNOG00000037838","P2ry10b",6.79939703059802
"ENSRNOG00000003581","Pou2f1",6.79906204108918
"ENSRNOG00000010280","Pde8b",6.79834346252943
"ENSRNOG00000003254","Il23a",6.79813298424164
"ENSRNOG00000031397","Stk32b",6.79796177728963
"ENSRNOG00000046377","Btnl9",6.79592739823921
"ENSRNOG00000054764","Flt3",6.79588410373603
"ENSRNOG00000046983","Adat2",6.794739806753
"ENSRNOG00000017084","Hsd11b2",6.79460924659119
"ENSRNOG00000053430","Slco4a1",6.79258898948586
"ENSRNOG00000045541","C19h16orf46",6.79231209063126
"ENSRNOG00000011184","Slc13a4",6.79150872007075
"ENSRNOG00000020061","Tmem198",6.79142754696171
"ENSRNOG00000002345","Rasgef1b",6.7909972422142
"ENSRNOG00000028077","Cfap44",6.79080847480549
"ENSRNOG00000018505","Cidea",6.79077195623887
"ENSRNOG00000005335","Galnt13",6.79009678712423
"ENSRNOG00000033912","Fcho1",6.78910659498073
"ENSRNOG00000011820","Acp3",6.7884511688039
"ENSRNOG00000002110","Fam114a1l1",6.78837205767439
"ENSRNOG00000061595","Tfec",6.78827950283311
"ENSRNOG00000017773","Crispld1",6.7874346628354
"ENSRNOG00000023809","Opcml",6.7868780453854
"ENSRNOG00000022044","Cabp4",6.78656424292709
"ENSRNOG00000014385","Wnt2b",6.78577876192344
"ENSRNOG00000024885","Asb10",6.78551656954206
"ENSRNOG00000001117","Fbxl18",6.78471128800624
"ENSRNOG00000037845","Cysltr1",6.78409526078103
"ENSRNOG00000001519","Dlx2",6.78407064024023
"ENSRNOG00000006814","Klrg2",6.78315212678845
"ENSRNOG00000014691","Ric3",6.78309604612729
"ENSRNOG00000016311","Slc6a2",6.7821341837539
"ENSRNOG00000030246","Btla",6.78196757584231
"ENSRNOG00000015878","Pif1",6.78133717846578
"ENSRNOG00000040109","Treml1",6.78040614326994
"ENSRNOG00000026420","Iqcg",6.78032515840423
"ENSRNOG00000004353","Ppfia2",6.78009490190598
"ENSRNOG00000026974","Dbndd1",6.77908671240856
"ENSRNOG00000013953","Ntrk1",6.77841419714592
"ENSRNOG00000000850","Apom",6.77839737739343
"ENSRNOG00000017086","Zfp341",6.77815758829488
"ENSRNOG00000007270","Il12rb2",6.77790405852703
"ENSRNOG00000005438","Pcsk2",6.77753048953364
"ENSRNOG00000017710","Asprv1",6.77742047629467
"ENSRNOG00000013628","Cela2a",6.77740807454888
"ENSRNOG00000022640","Siglec8",6.77738117510199
"ENSRNOG00000033348","Duox1",6.77715050285437
"ENSRNOG00000017680","Dennd2d",6.77701889528818
"ENSRNOG00000026944","Gpr150",6.77674071258214
"ENSRNOG00000009736","A4galt",6.77648503285038
"ENSRNOG00000004889","Vangl2",6.77587956288992
"ENSRNOG00000055222","Tpi1l1",6.775118341363
"ENSRNOG00000032472","Adgrg2",6.7750452103941
"ENSRNOG00000001757","Tm4sf19",6.77478981915487
"ENSRNOG00000019894","Izumo1r",6.77409486234987
"ENSRNOG00000028652","Map10",6.77405625720182
"ENSRNOG00000042753","Fgf13",6.77404850464952
"ENSRNOG00000049282","Oas2",6.77349644705251
"ENSRNOG00000026217","Armc2",6.77342213044394
"ENSRNOG00000016306","Adgrv1",6.77255704883465
"ENSRNOG00000003480","Aim2",6.77231417036074
"ENSRNOG00000030579","Zfp853",6.77226514572946
"ENSRNOG00000053889","Celsr3",6.77202888270804
"ENSRNOG00000055496","Zfp599",6.77131649785543
"ENSRNOG00000004150","Slc9a7",6.7712758875633
"ENSRNOG00000000811","Pkib",6.77094021953906
"ENSRNOG00000026328","Gpr137c",6.77004736393651
"ENSRNOG00000002381","Bmp3",6.76982257221625
"ENSRNOG00000027096","Ctsw",6.76947086634918
"ENSRNOG00000026861","Zscan18",6.76915487387659
"ENSRNOG00000007076","Zfp239l1",6.76837412790381
"ENSRNOG00000008560","Ccdc30",6.76804109197953
"ENSRNOG00000024338","Cimip5",6.76771535532251
"ENSRNOG00000026310","Marchf1",6.76714230021087
"ENSRNOG00000046975","Sult4a1",6.76706409200801
"ENSRNOG00000017689","Itih3",6.7669477485072
"ENSRNOG00000061153","Hrh3",6.76687363089451
"ENSRNOG00000048053","Slfn1",6.76583779459258
"ENSRNOG00000046566","Tub",6.76537961026551
"ENSRNOG00000009708","Tas1r1",6.76500531052507
"ENSRNOG00000010344","B4galnt3",6.764302336126
"ENSRNOG00000006278","Tspyl5",6.76421453529968
"ENSRNOG00000036673","Sectm1b",6.763961335362
"ENSRNOG00000032552","Zfp799",6.7637809425777
"ENSRNOG00000050482","Dbf4",6.76271818429878
"ENSRNOG00000025297","Gpr171",6.76242842018277
"ENSRNOG00000051970","Aqp5",6.76236580186222
"ENSRNOG00000001476","Cldn4",6.76232203461093
"ENSRNOG00000009863","Prrt3",6.76170721373066
"ENSRNOG00000053640","Kcng2",6.7608366988096
"ENSRNOG00000017695","Prdx1l1",6.75963767854844
"ENSRNOG00000042230","B430306N03Rikl",6.75887374725662
"ENSRNOG00000042432","Nek11",6.75823823443083
"ENSRNOG00000030932","Zfp14",6.75797724497197
"ENSRNOG00000009437","Ewsr1",6.75660079185954
"ENSRNOG00000038132","Vsig4",6.75628974589479
"ENSRNOG00000019869","Lrfn1",6.75625729239897
"ENSRNOG00000006174","Grid2",6.75539243060078
"ENSRNOG00000026919","Slc23a4",6.75491694501574
"ENSRNOG00000014227","Mrgprx3",6.75363632514718
"ENSRNOG00000056612","Unc13c",6.75341940653996
"ENSRNOG00000011591","Mettl21c",6.7524869835097
"ENSRNOG00000009790","Kcnk3",6.75156456816937
"ENSRNOG00000010886","Nfe2l3",6.75127527445327
"ENSRNOG00000027799","Tmie",6.75108994887466
"ENSRNOG00000023140","Pnldc1",6.75002077138985
"ENSRNOG00000042352","Dnase1l2",6.74954230327806
"ENSRNOG00000017933","Ccdc3",6.74831660342077
"ENSRNOG00000021410","Negr1",6.74805936747325
"ENSRNOG00000016141","Hoxc11",6.74770845436742
"ENSRNOG00000018029","Doc2g",6.74738828922172
"ENSRNOG00000001388","Sds",6.74629796630488
"ENSRNOG00000012756","Slc25a43",6.74606854406416
"ENSRNOG00000033792","Zfp534l2",6.74577915345809
"ENSRNOG00000021553","Nckap5",6.74505292661863
"ENSRNOG00000055553","Snora31",6.74502963916063
"ENSRNOG00000033153","Sfn",6.74476477847869
"ENSRNOG00000054217","Runx3",6.74475134284558
"ENSRNOG00000054218","Il18rap",6.74458152941196
"ENSRNOG00000001527","Cd80",6.7439108172283
"ENSRNOG00000007540","Msc",6.74384888884441
"ENSRNOG00000011306","Myod1",6.74354486120639
"ENSRNOG00000017060","Ryr2",6.74272616471133
"ENSRNOG00000057755","Ndst2",6.74241510946855
"ENSRNOG00000013358","Aqp11",6.74186054537379
"ENSRNOG00000059245","Rad51b",6.74121660067197
"ENSRNOG00000012701","Map7",6.74110565059244
"ENSRNOG00000001374","Rasal1",6.74102606501034
"ENSRNOG00000017136","Syt17",6.74056563975172
"ENSRNOG00000042787","Fam229a",6.74028658824231
"ENSRNOG00000024641","Nyap1",6.73973111296227
"ENSRNOG00000058329","Prrx2",6.73951716765461
"ENSRNOG00000027463","Adamts3",6.73940487606095
"ENSRNOG00000004947","LOC102546572",6.73866152725626
"ENSRNOG00000049757","C10h17orf50",6.73832747644779
"ENSRNOG00000039494","Aass",6.73812062928356
"ENSRNOG00000046468","Ptgfr",6.73764836586775
"ENSRNOG00000040301","Galntl5",6.73616407860807
"ENSRNOG00000013615","Dntt",6.73554473479699
"ENSRNOG00000038955","Ifgga2l2",6.7353531454297
"ENSRNOG00000020532","Kcnq1",6.73481647608479
"ENSRNOG00000018606","Olr59",6.7344432749627
"ENSRNOG00000039379","C17h6orf52",6.73433445954955
"ENSRNOG00000021234","Slc4a11",6.73378449308671
"ENSRNOG00000018054","F2rl2",6.73330011997538
"ENSRNOG00000051688","Syt15",6.7330742298959
"ENSRNOG00000008865","Stac",6.73294256277189
"ENSRNOG00000023861","Snap91",6.73280129850165
"ENSRNOG00000047145","Zfp729",6.7327605678201
"ENSRNOG00000061612","Zfp184",6.73274822928144
"ENSRNOG00000052013","Snord81",6.73274156622017
"ENSRNOG00000016437","Tm4sf4",6.73225824552667
"ENSRNOG00000048967","C9h6orf141",6.73142684044729
"ENSRNOG00000060919","Snord72",6.73045048228369
"ENSRNOG00000003749","Xk",6.72996507746127
"ENSRNOG00000023566","Vwa3b",6.72980551885324
"ENSRNOG00000032639","Foxo6",6.72881122241447
"ENSRNOG00000052051","Slc24a1",6.72876318480114
"ENSRNOG00000038722","Tlr1",6.72625170461984
"ENSRNOG00000061868","Kbtbd12",6.72597908200145
"ENSRNOG00000022899","Cdk15",6.725761074228
"ENSRNOG00000006950","Padi3",6.72519975773898
"ENSRNOG00000019358","Esr1",6.72497045734081
"ENSRNOG00000013318","Ccdc150",6.72496491470938
"ENSRNOG00000031689","Trim15",6.72485877474095
"ENSRNOG00000003537","Spta1",6.72482551138468
"ENSRNOG00000016776","Extl1",6.72410728610416
"ENSRNOG00000024889","Snip1",6.72381310495703
"ENSRNOG00000018784","Jph3",6.72352473340994
"ENSRNOG00000054533","LOC120100346",6.72267632496401
"ENSRNOG00000006990","Grb7",6.72232077271159
"ENSRNOG00000024390","Osm",6.72209989058323
"ENSRNOG00000031378","LOC120100784",6.72199380765752
"ENSRNOG00000013166","Wnt4",6.72165085478043
"ENSRNOG00000003374","Ccdc85a",6.7214199341143
"ENSRNOG00000017072","Slc16a14",6.72113850049403
"ENSRNOG00000008478","Mmp13",6.72095622602448
"ENSRNOG00000016750","Cyp26a1",6.7206363673472
"ENSRNOG00000011500","Pou2af1",6.72025100943697
"ENSRNOG00000036758","Iqck",6.71981424005852
"ENSRNOG00000006010","Slc6a20b",6.71799686228251
"ENSRNOG00000048875","Znrf4",6.71726465355193
"ENSRNOG00000011697","Zfp827",6.71714429206967
"ENSRNOG00000031342","Uap1l2",6.71693627611349
"ENSRNOG00000018257","Hpx",6.71576160110945
"ENSRNOG00000056955","Bicdl1",6.71561855511434
"ENSRNOG00000030285","Epha3",6.71552271545714
"ENSRNOG00000013745","Ctrc",6.71524065388643
"ENSRNOG00000000515","Mapk13",6.71519793445585
"ENSRNOG00000000782","Trim10",6.71491638753979
"ENSRNOG00000048738","Hdac6",6.71489038186992
"ENSRNOG00000014124","Nod2",6.71453324712635
"ENSRNOG00000052887","Dnajc6",6.71388214128334
"ENSRNOG00000017456","Vstm2b",6.71383627203891
"ENSRNOG00000035465","Mir3065",6.71332528902755
"ENSRNOG00000036877","Clca4l",6.71286208606107
"ENSRNOG00000058422","Pirb",6.71265939423161
"ENSRNOG00000032576","Nlgn1",6.71251232461159
"ENSRNOG00000051823","Zkscan4",6.71113943117804
"ENSRNOG00000059897","Gjb5",6.71081903081692
"ENSRNOG00000019959","Kcnc3",6.71078710517739
"ENSRNOG00000029768","Ccl12",6.71062346293831
"ENSRNOG00000021241","Gfra4",6.70974371036368
"ENSRNOG00000005630","Hint1-ps1",6.70881598564577
"ENSRNOG00000029876","Gucy1a2",6.70857237864957
"ENSRNOG00000013555","Ankrd55",6.70844342972856
"ENSRNOG00000000588","Slc16a10",6.70827611113988
"ENSRNOG00000014556","Cdh20",6.7082326514971
"ENSRNOG00000012655","Adamts6",6.70785971603037
"ENSRNOG00000007455","Tmem132e",6.70721142455463
"ENSRNOG00000013162","Zcchc12",6.70700376152752
"ENSRNOG00000056978","LOC120096111",6.70663037420042
"ENSRNOG00000005888","Fsip1",6.70652352153058
"ENSRNOG00000000486","Ggnbp1",6.70641105121878
"ENSRNOG00000022767","Elfn1",6.70530590825366
"ENSRNOG00000027213","Asphd1",6.70521764717295
"ENSRNOG00000009528","Sdcbp2",6.7045698559553
"ENSRNOG00000004753","Napb",6.70433590103648
"ENSRNOG00000005850","Gdap1",6.70369380236736
"ENSRNOG00000000552","Col13a1",6.70358877790996
"ENSRNOG00000008053","Atp8a2",6.70302210644699
"ENSRNOG00000010791","Ripor3",6.70297317700764
"ENSRNOG00000030486","Prdm6",6.70288048790456
"ENSRNOG00000022859","Trem1",6.70285874752472
"ENSRNOG00000011406","Ccl4",6.70236716768582
"ENSRNOG00000005404","Rasgrp1",6.70115849908341
"ENSRNOG00000056654","Dnaaf4",6.70046609685726
"ENSRNOG00000013781","Kcnq5",6.69971675775539
"ENSRNOG00000009881","Fam161a",6.69956215001099
"ENSRNOG00000002937","Ren",6.69950431105818
"ENSRNOG00000007069","Adhfe1",6.6994786579437
"ENSRNOG00000013282","Mctp1",6.69946636132169
"ENSRNOG00000038190","Dok6",6.69927213633979
"ENSRNOG00000045770","Hira",6.69907227658303
"ENSRNOG00000027480","Tmem116",6.69901432255739
"ENSRNOG00000001217","Lrrc3",6.69861915256566
"ENSRNOG00000017386","Il11",6.69720411456624
"ENSRNOG00000022166","Ammecr1",6.69720323549718
"ENSRNOG00000016640","Dner",6.69713589272487
"ENSRNOG00000015321","Moxd1",6.69712391203433
"ENSRNOG00000012728","Nkx2-2",6.69697286395118
"ENSRNOG00000027066","Stk32a",6.69695444785096
"ENSRNOG00000022419","Dok7",6.69658601001693
"ENSRNOG00000008930","Tnfsf15",6.69628145456628
"ENSRNOG00000046214","Cyp27b1",6.69560808668154
"ENSRNOG00000054339","LOC120099441",6.69517331063305
"ENSRNOG00000023824","C7h12orf56",6.69509941099022
"ENSRNOG00000007061","Arhgef33",6.69488832518655
"ENSRNOG00000038328","Gjc2",6.69401715744452
"ENSRNOG00000038225","Fbxo15",6.69397390917911
"ENSRNOG00000008169","Slc24a2",6.69374735008456
"ENSRNOG00000003666","Jchain",6.69372966290493
"ENSRNOG00000050675","Myl4",6.69361421596635
"ENSRNOG00000019718","Galnt15",6.69350481284061
"ENSRNOG00000005284","Itpka",6.69320682088898
"ENSRNOG00000047466","Bdnf",6.69308688974701
"ENSRNOG00000017987","Ucma",6.69276004185602
"ENSRNOG00000002723","Sele",6.69257597999644
"ENSRNOG00000011616","Slc26a5",6.69252712872006
"ENSRNOG00000012427","Veph1",6.69235635545154
"ENSRNOG00000008834","Dach1",6.69214653258774
"ENSRNOG00000033520","Wdr97",6.69210604362008
"ENSRNOG00000002667","Lamc2",6.69188737485286
"ENSRNOG00000037199","Spink8",6.69132342090499
"ENSRNOG00000040052","RT1-M6-2",6.69117199506273
"ENSRNOG00000057404","Slc47a1",6.69048483536601
"ENSRNOG00000030269","Atp2b2",6.69043099980347
"ENSRNOG00000047783","Tmem200a",6.69037484265358
"ENSRNOG00000017699","Mill1",6.68967369430457
"ENSRNOG00000017538","Lrrc27",6.68960848155147
"ENSRNOG00000016623","Tmeff2",6.68955741805902
"ENSRNOG00000032946","Pdzd7",6.68875228086376
"ENSRNOG00000012735","Kif24",6.6881440384126
"ENSRNOG00000016962","Neu2",6.68780617629465
"ENSRNOG00000007755","Pm20d2",6.68767585562491
"ENSRNOG00000038600","Dnaaf3",6.68693505481018
"ENSRNOG00000053075","B4galnt4",6.6857332813474
"ENSRNOG00000019477","Zmynd15",6.68528751055596
"ENSRNOG00000060348","Zdhhc23",6.68503482742352
"ENSRNOG00000012478","Shox2",6.68491438449465
"ENSRNOG00000004084","Lratd1",6.68405938753711
"ENSRNOG00000053974","Tmem233",6.68377278392405
"ENSRNOG00000054508","Foxp2",6.68356452993454
"ENSRNOG00000010528","Rpusd2",6.68321273753435
"ENSRNOG00000013123","Scube2",6.68312286474372
"ENSRNOG00000026936","Mpig6b",6.68297350959046
"ENSRNOG00000015567","Slc9a2",6.68297142364875
"ENSRNOG00000016675","Kcnn2",6.68295374707766
"ENSRNOG00000007255","Zpbp2",6.68291164660055
"ENSRNOG00000048275","Urah",6.68222449990091
"ENSRNOG00000013914","Gpr132",6.68170746491899
"ENSRNOG00000043103","Frrs1l",6.6813382264366
"ENSRNOG00000026762","RT1-DOa",6.68132596900266
"ENSRNOG00000011170","C7h22orf23",6.68113570869265
"ENSRNOG00000007795","Gpr20",6.68039860194428
"ENSRNOG00000028261","Tppp",6.67975234781556
"ENSRNOG00000053317","Efcab11",6.67943802162853
"ENSRNOG00000042826","Zfp52",6.67916157224491
"ENSRNOG00000000036","Klhdc8a",6.67893092443337
"ENSRNOG00000034007","Nr3c2",6.67865345460405
"ENSRNOG00000016697","Lrrc56",6.67825394347921
"ENSRNOG00000003453","Lypd1",6.67808895363485
"ENSRNOG00000010665","Ccr7",6.67786850063662
"ENSRNOG00000025994","Krt80",6.67755990545202
"ENSRNOG00000011130","Calca",6.67668707020812
"ENSRNOG00000030800","Igdcc3",6.67649105607661
"ENSRNOG00000015554","Ankdd1a",6.67440589887126
"ENSRNOG00000010248","Serpini1",6.67332648793446
"ENSRNOG00000058308","Asic2",6.6727919577068
"ENSRNOG00000017944","Tbx10",6.67254365722423
"ENSRNOG00000033815","LOC102554450",6.67231053037032
"ENSRNOG00000002904","Arr3",6.6721786556795
"ENSRNOG00000002624","Edaradd",6.67204478235162
"ENSRNOG00000017376","Il21",6.67151613801626
"ENSRNOG00000046484","Ccdc160",6.67122025166214
"ENSRNOG00000026607","Tnfsf18",6.67117167678583
"ENSRNOG00000016397","Tmprss13",6.67114102470735
"ENSRNOG00000039656","Abca17",6.67045580320466
"ENSRNOG00000002079","Mapk10",6.67036665033509
"ENSRNOG00000008025","Bend5",6.67008721796247
"ENSRNOG00000031782","Col6a4",6.66960391134586
"ENSRNOG00000012110","Col17a1",6.66956924627477
"ENSRNOG00000030389","Lrrc30",6.66849897667636
"ENSRNOG00000042404","Ccdc122",6.66716549979714
"ENSRNOG00000016069","Cd3e",6.66686176532826
"ENSRNOG00000027430","Ikzf2",6.66679267036922
"ENSRNOG00000012215","Baiap2l2",6.66612846130606
"ENSRNOG00000038228","Serp2",6.6653098167436
"ENSRNOG00000017899","Akr7a3",6.66468562427779
"ENSRNOG00000053979","Egf",6.66454443018159
"ENSRNOG00000009144","Lad1",6.66380864635452
"ENSRNOG00000002369","Rgs8",6.66308535564253
"ENSRNOG00000054603","Pacsin1",6.66299687680838
"ENSRNOG00000052310","Pkd1l3",6.66269660947398
"ENSRNOG00000016653","Ngef",6.66269359490195
"ENSRNOG00000002984","Bmp15",6.66201227094184
"ENSRNOG00000046973","Tmco3",6.661990344185
"ENSRNOG00000030058","Kpna2l1",6.66161581225451
"ENSRNOG00000037409","Scimp",6.66065045958814
"ENSRNOG00000004155","Samd14",6.6604631333464
"ENSRNOG00000011917","Cd79b",6.65964448832499
"ENSRNOG00000009014","Slc35f2",6.65955326613255
"ENSRNOG00000039476","Pcdhb2",6.65926981213414
"ENSRNOG00000014661","Zfp385d",6.65926658923348
"ENSRNOG00000015744","Spata25",6.65847653422295
"ENSRNOG00000035633","Mir142",6.65743726764838
"ENSRNOG00000000487","Grm4",6.65669171541246
"ENSRNOG00000016957","Igfbp2",6.65623255429884
"ENSRNOG00000036674","Cd7",6.65577243758705
"ENSRNOG00000048161","Tlr9",6.65509414939593
"ENSRNOG00000061420","LOC102553980",6.65506799432551
"ENSRNOG00000003136","Fcrla",6.65494658875912
"ENSRNOG00000009148","Cyb5rl",6.65340681851342
"ENSRNOG00000018885","LOC134478825",6.65338203514009
"ENSRNOG00000051237","LOC134485113",6.65307840838337
"ENSRNOG00000058842","Sptbn2",6.65281650680759
"ENSRNOG00000024257","Irgc",6.65281353005284
"ENSRNOG00000029805","LOC134483039",6.65278244842034
"ENSRNOG00000053366","Zfp59",6.65210343364279
"ENSRNOG00000013940","Larp1bl",6.65150166575886
"ENSRNOG00000033776","Ftl1l2",6.65081827399731
"ENSRNOG00000045622","Spaca5",6.65051467215637
"ENSRNOG00000016210","Mical2",6.64971754708587
"ENSRNOG00000018394","Chrdl2",6.6491005006923
"ENSRNOG00000011381","Acsbg1",6.6490659185219
"ENSRNOG00000029814","Prtn3",6.64897952240775
"ENSRNOG00000009872","Kcnh2",6.64893319639627
"ENSRNOG00000027767","Slc38a5",6.64871255176494
"ENSRNOG00000031443","Havcr2",6.64862488539377
"ENSRNOG00000029416","Zfp952",6.64845730223901
"ENSRNOG00000028075","Dnaaf8",6.64839943126309
"ENSRNOG00000027859","Tmem26",6.64831422865436
"ENSRNOG00000026594","Tmem61",6.64714101379278
"ENSRNOG00000015562","Cdh17",6.64667175820952
"ENSRNOG00000007294","Sntg1",6.64613166828274
"ENSRNOG00000015821","Cd2",6.64588519906609
"ENSRNOG00000003872","Slc40a1",6.64530538111088
"ENSRNOG00000021016","Ntn5",6.64438378496672
"ENSRNOG00000008146","Tox2",6.64409198492594
"ENSRNOG00000035631","Mir221",6.64325222027171
"ENSRNOG00000060457","LOC120102633",6.64309425096913
"ENSRNOG00000053562","Arx",6.64288410089563
"ENSRNOG00000034087","Krt42",6.64283632608242
"ENSRNOG00000005278","Trhde",6.64251747099613
"ENSRNOG00000014692","Mogat1",6.64210571213318
"ENSRNOG00000019744","Prr16",6.6410856878285
"ENSRNOG00000027871","Rapgefl1",6.64055214541544
"ENSRNOG00000001851","Far2",6.64029594360135
"ENSRNOG00000018106","Neu3",6.64018051751647
"ENSRNOG00000032618","Mst1r",6.64006964000471
"ENSRNOG00000017053","Fbxo36",6.63938336793257
"ENSRNOG00000003925","Hhat",6.63927836937639
"ENSRNOG00000008168","Wnt5b",6.63893381018179
"ENSRNOG00000003566","Apoh",6.63890903450905
"ENSRNOG00000005535","Ikzf4",6.63769270795261
"ENSRNOG00000056767","Ankrd48",6.63761940724073
"ENSRNOG00000015370","Slc35g2",6.63613670559511
"ENSRNOG00000004928","Sntg2",6.63541890391394
"ENSRNOG00000057416","Zfp763",6.63465225959003
"ENSRNOG00000004398","Pkhd1l1",6.63384714860774
"ENSRNOG00000062002","Kcna3",6.63364409087519
"ENSRNOG00000008996","Dpysl5",6.63277574117486
"ENSRNOG00000013541","Sh2d4a",6.63259749791074
"ENSRNOG00000024762","Frmd7",6.63236562668554
"ENSRNOG00000008518","Gsg1",6.63230736010922
"ENSRNOG00000008130","Rergl",6.6320955547743
"ENSRNOG00000003777","Chrne",6.63135641335853
"ENSRNOG00000022321","Hapln3",6.6312422562183
"ENSRNOG00000010905","Dlx5",6.63100064859337
"ENSRNOG00000016292","Pdzd9",6.6307923419029
"ENSRNOG00000019159","Jakmip2",6.63050692385147
"ENSRNOG00000043341","Zfp51l1",6.63046233586742
"ENSRNOG00000005094","C1qtnf7",6.63031359138296
"ENSRNOG00000032348","Rpl35al8",6.630127720029
"ENSRNOG00000006037","Snap25",6.62943232154508
"ENSRNOG00000038877","Btn2a2",6.62939085524221
"ENSRNOG00000010594","Spmip4",6.62879368539323
"ENSRNOG00000005985","Kcnma1",6.62810767690249
"ENSRNOG00000032626","Mmp3",6.62792170725035
"ENSRNOG00000009662","Rspo4",6.62696199193831
"ENSRNOG00000001048","Ankrd61",6.62690373495808
"ENSRNOG00000028781","Abcc6",6.62655444482714
"ENSRNOG00000024065","Zfp575",6.62573966440185
"ENSRNOG00000023434","Lrtomt",6.62541280785853
"ENSRNOG00000001452","Fzd9",6.62485392597039
"ENSRNOG00000049456","Slc35f3",6.62464706541957
"ENSRNOG00000051993","Gdf10",6.6242667622094
"ENSRNOG00000007490","Gabrr2",6.62294519061204
"ENSRNOG00000007319","Trib3",6.62285047104881
"ENSRNOG00000003233","Serpinf2",6.62248779766271
"ENSRNOG00000012315","Agmat",6.62148676170391
"ENSRNOG00000060687","Slc24a3",6.62071581830308
"ENSRNOG00000021009","Gapdhs",6.62071449719765
"ENSRNOG00000061739","Klrk1",6.62029187640252
"ENSRNOG00000020129","Cdh3",6.62023521346728
"ENSRNOG00000031536","Syndig1",6.61994469665074
"ENSRNOG00000012628","Gpr18",6.61993075531537
"ENSRNOG00000000454","RT1-DOb",6.61990689513905
"ENSRNOG00000025354","Rinl",6.6197747270752
"ENSRNOG00000005008","Angpt4",6.61975390055826
"ENSRNOG00000025005","Ccdc190",6.61955129717297
"ENSRNOG00000036834","Gpr84",6.61897256920055
"ENSRNOG00000053400","Cfi",6.61873285296714
"ENSRNOG00000061138","Snord30",6.61871589332603
"ENSRNOG00000013141","Eno2",6.61800746013187
"ENSRNOG00000037919","Chic1",6.61725828808686
"ENSRNOG00000017975","Dnajb13",6.61674666612882
"ENSRNOG00000019685","Gdpd3",6.61639990119986
"ENSRNOG00000011634","Xkr6",6.61634741241378
"ENSRNOG00000025154","Snu13-ps5",6.6161379359512
"ENSRNOG00000047310","C5h8orf89",6.61566731117484
"ENSRNOG00000036828","Pde1b",6.61535763637145
"ENSRNOG00000027831","Map7d3",6.61478143301696
"ENSRNOG00000032473","Scn10a",6.61470030900242
"ENSRNOG00000026866","Syn3",6.6140187411448
"ENSRNOG00000000461","Brd2",6.61379813878655
"ENSRNOG00000015376","Npas1",6.61371784012865
"ENSRNOG00000002963","C1ql1",6.61356923201445
"ENSRNOG00000039891","Adgrg5",6.6110393434473
"ENSRNOG00000030743","Myog",6.6110259549819
"ENSRNOG00000028548","Ccl9",6.61058853991616
"ENSRNOG00000048256","Fhip1a",6.60917715191168
"ENSRNOG00000024172","T2",6.60902207410468
"ENSRNOG00000015035","Myo7b",6.60830172364086
"ENSRNOG00000010349","Ghrl",6.60784081946914
"ENSRNOG00000016877","Shisa7",6.60777788813917
"ENSRNOG00000019607","Bglap",6.60762276799066
"ENSRNOG00000006200","St18",6.60711854651134
"ENSRNOG00000007590","Eya1",6.60646099079511
"ENSRNOG00000021256","Adra1d",6.60633745258915
"ENSRNOG00000055716","Oscar",6.60622582041869
"ENSRNOG00000002820","Lypd8l1",6.60561455343352
"ENSRNOG00000024181","Tpsab1",6.60457927345164
"ENSRNOG00000001577","Hoxd3",6.60447526191602
"ENSRNOG00000007012","Ly75",6.60411107046401
"ENSRNOG00000034290","Ccl21",6.60390123209722
"ENSRNOG00000055229","Lnpep",6.60273025818476
"ENSRNOG00000020125","Cd79a",6.6022189934011
"ENSRNOG00000036681","Myadml2",6.60132834063647
"ENSRNOG00000021704","Atp8b5",6.60118174041964
"ENSRNOG00000017444","Nrsn1",6.60086036930535
"ENSRNOG00000000184","Tmprss6",6.60085574257064
"ENSRNOG00000021493","Prdm9",6.60008885937159
"ENSRNOG00000035617","Mir186",6.59989693302815
"ENSRNOG00000021097","Hpn",6.59972345956514
"ENSRNOG00000057256","Slc19a3",6.59687186470776
"ENSRNOG00000008943","Penk",6.59683483001745
"ENSRNOG00000019339","Ttll11",6.59666524880082
"ENSRNOG00000020733","Camp",6.59635769720348
"ENSRNOG00000019216","Il12rb1",6.59494740569421
"ENSRNOG00000017395","Duox2",6.59483353736284
"ENSRNOG00000010106","Faxc",6.59481189542216
"ENSRNOG00000052607","Snora12",6.59479627334571
"ENSRNOG00000006575","Cfap184",6.59406978534454
"ENSRNOG00000056036","Zfp51",6.59401155200458
"ENSRNOG00000061394","Clec4e",6.59398671348395
"ENSRNOG00000038286","Slamf6",6.59348439637884
"ENSRNOG00000015089","Mcoln2",6.59307326624796
"ENSRNOG00000020778","Chrnb2",6.59301986584626
"ENSRNOG00000009300","Tlk1",6.59297910515664
"ENSRNOG00000049151","Csap1",6.59296360570431
"ENSRNOG00000007332","Sstr3",6.59272330290452
"ENSRNOG00000025110","Vwa3a",6.59208549448622
"ENSRNOG00000015541","Gnb3",6.59136523685205
"ENSRNOG00000042524","Milr1",6.5913294210552
"ENSRNOG00000018936","Zfp780b-ps1",6.59115110450951
"ENSRNOG00000022635","Dlg2",6.59078112975751
"ENSRNOG00000051990","LOC120102774",6.59044428280472
"ENSRNOG00000018690","Rgs17",6.59022829565957
"ENSRNOG00000017893","Baiap3",6.58999489313058
"ENSRNOG00000028649","Tox3",6.58960223915413
"ENSRNOG00000034164","Cr2",6.58943393009723
"ENSRNOG00000029670","Rpl23al1",6.58943288672122
"ENSRNOG00000046439","Vps37c",6.58929642360311
"ENSRNOG00000056012","Syt16",6.58858894306332
"ENSRNOG00000034184","Zfp583",6.58840136438879
"ENSRNOG00000017646","C19h16orf74",6.58826536320793
"ENSRNOG00000036700","Fscn2",6.58824159471693
"ENSRNOG00000016483","Myo16",6.58773546481119
"ENSRNOG00000032026","Fignl2",6.58759025709378
"ENSRNOG00000011471","Fgf9",6.58756610781849
"ENSRNOG00000009172","Cpvl",6.58686587441774
"ENSRNOG00000003669","Myocd",6.5866216567117
"ENSRNOG00000003694","Prox1",6.58660392070664
"ENSRNOG00000015279","Vtcn1",6.58639439779995
"ENSRNOG00000011702","Foxp3",6.58472479290753
"ENSRNOG00000030698","Cyp26c1",6.58462444367096
"ENSRNOG00000032847","Rpl38l1",6.5844907755158
"ENSRNOG00000019353","Ctrl",6.58346551197286
"ENSRNOG00000021000","Naaladl1",6.58329209831038
"ENSRNOG00000010210","Slc7a11",6.58327872542884
"ENSRNOG00000005246","Tfap2c",6.58298119127773
"ENSRNOG00000007354","Trpa1",6.58234065041269
"ENSRNOG00000013586","Snai3",6.58217512047804
"ENSRNOG00000020949","Hsd17b14",6.58202942224205
"ENSRNOG00000014850","Amhr2",6.58200149709034
"ENSRNOG00000055103","Cftr",6.58178186198962
"ENSRNOG00000006802","Lrrn1",6.58123852503596
"ENSRNOG00000003298","Cd247",6.58058603415591
"ENSRNOG00000002397","Slc30a10",6.58015768565186
"ENSRNOG00000011846","Krt28",6.58009185506975
"ENSRNOG00000020729","Stc2",6.57912596023894
"ENSRNOG00000004090","Prmt1l1",6.57896126174283
"ENSRNOG00000010486","Mpp4",6.57821589553817
"ENSRNOG00000019557","Asb18",6.57796338589265
"ENSRNOG00000034228","Pik3c2g",6.57772543453014
"ENSRNOG00000048118","Ankra2",6.57722058811614
"ENSRNOG00000023492","Greb1l",6.57720229097054
"ENSRNOG00000019985","Asic4",6.57711369644489
"ENSRNOG00000023528","Plaat5",6.57654975420608
"ENSRNOG00000012878","Atp7b",6.57595702159354
"ENSRNOG00000037865","Hormad2",6.57594909273893
"ENSRNOG00000030476","LOC103692519",6.57582036598119
"ENSRNOG00000020891","Kif9",6.57555969347716
"ENSRNOG00000026039","Tspan32",6.57506321532725
"ENSRNOG00000056819","Susd1",6.57338860640979
"ENSRNOG00000004863","Mpped2",6.57294504884681
"ENSRNOG00000026110","Scml4",6.57259731863673
"ENSRNOG00000032429","Tmprss9",6.57247333303742
"ENSRNOG00000048039","Ces2b",6.5724032618004
"ENSRNOG00000010302","Rasl10b",6.57019588045812
"ENSRNOG00000010866","Tmem154",6.57011872116364
"ENSRNOG00000047040","Saxo3",6.56947741311245
"ENSRNOG00000055858","Myb",6.56886713425937
"ENSRNOG00000009599","Rwdd2a",6.56852431503266
"ENSRNOG00000007441","Klhl32",6.56830606317732
"ENSRNOG00000014896","Adgrg3",6.5682930371658
"ENSRNOG00000014039","Sucnr1",6.56508925536568
"ENSRNOG00000049446","Zfp658l1",6.56451346697022
"ENSRNOG00000017073","Ca9",6.56427180778752
"ENSRNOG00000033881","Insyn2a",6.56413206914413
"ENSRNOG00000030983","B3galt5",6.56396874322047
"ENSRNOG00000056553","Rdh12",6.56381336554161
"ENSRNOG00000014721","Ahrr",6.56374610692665
"ENSRNOG00000025460","Tmem71",6.56366236979756
"ENSRNOG00000014006","Neto1",6.56315887074534
"ENSRNOG00000037230","Ppidl1",6.56308778423266
"ENSRNOG00000036648","LOC103691261",6.56291025213739
"ENSRNOG00000007606","Rnf43",6.56250303244364
"ENSRNOG00000054086","Sp5",6.56241771377376
"ENSRNOG00000046890","Abca6",6.56069162257497
"ENSRNOG00000020694","Icam5",6.56068263101328
"ENSRNOG00000036856","Rnf223",6.56068166269646
"ENSRNOG00000014378","Il1r2",6.56060710854984
"ENSRNOG00000002831","Wfikkn2",6.56021264669249
"ENSRNOG00000013907","Sall1",6.56005763163942
"ENSRNOG00000043487","Hapstr2",6.55977109571534
"ENSRNOG00000010696","Neil2",6.55974849205268
"ENSRNOG00000012719","Tdrd12",6.55925576380249
"ENSRNOG00000026518","Tmem156",6.55873778144938
"ENSRNOG00000002548","Tnn",6.55796599529211
"ENSRNOG00000005343","Esr2",6.55794449186947
"ENSRNOG00000042347","Zfp53",6.55769628004579
"ENSRNOG00000018557","Cdh22",6.5576688362157
"ENSRNOG00000020275","Ccr10",6.5573821375089
"ENSRNOG00000005048","Trhr",6.55733425943699
"ENSRNOG00000010199","Glrb",6.55638577879878
"ENSRNOG00000003469","Mast1",6.55577317581725
"ENSRNOG00000052368","Clcnka",6.55552988602325
"ENSRNOG00000003949","Phka2",6.55543140398449
"ENSRNOG00000002142","Cds1",6.55541765972406
"ENSRNOG00000049047","Rpl38-ps3",6.55424011975471
"ENSRNOG00000017749","Nkg7",6.55398556522926
"ENSRNOG00000014907","Aldh8a1",6.55359597727804
"ENSRNOG00000046155","C8h3orf62",6.55313920581627
"ENSRNOG00000031273","Rpl27al7",6.55303417395432
"ENSRNOG00000012430","Cxcr5",6.55279279152426
"ENSRNOG00000030530","Gzmm",6.55269551278738
"ENSRNOG00000029528","Cbs",6.55173624206054
"ENSRNOG00000010725","Cpa1",6.55152605754487
"ENSRNOG00000013519","Tll2",6.55142504644833
"ENSRNOG00000002504","Spata17",6.54974797886077
"ENSRNOG00000039725","Ces1a",6.54972955763241
"ENSRNOG00000002092","Hunk",6.5493476591856
"ENSRNOG00000014282","Cebpe",6.54891208376767
"ENSRNOG00000002361","Prkg2",6.5483821031475
"ENSRNOG00000061662","LOC120103239",6.5480595857735
"ENSRNOG00000026295","Rbpjl",6.5475944224288
"ENSRNOG00000001006","Nptx2",6.54728220407205
"ENSRNOG00000008086","Dpf3",6.54710721649153
"ENSRNOG00000025349","Maneal",6.54676573576775
"ENSRNOG00000008570","Cadps",6.54642743060158
"ENSRNOG00000048450","Cyp4f37",6.5464004752184
"ENSRNOG00000031852","Lsamp",6.54633695614153
"ENSRNOG00000008065","Wwc1",6.54600731458037
"ENSRNOG00000003285","Mpv17l",6.5459315130268
"ENSRNOG00000015829","Trpm1",6.54580614373698
"ENSRNOG00000025625","Rnase4",6.54575925817578
"ENSRNOG00000033625","Rpl35al5",6.54563587067336
"ENSRNOG00000008765","Zfhx4",6.5454117478794
"ENSRNOG00000038202","Calml4",6.54497039228476
"ENSRNOG00000000840","Atp6v1g2",6.54479679750221
"ENSRNOG00000027331","Ppef1",6.54380482792574
"ENSRNOG00000030475","Pwwp3b",6.5437391362535
"ENSRNOG00000039339","Mslnl",6.54363984221085
"ENSRNOG00000043186","Ppil6",6.54361427467293
"ENSRNOG00000046053","Nudt11",6.54336750836675
"ENSRNOG00000019207","Shank1",6.54311870424219
"ENSRNOG00000003028","Dnah17",6.54266592645351
"ENSRNOG00000030880","Hs6st2",6.54265440561252
"ENSRNOG00000011688","Neil3",6.54227771241819
"ENSRNOG00000013820","Tnfrsf14",6.54225721123329
"ENSRNOG00000047880","Ints1",6.54222116436285
"ENSRNOG00000023005","LOC681325",6.54214193229946
"ENSRNOG00000050091","Clxn",6.54150416314904
"ENSRNOG00000028250","Lax1",6.54133215711128
"ENSRNOG00000007585","Hoxb8",6.54116790534441
"ENSRNOG00000057862","Rsph1",6.54106122551076
"ENSRNOG00000061508","Reps2",6.54069885170175
"ENSRNOG00000020993","Ms4a2",6.54064336623726
"ENSRNOG00000003741","Nptx1",6.54056336579941
"ENSRNOG00000056151","Rasgrf2",6.53999226574849
"ENSRNOG00000001492","Slc8a2",6.5396985559539
"ENSRNOG00000050979","Ubap1l",6.53901149185019
"ENSRNOG00000013395","Pglyrp1",6.53840264916247
"ENSRNOG00000020832","C2cd4d",6.53806384118878
"ENSRNOG00000005619","Misp3",6.53789015630582
"ENSRNOG00000053303","Bend4",6.53757256181448
"ENSRNOG00000020400","Mef2b",6.53717610161577
"ENSRNOG00000030775","Adarb2",6.53659943130652
"ENSRNOG00000030517","Zfp879",6.53607138328302
"ENSRNOG00000039504","Albfm1",6.53464365309398
"ENSRNOG00000018101","Klc3",6.53457585114421
"ENSRNOG00000019999","Lypd3",6.53412532709813
"ENSRNOG00000029678","Znf354b",6.53392023274532
"ENSRNOG00000003841","Kcnh1",6.53318002573901
"ENSRNOG00000015052","Star",6.53275824583209
"ENSRNOG00000011986","Krt12",6.53250868147616
"ENSRNOG00000013018","Eda2r",6.5321196251971
"ENSRNOG00000015184","Clic3",6.53201545411863
"ENSRNOG00000022199","Zmynd12",6.53189970087497
"ENSRNOG00000023318","Tigd3",6.53098166624066
"ENSRNOG00000019068","Ctrb1",6.53071072062781
"ENSRNOG00000011719","Ngb",6.53044292503852
"ENSRNOG00000005067","Zfp36l2",6.53027325253555
"ENSRNOG00000048004","Garem2",6.53010402217381
"ENSRNOG00000004013","Grip1",6.52967358802665
"ENSRNOG00000007310","Klrb1a",6.52959609603814
"ENSRNOG00000021916","Slc16a12",6.52957133380563
"ENSRNOG00000037801","Adam1b",6.52813251546724
"ENSRNOG00000001854","Tmtc1",6.52804357163603
"ENSRNOG00000007591","Slc45a3",6.52772643748085
"ENSRNOG00000017052","Pianp",6.52744848413669
"ENSRNOG00000007573","Hoxb9",6.52716635238114
"ENSRNOG00000004795","Pof1b",6.52699239771823
"ENSRNOG00000027791","Cox7a2-ps2",6.52649008430434
"ENSRNOG00000022704","Esyt3",6.52615319118212
"ENSRNOG00000003109","Btbd17",6.52586159423976
"ENSRNOG00000014127","Rnf151",6.52536087170995
"ENSRNOG00000003587","Vegfd",6.5246506423014
"ENSRNOG00000024221","Mettl24",6.5241268539955
"ENSRNOG00000016085","Mpzl2",6.52407694461092
"ENSRNOG00000012988","Lix1",6.52373116672304
"ENSRNOG00000055019","Snord89",6.52339740519909
"ENSRNOG00000018436","Apoa5",6.52217343440775
"ENSRNOG00000054334","Abhd10",6.5211747025341
"ENSRNOG00000031773","Cngb1",6.52061353897154
"ENSRNOG00000025184","Prss35",6.52051454145226
"ENSRNOG00000061989","Nkrf",6.52019180887756
"ENSRNOG00000046947","Ak5",6.51933258902322
"ENSRNOG00000008310","Mpo",6.51732117897943
"ENSRNOG00000033570","Arhgap8",6.51682813022168
"ENSRNOG00000016716","Armc3",6.51591693290055
"ENSRNOG00000018337","Caly",6.51526415974204
"ENSRNOG00000054371","Prkcg",6.51522593048522
"ENSRNOG00000005592","Brinp2",6.51508795125856
"ENSRNOG00000029235","Sfmbt2",6.51506277093124
"ENSRNOG00000058856","Tslp",6.51431553912267
"ENSRNOG00000025231","Lrrc29",6.51380960106875
"ENSRNOG00000015201","Tmem266",6.51341351481776
"ENSRNOG00000019065","Zfp385b",6.51340712675924
"ENSRNOG00000038445","Rnf225",6.51249038995589
"ENSRNOG00000046791","Sh3rf3",6.51233163011486
"ENSRNOG00000014768","Glis3",6.51137583437071
"ENSRNOG00000009193","Lctl",6.51077105205427
"ENSRNOG00000037307","Spata22",6.51072754716334
"ENSRNOG00000007037","Cfap57",6.5104880838626
"ENSRNOG00000056162","Man2b2",6.5103808829641
"ENSRNOG00000020434","Ascl2",6.50928732456024
"ENSRNOG00000003616","Grem2",6.50926838772457
"ENSRNOG00000019321","Cck",6.5082990616812
"ENSRNOG00000006494","Tubg2",6.50824743938927
"ENSRNOG00000020621","Dcst1",6.50782203078231
"ENSRNOG00000060105","Astn2",6.50551443593298
"ENSRNOG00000046487","Pou5f1",6.50513774351885
"ENSRNOG00000009332","Rec114",6.50482209525325
"ENSRNOG00000009197","Asb4",6.50447605528696
"ENSRNOG00000019613","Syt9",6.50438967502953
"ENSRNOG00000057729","Strip2",6.50396233133069
"ENSRNOG00000020901","S1pr5",6.50250222218279
"ENSRNOG00000005996","Lhx6",6.50131682483165
"ENSRNOG00000021109","Odad1",6.50069622183422
"ENSRNOG00000033527","Pappa",6.50002324843952
"ENSRNOG00000023633","Crabp1",6.49982570170408
"ENSRNOG00000024986","Mmrn1",6.49905061713553
"ENSRNOG00000018311","Cd19",6.49688279992045
"ENSRNOG00000042889","Alpg",6.49669390280654
"ENSRNOG00000014710","Prom2",6.49637973094105
"ENSRNOG00000028908","Eppin",6.49505548749076
"ENSRNOG00000016734","Emilin3",6.49216049958147
"ENSRNOG00000040045","Crnkl1-ps1",6.49213837146341
"ENSRNOG00000014644","Zic1",6.49182292168866
"ENSRNOG00000018286","Chrna1",6.49179026156707
"ENSRNOG00000014519","Slc35g3",6.49163341017534
"ENSRNOG00000007256","C5h8orf88",6.49137307297854
"ENSRNOG00000031760","Fmn1",6.49076900934315
"ENSRNOG00000005776","Bcl11b",6.49061283144959
"ENSRNOG00000027098","Sez6l2",6.49012870988912
"ENSRNOG00000019096","Hsd17b3",6.48862577718086
"ENSRNOG00000047306","Stap2",6.48834769092585
"ENSRNOG00000001407","Tfr2",6.48796879858658
"ENSRNOG00000023881","Skap1",6.48648625808186
"ENSRNOG00000006698","Rab33a",6.48611060295937
"ENSRNOG00000011824","Trh",6.48554878225193
"ENSRNOG00000033588","Siglec15",6.48544759782634
"ENSRNOG00000011973","Il7",6.48526675184575
"ENSRNOG00000018163","Ipcef1",6.48522065133918
"ENSRNOG00000005215","Klhl4",6.48401708236503
"ENSRNOG00000016782","Tnfrsf8",6.48333765899813
"ENSRNOG00000021294","Mstn",6.48330057906996
"ENSRNOG00000014366","Shc3",6.48292337897017
"ENSRNOG00000060156","Snord28b",6.48122230002832
"ENSRNOG00000004457","Nap1l6",6.4811847361087
"ENSRNOG00000021609","C5h1orf216",6.48104090221965
"ENSRNOG00000017273","A630001G21Rikl",6.48101550832409
"ENSRNOG00000021260","Prnd",6.48036654022284
"ENSRNOG00000019296","Gnat2",6.47976312816294
"ENSRNOG00000002593","Esrrg",6.47830482128744
"ENSRNOG00000012619","Epor",6.47778151843598
"ENSRNOG00000007378","Acox2",6.47677849065783
"ENSRNOG00000057316","Snord88c",6.47654351309948
"ENSRNOG00000047491","Tro",6.4752437246208
"ENSRNOG00000019757","Dpep3",6.47491156957887
"ENSRNOG00000010681","Pitx2",6.47345406717559
"ENSRNOG00000033251","Slc25a52",6.47330788579063
"ENSRNOG00000002204","Ccdc158",6.47261424773899
"ENSRNOG00000024237","Scel",6.47215666028699
"ENSRNOG00000049856","Zfp617",6.47188086534805
"ENSRNOG00000056422","Snord104",6.47185162745623
"ENSRNOG00000001368","Rph3a",6.47152861825322
"ENSRNOG00000013604","Gpx4",6.47100233450188
"ENSRNOG00000001943","Retnlg",6.47078875037344
"ENSRNOG00000055790","Nup210l",6.47008061797307
"ENSRNOG00000026787","Disp2",6.46978742969882
"ENSRNOG00000023614","Hsh2d",6.46949403951229
"ENSRNOG00000029321","Ccser1",6.46861178172087
"ENSRNOG00000053054","Ccnt1",6.46714279456245
"ENSRNOG00000025404","Dppa4",6.46673452713379
"ENSRNOG00000016301","Dmrt2",6.46518026301154
"ENSRNOG00000047574","Nrxn3",6.46493481581462
"ENSRNOG00000058173","Sox3",6.46492882661159
"ENSRNOG00000013067","Phf21b",6.46420075245548
"ENSRNOG00000019695","Il17b",6.46273220782636
"ENSRNOG00000017873","Sct",6.46237621358249
"ENSRNOG00000000580","Calhm4",6.46181974001296
"ENSRNOG00000061376","Psca",6.46067620655137
"ENSRNOG00000000605","Hs3st5",6.46056549397414
"ENSRNOG00000046271","Gspt1",6.45952375879117
"ENSRNOG00000000582","Ddo",6.45885677969322
"ENSRNOG00000010535","Cdh18",6.45748888227322
"ENSRNOG00000028896","A2m",6.4570645714199
"ENSRNOG00000048898","Wasf3",6.45647470740997
"ENSRNOG00000018850","Ttc9b",6.45641735522162
"ENSRNOG00000061186","Snord123",6.45581859811382
"ENSRNOG00000039571","Glod5",6.45491014847426
"ENSRNOG00000010490","Hes2",6.45475593270543
"ENSRNOG00000008824","Vax1",6.45393617084018
"ENSRNOG00000002024","Epha5",6.45368520168771
"ENSRNOG00000060360","LOC120098448",6.45336788374005
"ENSRNOG00000055934","Dmkn",6.45280624612021
"ENSRNOG00000019306","Syt12",6.45279957452169
"ENSRNOG00000020783","Ntf4",6.45185448717406
"ENSRNOG00000009718","Pex12",6.45163660588091
"ENSRNOG00000027847","Nxpe2",6.45135528097738
"ENSRNOG00000000963","Tmem132c",6.45115629088462
"ENSRNOG00000048321","Tnfsf8",6.45079705520234
"ENSRNOG00000021589","Nexmif",6.45043994462666
"ENSRNOG00000023688","Drd1",6.45031565342763
"ENSRNOG00000025254","Qrich2",6.44989374992127
"ENSRNOG00000043137","Lbhd2",6.44945482887086
"ENSRNOG00000011000","Rims1",6.44917950291214
"ENSRNOG00000015149","Nrg4",6.44836839673955
"ENSRNOG00000016632","Dsg3",6.44833188801025
"ENSRNOG00000007675","Gpr63",6.4479860643112
"ENSRNOG00000025612","Sez6l",6.44793989032912
"ENSRNOG00000049063","Slc16a9",6.44786808932788
"ENSRNOG00000008217","Madcam1",6.44702429248189
"ENSRNOG00000009465","Sfrp2",6.44664889427514
"ENSRNOG00000022176","Gpr75",6.44642295851931
"ENSRNOG00000036760","Tmc5",6.44553687755528
"ENSRNOG00000059207","Oas3",6.4438230986132
"ENSRNOG00000058148","Snord58b",6.44358372053423
"ENSRNOG00000025979","Gramd2a",6.44297987765512
"ENSRNOG00000023177","Esrp2",6.44267732800778
"ENSRNOG00000058340","Krt79",6.44216547478321
"ENSRNOG00000030387","Kng1",6.4421512708607
"ENSRNOG00000052954","Cfap210",6.44202637454654
"ENSRNOG00000026508","Vmo1",6.44192622316127
"ENSRNOG00000032959","Adh7",6.44179323362781
"ENSRNOG00000030160","Zfp819",6.44165533250636
"ENSRNOG00000017324","Slc46a2",6.44000005574138
"ENSRNOG00000055586","LOC134481084",6.43981443149416
"ENSRNOG00000020136","Tgm1",6.43971233216388
"ENSRNOG00000032895","Cyp4f4",6.43878549254174
"ENSRNOG00000017024","Pla2g2e",6.43817872106978
"ENSRNOG00000014971","Mas1",6.43554906017957
"ENSRNOG00000050152","Chsy3",6.43433566734479
"ENSRNOG00000019763","Mlph",6.43325851187755
"ENSRNOG00000016278","Ccl17",6.43303161591215
"ENSRNOG00000015994","Cd3d",6.43233249359612
"ENSRNOG00000018366","Cracdl",6.42702175738753
"ENSRNOG00000011533","Irx3",6.42452520129424
"ENSRNOG00000035586","Mir301a",6.42400848514298
"ENSRNOG00000023100","Dynlt5",6.42225606775432
"ENSRNOG00000003620","Fmo3",6.41920317565605
"ENSRNOG00000046196","Icos",6.41911570482376
"ENSRNOG00000023337","Sema3a",6.41780115279957
"ENSRNOG00000056257","Cacng7",6.41741841780201
"ENSRNOG00000056200","Snord12c",6.41733116590396
"ENSRNOG00000058133","Ppm1n",6.41677169049463
"ENSRNOG00000011644","Slc1a7",6.41550308630831
"ENSRNOG00000047782","Apol7bl1",6.41414945124993
"ENSRNOG00000050220","Nrxn1",6.41394680191558
"ENSRNOG00000040595","LOC120096376",6.4131551620864
"ENSRNOG00000032569","Lingo3",6.41183953343208
"ENSRNOG00000057245","Rbbp8nl",6.41133728233724
"ENSRNOG00000004438","Cntn1",6.410293593103
"ENSRNOG00000014909","Sh2d5",6.40826645360762
"ENSRNOG00000003709","Kmo",6.40717739031722
"ENSRNOG00000062245","Ndufa10l1",6.40460173146867
"ENSRNOG00000018570","C1qtnf3",6.40433229029786
"ENSRNOG00000003059","Optc",6.40432083043617
"ENSRNOG00000019194","Pitx3",6.40342652249854
"ENSRNOG00000026661","Hcar1",6.40082639250206
"ENSRNOG00000054019","LOC120093944",6.40012021515872
"ENSRNOG00000018953","Cblc",6.39800261900533
"ENSRNOG00000026111","Morn5",6.39350869299741
"ENSRNOG00000006025","Lamb3",6.39027201206002
"ENSRNOG00000052644","LOC120100362",6.3866427181723
"ENSRNOG00000016502","Dscaml1",6.38473359790287
"ENSRNOG00000012591","Pkd2l1",6.38012180162973
"ENSRNOG00000061533","Zfp945",6.379458607736
"ENSRNOG00000024310","Kcnf1",6.37753416067227
"ENSRNOG00000036959","Sult6b2",6.37637236248597
"ENSRNOG00000012847","Scgb1c1",6.37554434442067
"ENSRNOG00000013554","Treml2",6.37390523004376
"ENSRNOG00000012155","Sox15",6.37282610761911
"ENSRNOG00000039489","Tmem253",6.36814987588515
"ENSRNOG00000011424","Cldn23",6.36692681920584
"ENSRNOG00000013623","Amer2",6.36664745530316
"ENSRNOG00000016388","Sphkap",6.36415734638973
"ENSRNOG00000008203","Synpr",6.36354536383802
"ENSRNOG00000060054","Doc2b",6.36023091015804
"ENSRNOG00000002754","Areg",6.36016353763197
"ENSRNOG00000037340","Epha10",6.35728171878484
"ENSRNOG00000012235","Ppp1r17",6.35613066138678
"ENSRNOG00000008592","Barx2",6.34803689203846
"ENSRNOG00000061650","Cdhr4",6.34789129932807
"ENSRNOG00000004998","Jakmip1",6.34540365986055
"ENSRNOG00000028805","Cfap77",6.334324332009
"ENSRNOG00000004327","Ddc",6.33292621802782
"ENSRNOG00000014555","Aox3",6.33107588184382
"ENSRNOG00000020625","Mcpt1",6.32961506723987
"ENSRNOG00000003813","Kcnk10",6.32605829573505
"ENSRNOG00000025415","Ntmt2",6.30842826342134
"ENSRNOG00000006920","Htr3b",6.30453265317564
"ENSRNOG00000001872","Lrrc74b",6.30363835981333
"ENSRNOG00000003273","Spata20",6.29307211876383
"ENSRNOG00000048726","Clec2d",6.25730008187207
"ENSRNOG00000055499","Grid1",6.2533136042963
