"symbol","statistic"
"Ngfr",25.093526827347
"Pcolce2",20.4650578970972
"Postn",19.7720527804768
"Gbp2",17.835605402553
"Pmepa1",17.535667670752
"Tes",17.520988504946
"Tmem196",16.8573661973679
"Runx2",16.4919991052505
"Gpc1",16.3712701105012
"Cd109",15.9520331795096
"Epcam",15.463712197787
"Loxl1",15.0977407701855
"Tubb2b",15.0101743369351
"Igfbp3",14.9104482882679
"Wnt11",14.7818876934576
"Pkp1",14.7355188782869
"Pgap6",14.4710934376098
"Hmga1",14.3211783772907
"Cthrc1",14.2981360956082
"Btc",14.2849596451619
"Ripk3",14.2602939472787
"Igf2bp2",14.0667649430541
"Fgf5",14.0220976751487
"Baalc",13.8923633967453
"Thbs2",13.8001758789256
"F2r",13.6810929486889
"Rgs16",13.6104426242171
"Sema3e",13.344931531357
"Cyfip2",13.3036290927789
"Atf3",13.297121062461
"Hck",13.1881375197657
"Slc22a23",13.1164616093226
"Cxcl14",13.0469208054321
"Gpnmb",13.0386020436428
"Steap2",12.992378718759
"Lrrtm2",12.9867312273826
"Abca1",12.4628629009174
"Tspan11",12.4538303256687
"Dpy19l1",12.3775104683708
"Sphk1",12.3688004337696
"Ttc22",12.3658796625237
"Clec7a",12.2410600004912
"Lif",12.1487306060375
"Rps6ka1",12.0788170302319
"Crlf1",12.0438428205385
"Lfng",11.993212310902
"Flrt3",11.8557033574459
"Gadd45a",11.8171871112361
"Siglec1",11.8078120609705
"Pcdh20",11.7352478987336
"Pak1",11.6646201661827
"Tmprss11f",11.6641433348914
"Tead2",11.6372154062061
"Cotl1",11.6095321503577
"Vps37b",11.6050032826161
"Ugdh",11.533045980394
"Gsap",11.5296081435034
"Clic1",11.3849831713971
"Cd68",11.3430853122363
"St3gal4",11.3363265917843
"Plcd1",11.3028512195377
"Nkain1",11.293484590608
"Htatip2",11.1864129092873
"Slfn9",11.1664308642866
"Rhbdf2",11.1575423420107
"Slc18a2",11.1412786450922
"C3",11.1204303029899
"Rgs1",11.0746776698589
"Clcf1",11.0177065080916
"Cd276",10.9811018768657
"A3galt2",10.9682864978108
"Sdc1",10.9447106497176
"Klhl2",10.8911220214041
"Jun",10.8895163105392
"Hk3",10.8641405828778
"Col18a1",10.8283772052478
"Tafa5",10.8256670838776
"Tmem123",10.8206675107647
"Lyz2",10.7812309102884
"Coro1c",10.7690867272423
"Lipa",10.7297803400294
"Gfra1",10.7065479308398
"Pabpc1",10.6810737692285
"Ptgfrn",10.6287970196086
"Arg1",10.626670858886
"Ctss",10.4671023047356
"Fxyd5",10.4654609163263
"Tmsb15b2",10.4467951787493
"Cd44",10.4224964149907
"Bcat1",10.4136458567843
"Ankrd6",10.412390474108
"Plat",10.3852655131363
"Ezr",10.3567469675314
"Slc39a6",10.3349480213557
"Mycl",10.3327680075416
"Tnfrsf12a",10.3054305784342
"Vmp1",10.2889965831678
"Tmem59l",10.2509221863755
"Aplp1",10.2448452181014
"Arpc1b",10.2342752592052
"Furin",10.2022800383012
"Ctsb",10.1866290628824
"Dclk1",10.1735143697819
"Sgpl1",10.1590483565291
"Tmem273",10.1549279661294
"Plod2",10.0774264932131
"Tnfrsf19",10.0071121675392
"Il10rb",9.99472986533255
"Plaur",9.93472445181261
"Arl11",9.9209195622785
"Mmp12",9.90076436150598
"Pla2g7",9.86892795522592
"Cdk14",9.7957984452462
"Tgif1",9.77036698976561
"Sbno2",9.73923796032535
"Btg1",9.73912183966366
"Stmn4",9.73289808486696
"Adgrl3",9.70884057358416
"Lgi3",9.69451267658968
"Cited2",9.67955857239814
"Upp1",9.6608481449817
"Ttc4",9.66056145486502
"Serpine1",9.53873167128378
"Ccl2",9.52661556860318
"Itgb2",9.51215502762566
"Ptprn",9.50700436580729
"Prag1",9.4846664852408
"Tmem88",9.48205103559899
"Htr2b",9.46181587555944
"Ppp2r1b",9.44551404547771
"Sorcs2",9.43701651244419
"Gdpd5",9.37994048370241
"Lgals3",9.35111116565997
"Dusp6",9.31293399551887
"Gjc1",9.26372348862255
"Cfh",9.23488392844261
"Litaf",9.23012764989974
"Ttc39c",9.22161307941729
"Sipa1",9.21743872175793
"Ociad2",9.21541989557976
"Fcgr2a-ps1",9.1905405603419
"Cdkn1a",9.11650291275397
"Ajap1",9.10642826258975
"Nedd4l",9.10189737354286
"Trem2",9.0874706132416
"Tlr13",9.07116225866965
"Steap1",9.06368181984032
"Wdhd1",9.05151791938158
"Ccnd3",9.01922768107984
"Tubb6",8.84869735558949
"Rab3b",8.82479905100308
"Sdcbp",8.80732302345817
"Ifitm1",8.77488755355209
"Stk38l",8.77086616645187
"Uggt1",8.76289793568024
"Mgp",8.75656805026057
"Nipsnap3b",8.72282771068459
"Ap1s2",8.72081358456437
"Neto2",8.71065641933159
"Ptgs1",8.70213153431285
"Eif4a1",8.69155215456346
"Tmem119",8.654108099684
"Ccnd1",8.65353720464192
"Stac2",8.65176977128963
"Ctsl",8.64555517591378
"Plpp1",8.6399586979668
"Msn",8.62697772785589
"Cdkn2aipnl",8.62499344638557
"Sfrp1",8.6156153547008
"Panx1",8.59815577016276
"Plp2",8.59309984760207
"Fam110a",8.57564183329892
"Myof",8.57217049482958
"Crabp2",8.56805566187144
"Dusp4",8.56798986241195
"Blnk",8.55884067433184
"Mex3b",8.54827434107325
"Casp3",8.53739591808005
"Ptma",8.53233978542457
"Ly49si3l1",8.53067399217579
"Ttc7a",8.50855679154653
"Itgax",8.48806453882903
"Bcl3",8.48414344010308
"Cd33",8.47878132419493
"Parvg",8.47872811444528
"Fcer1g",8.4495966965162
"Ninj1",8.4473017668314
"Lrfn4",8.40059421685544
"Tbxas1",8.40012357917199
"Vim",8.38466139276557
"Tgfb1",8.37857145712337
"Bmal2",8.34134330696116
"Cd53",8.33520769094287
"Crmp1",8.33484743592093
"Dusp7",8.33404682631992
"Cenpi",8.31776268581494
"Eaf1",8.30485881328759
"Mrap2",8.30067451615415
"Bcl2a1",8.29627989195561
"Chsy1",8.29055502289591
"Cd8b",8.2883087250254
"Pacc1",8.27454646240458
"Fnbp1l",8.26324358210823
"Cyp7b1",8.24203943084487
"Wnt10b",8.23869372976105
"Tenm3",8.23529165281127
"Cd82",8.20898216976925
"Hook1",8.18933967923144
"Lrrfip1",8.18270949384502
"Tyrobp",8.18213960990714
"Pik3r5",8.1588154895772
"Ncf1",8.14402344436962
"Card14",8.1336338574949
"Dzip1l",8.10943861815653
"Sapcd2",8.10426138261432
"Ms4a6a",8.10183228541635
"Ednrb",8.09620115366362
"Ptpn2",8.0925807541047
"Pde1c",8.07347669561293
"Pcsk1",8.06656328735698
"Ccdc85b",8.05770749564245
"Msr1",8.05505802827036
"Tgfbr1",8.04346765193253
"Sema3c",8.04165546431751
"Nono",8.03820991180233
"Mgst2",8.00946372505668
"Tbc1d1",8.00133116686305
"Nav2",7.99877241883866
"Ptprz1",7.99858844702082
"Plekho1",7.99760594376382
"Cybb",7.98871772581103
"Chd3",7.97940175198052
"C1qa",7.9567079405255
"Klra17",7.92914944764272
"Igfbp5",7.92155615132427
"Kcnab3",7.90406844615267
"Lcp1",7.89770691866964
"Hmgb2l2",7.89189602747251
"Kif22",7.88573333915425
"Cmklr1",7.86807273062353
"Gem",7.82676710203176
"Ifngr2",7.82115644946524
"Tmem86a",7.79546328986976
"Cebpa",7.78541055751792
"Btbd16",7.77999740160715
"Plau",7.76189825580733
"Rhoc",7.75798515290422
"Plxnb2",7.75415040338671
"Emp1",7.73220430597098
"Cd84",7.72709539382762
"Bcl2l11",7.71912097661285
"B3galnt1",7.70348560181914
"Trim80",7.69187778240113
"Dsn1",7.69097391892192
"Folr2",7.68745092479876
"Cd86",7.67881532121396
"Rnd3",7.67611706454144
"Zmiz1",7.65864305223937
"Gusb",7.6507226214839
"S100a11",7.64928325155201
"Cryba4",7.64706084027749
"Trpv2",7.6462308758978
"Rarres1",7.63571607752719
"Tagln2",7.63342033670277
"Mmp17",7.59549402214605
"Stra6l",7.58939174437086
"Lgals3bp",7.5886344128746
"Myo1f",7.58307291841453
"P3h4",7.58027926545351
"Spsb1",7.57618112591088
"Lmna",7.57602622012732
"P2rx4",7.57413996083991
"Igsf10",7.56077864369289
"Emp3",7.54204333558874
"Olr1",7.53022755758293
"Map2",7.52759574945704
"Twf1",7.50772677854931
"Plxnc1",7.50603118549229
"Fblim1",7.50296182174594
"Tnfaip2",7.49304565005691
"Sestd1",7.48643782376437
"Zswim4",7.48520925690841
"Cdt1",7.48345421095705
"Fkbp5",7.46143826985565
"Itgal",7.45639208456446
"Epsti1",7.45600497793811
"Hmga2",7.45187586285019
"Synj2",7.44446583897027
"Htr2a",7.40028701003072
"Manba",7.39451847446495
"Rab31",7.39091582974645
"Frmd8",7.38759181162881
"Socs5",7.38510674956997
"Thbs1",7.37077010449035
"Cxcr4",7.36687598599445
"Slc1a1",7.35439226933024
"Kcnn4",7.33663036189897
"Timp1",7.33632310051319
"Itgam",7.33477783618983
"Dio3",7.33431067402371
"Tmtc4",7.33239558056094
"Rem2",7.33017549367315
"Agpat4",7.31829639907567
"Lrp12",7.31785205853753
"Pou3f1",7.30149193003746
"Gtse1",7.29838063566474
"St3gal1",7.29457967332226
"Anpep",7.29238527772914
"Il1rn",7.28784164504576
"Clec4a2",7.27872894817103
"Ncaph",7.27528447477647
"Xdh",7.27041991703635
"P4ha2",7.26872840675848
"Impdh2",7.25982248352612
"Kpna2",7.2568036304775
"Cyba",7.25550543287095
"Qsox1",7.25450414577845
"Relt",7.24932744829437
"Shc2",7.24717448882425
"Celf4",7.2429177664008
"Arhgap22",7.24016909384646
"Cnn2",7.23940584319305
"Tmem107",7.23905418269293
"Ltbp2",7.23786272587629
"Dnmbp",7.23777591070786
"Rbm3",7.23493763670905
"Bub1",7.23163885536174
"Unc93b1",7.21879826450763
"Pld1",7.21496840109289
"Arhgap11a",7.21017544284794
"Vcan",7.20818611560431
"Hif1a",7.19719090566058
"Stil",7.19525329845507
"Sh2b3",7.18567897169552
"Tnc",7.17594552848476
"Nipsnap1",7.16751157742954
"Dbn1",7.16179447895258
"Tlr7",7.1579131668689
"Inhbb",7.15470906729633
"Ikbke",7.14388098834916
"Ifnlr1",7.14301280082868
"Slc18b1",7.13917144484406
"Bicra",7.13274037695289
"Hexb",7.12415964925434
"Hmox1",7.11793147177283
"Tpx2",7.10267669656044
"Vav1",7.09724192999368
"Grn",7.07858882761325
"Ifi30",7.05729711434793
"Otulinl",7.05282456989049
"Midn",7.0484101819082
"Chst1",7.03628292984315
"Mthfd1l",7.03537174544565
"Nxt1",7.03477017743759
"Parm1",7.02798687689639
"Hsd11b1",7.02013814503016
"Nab2",7.01415206271406
"B3gnt7",7.01010224381179
"Meis3",7.0045093134314
"Ms4a6c",6.99857325027302
"Cenph",6.99551013756876
"Tnfsf9",6.97851500844113
"Sh3bp2",6.9780961186327
"C1qc",6.97450352166037
"Pxk",6.96049241414277
"Fcgr3a",6.9585117008166
"Ttc21b",6.95276697872421
"Apoe",6.93986938513162
"Rdh10",6.93028797347465
"Irf6",6.92139694077028
"Npm1",6.91657066530138
"Slc7a7",6.91256571197438
"Mms22l",6.91039804083659
"Cd300ldl1",6.89967006693995
"Runx1",6.89911981805455
"Rab13",6.89635909877405
"Tlr2",6.89574086190613
"Nfam1",6.88950709420637
"Tmem108",6.88582684519777
"Gmnn",6.87833213388607
"Cd14",6.87649952343711
"Man1a1",6.86983756425602
"Mdm1",6.86880025422126
"Ppic",6.86303772677312
"Tp53",6.84976953243584
"Pth2r",6.84740841945277
"Cnksr3",6.84334407956522
"Sp140",6.83782153186166
"Cdhr5",6.83717194045322
"Mapk11",6.83483485409145
"Mcm5",6.81838028027591
"Bin3",6.81037201383011
"Acp5",6.80705565647787
"Colgalt1",6.80456220116129
"Myo1e",6.80026895223561
"Rai14",6.80005314584313
"Lilrb4",6.78995617984109
"Them6",6.78828678166535
"Adam8",6.76914905004484
"Cd8a",6.76376260993088
"Ier5",6.75253204730667
"Znrf1",6.75070977316033
"Tlnrd1",6.74571686481274
"Lst1",6.74350784211625
"C3h9orf50",6.74315844570532
"Jund",6.73929503583984
"Mcm4",6.72734526392612
"Arf4",6.7233901526732
"Mapre1",6.71807908653165
"Alkal2",6.70610416768192
"Maff",6.69743344067301
"Dusp10",6.68764219811759
"Rplp0",6.67892413212507
"Ttpal",6.66903917625566
"Cxcl16",6.66789297629205
"Slc4a5",6.66715768940564
"Cacna1b",6.66546679781972
"Dennd2a",6.66538974830418
"Rbm44",6.65155956903259
"Rfc3",6.63677865553704
"Cd63",6.63365501968931
"Csf2ra",6.63346858467203
"Mcm7",6.63086066759036
"Lmo4",6.62170197422555
"Ttyh2",6.61787205007134
"Bid",6.61295731083169
"Tle3",6.60974920986845
"Adgre5",6.6054026912959
"Slc11a1",6.60440149240123
"Sinhcaf",6.60159555202643
"Cdyl",6.5864886434588
"Il18",6.57083221088469
"Cbfb",6.56353466198492
"Ephb2",6.56256546507962
"Slbp",6.55869561977779
"Cuedc2",6.55469183781062
"Psme4",6.55280506114211
"Scn3b",6.55107297194609
"Npl",6.54653806629889
"Gpr68",6.54549597836752
"Iqgap1",6.53854923295063
"Cabp2",6.52733515772434
"Med15",6.52430111453286
"Adgb",6.52407813228637
"Pi4k2b",6.52190356944702
"Ckap4",6.52099526440893
"Met",6.5119285778711
"Cdk5rap2",6.49972491483464
"St14",6.4959543450876
"Gpr176",6.48340390591001
"Hmmr",6.47989368475594
"Tmem106a",6.47747896751325
"Hpse",6.47701759009124
"Pld3",6.47661510329389
"Marchf3",6.46586547828465
"Zdhhc6",6.45817926962205
"Plin2",6.45476763083604
"Sfpq",6.45448006494856
"Ptpn6",6.45177216443475
"Mki67",6.4494695091221
"Heatr3",6.44445016273488
"Ddx41",6.44410071365867
"Nop58",6.4409499410679
"Dctd",6.43838900063711
"Actr1b",6.4352913389958
"Hjurp",6.43373178206917
"Cdca3",6.43220569207079
"Pprc1",6.4252126269598
"Hebp2",6.41950419581373
"Slc25a24",6.41358513413076
"Ap1s3",6.41347962948471
"Phlda1",6.41345452636876
"Oplah",6.40807863001628
"Tacc3",6.3880728552766
"Cnep1r1",6.38530130594144
"Spred3",6.37061556749714
"Cd38",6.36926325937283
"Ssbp4",6.36900552700589
"Nckap1l",6.36798929729137
"Ctsd",6.36521398271507
"Slamf8",6.36217501917036
"Slc35d2",6.3567976406264
"Osbpl11",6.34359970676275
"Tubb5",6.34080778547402
"Ucp2",6.34062673785845
"Olfm2",6.32007962829811
"Sp110",6.31737164774778
"Gap43",6.31242584825514
"Arrdc4",6.31055992378061
"Mcm10",6.30592962254503
"Sppl2b",6.30411601239271
"Pik3cg",6.29609403501243
"Abcb1a",6.29568379136331
"Aif1",6.29176498488694
"Cxcl10",6.28987578838172
"Mfsd10",6.28519721138321
"Cemip",6.28439806920966
"Fos",6.28341724633823
"Wipf1",6.28273891876112
"Spry2",6.27503429761856
"Rps6ka3",6.27241766402403
"Dok3",6.27079018708634
"Hmgb3",6.26328374927332
"Stx3",6.26252866818398
"Dnai2",6.25550979622145
"Itga9",6.25445343853484
"Pdia4",6.24919035981295
"Cd180",6.2300485408982
"Ubash3b",6.20790373334974
"Tnfaip8l2",6.20018047709954
"Knl1",6.19799177645128
"Stap1",6.19557501704175
"Spc25",6.19535156211456
"Smim3",6.19053895173703
"Ccnb1",6.19033008316824
"Calu",6.18077708756815
"Amdhd2",6.17597923493784
"Dapk1",6.17460798733278
"Nudt4",6.1624888696305
"Pfkfb4",6.15344129849874
"Nipa2",6.150898784968
"Sla",6.14775374432829
"Atp6v1b2",6.14599588969636
"Plk3",6.14320930177718
"Adcy7",6.13378646423003
"Rad18",6.1320454065175
"Qprt",6.13007053866265
"Dmtn",6.12901071907593
"Mcm2",6.12551872661819
"Ube2c",6.11218503891472
"Tnip2",6.11135637842696
"Hdac1",6.1062263502318
"Fermt3",6.10468416931445
"Tyrp1",6.09285314748278
"Rasa3",6.09224400684523
"Kcng1",6.08959453834441
"Irf2bpl",6.08290029858751
"Cenpw",6.08115714683748
"Sh3bgrl3",6.07062097059082
"Abi3",6.07051401607258
"Mcm3",6.06974218663193
"Casp7",6.06879163405252
"Ms4a6b",6.06436829349298
"Dnmt1",6.0630437785923
"Pfkp",6.06099249331998
"Anxa1",6.05492875298807
"Cep55",6.05385276813812
"Coro2b",6.05021154050336
"Tfap2c",6.04843285567872
"Ndc80",6.04537016758318
"Smc2",6.04450206646431
"Kif18a",6.0362049357871
"Eef1a1",6.03452537968208
"Kntc1",6.03278987895713
"Ptk7",6.03104205283281
"Cdc6",6.03055224782747
"Mastl",6.02930455230696
"Agpat2",6.02622001631065
"Cdh17",6.02601842333598
"Cmtm3",6.02058479797735
"Shisa5",6.01662966578503
"Rbm22",6.00666560180177
"Arhgap18",6.00411970483143
"Selplg",5.99915261526971
"Nsd2",5.99231210872747
"Phtf1",5.98917121969531
"Gja1",5.9890879565443
"Edil3",5.98900361398859
"Cep57l1",5.98579996249524
"Grk6",5.98237566657111
"Erf",5.98144783335014
"Cep170",5.98094003978526
"Nradd",5.97737161731512
"Tmc7",5.97602760861238
"Kcnk13",5.97289045733077
"Ltk",5.97081375793255
"Igsf6",5.95674346833234
"Pla1a",5.95504930323423
"Ccar1",5.95088016709157
"Vash2",5.94788771344971
"Spi1",5.94517632593572
"Uggt2",5.93983265738086
"Irf8",5.93706450363431
"Hs2st1",5.93022729373461
"Morf4l2",5.92994658750504
"C1qb",5.92513405944655
"Lcp2",5.91561753303384
"Nuf2",5.91309389835793
"Mcfd2",5.90549033536806
"Ctsz",5.90449640924582
"Syncrip",5.90197255307162
"Prtfdc1",5.90153659264888
"Ncf2",5.89995193935855
"Sfr1",5.88608967436827
"Cd300c2l1",5.88330023788761
"Ckb",5.86617303196325
"Serpinb1a",5.86479069939438
"Cenpe",5.85706876685651
"Lyn",5.85197188058394
"Bmp1",5.85135484261691
"Snx6",5.8465387829075
"Akr1b10",5.84459851390283
"Lypla2",5.84164125286921
"Per2",5.83344349594848
"Trem1",5.83079918368556
"Pole2",5.82820643275955
"Enox1",5.82777120951204
"Gas7",5.82058447793969
"Gpx1",5.82009217350691
"Mdm2",5.81796168452015
"Msh2",5.81517196083482
"Lgmn",5.81289287695289
"Pnp",5.81197581284302
"Serpine2",5.81082806957549
"Gna15",5.81082802701524
"Trip13",5.81065172967958
"Fam20c",5.81018663441982
"Scube3",5.80935202164032
"Niban2",5.80889839782701
"Bub1b",5.79424878813201
"Bin2",5.79110988531632
"Mgat4b",5.79091538413104
"Nusap1",5.78882584226014
"Ptafr",5.78786968789005
"Col6a3",5.78663497646862
"Mex3d",5.78485860534294
"Diaph3",5.78469772352957
"Serpinb9",5.77770279989242
"P4hb",5.77055823834527
"Ctsc",5.76954092398814
"Artn",5.76647933298669
"Osmr",5.76619488540283
"Tpp2",5.76433259235743
"Cyria",5.76413626886365
"Hnrnpf",5.76263738218028
"Mad2l1",5.75475274837172
"Rgma",5.75100924001137
"Gsdmd",5.74694967503272
"Fanca",5.7453131930679
"Clec5a",5.74140285139071
"Bag1",5.73580544656915
"Nap1l1",5.7339629777481
"Birc5",5.73204300090369
"Itga7",5.73040025635651
"Prr13",5.72969479910757
"Aurkb",5.72367005242822
"Nfya",5.7201647292735
"Baiap2",5.7191173135794
"Prcp",5.71882726438758
"Rara",5.71679067650827
"Col27a1",5.71671144100069
"Tmem198b",5.70006340926337
"Tnfsf13b",5.69912312462843
"Dpysl3",5.69828007723463
"Mmp19",5.69565689724523
"Sh3kbp1",5.67461106291411
"Ccl9",5.6724305767902
"Calcb",5.67019190906321
"Pstpip1",5.66460054636144
"Stxbp2",5.66062422727562
"Plk1",5.65444142594795
"Tra2b",5.64808864334392
"Plk4",5.64530442000122
"Kif4a",5.64376292762229
"Pde8a",5.64273627566216
"Cenpu",5.63917855956994
"Dynlt1",5.63886411651637
"Ccl3",5.63423238447049
"Fam167a",5.63270690462543
"Sacs",5.62168586408524
"Nt5e",5.61595555413507
"Rpl3",5.61110207146062
"Mfsd11",5.60978333619812
"Inpp5d",5.60456045332844
"Cdk4",5.6039591851896
"Cyth4",5.5918562156131
"Smarca5",5.59020323492522
"Gmps",5.58751679888571
"Rfc5",5.58699919915327
"Ppat",5.58675127669075
"Tmod3",5.58550578648373
"Arhgap30",5.58393031488181
"Rbpj",5.57601529459308
"Pdpn",5.57533718831318
"Tnfrsf8",5.5707372754716
"Top2a",5.57031888326055
"Ftsj3",5.56389843382182
"Ppil1",5.54659045654562
"Arhgap45",5.5456979786926
"Tbc1d24",5.54135539027823
"Batf3",5.53982075974887
"Elfn1",5.53932174703938
"Mad2l2",5.53808023769041
"Cd37",5.53636880539607
"Ets1",5.53463901125831
"Spdl1",5.53378673969692
"Spag5",5.52864804193257
"Crip1",5.5247989916417
"Chd7",5.52333591025864
"Lrrc1",5.51952756409711
"Apoc4",5.51771358565884
"Il21r",5.51750627258334
"Mybl2",5.51696809384811
"Csnk1e",5.51402697930257
"Trim8",5.51386906196335
"Eif2s3y",5.5135920662855
"Dab2",5.51277722311698
"Rbl1",5.50657640021477
"Mllt1",5.50041313499589
"Asgr2",5.49880671152388
"Vsig4",5.49747174671289
"Camk2d",5.49480220335198
"Uck2",5.49342059316622
"Axl",5.49336962051056
"Glb1",5.49161507800207
"Zfp207",5.49011865420471
"Plekha5",5.4896665431071
"Tra2a",5.48455900240919
"C130050O18Rikl",5.48010578516762
"Pde3b",5.47826961224535
"Prim2",5.47761924565976
"Uhrf1",5.47740436288143
"Melk",5.47699835409546
"Smim29",5.47018938120506
"Ezh2",5.4681556370229
"Ciao2a",5.46683792348176
"Glis1",5.46619012531134
"Mgat4a",5.46463942919399
"Ptpn9",5.46316677213475
"Clec12a",5.45911226925802
"Ddx39a",5.45805320661302
"Med10",5.45771608130325
"Itga5",5.45627899170518
"Rnf19b",5.44529210170872
"Rgs8",5.44517074063567
"Pxdn",5.43839053155854
"Fibp",5.4377064849017
"Cyb5r4",5.43770459528065
"Smap1",5.43642039533038
"Kif11",5.43596431851952
"Tyw1",5.43273536548621
"Smarce1",5.4289257761171
"Anp32b",5.4205364210146
"Armc10",5.41775094305902
"Cep41",5.41566139353639
"Csk",5.41334455628888
"Zfp422",5.41056232705152
"Cd300c",5.41044855781475
"Baz1a",5.41037570615949
"Icam1",5.40729457566243
"Ncapg",5.40594076278057
"Poc1b",5.40189927525208
"Dnajc22",5.40121106930182
"Cand1",5.39734596404253
"Ctps1",5.39454007855286
"Clec4a3",5.39310414904174
"Cdc7",5.37901957460232
"Carhsp1",5.37694038914091
"Ddias",5.37417868457631
"Utp14a",5.37298894370726
"Wdfy4",5.37285076189025
"Dock1",5.36321992394709
"Psd4",5.36292726968654
"Necab2",5.36126735119195
"Sh3rf1",5.3544027995309
"Kirrel1",5.35201438137897
"Pofut2",5.34929940049629
"Rcor1",5.34776671301368
"Igsf8",5.34130577041193
"Ppig",5.33236297215231
"Hnrnpa1",5.33218986456173
"Ttc13",5.32982162272032
"Aoah",5.328878991045
"Hpcal1",5.3259791523578
"Aurka",5.32453884601719
"Zyx",5.32286258893726
"Nck2",5.32078252502674
"Dscc1",5.31362178138068
"Arap3",5.3082067538845
"Cd300lf",5.29981165176855
"Mcoln3",5.29958387175436
"Ube2t",5.29422342958985
"Mrc1",5.28954010242676
"Arl6ip6",5.28939737034342
"Fmnl3",5.28702111034557
"Alk",5.28636934592253
"Lrrc25",5.28260628420726
"Esco2",5.2788207484274
"Afap1l2",5.27881409184427
"Gpr34",5.27666655129746
"Hs6st1",5.27596823026368
"Pdia3",5.27447458133247
"Anxa2",5.27264042897377
"Dek",5.26927709758771
"Dnase2",5.26906506058786
"Cnot9",5.26774489068377
"Pspc1",5.26556377696727
"Ccdc82",5.26540884838568
"Acsl5",5.26213807017754
"Adap2",5.26085503463092
"Poglut3",5.25800952348439
"Serpinb8",5.25785034903368
"Bst1",5.25723461252888
"Vax1",5.25648540650224
"Fkbp10",5.25236354250845
"Bhlhe41",5.25221552676926
"Nup88",5.24606945070096
"Gmfg",5.24590082488237
"Mycn",5.24553381474411
"E2f8",5.24238322409553
"Bco2",5.24066512311622
"Usp3",5.23870518595326
"Fut7",5.23636662173389
"Abca17",5.23620624849134
"Xrcc5",5.23607564383241
"Sema6a",5.23441952031278
"Shcbp1",5.23163235290693
"Fuca1",5.2313220753268
"Iqgap3",5.23110675992353
"Gnptab",5.23086864417587
"Rnaset2",5.23068776811625
"Tlr3",5.22988180675175
"Sf3b4",5.22883687938059
"Atp10b",5.22442856515341
"Mtbp",5.22167406762715
"Ier3",5.21852101057492
"Myl12a",5.21715762844171
"Ren",5.2094688572823
"Efhc1",5.20932681801365
"Smc5",5.20569201578993
"Spata13",5.20264000280136
"Plbd1",5.20261808029054
"Olfml2a",5.19838845088542
"Metrn",5.19662614486073
"Ccne1",5.19616101848442
"B4galt6",5.1938949099568
"Smc4",5.19239544796124
"Vopp1",5.18939262826382
"Bdnf",5.18896997911788
"Kifc1",5.18483509471987
"Tpst2",5.18470761905573
"Cks1b",5.18042296121964
"Aspm",5.17896283859954
"Macroh2a1",5.1741352435303
"Bzw2",5.17381874129478
"Parp9",5.17354903457332
"Nup205",5.17289006397667
"Ywhah",5.17157988119196
"Dsc2",5.17129175877046
"Glipr1",5.17127469712175
"Me2",5.16557188535241
"Galnt3",5.1613537815767
"Atp8b4",5.15919955750462
"Cct4",5.1545022683668
"Tk1",5.14859427002235
"Fkbp1a",5.13893146081419
"Kif15",5.13875753162611
"Ifngr1",5.13447321884429
"Pmm2",5.13320241058175
"Pgam1",5.13257707231357
"Hnrnpd",5.13200978429335
"Abhd4",5.13182773270455
"Tcf3",5.13116665080767
"Pold3",5.13053830784005
"Myc",5.12706167356192
"Spats2",5.1215244032064
"Haus8",5.11528426167909
"Cfap44",5.10887952114849
"Arrb2",5.10887614515017
"Pimreg",5.10845606120273
"Col16a1",5.10836896787925
"Pf4",5.10451567500221
"Agrn",5.10243921448929
"Sdc4",5.09723891199411
"Adamts7",5.0960045950826
"Lmnb1",5.09582520218462
"Sapcd1",5.09482660559684
"Tbrg1",5.09228493289148
"Cdca8",5.0910798717805
"Tub",5.09003857890959
"Kif23",5.08638136993921
"Pla2g4a",5.08525124035554
"Msi1",5.08488260411724
"Il4r",5.08390659896672
"Ptx3",5.08333042984023
"Tcf19",5.07839898984079
"Tmem63a",5.0756382402624
"Apobec3",5.07343190683423
"Trim24",5.07256311508073
"Pbx2",5.06995168584458
"Tmem9",5.06535042030566
"Syk",5.06487585653903
"Pla2g15",5.06269380426185
"Rpl6",5.06046617729995
"Ttk",5.05950342845846
"Mapk13",5.05689028513907
"Pltp",5.05662930222238
"Kdm1a",5.04848518717527
"Chaf1b",5.04847301199582
"Klhl6",5.04719825510306
"Gbp5",5.04535051079272
"Pum3",5.0418528350873
"Clk1",5.03927048403369
"Nt5c",5.0329233208488
"LOC102555453",5.03204095668788
"Il17ra",5.03021865930327
"Mcub",5.02962374419292
"Xrn2",5.02940238764402
"Ap1s1",5.0288338218744
"Prc1",5.02788099986849
"Prpf38b",5.0262963774923
"Ncoa5",5.01990762017671
"Limd2",5.01846144216704
"Micall2",5.01822986943673
"Evl",5.01600462501988
"Ncl",5.01050246758092
"Cpe",5.00804286369709
"Lrrc8e",5.00722631405872
"Lrat",5.00670686581319
"Rnaseh2b",5.00402326228474
"Rpp40",5.00294547663883
"E2f5",5.00133087190916
"Erlin1",4.99634757407888
"Ccdc34",4.99494516037639
"Phf23",4.99346168668747
"Thbs4",4.9906916555437
"Kif2c",4.98547577465653
"Polr3g",4.98438134353647
"Nagk",4.98408555527856
"Kif18b",4.98394204357652
"Ska3",4.98273844917292
"Man2b1",4.98244728885506
"Cchcr1",4.98227234572015
"Ncf4",4.98108520747352
"Nova1",4.97836857667249
"Lpcat1",4.97457497149463
"Brsk1",4.97445200814447
"Bhlhe22",4.9693839886819
"Ranbp1",4.96493186783321
"Marcks",4.95420998644657
"Eif4e3",4.95400139859524
"Pmf1",4.95167817181797
"Aida",4.95062142847604
"Skp2",4.94957132877376
"Pxn",4.9481153313122
"Tfec",4.94297688837624
"Ncapg2",4.94235887367759
"Pkn3",4.94146562553748
"Soat1",4.94068644798115
"Mcmbp",4.94018667488387
"C2h5orf34",4.93960100165036
"Has1",4.93948197533183
"Nek2l1",4.9394616230102
"Hmgb2",4.93393317305785
"Elk3",4.93383168160161
"Mitd1",4.92940122375384
"Arpc3",4.92837316651517
"Golm1",4.92183634596912
"Tnfrsf1a",4.91245865333043
"Arhgap9",4.90952270947812
"Slc7a6",4.90889701477042
"Ror2",4.90869278450339
"Enc1",4.90804795234677
"Xbp1",4.90798640159713
"Cct8",4.90515872990367
"Eif3f",4.90239105751615
"Atf1",4.90084605002504
"Ctbs",4.90070524484787
"H1f10",4.89762557218402
"Mab21l1",4.89711155750178
"Nans",4.89607605895763
"Peg12",4.89495192952926
"Atm",4.89329004473227
"Nufip1",4.88802235378477
"Snx20",4.88757003900249
"Nasp",4.88329189806109
"Actg1",4.88005027060419
"Ptprc",4.87899660635619
"Pgam5",4.87848038098722
"Fcgr2b",4.87178697452568
"Sntg2",4.87114801690112
"Matk",4.86883786595834
"Foxm1",4.86729609831705
"Ccnf",4.86591919270804
"Sema4a",4.86585645541992
"Rps2",4.8637809480808
"Samsn1",4.86131933854995
"Skap2",4.85889338442037
"Ift74",4.85820436354112
"Ctsa",4.85608914143335
"Reep2",4.85270798770838
"Irak4",4.85023706924336
"Rsrc2",4.85009630184478
"Ptger2",4.84690848981716
"Mapk9",4.84671002540581
"Ms4a4a",4.84504182258801
"Zfpm2",4.843541166788
"Rtraf",4.84252712455924
"Mmp13",4.84238800490902
"Lat2",4.84109000323766
"Nkapd1",4.83979294854592
"Ptprv",4.83925439950917
"Sec11a",4.83808048213205
"Aopep",4.83188795360714
"Orc6",4.8275398743827
"Gnb2",4.82478330078866
"Ctnnb1",4.8224933307164
"Ssrp1",4.82165323261994
"Tnfsf13",4.8205733796195
"Raver1",4.81965808820668
"Cep72",4.81907139423985
"Smn1",4.81631973852481
"Zw10",4.81613253175772
"Kif20b",4.81490649524703
"Rgs10",4.81158782463573
"Naip6",4.80645398328378
"Ubr7",4.8052354817524
"Fam149a",4.80510308279137
"C6",4.80349922345597
"Toe1",4.80060921989888
"Fam72a",4.80025627438646
"Dram2",4.79974529315169
"C9h6orf132",4.79845802223652
"Angptl8",4.79829176467636
"Rfc2",4.79319342139901
"Ly86",4.78983982265661
"Tspan7",4.78688950348658
"Tamalin",4.78549054984241
"Smpd5",4.78457292700782
"Chst6",4.78407287564128
"Stom",4.78062766898011
"Arhgdib",4.77602417630436
"Cenpf",4.77210312431987
"Grik2",4.77153553243808
"Tcerg1",4.76414179497984
"Baz1b",4.76218186170693
"Il1r1",4.76041870702182
"Prmt3",4.75540499686058
"Rrm2",4.7518365440258
"Cetn4",4.75158573866671
"Arpc5",4.75106401792448
"Fes",4.74606698726394
"Ccne2",4.74597489030911
"Hdac5",4.74247981575775
"Tnip1",4.74069640062354
"Ugcg",4.73891111060818
"St7",4.73872017873058
"Fabp5",4.73667412558061
"Dlgap5",4.73554858456687
"Patl1",4.73533485182622
"Tmem164",4.72962801584216
"Pbdc1",4.72503034787084
"Thoc1",4.72193380240102
"Pkmyt1",4.72161357808627
"Stim2",4.72138531591234
"Mroh2a",4.72020734094504
"Cep128",4.71979429952657
"Ticrr",4.71922148555109
"Esyt1",4.71234883012267
"Ythdf2",4.70854634640582
"Hcls1",4.70458368350054
"Pros1",4.70296540027885
"Cd300a",4.70105575849125
"Cep43",4.70056247000303
"Rpl17",4.7002988588124
"Gpr84",4.69776915265815
"Htra3",4.69122477208317
"LOC134486330",4.69067087634491
"Nup133",4.68968091483944
"Glrx",4.68316460072816
"Brca1",4.68230014583919
"Slc30a5",4.67814153083431
"Dse",4.67648590794273
"Gpr153",4.67639198381483
"Cspg5",4.67596910325983
"Camk1",4.67573345445273
"B430306N03Rikl",4.67191434080035
"Calhm2",4.67082233772643
"Cdkn3",4.66915744420882
"Aph1a",4.66494767851219
"Ung",4.66198480506349
"Mtap",4.66167275646304
"Snrpb2",4.66164811934356
"Rpl10",4.66106412867092
"Usp16",4.65921079961393
"Pttg1",4.65824005501041
"Clspn",4.65743504870795
"Dhx15",4.65386875135287
"Sh2b2",4.65354062682372
"Apoc1",4.65286416935115
"Rassf8",4.65143739644573
"Tmem132a",4.64646091911422
"Dmp1",4.64239426795581
"Tgfb1i1",4.64230946789231
"Elmod3",4.63892425370502
"Tp53i11",4.63820337542477
"H2az1",4.63779226557908
"Cyp26a1",4.63351165282013
"Tyms",4.62838156134674
"Tasl",4.62812241133117
"C8h19orf38",4.62590764512723
"Asf1b",4.62229469646044
"Satb2",4.61858088845626
"Igfbp2",4.61641734517924
"LOC681325",4.61514247849764
"Srsf2",4.61417363861302
"Pdk3",4.61094188915658
"Ptcd3",4.60886288091739
"LOC134479640",4.60730964132592
"Pbk",4.60651889088977
"Ywhaz",4.60616419865275
"Marchf10",4.60602892473854
"Rrp1b",4.6027404716087
"Gdf11",4.60251751335112
"Jak3",4.60024108443315
"Was",4.59974593086042
"Rhebl1",4.59859552232097
"Cytip",4.59806202729272
"Gins4",4.59558159854583
"Selp",4.58975538102007
"Ect2",4.58749402439645
"Septin2",4.58681675845349
"Snrnp40",4.58629547926904
"Ninl",4.58462431076424
"Snrpd1",4.58450174515545
"Cenpn",4.57771066507414
"Ran",4.57474506880425
"Gdf15",4.57119532287503
"Gnpda1",4.56585769222587
"Comt",4.56393949254701
"Csf1",4.56325072063522
"Mroh1",4.56021316352677
"Rack1",4.55978498159536
"Aldh3b1",4.55863751075067
"Ccl4",4.55481238264957
"Fbxo33",4.55195026244996
"Pgap3",4.54606475523393
"Trim27",4.54143427406026
"Knstrn",4.54141270896097
"Galc",4.54001931519902
"Nxph3",4.53508433681384
"Actr3",4.53492215418523
"Piezo1",4.52792502802706
"C9h6orf141",4.52163015469797
"Scpep1",4.52158204595935
"Sult6b2",4.51997496437166
"Uhrf2",4.51723402719805
"Ube3d",4.51359586496961
"Efemp2",4.50919445162906
"Nedd1",4.5052229408046
"Vps54",4.50388501288923
"Traf4",4.50323725162975
"Cdc20",4.50168403071846
"Slc41a2",4.49966337033455
"Odf2",4.4993008382219
"Npas2",4.49190976380963
"Lyc2",4.48839264659073
"Coq10b",4.48607518227182
"Trim5",4.48480465434806
"C2h4orf46",4.48424807224013
"Cx3cr1",4.48266508462359
"Sh3gl3",4.48180815626916
"Anxa7",4.47892076554164
"Pfn1",4.47560861899078
"Sgo2",4.4682125423184
"Lpgat1",4.4677018615578
"Ankrd13a",4.466180020012
"Nudt21",4.46501116119358
"Ska1",4.46290409915663
"Pirb",4.46059868657072
"Papola",4.46026017120238
"Slc35e3",4.45990743309871
"Gpr83",4.4595024832063
"Rce1",4.45519116293114
"Nt5c3b",4.45465031871049
"Rbms1",4.45351046878589
"Krcc1",4.45334443076285
"Pld4",4.45320779914555
"Rrm1",4.45252029238347
"Plekhg1",4.45124283170135
"Atad2",4.45003599773465
"Eif1a",4.448083522911
"Eef2",4.44621178735617
"Pdlim4",4.44576305796343
"Uxs1",4.44254986041689
"Rad54l",4.43871551939901
"Cyp26c1",4.43727974418224
"Vat1",4.43727548435272
"Myd88",4.43610475172669
"Slamf9",4.43363401730457
"Cd83",4.43311197681368
"Tor1a",4.43193761782647
"Pycard",4.43106547798787
"Dhx9",4.4293621484948
"Map3k4",4.42834065175954
"Mis18bp1",4.42813691820061
"Slc17a9",4.42762890791568
"Gins1",4.4172514075744
"Csrnp1",4.41135148345318
"Rac2",4.40939116951142
"Agmat",4.40697744571391
"Pop7",4.40586892648433
"Man2a1",4.40510313207834
"Rcc2",4.40423909175441
"Tmem129",4.40293509534852
"Cdk17",4.40287244346975
"Xpo1",4.40010450129578
"Tyro3",4.39927587272929
"Wdr5",4.39828081820226
"Ahsa2",4.39753575517188
"Erfe",4.39753465375206
"Nde1",4.3955666415529
"Rbbp7",4.39530516583283
"Polr3h",4.39520785046738
"Kdm3a",4.39038163661001
"Heph",4.38893784638382
"Tpst1",4.38788687837074
"Poglut1",4.38457444391953
"Nr2f2",4.38331795400711
"Dnah1",4.37911003228118
"Smad1",4.3784187242822
"Bcap29",4.37424957013544
"Ptgir",4.37101873409624
"Itgb8",4.3639337571468
"Ercc6l",4.36324329019906
"Cttnbp2nl",4.36169702111443
"Elf1",4.36042679588405
"Stard13",4.36039466002256
"Cdca7",4.35950940651524
"Gcgr",4.3584001771779
"Cep95",4.35669385280248
"Havcr2",4.35536031099637
"G2e3",4.35459321402382
"Nfkbiz",4.35453140682836
"Areg",4.35367864945096
"C10h5orf15",4.35200108873013
"Erbin",4.35009719536155
"Troap",4.3474342744671
"Runx3",4.3455578613275
"Gm2a",4.33990229384995
"Kdm6b",4.33804167664229
"Izumo1r",4.33765125741286
"Marchf1",4.33644773961234
"Tstd3",4.33305297720667
"Irak3",4.33179333781649
"Galnt6",4.33079038131379
"Hgf",4.32965164091488
"Rbm17",4.32863232864638
"Scn10a",4.32583861479806
"Kcna3",4.325140132445
"Jph4",4.32478931185768
"Camkk1",4.32175706953445
"Rpl18",4.32082328125431
"Bcl2l12",4.31999197894055
"Ppp4r3a",4.31993460682432
"Oip5",4.31781611236654
"Tnn",4.31436358754962
"Tnfrsf1b",4.31247322727713
"Copb1",4.31219060022354
"Rad51",4.30504751839306
"Cd300le",4.30363318180071
"Dkk3",4.29910813015222
"Kif14",4.29705933361653
"Hebp1",4.2957700536434
"Shh",4.29469337489807
"Zdhhc16",4.29286677191718
"Plekha1",4.29214544049719
"Pappa",4.29191598247328
"Josd1",4.28902885966858
"Lactb",4.28902869963771
"Ap3m1",4.28891689333928
"Ttc8",4.28782259561852
"Gfap",4.28696259868243
"Tbp",4.28682288376564
"Pa2g4",4.28634597085756
"Tmem18",4.28563052119117
"Stk17b",4.28556358656991
"Aim2",4.28534512061996
"Evi2a",4.28331362481952
"Mcam",4.27739637954529
"Ggt7",4.27684913730308
"Wdr1",4.27662094782089
"Ppp1r9b",4.27178434114984
"Ano4",4.26608262347921
"Nfkbie",4.26306879725411
"Trim28",4.26134965803051
"Apobec1",4.260582402034
"Tedc2",4.25821326476661
"P4ha3",4.25608785701974
"Tmem144",4.25369333912105
"Dnajc10",4.25228795047062
"Ncor2",4.25068402130486
"Hps3",4.25012093428126
"Espl1",4.24742271510896
"Klf11",4.24696341617779
"Smarcd2",4.24460437734948
"Haus4",4.24365523324549
"Rgs19",4.24286474068612
"Il20rb",4.23851157286972
"Tfdp1",4.23178480039055
"Pik3cd",4.2302495563259
"Snx12",4.22890773724107
"Ncapd2",4.2274080980748
"Cpsf4",4.22693628341347
"Elof1",4.22688176855144
"Dram1",4.22392398370218
"Cdkn2a",4.22348024913973
"Strip1",4.22340284503136
"Tnik",4.2220674442001
"Ppib",4.21638057918725
"Chd4",4.21624783005002
"Dock8",4.21522595344962
"Fbxl6",4.21292245246259
"Tent2",4.20661844540405
"Clec4a1",4.20508866573243
"Tap1",4.20368912408411
"Crot",4.20350589765282
"Alg8",4.20175315313448
"Cbx3",4.19741772679578
"Capza1",4.19673725575491
"Tpbg",4.19629542242286
"Phtf2",4.1935197160124
"Mphosph10",4.19318195723248
"Glb1l",4.19232607576499
"Rnf111",4.19165319654932
"Naaa",4.19066345884185
"Txndc5",4.18987031139067
"Traip",4.18867727769089
"Kng1",4.18744958255135
"Alms1",4.18543146085341
"Oaf",4.18356305480895
"Uap1l1",4.183425592992
"Shmt2",4.18339181823618
"Arrdc1",4.18179307289219
"Ywhag",4.1735224482081
"Csf1r",4.17093859481954
"Mctp2",4.17045429626774
"Srsf3",4.17019898928175
"Minpp1",4.16908293739405
"Phldb3",4.16819614692497
"Timeless",4.16801537670696
"Irf5",4.16337508940209
"Mapkapk3",4.16330171620648
"Ctsk",4.16190039446963
"Pih1d2",4.16102623553811
"Frrs1",4.16099852382514
"Haspin",4.1576957585591
"Pole",4.15687208497933
"Cfp",4.15577649901276
"Klf10",4.15533935197195
"Emb",4.15471211076184
"Tmpo",4.1518485976836
"Trim21",4.15183898041471
"Fgr",4.15104281997341
"Mob3c",4.14887122760269
"Slco2a1",4.14820940530638
"Irf1",4.14793654025196
"Tnfaip6",4.14194595646126
"Irf2",4.14020400319432
"Ccna2",4.13849169559423
"Ttyh3",4.13700338752336
"Taf1d",4.13482712130997
"Foxp1",4.13446591299583
"Cdca4",4.13407888469943
"C18h18orf54",4.13360813720374
"Olfml2b",4.1323847156229
"Cerk",4.13137445843661
"Snx4",4.13025567939641
"Ostc",4.12938229897517
"Naglu",4.12731354508785
"Nup37",4.12642227446172
"Cep164",4.12630199245116
"Rgs12",4.12615062566267
"Birc3",4.12597385184733
"Sema3a",4.12559883908832
"Nop56",4.12207546191954
"Il10ra",4.12206246048222
"Rasal3",4.11934597677816
"Ccnb2-ps2",4.11707328529481
"Lbp",4.11188407412533
"Brca2",4.11130737901535
"Cip2a",4.10654082269836
"Cpne7",4.10447783115425
"Ephb3",4.10212051858268
"Rnls",4.10172449718068
"Golm2",4.09798040482135
"Ext2",4.09793940162532
"Rrbp1",4.09622540160868
"Inka1",4.09611551923975
"Bmp7",4.09393515431585
"Hmgn1",4.0933847931613
"Hmgb1-ps8",4.09267932709135
"H6pd",4.08768717157602
"Plcb2",4.08522683620506
"Idh1",4.08441979301599
"Mgst1",4.08403268353342
"Apod",4.08280330668495
"Insc",4.08256959661628
"Shkbp1",4.08254949028488
"Ogfr",4.08202288762327
"Atxn10",4.07953083702593
"Shc3",4.07813669985351
"Smg9",4.07765700516541
"Ptprj",4.07734589703234
"Osbpl3",4.07535481801355
"LOC120100233",4.07482428947812
"Cenpl",4.07452052927515
"Ext1",4.07333953197879
"Lsm7",4.0719368582631
"Khdrbs1",4.07122234914928
"Ppan",4.06902467264951
"Fzd6",4.06615438925224
"Rad21",4.06596928312803
"Kcnh1",4.06527422397944
"Ints10",4.06100469579477
"Trim47",4.0605375529344
"Fcgr1a",4.0586499581564
"Slc2a5",4.05666283128517
"Pip4p2",4.05635460449285
"Etv5",4.0550808420768
"Cxxc5",4.05440779029902
"Sec61a1",4.05132622355002
"Psap",4.0446295972223
"Ints15",4.04447642634967
"Lrrcc1",4.04408533553138
"Rbmx",4.04009823327887
"Scimp",4.03907464718704
"Nlrp3",4.03417844880424
"Cenpk",4.03288184393079
"Tagap",4.03135477803328
"Trh",4.02581598570187
"Slc66a3",4.02474957124123
"Sf3b6",4.01570772355806
"Wdr91",4.01513891408966
"Dcakd",4.01289887487516
"Fam76b",4.01285806223567
"Cstb",4.0118060953687
"Slc28a2",4.00580199514417
"Cd200r1",4.00527239893814
"Rhov",4.0050782890821
"Cyp27b1",4.00377311165124
"Abhd17c",4.00349162657108
"Racgap1",4.0029847896996
"Ldb1",4.00233258664815
"Syt4",4.00221954667485
"Efna2",4.000060255526
"Hmg20a",3.99615956369617
"Ppm1g",3.9922257806502
"Trappc1",3.99212162703288
"Ddx59",3.99155009356928
"Tmem37",3.9871762830236
"Vps26c",3.9866253824509
"Mfsd9",3.98480492240543
"Triobp",3.98419433524587
"Ccdc93",3.98164633920064
"Cenpt",3.98049177403414
"Pigx",3.97980773884303
"Parn",3.97837608471941
"Nptxr",3.97779050328208
"Tor4a",3.97707263995979
"Irag2",3.97359082478066
"Anp32a",3.97078198820374
"Stat3",3.96856896323646
"Trim59",3.96045051330593
"Cul4b",3.95807000232978
"Nifk",3.95529151605568
"Stk38",3.95506609933129
"Sct",3.95441231088412
"Nek6",3.95266185484916
"Cct2",3.95045599626409
"Ppia",3.94845355266521
"Itgb1",3.94548289347145
"Gab2",3.94477420882162
"Cxxc1",3.94388533065608
"Itpa",3.94328753204871
"Slc15a3",3.9424634685299
"Rps8-ps17",3.9409399472802
"Thy1",3.93807070007345
"Anapc7",3.93599017767667
"Btk",3.93419053210803
"Eif3a",3.93240956837947
"Anln",3.9321926932343
"Atg7",3.92970067321226
"Inhba",3.92595882289889
"Ctbp2",3.92375781977297
"St6gal1",3.92251350644554
"B4galt3",3.92221690265293
"Hnrnpk",3.92111808390903
"Cd80",3.92110462839549
"Tmem120a",3.92099881660823
"Fosb",3.92022798696032
"Ptk2b",3.91932284745157
"Hoxb7",3.91725262784498
"Dyrk3",3.91503164848524
"Wfdc2",3.91168453802624
"Cbx2",3.90735209963943
"Ptbp1",3.90616919456451
"Tcp1",3.90434391560152
"Psca",3.90397489080473
"Wee1",3.899990326298
"Cxcl1",3.89741529038656
"Angptl4",3.89659948573533
"Pheta2",3.89599921233817
"Sf3a3",3.89449987012421
"Selenoh",3.894067636186
"Clec10a",3.89111528807989
"Mov10",3.89099354260996
"Gal",3.88952380203785
"Apobr",3.889124294499
"Ddx18",3.88809310980018
"Pus1",3.88798345833972
"Ckap2l",3.88736558074023
"Polr1f",3.88653291283932
"Arhgap27",3.88486503025577
"Fut4",3.8842644214426
"Dnal4",3.88244273679821
"Dcbld1",3.88127272234976
"Cggbp1",3.87938203648034
"Rfwd3",3.87866927480457
"Lsp1",3.87808882679622
"Psmd14",3.8775955747453
"Cdk2",3.87724338307695
"Dlg3",3.87691211178184
"P2ry6",3.87606839314079
"Nup93",3.87541056563578
"Siglec15",3.87268761525877
"Plppr2",3.87180719137354
"Zfp36",3.86744246159415
"Slc24a5",3.86352096107043
"Nup107",3.86111483450201
"Ctse",3.85741244482938
"Spc24",3.85635091846864
"Adgrl1",3.85567136510692
"Cfl1",3.85486664702527
"Ckap2",3.85420578030124
"Mfsd1",3.85328350202063
"Atg5",3.85302867320947
"Dok1",3.84772882466405
"Fnip1",3.84700512008093
"Tcf7",3.84550903510878
"Ints7",3.8436036410425
"Dbf4",3.84249654186774
"Nudt5",3.83947236679215
"Sf3b1",3.83861060265957
"Incenp",3.83621242923035
"Ddost",3.83544205252282
"C8h15orf39",3.83523718102878
"Fen1",3.83476784419244
"Mgat2",3.83400918124846
"Kiaa0586",3.83182816828678
"Cib1",3.82979154856757
"Ankrd42",3.82429875888657
"Rbm47",3.82307210091087
"Nrip1",3.82203443546594
"Morc3",3.82147061740401
"Chaf1a",3.81854029609485
"Zc3h13",3.81718823510018
"Rgs18",3.81651505712528
"Selenof",3.81504219528409
"Pou5f1",3.81402692939214
"Ppt2",3.81160079751695
"Vps72",3.81115215783056
"Bcar1",3.81102050451528
"Ammecr1l",3.80905782765491
"Prdx4",3.80869149605849
"Cenpp",3.80634448257027
"Cyp4v3",3.80514054166466
"Taf1c",3.80502877233132
"Donson",3.80451007079129
"Baz2b",3.80419558251495
"Arl5c",3.80362968267529
"Slc43a2",3.79996813066241
"Pola1",3.7990737518508
"Rin2",3.7961666901137
"Batf",3.79409659375381
"B2m",3.79398405645667
"Rnps1",3.79301485716499
"Memo1",3.79228866700325
"Qars1",3.79212861951124
"Cblb",3.79035433470166
"Ankzf1",3.79031066855492
"Mmp9",3.78900581691148
"Glipr2",3.78826311922164
"Prpf31",3.7876412062125
"Akirin2",3.7858785271357
"Ranbp9",3.78557964449203
"Rsu1",3.78533198386358
"Erh",3.78170135864456
"Tmem98",3.78158582069885
"Ccl7",3.77787162669547
"Tnpo1",3.77742862679323
"Fem1c",3.77677421469386
"Rin3",3.77424176365708
"C5ar2",3.77141922739253
"Pde7a",3.77122523026916
"Nes",3.77055222255724
"Chl1",3.76716021910431
"Ints13",3.76623837070995
"Prr11",3.76457183177451
"Ntng2",3.76284959582179
"Arsb",3.76132144548213
"Taf13",3.76056201559651
"Slc45a4",3.75928477842483
"Srsf11",3.75798483761009
"Cbr3",3.75662953275242
"Ppp4r1",3.75566585279839
"Odf2l",3.7553986554042
"Nsmce2",3.75421339857789
"Taf2",3.75291573807218
"Nmt1",3.75029597146884
"Neil3",3.74737469315681
"Sectm1b",3.74471376978975
"Lgals1",3.74340084404018
"Ppp1r17",3.74137461143271
"Cyp1b1",3.74073496872741
"Lypla1",3.73843693644881
"Hook2",3.7383638417006
"Plscr3",3.73751487176591
"Cct6a",3.73647719905298
"Pinx1",3.736414835017
"Mob3a",3.72747996469398
"Xkr5",3.72720732956429
"Acp4",3.72715852584544
"Shfl",3.72401369381999
"Kdelr1",3.72190026151819
"Ints6",3.72169930383918
"Necab3",3.72052189081514
"H3f3b",3.71896592842011
"Tmem176a",3.71848302556907
"Rcc1",3.71714503999195
"Ptmal5",3.71660828962926
"Angptl2",3.71248702806229
"Chek2",3.71088683285097
"Slc35b2",3.70950150057552
"Prr5l",3.70908011247158
"Nrip3",3.7044065904028
"Cyth2",3.70218798879219
"Ebpl",3.70068206526744
"Ptpro",3.69948808035421
"Evi2b",3.69773527332445
"Srsf6",3.6974842785203
"Edem2",3.69229502976768
"Gsdme",3.69011267374699
"Efr3a",3.688925215775
"Pdgfa",3.68873598611649
"Exo5",3.68869287660284
"Wdr90",3.68737834871019
"Sele",3.6849345308551
"Sash3",3.68431179618618
"Paxip1",3.68132505276996
"Pcna",3.67801488382105
"Tmem100",3.67732772074795
"Spon1",3.67473219369841
"Slc39a11",3.67406617802204
"Tmx1",3.67302818545365
"Tmem43",3.67278464976245
"Mthfd2l",3.67042672395973
"Exoc5",3.67035047441843
"Zwilch",3.6688682517459
"Rpl15",3.66557830070195
"Mctp1",3.66473358545155
"Rp2",3.66409205171568
"Tmem200a",3.66244439618286
"Cdk1",3.66052923821224
"Bard1",3.66051635465474
"Rps3",3.6601599295701
"Ppp4c",3.65989791076957
"Elf2",3.65900993202985
"Adam17",3.65797113750496
"Tor2a",3.65762232521007
"Dsg3",3.65738909100902
"Fam3c",3.65393332562534
"Srsf1",3.65067548167696
"Kdelr2",3.65036462290452
"6330403K07Rikl",3.64702289860156
"Tor1aip2",3.64610902553805
"Metap2",3.64583191551301
"Rspo1",3.64375607366946
"Rhno1",3.64213801305307
"B4galt1",3.64163256746077
"Eno1",3.64022772914373
"Zfp646",3.63691707973018
"Zfp711",3.63608366833076
"Il2rg",3.63507875514629
"Oscar",3.63492292261214
"Cgas",3.6299353951762
"Igfbp4",3.62841131705843
"Mettl26",3.62640561649822
"Nhsl3",3.62599365416858
"Cdk5",3.62405925821463
"Numbl",3.62067512814663
"Cnr2",3.6194872042975
"Adamts9",3.6159222191
"Rps3l1",3.61554995083138
"Agap1",3.61484183606984
"Caap1",3.61289925154026
"Cdca2",3.6109034471993
"Tlr8",3.60989390547322
"Clec2d",3.60659019897175
"Phkg2",3.60641032674776
"Smc6",3.60633309008394
"Srek1ip1",3.6009549842989
"H2az2",3.59794047373334
"Hirip3",3.59577464986772
"Selenom",3.59510331382651
"Calr",3.59426228655624
"Nudt1",3.59335632009179
"Ralb",3.5932977711778
"Arsl",3.59251739468928
"Hrob",3.59207033965351
"Ifgga2l2",3.59012521840617
"Psma1",3.58998667920229
"Rpl12",3.58808483122904
"Bend6",3.58739619552232
"Dyrk2",3.58625116487098
"Cd6",3.58560546939396
"Olfml3",3.58418982763554
"Fhdc1",3.58337648361272
"Vasp",3.58287458616723
"Ssbp3",3.58274249149807
"Notch1",3.58181965725896
"Vsig10l",3.5810401179727
"Yipf5",3.5790598787027
"Fadd",3.57775111774468
"Gabpb1",3.5761301181649
"Naa40",3.57411460495471
"Engase",3.57177715166971
"Hexa",3.5716582122225
"Gbp4",3.56994722306915
"Ppp1ca",3.56933682453097
"Gnl3",3.5670812265858
"Akt1",3.56546875914661
"Rpp21",3.56276749605654
"Atg12",3.56215903089303
"Casp2",3.56152597096424
"E2f7",3.55931580591481
"Srbd1",3.55846870425317
"Rab38",3.55587161034645
"Nacad",3.55467832402992
"Shf",3.5476645313664
"Pop4",3.54736137373992
"Nr2f1",3.54549198801658
"Fancb",3.54409598981564
"Dhrs3",3.54319623333723
"Bet1",3.53983927868099
"Cracdl",3.53738770787629
"Ankrd49",3.53716761537149
"Serpinf1",3.53680375548632
"Nup43",3.53671310036823
"Eng",3.53531420985847
"Nlrc4",3.5352701078447
"Hoxb4",3.5341486912588
"Nup50",3.53258918253495
"Pde4b",3.53186050654436
"Cdkn2c",3.52871731891193
"Sp3",3.52830504116521
"Coro1a",3.52728551978376
"Nrf1",3.52581965289794
"Hat1",3.52300226641381
"Mob1a",3.52145955965165
"Zcchc18",3.52080960989933
"Vav2",3.51625779072947
"Blm",3.51615920305742
"Samd9",3.51280005121502
"Gins3",3.51234601787393
"Iah1",3.51173231745094
"Cep135",3.51168202391386
"Myef2",3.51153303114331
"Abr",3.50899591364609
"Rhog",3.50532554634359
"Tpm4",3.50336334514064
"Arpc2",3.50103024751554
"Pwp1",3.49975009989035
"Tmem202",3.49908050686439
"Apmap",3.49808872215899
"Chfr",3.49698593624049
"Rgs2",3.4943713170435
"Prpf40a",3.49400142254423
"Bud23",3.49228241127022
"Eef1b2",3.49154866820108
"Samd10",3.49112316162011
"Fam83d",3.48971378891307
"Nek2",3.48887060846324
"LOC120096281",3.48663241960114
"Myo1g",3.48437354883194
"Suv39h1",3.48434405367474
"Depdc1b",3.47775962627004
"Rpl29",3.47720925699066
"Reep4",3.47678192622707
"Rpl6-ps1",3.47615478747812
"Mdk",3.47525274281561
"Diaph1",3.47343095342287
"Metap1",3.47291805204184
"Ccnyl1",3.47261856650139
"Cnot6",3.46796909076912
"Tm9sf1",3.46796285988579
"Pilrb2l3",3.46740535729975
"Rarb",3.46595389156442
"Actb",3.45789635229073
"Rpl5",3.45779890357942
"Vrk1",3.45717849411075
"Osm",3.45357106938127
"Rnf185",3.45326883214364
"Nup188",3.45273536578484
"Dnajc14",3.45235249052455
"Plekha8",3.45162944713302
"Osbpl9",3.45078864451348
"Zmym2",3.45035425399599
"Zfand4",3.44881659032581
"Rbm7",3.4480975199457
"Mrgprx3",3.44722446183876
"Oxnad1",3.44326242996
"Slc10a3",3.44325498765427
"Parpbp",3.43955459232536
"Cenpm",3.4394257545146
"Fmo5",3.43868573092713
"Rfc4",3.43852373211449
"Rars1",3.43794765378997
"Cndp2",3.43774988997994
"Hnrnpu",3.43436915607767
"A2m",3.43434896075058
"Zdhhc13",3.43415982120233
"Slc9a1",3.43398400668683
"Nit1",3.43019398221237
"Dock7",3.42684067210559
"Thg1l",3.4259472787576
"Phf13",3.42299099835332
"Gne",3.42253931800125
"Jpt1",3.41811348754479
"Bora",3.41807773457913
"Tex10",3.41721405969695
"Tex30",3.4124299679405
"Trpm2",3.41239681368644
"Nop2",3.41165684192613
"Aldh1a2",3.41123328400651
"Snrpgl1",3.40999623644452
"Atp23",3.40483435384846
"Map3k14",3.40422672614894
"Slc19a2",3.403691698398
"Nfatc4",3.40248242101259
"Add1",3.40029923555041
"Fv1",3.39807746107542
"LOC103691261",3.39702980321747
"Casp12",3.39605794772235
"Gpx3",3.3953856137005
"Irak2",3.39512146924227
"Shroom3",3.39432854127034
"U2af1",3.39308910196623
"Ap5b1",3.39307195334198
"Lrrtm3",3.38977190751341
"Zfp276",3.38976770695113
"Rpl18a",3.38867785918752
"Lag3",3.38458842052752
"Rabl2",3.38113689880515
"Cst7",3.37957747853087
"C3ar1",3.37805569693453
"Rbm14",3.37772798836115
"Iglon5",3.37729127477673
"Ogg1",3.3768399622588
"Resf1",3.37487913892902
"Pacsin1",3.37180826749857
"Il1rap",3.36898686394553
"Card9",3.3687787374008
"Arhgap21",3.36791566382423
"Adgre1",3.36653286418848
"Fbxo30",3.36436205357198
"Caprin1",3.3634087110053
"Kcng2",3.3629367430471
"Cast",3.36232697340461
"Sulf2",3.36129056481411
"Rpl19",3.36058716039311
"Alyref",3.35968944442373
"Rasa1",3.35892942375249
"Lrrc59",3.35864297193653
"Septin5",3.35859784712959
"Dock11",3.35756345606952
"Pigu",3.35617859746587
"Ssbl1",3.35544597247568
"Hormad2",3.35358949042594
"Sumo1",3.35337177034273
"Eif2s3",3.35267110856875
"Aldh16a1",3.35252125119468
"Cp",3.35150600681441
"Stt3a",3.34979909162631
"Ccnl1",3.3467997761472
"Hscb",3.346064089019
"Hs1bp3",3.3438370840674
"Hspa14",3.34366930340687
"Rps12",3.34350385924703
"Ngf",3.3416281767781
"Erbb3",3.34056463146656
"Fn1",3.33550667407513
"Amer2",3.33416232543025
"Ifitm3",3.33176851423451
"Trit1",3.33146975988828
"Slc4a7",3.33140722317834
"Arhgap25",3.32920554777335
"Loxl4",3.32455431424181
"Kif20a",3.32370837037732
"Gtf2h3",3.32284408238162
"Map4k1",3.32082611115824
"Capn5",3.31833781079503
"Casp1",3.31769805056273
"Ipo7",3.31698130384223
"Smc3",3.31697296718288
"Trim36",3.31686015621436
"Fbxo5",3.31668337461771
"Tsku",3.31503837864055
"Tmem39a",3.31164719733063
"Nfxl1",3.31055937242881
"Ubtd1",3.30985680474935
"Tmed2",3.30483971685836
"Hltf",3.30467464022583
"Efnb1",3.3046609563064
"Tradd",3.30142982482068
"Hnrnpa0",3.30080716747916
"Psma6-ps5",3.30041932093402
"Palb2",3.29815018885277
"Rfx1",3.29620623849369
"Il18bp",3.29566666887612
"Chic2",3.29560163565127
"Elavl1",3.29303862706783
"Carm1",3.29216018192375
"Mta2",3.29089599323825
"Enpep",3.28940981582331
"Sde2",3.28825033395808
"Abi1",3.28746981783633
"Pdlim1",3.28692088834183
"Sf3a1",3.2857953187121
"Shc1",3.27914663115788
"Cpne8",3.27666612846762
"Phax",3.27606171878039
"Tnfaip8",3.2758639135708
"Camk1d",3.27479180889343
"Cdk9",3.27232591985778
"Btg3",3.26952779857333
"Ssx2ip",3.26846492400902
"Ppp6r1",3.26840554360082
"Zfp367",3.2681715144971
"Mcph1",3.26705493509345
"Kmo",3.26544172862875
"Hddc2",3.26327594317562
"Cnpy4",3.26317270012731
"Magohb",3.25716124484928
"Ankrd33b",3.25659560255859
"Slc25a43",3.25629355920706
"Glis3",3.25628283419332
"Trim69",3.25494362536329
"Slc35c1",3.2538844369133
"Ssb",3.25364414935048
"Nop9",3.25247480941711
"Layn",3.2524472011454
"Pfkfb3",3.2510362939264
"Nostrin",3.25012771451695
"Gfra4",3.24836584175243
"Wdr26",3.2478966644049
"Nol12",3.24424736671745
"Lasp1",3.2432452556309
"Eif3h",3.24072876200839
"Myo5a",3.24035859953791
"Pphln1",3.23967709658229
"Slfn2",3.23823830822595
"Cep89",3.23625559159543
"Rangap1",3.2351891514445
"Tfg",3.2282930494267
"Luc7l1",3.2258203774834
"Tbk1",3.22506861695989
"Duoxa1",3.2213170140943
"F2rl1",3.21782293800316
"Plekhg6",3.21771644944946
"Pctp",3.21700517255558
"Kyat3",3.21649448632735
"Mex3c",3.21565219183807
"Pip5k1a",3.21527569116795
"Rpl4",3.2143982327108
"Pim1",3.21358643756211
"Utp15",3.21192834570992
"St3gal5",3.21091582095285
"Sgip1",3.21039496330092
"Cstf3",3.21011172355224
"Pdss1",3.2087654998137
"Rassf5",3.20836379721117
"Usp1",3.20724566382581
"Slc46a3",3.20620355445997
"Ca9",3.20525487951624
"Rpl35",3.20401169730206
"Serbp1",3.20365509815061
"Armcx4",3.20125147123852
"Plekhf2",3.19997835957759
"Emilin1",3.19749337561413
"Nenf",3.19576022637972
"Dolpp1",3.19393468269303
"Clmp",3.19375583259523
"Gipc1",3.19313988072354
"Cyth1",3.19054690262194
"Isg20l2",3.18926021383843
"Mocs1",3.18881253226028
"Slc39a1",3.18831171666162
"Tmem229b",3.18747849590601
"Crem",3.18563826946226
"Mrto4",3.18523408168513
"Etv4",3.18436100634151
"Cfap141",3.18365571322074
"Dlgap4",3.1813933124283
"Gucd1",3.17976938168803
"Fcho2",3.17883168299874
"Limk1",3.17841712052824
"Mis18a",3.1777188340666
"Cds1",3.17763531003117
"Nectin1",3.17743872437407
"Ccl6",3.177304322635
"Sema7a",3.17524578448453
"Megf10",3.17441274941566
"Rpl14l1",3.17423686062117
"Ntrk1",3.17422477872644
"Jmjd6",3.17201165618192
"Lacc1",3.17113347907812
"Rpl4-ps1",3.16997608899334
"Ppp2r2a",3.16943425811033
"Bbs7",3.16937726160233
"Susd3",3.16824662488591
"Cnih2",3.1681931896233
"Tubg1",3.16612689204099
"Rnf215",3.16565173086081
"Pxylp1",3.16480347853365
"Eeig1",3.16289942760639
"Ifi35",3.16197376352571
"LOC120096376",3.16087335090706
"Ndn",3.1606267965754
"Tial1",3.16027110656012
"Galnt2",3.15948112259726
"Fgd3",3.15716077800083
"Wdr48",3.1569670699248
"Map3k6",3.15647967896119
"Fbxl15",3.15601622189324
"Lmnb2",3.15507555945954
"Gper1",3.15045543903271
"Dlg4",3.14966030262014
"Tbc1d9",3.1495643117145
"Taf11l1",3.14929791781954
"Poc1a",3.14927857723973
"Eif1ad",3.14850667827779
"Specc1",3.14837194084031
"Fcrl2",3.14458774035552
"Mmp3",3.14450381433449
"Cic",3.14421417491192
"Ddx47",3.14405407811897
"R3hcc1",3.14263890521571
"Gpr183",3.14223808784697
"Ppp2r1a",3.13801791816891
"Pgm2",3.13577454983513
"Nphp3",3.13386859197939
"Ptpn5",3.13337001614633
"Eri1",3.13255238156072
"Drd1",3.13192370278458
"Birc2",3.13113941120348
"Tekt1",3.13071278734659
"Depdc1",3.13036497520433
"Cd101",3.12646810231304
"Map6",3.12618780742848
"Armcx2",3.12566584529237
"Rps3a",3.12394821929148
"Prex1",3.12373991839072
"Duox1",3.11979612712888
"Polr1g",3.11978088279287
"Ptgs2",3.11912613788787
"Rbm4",3.11895221185142
"Nelfa",3.1187299345622
"Adam12",3.11803370732082
"Csf3r",3.11710916532137
"Arhgap1",3.11700590566793
"Ddx5",3.11497628028099
"Pkib",3.11484261452942
"Cyren",3.11243619308886
"Pdgfc",3.11237184864697
"Cacna2d4",3.11163826243296
"Aqr",3.11108703737479
"Cpsf3",3.10931163425833
"Chordc1",3.10581875401058
"Fancg",3.10469881488564
"Dync1i2",3.10411683940033
"Rcn2",3.10390912361416
"St3gal2",3.10363142895531
"Psip1",3.10355123214495
"Stx11",3.10208177732106
"Il1rl1",3.10172200004645
"Gabarap",3.10131312950114
"Luc7l3",3.10011025967351
"Rps5",3.09967286367454
"Ublcp1",3.09718857022718
"Ywhab",3.09668500045277
"Srsf7",3.09595123879997
"Cybc1",3.0944707314819
"Siglec10",3.09444328432747
"Eif5a",3.09408814359473
"RT1-M3-1",3.09406997106565
"Hars1",3.09295717175678
"Igtp",3.09273152472735
"Hnrnpa3",3.09160650889428
"Ccdc88b",3.08802315448066
"Cdkn2b",3.08794098461677
"Lrrc42",3.08641376932479
"Dap3",3.0827405540502
"Efna4",3.08121170628859
"Srek1",3.08081672463533
"Mlkl",3.0784586503042
"Nfkb2",3.0777522471617
"Trerf1",3.07758886677351
"Aftph",3.07458557842684
"Mtx2",3.07107386148883
"Snx7",3.07067085372019
"Sgo1",3.07061620267543
"Sf3b3",3.06991951457623
"Sae1",3.06793833045748
"Polq",3.06458758614133
"Mocos",3.06379334842402
"Dpagt1",3.06321980633568
"Slc16a7",3.06109302782404
"Rpl14",3.0607287587121
"Mcoln2",3.05601003958084
"Magoh",3.05534563356568
"Asprv1",3.05498128894685
"Plekho2",3.05459875927828
"Kremen1",3.05425874761564
"Cpt1a",3.05330028957109
"Lig1",3.05156341612839
"Tmem165",3.04979694400377
"Tlcd5",3.04927474545485
"Csnk2a2",3.04909796522089
"Exosc9",3.04766800722415
"Afmid",3.04613486909551
"Kbtbd2",3.0439034033671
"Mmp2",3.04333145225144
"Smap2",3.04326415929229
"Mcm8",3.04173476086743
"Kpnb1",3.0416154831597
"Gdi2",3.04090929717856
"Ddb1",3.04078176007187
"Tmem19",3.03766727317174
"Rragc",3.0375625885627
"Fcna",3.03577231768081
"Pcgf6",3.03431833336979
"Cfi",3.03233540358664
"Sf3b5",3.03140614503537
"Ssr1",3.02828080704357
"Slc23a2",3.02772925803876
"Map1lc3b",3.02717019338608
"Scyl2",3.02636880540416
"Crtap",3.02606978936258
"Smpd2",3.02059584300333
"Disc1",3.01822638272828
"Prdx1",3.018189232592
"Rps11",3.01693483987915
"Sec22a",3.01585222450346
"Akna",3.01580207816783
"Tspo",3.01476288732851
"Gnl2",3.01408647359204
"Neurl3",3.01135950010808
"Glod5",3.01001098846316
"Gpn2",3.00878518423804
"Trib1",3.00765351551909
"Cfap77",3.00716299606491
"Col8a1",3.006945996612
"Cklf",3.00641472943949
"Ddx39b",3.00603963825676
"Ccdc18",3.00595829903164
"Gpsm2",3.00560819597327
"Zfand2a",3.00485947432476
"Tmlhe",3.00462283633041
"Shd",3.00406797545392
"Vrk2",3.00232684123023
"Cldn15",3.0014936494182
"RGD1560986",2.99883331920432
"Ncstn",2.99838352832879
"Zswim6",2.99623975808256
"Zdhhc5",2.99488482539982
"Diablo",2.99426456208938
"Glrx3",2.99235200183777
"Top1",2.9909081597233
"Il13ra1",2.99058694799737
"Rpa2",2.98886372219724
"Msantd3",2.98863926329351
"Fignl1",2.98450464365567
"Zeb2",2.98381639817494
"Aaas",2.97942228131476
"Cldn23",2.97720476426839
"Chmp4c",2.97657752025117
"Tmem35b",2.97614087331554
"Kcnn2",2.97457751557946
"Pnn",2.9740699011303
"Nefl",2.97343996895051
"Hnrnpll",2.97313392065458
"Zfta",2.97241263570611
"Gtf2b",2.97162533448611
"Ephx2",2.97025564698442
"Lman2",2.96922937566773
"Tceal1",2.96692603948726
"Aspg",2.96681376374899
"Igfbp7",2.96499354241716
"Slc12a8",2.96454557082842
"Phf14",2.96434031432752
"Adamts4",2.96350810012623
"Spint1",2.96123652735764
"Usp39",2.96102028233646
"Kdm2b",2.96021752220775
"C1h9orf85",2.9596128339457
"Adamts13",2.95908540037864
"Dagla",2.95794313262284
"Nsmaf",2.95487371506697
"Ddx46",2.95475040476033
"Fmnl1",2.95393373925296
"Ppm1h",2.9534070046198
"Naa20",2.95310189360294
"Rps4x",2.95300518653365
"Slc39a14",2.95300307561213
"Gdap2",2.95222025492557
"Gatad2a",2.9514627944042
"Rpl26",2.95117888220053
"Eme1",2.95004870646386
"Klhl20",2.94601245257456
"Maml1",2.94527962389952
"Cdc25a",2.94526915218618
"Aff3",2.9441628918507
"Lhfpl2",2.94390547488561
"Ifgga2l1",2.94313439246044
"Phc2",2.94239244739766
"Grk4",2.94185158620181
"Rpl39",2.94143190160027
"Mdc1",2.94098016992144
"Xpc",2.94039764130647
"Adh4",2.93977642223741
"Mapk14",2.93864252409771
"Card6",2.93765847278861
"Anapc15",2.93658034852151
"Plxnd1",2.93567974917212
"Rnaseh2c",2.93475633624903
"Chtf18",2.93303094624098
"Arhgdia",2.93280743801616
"Fancd2",2.93221766612468
"Zfp202",2.93211060336
"Clta",2.93089750139563
"Rps8l1",2.92807734938927
"Serping1",2.92687768128802
"Zc3h12a",2.92417091894235
"Cr1l",2.92354438445188
"Slc25a40",2.92334036978046
"Lrp4",2.92131486811139
"Mex3a",2.92075342027861
"Ghdc",2.91970415142938
"Hdac2",2.91816541640432
"Fyb1",2.91591108625253
"Hic1",2.91536989046918
"Rps2-ps15",2.9148007627632
"Mtss2",2.91299267739594
"Pitpna",2.9111546482994
"Ifi47",2.91048895898775
"Sf3b2",2.90909475917867
"Nvl",2.90880139137169
"Hip1",2.9071891367993
"Prmt1",2.90649357053571
"Arsi",2.9051832699475
"Tomm22",2.90236197584053
"C15h14orf119",2.90176290020755
"Bmf",2.90129090648086
"Nup62",2.90063338323353
"Ints8",2.89993017597573
"Polr1e",2.89923329816244
"Cachd1",2.89905204787883
"Nup35",2.89645333368665
"Lilrb3",2.89487402663027
"Sephs2",2.89340748404985
"Adss2",2.89280802586926
"Phf5a",2.89232404956653
"Frmd4b",2.89177679985096
"Ap2s1",2.89041456538402
"Akap13",2.89034543053412
"E2f4",2.88999263773095
"Fbxl21",2.88837016680847
"Bax",2.88729156566251
"Cant1",2.88537865843332
"Ap1b1",2.88403449629728
"Foxp4",2.88037570029055
"Lrrc40",2.87960934988636
"Slc7a8",2.8791422614933
"Snapc3",2.87900916939217
"Dync1li1",2.87783248205565
"Thap11",2.87621735732108
"Prkcsh",2.87567926300206
"Herpud2",2.87491457310286
"Atg10",2.87364231458524
"Supt20h",2.87268249187448
"Fzd2",2.87207595644965
"Eif2ak2",2.87044116268627
"Rbbp6",2.86908322203298
"Cct7",2.86734087284568
"LOC100359916",2.86691877621193
"Riok1",2.86150764729435
"Ccr5",2.86143304301214
"Strada",2.8607577067239
"Plk2",2.85881047473781
"Nr2c2ap",2.85860607134316
"Crnkl1",2.85782302242868
"Srgap2",2.85741303140642
"Egr1",2.85658904450369
"C7h12orf75",2.85525160232155
"Nup85",2.85513448283636
"Rhob",2.85481950324702
"Med6",2.85453911152525
"Eogt",2.85341290689638
"Sephs1",2.85315867121368
"Ntn5",2.85311791482679
"Tcof1",2.85210781772148
"Snrpg",2.85195355388595
"Rpl23",2.85113356416826
"Trim11",2.84470424886638
"Acsl4",2.84124994489837
"Rasgef1b",2.84097845442786
"Efs",2.84026778678148
"Snd1",2.8391739526934
"Rab5if",2.83856618178897
"Msln",2.83852496201249
"Polr1a",2.83743298461947
"Prorp",2.83640061636
"Cdk13",2.83245383141061
"Zfp36l1",2.83217318360002
"Ccdc120",2.83183149398646
"Il2rb",2.83074660013114
"Ppp2r2d",2.82799185270418
"Atr",2.82781588619008
"Hopx",2.82557148264387
"Ap3s1",2.82524438645434
"Gpaa1",2.82472721842654
"Zfp219",2.82361148918671
"Coro1b",2.82282768724376
"Dbr1",2.82275271697971
"Sirpa",2.82250650612115
"Ripk1",2.82191248194238
"Dnajc13",2.82006878474456
"Ppm1m",2.81977815439654
"Hnrnpa2b1",2.81955996970219
"Hyls1",2.81937961427438
"Hcst",2.8188233548561
"Kcnt1",2.81778225745196
"Psmg3",2.81718207603553
"Clcnka",2.81666693738783
"Ilk",2.81577428181991
"Alcam",2.815234638404
"Lcorl",2.81434864801305
"Slc10a7",2.81344762110172
"Nabp1",2.81113966735634
"Fmn1",2.80998470031633
"Crebbp",2.80983241673473
"Prnd",2.80770921715747
"Ikzf1",2.80629402569286
"Eif4e",2.80428346059337
"Paip1",2.80318350333831
"Rps17",2.80171521106927
"Tmem45a",2.8012304448393
"Pm20d1",2.7997676640847
"Sap130",2.79866116873522
"Pfkl",2.79834581293113
"Slc25a5",2.79750525625147
"Slc35a1",2.79722486863435
"Rassf1",2.79722322069537
"Ppp1cc",2.79670788670838
"Rbbp4",2.79617657555259
"Mbd6",2.79597439784147
"Smarcad1",2.79476390765125
"Zc3h15",2.7940076932814
"Nopchap1",2.79228179609518
"Egflam",2.7919303544045
"Btf3",2.79111657677275
"Eif4g2",2.78995730756395
"Snrpf",2.78768066507491
"Pdcd11",2.78501689796726
"Arhgef1",2.78320078943389
"Pgap1",2.7830323700283
"Sf3a2",2.78225813498592
"Dpp7",2.78162577378023
"Zc3h7a",2.78039759673239
"Slc25a16",2.78016882474505
"Dazap1",2.77841423207181
"Tmem65",2.77658185203364
"Sema4b",2.77622559114206
"Gak",2.77530867505528
"Ska2",2.77471555681254
"Rif1",2.7744997235556
"Gpalpp1",2.77428119703276
"Mageh1",2.77424744372355
"Ifnar2",2.77336573434271
"Taf5l1",2.77272731315235
"Grid1",2.77249891379462
"Dtl",2.77222610583048
"Ctla2a",2.76800916016088
"Mnt",2.76599723943205
"Tnfsf18",2.76419368293196
"Gpc2",2.7636444722452
"Arpc4",2.76337636638824
"Mgst3l1",2.76286127669607
"Sec24d",2.7616556474744
"Cep76",2.76005489555746
"Pla2g2e",2.75912494557181
"Casp8",2.75884971251107
"Commd1",2.75851775218248
"Chst11",2.75558091668907
"Cstf2",2.75431175513155
"Obi1",2.75268881007461
"Zfp513",2.75231174587327
"Eif4a3",2.75115801991745
"Fam43a",2.74864941313758
"Brd4",2.74863528454579
"Tonsl",2.74773555201151
"Bub3",2.74663840069735
"Nrg4",2.74652086448878
"Ndor1",2.7456615687003
"Rhof",2.74559102867196
"Zfp687",2.74538579765049
"S100a10",2.74459240456348
"Bclaf1",2.74447209764432
"Tpgs2",2.74275044904071
"Zfp277",2.74226579879817
"Edem1",2.74199041789058
"Uap1l2",2.74116184341776
"Hmgn2",2.74035801248108
"Unc13d",2.74026244303577
"Trip6",2.73959170793622
"Hcfc2",2.73813538890655
"Prelid3b",2.73807318412234
"Shtn1",2.737236683822
"Cd40",2.73633127891871
"Ylpm1",2.7354440561164
"Gtf2e2",2.73542341786893
"Nedd4",2.73496737313999
"Kdm6a",2.73241471892111
"Dnai4",2.73206598014968
"Terf1",2.73032412892544
"Hdac8",2.72953582703415
"Unc119",2.72934287923303
"Pter",2.72913767156197
"Pigl",2.72912083585351
"Nop14",2.72799793131667
"Atp1b1",2.7279340050143
"Slc2a9",2.72678959531757
"Rad17",2.72513488151278
"Gbp7",2.72512910079706
"Erp29",2.72427145349932
"Slco4a1",2.7230096294483
"Gstp1",2.72191187839829
"Rnf227",2.72125136744818
"Stk4",2.72109206539559
"Eif3e",2.71989723794804
"Rab26",2.71847212517307
"Tmtc3",2.71655151503348
"Fbxo34",2.71631308233714
"Dapp1",2.71431661038117
"Nucb2",2.71401038196332
"P2ry12",2.71396926678401
"Rpl22l1",2.71382729161405
"Snrpa",2.7137382135073
"Eif4e2",2.71339089697749
"Tm4sf19",2.71277417957817
"Mospd3",2.71167243428383
"Wdr35",2.71148798672586
"Dtymk",2.71053715257103
"Snord78",2.71034532525619
"Hsf2",2.70901560154913
"Ppp4r3b",2.70867143214519
"Spg21",2.70688201258799
"Tlr4",2.70601300700082
"Tspan6",2.70585395958691
"Sv2a",2.70243019724528
"Dusp5",2.70228113888602
"Paox",2.70149329302754
"Rbm25",2.70142557552428
"Sec31a",2.70052060093386
"Mybl1",2.70012941675688
"Mdfic",2.69988744856083
"Papolg",2.69940894465842
"Uri1",2.69932574053128
"Ddx19a",2.69749912419754
"Ogfod3",2.69707376761773
"Polr3c",2.69658887771624
"Acp3",2.69619250061275
"Sting1",2.69353025842832
"Slc2a13",2.69179984550208
"Bgn",2.6905810350131
"Adamts14",2.69048544631551
"Cpox",2.69023986490847
"Spata2L",2.68941196083136
"Blvra",2.68802558875197
"Dnaja1",2.68709157875331
"Prkab1",2.68559816936565
"Pus7l",2.68558245152572
"Adamts8",2.68454247335714
"Emilin2",2.68230645419944
"Nln",2.68165003059605
"Loxl3",2.68150584299017
"Stk32c",2.68052424415936
"Mnda",2.67961256888111
"Mapk6",2.67912347555993
"Dhx29",2.67860748709392
"Vps18",2.6783631867511
"Abcc3",2.67737513307783
"Dnajc9",2.67619498872033
"Pced1b",2.67615025925247
"Pask",2.67565840615076
"Ddx55",2.6753002272359
"S100a4",2.67435799114827
"Cbarp",2.6706949605554
"Ccnjl",2.67051615376041
"Nmral1",2.66893016577303
"C1h16orf54",2.66892836998738
"Pno1",2.66845722676902
"Rpl13",2.66751048818855
"Ptpn1",2.66747810993421
"Nefm",2.66699550573694
"Slc35f1",2.66620262262274
"Aen",2.66187805472757
"Rps10",2.66156816540573
"Ccp110",2.66136227615527
"Armc3",2.66060364722463
"Smarca4",2.66010879224672
"Commd4",2.65884493687598
"Synpr",2.65864244479834
"Npc2",2.65846611715191
"Tpcn2",2.65829067373031
"Pip5k1b",2.65733427172694
"Jak1",2.65682989170843
"Arsj",2.65612817600829
"Rpl27",2.65602898687366
"Dnajc25",2.6558230964988
"Tmem94",2.65449201798481
"S1pr5",2.6528026204754
"Plod1",2.65217314729048
"Rps20",2.65173381037844
"Supt16h",2.64861163569821
"Dnajc12",2.64763232295182
"Mgmt",2.64760546436187
"Zbtb2",2.64595975008223
"Tram1",2.64413344390508
"Ctdnep1",2.64383434819294
"Trim65",2.64369120458976
"Rpsa",2.64342675739611
"Ddx42",2.64330419361178
"Rpf1",2.64328735511042
"Hspbap1",2.63959623339784
"Plpp6",2.63936804130674
"Chst12",2.63861458875027
"Pold1",2.63750224918469
"Hmgb1",2.63654691777283
"Dnajc2",2.63542068741053
"Shb",2.63500576260396
"Firrm",2.63298182082039
"G6pd",2.632680951306
"Cldn4",2.63265621597849
"Myadm",2.63200982653351
"Rpl24",2.63118734524324
"Chlsn",2.62973792246329
"Gemin8",2.62831896858462
"Lrp8",2.62647769399631
"Mcpt1",2.62633013875728
"Tmem176b",2.6258525849337
"Rap2c",2.62448722785342
"Zfc3h1",2.62216139183612
"Uap1",2.6205118882898
"Clint1",2.61989593961879
"Rbm19",2.61818581591344
"Rpl28",2.61769233804602
"Kiaa1614",2.6171769413965
"Herc4",2.61550461528522
"Uspl1",2.6150969581061
"Capn7",2.61381186416434
"Zmym1",2.61368731609981
"G3bp1",2.61154481420191
"Igf1",2.60845472707309
"Tmed10",2.60747641984531
"Rps23",2.60614802593338
"Smad4",2.6032778932251
"Clca4l",2.6021612658564
"Adnp",2.60193838354719
"Med19",2.60174266861674
"Aste1",2.60113514825055
"Rab27a",2.60111009690856
"Cd24",2.59961401119878
"Fsip1",2.59887269634055
"Eif3l",2.59814225168197
"Oasl",2.59788813481174
"Suv39h2",2.59749882341126
"Mak16",2.59656624021373
"Golga7",2.5935986979766
"Sppl3",2.59351507609662
"Col12a1",2.59327962565436
"Bahd1",2.59254875901307
"Nit2",2.58991869174139
"Tep1",2.58974873163726
"Ppt1",2.58955333971046
"Ikbip",2.58805284396549
"Anxa11",2.58761677370332
"Medag",2.58658020219005
"Nup58",2.58240093070076
"Lratd1",2.58080903715671
"Vipas39",2.58034318695262
"Pdia5",2.5793912567188
"Rps27a",2.57819383373431
"Nceh1",2.57604411432936
"Nt5c2",2.57380381643486
"Raph1",2.57320228592486
"Nudt6",2.57173574160657
"Fcnb",2.57152836426305
"Rft1",2.569757356862
"Vars1",2.56966717629449
"Med16",2.56762074341126
"Mfsd4b4",2.56713997488692
"Srcin1",2.56676131299092
"Scaf4",2.56657326018927
"Commd3",2.56476470323757
"Shmt1",2.56374948691628
"Parp14",2.56361096851233
"Nepro",2.56117818209112
"Sdf2l1",2.56094652771097
"Prr36",2.56087426233581
"Tnks",2.56017690956574
"Nid2",2.55891346422126
"Rab8a",2.5588897681059
"LOC103690178",2.55707576055775
"Psmb9",2.55504398657173
"Ntng1",2.55449069264796
"Ddx21",2.55103315136104
"Slc6a17",2.54888472293415
"B4galnt3",2.54719130857303
"Upf3b",2.54666285049778
"RT1-Ba",2.54599297642625
"Rps7-ps23",2.545433431674
"Pcdh1",2.54277736228595
"Psmd8",2.54205901940537
"Arid5b",2.54137126909952
"Sra1",2.5407764000151
"Orai3",2.54001239573196
"Tifab",2.53864852146985
"Mrpl3",2.53742400251319
"Mterf1",2.53731048415342
"Gbp6-ps1",2.53568237899553
"Mr1",2.53533198256321
"Spats2l",2.53474201747724
"Gstcd",2.53467546342571
"Cep192",2.53229751140837
"Pcbp4",2.53153924935299
"Tmem208",2.52940846850397
"Smu1",2.52932090289592
"Trib3",2.52895284533413
"Camkmt",2.5277030733987
"Trpv4",2.52682354158575
"C1h19orf12",2.52571808817361
"Ap1m1",2.5244967079837
"Lin9",2.52392446781309
"Rngtt",2.52350295583576
"Abraxas1",2.52312988299704
"LOC134483039",2.52182851664243
"Ap3s2",2.52022995074592
"Ipmk",2.51967492597191
"G4",2.51854066128897
"Itga4",2.51796903787609
"Arhgef10l",2.51781133680774
"Hgh1",2.51737561083804
"Gabpa",2.51611810432429
"Gadd45b",2.5155601534968
"Dscaml1",2.51476442333555
"Gtf2h2",2.51429751473819
"Cnot7",2.51316389568422
"Tpp1",2.51181173716152
"Il6r",2.51111907044257
"Tert",2.50754647447791
"Ccdc8",2.50597123889404
"Sh3bp5",2.50552568093887
"Mad1l1",2.50402672292005
"Lsm5",2.50315442196377
"Cdc25c",2.50276304610573
"Casp8ap2",2.50236785037957
"Dgcr8",2.502035651843
"Mroh7",2.49975464421589
"Lima1",2.49745703522689
"Tshz1",2.4961369036357
"Dcaf13",2.49601993148167
"Slc41a3",2.49551795843813
"Prdm1",2.49422014658184
"Jmjd7",2.49407255876131
"Rad23b",2.4930725935392
"Clns1a",2.49222087107303
"Wdr36",2.49105809888622
"LOC120096385",2.49058615358069
"Dntt",2.49017835458328
"Azi2",2.48981433502703
"Ilf3",2.4898005815857
"Ptpn12",2.48936607126886
"Tmsb4x",2.48764215552261
"Ncln",2.48697230043109
"Tia1",2.48468579817307
"Csgalnact1",2.48407677554451
"LOC120096383",2.48355428142139
"Gemin5",2.48323832096921
"Wdr89",2.48318871546786
"Polr2g",2.48260008141186
"Elmo2",2.48095488376115
"Stc1",2.48091140489521
"Mon1a",2.48078158109624
"Scyl3",2.4807032763263
"Eif3d",2.47985692080164
"LOC100910150",2.47805479533042
"Fam171a2",2.47792660270264
"Btbd10",2.47736214152674
"Ppp1r8",2.47662398454043
"Nat10",2.47626876239748
"Mgme1",2.47508602191945
"Reln",2.47478007345916
"Clic6",2.47473274635153
"Ap3b1",2.47452864513743
"Dynlt5",2.47339763575477
"Sox8",2.47185331205103
"Slc39a5",2.47043856736264
"Srrt",2.46994508009964
"Sdsl",2.46935414507475
"Rasd2",2.46850582741516
"Desi2",2.46449997577332
"Pgs1",2.46396449722377
"Gemin6",2.46342719347043
"Reep1",2.46327715284103
"Cyp2j4",2.46288559697742
"Kpna2l1",2.46185219480407
"Cnrip1",2.45890224496618
"Pcnx3",2.45644498880319
"Nsf",2.45594425516739
"Nras",2.45572314665072
"Usp14",2.45237229200158
"Plcb3",2.45168461566445
"Aebp1",2.45062880298025
"Gpr18",2.45054747574421
"Rnf19a",2.44996993222799
"Map4k5",2.449203235849
"Alox5ap",2.44893543656887
"Yeats2",2.44860278472516
"Gmeb1",2.4479704081937
"Brms1",2.44783557204443
"Zfp786",2.44684755063817
"Ctbp1",2.44530119942913
"Tsc22d2",2.44523486969223
"Tubg2",2.44427519515194
"Eif4g3",2.44412764604827
"Dffb",2.44406435670198
"Ulk4",2.44379346000778
"Arhgef2",2.44178328612759
"Ncapd3",2.4415971971794
"Cpap",2.44155291815028
"Stambpl1",2.44060253111589
"Tube1",2.43980958789572
"Rap1gap2",2.43888088316501
"Ppil6",2.43848019967415
"Tgfbi",2.43644005133293
"Plscr1",2.43571039379296
"Tdg",2.43570384515357
"Sp5",2.43450718082414
"Mat2b",2.43383263041271
"Tmem150b",2.43213238401701
"Virma",2.43036086143428
"Sarnp",2.43000183489654
"Sytl1",2.42957318081537
"Epc2",2.42956328066048
"Zfp580",2.42884338646867
"Ptpn22",2.4285428292523
"Adprm",2.42823611709748
"Cir1",2.42718969207909
"Nob1",2.42558978136947
"Dis3l2",2.42502598468358
"Slc10a6",2.42447680666205
"Parg",2.42433547461133
"Ssr3",2.42394942362845
"Prmt9",2.42278973081813
"Ctdp1",2.42249409651001
"Rplp2l2",2.42080407997289
"Gtf2ird1",2.41998310086489
"Sh3tc1",2.41815192875996
"Eif2s1",2.41582279335691
"Phf3",2.4149969840677
"Slc38a7",2.41415725353417
"Trim2",2.41390669252268
"Snx10",2.4136300515548
"Pop5",2.41258633941135
"Tipin",2.41113817538408
"Card11",2.41006801204674
"Tank",2.40875988114224
"Cebpg",2.40769206892211
"Itga10",2.40754153166716
"Eif3c",2.40683842470318
"Tceal8",2.40604886735463
"Plekha3",2.40554650452244
"Cd164",2.40448311950167
"Aldh1a3",2.40061002648273
"Tex9",2.40007634239452
"Smndc1",2.39835987328145
"Akr1a1",2.39796698813225
"Esd",2.39788451931802
"Plrg1",2.39701080078398
"Jak2",2.39692969923738
"Apex1",2.3966450385261
"Dennd2d",2.39650686171193
"Prpf4",2.39551456531757
"Rnasel",2.39510048384136
"Mettl18",2.39477441432563
"Atp13a2",2.39459163186867
"Frzb",2.39161911265213
"Cdc16",2.39139411104647
"B3gnt9",2.39130489195189
"Brd1",2.39009160403717
"Cep120",2.38897669128781
"Atp6v1h",2.38863564441393
"Anp32e",2.38820241077536
"Taf6l",2.38783439218331
"Smad3",2.38731794895941
"Ergic1",2.38660457055915
"Ptpn7",2.38616612274572
"Apoh",2.38552071244726
"Pdcd4",2.38526839107229
"Capzb",2.38459229387957
"Ggn",2.38393078717907
"C1qbp",2.3827759343348
"Plac8",2.38198406890364
"Dtnbp1",2.38188990033936
"Necap1",2.38154156866859
"Cntrl",2.37856411507954
"Tchp",2.37752449725668
"Vangl1",2.37676492563967
"Cd47",2.37539950853493
"Lama4",2.37489335454481
"Cfap69",2.37488187967577
"Htra1",2.37447287607641
"Galk1",2.37403004741658
"Ss18",2.37373618677548
"Lix1l",2.37354409989941
"Mrgprf",2.37301571304028
"Ms4a7",2.37207789267618
"Gins2",2.37165091190657
"Rpn1",2.37079554187023
"Nup98",2.37056819365335
"Neu1",2.36964359951562
"Retreg3",2.36930833422995
"Ddx11",2.36917795275783
"Wdr31",2.36820415190412
"Casp4",2.36630065062116
"Zfp13",2.36579742122776
"LOC120095168",2.36512520676187
"Gtf2a2",2.36313321756838
"Sdcbp2",2.36301151087777
"Anapc4",2.3612020178539
"Eif2b3",2.36086512322419
"Mmp8",2.36007024036268
"Traf7",2.36000521393466
"Ttf1",2.35996151945186
"Apeh",2.35826908874055
"Trappc14",2.3577311131525
"Zfp821",2.35721145712766
"Sox10",2.35574777927776
"Mnd1",2.35560879776895
"Cubn",2.35507284214645
"Arnt2",2.35294180308854
"Tpt1",2.3506395516206
"Slc38a9",2.34996707594331
"Arl14ep",2.34720586389234
"Baiap2l2",2.34710974607171
"Itgb3bp",2.34661509930523
"Msh6",2.34586390725399
"Slc22a15",2.3453511014033
"Rab3d",2.34517390895847
"Evc2",2.34490340492599
"Rgs14",2.34478351214506
"Rnf2",2.34452197590421
"Mir142",2.34291999813239
"Xxylt1",2.34260372898857
"Glt8d1",2.34208363712581
"Tbc1d10a",2.34050981712493
"Plek",2.33964144371603
"Upf1",2.33854193990194
"Copz1",2.33541728845165
"Recql4",2.33539626214015
"Eif3m",2.33272467752471
"Rybp",2.33245418782988
"Rabggtb",2.33156640099597
"Dock2",2.32693020240681
"Slc9a7",2.32692100942088
"Dtx2",2.32470968817566
"Asgr1",2.32433645948033
"Nudt19",2.32350769519247
"Dgkz",2.32293671605101
"Zc3h12d",2.32229412567936
"Slc29a1",2.32166444636833
"Parl",2.32114997229862
"Gria3",2.32096387296804
"Rae1",2.31935493227775
"Togaram1",2.3189096156047
"Rap1b",2.31779143170597
"Bcl10",2.31476406879185
"Usp21",2.31416691733771
"Yipf1",2.3137094133972
"Ubr5",2.31322136288107
"Ubap2l",2.31315326291212
"Eps15l1",2.31279376787025
"Lsm2",2.31168135186481
"Cln6",2.31040286668886
"Jaml",2.30960042348207
"Slc30a4",2.30790344741619
"Uimc1",2.30778655454306
"Acin1",2.30737395202974
"Plaa",2.3070552737189
"Mad2l1bp",2.3058657040737
"Capza2",2.30535739380099
"Timm9",2.30491412181874
"Dnaaf2",2.3041453934148
"Ass1",2.30237331781865
"Stab1",2.30171757330106
"Lyl1",2.30156035532675
"Ddx27",2.30113513290819
"Col6a4",2.30033399316239
"Fbxl7",2.2984524969385
"Clec9a",2.29808507673275
"Tmem243",2.29803793356635
"Hmgxb4",2.29799583774095
"Gnb4",2.29753396890715
"Gps2",2.29747189208791
"Phf19",2.29629277550474
"Cpsf2",2.29177650997159
"Fam135a",2.29138837508506
"Bud31",2.28913211212555
"Arl13b",2.28837072202937
"Bscl2",2.28773802982476
"Arhgef19",2.28720802756436
"Efhd2",2.28718576013992
"Eef1g",2.28641493118642
"Fbxl19",2.28467924023913
"Mlph",2.28384610907159
"Ing2",2.28338821528396
"Robo1",2.28325416353846
"Dnajb13",2.28213760876557
"Trmt10c",2.28074372394482
"Plod3",2.27961021835236
"Moxd1",2.27882223176105
"Rnf20",2.27739004958365
"Usp28",2.2767950130577
"Rps6ka4",2.27623946654851
"Pkn2",2.27621637370531
"Trmt2a",2.27561916604435
"Rbbp8",2.27483916360657
"Rps6kc1",2.27448884964369
"Tnrc6a",2.27366827004298
"Commd10",2.27315162509966
"Med9",2.27146305787342
"Klhdc4",2.26876289182226
"Itpkc",2.2680253533333
"Heyl",2.26786029841372
"Cit",2.26689065531093
"Pak4",2.26417569623033
"Mvb12a",2.2641257329068
"Tmem115",2.26408581031642
"Clcn7",2.26401988555572
"Emg1",2.26386068663967
"Ccdc117",2.26358690464084
"Ero1a",2.26338962176371
"Trmt11",2.26301740604402
"Acp6",2.26267751853202
"Atox1",2.26041702179274
"Lpin2",2.26022455115605
"Tp53i13",2.25970199932121
"Actl6a",2.25910967863047
"Cdca5",2.25756787294161
"Cygb",2.25611900282308
"Mknk1",2.2560523191015
"Eya3",2.25530457633448
"Mier1",2.25523398122404
"Naa10",2.25225095060798
"Nus1",2.25030100896234
"Plekha7",2.24946969551238
"Helb",2.2490033781591
"Erp44",2.24855982943572
"Hps1",2.24782968900699
"Sh3pxd2b",2.24778418115932
"Ccdc17",2.24711155646188
"Cyp4f6",2.24592871995081
"Eme2",2.24545673123828
"Ptpn18",2.24459444431024
"Septin6",2.24376794499172
"Ctu2",2.24095798790948
"Cstf1",2.24077893704986
"Cdh18",2.24076732747035
"Tgs1",2.23934247216842
"Relch",2.23882842733573
"Tbc1d2",2.23825104126825
"Rps15",2.23700494561756
"Xrcc2",2.23584455752391
"Appl2",2.23403477527131
"Cacfd1",2.23315399639999
"Stk10",2.23239465602749
"Trmt1",2.23227711513553
"Mok",2.22964335272527
"Zscan26",2.22894968975323
"Spcs2",2.2277693928531
"Cntrob",2.22685919836118
"Napsa",2.2266769626568
"Wdr45b",2.22472949636736
"Rpl34",2.22372464090456
"Dync2i1",2.22273960665906
"Plagl2",2.22268280952018
"Map2k1",2.22214930196246
"Ippk",2.22080369871904
"Zfp629",2.22069012540728
"Snrpd3",2.21977841764176
"Fam216a",2.21911981136265
"Thoc3",2.21871802882792
"Exo1",2.21869536747746
"Cryz",2.21869498220465
"Zfp575",2.21812102528871
"Patz1",2.21743630047854
"Trmt10b",2.21618236715389
"Micu2",2.2158893742061
"Supt7l",2.21384299774908
"LOC134484088",2.21295561976594
"Mark2",2.21217715832381
"Dusp2",2.21171336694218
"Rrs1",2.21070583646035
"Creld2",2.21059813692957
"Frg1",2.20916433037711
"Icos",2.20808961897315
"Pex11a",2.20717155043431
"Gprasp3",2.20549155089988
"Kctd18",2.20547265813936
"Swt1",2.2051809250363
"Sh2d5",2.20450115684351
"Card19",2.20403590542766
"Aunip",2.2029897075154
"Tada3",2.20248871734633
"Mtf2",2.20148611573539
"Uty",2.19968263763991
"Ebi3",2.19787706040611
"Rcan1",2.19731358936382
"Slc66a1",2.19690932681803
"Scyl1",2.19685405027608
"Actg1l1",2.1968340629059
"Eno4",2.19522315997909
"Scaf8",2.19485078076755
"Mid2",2.19469065470817
"Ik",2.19210471154212
"Katna1",2.18959580282699
"Taf4",2.18885664384165
"Dop1b",2.18784928347297
"Rnd2",2.18713740447626
"Kcnk10",2.18711515406832
"Traf3ip3",2.18686084442577
"Ano1",2.18672049632887
"Pou2f2",2.18663482702133
"Rnh1",2.18619314693128
"Acbd6",2.18585271084997
"Alg5",2.18547943153265
"Cpxm1",2.18513428717911
"Acbd3",2.18349504549083
"Phb2",2.18195474068996
"Krr1",2.18187484513741
"Med11",2.18161500020614
"Naca",2.18108893419291
"Vps35l",2.18090673494609
"Git2",2.18005015143454
"Lrrc27",2.18003311294457
"Exosc6",2.17910971446281
"Glrb",2.17736401453513
"Slc52a2",2.17734838129392
"Gramd1a",2.17556682417895
"Elp5",2.17396508567824
"Cherp",2.17239485297761
"C1d",2.17213501421418
"Ttc39b",2.1718160662931
"Arhgap4",2.17179009253575
"Aco1",2.17114542604997
"Abcd1",2.1711344550212
"Raly",2.16795385217831
"Xaf1",2.1672771535843
"Eef1d",2.16657121503143
"Smg6",2.1663957679447
"Rpl32",2.1663767307361
"Arl6",2.1661848534086
"Rad51c",2.16609259206393
"Cr2",2.16603911426487
"Dcaf4",2.16533823407247
"Prpsap1",2.16485258962148
"Tbl3",2.16413834330411
"Apex2",2.16406925522595
"Zfx",2.16395074438944
"Nhsl1",2.16303016070892
"Cep295",2.16283507036666
"Akr1e2",2.16172385780674
"Farp1",2.16104216593577
"Rpl15l1",2.16045978248585
"Ssc5d",2.15925237813575
"Npat",2.15645478076273
"Slc2a6",2.15644022127394
"Comp",2.15586809177378
"Dennd1c",2.15495472459578
"Srsf10",2.15363300104241
"Oxa1l",2.15335104719682
"Golph3",2.15153599160572
"Pcgf5",2.15036614870314
"Scarb1",2.14954847342979
"Abt1",2.14933223890664
"Atp6v0c",2.14778605857952
"Ccm2",2.14675926250233
"Tubgcp4",2.14551178092923
"Baiap2l1",2.14511889460128
"Ift57",2.14479354803628
"Rnpepl1",2.1447803872742
"Hnrnpul1",2.14454706026386
"Tlr6",2.14444508691469
"Cass4",2.14277583345927
"Susd1",2.14275736788368
"Mterf3",2.14190382791887
"C7",2.14170882374061
"Pdap1",2.14116018979148
"Ctr9",2.14110820127798
"Pld2",2.14003283605303
"RGD1311745",2.13772859832523
"Nfil3",2.1372443324221
"Rps8",2.13682246999238
"Utp4",2.13650969460449
"Flna",2.1360776190306
"Inmt",2.13495995050847
"Ncbp1",2.13472349948674
"Rufy1",2.13274943902476
"Igbp1",2.13239950170974
"Sec23ip",2.1312594057
"Ccnh",2.12981495909319
"Ly75",2.12975241224603
"S1pr2",2.12945305514189
"Zfp579",2.12805650823933
"Txndc11",2.12586488766318
"Kin",2.12444937708752
"Usp47",2.12433677790635
"Clp1",2.12433364756396
"Aga",2.12431825787931
"Pcf11",2.1227600963008
"Rplp0l1",2.12193000425866
"Zfp322a",2.12147602119712
"Plaat5",2.12025778929188
"Snord81",2.11750692943167
"Rps18",2.11721777782909
"Rpf2",2.11489000949048
"Txnrd1",2.11415897934412
"Fbxl8",2.11384773546851
"Tnk2",2.11237043722861
"Lyset",2.11222948628227
"Rab7b",2.11191999044097
"Hnrnph2",2.11187658240988
"Atad3a",2.11059840464431
"Exoc1",2.11006002383113
"Psmb8",2.10981369193576
"Ciapin1",2.10978495910273
"F2rl2",2.10889372218864
"Gabrr2",2.10674895386393
"Ydjc",2.10618684427284
"Gpx7",2.10570499730589
"Lins1",2.1055088928913
"Secisbp2",2.10432417064337
"Nox4",2.10408368573099
"Vmo1",2.10109987442507
"Osbpl10",2.10087013178988
"Nudcd1",2.10082116637521
"Actr2",2.09971960198953
"Rrp15",2.09940864347155
"Ints14",2.09904260287949
"Wdr83os",2.09698711510658
"Usp38",2.09666545732637
"Sh3gl1",2.09625788025518
"Zfp444",2.09587133817387
"Usp30",2.09568869692943
"Fign",2.09463906752137
"Tbx3",2.09397373938848
"Pola2",2.09352956154737
"Gpr108",2.09311944066271
"Ythdf3",2.09236007491704
"Tbc1d31",2.09113610043308
"Dmkn",2.09112444183719
"Slc19a1",2.09107833831853
"Utp18",2.08916345719251
"Fam151a",2.08914975680034
"Prrc1",2.08886037079566
"Ehmt2",2.08751423330428
"Slc26a11",2.08701405382296
"Plekhb2",2.08671631754061
"Slc35d1",2.08654206890436
"Ankle1",2.08561227907406
"Eif2a",2.08521821604873
"Polh",2.08430501381791
"Gpr85",2.08190045777756
"Cenpq",2.08024789532093
"LOC120096374",2.0789424593254
"Tmed3",2.07883064343041
"Rc3h2",2.07873620595412
"Nup155",2.07700156470827
"Jrkl",2.07496864534502
"Antxr2",2.074709503986
"Mkks",2.07416543220409
"Hspd1",2.07372661594907
"Myg1",2.07326605788851
"Vwa5al1",2.06789383505333
"Men1",2.06751116783081
"Snw1",2.06711667333844
"Vcp",2.06628659393957
"Zfp385a",2.0653030481158
"Ca5b",2.06446610086126
"Rab9a",2.06406002353234
"Dnah17",2.06389195267323
"Fhl2",2.06358693726063
"Foxk2",2.06304350962629
"Klhl26",2.06227163651538
"Pelo",2.06125510261985
"Ppp1r13l",2.06122747716966
"Rab3gap2",2.06115275423296
"Wtap",2.05986398897458
"Lztfl1",2.05916617371177
"Sall2",2.05849656887122
"Zfp598",2.0582885056799
"Tnpo2",2.05788011830092
"Cdk8",2.05739996109233
"Tbc1d2b",2.05652961096462
"Tro",2.05565680399441
"Gpx8",2.05488086998066
"Irgc",2.05357932200335
"Pon2",2.05353598769817
"Wdr81",2.05341096340554
"Eipr1",2.05310824820205
"Sppl2a",2.05262918227295
"Slc26a6",2.04974679429271
"Smyd5",2.04915093691314
"Tmem179b",2.0488686457216
"Mir221",2.04792691920776
"Hoxc9",2.04519713528709
"Il11",2.04495456700008
"Cdca7l",2.04421251958789
"Mef2a",2.04408354612938
"Dhrs1",2.04396618512841
"Ttc9c",2.04375216221543
"Creb5",2.04324455086172
"Kif24",2.04239300369847
"Col5a2",2.04155424065296
"Spata6",2.04148306054186
"Cdc42ep4",2.04088012027838
"Emd",2.0402047838102
"Fut10",2.04002818239492
"Sytl4",2.03995536765782
"Exosc1",2.03709463791222
"Dctpp1",2.0370081684773
"Psme2",2.03551668967988
"Paics",2.03480833045372
"Gcat",2.03396714809766
"Nelfe",2.03316676284616
"Ube2r2",2.03277651022093
"Lingo3",2.03249353142882
"C1h10orf143",2.03183354434536
"Lilra5",2.03102317291977
"Lpxn",2.03036472684265
"Efcab11",2.03034923439175
"Pif1",2.02997198986729
"Tardbp",2.02614629247568
"Rps25",2.02591495472755
"Myo7a",2.02585346999131
"Gga2",2.02533723329022
"Capg",2.02297536961769
"Tamm41",2.02135214422237
"Yrdc",2.02080166578625
"Plxdc1",2.02028396014872
"Rmnd1",2.01804182805516
"Exosc2",2.0170101031475
"Pianp",2.01631773328376
"Sirt7",2.01620466062851
"Tmem156",2.01603650758665
"Rsl24d1",2.01600321829946
"Ppm1n",2.01585943841307
"Katnb1",2.0119783072751
"Kit",2.01134297644331
"Wdr43",2.01036692934463
"Csnk2b",2.01025026365152
"Nup54",2.00850901261775
"Rab36",2.00621249719393
"Crlf3",2.00540526953686
"Rnf25",2.00534623283797
"Mtor",2.00367637891157
"Nsfl1c",2.00221241040173
"Vcl",2.0009776109261
"Rbbp8nl",2.00002462335715
"Proser3",1.99976950735652
"Mettl17",1.99963042887428
"Sltm",1.9989535724157
"Eif6",1.99866071678994
"Cep20",1.99845065921249
"Tle4",1.99700723153715
"Snx1",1.9955150517572
"Mvp",1.99477692538341
"Slc35e4",1.99476512795122
"Sh3glb1",1.99446163041326
"Rbm5",1.99399137861471
"Kcnt2",1.99388650918277
"Phf2",1.99257184017583
"Ccnc",1.99252919883538
"LOC103694537",1.9874646781646
"Ampd3",1.98740275781771
"Zfp59",1.9867433476553
"Grin2d",1.98624143713684
"Rps24l7",1.98568963396959
"Uba2",1.98507037138334
"Ddx10",1.9839278576173
"Mmp16",1.98308280455575
"Meaf6",1.98084947285248
"Cnih1",1.97941705639561
"Psmb2",1.97857025773496
"Zfp846",1.97703245288799
"Arcn1",1.97698834022186
"Lsm1",1.97678667136416
"Cnot11",1.97607843110318
"Phyhd1",1.97285579735772
"Otud5",1.97183235084406
"Prr16",1.97092483209632
"Taf6",1.97037666364256
"Mpnd",1.97016825974298
"Smim5",1.96956134822601
"Dclre1c",1.96869559518125
"Mpg",1.96817744014855
"Armcx3",1.9669333814854
"Impdh1",1.96670546267973
"Emc8",1.96520751516665
"Taf12",1.96345326615405
"Commd9",1.96299005854499
"LOC100365839",1.96203571559067
"Nmd3",1.96152324941703
"Zfp326",1.96043899922661
"Cdk7",1.95919533219012
"Hsd3b7",1.95698826653634
"Rpl35l1",1.95535017479705
"Bfar",1.95534570323867
"Esco1",1.95437220845048
"Tmub2",1.95339760309759
"Sars1",1.95217715904713
"Acp2",1.95212583365024
"Cfap300",1.94954974117789
"Gsr",1.94945397311479
"Dxo",1.94924278682906
"Supt4h1",1.94765671153368
"Rpusd2",1.94741620154614
"Zfat",1.94665054634635
"Rcl1",1.94662252807297
"Trmt1l",1.94582311833268
"Pygo2",1.94472084549429
"Dad1",1.94422026684541
"Fjx1",1.94240545306835
"Robo2",1.93905258369111
"Ada",1.93664169175111
"Cd163",1.9349563290519
"Zscan12",1.93443604891395
"Bmp15",1.93304287485608
"Cinp",1.9324826513599
"Rusf1",1.93176976780102
"Srsf4",1.92923092882104
"Mppe1",1.92865396195178
"Snord58b",1.92842287171944
"Chm",1.92755502350568
"Ift88",1.92735630785115
"Cul7",1.92572993024889
"Cap1",1.92392748189494
"Riox1",1.92306548005574
"Cenpc",1.92265380834012
"Lrrc8d",1.92155346407319
"Trabd2b",1.92130102189447
"Itgb7",1.92102803156731
"Kank2",1.92045056458759
"Il1r2",1.92037093611901
"Il3ra",1.92020536940418
"Smpd4",1.91913954370625
"LOC120100784",1.91854635761999
"Gfra2",1.91781814579475
"Rps27l",1.91518178341586
"Gen1",1.91487641729663
"Crtc2",1.91390932275004
"Zfp668",1.91390923338963
"Gabpb1l",1.9124560596517
"Jarid2",1.91244480727022
"Peli3",1.91013892044866
"Nhlrc3",1.90938501455489
"Faxc",1.9082417248724
"Recql5",1.90815515600788
"Ube2d3",1.90666460694977
"Spindoc",1.90524850203405
"Fkbp7",1.9048037527159
"Fndc4",1.90456091943742
"Dact2",1.90441686949397
"Arhgap15",1.90411652539135
"Psmc3ip",1.903643641123
"Gtf2f2",1.90307146302793
"Rps27",1.90180207435634
"Qrich1",1.90171752098667
"Lrp10",1.90130282940789
"Dpcd",1.89997956583286
"Slc4a2",1.89942035072106
"Scamp2",1.89841918111836
"Bltp3b",1.89761324675179
"Phf12",1.89758811492856
"Gtf2f1",1.89650493705193
"Phrf1",1.89645819619549
"Trim26",1.89582906068364
"Mob4",1.89529276420932
"Rps4x-ps9",1.89501343020177
"Cfdp1",1.89481501628519
"Hnrnph1",1.89319831341335
"Gtf2h4",1.8931169685968
"Sp100",1.8926964990115
"Tnfrsf9",1.89256780528259
"Nfkbia",1.89238942237269
"Nkd2",1.89232087631747
"Skil",1.89109742455641
"Lef1",1.89073369359611
"Mrpl23",1.89020031319843
"Fyn",1.88862439649452
"Fkbp15",1.88565711063371
"Wdr46",1.8852301004968
"Lrfn3",1.88494362970945
"B3gnt2",1.88371481503241
"Sh3bp1",1.88360714947818
"Hmg20b",1.88297978701568
"Taf5",1.8827108239316
"Vps33a",1.88132018422035
"Nxpe3",1.88026975411757
"Rasd1",1.87983400325131
"Primpol",1.87978602530537
"Tmem87a",1.8797409344231
"Capn1",1.87937335845519
"Nutf2",1.87705174757978
"Noc3l",1.87672241010108
"C1r",1.87526348072641
"Ldlrad3",1.87506005639289
"Blvrb",1.87474711811524
"Slc12a9",1.87101811873035
"Tbc1d15",1.87095153816885
"Gfra3",1.87088775171562
"Pafah1b3",1.87060217081508
"Extl2",1.87056583244297
"Haus7",1.87049300103704
"Snrpb",1.86845722700924
"Clasrp",1.86830797972613
"Atp6v0e1",1.86632242553896
"Pdcl3",1.86550796011983
"Rpl31",1.86499287204434
"Trappc13",1.86486999374426
"Ascc2",1.86479609814897
"Tifa",1.86454565915394
"Srsf9",1.86391047411028
"Lum",1.86373411537657
"Gpr160",1.86278369664475
"Polr2e",1.86267123749669
"Cidea",1.86245515915708
"Tor1b",1.86217428523671
"Ift43",1.86094098877593
"Ppp2r5d",1.86040327833731
"Dync2i2",1.85994918952706
"Stk36",1.85892967961672
"Smarcal1",1.85819628948085
"Irak1",1.85592913094891
"Slc38a6",1.85589658686505
"Nsa2",1.8557432585166
"Tex261",1.85552672825859
"Kifc3",1.85350141595433
"Ubap1",1.8522939602782
"Afap1",1.84967223977571
"Adprs",1.84819094430829
"Ncoa7",1.84716570007629
"Rpl9",1.8469223229861
"Rbmx2",1.84601502188757
"Zfp868",1.84570499427381
"Cep57",1.84547808299879
"Zfp384",1.84524171624883
"Prdx5",1.84498175672221
"Picalm",1.84402773919186
"Gli2",1.84367172121206
"Brix1",1.84352649723595
"Dock5",1.84281318481803
"Lrwd1",1.84250887202026
"Nat1",1.84204062502562
"Acvr1",1.84103773228121
"Rttn",1.84084029533182
"Agap2",1.83953554711147
"Qtrt2",1.83894718516635
"Eri2",1.83871638206061
"Wls",1.83697940547856
"Fus",1.83605942584782
"Ampd2",1.83534271453237
"Med28",1.83465638004545
"Apaf1",1.8337963179183
"Psma4",1.83364184912903
"Tfap2a",1.83343068771884
"RT1-Da",1.83341891966529
"Rhbdf1",1.8331862718927
"Sertad4",1.83256668498208
"Mcemp1",1.83056002965901
"Snx2",1.82998496403403
"Zfand6",1.82914520126462
"Unc45a",1.82808906955732
"Ssbp1",1.82730727718001
"Cmpk1",1.82703887978684
"Sfn",1.82438545195323
"Zpbp2",1.82431110048265
"C1h9orf40",1.82421154229996
"Nsun2",1.82093788892715
"Plgrkt",1.82089865967032
"Slc35f6",1.82037624928877
"Copa",1.82023857769003
"Tfpi",1.81993626123627
"Rassf4",1.8192455253699
"Smco4",1.81675022987608
"Cep112",1.81639505449591
"Suz12",1.81598624424387
"Slc30a7",1.81528852015976
"Snx18",1.81500582174373
"Psrc1",1.81466088841236
"Lysmd3",1.81459561305409
"Naa35",1.81428853691826
"Sbsn",1.81420359487143
"Kmt2e",1.81385929611831
"Fdxr",1.81321025659525
"Pxdc1",1.81127542487649
"Zfpm1",1.80850585998122
"LOC120099441",1.80835060504965
"Rnaseh1",1.80675166770135
"Ephb4",1.8053826131082
"Tfap4",1.80511954143067
"Sdad1",1.80490316437023
"Gls",1.80164343705639
"Psmd5",1.79990206107735
"Dhrs4",1.79915396301535
"Tdp1",1.7988509845984
"Dpep2",1.79876137855577
"Dok6",1.79871778023118
"Nptx1",1.79848700812112
"Mutyh",1.79738808871575
"Siah2",1.79734032084753
"Slc31a2",1.79533093084652
"Cnpy2",1.79521353918781
"Rspry1",1.79508086944028
"Nol10",1.79452715392961
"Ptk2",1.79354285542692
"Gfm2",1.79276748568047
"Swi5",1.79273091155642
"Ctnnbl1",1.79175348405411
"Ctdspl2",1.79158150927919
"Rsrp1",1.79105637321181
"Nolc1",1.79080520955804
"Stc2",1.79034616042702
"Rbm6",1.78887284329501
"Wnt10a",1.78850440408824
"Tlk2",1.78639636421791
"Nelfcd",1.78534928627267
"Ube2z",1.78165322773327
"Tent4a",1.78139197053856
"Slc25a46",1.78107321107612
"Sin3a",1.78079215971048
"Nop53",1.77999959484646
"Dcaf15",1.77922135808272
"Tcirg1",1.77718298745216
"Hsdl2",1.77713864546589
"Zfp133",1.77693141137826
"Polr2d",1.7769045807805
"Naa60",1.77572501232124
"Pdcd6",1.7745176268702
"Ubp1",1.77234577297026
"Gng12",1.77223625437258
"Cxhxorf38",1.7702866253304
"Setd5",1.77021409446035
"Trir",1.76895130140526
"Alg12",1.76782046663022
"Cenpo",1.76734006505835
"Nfx1",1.76714228871186
"Ddx49",1.76526628013261
"Nucks1",1.76229717318535
"Parp1",1.75965500822419
"Ankrd48",1.75888641921621
"Prkaa1",1.75792560946107
"Dgkq",1.75673588978167
"Eif3g",1.75609105851575
"Stimate",1.75461814773045
"Fbxo22",1.7542884770376
"Ppih",1.75416850207178
"Abitram",1.7538669052656
"Syt5",1.75124963421937
"Nme1",1.7482355903548
"Ppme1",1.74804165919824
"Cope",1.74600779378748
"Stt3b",1.74317960040593
"Hexd",1.74278877807708
"Trps1",1.74133260734921
"Cct3",1.74100945353501
"Nmi",1.73873431894776
"Ncbp3",1.73857194639588
"Thumpd3",1.7381708433365
"Ing3",1.73453131480191
"Actn4",1.73435813078983
"Gar1",1.73381446207003
"Ccdc69",1.73137038274324
"Gda",1.73085053986336
"Pwwp2b",1.72953444780222
"Rad50",1.72863577852796
"Sap30",1.72775435330526
"Zcchc8",1.72687670960204
"Eif2b1",1.72634100763311
"Dpf2",1.72558904650845
"Cdc5l",1.72517682125676
"Mettl5",1.72493542715977
"Dbndd1",1.724524842752
"Tmc5",1.72434160570612
"Sf1",1.72197986830764
"Bpgm",1.72171675891268
"Prpf38a",1.72118215900497
"Zswim9",1.72117397305486
"Camlg",1.72056270244314
"Cnot4",1.72046191603702
"C19h16orf87",1.72042474214699
"Trio",1.72005627483647
"Uba1",1.71998252362195
"Dnaaf5",1.71858440460345
"Ccz1",1.71819203045982
"Bloc1s4",1.71754700541268
"Psmd11",1.71705810956543
"Tatdn1",1.71676607436255
"Lrrk1",1.71392781019894
"Ethe1",1.71382267649511
"Clec4e",1.71318797567559
"Mrpl32",1.71108823473566
"Avpi1",1.71070977711721
"B4galt7",1.71059507249276
"Hsd17b1",1.71017210926444
"Sox5",1.70997244886805
"Pde10a",1.70942619651551
"Rpl11",1.7063575676251
"Rhod",1.70585297045884
"Zfp658",1.70409192516314
"Ergic2",1.7039775167349
"Ppfibp1",1.70235875407649
"Dis3",1.70201339387116
"Hlx",1.70193442783637
"Ralgdsl3",1.70106219733731
"Rexo5",1.70095147042003
"Gprc5a",1.69966833414064
"Slc66a2",1.69813585004624
"Pdcd2l",1.69772262735458
"Ccar2",1.69744751618099
"Zfp61",1.69598660724894
"Cep78",1.69551734392446
"Gramd1c",1.69502450017066
"Armc5",1.69423195685258
"Epha2",1.69388000078012
"Ikbkb",1.69382529386595
"Ppil3",1.69314400577218
"Gcnt2",1.69295325816608
"Map1b",1.69286411271434
"Ocrl",1.69257025993465
"Ppp1r15a",1.69190465917354
"Nptn",1.6910790218464
"Meis1",1.69094881712515
"Cul1",1.69033132344691
"Dok2",1.69004010862452
"Cebpz",1.6887795428479
"Snrpa1",1.68815972623882
"Bbs5",1.68733550454655
"Etf1",1.68716228221573
"Tmem184b",1.6861741610638
"Fubp1",1.68431884761721
"Fam118b",1.68384090559757
"Pfdn4",1.68109058352578
"Kri1",1.68068640345858
"Wdr24",1.67956031912481
"Ccdc22",1.67841824540712
"Cadm1",1.67682039298959
"Atad5",1.67671219296467
"Pts",1.67607844885526
"Ubn1",1.67491844155173
"Pdgfra",1.67480776066055
"F5",1.67441012597843
"Eif3k",1.67277968984253
"Cdh24",1.67275151896172
"Abcg1",1.67204714049657
"Brd9",1.67104784783061
"Tspan31",1.67076781220706
"Chmp1b2",1.67001164641338
"Rps15a",1.66981198563641
"Ctps2",1.66951924658385
"Ccdc149",1.66653005121086
"Fam136a",1.6664774761194
"Arid5a",1.66611392163104
"Sidt2",1.6653062058661
"Dchs1",1.66302247368024
"Ppp6r3",1.66016545532557
"Vps16",1.65997923605007
"Pus10",1.6598684875015
"Setd4",1.65852710985736
"Dapk3",1.65840529505504
"Atosa",1.65800298502203
"Cnot3",1.65711300287864
"Ctnnd1",1.65658718319737
"Rbpjl",1.65540145743807
"Thap12",1.65523672955554
"Lxn",1.65510374031868
"Fgd2",1.65486561598897
"Cyp27a1",1.65459761811858
"Sox7",1.65424228109878
"Anks6",1.65374051248363
"Emc10",1.65274657112506
"Cwc27",1.65174644366935
"Jade2",1.65050565188529
"Pabpn1",1.64997914187973
"Naa16",1.64970331491233
"Dtx3l",1.64967754735557
"Cct5",1.64925187513979
"Cd1d1",1.64860808111599
"Atg4d",1.64850936937216
"Dbp",1.6482041745269
"Sfmbt1",1.6479455464747
"Otulin",1.64766969299079
"Ccdc152",1.64751711987621
"Cdk12",1.64743796027051
"Src",1.6470632904883
"Tmco6",1.64572445781228
"Pcdh17",1.64524527757254
"Fnbp4",1.64517604015257
"Arf5",1.64395209449768
"Map3k9",1.64372658019921
"Ola1",1.64255192479911
"Siva1",1.64253278032778
"Sox13",1.64247638963303
"Tyk2",1.64216055412826
"Ube2k",1.64074370185325
"Kctd1",1.64032226805472
"Chd1",1.6398955314603
"C1ql1",1.63698336655044
"Psma6",1.63654565442581
"Cd2",1.63629302711742
"Col17a1",1.6341181180029
"Synpo",1.63398009008558
"Elp2",1.63359263064984
"Fam131b",1.63295666055457
"Slx4ip",1.63251594453477
"Strn3",1.63185070008053
"Rab1a",1.63097928664863
"Gpr132",1.62702803734642
"Spidr",1.62640301411782
"Zbtb14",1.62602329576184
"Cnppd1",1.62522943720034
"Zfp638",1.62469410982171
"Ppwd1",1.62415563399474
"Impa2",1.62349097443179
"Dnajb1",1.62305985251487
"Rbm15",1.62193704831704
"Ube4b",1.62104356340323
"Ginm1",1.6206606998209
"Nudcd2",1.62035742257835
"Prkra",1.62021341054579
"Pom121",1.62010576720504
"Ddx1",1.62000362503243
"Nt5dc2",1.61931697312945
"Lsm3",1.61868132336317
"Fancm",1.6184599559607
"Prkcd",1.61703995729461
"Mat2a",1.61674048967796
"Gars1",1.61673921097174
"Wdr3",1.61611319502998
"Bhlhe40",1.61605417101629
"Tsc22d1",1.61479554926741
"Btn2a2",1.61319658562778
"Mfap2",1.61258209700796
"Atp5mc2",1.61231955360889
"Klc4",1.61223031675758
"Gprin1",1.61136608233995
"Hp",1.61119861027095
"Zfp217",1.6106838106464
"Chmp1a",1.61036238203474
"Mtfr1",1.61012795031831
"Adamts1",1.60969070632165
"Zfp710",1.60937263811247
"Las1l",1.60926629121759
"Rhoh",1.60921975640947
"Atg16l1",1.60875100846878
"Kiaa0040",1.60779898410496
"C10h16orf89",1.60743746353366
"Igsf3",1.60638416965187
"Psph",1.60626165478562
"Topbp1",1.60451663162348
"Bacc1",1.60242071919582
"Mlx",1.60067708521947
"Megf8",1.60032076869974
"Lin37",1.59937933874956
"Cnot6l",1.59924637973386
"Irs2",1.59908700911208
"Dnaja2",1.59852511355097
"RT1-Bb",1.59842667299414
"Csrnp2",1.59801400679515
"Umps",1.59782231576704
"Gnai2",1.59756820279784
"Socs2",1.59648813326856
"Ggcx",1.59619265926312
"Shoc2",1.59551105981809
"Prkx",1.59508208160617
"Det1",1.59412718670195
"Zc3hc1",1.59361071654778
"Plin3",1.59330429123307
"Eprs1",1.59177589908839
"Rassf2",1.59081609262553
"Map3k7",1.59065114251836
"Pdia6",1.59048246955474
"Faap20",1.58903319445329
"Sec13",1.58868154269783
"Calm2-ps2",1.58729825361601
"Med21",1.58628295955201
"Washc3",1.5836554808651
"Ddx54",1.58326219091813
"Zcchc7",1.57980489427972
"C5h9orf43",1.57970741329619
"Apln",1.57920072488193
"Grb7",1.5751839057573
"Itga11",1.57402971137444
"Usp8",1.57297785007621
"Uba6",1.57250988674578
"Mesd",1.57227939803033
"Serpinf2",1.57168350044817
"Lonrf3",1.57065307145267
"Slc16a8",1.57030903945704
"Tmem231",1.56955183555334
"Lat",1.5690832805743
"Myo19",1.56828480432349
"Iars1",1.5682007740689
"Med7",1.56732069107616
"Dhx37",1.5658472462079
"Tmed9",1.56533078460033
"Rars2",1.56516577147185
"Tanc2",1.56465257718456
"Ackr3",1.56161659107264
"Pi16",1.56076003927313
"Zfp94l1",1.55993670166072
"Afg3l1",1.55943331555172
"Tbrg4",1.55936943252895
"Ift80",1.55797572040938
"Vac14",1.55731470226711
"Gpatch11",1.55701396489335
"Rps28-ps1",1.55655397558315
"Gpr89b",1.55626562908925
"Pop1",1.55600287255435
"Fam83h",1.55564900702487
"Pcgf2",1.55354257786623
"Grip1",1.55242616392494
"Fyttd1",1.55145796620181
"Pnkp",1.55108669343753
"Usp18",1.55107782521331
"Parp2",1.55034701734583
"Otub1",1.55028841406821
"Prg4",1.54915379572757
"Brox",1.5491400937346
"Asnsd1",1.5482318985489
"Twsg1",1.54806958087062
"Rufy3",1.54805274346996
"Tceal9",1.54791726479255
"Usp27x",1.54740867728037
"Vps9d1",1.5471837604817
"Frg1-ps1",1.54621862924219
"Naa15",1.5426626643042
"Prdx1l1",1.54216673939922
"Denr",1.54178798487066
"Abcc5",1.54162388007566
"Adgra3",1.54041886265404
"Txnip",1.53978101364512
"Stag1",1.5393528148186
"Fgfr1op2",1.53888183783695
"Tlr5",1.53800745471498
"Zfp292",1.53557667912612
"Cdh11",1.53498048660637
"Gpr171",1.5348156877338
"Lctl",1.53480724637531
"Ranbp2",1.53435461567351
"Dmtf1",1.53401156075166
"Grap",1.53322527076457
"Ppp2r3b",1.53309697107316
"Rpl35-ps8",1.53263370823054
"Tubgcp2",1.53222675436305
"Rbm48",1.53163436041824
"Ermp1",1.53048279454551
"Prdx2",1.53033001977449
"Ldlrad4",1.53002983735067
"Trim34",1.52990404937183
"Nars1",1.52746882013579
"Vrk3",1.52637918052828
"Ddx31",1.52634491205574
"Pigt",1.52568406581492
"Zmym5",1.52535763157711
"Rad51ap1",1.52524141085041
"Dusp16",1.52510848070657
"Fam118a",1.52492083355047
"Cntln",1.52395740973449
"Cnih4",1.52377532786491
"Mapk8",1.52238095958489
"Prpf4b",1.52210599528405
"Dhx58",1.52206143606685
"Mmp14",1.52103290322039
"Larp7",1.5202793415946
"Mrpl39",1.52005543119657
"Trip12",1.52000884756324
"Crls1",1.51925292029512
"Cd74",1.51888488461762
"Phf10",1.51784965991629
"Lpar4",1.51775745635636
"Rbm45",1.51775439485609
"Thoc7",1.51731780227514
"Senp6",1.51669100196628
"Galnt7",1.51628376638619
"Ctdspl",1.51625413299595
"Slc50a1",1.51545024908545
"Neil1",1.51498055663036
"Pttg1ip",1.51420339164287
"Epop",1.51349800885251
"Ube2j2",1.51300170318532
"Dnajb11",1.51291450298085
"Rinl",1.51226345576346
"Wapl",1.51166207855746
"Renbp",1.51154550318511
"Acsf2",1.51152935146949
"Adam19",1.51086118963855
"Abce1",1.50952314995316
"Ofd1",1.50806979432788
"Htatsf1",1.5076421098435
"Ccdc90b",1.50641324773704
"Armc7",1.50623596694383
"Ubap2",1.50603440191979
"Fbxw4",1.50587271553008
"Themis2",1.5058530718826
"Colec12",1.50014106537876
"Atxn3",1.49958371401244
"Zfp110",1.49956061996855
"Gemin7",1.49942210550635
"Hoxc10",1.49925317572234
"Nynrin",1.49832210115356
"Kif7",1.49830233401957
"Sema4f",1.49822847933716
"Egr3",1.49786848384718
"Kcnd1",1.49724119716871
"Ints5",1.49715215928347
"Dap",1.49622732775397
"RGD1559575",1.49551125794581
"Slc37a1",1.49520579718163
"Actr6",1.49508708862737
"C15h14orf93",1.49501401304928
"Aebp2",1.49434092097138
"Pibf1",1.49432513723207
"Ell3",1.49308751200721
"Fpgs",1.49299282092321
"Pdik1l",1.49253502687911
"Bach1",1.49218244775258
"Orc1",1.48861384161916
"Anapc2",1.48703551981165
"Rela",1.48687403983443
"Ppp1r36",1.4858508999787
"Rpl21",1.48520758348961
"Cdc14a",1.48435208411128
"Tmem67",1.48374057299525
"Cdc27",1.48371387480226
"Atrx",1.48311160569148
"Wdr41",1.48267786916017
"Il17b",1.4820510196714
"Igf1r",1.48170698256744
"Dhodh",1.48160812782499
"Arid1a",1.48153724459647
"Sec14l1",1.47987997762839
"Clasp1",1.47595939075345
"Hhex",1.4757833026588
"Flt3",1.47565985800885
"RT1-Db1",1.47528958310888
"Prkar1b",1.47518657236956
"Cep70",1.4750568616419
"Dpy30",1.47366002005983
"Ube2s",1.47338558746477
"Nek11",1.47239433279615
"Steep1",1.47151336645062
"Rb1cc1",1.46988250122241
"Zfp819",1.46943756752566
"Rad54l2",1.46837198965995
"Bcor",1.46829535381235
"Ints3",1.46808437720072
"Mdfi",1.46732076186703
"Ccdc59",1.4672135101327
"Arl6ip5",1.46563791444305
"Pbx3",1.46499796573542
"Hivep2",1.46468772795031
"Hoxc5",1.46386031832154
"Ube2l6",1.46355446377722
"Lmo2",1.46248446948215
"Pcmtd2",1.46110595389193
"Cyp2t1",1.46053687643794
"Anxa3",1.45994459456131
"Fam120a",1.45928858644796
"Zfyve1",1.45896987934604
"Tmem192",1.45868011315585
"Depdc5",1.45721487042735
"Zfp57",1.45674568645846
"Prkdc",1.45658366659616
"Nacc1",1.4564640754335
"Rtn4rl2",1.45513571073676
"C1s",1.45485764233471
"Ednra",1.45208156920251
"Pogz",1.45094222673777
"Rnf207",1.44910438909468
"Rps14",1.44894702262485
"Tusc3",1.44833794993178
"Ctcf",1.44738507328581
"Ctrc",1.44730656940551
"Lipt1",1.44723999782502
"Pym1",1.44662286739378
"Exosc8",1.44571232886937
"Paf1",1.44528893584245
"Sdf2",1.44465951308155
"Map3k3",1.44459417724957
"Pacrgl",1.44456096116446
"Hsp90b1",1.44384227981938
"Rbm10",1.44358587908817
"Tm6sf1",1.4424924842901
"Icam5",1.44144731780788
"Ten1",1.44091084029194
"Heatr5a",1.4405589745555
"Armc1",1.43990050007599
"Eml4",1.43985512441021
"Yars1",1.43970559215735
"Sertad3",1.43927556034183
"Rlf",1.43851167775744
"Actg2",1.4377766843186
"Tapbp",1.4374276575436
"Csf2rb",1.43742040073742
"Bud13",1.43731407310852
"Zbtb24",1.43665964238242
"Wnt5b",1.43572787861019
"Get3",1.43517946608413
"Polr2b",1.43508040598967
"Sass6",1.43375596553976
"Fam167b",1.43331537054454
"Zfp655",1.43261181726782
"Abcc10",1.43102464331612
"Ldlrad1",1.43047167676797
"Phf11",1.43046568855785
"Ccl12",1.43000871980459
"Ctnna1",1.42998797026163
"Slc35b1",1.42953963024794
"Dalrd3",1.42944220707762
"Gemin7l1",1.42929668379058
"Med14",1.42910964903499
"Rprd1b",1.42861728088077
"Tmem237",1.42832734504603
"Slamf6",1.42746907389164
"Tmem131l",1.42701360606812
"Tbc1d8b",1.42666105541172
"Mier2",1.42658115576002
"Pwwp2a",1.42654673843225
"Hspbp1",1.42614118054854
"Vps45",1.42549628850016
"Rps9",1.42446030370578
"Smarcd1",1.42428236856062
"Ssna1",1.42341166099256
"Fance",1.42307442546107
"Fap",1.42199186250937
"Yes1",1.42171979953571
"Txndc9",1.42036973564858
"Cysltr1",1.41971823680643
"Clptm1l",1.41861964016557
"Mindy1",1.41755344082241
"Slf1",1.41655304252749
"Sos1",1.4163032092582
"Eif3b",1.41587639534238
"Rxylt1",1.41585730771171
"Dnah2",1.41557575457603
"Cenatac",1.41544927818157
"Tango6",1.41477811582522
"Glud1",1.41475766334242
"Tmem260",1.41452311756855
"Grk2",1.41365480798353
"Cyb5r3",1.41284477262041
"Zfp64",1.410431052997
"Tprn",1.41041911946516
"Tmem79",1.4095024578878
"Cul2",1.40866732074107
"Nubp2",1.40865697886836
"Tp53rkb",1.4077260812924
"Cdin1",1.40678909379046
"Sfmbt2",1.40639394284508
"Lrrc17",1.40547548501029
"Nagpa",1.40445624428222
"Slc8b1",1.40288965896429
"Csrp2",1.40052318142249
"Usb1",1.40042925607537
"Myo10",1.40000699572069
"Cald1",1.39875421692467
"Mrps22",1.39857810669069
"Tssc4",1.39803018216473
"Ttc9",1.39786357087439
"Pnpla7",1.39629159880847
"Pabir1",1.39612171165028
"Stn1",1.39494816928182
"Spsb2",1.39435625966515
"Tepsin",1.39201667832331
"Cnnm3",1.39187302636114
"Llph",1.38973547317264
"Klrb1a",1.38968107749009
"Pdcd2",1.38791556069378
"Tmem219",1.38776636878511
"Kif21b",1.38697146391646
"Atg4c",1.38649153387866
"Ccnq",1.38494924527479
"Tbc1d10b",1.38477450324043
"Cacna2d2",1.38188502224663
"Golph3l",1.38025168515816
"Smsl1",1.37999419464066
"Plxna4",1.37970981671719
"Ing1",1.37960466106059
"Pcsk7",1.37763487784516
"Hsd17b13",1.3760209657543
"Ern1",1.37577252178921
"Zfpl1",1.37523417664818
"Nod2",1.37481661795331
"Mettl3",1.37402098789014
"Smurf1",1.37400765731592
"Pcgf3",1.37368506132291
"Pdcd6ip",1.37349049330605
"Lsm6l1",1.37095057160427
"Cpq",1.37080988235004
"Zbtb21",1.37010409843467
"Ppp2r5e",1.36451733804371
"Cnot10",1.36447788816893
"Srd5a3",1.36423884650802
"Fst",1.36375860578316
"Tap2",1.36294499914845
"Rasgrp4",1.36142431482011
"Gfus",1.36139404635068
"Rexo2",1.36033689813561
"Tead3",1.36000022382142
"Adm",1.359518037872
"Siah1",1.35813951032954
"LOC134481478",1.35746750390148
"Cpt1c",1.35732659343077
"Ints12",1.35683306993467
"Mphosph9",1.35634018737941
"Snph",1.35524762102078
"Vangl2",1.35368388568523
"Fbxo27",1.35351464818029
"Setd6",1.35291926328671
"Zfp182",1.3524627868588
"Itga8",1.35191704895034
"Ntn3",1.35158324871274
"Rrp9",1.35077928799238
"Rabggta",1.35001525204128
"Rnf220",1.34884895737975
"Eef1a1l2",1.34878367176397
"Smim11",1.34842960634834
"Rnpep",1.34806179276276
"Psma5",1.34805031614757
"Ptpn23",1.34797192757811
"Brf2",1.34782983563895
"C1h10orf88",1.34504106471424
"Snx19",1.34343209321706
"Phf21a",1.34323309329809
"Snord45a",1.34304567472596
"RT1-DOa",1.34244344257596
"Tmem26",1.34240248884012
"Zc3h18",1.34186602601704
"Pitpnm1",1.34186534485197
"Wdr53",1.34171264978199
"Vps39",1.34017176263356
"Setdb2",1.33897714466339
"Tcea1",1.33702939126605
"Fcf1",1.33520707764167
"Map3k8",1.33520221070177
"Rnf121",1.33484500257837
"Cflar",1.33382635552972
"Sirt6",1.33307848406459
"Pced1a",1.33261445380768
"Zfp414",1.33258599053439
"Cdk15",1.33047864649642
"Rnf32",1.32978752604829
"Csap1",1.3296349297946
"Slf2",1.32820533578883
"Fam193a",1.32784307625035
"Yju2",1.32768773665466
"RT1-T24-3",1.3266702817243
"Cbx8",1.32658120996839
"Tmem183a",1.3264571982058
"Map2k7",1.32633187707736
"Zbtb45",1.32576485680805
"Dpp3",1.32495991150107
"Noc2l",1.32415764204582
"Ptges3",1.32408393903253
"Mical1",1.32397634724187
"Steap3",1.32261752908681
"Polr1h",1.3226161119359
"Cadm4",1.3225837208568
"Eef1akmt2",1.32239234608763
"Creg1",1.32147746894489
"Vnn1",1.31972251080211
"4933427D14Rikl",1.31948658302644
"Ganab",1.31938995951013
"Sall1",1.31800343105768
"Rasa4",1.31508158940889
"Hnrnpa1-ps20",1.31469374026622
"Rasl10a",1.31431149122595
"Mpv17l2",1.31413080234036
"Ccdc65",1.31412585646613
"A630001G21Rikl",1.31398757746396
"Ccdc25",1.31373502937188
"Ascl2",1.31313586546856
"Dyrk1a",1.31307539174001
"Arih1",1.31279087211947
"Podxl2",1.31267070095908
"Ntmt1",1.31201431129121
"Cd22",1.31177909024604
"Fbxo11",1.31025510691295
"Ifnar1",1.30937933011038
"Atp8b2",1.30906087433068
"Znf8",1.3085348916025
"Matcap1",1.30809184439333
"Dennd3",1.30772492125893
"Dnajb3",1.30710483959968
"Clec4a",1.30694810518227
"Msl3",1.30608767547958
"Adam9",1.30575822556647
"Ttll12",1.304084727522
"Hoxb2",1.30380932070001
"Fsaf1",1.30365722556652
"Laptm4b",1.29996760661107
"Klf6",1.29981177792465
"Zfp954",1.29949284306584
"Caprin2",1.29941681592435
"Tmem214",1.29912019697761
"Sik3",1.29754268997534
"Tgfb3",1.29733733209617
"Pms2",1.29541315274217
"Il17rc",1.29265814879024
"Trpm4",1.29218415458295
"Hspa8",1.29214580921966
"Phldb1",1.29162913289535
"Shq1",1.29053076276721
"Ctsw",1.29047343084661
"Sgk1",1.28891444510975
"Psmc4",1.28880466754163
"Tor1aip1",1.28742280186092
"Ralgdsl2",1.28740993361729
"Tpr",1.28668846196863
"Pcbp2",1.28644868328695
"Akap17b",1.28637350405117
"Mix23",1.28386932164545
"Wtip",1.28338280810678
"Rfx5",1.28217303254004
"Rnf126",1.28095242895885
"Pex13",1.28062862504848
"Flnc",1.27927404838729
"Lmbr1l",1.2785737823926
"Tmem14cl1",1.27795324002698
"Gpbp1",1.2765034185772
"Drg1",1.27640954682709
"C1galt1",1.27555833905731
"Fancc",1.27552408138509
"Pde12",1.275469766786
"Pwp2",1.27528311561894
"Dnph1",1.27516773941601
"Atp13a1",1.27450532092167
"Pgghg",1.27433930457675
"Agfg1",1.27214900851833
"Cyfip1",1.27148517976802
"Efemp1",1.27118637817563
"Actr8",1.27088990332722
"Smc1a",1.27078625315676
"Ulk1",1.26907543065987
"Nhs",1.26787255401087
"Stip1",1.26672027707997
"Stau1",1.2664671042506
"Extl3",1.26636025306504
"Dynlt2b",1.26603101865206
"Mtrex",1.26545021702884
"Ptn",1.26405799058755
"Ankrd54",1.26380713094373
"Myh10",1.26299242358308
"Nr2c1",1.26277812468231
"Sirt1",1.26159756453377
"Zfp467",1.26133452723448
"Nectin3",1.26016927941728
"Idua",1.25975730709498
"Dcun1d5",1.25975459954106
"Cryl1",1.25886978092199
"Eif4enif1",1.2584899674713
"Trim33",1.25822425431771
"Dnm3",1.25563254431054
"Zfp263",1.25395437193123
"Snord30",1.2524857947707
"Ssr4",1.25187229459201
"Zdhhc23",1.24978724216746
"Rbms3",1.24971582515471
"Strap",1.248568974835
"Hspa5",1.24833359266647
"Def6",1.24751846232333
"Cstpp1",1.24677003142379
"Wdr12",1.24669743333205
"Rpia",1.2455377552812
"Rps28",1.24508703750031
"Nxf1",1.24504871588354
"Cplane1",1.24487094831902
"Zcchc24",1.24438670181626
"Arid4a",1.24274857000458
"Atat1",1.24174496303978
"Spata17",1.23965009220657
"Slc35b3",1.23914127235622
"Cfap210",1.23846401453722
"Zfp143",1.23578210405492
"B9d2",1.23570929154575
"Zfp532",1.23303681342418
"Galt",1.23270975217383
"Pfas",1.23252123060873
"Senp1",1.23235352281866
"Slc25a28",1.23175957261952
"Rhot2",1.23172140436532
"Zfp658l1",1.23159867839644
"Cnot8",1.23094978490032
"Piwil4",1.23034574449332
"Fbh1",1.23014095330614
"Drosha",1.22929286309426
"Dimt1",1.22916682077224
"Pkd1l3",1.22742457904831
"Mrpl33",1.22628865899229
"Zbtb1",1.22626610931394
"Dnajc19",1.22417087690844
"Nme7",1.22384513864738
"Cacul1",1.22366077783608
"Pde8b",1.22310770913899
"Grb2",1.22289910634105
"Sanbr",1.22268042547262
"Tax1bp3",1.22221874655021
"Nectin2",1.22193184990505
"Tmem259",1.22161735779195
"Uba5",1.2211780048697
"Copb2",1.21880462925349
"Acot9",1.21819060563561
"Map2k5",1.21785462875327
"Gxylt1",1.21687874789694
"Fto",1.21620826712593
"Rrp1",1.21551939613935
"Zscan2",1.21522737060986
"Cbx5",1.21486866569221
"Snord104",1.21418094343596
"Ilkap",1.21389740170572
"Fbxo46",1.21376706514101
"Eif1ax",1.2134226321418
"Kcnj9",1.21323857025159
"Ttf2",1.21194559155666
"Aarsd1",1.21094506102803
"Polg2",1.21049949717519
"Prickle3",1.21026405151501
"Lin54",1.20918717794568
"Zfp955a",1.20872457912031
"Dhrs7b",1.20862193392684
"Nrg1",1.20805047996977
"Ccdc159",1.20431846846637
"Rsph9",1.20290338434394
"Ice2",1.2023228547099
"Scamp4",1.20115116747732
"Psmb3",1.20032797161955
"Atp2b1",1.20021590859321
"Rps2-ps6",1.19975477828566
"Dera",1.19764319563301
"Septin7",1.19691429224445
"Tpm3",1.19648169212278
"Htra2",1.19626610517301
"Med23",1.19611969708424
"Ly6g6e",1.19604268793959
"Haus6",1.1951383290765
"Serp2",1.19428180224356
"Frmd6",1.19351897733762
"Nipbl",1.19316185844423
"Pus7",1.19179601185841
"Simc1",1.19115168900673
"Fbxw17",1.19107744144232
"Cabyr",1.19038781109844
"Nfkb1",1.19008996380168
"Tha1",1.18918778064878
"Trabd",1.18866924758274
"Lck",1.1873993336742
"Ints9",1.18712135386373
"Usp42",1.18519890012667
"Cd248",1.18203790226164
"Hyou1",1.18152719410819
"C1rl",1.17994500587005
"Madd",1.17992575228007
"Pgls",1.17958984400066
"Slc8a1",1.17939479218063
"Cspp1",1.17888276111992
"Ythdc1",1.17866041344804
"Lypd8l1",1.17775296150581
"Ikbkg",1.17684020338211
"Filip1l",1.1767437555537
"Btbd2",1.17655005653821
"Fbxo8",1.176474050621
"Kmt5c",1.1763981839946
"Trim15",1.17584736709631
"Zfp354c",1.17428378831318
"Kalrn",1.17310903964351
"Rnf115",1.1729874045262
"Chsy3",1.16969682839107
"Trmt12",1.16874872545999
"Zfp451",1.16849814569936
"Raf1",1.16771771039845
"Chi3l1",1.16691001117044
"Serpina3l",1.16685477848401
"Irf9",1.16679919843636
"Tfb2m",1.16546839027442
"Zfp251",1.16338115564536
"Nsun6",1.16190784722427
"Man1c1",1.16179232718043
"Efcab7",1.16164576943164
"Adgrg5",1.16160849823552
"Nap1l6",1.16146285287022
"Rnf114",1.1609212428515
"C1h11orf98",1.16037998190522
"Nfe2l3",1.15953482162964
"Tmem234",1.15782933242837
"Pan2",1.15560470275396
"Zfp189",1.15503720217651
"Rbmxl1b",1.15471343026938
"Tmem178a",1.15468675200576
"Xrcc3",1.15338464803211
"Tlr9",1.15314457792732
"Snora31",1.15291725214012
"Casc3",1.15259642800057
"N4bp2l2",1.15236757320674
"Aasdhppt",1.15189200911758
"Gba1",1.15097946829974
"Fastkd3",1.14983097646598
"Pikfyve",1.14906805955186
"Cab39",1.14874980923125
"Tjp3",1.14863702643943
"Top2b",1.1480067448291
"Acad9",1.14614825451797
"Ccdc86",1.14554633570463
"Ccn2",1.14498760917897
"Arl5a",1.14455917930512
"Tomm40",1.14447866944678
"Zbed6",1.14445879808425
"Mpp3",1.14294133454423
"Nol11",1.14162716682567
"Slc25a30",1.14148024900888
"Commd2",1.13933716297231
"Parp3",1.1389872747777
"Gcfc2",1.13804163420727
"Dlx1",1.13726320860877
"Adam33",1.13670311902083
"Golt1b",1.13662739650591
"Cep290",1.13632540805226
"Rnf166",1.13525778761928
"Adamtsl5",1.13517652140694
"Brpf1",1.13481165389603
"Klhl13",1.13357241609678
"Eva1b",1.13322879727344
"Glmn",1.13309117156187
"Sugt1",1.1330409242652
"Mtpap",1.13224027769454
"Hbp1",1.13160914349112
"Trim25",1.13138774164965
"Dnase1l2",1.13119738145423
"Lmln",1.13055663444362
"Pkig",1.13026342923654
"Thoc6",1.1298062254074
"Max",1.12958482122672
"Alkbh2",1.12838372997102
"Mark4",1.12766890927853
"Hsp90ab1",1.12589051480155
"Akap10",1.12451395268542
"Ccl17",1.1242392526393
"Zbed3",1.12138878934274
"Snap23",1.11977913316262
"Slc16a2",1.11975591612598
"Ecm1",1.11903846669068
"Zbtb17",1.11687876889252
"Arhgef39",1.11585932197263
"Odad4",1.11493237846255
"Fchsd2",1.11426801203442
"Rnf149",1.11380798970918
"Ddx60",1.11171900084733
"Angpt1",1.11089474027604
"Ap5z1",1.11032645471785
"Dusp12",1.11016028801457
"Zfp534l2",1.10929394800311
"Rpe",1.10888140276586
"Slc7a6os",1.10886482965108
"Prr22",1.10853128147088
"Bag3",1.10772816131013
"Adora2a",1.10695463633045
"Rab23",1.10694561317719
"Rexo1",1.10689645370439
"LOC100361636",1.10672849730992
"Lsm12",1.10593859304698
"Mns1",1.10547203607314
"Tbc1d30",1.10523600835669
"Fam120b",1.10443891714918
"Skic2",1.104096646354
"Ptbp3",1.10359107776371
"Kdm5d",1.1035205266138
"C13h1orf21",1.10342349778753
"Ptprcap",1.10308798920022
"Pex6",1.10145726323957
"Rwdd4",1.09988081376623
"Smarcc1",1.09888349762625
"Cask",1.09837711596448
"Rbks",1.09837048848611
"Rnf151",1.09819075043605
"Prcc",1.09791957701061
"Rbms2",1.09759232136964
"U2surp",1.09755282066478
"Paxbp1",1.09698443569654
"Ftl1l2",1.09675794926635
"Pheta1",1.09636693904255
"Thoc5",1.09560335229533
"Dnmt3b",1.09480971022427
"Ciz1",1.09265075804169
"Paqr3",1.09169221576396
"Rtca",1.09091094681671
"Sesn2",1.09014175155417
"Tspan5",1.0897015946167
"Rps19bp1",1.08936021744643
"Rfx2",1.08892004766264
"Ercc6l2",1.08826421621445
"Snx9",1.0864694546011
"Timm50",1.08482501598026
"Prkcb",1.08453703095502
"Ttc12",1.08372127881061
"Jagn1",1.08357085620736
"Bysl",1.08355871321929
"Ipcef1",1.08336431710196
"Snrnp48",1.08188694911057
"Trmt5",1.08179853979629
"Tpmt",1.08177062592147
"Hunk",1.08168648703729
"Btaf1",1.08167463278146
"Atp6v1c1",1.08161936876054
"Ca8",1.08152730545604
"Trim46",1.07996106640214
"Ammecr1",1.07988441911617
"C8h11orf54",1.07931167680856
"Frmd7",1.07864201077291
"Nfyc",1.07808969155862
"Rps29",1.0774542410689
"Atp8b1",1.07700016150351
"Tstd2",1.07500025996772
"Adora2b",1.07376356584102
"Aatf",1.07200051823486
"Fam222b",1.06951047068378
"Ogfod2",1.06921585652322
"Dck",1.06900996617227
"Pes1",1.06866987024041
"Lmf2",1.06827313204158
"Arhgap32",1.06735919884774
"Utp25",1.06663051086471
"Prrg4",1.0665783124859
"Abcd2",1.06645893299515
"Arhgef5",1.06580473698607
"Cebpe",1.06568031985329
"Fiz1",1.06517340179896
"Traf2",1.06505805635344
"Il7",1.0649819804203
"Il18rap",1.06474286404994
"Mylip",1.06402902864051
"Ythdf1",1.06334629209663
"Ilf2",1.06295081889636
"Mrps10",1.06163466920441
"Atxn2l",1.06140678098915
"Suds3",1.05987462482961
"Cables2",1.05982974841291
"Hnrnpm",1.0594631796555
"C2h3orf33",1.05920913355124
"Med4",1.0576528902315
"Gng10",1.05756795696837
"Nbeal2",1.05743877703518
"Pknox1",1.0574324074
"Ormdl2",1.057211985057
"Hhipl1",1.05716383576095
"Ndel1",1.05715892812211
"Prps1",1.05700822329611
"Ddx20",1.05605250474972
"Akap8",1.05565992067924
"Gfer",1.05498752457602
"Tnfrsf10b",1.05496820792767
"Rtcb",1.0545981136685
"Edrf1",1.05414958974059
"Zng1a",1.05341857382171
"Dohh",1.05292614572403
"Haus5",1.05236075539468
"Dsel",1.05186112034336
"Commd8",1.05150082250735
"Tmprss9",1.05001810086718
"Cfap20",1.04903792399132
"Zfp418",1.04691337143989
"Pelp1",1.04498235860389
"Zfand5",1.04470693960439
"Trpc6",1.04336213575736
"Evc",1.04223865360586
"Psmd2",1.04218686255516
"Zmynd19",1.04193112189733
"Bop1",1.04029802258505
"Sds",1.04000317529849
"Atp1a3",1.0398278950758
"Atp6v0a4",1.0372864559846
"Mia3",1.03681660710463
"Pign",1.03609366204698
"Lax1",1.03599487057242
"Osgep",1.03592500708074
"Cpsf1",1.03572265725489
"Rpap3",1.03494378672743
"Ddx56",1.03384257913123
"Slk",1.03229287029631
"Dpysl4",1.03223574407324
"Dhps",1.03200950812791
"Szrd1",1.03102509383244
"Noa1",1.02958203101559
"Spcs1",1.02859604982403
"Cilk1",1.02855398246227
"Amph",1.02766325762989
"Slc35f5",1.02752871184651
"Alox12",1.02732482250062
"Parvb",1.02718792144029
"Atic",1.02391797979695
"Prss35",1.02262407645499
"Rpl35al5",1.02197061649622
"Celsr1",1.02195663122146
"Sec61g",1.02187197215803
"Asl",1.02115354499576
"Smurf2",1.0201625500064
"Trub1",1.0199990742216
"Zfp39",1.01978838788046
"Ddx3x",1.01896954623815
"Nrbp1",1.01853116773797
"Snrpc",1.01781839107252
"Mau2",1.01381073605706
"Fkrp",1.0134122841284
"Tfam",1.01286437225319
"Ppp1r2",1.01284393898861
"Ubtf",1.01194788192769
"Pdgfrb",1.01112409435625
"Pnrc1",1.01111413720617
"Mrps9",1.01040752518021
"Mthfd2",1.01024897366945
"Wiz",1.01021061391822
"Atf7ip",1.00960940677517
"Vps53",1.00933655198129
"Wdr5b",1.00874273636428
"Rpusd4",1.00859512480054
"Snx33",1.00826709875445
"Ccdc150",1.00743444028841
"P2ry13",1.00713054717029
"Erap1",1.00621601139164
"Drg2",1.00512453512198
"Spint2",1.004719520117
"Ppid",1.00323306650817
"Lrrc45",1.0018242854458
"Rps21-ps1",1.00117687855515
"Wdcp",0.999685210744105
"Mcu",0.998707696730703
"Zfp281",0.997729298372215
"Hdhd5",0.996418522691267
"Igf2r",0.996400299719903
"Phospho2",0.996279412046578
"Rint1",0.996026756487501
"Rig1",0.995835011160725
"Hnrnpc",0.995621124989193
"Ahr",0.995347769742274
"2510039O18Rikl",0.994989064054086
"Slc9a9",0.994863284657099
"Samd14",0.994559518359316
"Syt12",0.994276597077558
"Atxn7l2",0.994235748851398
"Rbisl2",0.992169521312604
"Matr3",0.99202309388571
"Oser1",0.991814274931787
"Pon3",0.989625614456069
"Usp37",0.988943693333099
"Scara3",0.988867135805214
"Lyplal1",0.988631230880925
"Srfbp1",0.985771752796404
"Rnf150",0.982597229522512
"Rsph1",0.98149360250865
"Prpf39",0.980864529293724
"Mpp4",0.980532452701156
"Lsg1",0.979850663976326
"Pigv",0.979629060000808
"Med31",0.978751949801443
"Imp4",0.97698586464621
"Cibar1",0.976846779817972
"Fastkd2",0.976672898824552
"Iffo1",0.975449769813564
"Aifm1",0.975401479125196
"Cyb561a3",0.974860155437241
"6430548M08Rikl",0.974050084689673
"Zc3h14",0.973901283329529
"Pyroxd1",0.972521609053696
"Elf4",0.970816047260339
"Med12",0.970251329588287
"Mrpl13",0.969923617299248
"Adar",0.969093298778266
"Rab35",0.967922594269881
"Plag1",0.967494335370231
"Ciita",0.967366313755848
"Gja5",0.965617411746414
"Rev1",0.965522757836094
"Jchain",0.965004189989692
"Ube2g2",0.964683334678226
"Xpo6",0.963193393765652
"Ddit4",0.963131901040376
"Ift81",0.962723465339425
"LOC120094652",0.962004574529073
"Ptprs",0.961670523426604
"Rbm15b",0.959872396885025
"Abca7",0.959140616759778
"Tlr1",0.958819349633068
"Heatr6",0.958584227777914
"Btf3l4",0.958000056872192
"Nsun5",0.957766681029662
"Atg16l2",0.95713516512336
"Dido1",0.955345537536296
"Trim23",0.954407511541625
"RGD1359108",0.954065032440159
"Eva1a",0.95344377785972
"Skic8",0.952198965653867
"Zc3h4",0.949329600089706
"Zfp410",0.949150402413996
"Polr2a",0.949086794491704
"Bak1",0.948956302733067
"Map7d1",0.946466705273317
"Pmpcb",0.944362931728188
"Dnajc1",0.94337926202835
"Crabp1",0.942611522536998
"Pds5b",0.942211125211674
"Oma1",0.941240855437407
"Rnft1",0.941238946825517
"Crlf2",0.940498545256171
"Dhx57",0.940495144205424
"Taf11",0.940400925410717
"Snord12c",0.939943867517265
"Anxa5",0.93979808497055
"Fhod1",0.938048533521784
"Ess2",0.936811437222404
"Msh5",0.936747668237965
"Ufsp2",0.93664343352932
"Trappc8",0.935050072063056
"LOC120100346",0.934898539898483
"Tmem39b",0.933259832872705
"Trip10",0.932390475570944
"Arv1",0.931998687706906
"Tnpo3",0.930176641965097
"Tctn1",0.927038201791326
"P2ry10b",0.926787786714691
"Ca11",0.925863379344393
"Arih2",0.925400629149733
"Ruvbl1",0.925039774873027
"Pum2",0.924573453248633
"Rpa3",0.924207194278691
"Siglec5",0.922732386395378
"Yae1",0.922227684464496
"Nup153",0.921759112162801
"Zkscan4",0.921370807430307
"Ppm1d",0.920434823502439
"Mir3074",0.920121665928487
"Api5",0.919514551786379
"Alg13",0.919409221472138
"Svbp",0.919009531352633
"Cyp20a1",0.918963958366695
"Faap24",0.918923596589746
"Mmd",0.918364399786761
"Khdc4",0.917839518764582
"Msl3l2",0.917738896203153
"Yeats4",0.917220204345635
"Klrk1",0.91715127791771
"Slc27a3",0.915720821378948
"Dennd6a",0.915365441978309
"Psmb1",0.915357492503731
"Ttc28",0.914429939669947
"Wdr45",0.914239215111456
"Rbbp5",0.914088221380639
"Spmip8",0.913404982718563
"Stra6",0.91268141750695
"Psmd13",0.911462017461264
"Etv3",0.908802286708728
"Plek2",0.908194524863717
"Arhgap24",0.908172799966201
"Lrif1",0.907746665501681
"Zranb3",0.907365412544465
"Ehbp1l1",0.907085891595607
"Xylt2",0.90643371810606
"Ppil4",0.906355990708645
"LOC120100227",0.906291876552188
"Gatad2b",0.905794583996413
"Scml2",0.905284297631389
"Kctd5",0.905002349078212
"Krtcap2",0.904758894271805
"Nkg7",0.903783559250101
"Tie1",0.903777978602997
"Rpl37l1",0.901796962030241
"Ccnl2",0.901037184794335
"Rubcnl",0.900577667277354
"Alkbh1",0.898373846813605
"Ift46",0.897998052738365
"Znhit6",0.896955141899905
"Ubfd1",0.896208662088696
"Hmcn1",0.895976445376358
"Cngb1",0.895610576537644
"Zfp758",0.895587609776183
"Coro7",0.89500187875928
"Tgm1",0.894021618338589
"Arhgap8",0.893846200545442
"Lpcat4",0.893674403408708
"Vps33b",0.893058811319995
"Psmd10",0.892752577044353
"Rhoa",0.892424397618534
"Ube2q1",0.892265686460461
"Qsox2",0.892069701837953
"Rcn3",0.891123536329126
"Tssk6",0.889409628561561
"Rsbn1",0.887788827722109
"Cenpv",0.88760335828248
"Erbb2",0.887141248118746
"Zbed4",0.886494291999803
"Ctsh",0.886415266696536
"Rnf38",0.886180853465777
"Hoxc11",0.885946687300631
"Pot1",0.88519239030249
"Spcs3",0.883130327420832
"Pkn1",0.882483301980427
"Pgap2",0.880993741908157
"Eda2r",0.88079852697807
"Spred2",0.879883673680251
"Rpap1",0.879346708853591
"Gtpbp10",0.879217362842421
"Pcdhb2",0.878306241409553
"Bcl7c",0.877219316226953
"Mx1",0.876055399035422
"Bivm",0.875743791659358
"Ncbp2",0.875567525655756
"Id4",0.873630652619146
"Sap30bp",0.872928500047445
"Kctd6",0.872290568071466
"Shld2",0.872238152487779
"Kat14",0.871694306797103
"Entpd1",0.871620748837258
"Wrnip1",0.869881351826525
"Pigh",0.869584700360584
"Glis2",0.868240985495891
"Cars1",0.867632666635979
"Noc4l",0.867314315670862
"Ccdc190",0.866796572214484
"Ankrd44",0.865930342606723
"Rbm12b",0.865857240738361
"Hpx",0.865622366721996
"Ripk2",0.865243140819191
"Parp12",0.865179102425326
"Micb",0.864477706734113
"Mtmr11",0.864392941075519
"Dph7",0.863601454237787
"Tiprl",0.863568058578049
"Rab29",0.863523092932204
"Asb6",0.863338110283135
"Nap1l2",0.862696344399504
"Rnf125",0.861786404687272
"Iws1",0.86172666994738
"Cops3",0.861712884092035
"Tm7sf3",0.860016655233523
"Slc23a4",0.860001880838182
"Slc2a10",0.859889358144522
"Nnat",0.858787147878173
"Abcc4",0.858003311550883
"Ripor3",0.856601249509145
"Fzr1",0.855656593203279
"Sh3bgrl2",0.855270436536838
"Treml2",0.853936940298625
"Gtpbp2",0.853670296590212
"Sclt1",0.853518084169746
"Msantd4",0.853274299282886
"Lrrc10b",0.853159652649629
"Fbxo42",0.852304702146982
"Jade3",0.851871350431527
"Gramd2b",0.851814812350141
"Rnf44",0.851380060817672
"Tcp11l2",0.850290480786707
"Zbtb10",0.849004906526753
"Brme1",0.848739244184369
"Rwdd2b",0.847471816264002
"Ankrd28",0.846146639074158
"Mbip",0.845808777850828
"Ssh3",0.845338503430094
"C11h3orf38",0.844942655894704
"Itga2",0.844091805137084
"Zbtb22",0.8440025804916
"Errfi1",0.843646145581011
"Terf2",0.842642990537298
"Psmd7",0.842054461666327
"Cdc42se1",0.841457243329857
"C1h15orf40",0.837779896629322
"Stk11ip",0.836461562364716
"Vps29",0.836388498230566
"Ifi44",0.835355395767687
"Dipk2a",0.835330362089253
"Oasl2",0.834949633204495
"Gas8",0.83472816697881
"Inpp5k",0.833259694462273
"Nr1d2",0.832978586726326
"Gad1",0.832769826506223
"Lap3",0.831987710755445
"Csnk1d",0.831567403372097
"Samd11",0.831218616598186
"Pml",0.831080433416126
"Mia2",0.831069448396844
"Lipt2",0.829738808421725
"Grem2",0.829477102823644
"Sphkap",0.829316707426681
"Prpf19",0.828653681569081
"Inpp5f",0.828586355076004
"Wdsub1",0.828215389199545
"Edc3",0.8280359236234
"Mettl24",0.827856951586448
"Vps36",0.827425769286923
"Il12rb1",0.827306573884539
"Clec1a",0.82729528203674
"Socs6",0.827255984618522
"Rnf138",0.82668030130715
"Prrx2",0.82554720463022
"Cdh22",0.825066445895257
"Kdm5a",0.824940587819535
"Kars1",0.824230048671725
"Zfp157",0.823242047594536
"Prr3",0.822708382353159
"Ppp1r37",0.822528416880259
"Ppox",0.820313440623755
"Riox2",0.820263580654147
"Dcun1d1",0.819007830916694
"Ror1",0.818916809009939
"Krt79",0.817626503208239
"Vps37a",0.817102647856527
"Nemp2",0.816822359480655
"Hexim2",0.816411605968573
"Zdhhc4",0.815799273709577
"Ldah",0.815797474769297
"Rnmt",0.815632530795342
"Zup1",0.815017595407161
"Fam241a",0.814584316090257
"Fundc1",0.814399942780742
"Fip1l1",0.814356988089317
"Tubb3",0.813826500344539
"Cers6",0.813600961034805
"Noct",0.812103675441117
"Znf48",0.811863610890468
"Pls1",0.810417391183847
"Arf2",0.808055689183077
"Abhd15",0.807290464557954
"Dnttip2",0.804672659416465
"B4galt5",0.804291738139203
"Marchf9",0.803481001526748
"Zscan18",0.803115255244595
"Washc4",0.801994597402899
"Yy1",0.801994508438416
"Cfap119",0.801783696634582
"Xpr1",0.801757251655966
"Tmem185a",0.801010476680501
"Maml2",0.800082906726686
"Bambi",0.79996799659319
"Traf3ip1",0.799898997218026
"Piga",0.798880898201807
"Nphp4",0.79643834557373
"Rsbn1l",0.79638666350685
"Myo9b",0.795840659712479
"Cox7a2l",0.795807486194601
"Sel1l",0.795563759580159
"Efl1",0.794392710525401
"Rab24",0.792036724713527
"Spata7",0.791650113217763
"Mta1",0.791436660748412
"Actn1",0.791359118384274
"Ddi2",0.790923163354543
"Ccdc12",0.790461974774555
"Elob",0.789564303356925
"Zc3h10",0.78914550071437
"Ackr4",0.788202309317109
"Arhgap33",0.787766558147846
"Lrch4",0.78761498333306
"Snord89",0.787482926662967
"Klhdc2",0.78605700936037
"Vps51",0.78590156148568
"Frmd5",0.785437865038639
"Mkrn3",0.785368986137315
"Exosc10",0.785000605692212
"LOC120093944",0.784821920581787
"Fbxo4",0.78373633311096
"Snapin",0.783209523194518
"Pdcd10",0.7831720693804
"Dlk1",0.781324368813137
"Pja1",0.77919361247532
"Enkd1",0.778994982392221
"Arhgef25",0.778907708644042
"Sos2",0.778118233759059
"Hs6st2",0.777942415878284
"Scarb2",0.777732380306624
"Nudt14",0.77650763316069
"Bahcc1",0.776015223900268
"Zfp748-ps1",0.775802308187207
"Ttll1",0.775667989787421
"Smug1",0.775600118434067
"Sdc2",0.772485262375417
"Ufm1",0.772194746233847
"Zfp715",0.770274454132857
"Smim15",0.770075799319573
"Hsc70-ps2",0.77006828979467
"Nedd8",0.769961879571273
"Eny2",0.769934698677106
"Eid1",0.769058141040296
"Abhd11",0.768346220929521
"Nlrp1a",0.768189822090338
"Vav3",0.767773917562735
"Ankdd1a",0.767215913693132
"Arglu1",0.766401497273096
"Pik3ap1",0.765529251936688
"Gpsm1",0.765507924323685
"Pex2",0.765246798244049
"Acadl",0.76464033546113
"Mtarc1",0.763179966316758
"Ewsr1",0.762266668489951
"Pigk",0.761259670700485
"Rwdd2a",0.759955955093312
"Gnal",0.759868087194189
"Actr10",0.759140392379636
"Pla2g2d",0.758616551673753
"Zbtb11",0.75693609443745
"Dut",0.756753098735398
"Trim13",0.756174019436462
"Tmem177",0.755683388001465
"Rnf168",0.754612748375716
"Mbtps1",0.75310186853539
"Fbxo44",0.752842127737934
"Dhx8",0.752836846179223
"Ngdn",0.752744481727496
"Zfp386",0.752046933954906
"Rtf1",0.751984317292218
"Fam98c",0.750416558833876
"Actr5",0.75012632739856
"Cep162",0.749773913673688
"Impa1",0.748495907725499
"Vwa1",0.747986136540711
"Zfp800",0.747649042038452
"Lats1",0.746536267163358
"Stk3",0.744212670069283
"Cep131",0.743341716541745
"Coasy",0.74253116472074
"Pcsk2",0.741898340060386
"Zfp28",0.74146886321832
"Cdkn2aip",0.741016887869048
"Mnat1",0.740165856805657
"Tmod1",0.738915702707053
"Gspt2",0.738678196240207
"Sem1",0.737865805554976
"Cfap184",0.737671301395316
"Tmed1",0.737365637907428
"Rab5c",0.736743729994638
"Nck1",0.736137175788653
"Taf9",0.736072788022282
"Ces2b",0.735194015698613
"Ppp6c",0.735151802328681
"Plbd2",0.734600553767633
"Eif2d",0.733743744416678
"Id2",0.733474569386204
"Lrrfip2",0.732352040973073
"Ormdl3",0.730824005529658
"Rps6kb1",0.730707266062995
"Egln3",0.730097008571026
"Pcm1",0.730080419420953
"Zfp275",0.730034635677653
"Rpl23al1",0.729977826791566
"Acox3",0.728267595735483
"Gfpt2",0.728011240076041
"Ccdc174",0.727924891094206
"Pals2",0.727685856662575
"Rnase4",0.727570524687566
"Gpatch4",0.727520592726512
"Usp40",0.727429878132115
"Irf3",0.725170917385229
"Treml1",0.724952608606601
"Map3k12",0.723666873154195
"Tnks1bp1",0.723105508143019
"Jmjd1c",0.721663592662305
"Chmp4b",0.721625663224934
"Tor3a",0.721306416927335
"Brap",0.72065780895073
"Tut7",0.71944455162969
"Pfdn5",0.719150513903705
"Gde1",0.718761320334732
"Zfp239l1",0.718606960540179
"Glt8d2",0.717428473038887
"Trmt6",0.716715037191638
"Adcy4",0.715909833899273
"Banp",0.7158858231238
"Rps21",0.715846576103645
"Ipo4",0.715498842222916
"Cd72",0.713989793300081
"Tsen15",0.712868777177041
"Atp6v1a",0.712859573319801
"Rpl36al1",0.712463130098039
"Snrnp70",0.711819108709044
"Kat2a",0.711668044370805
"Alg9",0.711028725574907
"P2rx7",0.710195709476311
"LOC120102832",0.709652331013765
"Qtrt1",0.708526824575471
"Ptrhd1",0.708436949852135
"Mfsd5",0.707694720811461
"Itpka",0.70661889577443
"Sbf1",0.706048762324646
"Gemin2",0.70586044377105
"Tcn2",0.703949382002599
"Dcp1b",0.703913478238421
"Vps50",0.703854201263686
"Vcam1",0.703392094045267
"Znrf4",0.702470215045041
"Irgm",0.702412238220485
"2700097O09Rikl",0.702354833675533
"Daxx",0.702073226223344
"Snrnp200",0.70154416182889
"Slc37a3",0.70083331392976
"Nbn",0.700826266918872
"Thumpd2",0.700816304275028
"Nop16",0.698921886784125
"Gclc",0.698127949501046
"Ccdc39",0.697264099773208
"Efna1",0.697179741698931
"Il33",0.696605029779453
"Kcp",0.696390303139963
"Zfp592",0.695291842214379
"Gigyf2",0.695159180925701
"Elovl4",0.69509835696717
"Cabin1",0.694161200576508
"Psma2",0.692944668952891
"Cd7",0.692610811295671
"Slc6a11",0.692472767269087
"Homer1",0.691447072619667
"Rpl31l15",0.691247080595779
"Nt5dc1",0.691218245415228
"Klra2",0.690809590412366
"Rbm26",0.690771245525424
"Armc2",0.690705229246747
"Ift56",0.690444579013289
"Megf6",0.6903331060515
"Xrcc1",0.689759672024398
"St6galnac4",0.689044725600653
"Coq8b",0.687681225444938
"Yars2",0.686201213012415
"Rpa1",0.685836049222934
"Rasgrp1",0.684556066822051
"LOC103692519",0.684508992015899
"Rock1",0.683963646653859
"Ctrl",0.683758749602687
"Trex1",0.68364769788217
"Slu7",0.683419558898831
"RT1-N3",0.681342544692862
"Mfsd14b",0.681028241917346
"Hap1",0.680762141566692
"Akirin1",0.680719506735949
"Wasf3",0.678107075254388
"Rfxank",0.677479250433711
"Prp2l1",0.676796839473144
"Itgae",0.676167389646973
"Tnfaip1",0.675616189697304
"Ykt6",0.674960426027883
"Ggnbp1",0.674298222051758
"Psmd3",0.673967790113194
"Zdhhc15",0.672731510425252
"Manea",0.671596920133158
"Rreb1",0.671245106621677
"Atn1",0.671160057231531
"Ifih1",0.670633251094992
"Frk",0.66879431916452
"Fam89b",0.668131351767745
"Ppp1r12a",0.667796258755451
"Rnf216",0.667430413662787
"Mcrs1",0.667155103489365
"Cd3e",0.665955229585046
"Ccn1",0.665600990323402
"Dcaf12",0.665047224681819
"Apbb3",0.664808418720593
"Zc3h3",0.664662570776551
"Zfp426",0.66436537919717
"Vapa",0.663759785601324
"Dnd1",0.663436137238686
"Slc26a2",0.662175971192466
"Mtmr12",0.661648888837973
"Zfp637",0.660807385621497
"Polr1c",0.659327468147718
"Pip5k1c",0.659133386288793
"Chmp7",0.659083791393499
"Nrros",0.656117635826824
"Rps12l1",0.655662766091117
"Galnt12",0.655163484130794
"Fgfrl1",0.654539474624961
"Znrd2",0.654468265928514
"Kdm2a",0.653331927880518
"Tgds",0.651447852764903
"Col13a1",0.651406751965346
"Cxadr",0.651356728725695
"Cd3d",0.651172625843355
"Cep85",0.650805099456607
"Dux4",0.650602790786071
"Zfp62",0.648319726302558
"Hmgn5",0.648145576661098
"S1pr3",0.645697042268681
"C1h11orf58",0.645048295410492
"Pck2",0.645009641499843
"Senp3",0.644945958335755
"Ddx50",0.644673879179454
"Jtb",0.64439142293236
"Gpatch1",0.644042779113692
"Eef1akmt4",0.643998273306045
"Blmh",0.643879700866519
"Fbl",0.642894301700485
"Hnrnpul2",0.641963554044412
"Mmp23",0.641890695830195
"Ankmy1",0.64182938229144
"Erich1",0.641136350494989
"LOC120103239",0.639849274572607
"Zc3hav1l",0.63960628860275
"Slc47a1",0.638397768616125
"C17h6orf52",0.637941101855849
"Snord72",0.63632851030357
"Gprasp2",0.635873843798476
"Tspan15",0.635006511441955
"Sec22b",0.634532515732561
"Bri3",0.632514214260914
"Gtf3c5",0.632225141425759
"Grwd1",0.632185816674016
"Gask1b",0.631768970117999
"Trip4",0.62912728168695
"Psmb4",0.62769497461979
"Pigf",0.627663099386278
"Timm13",0.627353866799199
"Bbs9",0.626781660617821
"Nup42",0.626507248803325
"Arhgef6",0.624733242325092
"Gstm1",0.624274331852059
"Prmt1l1",0.624194914975088
"Myo5b",0.624000983635148
"Crybg1",0.623243994484824
"Ccdc30",0.622671844505019
"Usp33",0.622084579763615
"Akap7",0.620393434004274
"Tmem68",0.619641067393637
"Gjb5",0.619340138398216
"Zfp692",0.619239981623416
"App",0.618770235248642
"Ppp1r3b",0.618369001329587
"Prdm16",0.617400011397388
"Mios",0.617389009313895
"Rbm41",0.616209712879872
"Maged1",0.615622727058757
"Rfng",0.615612336236119
"Zfp653",0.615143857702775
"Tufm",0.614221426335493
"Tsn",0.613274997393061
"Thrap3",0.613079531234278
"Rwdd1",0.612529604416994
"Ggnbp2",0.612441580816619
"Sp1",0.612254320289392
"Setd2",0.612231963609791
"Hapstr1",0.611328050324424
"Syndig1",0.610744843269619
"Gtpbp3",0.610176756469306
"Mterf4",0.609985693303232
"Snord28b",0.609323305899652
"Zfp111",0.608289767455826
"Dync1li2",0.60742409647478
"Adck5",0.607217906210487
"Tuft1",0.607080642228714
"Fam161a",0.60667009450818
"Afg2a",0.606260411023501
"Irx3",0.606086208468119
"Rel",0.605888603179948
"Spout1",0.60497949172307
"Kmt2b",0.60438409480415
"Dhx36",0.604271980794856
"Mkln1",0.603617474015039
"Rnf40",0.602901730938205
"Dus4l",0.602430757574919
"Exog",0.601498686060666
"Nfyb",0.600251427160807
"Grk3",0.599627031360777
"Kctd17",0.598230715091674
"Ube2e1",0.596908333226998
"Pus3",0.596363100982249
"Orc4",0.596298427532348
"Fahd1",0.595815729639822
"Htt",0.593435068843716
"Lnx1",0.592689090395454
"Ints6l",0.591790199199919
"Vps37d",0.59146753509882
"Tpra1",0.590439620310367
"Nup160",0.590136385685954
"Rnf4",0.589647351001002
"Setdb1",0.588849127555474
"Zscan21",0.588794218265778
"Ybey",0.588783761462538
"Chpf2",0.588511639763919
"Kdm5c",0.586947266588366
"Adck1",0.585236272520789
"Lrrc49",0.584599693607138
"Nfe2l2",0.584327853717855
"Syvn1",0.583039579299822
"Kif3b",0.58138354067085
"Dgat1",0.581112082728636
"Dock4",0.579777095294726
"Krit1",0.577843108430984
"Susd5",0.577275760674054
"Chchd7",0.57642330484075
"Ildr2",0.576307058886266
"Polr3e",0.575022515320704
"Tafazzin",0.574841008974192
"Dnajc11",0.574519386031251
"Zmynd15",0.573961547862202
"Klf3",0.571962911932052
"Brpf3",0.571257350719142
"Impact",0.570180330912601
"Txlng",0.569338396639236
"Stxbp6",0.567445865938855
"Marveld2",0.56713639906662
"Lrg1",0.567062783816892
"Atp5if1",0.56652021317151
"Ager",0.565792562626186
"Hmgcs2",0.565533694349815
"Zfp623",0.565265786021905
"Ddx28",0.564957949937294
"Azin2",0.564109328039296
"Slc25a14",0.563664665110855
"Kcnip3",0.563174184854105
"Steap4",0.56257813832362
"Rbm34",0.560935991078369
"Rad1",0.560176716614519
"Usp7",0.560025569517607
"Fam98a",0.559407544193486
"Mrtfa",0.558982007596013
"Mrps26",0.55870446690446
"Hyal2",0.558650575042791
"Pigb",0.5584477272004
"Prkar2b",0.557967352585111
"Unc50",0.557440535138553
"Ppie",0.555643545856841
"Bzw1",0.553250086054457
"Col1a2",0.553229964665903
"Snora12",0.553063300087564
"Pum1",0.552925730617736
"Boc",0.552921612480875
"Tmem209",0.55282021405123
"Tmem135",0.552260197540146
"Slc20a1",0.551863869531668
"Mtif2",0.551034284700326
"Ltbr",0.550913677425475
"Slfn1",0.549444388980193
"Sart3",0.547896418225156
"Cwf19l1",0.547882646175714
"Ptger1",0.546836646538718
"Misp3",0.54671396540076
"R3hdm1",0.5466514616501
"Il1b",0.546634702118691
"Naprt",0.546441890929245
"Haghl",0.546432433397561
"Cdkal1",0.545360449882372
"Gtf2ird2",0.544774213266643
"Gpank1",0.544389836464728
"Slc30a6",0.54320757157002
"Cmtr1",0.54311654631876
"Trmt44",0.540741439669349
"Zfp68",0.540516176093211
"Slc6a6",0.538732819266
"Zranb2",0.537364219096481
"Reps1",0.537343913246284
"Adnp2",0.536750362937823
"Nfrkb",0.536731055316468
"Snord49a",0.536314731197789
"Sh3yl1",0.536116596329305
"Phf20l1",0.535407216812448
"Ankrd26",0.534366356828579
"Mrpl47",0.533651312330168
"Rps18l1",0.532328111646593
"Wdr33",0.529336551168169
"Aurkc",0.527753574798406
"Dlx2",0.525479391700424
"Morc2",0.525260633103077
"Stk11",0.523422325296145
"Fkbpl",0.523362004256856
"Ppp2r3c",0.522990025957801
"Rbfox2",0.522663442332409
"Ptges3l1",0.521529232659159
"Fam114a2",0.521043698989202
"Cpsf6",0.520215024132989
"Sh3d21",0.519349171024309
"Supt3h",0.5177182360013
"Eef1akmt1",0.515670128395297
"Wdr83",0.515666100101643
"Rsph3",0.515625912737747
"Lonp2",0.515461907224919
"Zfp628",0.514874782959307
"Fxr1",0.513391340205626
"Ints4",0.513043996874142
"B4galt2",0.511913048966925
"Smad5",0.511356778487501
"Ap2a1",0.510786753748627
"Klrg2",0.510566696471352
"Zfp280c",0.508028951816388
"St18",0.507865226451554
"Zmat5",0.507165115647453
"Ankrd52",0.506962678737585
"Ryk",0.506613168557228
"Marchf7",0.506563002302385
"Psma7",0.505600192417858
"Cad",0.503771117736847
"Dnase1l1",0.503128357483352
"Cbll1",0.502159360232381
"Ino80e",0.501202697735049
"Zfp688",0.500564155381091
"Zdhhc18",0.499904916123588
"Sec24c",0.498932096521276
"Psmg4",0.498533351576461
"Mslnl",0.497484549391877
"Lancl2",0.4970998358951
"Zfp719",0.496893674228934
"Mindy3",0.49676035476985
"Epb41l1",0.496434732933752
"Zfp496",0.496169545863899
"Ruvbl2",0.495211451067198
"Igsf11",0.495191312309146
"Mms19",0.494512315220304
"Cdk19",0.492395957838023
"Adat1",0.491810193035661
"Nae1",0.491143786926736
"Ap5s1",0.490046652342334
"Odad1",0.489540980699972
"Slc9a5",0.489052696173204
"Ahcyl1",0.488014507012101
"Ggta1",0.487982731493702
"Relb",0.487978971659435
"Ube2j1",0.487748090065685
"Tomm70",0.487682306962897
"Zfand1",0.487310944645584
"Zfp184",0.48715306947629
"Zfp346",0.486954475640371
"Ipo5",0.486391342821279
"Vezt",0.485912927864884
"C5h8orf89",0.485483839134892
"Arid3a",0.484894166932137
"Zfp472",0.484750851945266
"Dnajb12",0.484137459070462
"Mrpl10",0.483985641983876
"Pias3",0.483388633987255
"Myrf",0.482517969909972
"Pih1d1",0.482473507580169
"Fbxo15",0.482093831706788
"Calhm4",0.481895156815484
"Dstn",0.481678634947939
"Poglut2",0.481304448829777
"Uck1",0.48109296620007
"Snora6",0.479651612919022
"Tfpi2",0.477041791800882
"Nqo2",0.476249840683608
"Acap1",0.475879290099593
"Ccdc122",0.473945962347162
"Rab10",0.473886499462651
"Lysmd2",0.473847156158054
"Prrx1",0.473818381013262
"Ssr2",0.472612367993897
"Rmi1",0.471567797383095
"Cln5",0.471461471204223
"Tp53bp1",0.471272053808436
"Txnl4b",0.470275527474414
"Tcaf1",0.470033998004526
"Slc25a32",0.469964941260001
"Mydgf",0.469440869296726
"Tmem87b",0.468240378592755
"Alg14",0.467997199024112
"Zfp764l1",0.466214561616775
"Xpa",0.464639931199894
"Hgs",0.463617330034902
"Gnpnat1",0.463610201003924
"Kcns3",0.463252956904331
"Cdc37",0.462714903804982
"N6amt1",0.462214872898179
"Zmym4",0.461771644230505
"Hdac10",0.461031974449358
"Ap4b1",0.459594230426958
"Kctd19",0.458624884206673
"Dmac2",0.457819103806651
"Cep126",0.45711995485124
"Acot5-ps1",0.45701573430253
"Mlst8",0.456984664716263
"Akr7a3",0.456428856472543
"Capn12",0.45612513004875
"Ccr7",0.455871218115726
"Sms",0.455729249585245
"Rpusd1",0.455029348891281
"Gspt1",0.454956064275158
"Agk",0.454872971881995
"Aplf",0.454700925322399
"Prmt7",0.453562395840493
"Nme6",0.453457604508751
"Cyb561d1",0.451989480003726
"Eppin",0.450626672351897
"Rpgrip1l",0.449827830429008
"Pcbd1",0.449163380954486
"Zfp709",0.448941717609516
"Brcc3",0.448338914208956
"Dync2h1",0.448007748257035
"Ankrd37",0.447662996103579
"Inppl1",0.447314091568402
"Aph1b",0.446964393293998
"St8sia4",0.445102037568311
"Slc46a1",0.444762084325548
"Psmd12",0.44422529793251
"Vars2",0.442093503244547
"Nrp1",0.441928802717864
"Loxl2",0.44165881352019
"Mrm2",0.440945443387759
"Srpk1",0.440246588136932
"Usp10",0.440215455473142
"Bag2",0.439049407638765
"Vps13c",0.43865297459872
"Heca",0.437605444714796
"Grhl3",0.437304474918087
"Tnfrsf26",0.433840831798774
"Alpk1",0.432601994965474
"St7l",0.432114471118884
"Chtop",0.43171634397724
"Bmyc",0.431479338478402
"Safb2",0.431361807452024
"Mks1",0.430968131796304
"Pgrmc2",0.430425761139529
"Kpna3",0.429392454824873
"LOC134478825",0.429323057085974
"Rrp7a",0.429247177986707
"Dcaf5",0.427847448739198
"Ccdc14",0.427762683245025
"Srpk2",0.4260337226075
"Nr4a3",0.425926442839651
"Pigs",0.425834906811152
"Rfx7",0.424002356549149
"Mcmdc2",0.423923892843471
"Lrrc41",0.423594019998536
"Sprtn",0.423385126028083
"Nup214",0.423358071938971
"Trap1",0.423315074539695
"Ak2",0.422762610666109
"Mtcl1",0.422302451747162
"Rpl30l2",0.421675548273752
"Fbrs",0.421017226333096
"Dhx38",0.420734743155462
"Usp35",0.420557913125543
"Tom1l1",0.420172020892703
"Fbn2",0.420097034847098
"Hccs",0.419668049752063
"Sulf1",0.418666906093843
"Ppp3cc",0.41703170798286
"Rac1",0.416844605102434
"Lrrc46",0.416388092319973
"Entrep3",0.415040721993591
"Arfgap3",0.41468189724716
"Kdm5b",0.414560454240331
"Cdk18",0.414101921160229
"Cd300e",0.414053938825742
"Zc4h2",0.413472741876043
"Abraxas2",0.413249601448631
"Mrpl37",0.411030121342416
"Ptpa",0.410707475308667
"Ermard",0.410344354860633
"Pitpnm3",0.410277675648309
"Nptx2",0.410199582271803
"Naxd",0.407812698206954
"Zfp644",0.407731413245733
"Tmem223",0.407326240078619
"Tmem268",0.407110263910865
"Parp8",0.406479414817909
"Ist1",0.405128939123249
"Skp1",0.404878832971238
"Bcap31",0.404637587717589
"Mcts1",0.404424821302969
"Faap100",0.402845744512003
"Zpr1",0.402436044979567
"Rpl27al7",0.402365188685546
"Heg1",0.402136156059376
"Mipol1",0.401753578209375
"Cnpy3",0.401080599575979
"Nol7",0.400639782632934
"Dctn2",0.40063849001712
"Otud3",0.399340925002595
"Sufu",0.399100997009894
"Commd7",0.397876646903579
"Mbnl2",0.397554921650824
"Cox19",0.39738269583942
"Hm13",0.396596789065733
"Mir7-1",0.395032167340715
"Kyat1",0.394915464389935
"Tmem248",0.394616553849221
"Xpnpep3",0.391990816443716
"Commd6",0.391763654062283
"Ptgr1",0.391725457011246
"Mdn1",0.391123735992544
"Slc16a6",0.39043076270155
"Id3",0.390012522434091
"Cdc73",0.388186849164459
"Map3k5",0.386389219108804
"Hk2",0.386387208436275
"Dclre1a",0.385678295647617
"Cnn3",0.385639608331699
"Ckap5",0.385639514657852
"Slc35c2",0.384172941607713
"Homer3",0.383697525029332
"Pcbp3",0.383486982576145
"Gtf2h1",0.383454716827175
"Hycc1",0.381507842886196
"Mcoln1",0.380944009463825
"Nat9",0.380667671296127
"S100pbp",0.380524179837772
"Fbn1",0.380499279725745
"Tp53bp2",0.380186472454253
"Albfm1",0.379867479912217
"Phox2a",0.37946313934387
"Metap2-ps1",0.378683887901256
"Slc35b4",0.378618500016553
"Oxsr1",0.378554274907555
"Setd1a",0.375708761966098
"Babam1",0.374983861109849
"Lamtor5",0.37497522671722
"Asns",0.374434252192461
"Madcam1",0.374205460163816
"Psmd6",0.373258458604544
"Flot1",0.372733939508922
"Gpkow",0.372590854595391
"Add3",0.372225480251704
"Fars2",0.371410876571141
"Sik2",0.371064154946897
"Pakap",0.370175342725761
"Nnmt",0.369300142212157
"Ciao1",0.368763829058328
"Tmx3",0.36870887073074
"Stk16",0.368541406610415
"Tent5a",0.367115194988218
"Plk5",0.367093690647903
"LOC102554450",0.366968342484616
"Or51e1",0.366665210714553
"Enpp3",0.365910182600776
"Cptp",0.3656525131751
"Tshz3",0.365651876287482
"Pdk1",0.365297998225937
"Ccdc112",0.364832200929764
"Zfp956",0.364803417243068
"Myo6",0.363269657684282
"Panx2",0.362559655292757
"Zbtb49",0.36254497031677
"Rab34",0.362292760134375
"LOC100362366",0.360607932192006
"Zfp518b",0.360315245403357
"Ptpra",0.360045451342426
"Ahsa1",0.359260431400078
"Rbm8a",0.35920181266295
"Creb1",0.358090918109428
"Map3k1",0.357915300892145
"Phka2",0.357056658924656
"Hes1",0.355530586285857
"Ercc1",0.354836800639585
"Whamm",0.354505448232441
"LOC120096111",0.354005871825382
"Daglb",0.352677278739668
"Syt9",0.352162395188976
"Dus1l",0.352054020698845
"Oas1a",0.351705884122214
"Rnf146",0.350741629930827
"Ch25h",0.350502546101175
"Nfatc2",0.348573698323689
"Emc4",0.348219113110597
"Plekhm1",0.347839434591153
"Aup1",0.346816933924911
"Rrp12",0.346420838891879
"Bola2",0.345947275534897
"Cdyl2",0.345508287033954
"Naa30",0.344913080368277
"Ergic3",0.344610791343394
"Dusp8",0.344144134729396
"Myb",0.342097775030806
"Kics2",0.3420306492794
"Bbln",0.341887291650321
"C17h6orf62",0.341769891226311
"Nr2f6",0.341306870592886
"Sh2d3c",0.341104336148681
"Pmaip1",0.340863362050948
"Rab11fip1",0.340766542407259
"Spsb4",0.338264006412994
"Smg8",0.337569845237127
"Cisd2",0.337474720745178
"Mrpl22",0.3365717365082
"Sav1",0.335091575393669
"Ncl-ps1",0.33478225473764
"Cimip5",0.334709278281971
"Zfp763",0.334017675745951
"Foxp3",0.331647950098372
"Cpne2",0.331334891264774
"Star",0.330843426701644
"Gmds",0.330192980298417
"Rock2",0.329808864161902
"Ccnk",0.329097178457202
"Zfp52",0.32907519806941
"Chrdl2",0.327820960866579
"Sostdc1",0.327636225485926
"Dkk4",0.325952616609462
"Gorab",0.325876539060956
"Ccdc102a",0.325691877934315
"Vps37c",0.324903169146381
"Hp1bp3",0.324642391673985
"C1qtnf6",0.324113155499675
"Adcyap1r1",0.323758725711012
"Tmem220",0.321823717835008
"Maco1",0.32052549876961
"Spryd4",0.320482460569054
"Gal3st4",0.320112271910389
"Gch1",0.319899141187649
"Mars1",0.31957884118252
"Nemp1",0.31816275907368
"Zfp641",0.317117093593537
"Adamts15",0.315444668002912
"Arid1b",0.315430110315782
"C18h18orf21",0.314231334964707
"Sntg1",0.313733050432602
"Pgrmc1",0.312422003116102
"Ebf4",0.311839440657434
"Agbl5",0.311206199943003
"Zfr",0.310748404676298
"Plcg2",0.310614696764309
"Atp11c",0.310400747154899
"Usp4",0.309614913673972
"Eif5",0.30899706273025
"Prdm10",0.308595129058766
"Osbpl8",0.307700546345362
"Parp10",0.307678366902269
"Kansl1",0.307294313986912
"Tax1bp1",0.306996418959865
"Gjb2",0.306819738139335
"Zbtb9",0.306375671416575
"Bbs4",0.305687673420007
"Wdr59",0.30439832429427
"Zfp266",0.303849977770163
"Cbx1",0.303848320416471
"Zfp160",0.303670315765227
"Luzp1",0.303576860595559
"Il6st",0.301741810769262
"Dpp9",0.30147264169225
"Adgrg1",0.300334131414429
"Zgrf1",0.297219591838908
"LOC120102633",0.296974144184264
"Samtor",0.296310692615923
"Fam234b",0.295707083232818
"Fam78a",0.294941391438794
"Cnot2",0.294526291854678
"C4h2orf42",0.294448489623162
"Slc43a3",0.293042032675542
"Prkd2",0.292968159352127
"Trmo",0.292368432590425
"Scaf11",0.291726616059897
"Lman1",0.290851230065771
"Ddx51",0.290214107227664
"Hdlbp",0.289954169611833
"Tec",0.289768186925745
"St6galnac2",0.289385901483184
"Slc38a10",0.287620035673784
"Dctn3",0.28744941797359
"Tsr1",0.287374906415705
"Pofut1",0.286470959196956
"Zdhhc20",0.285636602211331
"Zfp827",0.285437907789287
"Blzf1",0.284677256158346
"Mtmr6",0.284421754695756
"Zfp746",0.283744953095185
"Ggt5",0.283237562418688
"Flrt2",0.282430617766881
"Fgd1",0.282302852014338
"Ifrd1",0.280341603996402
"Zfp511",0.279586131184615
"Lmbr1",0.279473124085671
"Acad8",0.277967904626865
"Rbbp9",0.277437344953429
"Zcchc9",0.276848848651507
"Zcchc10",0.276140281618932
"Pcdhb22",0.274667639461873
"Adck2",0.273836569169495
"Gpr173",0.272034169661396
"9530082P21Rikl",0.271049330535066
"Cmss1",0.270159880337842
"Zc3hav1",0.269394541213478
"Fstl3",0.268912817871402
"Adpgk",0.268826034523609
"Scrn2",0.268106042425178
"Ptms",0.266898292771367
"Phf6",0.266726949457649
"Dipk1a",0.265321397272763
"Ap4e1",0.264752307170335
"Chrnb2",0.264351827904126
"Cmtr2",0.264127768972351
"Tbck",0.264018794065001
"Fignl2",0.263858881566533
"C20h6orf89",0.26229352243297
"N4bp2",0.260782251817979
"Scaf1",0.260772188879497
"Ccl27",0.260053751168321
"Tp53rka",0.259898019996057
"Ltn1",0.259182471526267
"Ppp2r5a",0.258429292349822
"Kansl2",0.258230426416004
"Eif5b",0.257689746804208
"Pgm2l1",0.256805677511613
"Dctn5",0.256525507552537
"Fhip2a",0.256348844264269
"Sez6l2",0.256256474722393
"Nxpe2",0.256017766320262
"Arhgef33",0.25598967259672
"Prdm15",0.255809270893204
"Gtf3c2",0.255718413512897
"Lsm11",0.25552878532726
"Peli1",0.255359498852377
"Adat2",0.254971208531869
"Hsd17b3",0.25429175176608
"Spr",0.254022814335439
"Oas2",0.253719813320833
"Mrps18b",0.25349057164509
"Dedd",0.253463757546503
"Zfp84",0.252969683189464
"Cog2",0.251843587743874
"Atp10a",0.251840610707104
"Cep44",0.251242756772424
"Chd8",0.250818898445704
"Fdx2",0.25059342485347
"Arl1",0.248737748079054
"Tomm20",0.24845138992927
"Pgpep1",0.248387896699841
"Zscan22",0.247345183786251
"Dph5",0.246124639667571
"Cers5",0.245469371497619
"Rrp8",0.24451802342053
"C1qtnf2",0.244158231700249
"Limd1",0.243308906706519
"Exosc3",0.242188732869766
"Triqk",0.24189312069636
"Xpo5",0.240672557578714
"Camkk2",0.240505264125854
"Yaf2",0.239052639989978
"Atg14",0.23896838769941
"Nprl3",0.238813012484367
"Otud7b",0.237678250683838
"Mtmr1",0.237596081490319
"C5h1orf174",0.23730400808721
"Crocc",0.237124784851015
"Septin4",0.236666119015874
"Sfxn1",0.236478936255042
"Atp6ap2",0.236083898902984
"Gsta6",0.23588586365425
"Wrn",0.23588478859805
"Zcrb1",0.234176344923491
"Aar2",0.231242675087069
"Tlk1",0.231053246384377
"Fancl",0.231033909862094
"Edn3",0.230363145072043
"Samd4a",0.229520269283578
"Zfp41",0.228283157673705
"Arln",0.227332802555172
"Nup210l",0.226093173830479
"Prpf3",0.225654364257884
"Mrps2",0.223900165789729
"Pot1b",0.223670477276582
"RT1-M6-2",0.222733818897579
"Ppil2",0.22262177656328
"Uchl5",0.222289394977754
"Scnm1",0.222118227549047
"Lgr4",0.220739521679604
"Mindy4",0.220564572640312
"Traf3ip2",0.220083475913927
"Med26",0.219337289601499
"Capn15",0.21923305568612
"Atp2a2",0.218424803421469
"Polr3b",0.217338447900156
"Zfp212",0.215150538411467
"Bcl11b",0.214447494283605
"Zfp667",0.214361141670548
"Tkfc",0.213004709711711
"Mettl13",0.212705641975479
"Dlg1",0.212238164421065
"C7h22orf23",0.211681551589629
"Nek3",0.211322564525279
"Exosc4",0.211087727231597
"Wnk1",0.21031994601232
"Mrc2",0.210185453748188
"Grsf1",0.210046496957832
"Lrrc73",0.20980845765839
"Eefsec",0.209795227862424
"Twist1",0.2097427296481
"Mreg",0.209697607395267
"Lzts1",0.209554176247225
"Lims1",0.209504687233632
"Gpr4",0.209041404173055
"Osbpl7",0.208987385629923
"Tslp",0.208917394842701
"Fbxw9",0.2086297933032
"Rpp30",0.208238388086318
"Dhx34",0.207431788261025
"Mettl4",0.207103147391697
"Poli",0.205926014138598
"Gja4",0.205381971881044
"Pcdhb10",0.204480406383521
"Pls3",0.20407895751403
"Dnajc3",0.203337808316567
"Mapda",0.203217302393037
"Eef2kmt",0.202491539549819
"Flywch2",0.201761295710364
"Tmem131",0.201756045529363
"Trpm1",0.201345555070477
"Zfyve26",0.201052651151313
"Exoc3l2",0.198349876676573
"Eif4ebp3",0.197595800406567
"Mtnap1",0.197488317444888
"Pars2",0.197419833099841
"Sdccag8",0.196956270976577
"Amn1",0.196731132006875
"Eif2ak4",0.196150472609333
"Mybbp1a",0.195646271010526
"Snap47",0.195599603496088
"Ppidl1",0.19555206799872
"Mpi",0.195345076390478
"Tob2",0.194785146575697
"Fastkd1",0.192675225802498
"Tnfsf8",0.192294685538668
"Polr1b",0.191094493439025
"Cyp3a9",0.190102879949902
"Whr1",0.190090451605704
"Snu13",0.188934260857166
"Vps4b",0.188697412059547
"Gpn1",0.187928152938175
"Tarbp2",0.187328697321
"Smarca1",0.18565309851833
"Pdf",0.185303660121085
"Mrpl17",0.184326578743927
"Agap3",0.18395570388662
"LOC100362384",0.183313632507715
"Luc7l2",0.183112742423453
"Zzz3",0.18279662123694
"Zc2hc1a",0.182572168620268
"Rabepk",0.182470178890525
"Dnm1",0.181554128636537
"Nme3",0.180459085432045
"R3hcc1l",0.179701185378601
"Mycbpap",0.179169439874162
"Smim7",0.17833299187758
"Gnat2",0.17813471787583
"Zfp945",0.177244704745219
"Pcdh9",0.176435693614117
"Arhgap10",0.176306410367317
"Nme2",0.17590014550334
"Polr3a",0.175258689585882
"Npm3",0.174157383747451
"Chchd4",0.17286987861683
"Cep250",0.172116409229621
"Pbrm1",0.171786129672677
"Septin1",0.171583716801167
"Sema5b",0.171116304436723
"Vma21",0.169746354609476
"Msantd2",0.168274857228293
"Asxl1",0.167558149403851
"Cd3g",0.167259052205655
"Fubp3",0.167219004347975
"Pigw",0.166536387647003
"Slc1a3",0.16588915127855
"U2af2",0.16526113278113
"Ankfy1",0.164138106084911
"Carf",0.163361697983173
"Arap1",0.162456441946915
"Mre11",0.161581375512863
"Klc3",0.159684535908016
"Snx8",0.159234584730598
"Mta3",0.158707614598258
"Zfp362",0.158029060759509
"Borcs5",0.155463537670393
"Naif1",0.154005721804694
"Mxd1",0.153518973187595
"Acap2",0.151072088391809
"Slc30a10",0.150755333835572
"Pdxk",0.149434040174653
"Fam133b",0.149353743871865
"Ddx25",0.148859301248952
"Pomt1",0.148600028613135
"Pycr2",0.148068042827313
"Rpgrip1",0.1472059240705
"Traf1",0.146509274266962
"Zfp260",0.145688624189243
"Zbtb8os",0.145273300751446
"Ndufaf1",0.144936761812549
"Tbccd1",0.144550533575456
"Zfp593",0.14427109245693
"Rnf123",0.143007838488464
"Zkscan3",0.142380126148043
"Hnrnpr",0.141241558838568
"Psd",0.140737528784912
"Traf3",0.138776751472771
"Snupn",0.137880155266223
"Map3k2",0.136934662639322
"Zic1",0.13620638038521
"Mical2",0.135613802207584
"Katnbl1",0.133820266282118
"Thap6",0.133683648325859
"Brd3",0.133607341563274
"B3galt6",0.131970494338433
"Med17",0.131782815173075
"Mrps35",0.13171873331538
"Snx29",0.131426850168426
"C1qtnf1",0.131422063185521
"Stx1a",0.131238365787113
"Cnot1",0.129982454265503
"Esf1",0.129624283924115
"Zfp780b-ps1",0.12961114566009
"Edc4",0.129483341617125
"Nt5c3a",0.128056536988025
"Adamts2",0.127534461955517
"Acsm3",0.127187190943896
"Fam98b",0.126904850443249
"Tmem222",0.126522165297987
"Ggps1",0.12549902278061
"Tgfb2",0.124664072846676
"Taf1b",0.124661033485641
"H2ac12",0.121493165626847
"Tsg101",0.120798561648102
"Zfp330",0.120745383038091
"Mtrf1l",0.120510874348853
"Tmem154",0.120095953785692
"Ddah2",0.120037995431939
"Asap2",0.118742589743461
"Praf2",0.118356440059477
"Ccdc157",0.117983440295685
"Cdsn",0.117145638796466
"Plekhh1",0.116444496909039
"Frmd4a",0.116033624283434
"Rtn4rl1",0.115247664369396
"Vps26a",0.114684386183807
"Golga5",0.113352545882242
"Snapc1",0.113273876540653
"Zfp933",0.113163046066608
"Xrcc4",0.112643493437975
"Naf1",0.111756022742982
"Rhoj",0.11130797494562
"Slc6a15",0.11034450899804
"Ly6e",0.109773582592203
"Stx1b",0.109649820916161
"Pard6a",0.108845284613663
"C2cd3",0.108726797564236
"Sipa1l3",0.108064207112172
"Amt",0.107871256408396
"Nol9",0.107409406480804
"Hoxc8",0.106719210530618
"Sucnr1",0.106271806170281
"Scnn1a",0.104409175859731
"Nemf",0.103988164103801
"Gpatch3",0.10361873795136
"Poldip3",0.102264806759691
"Oxr1",0.101076513742577
"Col5a1",0.0999371259494674
"Rrn3",0.0998740541787122
"Sstr3",0.0995802202963227
"Bloc1s3",0.0995007947499715
"Ssu72",0.0993119001469294
"Ccdc134",0.0980764110752748
"Pp2d1",0.0980064832647714
"Abcf1",0.0976857498659564
"Sac3d1",0.0976755926904935
"Spata6l",0.0971772273865347
"Mcm3ap",0.0971548107965364
"Tnfsf12",0.0963632812884197
"Mpdu1",0.0958931920857914
"Psmd4",0.0950899231843869
"Zfp787",0.0940733172505234
"Zkscan5",0.0911932445245748
"Mettl14",0.0905132203371334
"Gnb3",0.0885851153290654
"Rad9a",0.0852173624757746
"Babam2",0.0848210291221101
"C5h1orf159",0.0846664295162891
"Zswim3",0.0829307972754913
"Sik1",0.0822669713221166
"Dnaaf4",0.0816588868756754
"Slc15a4",0.0810192438019447
"Orc3",0.0797481136460892
"Atf4",0.0791219923645769
"Map10",0.0781239355423942
"Mob1b",0.0777643664249147
"Stard7",0.0773853140195524
"Pex14",0.0770657891364542
"Has2",0.0769161818510978
"Atg3",0.076447517262138
"Mtmr4",0.0757454568513461
"Dot1l",0.0747958393536614
"Dmxl2",0.0745748119401741
"Zswim7",0.0738251805941808
"Saxo3",0.0735063559048815
"Tln1",0.0734019933184812
"Ubiad1",0.0730993804976975
"Numb",0.072953230983156
"Xrn1",0.0727661660706115
"Ppcs",0.0726933642087395
"Pcyox1",0.0715582152159963
"Acp1",0.0713821666129005
"Zfp1",0.0709549914634718
"Zfp729",0.0706031200214232
"Bend4",0.0702597098123974
"Fut11",0.0701222469382619
"Srr",0.0695231120317177
"Pigy",0.0684238518567253
"Tbc1d8",0.0676986987668667
"Mrpl44",0.0671679836226569
"Ube3a",0.0670319688680907
"Ppp2cb",0.0669549234774118
"Rdh13",0.0666402096944835
"Mxi1",0.0661098582636372
"Srgn",0.0648803416745573
"Spice1",0.0647747933185602
"Alkbh5",0.0641845244833197
"Tgfbrap1",0.0635118913061734
"Eapp",0.0624609847221736
"Dffa",0.060913964864062
"C9h2orf69",0.0591855260619683
"Msi2",0.0580089368681446
"Mlh1",0.0579307751524771
"Cacna1a",0.0563287065221584
"Taf10",0.0562793086613399
"Hps5",0.0548399603807815
"Gon4l",0.0545028967668048
"Ift52",0.0541205763100507
"Ankrd17",0.0535429684054026
"Msrb2",0.0517439696269468
"Tox2",0.0508624930541949
"Mrpl55",0.0507137129575319
"Znrf2",0.0503803282581065
"Wasl",0.0494712844806998
"N4bp1",0.0487365164833705
"Ikzf2",0.0483574149335276
"Btd",0.0481530630300202
"Hyi",0.0471417035388134
"Cox7a2-ps2",0.0464520930969707
"Tbx2",0.0456173975999468
"Ercc6",0.0454582794182309
"Abcb10",0.0451055564915612
"Angel2",0.0434173069236563
"Pafah1b2",0.0425949891034572
"Pde1a",0.0422203431081686
"Slc16a10",0.0403620586064886
"Srgap1",0.0394917869909082
"C18h5orf63",0.0389803421399266
"Safb",0.0389274908683688
"Rpl36l7",0.0383470630391619
"Gtf3c4",0.038102127480512
"Cdh2",0.0379107435393688
"Mest",0.0378111633833672
"Nadsyn1",0.0376567747791361
"Mrps21",0.0370450724778967
"Skap1",0.0366335407662632
"Gnb1l",0.0348651377345488
"Spast",0.0346587545779077
"Pcif1",0.0340870966920996
"Wrap73",0.0335461757546574
"Hrh1",0.0334016286637208
"Atad2b",0.0328655145096931
"Slc38a2",0.0327353372810954
"Ppp2r5c",0.0322882694974275
"Emsy",0.0320806891365514
"Mbd2",0.0317636434746173
"Marchf5",0.0314883621513276
"Tmem14a",0.0301683119126001
"Zfp869",0.0298391669178192
"Aasdh",0.0297145311677138
"Pex3",0.0289851455977009
"Rgs22",0.0278068282297282
"Fhl4",0.0277704860235129
"Thnsl2",0.0276144445792252
"Iqce",0.027575245657559
"Scel",0.027560264970636
"Wdr73",0.0273640391703009
"Reep3",0.0273557070389005
"Tmem132c",0.0265760087710866
"Cisd3",0.0262011653974182
"Nr1i3",0.0244849528533338
"Fkbp9",0.0240351247830184
"Wnt16",0.0236933087408765
"Tmprss6",0.0236158089003521
"Ncoa6",0.0232434994289636
"Per1",0.0228142716521475
"Fgf2",0.0226724387498473
"Clec2l",0.0224397984700148
"Cog8",0.0215312845731106
"Pten",0.0210759923253765
"Spn",0.0201809809441051
"Zfp536",0.0201582401078322
"Hils1",0.0191871036736619
"Rplp1l1",0.0179929945092449
"Dph6",0.0177909974882646
"Ighmbp2",0.0171215824794799
"Atg4a",0.0162288060397358
"Rubcn",0.0156909894807457
"Cog1",0.0149209600010181
"Zfp329",0.0130897100679994
"Mideas",0.0126654171582055
"Fbln1",0.0114428409951175
"Gbe1",0.0112147345854875
"Rpl38-ps9",0.0111899603430039
"Decr1",0.0108963691950812
"Pfdn1",0.0097809422687586
"Dennd4a",0.00948709559015052
"Snx17",0.00942934500051613
"Hdgfl2",0.00930180871753095
"Anks1a",0.00894264253526467
"Kif13a",0.00792209591300054
"Ralgds",0.00778001793524761
"Rab40c",0.00679398726018775
"Phc1",0.00640014088645104
"Dip2b",0.0063284797427015
"Chtopl1",0.00562392374644599
"Dnttip1",0.00527847524635734
"Rpusd3",0.00513215704845817
"Ric8a",0.00490615023436263
"Mbd5",0.0039912201320569
"Stoml2",0.00396963099773667
"Apc",0.00341436958543644
"Ifit3",0.00258934966640058
"Ebag9",0.00248628087434179
"Cfap45",0.00195887732849807
"Abhd17b",0.00147205701181044
"Cd274",0.000681740158256838
"Hsd17b4",0.00021644127120279
"Mrpl2",-0.000311973335671729
"Ell",-0.000430651408502254
"Pdp1",-0.000664705023900905
"Gpr63",-0.00127101883630059
"Copg1",-0.00265232136943636
"Afap1l1",-0.00417318457725974
"Mcm9",-0.00453347765855836
"Ccdc61",-0.00671183122048634
"Kcnmb1",-0.00683233770125313
"Tektip1",-0.00708758531157226
"Gmppa",-0.00714267459469187
"Ints1",-0.00720274089408652
"Dnm2",-0.0074830743601901
"Pskh1",-0.00759954603283177
"Aspscr1",-0.00818468290536284
"Hexim1",-0.00828461524640885
"Wdr20",-0.00861709066063937
"Atp6v1g2",-0.0106155811049972
"Helq",-0.0111900684372632
"Stx2",-0.0119085861424945
"Clba1",-0.0120378761934604
"Slc35e1",-0.0134519327990148
"Cdc42bpb",-0.0150056119971814
"Pygl",-0.0162939831531842
"Slc25a45",-0.017097577974424
"Gigyf1",-0.0175842580668031
"Brd7",-0.0183574813840332
"Zrsr2",-0.0184537507458004
"Bcl2l13",-0.0189551396962677
"Usf1",-0.0197555688488078
"Tmem253",-0.0205270607121416
"Hectd2",-0.0224829558674457
"Rtn4ip1",-0.0233195747187557
"Ppp2r5b",-0.0257044057346177
"Anapc10",-0.0260595408474599
"Zbtb6",-0.0262982852601647
"Rftn1",-0.02639044929399
"Slfnl1",-0.0275070758260323
"Ube2h",-0.0277190302277173
"Polm",-0.0283159843382379
"Laptm5",-0.0292729564015556
"Lcn12",-0.0296466621284829
"Ubl3",-0.0311300066301541
"Plvap",-0.0311644749009112
"Klhl29",-0.0314987434250986
"Pef1",-0.0317443138811688
"Iars2",-0.0323501933939316
"Zfp36l2",-0.0335480114183885
"Sec23a",-0.0336576866777204
"Pdcl",-0.0336593124921414
"Fam171b",-0.0344884865470517
"Hdgf",-0.034525554158431
"Tdrd3",-0.0358637994800551
"Pcid2",-0.0377051093145124
"Rcbtb1",-0.0385770116587525
"Cacna1d",-0.0388290993219871
"Pcdhb17",-0.0394649430084672
"Ttll4",-0.0398012988993084
"Ptger3",-0.0414792105508894
"F8",-0.0418482891073768
"Ccnt2",-0.0426059002794008
"Mpped2",-0.0427899686560808
"Terf2ip",-0.0437562528536111
"Mrpl14",-0.0454474794803039
"Cyp4f5",-0.045466317723075
"Npepl1",-0.0459752083276323
"Tgfbr3l",-0.0464482724285165
"Tgif2",-0.0469967232687189
"Cops8",-0.047021431542022
"Ccr10",-0.0471753219675935
"Tcf25",-0.0471994420077622
"Pias1",-0.0488983793660955
"Zfp14",-0.0494963709881157
"Tmem53",-0.049930838120727
"Map4k3",-0.0502638618062153
"Dnajc7",-0.0505377256209847
"Egr2",-0.0507402709376237
"Sirt5",-0.0511136610513796
"Kpna4",-0.05193529306319
"Ing4",-0.0522318949981739
"Yipf3",-0.0523236419093022
"Ddx23",-0.0525953803614437
"Smim26",-0.0537231366871202
"Mettl2",-0.0539501304875989
"Atp6ap1",-0.0544771865425892
"Adamts6",-0.0553491146989489
"Fbxo16",-0.0554057294015924
"Csnk1g1",-0.05541610535572
"Nkrf",-0.0564992923545681
"Slc31a1",-0.0570014838969895
"Elp6",-0.0570127294878839
"Trnau1ap",-0.0576768220956215
"Zfp51",-0.0594212526339178
"Bsn",-0.0599839642255499
"Fgd4",-0.0611511142664649
"Snx15",-0.0614603050802151
"Tigd2",-0.0614669091614342
"Snrpd2",-0.0614672210855553
"Mrps11",-0.0618771743403293
"Ltv1",-0.0626123879205594
"Kdm1b",-0.0628069150985024
"Stk24",-0.0643647727065838
"Tigd3",-0.0660534257447005
"Ric8b",-0.0661257231076273
"Ankrd16",-0.0665119747257604
"Spmip4",-0.0674517056573501
"Arl8a",-0.0676253336467197
"Vezf1",-0.067926847726988
"Skic3",-0.0684757778309824
"Tars1",-0.0692285375481857
"Arfip2",-0.0693019307936874
"Abhd13",-0.0706221065937202
"Wdr70",-0.0717594889137224
"Vps52",-0.0741119228678479
"Fmr1",-0.074154605657326
"Usp22",-0.0749592110952233
"Rbm18",-0.0749642659216724
"Mir186",-0.0752110472556815
"Brd2",-0.0759760866386689
"Tmed4",-0.0760516923030058
"Srp19",-0.0765716285808126
"Epha4",-0.0775743875762217
"Tmem128",-0.0782333013270922
"Cimap1c",-0.0794677116022306
"Ing5",-0.080717530755954
"Ubox5",-0.0809222358856272
"Rab3il1",-0.080926573815114
"Asah2",-0.0811144897287717
"Thnsl1",-0.0825522757640071
"Rnf208",-0.0828550000321904
"Lpar1",-0.0830143452213522
"Kcnn1",-0.0831628173778984
"Sh2d4a",-0.0837900456664316
"Scly",-0.0844375012502917
"Brwd3",-0.0845195571526399
"Wwtr1",-0.0847353272190315
"Dnajc8",-0.0848927253026394
"Prdm8",-0.0857029116116086
"Tysnd1",-0.08635047214396
"Ctrb1",-0.0866628714240581
"Tada1",-0.0870915829851831
"Pold2",-0.0905711515501246
"C7h8orf33",-0.0906312366587483
"Pik3c2g",-0.0923621113245477
"Hs3st5",-0.0928617663503849
"Tspan32",-0.0932303532266815
"Ccdc62",-0.0970698546068878
"Med13l",-0.0974332047528685
"Fam193b",-0.0975427414781725
"Ptp4a1",-0.0975696859261845
"Mrps5",-0.0977098691171534
"Gkap1",-0.0980045522970584
"Lamp2",-0.0982313014994454
"Dlx5",-0.0990372707002724
"Kat7",-0.0994906407994701
"Ggh",-0.0997715583906507
"Syt13",-0.100787493883902
"Fbxl5",-0.100874910614806
"Slc25a20",-0.101083296154778
"Tsen2",-0.101309493474035
"Trim32",-0.102228955336864
"Rhobtb1",-0.102577033319771
"Ciart",-0.104488919475401
"Cdk10",-0.104883546238229
"Arhgef11",-0.105746530523567
"Tox4",-0.106201966395537
"Siae",-0.106519565084177
"Pawr",-0.106979715189384
"Zfp583",-0.107763539103275
"Gtf2a1",-0.109571871884196
"Riok2",-0.110039775587861
"Fmo4",-0.110408155641013
"Lnpep",-0.111185937681397
"Phf20",-0.112113060426131
"Tmem216",-0.112645312555937
"Sart1",-0.112873928356315
"Mall",-0.113230721863979
"Dtd2",-0.113893502470645
"Isoc2b",-0.114161817941198
"Ino80",-0.115507420344543
"S100a9",-0.116336221176199
"Kat5",-0.116716501870472
"Plppr3",-0.118920055292474
"Rapgefl1",-0.118939120465138
"Napg",-0.119400809294814
"Rbm42",-0.120078171487192
"Zbtb7a",-0.120438704583371
"Slc1a4",-0.121197810778841
"Retnlg",-0.121342716831239
"Asah1",-0.122574012557651
"Chst15",-0.124462096686473
"Mycbp2",-0.124837842830657
"Arhgef26",-0.125542740786124
"Kazald1",-0.126342634490213
"Washc2c",-0.126564448876684
"Ubqln2",-0.126806033248756
"Nif3l1",-0.126966070814428
"Dnmt3a",-0.127109841625441
"Eci3",-0.127358870060247
"Nr4a1",-0.128092588975602
"Psen2",-0.128175261506717
"Ntaq1",-0.131389966022886
"Zfp248",-0.13170701435265
"Psmc6",-0.132221020583167
"Klf5",-0.132936590012131
"Tyw5",-0.133411689726507
"Khsrp",-0.134565050356893
"Cpsf7",-0.135341087805669
"Guk1",-0.135871136583742
"Stxbp4",-0.135952215851433
"Klhl18",-0.136593517699497
"Snapc4",-0.137281773144071
"Emilin3",-0.138298570989469
"Trappc5",-0.138360730913424
"Zbtb8a",-0.138730898144514
"Pcbp1",-0.138854982230354
"Tmem104",-0.140231996320666
"Sec16a",-0.140348365727311
"Dclk2",-0.141589326480139
"Trmu",-0.142457839948411
"Mrps18a",-0.142543803678079
"Mpig6b",-0.14277627746824
"Rbpms",-0.143203867384075
"Rnf144b",-0.144230718700494
"Cdc40",-0.146119101013573
"Cdk5rap3",-0.146762427279693
"Cys1",-0.147388564197893
"Mtmr14",-0.148046035667548
"Prdm9",-0.149680993783829
"Ltbp4",-0.150135165264675
"Ferry3",-0.15017854689476
"Cactin",-0.150245197658948
"Armc9",-0.150777586519443
"Cage1",-0.151088070088956
"Med27",-0.15191467426297
"Dars2",-0.152101126875936
"Usp45",-0.153353413964137
"Qrich2",-0.155416543497709
"Sertad1",-0.155906084039567
"Surf6",-0.155908807827646
"Spata1",-0.156819450070806
"Ccdc51",-0.157504552027021
"Mettl1",-0.158028715812031
"Ankle2",-0.158821701330292
"Fat3",-0.159407676479053
"Slc4a11",-0.159766545865027
"Snora28",-0.160581140762499
"Napa",-0.1606513430519
"Rp9",-0.161492019077707
"Ncoa3",-0.162843818211923
"Myh9",-0.162982867765936
"Cuta",-0.163108614567925
"Ccdc175",-0.163500045896501
"Tma7",-0.164916847391086
"Trmt13",-0.16632706179523
"Flad1",-0.166383237496113
"Cyrib",-0.166849836877084
"Tdrd12",-0.167222743401915
"Kif9",-0.168549576407354
"Hsh2d",-0.168763918634033
"Gpr19",-0.168873343073215
"Kpna6",-0.16899722493281
"Mgrn1",-0.169006637182378
"Pi4ka",-0.171103980788643
"Papss2",-0.171327556696969
"Sncg",-0.171374061689647
"Bccip",-0.171598955209398
"B4galnt4",-0.172245145650157
"Peak1",-0.173003070291325
"Naa25",-0.173118759164186
"Cyp4f37",-0.17335434341731
"Pacsin2",-0.17370903525464
"Dvl2",-0.173935116272846
"Mus81",-0.174116452284822
"Samhd1",-0.174319082347781
"C8h11orf71",-0.174360897364778
"Zfp764",-0.175180661547858
"Ice1",-0.175475787003799
"Dgkh",-0.176252553970094
"Zfp334",-0.176613418720518
"Rap1a",-0.176898036305464
"Jmjd8",-0.177498256027645
"Lrrc3",-0.177799444317181
"Sv2c",-0.177951675036904
"Snai2",-0.178477955106231
"Dhx32",-0.178565254515559
"Trub2",-0.179367722387539
"Gss",-0.180418651367666
"Zfp523",-0.180944518143794
"Hfe",-0.181494210029661
"Fbxw2",-0.182102535084598
"Ptprg",-0.18276630037779
"Ccdc138",-0.183017518421277
"Cryzl1",-0.184055259259273
"Vsir",-0.184702049387946
"Cd34",-0.185850071100914
"Rchy1",-0.186509044228135
"Coa7",-0.188587430199329
"Stag2",-0.189123395354265
"Zfp142",-0.19083186530402
"Wdr18",-0.191282039867084
"Kcnk5",-0.191639956475776
"Macrod2",-0.192327812617305
"Far2",-0.19273131537471
"Zfand2b",-0.193610065363308
"Wdr25",-0.194302892674926
"Slc1a5",-0.19456729065016
"Ep400",-0.197190893628696
"Pex26",-0.197715545306932
"Esyt2",-0.199150089272894
"Rpn2",-0.200991836534848
"Xab2",-0.202026725294332
"Cfd",-0.203944724959439
"Vdac2",-0.204343285445822
"Smg5",-0.204587620872561
"Agtr1a",-0.205055166593715
"Sike1",-0.207326927258304
"Ahdc1",-0.207592387638674
"Thap1",-0.208639338835361
"Eya2",-0.208773740023858
"Dync2li1",-0.20906782983921
"Sh3rf3",-0.210615307095121
"Snx16",-0.210753038305864
"Dnajc18",-0.210995958018124
"Mgat5",-0.212163544797278
"Copg2",-0.212702917726734
"Ccdc125",-0.212771031799905
"Tbce",-0.213103738910032
"RT1-DOb",-0.213109912351529
"Ccpg1",-0.213996059519004
"Mrpl20",-0.214743003210393
"Ostm1",-0.215068613914102
"Lrrc29",-0.215494839049165
"Mrps30",-0.215654615708637
"Zscan30",-0.215929966865138
"Yif1a",-0.216732056672036
"Adk",-0.217147955515469
"Farsb",-0.217587375210619
"Calca",-0.217710830743945
"Gpatch8",-0.217889488344596
"Ubxn7",-0.21847292168449
"Lekr1",-0.218576814982233
"Gapvd1",-0.218722141168864
"Lrrc57",-0.218796949395598
"Gvin1",-0.219646450259412
"Prr29",-0.219694232311945
"Glce",-0.219837777983247
"Atrip",-0.220297445634923
"Ftsj1",-0.2203071795676
"Ambra1",-0.220645891914301
"Rab33b",-0.221007806243053
"Mcrip1",-0.221012693249021
"Pin4",-0.221393574194864
"Scand1",-0.221982971013311
"Bod1l1",-0.22270826625431
"Tmem168",-0.222907467511028
"Nup210",-0.223117541549856
"Ccni",-0.223200851891908
"Cdk11b",-0.224771201124514
"Smad6",-0.224838617214339
"Mettl27",-0.225834886051315
"Cacybp",-0.225942319681349
"Aimp2",-0.226136739686843
"Bdh1",-0.22775157471991
"Nnt",-0.228004863530554
"Nfu1",-0.229448323598212
"Akap6",-0.230567795375632
"Usp19",-0.230640339960272
"Bbs10",-0.230742328115432
"Slc25a37",-0.230878296975117
"Helz",-0.231154365564258
"Prr12",-0.23142831820625
"Tent4b",-0.231777830333113
"Gldn",-0.233446434450601
"Fer1l5",-0.233720922340795
"Rad51b",-0.234009805482258
"Ggact",-0.234591829740808
"Ddx3y",-0.236471317264413
"Crppa",-0.236558582899212
"Lamp1",-0.236798497038537
"Sp2",-0.237048127021065
"Adam15",-0.23772317415897
"Hmgxb3",-0.238317759720088
"Pex7",-0.239092391754886
"Calml4",-0.239943997688658
"Sdr39u1",-0.240877450956755
"Ide",-0.241126117414379
"Edaradd",-0.241828160999272
"Zfp11",-0.242252779153741
"Fcrla",-0.242394747269498
"Hint1-ps1",-0.242545542527838
"Tigar",-0.242632280388646
"Fra10ac1",-0.242660459637302
"Asic4",-0.242895605206183
"Hadhb",-0.244030068609821
"Pik3cb",-0.244966699704001
"Etaa1",-0.246637432370567
"Glo1",-0.247661101004907
"Frs3",-0.247872058661728
"Mettl21a",-0.247962216187682
"H3f3a",-0.24837008095208
"Sacm1l",-0.24838158682266
"Alkbh4",-0.248443814122215
"Ccdc50",-0.254944580268865
"Chmp5",-0.256941660842694
"Adgrg2",-0.257496869463906
"Zmynd11",-0.25842140278347
"Nbr1",-0.258798859606242
"Syngr2",-0.260394395119704
"Bpnt1",-0.26103303759881
"Hic2",-0.261049228612771
"Syne2",-0.261852142165357
"Ankrd27",-0.26232142572364
"Dusp3",-0.262753974937747
"Mthfsd",-0.263922383903094
"Exosc7",-0.263954882145653
"Naga",-0.264308148089962
"Zfp512b",-0.264604647866198
"Bnip2",-0.265201356694993
"Kat8",-0.266761379781031
"Nprl2",-0.267611841970278
"Cry1",-0.267984324747976
"Pex12",-0.268414600344684
"Acot7",-0.2685152488391
"Tdrkh",-0.269257042533323
"Sft2d3",-0.269413922911945
"Bnc2",-0.271007613821129
"Palld",-0.271392474421554
"Ibtk",-0.271579468089831
"Fam227b",-0.271835145452171
"Man2b2",-0.272842350686819
"Pan3",-0.273772793609081
"Jrk",-0.27513856090183
"Rab11fip5",-0.276292440554385
"Tppp3",-0.276378411469715
"Atf2",-0.276950050310057
"Castor1",-0.277125385848761
"Rpap2",-0.277492854398855
"Tmem186",-0.277766049090104
"Usp34",-0.278006730309893
"Mrpl28",-0.27803434044264
"Taf15",-0.279184965899585
"Wars1",-0.281147756341185
"Uso1",-0.281316182015254
"Lmf1",-0.281811400798088
"Nrxn1",-0.281890189528339
"Zfp317",-0.283261178573546
"Jakmip1",-0.284430971057833
"Polk",-0.285260174511757
"Dvl3",-0.285648348508984
"Pds5a",-0.287880667674927
"Marveld1",-0.288280783257251
"Mrps33",-0.288601506119535
"Clcn5",-0.289016299835862
"Zfp524",-0.29063283788693
"Scn2a",-0.291422429858064
"Clec2g",-0.292105433935416
"Hoxb8",-0.293022245857956
"mt-Nd4l",-0.293109535524899
"Bend5",-0.293363621361845
"Arfrp1",-0.293407504971332
"Dnajc24",-0.293612486423245
"Zfp654",-0.293948991948231
"Ufl1",-0.294499911439188
"Lhx6",-0.295444774081784
"LOC120102774",-0.295548773805605
"Scarf2",-0.295763624133099
"Kcnj8",-0.296328415567393
"Zkscan7",-0.296668613281865
"Fam184a",-0.296898872572778
"Aass",-0.296899631120565
"Mlxip",-0.297148295533241
"Akr7a2",-0.298819288293532
"Stard5",-0.298975207071761
"Mrpl58",-0.30007674896577
"Casp9",-0.300430633337773
"Polr3d",-0.300813850006609
"Tubgcp3",-0.30112031870897
"Tmem181",-0.303240838862678
"Trrap",-0.30415183581215
"Tmbim4",-0.305622787775331
"Bcas2",-0.305913076316286
"Tktl1",-0.306244764062607
"Fam111a",-0.306946299550872
"Bach2",-0.307523308580497
"Bcs1l",-0.308291521471777
"Timm44",-0.30886574984677
"Kctd15",-0.309509061099409
"Zkscan8",-0.310287071798763
"Ttc17",-0.310435495296414
"Mcat",-0.310551691301621
"Tspan18",-0.310658244708261
"Rab11b",-0.310907364124966
"Pdlim7",-0.31116167136351
"Iqcc",-0.311287704603747
"Tmem199",-0.311800478897416
"C2cd2l",-0.312411532781562
"Rab8b",-0.312803029847276
"Eif2b2",-0.313298715916308
"Ube2q2l",-0.313594816166147
"Tcf20",-0.313789971784412
"Trappc6b",-0.31402688010609
"Grina",-0.314663582646074
"Aimp1",-0.31585796527181
"Ipo9",-0.316808565617193
"Snx3",-0.317174398510541
"Mbd3",-0.317445825971085
"Mtch2",-0.318233215482688
"Becn1",-0.318275999965391
"Sqstm1",-0.318487483458887
"Apol7bl1",-0.318808690605606
"Cnksr2",-0.319583702854348
"Flvcr1",-0.319932757025148
"B3galt5",-0.320318963107081
"Dnajc17",-0.320324354472459
"Tnfaip3",-0.322017479214139
"Mrpl35",-0.322180768005319
"Mrpl11",-0.322648531703499
"Nr4a2",-0.322994910584849
"Rnf26",-0.323552122171158
"Tnfrsf11a",-0.325411994806353
"Zfp148",-0.326650723919929
"Ahcy",-0.33043557602509
"Chchd5",-0.330593639019878
"Clmn",-0.330919485234191
"Mfsd13a",-0.332784625489754
"Atl1",-0.333615097076313
"Rab21",-0.333821236028042
"Acap3",-0.334682997241292
"Helz2",-0.335670458759355
"Rps6ka5",-0.335688458361946
"Nfkbil1",-0.336076289864271
"Fam178b",-0.336844072012112
"Cops6",-0.338152137188525
"Abhd18",-0.338318331917955
"Rcc1l",-0.339069381741787
"Hira",-0.339104521024262
"S100a8",-0.339605358098139
"Rcbtb2",-0.339894379150857
"Zfp287",-0.340198992015196
"Ankrd1",-0.340796635102547
"Ap4m1",-0.341224680460524
"Use1",-0.341549602287513
"Psmc1",-0.34188773203978
"Arhgef40",-0.342084120867947
"Smad7",-0.342778296859926
"Camsap2",-0.342887800160525
"Bmal1",-0.344144450363114
"Vamp4",-0.344308581063113
"Tnfrsf21",-0.344452680975734
"Gps1",-0.345224081391157
"Hnrnpdl",-0.346291522557816
"Fbrsl1",-0.347116901165347
"Atpaf1",-0.349280624020404
"Ramp3",-0.350527899688232
"Dnaaf3",-0.350793197980131
"Ago4",-0.35258714640153
"Kif16b",-0.352988896075382
"Avpr1a",-0.353134538215453
"Ube2a",-0.35572773666638
"Mrps25",-0.356560497405748
"Ift25",-0.356777151489378
"Zfp2",-0.357496950734651
"Rab22a",-0.357547040980501
"Cyb5d2",-0.357600500070083
"Rab5a",-0.358110548756129
"Tnfrsf14",-0.358913529739461
"Cox16",-0.360178646068022
"Gnb1",-0.360729742715449
"Faf2",-0.361213672749185
"Tm4sf1",-0.361288633011772
"Ccdc9",-0.362222766013423
"LOC102553980",-0.362795771570916
"Baiap3",-0.362915659608264
"Atp6v1c2",-0.364445965462969
"Lrfn1",-0.364705032182574
"Aig1",-0.365722534642621
"Hoxb3",-0.36613670080231
"Pdlim2",-0.367525582695301
"Trpm7",-0.368002950238865
"Calhm5",-0.368010317319103
"Slc22a18",-0.368636841741149
"Asic2",-0.368647970119613
"Rpl35al8",-0.36881040896183
"Hacl1",-0.368838900581233
"Camp",-0.369010564139775
"Flii",-0.369060004386684
"Gpr162",-0.370877474759016
"Plcl2",-0.37192257326701
"Lox",-0.372083465789817
"Fas",-0.373499775583227
"Nkx2-2",-0.373800854217048
"Arpin",-0.374402855844924
"Cacna1g",-0.374467262122276
"Setd1b",-0.375317952537677
"Insr",-0.375346044994365
"Btbd17",-0.375377909742939
"Os9",-0.376468419154421
"Pepd",-0.377085886740837
"Tvp23b",-0.377809539712096
"Syngap1",-0.378400202111742
"Sp4",-0.378777189705979
"Bmp2k",-0.379381753782515
"Coil",-0.379487799054755
"Aldh8a1",-0.37953088460959
"Ndufaf7",-0.38066096614085
"Hace1",-0.381626505222275
"Ei24",-0.382574940196319
"Vps11",-0.382867114494803
"Srrm2",-0.383112505961712
"Cox18",-0.383321823114038
"Wnt5a",-0.383627219218108
"Slco2b1",-0.383656255395441
"Btrc",-0.383753909728133
"Prorsd1",-0.384614507379079
"Zmat1",-0.386260869513451
"Bcr",-0.390356888352542
"Etfbkmt",-0.390738199332966
"Rabif",-0.391642300780305
"Wdr75",-0.392188899955689
"Ccdc66",-0.392448252807497
"Abhd12",-0.392758112840247
"Stk25",-0.392941580143577
"Cse1l",-0.393771981239267
"Ramac",-0.394971961765708
"Abhd10",-0.395100199864458
"Mynn",-0.396756344327131
"Sympk",-0.398038310218205
"Ptdss1",-0.398214399927735
"Oas3",-0.398285463049902
"Ap5m1",-0.39900363953132
"Nbas",-0.399852328103467
"Dis3l",-0.400375813976097
"Mrps31",-0.400537390314918
"Hspa13",-0.401001131034483
"Nip7",-0.401412361282912
"Acrbp",-0.402298665600021
"Spag1",-0.40277707387849
"Snip1",-0.403287928302165
"Ccdc136",-0.404329489490815
"Setbp1",-0.4044602254532
"Son",-0.404639215456454
"Arfgap2",-0.404753551816175
"Zfp324",-0.405396945011679
"Ppp5c",-0.405560316262212
"Agbl3",-0.406762170195203
"Atp6v1e1",-0.406965653728567
"Tdp2",-0.40728371195294
"Osgepl1",-0.407530841490161
"Rnf217",-0.408104101048658
"Ipo8",-0.408211229552952
"Gtpbp1",-0.408335429982056
"Ndfip1",-0.408683801336139
"Cnbp",-0.409686739668242
"Cyp2s1",-0.410592683507056
"Tmed5",-0.410948621215555
"Chmp6",-0.412112724776356
"Snapc5",-0.412184826813825
"Fzd3",-0.412336952638799
"C2h5orf22",-0.412396188106571
"Sash1",-0.414890411750785
"Isg20",-0.415076544967412
"Rest",-0.415399159350201
"Prr14l",-0.415459698745323
"Tpcn1",-0.415530802452148
"Duox2",-0.415760532346447
"Glrx2",-0.417782392153525
"Zfp639",-0.419212764742428
"Tsfm",-0.419353949613675
"Arr3",-0.420464980052618
"Urb2",-0.420743402442226
"Pomc",-0.421686623832164
"Fuz",-0.422542123173212
"Chmp4bl1",-0.423142938518379
"Ppp3ca",-0.423279765993469
"Mrpl36",-0.423847573067022
"Dph3",-0.424264876925795
"LOC120093422",-0.425698679699521
"Dennd4b",-0.426489862920987
"Azin1",-0.426550485370126
"2610008E11Rikl",-0.427797038199803
"Uba3",-0.428081572211374
"Per3",-0.428574892772115
"Stx5",-0.429280467799884
"Celf5",-0.429436659444702
"Srrd",-0.430213433500213
"Pvr",-0.431051198724602
"Zfp707",-0.433994501762364
"Riok3",-0.435581235533108
"Polr2c",-0.436172256709167
"Usf2",-0.436615763932485
"Dgka",-0.436627253936059
"Fcsk",-0.437259282308608
"Smchd1",-0.438482736677275
"Gpr37",-0.439929567508919
"Snrnp25",-0.440712839198586
"Hmgcl",-0.440846558027434
"Nckap5l",-0.442919159783149
"Fastkd5",-0.442969550920935
"Rev3l",-0.442984373120475
"Vamp3",-0.443142110914049
"Tfip11",-0.443702248373265
"Diaph2",-0.444254107571762
"Mapk1",-0.444314554128234
"Slirp",-0.444596084980782
"Gamt",-0.44466718735108
"Slc16a11",-0.445921046733263
"Cemip2",-0.446142722594598
"Ccdc171",-0.446164954531939
"Zfp282",-0.448162276335985
"Zfp777",-0.448257282012264
"Zfp952",-0.448817735895665
"R3hdm2",-0.44911107895425
"Orai1",-0.450734588669505
"Kif2a",-0.451424368747378
"Rnpc3",-0.451962388221227
"Plagl1",-0.452052025500277
"Dpm1",-0.452427179292556
"Zfp40",-0.453183747152305
"Mien1",-0.454706092213366
"Afg3l2",-0.455310108280007
"Ctu1",-0.456233615998582
"Zbtb26",-0.456636154100627
"Upf2",-0.45749486402397
"LOC120098448",-0.458351741273603
"Gse1",-0.460198183175203
"Rpl38l1",-0.460306157482152
"Thop1",-0.460979880364646
"Psme3ip1",-0.46101242084277
"Syn3",-0.461033223226645
"Bms1",-0.461165988511985
"Tpt1l3",-0.461749485668689
"Tspan14",-0.462032361247555
"Tnrc18",-0.462365566757043
"Stx6",-0.464943795368795
"Sgk3",-0.46505432292296
"Atf6b",-0.466540979455591
"Pafah1b1",-0.466665584970925
"Vta1",-0.467260475901256
"Nckap5",-0.467556030007876
"Ufd1",-0.468526682078329
"Rpain",-0.469117897078303
"Zfp865",-0.469312267147143
"Bloc1s6",-0.46958459335456
"Hdac7",-0.470952469389313
"Zbtb42",-0.472296128710501
"Scn9a",-0.472897197098996
"Olr59",-0.475201652430226
"Gas6",-0.475620598650792
"Ets2",-0.475745479650057
"Med25",-0.475940107088582
"Nsmce1",-0.477635918277082
"Vsig10",-0.478197138731954
"Carmil2",-0.478733470510156
"Fam53b",-0.4791084638184
"Cd226",-0.480631065752846
"Zeb1",-0.482126757152617
"Eea1",-0.482692553092862
"Gdpd1",-0.48271096772186
"Dlst",-0.483273519133309
"Sh3bp4",-0.483586905066986
"Efcab2",-0.483844173358047
"Arfgef1",-0.483999391562553
"Snai3",-0.484300697714592
"Cxcr5",-0.484720089788578
"Utp6",-0.48495642351886
"Adam1b",-0.485501410351969
"Ttc32",-0.485504592238205
"Hsdl1",-0.485580446978787
"Strip2",-0.485834870052003
"Dmxl1",-0.486269269204258
"Drap1",-0.487409372681163
"Sars2",-0.487850354101772
"Atmin",-0.487952865420404
"Ralgapa2",-0.489026928364802
"Cox6a1",-0.48999132450829
"Crkl",-0.490148844047363
"Dnajb9",-0.491120849820811
"Ski",-0.491621890548272
"Spata9",-0.491707467419033
"Mrpl43",-0.492675357829099
"Mospd2",-0.492725179943696
"Ark2n",-0.495059099683024
"Mtfp1",-0.49571437781558
"C16h8orf48",-0.4960362227189
"Tmem69",-0.496408810669388
"Cdh15",-0.496556041666546
"Dazap2",-0.497209460756205
"Map2k4",-0.500907653109818
"Ube2g1",-0.500915957235731
"Procr",-0.501142520970091
"Ube3c",-0.501483373416213
"Immt",-0.502635331909845
"Lsm4",-0.503641940452402
"Zbtb48",-0.504921959710001
"Zfp131",-0.507267216315598
"Snord88c",-0.507630218082052
"Rab18",-0.508751721342474
"Ndst2",-0.509468877281359
"Mrm1",-0.510055702797439
"Ap3d1",-0.510532724048418
"Capn10",-0.510690997528268
"Hspa4",-0.511196444209345
"Xkr8",-0.511930823587745
"Pde4a",-0.51196555641921
"Lrrc71",-0.512746176249038
"Rnf223",-0.513739174456298
"LOC100359505",-0.514044276660341
"Acbd4",-0.515252424963076
"Ifi27",-0.515687115132333
"Serpinh1",-0.517718934264338
"Pik3c3",-0.517905449320482
"Acot11",-0.518628875512584
"LOC120101240",-0.518692902568248
"C1qtnf5",-0.518708857783101
"Hivep3",-0.518811244273566
"Aldh7a1",-0.519036256739116
"Tmem256",-0.51927274687622
"Cript",-0.51998472129241
"Sync",-0.52000657551056
"Lnpk",-0.520177158670297
"Ppp1r3d",-0.522023770773994
"mt-Co3",-0.522421991480091
"Fpgt",-0.52248817342925
"Nudt2",-0.522692743685517
"Slc24a1",-0.523721462473356
"Brd10",-0.524570097350728
"Mier3",-0.524695504124565
"Tbl2",-0.525784645093106
"Mrpl9",-0.527944474479294
"Sertad2",-0.529419937772726
"Tcf12",-0.530321581250063
"Srf",-0.53045527344126
"Gatad1",-0.531531800675447
"Zfp358",-0.531565672688843
"Ptp4a2",-0.531731872202749
"Fgd6",-0.534465579018634
"Kat6a",-0.534613773240021
"Fam151b",-0.534732163085498
"Zfp516",-0.537589903634758
"Prmt5",-0.537712164173422
"Ap2a2",-0.538549744519873
"Mark3",-0.539002474041543
"Rpl38-ps3",-0.539199672471724
"Ube2e3",-0.539212469091158
"LOC134485113",-0.539590882992188
"Rc3h1",-0.540452817214895
"Slc29a3",-0.540452844597815
"Psmg1",-0.540565270206338
"Atad1",-0.542584572473751
"Ercc3",-0.543208493936264
"Foxd2",-0.543544450231685
"Bdh2",-0.543948273712401
"Invs",-0.544499614185904
"Tmem161b",-0.545834954126148
"Hemk1",-0.549229020022398
"Flot2",-0.549711887547189
"Nop10",-0.549985911478403
"Pik3ca",-0.550592027043122
"Bclaf3",-0.55108111774291
"Ankrd12",-0.551300292042351
"Acads",-0.552589644183687
"Timm22",-0.554306622847563
"Asb13",-0.555556902935696
"Lrrc8b",-0.55579966402979
"Cym",-0.555991719910111
"Cyb5rl",-0.556204740403845
"Klc2",-0.556209516481506
"Dorip1",-0.557064258692862
"Atg4b",-0.558673602349872
"Serinc3",-0.558836724953254
"Dynlrb1",-0.559443212300921
"Rabl3",-0.560284323203996
"Gga3",-0.560339693141404
"Spag8",-0.560588682615851
"Mterf2",-0.560903539808339
"Epc1",-0.561540468267999
"Clic2",-0.561598400157901
"Tbc1d10c",-0.561891763138696
"Snord65",-0.562037503784432
"Hook3",-0.562229376627989
"Rhbdd3",-0.562602202683563
"Pik3r6",-0.562823886904567
"Parp16",-0.563384034109877
"Rundc3a",-0.565057512782365
"Ccdc97",-0.565975216910837
"Rnf225",-0.566252320409111
"Rab7a",-0.566880316266739
"Milr1",-0.567162899176276
"Zfp672",-0.567449389124393
"Zfp9",-0.567570674315451
"Syt16",-0.568099370756159
"Kiaa0825",-0.569158541556887
"Polb",-0.570452458113926
"Mamdc4",-0.570624961441857
"Ccdc91",-0.572304729571151
"Atp8b5",-0.572627142423329
"Ptgfr",-0.572711087371868
"Zfp526",-0.572770444082118
"Elp4",-0.573619745518908
"Strbp",-0.57375199558701
"Ppp1r7",-0.574204376920193
"Cyp2u1",-0.575274440194942
"Rbak",-0.57587680090919
"Tmem242",-0.577040672302905
"Zfp853",-0.577529353114224
"Cops4",-0.57786323672573
"Dennd2c",-0.57935642473367
"Calcrl",-0.579397948420871
"Oaz1",-0.579486023226149
"Arl2bp",-0.579661356963725
"Anxa6",-0.5801778914887
"Slitrk2",-0.580490649718559
"Msc",-0.580566939933395
"Pitrm1",-0.580790287492165
"Clk4",-0.581018348045761
"Rad52",-0.582917836835022
"Dhx40",-0.583358939136419
"Tgfbr3",-0.583549455866798
"Nhej1",-0.585376237318262
"Mtfmt",-0.585822444838254
"Dhx16",-0.58656921688264
"Fgfbp3",-0.586846320612235
"Ppard",-0.588066366692206
"Klhl22",-0.588793059367554
"Phip",-0.588895002625616
"Fgf9",-0.59129359908738
"E2f3",-0.591504924078627
"Thoc2",-0.592532251181248
"Ehd3",-0.593933623450062
"Zcchc14",-0.594612531876429
"Ppp1r15b",-0.595345770171918
"Mettl16",-0.595365602850491
"Tmem41a",-0.595433233257918
"Vegfc",-0.59569846282383
"Aldh1l2",-0.597128979712783
"C12h12orf43",-0.597875138642218
"Zfp428",-0.598374602457811
"Nrdc",-0.599187346449013
"Vegfd",-0.599542774316644
"Trmt10a",-0.599655552762235
"Prrc2a",-0.600071765107339
"Tbc1d12",-0.600103306967442
"Tigd5",-0.600911355460569
"Crnkl1-ps1",-0.601025743696371
"Enox2",-0.602068886920752
"Ift140",-0.603192543184432
"Prdm5",-0.603777444467758
"Dppa4",-0.604663165315065
"Ranbp3",-0.605341318339079
"Mecp2",-0.605615034256377
"Dus3l",-0.60578494010482
"Hoxd3",-0.605791679256476
"Zcchc4",-0.606120384280131
"Sumf1",-0.606258543778174
"Hars2",-0.607113748216431
"Zmynd8",-0.607575918696741
"C1h11orf24",-0.607651690693702
"Cables1",-0.607929664054111
"Atp7b",-0.608410588199234
"Ccrl2",-0.610495950207157
"Mtdh",-0.610667420396135
"Neurl4",-0.611124134470291
"Ccdc191",-0.611656532147986
"Timm10b",-0.611970031404057
"Slc16a9",-0.612208831170878
"Aptx",-0.612594396513178
"Nyap1",-0.613734707875885
"Atxn7l3",-0.615983460835889
"Lsm14a",-0.617062956479357
"Fscn1",-0.617581109079644
"Ptgr3",-0.617741767713467
"Ifit1",-0.618499108615421
"Nkiras2",-0.619376245354599
"Dop1a",-0.619376359396636
"Hivep1",-0.619421855686107
"Polr3gl",-0.619742687064914
"Spag7",-0.621374473533568
"C17h7orf25",-0.6217667075782
"LOC100360087",-0.622327857177504
"Pgm3",-0.623713248639304
"Zfp398",-0.62491609755407
"Ifi44l",-0.624957092513048
"Sh2b1",-0.628566421048186
"Nudt18",-0.629256086626607
"Tada2b",-0.629484648986912
"Yipf4",-0.629837531304211
"Slc16a12",-0.631025908956247
"Avil",-0.631878243432528
"Celsr3",-0.632110973234252
"Bltp2",-0.632342610560652
"Qser1",-0.633481801104167
"Prdm6",-0.634430440512489
"Hes7",-0.6386132878862
"Atp2c1",-0.638967934933117
"Dnajc6",-0.639455033174498
"Siglec8",-0.640565699493863
"Maf1",-0.642401318587929
"Scfd1",-0.642742175888655
"Hmbs",-0.642867517086587
"Rps6kb2",-0.643000441827376
"Cwf19l2",-0.643800940423241
"Cops7b",-0.64428216501671
"Nle1",-0.644453462814035
"Cdh3",-0.645433781500438
"Srpx2",-0.64668954588589
"Stam",-0.647049954532102
"Pcnp",-0.648031041117902
"Ap2m1",-0.648055720728437
"Airim",-0.648086826660179
"Cdk5rap1",-0.648399195172317
"Pik3c2a",-0.648462543831446
"Gzf1",-0.650233777483214
"Ubac2",-0.651306488518927
"Metrnl",-0.651353212551008
"Zfp617",-0.651597875387114
"Cdc123",-0.652940551306424
"Fhip1b",-0.653036226745454
"Csmd2",-0.654006151164159
"Pde4d",-0.654340516723541
"C5h8orf88",-0.655696105848358
"Zfp560",-0.655944460579038
"Tmem241",-0.656938276446023
"Zfp318",-0.657656805455924
"Maneal",-0.657821141807431
"Foxc2",-0.658246114959798
"Clk3",-0.658717354621162
"Srsf5",-0.659450781636714
"Gpr88",-0.661860540505261
"Epb41l4a",-0.661873453356513
"Fndc1",-0.662497821609213
"Slc25a52",-0.662760945077433
"Plxna1",-0.662933709896078
"Nmt2",-0.663409131303248
"Creb3",-0.66351896283621
"Egfl8",-0.664988478587152
"Erlin2",-0.665409575082403
"Anapc11",-0.665767427076129
"E4f1",-0.666433172893547
"Fer",-0.666456479720018
"Zfp574",-0.667505055266665
"Atg101",-0.667897695297299
"Mir22",-0.668181401251479
"Ptcd2",-0.66836656035388
"Cyld",-0.668681531271855
"Vcpip1",-0.669984546926887
"Taco1",-0.670289175080086
"Tmem71",-0.6709934556613
"C13h2orf76",-0.671323710861153
"Maip1",-0.671888375489313
"Taf9b",-0.67213907283293
"Usp15",-0.672787263147541
"Klhl25",-0.673164802911122
"Ntn1",-0.673285834611332
"Znf768",-0.674058822133825
"Vamp7",-0.674739149896366
"Csrp1",-0.674784683524437
"Exoc2",-0.676272084643016
"Itgb3",-0.676318947871675
"Eed",-0.678590640846501
"Poc5",-0.678710364714658
"Unk",-0.679622841986612
"Ogt",-0.679664869947364
"Snu13-ps5",-0.68046598932353
"Elmo3",-0.680900927862483
"Dcp1a",-0.681476911713176
"Entpd2",-0.683034605530908
"Pik3r4",-0.683627985537016
"Ubtd2",-0.684232463638229
"Mrpl38",-0.68479850803268
"Thyn1",-0.68564865596561
"Slx4",-0.685909625484748
"Aspdh",-0.686531830771515
"Utp20",-0.686574118564422
"Snf8",-0.686715226040761
"Golim4",-0.687100062178655
"Bltp3a",-0.688833188556853
"Selenop",-0.688920259954612
"Cd247",-0.68916023575399
"Zfp51l1",-0.689631213388118
"R3hdm4",-0.689916068393296
"Pnisr",-0.690078791440449
"Scai",-0.690395318442595
"Mtss1",-0.693097586788954
"Gapdhs",-0.69359040752444
"Wwc1",-0.69359494765736
"Bsdc1",-0.696077570858639
"Tk2",-0.696140080566361
"Ccnt1",-0.696778183525248
"Mrps23",-0.698141832760301
"Dnajc5",-0.699189121515911
"Ercc5",-0.699216903636271
"Nap1l3",-0.699407495453579
"Cln3",-0.699881874892233
"Sptbn2",-0.700758919511564
"Septin9",-0.7013154893472
"Tmem41b",-0.702819305984022
"Armcx5",-0.703921326665113
"Psen1",-0.703953693807882
"Chmp3",-0.705007120297195
"Pqbp1",-0.70683987483271
"Morc4",-0.706843227013698
"Adipor1",-0.707720507120453
"Polr2f",-0.708594670731533
"Larp6",-0.709146395095304
"Nlgn2",-0.709726808958202
"Cmc1",-0.710023677366604
"Tyw3",-0.710153303687411
"Nr6a1",-0.710278329689206
"Flcn",-0.711306197955129
"Lrrc8a",-0.712357714203511
"Vwa3a",-0.712623303062659
"Ago2",-0.712930973036322
"Znf740",-0.713090839995133
"Mplkip",-0.713496748665191
"Nudc",-0.716213229515739
"Pbxip1",-0.719981237820775
"Camsap1",-0.720116562585297
"Cercam",-0.720839431866883
"Ltbp3",-0.7213686700156
"Stx7",-0.721384240468786
"Cdkn1c",-0.721720789847533
"Lats2",-0.722889392655689
"Orc2",-0.722958925691391
"Cep83",-0.724459183153595
"Ogdhl",-0.725427233168826
"Pank2",-0.727537297055052
"Srp72",-0.727811981278617
"Rftn2",-0.727825278778746
"Sumf2",-0.72954642374236
"Hoxb9",-0.731209367812063
"Gale",-0.731233392024626
"Gaa",-0.73176959706859
"Syp",-0.731961981314578
"Mea1",-0.734203309971141
"C3h9orf78",-0.734609984221932
"Zfp90",-0.735433836439399
"Brd8",-0.735595749516352
"Snx25",-0.735703011223203
"Mrpl42",-0.73806667396397
"Gli4",-0.738452761431552
"Tatdn3",-0.7384982685439
"Nufip2",-0.738804587986566
"Mapre2",-0.738971504505406
"Hdac9",-0.739668203585475
"Actmap",-0.740064052361631
"Ccdc88a",-0.741745268512234
"Tm2d2",-0.742952875031121
"Tbc1d5",-0.744159942476135
"Itgb1bp1",-0.745018333343079
"Trdmt1",-0.745194699968702
"Ibsp",-0.746087188439757
"Zbtb3",-0.746788706819953
"Oas1b",-0.746898922642684
"Dmac1",-0.747488894404227
"Atp6v1d",-0.747560820586069
"Cog4",-0.747822207541036
"Ogfod1",-0.747839457919512
"Sphk2",-0.747895358486441
"Taf1a",-0.747964302418169
"Foxn2",-0.748511240973101
"Gcc1",-0.748800736005016
"Blcap",-0.748863857826501
"Rnf31",-0.748889506972693
"Taf8",-0.749640680033096
"Sgta",-0.751499904369869
"Serpini1",-0.751707176073393
"Adgrb2",-0.751803944099808
"Klhl15",-0.751917374074689
"Mpp2",-0.752182504649532
"Phf1",-0.752292875774207
"Fan1",-0.75278745569557
"Dab1",-0.752959218629495
"Pias4",-0.753008304425792
"Lyrm4",-0.753330026184247
"Wnk4",-0.756300696492809
"Tmx4",-0.756466238190009
"Maz",-0.756623564336488
"Zfp717",-0.757116996806813
"Rnf6",-0.757667763903502
"Txnl1",-0.759795656992914
"L1cam",-0.760373375919091
"Eml5",-0.761206015371735
"Tmem63b",-0.761315624372105
"Armh3",-0.765180091397757
"Nebl",-0.765905571656918
"Cela2a",-0.766231022433621
"Ocel1",-0.766285591990254
"Kpna5",-0.766571715750213
"Zc3h8",-0.766922327107474
"Npr2",-0.768059458971836
"Eif1b",-0.769628324788469
"Dlg5",-0.769824429188607
"Dcn",-0.770011835516539
"Cldn11",-0.770424544268534
"Ttc23",-0.770703487169427
"Ccdc9b",-0.772570056212649
"Irf2bp1",-0.774283543266547
"Abhd5",-0.774298477471831
"Sugp1",-0.775949639072686
"Stk32a",-0.775975992160898
"Ccdc43",-0.776562561216343
"Cul4a",-0.776959809629118
"Coq6",-0.777317165969754
"Tbx18",-0.778135407190291
"Rsf1",-0.778234585607241
"Afg2b",-0.778740953401263
"Chd9",-0.77915447529317
"Akap1",-0.779415513164533
"Lurap1l",-0.780055568999792
"Gpr27",-0.780418682293462
"Gmcl1",-0.781133137479481
"Kbtbd4",-0.781365547159439
"Sri",-0.781848797077033
"Pi15",-0.783622768882038
"Ly6l",-0.784208853118798
"Tmem11",-0.785213720325843
"Eps8",-0.78645218525612
"Fndc3b",-0.786656416934886
"Sbno1",-0.787254434700836
"Kctd10",-0.788666730036673
"Ubxn6",-0.788740284444666
"Ltc4s",-0.788913128437502
"Wdr76",-0.788942707250276
"Uqcc6",-0.791698819928647
"C8h3orf62",-0.793994234064983
"Cmip",-0.794245091847825
"Afg1l",-0.794349278392311
"Epor",-0.794532692764683
"Gtf2i",-0.796000626267979
"Ppargc1b",-0.796062939452665
"Adcy5",-0.797162468113521
"Polr2m",-0.797596118446156
"Pramef8",-0.798705482795755
"Pth1r",-0.799005699325778
"Ccdc71",-0.799077813313595
"Atp2b4",-0.799503322700035
"Wdr82",-0.799509349665965
"Mapk10",-0.799652819254777
"Ribc1",-0.801395519603316
"Dnm1l",-0.803346188796029
"Ttc41",-0.80377061243511
"C1h19orf47",-0.804110793343236
"Nampt",-0.804130935259807
"Kbtbd11",-0.804209776588522
"Dcaf10",-0.804296512880513
"Msl1",-0.80456191319129
"Appbp2",-0.804832849903382
"Chuk",-0.805017727610073
"Ncoa1",-0.805262044401999
"Mrpl21",-0.806759006799459
"Slc40a1",-0.807069825065893
"Rtel1",-0.807159585420958
"C2h1orf54",-0.808343967896915
"Plekhm2",-0.809592144248963
"Chkb",-0.809916308159149
"Lpcat3",-0.810110247904797
"Map3k11",-0.811218081467162
"Ncaph2",-0.81123504754468
"Psmc3",-0.811771597674268
"Cadps",-0.812620996277393
"Hhat",-0.813045836513924
"Bcl9",-0.814184664577031
"Tbl1xr1",-0.814258114668448
"Hmgcll1",-0.814396965038428
"Ddx24",-0.814986341508581
"Mef2b",-0.816730982078456
"Stap2",-0.81757016903378
"Cfap43",-0.818609871794825
"Recql",-0.818951900358958
"Fam76a",-0.818968218120145
"Cldnd1",-0.820184713055523
"Fam53c",-0.821316400748794
"Mzf1",-0.823487058381006
"Erlec1",-0.825081748270964
"Pglyrp1",-0.825186709177667
"Rabl6",-0.825992333863786
"Usp5",-0.826636216502623
"Tbc1d7",-0.827235236690111
"Cntnap2",-0.827595737789848
"Pik3ip1",-0.828100281006587
"Nudt13",-0.828714541083835
"Mief1",-0.829752043345659
"Tfcp2",-0.830773123421003
"B4galt4",-0.831156801577234
"Lrpap1",-0.832458569526319
"Uros",-0.83315984991724
"Mfng",-0.834936413303301
"Naa50",-0.835649655297141
"Nktr",-0.835778703887697
"Gnpda2",-0.83590871697189
"Akr1c19",-0.836170729036836
"Pacs1",-0.837686758320483
"Cpd",-0.838962584353459
"Sharpin",-0.840811962932795
"Arid2",-0.843103001864519
"Tmco1",-0.844187831676599
"Tmem258b",-0.844290173061062
"Spata25",-0.844515876055981
"Bag6",-0.8453163954392
"Chd6",-0.845722301595949
"Uba7",-0.846537650338735
"Gopc",-0.84675338052708
"Tfpt",-0.84859875380285
"G3bp2",-0.848602322882944
"Shroom4",-0.849036137105502
"Msra",-0.851849335825816
"Ift122",-0.852088973555691
"Cwc25",-0.854300011625191
"Trappc11",-0.854550943684132
"Gstm4",-0.856598634817431
"Mef2d",-0.856712089657291
"Iqcb1",-0.857319420370171
"Csnk1g3",-0.858873160196535
"Zfp53",-0.859573402308371
"Dolk",-0.859885165935968
"Map4k4",-0.860438227616501
"Prpf8",-0.860876022896535
"Mmrn1",-0.861057028574895
"Tmem51",-0.861390036677097
"Snord123",-0.861458175482421
"Ubl7",-0.861483581266129
"Bdp1",-0.861972072018926
"Twist2",-0.862643819517283
"Ndufa12",-0.862671125812318
"Slc7a11",-0.862978133227811
"Dld",-0.863133618289931
"Zbtb18",-0.863709387249967
"Slx9",-0.863793445405676
"Pou2af1",-0.865540470691091
"Osr1",-0.865892015075256
"Tars3",-0.866805048787545
"Tmem101",-0.869380722066696
"Tmem191c",-0.870088150222307
"Gli3",-0.870996404684632
"Tmem60",-0.871777714209396
"Phactr1",-0.872923570335782
"Traf5",-0.873177792290916
"Mthfs",-0.873185853284601
"Usp36",-0.873311541350806
"Cutc",-0.873968715833503
"Slc35g3",-0.874223451119687
"Cdr2l",-0.876366560125307
"Disp2",-0.877220089281043
"Kansl3",-0.878250608048882
"Nt5m",-0.879239965551082
"Eif2b5",-0.880942212598531
"Krt80",-0.881200749741709
"Rabgap1l",-0.881528224790554
"Chrne",-0.881963253373476
"Tle5",-0.882035567898843
"Tmem64",-0.882316493408748
"Ptrh1",-0.883157412204342
"Cdh23",-0.883380084135067
"Fyco1",-0.884984701049795
"Fhl3",-0.886848979780925
"Usp29",-0.88764310291833
"Heatr4",-0.889716379132984
"Tceanc2",-0.889881582524287
"Fbxo10",-0.890115819648533
"Dhx30",-0.892100332279951
"Cul5",-0.89356156965495
"Higd2a",-0.894030506831792
"Hcfc1r1",-0.894099016304922
"Trpc4ap",-0.894785028245639
"Gramd4",-0.895029042628744
"Zfp354a",-0.895591756152928
"Bptf",-0.89761035468944
"Xpnpep1",-0.901288316990846
"Asap3",-0.902183377870857
"Anapc13",-0.905716993444814
"Rras2",-0.906282713547551
"Urgcp",-0.907420043616652
"Mt2",-0.908211812744341
"Abcb9",-0.909168261591278
"Grik5",-0.909627632625723
"Zxdc",-0.909794374955971
"Derl2",-0.911559003741702
"Mir3065",-0.911888478433414
"Fam110b",-0.911998347198602
"Aars1",-0.912635715653635
"Arl8b",-0.914058102672413
"Srcap",-0.914373093445595
"Rpl7l1",-0.914904458317405
"Uqcc4",-0.915337471314097
"Gk",-0.915819363256913
"Wasf1",-0.919252791354705
"Uchl1",-0.919381813180126
"Mysm1",-0.920498068859309
"Taok1",-0.924596598474378
"Med24",-0.924694900412989
"Kiaa1958",-0.926279232661038
"Gpr182",-0.927134670508321
"Bcdin3d",-0.927280271048526
"Mrpl4",-0.927439315003321
"Rbck1",-0.927530337947463
"Dnaaf8",-0.928134727459342
"Tll2",-0.929000383756578
"Atxn2",-0.929206968126447
"Ehd4",-0.929600229086919
"Stx8",-0.92983956221898
"Tomm34",-0.930024378327464
"Elac2",-0.930106008694805
"Hcfc1",-0.930116469964405
"Malsu1",-0.930416497659744
"Sspn",-0.930536215457681
"Cdk20",-0.93078399524112
"Arhgef28",-0.932205845250092
"Actr3b",-0.932469952825191
"Doc2g",-0.933353627157067
"Nploc4",-0.933794785184857
"Gfm1",-0.935545480038548
"Gpn3",-0.938504311590971
"Tsen34",-0.938913848869865
"Sec16b",-0.9395910604523
"Btbd19",-0.939962196008213
"Entpd7",-0.940596324466712
"Zfp949",-0.940665550352771
"Rnf14",-0.940684618095268
"Hoxd9",-0.940770965217149
"Lrtomt",-0.94155144512531
"Plec",-0.942156947081673
"Rab4a",-0.943633747575015
"Hint2",-0.945520429906376
"Gpbp1l1",-0.945667114125263
"Tasor2",-0.946261505543671
"Zfp26",-0.946599812643913
"Lancl1",-0.950783274221872
"Pkp4",-0.952278464293678
"Psmd1",-0.953126422221976
"Acvr2b",-0.953542336807318
"Snrnp35",-0.954710766984658
"Zswim8",-0.955821954978935
"Cspg4b",-0.956278019593794
"Epha5",-0.956984779850184
"T2",-0.95731009829129
"Ctc1",-0.958253663323616
"Tm9sf4",-0.958628708767095
"Fcgrt",-0.958899777458515
"RT1-T24-4",-0.959899714467997
"Ddx6",-0.960815122812017
"Lto1",-0.961776763958552
"Txndc12",-0.962188048510194
"Mx2",-0.962362303984339
"Arhgap12",-0.962408813138467
"Pdzd9",-0.962862963865792
"Lig4",-0.962969241267959
"Cacna1h",-0.963264457706608
"Bspry",-0.963284124385957
"Tcf7l2",-0.964057990172946
"Cox15",-0.964167140409823
"Wac",-0.965466326801431
"Lrrc28",-0.96599986821837
"Yipf2",-0.967328773511664
"Lrrc14",-0.968754603431222
"Cabcoco1",-0.968755512446974
"Adam1a",-0.969656411718522
"Etv1",-0.970464523554747
"Daam1",-0.971149724993848
"Kdm4c",-0.973639876796702
"Ndufs5",-0.974038453376342
"Pyroxd2",-0.976430615537959
"Catsper2",-0.976752047359625
"Supt6h",-0.976787130624614
"Mtx1",-0.978458999060373
"Sod1",-0.978461230608174
"Kifap3",-0.979917877917327
"Cd2bp2",-0.980300299379494
"Cdc23",-0.980422632275671
"Rbm27",-0.981181877398988
"Fam20a",-0.982632759737941
"Hes2",-0.98373679886224
"Tinf2",-0.984844877921484
"Lypd1",-0.984910821442618
"Ring1",-0.985537273132273
"Thumpd1",-0.986708896141227
"Sgce",-0.987411650888826
"Zcchc12",-0.987607541311019
"Armt1",-0.988121887469585
"Dcaf1",-0.988165690631373
"As3mt",-0.988906472302262
"Lbr",-0.989506216918024
"Aifm3",-0.989619366358482
"Ccdc137",-0.990787518574777
"Ccdc28a",-0.991117011951992
"Faf1",-0.9915892428979
"Gnb5",-0.992022575782471
"Ptov1",-0.992280121383654
"Hdac4",-0.99233185902914
"Xkr6",-0.992415370338048
"Elac1",-0.992503811299653
"Bap1",-0.993001061220247
"Mtpn",-0.993497056131864
"Gpd2",-0.994410205325255
"Zscan20",-0.995002504704921
"Lars1",-0.995234501278756
"Uevld",-0.995419392290741
"Snap29",-0.996070897860698
"Rgs4",-0.996775383658047
"Lrpprc",-0.996854732384151
"Nlgn3",-0.997580116502312
"Nol4l",-0.998112756268641
"Swsap1",-0.999986875578601
"Zfp213",-1.0001538108652
"Ttc16",-1.00137827516103
"Shprh",-1.00150263987104
"Rab3gap1",-1.00172999670562
"Atp10d",-1.00242171309601
"Gtf3c3",-1.00248792834018
"Armcx1",-1.00356936150275
"Myo15b",-1.00394302808319
"Mipep",-1.0046302882889
"Fnip2",-1.00573016533636
"Ash2l",-1.00648676080364
"Jmjd4",-1.00733294495389
"Lpin3",-1.00872375267213
"Rccd1",-1.00914399648354
"Btbd9",-1.00964441236267
"Syt7",-1.01268389336295
"Fdx1",-1.01280794338698
"Stx17",-1.01450599215601
"Samd13",-1.01489915798207
"Mid1",-1.0155126814727
"Rec114",-1.01625052069179
"Hectd1",-1.01667729318225
"Telo2",-1.01710777554525
"Pmfbp1",-1.01843773444554
"Akap11",-1.02001991544963
"Cs",-1.02084731260904
"Gnl3l",-1.02093007118672
"Cdhr2",-1.02117508169529
"Tubgcp6",-1.02122797861165
"Lta4h",-1.02123721268031
"Man2c1",-1.02132322999638
"Prom2",-1.02207380947017
"Ube2v1",-1.02338318270223
"Celf1",-1.02372661809436
"Galnt1",-1.02440370062735
"Zfp503",-1.02505332116335
"Slc44a1",-1.02619248587375
"Spg7",-1.0265843492659
"Frem1",-1.0286032418179
"Pycr1",-1.02877953974049
"Arhgap42",-1.03054393004758
"Klhl28",-1.03086146402844
"Matn2",-1.0314729023433
"Etfdh",-1.0316111081813
"Dipk1b",-1.03419571932403
"Tasor",-1.03537758830718
"Golga1",-1.03666613872041
"Klhl36",-1.04032703148043
"Myl6",-1.04167137515364
"Ube2l3",-1.04178439361748
"Zfp799",-1.04224733362399
"Srp9",-1.04235625062949
"Akap17a",-1.04530776585452
"Ceacam1",-1.04623325591328
"Sox18",-1.04668332331513
"Phf21b",-1.04697653786024
"Ptar1",-1.04721019848376
"Sgsm2",-1.04731809614637
"Cnnm4",-1.04816633816168
"Pik3c2b",-1.04856709999692
"Tsr3",-1.04868179480251
"Taldo1",-1.04921590055729
"Usp24",-1.04939661119617
"Yap1",-1.05021001014264
"Cish",-1.05022222399359
"Clip4",-1.05025607216222
"Bcl6",-1.05090186626478
"Mmadhc",-1.05160728565105
"Mfn1",-1.05221250987374
"Trim68",-1.05228686592514
"Il4i1",-1.05242091309154
"Cyp4f4",-1.05244888448496
"Syde1",-1.0528172844596
"Eral1",-1.05292661702809
"Dock6",-1.05295822502715
"Lypd3",-1.05312186913402
"Npr1",-1.05332401584697
"Itsn1",-1.05420115716092
"Rhbdd2",-1.05452741434284
"Nmnat1",-1.05515343383655
"Nisch",-1.05523249344963
"Krt12",-1.055383242006
"Zbtb39",-1.05543659577722
"Pdilt",-1.05562113418651
"Borcs8",-1.05579407000591
"Txnrd2",-1.05730717708104
"Ttll5",-1.05731913267193
"Wdr97",-1.05734048928242
"Casd1",-1.05883746139082
"Nsmf",-1.0595010842631
"Lars2",-1.06160732083607
"Islr",-1.06237756143817
"Wnt4",-1.06267334701461
"Spaca6",-1.06293850056397
"Bmper",-1.06543002325302
"Alg3",-1.06628825629568
"Ttc19",-1.06722006158332
"Adarb2",-1.06725385338894
"Tmem140",-1.06763548029374
"Alkbh3",-1.0681182552471
"Elp1",-1.06922892857379
"Camta2",-1.07172643148631
"Cyb561d2",-1.07221528494991
"Ciao3",-1.0725917380614
"Tmco3",-1.07288547130659
"Bicc1",-1.07298035351597
"Gcn1",-1.0740330432272
"Spen",-1.07412283465502
"Csgalnact2",-1.07421572613874
"Zfp267",-1.07519730890212
"Spata24",-1.07539663035549
"Rusc2",-1.07660491475742
"Crebrf",-1.07964009760466
"Fam220a",-1.08007795467689
"Dnai7",-1.08016615229076
"Mob2",-1.08020905351788
"Neil2",-1.0802358505495
"Zgpat",-1.08036736683075
"Vldlr",-1.08525272304073
"Slc39a10",-1.08845194300681
"Mrpl52",-1.0885724302394
"Washc5",-1.08859651710488
"Ireb2",-1.08906494328098
"Mphosph6",-1.08956783473748
"Prkar2a",-1.08971850730345
"Ankrd61",-1.08983534306083
"Eml6",-1.09172834458548
"Zfp507",-1.09195380291442
"Leo1",-1.09364218440521
"Itga3",-1.09464897608484
"Hmox2",-1.09533554561761
"Mecr",-1.09643647849873
"Klhl34",-1.09653822239217
"Nexmif",-1.09661613691056
"Sepsecs",-1.09754465626154
"Rnf169",-1.09968305606306
"Slc2a8",-1.10002101492873
"Atg2a",-1.1009911763798
"Mtmr7",-1.10144464094881
"Pomgnt1",-1.10257346755384
"Gla",-1.10272589182643
"Klhdc8b",-1.10560168568531
"Ahctf1",-1.10759572719288
"Ptch1",-1.10779018594135
"Letmd1",-1.10825244744048
"Nin",-1.1082653401094
"Srp54a",-1.10879052223031
"Itsn2",-1.10893368454496
"Pold4",-1.10967800432724
"Kiaa1328",-1.110400686436
"Fcho1",-1.11204887139235
"Rere",-1.11339196466999
"Atp6v0d1",-1.11573179660891
"Tmem25",-1.11668469836181
"Pde6d",-1.11673631466015
"Slmap",-1.11742165727552
"Mrpl19",-1.11891008967688
"Pms1",-1.12004128903756
"Eif2s2",-1.12132070708373
"Ranbp17",-1.12177154933066
"Gtf2e1",-1.12209338524951
"Rassf7",-1.122992308994
"Ppp1r10",-1.12402672861188
"Ccdc80",-1.12529763844029
"Clxn",-1.12695440331316
"C13h1orf53",-1.12718728897377
"Lztr1",-1.12796467904823
"Mxra8",-1.12862128680022
"Hist3h2ba",-1.12872673096694
"Traf6",-1.1307419764811
"Bicdl1",-1.13091586609102
"Lime1",-1.13117357499608
"Acad11",-1.13178020418403
"Phactr4",-1.13420131960832
"Ppm1a",-1.13754333225237
"Epc2l1",-1.13832074344929
"Rps16",-1.14055382290773
"Usp43",-1.14076849317815
"Rab33a",-1.14100669619396
"Srrm1",-1.14139880127999
"Chka",-1.14163294088669
"Tmem126b",-1.14180756270382
"Tsen54",-1.14353420027603
"Vps35",-1.14418836819526
"Capn2",-1.1450567303607
"Ralgdsl1",-1.14606596394846
"Ppm1b",-1.14621752806855
"Zbtb40",-1.14670513128382
"Adgra2",-1.1468669874809
"Repin1",-1.14688259378303
"Hpdl",-1.14902387685961
"Unc5b",-1.14943131119601
"Tmem150a",-1.15066503761763
"Mavs",-1.15277365078974
"Heatr5b",-1.15333537402073
"Alkbh7",-1.15507512688442
"Col28a1",-1.15687806885822
"Leprotl1",-1.15748553983075
"Rwdd3",-1.15785866840699
"Ndufaf5",-1.15798799757625
"Meis2",-1.15872573333586
"Dnpep",-1.1587979652873
"Cox5b",-1.15917529275799
"Vps28",-1.15970836027429
"Col6a2",-1.15972811442577
"Tulp4",-1.16010228712643
"Ppp1r21",-1.16125559966291
"Nudt22",-1.16135629297352
"Zc3h6",-1.1620637364684
"Bend3",-1.1622976090942
"Mon2",-1.16328705844648
"Baz2a",-1.16532475324993
"Map7d2",-1.16533252322706
"Mtmr9",-1.16624682460482
"Khk",-1.16896939583743
"Npepps",-1.16929569856711
"Tef",-1.17001274638214
"Urb1",-1.17014340815227
"Asphd1",-1.17383281473773
"Klhdc10",-1.17422961366069
"Rbm38",-1.17517089435728
"Map1lc3a",-1.17554912562687
"Ift27",-1.17555796017568
"Pkml1",-1.1762382879431
"Wdr37",-1.17671868576894
"Zfp407",-1.17679971788855
"Ints11",-1.1769443056689
"Herc6",-1.17704854699434
"Ro60",-1.17739382710804
"Cluap1",-1.17769691833425
"Abcf2",-1.17851555758808
"Psenen",-1.17865996717895
"Lrsam1",-1.17925627596826
"Thada",-1.17989338193155
"Krba1",-1.18068545964869
"Sap30l",-1.18100112866606
"Vegfb",-1.18219366341786
"Cept1",-1.18260592725713
"Zfp449",-1.18381022875023
"Chmp2b",-1.18531899481845
"Rfx3",-1.18583406496549
"Pusl1",-1.18610998822169
"Irf4",-1.18820215224066
"Slc39a7",-1.18883425145628
"Elovl5",-1.18895210443393
"Styxl1",-1.18909576392435
"Tnfrsf11b",-1.18987522723437
"Alg6",-1.19241099598969
"Asb3",-1.19241122273741
"Prr7",-1.19242481567557
"Tnks2",-1.19246060289348
"Qrsl1",-1.19545004044871
"Pcdhb16l",-1.195889212376
"Cux1",-1.19620868395335
"Pex5",-1.19658216475886
"Cep97",-1.19688579682721
"Kmt5b",-1.19805641159691
"Nom1",-1.19825479881612
"Btbd6",-1.19855629331472
"Ankmy2",-1.19869629017117
"Chic1",-1.19873968342857
"Serinc2",-1.19876648072786
"Dennd2b",-1.19964486825741
"Aven",-1.20134407754206
"Tbc1d20",-1.20186810301326
"Stat6",-1.20215445825554
"Med13",-1.20320125314203
"Pde1b",-1.20381872621736
"Gipc2",-1.20486889261065
"Lrch1",-1.20492380992108
"Pisd",-1.2050071338781
"Idh2",-1.20619508847613
"Ms4a2",-1.20624190529162
"Hdgfl3",-1.20633957455101
"Dzip1",-1.20653225128299
"Cnst",-1.20795262865087
"Alpg",-1.20870279780182
"Dpep3",-1.20998851634079
"Top3a",-1.21014604163346
"Ralbp1",-1.21061524276762
"Syf2",-1.2112053518199
"Ypel3",-1.21151499011399
"Atp8a2",-1.21226976501684
"Arid3b",-1.2123432900144
"Tspy26",-1.2141752731784
"Tfeb",-1.21525632644365
"Nf2",-1.21564511664127
"Fam174a",-1.21575603924035
"Orc5",-1.21619591396612
"Cep15",-1.21650141635338
"Larp1b",-1.21709399930714
"Prkar1a",-1.21845326370369
"Sarm1",-1.21868891493821
"Nars2",-1.21882589319068
"Atp11b",-1.21937200651947
"Lyrm2",-1.21972916092682
"Lrrc56",-1.22054552231277
"Grpel1",-1.22175558962036
"Timm17a",-1.2230684948426
"Cltc",-1.22326238940399
"Smpdl3b",-1.22327131077068
"Reps2",-1.22427085188653
"Nhsl2",-1.22430510185381
"Rrp36",-1.22484547113662
"Epn1",-1.22831884672957
"Tubd1",-1.22845506168623
"Ano6",-1.22872541380133
"Prss36",-1.22877504386953
"Alox5",-1.22925534776202
"Mtrf1",-1.23060053006171
"Pcdh18",-1.23204994828721
"Tnk1",-1.23327446177949
"Spink8",-1.2338568338274
"Tti1",-1.23440206670362
"Nfkbib",-1.23453871708582
"Trpc3",-1.23481764174262
"Cdc42",-1.23485272789274
"Dtwd2",-1.23606003917244
"Slc22a4",-1.23621347945499
"Arnt",-1.23656806426052
"Fbxo28",-1.23673312277085
"C3h11orf96",-1.23876540748657
"Inpp5b",-1.23881577119997
"Pard3b",-1.23884519161664
"Penk",-1.24007218685714
"Zfp518a",-1.24027693647903
"Tm2d1",-1.24152123577408
"Mrpl16",-1.24206085880515
"Nrcam",-1.24239527635478
"Tut4",-1.24359092213944
"Cln8",-1.2467938733715
"Adprh",-1.2469154995704
"Exoc6b",-1.24773849243165
"Man1a2",-1.24788354703218
"Ankra2",-1.24792865868763
"Slc38a5",-1.24896450318374
"Spa17",-1.25088337268326
"Fermt2",-1.25088729396324
"Pecr",-1.25122433518933
"Zscan25",-1.25293371934075
"Kcnn3",-1.25303433411022
"Hoxd4",-1.25440834020963
"Gpd1l",-1.25505997044918
"Wdr44",-1.25628042642936
"Pgcka1",-1.25714325000167
"Wdr47",-1.25721442074151
"Brinp2",-1.25748739605579
"Cox6b1",-1.25939907763275
"Ythdc2",-1.26017762410816
"Ypel5",-1.26056358149652
"Gin1",-1.26149093051494
"Cd19",-1.26179118129003
"Dzip3",-1.26228481387119
"Nkap",-1.26276653498862
"Clpp",-1.26310813605408
"Sfxn4",-1.26328714527521
"Mri1",-1.2643174217146
"Lclat1",-1.26450344314223
"Col6a1",-1.2663283431632
"Isyna1",-1.26677300325453
"Fbxo36",-1.26743754128907
"Rnf103",-1.26820817786683
"Tab2",-1.26894138115023
"Hdac6",-1.26932694823421
"Kctd3",-1.26998112107008
"Rnf139",-1.27028223723883
"C11h21orf91",-1.27078505388954
"Pggt1b",-1.27339668885545
"Mapk1ip1",-1.27361332489893
"Ubxn11",-1.27420634667909
"Ifit2",-1.27429232016393
"Tgoln2",-1.27442939167822
"Dpf1",-1.27528067521103
"Cd302",-1.2762711335958
"Irf7",-1.27654258713325
"Zbtb44",-1.27744702909454
"Acer2",-1.27895108191997
"Cth",-1.27914554764248
"Plekhm3",-1.27981226220956
"Ipp",-1.27981756462897
"Prdm2",-1.27985617234238
"Mrps12",-1.28131478520007
"Psmc2",-1.2818157656694
"N4bp2l1",-1.28281915490055
"Carmil3",-1.28560513553536
"Rtl5",-1.28717084842585
"Prpf18",-1.29109440354448
"Gmip",-1.29170565700597
"Slc25a13",-1.29181266454794
"C18h18orf63",-1.29246665636314
"Ikzf5",-1.29377189452318
"Tango2",-1.29382571591036
"Mmaa",-1.29490082511397
"Marcksl1",-1.29506434050993
"Lrrc4b",-1.29594668528174
"Ankrd55",-1.29631594672721
"Prtn3",-1.29650487918004
"Crtc1",-1.29720483101208
"Prox1",-1.29725571199304
"Tbc1d19",-1.29919068869771
"Smyd4",-1.30118668709501
"Supt5h",-1.30280902456185
"Ppef1",-1.30324080669954
"Top3b",-1.30363101681934
"Apold1",-1.30473451550102
"Armcx6",-1.30588615409699
"Osgin1",-1.30625208691513
"Nuak2",-1.30660974531576
"Ccs",-1.30773274595208
"Mknk2",-1.3086119460396
"Tirap",-1.31021025720898
"Hey2",-1.31143831961008
"C19h16orf46",-1.31156593430691
"Mfhas1",-1.31370629302274
"Sytl3",-1.31428828006626
"Ak5",-1.31439649377056
"Aagab",-1.31470063067515
"Mbd1",-1.31544218092203
"Vdac3",-1.31601715944024
"Crebzf",-1.31635848714018
"Plcg1",-1.31707544819908
"Tmem47",-1.31752423978287
"Snx14",-1.31798487443768
"Brwd1",-1.31965687153831
"Bmp3",-1.32054000357624
"M6pr",-1.32238281254354
"Ccng2",-1.32290184060096
"Pitpnb",-1.32395178312637
"Rasal1",-1.32502021056421
"Idnk",-1.32520728747009
"Vdr",-1.32714205399957
"Egf",-1.32742799131361
"Dennd4c",-1.32863889063574
"Mllt10",-1.33128548806537
"Txlna",-1.33215015029589
"Dnajc16",-1.33242612142456
"Huwe1",-1.33376861479904
"Smim8",-1.33404270052326
"Atosb",-1.33405031819499
"Ankrd13c",-1.33458782666424
"St6galnac3",-1.33624975444151
"Thap7",-1.33679912781487
"Zfyve16",-1.33684546715092
"Cluh",-1.33717737078343
"C9h2orf49",-1.33760089295804
"Dclre1b",-1.33890229309441
"Ccdc77",-1.33941316799004
"Usp9x",-1.33978737660406
"Myo1c",-1.33991207517928
"Ifi27l2a",-1.34018545012223
"Ucma",-1.34035731751455
"Scfd2",-1.34091528035817
"Abcb7",-1.34176158127744
"Nsd3",-1.34212386837541
"Dennd1a",-1.34237433173992
"Abcg4",-1.34242244372588
"Kdm3b",-1.34384633336707
"Mmachc",-1.34452185141504
"Dnajc15",-1.34481711406395
"Scamp1",-1.34498886429959
"Kansl1l",-1.34528450150635
"Scamp3",-1.34604226537135
"Pcsk4",-1.34644778611107
"Hsd17b14",-1.3464825094605
"Tanc1",-1.34694473736364
"Cog6",-1.3474367515672
"Sdr42e1",-1.34790138983669
"Leprot",-1.34827659478963
"Ptpn3",-1.3488079501919
"Nrarp",-1.34977597279273
"Nedd9",-1.35047330719981
"Gmpr2",-1.35062112181362
"Parp11",-1.35078631199049
"Timm21",-1.35170965222604
"Col22a1",-1.35278153903595
"Mpo",-1.35305930945781
"Klhl3",-1.35413220049282
"Foxo6",-1.35443445153658
"Arpc5l",-1.35472082353152
"C5h1orf50",-1.35504796933164
"LOC102546572",-1.35578957967683
"Ccdc126",-1.35617013621742
"Tmem81",-1.35732447393749
"Niban1",-1.35778726932889
"Wsb1",-1.35784898414335
"Vps4a",-1.35844379485294
"Pou2f1",-1.35944477568851
"Ptprr",-1.35958314209331
"Naaladl1",-1.3606764357837
"Emc1",-1.36104743795404
"Abl2",-1.36168249245202
"Ip6k2",-1.36213480894799
"Mdp1",-1.36765534280079
"Rarres2",-1.36851470743947
"Catsperd",-1.368687701351
"Itm2b",-1.36936711624454
"Zmpste24",-1.36987398448452
"Ccna1",-1.37081434857805
"Akip1",-1.37083968815176
"Utp11",-1.3725119846833
"Rcsd1",-1.37260825438914
"Gtf2h5",-1.37323040406364
"Wwp2",-1.3733138881867
"Cwc15",-1.37461572784764
"Wscd1",-1.37568729870646
"Maea",-1.37608431363013
"Ap2b1",-1.37611253025601
"Kcnq1",-1.37661568305371
"Dhrsx",-1.37758667342587
"Slc25a19",-1.37788643042086
"Ttc38",-1.37973297387535
"Cntn1",-1.38123501677694
"Arid4b",-1.38226860984449
"Cybrd1",-1.38450989298485
"Ubc",-1.38492099824462
"Tbc1d32",-1.38515306757254
"Zfp397",-1.38545046343828
"Dicer1",-1.38556500058581
"Ube2v2",-1.38615772721724
"Cep63",-1.38639383171598
"E2f2",-1.38650249871414
"Sfxn3",-1.38710564913649
"Ccdc88c",-1.38714390909296
"Zfp316",-1.38805675799879
"Ptpn21",-1.38811087099192
"Nadk2",-1.38913101097305
"Tmem198",-1.38976501704093
"C1qtnf3",-1.39124046607811
"Atf6",-1.39205799072033
"Fam217b",-1.39258878977386
"Adh7",-1.39456061533775
"Fbln7",-1.39468402807621
"Fgf11",-1.39596576963477
"Dennd5b",-1.39769960215315
"Myct1",-1.40197363067068
"Ndc1",-1.4020364408878
"C16h19orf44",-1.40209646501909
"Gnas",-1.40240591158554
"Gsk3a",-1.40253772137613
"Atg13",-1.40422200004309
"Prr14",-1.40515857241784
"Colgalt2",-1.40559927818506
"Coa3",-1.40616520809077
"Tas1r1",-1.40630350638473
"Cox4i2",-1.41068799956674
"S1pr4",-1.4115744348558
"Il21",-1.41244739053611
"Prkaca",-1.41269257132497
"Ikzf4",-1.4131322841182
"Ddb2",-1.41335785701301
"Scgb1c1",-1.41633867648366
"Mroh8",-1.41724292218578
"Fbxo7",-1.41749394862946
"Stx4",-1.41754990453646
"Tmc8",-1.41826345761157
"Nckipsd",-1.41923857943965
"Tmem30a",-1.42146384040606
"Mrpl18",-1.42411419441651
"Cops9",-1.42487293834702
"Spata22",-1.42859215598001
"Aqp5",-1.42924727838799
"Tubb4b",-1.42942937150423
"Yju2b",-1.42969711214385
"Dus2",-1.43177055612974
"Lrrn2",-1.43230207052569
"Scube2",-1.43242180781152
"Trim55",-1.43255678254748
"Eya4",-1.43359857512953
"Kif26b",-1.43390063344504
"Nmnat3",-1.43431136928725
"Lgals2",-1.43433349334652
"Neu3",-1.43509508707321
"Ifit1bl",-1.43757750516114
"Msantd5",-1.43882581911494
"Mbtd1",-1.43982582174629
"Osbpl1a",-1.44084224227446
"Krt10",-1.44259377558321
"Arl6ip4",-1.44447043854357
"Exoc6",-1.44523551003316
"Necap2",-1.44547178973012
"Rgcc",-1.4479829004715
"Spopl",-1.44832301958502
"Slc2a12",-1.44850645224157
"Kctd20",-1.44941701679848
"Usp12",-1.44976732589585
"Spry4",-1.45004973122404
"Mir301a",-1.45088413780876
"Stk26",-1.45126426828612
"Prkg2",-1.4516202609698
"Ptbp2",-1.45242211190557
"Braf",-1.45526904656525
"Tle2",-1.4566314344151
"Cc2d2a",-1.4570418993365
"Cfap53",-1.46028081390959
"Acsf3",-1.4607655332745
"Scn3a",-1.46159486329366
"Mdm4",-1.46215475243853
"Aatk",-1.46256378575943
"Cnr1",-1.4631906156338
"Akr1c14",-1.46457735287508
"Bola1",-1.46547756242029
"Acaa2",-1.4668765607562
"Hbegf",-1.46703969144522
"Sec24b",-1.46725975674239
"Tnrc6b",-1.46837156910115
"Slc25a26",-1.46846377257329
"Alg1",-1.46913532646523
"Mettl25b",-1.47043304467472
"Pear1",-1.47311112561508
"Rap1gap",-1.47320875477864
"Shisa7",-1.47344668168451
"Axin2",-1.47346248149704
"Dhx33",-1.47654905215603
"Sema3g",-1.47773192638253
"Lemd3",-1.47975163954468
"Cars2",-1.48066527257568
"Rab6a",-1.48067393431073
"Krt8",-1.48184301156463
"Tmem59",-1.48353270933806
"Taf1",-1.48355329648696
"Mast1",-1.48411232129512
"Tfr2",-1.48463524499976
"Entr1",-1.48647606670206
"Endov",-1.48651815004486
"Sell",-1.48766129202926
"Ap3m2",-1.48770699607746
"Comtd1",-1.48916560853034
"Fbxl3",-1.49154928164041
"Ccser1",-1.49180305783418
"Tiam2",-1.49410188766849
"Eif4h",-1.49458599407463
"Retreg2",-1.49525863403296
"Glul",-1.49559831496064
"Ank3",-1.49583728968211
"C7h8orf76",-1.49593567367207
"Cdc42bpg",-1.49872403838359
"Golgb1",-1.50108328477797
"Ufc1",-1.50195984412213
"P2ry14",-1.50259559710247
"Gzmm",-1.50517725599413
"L3mbtl2",-1.50534212166149
"Prkcz",-1.50540141443485
"Pex1",-1.50567639699371
"Rtn4r",-1.50572514301249
"Ppp4r2",-1.50604674712442
"Qpct",-1.5062866345318
"Pde9a",-1.5099960682698
"Fam229a",-1.51088767694451
"Rlig1",-1.51093530027645
"Ntpcr",-1.51150680518807
"Scrn3",-1.51214506958245
"Il23a",-1.51284419833136
"C10h1orf35",-1.513375679151
"Btg2",-1.51418711352575
"F3",-1.51551735613348
"Anapc5",-1.51602475158435
"Pole4",-1.51672896452488
"Urah",-1.5168104543701
"Tefm",-1.51776036482808
"Scube1",-1.51833519784567
"Vdac1",-1.51854161267804
"Entpd6",-1.51872369253594
"Zfp35",-1.51961184509855
"Cc2d1a",-1.52054874542718
"Apom",-1.52088550749453
"Lonp1",-1.52167368740712
"Zfp341",-1.52193535608437
"Msrb1",-1.52202466926304
"Taf4b",-1.52219005393375
"Polr2j",-1.52373099449652
"Chpf",-1.52402030377391
"Tbca",-1.52444973286096
"Mapkap1",-1.52514529487862
"Samm50",-1.52544542912296
"Uvssa",-1.52732242474019
"Ttll3",-1.5289244055794
"Sat1",-1.52944186870974
"Stx12",-1.53120924178039
"Slain2",-1.53320038073345
"Myo18a",-1.53333214026996
"Smox",-1.53425468129025
"Pex11b",-1.53564490013331
"Tmem33",-1.53580444929491
"Irak1bp1",-1.53719443343479
"Slc35a4",-1.53792826915023
"Prrt3",-1.53818915170185
"Magi3",-1.53828832577172
"Tmem106b",-1.53851742712988
"Pdcd7",-1.53966684050387
"Mief2",-1.54191084494345
"Setmar",-1.54270261380261
"Cdpf1",-1.54543779623627
"Map7",-1.54546329156859
"Sycp3",-1.54570560392391
"Proser2",-1.54589754328327
"Mpp7",-1.54591959883112
"Sdf4",-1.54609207639314
"Rras",-1.54752664627948
"Zfp236",-1.5476694241415
"Nosip",-1.54804917008829
"Egfr",-1.54993931534327
"Sigirr",-1.54994117468276
"Esm1",-1.55071341575353
"Xpo4",-1.55140781112963
"Supv3l1",-1.55173289403931
"Bcl7a",-1.5538020492839
"C13h1orf74",-1.55406397425585
"Ppp1r16a",-1.55530273333938
"Apip",-1.55625746111808
"Brf1",-1.55632630430922
"Dip2c",-1.55709380598444
"Cops2",-1.55756532676414
"Guf1",-1.55765814008536
"Sirt4",-1.5589829580791
"Cep68",-1.55954792760496
"Nfatc3",-1.56037368701098
"Myo1d",-1.56125172918196
"Epb41l4b",-1.56203936761675
"Avl9",-1.56349666073938
"Ankrd53",-1.56403400925435
"Aamp",-1.56513268479062
"Cat",-1.56821762105
"Rtfdc1",-1.56906459583227
"Ptch2",-1.57055596033788
"Trpc1",-1.57065259187853
"Man2a2",-1.57096658548265
"Bmx",-1.57183662299937
"Pstpip2",-1.57239443487982
"Cul3",-1.57527788209258
"Krt28",-1.5757692747144
"Eri3",-1.57675118844465
"Wipi2",-1.57900225883038
"Igfbp6",-1.58078618980025
"Thap4",-1.58144917391679
"Tars2",-1.58296077358267
"Sptlc1",-1.58348668131834
"Tbkbp1",-1.58406759579649
"Map2k2",-1.5846596790339
"Clhc1",-1.58471112301099
"Mrrf",-1.58821791010865
"Mettl8",-1.58825540851515
"Slc35f3",-1.58954434779063
"Dll4",-1.59131721365454
"Ankh",-1.59291509589396
"Rarg",-1.59440740017691
"Tbcel",-1.59495513425833
"Arl10",-1.59497099993411
"Reep5",-1.59595711089056
"Lrrc32",-1.59741262731153
"Ube2e2",-1.59746450657121
"Clec1b",-1.59928256946113
"Deaf1",-1.59959712832117
"Lgals5",-1.60139790157851
"Fstl1",-1.60342441888373
"Med1",-1.60811846536681
"Ncam2",-1.60915262662829
"Mrpl46",-1.61039097022175
"Kif1b",-1.61158951206085
"Sfrp2",-1.61188303232223
"Btbd7",-1.61194696969124
"Ngef",-1.61441197900158
"Mrs2",-1.61494438570147
"Kidins220",-1.61506890780185
"Dym",-1.61581307825587
"C4h2orf68",-1.61674313054303
"Ranbp6",-1.61696112592217
"Wars2",-1.61759705092493
"Tspyl5",-1.61768552917853
"Spry1",-1.61795425762832
"Ica1",-1.61826234624458
"Lyrm1",-1.61900457316871
"Pcnx1",-1.61934773676802
"Cntnap1",-1.61982801459613
"Creld1",-1.61990105189628
"Prdm4",-1.61990432205807
"Qpctl",-1.62021127159519
"Dpf3",-1.62251769852863
"Pfdn6",-1.62257145095695
"Khnyn",-1.62386182040286
"Wdr11",-1.62468396925435
"Ttll13",-1.62469150986926
"Sbds",-1.62508795517526
"Gtf3c6",-1.62530770703302
"Bst2",-1.62586409107091
"Sfswap",-1.62589817923396
"Tulp3",-1.62691052108846
"Rassf3",-1.62929288395878
"Rnf145",-1.63043692240228
"Col6a5",-1.63143455043579
"Sypl1",-1.63209698087097
"Rbx1",-1.633653308836
"Stxbp3",-1.63383071608824
"Klhl35",-1.63430686195697
"Zdhhc24",-1.635469958021
"Fkbp2",-1.63661521251242
"Bad",-1.63706408484289
"Ccdc163",-1.63907023412068
"Trappc3",-1.63943709910311
"Pmel",-1.63949272475311
"Caly",-1.63998383426722
"Bles03",-1.64093874501959
"Arhgap39",-1.64101655341113
"Ca6",-1.64200703639971
"Selenoo",-1.64260575297347
"Pla2r1",-1.64296203570268
"Prkch",-1.64327778454412
"Ago1",-1.64354148639639
"Puf60",-1.64402527690848
"Ccdc32",-1.64532172642098
"Dnah11",-1.64707987224428
"Rnf213",-1.64714120927281
"Bloc1s5",-1.64820356818151
"Adam23",-1.64832901870613
"Bnip3l",-1.64940990447496
"Clu",-1.6498984724748
"Wfs1",-1.650428103712
"Homez",-1.65098594573449
"Mtrfr",-1.65275713461113
"Esrp2",-1.65318104887612
"Msto1",-1.65433811904752
"Ppp2cal1",-1.65438336937358
"Shisa2",-1.65524639948359
"Ostf1",-1.65550566188741
"Elmod2",-1.65552695900654
"Zfp365",-1.65630788891025
"Pigo",-1.65734390372993
"Eif2b4",-1.65852282362284
"RT1-N2",-1.65937487275584
"Fam204a",-1.6596762328845
"Pnpla4",-1.65999983313115
"Pof1b",-1.66004934839547
"LOC134480797",-1.6603369478981
"Magee1",-1.66120030068246
"Eci1",-1.66140082074674
"Usp25",-1.66142406381713
"Smarcc2",-1.6629457254466
"Porcn",-1.66299817940247
"Timp3",-1.66335507157347
"Ate1",-1.66413464763799
"Setx",-1.66668421479796
"Etfa",-1.66717437588973
"Borcs6",-1.66772969857487
"Strn4",-1.66799417036576
"Sec24a",-1.66835508217312
"Cipc",-1.66910285664878
"Serf1",-1.66975564102514
"Malt1",-1.67186296779732
"Fbxo38",-1.67369782567796
"Ctif",-1.67538700571101
"Prickle1",-1.67637830565604
"Prnp",-1.6792480340065
"Trappc4",-1.67928954488718
"Polrmt",-1.67950896819188
"Rasef",-1.68121821881389
"Gadd45g",-1.68123556572181
"Lpp",-1.68168709350228
"Best1",-1.68183070716198
"Ndufc2",-1.68213377193939
"Cbr4",-1.68409049652667
"Grk5",-1.68453539467846
"Ttll11",-1.68490147601617
"Kiaa0232",-1.6849758178254
"Mfap3",-1.68690402595499
"Tmem201",-1.68710556366764
"Arhgap23",-1.6881123044183
"Rbfa",-1.68830962321941
"Znf354b",-1.68850246104164
"Hspa9",-1.69017058973975
"Vcf1",-1.69404525422611
"Katnip",-1.69412082997812
"Cops7a",-1.69460360981502
"C19h19orf67",-1.69563465205718
"Cox10",-1.69612030397608
"Svep1",-1.69624945918657
"Fam163a",-1.69699987459261
"Hoga1",-1.69932944806357
"Naxe",-1.69942258893033
"Wasf2",-1.70257615035
"Zbtb38",-1.70296409609564
"Mtg2",-1.70310265102791
"Zfpl",-1.70330905307511
"Bet1l",-1.70526172726067
"Crk",-1.70527450853406
"Dnhd1",-1.70615847298267
"Serpinb6a",-1.70794844302812
"Tm9sf3",-1.70977447222202
"Adamts12",-1.7107994891994
"Tmem175",-1.71085473907637
"Six5",-1.71266431038687
"Kifc2",-1.71286101426727
"Tmem200c",-1.71375494951293
"Usp48",-1.71473894096416
"Fam241b",-1.71532116071449
"Dcst1",-1.71543476724715
"Vsig2",-1.7162532369048
"Dlat",-1.71679508320654
"Paip2",-1.7168633833197
"Rnf214",-1.71729665074143
"Xpot",-1.71763007220164
"Mark1",-1.72118002680407
"Nek8",-1.72152958795132
"Dst",-1.72423679997344
"Greb1",-1.72440972048639
"Susd2",-1.72461742824771
"Ntf4",-1.7267222924617
"Amot",-1.72673527707954
"Entpd4",-1.72813089391501
"Antkmt",-1.72851066931217
"Stoml1",-1.72956248508935
"Hapstr2",-1.72976886143898
"P2ry1",-1.7300622529268
"Ndrg4",-1.73009067939793
"Sar1a",-1.73033816016584
"Arsk",-1.73039816284423
"Cd79a",-1.73331858417481
"Synj2bp",-1.73337481782978
"Sec63",-1.73381125777766
"Zfp608",-1.73499281342128
"Gtpbp8",-1.73703462286853
"Rcan3",-1.73742747043266
"Romo1",-1.73785290943373
"Mst1r",-1.73809890889915
"Slc6a1",-1.73874250046589
"Fam114a1l1",-1.73943727306442
"Qng1",-1.73957201403741
"Golga3",-1.74018965221574
"Zmym6",-1.74087899773436
"Grin2b",-1.74440097115319
"Plekhn1",-1.7449933726201
"Cd48",-1.74544281830473
"Ns5atp4",-1.74574890133738
"Mrpl12",-1.74707451144817
"Zfp599",-1.74978896465301
"Adrb2",-1.74986509599227
"Kctd9",-1.75019802340886
"Zcchc2",-1.75180856409148
"Angpt4",-1.75236239305175
"Nhlrc2",-1.75309822244004
"Clpx",-1.75532878100766
"Crhr2",-1.75543612510194
"Zdhhc14",-1.75581910798369
"Icam2",-1.75688888603785
"Tbc1d14",-1.7584648836951
"Actr1a",-1.75846520302232
"Zbtb5",-1.75934937674091
"Nrp2",-1.75935096366874
"Lman2l",-1.75959766863261
"Prxl2c",-1.76002680529534
"Fbxo31",-1.76003963808434
"Rai1",-1.76095825767361
"Mettl9",-1.76113548944946
"Zfp382",-1.76205378420231
"Lrp3",-1.76259167782624
"Lyst",-1.76318097658081
"Hax1",-1.76318927876896
"Mrpl49",-1.764211700104
"C15h8orf58",-1.76528948668272
"Aars2",-1.76575599005869
"Tti2",-1.76598790655128
"Zfp771",-1.76817020347175
"Trappc6a",-1.76976578746863
"Emc6",-1.77122967800281
"Tmcc1",-1.77126178336138
"Dtnb",-1.7724854041657
"Slc25a25",-1.77284115373475
"Ppip5k1",-1.77331509755003
"Prkd3",-1.77402740134835
"Unkl",-1.77450633728556
"Nr1h3",-1.77635914810317
"Lhfpl6",-1.77763424424175
"Zfp12",-1.77771530940371
"Atxn7l1",-1.77819829851206
"P2rx1",-1.77855078660012
"Col1a1",-1.78148907767499
"Ubqln4",-1.78194500915262
"Nrxn3",-1.78201039760879
"Nudt11",-1.78272211239494
"Mir3546",-1.7843858028594
"Astn2",-1.78589376580284
"Ldlrap1",-1.78592484172741
"B3gntl1",-1.78625103554556
"Ell2",-1.78666202416309
"Pank4",-1.78668006952295
"Slc1a7",-1.7891690465822
"Ubxn4",-1.78925028240586
"Map3k13",-1.79012918958501
"Mettl23",-1.79135712602611
"Gpc3",-1.79174150319851
"Phf7",-1.7978612471316
"Cryzl2",-1.79806629749986
"Zdhhc7",-1.79926748711703
"Krt42",-1.79932084760395
"Tm9sf2",-1.80166632503208
"Ccdc160",-1.80369515148013
"Pigc",-1.80410770325665
"Spp1",-1.80430372380618
"Shld1",-1.80448853181538
"Bmi1",-1.80555390103557
"Vcf2",-1.8061256709736
"Trnt1",-1.80725890722358
"Klhdc1",-1.8076210025826
"Ripor1",-1.81011445363807
"Intu",-1.81271094237498
"Dnajc30",-1.81296480551338
"Sult4a1",-1.81412838360416
"Ppp1cb",-1.81446462596137
"Nkain4",-1.81611812333925
"Myom3",-1.81709194338125
"Cep170b",-1.81912642663051
"Dpp4",-1.81927055291412
"Ubap1l",-1.81991383293488
"Vegfa",-1.82067123078953
"Mcee",-1.82113325905274
"Stard6",-1.82249208811297
"Nxt2",-1.8224986041052
"Tbc1d22b",-1.82314491378426
"Exoc3l1",-1.82459017903006
"Stk35",-1.825056428752
"Wdr13",-1.827242157492
"Pik3r2",-1.82737238572501
"Ripor2",-1.82815704889729
"Prelid3a",-1.82815976195885
"Tmem147",-1.83110526746163
"Tomm7",-1.83111231566046
"Emc2",-1.83115553365902
"Pyurf",-1.8313550151697
"Psmb7",-1.8314527711962
"Gtf2a1l",-1.83344100307866
"Odr4",-1.83373995667907
"Epb41",-1.8352466176561
"Rheb",-1.83613131628962
"Palmd",-1.83631756487016
"Washc1",-1.83675402828731
"Rabgap1",-1.83781491735917
"Herc1",-1.83891248555254
"Mfge8",-1.8402454617857
"Fbxl2",-1.8404870463564
"Amacr",-1.84197342652744
"Cox4i1",-1.84293499507731
"Exoc4",-1.84361157070355
"Psmb5",-1.84412227638189
"Tecpr1",-1.84426880479067
"Cnn1",-1.84538814131584
"Gimap4",-1.84575936810334
"Rbpms2",-1.84589758196446
"Ecd",-1.84591983937076
"Ptpn4",-1.8470543380202
"Mogat1",-1.84811385944388
"Abcf3",-1.85046611940747
"Trim10",-1.85139008202572
"Ktn1",-1.85317681254112
"Abhd6",-1.85331925966523
"Neurl2",-1.85400131608258
"Chst10",-1.85402130013156
"Rab15",-1.85424392395397
"Hdac3",-1.85449653971116
"Zfp169",-1.85508926564959
"Cdk2ap2",-1.85594511226571
"Il17re",-1.85829385510981
"Ift22",-1.8588141267022
"Tollip",-1.8599165461437
"Stard3nl",-1.86106000345144
"Vash1",-1.86309843448344
"Fam162a",-1.86415841370349
"Fndc3a",-1.86456792362788
"Cfap97",-1.86667591921742
"Rprd2",-1.86687676155866
"Dbi",-1.86984797322979
"Celf2",-1.87197443771386
"Agtpbp1",-1.87308274562123
"Brat1",-1.87353099573677
"L3mbtl3",-1.87368840474997
"Zzef1",-1.87380370910892
"C2cd5",-1.87600737408531
"Agpat1",-1.87893178374342
"Hipk3",-1.87987220527023
"Slc25a11",-1.88011014620081
"Ccdc124",-1.88040630480931
"Pip4k2b",-1.88133790314187
"Tcf4",-1.88178963388676
"Abtb1",-1.88282098532408
"Tbx1",-1.88405024360403
"Btla",-1.8856160537622
"Meak7",-1.88725999346377
"Srp14",-1.88761172548248
"Tatdn2",-1.88860222275346
"Map7d3",-1.88872426496932
"Gatb",-1.88884673896793
"Rab11fip3",-1.88962189171994
"Atp7a",-1.89194483563031
"Pm20d2",-1.89364426602534
"Slc15a2",-1.89584538494025
"Rasgef1a",-1.89727528571811
"Eno2",-1.89911955220252
"Arb2a",-1.89920850255111
"Itfg2",-1.90263880944043
"Spryd3",-1.90411330783438
"Herc3",-1.90486052127277
"Ano10",-1.90659538353443
"Oxld1",-1.90680268481518
"Wdfy1",-1.90699769154827
"Zfp385d",-1.90718611169877
"Chac1",-1.90725280029669
"Zfp18",-1.90873871092971
"Slc26a8",-1.90920912743471
"Leng1",-1.90955782782557
"Fam91a1",-1.9095614593896
"Ldha",-1.91255440876538
"Zfp770",-1.91431175399807
"Fam53a",-1.91488949371876
"Sirt3",-1.91530569560876
"Cpne3",-1.91607878761653
"Nfatc2ip",-1.91628572028214
"Plekha4",-1.91639735374377
"Kdm4a",-1.9166510082605
"Lemd2",-1.91770279970554
"Insyn2a",-1.91796700021721
"Epg5",-1.92065322301579
"Tjp1",-1.9212160170206
"Cul9",-1.92125241134186
"Mbd4",-1.92594953998219
"Lonrf1",-1.92681309016091
"Fli1",-1.92759262662319
"Mertk",-1.92760392323596
"Hadha",-1.92982379580786
"Coq2",-1.93141885040911
"Fah",-1.93219427153439
"Anapc16",-1.93442294953478
"Rexo4",-1.93462683404621
"Gripap1",-1.93521986649829
"Esrra",-1.93568136637171
"Dpp8",-1.93657336036008
"Tapt1",-1.93663065588553
"Arrdc3",-1.93675435269624
"Zfp3",-1.93722494035455
"D2hgdh",-1.93799006579286
"Ssh1",-1.93812251986664
"Cck",-1.93887236400336
"Alkbh8",-1.93957703662629
"Pc",-1.94071239609756
"Cyp26b1",-1.9412875429154
"Septin10",-1.94130092207341
"Hcn4",-1.94169178205632
"Chchd1",-1.94218587690231
"Trim17",-1.9425519600601
"Ehd1",-1.94314355703919
"Kcnmb4",-1.94406643774441
"Scoc",-1.94580001117817
"Galm",-1.94762070278141
"Slc6a20b",-1.9479036857879
"Scara5",-1.94896268156018
"Garem2",-1.94993125147591
"Naalad2",-1.95194750325248
"Rrm2b",-1.95200146561583
"Eya1",-1.95246671384713
"Plscr4",-1.95247969357714
"Prkacb",-1.9544912555015
"Adamts10",-1.95637610985594
"Dcaf8",-1.95979930939018
"Auh",-1.96102881149223
"Smim12",-1.96363509678992
"Lcor",-1.96548003433064
"Mogat2",-1.96606417848392
"Lactb2",-1.96623276116672
"Uckl1",-1.96656192985775
"Fam110d",-1.96792588941371
"Fbxo3",-1.9691967401918
"L2hgdh",-1.96968952361677
"Dctn4",-1.97117725269789
"Polg",-1.9721546996937
"Inpp5e",-1.97371666338168
"Ahnak",-1.9741539476829
"Glg1",-1.97424002975649
"Bfsp1",-1.97799949483365
"Lsm14b",-1.97959502645308
"Plcd3",-1.98007990391787
"Khdrbs3",-1.98046507719522
"Eftud2",-1.98058250940121
"Ddit3",-1.98080575664935
"Cdh19",-1.98178893214049
"Herpud1",-1.9819609623463
"Neurl1b",-1.9822743837498
"Zfp839",-1.98269936101122
"Tsnax",-1.9853107215547
"Tmem42",-1.98892419470713
"Gabrp",-1.99100185915256
"Ccdc57",-1.99109908914241
"Rdm1",-1.99147684562542
"Hsp90aa1",-1.99226198847758
"Agtrap",-1.99331411921979
"Phaf1",-1.99417898091995
"Mrps27",-1.99444388675345
"Ttc1",-1.9957012297086
"Nabp2",-1.99661505368663
"Magt1",-1.99757673786042
"Fhip2b",-1.99779174209438
"Adsl",-1.9978977658575
"Zhx2",-1.99825576206258
"Bbip1",-1.99865432780277
"Flywch1",-1.99977361813212
"Zmiz2",-2.00068221545231
"Serac1",-2.00368349634032
"Slc30a1",-2.00416241296118
"Gtf3c1",-2.00600489134199
"Abcb8",-2.00631618309866
"B3galnt2",-2.00687474825474
"Dctn1",-2.00723550148465
"Hemgn",-2.00875661531701
"Tob1",-2.00982835294666
"Fkbp14",-2.01230433887431
"Nr1h2",-2.01351517189703
"Rabac1",-2.01377732802328
"Klf9",-2.0152201327858
"Dnlz",-2.01582789086459
"Syt17",-2.01583494113118
"Slc11a2",-2.01611109317589
"Zfp609",-2.01615185228043
"Shox2",-2.01678494237481
"Arl3",-2.02219989301511
"Nubpl",-2.02283441559456
"Ccdc184",-2.02314987961936
"Dgcr2",-2.02419378803975
"Arl16",-2.02485314227648
"Bola3",-2.02522218726054
"Pdzd7",-2.02973765270523
"Cmpk2",-2.03052141366831
"Sdhd",-2.0319173943698
"Pwwp3a",-2.03290413345285
"Arl6ip1",-2.03407017600829
"Astn1",-2.03449255063836
"Msl2",-2.03552454997436
"Eif1-ps8",-2.03612319368904
"Ecm2",-2.0372143205848
"Mettl25",-2.03820623108308
"Hsf1",-2.04025484205741
"Creb3l1",-2.04061390253802
"Micu1",-2.04143205440396
"Spryd7",-2.04342099149424
"Hnrnph3",-2.04344537934574
"Abl1",-2.04366926724909
"C2h4orf33",-2.04387224606066
"Myl4",-2.04417800393606
"Tecpr2",-2.04436735079939
"Prkcg",-2.0463717925456
"Pgk1",-2.04695319954081
"Wwox",-2.04695585164207
"Bmpr1a",-2.04722840537403
"Pkd1",-2.04816284104917
"Laptm4a",-2.04931609057442
"Tmeff1",-2.05004777775938
"Cnp",-2.0517583450207
"Hus1",-2.05353531860802
"Dctn6",-2.05406040207077
"Rb1",-2.05421606450371
"Abca6",-2.05565887268863
"Gsk3b",-2.05604438964248
"Ces1a",-2.05691343967813
"Begain",-2.05940636310506
"Tbc1d25",-2.05997143804509
"Itpripl1",-2.06116094163845
"Epas1",-2.06144230588807
"Gpr37l1",-2.06217071095704
"Kiz",-2.06287502040626
"Gstz1",-2.06333362112066
"Arhgap28",-2.06424394795386
"Jkamp",-2.06424917780876
"Rilpl2",-2.0643468441914
"Rtn4",-2.06436350244866
"Nlrc5",-2.06704554637134
"Gga1",-2.06770288210117
"Tbcd",-2.06798191956791
"Oxsm",-2.0681821284026
"Chrd",-2.06877796170961
"Lrrc47",-2.06935203760676
"Tarbp1",-2.06972465599834
"Grin3b",-2.07170677969859
"Abhd14a",-2.07180895656328
"Hint3",-2.07258039685895
"Kcnq5",-2.07282077110739
"Txndc15",-2.07331095753027
"Acox2",-2.07405443457736
"Ndst1",-2.07413115735197
"Tjap1",-2.07574169137389
"Timm23",-2.07588943041378
"Sptssa",-2.07681033210392
"Gpr137c",-2.07711228916275
"Fsd1l",-2.07727393090245
"Gjc3",-2.07737149907358
"Tcp11l1",-2.07910476800449
"Smcr8",-2.08014344636215
"Scarf1",-2.08016437398529
"Tsc2",-2.08059626854481
"Bdkrb2",-2.08370967670453
"Anapc1",-2.08396424195609
"Txndc16",-2.08586716958459
"Dtx3",-2.08756806592846
"Hvcn1",-2.08830605685737
"Rabgef1",-2.0885758607914
"Slc33a1",-2.08907092072029
"Clic4",-2.09042342844386
"Klf12",-2.09059299052591
"Ndufa4l2",-2.09266871835549
"Numa1",-2.09267380341784
"Cog7",-2.094127407694
"Fbxo32",-2.09436288342936
"Stxbp5",-2.09445536883166
"Iqgap2",-2.0956212110169
"Mn1",-2.09823527454399
"Ptger4",-2.09879738197897
"Serpinc1",-2.09890676562219
"Poll",-2.09963870477218
"Fam89a",-2.10297820630296
"Atg2b",-2.10366989519712
"Lamc1",-2.1039421327661
"Ehmt1",-2.10493844466144
"Rerg",-2.10519930122807
"Fads2",-2.10537124305684
"Vstm2b",-2.10605287482346
"Bcorl1",-2.10611812446099
"Ap1ar",-2.10666112174926
"Klhl24",-2.10743811620255
"Mto1",-2.10760748871979
"Socs7",-2.10788380651667
"Pnldc1",-2.10796534108989
"Lgals9",-2.10965351720448
"Mbnl1",-2.10971340597412
"Smg1",-2.1099358774624
"Pxmp4",-2.11005389482015
"Amz2",-2.11071142598414
"Gorasp1",-2.11206271382564
"Ddx17",-2.1120852179609
"Snx5",-2.11208604705663
"Trappc12",-2.11226938882445
"Tesc",-2.11340570775083
"Abcc1",-2.11378787926423
"Gata2",-2.11380905215702
"Dtwd1",-2.11409573697519
"Asb1",-2.11529145335467
"Clpb",-2.11689504365533
"Tpgs1",-2.11806146691786
"Gng3",-2.11875765279314
"Ascc1",-2.11942815246198
"Ankrd13d",-2.12031904158088
"Ndufaf3",-2.1210609197822
"Lamtor1",-2.12196535147747
"Npas1",-2.12225058954875
"Wbp1l",-2.12303869149439
"Scg3",-2.1235614506743
"Slc6a13",-2.12372608853457
"Ift172",-2.12514852395438
"Tagln",-2.12642712357134
"Klhl11",-2.12735935340504
"Bbx",-2.12750356772361
"Gmeb2",-2.12884627454778
"Mansc1",-2.12924811794811
"Cops5",-2.12925749374221
"Ankrd11",-2.12965090967775
"Prss53",-2.13011312671038
"Fanci",-2.13141793929029
"Zmynd12",-2.13175229819701
"Xk",-2.13214120142027
"Tmem8b",-2.13295550648373
"Kmt2a",-2.1337927449822
"Isca2",-2.13402179875795
"Celsr2",-2.13486141085034
"Dennd5a",-2.13682834461489
"Trak2",-2.13726739989137
"Dennd10",-2.13819007656216
"Tshz2",-2.14250622851385
"Cfap99",-2.14308000086244
"Tmem218",-2.14540937075269
"Dsp",-2.14634100298875
"Mapkapk2",-2.14674582369488
"Arhgef12",-2.14772745582884
"Ston2",-2.14958166834321
"Zfp280d",-2.1499262642418
"Pde7b",-2.15073062917036
"Ids",-2.15114581100371
"Vps8",-2.15144629447572
"Psmb6",-2.15216362071692
"Lpin1",-2.15355201150005
"Slc35f2",-2.15463234064656
"C10h16orf90",-2.1547580238433
"Rhobtb2",-2.15580125515057
"Zfp445",-2.15615375353513
"Pradc1",-2.15664504024634
"Tbx19",-2.157730733966
"Mapkapk5",-2.1585440244183
"Sft2d1",-2.15972702737635
"C5h1orf216",-2.16123920874926
"Stambp",-2.16227436180644
"Adrm1",-2.16331159475014
"Akap9",-2.16467757933461
"Cabp4",-2.16496686681018
"Vwa8",-2.16499820462572
"Nub1",-2.16586437116017
"Kdm8",-2.16843171390062
"Ttc14",-2.17061808011454
"Mrpl15",-2.17120047768859
"Pkd2l1",-2.17387728239279
"Dyrk1b",-2.17666811217472
"Il15",-2.17918783354213
"Lsamp",-2.17983700015554
"Phlpp2",-2.18057251200669
"Ndufs1",-2.18197344806321
"Nek4",-2.18247662731718
"Lrba",-2.18292525675958
"Adra1d",-2.1848887725291
"Optc",-2.18547857632437
"Ncor1",-2.18775103361244
"Armc8",-2.18791725914756
"Fam20b",-2.18807597930828
"Stx18",-2.1890187155705
"Mkrn2",-2.19003501073116
"Ptcd1",-2.19064047873461
"Arfip1",-2.19308205322052
"Mamdc2",-2.19441166770877
"Sipa1l2",-2.19461213313092
"Kbtbd8",-2.19500036472597
"Larp4b",-2.19574288208735
"Epha3",-2.19613320356468
"Atl2",-2.19888305257291
"Dhdds",-2.19999535650002
"LOC120093075",-2.20056520117299
"Ppp1r2l1",-2.20073940649902
"Macf1",-2.20107048740862
"Apoo",-2.2011966588517
"Flt4",-2.20281531790553
"Ubqln1",-2.20291585233227
"Acadvl",-2.20450154026857
"Epm2a",-2.20526717095765
"Lysmd4",-2.20541784393059
"Zfp521",-2.20581746851011
"Msmp",-2.20645850444964
"Rtn1",-2.20823933572194
"Ifrd2",-2.20835818697705
"Iftap",-2.21044857488173
"Upf3a",-2.21366182919416
"Tnnt2",-2.21420574046662
"Rasgrp2",-2.21697770285646
"Sec62",-2.21722600814777
"Gtdc1",-2.21921844178649
"Gsg1",-2.2199832202149
"Taok2",-2.2207238792418
"Glyctk",-2.2211222477248
"Gadd45gip1",-2.22313184718174
"Nudt16l1",-2.22318982394929
"Zfp879",-2.22403047442828
"Med20",-2.22485233134364
"Rab3ip",-2.22500461965053
"Ndufb6",-2.22811300867232
"Snx32",-2.22822135931566
"Gart",-2.23114756595403
"Srp68",-2.23243033903386
"Trim41",-2.23301565845972
"Ric3",-2.23339083981321
"Derl1",-2.23481974908759
"Cand2",-2.23531320982747
"Map4",-2.23574266850035
"Ppfibp2",-2.23611164332964
"Nthl1",-2.23639764272162
"Amer1",-2.23717969438025
"Mthfd1",-2.23722086024323
"Slc5a6",-2.2378523895878
"Ctsf",-2.23809260317701
"Gpat4",-2.23938835691242
"Pcyox1l",-2.24344130856173
"Efcab14",-2.2449557740593
"Foxj2",-2.24517000585935
"Camk2g",-2.24651159306663
"Angel1",-2.24733154819426
"Adissp",-2.24808547280323
"Tmx2",-2.24851327196482
"Prdx3",-2.24869872433991
"Cdr2",-2.25137338325722
"Kitlg",-2.25182917355074
"Bex3",-2.2548968035095
"Gdf10",-2.25785983087789
"Serhl2",-2.2591020461362
"Scd3",-2.26030742824965
"Morf4l1",-2.26289356434185
"Fam229b",-2.26414703289739
"Nol6",-2.26445928774736
"Foxk1",-2.26605098361778
"Asxl2",-2.26643183781083
"Slc12a6",-2.26662356719789
"Wdr27",-2.26828230096413
"Lmo1",-2.2697372998116
"Dglucy",-2.26992189718913
"Fchsd1",-2.27076179316546
"Xpo7",-2.27076790936936
"Gbf1",-2.27605217016946
"Mpzl2",-2.27733535511116
"C2cd4d",-2.27808582724013
"Pdpr",-2.27821632001337
"Pmpca",-2.27899627927848
"Rabep1",-2.27911655080293
"Cadps2",-2.27949746481509
"Tspan12",-2.27976888988992
"Sec23b",-2.27983672262048
"Zfyve19",-2.28205093708083
"Phlpp1",-2.28570463262851
"Calr3",-2.2860479107852
"Pdzd4",-2.28652039824515
"Itga1",-2.28749094755862
"Acot8",-2.28774623257506
"Napepld",-2.28782191931101
"Rfesd",-2.28900399098772
"Glyr1",-2.28974966594435
"Mllt6",-2.2906285594341
"Pnpla6",-2.29105955490173
"Slc25a39",-2.29164472550298
"Hipk4",-2.29166705215313
"Carnmt1",-2.29172565996728
"Ptgis",-2.29338269178504
"Map1s",-2.29452118610075
"Larp1bl",-2.29502866479466
"Adipor2",-2.29602573750188
"Gramd1b",-2.29603703382279
"Tmem132e",-2.29746744879964
"C1qtnf7",-2.29850967964429
"Gpx4",-2.29895893045231
"Gramd2a",-2.29922612068398
"Tusc2",-2.30000056816823
"Slc3a1",-2.30064370986376
"Timm10",-2.30262003737724
"Ptpn11",-2.30338449294275
"Tead1",-2.30350241302167
"Gabpb2",-2.30473256756408
"Otud6b",-2.30548543617597
"Vstm4",-2.3055972987628
"Tm4sf4",-2.30774329744597
"Rhbdd1",-2.30894965787272
"Hycc2",-2.31008960198732
"Spaca5",-2.31068180668032
"Galnt5",-2.31087838096468
"Adgrg3",-2.31316665090108
"Sptbn4",-2.31384408388904
"Tpsab1",-2.31395685097962
"Otud1",-2.31406647762011
"Fkbp4",-2.31415350428685
"Nr1d1",-2.3148461846695
"Slc52a3",-2.31497740388168
"Mrpl40",-2.31509269529544
"Slc4a1",-2.31598548629228
"Plekhh3",-2.31622009251018
"Spg11",-2.31727236798675
"Nlgn1",-2.31730926673931
"Zmynd10",-2.31740047245184
"Aggf1",-2.31775398638331
"Suox",-2.31967221382285
"Mkrn1",-2.32176007461272
"Ipo13",-2.32209217105439
"Eloa",-2.3225222862605
"Ranbp10",-2.32328331573818
"Rbl2",-2.32434879321982
"Nrde2",-2.32471375279893
"Dlc1",-2.32520000189698
"Tm2d3",-2.32781006315198
"Sox15",-2.32890605431956
"Usp6nl",-2.33066388332372
"Clip1",-2.33075190315415
"Fbxl16",-2.33662032120298
"Pex19",-2.33697333390037
"Polr3f",-2.33720075058144
"Proser1",-2.33778155085744
"Gli1",-2.33819568272201
"Mib2",-2.34310851144485
"Rdx",-2.34331295564072
"Mrpl34",-2.34433647569986
"Tmcc2",-2.34446038846448
"Pomt2",-2.34507782776554
"Frat2",-2.34716534340165
"Arhgap35",-2.34787098258262
"Jup",-2.34907233563384
"Pla2g2a",-2.34919834281551
"Bcl7b",-2.34989935481852
"Pnpla8",-2.35164424415985
"Catip",-2.35184585589223
"Klhl8",-2.35215429487897
"Vgll4",-2.35239201495586
"LOC134479967",-2.35256575047391
"Znfx1",-2.35325155251746
"Rcor3",-2.35503362682527
"Pdss2",-2.35572521254802
"Cpeb3",-2.35624838898039
"Dusp23",-2.35643605352504
"Wnt6",-2.35969988335392
"Mb21d2",-2.35970454339443
"Tmem44",-2.35971231300717
"Slitrk1",-2.36052900104122
"Eef2k",-2.36214205338836
"Fam222a",-2.3657142793546
"Uqcrbl1",-2.36633083953682
"Slc36a4",-2.36734828094662
"Dgat2",-2.36804144434501
"Cdh13",-2.36844813187013
"Dgcr6",-2.3714602130059
"Klhl32",-2.3717248583736
"Trim35",-2.37244149786891
"Eml2",-2.37281675609394
"Gimap9",-2.3733589088901
"Ercc8",-2.37374665317212
"Zfhx2",-2.37414252444133
"Slc45a3",-2.37421108658376
"Pcmtd1",-2.37481680922095
"Mtmr10",-2.37704035421063
"Zfhx3",-2.37998578183247
"Dipk2b",-2.38145662485925
"Galnt15",-2.38347291797168
"Sorbs1",-2.38499874233603
"Ndufb7",-2.38635044971875
"Ralgapb",-2.38776425761677
"Akr1c8",-2.3881047207687
"Apba1",-2.39089025731335
"Nat8f5",-2.3926522735084
"Pnpo",-2.39376081874647
"Larp1",-2.3940653952497
"Gosr2",-2.39615968690436
"Metap1d",-2.39671349309401
"Cop1",-2.39869682659101
"Tsc22d3",-2.39991859761215
"Fkbp1b",-2.40339920430823
"Asmtl",-2.40363738954831
"Pygb",-2.40474604416673
"Fbf1",-2.4050640569486
"Inhca",-2.40560412692163
"B3glct",-2.40568344368445
"Ppfia1",-2.40627513500997
"Vti1b",-2.40670758421443
"Trim3",-2.40708886861315
"Por",-2.40910049161586
"Med30",-2.41131041268369
"Foxp2",-2.41180040552231
"Nudt7",-2.4119271264018
"Rgs17",-2.41252535495767
"Specc1l",-2.41354213355761
"Atpsckmt",-2.41396497427295
"Ddhd2",-2.41471531871539
"Antxr1",-2.41481422205149
"Usp49",-2.41504391724455
"Pdzk1",-2.41811854725614
"Tmie",-2.41835930779188
"Klf1",-2.41845491909422
"Tex264",-2.41854068151073
"Rfx8",-2.41878225130333
"Zfp112",-2.42003158710072
"Tspyl1",-2.42117273861326
"Slc16a14",-2.42139458597035
"Trafd1",-2.4218743193048
"Wnk3",-2.4225945531307
"Jag1",-2.42725760212142
"Mfsd12",-2.42745892267644
"Plac9",-2.42797984505085
"Vtcn1",-2.42872723604376
"Pamr1",-2.43287418882158
"Tbcc",-2.43577269140182
"Foxn3",-2.43917450608988
"P3h2",-2.44019887448552
"Pde5a",-2.44148514811171
"Spns2",-2.44201802703521
"Sorbs3",-2.44306942952259
"P2rx3",-2.44512325999299
"Glrx5",-2.44556029639143
"Itprid2",-2.4460574936638
"Sox3",-2.44909800555491
"Llgl2",-2.44954716507451
"Car2",-2.4499780453318
"Cmtm8",-2.45005491829599
"Tsga10",-2.45040603152595
"Plxnb3",-2.45113200318865
"Efcab6",-2.45188036828034
"Ube3b",-2.45275200425515
"Rida",-2.45455301144735
"Retsat",-2.4553448780096
"Asb15",-2.45649761181777
"Cfl2",-2.45920905253784
"Cfap298",-2.46079630928767
"Cfap57",-2.46105752920416
"Rxrg",-2.46128527831366
"Cst6",-2.4621017360701
"Pcolce",-2.46310613831739
"Hibch",-2.46405737118149
"Pja2",-2.46597393832354
"Atp5po",-2.46606386644033
"Tlcd2",-2.46749227117776
"Mecom",-2.46770212460245
"Uqcc1",-2.47123133928516
"Rdh14",-2.4713203582259
"Lrp5",-2.47180487408862
"Galk2",-2.47216501441085
"Epha10",-2.47270249797803
"Mtrr",-2.47474286547751
"Mapt",-2.4758979863626
"Osbpl6",-2.47682719543465
"Tmeff2",-2.4785297361401
"Slc26a5",-2.47866335287912
"Kctd11",-2.47905972237892
"Trappc9",-2.4792081628659
"Zfp703",-2.47944544612497
"Ficd",-2.4802620400106
"Rasl11a",-2.48054466300451
"Bbs1",-2.48386411970595
"Cep19",-2.48464330878038
"Rab12",-2.4855440059608
"LOC120099454",-2.48625034361865
"Senp2",-2.48678311939284
"Septin11",-2.48936727091572
"Coq4",-2.48944756964549
"Acsbg1",-2.48953356292404
"Hsbp1",-2.49061306280464
"Sdc3",-2.49126764481433
"Nfic",-2.49261842440103
"Lrrc51",-2.49512381804747
"Proca1",-2.49536435994089
"Atp11a",-2.49622706593895
"Gabarapl2",-2.49760183875838
"Wfdc1",-2.49765439219736
"Got2",-2.49946860942364
"Il17rb",-2.50155102484175
"P2rx5",-2.50330273577449
"Cracd",-2.50379848442602
"Cd79b",-2.50453160813923
"Insig2",-2.50522043937922
"Zbtb25",-2.50576916985364
"Unc13b",-2.50626571179072
"Foxd1",-2.50681882054051
"Tp53inp2",-2.51060371914345
"Abcd4",-2.51363387629785
"Wdr19",-2.51422895868605
"Ybx3",-2.51604110293927
"Coro6",-2.51649145210868
"Klhl5",-2.51667170172748
"Tdrd7",-2.51751085495574
"Arfgef2",-2.51761198875355
"Ddr1",-2.52075475604695
"Snap25",-2.52188156220789
"Pias2",-2.52566171735932
"Ebf1",-2.52776151768479
"Mpv17",-2.52784481106727
"Camta1",-2.5282665867699
"Bend7",-2.52844155565887
"Letm2",-2.52990818399801
"Gnl1",-2.53028628590359
"Tpsb2",-2.53106275265348
"Pgap4",-2.53140824372376
"Pstk",-2.5316269478608
"Wdr6",-2.53190984708724
"Ovol1",-2.53447635310479
"Sema6b",-2.53642996199321
"Bltp1",-2.53697596688236
"Iqck",-2.53803754461473
"Mrpl45",-2.5381339502443
"Tbc1d13",-2.53863813047812
"Stox2",-2.5418835758459
"Trim44",-2.54243024312321
"Parva",-2.54348061342862
"Tmem116",-2.54522401877472
"Tmem121",-2.5475936026066
"Ubr3",-2.54847357951304
"Dpy19l4",-2.54939377526661
"Htr1b",-2.55216132390382
"Acox1",-2.55562853134839
"Fam3a",-2.55572238337838
"Faah",-2.55728397474623
"Morn5",-2.55981051189144
"Ppp3cb",-2.55981748667583
"Dnajb5",-2.56281384068688
"Sdhc",-2.56400032687587
"Ash1l",-2.56491604273356
"Ubr4",-2.56510816592353
"Pomgnt2",-2.56551856215196
"Rnf157",-2.56632837151271
"Dnajb4",-2.5709772544121
"Sox6",-2.57153507151284
"Arg2",-2.57533048865174
"Nid1",-2.57579111983253
"Elk1",-2.57592885952539
"Tspan9",-2.57664789768007
"Zfhx4",-2.57675843387687
"Adgrl4",-2.57771866140003
"Slc25a2",-2.57797371008425
"Bmp5",-2.57899105214552
"Cox7c",-2.58021452519027
"Slc6a9",-2.58064069861314
"Hpn",-2.58071053058853
"Xylb",-2.58156655322438
"Fscn2",-2.58225970269294
"Snord49b",-2.58233161088336
"Ndufa10l1",-2.58263121867502
"Gba2",-2.58264262497251
"Edem3",-2.58301821502127
"Xylt1",-2.58371235242267
"Amotl1",-2.58542395263045
"Mlf2",-2.58548075416865
"Zfp446",-2.58710383261655
"Kel",-2.58784343001102
"Eif3j",-2.59069576382244
"Ak4",-2.59092492840106
"Gcdh",-2.59137409688309
"Nrxn2",-2.59356880115046
"Macir",-2.59517455302716
"Alg2",-2.59756281695974
"Appl1",-2.59912299530433
"Znhit1",-2.59985262498983
"Lrp1",-2.60188642635218
"Cpvl",-2.60316401946157
"Stmn2",-2.60329979458673
"Stam2",-2.60341260735965
"Cdan1",-2.60384639168641
"Dusp22",-2.60443189326165
"Ccdc146",-2.60571547845192
"Ube4a",-2.60623270191839
"Jade1",-2.60757016944693
"Bbof1",-2.60941891994822
"Nfat5",-2.61009084633521
"Slc49a4",-2.61171533066703
"Ndufa2",-2.61321683299602
"Ankrd29",-2.6143448268462
"Trpv1",-2.61548860701174
"Serinc5",-2.61610133866787
"Atl3",-2.61758353218234
"Rfc1",-2.61859146367524
"Klc1",-2.61968327090363
"Slc25a44",-2.62136807468086
"Sdhb",-2.62291997387115
"Rab2b",-2.62504972938129
"Rapgef2",-2.62548999821678
"Klf13",-2.62562926517282
"Kpna1",-2.62762227953276
"Rundc1",-2.6292757456325
"Lyrm9",-2.63012543656747
"Erg",-2.63102382881197
"Cd93",-2.63278612644875
"Exosc5",-2.63335481109882
"Znhit2",-2.636806519039
"Leng8",-2.63934605379784
"Trnp1",-2.64133033902289
"Plpp2",-2.64417270987474
"Pdk2",-2.64500221787304
"Phf8",-2.64580536828859
"Tubgcp5",-2.64694037641664
"Agt",-2.64858817550558
"Srebf1",-2.65073340056215
"Lrrc58",-2.65087348479285
"Keap1",-2.65185473961646
"Usp2",-2.65247574723104
"Lgi4",-2.65439559879052
"Pdk4",-2.65594892449441
"Csde1",-2.65772207823526
"Atp5mk",-2.65892225836229
"C10h17orf58",-2.66018804352339
"Acbd5",-2.66022184926816
"Ephx1",-2.66044105882011
"Tbc1d4",-2.66089984752714
"Xrcc6",-2.66146314638922
"Znf846",-2.66259259699653
"Fancf",-2.6649515346124
"Kcmf1",-2.66517588935085
"Vwa3b",-2.66586328325395
"Thtpa",-2.66599131165694
"Ociad1",-2.66620194297865
"Rgp1",-2.66714601899527
"Gclm",-2.66723605456603
"Sec61a2",-2.66790983905719
"Gprc5c",-2.66832897799671
"Mlxipl",-2.66860583987924
"LOC134481084",-2.66903148470003
"Mrpl24",-2.67201735561524
"Ago3",-2.67233674400113
"Thbs3",-2.67326104193461
"Kcnc3",-2.67395513837577
"Klhl4",-2.67463684862803
"Syap1",-2.67554354448002
"Phb1",-2.67590791465989
"Cyb5b",-2.67657275511365
"Mtg1",-2.67835713246857
"Rala",-2.67905583800907
"Hepacam",-2.68005109390735
"Lrig3",-2.6821549683713
"Banf1",-2.68223202390019
"Shpk",-2.6853681568551
"Fzd5",-2.68544647189003
"Frs2",-2.68650804842409
"Gimap1",-2.68652974009298
"Cdipt",-2.68784838595822
"Irag1",-2.69222534361015
"Kctd21",-2.69236120718138
"Bglap",-2.69260682584569
"Mast3",-2.69319867629846
"Rasgrp3",-2.69321782260311
"Trim37",-2.69411908960537
"Tox3",-2.69454925910413
"Atp5pd",-2.69604066529091
"Prob1",-2.69662248608403
"Rictor",-2.69667386952501
"Acy1",-2.6969697706353
"Champ1",-2.69762183250208
"Ywhaq",-2.69783745258629
"Ncald",-2.70178996572516
"Slc43a1",-2.70253596700332
"Map3k20",-2.70327673918444
"Cfap96",-2.70387937861137
"Map9",-2.7039123803144
"Vti1a",-2.70466879451759
"Epyc",-2.70534313868906
"Cpeb4",-2.70579122083697
"Thap3",-2.70678555927599
"Ilvbl",-2.70689507592834
"Fbxl22",-2.70700992851602
"Ccdc74a",-2.7081553407873
"Wipf2",-2.70871131319817
"Skida1",-2.70895134987836
"Ssbp2",-2.70967717762963
"Kat2b",-2.71315445374568
"Zfp438",-2.71430143314853
"Gna11",-2.7157069756369
"Lrrc4c",-2.71606726637784
"Nfix",-2.71617133462116
"Amotl2",-2.71649268747804
"Greb1l",-2.71708563850373
"Lrtm2",-2.71825944195268
"Rprd1a",-2.71930651492595
"Tet2",-2.72165433954968
"Asb7",-2.72345500043416
"Pdgfrl",-2.72419314961634
"Magi1",-2.72424120102576
"Abcc9",-2.72505410067418
"Bex2",-2.72536869822133
"Bag4",-2.72679739476034
"Vwa7",-2.72681646913742
"Ap4s1",-2.72739044872211
"Rhot1",-2.72916503223534
"Sybu",-2.7294311034585
"Ttc9b",-2.73110880472246
"Nsd1",-2.73147276434458
"Cyp2r1",-2.7321199095692
"Mtcl3",-2.73375603688683
"Pnpla3",-2.73423143712879
"Slc12a4",-2.73450116747739
"Zswim5",-2.73652301836117
"Coq3",-2.73660980420733
"Mrps15",-2.73730525099259
"Arhgap17",-2.73936016404221
"Rasl11b",-2.74072348171404
"Add2",-2.74222209082091
"P3h1",-2.7447618595966
"Vamp2",-2.74761406936024
"Tbx10",-2.74812675286722
"Czib",-2.74869081874377
"Aktip",-2.75010264096261
"Cdk2ap1",-2.75023428057921
"Oga",-2.75273525517651
"Wdr7",-2.7557175911333
"Aak1",-2.75854398744845
"Fads3",-2.75908041808859
"Lgals8",-2.75934962379119
"Micu3",-2.75987721914813
"Uqcrfs1",-2.76070226949796
"Scn7a",-2.76088884386892
"Atp5f1d",-2.76168681757618
"Rbsn",-2.7630330810193
"Lad1",-2.76324840057596
"Foxo3",-2.76404467846344
"Ahsp",-2.76465905674737
"Tmc6",-2.76508349792904
"Canx",-2.76634177890236
"Parp6",-2.76710551544031
"Ppif",-2.76919577650419
"Sgtb",-2.76965742435688
"Tmem170b",-2.76992810284198
"Slc39a9",-2.77047006973329
"Kmt2d",-2.77080582933787
"Cgref1",-2.77302026613402
"Sema3f",-2.77332782917779
"Mlycd",-2.77335135531183
"Clybl",-2.77349184560315
"Tom1",-2.77610426091178
"Ghrl",-2.77613313955219
"Cacna2d1",-2.77641400081571
"9330159F19Rikl",-2.77686791521199
"Bcl9l",-2.77817250513564
"Smim20",-2.78012242855162
"Hectd3",-2.78067605201385
"Fgd5",-2.7807512417572
"Aplnr",-2.78184781074493
"Fam117a",-2.78216765777869
"Vps41",-2.78315606133287
"Fabp4",-2.78342025006672
"Uqcrc1",-2.78344401549667
"Cdkl1",-2.78357132942515
"Osr2",-2.78622902208341
"Tbc1d17",-2.78675734397788
"Alox15",-2.78714468808141
"Cmas",-2.78992811181399
"Med8",-2.7913236013545
"Ece2",-2.79434280974467
"Snx30",-2.79494911124955
"Garre1",-2.79529546571385
"Cdkn1b",-2.79733967744457
"Brsk2",-2.79778110314067
"Tada2a",-2.79873056058341
"Uqcrh",-2.79938999980013
"Rassf9",-2.79944207965954
"Limk2",-2.79948342723083
"Cntfr",-2.80031214079039
"Plxna2",-2.80085796990318
"Morn1",-2.80323438522588
"Cavin1",-2.80332224102843
"Trappc2",-2.804084266466
"Atf7",-2.80436695254196
"Dqx1",-2.80692954272661
"Mt1",-2.80713547908962
"Timmdc1",-2.80745632867879
"Ngb",-2.8077051204734
"Ubr2",-2.81032118844555
"Nadk",-2.81053670905188
"Spta1",-2.81160359780187
"Pi4kb",-2.81174089099695
"Pet100",-2.81400300238032
"Tmt1a",-2.81588167623088
"Pabpc4",-2.81675754448186
"Klhl7",-2.81705338483404
"Mfn2",-2.81727950219038
"Abcb6",-2.82282599681729
"Slit2",-2.82333401084841
"Mrpl48",-2.82654136161924
"Fastk",-2.82978145338084
"Arap2",-2.83327084437395
"Tmf1",-2.83362920838841
"S100a6",-2.8340126983266
"Nxpe1",-2.83461980335564
"Cxcl9",-2.836094050488
"Ahi1",-2.83675627843745
"Mocs2",-2.83861039399852
"Alad",-2.83963151784995
"Ganc",-2.84072463082775
"Napb",-2.84169681778221
"Ndufb4",-2.84200661918323
"Tmem255b",-2.84291216347883
"Ephb1",-2.84343178673192
"Rad23a",-2.84443130010399
"Pdhx",-2.84488397099154
"Kif3a",-2.84725617216359
"Mcc",-2.84901723000145
"Dok5",-2.8507759406176
"Ace2",-2.85185866320611
"Rbm33",-2.85198294654163
"Zswim1",-2.85650156431833
"Rab9b",-2.85733646543534
"Smoc1",-2.85896652228355
"Tmub1",-2.86173490995997
"Ercc2",-2.86266724976141
"Ankrd46",-2.8631194648595
"Grik3",-2.86312752079402
"Pdpk1",-2.86334025511197
"Zdhhc1",-2.86459054080351
"Fbxw5",-2.86474011301698
"Nfe2",-2.86758393854339
"Prrc2b",-2.86848965547229
"Bicral",-2.87003088695535
"Bcl2l1",-2.87056562428205
"Mga",-2.87073100086495
"Pak2",-2.87089319019077
"Pam16",-2.87149648077467
"Zfp652",-2.8747055906277
"Fkbp8",-2.87707472667997
"Klhl30",-2.8808433111518
"Slc39a3",-2.88354868737319
"Apba3",-2.88442492730012
"Eps15",-2.88686669643905
"Dtx4",-2.88693371208078
"Bmpr2",-2.88921050509975
"Syce3",-2.88943358450735
"Rita1",-2.89011930590973
"Resp18",-2.89203437646178
"Cry2",-2.89222448276955
"Zranb1",-2.89557735169783
"Isoc2a",-2.89672168420918
"Atrn",-2.89706541355317
"Ndufb11b",-2.89802895079647
"Prps2",-2.89986026747754
"Tfrc",-2.89995057318174
"Tomm40l",-2.90198691393012
"Rims2",-2.90332734682419
"Gtf3a",-2.90469685482706
"Mtmr2",-2.90515071987723
"Ggct",-2.90581805362193
"Pcyt1a",-2.90952021614972
"Rnf34",-2.91094291041364
"Dnajb14",-2.91100806260312
"Nos3",-2.9115829970691
"Zbtb37",-2.91195201290391
"Susd6",-2.91288098881109
"Cx3cl1",-2.91314846927415
"Gstt1",-2.91589242407859
"Emp2",-2.91592022447015
"Cbl",-2.91626561148867
"Dusp18",-2.91660894467439
"Fam210b",-2.9180384850205
"Smpd3",-2.92217038077803
"Atp5mg",-2.9222181820989
"Mas1",-2.92382829493038
"Vipr2",-2.92562419462379
"Gjc2",-2.92681766840246
"Gltp",-2.9276987535833
"Acvr1b",-2.92846563032764
"Crat",-2.92975102876676
"Ghitm",-2.93029423349481
"Pparg",-2.93114014673756
"Clic3",-2.93447617931182
"Apcdd1",-2.9365936430885
"Slc22a5",-2.93697116780313
"Vhl",-2.93713560979265
"Dnajb6",-2.93771275194978
"C18h18orf32",-2.93806417710945
"Ttc3",-2.93930521825562
"Wdtc1",-2.94187099850766
"Vapb",-2.94313451405417
"Rmdn1",-2.94438873001264
"Zfp612",-2.94481413882043
"Clcc1",-2.94519309182064
"Acy3",-2.94778823931356
"Ppp6r2",-2.94843551271752
"Gimap6",-2.94987024365043
"Chchd6",-2.95292463671909
"Jmy",-2.95413193624334
"Atpaf2",-2.95465176080702
"Mtch1",-2.95575279165434
"Sncaip",-2.95780000229765
"Dlg2",-2.95879712625661
"Kiaa1671",-2.95945599698772
"Thbd",-2.96052304631071
"Arhgap26",-2.96161618455415
"Rab4b",-2.96416383251292
"Rsad2",-2.96546618968429
"Pip4p1",-2.96637867807153
"Rnf130",-2.96705479589955
"Pim2",-2.97212621955954
"Exoc3l4",-2.97249240346681
"Slc13a4",-2.97449277649832
"Dnajc21",-2.97505978580315
"Hinfp",-2.97621905226133
"Klhl17",-2.97753001508341
"Tprg1l",-2.97844782474267
"S1pr1",-2.97889793601787
"Myo9a",-2.97893022998616
"Ndufa10",-2.97998470373852
"Higd1a",-2.98277009691421
"Stat2",-2.98676872259388
"Sgpp1",-2.98911065094615
"Btbd1",-2.98960444473908
"Tinagl1",-2.99092859738124
"Tmem17",-2.9916977605587
"Letm1",-2.99207425834974
"Lrch3",-2.9927080037546
"Cfap70",-2.99930836554889
"Itpr3",-3.00010998973558
"Wdfy3",-3.00259867480169
"Etl4",-3.00465728460657
"Utrn",-3.00579641806963
"Pals1",-3.00760932969961
"Tpd52l1",-3.0076851260006
"Cblc",-3.00828733229515
"Col11a1",-3.00830730079741
"Cpt2",-3.00920220261252
"Gdi1",-3.01028035388586
"Gpr161",-3.01031249546839
"Adcy3",-3.01049915032275
"Cyth3",-3.01236047168278
"Nxn",-3.01345979819808
"Serp1",-3.01449453765186
"Egln2",-3.01484721851294
"Eva1c",-3.01485195865438
"C2cd2",-3.01684498713712
"Rasl10b",-3.01827983316205
"C10h17orf75",-3.02168876197318
"Sgcb",-3.02442370522558
"Llgl1",-3.02580040395035
"Psmc5",-3.02660595268706
"Nmrk1",-3.02757843312785
"Slc35a3",-3.02820924274314
"Edn1",-3.02854418523489
"Klhdc9",-3.02907057860145
"Tspyl2",-3.02981810020731
"Dkk2",-3.03180421248712
"Pdha1",-3.03407782516029
"Adamts16",-3.03761635748742
"Usp20",-3.03810133195196
"Birc6",-3.03815541340193
"Gdap1",-3.03920176834003
"Prickle4",-3.03956903420617
"Adra2a",-3.03999750357002
"Pcnt",-3.04029209115918
"Pfkfb2",-3.04125229308602
"Sqor",-3.04171925829941
"Twf2",-3.04426880139251
"Fem1b",-3.04541310174276
"Gpatch2",-3.0459057259918
"Tbl1x",-3.04611588650512
"Usp31",-3.04671556752653
"Rdh12",-3.04678501027024
"Ebf3",-3.04744023133656
"Lrig1",-3.04765137097134
"Rem1",-3.05184295190463
"Atp5f1c",-3.05501546071208
"Acta2",-3.05531259420273
"Pgf",-3.05532694318417
"Adgrv1",-3.05553604435238
"Spire1",-3.05624962786658
"Rbm46",-3.0598724330383
"Ss18l1",-3.06075381851123
"Prodh",-3.06094620558946
"Lnx2",-3.06251840211169
"Adam11",-3.06288462879397
"Cfap36",-3.06453174237586
"Trim45",-3.06457315327466
"Gpatch2l",-3.0647174420731
"Atp5f1a",-3.0656402776352
"Tmtc2",-3.06620514798512
"Ctxn3",-3.06643981556249
"Ttbk2",-3.06710377723377
"Card10",-3.06836130701988
"Mfsd8",-3.0711953219783
"Fbxw7",-3.07184318351903
"Lamc2",-3.07256055661267
"Usp54",-3.07478859032944
"C10h17orf50",-3.07741736696014
"Pknox2",-3.07839019458617
"F11r",-3.07951157745777
"Rnd1",-3.08261182020943
"Micos13",-3.08307838017436
"Zbed5",-3.08358657081251
"Mtres1",-3.08454907817229
"Dlgap1",-3.09114944494702
"Bche",-3.09359232603239
"Echdc1",-3.09434072621732
"Zc3h12c",-3.09480525303984
"Lrrc36",-3.09511825443711
"Inha",-3.09536510031021
"Hif1an",-3.0955811377046
"Gucy1a2",-3.09580402840326
"Acad10",-3.0978633839882
"Echdc3",-3.09916633428486
"Il12rb2",-3.10108501811195
"Fbxl4",-3.10140305912973
"Tmem252",-3.10236137869499
"Ctnnd2",-3.10295064491229
"Adamts3",-3.10310878647075
"Cbx7",-3.10609324507708
"Pik3r3",-3.10835035215045
"Kiaa1549",-3.10863644634131
"Atp5mkl1",-3.11181593997779
"Stk40",-3.1163867136625
"Pde3a",-3.11663782954617
"Atp5me",-3.11761038958415
"Hsd11b2",-3.11976369404719
"Rps6kl1",-3.12036496584098
"Wfikkn2",-3.1214123576646
"Nap1l4",-3.12260729690086
"Uvrag",-3.12352903790904
"Rptor",-3.12375485358109
"Ccny",-3.12554189200713
"Angptl1",-3.12580920326513
"Chst3",-3.12619399113199
"Nrsn1",-3.12858926270583
"Ndufs4",-3.12978923953913
"Dact1",-3.13012650756888
"Zfyve28",-3.13094476891371
"Bbs2",-3.13169209103708
"Eif1",-3.13194513937135
"Ddo",-3.13356308566477
"Spns1",-3.13463226356895
"Gan",-3.13489833272504
"Sardh",-3.13697506072334
"Wwp1",-3.14261101312792
"Aqp1",-3.14262241796205
"Mapkbp1",-3.14302946450879
"Cdk6",-3.14375583129433
"Ppp1r12b",-3.14391565256042
"Ogfrl1",-3.14463272767534
"Klf4",-3.14488147811784
"Uqcrc2",-3.15035392182203
"Tmem126a",-3.15203220540187
"Hsf4",-3.15233512649079
"Pptc7",-3.15415814540083
"Fbxw11",-3.1549139379977
"Cndp1",-3.1556336283664
"Igf2",-3.15671542985822
"Phkb",-3.1571915084182
"Ndufb11",-3.1593447530626
"C1qtnf9",-3.15983278289506
"Tasp1",-3.16330282702281
"Arel1",-3.16401193321849
"Cog5",-3.16725609338264
"Sema3d",-3.16775779298078
"Fam149b1",-3.1684245702301
"Selenon",-3.16891990816808
"Smad2",-3.16900510625286
"Dcaf17",-3.16973823421281
"Scaper",-3.16974605944943
"Lmtk2",-3.17045010724828
"Zer1",-3.17085378866571
"Smg7",-3.17346394538786
"Ubn2",-3.17370206810213
"Mul1",-3.17404806159008
"Tbc1d16",-3.17513785687029
"Lzts2",-3.175821371144
"Arrb1",-3.17765304620163
"Tab1",-3.18041431483
"Ntrk3",-3.18144852923269
"Lca5",-3.18173402160853
"Myocd",-3.18195599253038
"Mxd4",-3.18274393202154
"Kif1c",-3.18331552981101
"Bmp4",-3.18367478026781
"Depdc7",-3.18425234306703
"Ttyh1",-3.18502941082306
"Kif21a",-3.186380328526
"Arhgap20",-3.18679199095891
"Pdxdc1",-3.18742439089874
"Rxrb",-3.18823939046924
"Lamtor2",-3.18924265790308
"Amhr2",-3.18967960919216
"Ric1",-3.19087776481648
"Def8",-3.19323829752922
"Fbxo6",-3.19444847915058
"Eif4g1",-3.19465556672753
"Zdhhc9",-3.1951844703688
"Eif5a2",-3.19529996414377
"Cyp2d4",-3.19890374636741
"Trib2",-3.20013945133497
"Ccdc158",-3.20213091814828
"Tet1",-3.20304663158804
"Tmem38b",-3.20344142257736
"Adcy6",-3.2035471600773
"Alas1",-3.20438420179452
"Acvrl1",-3.20568186777421
"Adi1",-3.20603247143184
"Ralgapa1",-3.20608269636755
"Tsc1",-3.20666257674284
"Clec11a",-3.2092818144415
"Rab5b",-3.20974853034338
"Tmem254",-3.21061985850708
"Sorbs2",-3.21238554672992
"Garin5a",-3.21393087152433
"Gpr107",-3.21413210301273
"Stat5b",-3.21421576539685
"Nuak1",-3.21497576529933
"Pard3",-3.21550092080577
"Pdhb",-3.21774117916752
"Kat6b",-3.22066385313315
"Ahrr",-3.22172915408239
"Vps26b",-3.22486479586447
"Cited4",-3.22487688710716
"Prrg2",-3.22643178936856
"Gucy2d",-3.22748638209253
"Zfp706",-3.2291253728756
"Tab3",-3.22912827006818
"Prima1",-3.22948785299938
"Ralgps2",-3.22971029938421
"Stxbp1",-3.23007579914797
"Ncdn",-3.23081979107082
"Evi5l",-3.2308400693643
"Akap8l",-3.23102061082308
"Inpp4a",-3.23114620394401
"Zdhhc17",-3.23318457027313
"Fktn",-3.23395156182956
"Cacnb2",-3.2351332042103
"Vamp8",-3.23548189378379
"Abhd16a",-3.2366108359432
"Pim3",-3.24052207715904
"Tmem106c",-3.24341200469902
"Slc12a7",-3.24364551463231
"Myo7b",-3.24408542776366
"Inpp4b",-3.24596797558353
"Ogdh",-3.24636786790417
"Mtus1",-3.2478883778495
"Gucy1b1",-3.24826299932245
"Pip4k2c",-3.24952336068261
"Spag9",-3.2520041282226
"Ttc33",-3.25330485682137
"Sv2b",-3.25467403761493
"Vps13a",-3.25471697584944
"Ppp1r14a",-3.25489822914123
"Igdcc3",-3.25526925855233
"Opcml",-3.25793170254744
"Tmem61",-3.25837221488033
"Fbxl18",-3.25853710883685
"Grid2",-3.26034427247193
"Mrm3",-3.2604431441722
"Mafa",-3.26114892301316
"Cldn14",-3.2613500461353
"Col3a1",-3.26516089431263
"Ankrd13b",-3.26560362264469
"Gpr180",-3.27051216861126
"Ca4",-3.27107224915207
"Dennd1b",-3.271467138497
"Aff1",-3.27373195700304
"Ndufv3",-3.27427658316481
"Hspa4l",-3.27545535509756
"Lias",-3.27737313798839
"Klhl42",-3.27808351861845
"Gpr75",-3.27896856896965
"Fbxo21",-3.27917005923289
"Kdm7a",-3.27920566028109
"Nek9",-3.28248090609134
"Rapgef6",-3.28438366405892
"Ino80c",-3.28477044323018
"Nlrx1",-3.28638564963029
"Fads1",-3.29261001912987
"Aplp2",-3.29305500498804
"Plg",-3.29537755512893
"Nova2",-3.29592943429348
"Cpa3",-3.29782202492575
"Suclg1",-3.29911398597729
"Atp5pf",-3.30060567995714
"Slc24a3",-3.30203863608115
"Pex10",-3.30229097438338
"Tgfbr2",-3.30256321932793
"Pkhd1l1",-3.30673921697606
"Dguok",-3.30703068355473
"Ndufs2",-3.3074014144359
"Nudcd3",-3.30751086360535
"Nfia",-3.31180200849078
"Usp32",-3.31201804679251
"Golga2",-3.31325002623167
"Fggy",-3.31846457517431
"Nav1",-3.32304545397349
"Slc7a1",-3.323444988546
"Selenos",-3.32357788296541
"Fam8a1",-3.32863252788061
"Fam13c",-3.32902011372705
"Adarb1",-3.330897761471
"Zfp704",-3.3310960894497
"Hsd17b12",-3.33139320957487
"Col15a1",-3.33392329537615
"Itih3",-3.33445220218186
"Cabp1",-3.33570722505513
"Hrct1",-3.33655776623652
"Zbtb16",-3.34459125946766
"Gnaz",-3.34775157940644
"Crybb1",-3.34892848059538
"Arhgef4",-3.35064741608627
"Kiaa0319l",-3.35075448596257
"Phc3",-3.35130038019508
"Il34",-3.3517684626965
"Lamb3",-3.35317820239118
"Cdc34",-3.3537130222974
"Zcchc17",-3.35452766377804
"Atxn1l",-3.35607459400225
"Zfp462",-3.35741172383017
"Slc16a4",-3.35932280223273
"Gmpr",-3.35932861996024
"Peg3",-3.35955204092804
"Cd59b",-3.3597452707537
"Trpt1",-3.36070970093384
"Nphp1",-3.36077378581485
"Myl9",-3.36141618990064
"Kcnk3",-3.36282068539262
"Ppargc1a",-3.36297288965839
"Mccc1",-3.3657068351097
"Zfp870",-3.37222913658006
"Hsd17b8",-3.37386229500932
"Kash5",-3.37408791421792
"Lrrc61",-3.37455759145037
"Ndufa6",-3.37600708021846
"Mt1-ps3",-3.37728260579846
"Clstn3",-3.37729462503285
"Pcdh12",-3.3780025232094
"Lepr",-3.38106655094069
"Galnt16",-3.38301049592945
"Gstt2",-3.38337505304256
"Otop1",-3.3856039015418
"Dip2a",-3.38735294202087
"Gulp1",-3.38777811160971
"Lrrc3b",-3.3878369691239
"Dnajc4",-3.38981066358664
"Gdpd3",-3.39203062370601
"Cox5a",-3.39443847186622
"Pitpnm2",-3.39602290555716
"Dhdh",-3.39668857126108
"Icmt",-3.39726351426203
"Nhlrc1",-3.39785361186337
"Dpyd",-3.39787284901591
"Myo5c",-3.40163041398583
"Wbp4",-3.40210585948995
"Tet3",-3.40464176337674
"Tmem161a",-3.40613740184924
"Aqp11",-3.40686508737366
"Kcnab2",-3.40761188630526
"Nelfb",-3.40764444711
"Casz1",-3.40952178108825
"Etfb",-3.41346020659469
"Cep350",-3.41458787356436
"Fam171a1",-3.41585934517365
"Homer2",-3.41587824667083
"Mtcp1",-3.41648593817191
"Capn6",-3.41839944878007
"Dennd6b",-3.42239759218703
"Trmt9b",-3.42295824626241
"Cox6c",-3.4251069863286
"Izumo4",-3.42564264840479
"Slitrk5",-3.42722266656424
"Dcaf7",-3.42742985277205
"Bicd2",-3.42782951713453
"Pald1",-3.42796142427555
"Dner",-3.4279862046349
"Rasgef1c",-3.43584177534392
"Mtcl2",-3.43619119443719
"Opa1",-3.43741466800405
"Mitf",-3.43850207011036
"Cgnl1",-3.43927509182878
"C1ql3",-3.44069763070795
"Copz2",-3.44308442261781
"Ak3",-3.44409977072658
"Prepl",-3.44436057513522
"Csdc2",-3.44639158117258
"Unc13a",-3.44871985864079
"Csrnp3",-3.44879122455282
"Sdhaf3",-3.44994867604947
"Cd52",-3.45024527492288
"Sema4d",-3.45079485555918
"Tenm2",-3.45131203644113
"Rhd",-3.45205404215932
"Klf7",-3.45672516855821
"Rbm28",-3.45821996918675
"Kmt2c",-3.46062511590241
"Plp1",-3.46083212019271
"Snap91",-3.46176199193099
"Foxj3",-3.46227346944189
"Eif2ak3",-3.46480436101111
"Ubr1",-3.46579804643759
"Atp5f1b",-3.46718183110096
"Ldaf1",-3.46730972831878
"Tppp",-3.46977549135669
"Hbs1l",-3.47041925428316
"Csnk2a1",-3.47601256542964
"Jazf1",-3.47606991781583
"Lama2",-3.47682975448312
"Pex16",-3.47734549955218
"Rxra",-3.47827797945139
"Foxf1",-3.47986398227242
"Rasa2",-3.48104066981599
"Pmm1",-3.4823251965963
"Gab1",-3.48307119559231
"Cldn1",-3.48325322331614
"Esyt3",-3.48495390006048
"Fitm2",-3.4851717599559
"Cbs",-3.48591429946716
"Eeig2",-3.48751631017166
"Lyar",-3.48899793509118
"Coq5",-3.48996083404835
"Asap1",-3.49136135662672
"Sgf29",-3.49286891805427
"Abhd14b",-3.49321811084585
"Abhd2",-3.49323239719266
"Pick1",-3.49461902018664
"Rab11fip2",-3.49506023371791
"Tc2n",-3.50295726245682
"Rnf10",-3.50487772743539
"Cog3",-3.50495547665552
"Aip",-3.50537386415629
"Zhx1",-3.50999280448664
"Cdhr4",-3.51324437478061
"Prmt2",-3.51859683933468
"Sar1b",-3.52130705444664
"Galnt10",-3.52166262921658
"Ccdc181",-3.52214013469377
"Cecr2",-3.52622382212141
"Mib1",-3.52938279102831
"Bod1",-3.53220679025565
"Rnf43",-3.53455485139342
"Ccdc141",-3.53549328209423
"Il17rd",-3.53788499586651
"Trappc10",-3.53941434469445
"Lcmt1",-3.53946009531909
"Stard10",-3.5398177049279
"Pcnx4",-3.54033414190367
"Phactr2",-3.54089907408569
"Syne3",-3.54144922414316
"Gimap7",-3.54366460595818
"Cdv3",-3.54376437253204
"Pi4k2a",-3.54523722910826
"Rhbdl3",-3.54553668733422
"Inka2",-3.54694818785175
"Ebf2",-3.54955652800049
"Klhdc8a",-3.54980421460346
"Epdr1",-3.55586533102205
"Ncam1",-3.55759272540596
"Tmem120b",-3.55851946595182
"Cilp",-3.55884751307622
"Slc6a2",-3.56175968925291
"Map1a",-3.56351177648885
"Grb10",-3.56503564281621
"Lamb1",-3.56505335738208
"Tln2",-3.5651633475669
"Ndufv1",-3.56819856132756
"Hibadh",-3.56884227340693
"Doc2b",-3.56919249261468
"Samd8",-3.57128263121985
"Eln",-3.57389758115954
"Npnt",-3.57474072971474
"Fbxo9",-3.57490330406096
"Ulk3",-3.5769605505584
"Nek7",-3.57899697216726
"Kifbp",-3.57927019989746
"Ppp1r14c",-3.57981631706705
"Ndufa8",-3.58066477867549
"Fgfr1",-3.58076462609898
"Wipi1",-3.58301627682635
"Kgd4",-3.58434145391608
"Sys1",-3.58529331523715
"Manbal",-3.58775379382308
"Amigo2",-3.58954908424209
"Itgav",-3.58979576038653
"Med12l",-3.59043326215521
"Arpc1a",-3.59486984384184
"Snrk",-3.59657184427673
"Orai2",-3.5966758013112
"Acsl3",-3.59745685651515
"Slc25a15",-3.59847784632385
"Cftr",-3.59886215844833
"Ptges2",-3.60005769259328
"Ccng1",-3.60008372692769
"Tns3",-3.60077208424918
"Pdgfb",-3.60362235095937
"Hapln3",-3.60902247954933
"Mdh1",-3.609173877436
"Lrig2",-3.61171269788691
"Iqsec2",-3.61191671712837
"Rapgef1",-3.61311469410316
"Nt5dc3",-3.6134249952833
"Mtf1",-3.61358234138381
"Spring1",-3.61446953300682
"Fxn",-3.61455253234229
"Zfp395",-3.62004407658002
"Tmem134",-3.62433530612097
"Inpp1",-3.62681672926892
"Cert1",-3.62812588344908
"Zfp775",-3.63386487011998
"Gng8",-3.6340974952386
"C2h1orf52",-3.63650661854004
"Ano8",-3.63656026422099
"Hddc3",-3.63687425084957
"Slc26a1",-3.63732661208173
"Pdzd2",-3.63804778987134
"Nipsnap2",-3.63873875440514
"Nkiras1",-3.6393648287105
"Arhgef3",-3.64066706797285
"Coq7",-3.64317826739521
"Arhgef18",-3.64396564078579
"Purg",-3.64446499902185
"Asxl3",-3.64815606527368
"Pkm",-3.6516877994757
"Fam219a",-3.65220915540296
"Angpt2",-3.65373068975365
"Ndufa11",-3.65390901602592
"Pik3r1",-3.6542517820139
"Mtfr1l",-3.65476463196333
"Pogk",-3.65983864901991
"Rnaseh2a",-3.66166040231885
"Neto1",-3.66166762759961
"Mrpl27",-3.66193501676492
"Gimap5",-3.66197784838647
"S100a16",-3.66285467134144
"Trank1",-3.66536178514718
"Iqub",-3.66591988014167
"Lrp6",-3.66864346002904
"Crispld1",-3.66964248666363
"Uhmk1",-3.67226767861967
"Plekha6",-3.67449202196075
"Mef2c",-3.67453479418571
"Akt2",-3.67591363312427
"Tmem45b",-3.67810716460502
"Brk1",-3.67943746473106
"Arhgap5",-3.68188016119146
"Adgrb1",-3.68209564041491
"Slc25a12",-3.68362890486512
"Dynlt3",-3.68503511507866
"Zbtb34",-3.6895452521334
"Galnt18",-3.69049335742329
"Hipk1",-3.69172127072737
"Lyrm7",-3.69546346005221
"Ndufb3",-3.69616475715679
"Kcnf1",-3.69958860480398
"Rad9b",-3.7007006857677
"Unc79",-3.7009761673756
"Nf1",-3.70135967366944
"Spata2",-3.70312886064245
"Slc9a8",-3.70742433082481
"Stpg1",-3.70960971730915
"Get1",-3.71096957332983
"Aff4",-3.71134619551805
"Depp1",-3.7136152344056
"Chrdl1",-3.71414729537585
"St3gal6",-3.7160079116837
"Wdpcp",-3.71644178663341
"Rhpn2",-3.71800413104421
"Kxd1",-3.72037047958227
"Tmod2",-3.72242696280109
"Mlh3",-3.72261932725533
"Ube2o",-3.72327128357174
"Mill1",-3.72472654111561
"Cma1",-3.72485856668842
"Dnaja3",-3.7261656001166
"Nherf1",-3.72625150972481
"Lrrc2",-3.72693557853514
"Prex2",-3.72716509668694
"Cdc42ep2",-3.73004030097814
"Map3k7cl",-3.7341641443583
"Tnrc6c",-3.73426635256351
"Atxn7",-3.74208537383538
"Cntn2",-3.74265995489479
"Mefv",-3.746145551528
"Trim7",-3.74675237812606
"Nr2c2",-3.75324685688276
"Prkn",-3.75369078470557
"Cacng7",-3.75666764096479
"Mtr",-3.75795302817995
"Oat",-3.75959421004418
"Usp46",-3.76184454281043
"Atp9b",-3.76202193820339
"Wipf3",-3.7627484687165
"Ttc5",-3.76837754220078
"Sec11c",-3.76979065171946
"Tmem250",-3.77002817681967
"Tmco4",-3.77280054470524
"Npy1r",-3.77629336697508
"Ndufb8",-3.77721775149272
"Ube2d1",-3.77763458553228
"Prss23",-3.77831717248776
"Dab2ip",-3.77895364137737
"Acyp1",-3.77964239424584
"Snx27",-3.78089783574312
"Slc16a3",-3.78400830143801
"Zbtb43",-3.78656560558866
"C13h1orf115",-3.78677367395029
"Ugp2",-3.78771876887578
"Ddrgk1",-3.79094295724789
"Dhrs7",-3.79167386983507
"Itpk1",-3.79446857583533
"Irs3",-3.79590583238107
"Tmem205",-3.79873926742798
"Atg9a",-3.80040857758303
"Cdc14b",-3.80162487526319
"Fam180a",-3.80228109296452
"Ppdpf",-3.80374950262208
"Cdh6",-3.80626299614297
"Dach1",-3.80628010586736
"Wif1",-3.80644164279868
"Idh3a",-3.80784344037065
"Cdh5",-3.81141784473987
"Shank1",-3.81777449931926
"Ddc",-3.81868703178569
"Ift20",-3.82013390532917
"Pla2g12a",-3.82308296808607
"Matn4",-3.82330509457815
"Hes6",-3.82333015213901
"Gpt2",-3.82364266051894
"Cab39l",-3.82656298129346
"Nav3",-3.82847601582253
"Rnf128",-3.83029018009526
"Lrrk2",-3.83067663873739
"Ecpas",-3.83311859332259
"Arl2",-3.83434384117872
"Zkscan1",-3.83560028386224
"Ptpn13",-3.83943309479272
"Arrdc2",-3.83989908876712
"Cmtm5",-3.84293609172207
"Prpf40b",-3.84320713319255
"Ndufs8",-3.84329346340834
"Fam124a",-3.84425243776323
"Miga1",-3.84553141865819
"Otud4",-3.84570523401691
"Foxred1",-3.84752582020227
"Eif4a2",-3.84833981900091
"Ldb2",-3.84905990250795
"Ndufa3",-3.8502119026304
"Ppara",-3.85138264037267
"Sh3bp5l",-3.85149525745737
"Lamc3",-3.85175446221383
"Nalf2",-3.85482532892244
"Zcwpw2",-3.85580303518278
"Tacc2",-3.85624561708825
"Zbtb7c",-3.85669675620413
"Ptprk",-3.86214818134256
"Meox2",-3.8680225012285
"Dbt",-3.86882582386537
"Mfsd6",-3.87084783536565
"Ndp",-3.87165622632175
"Cpxm2",-3.87290588360929
"LOC120100362",-3.87568201401836
"Cox11",-3.87698091040213
"Shisa4",-3.87983223728924
"Lzts3",-3.88091981640055
"Abi2",-3.88193692913555
"Zbtb20",-3.8829265949617
"Herc2",-3.88404050986315
"Plekhg2",-3.88490356486079
"C4h3orf20",-3.88493712189287
"Ubl4a",-3.88555804580104
"Immp1l",-3.885593044652
"Btbd3",-3.89103452007361
"Sptbn1",-3.89175180430571
"Kdsr",-3.89394923502197
"Gpc4",-3.89485851203952
"Ncoa2",-3.89507299076444
"Marchf8",-3.89977620392202
"Nckap1",-3.9006531378014
"Gk5",-3.90110515680848
"Slc35a2",-3.9019290827353
"Ndufb10",-3.9026817782578
"Endog",-3.90531027075962
"Svil",-3.90742803776769
"Gyg1",-3.90793917489739
"Clec14a",-3.91284701270555
"Sema4c",-3.91703303197521
"Ndufaf6",-3.92155974872671
"Dmwd",-3.92581478232868
"Akt3",-3.92795074585039
"Cox7b",-3.92800897503348
"Itpr2",-3.9282756889544
"Macroh2a2",-3.9287960538194
"Got1",-3.9294135478286
"Slc8a2",-3.92950604132352
"Gpm6b",-3.92986434698971
"Tacc1",-3.93015430736255
"Opn3",-3.93633634907019
"Hadh",-3.93756270750229
"Hcar1",-3.93965279378107
"Eps8l2",-3.94474706951854
"Ppp2r3a",-3.9449800041722
"Ciao2b",-3.95024552964049
"Pir",-3.95040444785919
"Gstk1",-3.95174049367847
"Mrpl54",-3.95566194650856
"Rpp25",-3.956631714231
"Bphl",-3.96199506713707
"Art3",-3.96388908591916
"Pex11g",-3.96579089725168
"Akt1s1",-3.96618453227621
"Taok3",-3.96772463849352
"Mapk8ip2",-3.97025908359843
"Piwil2",-3.97558075725098
"Hectd4",-3.97561422923168
"Git1",-3.97741081615387
"Tbc1d22a",-3.97770552280611
"Slc41a1",-3.97797665969326
"Itch",-3.97827816824938
"Scml4",-3.97860224322611
"Epm2aip1",-3.98093941061792
"Ndufa4",-3.98435644821963
"Smarca2",-3.99161009908222
"Ccl19",-3.99290297733043
"E2f6",-3.99491190450573
"Tek",-4.00066540492768
"Sfrp4",-4.00174644343871
"A4galt",-4.00647553607441
"Ryr3",-4.00724987507641
"Ndufaf2",-4.00727078835965
"Pnpt1",-4.00740507187799
"Ankib1",-4.00850516492762
"Tspan3",-4.01165059654814
"Zyg11b",-4.0128189055582
"Kctd13",-4.01368480176268
"Atp1b3",-4.0167970941781
"Dele1",-4.01698085369388
"Slc35g2",-4.01832197311954
"Osbpl2",-4.02189816680577
"Psd3",-4.02331856412707
"Nod1",-4.02590325551312
"Sod3",-4.02677943523867
"Kcne2",-4.02688796720618
"Adcy9",-4.03114406202965
"Mdh2",-4.03473322296392
"Hspa12b",-4.03570076577886
"Uqcrb",-4.03670905957448
"Papln",-4.03805730271987
"Syt3",-4.03827637734531
"Atp5mc3",-4.03940340830101
"Cep104",-4.04084201673876
"Gstt3",-4.04158814191676
"Abcc6",-4.04291272314153
"Kif5b",-4.04596236612353
"Nbeal1",-4.04749925635271
"Shroom2",-4.049347150196
"Cd200",-4.0539482253023
"Lhpp",-4.06155052510116
"Efhd1",-4.06201025816248
"Slc25a10",-4.06400107588426
"Lix1",-4.06932282592271
"Mical3",-4.06934254043118
"Fam117b",-4.07457283086607
"Snx11",-4.07497428868675
"Fhip1a",-4.07549678135004
"Slc46a2",-4.07724697372029
"Rab11a",-4.07935246994631
"Uqcr10",-4.07989297509125
"Myo16",-4.08163327758378
"St13",-4.08247937982894
"C7h12orf56",-4.08320673085324
"Wnt2b",-4.08745427508604
"Ndufa9",-4.08826696289617
"Chd1l",-4.08901977742832
"Hcn2",-4.0894301360627
"Oxct1",-4.09539027122633
"Hspg2",-4.09541131246078
"Ero1b",-4.09551260081103
"Cyc1",-4.09602603856351
"Endod1",-4.10256854790657
"Rnf7",-4.1029822147302
"Lin52",-4.10389128669603
"Osbp",-4.10421208034376
"Nfatc1",-4.10581464441743
"Tmem117",-4.10610804664914
"Sdha",-4.10657926622205
"Cystm1",-4.10777738988382
"Id1",-4.11049381329343
"Myo15a",-4.11172634450762
"Trpv6",-4.11401946242114
"Gas2l1",-4.11549931409686
"Mboat7",-4.1163522248323
"Fgfr2",-4.11747420126958
"Dhrs11",-4.12001611108753
"Gpi",-4.12185925532163
"Ccl21",-4.12210490506744
"Pcdh19",-4.12306733339134
"Igsf9b",-4.12597219969237
"Phlda3",-4.12783851471848
"Arsg",-4.12855148416985
"Bcat2",-4.12880962590004
"Smyd2",-4.12915556157406
"Apoa5",-4.12955087234664
"Klhl12",-4.13050036615219
"Tle1",-4.13099746432971
"Ccndbp1",-4.13119001310051
"Sort1",-4.13156427347494
"Zfp91",-4.13228561452955
"Gsta4",-4.13380979740479
"Stub1",-4.13663792329983
"Matcap2",-4.14122826838551
"Pank1",-4.14136958402296
"Clec16a",-4.14395208499786
"Dhx35",-4.14754529973987
"Npc1",-4.1478337472608
"Hk1",-4.14893925224456
"Gprasp1",-4.15225976432845
"Gal3st1",-4.15249862867723
"Dennd11",-4.15310172762456
"Rer1",-4.15519284888115
"Inf2",-4.1555708180774
"Fam120c",-4.15820299899838
"Cycs",-4.1603244395806
"Fahd2a",-4.16155540364302
"Cers4",-4.16281429601775
"Pomk",-4.17832971209646
"Hmbox1",-4.1792552267001
"Hpf1",-4.17951381664452
"Ttll7",-4.17955674483734
"Atp6v0a1",-4.18397235316218
"Oaz2",-4.20011849151588
"Cdc25b",-4.20015211226826
"Arhgef17",-4.20054762149768
"Fbln5",-4.20107447827287
"Chd2",-4.20331586683707
"Unc119b",-4.20525354247524
"Mcur1",-4.21025156084589
"Spata20",-4.21362317501847
"Zhx3",-4.21689673431204
"Mxra7",-4.22012810443516
"Plce1",-4.22347085521375
"Mtmr3",-4.22364093360722
"Idh3g",-4.22456508739699
"Serpinb6b",-4.22516944128341
"Mff",-4.22580603182163
"Elp3",-4.22828086162184
"Crim1",-4.22859558017712
"Fundc2",-4.22910635340659
"Ino80d",-4.23275447964329
"Ppfia4",-4.23313329124586
"Pxmp2",-4.23452092454078
"Mblac2",-4.24425663843514
"Acss3",-4.24532588044759
"Coprs",-4.24881550057515
"Fech",-4.25221905752144
"Itih5",-4.25588566297315
"Fxyd1",-4.25642207156185
"Bsg",-4.25946708522369
"Alas2",-4.26190695673533
"Pwwp3b",-4.26191315857076
"Tal1",-4.26250350425988
"Sned1",-4.27062604572824
"Arhgap6",-4.27241544377739
"Ndufb5",-4.2743772528254
"Bnip1",-4.27593245720188
"Apbb1",-4.27893461401012
"Marchf6",-4.27996475991814
"Tmprss5",-4.2824602950305
"Slc30a9",-4.2836345582917
"Ech1",-4.28570209169224
"Scnn1b",-4.29122782347886
"Urod",-4.29479421188019
"Lrrc74b",-4.29652163240627
"Tkt",-4.29765254404932
"Poldip2",-4.29814710498106
"Zwint",-4.29830515784498
"Btnl9",-4.29838691674941
"Cdc42ep3",-4.29918324914991
"Rab28",-4.29947017036703
"Sptan1",-4.30115954967937
"Prdm11",-4.30437987577338
"Jph2",-4.30465957721557
"Trhr",-4.3064215390454
"Kcnh2",-4.30719051301139
"Thrsp",-4.30842418671312
"Emc9",-4.30852373327248
"Cep85l",-4.31293251751588
"Htr3b",-4.3142573154965
"Rab20",-4.31860903538318
"Fh",-4.31978232966387
"Scrib",-4.32381492766196
"Rims1",-4.32829042043378
"Rom1",-4.32892191128352
"Pdp2",-4.32942540729278
"Usf3",-4.32993595817516
"Idh3b",-4.331472472921
"Nipal3",-4.3339346252186
"Sts",-4.33685267084343
"Abca3",-4.33797006705705
"Abtb2",-4.33864885757136
"Ntmt2",-4.34360596632808
"Ttl",-4.34469688270116
"Dzank1",-4.34473799341293
"Hlcs",-4.34590588364602
"Uqcc2",-4.34778866224701
"Slc9a3",-4.34851746613163
"Osbp2",-4.34975873235158
"Slc25a35",-4.35106910694851
"Ntrk2",-4.35111107882611
"Mdga1",-4.35291268825715
"Epb42",-4.35329524358211
"Tcf7l1",-4.35790771603501
"Gng2",-4.36101696704927
"Dync1h1",-4.36130970106885
"Lamb2",-4.36355487475895
"Enpp5",-4.36408186800142
"Stx16",-4.36942986411122
"F13a1",-4.37058443235248
"Pafah2",-4.37505067722497
"Cdc37l1",-4.37543584996109
"Esam",-4.37939230152105
"Stradb",-4.37940467651314
"Dcbld2",-4.38003501064131
"Qki",-4.38070990133254
"Ecrg4",-4.38665350870156
"Stk32b",-4.38738814191027
"Rimbp2",-4.39178174913632
"Chit1",-4.39455001861574
"Hba-a2",-4.39630805565151
"Rnft2",-4.40158340654953
"Nr3c2",-4.40265143366001
"Twnk",-4.40550551712778
"Mthfr",-4.411799609145
"Hba-a1",-4.41228986634977
"Rab1b-ps1",-4.41510491029138
"Lig3",-4.41766054468477
"Negr1",-4.4184111199647
"Map4k2",-4.42091350111759
"Phldb2",-4.42101177605683
"Ttc7b",-4.42237254675416
"Sumo3",-4.4229496071333
"Fam107b",-4.42346486427571
"Hacd2",-4.42377641521018
"Cdh20",-4.42477541560609
"Hikeshi",-4.42614759313944
"Tbx15",-4.42772964100871
"Cyp46a1",-4.42802033681768
"Hspb1",-4.43094623806879
"Prkag2",-4.43311634634729
"Zmym3",-4.43664811534661
"Slain1",-4.43674700350103
"Mamstr",-4.43777430782601
"Nefh",-4.44002802687874
"Prpsap2",-4.44087547121188
"Zfand3",-4.44157159954436
"Narf",-4.44329002529561
"Prss12",-4.4433687785099
"Prelp",-4.4476377618519
"Cbfa2t2",-4.44779997618026
"Atf5",-4.44973509718113
"Atp6v0e2",-4.45257326613876
"Ophn1",-4.46116448610377
"Arhgef7",-4.46294144367601
"Unc5c",-4.46460752766849
"Lrrn1",-4.46692193749136
"Dmd",-4.46723729880132
"Erc1",-4.46948268554252
"Ap3b2",-4.47050810655106
"Lingo1",-4.47212407401873
"Lgalsl",-4.47276576379699
"Fuca2",-4.47317614808988
"Gpr150",-4.48457387731343
"Ksr1",-4.48607939286142
"Cspg4",-4.48704184753031
"Galntl5",-4.49027970091778
"Drc3",-4.49185366917782
"Dmac2l",-4.49191586660377
"Nfib",-4.4929604276858
"Ptges3l",-4.49553419958004
"Pdzd8",-4.49726412643321
"Fam13a",-4.49765247546505
"Fzd9",-4.49885642152801
"Adamtsl4",-4.49890795667659
"Anks3",-4.4996430428011
"Cdo1",-4.49999450061683
"Plpbp",-4.50093382786293
"Klhl21",-4.50861708751293
"Egfl7",-4.51099808472009
"Cd2ap",-4.51156501642662
"Kcnma1",-4.51527469553287
"Nr3c1",-4.51892762488384
"Ppp1r12c",-4.52891187576579
"Sh3d19",-4.52961548165066
"Nudt3",-4.53543946144714
"Sobp",-4.53629032450887
"Stau2",-4.54198417657297
"Col4a3",-4.54473741940211
"Aox3",-4.54508047696638
"Dnajb2",-4.54524260813096
"Sez6l",-4.54679637750235
"Mylk",-4.55302402274595
"Atrnl1",-4.55324580579869
"Asb14",-4.55678298963966
"Mapk8ip3",-4.55977775068655
"Kdelr3",-4.5657818301278
"Ifitm10",-4.56644364367324
"Lratd2",-4.56763807949507
"Pgm5",-4.56964317035104
"Ndufab1",-4.56972725631101
"Nudt16",-4.57097107219433
"Anxa4",-4.57817386894595
"Arl4d",-4.58093582242675
"Slc19a3",-4.58176210378303
"Ppp1r26",-4.58787386829068
"Hsd17b10",-4.59150954430286
"Nicn1",-4.59257990659036
"Barx2",-4.59259776505096
"Zdhhc8",-4.59400966934319
"Fbxw8",-4.59451082410405
"Sec14l2",-4.59785905080706
"Brdt",-4.59871089679222
"Acaa1a",-4.60083006836852
"Syn1",-4.60209481985161
"Myorg",-4.60269718613722
"Uaca",-4.60563161983449
"Focad",-4.61265305263233
"Gng7",-4.61389626688037
"Acly",-4.61589624220076
"Park7",-4.61811182696921
"Peli2",-4.62273722017616
"Cfap157",-4.62282595663417
"Arhgap44",-4.6231579185502
"Cobl",-4.62356038715647
"Fkbp3",-4.6247222085274
"Lbhd2",-4.6250949658952
"Hsd17b11",-4.62549288548192
"Sgms2",-4.62647945786283
"Popdc2",-4.63721478942415
"Igdcc4",-4.63815563527731
"Vps13d",-4.63979627699365
"Synpo2",-4.64093042875507
"Plxna3",-4.64135545154722
"She",-4.64135710208175
"Nherf4",-4.64141231013194
"Zfp385b",-4.64194192455548
"Xiap",-4.64328755485368
"Tfdp2",-4.644261467918
"Bace2",-4.64633954414208
"Slc49a3",-4.64725326683141
"Ccdc115",-4.64939404917215
"Efr3b",-4.65172473963335
"Dynll2",-4.65665953784989
"Aadat",-4.65697197063056
"Flvcr2",-4.6584203903916
"Fxyd7",-4.66058737863203
"Churc1",-4.6626447811011
"Fam168a",-4.66355411557756
"Gpr20",-4.66505231945834
"Spop",-4.66524691047718
"Tbxa2r",-4.66628168836943
"Asb4",-4.6667211908409
"Fam221a",-4.66760484820776
"Exd2",-4.66923205280539
"Fut8",-4.67011255066091
"Ddr2",-4.67184189713557
"Susd4",-4.6724227928892
"Atoh8",-4.67420796068311
"Kif5a",-4.69075603465634
"Dstyk",-4.69232361936826
"Pbx4",-4.69449251830241
"Dcst2",-4.69673089334876
"Ghr",-4.70529303371323
"Calr4",-4.7058251581539
"Ccdc85a",-4.71168443362621
"Tmprss13",-4.71201340023024
"Foxred2",-4.71305442241781
"Cnbd2",-4.71490699728007
"Lvrn",-4.71702124253014
"Acot13",-4.71917624688589
"Myl6bl1",-4.72194864270159
"Suclg2",-4.72943300452775
"Trip11",-4.73127373456592
"Ptgr2",-4.73546213975983
"Mfap5",-4.73734777829716
"Slc7a4",-4.73780332352296
"Dpysl5",-4.73986703366525
"Ccdc186",-4.74235813330938
"Sil1",-4.74633750832693
"Ddhd1",-4.74919844003703
"Acot1",-4.7500058993107
"Notch3",-4.751942160721
"Plcd4",-4.75339303636156
"Szt2",-4.75347557529078
"Tmtc1",-4.75436005737261
"Cldn12",-4.75827736055557
"Sema6d",-4.7604218507732
"Jcad",-4.76224971232037
"Pcmt1",-4.76331882462571
"Clock",-4.76367105176952
"Lrrc20",-4.76623951997619
"Cnnm2",-4.76816474744719
"Clptm1",-4.76842768873633
"Padi3",-4.77321562916238
"Sgsm3",-4.77380974041406
"Mst1",-4.77644805259081
"Amd1",-4.77840417064608
"Thsd1",-4.77890657906258
"Stard9",-4.78115121664012
"Fry",-4.78376558438838
"Clasp2",-4.78722923252898
"Tmem70",-4.79276894106838
"Kcnk1",-4.7942614834065
"Tmem130",-4.79670487362897
"Cbfa2t3",-4.79674005624526
"Ypel2",-4.79692889792624
"Gnpat",-4.80067440066551
"Vasn",-4.80147568220412
"Echdc2",-4.80389253258075
"Lrrtm4",-4.80919666632306
"Trpv3",-4.81650720491549
"Cfap52",-4.81800909163563
"Tpd52",-4.82276151921883
"G6pc3",-4.82642992066409
"Clip2",-4.8268169506926
"Sema3b",-4.82791943996816
"Ascl3",-4.82951648973475
"Emcn",-4.82975791035767
"Uqcr11",-4.83831284898729
"Grm4",-4.84188957311295
"Sesn1",-4.84616927133354
"Kcna7",-4.84652788618733
"Dnaaf9",-4.85139264613014
"Nsg1",-4.85228365463704
"Tom1l2",-4.85571418499344
"Slc4a4",-4.8559318231753
"Mybph",-4.85594020146678
"Sipa1l1",-4.86262532052615
"Nrgn",-4.8634140157879
"Snx24",-4.87937849320325
"G0s2",-4.88260173967172
"Ptprb",-4.8836134979014
"Rragd",-4.886357413216
"Gatd3a",-4.88673998333425
"Large1",-4.89124889777261
"Tesk1",-4.89189832020627
"Kcnd3",-4.89493819611377
"Tlcd3a",-4.90000732897654
"Aco2",-4.90732624465696
"Itfg1",-4.90865031304772
"Zfp286a",-4.91147536087366
"Nucb1",-4.9116645208363
"Lzic",-4.91389829693084
"Rapgef4",-4.91814758132311
"Trpa1",-4.91868805266451
"Nr5a2",-4.91891206171082
"Cpeb1",-4.922539795875
"Gpx2",-4.92276764765091
"Net1",-4.92428369310487
"Rimoc1",-4.92490823117621
"Acot2",-4.92516400187307
"Gabarapl1",-4.93140545120236
"Tpk1",-4.93344119581803
"Clcn4",-4.93391770316943
"Plxdc2",-4.93407396118587
"Rasgrf2",-4.93754182814291
"Stk39",-4.94240506139906
"Alg11",-4.94286210091161
"Slc36a2",-4.94371287358845
"Ppfia3",-4.94397786858601
"Sptbn5",-4.94808152844104
"Yipf6",-4.95050599611566
"Synj1",-4.95831810842331
"Cfap126",-4.96155209670801
"Stard3",-4.96188450561336
"Ankrd40",-4.9682889308407
"Mcrip2",-4.96861307955545
"Gnai1",-4.97321654361054
"Ppm1f",-4.97337361454321
"LOC120102115",-4.97597603904695
"Zfp174",-4.97600563255682
"Them4",-4.98110883775501
"Zfr2",-4.9846463015929
"Stac",-4.99248863855879
"Far1",-4.99668096442469
"Jakmip2",-5.00008026051001
"Nectin4",-5.0068373091075
"Rab3a",-5.00932244446285
"Sult5a1",-5.01464389042879
"Tcea2",-5.01497806221598
"Hagh",-5.02334712986597
"Esr2",-5.03106509255496
"Tjp2",-5.03301540983753
"Mpv17l",-5.03968278284564
"Sh3tc2",-5.04003076873613
"Ube2q2",-5.04200757413767
"Cisd1",-5.04471827643929
"Pitx3",-5.04528195227713
"Frem2",-5.04551285959141
"Lmbrd2",-5.04560168414341
"Abca5",-5.0480089324126
"Maged2",-5.05495356527976
"Gpr137b",-5.06057600533179
"Tbc1d9b",-5.06198893938944
"Itpr1",-5.06348671044721
"Gask1a",-5.06439722432798
"Kbtbd12",-5.06508362484191
"Rex1bd",-5.07494162188156
"Eda",-5.07521327902167
"Sdk1",-5.07658322806257
"Rgs6",-5.07798699533917
"Epb41l5",-5.08056446450851
"Aifm2",-5.08112888242408
"Cntf",-5.0882193257614
"C19h16orf74",-5.08855878064271
"Mrps7",-5.09334305912774
"Tmem50a",-5.09493089393689
"1700029M20Rikl",-5.09585563376767
"Mtm1",-5.09641910175679
"P4ha1",-5.09659593050298
"Tmem266",-5.09922224494935
"Adgrb3",-5.10483850151647
"Asb18",-5.10558934923917
"Apol9a",-5.1057072449881
"Dgkd",-5.10709266769922
"Tcaim",-5.10825151307672
"Adgrg6",-5.1110613003008
"Habp4",-5.1181811395061
"Gcsh",-5.12321724637169
"Gpm6a",-5.12353946822912
"Dll1",-5.12708554583655
"Sntb2",-5.13169703353969
"Pard6g",-5.13252433331871
"Pigp",-5.13422349718656
"Abcd3",-5.13563659675089
"Pcyt2",-5.13773800711877
"Phka1",-5.13784580085787
"Rergl",-5.14160380620719
"Tspan33",-5.14297892643787
"Mmp15",-5.14378752114262
"Kcnq4",-5.14381121472755
"Suco",-5.15152396485301
"Pdlim5",-5.15921936504793
"Bckdhb",-5.1625311248481
"Atp5f1e",-5.1669439418179
"Ccdc180",-5.17123642783129
"Fbxo2",-5.17272471044401
"Agmo",-5.17368243310202
"Pccb",-5.17481056701235
"Prkab2",-5.17898576043271
"Zfp335",-5.17952261233881
"Fat4",-5.17953727431176
"Sigmar1",-5.180830798362
"Mid1ip1",-5.18094895995197
"Tspan8",-5.18568000009682
"Hhatl",-5.18640568518973
"Swap70",-5.18724546418139
"Dcaf11",-5.19120217655513
"Adcy2",-5.19519788296217
"Rtn3",-5.19836876672557
"Galnt13",-5.19915785649735
"Fxr2",-5.19964179277023
"Wwc3",-5.20116223646517
"Morn4",-5.20254122044679
"Fcmr",-5.20290341955449
"Slc4a1ap",-5.20350332327369
"Asphd2",-5.20481114763619
"Usp13",-5.20523154463771
"Phyh",-5.21076937176583
"Slc9a2",-5.21377370341667
"Rell1",-5.21397969584017
"Coq9",-5.21483037263708
"Pcp4",-5.21591464278268
"Tpi1l1",-5.21611969332447
"Zfp366",-5.22325531467438
"Srpra",-5.22399912947304
"Ccdc3",-5.22430045081154
"Ptpmt1",-5.22542944406833
"Lmcd1",-5.22831206876965
"Nfe2l1",-5.23180763746404
"Alpk3",-5.23867848438031
"Lrrc14b",-5.24319857352591
"Anxa9",-5.24628593746855
"Hspa2",-5.24958224022161
"U2af1l4",-5.25270466476855
"Lsr",-5.25542636984747
"Dcun1d4",-5.25574141676006
"Fam185a",-5.25721279644187
"Trpm3",-5.25967471161121
"Esr1",-5.27030097311702
"Serinc1",-5.27046451255754
"Inpp5a",-5.27081707882921
"Iqcg",-5.2714872271521
"Gria4",-5.27597437278394
"Ankrd50",-5.27649585244289
"Selenot",-5.28444596927757
"Fam219b",-5.28623989656351
"Schip1",-5.28967630053025
"Ubac1",-5.29010139668353
"Sspo",-5.29093602750093
"Esrrg",-5.29315231452925
"Il16",-5.29347086925858
"Eml1",-5.29355935782521
"Fmo3",-5.29464969764741
"Dtx1",-5.30466421559039
"Epb41l3",-5.3096639084825
"Slc4a3",-5.31064433212094
"Slc3a2",-5.31076607371294
"Hps4",-5.31327109507766
"Cyyr1",-5.31514186400108
"Cpa1",-5.31555443040353
"Cdkl2",-5.31563911741265
"Syngr1",-5.3160266416924
"Aamdc",-5.31962095503658
"Syt15",-5.31977859148834
"Usp53",-5.3206994593221
"Acadm",-5.32500899967474
"Crtc3",-5.32886185068292
"Clcn6",-5.32916380666858
"Slc44a2",-5.33059562764713
"Setd3",-5.33226538076385
"Mpc1",-5.33394004010445
"Bace1",-5.34157690919304
"Pdxp",-5.34224840074646
"Mapk12",-5.34587987522649
"Cgrrf1",-5.34745591177718
"Trarg1",-5.3495732613467
"Carmil1",-5.35076725071649
"Ralgps1",-5.35468798621074
"Chrnb1",-5.35976333271082
"Cped1",-5.36306057244829
"Notch2",-5.36609082659872
"Ctdsp1",-5.36953695639053
"Rmdn3",-5.36981995572712
"Dgkb",-5.37406630820334
"Tiam1",-5.37681006384017
"Nrn1",-5.38582756289615
"Mllt3",-5.38905331574077
"Hsph1",-5.39150076009777
"Slfn5",-5.39201380519447
"Mettl22",-5.39263145469465
"Cnksr1",-5.39880697841668
"Kif26a",-5.4000787861883
"Sncb",-5.40109665308881
"Deptor",-5.40130790452333
"Cacnb1",-5.40142590610172
"Pemt",-5.40241029269897
"Pitx2",-5.40944903694407
"Ermn",-5.40955605774053
"Pdgfd",-5.41800916456055
"Hrasl1",-5.41952225612624
"Crip2",-5.42332017086781
"Slc22a3",-5.42340841305437
"Dnaja4",-5.42426784666992
"Ulk2",-5.42436925480248
"Bex1",-5.42440436825566
"Nol3",-5.43822219445972
"Foxo1",-5.44292819548678
"Ehhadh",-5.44468055162593
"Etnk1",-5.44618745025721
"B3gat1",-5.45264978993301
"Six4",-5.45356976323629
"Wwc2",-5.45401918201311
"Scrn1",-5.45499247150456
"Adam10",-5.45524067207627
"Rab2a",-5.46053230297807
"Plekhb1",-5.46333925329212
"Eif2ak1",-5.46701788737039
"Adamtsl1",-5.46718248845724
"Extl1",-5.46852919636872
"Trak1",-5.47201962835479
"Als2",-5.47354917379744
"Wbp2",-5.47812485665466
"Prickle2",-5.47929141488019
"Kctd2",-5.48663618992358
"Otub2",-5.49195987527481
"Rgs3",-5.49352025546771
"Lgi1",-5.49401937825114
"Hacd3",-5.5019878722184
"Fat1",-5.50245384643233
"Kif27",-5.50413944436215
"Acss1",-5.50518520301555
"Ezh1",-5.50550113828857
"Sdhaf2",-5.50843748716199
"Ncoa4",-5.509439551541
"Vit",-5.51055901042238
"Cdadc1",-5.51222609358781
"Ccdc28b",-5.51397448379334
"Arhgef16",-5.51424121830792
"Ecsit",-5.51729461956414
"Syngr3",-5.52060148561424
"Strn",-5.528411581448
"Vgll3",-5.52855874053811
"Rnf187",-5.53316675473327
"Itga2b",-5.53810069015176
"Dhh",-5.53853323243275
"Adgrd1",-5.54129218198067
"Slc39a13",-5.55062209001189
"Sugp2",-5.55813900878233
"Lmod1",-5.55982005307308
"Ehd2",-5.56001970135656
"Mapk3",-5.56470734968191
"Emc7",-5.57182342706102
"Slc37a4",-5.57590599008008
"Ctf1",-5.57929943743253
"Ccdc92",-5.58011123175639
"Ttll9",-5.58280999876958
"Synpo2l",-5.58571475565537
"Crym",-5.58815729770526
"Dag1",-5.58831375178541
"Drp2",-5.58875658711269
"Cdc42ep1",-5.58983438212771
"Klhl23",-5.5899161471866
"Sft2d2",-5.59439738983657
"Gfpt1",-5.59793767916698
"Pithd1",-5.60031272274512
"Epn2",-5.60109247045652
"Smyd1",-5.60955908649781
"Mstn",-5.61208958232217
"Tmem245",-5.61555448777053
"Hipk2",-5.61577901187616
"Fgf13",-5.61871617208789
"Jam2",-5.62037783553899
"Rilpl1",-5.6213119849132
"Rmc1",-5.62252364088692
"Cdc42bpa",-5.62593690991857
"Itgbl1",-5.63194109197202
"Frrs1l",-5.63265497359142
"Srebf2",-5.63525176579168
"Acat1",-5.63743933156674
"Mboat2",-5.63935020224289
"Rdh11",-5.63990974445769
"Gpr137",-5.642113837855
"Fam13b",-5.64644438136235
"Wdr4",-5.64795037802448
"Papss1",-5.64802370419762
"Ctnna3",-5.65388320820896
"Smoc2",-5.65604244841383
"Cdk16",-5.65883540009628
"Pdzrn3",-5.66012132823511
"Chpt1",-5.66550329998749
"Ptprm",-5.67468658164781
"Slc35a5",-5.67560290478257
"Piezo2",-5.67641093399828
"Thsd7a",-5.6785922093273
"Sfi1",-5.68015085007291
"Ncmap",-5.68452256770484
"Ppp1r9a",-5.68740255276015
"Hid1",-5.68958419630794
"Dmrt2",-5.69333853674235
"Rph3a",-5.69598919248514
"Bcas1",-5.69667385171622
"Fam161b",-5.70143843800461
"Jph3",-5.70181997917784
"Galnt17",-5.70465459642691
"Rilp",-5.70514650293942
"Folh1",-5.7090832328002
"Ablim2",-5.72240232016801
"Pde2a",-5.72902368784476
"Gys1",-5.73296913334124
"Kdm4b",-5.73528664171937
"Ptprd",-5.73980586190243
"Frmd3",-5.74898442060816
"Tead4",-5.7532102482823
"Hcn1",-5.75361379501949
"Rasip1",-5.75391592632523
"Nat8l",-5.75508489065687
"Magix",-5.75598438779549
"Rspo4",-5.7566956817811
"Ephb6",-5.76308762000388
"Urm1",-5.7631886874009
"Snapc2",-5.76324693188276
"Atxn1",-5.76341854672455
"Slc24a2",-5.76390510134722
"Tmem233",-5.76457949577128
"Slc25a38",-5.76644561514366
"Rogdi",-5.76894414614437
"Atp2b2",-5.77513025665334
"Tgm4",-5.78060143782495
"Rrad",-5.78147766275896
"Sfxn5",-5.78228365627715
"Rbp7",-5.78385192044036
"Mllt11",-5.80702354744088
"Atp1b2",-5.80725008357184
"Rai2",-5.80921133012262
"Chchd3",-5.81177142088435
"Hacd1",-5.82189005110139
"Prune1",-5.82636676823505
"Csnk1g2",-5.83607993265148
"Sec31b",-5.84224015667434
"Tfe3",-5.84335036369074
"Opa3",-5.85166440790829
"Acadsb",-5.85169669311706
"Cavin3",-5.85576178575513
"Chrna1",-5.86272195063156
"Olfml1",-5.86492510848654
"Tmem143",-5.86565401995551
"Sparc",-5.86849731736113
"Cyb5r1",-5.86882345502097
"Grhpr",-5.8765327094799
"Dnal1",-5.87841404736291
"Als2cl",-5.8816448297001
"Tbc1d23",-5.88594464318801
"Cd81",-5.88610692299947
"Apol3l1",-5.88840316798046
"Shc4",-5.89127349402149
"Srgap3",-5.89885559308573
"Mgat3",-5.90828555992019
"Ggt1",-5.91612858257357
"Trhde",-5.91722180981933
"Dock9",-5.91764613778656
"Optn",-5.9213957514728
"Dok7",-5.92273747893461
"Fads6",-5.92515008126846
"Arhgef10",-5.93057048004558
"Prkcq",-5.93164407772807
"Prph",-5.94557880954487
"Fgf7",-5.94699589056774
"Fez2",-5.95108059095272
"Sgcd",-5.95510760984249
"Cds2",-5.96122750636372
"Tmem278",-5.96296620615789
"Chadl",-5.96422274464062
"Prkce",-5.96542720868578
"Chdh",-5.9665441542183
"Crybg3",-5.96910750274016
"Rapgef5",-5.97331006796787
"Acat2l1",-5.97429437954134
"Isca1",-5.97750888342843
"Mmrn2",-5.97817267374794
"Syne1",-5.98271039847936
"Dvl1",-5.9915189451091
"Myod1",-5.99342250965931
"Zfyve9",-5.99454659089389
"Kcnk2",-5.99488131009636
"Scamp5",-6.00044321004636
"Snx13",-6.00316074741747
"Gimap8",-6.00689716390938
"Fgfr4",-6.0128971552219
"Ccdc47",-6.01595502789874
"Tmem204",-6.01632476869234
"Abcg2",-6.01982753392443
"Smo",-6.02205716426102
"Veph1",-6.02525744502861
"Runx1t1",-6.03045009425032
"Tnfsf15",-6.03690991165204
"Ldhd",-6.04218855899784
"Ano5",-6.05699712336901
"Entpd5",-6.05825026095642
"Csrp3",-6.06300770702956
"Atp9a",-6.0657500222666
"Ppl",-6.07047031284639
"Pipox",-6.07272766799987
"Tmem109",-6.07388226010596
"Rcn1",-6.07650550401206
"Crbn",-6.07658451169555
"Atp2b3",-6.07661477107571
"Adhfe1",-6.07665045990692
"Podxl",-6.08033525622715
"Hr",-6.0853597296042
"Kcnj12",-6.08915690301872
"Satb1",-6.09244740352923
"Lgr6",-6.09692838156857
"Slc8a3",-6.1001801993202
"Sdk2",-6.10260025281572
"Septin3",-6.10449013263209
"Ppa2",-6.10769218166556
"Cdkl5",-6.10976542085941
"Vtn",-6.11247475325666
"Ahcyl2",-6.11919136883763
"Cuedc1",-6.11957768299116
"Mlip",-6.12773263481807
"Unc13c",-6.12864630214327
"Whrn",-6.12873089297687
"Rab11fip4",-6.12970891579388
"Ndrg2",-6.12971450525211
"Ccdc6",-6.13542217224781
"Ccser2",-6.14042635243532
"Myadml2",-6.14121706885204
"Nudt12",-6.14444078040455
"Paqr5",-6.15038105996482
"Agpat3",-6.15259636495918
"Rasal2",-6.15454517247645
"Cc2d1b",-6.15671124037384
"Ddah1",-6.1591853615422
"Kiaa0930",-6.16161793974789
"Ace",-6.16451200069687
"Ciroz",-6.16727134432954
"Dpt",-6.16746011640115
"Thsd4",-6.16928291298706
"Cdc42se2",-6.17010167609498
"Col8a2",-6.17379262262487
"Gcc2",-6.17495773637095
"Rbp4",-6.1777052740441
"Atp5mc1",-6.180659346885
"Abcc8",-6.18145133033743
"Shank3",-6.18257962217141
"Sptlc2",-6.18997982221011
"Ndufs3",-6.19298653187245
"Entrep1",-6.19735355777436
"Naa80",-6.20076055387268
"Sucla2",-6.2037108582052
"Ube2f",-6.2042675162805
"Ngrn",-6.20584452195639
"Klhl38",-6.20953638437677
"Stard8",-6.21211737429944
"Sema5a",-6.21747922872336
"Prrt1",-6.22147337661459
"Ca14",-6.22703556348719
"Fmnl2",-6.23485462894808
"Odc1",-6.23545501868448
"Col4a1",-6.23899967395316
"Xkr4",-6.24273841798606
"Lrrc30",-6.24863857581096
"Zbtb4",-6.24937987827217
"Fgfr3",-6.25693298695827
"Pcca",-6.25812957436236
"Prkaa2",-6.25868399727434
"Nalcn",-6.26291954277997
"Scn1b",-6.26890461221609
"Cetn2",-6.27690171251678
"Ybx2",-6.28064163083451
"Emc3",-6.28828285348426
"Csmd1",-6.29375726495184
"B4galnt1",-6.30894380662056
"Sirt2",-6.31250749772053
"Micall1",-6.31425491117314
"Rab6b",-6.31827691073942
"Phgdh",-6.32205674503968
"Fis1",-6.33131742889278
"St6galnac6",-6.33407898526106
"Olfm1",-6.33647257434172
"Vwf",-6.33845035181151
"Ensa",-6.34200077479872
"Mcpt1l1",-6.34886813714993
"Dda1",-6.35437271472582
"Mrpl51",-6.36513437845063
"Ptpn14",-6.36677245799169
"Kcnab1",-6.37142447734348
"Zfyve21",-6.3749046777503
"Galnt11",-6.39503043712876
"Itgb4",-6.39545102231149
"Dusp14",-6.40106905043289
"Lrrc24",-6.40238226378483
"Sowahb",-6.41110854412362
"Col9a1",-6.42615664949803
"Selenoi",-6.42812023616335
"Mag",-6.43471803445339
"Arhgef15",-6.44079348376576
"Pigq",-6.4475293115772
"Fbxo25",-6.44837505178051
"Klhl33",-6.44841349385002
"Mettl21c",-6.45277175731066
"Lmo7",-6.46295104976141
"Gxylt2",-6.46468844253404
"Paqr7",-6.47906584659711
"Cyp4b1",-6.48104199161529
"Cd55",-6.48106827078368
"Lipe",-6.48109595275634
"Fam168b",-6.48111200186043
"Kank3",-6.48637902427554
"Syt11",-6.4865715365247
"Bcl2l2",-6.48754286985878
"Pcp4l1",-6.49255270597344
"Fmc1",-6.51838868097215
"Araf",-6.52402467674596
"Ssc4d",-6.52614522470113
"Arc",-6.52702844832033
"Mpst",-6.52795189784646
"Kcnh8",-6.53209147861383
"Foxo4",-6.53582817645365
"Osgin2",-6.53604962196557
"Abca8",-6.54141312952984
"Sgca",-6.54822314469364
"Pgbd5",-6.54849208484862
"Hyal1",-6.55508499434687
"Cplx2",-6.5623599467784
"Myog",-6.56567726813359
"Vwa5b2",-6.56634501588774
"Cacnb4",-6.57043011622334
"Ckmt1",-6.57140444747295
"Plin4",-6.57426039851642
"Ccdc13",-6.57719115632259
"Tmem184c",-6.58024943815003
"Amigo1",-6.58290227955241
"Garnl3",-6.58810387499629
"Plpp7",-6.588480193692
"Ivd",-6.58956584685507
"Aldh1l1",-6.59130821600641
"Lamp3",-6.59318229803195
"Map3k10",-6.59342481810822
"Rflnb",-6.59564055261171
"Jph1",-6.59785641407395
"Arpp21",-6.59817615947962
"Calm3",-6.60266330544982
"Cryaa",-6.60310128680129
"Oprk1",-6.60596215341804
"Sbf2",-6.60616643393774
"Tiparp",-6.61693963139204
"Slc25a1",-6.62131511780891
"Cacna1c",-6.63079217035556
"Bin1",-6.63637603356005
"Pclo",-6.64119402655419
"Dock10",-6.64857078223745
"Slc25a23",-6.6487097913828
"Sh3gl2",-6.66406407183266
"Hrh3",-6.67026530259187
"Lmbrd1",-6.68488385664883
"Arsa",-6.69171688338872
"Atp2a3",-6.69679151090295
"Gpcpd1",-6.69754210780729
"Mpzl1",-6.70624938347515
"Prep",-6.71026396815335
"Ptprf",-6.71922655972985
"Arx",-6.72160157249648
"Bckdha",-6.72529443462349
"Wsb2",-6.72861424494878
"Mmut",-6.72873405522342
"Neu2",-6.73159186007979
"Igsf9",-6.7432007450812
"Slc25a4",-6.74689281542095
"Abi3bp",-6.74829854202689
"Ppfia2",-6.75103012958629
"Dhtkd1",-6.75998109809162
"Tpi1",-6.76058528989755
"Stmn3",-6.76690848792188
"Scap",-6.78637752036847
"Gpr146",-6.78700290714739
"Eepd1",-6.79001749982953
"Itgb6",-6.79629901674515
"Slc38a3",-6.80091764851409
"Dpysl2",-6.82281986798075
"Smim19",-6.82894393734188
"Enpp4",-6.83541395715233
"Ngly1",-6.8379190366066
"Ust",-6.83880551104909
"Fhl5",-6.84705657847742
"Camk2a",-6.85226481421957
"Erg28",-6.85654045864627
"Npw",-6.85785085285706
"Fam169b",-6.85974452131389
"Mpc2",-6.85978862122535
"Nudt9",-6.86630297837386
"Qdpr",-6.86853026790558
"Daam2",-6.86853652476143
"Cd9",-6.86962040033174
"Mylk2",-6.87496976729505
"Mast2",-6.88709648971433
"Mturn",-6.89331956556381
"Elovl1",-6.89445987573532
"Pcsk5",-6.89862427762503
"Klhdc3",-6.89868434445917
"Gucy1a1",-6.89879701979484
"Aldh3a2",-6.89900066771751
"Enah",-6.90522477251751
"Wnk2",-6.92621217894636
"Msrb3",-6.93036057573131
"Zfyve27",-6.93778225148234
"Degs2",-6.93817481967391
"Ryr2",-6.93834829973761
"Tlcd4",-6.93861185746086
"Nipa1",-6.95192763519362
"Endou",-6.95388627402913
"Pgp",-6.95685152582148
"Rasl12",-6.96351306868404
"Ndufv2",-6.96449090654805
"Sun2",-6.97472811630397
"Setd7",-6.97490481830235
"Kif3c",-6.97490901562621
"Tmem150c",-6.98485825417707
"Alpk2",-6.98578797085623
"Hkdc1",-6.99096328275804
"Rhpn1",-6.993354043641
"Zbtb46",-6.99736257911883
"Frmpd1",-7.00518466322177
"Shroom1",-7.0185922006065
"Spart",-7.02079354598109
"Hras",-7.02160896199935
"Sord",-7.02296741435639
"Actc1",-7.02812245146198
"Elovl2",-7.0297631872077
"Snca",-7.03138998188558
"Ece1",-7.03271306767133
"Asb5",-7.03300163403712
"Fmod",-7.03335988067037
"Tceal7",-7.03653798690022
"Abhd3",-7.03692886170776
"Nomo1",-7.03721716266775
"Slc26a10",-7.03991784138714
"Bloc1s2",-7.04210431554595
"Hspa1l",-7.04290917094986
"Rbm20",-7.04543325735139
"Pla2g6",-7.05006561276638
"Dgke",-7.05044525549803
"Ret",-7.05502989035711
"Pcyt1b",-7.05711669697094
"Cltb",-7.05823501906309
"Stim1",-7.0651833566262
"Fzd7",-7.06613785544497
"Dcaf6",-7.06843978756315
"Npr3",-7.06900681886689
"Flt1",-7.07022742449218
"Ppm1j",-7.07253443144488
"Cbx6",-7.10590368223652
"Plekhg5",-7.10651437554924
"Aldh9a1",-7.10756582987445
"Tex2",-7.10834259861443
"Cdon",-7.11089689104652
"Smarcd3",-7.1126306204337
"Tf",-7.1158295736652
"Ctnnal1",-7.11904161482292
"Grb14",-7.1304324740336
"Pnma8b",-7.13056187650674
"Amfr",-7.14806922866839
"Fig4",-7.14958077051632
"Gpr157",-7.14998828449286
"Prkci",-7.15170192319768
"Stbd1",-7.15182249059746
"Mboat1",-7.1529752107559
"Myh11",-7.16368980690454
"Masp1",-7.1677334518878
"Slc25a33",-7.17493091494461
"Tox",-7.17943453929456
"Mvb12b",-7.18022267792421
"Fam81a",-7.18240859397739
"Col23a1",-7.19669877279864
"Asb10",-7.19868031411149
"Ivns1abp",-7.21508267670781
"Ufsp1",-7.21660932539951
"Tnfrsf25",-7.22004391923845
"Rab40b",-7.22267534790364
"Bcar3",-7.23159701276258
"Fbxo40",-7.23282430532432
"Apoc3",-7.23845286530387
"Bcam",-7.24897894265602
"Ip6k3",-7.24909138024565
"Kcnc4",-7.25860071572601
"Gpam",-7.26083237295041
"Nherf2",-7.26326861433098
"Dpy19l3",-7.26497395497163
"Stat5a",-7.27208634793302
"Fnta",-7.27564688277801
"Rnf5",-7.27779823846059
"Ilrun",-7.28878966216539
"Fndc5",-7.29121151401555
"Reck",-7.29447060922394
"Abhd1",-7.29905598872157
"Zfp106",-7.31124716991819
"Reep6",-7.31611695962848
"Mindy2",-7.32188151729665
"Sat2",-7.32905972538409
"Mccc2",-7.33542656326743
"Cavin2",-7.33699509653809
"Sec14l5",-7.33846082966178
"Radil",-7.34328344015094
"S100a1",-7.35112769380418
"Slx1b",-7.35461045190059
"Zbtb7b",-7.37535198082574
"Pard6b",-7.38104153709589
"Myh7",-7.38106097797167
"Josd2",-7.38221689709665
"Degs1",-7.38419601138881
"Lypd6b",-7.3884123544518
"Hip1r",-7.39707668916763
"Auts2",-7.40232068158782
"Map2k6",-7.40344787482019
"Tmem40",-7.4104902462248
"Rph3al",-7.41880858583469
"Mgst3",-7.42466500315593
"Man1b1",-7.4274861723847
"Prr15",-7.42816599232033
"Abtb3",-7.4299531755207
"Prkd1",-7.43840765170445
"Nos1",-7.44001401958273
"Kcna2",-7.44121672871365
"Tdrp",-7.44542612750081
"Slc27a1",-7.45005914222999
"Myh3",-7.45468220555759
"Tnnc1",-7.46226933103714
"Ndufs7",-7.46258614272242
"Grap2",-7.46794158318111
"Tas1r2",-7.47125699189136
"Syde2",-7.47294363876069
"Pebp1",-7.47611818240921
"Tmem62",-7.47920211625712
"Mpl",-7.47968087320115
"Myo18b",-7.48309724253386
"Csad",-7.48538437703353
"Arhgap31",-7.49055184097582
"Lcat",-7.50478519693695
"Lynx1",-7.50795273808636
"Sez6",-7.50967497916228
"Ctnnbip1",-7.51407436670071
"Aldoc",-7.52116498297185
"Fryl",-7.52367031555941
"Art5",-7.52989843631095
"Yipf7",-7.53065438731622
"Pnkd",-7.5333162013902
"Ntn4",-7.53600410479851
"Klhl40",-7.53787689785466
"C16h10orf71",-7.54658791335648
"Nipal2",-7.54709253248747
"Klf15",-7.55364830157464
"Apc2",-7.5558646864136
"Gpld1",-7.56422568694744
"Plcb1",-7.57077425930383
"Gapdh",-7.58283392972097
"Il11ra1",-7.58380847083462
"Sel1l3",-7.59070003837922
"Plekhh2",-7.591535244667
"Lama5",-7.59763027266743
"Popdc3",-7.60026295031204
"Fbln2",-7.60144452256441
"Neb",-7.60665973875921
"Zdhhc3",-7.6136703494434
"Nkain2",-7.61814454698661
"Tcf15",-7.61997896382833
"Atp1a1",-7.62696658804058
"Acer3",-7.63612109885197
"Acacb",-7.63902479420085
"Fam107a",-7.64885383080696
"Tcta",-7.64947247573031
"Tmbim6",-7.66573558662864
"Myf6",-7.67134361638909
"Mia",-7.67334819713902
"Thrb",-7.67715912799635
"Fhod3",-7.68596086332445
"Pink1",-7.69334627974266
"Ankrd2",-7.69592167692237
"Nrbp2",-7.69927104332424
"Krt5",-7.71070319703287
"Epb41l2",-7.71266184805296
"Ntsr2",-7.71529808918132
"Erbb4",-7.72293059721947
"Caskin1",-7.72831977762196
"Tceal5",-7.73384480149685
"Enpp2",-7.74598321406551
"Asic1",-7.74900399393963
"Ppm1k",-7.74949581081405
"Dapk2",-7.76535022234274
"Aldh6a1",-7.78230317967453
"Nek1",-7.78793528673057
"Col6a6",-7.78828131149426
"Rnf167",-7.79604150022783
"Ank2",-7.8006982047699
"Col9a3",-7.81485852083432
"Ache",-7.83859689705378
"Col4a5",-7.84105416529876
"Afdn",-7.84527595677276
"Coq10a",-7.84790318956718
"Gabra3",-7.85531172263896
"Ehbp1",-7.85834278197054
"Bicd1",-7.87008755725827
"Ushbp1",-7.87976857398567
"Maf",-7.88287754081164
"Nipal1",-7.88902882555948
"Grip2",-7.92150163745402
"Fn3k",-7.92478058430299
"Rps6ka2",-7.92608901710753
"Selenow",-7.93027747914343
"Slco4c1",-7.93684516826878
"St3gal3",-7.94734536535327
"Lama3",-7.95404492642294
"Slc20a2",-7.95806231507128
"Rprml",-7.96604813511902
"Srd5a1",-7.97030403728188
"Svop",-7.97700536175045
"Dnajc27",-7.98175617862896
"C1qtnf12",-7.98579390502596
"Mpdz",-7.9935758597601
"Prxl2a",-8.02658590041294
"Cap2",-8.03242594308188
"Neo1",-8.03317523842662
"Neurl1",-8.03985525975724
"Mink1",-8.04083295445571
"Shisa3",-8.05556119621544
"Dtna",-8.06022615204012
"Vgll2",-8.06258185462595
"Nbl1",-8.06375341384973
"Fmo1",-8.06451800165969
"Kank1",-8.06617791318282
"Adap1",-8.0686140592017
"Rnf13",-8.06927923308948
"Plaat1",-8.06946193704984
"Mmab",-8.070533040905
"Rmdn2",-8.07454278747478
"Slit3",-8.07663604076338
"Arhgap19",-8.08777135357919
"Rangrf",-8.090308568601
"Hspb8",-8.09889015579825
"Lgr5",-8.10561075360152
"Itga6",-8.10924719584616
"Smtnl1",-8.12242075690637
"Cmbl",-8.123795490064
"Arhgef9",-8.1250523377091
"Lcn2",-8.12759407773577
"Acsl6",-8.13344583775383
"Gal3st3",-8.13543310907153
"Serinc4",-8.13572806994946
"Tril",-8.13699805718409
"Tnxb",-8.15435634873379
"Igfn1",-8.16641822084701
"Evi5",-8.16801361086689
"Gpt",-8.16941825095076
"Tmem50b",-8.17149989432286
"Dact3",-8.17464893719326
"Plekhg3",-8.18053774045192
"Hspb3",-8.18849674245318
"Myl2",-8.19666990628675
"Apobec2",-8.20996197671524
"Agfg2",-8.21406587073338
"Dbnl",-8.21870661057348
"Asb12",-8.23398920486746
"Tns2",-8.2426452718848
"Ebp",-8.24398280489372
"Slc25a42",-8.24878444882458
"Adcy1",-8.25714423297969
"Timp4",-8.26225983604551
"Enho",-8.26549684773948
"Pfkfb1",-8.26967382547492
"Hspa12a",-8.27021263853448
"Plekhf1",-8.27286170655221
"Plxnb1",-8.27390602501408
"2310002L09Rikl",-8.28020393543147
"Tmem182",-8.32591276439424
"Myh7b",-8.33154789183899
"Aqp4",-8.35918650714848
"Tmem35a",-8.36532773613776
"Farp2",-8.36591942466386
"Jag2",-8.36660237646891
"Cadm3",-8.37457922429504
"Slc12a2",-8.38087416305088
"Etnk2",-8.38267569550982
"Dixdc1",-8.38674546354353
"Prr33",-8.3931795907142
"Cpeb2",-8.39385308867757
"Myrip",-8.39758886163971
"Obscn",-8.4072247036778
"Zc3h7b",-8.42838831271117
"Nmrk2",-8.43461221782663
"Spon2",-8.435772585079
"Psat1",-8.44331348901504
"Lrrc39",-8.4500586564763
"Fbp2",-8.47073925004107
"Ablim3",-8.47830962139534
"Bnip3",-8.49033976318093
"Pacsin3",-8.49556995400616
"Magi2",-8.49835186740141
"Asb16",-8.50515562468684
"Myoz2",-8.50943918590702
"Col9a2",-8.52412368172362
"Sgms1",-8.54262910557545
"Kiaa1191",-8.54765243268627
"Patj",-8.57472396217239
"Fsd2",-8.57538679273831
"P4htm",-8.58608983558107
"Ldlr",-8.59104238605237
"Btbd8",-8.59766282175317
"Vamp5",-8.60037709315552
"Perm1",-8.6051513186156
"Slc25a48",-8.60656584483386
"Meox1",-8.61296483453768
"Sntb1",-8.61402140169003
"Plpp3",-8.61525265806077
"Kif1a",-8.61967584645496
"Lifr",-8.62135457919206
"Mmp24",-8.64845653524104
"Ctnna2",-8.66120955270137
"Kif5c",-8.66850722196321
"Slc16a1",-8.68297436597566
"Abca8a",-8.69989281267523
"Adcy8",-8.70154472145083
"Tmem179",-8.71276592959337
"Itgb5",-8.71380636272669
"Cnmd",-8.7408018386913
"Elovl6",-8.74751952001188
"Akap12",-8.75982324834361
"Enoph1",-8.7673500965217
"Slc39a8",-8.77213266074264
"Miga2",-8.77505579410226
"Acyp2",-8.78363955662763
"Tmcc3",-8.78579144065693
"Ephx4",-8.78920854529376
"Zbtb47",-8.79414536428572
"Ldhb",-8.80475212071541
"Tns1",-8.80606570388893
"Tll1",-8.82882911918586
"Pank3",-8.84203596641087
"Six1",-8.85331881016553
"Spata21",-8.85717689068711
"Gsta1",-8.85787054016455
"Cav3",-8.86565443006709
"Slc7a5",-8.87104817503419
"Mme",-8.8803722069532
"Styxl2",-8.88048073412971
"Smpx",-8.90420357363647
"Lrp11",-8.93326968978932
"Kcnj11",-8.95460240647856
"Col5a3",-8.9576430857201
"Zfp512",-8.96263298498407
"Fgl2",-8.96627059015061
"Faxdc2",-8.97331507205561
"Cryab",-8.97904269279478
"Tfb1m",-8.9852988925939
"Rfk",-8.98642903109131
"Ndfip2",-8.98922000173539
"Carns1",-8.99111031492421
"Maoa",-8.99769997466744
"Cers2",-9.00010820453442
"Gnao1",-9.00117613385781
"Slc6a8",-9.03616193902473
"Mvk",-9.04503404305503
"Lpcat2",-9.04942612876281
"Rlbp1",-9.05998262153359
"Phospho1",-9.06984349949523
"Lsmem1",-9.07078647391912
"Myh6",-9.07512702906195
"Col4a2",-9.07644340802504
"Rap1gds1",-9.08667206190395
"Disp1",-9.09517702590937
"Ppip5k2",-9.09944919938365
"Kif19",-9.10425025103311
"Ak1",-9.10465183821776
"Wdfy2",-9.11956490261417
"Clstn1",-9.12056926675011
"Ctns",-9.12674076364413
"Slc38a4",-9.13178053708876
"Sh3glb2",-9.13302821332263
"Desi1",-9.13759293253821
"Clcn3",-9.15430704849569
"Fhl1",-9.16640634796981
"Cobll1",-9.17701385023121
"Tekt3",-9.18036853020925
"Gls2",-9.18703360113922
"Nsdhl",-9.21597828870044
"Sparcl1",-9.21942746284403
"Alpl",-9.22483446353469
"Cfap100",-9.22830261907638
"Pam",-9.25012888390001
"Pkia",-9.25495084711785
"Myh14",-9.25568954455106
"Col14a1",-9.28986325959158
"Myo1b",-9.29197984871704
"Tesk2",-9.30322674774686
"Mss51",-9.31120825804805
"Nmnat2",-9.31784640569291
"Zfp423",-9.32099266794667
"Palm",-9.32244136826186
"Ky",-9.3289106149439
"Tmem52",-9.35331950829119
"Kctd7",-9.3642497561282
"Fxyd6",-9.38582509502769
"Dusp29",-9.39013901404803
"Rhbdl1",-9.39101177068149
"Agl",-9.40640501230195
"Unc45b",-9.42603798104826
"Scn4a",-9.428662114186
"Tst",-9.4382191396553
"Slco1a4",-9.45408095727189
"Ppp1r13b",-9.45472391750625
"Synm",-9.47285045769073
"Fitm1",-9.48676391165089
"Abca2",-9.49103307656248
"Slc7a2",-9.49621600072473
"Sorcs1",-9.50746107985827
"Emid1",-9.51122235750581
"Ppp2r2c",-9.51134773117252
"Shbg",-9.52467110937875
"Ssh2",-9.53055978814372
"Plcl1",-9.53420367740731
"Pcdh10",-9.56092068795276
"Pbld1",-9.56173049218449
"Lmod3",-9.56630589833302
"Ptp4a3",-9.56998112589149
"Megf9",-9.57736538452942
"Jam3",-9.58765918685491
"Aldh5a1",-9.59496244546149
"Iscu",-9.59647626423976
"Irs1",-9.60122492103423
"Rnf152",-9.60654480692105
"Bok",-9.60693416984922
"Cacng1",-9.63016167918238
"Pkdcc",-9.63262607932032
"Ppp1r3a",-9.63443667001024
"Slc2a1",-9.68618602307677
"Slc25a27",-9.68917571899565
"Fxyd2",-9.69134184695542
"Smtn",-9.70596486457671
"Tcea3",-9.7107420016765
"Agps",-9.72591087331924
"Mapre3",-9.73100606763504
"Cdnf",-9.73637935920537
"Plcb4",-9.73638391563345
"Ptdss2",-9.73668041910419
"Fa2h",-9.76006823264293
"Ankrd23",-9.80343433968695
"Ajuba",-9.81113703174639
"Insig1",-9.82566366466607
"Nqo1",-9.83574786959458
"Slc48a1",-9.84779397378456
"Tnnt1",-9.85327949779963
"Tmbim1",-9.90954560468346
"Xirp1",-9.91241928060576
"Fth1-ps5",-9.91486752232913
"Adgrf5",-9.91539915134601
"Lrrtm1",-9.91567197285853
"Aspa",-9.9241397776878
"Ca3",-9.92783753575572
"Vsnl1",-9.96023490153272
"Slc25a29",-10.0013306130988
"Popdc1",-10.0132303381998
"Zfp180",-10.0197133060307
"Cpt1b",-10.0199871380405
"Cmya5",-10.0201093977703
"P2ry2",-10.0216747806738
"Stard4",-10.0287849129592
"Slc9a6",-10.0370687767484
"Marchf2",-10.052512559635
"Hacd4",-10.0560985227748
"Robo3",-10.0568487505612
"Stac3",-10.0684822437125
"Nacc2",-10.0851383516443
"Mrap",-10.0923943015742
"B3gnt5",-10.1119637914148
"Art1",-10.1160909845022
"Rnf122",-10.1744019112313
"Cst3",-10.1777508080376
"Coq8a",-10.1847779051084
"Ecscr",-10.1895776291205
"Fez1",-10.1935261114596
"Pla2g4b",-10.1979468402823
"Fmn2",-10.2555569512492
"Adamts17",-10.2675432808372
"Smpd1",-10.2679677362088
"Trim54",-10.2714450497523
"Ndrg1",-10.2860803174596
"Fmo2",-10.293441687068
"Mprip",-10.2982613227554
"Itpkb",-10.3243457848983
"Atp1b4",-10.3423425150898
"Itgb1bp2",-10.3588906718141
"Ppp1r1b",-10.3610110178648
"Enpp1",-10.3739996190307
"Sema6c",-10.415531222658
"Lims2",-10.4163427740395
"Pmvk",-10.4206167485377
"Pmp2",-10.4345331637637
"Rhobtb3",-10.4469034992441
"Itm2c",-10.453714363699
"Sox17",-10.461287623614
"Cacng4",-10.4615270089309
"Myl3",-10.476706692059
"C19h1orf198",-10.4767672768426
"Limch1",-10.4829495392529
"C8h3orf18",-10.5243823976698
"Dhcr7",-10.5421519502415
"Flnb",-10.5443160008253
"Col26a1",-10.548718515135
"Spire2",-10.582312626528
"Hsd17b7",-10.5923114049072
"Tecr",-10.6279215999607
"Cpz",-10.6902238985882
"Tspan13",-10.7013967326813
"Cyp39a1",-10.7030167351637
"Ston1",-10.7171239578391
"Gprc5b",-10.7264851744678
"Casq2",-10.7290552733781
"Mustn1",-10.753293090062
"Dhrs7c",-10.7537004204832
"Msmo1",-10.7663106974733
"Rabep2",-10.784447029518
"Atp8a1",-10.8114920885494
"Nexn",-10.8115984343249
"Fabp3",-10.8186996015631
"Capn3",-10.8250048238886
"Rusc1",-10.8348204325963
"Cdip1",-10.8558726131319
"Hecw2",-10.8580014272915
"Gna12",-10.8597983343646
"Asb11",-10.8673647532983
"Cav1",-10.884321216862
"Pde4dip",-10.9112661150572
"Clcn1",-10.924304281552
"Sgcg",-10.9381263906404
"Slc38a1",-10.9394392597951
"Trim63",-10.9633819371714
"Tuba4a",-10.9797365472369
"Gsn",-10.9824962851385
"Abca9",-11.0220832841195
"Psmf1",-11.0273849097608
"Rnf181",-11.0276170726927
"Acss2",-11.0557472381659
"Cldn19",-11.0603754993703
"Aldoa",-11.063079792909
"Me3",-11.0777888544617
"Asrgl1",-11.079473818126
"Cav2",-11.0808402129765
"Scn4b",-11.1105694543803
"Mypn",-11.1233960197867
"Xirp2",-11.152132763303
"Adamtsl3",-11.1526983777855
"Cavin4",-11.1560877330429
"Fam83f",-11.1592095381841
"Cmtm6",-11.1798622507061
"Rimkla",-11.1895304614867
"Srpk3",-11.195970759417
"Zdhhc2",-11.2402027919816
"Prkca",-11.2877981880432
"Trdn",-11.3269307189563
"Fnbp1",-11.3291773150559
"Ppp1r27",-11.3396368547334
"Icoslg",-11.3714491043842
"Cmtm4",-11.3761348567462
"Scd",-11.3825465906605
"Ptgds",-11.4068661078691
"Ddit4l",-11.4297427141705
"Lrrn3",-11.48630722561
"Fcgbp",-11.4901628863152
"Pex5l",-11.5144959453764
"Arhgef37",-11.5323351977034
"Kif13b",-11.5604334068722
"Kank4",-11.5940118925257
"Thra",-11.5953395787312
"Smim45",-11.6230721328452
"Ckmt2",-11.6589819529236
"Rbm24",-11.6595787044661
"Idi1",-11.6812070447041
"Phkg1",-11.7347129517788
"Hspb7",-11.7375493781091
"Pmp22",-11.7400602859322
"Dmpk",-11.7588743506551
"Abra",-11.7874156708048
"Tgfa",-11.7894799673246
"Abhd8",-11.8014531238626
"Cacna1s",-11.8118277358348
"Saraf",-11.8160193703944
"Adamts20",-11.8250714340923
"Caskin2",-11.8369023501656
"Scd2",-11.8425515333032
"Kazn",-11.8650133567174
"Myoc",-11.883392777251
"Bmp6",-11.9606051795195
"Cox6a2",-11.9609501488929
"S100b",-11.9773460539057
"Speg",-11.9812585024758
"Myoz1",-11.9909902742079
"Actn2",-11.9929975623104
"Obsl1",-12.0013247635395
"Adamts5",-12.0126122158703
"Acsl1",-12.0358470355607
"Sqle",-12.0468250957289
"Acaca",-12.0638385437852
"Slc27a4",-12.0995959116074
"Ptpre",-12.1047767941264
"Ccn4",-12.1230309283823
"Pacs2",-12.1670962903032
"Cyb561",-12.1858679826204
"Asph",-12.2367487665091
"Sbspon",-12.2450161282459
"Pcsk6",-12.2591277878515
"Snn",-12.2912185157319
"Prx",-12.2977113050238
"Gabbr1",-12.3201632332245
"Dusp26",-12.3406325256191
"Jsrp1",-12.3697287142758
"Vamp1",-12.3889500767086
"Sult1a1",-12.3957760015544
"Camk2b",-12.4318766043623
"Lsmem2",-12.4414148681554
"Raver2",-12.4686500617834
"Asb2",-12.4829410936656
"Mal",-12.4845429080396
"Pde4c",-12.5186392852102
"Prkag3",-12.5464627027918
"Ucp3",-12.561544476114
"Cxcl12",-12.5655910342213
"Gpr155",-12.596688434389
"Mcf2l",-12.6498057454421
"Pllp",-12.6941537495869
"Txlnb",-12.7572843532829
"Tuba8",-12.8523548938647
"Mapk8ip1",-12.8782211602345
"Ugt8",-12.8920976636322
"Tspan1",-12.9304262444139
"Slc2a4",-12.9435688984173
"Cdh1",-12.9603046895949
"Gca",-12.987947369132
"Ablim1",-13.0014423384245
"Tnni1",-13.0342397769454
"Septin8",-13.0455080119608
"Fdft1",-13.0716398415616
"Mybpc1",-13.1421080850054
"Secisbp2l",-13.1886771770559
"Nell1",-13.1900818030835
"Ca13",-13.1920069392023
"Mfap3l",-13.2470739425824
"Mpz",-13.2549818731958
"Hapln2",-13.2611955448637
"Rcan2",-13.2744938448816
"Lrp2",-13.3225374196939
"Nfasc",-13.3360003252888
"Dusp15",-13.3437524908648
"Sesn3",-13.348563895194
"Cyp51",-13.3677499226833
"Slc22a17",-13.3736810987103
"Cttnbp2",-13.4132894199574
"Kdr",-13.424269796848
"Iqsec1",-13.5078621390252
"Mb",-13.5223275221105
"Armh4",-13.5292270975455
"Pgm1",-13.5576642208063
"Kcna6",-13.5739649292235
"Tmem63c",-13.6177524813355
"Snta1",-13.6243031465916
"Cytl1",-13.6353592389379
"Tpm1",-13.6385456105334
"Rnf144a",-13.6574537470502
"Ppp2r2b",-13.6754904594268
"P2rx6",-13.7476022165436
"Svip",-13.8698200302078
"Cyb5r2",-13.887970911152
"Trim72",-13.9044740755827
"Des",-13.9064475569173
"Igflr1",-13.9309212793305
"Chp2",-13.9361222115911
"Ank1",-13.9848645535395
"Lonrf2",-13.9870201564271
"Dysf",-13.9877295783955
"Paqr6",-13.9945661111527
"Tm7sf2",-14.0279406024043
"Acat2",-14.0509915122044
"Adamtsl2",-14.0627174254341
"Elmo1",-14.1713494682509
"Chn2",-14.2074672274873
"Col24a1",-14.283516632961
"G2",-14.3380899819515
"Nab1",-14.3466325153151
"Hjv",-14.3637510803293
"Hmgcr",-14.3740630212434
"Mob3b",-14.3760361041557
"Pip4k2a",-14.4922118943305
"Chodl",-14.5214384589297
"Hmgcs1",-14.5422952498135
"Fasn",-14.5718428095097
"Ddn",-14.6976224815079
"Chn1",-14.7569628975746
"Rapsn",-14.8393902360659
"Dcdc2",-14.8487551864825
"Pdrg1",-14.8580738176318
"Col11a2",-14.9064612339768
"Me1",-14.910905900382
"Plaat3",-14.9361079469685
"Aldh1a1",-14.9652857076091
"Slco3a1",-14.9793300840907
"Spock2",-14.9962528395807
"Rtn2",-15.0221424466426
"Akr1b1",-15.1234019864563
"Cfap410",-15.1397332396747
"Mmd2",-15.1513018182304
"Pea15",-15.1596191231132
"Mbp",-15.1740471009663
"Gatm",-15.1776847109838
"Smtnl2",-15.2040995234719
"Col2a1",-15.2439251726692
"Mvd",-15.2898832628149
"Rbfox1",-15.2987333378007
"Abat",-15.3130461210897
"Filip1",-15.325760775464
"Cacnb3",-15.5238194305156
"Mfsd2a",-15.5458544026429
"Macrod1",-15.5989966955964
"S100a3",-15.6234335429179
"St8sia5",-15.6329339669108
"Hspb6",-15.8706285594013
"Ppp1r16b",-15.8974263823968
"Crispld2",-15.926780197405
"Sfrp5",-16.0064837468542
"Gldc",-16.0463749332234
"Srl",-16.082257097765
"Ccm2l",-16.1059213685683
"Atp2a1",-16.2380437724303
"Sema4g",-16.2594228489797
"Itm2a",-16.3144759416245
"Arvcf",-16.4676726815607
"Pla2g5",-16.5816626132039
"Vat1l",-16.6840427366104
"Tubb4a",-16.9169994003057
"Rapgef3",-17.0967956628068
"Slc13a3",-17.1348757107425
"Dhcr24",-17.1838715000391
"Dok4",-17.2112713885322
"Dclk3",-17.2289770391561
"Gstm7",-17.2470306538613
"Chst2",-17.3007260647929
"Prom1",-17.3195475242273
"Sypl2",-17.3959953500967
"Klhl31",-17.4257744619242
"Sh3bgr",-17.4655930033747
"Aox1",-17.5009831409273
"Padi2",-17.6057876562389
"Mras",-17.6116826083282
"Maob",-17.7159876909034
"Rpl3l",-17.7196299877134
"Pfkm",-17.9806733988275
"Ppp1r1a",-17.9917454412789
"Sptb",-18.0272867366302
"Adss1",-18.1519214180502
"Hrc",-18.1563789498207
"Ldb3",-18.3765976892578
"Ckm",-18.430882417829
"Pdlim3",-18.4994362652566
"Aif1l",-18.5285108480059
"Efcc1",-18.801246270007
"Hdac11",-19.0511501982174
"Tspan17",-19.0824794237615
"Tpm2",-19.2102535768281
"Osbpl5",-19.287471685673
"Myom1",-19.525900236056
"Ampd1",-19.7265439053446
"Elovl7",-19.7686673728505
"Nrap",-19.9043961188476
"Ptpru",-19.9390625961422
"Aacs",-20.0201256453595
"Lpl",-20.0537092026462
"Tmod4",-20.5263461038162
"Pvalb",-20.6479006834889
"Mybpc2",-20.8555553908004
"Mlf1",-21.7050338211524
"Mt3",-21.9124534911745
"Gpd1",-22.2348451855626
"Myl1",-22.8089746968035
"Atp1a2",-23.037760734224
"Ryr1",-23.6585093690422
"Tnni2",-24.6502887039924
"Myom2",-24.764736253952
"Mgll",-25.2129811050113
"Tmem38a",-25.6117588334237
"Pygm",-25.7278172849784
"Pgam2",-26.0678591614192
"Casq1",-26.4860866629166
"Tnnc2",-26.9141382069488
"Myl11",-28.2301195146996
"Eno3",-29.2814305690393
"Tnnt3",-30.5565251012187
"Acta1",-31.5289752521092
"Actn3",-34.441357670648
"Myh4",-34.5153786229094
