"gene_id","symbol","baseMean","log2FoldChange","lfcSE","stat","pvalue","padj"
"81639","Alox15",1153.59840884266,4.36579541031744,0.237346765019413,18.3941643778475,1.46298891803262e-75,2.29104064563908e-71
"114851","Cdkn1a",606.523394950652,2.36554425602502,0.182336140190382,12.9735347778838,1.72870540733626e-38,1.35357633394429e-34
"24309","Dbp",715.967104970857,1.80616271143309,0.172331074657404,10.4807720547426,1.05875853974802e-25,5.52671957748468e-22
"317247","Nap1l2",1241.75867041609,-1.00240361537403,0.107228810217262,-9.34826762828946,8.90949917249318e-21,3.48806892603108e-17
"25315","Ephx1",1060.75284557463,0.934954114238146,0.102051083338798,9.16162850652165,5.11199529604868e-20,1.60107692672245e-16
"252917","Nr1d1",730.631440608491,1.96358093972228,0.215384869088667,9.11661505300049,7.75073095786824e-20,2.02294078000361e-16
"29596","Ifrd1",510.025048558439,1.10249067120921,0.126352654747669,8.72550460780528,2.64996313075501e-18,5.9283460896605e-15
"78962","Per3",603.411828028281,1.01901139536122,0.12164525023368,8.37691067595077,5.43350524642863e-17,1.0636086519884e-13
"291234","Mki67",296.156130681366,1.14660075619634,0.137749907509798,8.32378603313968,8.51973382765756e-17,1.48243368601241e-13
"113955","Gpnmb",268.614038046342,1.30749025088736,0.160941972964879,8.12398547626037,4.51119770639615e-16,7.06453560821637e-13
"306575","Ckap2",99.41177877943,1.80544028145267,0.224578144281112,8.03925193714638,9.03885694966693e-16,1.28680454392531e-12
"24646","Abcb1b",39.9473176627702,3.26450212280171,0.411083689537331,7.94121052692668,2.00217508740395e-15,2.61283848906216e-12
"360243","Top2a",177.453736344148,1.26023551127287,0.171718857092626,7.33894653510936,2.15281581956348e-13,2.59331505648954e-10
"25475","Lgals5",316.496222930077,1.75405957897933,0.248356790493523,7.06266003636842,1.63345017475221e-12,1.82713069547283e-09
"60417","Ecel1",138.541854862459,2.11666938087735,0.302209262638732,7.0039857891704,2.48781358747326e-12,2.59727738532208e-09
"361594","Aen",360.356669907819,1.09267702805784,0.15696525288295,6.96126695551312,3.37226049440348e-12,3.3005999588974e-09
"29362","Tef",2090.12791341753,0.523495375548549,0.0772206296672256,6.77921661354612,1.20829251941047e-11,1.11305063846871e-08
"363088","Ccnb2",65.1592378172222,1.45143918133925,0.215163354178366,6.74575457740835,1.52233756285243e-11,1.32443367968162e-08
"366262","Rbm38",342.742268086531,1.195514158127,0.182190187065282,6.56190202877735,5.31257179811479e-11,4.37867759781461e-08
"291885","Mcm5",109.083066340144,1.23645863272483,0.188709669919024,6.5521742116098,5.67053325644665e-11,4.44002753979772e-08
"297025","Kel",68.880152253805,2.21801005510416,0.338983792352114,6.54311534989332,6.02503214945992e-11,4.49295254574011e-08
"362750","Atl1",4342.10270852667,-0.481121643781623,0.0740773016499847,-6.49485919526231,8.31111061772196e-11,5.91599964879664e-08
"60586","Clcn4",1993.39477918475,-0.501753373072613,0.0774699581605712,-6.47674769660562,9.37207092309335e-11,6.38115785459312e-08
"308632","Hebp2",1550.13718429964,-0.5058580775778,0.0787077026720761,-6.4270466600376,1.30106894634464e-10,8.4894748748988e-08
"362790","Inf2",2470.02847761818,0.560482618740206,0.0877564425514281,6.38679739566408,1.69395827943562e-10,1.06109546623847e-07
"257649","Cenpf",67.4348888175908,1.53339688542039,0.241448738471644,6.35081754879608,2.14173608155907e-10,1.28998411681596e-07
"246253","Adipoq",95.0756439300588,2.42533293219153,0.385738074529213,6.287512414095,3.22593223095696e-10,1.82507622455117e-07
"114592","Aurkb",48.7477918763874,1.68688412866131,0.268600407717063,6.28027389458856,3.37977078620587e-10,1.82507622455117e-07
"79131","Fabp3",433.919096841591,-0.853965975004301,0.135895848577983,-6.28397396933178,3.30025989637717e-10,1.82507622455117e-07
"316129","Uhrf1",82.6477157121145,1.38724232230091,0.221589068668068,6.26042760430091,3.83923275445103e-10,2.00407949782344e-07
"688843","Nap1l5",4061.09165837119,-0.481289615000777,0.0769438391454223,-6.25507669419965,3.97320608836916e-10,2.0071099143181e-07
"363112","Mrap2",1008.25898806834,-0.513038422122635,0.082503451818668,-6.2183873621461,5.02290317914424e-10,2.45808324329371e-07
"257644","Zwint",26021.0848836458,-0.36116678267821,0.0582147382003264,-6.20404374980399,5.50304766384184e-10,2.61144625502313e-07
"299269","Ifi27l2b",2055.58269772064,-0.558360635663005,0.0904016145035239,-6.17644539568748,6.55608695115904e-10,3.01965651926913e-07
"79451","Fabp4",107.444222570489,1.96084436802144,0.31773600659203,6.17130047378969,6.77305653903666e-10,3.03045901146612e-07
"83613","Nefl",63100.5558910289,-0.678506790602944,0.110391717365854,-6.14635596576755,7.92832497305219e-10,3.4488213632777e-07
"305751","Nkiras1",1280.60329276738,-0.574298095850665,0.0944280742962823,-6.08185754216186,1.18798099774309e-09,5.02804930396128e-07
"500117","Ccdc126",463.696982292865,-0.638363041681288,0.106876544022596,-5.97290123402871,2.33071014759892e-09,9.6049791872103e-07
"361673","Ifitm3",1129.73569851693,0.827158469747167,0.138685848396747,5.96426008355854,2.45745048354505e-09,9.86760886469627e-07
"289734","Smtn",885.351456952047,0.620461209385292,0.104467364746335,5.93928267351127,2.86271892710529e-09,1.12075445996172e-06
"308761","Prc1",142.440905620184,1.08051747346005,0.182103303230265,5.9335413157979,2.96469350493666e-09,1.13236829969044e-06
"85333","Slc25a4",15112.7924558953,-0.317464537481108,0.0541167193217089,-5.86629310608926,4.45645724342075e-09,1.66162191504688e-06
"100909793","Smim18",142.374540333558,-1.21439835098355,0.208142080778906,-5.83446819806473,5.3962398682124e-09,1.9652352636327e-06
"499780","RGD1561113",2255.80911308176,-0.559008638136934,0.0960876757799777,-5.81769340968301,5.96652074191067e-09,2.12353897314366e-06
"360592","Trim37",3150.38992507039,-0.381740400523273,0.066173208447118,-5.76880597875708,7.98351540023965e-09,2.7782633592834e-06
"25629","Plin1",31.9314950249408,2.29996996123066,0.399752323836708,5.75348740729311,8.74209634408207e-09,2.97611366844185e-06
"300126","Gtse1",75.9328457024409,1.46119655883245,0.254427257813261,5.74308181989254,9.29687762805591e-09,3.05856811623216e-06
"29464","Slc6a6",407.76990186059,0.659707058353934,0.114898181037595,5.74166668607293,9.37492142906409e-09,3.05856811623216e-06
"25544","Sele",21.753685872325,2.31637401097794,0.4054634627982,5.71290442544957,1.11064062612777e-08,3.54951677656345e-06
"25405","Ccng1",4748.10243642831,0.371466201622192,0.06568001268948,5.65569625234999,1.55215758318612e-08,4.86135755053893e-06
"316638","Sned1",1231.64858837324,0.663285154159069,0.118292834876924,5.60714564706454,2.05690563008212e-08,6.25736038290004e-06
"83514","Tsc22d3",3840.46440717664,-0.504773775256378,0.0900514054997484,-5.60539585645655,2.07779527401534e-08,6.25736038290004e-06
"296060","Arhgap11a",122.394807484676,0.836146011266308,0.150527637688555,5.5547673776447,2.77981705862568e-08,8.21357266756193e-06
"679126","Zcchc18",3913.91030168086,-0.354422745850239,0.0640093321897191,-5.53704801668224,3.07612238639491e-08,8.92075492054523e-06
"303690","Rhbdf2",295.527157970155,0.665949592145242,0.120798715869963,5.51288635271688,3.52996183546595e-08,1.00114842481626e-05
"100125362","LOC100125362",1218.56775867292,-0.65915865411047,0.119620734398378,-5.51040467545739,3.58009653829568e-08,1.00114842481626e-05
"686779","Caprin2",982.039408015661,-0.413168005592818,0.0755061069259606,-5.47198130606788,4.45031787464528e-08,1.22266627924465e-05
"303678","Caskin2",2282.76672230955,0.393515382898922,0.0721011152191249,5.45782657734178,4.8199807922034e-08,1.30139481389492e-05
"681315","Tmem230",1165.38592529381,-0.405148192683798,0.0742941223809118,-5.45330074170028,4.94433434618014e-08,1.31234365866408e-05
"114214","Dffa",1929.85277187252,-0.419441409259418,0.0777050012385616,-5.39786889613056,6.7437115209743e-08,1.76010870697429e-05
"29467","Ddit3",778.03616121213,0.82808099356751,0.154275705446015,5.36753982860429,7.98178859427055e-08,2.0490952358406e-05
"302473","Slitrk4",301.086843155305,-0.771408830193553,0.143879065055786,-5.36150849947806,8.25298387281688e-08,2.08288207749546e-05
"303831","Eif4a2",8987.07908005505,-0.724629587527957,0.135223317231139,-5.358762100839,8.37941065659094e-08,2.08288207749546e-05
"64678","Tfrc",2222.20061290493,-0.586581638495891,0.109672303769554,-5.34849381598138,8.86892059102637e-08,2.17011400711677e-05
"24587","Nefh",40322.6864722212,-0.745096148644994,0.139645657756462,-5.33561988690274,9.5218689953217e-08,2.29403797641135e-05
"501160","Vwc2l",409.496674454361,-0.690569855689068,0.130196135931251,-5.30407335632233,1.13246769611888e-07,2.68703698806389e-05
"24588","Nefm",61404.694370814,-0.641307983575845,0.121398781101552,-5.2826558698261,1.27324424981591e-07,2.9759708883757e-05
"64576","Ptprv",40.8454295803972,1.50126113221621,0.284670222417466,5.27368517671873,1.33711204601712e-07,3.07929038832766e-05
"685465","Polr3g",1989.46730502359,-0.4781388167762,0.0908838107512809,-5.2609899697616,1.43281851123334e-07,3.20541969798773e-05
"29744","Sema6c",1011.37246723802,0.467654133595082,0.0888610850477308,5.26275515703963,1.41912512283561e-07,3.20541969798773e-05
"259241","Nr1d2",902.891582093602,0.667637177870187,0.126974641587594,5.2580355378252,1.45602386889953e-07,3.21145546295305e-05
"65190","Rsad2",246.84457765559,1.05378109825491,0.200708140316639,5.250315690198,1.5183876265849e-07,3.30249308782216e-05
"25513","Pik3r1",3218.73656082675,-0.51604153390681,0.0987680742998425,-5.22478075597787,1.7436158161069e-07,3.74041420277178e-05
"361604","Sytl2",3115.07236936439,-0.372753514658633,0.0713797203178256,-5.2221206947703,1.76885612915455e-07,3.74328202467031e-05
"54232","Car3",309.491132596878,2.35242661867655,0.453928386201693,5.18237389461541,2.19079484640038e-07,4.574379639284e-05
"29553","Kcnk3",247.830698413483,1.04368725427154,0.201627281844958,5.17631961667808,2.2630564163629e-07,4.66308730003198e-05
"296368","Ube2c",46.1422174916172,1.49911930759342,0.290276782265398,5.16444786211936,2.41149679891088e-07,4.9044207624603e-05
"679566","Fam150b",128.751944573522,1.59384615052711,0.308962154462767,5.15870998277616,2.48657127812415e-07,4.99227002761849e-05
"315447","Chordc1",1018.59230339059,-0.463184605571001,0.0899560553725881,-5.1490097431745,2.61865280481016e-07,5.19089910421862e-05
"288161","B3galt5",109.196605088689,-0.958966690712657,0.186511834012567,-5.14158630088879,2.72428463957706e-07,5.30040911164523e-05
"81686","Mmp2",2406.27261538174,0.621550769955718,0.120914943405918,5.14039664947895,2.7415909198165e-07,5.30040911164523e-05
"24797","Sst",1651.70310828373,-0.645418689217267,0.125991477604164,-5.12271703999714,3.01164124799392e-07,5.75150023702254e-05
"315394","Kbtbd3",647.248505185002,-0.751369713758902,0.147039620270665,-5.10998132595697,3.22190656321429e-07,6.07892250360673e-05
"310803","Extl2",836.550981165602,-0.556015429370956,0.109063086880389,-5.09810830845771,3.43064523113485e-07,6.39570289518712e-05
"24244","Calm3",6216.22943462748,-0.3562033501186,0.0701785846557404,-5.0756701900722,3.86132559275703e-07,7.1139245626559e-05
"64515","Cdc20",97.4315677580653,1.21026865006533,0.23892982076694,5.06537294583194,4.07601562785107e-07,7.34103794587928e-05
"54237","Cdk1",77.7557008874285,1.12068672133653,0.221249433933253,5.06526367735077,4.07835441437738e-07,7.34103794587928e-05
"299714","Ano4",1197.29388503115,-0.489394322845909,0.0970143473304307,-5.04455615393703,4.54575322282633e-07,7.95026884560925e-05
"367915","Rab9b",1652.48478145485,-0.456945605954661,0.0905683975625769,-5.04530960304273,4.52787582550646e-07,7.95026884560925e-05
"308100","Acat2",3680.21450466656,-0.391318253630595,0.0775874658762862,-5.0435756498937,4.56912002621221e-07,7.95026884560925e-05
"300726","Etfa",1804.31841947326,-0.402755678870376,0.0799145141757408,-5.03983141266019,4.65942108935542e-07,8.01830046805559e-05
"317498","Ppef1",2344.75398259854,-0.405636623893826,0.0809280637574462,-5.01231099646201,5.37801904762401e-07,9.15432372671653e-05
"24233","C4a",827.341007507842,1.09090895476574,0.219031862372656,4.98059479999167,6.33891407853329e-07,0.000106739133838528
"25357","Thrsp",101.853989599178,2.85009892305859,0.5748547089207,4.95794655385132,7.1242154171152e-07,0.000118686397268111
"288620","Cct6a",3120.63925296733,-0.321000978203979,0.0647943125042376,-4.95415362548966,7.26457962818098e-07,0.00011975085997612
"300849","Fbxo9",1531.67437391229,0.365475228223826,0.0739275869498665,4.94369210876139,7.66567374293766e-07,0.000125046302931671
"29510","Pctp",298.120077495194,-0.671527443688913,0.135935525981248,-4.94004373648101,7.81050497150376e-07,0.000126095368921391
"686809","Exoc3l2",78.767935450395,1.01356067767229,0.205609214596384,4.92954890014018,8.24197043613239e-07,0.00013170332349983
"311569","Acss2",2385.43825775509,-0.296006288651841,0.0604593018530656,-4.89595942360078,9.78272520873884e-07,0.000154744926029142
"307805","Cenpt",21.9223602876878,2.04682920454637,0.418398892894993,4.89205215239436,9.97899923983916e-07,0.000156271128095881
"63840","Per2",302.195514653511,0.858634726727444,0.176366848698299,4.86845874417285,1.12471996512435e-06,0.000174387273800469
"50692","Plaur",351.669100232946,-0.694470858158578,0.142859435479498,-4.86121799255074,1.16665692609672e-06,0.000179116151594849
"29232","Clcn2",732.102944876367,0.489271237155043,0.100751540123503,4.8562159601261,1.19650205856372e-06,0.000181914779001047
"84480","Bnip3",4619.45997309195,-0.617162435655301,0.127663557925252,-4.83428823138907,1.33622863793878e-06,0.000201205196828089
"63848","Fxyd7",2726.81623161267,-0.360813422447322,0.0746986241044992,-4.83025526604833,1.36358122588488e-06,0.000203368399974831
"117524","Ccnf",68.9765893044635,1.03674619991711,0.215108299622775,4.81964759953571,1.43812022697276e-06,0.000210476287424238
"65261","Myo1c",1183.32201017372,0.427803805837138,0.0887517090569994,4.82023174970509,1.43391548429137e-06,0.000210476287424238
"25277","Mfge8",1302.14583954525,0.358018612220143,0.074344121464937,4.81569497581588,1.46688452414171e-06,0.000212698256000548
"63837","Tagln3",3688.34391955662,-0.363655099118889,0.0755892948662617,-4.81093387314031,1.50226717334464e-06,0.000215830311326395
"291964","Fhod1",250.393823194319,0.618133737407348,0.1288156622431,4.79859146507208,1.59785336534719e-06,0.0002274762154667
"117596","Atp6v1b2",9122.72890279115,-0.296600749230148,0.0622511960966824,-4.76457912181314,1.89248247707863e-06,0.000266993473793256
"116685","Lmnb1",92.1839206510137,0.944514815730683,0.19917115663672,4.74222689509926,2.11381685289097e-06,0.000295556892109576
"100360623","Iqgap2",544.441535291049,0.972184562394946,0.205215582851482,4.73738177621011,2.16497078763163e-06,0.00030003046490541
"288321","Rbm11",877.252134132041,-0.394949611359413,0.0834750026993019,-4.73135188485255,2.23029521188609e-06,0.000306372131738037
"58827","Mest",616.702540165538,-0.4959955470367,0.105003928508465,-4.72359038449418,2.31716903764857e-06,0.000315537975039796
"83807","Ybx3",2259.51173632951,0.76172218037779,0.161554473142924,4.71495567754358,2.41763370420432e-06,0.000326380550067583
"58961","Azin1",3153.44316029014,-0.48805721049178,0.103741095363398,-4.70456966722928,2.5440198575448e-06,0.000340507273240611
"29441","Por",1197.99292562015,0.358281899886198,0.0763907578179813,4.69012103191707,2.73043492475341e-06,0.00036236110950541
"315120","Card10",283.029417551401,0.657697518304334,0.14089069340869,4.66814026102143,3.03938386104042e-06,0.00039997269969658
"100362176","LOC100362176",1309.7946766877,-0.484677303831376,0.103895857202888,-4.66503012612811,3.08571827625362e-06,0.000400163298909447
"291966","Tppp3",17687.5852118781,-0.4582236512745,0.0982339490587892,-4.66461600765201,3.09193864419177e-06,0.000400163298909447
"294797","Il7r",658.374710706367,-0.581046976134485,0.124727421209728,-4.65853435033714,3.18468670758716e-06,0.00040878847410504
"25247","Nsg1",3047.0613715935,-0.313923344192117,0.0674638196172121,-4.65321035739318,3.26806546028675e-06,0.000416080529334069
"302946","Glis2",673.785441253518,0.671249727140009,0.144737831392868,4.6376936885147,3.52318399088387e-06,0.000444520213925593
"362173","Caprin1",5187.23161311537,-0.339308941449865,0.0731863930725081,-4.63622986739763,3.54821371268832e-06,0.000444520213925593
"64521","Tspan2",1181.51862501037,-0.383397529897106,0.0832664286283826,-4.60446708490652,4.13523411615829e-06,0.000513950525865387
"100911664","LOC100911664",3460.75410836456,0.256893978693112,0.0558223323440029,4.60199292838595,4.18467415733629e-06,0.000515999978770758
"303874","Senp5",2152.38859663867,-0.311324468256381,0.0677238308582027,-4.59697073114808,4.28677810311233e-06,0.000524460508552649
"303575","Kif18b",57.6259558813982,1.56357308745864,0.340340135823971,4.59414839120634,4.34520102729318e-06,0.000525375285651574
"24337","Erbb2",506.612840717399,0.450607344108918,0.0980994128551421,4.5933745268619,4.361352946022e-06,0.000525375285651574
"317508","Map7d2",2944.25472673632,-0.51158604798138,0.111429893230859,-4.5911023796952,4.40910976170441e-06,0.000527073731819015
"362720","Rrm2",167.597236596232,1.05724557570605,0.230541921140717,4.58591465914232,4.52003216392183e-06,0.000530708229277234
"361923","Rpl22l1",780.715015058908,-0.847607563761344,0.184930447900015,-4.58338566410445,4.57507094204512e-06,0.000530708229277234
"313494","Tln1",2984.32553964065,0.377215903633743,0.0822272194878955,4.58748217418773,4.4862372043632e-06,0.000530708229277234
"65023","Kcnip1",1059.28508631383,-0.355882363090601,0.0776234325718933,-4.5847284936928,4.54576735074753e-06,0.000530708229277234
"29657","Arntl",334.792399696283,-0.632465847080886,0.138157211256463,-4.57787068318013,4.69732917723797e-06,0.000540883639084902
"361430","Piezo1",484.125562107003,0.652586459075198,0.142735569142179,4.57199605534313,4.83100035787013e-06,0.000552215077403257
"307351","Tubb6",479.45896454519,0.616902728566791,0.135046108023922,4.56808965170262,4.92189519235159e-06,0.000558528106610332
"60334","Ensa",2784.54072499312,-0.304121908016679,0.0666842041915504,-4.56062888811102,5.10006466642211e-06,0.000574582825008419
"84400","Prelp",1151.27934345449,0.716072102516738,0.15721395177036,4.55476180360058,5.2444971224435e-06,0.000586634463839037
"171304","Kif11",97.6676742653706,0.845696528002649,0.186014821821699,4.54639323748768,5.45730321432712e-06,0.000606108995293353
"103694506","LOC103694506",75.834819047945,-1.39225652269211,0.306485795194896,-4.54264616670658,5.55524521277292e-06,0.000610859676450931
"171100","Angptl2",572.831946671836,0.52709801042181,0.116055351767998,4.54178116210884,5.57809283093762e-06,0.000610859676450931
"360626","Krt19",87.7876637110223,0.947596906095818,0.208874456059321,4.53668162193417,5.71462769638844e-06,0.000621465761982243
"29331","Hapln1",316.729743812629,-0.665012494491242,0.146693191490853,-4.53335623645973,5.80537833191174e-06,0.000626980859846468
"680647","Fam19a2",636.171773621419,-0.470777484322481,0.104305853087793,-4.51343304700487,6.37865924897559e-06,0.000684176738622998
"294286","Kifc1",102.111404101105,1.00834097322858,0.223611576159785,4.50934155800619,6.50291400840417e-06,0.000691310813951636
"25661","Fn1",3381.93314675269,0.69016643821697,0.153086356154929,4.50834715484702,6.53346107693756e-06,0.000691310813951636
"112400","Nrg1",1777.22090304027,-0.42553239543563,0.0944337239697866,-4.50614862516463,6.6014857266408e-06,0.000693820580397281
"366452","Ptch2",161.037165324711,0.881507601572167,0.195976098354503,4.49803628592299,6.85839938479239e-06,0.000716016895772326
"25464","Icam1",209.75073136433,0.823176340057854,0.183158281530703,4.49434408959479,6.97847101819471e-06,0.000718966158848219
"362332","Flnc",328.970562410189,0.555749912519994,0.123632984071805,4.49515893102783,6.95180040255613e-06,0.000718966158848219
"500292","Cidec",35.5049251648182,2.15418174615124,0.48014578839603,4.48651596705134,7.2397294089673e-06,0.00073335624185685
"64045","Glrx",1121.24543387931,-0.449025656733908,0.100095777207156,-4.48596004009852,7.25863457776575e-06,0.00073335624185685
"100125364","LOC100125364",753.611433181432,-0.335391353788158,0.0747301513498045,-4.48803257761682,7.18839384352337e-06,0.00073335624185685
"117542","Baiap2",645.201709330601,0.40920041219243,0.0912685006174211,4.48347906916664,7.34358088298671e-06,0.000737182542484435
"81739","P2rx3",12756.9303998337,-0.335845975305146,0.0749679470751541,-4.47986090600115,7.46916969340652e-06,0.000745013996170357
"292657","Slc1a5",138.326929369043,1.1351637634616,0.253473491703039,4.47843187007309,7.51933605354763e-06,0.000745270902522506
"298944","Gpr22",213.240751435806,-0.522082129737131,0.117134286159548,-4.45712478262776,8.30662554239093e-06,0.000818124251533598
"311546","Tpx2",132.045188946359,1.05281996992678,0.237191025010593,4.43870070496877,9.05035649642485e-06,0.000885803642087582
"299971","Atp6v1c1",2932.72011196437,-0.293823518508482,0.066287294600501,-4.43257671442607,9.31135559123495e-06,0.000905688376141238
"29403","Asgr2",131.467589206893,0.95840271465734,0.216288499731827,4.43113117824411,9.37400388461524e-06,0.00090615370884614
"310621","Iqgap3",151.389230258365,0.872780670661843,0.197232549462793,4.4251350653787,9.63819612271479e-06,0.000922962415979495
"361215","Auh",2075.74583028719,-0.372099941392532,0.0840995334492451,-4.42451849768106,9.66576221076866e-06,0.000922962415979495
"360559","Fam64a",44.4965158308839,1.24724327950271,0.282516683509351,4.41475973740656,1.01122237022783e-05,0.00095773929948909
"364148","Kctd8",997.175217949183,-0.387462969509204,0.0877823658709149,-4.41390438347234,1.01522812078665e-05,0.00095773929948909
"293052","Isg20",38.5148355931589,1.35887819227539,0.308398900133948,4.40623553354173,1.05182589631358e-05,0.000967977841423122
"493909","Aox3",101.172956938161,1.14070135119308,0.258942398820772,4.40523203765724,1.05670704011581e-05,0.000967977841423122
"681217","Zfp862",241.407639118751,0.57068057099005,0.129547777023117,4.40517455493054,1.05698729810571e-05,0.000967977841423122
"363185","Foxp4",399.656611478239,0.530386214645952,0.120339955303289,4.40739913280868,1.04619294416433e-05,0.000967977841423122
"25309","Cycs",3552.6147806766,-0.504994370197622,0.114635101133892,-4.40523334652792,1.05670065952137e-05,0.000967977841423122
"360674","Bahcc1",341.115383843752,0.558622927165192,0.127097447819241,4.39523323835481,1.10653877275346e-05,0.00100164145556759
"301458","Ndufs1",3439.73469682944,-0.37134518692393,0.0844876161360923,-4.39526174257028,1.10639357656533e-05,0.00100164145556759
"292734","Ltbp4",1213.90804622486,0.669582039237347,0.152673886642554,4.38570114354263,1.15612765849582e-05,0.00104051489264624
"171563","Nav2",990.543865078625,0.582948254231302,0.13301556775606,4.38255659894174,1.1729468017677e-05,0.00104961982375327
"108348061","LOC108348061",1129.98130278205,-0.732571391005513,0.167364984576144,-4.37708874924328,1.20275009402244e-05,0.00107017423138587
"64512","Fzd2",335.1237027388,0.600344227404812,0.137538626918707,4.3649136308424,1.27172995753196e-05,0.00112515769124014
"287101","Pkmyt1",133.998214451779,0.802150993858572,0.184273778905884,4.35303925833237,1.34263095831565e-05,0.00118121352849568
"25748","Alas2",1102.82057943585,1.73939869008352,0.40013044645712,4.34707907254921,1.37962492814928e-05,0.00120266258291858
"60427","Kitlg",1342.13056674816,-0.412553629790409,0.0949377532056253,-4.34551709789108,1.38947947773573e-05,0.00120266258291858
"362326","Tspan12",1401.47090455365,-0.349065047229819,0.0803292877185114,-4.34542689402409,1.39005062265813e-05,0.00120266258291858
"499322","Fam111a",48.028180447034,1.14675764178545,0.26427564643828,4.33924827066223,1.42970931554553e-05,0.00123017845502434
"291103","Uqcrfs1",1677.03258253746,-0.318707893283582,0.0734798409862883,-4.33735142871436,1.44209949725887e-05,0.00123405891404776
"81574","Scn1a",1939.64080935066,-0.547334756945889,0.126714460845159,-4.31943405113578,1.56429845619526e-05,0.00133135401217488
"65028","Dnaja1",7448.93740708397,-0.358686580395362,0.0830849890413948,-4.31710450387923,1.58089322086649e-05,0.00133820474804158
"361957","Mfsd1",1120.05308984311,-0.387630923143717,0.0898285189504564,-4.31523226334734,1.5943518138873e-05,0.00134234136588576
"60333","Msln",34.3667717592047,1.3256040788786,0.308196599288577,4.30116387376938,1.69903348382077e-05,0.00142282697094295
"60414","Rhd",82.3282248051923,1.26235281481054,0.294403848319595,4.28782715312937,1.80429403352354e-05,0.00150293854069035
"25253","Dpp4",200.697157898959,0.695789823766553,0.162505814386425,4.28163033054327,1.85529009306323e-05,0.00153724036282382
"289144","Cacybp",1912.95226484076,-0.388846246386121,0.0908663378372021,-4.27932120564588,1.87464159780095e-05,0.00154509933797699
"114494","Ccna2",89.1864379435885,0.845053811349358,0.197531593970004,4.27806911474466,1.88521491921481e-05,0.00154567882905256
"314870","Irak3",264.054700350553,0.631941891439005,0.147826600546343,4.27488617815366,1.91234966684238e-05,0.00155976019701832
"116643","Vcp",9661.65970807134,-0.287740317324922,0.0673906683181938,-4.26973532843328,1.95705064094746e-05,0.00158794886203302
"266759","Hspa4",4430.46934000181,-0.302840389755292,0.0709943062653904,-4.26569968334104,1.99276688502271e-05,0.00160859429997194
"297797","Atp6v1h",2639.83848867736,-0.30671549032431,0.0719627522424845,-4.26214229954416,2.02476437454354e-05,0.0016260415438642
"60326","Kcnv1",244.033408236362,-0.528091135975806,0.123988547449181,-4.25919285966515,2.05166397675077e-05,0.00163923764673046
"24242","Calm1",20879.182191051,-0.273438878790196,0.06440172328638,-4.24583170817145,2.17784053414099e-05,0.00173121739922071
"291388","Cbln2",750.480033055616,-0.518158911214965,0.122079694856093,-4.24443157255405,2.19148226147992e-05,0.00173326324317048
"311325","Knstrn",42.1452832812526,1.17688610897638,0.277638244948115,4.2389192785609,2.24598392835907e-05,0.00176375638290308
"63868","Hspd1",3702.96571738459,-0.24574554751489,0.0579826152797067,-4.23826256075928,2.25256243027214e-05,0.00176375638290308
"364981","Scoc",3690.93059224169,-0.386904729738897,0.0913635012010315,-4.23478440135051,2.28771087255025e-05,0.00178236578428542
"681096","Nxpe3",797.190264447549,-0.350015158271747,0.0827470409847086,-4.22994168862702,2.33751895207692e-05,0.00181215578165964
"56010","Ywhag",24377.2549519585,-0.457455646485432,0.108233171858105,-4.22657525998739,2.37274936281388e-05,0.00183040665131357
"362438","Ncapd2",230.516746031111,0.632333046715601,0.149874428414261,4.21908562658733,2.45295107217031e-05,0.00188300067598957
"500941","Msantd4",922.963383025038,-0.358099412426536,0.0850351422728253,-4.21119319442796,2.54025381243063e-05,0.00192215602545309
"294504","Ppa1",2075.39122095371,-0.335642149404029,0.0797032739516742,-4.21114632765947,2.54078095318511e-05,0.00192215602545309
"170946","Marf1",2676.59881106587,0.308110826333616,0.0731561069980748,4.21168975464651,2.53467506586804e-05,0.00192215602545309
"117054","Cd52",47.9564165285345,1.53404257476037,0.365543719796554,4.19660492488875,2.70945966700725e-05,0.00203991049929488
"289950","Pdhb",2751.10840787622,-0.333621735966542,0.0795546876657696,-4.19361505594964,2.74543724577651e-05,0.00205710752482584
"291671","Hspa9",3794.57906537092,-0.262932111624207,0.0628107844358242,-4.18609819931247,2.83790609819557e-05,0.00211626711894013
"24678","Pkib",200.29113890342,-0.701863003867232,0.167771611254679,-4.18344318575923,2.87126870937233e-05,0.00213099848288013
"362003","Gpr89b",762.975823000713,-0.381234493434024,0.0911763033103024,-4.18128921213838,2.89860890868879e-05,0.00214114224104087
"314148","Clec14a",259.940423265838,0.753249794988252,0.180544708020243,4.17209567230182,3.01810852880771e-05,0.00220808887574481
"25289","Adcy6",1100.47560428707,0.360573830785152,0.0864276983141498,4.17197076653052,3.01976387120734e-05,0.00220808887574481
"310815","Snx7",2055.79985912464,-0.359268019517516,0.0861330081493247,-4.17108408537956,3.0315396442218e-05,0.00220808887574481
"25407","Cd59",9799.55706594009,-0.326993646344681,0.0784381201057194,-4.16881034252168,3.06193637519223e-05,0.00221990387201437
"362427","Mical3",1039.09077641548,0.478960771813,0.115324697723933,4.15315003000959,3.27929581740194e-05,0.00236653329495458
"364405","Scara3",709.279070588247,0.545226141433281,0.131424294671129,4.14859476931288,3.34522360841517e-05,0.00240303677558631
"312916","Cops5",1995.57008784599,-0.320006611097399,0.0772340252529259,-4.14333721503497,3.4228806093894e-05,0.00244759407959078
"312516","Gmcl1",1263.12511795041,-0.307066773580584,0.0741935725199093,-4.1387247324987,3.49241669861672e-05,0.00248596570456081
"315696","Snx33",475.43301218793,0.49759795323043,0.120296133297008,4.13644179237145,3.52732777409383e-05,0.00249945488426739
"363031","Anln",88.2164722591887,0.95632256314835,0.231466572323721,4.13157957776672,3.60278921457446e-05,0.00254142698649712
"363447","Tspan7",6532.29331136122,-0.243923431355234,0.0591278356580583,-4.12535701062804,3.70160104254215e-05,0.00259942028368655
"305240","G3bp2",4621.50180529271,-0.378757876876001,0.0918445513723586,-4.12390143145706,3.72508356213979e-05,0.00260423252603166
"78965","Csf1",539.672535792071,0.502968114960466,0.122148253952715,4.11768567035898,3.82696179176697e-05,0.00266356540706981
"500564","Ldlrap1",124.526016509508,0.750684870069483,0.182617872326415,4.11068676086475,3.94484057792856e-05,0.002733460329662
"192110","Pou3f1",262.647247853126,0.623214243389379,0.151681073458043,4.10871461535224,3.97867365234915e-05,0.00274475900421972
"171160","Hopx",1270.43973742896,-0.419898206543045,0.102265015276195,-4.10598096923953,4.02602628419595e-05,0.00276524436888196
"308445","Cyp2s1",107.123377415576,1.190735612663,0.290324174955805,4.10140014294111,4.10657718302557e-05,0.00280825321773714
"367073","Trappc4",1060.77203208829,-0.316780574925727,0.0773563570035255,-4.0950813507323,4.22020176395697e-05,0.00287340694015505
"289733","Pla2g3",413.443152330074,-0.711095050521557,0.173885479897815,-4.08944467898895,4.32407179765274e-05,0.002931383738149
"305073","Dtl",23.392902748549,1.40844283811039,0.345486339382648,4.07669617452066,4.56801176197655e-05,0.00307017442886492
"311039","Galnt13",702.333048148091,-0.523463666498558,0.128388336272508,-4.07719020042048,4.55832040882898e-05,0.00307017442886492
"311336","Nusap1",79.4577340876834,1.04777972882474,0.257206205730578,4.07369536768595,4.6272999964329e-05,0.00309673153607432
"310935","Fpgt",224.891328692959,-0.530349461849397,0.13025676392577,-4.07156945916166,4.66974328982344e-05,0.00311183744334617
"361122","Ankle1",62.0392700335521,1.45758028677883,0.358118642904306,4.07010446302935,4.69920617451981e-05,0.00311820206326187
"117556","Sv2b",3936.08990689927,-0.308975256639681,0.0759391000174432,-4.06872423519254,4.72712545089415e-05,0.00312349301945158
"363984","Ikbke",150.376626812344,0.760401452093416,0.186962175684819,4.06714058235662,4.75935335924121e-05,0.00313157452124863
"299639","Ankrd24",80.0508297706679,-1.10786341160508,0.272770036163942,-4.06152899777902,4.8752361165096e-05,0.00319440157257491
"65178","Snap91",3980.73723292284,-0.451577374618242,0.111278293291438,-4.0580904079429,4.94756154562478e-05,0.00322828390852017
"362044","Cenpe",77.2391558520955,0.907414533704496,0.223915913787619,4.05247897907411,5.06777786618976e-05,0.00329300420682704
"362090","Fam69b",1575.9242583664,-0.343951275649225,0.0849758505432172,-4.04763557470128,5.17376153887639e-05,0.00334797957433075
"296344","Mybl2",39.7946344995998,1.40337473246533,0.346941681565065,4.04498740576418,5.23259370217603e-05,0.00337211594140233
"304951","Nuf2",50.8984829867236,0.969971073093017,0.240076787749083,4.04025346301611,5.33934660747926e-05,0.0034128231784949
"25724","Itgb4",11421.5656097442,0.453515987001444,0.112248286916666,4.040293170248,5.33844266727598e-05,0.0034128231784949
"300219","Troap",47.4923611260476,1.49786059055225,0.370920788688754,4.038222273406,5.38578084679468e-05,0.00342850927076442
"290851","Vps36",831.079854230743,-0.356823826932078,0.0885277463466673,-4.03064396934703,5.56242456251302e-05,0.00352662221250825
"83689","Cd164",4864.92137016802,-0.283803494412009,0.0705839075045381,-4.02079602059099,5.80018129193465e-05,0.00366253383192325
"295549","Dnajb4",931.274906776912,-0.355928988430154,0.0887669381775592,-4.00970221275623,6.07953703188747e-05,0.00382351606101839
"497010","Eng",750.133244629266,0.677419482609953,0.169147827774441,4.00489614039437,6.20447351255022e-05,0.00388648220826146
"29672","Psma5",1662.08142497686,-0.388783763784463,0.0971842006224574,-4.00048321943621,6.32132698562641e-05,0.00394390360935895
"289104","Prg4",88.1807430713766,0.975600936472427,0.24408073688025,3.99704191712217,6.41389470238015e-05,0.00397748299953342
"24603","Npr1",151.897031284342,0.77957371486528,0.195059358510901,3.99659734768231,6.42594635301376e-05,0.00397748299953342
"294337","Col6a1",2714.68250946556,0.570694898346243,0.142866189142127,3.99461133367602,6.48004662245045e-05,0.00398179140396355
"294993","Hspa4l",2023.96124839227,-0.350077984845439,0.0876405366853822,-3.99447559412115,6.48375994898279e-05,0.00398179140396355
"500910","Tnfrsf13c",24.614209893216,2.15573314133807,0.540749356904935,3.98656625997071,6.70364127604998e-05,0.00405673606743536
"25113","Ddn",586.191137308532,0.697225889201914,0.17487881170979,3.98690889070629,6.69397160826644e-05,0.00405673606743536
"29685","Mcm6",112.950601383411,0.649929886467288,0.163131874816104,3.9840766079587,6.77430182681733e-05,0.00405673606743536
"296086","Ndufaf1",391.505880441763,-0.458185286832245,0.115018642817731,-3.98357410248986,6.78864900502793e-05,0.00405673606743536
"314548","Osgepl1",354.203506475774,-0.447979647353806,0.11234859037419,-3.98740781581468,6.67991462752978e-05,0.00405673606743536
"29230","Sqle",2758.21235858767,-0.345328757839421,0.0866844907256122,-3.98374328497253,6.78381541983372e-05,0.00405673606743536
"361600","Tm6sf1",2168.44533153599,-0.300222387160388,0.0753812016733649,-3.98272222378843,6.81303694594828e-05,0.00405673606743536
"60568","Syt11",18757.3177313748,-0.295283559674077,0.0741323786774607,-3.98319283613998,6.79955382841053e-05,0.00405673606743536
"288593","Ccl24",77.6204064874333,-1.55537994766008,0.391293783949054,-3.9749671767405,7.03889631977881e-05,0.00417282724317206
"315851","Elovl4",991.642953529556,-0.28879798836844,0.0726680079276569,-3.97421088873038,7.06129769757724e-05,0.00417282724317206
"140610","Brinp1",299.657416486866,-0.534819071535891,0.134877409096475,-3.96522349531007,7.33272093237873e-05,0.00431693269928763
"116659","Dync1i2",8129.76108232412,-0.241778605940933,0.0610958058810513,-3.95736830792701,7.57800411764344e-05,0.0044446271341684
"361258","Cul2",1278.54370302065,-0.349620451190098,0.0884072844260492,-3.95465660391988,7.66446555878708e-05,0.00447285780881377
"299507","Asnsd1",1262.09332678267,-0.291377009022069,0.0736903849135594,-3.95407093291561,7.6832614978985e-05,0.00447285780881377
"24310","Ace",197.917776552003,0.681764671693132,0.172581880304124,3.95038384384111,7.80259582281635e-05,0.00450880629466067
"140433","Lama5",460.240872932415,0.612367381790319,0.155005771586359,3.95061019678965,7.79521960503845e-05,0.00450880629466067
"85272","Bmp7",115.52334168973,1.08480284164623,0.27503092362933,3.94429407184866,8.00353954126013e-05,0.00460792019176962
"500592","Tnfrsf25",186.114978275475,0.694562351820111,0.176289145443555,3.93990424125402,8.15141398262849e-05,0.00467586604278249
"171103","Cdc25b",1797.17282066079,0.388201020985897,0.0986305179919583,3.93591181400414,8.28814058233493e-05,0.00473694458099872
"100910839","Luzp2",945.37664401299,-0.361689044950993,0.0919860687801825,-3.93199807043951,8.42427420961635e-05,0.00479724124082153
"310999","Plekhg5",540.18129016621,0.416267292870744,0.105895804493563,3.93091392866322,8.46235653853001e-05,0.00480146751425289
"296090","Sptbn5",3423.99713796925,0.585571268533761,0.149038258667885,3.92899966604306,8.52999579942742e-05,0.0048223730764994
"295213","S100a13",585.403034192595,-0.606026524310472,0.154316642379395,-3.92716245614343,8.5953926298207e-05,0.00484186505694217
"25486","Myo9b",2220.06750618646,0.325832677720192,0.0830457045679685,3.92353438886795,8.72593031639348e-05,0.00489778024210473
"117520","Oxr1",3840.55412567087,-0.350988903399249,0.0895052665368284,-3.92143297238078,8.80239349365454e-05,0.0049230529325225
"84393","Kif4a",50.4814807656435,1.18421026030267,0.3021568809731,3.91919011239758,8.8847014402149e-05,0.0049514030090308
"171529","Kif2c",36.3403175048613,1.38824399190387,0.354505943834512,3.9159963776289,9.00315995335033e-05,0.00499962712303072
"24834","Tk1",172.26761440963,0.919698138128454,0.23535063109844,3.90777850833028,9.3148638354623e-05,0.00513629463603309
"685072","Rarg",756.072239569736,0.456109733594046,0.116706891025849,3.90816454439717,9.2999961663203e-05,0.00513629463603309
"100188932","Ost4",1880.8350439427,-0.541535427974024,0.138647943908768,-3.90583093197806,9.39021508507605e-05,0.005159676078326
"81800","St13",3962.43712286529,-0.29677955545998,0.0762131301525804,-3.89407382777509,9.85746269909795e-05,0.00539747782754804
"689399","Cenpw",19.4721037971367,1.52193053458693,0.391854032858242,3.88392209079933,0.000102784855120983,0.00560840010869194
"305935","Mtmr6",3958.28652497017,-0.363443854493788,0.093718107264825,-3.87805371983006,0.000105295469813797,0.00571281947191502
"64152","Chp1",5501.54497949879,-0.280215884768629,0.0722625444082263,-3.87774727645391,0.000105428149896771,0.00571281947191502
"691380","Psrc1",29.1178916168566,1.26832078353496,0.327287371898551,3.87525120867817,0.00010651475796776,0.0057432531320276
"305095","Tmcc2",1758.60690744313,0.845742113886921,0.218268706202202,3.87477494416188,0.000106723286169862,0.0057432531320276
"308576","Pnkp",398.398402765046,0.525741296541188,0.135792591011895,3.87164934863886,0.00010810138968929,0.00579749233744616
"316137","Adgre1",241.618801572063,-0.81447523499034,0.210470345700786,-3.86978617951355,0.000108930847371129,0.00582203778099618
"113882","Hemgn",86.4498691862917,1.45233075204687,0.375983553158958,3.86275075025119,0.000112117386699436,0.00597196692419445
"59294","Pold1",190.427161041352,0.567853221090822,0.147074900545602,3.86097980678053,0.000112933237705511,0.00599200738524648
"85490","Col5a1",3987.01028241766,0.406490276917729,0.105300824561034,3.86027629519766,0.000113258887996996,0.00599200738524648
"85489","Twist1",124.898097827142,0.628556057244972,0.162888584283015,3.8588097503068,0.000113940590600996,0.00599484869439208
"315217","Plxnb2",1446.52427192034,0.3283938676218,0.0851088813421979,3.85851467488363,0.000114078219088687,0.00599484869439208
"360504","Hba2",25483.9985386825,1.66333403521185,0.431544706470191,3.85437246772657,0.000116026844311209,0.00607685746459377
"292844","Siglec10",51.1221925608373,1.98674997194396,0.515708962720191,3.85246353188147,0.000116935396294558,0.00608345410181796
"103694857","LOC103694857",6926.75747425196,1.56383837110014,0.406096093933464,3.85090719773425,0.000117681089063268,0.00608345410181796
"361084","Lmo7",391.547896267626,0.597310214652981,0.15507318206845,3.85179569210959,0.000117254833652564,0.00608345410181796
"29347","Faah",214.119943694157,0.506859331761891,0.131622579765815,3.85085395426608,0.000117706678981535,0.00608345410181796
"290361","Dok2",74.9243649961445,0.989917841247239,0.257463744548598,3.84488248231931,0.000120610225654649,0.00619035237644516
"79431","Bhlhe40",254.657527427831,0.534878034905606,0.139124573821986,3.84459783208392,0.000120750305378555,0.00619035237644516
"155205","Slc36a1",1190.07680943631,-0.436136034844526,0.113453875013352,-3.84417045952111,0.00012096090850525,0.00619035237644516
"361308","Kif20a",169.059488504487,0.762611434926472,0.198573963101714,3.84044022194312,0.000122813876482777,0.00626470783622245
"296599","Cacfd1",574.452280608305,-0.355369856295667,0.0925586710875042,-3.839401021215,0.000123334838179781,0.0062708557334265
"300839","Lysmd2",843.573774678808,-0.315364757399597,0.0821975572691583,-3.83666824023645,0.000124714768561267,0.00632049603776517
"309326","Ranbp6",1194.6961784641,-0.338073456052362,0.0882114527704293,-3.83253472689311,0.000126829688901128,0.00640694492965055
"289054","Aspm",99.0787766847991,0.781129392361545,0.204030928296875,3.82848521487371,0.000128934375001129,0.00649232254828835
"252900","Dgat2",489.143791046946,0.450295811758923,0.117660060674012,3.82709144614934,0.000129666352628203,0.00650825346845405
"361821","Col6a2",3558.54192066007,0.576975405779116,0.150844458932067,3.82496917595733,0.000130788449202025,0.00654360100480417
"498066","Sh3bgr",115.253777941197,-0.666375521354159,0.174441197032497,-3.82005817828697,0.000133420199958398,0.00665401379410352
"314942","Csmd3",43.8347072392436,-1.00803036599472,0.264044445972714,-3.81765411607594,0.00013472662699178,0.00669707054067672
"81655","Dync1li2",5792.58974129127,-0.251222406988541,0.0658184388072211,-3.81690012010705,0.000135138843604971,0.00669707054067672
"288444","Hsph1",5304.95063879872,-0.4568921449697,0.119875557810505,-3.81138701929495,0.000138189213084091,0.00682663431197748
"108348058","Mrgbp",132.943569140387,0.916997164817364,0.240649650371345,3.81050694818111,0.000138682114221711,0.0068294399645031
"282840","Atf5",3764.62591674224,0.377005779240267,0.0990775019327273,3.80516032283747,0.00014171237018646,0.00695678908188077
"108351097","LOC108351097",550.974759392499,4.88308500996033,1.28392042164877,3.80326142307919,0.000142803518250058,0.00698373891371009
"64194","Insig1",3077.15046817405,-0.379824385583651,0.0998839811982451,-3.80265565135808,0.000143153268920877,0.00698373891371009
"60571","Mybbp1a",1060.46826448456,0.305405914988745,0.0803487886864245,3.80100210571495,0.000144112077244896,0.00700868052687911
"25632","Hba1",52377.7377698127,1.64391111556901,0.43305106249423,3.7961138026094,0.000146982046339776,0.00710413223975584
"310358","Plcxd3",422.414410461281,-0.748956891546999,0.197273945895097,-3.79653221893411,0.000146734299664834,0.00710413223975584
"58921","Foxm1",133.119797971405,0.659869863328545,0.174211492875951,3.7877516140592,0.000152016707640757,0.00732486658970541
"363015","Endod1",6011.10955843104,-0.377429845321146,0.0997715742678505,-3.78293966082849,0.000154986996084158,0.00744508085484022
"316273","Mcm3",101.808729920145,0.754038639882076,0.199402567123497,3.78148912904954,0.000155893030906369,0.0074657029479931
"315524","Tmem45b",751.158943270994,-0.333458250397621,0.0883057519119823,-3.77617814443154,0.000159253111471844,0.00760336501722279
"367313","Col6a3",1489.44565960369,0.616571977790838,0.163387915210886,3.77366941119865,0.000160863894759105,0.00765692581133005
"498604","Fam129c",101.014065028093,1.2889260063825,0.341861580383413,3.7703154736982,0.000163041316876801,0.0077370515826991
"315759","Igdcc3",68.1015429734447,0.96581933845207,0.256860929404006,3.76008659897424,0.000169854548337691,0.00799260683828268
"313339","Acer2",210.826377180238,-0.627926197163938,0.167004549681838,-3.75993467459544,0.000169957731618655,0.00799260683828268
"84582","Hdac7",750.369797115431,0.553649330595189,0.14720701919468,3.76102534800322,0.000169218278998674,0.00799260683828268
"499903","Napb",6097.35815127321,-0.3528271225817,0.0939762697361708,-3.75442783132623,0.000173737892482713,0.00814591436011764
"362197","Mapkbp1",481.835564218824,0.422804635743584,0.112790510459486,3.74858340494394,0.000177836198753256,0.00829217427998167
"685076","Pgm2l1",6247.86668330713,-0.411718714173194,0.10985032736026,-3.74799715273437,0.000178252277357418,0.00829217427998167
"685859","Ubxn2a",1342.36238748173,-0.369699815190512,0.0986464685972974,-3.74772478373991,0.000178445896063462,0.00829217427998167
"24779","Slc4a1",655.412943790584,1.50773791615919,0.402392747297739,3.74693114198598,0.000179011199705262,0.00829383250705444
"116482","Sacm1l",2163.01744971947,-0.370044620181238,0.098823362607288,-3.74450545314624,0.000180749451478726,0.00834966492671635
"299104","Fkbp3",2980.64282403743,-0.494211345054411,0.132243450784188,-3.73713285704356,0.000186130586248121,0.008547815192509
"288093","Arhgap31",575.428209873051,0.472687081571927,0.126469539023452,3.73755676838733,0.000185817143965281,0.008547815192509
"84488","Fgf13",7092.37716149616,-0.268575201214314,0.0719097901977246,-3.73489062443145,0.000187796788354336,0.00859911609833014
"365871","Ciart",24.4500178213888,1.3060268878572,0.349770955771837,3.73394893516873,0.000188500729117389,0.00860618489206505
"296872","Eda2r",13.8094746426595,2.0833251549713,0.55816447637144,3.73245744429088,0.000189620739893063,0.00863215344978304
"289338","Disp1",503.425270681638,0.437674830603289,0.117305018366698,3.73108360321899,0.000190657934775665,0.00865421234373017
"296137","Bub1",100.87078458683,0.61759540789921,0.165666539698333,3.72794294504979,0.000193049066997867,0.00873742309013468
"307126","Mcm10",25.5448152360599,1.19004831119035,0.319419156559703,3.72566355758916,0.000194802090878966,0.00876609408955348
"313052","Epb41",1188.7232451603,0.314673696401544,0.0844536780456599,3.72599161674659,0.000194548869953827,0.00876609408955348
"300994","Ifrd2",185.315555336236,0.554471094306531,0.148916847883514,3.7233604000284,0.000196588581350949,0.00881071863852516
"500689","Ttc9",2751.04902468073,-0.367045414678711,0.0985902947478881,-3.72293657927799,0.000196918998945326,0.00881071863852516
"688811","Slc25a28",515.17783290033,0.447002108465083,0.120212555319137,3.71843113457155,0.000200463924670632,0.00894377510068973
"681352","Letmd1",965.550580100544,0.376353857523933,0.101263069976856,3.71659537489777,0.00020192543695946,0.0089833873374578
"679135","Slc25a53",197.331542512204,-0.482170624872355,0.129772192841117,-3.71551573812648,0.000202789641985722,0.0089962770354006
"681056","Erfe",14.3571197611495,1.83496297714978,0.494410465028004,3.71141613486244,0.000206102954525294,0.00909175286722847
"317232","Magee1",1498.75056824,-0.442713643249729,0.119277167002659,-3.71163781279162,0.000205922500998958,0.00909175286722847
"690294","Tmem169",229.600058966376,-0.421694918578932,0.113824299321516,-3.70478817873311,0.000211567456250523,0.00930659091259323
"313262","Pappa",210.723693783672,0.948804389752627,0.256333286498613,3.70144823059396,0.000214372398348162,0.00940356234770927
"25112","Gadd45a",386.573724598506,-0.420159166937502,0.113560827835225,-3.6998600216894,0.000215718417804525,0.00943617436541582
"365802","Selt",3081.93361986288,-0.484563595898091,0.131034299644371,-3.69799050487699,0.000217313015905096,0.00945311619187168
"304055","C2cd2",651.78829596197,-0.392874818871944,0.106223353600836,-3.69857291785647,0.000216815065701109,0.00945311619187168
"66030","Synpr",5464.27791508964,-0.317505811217717,0.0859024126257337,-3.69612216365855,0.000218917663214866,0.00949653907463935
"310710","Sec22b",1035.43454969003,-0.356162436332743,0.0963997140450172,-3.69464204184693,0.000220196773860639,0.00952563944380553
"315191","Fbln1",540.158115521861,0.758336712934033,0.205348368907211,3.69292786190426,0.000221686923639698,0.00953740995658701
"313436","Zcchc12",603.23048772036,-0.327318158235661,0.0886312082621998,-3.69303504548136,0.000221593471356873,0.00953740995658701
"114114","Dnm1l",4658.28131366831,-0.318747060228364,0.0863708924710572,-3.69044537006696,0.000223861763343953,0.00960458962730495
"300057","Recql4",96.0541146504801,0.882399740256657,0.239246082787998,3.68825156915348,0.000225800343848527,0.00963496835059383
"360994","Chac2",247.728720405394,-0.518831732978149,0.140661495519209,-3.68851284470594,0.000225568640492203,0.00963496835059383
"313438","Dock11",2771.28501494123,-0.261114578781852,0.0709438899503602,-3.68057882031215,0.000232705110886444,0.00990261422956985
"691984","Gpc6",417.629737606524,0.487749911333878,0.132572756884559,3.67911117484416,0.000234048230318656,0.00993277855498687
"684792","LOC684792",362.07642049478,-0.464733699795692,0.126349161759759,-3.67817002758861,0.000234913348106099,0.0099404279771199
"312083","Vps50",1963.18750621282,-0.348230660468034,0.0946913033068458,-3.67753582754688,0.000235498006354501,0.0099404279771199
"29279","Meox2",124.830091435185,0.646652525076707,0.175938140460739,3.67545390319166,0.000237426909602456,0.0099949070010066
"24356","Ets1",442.602172141087,0.507998234130182,0.138493214615048,3.66803699042008,0.000244419829014315,0.0102617011323436
"678769","Atg4a",492.661053844103,-0.336481882145648,0.0917880806131802,-3.6658559575254,0.000246512658018642,0.010321893648588
"306147","Slitrk1",603.09812687865,-0.357895941753337,0.0976666178398384,-3.66446539942894,0.000247855742342645,0.0103407233565993
"286973","Elavl2",3319.97404351469,-0.306328841871869,0.0836044740460557,-3.66402450786449,0.000248283012904301,0.0103407233565993
"116996","Il16",1000.01546534354,0.47186108151244,0.128846094591322,3.66220709295927,0.000250051584232506,0.0103867581142733
"54238","Cdkn2c",172.584227150669,0.539732962339754,0.147457368311889,3.66026444469129,0.000251955084292245,0.0104318808557221
"293491","Ypel3",4791.56922103064,-0.260990719883446,0.0713139838031852,-3.65974113301169,0.000252470168858153,0.0104318808557221
"306404","Spock3",841.269748980412,-0.487073441255925,0.133147423459246,-3.65815145799656,0.000254040915126148,0.0104691598180934
"362938","Scrib",1428.15995202499,0.297674729407462,0.0814259906267198,3.65577043787025,0.000256410735550963,0.0105390869257955
"191574","Akr1c14",199.642611603744,0.636740021076334,0.174439667584512,3.65020198612707,0.000262034171152799,0.0107404988033328
"100362606","Akain1",181.934485723747,-0.607260615057165,0.166392509363345,-3.64956702306299,0.00026268269742506,0.0107404988033328
"497990","Arl5c",33.6955643278294,1.36836907300018,0.375383122579974,3.64525997758106,0.000267121625759394,0.0108935538005003
"498358","Slc30a9",3215.42184510745,-0.240781003567194,0.0660807097900134,-3.64374118153891,0.000268703627252419,0.0109296072799296
"300225","Fmnl3",392.356053915995,0.54132056862921,0.148849724674001,3.63669176960031,0.000276162061450808,0.0111992673768827
"291946","Tmem184c",2407.90170415554,-0.248590649529545,0.0683668002901289,-3.63613111151317,0.000276763504141355,0.0111992673768827
"171576","Bub1b",36.8243850670302,1.04146132174532,0.28673981931742,3.63207776382262,0.000281148364940938,0.0113473798839564
"102555298","Wdr90",205.133697900385,0.514871019074188,0.141850049539863,3.62968515516448,0.000283767125155844,0.0114236328533175
"313348","Klhl9",2334.32788140309,-0.413921601566787,0.114131717032464,-3.62670090601591,0.000287065481543511,0.0114973029180854
"252962","Phtf1",1064.56325214772,-0.302591709970475,0.0834320430434534,-3.62680450978383,0.000286950373634376,0.0114973029180854
"170551","Slc5a6",1293.56103108532,0.344971165045459,0.0951889410526009,3.62406768297622,0.000290005660295716,0.0115854302046707
"25176","Slc25a5",4363.62006898194,-0.262391710216906,0.0724473996595317,-3.62182371555117,0.000292533447182437,0.0116566762923078
"361383","Adgre5",234.91516905021,0.683188416170029,0.188834394490425,3.6179236203957,0.000296976003077721,0.0117180838923762
"24508","Irf1",212.201505097079,0.549597246890135,0.151876594111782,3.6187093218961,0.000296075967633961,0.0117180838923762
"302553","Suv39h1",201.619453934101,0.459734907539989,0.127016777704364,3.61948173972763,0.000295193639842445,0.0117180838923762
"25679","Itpr3",3397.34091218714,0.43718551050802,0.120841457288252,3.61784374600158,0.000297067644014901,0.0117180838923762
"304297","Sdk1",277.791192574152,0.387066898527208,0.107052962318376,3.61565798969739,0.000299585694070304,0.0117877185154296
"83722","Plk2",649.78293525201,0.379564365507727,0.105053940669045,3.61304262448833,0.000302624932721539,0.0118774597654619
"366669","Syne2",1570.00549355693,0.395219251040682,0.109427536548609,3.61169833029296,0.000304198308855194,0.011902517616011
"316021","Epm2aip1",3848.63985978038,-0.394315821107386,0.109211164777491,-3.61058159127571,0.000305511173485458,0.011902517616011
"140734","Dynll2",15691.0927435283,-0.278366627098617,0.0770980351284255,-3.61055410342079,0.000305543555660052,0.011902517616011
"498072","Hmgb2l1",174.410213894456,0.572705751633396,0.15866900017092,3.60943694745963,0.000306862348549535,0.0119242292265154
"312641","Fancd2",82.8924467013963,0.713990794982922,0.197901714207781,3.60780500482825,0.000308798425411052,0.011969760747369
"690820","Klf16",571.430587002043,0.322023695220832,0.0893333748486617,3.60474118174051,0.000312464162099082,0.0120819476011645
"311642","Sulf2",1191.30360380544,0.659620310964364,0.18310363312802,3.60244250589598,0.000315241138510819,0.0120996966399006
"24932","Cd4",701.08808172642,-0.626441210595653,0.173848875420389,-3.60336648184142,0.000314122139309257,0.0120996966399006
"315326","Tns2",1329.22751677852,0.540529901343256,0.150040952690193,3.60254911510293,0.000315111837154329,0.0120996966399006
"311341","Pla2g4b",302.559210786122,0.548077045713886,0.152215088782817,3.60067487459073,0.000317392268735546,0.0121524765975517
"363228","Tmeff2",751.176596776784,-0.299935006329588,0.0833839686887034,-3.59703443055502,0.000321865892576986,0.0122937070189161
"303764","RGD1310429",585.433687114363,-0.468017115272147,0.13017191949461,-3.59537692222114,0.000323922243735404,0.0123421468051008
"246250","Retn",25.4480318027462,1.46192454372254,0.407058757228685,3.59143371260586,0.000328863826963473,0.0125000182773009
"24600","Nos3",166.195225755079,0.691516185061898,0.192728955467453,3.58802434945317,0.000333193179235512,0.0125730245465738
"293502","Kif22",135.086700470866,0.619937882468289,0.172757810495429,3.58847962179222,0.000332611985786597,0.0125730245465738
"117044","Rraga",2059.6180433791,-0.269098368135962,0.0749977153646337,-3.58808754143542,0.000333112452596153,0.0125730245465738
"304648","Asf1b",30.7479873906799,1.23340720812278,0.344054277261224,3.58492043156992,0.000337180987334319,0.012662480243778
"114481","Dnajc14",1478.87998952581,-0.241715851469698,0.0674202215747424,-3.58521294982293,0.000336803272521124,0.012662480243778
"100365370","Ctdsp2",2611.42045077488,0.309718861827874,0.0864572672773183,3.58233462126934,0.000340537199555398,0.0127274762411397
"361063","Entpd4",3165.28248541744,-0.283174981419136,0.0790385222210704,-3.58274640594996,0.000340000646023475,0.0127274762411397
"498545","Tsc22d1",7598.35156855889,-0.294070383178254,0.0821352333518752,-3.58031956783307,0.00034317424663928,0.0127651038061072
"291180","Epdr1",4191.8044197208,-0.257103462295455,0.0718042591667008,-3.58061576401149,0.000342785428542809,0.0127651038061072
"298943","Bcap29",794.59529831603,-0.382884438428418,0.107005347507065,-3.57818041199426,0.000345994600096443,0.0128395152547637
"294074","Cep55",27.679798228881,1.16232736378464,0.325299082116675,3.57310373033193,0.000352774933691339,0.0130601783962326
"310519","Slitrk3",691.717651657224,-0.4413708313839,0.123576176432477,-3.57164984486365,0.000354739490371645,0.0131019349509905
"313510","Atpaf1",496.686289346709,-0.408973960943112,0.11457562940499,-3.56946728607977,0.000357707881107267,0.0131578143622384
"299121","Actr10",2513.78448713998,-0.296384912887849,0.0830372066720453,-3.56930254239427,0.000357932881118362,0.0131578143622384
"309097","Adgra1",298.042991829854,-0.554521389444949,0.155425311689878,-3.56776758827668,0.000360035627543588,0.0132041169258375
"364601","Micu3",1296.54280016874,-0.400554599076314,0.11237002587328,-3.56460360281505,0.000364406494676443,0.0133331909033484
"306288","Mmrn2",355.506911670939,0.543015615721538,0.152452686769339,3.56186320640658,0.000368232242750167,0.0134417643857054
"303378","Slfn13",540.266413090723,0.536916264387254,0.150802799692926,3.56038658088945,0.000370309231570006,0.0134861455032239
"688972","Gypa",103.416914071397,1.19781531072244,0.336601148711054,3.55855978302281,0.000372893921412009,0.0135295934509953
"100361376","Kank2",1353.03889447659,0.396929308176984,0.111549543869556,3.55832300525715,0.000373230164165387,0.0135295934509953
"24681","Prkcg",73.5600908017706,0.917491659305015,0.258137029429361,3.55428146567436,0.000379013350284696,0.0135510252636035
"299699","Aldh1l2",59.0287652134117,0.910307941882082,0.256030323618427,3.55546924683326,0.000377305078503035,0.0135510252636035
"317593","RGD1561327",106.541501037408,-0.597434489855844,0.168034631698838,-3.55542475866881,0.000377368931621318,0.0135510252636035
"313592","Col8a2",975.492461001516,0.429506818443884,0.120782888841485,3.55602372623796,0.000376510090359121,0.0135510252636035
"312890","Gdap1",1972.14154863542,-0.361698553130789,0.101748484803341,-3.5548298712249,0.000378223734766579,0.0135510252636035
"83765","Rtn4",16698.0032577057,-0.290702267560897,0.0817644871087858,-3.55536098666068,0.000377460480135271,0.0135510252636035
"360605","Epn3",811.491796263094,-0.473865729371052,0.133418341192821,-3.55172853398172,0.000382709483516488,0.0136520057217955
"310174","Cdh18",299.249151481039,-0.404752067333841,0.113987261484456,-3.55085350821446,0.000383984078405164,0.0136663424268747
"300795","Ns5atp9",16.8391647363382,1.44786634412727,0.408450917122916,3.54477437417912,0.000392949293907569,0.0139537096203912
"362393","Antxr1",528.646219267478,0.4120812115085,0.116272480068247,3.54409926808669,0.000393956885105657,0.0139578389609832
"498596","Nrg3",444.646485892832,-0.446253160325334,0.1260771095255,-3.53952562844151,0.000400846847232534,0.0141698908073623
"680515","Ckap2l",38.964880291581,0.905667565335165,0.256022916614466,3.53744726179716,0.000404014862068001,0.0142176915505279
"25527","Ptgis",103.19827150905,0.817388359726257,0.231048222601678,3.53773922396892,0.000403568421968218,0.0142176915505279
"361714","Rasgrp2",179.71458499684,0.758821016910787,0.214553116610043,3.53675131314903,0.000405080900173264,0.0142232441630343
"305977","Pnma2",1287.53238124813,-0.377737421409087,0.10687438099232,-3.53440570042909,0.000408693239334075,0.0143179779149253
"308408","Gpr4",74.9863802275588,0.877040565242808,0.248530405973517,3.52890650062457,0.000417280532464883,0.014580676307464
"500727","Cdca4",138.277834732928,0.597894414499795,0.169451203047515,3.52841646295154,0.000418053873694211,0.014580676307464
"366232","Rem1",108.201440316727,0.604234309785878,0.171456760575015,3.52412064569199,0.000424890740647405,0.0147534124136106
"24679","Prkar2b",2385.24226950404,-0.306396405153491,0.0869387257564721,-3.52427991654435,0.000424635405661162,0.0147534124136106
"25641","Igfbp6",3012.15379204101,0.523891881280712,0.148725548712303,3.52254125680946,0.000427430508310548,0.0147760745257024
"170914","Nap1l3",673.213353049933,-0.355394606570795,0.100886744267997,-3.52270864868748,0.000427160660455793,0.0147760745257024
"302969","Srrm2",8027.20438836325,0.390737346921368,0.110996858993312,3.52025589251055,0.000431130638068261,0.0148384742684593
"295395","Rtcd1",1697.30566222766,-0.254860973877971,0.0723937963783616,-3.52048085095519,0.000430765095437691,0.0148384742684593
"24772","Cxcl12",715.76642629117,0.416940774779762,0.118523523581058,3.5177892302081,0.00043515784417126,0.0149442364906183
"500865","Sybu",1148.46916796337,-0.34834031817687,0.0990521405396731,-3.51673690521963,0.000436886590876735,0.014970774645798
"299636","Tle2",189.059162281051,0.572242861161239,0.162826298593325,3.51443757000503,0.00044068624354731,0.0150680056199801
"287280","Skp1",13199.6875551147,-0.428776421735241,0.12203727197849,-3.51348743530433,0.000442265330187297,0.0150890524416843
"305897","Nfatc4",157.835691718283,0.743588779671691,0.211779610591083,3.51114433347155,0.000446182074220429,0.0151895897441129
"689106","Vstm2a",367.675480109117,-0.35956901148459,0.102498903620126,-3.5080278791781,0.000451441737968446,0.0153179859216324
"29885","Rab3ip",512.503191835343,-0.309997172887397,0.0883748802805094,-3.50775211127234,0.000451909929488772,0.0153179859216324
"100126191","Rab1b",920.608619062873,-0.443898550192194,0.126734621596874,-3.50258315051569,0.00046076994118308,0.0155845729566459
"365823","Fstl5",190.433269374219,-0.613089419473882,0.175087399334821,-3.50161931585646,0.000462439855510588,0.0156073451234823
"312299","Ezh2",177.218521708196,0.459608539621235,0.131446219030943,3.4965519967755,0.000471312630847122,0.0158725931162708
"293688","Tm7sf2",1064.40558793273,-0.426771604351567,0.12213125720189,-3.49436838798841,0.000475184835768326,0.0159686577856909
"64557","Bard1",21.5635344744594,1.24430672270076,0.356269562402887,3.49259901493813,0.000478344217887792,0.0160404078203915
"360918","Pf4",101.545348165462,0.893244599584011,0.256037494076248,3.48872575404134,0.000485328804004282,0.0162398484416818
"308807","Prss23",272.53868664413,0.413001699980464,0.118556337719236,3.48359023166294,0.000494736320286792,0.0165193406731155
"113976","Acsl4",1029.37716362551,-0.293954349107337,0.0844041358069857,-3.48270077404202,0.000496382849523501,0.0165390540926341
"308405","Dmpk",1151.70063669352,0.529257038085127,0.152223129329358,3.47685033422219,0.000507340935804498,0.0168433268982444
"293860","Flna",3748.93082933002,0.374066527846269,0.107593072179981,3.47667856551706,0.000507666046996894,0.0168433268982444
"498995","Ncoa7",3834.75346343856,-0.27727539537642,0.0798030276993291,-3.47449718851646,0.000511811727322243,0.0169449717756159
"294696","Mrps36",722.125082698035,-0.388469289918988,0.111998057868316,-3.46853594886208,0.000523302508782049,0.0172888550369766
"365627","Mblac2",388.703316744276,-0.54354364793232,0.156936460403045,-3.46346315277143,0.000533269626577191,0.0175810575835764
"94174","Tinagl1",371.438722807879,0.561623788023318,0.16228728573994,3.46067645079296,0.000538819985713466,0.0176895617951213
"313155","RGD1359108",1321.93222638182,-0.310421331895967,0.0896934679955143,-3.46091347378264,0.000538345813675179,0.0176895617951213
"114860","Gale",594.226496114627,-0.32856434534785,0.0951972378199037,-3.45140628942865,0.000557673379210082,0.0182702199130332
"116484","Txn1",3613.17010337922,-0.431251243699918,0.124976779900233,-3.45065094527303,0.000559236341818909,0.0182831756010107
"316526","Wnt6",540.998092640936,0.404175539026317,0.117200720631668,3.44857554499633,0.000563551802802051,0.0183858775664169
"64371","Prdx3",1457.30263719744,-0.313168371109786,0.0908346280569481,-3.44767604391409,0.000565431787286461,0.0184088602679958
"114100","Sc5d",3459.22073519741,-0.29509380173253,0.0856123728187715,-3.44685927999214,0.0005671439064483,0.0184262937240257
"295143","Etfdh",846.98174997509,-0.347931809775252,0.101046898047658,-3.44327056542748,0.000574724016180708,0.0186339090960453
"363494","Gla",1007.8497007423,-0.280293991890529,0.0815066716311766,-3.43890857375307,0.000584064448772206,0.0188914101805856
"140945","Rtn3",23578.5539677181,-0.240841990743949,0.0700439954047929,-3.43843878910809,0.000585078795503449,0.0188914101805856
"294210","Trim10",17.4839627732951,1.63063815200884,0.474505227243896,3.43650197802919,0.000589278050571469,0.0189525616666327
"102552659","LOC102552659",162.20989163024,0.849665012710423,0.247250868758839,3.43644904859428,0.000589393201254796,0.0189525616666327
"24440","Hbb",43722.4153071163,1.50096961891567,0.437684946509847,3.42933799959213,0.000605055515295471,0.0194163306752604
"678772","Casd1",775.633704667553,-0.335899291854557,0.0979908017848317,-3.42786553162536,0.000608346707088812,0.0194820233803902
"364224","Acyp2",826.723674947512,-0.550710136771177,0.160955285047543,-3.42151012070532,0.000622744071920718,0.0196550971164726
"29637","Hmgcs1",15877.0666663269,-0.416069298590807,0.121535699635632,-3.42343278426171,0.00061835542198282,0.0196550971164726
"25462","Hspe1",1362.05205615703,-0.414533940659629,0.12105723188384,-3.42428068285416,0.000616429176915531,0.0196550971164726
"296651","Psmd5",738.375737030688,-0.328030318775239,0.0958817902577937,-3.42119518099606,0.000623465706011671,0.0196550971164726
"373544","Ermp1",1650.17949663991,-0.294128403847413,0.0859897302176403,-3.42050618257521,0.00062504714968093,0.0196550971164726
"25392","Atpif1",2811.14170573405,-0.291701103932325,0.0852445217263643,-3.42193372694012,0.000621774671384443,0.0196550971164726
"289180","Gpr161",1715.94993633314,-0.284113980720605,0.0829641688411459,-3.42453838433079,0.000615844841314655,0.0196550971164726
"361364","Dok4",5139.06274449098,-0.27913577291443,0.0815976425676954,-3.42088036039585,0.00062418784470012,0.0196550971164726
"25576","Ywhah",19746.9745419572,-0.224442567393455,0.0655924118490485,-3.42177640776462,0.000622134524016765,0.0196550971164726
"501582","Gspt2",166.548447858741,-0.516430982049984,0.151022010243148,-3.41957428071922,0.000627192062581527,0.0196830214429393
"287899","Adamts2",853.778474001056,0.568982520763907,0.166427192380833,3.41880742338015,0.000628962234468956,0.0196990971835677
"29622","Ralgds",1751.19827272077,-0.341317091445765,0.0999579246964546,-3.41460762097906,0.000638739541599944,0.0199653916595911
"288150","Mtx2",761.722595870366,-0.346260322240662,0.10144401319665,-3.41331451043282,0.000641778303557588,0.0200204148081909
"246047","Calcoco1",35.3658264454571,-2.14197938022841,0.628482635886772,-3.40817591118669,0.000653987197535088,0.0202724712311571
"84416","Smpx",99.517705527256,-0.767727718675041,0.225360706661498,-3.40666183581063,0.000657625503539451,0.0202724712311571
"140674","Gabrg1",615.795440853494,-0.453715649222902,0.133146898188129,-3.40763213711391,0.000655291720868675,0.0202724712311571
"306842","Gfod1",3170.83447941733,-0.41411621526009,0.121530848475818,-3.40749875816503,0.000655612068614272,0.0202724712311571
"291085","Serpinb6",9666.01230264357,-0.399735938051841,0.117328026257004,-3.4069944820876,0.00065682454865854,0.0202724712311571
"64191","Dhcr7",1130.02289547735,-0.272208597377681,0.0798809005954546,-3.40768062638956,0.000655175296068536,0.0202724712311571
"100361529","Rad9a",324.54823014882,0.426867744765634,0.125421206387952,3.40347344009153,0.000665348817066732,0.0204702602657466
"308607","E2f8",22.531378894732,1.41529586491,0.416085438229399,3.4014549293833,0.0006702818027699,0.0205815941791699
"83731","Kcnma1",433.950233466532,-0.451229737385444,0.132684173464988,-3.40078040659847,0.00067193781693102,0.0205920669533068
"24618","Reg3b",15.4763993968097,-1.48981447831116,0.438253696591948,-3.39943391213036,0.000675254963351604,0.0206533061056369
"316051","Azi2",977.809926700416,-0.264494391160435,0.0778310682310722,-3.39831377330167,0.000678026066281189,0.0206976378127942
"25269","Pvalb",1868.59962866233,-0.459267092621646,0.13538268827837,-3.39236204024339,0.000692928166578074,0.0210703982303158
"304431","Sfswap",724.744336025944,0.339276651690113,0.100010739616696,3.39240218590958,0.000692826636994422,0.0210703982303158
"25515","Plk1",50.8475902327798,0.971020830346437,0.286345773904233,3.3910779164186,0.000696183058526965,0.021087479103544
"652956","Mpp1",3468.10332840555,0.41660019397073,0.122851404586746,3.39109019853793,0.000696151859625791,0.021087479103544
"83727","Fbn1",2603.45764054561,0.660639181788415,0.195022342527372,3.38750510955273,0.00070531403415099,0.0213228142370743
"290426","Klhl1",145.619249909561,-0.624428519725908,0.184561275807228,-3.38331276154656,0.000716170227329654,0.0216092981887907
"311337","Ltk",15.9561386155149,2.10016033124728,0.621508787292825,3.37913216061704,0.000727150429595861,0.0218563833540714
"315164","Cenpm",53.882594064043,0.852785822796764,0.252344548629366,3.37945015031532,0.000726309776907189,0.0218563833540714
"304361","Mepce",388.889754134106,0.452292322668498,0.133972215091483,3.3760158579124,0.00073543680221478,0.0220309047954359
"85251","Col18a1",1358.99390181569,0.418444338045841,0.123970081949377,3.37536550324064,0.000737177146411777,0.0220309047954359
"690163","Oxct1",3296.57134716987,-0.240200345218669,0.0711538130889182,-3.37579020422278,0.000736040216974927,0.0220309047954359
"25719","Scg5",3186.43281063893,-0.273220166387772,0.0809662945471714,-3.37449265667695,0.000739518889619742,0.0220587920218003
"306628","Col4a2",3708.49581416736,0.3316412048836,0.0982946910532602,3.37394829089908,0.000740982854284881,0.0220604401104586
"298534","Clspn",20.5660526305542,1.22906776972699,0.364401286195061,3.37284146979954,0.000743967735580461,0.0220704307976918
"100362311","Arhgap33",355.140470557837,0.625263424594987,0.185385246202445,3.37277878042239,0.000744137130343632,0.0220704307976918
"363931","Gtpbp6",427.103680136574,0.388675097572567,0.115338824575538,3.36985485159001,0.00075207787681116,0.0222217727374769
"363073","Glce",1777.71511813688,-0.279152771545049,0.082831861062784,-3.37011348004676,0.000751372339385636,0.0222217727374769
"60398","Fhit",154.932565877789,-0.453574041483573,0.134702118555729,-3.36723762288802,0.000759252362039879,0.0223915103381252
"298942","Dld",3073.15766070614,-0.302368128375854,0.0898422471594327,-3.36554502960367,0.000763925971700036,0.0224869938286138
"689415","Mt2A",39.4362858747696,0.993082221202835,0.295123848365007,3.36496771340078,0.000765526163818588,0.0224918193722309
"291609","Ndfip1",12549.3925546802,-0.293769330441417,0.0874090761210564,-3.36085614306875,0.000777012841493412,0.0227865563628967
"302489","Hs6st2",1008.95951349829,-0.307536228911879,0.0915343787032401,-3.35978933018084,0.000780019278206952,0.0228319661620951
"304944","Uck2",557.936592991988,-0.441409899257666,0.131405084080763,-3.35915388925416,0.000781815172664411,0.0228418388132923
"252915","Mxd3",13.9632890498609,1.78529181475815,0.532313230859112,3.35383701035729,0.000796992939121135,0.0232019954638211
"108348101","LOC108348101",136.224962182249,0.822744574582516,0.245392417466779,3.35277097424536,0.000800068809097278,0.0232019954638211
"60563","Hr",999.486298121399,0.389932297696732,0.116283923429436,3.35327778937002,0.000798605107166055,0.0232019954638211
"81675","Gyg1",2471.43066710183,-0.32652392286534,0.0973694063554325,-3.35345500283132,0.000798093894413795,0.0232019954638211
"315306","Mettl7a",613.807532350509,0.421946448424709,0.125904088956398,3.35133236674176,0.000804237138124271,0.0232797663272201
"100363436","LOC100363436",714.912910857792,-0.404189015797238,0.12069351265591,-3.34888766515195,0.000811366851108934,0.0234428134471696
"24604","Npy",76.0762227997032,1.50535240292837,0.44992438432129,3.34578977131721,0.000820485778914987,0.0236626285410842
"619558","Fam134b",922.177213397944,-0.789868495282035,0.236162751362314,-3.34459389012725,0.000824031330178781,0.0236776708818343
"304920","Klhl20",1031.34019326038,-0.317306805949626,0.0948669599036774,-3.34475571128031,0.000823550732300699,0.0236776708818343
"295219","Slc27a3",358.147179901141,0.437366642384742,0.130795081311309,3.34390741608816,0.000826073006180615,0.0236928631443012
"288233","Wrb",1623.16861509322,-0.247855009410823,0.0741628898069133,-3.34203548508055,0.000831664278540071,0.0238096208444927
"24672","Ppp2ca",4155.90877456591,-0.228135720367936,0.0682854446111989,-3.34091286462125,0.000835034253377916,0.0238624751968944
"29665","P2rx7",624.153685868215,0.548482225310538,0.164464906346402,3.3349499142103,0.000853147641958399,0.0243356868361904
"296619","Pkn3",166.938689736612,0.730590303437679,0.219113216086164,3.33430505237248,0.000855128192159533,0.0243478317985787
"29564","Dync1i1",4446.43262971528,-0.310039553957807,0.0930092974013596,-3.33342539531188,0.000857836739449369,0.0243806231211926
"29709","Gabrg2",2248.80534447558,-0.311580991149634,0.0935826222389648,-3.32947489282793,0.000870099085175285,0.0246843327424727
"192129","Vmp1",1668.67041125798,-0.302378549166824,0.0908843829898003,-3.32706829511908,0.000877648608818019,0.0248534850164379
"688400","Edil3",1918.35117733802,-0.345074809866992,0.103834886729997,-3.3233031858001,0.000889581716064519,0.0251459380389357
"24811","Tap1",347.440258964182,0.534429561584915,0.160878926980566,3.32193638791159,0.000893950716633676,0.0252239067071772
"25404","Cav1",2071.13593788907,0.406874557061291,0.122520509195164,3.32086896907339,0.000897376567810694,0.0252750306689127
"293522","Ahsp",130.560976783114,1.01967265308069,0.307424319153674,3.31682495349686,0.000910466407424348,0.0253989529341561
"171088","Inpp5j",432.384180929503,-0.578164198193204,0.17438153172783,-3.31551278661542,0.000914751561613285,0.0253989529341561
"287745","Plcd3",326.940414311015,0.564316705800835,0.170190453404315,3.31579530175062,0.000913827373890413,0.0253989529341561
"29433","Pak3",792.377018810333,-0.388444582769513,0.117083611029933,-3.3176682829692,0.00090772216762765,0.0253989529341561
"361454","Ccdc28a",977.120748817013,-0.331668579427571,0.100029115945812,-3.31572039092342,0.000914072344273122,0.0253989529341561
"303311","Rtn4rl1",1789.15742780255,-0.314569788427365,0.0948276512752022,-3.31727912900049,0.000908987541825846,0.0253989529341561
"306091","Pcdh9",853.522663904968,-0.314333088881514,0.0947253428119133,-3.31836317030442,0.000905466729169048,0.0253989529341561
"361598","Iqgap1",1339.41521572337,0.312170994295699,0.0940638586671591,3.31871346465068,0.000904331727403332,0.0253989529341561
"294862","6-Mar",3526.14957267482,-0.252499728005267,0.0761923581369038,-3.31397707302314,0.000919790488231801,0.0254936620278053
"304388","Cldn15",64.3994004152739,0.70497368643566,0.213039329310368,3.30912460491562,0.000935881755006235,0.0258685396018954
"317673","Bbc3",222.882618810978,0.500706679698962,0.151321006294668,3.3089039781029,0.000936619537310006,0.0258685396018954
"306096","Dach1",100.900565624949,-0.587786614391421,0.177666196144859,-3.30837619730528,0.000938386638024773,0.0258717161117394
"290303","Spryd7",893.125149936882,-0.305782981249787,0.092544920845658,-3.30415735899496,0.000952623451321727,0.0262180724915611
"81524","Nf1x",820.573781083551,0.414506877399797,0.125497481500444,3.30290992650981,0.000956871181360587,0.0262427367777702
"293960","Zfand5",2561.04569327712,-0.265165783507289,0.0802742428826899,-3.30324863848038,0.00095571607500395,0.0262427367777702
"102550344","Kmt2b",948.402986442846,0.402457958168244,0.121868976759429,3.30238235250552,0.000958672938088384,0.0262461856826295
"192256","Pja2",8159.09275223746,-0.318708947079176,0.096552483529021,-3.30088813286072,0.00096379302443447,0.0263403119766907
"66028","Arl6ip5",1379.70385062076,-0.364430719514705,0.110425618623787,-3.30023706506274,0.000966031882331425,0.0263555039674392
"308537","Uri1",462.460601459387,0.336065840153441,0.101869386857119,3.29898756163914,0.000970342107179141,0.0263671444685968
"288906","Rfx1",386.843984096847,0.323172821128602,0.0979712382128036,3.29864996119205,0.000971509729143061,0.0263671444685968
"307075","Wdr37",948.414896782787,-0.301293539528988,0.0913129451362254,-3.29957093246201,0.000968327528549984,0.0263671444685968
"313633","Ephb2",93.6300419361344,0.572020751641617,0.173503234723218,3.29688811020807,0.0009776243933158,0.0264766121358153
"553106","Ncald",3392.31498855532,-0.324207699005442,0.0983586487511833,-3.29617886298526,0.000980095945821591,0.0264766121358153
"690516","Smurf1",1191.31111450225,0.2456855333975,0.0745398342369564,3.29603004772568,0.000980615264289457,0.0264766121358153
"316122","Abhd5",652.04305905059,-0.272924337727145,0.082942815187131,-3.29051210899206,0.00100005197518151,0.0269549293138425
"289606","Gabra2",1364.55340718609,-0.454075707267601,0.138095827242638,-3.28812040402768,0.00100858694683419,0.0270917179887195
"301574","Cab39",4335.22864611058,-0.226036348511899,0.0687383652190914,-3.28835793215983,0.00100773630462559,0.0270917179887195
"171137","Khsrp",699.442718046851,0.341021042273997,0.103745092418045,3.28710529168781,0.00101222979017685,0.0271430111543998
"192152","Tgoln2",3620.36108139924,-0.227943373560784,0.069355443491994,-3.28659672671687,0.00101405940771923,0.0271455902989455
"25444","Fgf9",147.292370467351,-0.595474669713942,0.181277290742535,-3.28488288452901,0.00102024770413713,0.0272646400115827
"290596","Ghitm",5925.15311779022,-0.265574535162121,0.0810064071426193,-3.27843863874314,0.001043830554296,0.0278473364229564
"171087","Mpc1",2152.40995057599,-0.525302843783431,0.160330350786207,-3.27637806071976,0.00105147706511434,0.0280036238770248
"691221","Faxdc2",739.621450966631,0.291319774467999,0.0891474597655168,3.26784156535983,0.00108371012494325,0.0287844050082619
"414790","RT1-CE13",532.860947391698,0.284426279694176,0.0870432489296408,3.26764319107717,0.00108446992049007,0.0287844050082619
"679127","Rrp12",515.27632095173,0.481430649139282,0.14736387542698,3.26695160360271,0.00108712263203543,0.0288059905544414
"680665","Fcrl1",8.5277967865444,2.37364517424579,0.726852443864665,3.2656492996366,0.00109213415707014,0.0288899001684433
"296621","Phyhd1",115.854344964341,0.612158302946954,0.18760023261379,3.26309991420531,0.00110200660733988,0.0291018945547092
"307091","Akr1e2",312.442146334665,-0.347465612941432,0.106534872042268,-3.26151997257361,0.00110816625606199,0.0292152922052706
"362696","Ttc7a",358.565306747001,0.567836649858716,0.174225641202351,3.25920252575918,0.00111725879711019,0.0294016273991026
"309053","RGD1307235",1202.9889687809,-0.268397668968377,0.0823618131033723,-3.25876348340597,0.00111898913983813,0.0294016273991026
"302934","Ppl",132.637962455183,0.824664656593573,0.253215231925936,3.25677349787071,0.00112686313133962,0.0294252555690111
"63843","P2ry4",63.5545431997831,0.66217001380693,0.203363819843133,3.2560856415743,0.00112959673841476,0.0294252555690111
"414784","RT1-T24-4",625.594421775776,0.550974550680218,0.169165999038079,3.25700527182294,0.00112594341778478,0.0294252555690111
"309242","Gna14",1887.13490178027,-0.377880172193088,0.115988891260551,-3.2578996840675,0.0011224007592733,0.0294252555690111
"300721","Dnaja4",1895.61685080753,-0.266453023634277,0.0818239420299284,-3.25641880632954,0.00112827194498281,0.0294252555690111
"296284","Kif3b",1659.08632235635,-0.256349956051189,0.078738998635726,-3.25569235693679,0.00113116244269123,0.0294252555690111
"64047","Lrat",14.7215507933515,1.4798084625023,0.454817715725034,3.25362977592749,0.00113940667971582,0.0295657410208251
"306945","Hist1h2bh",1182.53185901768,-0.397746926061601,0.122273534391601,-3.25292736519541,0.00114222690406125,0.0295657410208251
"24787","Sod2",3611.62146766631,-0.335208928894106,0.103040455260917,-3.2531778712089,0.00114122036685618,0.0295657410208251
"25473","Lamb2",3513.28072024594,0.456555550784754,0.1403813480672,3.25225221919228,0.00114494373911481,0.0295871599909867
"362035","Ndst4",376.867057682332,-0.633982013000639,0.194979339948505,-3.25153430700954,0.00114783922000859,0.0296131172740273
"100361007","Adig",11.1784359547873,1.9780033980754,0.609373348215547,3.24596309285213,0.00117054013511558,0.0300527860915286
"297814","Car8",335.313792533393,-0.442562509792762,0.13633909250317,-3.24604265487884,0.00117021304571564,0.0300527860915286
"293551","Arl6ip1",4619.09284891212,-0.21776046282393,0.067087043849714,-3.24593916094663,0.00117063853868662,0.0300527860915286
"290326","Pbk",32.0147747894016,1.1532709339174,0.355449945904259,3.24453821756394,0.00117641229851579,0.0301515819881461
"83834","Nrn1",5826.50380688574,-0.310810811773438,0.095863241913361,-3.24223138681604,0.00118597689257208,0.0302877770031776
"313166","Nfx1",826.30844487771,0.278543629152384,0.0859197359134922,3.2419050895691,0.00118733557336712,0.0302877770031776
"25055","Lipa",2919.55361252811,-0.260442121764387,0.0803372810291228,-3.24185880363533,0.00118752842145281,0.0302877770031776
"361384","Dnajb1",1374.43908043136,-0.327560472110544,0.101087936325791,-3.24035175725487,0.00119382329010708,0.0303775386124465
"295365","Amigo1",2917.77856492546,-0.282847436220124,0.0872962158345878,-3.24008817009976,0.00119492744478078,0.0303775386124465
"500384","Tmem70",635.613999083392,-0.399399200242249,0.123286873569018,-3.2395922508219,0.00119700738596659,0.0303810950798003
"100359484","Zfp628",227.246666050296,0.450472681214777,0.139162096450356,3.23703574971276,0.00120778280254679,0.0305555390757394
"24240","Cad",615.096123032272,0.381494566441591,0.117840472638656,3.23738150313941,0.00120632026242954,0.0305555390757394
"288666","Vps29",1408.91302309692,-0.384496715238612,0.118814797090955,-3.23610126560477,0.00121174387876491,0.0305591964918392
"314169","Fam179b",909.642568938086,-0.359647671441197,0.111153654462665,-3.23559016732101,0.00121391538687525,0.0305591964918392
"361794","Nfkbil1",407.284001487427,0.350375155547643,0.108272400746358,3.23605233773695,0.00121195160364708,0.0305591964918392
"83806","Psmd1",3856.53035062409,-0.227739854678426,0.0703951715759455,-3.23516300308652,0.00121573304051187,0.0305591964918392
"116638","Slc17a7",2101.70496851385,-0.436756298620627,0.135070472404584,-3.23354387413697,0.00122264554624363,0.0306346068066804
"681433","Rgmb",4444.61103558759,-0.203548224685449,0.0629468267763156,-3.23365346769213,0.00122217651831388,0.0306346068066804
"361413","Nudt7",353.354043832225,-0.424910949868316,0.131502634353002,-3.23119724527873,0.00123272839811494,0.0307396922205096
"679921","Vasn",347.843740343487,0.366031773646154,0.113265028018282,3.23163981018988,0.00123082095622585,0.0307396922205096
"363206","Tmem14a",955.135765452988,-0.344221959890238,0.1065281037009,-3.23127839444802,0.00123237844329444,0.0307396922205096
"25139","Slc2a4",72.5671757760512,0.735866661496473,0.22798073989872,3.22775801948613,0.00124764466075882,0.0309507942800418
"60350","Cd14",123.627180190189,0.586876485786315,0.181891448488079,3.22652049155999,0.00125305259090335,0.0309507942800418
"102551085","Xrcc3",379.796220437206,0.57239132714175,0.177383424842213,3.22685914792156,0.00125157053387548,0.0309507942800418
"317346","Bcor",313.203441604809,0.464310828043469,0.143826332019567,3.22827413814808,0.00124539562504337,0.0309507942800418
"500280","Lrrn1",3101.79221970744,-0.390167879230158,0.120921936646865,-3.2266095801094,0.00125266255695729,0.0309507942800418
"300733","Tspan3",4303.01371308275,-0.295915237042819,0.0917062444800696,-3.22677303732714,0.00125194722491708,0.0309507942800418
"366474","Col16a1",3336.00781665734,0.437721092872066,0.135751923626418,3.22441908135794,0.00126228524565336,0.0311297432235143
"310926","LOC310926",173.039915701851,2.51696710816584,0.780794464378603,3.22359753173837,0.00126591181264346,0.0311307285606166
"360814","Rasal1",24.2735863984733,1.68730399478055,0.523436955986502,3.22350948950586,0.00126630102765727,0.0311307285606166
"64017","Enpep",221.243469384044,0.488614248267238,0.15160772650721,3.22288487219022,0.00126906549489015,0.031149789420031
"309176","Mrpl49",862.409646933133,-0.275038306197501,0.085403890523179,-3.22044235353487,0.00127992931251188,0.0313672817432488
"361921","Ect2",54.3681715978917,0.784124751003522,0.24363197457188,3.21848046579854,0.00128871748414372,0.0314646241154572
"66024","Npy2r",127.800171201092,-0.675626216645783,0.209967574592647,-3.21776454272308,0.00129193826987477,0.0314646241154572
"192349","Caly",555.596205641392,0.388274578974645,0.120648684944783,3.21822470880926,0.00128986722861383,0.0314646241154572
"691534","Nop10",1662.0528466946,-0.33214642369313,0.103221726854118,-3.21779565035323,0.00129179816900193,0.0314646241154572
"685055","Atr",668.341901294742,-0.522789557010562,0.16249244991033,-3.21731598790627,0.00129396000667253,0.031464928112565
"25193","Ccnd3",1208.99720261843,0.250393001618921,0.0778551823690391,3.21613788574844,0.00129928389101622,0.0315454042376962
"25084","Il4r",329.078738985965,0.399012306967088,0.124142505336787,3.21414736946547,0.00130832505977611,0.0317157437091236
"316561","Sphkap",869.385153658498,-0.35387693355073,0.110302453272629,-3.2082417303636,0.00133549197589357,0.0323242725540854
"685232","Atp6v1a",5756.28418395286,-0.261847124571565,0.0816379504722413,-3.2074191360377,0.00133931707364626,0.0323668292797845
"307618","Cdh5",295.057081276518,0.529402515235913,0.165144558855763,3.20569154021171,0.00134738339275946,0.0325115931134256
"171356","Foxc2",183.214375109494,0.669102076881894,0.208922295321438,3.20263606070594,0.00136175955218281,0.0327953697370884
"79423","Stmn4",330.51646177584,-0.372628047251025,0.11636249923977,-3.20230357448072,0.00136333242010502,0.0327953697370884
"406195","Tcf19",196.553811784313,0.520098703385228,0.162501526553596,3.20057733866082,0.00137152556476527,0.0328914094092252
"24552","Me1",2425.88294200582,-0.24433153232363,0.0763309529794466,-3.2009495858046,0.00136975495616611,0.0328914094092252
"64520","Mta1",1147.2475135788,0.273359211832428,0.0854448311952343,3.19924807631517,0.00137786549712662,0.0329929261238577
"60374","Lmna",3562.1659106211,0.206331078582896,0.0645087772362951,3.19849619575188,0.00138146355737161,0.033028579096854
"498011","Mrc2",610.55577755946,0.577706963509118,0.180668821549863,3.19760188035365,0.00138575450944725,0.033030312964907
"367902","Armcx3",2202.48559025637,-0.327807359486531,0.102509535074483,-3.19782310248845,0.00138469193635852,0.033030312964907
"288080","Stxbp5l",141.52619614499,-0.738423889939867,0.231221810250516,-3.1935736907337,0.00140523467031007,0.0334437309073796
"293698","Ccdc88b",123.465018564094,0.593051277089255,0.185825539740644,3.19144116528317,0.00141564939628837,0.0335894993119331
"252963","Il13ra1",605.692578008496,-0.307002425437284,0.0961864688183432,-3.19174234389543,0.00141417421158723,0.0335894993119331
"298850","Cenpa",23.0846197622095,1.0811136825953,0.338860579774344,3.19043803594752,0.00142057300132596,0.0336553301070567
"500464","Epb41l4b",426.915273332573,0.341035083172126,0.10692586456352,3.18945359538833,0.00142542022151646,0.033719155089045
"24298","Cyp21a1",149.149743049497,0.783222833017795,0.245670332540525,3.18810507120797,0.00143208487923693,0.0338257152471348
"25468","Kcna2",8300.93578920769,-0.379911378196505,0.119251899959401,-3.18578889163061,0.00144359894659504,0.0340463245537324
"361378","Man2b1",940.966329344708,0.408260787384565,0.128278250715124,3.18261891714766,0.00145949568630991,0.0343694773648318
"84348","Ackr3",455.343537240513,0.648238500811865,0.203846819517978,3.18002754394064,0.00147261054266731,0.0346262478951501
"309375","Marveld1",768.422579968927,0.405452669018671,0.127539396379516,3.17903863847822,0.00147764392614462,0.0346925095703518
"296653","Phf19",75.3990190404952,0.741592571322894,0.233399336814284,3.177355092114,0.001486249411599,0.0348423140503597
"315740","Kif23",48.834898892992,0.79540387676721,0.250538749035641,3.17477388160048,0.00149953303717372,0.0349444752412804
"100359592","Palm3",968.390399953661,0.419088487299336,0.131981931464971,3.17534743314894,0.00149657196477577,0.0349444752412804
"501550","Trappc2",1321.33958345255,-0.399499037356804,0.125801417528239,-3.17563224013059,0.00149510359539517,0.0349444752412804
"25528","Sirpa",971.69067270428,0.254626161409492,0.080196579319702,3.17502521391131,0.00149823482104549,0.0349444752412804
"361619","Hbb-b1",5420.83394727602,1.58703899917436,0.500344350202029,3.17189351400399,0.00151448528442891,0.0351647016514608
"287435","Cd68",141.979077094207,0.475875429309184,0.150040011063532,3.17165685296893,0.00151571989876986,0.0351647016514608
"311183","Fnbp4",699.728462438928,0.312163275581626,0.0984051100895774,3.17222627257331,0.00151275091498261,0.0351647016514608
"260321","Fkbp4",9219.12051929533,-0.27768504753824,0.0876399342218917,-3.1684762203858,0.00153240284343157,0.0354991546274237
"100911417","LOC100911417",1917.11250867943,-0.401015130339256,0.126637178067523,-3.16664613392945,0.00154207843606448,0.0356705292596304
"301460","Adam23",6817.56965793895,-0.354510045557913,0.111987103671113,-3.16563277320796,0.00154746020461446,0.0357422224251658
"80841","Fabp7",677.390692234285,-0.595343079563703,0.188163441588575,-3.16396784910769,0.00155633987111354,0.0358338773713633
"171452","Rab3il1",194.159695084037,0.519599509673808,0.164242967372937,3.16360278911659,0.0015582931347317,0.0358338773713633
"291209","Hecw1",1639.77713118876,-0.418806673357489,0.132356775459272,-3.16422541954689,0.00155496309013577,0.0358338773713633
"691898","Prr14",425.697958814887,0.351432728505527,0.111126880818448,3.16244571895863,0.00156449899653189,0.0359238332634742
"292766","Psmd8",3068.32001015753,-0.270574022240555,0.0855760840036708,-3.16179485648056,0.00156799984312111,0.0359515044557489
"116719","Acacb",220.570095953525,0.47699479454462,0.15126047105625,3.15346627716924,0.00161343868765438,0.0369392541647186
"293524","Bag3",1797.26363690977,-0.355990378634379,0.112904056187791,-3.1530344493759,0.00161582736947033,0.0369399366509567
"311901","Lhx6",24.6568984841468,1.25988181704614,0.399682369913536,3.15220763257257,0.00162041004195057,0.0369907015407374
"502916","Rerg",27.7561790035841,1.02392070954967,0.324982637937332,3.15069357565841,0.00162883279778181,0.0371288524210527
"64193","Pttg1",41.8221306001729,0.887698319746066,0.282174952336254,3.14591466179549,0.00165568307887756,0.0376860421732887
"25692","Plat",2685.04805318289,-0.315551582835206,0.100324140792235,-3.14532056136611,0.00165904933800677,0.0377078557811117
"363469","Sms",731.277945210899,-0.384300017063489,0.122226121080756,-3.14417256855903,0.00166557187864069,0.0378012400282799
"282547","Mrgprx1",307.017035061309,-0.762808462062938,0.242844259714047,-3.14114265233676,0.00168290040148418,0.0380841333630668
"25177","Fhl1",1845.20069431996,0.399647493232792,0.127227863291528,3.14119472648099,0.0016826011865635,0.0380841333630668
"686310","Ephb4",357.904717182644,0.475669944531218,0.151507306051836,3.13958420175774,0.00169187784993709,0.0382320449206563
"298086","Zcchc7",466.517323235227,0.328397828281248,0.10472049317233,3.13594615851198,0.00171300649295341,0.0386537199994962
"25332","Mgmt",337.452636286583,0.605191868948059,0.193330850044459,3.13034297841698,0.00174602315441906,0.039285520974429
"25406","Cd44",3154.8669100736,-0.181774255887044,0.058068321156458,-3.13035149401471,0.00174597253544309,0.039285520974429
"310261","Eif5a2",3864.05479705469,-0.326211191462489,0.104225341179082,-3.1298644626357,0.00174886974864642,0.0392931137213816
"288583","Plod3",1016.80498897504,0.370135107675564,0.118299174877802,3.12880548877791,0.00175518454825478,0.0393784957387821
"293448","Uqcrc2",2723.8244849608,-0.246588567848066,0.0788634493773069,-3.12677887912701,0.00176732797154845,0.0395942146415576
"246311","Pdp2",142.796320604038,-0.45747282128094,0.14638686817461,-3.12509466856868,0.00177747845716805,0.0397647323417881
"191572","Ahnak",19028.8579918871,0.293239138678866,0.0938472587312578,3.12464255901804,0.00178021236305472,0.0397690807495534
"298296","Pcsk9",114.25042101877,-0.653255833896893,0.209151097709524,-3.12336794332371,0.00178794078605585,0.0398312703620814
"361571","Aldh16a1",491.768385618305,0.427765447409855,0.137049042857817,3.12125818969524,0.00180080072901364,0.0398312703620814
"117243","Acsl6",1367.06076949829,-0.399399485085214,0.127928080355231,-3.1220626775307,0.00179588700161821,0.0398312703620814
"363989","Phlda3",2981.68142440344,0.363734233994347,0.11650179356582,3.12213419949496,0.00179545074999548,0.0398312703620814
"314164","Lrfn5",589.568705201701,-0.325943399556017,0.104406827167649,-3.1218590622684,0.00179712949613993,0.0398312703620814
"361512","Ehd2",778.060943787515,0.278551358519942,0.0892421475433098,3.12129824514542,0.00180055578251339,0.0398312703620814
"56064","Nptn",5170.97754670441,-0.208136395532004,0.0666706057087902,-3.12186147582221,0.00179711476360327,0.0398312703620814
"690286","Hlf",107.637669210832,0.810689099858988,0.259796639446616,3.12047569816842,0.00180559195690571,0.0398809168478752
"304666","Klf1",76.7693741192135,0.759420676252756,0.243601308725762,3.11747371237519,0.00182408213354104,0.0400352402147751
"502503","Serf1",542.922587155677,-0.403872161694208,0.129559693676472,-3.11726703138657,0.00182536152703381,0.0400352402147751
"296634","Nup214",747.881367520002,0.309711251606683,0.0993325969149063,3.11792162115724,0.00182131232292071,0.0400352402147751
"116599","Blvra",725.450713386286,-0.282163121327281,0.0904994860737393,-3.11784225047834,0.0018218028591128,0.0400352402147751
"114764","Mapre1",2211.87126195844,-0.249402502977519,0.0799805402248193,-3.11828980245029,0.00181903843173508,0.0400352402147751
"84409","Robo2",2733.93379419807,-0.333541084534286,0.107047060733078,-3.11583599073281,0.00183424257814837,0.0401737605228021
"367100","Smad6",79.0915214188531,0.881625446511891,0.283157824939091,3.11354788341637,0.0018485251189659,0.0402613398650988
"170926","Cysltr2",664.802504425202,-0.562539258894792,0.180674529432563,-3.11355043049807,0.00184850916323575,0.0402613398650988
"686506","Lyrm7",460.860064114914,-0.350262421111475,0.112492691755642,-3.11364601242113,0.00184791049911943,0.0402613398650988
"360906","Fam69a",406.358694650187,-0.329779695017503,0.105882574542508,-3.11457948999067,0.00184207314995332,0.0402613398650988
"171374","Atp5b",20929.5010852153,-0.245775565701883,0.0789953468161865,-3.11126636704027,0.00186286819117879,0.0405173831581387
"306330","Klf2",346.435047594892,0.701221790544129,0.225450091603032,3.11031938624725,0.00186885148738973,0.0405879525627774
"308742","Mctp2",1031.50065575083,-0.410453983148195,0.131981606366894,-3.10993322817408,0.00187129640806675,0.0405879525627774
"170520","Cygb",738.683251668111,0.372346901511756,0.119764313041253,3.10899709651824,0.00187723563091094,0.0406604564039632
"64463","Surf1",196.648246935577,0.939824542444501,0.302346395447092,3.10843640472295,0.00188080118766208,0.0406814179541273
"306991","Vps41",5563.95448452144,-0.258137869249664,0.0830861788140332,-3.10686895142258,0.00189080198105865,0.0408413227908669
"192153","Gpr26",76.2503853002594,-0.649663697431547,0.2091392080842,-3.106369692143,0.0018939976373896,0.0408539986246847
"299075","Trappc6b",937.667584983525,-0.348402219840359,0.112266140003835,-3.1033597470124,0.00191336901458011,0.0411584598465996
"25454","Gfra1",3615.71460263221,-0.198992290571504,0.0641184489004248,-3.10351067413588,0.00191239336257001,0.0411584598465996
"301265","Pla2g7",413.095786685391,-0.416192907909535,0.13413476905847,-3.10279661888495,0.00191701333110916,0.0411802863719745
"171131","Chrnb3",619.004749452815,-0.586194221836761,0.188982622510531,-3.10184192625487,0.00192320624659888,0.0412567257832034
"300981","Acy1",736.848740895012,0.324653631839449,0.104711268986325,3.10046506915936,0.00193217002230144,0.0413357685098914
"689161","Gabarapl1",12384.1569106592,-0.220596952172013,0.0711429609363406,-3.10075584806493,0.00193027377036397,0.0413357685098914
"25326","Jak3",212.255376681727,0.427396542194848,0.137873951511689,3.09990783254379,0.00193580870127712,0.04135677874079
"24246","Camk2d",1059.87994578419,-0.266606496537324,0.0860157917918606,-3.09950639276162,0.00193843394608811,0.04135677874079
"497878","Nsg2",6694.01849136315,-0.217385018103139,0.0701514716730114,-3.09879483521614,0.00194309526230464,0.0413998255886948
"50872","Hpcal4",93.4281410735174,-0.64247642231684,0.207452333497712,-3.09698334785868,0.0019550085565774,0.0415406160054303
"312371","Avl9",1118.82309719998,-0.316009919037304,0.1020296690316,-3.09723555938842,0.00195334587230923,0.0415406160054303
"25291","Anxa3",286.755354870637,0.447403077476559,0.144503325175186,3.09614382184048,0.00196055242955869,0.0415911178578317
"294708","Sgtb",2411.32893309196,-0.220869482707413,0.0713444284909898,-3.09581963692242,0.00196269706876996,0.0415911178578317
"309499","Myof",440.191026868943,0.337249832149701,0.108989344856738,3.09433764000511,0.00197252864498901,0.0417429710547673
"25341","Tnfrsf11b",83.0983331882479,1.15062574550616,0.37219038148929,3.09149779986797,0.00199149458149178,0.041978317114504
"291618","Kctd16",333.04995966767,-0.439977043818102,0.142322850986353,-3.09140128074227,0.00199214211787479,0.041978317114504
"294410","Man1a1",447.603030221955,0.437465030145191,0.141525477390297,3.09106910085706,0.00199437215409904,0.041978317114504
"499821","Fam171b",2062.57830532768,-0.235718538151117,0.0762450723344549,-3.09159045868721,0.00199087312524144,0.041978317114504
"297096","Snx10",2782.56652224598,-0.345245157431025,0.11172267556958,-3.0901977210169,0.00200023291508319,0.0420451643626882
"100913063","Cd79a",172.581124579903,1.76353471134184,0.571267641193576,3.0870551457408,0.00202150091162893,0.0424352604237387
"114117","Gng3",5803.01878137589,-0.323864351712509,0.104946937403229,-3.0859819231137,0.00202881155971263,0.042474851637834
"289026","Sox13",443.14940647179,0.314275222087281,0.101837659334346,3.08604129495432,0.00202840649365776,0.042474851637834
"362923","Efr3a",1841.39744509184,-0.312467232448178,0.101304049918358,-3.08444956248046,0.00203929184723531,0.0425959831584856
"282712","Slc6a15",2411.36394691751,-0.274440335739055,0.0889786027025719,-3.08434081232344,0.00204003750759031,0.0425959831584856
"315330","Espl1",90.5451367252859,0.555740644269185,0.180225071004698,3.08359231693519,0.0020451764587426,0.0426464225617965
"192262","C1s",1721.68944187336,0.556562369363021,0.180717468850986,3.07973752012843,0.00207183096291806,0.0429886842127862
"362511","Fbxo10",395.960238556499,0.413784379542182,0.134314965010645,3.08070198662814,0.00206513230490223,0.0429886842127862
"361506","Leng8",5319.31595270086,0.41258504436111,0.133956486409285,3.07999302923276,0.00207005439803688,0.0429886842127862
"25359","Tmpo",921.850604054596,0.30601830567638,0.0993684913461325,3.07963119426277,0.00207257066287698,0.0429886842127862
"691979","Esco2",76.6638010550685,0.654365834401552,0.212689254414137,3.07662855936955,0.00209356002075704,0.0433169884289342
"691556","Zbtb42",257.484676246305,0.370133855224894,0.120315337626922,3.0763646807244,0.00209541390358463,0.0433169884289342
"287550","Tp53i13",263.551899518314,0.367701668237072,0.119531825505411,3.07618215217859,0.00209669714106846,0.0433169884289342
"363474","Apoo",458.907260720202,-0.35901178199304,0.116760980613504,-3.07475819496088,0.00210673281376961,0.0433527409508963
"289608","Gnpda2",673.524454592729,-0.357723862495886,0.116325424067023,-3.07519929856243,0.00210361933292989,0.0433527409508963
"295690","Dnajc10",3240.25838505495,-0.217554941116101,0.070749257408896,-3.07501377517986,0.00210492831459314,0.0433527409508963
"301121","Rfx2",69.2660466929725,0.649037477733196,0.211180001167159,3.07338514132999,0.00211645143215341,0.0434723122819667
"295430","Ndst3",250.880351730252,-0.484563007926891,0.157676151186848,-3.07315344951996,0.00211809541961306,0.0434723122819667
"364823","Klhl14",28.2989444231052,1.03031747403105,0.335522993280003,3.07078052672005,0.00213500022226181,0.0437619155505496
"360962","Tacc3",115.692573134398,0.636616749156863,0.207468508782814,3.06849821638858,0.00215137612733907,0.0440399348419998
"501679","RGD1559662",10.6100541862229,-2.12623813883166,0.69334201356688,-3.06665123016747,0.00216471273915387,0.0442023277953928
"362202","Epb42",44.8500878456295,1.03778483745464,0.338541441755213,3.06545878718453,0.00217336328044097,0.0442023277953928
"171493","Osgin1",69.715233404987,0.748511447568337,0.244119449033511,3.06616883878673,0.0021682084238256,0.0442023277953928
"498081","Slc35a5",547.688536381829,-0.307783291049749,0.10039702997766,-3.0656613160592,0.002171891810422,0.0442023277953928
"100363310","Cystm1",1677.92463232333,-0.306923911510544,0.10012358513699,-3.06545067369101,0.00217342224792161,0.0442023277953928
"361732","Tmem109",879.885269112489,0.248001936809568,0.0809148355996602,3.06497485870946,0.00217688295580929,0.0442152880518463
"287983","Alg3",366.692005951103,0.413257376989296,0.134859587045477,3.06435297662553,0.00218141365746125,0.0442499195282944
"291984","Dpep2",19.4965891154352,1.20300054073742,0.39270610206678,3.06336095723017,0.00218865887711457,0.0443394540952319
"364298","Tmem55b",1798.26385744674,-0.224374559242245,0.0732736831740502,-3.06214386288292,0.00219757806248633,0.044462625915421
"58839","Nrbf2",319.351775784032,-0.380292249074837,0.124319471471025,-3.05899184234764,0.00222083197241289,0.0448751337909495
"361680","Lsp1",433.662018953692,0.719069729613256,0.235314457652174,3.05578219369817,0.00224474255857832,0.0452998304991449
"308650","Hnrnph2",1456.87198654912,-0.30085362081533,0.0984846077334542,-3.05482884827629,0.00225188989918982,0.0453576857251875
"81810","Tgfbr2",2940.51201991811,0.298033156742389,0.0975716622135455,3.05450527316131,0.00225432051474327,0.0453576857251875
"314553","Ptdss1",2055.99415128035,-0.20048728925047,0.0656422373392475,-3.05424216749843,0.00225629867049305,0.0453576857251875
"108348326","LOC108348326",181.760921789879,-0.421618615477985,0.138092200710955,-3.05316747294432,0.00226439527071549,0.0454620896659034
"313506","Stil",49.9561052175521,0.708026799378956,0.231954660298185,3.05243618933444,0.00226991986980813,0.0455017381212285
"294228","RT1-S3",876.781692422498,0.60760925562766,0.199076644520669,3.05213731671359,0.00227218130337169,0.0455017381212285
"360891","Enah",1326.40493231418,-0.315597513978785,0.103420037685363,-3.05160896323528,0.00227618416470621,0.0455236832941242
"299756","Mgat4c",46.389118016918,-0.803371051458989,0.263317189180197,-3.05096318990863,0.0022810853838836,0.0455635167240015
"304378","Gigyf1",997.855990186294,0.345303305234018,0.113234300537084,3.04945854388823,0.00229254270828868,0.045675850905599
"361569","Prr12",854.496436651327,0.301900450120424,0.0989962832204122,3.04961398851967,0.00229135661786932,0.045675850905599
"100360880","Fosb",48.3352196076093,1.07559191117979,0.352926122485097,3.04764040589035,0.00230645748039842,0.045712463662142
"170943","Slc25a10",852.394180652948,0.505587603120795,0.165831097651532,3.04881056858955,0.00229749302025353,0.045712463662142
"100360977","LOC100360977",4121.46509681808,-0.444456851752599,0.145835394743506,-3.04766104644422,0.00230629907869595,0.045712463662142
"303903","Parp14",532.173745779369,0.394155478214265,0.129345278765469,3.04731244909955,0.00230897565496516,0.045712463662142
"362778","Gskip",834.994170232446,-0.337605998379425,0.110783852705234,-3.04742965816238,0.00230807539104595,0.045712463662142
"691533","Lilra5",31.1853634143803,-1.06116515405777,0.348327233735392,-3.04646048681879,0.00231552911118741,0.045726590014117
"361309","Paip2",2713.09237891654,-0.344991715767699,0.113238814332372,-3.04658537623945,0.00231456737357951,0.045726590014117
"116641","Lgals8",3524.02769313384,-0.243151209588272,0.0799220350146167,-3.04235508447454,0.00234734812728653,0.046296563820286
"365924","Tmem56",1731.34947830466,-0.292366362495752,0.0961768236148443,-3.03988374233049,0.00236669486406535,0.0466194233600797
"313663","Crocc",206.078489767987,0.475694824980351,0.156523940749261,3.03911863388602,0.00237271399384078,0.0466792727934002
"287398","Map2k4",819.060125644764,-0.300685896988672,0.0989830171572765,-3.03775239050256,0.00238349713923398,0.0468325786705197
"303692","St6galnac2",152.012807571486,0.704033982202416,0.231937695055563,3.0354444198204,0.00240181486953478,0.0471333594698178
"311483","Rrbp1",1717.86713581326,0.288807046227801,0.0952003672021949,3.03367575898533,0.0024159393599278,0.047351201973053
"363498","Bex2",2156.48848565521,-0.263200618429676,0.0867850773673015,-3.03278658513754,0.00242306896623584,0.0474315750140665
"499723","Col24a1",407.371262471573,0.400086409328585,0.131941463163084,3.03230235391633,0.00242695974086014,0.0474484263943443
"292462","Lrp11",5225.09284383622,-0.282660051951702,0.0932410662427579,-3.03149742213138,0.00243343998339356,0.0475157981794803
"294706","Cd180",39.6812697094834,0.928469544011367,0.306482760392301,3.02943481330864,0.00245011771732166,0.0477322758442387
"100912566","LOC100912566",1765.57484795167,-0.270003469501606,0.0891395611455344,-3.02899706967127,0.00245367062928558,0.0477322758442387
"317396","Ubqln2",1288.20148956813,-0.263823658425188,0.087089572141011,-3.02933694516283,0.00245091164760163,0.0477322758442387
"366791","Rdh5",45.869693997474,0.786351977233078,0.259758510088622,3.02724240666763,0.00246795958938062,0.0479506788705962
"108349479","LOC108349479",175.133624503481,-0.571893463971063,0.189079086519194,-3.02462569763371,0.0024894100312177,0.0483013865560749
"114612","Ddx39b",2371.4096545107,0.326087618669949,0.107839510164609,3.02382325524478,0.00249602213639525,0.0483013865560749
"361089","Ndfip2",2879.86688322108,-0.288867392133569,0.0955394169040968,-3.02354150249354,0.00249834758048663,0.0483013865560749
"64363","Araf",1902.14049093671,-0.247030666399426,0.0817014871157599,-3.02357613208946,0.00249806165859827,0.0483013865560749
"305984","Cdca2",35.2422876659662,0.896661004792696,0.296633864305037,3.02278705397787,0.00250458417793726,0.04836225428668
"361088","Rnf219",289.852533040788,-0.323838797109491,0.107157917158639,-3.02207065699189,0.00251051940443918,0.0484171599427556
"361970","Trim2",5364.11559960046,-0.24167812802912,0.0800240416316146,-3.02006900803223,0.00252717098494647,0.0486783488613305
"304965","Fcrla",80.6691320971646,1.28781365862629,0.426536509782722,3.0192342955174,0.00253414470081547,0.048692890815669
"297592","Spsb2",411.818533137853,0.29833159440986,0.0988017490503608,3.01949709673455,0.00253194719722315,0.048692890815669
"297498","Crbn",3394.03244752911,-0.321165970781268,0.106386518078637,-3.01885968806568,0.00253728012668299,0.0486933906664897
"246074","Scd",5912.51894771277,-0.493579460268622,0.163544438056812,-3.01801434602845,0.00254436859440615,0.0487100393501226
"362924","St3gal1",481.928509439093,0.332631355943971,0.110213710904419,3.0180578551832,0.00254400331434703,0.0487100393501226
"311168","Slc43a1",59.5942406773055,1.03116842826535,0.341809515354408,3.01679263433076,0.00255464505011745,0.0488470592000479
"84476","Strbp",1070.15161211123,-0.270638954117416,0.0897496604299282,-3.01548722102092,0.0025656675008967,0.0489979915415149
"308995","Itgal",135.089114172955,0.5158130786856,0.171131440359229,3.01413391719742,0.00257714022084884,0.0491571447728293
"691464","Dhrs2",35.012262024729,-1.15178958180581,0.382326917231477,-3.01257779636914,0.00259039030704362,0.0492361938426567
"308668","Nipa1",1141.9077255342,-0.537513736800417,0.178447260197934,-3.01217141806607,0.00259386078673,0.0492361938426567
"688622","Il31ra",1651.37257985067,-0.430345375311738,0.142861917996876,-3.01231693754209,0.00259261755888948,0.0492361938426567
"309458","Pdcd11",788.821513208599,0.244140717762594,0.0810356792285272,3.01275586367454,0.0025888709465132,0.0492361938426567
"309452","Nfkb2",339.231865833358,0.4440052752921,0.147437942527314,3.01147226881468,0.00259984148688668,0.0492899729838322
"310348","Larp1b",685.907112105789,-0.321326960925954,0.106733920424867,-3.01054209989547,0.00260781793336834,0.0493814133452819
"362417","Il17re",26.2757854047281,1.15265005109933,0.382965103977451,3.00980438982033,0.00261415989574331,0.0494417197673191
"680531","Sapcd2",50.4217134529369,0.774600780170923,0.257429816689103,3.00897848638259,0.00262127676790453,0.0495165189208504
"688613","LOC688613",99.0601400109776,0.758902687498983,0.252441147115278,3.00625589833985,0.0026448631316499,0.0499018754718523
