"pathway","GSM7863794","GSM7863795","GSM7863796","GSM7863770","GSM7863771","GSM7863772"
"GOBP_2_OXOGLUTARATE_METABOLIC_PROCESS",0.537791150525645,0.141527831506555,0.427091391561689,-0.304326803846542,-0.140461341771736,-0.641071539132918
"GOBP_3_UTR_MEDIATED_MRNA_DESTABILIZATION",0.211830344375675,-0.358776036006604,-0.406248322035961,0.298999100295023,-0.0138578607383797,0.308764133361055
"GOBP_3_UTR_MEDIATED_MRNA_STABILIZATION",0.00678322146178723,-0.426103736840924,0.0922264273791272,0.106246832661927,0.0155975544161893,0.208862833094535
"GOBP_ACETYL_COA_BIOSYNTHETIC_PROCESS",0.565279650398418,0.125188412926347,0.631904284356949,-0.475252528430434,-0.459274071635668,-0.406486547704866
"GOBP_ACETYL_COA_METABOLIC_PROCESS",0.421773136857405,0.270656431354473,0.631084550904968,-0.477351235026857,-0.406475725217048,-0.438154394588384
"GOBP_ACID_SECRETION",0.401218602849868,0.038158477399906,0.0548929137929631,0.166250994964804,-0.463170002313469,-0.213359772190561
"GOBP_ACIDIC_AMINO_ACID_TRANSPORT",0.0570843304748459,-0.098342133702164,0.195740273724822,-0.0114013691419852,-0.0541125804090696,-0.118806527028693
"GOBP_ACROSOME_ASSEMBLY",0.00992002077847631,0.0419403035232461,-0.1943378412675,0.116221751239042,-0.0789589172327105,0.149709003034271
"GOBP_ACROSOME_REACTION",0.544322514524668,0.176592808349899,-0.0388210902367384,-0.251407791031889,-0.350638665532768,-0.136532025802393
"GOBP_ACTIN_FILAMENT_BASED_MOVEMENT",0.328859544108079,0.207431791898189,0.0400791792283443,-0.20495831473067,-0.338662418328184,-0.0388065986500926
"GOBP_ACTIN_FILAMENT_BUNDLE_ORGANIZATION",0.164109003066053,0.115078086021665,-0.0783653115045153,-0.163476540086192,-0.12512668243572,0.049245452633292
"GOBP_ACTIN_FILAMENT_DEPOLYMERIZATION",0.337896481446107,-0.205357358923213,0.228427584712761,-0.175422619972108,-0.157436799693957,-0.0737669344365081
"GOBP_ACTIN_FILAMENT_ORGANIZATION",0.178793547104385,0.024207620818329,-0.072644005076163,-0.0214385748995814,-0.150034897277443,-0.00601925210672807
"GOBP_ACTIN_FILAMENT_POLYMERIZATION",0.13767684688044,-0.0518689375249203,-0.176992358416318,0.125419714523746,-0.0796029764972815,-0.0665886745016811
"GOBP_ACTIN_MEDIATED_CELL_CONTRACTION",0.352126561297633,0.240925221794003,0.153837624283975,-0.350607496322227,-0.348046807118691,-0.0640909231819876
"GOBP_ACTIN_NUCLEATION",0.0978197564341434,-0.0324833237179432,0.15974834560721,-0.000347715452396313,0.00800530248806114,-0.291424055922802
"GOBP_ACTIN_POLYMERIZATION_OR_DEPOLYMERIZATION",0.176661697658584,-0.0459008012679999,-0.126019072788956,0.0566983231341998,-0.108744950375398,-0.0534560457005719
"GOBP_ACTION_POTENTIAL",0.34483799710287,0.27859283033067,0.0632964772996933,-0.346693348329193,-0.294737255947441,-0.084215178932635
"GOBP_ACTIVATED_T_CELL_PROLIFERATION",0.078727232335261,-0.246825372466753,0.0354193080626956,0.293445118512816,-0.000413576573444263,-0.176728259253231
"GOBP_ACTIVATION_OF_GTPASE_ACTIVITY",0.467686725461027,-0.0110685436447139,-0.225858065115903,-0.0268935130377445,-0.398124292774681,0.164884513546637
"GOBP_ACTIVATION_OF_IMMUNE_RESPONSE",-0.0651595661671251,-0.277064598716742,-0.262673922657108,0.360313882794856,0.244225642127891,-0.058952495871701
"GOBP_ACTIVATION_OF_INNATE_IMMUNE_RESPONSE",-0.100219686222574,-0.221282122145197,-0.231296989396752,0.329916078009308,0.237906846319123,-0.0155299295563361
"GOBP_ACTIVATION_OF_PROTEIN_KINASE_ACTIVITY",-0.0555757504070224,-0.115710578674778,-0.378552133868962,0.173078660866225,0.328430583505624,0.148396081171557
"GOBP_ACTIVIN_RECEPTOR_SIGNALING_PATHWAY",0.150255815412655,-0.22103218894921,-0.16729208384165,0.0836587519462954,-0.130657075332648,0.127606480945412
"GOBP_ACTOMYOSIN_STRUCTURE_ORGANIZATION",0.349127170933479,0.185707494633474,0.109118538883633,-0.285115080315723,-0.281406448042812,-0.0520566453252323
"GOBP_ACUTE_INFLAMMATORY_RESPONSE",-0.274712422952566,-0.169847115318204,-0.360173836092277,0.434912649883415,0.382845176767296,-0.0445764454210092
"GOBP_ACUTE_INFLAMMATORY_RESPONSE_TO_ANTIGENIC_STIMULUS",-0.415195313432049,-0.20724679419031,-0.348938203476501,0.59324329480024,0.437355822808817,-0.238734584163415
"GOBP_ACUTE_PHASE_RESPONSE",-0.28592649210664,-0.24384448282681,-0.244149482147248,0.226241905250458,0.2930481723835,0.0507470011277359
"GOBP_ACYL_COA_BIOSYNTHETIC_PROCESS",0.461036277922417,0.275827346169756,0.578419132251222,-0.463222325431809,-0.268956165274725,-0.481852691955742
"GOBP_ACYL_COA_METABOLIC_PROCESS",0.361883903553309,0.244164785279701,0.559277695176552,-0.47438415544181,-0.219208411194366,-0.43567005260134
"GOBP_ACYLGLYCEROL_HOMEOSTASIS",0.11029676530319,-0.255523114047368,0.226099668927302,-0.0581346704653906,0.20257141522956,-0.0853589105236522
"GOBP_ADAPTIVE_IMMUNE_RESPONSE",-0.233099972764647,-0.240799575025943,-0.345858617670459,0.434561303785671,0.314759141135631,-0.0702840340581329
"GOBP_ADAPTIVE_IMMUNE_RESPONSE_BASED_ON_SOMATIC_RECOMBINATION_OF_IMMUNE_RECEPTORS_BUILT_FROM_IMMUNOGLOBULIN_SUPERFAMILY_DOMAINS",-0.245868313496544,-0.208669860611988,-0.329953347715029,0.415697814888147,0.324948185074029,-0.0436515483522447
"GOBP_ADAPTIVE_THERMOGENESIS",0.197624909886544,0.0325887515525211,0.141778578777028,-0.155054394351065,-0.116917826066966,-0.116851920787706
"GOBP_ADENYLATE_CYCLASE_ACTIVATING_G_PROTEIN_COUPLED_RECEPTOR_SIGNALING_PATHWAY",0.196025090161415,0.18237233145949,-0.232963772551858,0.0328804551563936,-0.144356619453402,-0.040451265759976
"GOBP_ADENYLATE_CYCLASE_INHIBITING_G_PROTEIN_COUPLED_RECEPTOR_SIGNALING_PATHWAY",0.291228758264711,0.333176545443405,0.14277929172852,-0.28083133906232,-0.25012677544637,-0.174795744810638
"GOBP_ADENYLATE_CYCLASE_MODULATING_G_PROTEIN_COUPLED_RECEPTOR_SIGNALING_PATHWAY",0.266141192670749,0.191253777434558,-0.126713580215062,-0.0608269612289421,-0.212192513678071,-0.0553523234096281
"GOBP_ADHERENS_JUNCTION_ASSEMBLY",0.4935596228294,-0.0170586350890193,-0.0186168726077607,0.231901161208313,-0.322669750154211,-0.155332270060336
"GOBP_ADHERENS_JUNCTION_ORGANIZATION",0.29235148115092,0.123770853421476,-0.0684753681035136,-0.0114487581439853,-0.362072811234494,-0.0219673248330964
"GOBP_ADIPOSE_TISSUE_DEVELOPMENT",0.246850067639107,-0.116987791991106,0.015574157994853,-0.119451363046566,-0.105505623260785,0.0109687287322939
"GOBP_ADRENAL_GLAND_DEVELOPMENT",-0.38525584133564,-0.0834677054132589,-0.511998292863096,0.369410641827499,0.309842676826707,0.282532467653993
"GOBP_ADRENERGIC_RECEPTOR_SIGNALING_PATHWAY",0.362779375861139,0.279407753111074,-0.0776957526839879,0.112814335089907,-0.285613936119425,-0.430800755941023
"GOBP_ADULT_BEHAVIOR",0.207634078993704,-0.0301449375570159,0.223918567020567,-0.246696461842785,-0.256547985448558,0.0359008821228458
"GOBP_ADULT_LOCOMOTORY_BEHAVIOR",0.328584106233444,-0.0249434703496896,0.217801275574124,-0.33303784983703,-0.252521610905017,0.0798333347875458
"GOBP_AGGREPHAGY",0.227039556518154,-0.272565386546629,0.11068082465568,-0.00607254439402977,-0.253841144063665,0.465770457329127
"GOBP_ALCOHOL_BIOSYNTHETIC_PROCESS",0.170464690511289,0.21560186262579,0.294752774576104,-0.172142151396401,-0.152520204833934,-0.207662490210826
"GOBP_ALCOHOL_CATABOLIC_PROCESS",0.0924014945497081,0.237793134395308,0.322549916395691,-0.310133957345256,-0.0634258692314386,-0.259788343606336
"GOBP_ALCOHOL_METABOLIC_PROCESS",0.15503700456205,0.207857109166482,0.302911335379328,-0.225371504746143,-0.101387210126458,-0.267539011957571
"GOBP_ALDEHYDE_METABOLIC_PROCESS",-0.170194896248847,0.221962206709229,0.297993263942899,0.062875703203521,0.107545923905485,-0.420876227133786
"GOBP_ALPHA_AMINO_ACID_BIOSYNTHETIC_PROCESS",-0.0177757502819705,0.0953121926642078,0.237487867372732,-0.178424496692262,0.276690576211825,-0.284645376991205
"GOBP_ALPHA_AMINO_ACID_METABOLIC_PROCESS",0.188879743217114,0.186021350121098,0.413395038306503,-0.227719337175645,-0.103302592561436,-0.376954731438889
"GOBP_ALPHA_BETA_T_CELL_ACTIVATION",-0.155099210009282,-0.234056157132763,-0.241221103467207,0.429955527048428,0.24032302207196,-0.113292023472185
"GOBP_ALPHA_BETA_T_CELL_DIFFERENTIATION",-0.176930432671592,-0.243852628416519,-0.306634962769788,0.465793012365231,0.238079064324747,0.00653572170800193
"GOBP_ALPHA_BETA_T_CELL_PROLIFERATION",-0.0821019581977104,-0.0790672429818849,-0.01526846569526,0.375631838817402,0.0891225626924776,-0.321659375761337
"GOBP_ALTERNATIVE_MRNA_SPLICING_VIA_SPLICEOSOME",-0.308032330335548,-0.201349866084361,-0.268258804455733,0.212580812128114,0.222589116102622,0.293202472034353
"GOBP_AMEBOIDAL_TYPE_CELL_MIGRATION",0.0928298193699608,0.0355485601268828,-0.226345526658011,0.021119041456064,-0.206159506887226,0.271958800876702
"GOBP_AMELOGENESIS",0.270903575730074,-0.0668659281824916,-0.219889079125527,0.408277910650088,-0.115064711647939,-0.348746632581123
"GOBP_AMIDE_BIOSYNTHETIC_PROCESS",0.287930902030793,0.120753782444989,0.393842767964295,-0.326600990360239,-0.100267698674223,-0.33225533078502
"GOBP_AMIDE_METABOLIC_PROCESS",0.0115814935059304,0.0958101839610596,0.284580073137223,-0.194347638626815,0.0829738161171305,-0.217240113736734
"GOBP_AMIDE_TRANSPORT",0.239927545622249,0.0613058509147109,0.126705799985455,-0.132677118461403,-0.178856629720101,-0.114599945539414
"GOBP_AMINE_BIOSYNTHETIC_PROCESS",0.241122397953631,0.361490005977365,0.181281302815504,-0.241480286738351,-0.0347822788073226,-0.384395747467938
"GOBP_AMINE_METABOLIC_PROCESS",0.210333600294816,0.283366404723435,-0.0225712888354808,-0.254300886263502,-0.00794082101138799,-0.220490965897548
"GOBP_AMINE_TRANSPORT",0.245243071713939,-0.171724899804251,0.277608713144843,-0.137859404008937,-0.215151467029333,0.011415136623233
"GOBP_AMINO_ACID_ACTIVATION",0.0230191657971299,-0.631303178907646,0.521546976454694,0.0278805897339381,0.30738299657357,-0.193438159191933
"GOBP_AMINO_ACID_BETAINE_METABOLIC_PROCESS",0.0707181289496271,0.130072622759217,0.195731658509721,-0.209501873159655,0.340677413179736,-0.379879941808874
"GOBP_AMINO_ACID_BIOSYNTHETIC_PROCESS",-0.016958601668571,0.16609689125409,0.288263051317494,-0.126747920809204,0.086202886267764,-0.246287958368548
"GOBP_AMINO_ACID_CATABOLIC_PROCESS",0.322294635748138,0.234455012151205,0.461429709082118,-0.327742211564545,-0.192938997789249,-0.481837463104742
"GOBP_AMINO_ACID_IMPORT_ACROSS_PLASMA_MEMBRANE",0.186990649595532,0.00300935582378878,0.21661094166624,0.167685089142652,-0.110570630332031,-0.332473244882215
"GOBP_AMINO_ACID_METABOLIC_PROCESS",0.157722527999884,-0.0167929820964031,0.429540501427084,-0.218316202045809,-0.0119259780146581,-0.368057636372435
"GOBP_AMINO_ACID_TRANSMEMBRANE_TRANSPORT",0.255751542333725,-0.0762484291853069,0.185748430780082,0.107125988433062,-0.138628535181916,-0.338709157989643
"GOBP_AMINO_ACID_TRANSPORT",0.260824827600179,0.0187219158698375,0.231078568042991,0.00738569452564508,-0.27025266113469,-0.251809823730558
"GOBP_AMINO_SUGAR_METABOLIC_PROCESS",-0.115114618082535,0.0117449400783583,-0.192907715519717,0.17136038451219,0.128567399852943,0.102553422777098
"GOBP_AMINOGLYCAN_BIOSYNTHETIC_PROCESS",-0.245049495841708,-0.0386999943418544,-0.406123904101719,0.29057118416657,0.0990279452680013,0.157225842793261
"GOBP_AMINOGLYCAN_CATABOLIC_PROCESS",0.0159133107818189,-0.0849290297379297,-0.599055564244551,0.351994336357235,0.315514062306779,0.243168219600071
"GOBP_AMINOGLYCAN_METABOLIC_PROCESS",-0.120049815661467,0.0459503440159013,-0.426041868773184,0.273002501248448,0.169794229066656,0.160251413162006
"GOBP_AMP_METABOLIC_PROCESS",0.0220186466167062,-0.339200352773626,0.1150108319183,0.224677721356283,0.389034368402353,-0.39840602535029
"GOBP_AMYLOID_BETA_CLEARANCE",0.174344267862446,0.106428332656548,-0.241567898611556,-0.15072693998306,0.190921232434526,0.110709237328034
"GOBP_AMYLOID_BETA_FORMATION",-0.252120246938849,0.0214597473007682,-0.0646357587433474,-0.0728674400565756,0.220716302740555,0.0773530447523392
"GOBP_AMYLOID_BETA_METABOLIC_PROCESS",-0.0477812395059667,0.0933219502211584,-0.0654223008620652,-0.100351076422594,0.105828836762949,-0.016848777242462
"GOBP_AMYLOID_FIBRIL_FORMATION",-0.0509830559529156,-0.120253684413042,-0.0225127185548746,-0.0786372324890193,0.0729226548160765,0.291888882802564
"GOBP_AMYLOID_PRECURSOR_PROTEIN_CATABOLIC_PROCESS",-0.167501982101712,-0.0492810244050074,-0.127069496623034,-0.0356407767915191,0.224370726146056,0.137943461261946
"GOBP_AMYLOID_PRECURSOR_PROTEIN_METABOLIC_PROCESS",-0.0647812778995909,0.0526592791117254,-0.147709553014616,-0.109974852055964,0.184427489546889,0.0688017262272459
"GOBP_ANAPHASE_PROMOTING_COMPLEX_DEPENDENT_CATABOLIC_PROCESS",-0.241662735101659,-0.106374885888181,0.0724129103209197,0.20447684294254,0.379335240262242,-0.160410815318012
"GOBP_ANATOMICAL_STRUCTURE_ARRANGEMENT",0.161819657643666,0.0867304817768513,-0.399015027799524,-0.368406925719118,0.197405483105568,0.144054154191433
"GOBP_ANATOMICAL_STRUCTURE_MATURATION",0.173102901285462,0.133130626874265,-0.0177394628899963,-0.0500521361530105,-0.155975036193759,-0.0448348457905275
"GOBP_ANDROGEN_METABOLIC_PROCESS",0.188139296165173,0.179158681298499,0.195924031048399,-0.492920643875509,-0.185995806639517,0.0438040428435493
"GOBP_ANDROGEN_RECEPTOR_SIGNALING_PATHWAY",0.00349717441566794,-0.141477389984146,0.0238503119867933,0.125286741193334,-0.230534013049656,0.289333562683679
"GOBP_ANGIOGENESIS_INVOLVED_IN_WOUND_HEALING",0.127443382541821,0.199857202279834,0.00505015216238675,-0.0921613934944174,-0.0741770523786535,-0.146374551180528
"GOBP_ANGIOTENSIN_ACTIVATED_SIGNALING_PATHWAY",0.461871555693583,0.201592821751789,0.287331598576483,-0.478630520921292,-0.2163644086209,-0.100067553255631
"GOBP_ANIMAL_ORGAN_FORMATION",0.245035635712015,0.122231855466548,-0.110123110088688,0.0752003720933457,-0.306457176470329,0.0258993739755307
"GOBP_ANIMAL_ORGAN_MATURATION",0.203032578374225,0.284464460762186,0.111646174450537,-0.0131047901461682,-0.101984496633952,-0.328607837287459
"GOBP_ANIMAL_ORGAN_REGENERATION",-0.256752392255051,0.195125026555753,-0.198227492738547,0.234320235013081,0.0776891239484069,0.0036758763607016
"GOBP_ANOIKIS",0.0228104343678758,-0.130005164339124,-0.156447370976639,0.0264716342351683,-0.0968056388445684,0.250306899762935
"GOBP_ANTERIOR_POSTERIOR_AXIS_SPECIFICATION",0.0579269479748069,0.151794291498362,-0.0250903219518141,-0.127470156389606,-0.350727874312296,0.260554475302847
"GOBP_ANTERIOR_POSTERIOR_PATTERN_SPECIFICATION",0.118303900998453,0.0767525975637373,-0.0885296171528258,-0.0177292493330609,-0.26060214359531,0.0589609077893859
"GOBP_ANTEROGRADE_AXONAL_TRANSPORT",0.188803600270922,-0.0614090876744875,0.375260268607216,-0.310029089766389,-0.190030004630145,-0.219195014945814
"GOBP_ANTIGEN_PROCESSING_AND_PRESENTATION",-0.375201315601007,-0.111538298391972,-0.297060276657594,0.377984193544102,0.381776842077296,-0.0947893661583208
"GOBP_ANTIGEN_PROCESSING_AND_PRESENTATION_OF_EXOGENOUS_ANTIGEN",-0.436727942557598,-0.30167446406466,-0.434327844395443,0.578331992476411,0.529874187708408,-0.2287939757788
"GOBP_ANTIGEN_PROCESSING_AND_PRESENTATION_OF_EXOGENOUS_PEPTIDE_ANTIGEN",-0.487297767428077,-0.243197461361589,-0.459501681454706,0.591985951967499,0.541229844837106,-0.293594652735021
"GOBP_ANTIGEN_PROCESSING_AND_PRESENTATION_OF_EXOGENOUS_PEPTIDE_ANTIGEN_VIA_MHC_CLASS_II",-0.516229224919786,-0.252722275586612,-0.385565119386736,0.65318236892853,0.521858487181293,-0.307933245835534
"GOBP_ANTIGEN_PROCESSING_AND_PRESENTATION_OF_PEPTIDE_ANTIGEN",-0.408037273144925,-0.182757853228396,-0.406923856601611,0.50084296143331,0.494577980358492,-0.22092056314794
"GOBP_ANTIGEN_PROCESSING_AND_PRESENTATION_OF_PEPTIDE_ANTIGEN_VIA_MHC_CLASS_I",-0.393581281970016,0.00686787573985259,-0.395536069638763,0.370379721700269,0.491894983807998,-0.180313726102457
"GOBP_ANTIGEN_PROCESSING_AND_PRESENTATION_OF_PEPTIDE_OR_POLYSACCHARIDE_ANTIGEN_VIA_MHC_CLASS_II",-0.47415549297811,-0.265773513123733,-0.342785492743982,0.549005790088809,0.44372608130946,-0.160499119154847
"GOBP_ANTIGEN_RECEPTOR_MEDIATED_SIGNALING_PATHWAY",0.0927727551134556,-0.339708271764533,-0.277215056331885,0.418057875696844,0.249753932146176,-0.127205438915243
"GOBP_ANTIMICROBIAL_HUMORAL_IMMUNE_RESPONSE_MEDIATED_BY_ANTIMICROBIAL_PEPTIDE",-0.377029706882368,0.339062731084835,-0.341960490444965,0.16631622505986,0.452594039296112,0.0265466764560839
"GOBP_ANTIMICROBIAL_HUMORAL_RESPONSE",-0.340819034804763,0.276698570468023,-0.221443680925777,0.120681545900163,0.361584211225081,0.0869942063258982
"GOBP_ANTIVIRAL_INNATE_IMMUNE_RESPONSE",-0.107391080599832,-0.330016931313566,-0.0966280570769601,0.441380763895013,-0.10567847351431,-0.0820805492822345
"GOBP_AORTA_DEVELOPMENT",0.12471236216182,0.0758474742887398,-0.306007851860921,0.153293323765398,-0.0236199396826183,-0.028285799790844
"GOBP_AORTA_MORPHOGENESIS",0.253387160407171,0.0639699853945448,-0.125322068665806,-0.260824806229205,-0.0316288465726166,0.0674988430494279
"GOBP_AORTIC_VALVE_MORPHOGENESIS",0.127254988494103,0.452179054439272,-0.305736972101839,-0.163440320837122,-0.00810661267457533,-0.153458889516694
"GOBP_APICAL_JUNCTION_ASSEMBLY",0.158789156037805,0.199353796113841,0.0761351400896858,-0.265193765674799,-0.252122051376263,0.0981338043127612
"GOBP_APICAL_PROTEIN_LOCALIZATION",0.382198696641352,-0.264387911870621,0.0581155268150807,-0.169874000271857,-0.352142695633195,0.474777082135982
"GOBP_APOPTOTIC_CELL_CLEARANCE",-0.0461470755249056,0.0964393108999074,-0.179260187868142,0.231301277890325,0.2957898727134,-0.152352491084301
"GOBP_APOPTOTIC_MITOCHONDRIAL_CHANGES",0.0348298316123383,-0.033701214716257,0.182090913523578,-0.00644602437415781,-0.00625242783662761,-0.190086511661366
"GOBP_APOPTOTIC_PROCESS_INVOLVED_IN_DEVELOPMENT",0.119408312946071,-0.0550485027732501,-0.158236903194161,0.238489492422974,-0.0368812125899264,-0.251425376342717
"GOBP_APOPTOTIC_PROCESS_INVOLVED_IN_MORPHOGENESIS",-0.0209016988045586,0.0468627019115997,-0.229426277735289,0.319889257102728,-0.0954326907379677,-0.0671949129886539
"GOBP_APOPTOTIC_SIGNALING_PATHWAY",-0.0917298312997322,-0.150557655726924,-0.121980160526089,0.167235725298578,0.103727746242931,0.0905552639346233
"GOBP_APPENDAGE_DEVELOPMENT",0.0484217815440802,0.108348139357836,-0.179925500483606,0.031622242283628,-0.219454297801758,0.204798645258316
"GOBP_APPENDAGE_MORPHOGENESIS",0.13144598355809,0.12575729124279,-0.261124710187575,0.0909148828058777,-0.271402651735604,0.198149257580986
"GOBP_ARACHIDONATE_METABOLIC_PROCESS",0.075390995539223,0.30868079571519,0.19675651035591,-0.171860883529975,-0.280760559520586,-0.286334659754086
"GOBP_ARF_PROTEIN_SIGNAL_TRANSDUCTION",0.270761720097758,0.0200126648314121,-0.0219973807275505,0.306708214441608,-0.417650384841239,0.0958702793716754
"GOBP_ARGININE_METABOLIC_PROCESS",0.244998830180603,0.333994891529378,0.137395892120066,-0.280738624625214,0.113480725500299,-0.276086403881178
"GOBP_AROMATIC_AMINO_ACID_METABOLIC_PROCESS",0.172713063624638,0.324097461782077,0.482054773136287,-0.225847061673572,-0.420224912249255,-0.182779709375987
"GOBP_ARP2_3_COMPLEX_MEDIATED_ACTIN_NUCLEATION",0.0448274585590499,-0.078599703992967,0.157909655838052,0.0408266571375074,0.0672320023903613,-0.273661058556519
"GOBP_ARTERY_DEVELOPMENT",0.172466277769124,0.0835070837158298,-0.252856516507532,0.0930222362246979,-0.0544665886503308,-0.0664835094205194
"GOBP_ARTERY_MORPHOGENESIS",0.225120646900209,0.143431568208534,-0.19949303048303,-0.0325825769700332,-0.0840481015642016,-0.116342611851614
"GOBP_ASPARTATE_FAMILY_AMINO_ACID_BIOSYNTHETIC_PROCESS",0.186666974337627,-0.176996603475413,0.362851704445693,-0.123832852970748,-0.107096559962323,-0.319789340256815
"GOBP_ASSOCIATIVE_LEARNING",0.333442018056331,0.140641772998904,-0.0170822609582638,-0.246560658910029,-0.221733754799682,-0.0177519140241229
"GOBP_ASTROCYTE_ACTIVATION",-0.100962729489408,-0.033277968813211,-0.113083989452107,0.0943245558800882,0.168321706189098,-0.0641911140069788
"GOBP_ASTROCYTE_DEVELOPMENT",0.0211662365973576,0.0264014798066551,0.0217217913142275,-0.218706313507125,0.0624578750299711,0.0897806325478822
"GOBP_ASTROCYTE_DIFFERENTIATION",-0.0599433162976577,0.0985207801415435,0.004374325287963,-0.29399723098457,-0.00933394581978858,0.260905187644029
"GOBP_ASYMMETRIC_CELL_DIVISION",0.0953423966597662,-0.503731373446751,-0.409139845984293,0.322810494009869,0.285382239119583,0.303995169812952
"GOBP_ATP_BIOSYNTHETIC_PROCESS",-0.0206138259515599,0.451651175433444,0.64233965107036,-0.467122970771995,0.107424895970679,-0.569110017825691
"GOBP_ATP_METABOLIC_PROCESS",0.133745530322529,0.268095910267863,0.441560057955978,-0.258036630245857,-0.108738443431135,-0.4096680458117
"GOBP_ATP_SYNTHESIS_COUPLED_ELECTRON_TRANSPORT",0.200934063380434,0.584751833959243,0.647629871668981,-0.565585045381373,-0.0211701320035368,-0.631476375481364
"GOBP_ATP_TRANSPORT",-0.112477500129858,-0.130165476912411,0.044510574185718,0.0118245714668315,0.129268210532917,0.179490680027525
"GOBP_ATRIAL_SEPTUM_DEVELOPMENT",0.340477843106566,-0.0513131965801925,-0.155930777070104,0.144996304663244,-0.233786849407544,0.248568304875429
"GOBP_ATRIOVENTRICULAR_VALVE_DEVELOPMENT",0.319698679776678,0.0334697455816635,-0.230035837532504,0.0906539294513762,-0.0273404295683096,-0.0987682440366051
"GOBP_ATTACHMENT_OF_MITOTIC_SPINDLE_MICROTUBULES_TO_KINETOCHORE",-0.4853547215439,-0.0291104734936601,-0.367034906321803,0.307989238289124,0.47825774486114,0.410613298862097
"GOBP_ATTACHMENT_OF_SPINDLE_MICROTUBULES_TO_KINETOCHORE",-0.432829847563834,-0.243334596932492,-0.453293265488356,0.328136334367573,0.578872756042725,0.342396904028172
"GOBP_AUDITORY_RECEPTOR_CELL_DEVELOPMENT",0.233153362137357,-0.0458467758244586,0.133581659317108,-0.141310685817506,-0.335414741402953,0.2407616579151
"GOBP_AUTONOMIC_NERVOUS_SYSTEM_DEVELOPMENT",0.028786764644771,0.139177047837178,-0.467069035793309,0.258776724710916,-0.128568693366538,0.347784953493829
"GOBP_AUTOPHAGOSOME_LYSOSOME_FUSION",0.33173902093447,-0.30452432703873,-0.0601958020232072,0.236265241456141,0.148861120052424,-0.289413920206175
"GOBP_AUTOPHAGOSOME_MATURATION",0.0189055276406262,0.0911389702585442,0.186633759363497,-0.227687878237766,0.0247620879741524,-0.0218076204512922
"GOBP_AUTOPHAGOSOME_ORGANIZATION",0.182773712823833,-0.159909249255029,0.129163755277386,-0.195398387159164,-0.165995525906063,0.181945169576923
"GOBP_AUTOPHAGY_OF_MITOCHONDRION",0.144830283151403,-0.00724414927114431,0.260298314247862,-0.179904876862323,-0.159539729547521,-0.0123304994412646
"GOBP_AUTOPHAGY_OF_PEROXISOME",0.464074410941299,-0.339275570379653,0.0368317293711962,-0.236676912393381,-0.141645210452017,0.274793221246967
"GOBP_AXIS_ELONGATION",0.0255190285595337,0.0914587357038724,-0.237366805454209,0.263394834782431,-0.399819168672381,0.202359623887854
"GOBP_AXIS_SPECIFICATION",0.115079047231472,0.0836925519771715,-0.0662692865889035,-0.0756261626375996,-0.307031326783725,0.154468184135921
"GOBP_AXO_DENDRITIC_TRANSPORT",0.228349879440589,-0.0634751408978313,0.271026122443542,-0.266333934113875,-0.191697901223415,-0.00805630500351512
"GOBP_AXON_DEVELOPMENT",0.183777542406854,0.0310044502642508,-0.0975743325210197,-0.126206008817856,-0.245714745016336,0.205464663717539
"GOBP_AXON_ENSHEATHMENT_IN_CENTRAL_NERVOUS_SYSTEM",0.200902555869385,0.0317968860307949,0.0997113547463118,-0.427617281186604,-0.0380017485236431,0.235756985127759
"GOBP_AXON_EXTENSION",0.257924343705041,-0.00279151196691407,-0.121182470447694,-0.102657968827647,-0.256531022947803,0.146164083344766
"GOBP_AXONAL_FASCICULATION",0.269340765664065,0.404501392166559,-0.179542865673498,-0.0181907245728336,-0.207287623979142,-0.214513236699396
"GOBP_AXONAL_TRANSPORT",0.221148241091992,-0.123818173730137,0.253408350413103,-0.258343253303991,-0.212549095307354,0.010193268428105
"GOBP_AXONAL_TRANSPORT_OF_MITOCHONDRION",0.162911398542766,0.0974225090783374,0.120392759744377,-0.40774238198786,-0.149862249910272,0.235857876944087
"GOBP_AXONEMAL_DYNEIN_COMPLEX_ASSEMBLY",-0.278702219944581,0.217087439854639,-0.294776763018885,0.152440489085353,-0.118465514733173,0.299488906307562
"GOBP_AXONEME_ASSEMBLY",-0.214645980148689,0.213690032431538,-0.0813124984251684,-0.0287439600381241,-0.182612358713169,0.181269070725478
"GOBP_B_CELL_ACTIVATION",-0.0683424134957043,-0.295155900071471,-0.368444051743523,0.417892589430104,0.198494348172522,0.0596544930768374
"GOBP_B_CELL_ACTIVATION_INVOLVED_IN_IMMUNE_RESPONSE",-0.0967617598402308,-0.327111313572025,-0.186068658493496,0.41287750602184,0.0863129600668429,0.0046108290762798
"GOBP_B_CELL_APOPTOTIC_PROCESS",-0.142145437836236,-0.551970740515111,-0.394294062143335,0.497304849129446,0.345984973283755,0.10140561565603
"GOBP_B_CELL_DIFFERENTIATION",-0.0284846808920456,-0.290647781558705,-0.40799474309483,0.403625661033941,0.140935550822192,0.110403757659135
"GOBP_B_CELL_HOMEOSTASIS",-0.0639950316805657,-0.515400342779251,-0.250002503837608,0.355215309030229,0.304351277971777,0.216171589243878
"GOBP_B_CELL_MEDIATED_IMMUNITY",-0.268689971867222,-0.272872095756193,-0.377393546768879,0.490828933263767,0.199530109352079,0.114406087130606
"GOBP_B_CELL_PROLIFERATION",-0.0343696864541418,-0.370428092087547,-0.403258559169804,0.458877000929939,0.358467441249123,-0.0589826590367111
"GOBP_B_CELL_RECEPTOR_SIGNALING_PATHWAY",0.0482493902147085,-0.416831508168644,-0.409455997460533,0.508867254776322,0.300461895066835,-0.0309478725011269
"GOBP_BARBED_END_ACTIN_FILAMENT_CAPPING",0.341817836937682,-0.444802475600575,0.221271110442579,0.0125790711413281,0.0609770272302928,-0.207595126054516
"GOBP_BASE_EXCISION_REPAIR",-0.0927444671635347,-0.286678378994923,-0.415747110635709,0.340614030891395,0.418275519673229,-0.0144346558447471
"GOBP_BASEMENT_MEMBRANE_ORGANIZATION",0.0871710096525641,0.39464491197119,1.71568010598477e-06,-0.301104507882058,-0.35870613112223,0.223550429960498
"GOBP_BASIC_AMINO_ACID_TRANSPORT",0.297620530006634,-0.0827564672106209,0.432070684163977,0.0274358588492728,-0.25682010625562,-0.482023861907096
"GOBP_BEHAVIOR",0.194238670443516,0.145107275178312,0.125846101664124,-0.235567733854832,-0.25273011389241,0.010449008184263
"GOBP_BICARBONATE_TRANSPORT",0.227877740149438,0.200882388227265,-0.0338344914313138,0.169683871209363,-0.35982442938855,-0.220689647715991
"GOBP_BICELLULAR_TIGHT_JUNCTION_ASSEMBLY",0.221144737696824,0.260410565597956,0.188363951345825,-0.279554060179333,-0.322907274724449,-0.0266715813175042
"GOBP_BILE_ACID_BIOSYNTHETIC_PROCESS",0.162015616758897,0.210434832335811,0.436141763762539,-0.338412915836924,-0.080102927747678,-0.192749577755335
"GOBP_BILE_ACID_METABOLIC_PROCESS",0.116734367817955,0.292969475887572,0.437740671310048,-0.301367970524755,-0.144404197069557,-0.243997666451503
"GOBP_BINDING_OF_SPERM_TO_ZONA_PELLUCIDA",-0.353649801333956,-0.248648209000936,0.123000864459129,-0.0403114299539868,0.572625254864137,0.085865530083962
"GOBP_BIOLOGICAL_PROCESS_INVOLVED_IN_INTERACTION_WITH_HOST",-0.109106461808173,-0.00442283714062974,-0.0920878878280399,0.0355933120740803,0.24409954089719,-0.100946702267421
"GOBP_BIOLOGICAL_PROCESS_INVOLVED_IN_INTERACTION_WITH_SYMBIONT",-0.0633789028700031,-0.0814715041146628,-0.0904019493200276,0.136731303560161,0.250966471964418,-0.0304602351892317
"GOBP_BIOLOGICAL_PROCESS_INVOLVED_IN_INTRASPECIES_INTERACTION_BETWEEN_ORGANISMS",0.274971512830368,-0.0182104948133963,0.0490459425240904,-0.0846791858536878,-0.335791387143386,-0.0474042144017245
"GOBP_BIOLOGICAL_PROCESS_INVOLVED_IN_SYMBIOTIC_INTERACTION",-0.0902708311599834,0.0177774361087107,-0.0951927048459289,0.0328027617428918,0.228982119800459,-0.0947353370093928
"GOBP_BIOMINERAL_TISSUE_DEVELOPMENT",0.195281187463684,0.238916636253074,-0.0422092334864216,-0.117910883019439,-0.314576684153752,-0.021668660276029
"GOBP_BLASTOCYST_DEVELOPMENT",-0.176044010076632,-0.15170096808458,-0.147057113834647,-0.0326828783118501,0.217222529209752,0.200070940494514
"GOBP_BLASTOCYST_FORMATION",-0.0107596071045219,-0.00877088567415807,-0.0628237877310582,-0.119861590608451,0.00658988785262798,0.176025330572941
"GOBP_BLASTOCYST_GROWTH",-0.421809265823801,-0.164395612899661,-0.256504681846765,0.219572934866688,0.476963011652685,0.259080662756743
"GOBP_BLOOD_VESSEL_ENDOTHELIAL_CELL_MIGRATION",0.135731414935416,0.0748972313910019,-0.0306476015730399,-0.248825968439531,-0.109449537470495,0.130175648640644
"GOBP_BLOOD_VESSEL_ENDOTHELIAL_CELL_PROLIFERATION_INVOLVED_IN_SPROUTING_ANGIOGENESIS",0.206533456238402,0.264629587703145,0.392488084163968,-0.384832951792325,-0.271570980348033,-0.10349407056003
"GOBP_BLOOD_VESSEL_REMODELING",0.156904026684041,0.246247479545867,-0.0375631154557844,-0.174436875998997,-0.217438872545381,0.00555151921913122
"GOBP_BODY_FLUID_SECRETION",0.267476998992997,0.103918164747447,0.0189689262364207,-0.00121305866582982,-0.203631114751659,-0.162858936658673
"GOBP_BODY_MORPHOGENESIS",0.150018593499897,0.129864766640661,-0.268255781075866,-0.148952154444719,-0.239912846309865,0.180191133400806
"GOBP_BONE_DEVELOPMENT",0.0502791356630732,0.261063113812925,-0.181271937065763,0.0691814076001621,-0.0745373631935043,-0.0600222534787682
"GOBP_BONE_GROWTH",-0.075761062951292,0.374407144975411,-0.37315993255208,-0.119610877003075,0.0448441656922921,0.250128584330221
"GOBP_BONE_MATURATION",0.291892782108947,0.254212889092769,0.124348469549552,-0.0376558297525389,-0.145795290704702,-0.323735965391572
"GOBP_BONE_MINERALIZATION",0.163165310034296,0.229026428014765,-0.0544155940874278,-0.0932424535313442,-0.311920001810814,-0.0281529569314473
"GOBP_BONE_MORPHOGENESIS",0.141635011227664,0.28429390764729,-0.28330360636263,0.0833544257268443,-0.219295250278393,0.0428722305887952
"GOBP_BONE_REMODELING",0.0406506601207482,0.0394974432873321,-0.326534886656444,0.238477672627102,0.208818070837941,-0.0607032559780384
"GOBP_BONE_RESORPTION",0.0102710564677415,-0.0283908200196885,-0.276034058328096,0.336023160781394,0.274095882385618,-0.190524946432445
"GOBP_BRAIN_MORPHOGENESIS",0.242486832263025,-0.0138536915019428,0.202453556753014,-0.0611059480824356,-0.212680015340843,-0.0246312329168173
"GOBP_BRANCH_ELONGATION_OF_AN_EPITHELIUM",0.0482613104469873,0.294695920337727,-0.0176823426347963,0.100238006523795,-0.530437157886753,0.225557319768723
"GOBP_BRANCHED_CHAIN_AMINO_ACID_METABOLIC_PROCESS",0.52142810534065,0.331981438982239,0.557399310971587,-0.482964445490935,-0.391842315540867,-0.513439259303629
"GOBP_BRANCHING_INVOLVED_IN_BLOOD_VESSEL_MORPHOGENESIS",-0.00344402788705428,-0.121867301330714,-0.166624010887284,0.139762318259295,-0.00821515199801706,0.146910255683298
"GOBP_BRANCHING_INVOLVED_IN_MAMMARY_GLAND_DUCT_MORPHOGENESIS",0.0780810949761591,-0.0314481046763164,-0.102054803783267,0.240928093299946,-0.336147548038711,0.131429648710476
"GOBP_BRANCHING_INVOLVED_IN_SALIVARY_GLAND_MORPHOGENESIS",-0.0984217334449108,0.431077691180604,-0.146901400960871,-0.102528274939158,-0.130178996895792,-0.13530105303067
"GOBP_BRANCHING_MORPHOGENESIS_OF_AN_EPITHELIAL_TUBE",-0.0111118062695133,0.120611323487604,-0.184694550503037,0.173026538731053,-0.147059118074691,0.0738716272317715
"GOBP_BROWN_FAT_CELL_DIFFERENTIATION",0.193849591284099,-0.198770094961023,0.191129625113264,0.193014279898459,-0.162647625596673,-0.0805984589485476
"GOBP_C21_STEROID_HORMONE_METABOLIC_PROCESS",0.0879055180274144,0.277819730137117,0.0428445651074995,-0.0511721812849218,-0.0696309883355625,-0.304239584386181
"GOBP_C4_DICARBOXYLATE_TRANSPORT",0.250364961648901,-0.23523235954353,0.371237716053949,-0.236655618359159,-0.0360313877535257,-0.282571300396949
"GOBP_CALCINEURIN_MEDIATED_SIGNALING",0.0594580026692985,0.171889987732351,-0.123041912548543,0.0829221130414414,-0.0813791924729753,-0.125805287146176
"GOBP_CALCIUM_DEPENDENT_CELL_CELL_ADHESION",0.234650909886675,0.22352709997602,-0.255985875829222,-0.208142795667055,-0.102640264457023,-0.159402963676795
"GOBP_CALCIUM_IMPORT_INTO_THE_MITOCHONDRION",0.388016690247985,-0.24556914480921,0.132482755049777,-0.116084224135207,-0.21350931526644,-0.30511610156306
"GOBP_CALCIUM_ION_HOMEOSTASIS",0.239635274796607,0.130134023708772,0.00612804988803878,0.00720676010970969,-0.192130005992838,-0.246816086660012
"GOBP_CALCIUM_ION_IMPORT",0.21510372003645,0.194546470391383,-0.0191614213692708,-0.127847705147193,-0.266005697586261,0.00715182459796976
"GOBP_CALCIUM_ION_IMPORT_ACROSS_PLASMA_MEMBRANE",0.296480510458663,0.246021724658087,-0.0478357326038535,-0.175322678550506,-0.443402112801697,0.0973351091406967
"GOBP_CALCIUM_ION_REGULATED_EXOCYTOSIS",0.30471236640925,0.17037879564762,0.14473050122266,-0.234161620138135,-0.377455096625956,-0.202149121963942
"GOBP_CALCIUM_ION_TRANSMEMBRANE_IMPORT_INTO_CYTOSOL",0.266877792528568,0.169167963338015,-0.0519475407469495,0.039425120345651,-0.236057152005551,-0.223276825543616
"GOBP_CALCIUM_ION_TRANSMEMBRANE_TRANSPORT",0.247664456963701,0.0899545527923323,0.00195596397566999,-0.0261483780713949,-0.225127724178104,-0.136265334781072
"GOBP_CALCIUM_ION_TRANSMEMBRANE_TRANSPORT_VIA_HIGH_VOLTAGE_GATED_CALCIUM_CHANNEL",0.373631611237128,-0.0492597407061368,0.345439791660181,-0.137830953286591,-0.384911169006896,-0.068032540016035
"GOBP_CALCIUM_ION_TRANSPORT",0.216689261292817,0.0971278754780275,-0.00120967403211916,-0.0199487053298511,-0.145261518649348,-0.165538297107531
"GOBP_CALCIUM_ION_TRANSPORT_INTO_CYTOSOL",0.24542092567274,0.335149285022495,0.127122811159096,-0.0407511061228746,-0.173423784717879,-0.398623458094229
"GOBP_CALCIUM_MEDIATED_SIGNALING",0.199708863825912,0.134264080188935,-0.190986739632985,0.076377847200574,-0.121269000320008,-0.122069165756727
"GOBP_CAMERA_TYPE_EYE_MORPHOGENESIS",0.0951924747572784,0.0158816722214157,0.0488195579334914,-0.118099628921151,-0.268297441421128,0.0493045773733779
"GOBP_CAMERA_TYPE_EYE_PHOTORECEPTOR_CELL_DIFFERENTIATION",-0.240911412924693,0.0926917361132019,0.168123602548868,-0.232999820609383,0.0441202015025403,0.255710388075726
"GOBP_CAMP_METABOLIC_PROCESS",0.417988215130178,-0.122394668460327,-0.28048426836949,0.0183655225537779,-0.157126119407292,0.0531080353010911
"GOBP_CAMP_PKA_SIGNAL_TRANSDUCTION",0.327064144532644,-0.118815074746659,-0.267912679761374,-0.0414408212140748,-0.171045237982419,0.289987097957762
"GOBP_CANONICAL_NF_KAPPAB_SIGNAL_TRANSDUCTION",-0.0671556497857498,-0.151647782010583,-0.110641182635439,0.0940616714694887,0.0848381531470544,0.157292816275151
"GOBP_CANONICAL_WNT_SIGNALING_PATHWAY",0.051903413326051,0.0777988104253985,-0.10514456860591,-0.0326944379239382,-0.223205376492919,0.217988397602502
"GOBP_CARBOHYDRATE_BIOSYNTHETIC_PROCESS",0.134601647332469,0.088030044895813,0.173348780863674,-0.120761674294479,-0.126707975439313,-0.0872013835271155
"GOBP_CARBOHYDRATE_CATABOLIC_PROCESS",0.0828170320574131,0.0317914954148994,0.218777670136133,0.0225763841625709,-0.0943830943965123,-0.231868383397091
"GOBP_CARBOHYDRATE_DERIVATIVE_BIOSYNTHETIC_PROCESS",-0.0782682832095967,0.143001044106816,0.0375099411730639,-0.0400270493924428,0.106716002139878,-0.169953975412264
"GOBP_CARBOHYDRATE_DERIVATIVE_CATABOLIC_PROCESS",0.0221833629162324,-0.028035788227972,-0.0818021468309589,0.251885767579635,0.091825490795519,-0.187123683329614
"GOBP_CARBOHYDRATE_DERIVATIVE_TRANSPORT",-0.109582381969655,-0.115329202928642,-0.114489077096975,0.121244321338566,0.273620283576695,-0.0801826305040923
"GOBP_CARBOHYDRATE_HOMEOSTASIS",0.113729969360713,0.146450181199477,0.158159941809773,-0.102937361700864,-0.212186231943164,-0.023621918567934
"GOBP_CARBOHYDRATE_METABOLIC_PROCESS",0.124418784794526,0.0620644221891331,0.115964269484109,-0.0268333373029236,-0.0590079922792935,-0.196459906111088
"GOBP_CARBOHYDRATE_PHOSPHORYLATION",-0.170343666744898,0.304542280857238,0.295105338444968,0.22513725151979,-0.029423909772635,-0.44231123280023
"GOBP_CARBOHYDRATE_TRANSPORT",0.324156210327913,-0.10076438975812,0.117441536495755,-0.092359439347959,-0.161842024314449,-0.163692336034549
"GOBP_CARBOXYLIC_ACID_TRANSMEMBRANE_TRANSPORT",0.154247875733292,-0.00825019741155814,0.194245865210526,0.000517385171794948,-0.0881847990854658,-0.305141221342661
"GOBP_CARDIAC_ATRIUM_DEVELOPMENT",0.336486358549044,-0.118993866610301,-0.0639534902281004,0.229454554342158,-0.37111789056589,0.34088818828075
"GOBP_CARDIAC_ATRIUM_MORPHOGENESIS",0.404633938500931,-0.204291397227626,-0.0768866680827454,0.132830427036221,-0.306511832651511,0.253414879207815
"GOBP_CARDIAC_CELL_DEVELOPMENT",0.237349953807544,0.143710190520416,-0.0846446942949309,-0.103458788037157,-0.163039313434247,-0.0668502872616449
"GOBP_CARDIAC_CHAMBER_DEVELOPMENT",0.108813854861363,0.0910369194403015,-0.209820650090733,-0.0344674231297873,-0.0936207522383157,0.0790396530458849
"GOBP_CARDIAC_CHAMBER_MORPHOGENESIS",0.0834678114339212,0.0888068171230439,-0.200780964932601,-0.0251801948801534,-0.101474858318372,0.0874110117401727
"GOBP_CARDIAC_CONDUCTION",0.384351802687912,0.149048025426818,0.0971357149646633,-0.23303980357296,-0.310699399167888,-0.257676449824577
"GOBP_CARDIAC_CONDUCTION_SYSTEM_DEVELOPMENT",-0.0979578010910565,0.206890866362854,-0.295054761339237,0.0836884272702533,-0.186279569231085,0.289213176951249
"GOBP_CARDIAC_EPITHELIAL_TO_MESENCHYMAL_TRANSITION",-0.265855549417185,0.459214118883214,-0.414909460458525,0.0585491743596279,-0.00246483388506269,0.0503002187931483
"GOBP_CARDIAC_MUSCLE_CELL_ACTION_POTENTIAL",0.381943349554878,0.206106031173393,0.067783472553414,-0.304586472304343,-0.368374499923415,-0.059472527373052
"GOBP_CARDIAC_MUSCLE_CELL_ACTION_POTENTIAL_INVOLVED_IN_CONTRACTION",0.364569593007231,0.207809701446042,0.0437895978129739,-0.317641673405138,-0.321026943643024,-0.0270617978014918
"GOBP_CARDIAC_MUSCLE_CELL_CONTRACTION",0.380812075715797,0.147503185172613,0.0721404355000442,-0.315200796031028,-0.336745486938568,-0.0262291177276076
"GOBP_CARDIAC_MUSCLE_CELL_DIFFERENTIATION",0.228954497770926,0.119824623953877,-0.12192160389781,-0.113799741781467,-0.129535663327957,-0.0355534910970829
"GOBP_CARDIAC_MUSCLE_CELL_MEMBRANE_REPOLARIZATION",0.395652164733674,0.105085226477912,0.223959689338275,-0.332785343839057,-0.357463280224722,-0.0302692991122485
"GOBP_CARDIAC_MUSCLE_CELL_PROLIFERATION",0.272762952293448,0.178825793878494,-0.233040195448023,-0.0924911102524933,-0.19875962833487,0.179938105531008
"GOBP_CARDIAC_MUSCLE_CONTRACTION",0.312571636756807,0.197216112041878,0.197148266564331,-0.227768730789933,-0.271043343407431,-0.236094494939614
"GOBP_CARDIAC_MUSCLE_TISSUE_DEVELOPMENT",0.187162284214683,0.114973903248383,-0.14336052165303,-0.0691582297320693,-0.141675757133392,-0.0188126187721584
"GOBP_CARDIAC_MUSCLE_TISSUE_MORPHOGENESIS",0.329388451329278,0.0865328394399311,-0.143701441715749,-0.0582707192307549,-0.306563407783266,-0.0327594109383202
"GOBP_CARDIAC_SEPTUM_DEVELOPMENT",0.0467517859549581,-0.0297920195571086,-0.288980184763286,0.132267457337207,-0.0502722118014398,0.14932926709476
"GOBP_CARDIAC_SEPTUM_MORPHOGENESIS",0.00349521283066118,-0.0096657984523798,-0.295861305486342,0.0889609124690108,0.0698983445203493,0.138332003165249
"GOBP_CARDIAC_VENTRICLE_DEVELOPMENT",0.143627471983694,0.0403554666498994,-0.254527698373728,0.0176253497474749,-0.0837468226658482,0.0810001793884428
"GOBP_CARDIAC_VENTRICLE_MORPHOGENESIS",0.147048242940536,0.157950039323628,-0.181162762691134,-0.0108325953340116,-0.305763387096575,0.0577540292212959
"GOBP_CARDIOCYTE_DIFFERENTIATION",0.145382882311034,0.0898960840144638,-0.189731509994816,-0.0846649580568093,-0.0750691860946198,0.0704368665067505
"GOBP_CARTILAGE_DEVELOPMENT",0.11439694081081,0.165126431427348,-0.210054067743743,-0.03040455672093,-0.223349112542269,0.125591620879841
"GOBP_CARTILAGE_DEVELOPMENT_INVOLVED_IN_ENDOCHONDRAL_BONE_MORPHOGENESIS",0.0785680453012579,0.373117467559174,-0.307445805016729,-0.0910826150840406,0.0164133737230736,0.0783427820102121
"GOBP_CATECHOL_CONTAINING_COMPOUND_METABOLIC_PROCESS",0.337632070571244,0.259996366786225,-0.0373388847562088,-0.304237371619212,-0.0983514736683602,-0.0944763100130265
"GOBP_CATECHOLAMINE_SECRETION",0.282678588606235,-0.18850197431727,0.295513704337763,-0.226034506328764,-0.175598522470585,-0.11545476067917
"GOBP_CATECHOLAMINE_TRANSPORT",0.169433684303762,-0.170045338277704,0.277425782924657,-0.1672709612583,0.0123585669407205,-0.132387820963071
"GOBP_CD4_POSITIVE_ALPHA_BETA_T_CELL_ACTIVATION",-0.233026230601178,-0.191104120951544,-0.198171236362126,0.430724484727453,0.24550272469433,-0.01227344305715
"GOBP_CD4_POSITIVE_OR_CD8_POSITIVE_ALPHA_BETA_T_CELL_LINEAGE_COMMITMENT",-0.0444329274522322,-0.359089415357659,-0.133598406825045,0.433981977778767,0.107794651477339,0.0846579728070411
"GOBP_CD8_POSITIVE_ALPHA_BETA_T_CELL_ACTIVATION",-0.618944409261828,-0.134628100311845,-0.359479375228355,0.436746507917604,0.555917241264363,-0.0263595435445906
"GOBP_CD8_POSITIVE_ALPHA_BETA_T_CELL_DIFFERENTIATION",-0.6660271570005,-0.297666347901057,-0.374195732231348,0.375412705226999,0.646613761650591,0.165757163875452
"GOBP_CELL_ACTIVATION_INVOLVED_IN_IMMUNE_RESPONSE",-0.171853992529532,-0.209304701874031,-0.325411267125652,0.431083370122192,0.244021368129173,-0.0177840782605776
"GOBP_CELL_ADHESION_MEDIATED_BY_INTEGRIN",0.0218902215561653,0.122785883328161,-0.402007286898322,0.335396718698691,0.149667983648605,-0.0055052579249952
"GOBP_CELL_CELL_ADHESION_MEDIATED_BY_CADHERIN",0.273134398717767,0.18827060259524,-0.135666862074704,0.0419051325378976,-0.352144703061035,-0.0855914749271458
"GOBP_CELL_CELL_ADHESION_MEDIATED_BY_INTEGRIN",-0.136845644336277,0.0843527674490839,-0.44793236383638,0.448737168746149,0.189113642551929,-0.00833240024262702
"GOBP_CELL_CELL_JUNCTION_ASSEMBLY",0.215829051529632,0.182825382447976,0.00358475355976129,-0.194647491013839,-0.208032104726538,-0.0624457970136546
"GOBP_CELL_CELL_JUNCTION_MAINTENANCE",-0.333966388821712,0.066209141466013,-0.117070924185857,0.161064906843043,-0.398043919432079,0.387168184705101
"GOBP_CELL_CELL_JUNCTION_ORGANIZATION",0.137099195506961,0.106815930578639,0.009431373638738,-0.135123754069065,-0.247089361524067,0.0910449235110203
"GOBP_CELL_CELL_RECOGNITION",-0.153528169750918,-0.108916368010047,0.0437565306883569,0.0123104180120754,0.202624709086907,-0.0636715273207865
"GOBP_CELL_CELL_SIGNALING_INVOLVED_IN_CARDIAC_CONDUCTION",0.221666240002871,0.181954281117246,-0.116221400529319,-0.17945230629314,-0.132302919544646,-0.00643675737425289
"GOBP_CELL_CHEMOTAXIS",-0.125849540728645,-0.0341803606621243,-0.336932709520525,0.197483945994551,0.23616284538169,0.1177638121904
"GOBP_CELL_COMMUNICATION_BY_ELECTRICAL_COUPLING",0.226290456352535,0.00138329331056386,0.156835130538652,-0.242905842507172,-0.0403922355283109,-0.250616424335426
"GOBP_CELL_COMMUNICATION_BY_ELECTRICAL_COUPLING_INVOLVED_IN_CARDIAC_CONDUCTION",0.341014781873419,-0.128790885839298,0.100016419659104,-0.18345579734719,0.0517221546584116,-0.314829079566759
"GOBP_CELL_COMMUNICATION_INVOLVED_IN_CARDIAC_CONDUCTION",0.248776028992585,0.0899545781469855,0.0516119359729334,-0.237777098032279,-0.151693783319037,-0.151943193149327
"GOBP_CELL_CYCLE_CHECKPOINT_SIGNALING",-0.243659445507711,-0.351439265343004,-0.337653386123703,0.423297564505884,0.382727717617097,0.256288168566366
"GOBP_CELL_CYCLE_DNA_REPLICATION",-0.229393801738915,-0.45275616351914,-0.445213598412012,0.505771667903488,0.454686547724959,0.338981729373172
"GOBP_CELL_CYCLE_G1_S_PHASE_TRANSITION",-0.151786258697925,-0.194031871217236,-0.203583676468121,0.0715567324382974,0.300934376370312,0.190069928338042
"GOBP_CELL_CYCLE_G2_M_PHASE_TRANSITION",-0.253714821612695,-0.280830268281603,-0.231995527199954,0.342283373852055,0.357679851377726,0.177123486351844
"GOBP_CELL_CYCLE_PHASE_TRANSITION",-0.20579442173067,-0.260500872479512,-0.250201201175384,0.25446396137834,0.319096107791085,0.176302800771794
"GOBP_CELL_DIFFERENTIATION_IN_SPINAL_CORD",-0.140942499361642,-0.0470160426081468,0.0872638964617749,-0.0107322621360317,-0.152513414462547,0.177541026551562
"GOBP_CELL_DIFFERENTIATION_INVOLVED_IN_EMBRYONIC_PLACENTA_DEVELOPMENT",-0.411085528483974,0.232980496283515,-0.356312432449248,0.368525247637486,-0.0118805961932842,0.166948384532795
"GOBP_CELL_DIFFERENTIATION_INVOLVED_IN_KIDNEY_DEVELOPMENT",0.145839743662581,0.152017877736907,-0.321352393547178,0.081532727332547,-0.2114296485677,0.074308656321224
"GOBP_CELL_FATE_COMMITMENT",-0.00262098077479062,0.0166209007099229,-0.174852333023429,0.0749836655425388,-0.114840023645799,0.108505855151788
"GOBP_CELL_FATE_COMMITMENT_INVOLVED_IN_FORMATION_OF_PRIMARY_GERM_LAYER",0.02523748889504,0.387006869961213,-0.284111853448608,0.0588973553546766,-0.333076490400424,0.0910216143693435
"GOBP_CELL_FATE_DETERMINATION",0.12709186709214,0.418806992758097,0.00116703433471899,-0.265078524064915,-0.236504853517959,-0.25346704241116
"GOBP_CELL_FATE_SPECIFICATION",0.0864135977932551,0.148304586607005,-0.096876810721948,0.0749702784573427,-0.155579255802901,-0.03714691899803
"GOBP_CELL_GROWTH",0.0918339624500797,-0.009596135089455,-0.0547083746004054,0.0118830456559658,-0.195226981617014,0.109597666381736
"GOBP_CELL_JUNCTION_ASSEMBLY",0.236664312988516,0.0953218905432122,-0.0144580319358967,-0.172522242521837,-0.243573073425762,0.0901623848781741
"GOBP_CELL_JUNCTION_DISASSEMBLY",-0.204645437136784,0.283148365932117,-0.30519586676603,0.0523437202717851,0.284238173525752,-0.175081914786709
"GOBP_CELL_JUNCTION_MAINTENANCE",0.191543662137985,0.224298991044094,0.164014999662942,-0.318224300646989,-0.434749033060593,0.119739560618108
"GOBP_CELL_KILLING",-0.140001172322129,-0.130708430280896,-0.331716193121637,0.398126596181355,0.325154354157313,-0.0799076873808766
"GOBP_CELL_MATRIX_ADHESION",0.129044778133904,0.11617201999513,-0.262385640062106,-0.0316803785808419,-0.0650937127104548,0.0774784567783722
"GOBP_CELL_MATURATION",0.156654742848329,0.150054440666955,-0.00600184809583054,-0.0832418643096408,-0.120908077527053,-0.0340617845022789
"GOBP_CELL_MIGRATION_INVOLVED_IN_HEART_DEVELOPMENT",-0.324267107750235,0.350140084965058,-0.236118564355192,0.0963233053716823,-0.198258825769635,0.364673750181571
"GOBP_CELL_MIGRATION_INVOLVED_IN_SPROUTING_ANGIOGENESIS",0.179378606661279,-0.0303208422998767,-0.0683431547127584,-0.205649749616451,-0.285811787353928,0.305359164338523
"GOBP_CELL_MORPHOGENESIS_INVOLVED_IN_NEURON_DIFFERENTIATION",0.252602790172353,0.052270911196594,-0.0589050417299362,-0.133895152110837,-0.283681462113536,0.143454796391794
"GOBP_CELL_PROLIFERATION_IN_FOREBRAIN",0.277041165863142,-0.278513050893315,-0.37252834826309,0.234325694705555,-0.273013648704188,0.386272443156924
"GOBP_CELL_PROLIFERATION_INVOLVED_IN_KIDNEY_DEVELOPMENT",-0.322930018869321,0.230557130906738,-0.169573688740146,0.143491527002903,-0.161199731226647,0.320765771166862
"GOBP_CELL_RECOGNITION",-0.129861814956112,-1.04603577471551e-05,-0.178258839430158,0.155457514608876,0.126650965596589,-0.0486615558452735
"GOBP_CELL_REDOX_HOMEOSTASIS",0.0239831440528574,-0.0223668590193056,0.258661442303349,-0.163799866416669,0.0835721110991365,-0.250268923177387
"GOBP_CELL_SUBSTRATE_ADHESION",0.102516985781729,0.0938100286272766,-0.247024972847127,-0.00229748238227065,-0.0545521679298517,0.0725062777757622
"GOBP_CELL_SUBSTRATE_JUNCTION_ORGANIZATION",0.272030395080782,0.154094466748388,-0.164404845261581,-0.213135944762857,-0.196176329258296,0.138999582921927
"GOBP_CELL_SURFACE_PATTERN_RECOGNITION_RECEPTOR_SIGNALING_PATHWAY",0.00433494935667911,-0.23356824892934,-0.222527570011386,0.244445952612561,0.293198921328292,0.00537774401397165
"GOBP_CELL_SURFACE_RECEPTOR_PROTEIN_SERINE_THREONINE_KINASE_SIGNALING_PATHWAY",0.020048294617101,0.0827161359741581,-0.211434412197924,-0.0106812959874105,-0.136643845085252,0.20872116421045
"GOBP_CELL_SURFACE_RECEPTOR_SIGNALING_PATHWAY_VIA_JAK_STAT",-0.263699625371993,-0.189461821725965,-0.249026285633096,0.259582717644614,0.0134815638815736,0.356663541471481
"GOBP_CELL_SURFACE_RECEPTOR_SIGNALING_PATHWAY_VIA_STAT",-0.279007070205813,-0.163250995781766,-0.25186487267916,0.271919255237978,0.0418223020973836,0.346264054737209
"GOBP_CELL_SURFACE_TOLL_LIKE_RECEPTOR_SIGNALING_PATHWAY",0.0135683036045073,-0.195916705708332,-0.204414727040805,0.212622039338627,0.269902868717992,0.0275276837421273
"GOBP_CELL_VOLUME_HOMEOSTASIS",0.27658890414432,-0.0805394109548238,0.16957719255788,-0.201334417891737,-0.192935912570415,-0.121125644412277
"GOBP_CELLULAR_COMPONENT_ASSEMBLY_INVOLVED_IN_MORPHOGENESIS",0.415861508854774,0.277730365059235,0.328926385698083,-0.431285210703967,-0.319064174105509,-0.207386140661049
"GOBP_CELLULAR_COMPONENT_DISASSEMBLY",0.0407008540850085,-0.112643461349278,0.0130379329159964,0.0157911036076975,-0.00501849715037558,0.0416741760316251
"GOBP_CELLULAR_COMPONENT_DISASSEMBLY_INVOLVED_IN_EXECUTION_PHASE_OF_APOPTOSIS",-0.169971412375263,-0.177327311334531,-0.0790920286213191,0.362099173794475,-0.0152711179307618,-0.0373510240782887
"GOBP_CELLULAR_COMPONENT_MAINTENANCE",0.130331285768597,0.0365076533330452,0.147586841866067,-0.24015510413299,-0.334822393076695,0.168666481145479
"GOBP_CELLULAR_DEFENSE_RESPONSE",-0.214473884286444,-0.320426598208394,-0.519989998422885,0.383543519466674,0.371520820465233,0.10148379146043
"GOBP_CELLULAR_EXTRAVASATION",0.114829973796564,-0.00343575472504321,-0.419023837489694,0.26922325031142,0.265186300851012,-0.129277569809073
"GOBP_CELLULAR_HYPEROSMOTIC_RESPONSE",0.427097953535993,0.249221133638302,0.372040904117095,-0.443975016432101,-0.402954367993771,-0.0667897238319012
"GOBP_CELLULAR_OXIDANT_DETOXIFICATION",-0.16147730635767,0.246149433708012,0.0796118615605696,-0.0365254740179282,0.176389817919983,-0.214215008787276
"GOBP_CELLULAR_PIGMENTATION",-0.448529821528698,-0.144377280222271,-0.135655085499591,0.172503017209877,0.352400728747957,0.0809685542306826
"GOBP_CELLULAR_PROCESS_INVOLVED_IN_REPRODUCTION_IN_MULTICELLULAR_ORGANISM",0.0671915625127165,0.0156341998712259,-0.0470323461689326,-0.0332828558754459,-0.0391242259925113,0.0330575532490172
"GOBP_CELLULAR_RESPIRATION",0.251805419145701,0.258657216998188,0.474439904903042,-0.366012500702618,-0.0763811931494673,-0.428504378987416
"GOBP_CELLULAR_RESPONSE_TO_ABIOTIC_STIMULUS",-0.0194618283345562,-0.0653566400876253,-0.132312864745017,0.0880227384864651,0.00485309922264482,0.117112601667792
"GOBP_CELLULAR_RESPONSE_TO_ACID_CHEMICAL",0.187463149234683,0.182391173071138,-0.0617525258620807,0.00483746800345794,-0.201465579664283,-0.00371939785846004
"GOBP_CELLULAR_RESPONSE_TO_ALCOHOL",0.211987813107099,0.0824117758130463,-0.217145545985708,0.0779672945801937,0.0213741086469622,-0.0975375443710417
"GOBP_CELLULAR_RESPONSE_TO_ALDEHYDE",-0.261542264771666,0.183214034680492,0.148225213526137,0.00741916565907608,0.206680791636446,-0.37638284315373
"GOBP_CELLULAR_RESPONSE_TO_ALKALOID",0.147209567703674,0.0681113144484649,0.0292220278669099,0.130531682524758,-0.0057217829612749,-0.306376746488687
"GOBP_CELLULAR_RESPONSE_TO_AMYLOID_BETA",0.00108601416411189,-0.19993231666546,-0.34277341531631,0.374497029537884,0.105186139916402,0.201216359769393
"GOBP_CELLULAR_RESPONSE_TO_ANGIOTENSIN",0.17565995045721,0.0131351877841206,0.0419089669289475,-0.337134696190683,0.0392013396369982,0.0857655773330541
"GOBP_CELLULAR_RESPONSE_TO_ARSENIC_CONTAINING_SUBSTANCE",-0.104522150803938,-0.602400574408988,0.217754971669115,0.331365713060277,0.402631285235091,-0.106878667503788
"GOBP_CELLULAR_RESPONSE_TO_ATP",0.404874370970919,0.0697824475243274,0.255812014315394,-0.552724914118099,-0.102440688500971,0.183398119250612
"GOBP_CELLULAR_RESPONSE_TO_BIOTIC_STIMULUS",-0.213511607031043,-0.228143147038545,-0.335042444791619,0.300503966924913,0.214876581451502,0.243860170078799
"GOBP_CELLULAR_RESPONSE_TO_CALCIUM_ION",0.234949329722458,0.0895854306322081,-0.181486168319164,-0.0413497850171282,-0.126745188272715,-0.0639435543276193
"GOBP_CELLULAR_RESPONSE_TO_CAMP",0.324478577246503,0.00185785069847055,-0.106630244799357,-0.0627356040043328,-0.264209029731536,0.213586572842753
"GOBP_CELLULAR_RESPONSE_TO_CARBOHYDRATE_STIMULUS",0.154830300735288,0.0552508593387661,0.0733024049133249,-0.0641414102777714,-0.233174635644179,0.02202469069814
"GOBP_CELLULAR_RESPONSE_TO_CHEMICAL_STRESS",0.00671188867800937,-0.0268372396607786,-0.0245476783372582,-0.0522844593426539,0.0512209553056442,0.0488834643059207
"GOBP_CELLULAR_RESPONSE_TO_COPPER_ION",0.170934806554508,0.203496404408098,0.471749750953877,-0.489230027089101,-0.189825016591287,-0.11516828321545
"GOBP_CELLULAR_RESPONSE_TO_CORTICOSTEROID_STIMULUS",0.045111704199895,-0.135098569335271,-0.057758552104437,-0.0844249666459087,0.135729060234712,0.194492435573567
"GOBP_CELLULAR_RESPONSE_TO_DEXAMETHASONE_STIMULUS",0.178451839120158,-0.239634104053892,0.0385532702973591,-0.27582607787402,0.033174211160393,0.205763549886516
"GOBP_CELLULAR_RESPONSE_TO_DSRNA",0.084098968471103,-0.302822503344083,-0.111203816197003,0.410630392830245,-0.205608143986331,0.19788085558685
"GOBP_CELLULAR_RESPONSE_TO_ESTRADIOL_STIMULUS",-0.112638271064184,0.0511375512886674,-0.219835512552894,0.115881977231212,-0.00196741624644189,0.280353434932084
"GOBP_CELLULAR_RESPONSE_TO_EXTERNAL_STIMULUS",-0.0539493421375222,0.0225605996483534,-0.319628472370457,0.184074193375964,-0.0548628379417954,0.135519066761584
"GOBP_CELLULAR_RESPONSE_TO_FATTY_ACID",-0.040780001368332,0.27705667353803,-0.0644701230722906,-0.301281021864088,0.320566570382127,-0.0262802283020867
"GOBP_CELLULAR_RESPONSE_TO_FLUID_SHEAR_STRESS",0.346845558255731,-0.179458667377318,-0.11893869095922,0.0342885982045015,-0.134193147026078,0.0435949272477079
"GOBP_CELLULAR_RESPONSE_TO_GAMMA_RADIATION",0.0524657484572046,-0.252759791848126,0.058700894420551,0.0419154790409857,0.0352341156494497,0.0772437058470954
"GOBP_CELLULAR_RESPONSE_TO_GLUCAGON_STIMULUS",0.424591525149374,0.118543318808461,-0.10091217976979,-0.112716553775635,0.0501152100358535,-0.34266334167702
"GOBP_CELLULAR_RESPONSE_TO_GLUCOSE_STARVATION",-0.0520129909642543,-0.0993569406996354,0.250608704545573,-0.134569656313562,-0.10303620876292,0.148864928433674
"GOBP_CELLULAR_RESPONSE_TO_GROWTH_HORMONE_STIMULUS",0.090227562211365,-0.157023860684132,-0.363108717007329,0.102409823936804,-0.0896100881994544,0.482828381689206
"GOBP_CELLULAR_RESPONSE_TO_HEAT",-0.0893890187534879,-0.313742530249044,0.0230237331692394,0.0886536312679286,0.184619014801537,0.204381898886289
"GOBP_CELLULAR_RESPONSE_TO_HYDROGEN_PEROXIDE",-0.142731960685181,-0.135159411884242,-0.243972781652263,0.0478009857876109,0.210989154128099,0.267521504195809
"GOBP_CELLULAR_RESPONSE_TO_INSULIN_STIMULUS",0.313990162590743,-0.149907847469787,0.233225600369749,-0.136374832924402,-0.244550934481005,-0.0315596775053237
"GOBP_CELLULAR_RESPONSE_TO_INTERFERON_BETA",-0.310761629262792,0.0244812868286447,-0.0511032295767401,0.530582925949049,0.0129182243002243,-0.17630068885112
"GOBP_CELLULAR_RESPONSE_TO_INTERLEUKIN_1",-0.11531120056128,-0.396640136354841,-0.270473927925934,0.221396841389598,0.179762097228313,0.275114881819691
"GOBP_CELLULAR_RESPONSE_TO_IONIZING_RADIATION",-0.166145438121039,-0.229083159354008,-0.190865984103985,0.309771974162046,0.118768521702609,0.244337834817336
"GOBP_CELLULAR_RESPONSE_TO_KETONE",0.24329080680008,0.0293311827393767,-0.0600586086191407,-0.162663683878906,-0.00858154804061503,-0.0311795389074378
"GOBP_CELLULAR_RESPONSE_TO_LIGHT_STIMULUS",-0.168897045644401,-0.26652706268855,-0.179946392028332,0.130710329946678,0.138602269162333,0.250785859018128
"GOBP_CELLULAR_RESPONSE_TO_LIPID",-0.0532288803351396,-0.075111586924902,-0.165367810473191,0.137790217269972,0.0369499994252197,0.134453059061668
"GOBP_CELLULAR_RESPONSE_TO_LIPOPROTEIN_PARTICLE_STIMULUS",-0.172544318864661,-0.0214593759122526,-0.262161666328441,0.13433522249247,0.410948909310129,-0.0183107748680957
"GOBP_CELLULAR_RESPONSE_TO_METAL_ION",0.0718243637823952,0.11778026706399,0.0658285227646634,-0.118719925146316,0.0101636609381635,-0.135684622433801
"GOBP_CELLULAR_RESPONSE_TO_MOLECULE_OF_BACTERIAL_ORIGIN",-0.252869940730011,-0.214606343980092,-0.357956972948595,0.3419987363282,0.230745341505978,0.251749655984613
"GOBP_CELLULAR_RESPONSE_TO_NUTRIENT",0.071455420569561,-0.146698483492286,0.0170360977211741,0.173484843862929,-0.0651065075994294,0.0120034880296301
"GOBP_CELLULAR_RESPONSE_TO_NUTRIENT_LEVELS",0.131505467424857,-0.0782509118481415,0.109494992334955,-0.124799729616819,-0.0803394514819552,-0.015677364285804
"GOBP_CELLULAR_RESPONSE_TO_OSMOTIC_STRESS",0.206721601464155,0.122037077307683,0.0433053453309202,-0.22508243384169,-0.125667866523507,-0.0420100407990344
"GOBP_CELLULAR_RESPONSE_TO_OXIDATIVE_STRESS",-0.0184987938196997,-0.0586274821239827,-0.0447158924684209,-0.00470372286418563,0.102639728918166,0.0334918363135677
"GOBP_CELLULAR_RESPONSE_TO_OXYGEN_LEVELS",0.0620297981794746,0.00708195835891964,0.186446606286199,-0.161991867032403,-0.0821407473276605,-0.012836092864687
"GOBP_CELLULAR_RESPONSE_TO_OXYGEN_RADICAL",-0.125853124457059,0.391681993152277,0.318799391261199,-0.0799879280059603,0.203959708531267,-0.432185889106794
"GOBP_CELLULAR_RESPONSE_TO_PEPTIDE_HORMONE_STIMULUS",0.270432192305995,-0.0879302374015463,0.0735356364359676,-0.13266029906494,-0.180316552954293,0.0590201793345999
"GOBP_CELLULAR_RESPONSE_TO_PH",0.206276003496105,0.170093471425005,0.278083559507848,0.00516587295432783,-0.3723751067132,-0.41535288902348
"GOBP_CELLULAR_RESPONSE_TO_PROSTAGLANDIN_E_STIMULUS",0.108914481200281,0.0247819160460829,-0.0277615114138845,0.151061118538813,-0.150488788446443,-0.163744191954882
"GOBP_CELLULAR_RESPONSE_TO_PROSTAGLANDIN_STIMULUS",0.163437843573426,0.19890876614967,-0.0455677027664818,-0.0548536156127568,-0.142982009391863,-0.198790325591771
"GOBP_CELLULAR_RESPONSE_TO_RADIATION",-0.126970451081485,-0.241967117089324,-0.171359296738253,0.178929671377131,0.132962197682271,0.1908583336807
"GOBP_CELLULAR_RESPONSE_TO_REACTIVE_NITROGEN_SPECIES",0.201736854457641,-0.186814354703989,-0.35801541950941,0.125871931569555,0.235530439159802,-0.240299195050065
"GOBP_CELLULAR_RESPONSE_TO_REACTIVE_OXYGEN_SPECIES",-0.0455648002460844,-0.0350218317751855,-0.146058050178923,0.0380355214215697,0.143263557724722,0.0456804957290182
"GOBP_CELLULAR_RESPONSE_TO_RETINOIC_ACID",0.0262861156468649,0.307104567074541,-0.199055603695203,0.179848545902487,-0.203065688633955,-0.0205882832188793
"GOBP_CELLULAR_RESPONSE_TO_STARVATION",0.148902013808596,-0.0866515929327175,0.11645919484254,-0.148620184433357,-0.0155660935687623,-0.0421902717749454
"GOBP_CELLULAR_RESPONSE_TO_STEROID_HORMONE_STIMULUS",0.0450448429813218,-0.228833784082033,0.010820689723493,0.0252830703287713,-0.0606599277767897,0.222196957466061
"GOBP_CELLULAR_RESPONSE_TO_STEROL",0.161244750380029,0.317411900869565,0.119963361109371,-0.0237642695811877,-0.350755716612596,-0.0908002768537279
"GOBP_CELLULAR_RESPONSE_TO_TOPOLOGICALLY_INCORRECT_PROTEIN",0.0257716843306924,-0.14400822762729,0.141002624625924,-0.038019172794129,-0.0463765840985737,0.0406149264349781
"GOBP_CELLULAR_RESPONSE_TO_TOXIC_SUBSTANCE",-0.0377101497163693,0.276826372584232,0.188533991079371,-0.266157397329311,0.116256534360704,-0.25884838548773
"GOBP_CELLULAR_RESPONSE_TO_TYPE_II_INTERFERON",-0.183095259760344,-0.131678944665436,-0.145721968238501,0.325323766520941,0.243821071552825,-0.096893096310074
"GOBP_CELLULAR_RESPONSE_TO_UNFOLDED_PROTEIN",-0.0192205799248185,-0.167298675506723,0.181563242774475,-0.0162349600275942,0.00127221198998226,0.00920478573021632
"GOBP_CELLULAR_RESPONSE_TO_UV",-0.241397270169814,-0.322612196499846,-0.211075909279269,0.214817116315784,0.248952795384566,0.265877544098256
"GOBP_CELLULAR_RESPONSE_TO_VASCULAR_ENDOTHELIAL_GROWTH_FACTOR_STIMULUS",-0.00784692437570411,0.118734911937206,-0.0750233344640844,0.0768789804405328,-0.190083925060831,0.0363011569512763
"GOBP_CELLULAR_RESPONSE_TO_VIRUS",-0.254957199577795,-0.254712323141336,-0.369180003254507,0.491374177256055,0.16166915275479,0.316778998390207
"GOBP_CELLULAR_RESPONSE_TO_VITAMIN",0.0417241282878001,0.0171901211378333,0.0213933966434779,0.222729938985382,-0.21343644585842,-0.0638132188267371
"GOBP_CELLULAR_RESPONSE_TO_VITAMIN_D",0.20820228099268,-0.177653262794488,0.061865887115144,0.168096527769085,-0.259047642345007,-0.0755973874483562
"GOBP_CELLULAR_RESPONSE_TO_XENOBIOTIC_STIMULUS",0.027854893948411,0.186559714787484,0.146978623457995,0.0150066710666175,-0.123445213535313,-0.158883621855106
"GOBP_CELLULAR_SENESCENCE",-0.143495033716906,-0.0552115795861995,-0.239150416705922,0.194067048396014,0.22090523120286,0.226353956141979
"GOBP_CENTRAL_NERVOUS_SYSTEM_NEURON_AXONOGENESIS",0.222245804094465,0.0883000826946302,-0.0969704015478852,-0.363921193628761,-0.172302530569631,0.309039074761321
"GOBP_CENTRAL_NERVOUS_SYSTEM_NEURON_DEVELOPMENT",0.353161105966494,0.156611915223229,-0.0953998738436362,-0.25419467940334,-0.268571174263606,0.0889399079108667
"GOBP_CENTRAL_NERVOUS_SYSTEM_NEURON_DIFFERENTIATION",0.218690657188854,0.0199104955059555,-0.0701282387856736,-0.0721741314105392,-0.240880754022104,0.0934637170658181
"GOBP_CENTRAL_NERVOUS_SYSTEM_PROJECTION_NEURON_AXONOGENESIS",0.178282529559947,0.275446318272776,-0.0665685648350853,-0.380660611532884,-0.297716491288598,0.306906830956628
"GOBP_CENTRIOLE_ASSEMBLY",-0.36320795952091,-0.368262216431383,-0.33554193011212,0.381248972740622,0.41751531767386,0.157249994046895
"GOBP_CENTROSOME_DUPLICATION",-0.303405664852612,-0.397878090162285,-0.222504609318181,0.192208231348994,0.435554656235294,0.243604232306355
"GOBP_CERAMIDE_BIOSYNTHETIC_PROCESS",0.168486231767826,0.0393319925562107,0.341976745080818,-0.205577812020975,0.0394929125170901,-0.238622907383002
"GOBP_CERAMIDE_CATABOLIC_PROCESS",-0.207871289581781,-0.00746218493043635,0.223256958340368,0.0318073188987709,0.428769970783512,-0.396129211359335
"GOBP_CERAMIDE_METABOLIC_PROCESS",0.0176985091609065,0.0240495371024136,0.239691272996836,-0.0824466048529937,0.193154612805011,-0.258185455759551
"GOBP_CEREBELLAR_CORTEX_DEVELOPMENT",0.233019198890616,0.00237881515742677,-0.0549656602487225,0.173246432957995,-0.191762410286567,-0.102841526058997
"GOBP_CEREBELLAR_CORTEX_FORMATION",0.493192612196829,-0.167446238967769,0.174621516517732,0.0350615582832491,-0.428951404427382,0.0471517812868101
"GOBP_CEREBELLAR_CORTEX_MORPHOGENESIS",0.369380173417198,-0.0438425905243608,0.0993984436514662,0.146128473715743,-0.322905706561944,-0.0835283016802867
"GOBP_CEREBELLAR_PURKINJE_CELL_LAYER_DEVELOPMENT",0.162974810698707,0.174496300545158,-0.040709061302688,0.150726833376769,-0.102843922385187,0.00467324243432479
"GOBP_CEREBRAL_CORTEX_CELL_MIGRATION",0.354503496116774,-0.0772706283688762,-0.115205319487649,-0.131927196355608,-0.212491840052799,0.171420933266676
"GOBP_CEREBRAL_CORTEX_DEVELOPMENT",0.168262793278753,-0.00199280240015914,-0.0303479213711151,-0.02897196264522,-0.13588755069986,0.0580560160316577
"GOBP_CEREBRAL_CORTEX_RADIALLY_ORIENTED_CELL_MIGRATION",0.402813343860609,-0.126099606941526,-0.0784776214913637,-0.108273704692144,-0.270701567325448,0.258104737333534
"GOBP_CGAS_STING_SIGNALING_PATHWAY",-0.530091660006282,-0.0301668980241377,-0.215748469326024,0.418049737614523,0.46312828937061,0.0381102475990523
"GOBP_CHAPERONE_MEDIATED_PROTEIN_COMPLEX_ASSEMBLY",-0.0826160104214552,-0.104728267357094,0.349496184955092,-0.220796028535907,0.257745199360683,-0.292948344172497
"GOBP_CHEMICAL_SYNAPTIC_TRANSMISSION_POSTSYNAPTIC",0.374959410778928,0.0411217523754261,0.209397463531917,-0.158419878323643,-0.321860750313703,-0.0817574625946874
"GOBP_CHEMOKINE_PRODUCTION",-0.39391542696673,-0.190984675236987,-0.428133131874143,0.371528906965702,0.372061218640743,0.20530566686709
"GOBP_CHLORIDE_TRANSPORT",0.273231464332434,0.099452711710368,0.134769149417136,0.0530688835171857,-0.286340646199394,-0.234775364924253
"GOBP_CHOLESTEROL_BIOSYNTHETIC_PROCESS_VIA_DESMOSTEROL",0.458799247984633,0.328332710157219,0.635090494611771,-0.578944348943367,-0.453509035364338,-0.499086952244346
"GOBP_CHOLESTEROL_EFFLUX",0.0472812353139379,0.125524646603877,0.239067460154882,-0.0234285476067932,0.162279781467889,-0.349957939668042
"GOBP_CHOLESTEROL_STORAGE",-0.00374210058343089,0.100019653268663,0.10966570959651,0.145160016096678,0.225374252532615,-0.487881168935543
"GOBP_CHONDROCYTE_DEVELOPMENT",-0.0991658982375139,0.443571346966114,-0.419783182244019,0.269021681554988,-0.125113359089122,0.14064629369009
"GOBP_CHONDROCYTE_DIFFERENTIATION",0.176348155060655,0.18712275136265,-0.221763189960787,0.0203854716098339,-0.26881845588482,0.0453376953350876
"GOBP_CHONDROCYTE_PROLIFERATION",-0.164917260233298,-0.00902390672661363,-0.411902097878585,0.212734291435133,0.0884059331921317,0.294159230172742
"GOBP_CHONDROITIN_SULFATE_PROTEOGLYCAN_BIOSYNTHETIC_PROCESS",-0.0629065989871956,0.0644435421513969,-0.412173803045037,0.251335471712336,0.0872543815460647,0.143474341843225
"GOBP_CHONDROITIN_SULFATE_PROTEOGLYCAN_METABOLIC_PROCESS",-0.158241098278811,0.0119121202216565,-0.411948054362437,0.341273122138905,0.135487508495522,0.255252429535423
"GOBP_CHROMOSOME_CONDENSATION",-0.501899312526009,-0.397286407523753,-0.545374293757924,0.612100863330165,0.517635041649587,0.36163325964486
"GOBP_CHROMOSOME_LOCALIZATION",-0.281393000162377,-0.246767015749865,-0.287608703068744,0.254440124390209,0.469840031047112,0.131209471292062
"GOBP_CHROMOSOME_ORGANIZATION",-0.257176021517385,-0.332675800449515,-0.278971676909691,0.298808793241993,0.407293447970243,0.195488989929368
"GOBP_CHROMOSOME_ORGANIZATION_INVOLVED_IN_MEIOTIC_CELL_CYCLE",-0.226941817619503,-0.043818961958649,-0.443467132960352,0.276332806311455,0.413210979349595,-0.0601941107415009
"GOBP_CHROMOSOME_SEGREGATION",-0.249571197801122,-0.314540516832685,-0.274475381011283,0.304855118141292,0.397264953433426,0.194688541438917
"GOBP_CHROMOSOME_SEPARATION",-0.316727224368839,-0.354447990098143,-0.503920886323071,0.432271240953923,0.519029413480422,0.270041127592132
"GOBP_CILIUM_MOVEMENT",-0.314158461878437,0.147223694542992,0.0454804997657861,-0.0734184863156079,0.0790150922158708,0.0348653719737043
"GOBP_CILIUM_OR_FLAGELLUM_DEPENDENT_CELL_MOTILITY",-0.356701755770741,0.158115046131225,0.0294835233177336,-0.0763826144259238,0.130468553321223,0.021460948472434
"GOBP_CILIUM_ORGANIZATION",0.070752011532307,-0.0174757988264487,-0.0185139301311212,-0.0437614938000846,-0.149758014525378,0.16141582863015
"GOBP_CIRCADIAN_REGULATION_OF_GENE_EXPRESSION",0.187018150592903,-0.283173307520152,0.0273795755915704,-0.0818372218978844,-0.198775042809282,0.444089419540722
"GOBP_CIRCADIAN_RHYTHM",0.180864944567872,-0.24216065565963,-0.0918841560915857,-0.102448597963334,0.036326813616406,0.251501238323651
"GOBP_CIRCULATORY_SYSTEM_PROCESS",0.217462020606531,0.185867623933067,0.0494675455699364,-0.185672746358456,-0.222867079154624,-0.136784156857586
"GOBP_CLATHRIN_COAT_ASSEMBLY",0.199182397532146,0.0302320373376789,-0.334475095583137,0.127189701523082,0.0290414989546136,-0.124497266391595
"GOBP_CLATHRIN_DEPENDENT_ENDOCYTOSIS",0.175784452212519,-0.14332882968392,0.00129101166197554,0.155134377181319,-0.185786802920457,-0.0427788774439503
"GOBP_COCHLEA_DEVELOPMENT",0.0200392158197939,0.38533113614594,-0.200054142860416,0.0643646549554677,-0.264108289212469,0.0211068222609267
"GOBP_COCHLEA_MORPHOGENESIS",-0.30007381944028,0.427581905974624,-0.250154625438433,0.36716527947956,-0.193263984137329,0.0954701957932503
"GOBP_COENZYME_A_METABOLIC_PROCESS",0.0976046193726438,0.128136271972107,0.373557187136736,-0.0914506160444684,0.0445321496852674,-0.450854243796182
"GOBP_COGNITION",0.233738352353606,0.129682555933035,0.0634369263263498,-0.244393954578081,-0.212031512362557,-0.0613539649234382
"GOBP_COLLAGEN_BIOSYNTHETIC_PROCESS",-0.150458984244334,0.208574693080167,-0.4232427580587,0.251365534483802,-0.177787550791459,0.160423251737438
"GOBP_COLLAGEN_CATABOLIC_PROCESS",-0.257590126296889,0.202699262088419,-0.508274026204537,0.474886957278429,0.316263588031455,-0.0451936837644123
"GOBP_COLLAGEN_FIBRIL_ORGANIZATION",-0.218536785572414,0.476642583953146,-0.347420722038751,0.170848367967405,-0.224634106605878,-0.00426893234553616
"GOBP_COLLAGEN_METABOLIC_PROCESS",-0.265998812387377,0.271873085688356,-0.428987395370043,0.32378815266291,0.0492003356161472,0.0639701645579677
"GOBP_COLLATERAL_SPROUTING",-0.170236976557088,0.060816760774716,0.0466270748483021,-0.0608094580239801,-0.366091389765748,0.301798435004367
"GOBP_COLUMNAR_CUBOIDAL_EPITHELIAL_CELL_DEVELOPMENT",-0.0253129754093821,-0.195522443877426,-0.401129315365389,0.0656131171250778,0.143309292508569,0.430039289940145
"GOBP_COLUMNAR_CUBOIDAL_EPITHELIAL_CELL_DIFFERENTIATION",0.0679457880518839,-0.191669182791696,-0.198532645428592,0.0934463298056694,-0.0914819500832944,0.322864495656072
"GOBP_COMPLEMENT_ACTIVATION",-0.429295213393661,-0.128419093785675,-0.408547444341617,0.417170101121925,0.481890453336924,-0.166224194530809
"GOBP_COMPLEMENT_ACTIVATION_CLASSICAL_PATHWAY",-0.54150103372864,-0.0163380393650255,-0.577546451495642,0.305137837981726,0.434587997491643,0.0884399213897958
"GOBP_CONNECTIVE_TISSUE_DEVELOPMENT",0.132028185852385,0.143041048025585,-0.155036670265188,-0.0538858817338711,-0.18109933281655,0.106452894909719
"GOBP_CONSTITUTIVE_HETEROCHROMATIN_FORMATION",0.0796846413199842,-0.263168376879378,-0.238844960098878,0.215481740841586,-0.145112538245077,0.280188579053839
"GOBP_COPII_COATED_VESICLE_BUDDING",0.0221788385520171,-0.0586625348041071,0.211760718641886,-0.22389878904013,-0.0150940966678149,-0.00838582596483289
"GOBP_COPII_COATED_VESICLE_CARGO_LOADING",0.347988106536056,-0.106947130883301,-0.0386293979943927,-0.199907663324311,0.00432290614076764,-0.114299457816697
"GOBP_COPPER_ION_HOMEOSTASIS",-0.154524742769529,0.107381951129304,-0.00355866210259376,-0.0236300296786345,0.378124045231095,-0.322347478724859
"GOBP_CORONARY_VASCULATURE_DEVELOPMENT",0.111497883031848,0.317948776465935,-0.286194951423856,0.0274696047038884,-0.173259094318789,-0.0373765105808748
"GOBP_CORPUS_CALLOSUM_DEVELOPMENT",-0.107297857849772,0.0359565546602803,-0.221162862190412,0.039460539441334,-0.0997496707075787,0.310135928545247
"GOBP_CORTICAL_ACTIN_CYTOSKELETON_ORGANIZATION",0.256865135024402,-0.0273809026288746,-0.318634660935762,0.0021946534838593,-0.0561164959507635,0.277307021500031
"GOBP_CORTICAL_CYTOSKELETON_ORGANIZATION",0.225357804974373,0.0584759801888783,-0.359290686935429,-0.0419718922496684,-0.0416066653307304,0.272512998803569
"GOBP_CORTICOSTEROID_HORMONE_SECRETION",-0.0702917921697757,0.452879261074829,0.0880990104491811,-0.0909520634425922,-0.339674518437932,-0.0301911575098197
"GOBP_COTRANSLATIONAL_PROTEIN_TARGETING_TO_MEMBRANE",0.0668848115127723,0.165657775674154,0.39125004753077,-0.464769299248891,0.355209098756209,-0.440442844364041
"GOBP_CRANIAL_NERVE_DEVELOPMENT",-0.102917776579041,0.100078451871997,-0.233317692058073,0.1184078874954,-0.0912095845128195,0.103967878138262
"GOBP_CRANIAL_NERVE_MORPHOGENESIS",0.0870048456940276,0.273814136500484,-0.416601570316277,0.0550593673963745,-0.223355065981852,-0.0269011372821258
"GOBP_CRANIAL_SKELETAL_SYSTEM_DEVELOPMENT",0.275724672280895,-0.052829135342565,-0.386521861088927,0.325157214338749,-0.199383955347186,0.0236720603545648
"GOBP_CRISTAE_FORMATION",0.291752580834336,-0.256577763590359,0.572154148500092,-0.38554210450092,0.193052617596735,-0.457780909035712
"GOBP_CYCLIC_NUCLEOTIDE_BIOSYNTHETIC_PROCESS",0.530329206784912,0.491512741930527,-0.0928479291516506,-0.399032225087662,-0.305863137480451,-0.486097401519516
"GOBP_CYCLIC_NUCLEOTIDE_METABOLIC_PROCESS",0.38996160667886,0.166141055992786,-0.0944550600611964,-0.164809634919412,-0.271263850158879,-0.0905807267126048
"GOBP_CYTOCHROME_COMPLEX_ASSEMBLY",0.0657805381884283,0.129011248046307,0.487339057087008,-0.331017966858061,-0.20259959298002,-0.278213089629709
"GOBP_CYTOKINE_MEDIATED_SIGNALING_PATHWAY",-0.120684139430296,-0.185721708552663,-0.266719472909759,0.291979288512929,0.142760228040589,0.131214892716782
"GOBP_CYTOKINE_PRODUCTION_INVOLVED_IN_IMMUNE_RESPONSE",-0.0575537118243978,-0.147694447793506,-0.342393442777825,0.381560935178678,0.267017513061453,-0.074910605187251
"GOBP_CYTOKINE_PRODUCTION_INVOLVED_IN_INFLAMMATORY_RESPONSE",-0.318702995257074,-0.420608183660756,-0.531920982644024,0.459250844104409,0.280596540488875,0.430605703429185
"GOBP_CYTOKINESIS",0.0314429576792975,-0.171634745937294,-0.106249925735939,-0.000262342809579152,0.119594901303625,0.176929337520074
"GOBP_CYTOKINETIC_PROCESS",-0.144469923785778,-0.0846311643797212,-0.256092093244309,0.123609129451522,0.119568370969282,0.201430050284658
"GOBP_CYTOPLASMIC_MICROTUBULE_ORGANIZATION",0.344429483062509,-0.331911219188415,0.101465282448108,-0.178892104101266,-0.292370629547454,0.213751422736222
"GOBP_CYTOPLASMIC_PATTERN_RECOGNITION_RECEPTOR_SIGNALING_PATHWAY",-0.13903207778315,-0.278552639542168,-0.239401890282736,0.327920770496737,0.218597827953419,0.0567582923006851
"GOBP_CYTOPLASMIC_TRANSLATION",-0.564241098879247,-0.298924147064222,-0.0849847674906554,0.0471437411864716,0.569088292920026,0.367929036728244
"GOBP_CYTOPLASMIC_TRANSLATIONAL_INITIATION",-0.461362875016103,-0.432308543575753,0.0333563388971003,0.113022659113698,0.504343915768708,0.320118130197668
"GOBP_CYTOSKELETON_DEPENDENT_CYTOKINESIS",-0.00807219153821434,-0.218857681352115,-0.17706362287965,-0.0196097388001013,0.14921498863922,0.260469926338281
"GOBP_CYTOSKELETON_DEPENDENT_INTRACELLULAR_TRANSPORT",0.187176160037471,-0.18916764594283,0.17818580910773,-0.131430236879367,-0.160778483790377,0.111096807657665
"GOBP_CYTOSOLIC_TRANSPORT",0.379732515325712,-0.203324869852031,0.0782451184923066,-0.099901566696523,-0.159627162974577,-0.120643538411566
"GOBP_D_GLUCOSE_IMPORT",0.328079649194617,0.104095194764217,0.155415324440981,-0.177715582058755,-0.229522104612796,-0.28711575709314
"GOBP_DECIDUALIZATION",-0.282593427206138,0.257215704658078,-0.161125634076439,0.243981983626779,-0.137063515258356,0.0033494202174475
"GOBP_DEFENSE_RESPONSE_TO_BACTERIUM",-0.187390085538296,-0.0700055460833945,-0.311069993673537,0.340036823105047,0.107385378739444,0.135272429709614
"GOBP_DEFENSE_RESPONSE_TO_GRAM_NEGATIVE_BACTERIUM",-0.203433320962853,-0.0254901697144145,-0.291057688890121,0.188131395137939,0.278265084221011,0.20889144035261
"GOBP_DEFENSE_RESPONSE_TO_GRAM_POSITIVE_BACTERIUM",-0.266880169153448,-0.228955562902164,-0.476713835304976,0.482269532663298,0.380595018923045,0.259431191212177
"GOBP_DEFENSE_RESPONSE_TO_VIRUS",-0.107341471462671,-0.262023463455523,-0.174962633112111,0.325266583318515,0.0192885856058397,0.0771341738367049
"GOBP_DEFINITIVE_HEMOPOIESIS",0.12554522237688,0.22003740448289,-0.366897206860785,0.16880820277336,-0.264972489910741,-0.0133520429977391
"GOBP_DENDRITE_DEVELOPMENT",0.272719407240034,0.0485837195708402,-0.00346645149782454,-0.0640929121794706,-0.313826930080318,0.114075354740948
"GOBP_DENDRITE_EXTENSION",0.294854789362295,-0.168657565100981,0.0623782860231413,0.0419697743943925,-0.418877904733678,0.10577090322112
"GOBP_DENDRITE_MORPHOGENESIS",0.270051092446546,0.100003874175249,-0.0669100090859945,-0.141261827721473,-0.285768170497108,0.12561123749384
"GOBP_DENDRITIC_CELL_CHEMOTAXIS",-0.43108700534306,0.232138602462113,-0.477165957462085,0.568406696267535,0.37669802148573,-0.15015974085949
"GOBP_DENDRITIC_CELL_DIFFERENTIATION",-0.197617330989145,-0.133587484292074,-0.387397573402422,0.432810693183691,0.353455491800323,-0.103391493166834
"GOBP_DENDRITIC_CELL_MIGRATION",-0.333425306474839,0.326335423207157,-0.298351310509494,0.479601941360745,0.152813383296334,-0.247007018281572
"GOBP_DENDRITIC_SPINE_DEVELOPMENT",0.268920599172833,0.0516842790756537,-0.0278418071503615,-0.101589980773757,-0.273494439411783,0.20661779413268
"GOBP_DENDRITIC_SPINE_MAINTENANCE",-0.0488845463619223,-0.182642416688709,0.102016309376975,-0.128082982833107,0.0077949427199755,0.123161576183385
"GOBP_DENDRITIC_SPINE_MORPHOGENESIS",0.22752259489721,0.06865278048211,-0.0579804385554925,-0.0890121839225344,-0.258909394177939,0.224934881241839
"GOBP_DENTATE_GYRUS_DEVELOPMENT",0.391198603414228,-0.171271305456595,0.0492894778117874,-0.186333609344054,-0.236060668337537,0.0749367423172027
"GOBP_DEOXYRIBONUCLEOTIDE_BIOSYNTHETIC_PROCESS",-0.137779316259586,0.368117348868962,-0.453232716498595,0.181730536910961,0.532633546210524,-0.485556327607476
"GOBP_DEOXYRIBONUCLEOTIDE_CATABOLIC_PROCESS",-0.246402571219333,0.0614154566156912,-0.301346388079123,0.19795990691857,0.307422924011353,-0.167312987832841
"GOBP_DEOXYRIBONUCLEOTIDE_METABOLIC_PROCESS",-0.191284549611993,0.217076093650041,-0.325914954334149,0.221631731461452,0.427269366096011,-0.287821923416264
"GOBP_DEPHOSPHORYLATION",0.194742255501728,-0.303111249653636,0.0366208222104355,-0.10608132796931,-0.199265987903189,0.367779802766841
"GOBP_DERMATAN_SULFATE_PROTEOGLYCAN_METABOLIC_PROCESS",-0.0799504653254317,0.110707593587319,-0.426405264826665,0.301939789449919,0.191336805019371,0.09583656256314
"GOBP_DETECTION_OF_ABIOTIC_STIMULUS",0.211895097139199,0.0866777156313787,0.0265047645621575,0.0389341382616541,-0.244051324692017,-0.0371719907913852
"GOBP_DETECTION_OF_BIOTIC_STIMULUS",-0.21906129036661,-0.0662021720960082,-0.515996051983415,0.357834068146058,0.323166006291442,0.219814515585555
"GOBP_DETECTION_OF_CHEMICAL_STIMULUS",-0.00381910421834272,0.0723801743275308,-0.28147978834154,0.0874221517659146,0.254364351802818,-0.0417486707474537
"GOBP_DETECTION_OF_EXTERNAL_BIOTIC_STIMULUS",-0.400404264851408,-0.205853193387863,-0.653266303399898,0.483981790515517,0.572744243176894,0.174518596465819
"GOBP_DETECTION_OF_LIGHT_STIMULUS",0.252841990468969,0.0752677672511097,0.171676923815037,-0.0356608067563189,-0.289581750056649,-0.157940444082098
"GOBP_DETECTION_OF_MECHANICAL_STIMULUS",0.264942011870095,0.101342082973895,-0.0631468168226222,0.228058240112285,-0.347265516741078,0.0792690678984553
"GOBP_DETECTION_OF_MECHANICAL_STIMULUS_INVOLVED_IN_SENSORY_PERCEPTION",0.257426640920955,0.033786970611645,0.00270920529152746,0.0871961980895405,-0.327966238731965,0.208894002139262
"GOBP_DETECTION_OF_STIMULUS",0.13635854708965,0.0974455757033152,-0.149343943902127,0.078886010751346,-0.0609908243213916,-0.00690675481196706
"GOBP_DETECTION_OF_STIMULUS_INVOLVED_IN_SENSORY_PERCEPTION",0.220398406241238,0.0487711932102396,0.0954380950305314,0.0262552767835576,-0.25803461468166,0.0167140624137996
"GOBP_DETECTION_OF_STIMULUS_INVOLVED_IN_SENSORY_PERCEPTION_OF_PAIN",0.0458046185999471,-0.346822811130457,0.0137024590205382,-0.0251940327238317,-0.0499258026878469,0.253381350613809
"GOBP_DETECTION_OF_TEMPERATURE_STIMULUS",-0.131661721784262,-0.215660082711611,-0.0200882985312277,-0.140986987021247,0.18395289039458,0.271450187245898
"GOBP_DETERMINATION_OF_ADULT_LIFESPAN",-0.0627828031456909,0.155879929354872,-0.166375114919575,0.118541343821458,0.00921315025748246,0.0728893480578751
"GOBP_DETOXIFICATION",-0.0786561036145392,0.292269552459979,0.170831549052715,-0.197371065994549,0.137720313201756,-0.311429620534324
"GOBP_DEVELOPMENT_OF_PRIMARY_FEMALE_SEXUAL_CHARACTERISTICS",-0.0447705561343414,-0.123612311555899,-0.207275098062979,0.190574843938449,-0.124384760345812,0.219817072876022
"GOBP_DEVELOPMENT_OF_PRIMARY_SEXUAL_CHARACTERISTICS",0.015283240827276,-0.0453833460362966,-0.216508311285479,0.159371905757191,-0.0878243526748815,0.125458142684596
"GOBP_DEVELOPMENTAL_CELL_GROWTH",0.185058910401236,-0.0185778958122125,-0.0555350779661889,-0.0457724475882535,-0.28632691338503,0.14533327974797
"GOBP_DEVELOPMENTAL_GROWTH_INVOLVED_IN_MORPHOGENESIS",0.157746911797639,0.0166376707918146,-0.0647006303967022,-0.060142188054541,-0.293526633686124,0.143409582541001
"GOBP_DEVELOPMENTAL_INDUCTION",0.165746896412327,0.27833286091099,-0.0282242098774213,-0.0968002584434236,-0.24903205615844,-0.109559741931372
"GOBP_DEVELOPMENTAL_MATURATION",0.118398887285486,0.102408737167057,0.0377371802767787,-0.0643857427359888,-0.156816723359758,-0.0068917000298194
"GOBP_DEVELOPMENTAL_PIGMENTATION",0.0107565904711266,-0.0159782465841373,-0.180296949495532,0.0917696393575375,0.028658809121171,-0.0959784045127222
"GOBP_DIACYLGLYCEROL_METABOLIC_PROCESS",0.212914014288589,-0.0194672268601055,0.259387311753739,0.180756328608232,-0.217945561858183,-0.453232258736416
"GOBP_DICARBOXYLIC_ACID_METABOLIC_PROCESS",0.10600874388438,0.0807459999797051,0.419485038352806,-0.110336335302675,0.0247599641080203,-0.469513416743943
"GOBP_DICARBOXYLIC_ACID_TRANSPORT",0.0115910524964744,-0.0521317394724807,0.145008113799874,0.00459107897666261,-0.0582242067203617,-0.108353872620427
"GOBP_DIENCEPHALON_DEVELOPMENT",0.0954955585496554,0.152458592386388,0.0539729102955286,-0.186528117622083,-0.00278333740830844,-0.226729685157467
"GOBP_DIGESTION",0.250185305681545,0.210101713049087,-0.102931057646243,-0.134486707916983,0.0260033390186674,-0.225353962679932
"GOBP_DIGESTIVE_SYSTEM_DEVELOPMENT",0.0625116258416677,0.207116771728568,-0.318425195644403,0.00276295946836985,-0.116336522847107,0.213392785474834
"GOBP_DIGESTIVE_SYSTEM_PROCESS",0.19291379921525,0.109096922899437,-0.202129483044776,0.0108918254823742,0.0795494515920807,-0.239360649921516
"GOBP_DIGESTIVE_TRACT_MORPHOGENESIS",0.0922873301741208,0.257597389492919,-0.29724778053611,0.00965439031889198,-0.29710839978457,0.188160488260891
"GOBP_DIOL_BIOSYNTHETIC_PROCESS",-0.0281427159730808,0.227404707911688,0.409943785542042,-0.25397801400483,0.0698050496003999,-0.28465369092189
"GOBP_DIOL_METABOLIC_PROCESS",0.0506168445427532,0.325430970339147,0.337648166618546,-0.312722891424165,-0.0600940054875971,-0.385651448628612
"GOBP_DISRUPTION_OF_ANATOMICAL_STRUCTURE_IN_ANOTHER_ORGANISM",-0.126165603253103,-0.0306263957276313,-0.333863034436139,0.305861052697501,0.306188154580965,-0.0701944762618659
"GOBP_DITERPENOID_METABOLIC_PROCESS",-0.223134876877014,0.276095918715152,0.133393864050345,-0.168754657737755,0.124400410472494,-0.176804182166815
"GOBP_DNA_BIOSYNTHETIC_PROCESS",-0.219481480502061,-0.295935726149894,-0.329547585189883,0.345187575095464,0.346063500313045,0.100107927201875
"GOBP_DNA_CATABOLIC_PROCESS",-0.30913547194343,-0.480722636422856,-0.0595128747738259,0.421700954413756,0.233048587188422,0.176364113741733
"GOBP_DNA_CONFORMATION_CHANGE",0.00214897715461249,-0.176674478458835,-0.403591353700337,0.081167306722261,0.0573065559901544,0.393257106619556
"GOBP_DNA_DAMAGE_RESPONSE_SIGNAL_TRANSDUCTION_BY_P53_CLASS_MEDIATOR",-0.284780635401261,-0.196055016194088,-0.298968743158269,0.319933202598024,0.173720911524692,0.428514135742259
"GOBP_DNA_DAMAGE_TOLERANCE",-0.160877806239922,-0.338553705359503,-0.308412477052103,0.324463025651512,0.186347908920797,0.0603070767495998
"GOBP_DNA_DOUBLE_STRAND_BREAK_PROCESSING",-0.155934983116604,-0.419658438353597,-0.0443386010202809,0.0392314543094642,0.0522129951703445,0.435562145847952
"GOBP_DNA_INTEGRITY_CHECKPOINT_SIGNALING",-0.17366132266575,-0.343330142830901,-0.262525866532204,0.390247052528911,0.290326130070646,0.21763156837274
"GOBP_DNA_METHYLATION_DEPENDENT_CONSTITUTIVE_HETEROCHROMATIN_FORMATION",0.199009785401061,-0.326234664141784,-0.134406540548699,0.200526968601498,-0.135265394191013,0.129921823775156
"GOBP_DNA_MODIFICATION",-0.314215517284961,0.0762908121599756,-0.410494845848341,0.431667947180944,0.374948982080723,-0.141604919256999
"GOBP_DNA_RECOMBINATION",-0.198746364421803,-0.326057469691389,-0.261985573199718,0.323323216189417,0.231748302798266,0.135016521860523
"GOBP_DNA_REPAIR_DEPENDENT_CHROMATIN_REMODELING",-0.430075210843135,-0.387652377676057,-0.0634794378287863,0.346166956590952,0.0375033950708752,0.438077151639856
"GOBP_DNA_REPLICATION",-0.227583163913903,-0.308982544953825,-0.334529959923603,0.341804916213775,0.384700310140426,0.178725702404487
"GOBP_DNA_REPLICATION_CHECKPOINT_SIGNALING",-0.503127865148132,-0.318031921981166,-0.467549159070591,0.572914691440723,0.566855723485215,0.138679251627012
"GOBP_DNA_REPLICATION_INITIATION",-0.392925017230503,-0.315986845367271,-0.520759446696958,0.344383331247892,0.658355636934894,0.27908331918229
"GOBP_DNA_STRAND_ELONGATION",-0.462479386482051,-0.400969623749104,-0.207854167499275,0.361992255635428,0.47679650424059,0.153065004951493
"GOBP_DNA_SYNTHESIS_INVOLVED_IN_DNA_REPAIR",-0.0895898926957729,-0.265384878014493,-0.426342343445732,0.530262463180902,0.468384074475164,-0.0468420004191348
"GOBP_DNA_SYNTHESIS_INVOLVED_IN_DNA_REPLICATION",-0.18596866865418,-0.380736316029042,-0.434661726963455,0.479401529772805,0.207410774185998,0.124146941602515
"GOBP_DNA_TEMPLATED_DNA_REPLICATION",-0.21473922736642,-0.314528476719973,-0.436258257456176,0.411670451506225,0.45015242034826,0.168197571036413
"GOBP_DNA_TEMPLATED_DNA_REPLICATION_MAINTENANCE_OF_FIDELITY",-0.102462605851294,-0.433616490946573,-0.485790350816875,0.479486379136134,0.429459103126973,0.25274748554449
"GOBP_DNA_TEMPLATED_TRANSCRIPTION_ELONGATION",-0.276067058395948,-0.362312879538366,-0.151052006703943,0.280103471202275,0.167749154153392,0.321263321874054
"GOBP_DNA_TEMPLATED_TRANSCRIPTION_INITIATION",-0.174956990781453,-0.289964712277221,-0.0497598329575162,0.110502234863056,0.149029044814725,0.253005262568451
"GOBP_DNA_TEMPLATED_TRANSCRIPTION_TERMINATION",-0.344474171808848,-0.388861150773671,0.0336090616463666,0.206070601405259,0.215395148319951,0.286141652888886
"GOBP_DOLICHOL_LINKED_OLIGOSACCHARIDE_BIOSYNTHETIC_PROCESS",-0.238387567384562,-0.0499114894564588,0.129652923198946,-0.236244773947837,0.163122210994271,0.188071441554052
"GOBP_DOPAMINE_METABOLIC_PROCESS",0.337014377214857,0.224941542135611,0.0072827727199441,-0.288002350485101,-0.0241298689153824,-0.160861905353656
"GOBP_DOPAMINE_SECRETION",0.235011452796451,0.00274108691871688,0.21344017174158,-0.357611092916482,-0.14531882998633,0.04464861379755
"GOBP_DOPAMINE_TRANSPORT",0.11474348959141,-0.0297430911269674,0.289596510643149,-0.314552915443045,0.0394723821665308,-0.0544644976467971
"GOBP_DOPAMINERGIC_NEURON_DIFFERENTIATION",0.0439476810342319,0.101965968048752,0.406435310403545,0.0807699181313646,-0.43914472524513,0.196853221235389
"GOBP_DORSAL_VENTRAL_PATTERN_FORMATION",0.0605430584674134,0.213996320268384,-0.16171705625907,-0.186817549109369,-0.165868175536096,0.133557241842717
"GOBP_DOSAGE_COMPENSATION_BY_INACTIVATION_OF_X_CHROMOSOME",0.0261925876445386,-0.408250998112922,-0.480933028794704,0.359762130195935,0.380796608686684,0.324875891311115
"GOBP_DOUBLE_STRAND_BREAK_REPAIR",-0.225187933382792,-0.316751776107692,-0.270617984758542,0.320938516463995,0.252281093343158,0.181491664576025
"GOBP_DOUBLE_STRAND_BREAK_REPAIR_VIA_NONHOMOLOGOUS_END_JOINING",-0.121483904192272,-0.283456084531952,-0.240780046707177,0.31088610855707,0.236399172705461,0.0708804589157995
"GOBP_EAR_DEVELOPMENT",0.0936747129774202,0.151307883285288,-0.126228795512718,-0.0795163985602927,-0.2477986765505,0.0948448745440507
"GOBP_EAR_MORPHOGENESIS",0.164053882842423,0.0616776786792285,-0.100364274580263,-0.074335090471385,-0.285382832437693,0.105730180098187
"GOBP_EATING_BEHAVIOR",0.2779757730425,0.00918728819132145,0.297173190939115,-0.136688725274282,-0.249817020282876,-0.112015408536886
"GOBP_ECTODERM_DEVELOPMENT",-0.0371129776925548,-0.130873683877607,0.00727978427851073,0.14115447179005,-0.234193765607547,0.0945708966007428
"GOBP_ELECTRON_TRANSPORT_CHAIN",0.188287406024664,0.45183185787927,0.614509490473201,-0.508972721696532,-0.00674791478836345,-0.565554718240672
"GOBP_EMBRYO_IMPLANTATION",-0.204700233111265,0.124072698430248,-0.120436030022166,0.130692922987749,-0.0719890584530481,0.153859792398731
"GOBP_EMBRYONIC_APPENDAGE_MORPHOGENESIS",0.172923937418842,0.0758142305605636,-0.29451336911508,0.187302474545369,-0.232760681374911,0.168732379978371
"GOBP_EMBRYONIC_AXIS_SPECIFICATION",0.267085129609045,-0.0085003400136005,0.185624805754871,-0.118370334384702,-0.426359949946979,0.063713267737665
"GOBP_EMBRYONIC_BRAIN_DEVELOPMENT",-0.0338179247273416,-0.00885498466748497,-0.288300409452633,0.406638109840426,0.105976570999456,-0.174766563456033
"GOBP_EMBRYONIC_CAMERA_TYPE_EYE_DEVELOPMENT",0.0773300085450345,0.176881426816425,-0.162526850187494,0.160789123752415,-0.305684919288208,0.0327651738710144
"GOBP_EMBRYONIC_CAMERA_TYPE_EYE_MORPHOGENESIS",0.134061740286348,0.150414807227818,-0.256221489163537,0.103279547455811,-0.413893007300177,0.122559612499062
"GOBP_EMBRYONIC_CRANIAL_SKELETON_MORPHOGENESIS",0.255230601371503,0.0525723154514311,-0.414850472079835,0.297275101719471,-0.210692587977206,-0.0242150452793866
"GOBP_EMBRYONIC_DIGESTIVE_TRACT_DEVELOPMENT",-0.166128795854207,0.338262792978319,-0.443799770547044,-0.000703933351639707,0.0573788718246254,0.0588371681725997
"GOBP_EMBRYONIC_DIGIT_MORPHOGENESIS",0.164863576069831,0.0372486716478631,-0.341651544688742,0.291789450458715,-0.247596762150211,0.172932056003843
"GOBP_EMBRYONIC_EPITHELIAL_TUBE_FORMATION",0.0405560223559731,0.177300549678549,-0.22357412772289,0.205262803019319,-0.172221237494772,0.00306468928826753
"GOBP_EMBRYONIC_EYE_MORPHOGENESIS",-0.0276835005286882,0.387513101398569,-0.374797997749718,0.0662847565219922,-0.392124372312439,0.255311280579854
"GOBP_EMBRYONIC_FORELIMB_MORPHOGENESIS",-0.27990934987992,-0.0256103701705825,0.00281775654551697,0.124554206680968,-0.185199751038538,0.306969374256214
"GOBP_EMBRYONIC_HEART_TUBE_DEVELOPMENT",0.0689840975906724,-0.00279233119114206,-0.105300528086014,0.0221148228449182,-0.0234722278888005,0.0500368859765936
"GOBP_EMBRYONIC_HEART_TUBE_MORPHOGENESIS",-0.121545598105014,-0.00821071628345976,-0.085796635655193,0.183137784049824,-0.0642710314712974,0.102217872115307
"GOBP_EMBRYONIC_HEMOPOIESIS",0.302095871485877,-0.142530821655391,-0.0423636313672258,0.11059298244007,-0.179883739972223,-0.0706558109992798
"GOBP_EMBRYONIC_HINDLIMB_MORPHOGENESIS",0.0239508515985697,0.0875469214988434,-0.139720462696143,0.354054252734112,-0.374353140043958,0.264881130979344
"GOBP_EMBRYONIC_MORPHOGENESIS",0.0184427496032115,0.0466629753879908,-0.217471433468725,0.0365368400936974,-0.13651686020252,0.17636557096609
"GOBP_EMBRYONIC_ORGAN_DEVELOPMENT",-0.00660622018662541,0.0827838343294142,-0.19264220843388,0.0584782638867093,-0.162764438346277,0.0986822841866973
"GOBP_EMBRYONIC_ORGAN_MORPHOGENESIS",-0.00236309991994263,0.0948269876102711,-0.180872469010475,0.0493589033752972,-0.232302282504163,0.125468265389208
"GOBP_EMBRYONIC_PATTERN_SPECIFICATION",0.175547877746273,0.0379767403271373,-0.0718019426103375,-0.0506341203202173,-0.301899279298458,0.0544835532686179
"GOBP_EMBRYONIC_PLACENTA_DEVELOPMENT",-0.0210666526364419,0.114215518383248,-0.192532024784637,0.17231133017679,-0.203227884716329,0.0759714881482768
"GOBP_EMBRYONIC_PLACENTA_MORPHOGENESIS",-0.18115865743283,0.323253579256095,-0.206964764332084,0.26630735441752,-0.0888221930914166,0.0535915287725769
"GOBP_EMBRYONIC_SKELETAL_SYSTEM_DEVELOPMENT",-0.0586805225821017,0.217724378223278,-0.278896714610301,0.204022410941819,-0.269993367913551,0.0820093335318733
"GOBP_EMBRYONIC_SKELETAL_SYSTEM_MORPHOGENESIS",-0.0674153114481175,0.117192319607991,-0.222490829633341,0.308382742608945,-0.308348682694269,0.124496540255525
"GOBP_ENDOCARDIAL_CUSHION_DEVELOPMENT",0.0561912839803707,0.126008434264753,-0.316553446415948,0.138158185283766,-0.022477164453582,0.0237320846917327
"GOBP_ENDOCARDIAL_CUSHION_FORMATION",-0.202227954695166,0.127714831259692,-0.455832083519538,0.450489384557058,0.114056141468953,0.0900732555153259
"GOBP_ENDOCARDIAL_CUSHION_MORPHOGENESIS",-0.0296057318892069,0.171326110898089,-0.346807361898362,0.291375444380836,-0.018406678686708,0.0393865604335533
"GOBP_ENDOCHONDRAL_BONE_MORPHOGENESIS",0.104074193793773,0.310060354003975,-0.309641522633579,0.0422969777388606,-0.0220313076079731,-0.0304921883597834
"GOBP_ENDOCRINE_HORMONE_SECRETION",-0.0116684848016967,0.360489795517186,0.12517295812817,-0.13201682221913,-0.247184348722095,-0.120946496865332
"GOBP_ENDOCRINE_PANCREAS_DEVELOPMENT",0.354913379703756,0.433119577890669,0.381650201655459,-0.217095426410396,-0.50480256275731,-0.178431004481185
"GOBP_ENDOCRINE_PROCESS",0.0145301595793116,0.379122956364782,-0.0631033639925762,-0.147680592809796,-0.0569200139380319,-0.193069924589938
"GOBP_ENDOCRINE_SYSTEM_DEVELOPMENT",0.113141372952857,0.124910501519038,-0.00437088775292366,-0.084573716345521,-0.243084169788539,0.024039723740965
"GOBP_ENDOCYTIC_RECYCLING",0.179364204454056,-0.192282360371768,0.249368731203009,-0.163438394766682,0.0538517368722819,-0.170659038078565
"GOBP_ENDODERM_DEVELOPMENT",0.119360938801694,-0.252891125472527,-0.327068710188132,0.212582625854583,-0.1376603871713,0.38102090475949
"GOBP_ENDODERM_FORMATION",-0.0361474008710101,-0.183358797956098,-0.325188628534727,0.264501551632967,0.00928841248722101,0.283702294456045
"GOBP_ENDODERMAL_CELL_DIFFERENTIATION",-0.0973516363591015,-0.0704439102582806,-0.316072699942282,0.279913729953839,-0.0374885152570895,0.231739257186568
"GOBP_ENDOLYSOSOMAL_TOLL_LIKE_RECEPTOR_SIGNALING_PATHWAY",-0.0219275923638678,-0.430484772542265,-0.314305512608549,0.469741286440925,0.20531059473034,-0.103487193411036
"GOBP_ENDONUCLEOLYTIC_CLEAVAGE_OF_TRICISTRONIC_RRNA_TRANSCRIPT_SSU_RRNA_5_8S_RRNA_LSU_RRNA",-0.387725885728938,-0.528593324145214,-0.243004388588599,0.39177496154232,0.523047025673715,0.309995571733406
"GOBP_ENDOPLASMIC_RETICULUM_CALCIUM_ION_HOMEOSTASIS",0.295824363328115,-0.0287905157086293,0.255139956652205,0.145924816543708,-0.134387507078028,-0.413727212994644
"GOBP_ENDOPLASMIC_RETICULUM_MEMBRANE_ORGANIZATION",0.42673351430396,0.166057704925691,0.583553810822458,-0.515590200407935,-0.259838165293833,-0.412113787862382
"GOBP_ENDOPLASMIC_RETICULUM_ORGANIZATION",0.209928582895356,-0.0801175983740202,0.251323420240918,-0.160923021246595,0.000230165367088642,-0.23135228611278
"GOBP_ENDOPLASMIC_RETICULUM_TO_CYTOSOL_TRANSPORT",-0.0999504771318953,-0.156928669046858,0.41431181934436,-0.243667051997468,0.330018046425964,-0.21874300197163
"GOBP_ENDOPLASMIC_RETICULUM_TO_GOLGI_VESICLE_MEDIATED_TRANSPORT",-0.0492810827374797,-0.18874206350896,0.10469458879812,-0.146389162655271,0.121373812866194,0.158290994891953
"GOBP_ENDOPLASMIC_RETICULUM_TUBULAR_NETWORK_ORGANIZATION",0.299965433007444,-0.107622496075295,0.193410551105883,-0.280610485057678,-0.0948385663511603,-0.0574016520208445
"GOBP_ENDOSOMAL_TRANSPORT",0.164592817235952,-0.14770514550826,0.166002554223004,-0.168287704409827,-0.0153311838605264,-0.00496359162526816
"GOBP_ENDOSOME_ORGANIZATION",-0.0767275068604238,-0.234466687868937,0.185829899878016,-0.0604106763186807,0.173651182427652,-0.0264902067717944
"GOBP_ENDOSOME_TO_LYSOSOME_TRANSPORT",0.132276774260239,-0.147398691301967,0.105269665820034,-0.134654733357975,-0.0643247830344069,0.0444101977181667
"GOBP_ENDOSOME_TO_LYSOSOME_TRANSPORT_VIA_MULTIVESICULAR_BODY_SORTING_PATHWAY",-0.222741364223782,0.0669246936272575,0.211132656563377,-0.17732834737654,0.151012361868926,-0.104482284942146
"GOBP_ENDOSOME_TO_PLASMA_MEMBRANE_PROTEIN_TRANSPORT",0.132862019356342,0.413974401123027,0.299458743281534,-0.495577339934472,0.211183827198871,-0.420464734223913
"GOBP_ENDOTHELIAL_CELL_APOPTOTIC_PROCESS",0.14342453067269,0.120577705294634,-0.320618219647752,-0.00493801099955038,-0.0869898073842337,0.143469022576076
"GOBP_ENDOTHELIAL_CELL_CHEMOTAXIS",-0.159353213011345,0.0450099721553023,0.0799441650850917,-0.198330490439125,-0.0705120165490379,0.246909479087194
"GOBP_ENDOTHELIAL_CELL_DEVELOPMENT",0.0807932042993502,-0.11071739994593,-0.198492650169042,-0.121566419194602,-0.202259433924996,0.421817249588365
"GOBP_ENDOTHELIAL_CELL_DIFFERENTIATION",0.17060192805912,-0.0341756323001067,-0.221520322851952,-0.192336224849075,-0.151542642606126,0.280105202552671
"GOBP_ENDOTHELIAL_CELL_MIGRATION",-0.0192244087721083,0.191770930535212,-0.112753470505377,-0.112397744790402,-0.0695577582029448,0.0712229803516622
"GOBP_ENDOTHELIAL_CELL_PROLIFERATION",0.0410372573767603,0.264226282584446,-0.0518670072066768,-0.134597045993896,-0.0505911299403237,-0.0160401218943925
"GOBP_ENDOTHELIUM_DEVELOPMENT",0.154619991670358,0.0116674866911709,-0.273991254873252,-0.16962915344983,-0.0614560826014732,0.227331990125643
"GOBP_ENERGY_HOMEOSTASIS",0.0316625710374827,0.0687350129699547,-0.022891034900791,0.0364869271408023,-0.0463652564313384,0.0967416985680175
"GOBP_ENERGY_RESERVE_METABOLIC_PROCESS",0.287796031246544,0.201894004358723,0.175008839307236,-0.266076516009006,-0.149958156801481,-0.10480617208369
"GOBP_ENSHEATHMENT_OF_NEURONS",0.308330091022797,0.0544558058053728,0.197713077121312,-0.34201452278037,-0.234923971501004,0.0115939820349668
"GOBP_ENTEROENDOCRINE_CELL_DIFFERENTIATION",0.368549968868281,0.465824535233606,0.443396698908353,-0.274025123236997,-0.518328447548561,-0.191928856375974
"GOBP_ENTRAINMENT_OF_CIRCADIAN_CLOCK",0.00249297156748599,-0.35004660111235,0.152232211228458,-0.00201732392142415,-0.135687364932007,0.37796139455524
"GOBP_ENTRAINMENT_OF_CIRCADIAN_CLOCK_BY_PHOTOPERIOD",-0.023105495628468,-0.339548073697404,-0.0141878274889158,0.0300621227646305,-0.0203820518466007,0.384208918346686
"GOBP_EPHRIN_RECEPTOR_SIGNALING_PATHWAY",0.187889037550153,-0.112198827683891,-0.310926052464905,0.0919742686256635,-0.132551791639979,0.345537187569918
"GOBP_EPIBOLY",0.122012524370283,0.0568420402230396,-0.378572085784455,0.2524665704654,-0.0758845925641741,0.198003049689942
"GOBP_EPIDERMAL_CELL_DIFFERENTIATION",0.0395253064169775,0.0200949795831921,-0.157142384814467,-0.0595791779089962,-0.229257563713672,0.315213323663723
"GOBP_EPIDERMIS_DEVELOPMENT",-0.0134645174460233,0.0970675966384688,-0.178485747784134,-0.00897582616307188,-0.203668101211915,0.267443152419908
"GOBP_EPIDERMIS_MORPHOGENESIS",-0.0203026331148616,0.12384191849971,-0.461221506364074,-0.0222127513620671,-0.0393909275913494,0.501639563465024
"GOBP_EPIGENETIC_PROGRAMMING_OF_GENE_EXPRESSION",0.22802546795912,-0.275471664956875,-0.258796988308656,-0.087372827437809,0.125867193303434,0.20945557819705
"GOBP_EPIGENETIC_REGULATION_OF_GENE_EXPRESSION",0.0375756556936477,-0.275180628173697,-0.248829541278108,0.2089555021723,-0.0119038340181248,0.271661930479761
"GOBP_EPITHELIAL_CELL_APOPTOTIC_PROCESS",0.240705185485205,-0.00402014440920456,-0.0335154070939306,-0.00829357914375053,-0.227449430753688,-0.056132274326608
"GOBP_EPITHELIAL_CELL_DEVELOPMENT",0.174261299009284,-0.000627958028555364,-0.170085281905437,-0.102468855601424,-0.264120618155147,0.266870368922584
"GOBP_EPITHELIAL_CELL_DIFFERENTIATION",0.0692280406799216,0.0352630295883915,-0.0687050811520781,-0.0875451640124574,-0.17984144353507,0.189132768853673
"GOBP_EPITHELIAL_CELL_DIFFERENTIATION_INVOLVED_IN_KIDNEY_DEVELOPMENT",0.235467068890767,0.0229408739557987,-0.331746488952427,0.108346733896154,-0.228227615204716,0.113680351509148
"GOBP_EPITHELIAL_CELL_MORPHOGENESIS",0.280283205132137,0.136667748091242,-0.106119178722735,-0.377913153213972,-0.118512511536879,0.222911582562258
"GOBP_EPITHELIAL_CELL_PROLIFERATION",-0.0249982196632365,0.112861572368479,-0.152489018478303,0.0250138193422776,-0.0676758644396228,0.0658588739080194
"GOBP_EPITHELIAL_STRUCTURE_MAINTENANCE",-0.131029109277842,0.288301032786808,-0.114017951297451,0.284546452872346,0.00894277459926845,-0.326697609362207
"GOBP_EPITHELIAL_TO_MESENCHYMAL_TRANSITION",-0.0910055562345716,0.236057274252994,-0.227151364173432,0.084621292693685,-0.162276564661467,0.173615770587417
"GOBP_EPITHELIAL_TUBE_BRANCHING_INVOLVED_IN_LUNG_MORPHOGENESIS",-0.147074654668626,0.314007763643344,-0.128898253723825,0.0559485877682516,0.0297314051970028,-0.0644823271854669
"GOBP_EPITHELIAL_TUBE_MORPHOGENESIS",0.00116338106098449,0.144216463735166,-0.201118405222999,0.113153956148422,-0.139931296281136,0.0724688704437237
"GOBP_ER_NUCLEUS_SIGNALING_PATHWAY",0.0877636213092886,-0.169585931331513,0.246516788105906,-0.127609353393413,-0.0247320999832313,0.0669794039740538
"GOBP_ERAD_PATHWAY",0.0758529568358213,-0.157769364555864,0.289676766177535,-0.262440752270196,0.0514613268946247,-0.105621437430189
"GOBP_ERBB_SIGNALING_PATHWAY",0.192580913080245,-0.207219866322374,-0.112151019689812,0.0942437591941864,-0.124747025191498,0.108353834778876
"GOBP_ERBB2_SIGNALING_PATHWAY",0.34195381388063,-0.310516050256505,0.278822825028477,0.0103015243324786,-0.234637922886394,0.0543503724672852
"GOBP_ERK1_AND_ERK2_CASCADE",-0.00484467531806243,-0.0336579913483781,-0.228348685104101,0.0792332365601795,0.0429327267066886,0.161659256123923
"GOBP_ERYTHROCYTE_DEVELOPMENT",0.362790651192923,-0.244545118833995,-0.115495439125751,-3.29922636677082e-05,-0.286680468585705,0.153162430354119
"GOBP_ERYTHROCYTE_HOMEOSTASIS",0.188349527857526,-0.272702897338076,-0.245309272807078,0.0940911378787628,0.000375499067053253,0.177649755516125
"GOBP_ERYTHROCYTE_MATURATION",0.365329579382788,0.0186093180673358,0.0132942304679401,-0.0623272725459126,-0.444479882991729,0.0308032267673848
"GOBP_ESTABLISHMENT_OF_CELL_POLARITY",0.224405570441929,-0.0702531718533404,-0.0919248903932324,0.109274898132643,-0.137387169421898,0.0026904140088814
"GOBP_ESTABLISHMENT_OF_ENDOTHELIAL_BARRIER",-0.00281604400413729,-0.0365104269122984,-0.181072873361733,-0.0468577840659418,-0.227409708017667,0.396939799672146
"GOBP_ESTABLISHMENT_OF_EPITHELIAL_CELL_POLARITY",-0.0129166470089755,0.141370252710002,0.123902515030844,0.0358954025630864,-0.25782002216621,0.10583073882311
"GOBP_ESTABLISHMENT_OF_LYMPHOCYTE_POLARITY",0.602016220199229,0.278779206755306,0.0424190032690903,0.275428465837025,-0.435257145703706,-0.648874776815554
"GOBP_ESTABLISHMENT_OF_MITOCHONDRION_LOCALIZATION",0.403845277026605,-0.0502851161171411,0.19584118584413,-0.341188501920432,-0.300920213693824,0.0657106829352635
"GOBP_ESTABLISHMENT_OF_MITOCHONDRION_LOCALIZATION_MICROTUBULE_MEDIATED",0.38123908841152,-0.116878921677867,0.288007357513558,-0.471550746881001,-0.234354350122281,0.0872221356442192
"GOBP_ESTABLISHMENT_OF_MITOTIC_SPINDLE_LOCALIZATION",-0.0411696241635509,-0.389224697775372,-0.32384138073887,0.314924145625857,0.38973138520362,0.326719255006059
"GOBP_ESTABLISHMENT_OF_ORGANELLE_LOCALIZATION",0.121381753386879,-0.142618435936233,0.0243322071715823,0.00080052083341059,-0.0249332776417005,-0.0130980152404519
"GOBP_ESTABLISHMENT_OF_PIGMENT_GRANULE_LOCALIZATION",-0.441413700060775,-0.154895361458613,0.0657908452344457,0.0896081435098808,0.31610422189692,-0.0282683408236001
"GOBP_ESTABLISHMENT_OF_PROTEIN_LOCALIZATION_TO_CHROMOSOME",-0.282350414497173,-0.292858380881156,-0.167615544382419,0.157845671600759,0.426045029328084,0.143211349067748
"GOBP_ESTABLISHMENT_OF_PROTEIN_LOCALIZATION_TO_ENDOPLASMIC_RETICULUM",-0.0154744859033593,-0.228476184060156,0.327096075869618,-0.312658926807439,0.321248740520723,-0.255385459857281
"GOBP_ESTABLISHMENT_OF_PROTEIN_LOCALIZATION_TO_MEMBRANE",0.10575813782242,0.0186952865091368,0.26177391941094,-0.216622694893095,0.0417811025805416,-0.181848756232245
"GOBP_ESTABLISHMENT_OF_PROTEIN_LOCALIZATION_TO_MITOCHONDRIAL_MEMBRANE",-0.342934836225073,-0.230081561892618,0.550864212190383,-0.0172431287848561,0.365760616859219,-0.395196584864024
"GOBP_ESTABLISHMENT_OF_PROTEIN_LOCALIZATION_TO_MITOCHONDRION",0.0553847054626286,-0.195071867515995,0.479551272692115,-0.208181866139769,0.0630234331435849,-0.322473883559682
"GOBP_ESTABLISHMENT_OF_PROTEIN_LOCALIZATION_TO_ORGANELLE",0.0232860089324205,-0.256852957823554,0.134670942079445,-0.0560217136375003,0.132845118869912,-0.0374741852592043
"GOBP_ESTABLISHMENT_OF_PROTEIN_LOCALIZATION_TO_PEROXISOME",0.202480628685049,-0.144891385619453,0.385142837608697,-0.253066621439712,0.256784618716768,-0.326051300955408
"GOBP_ESTABLISHMENT_OF_PROTEIN_LOCALIZATION_TO_PLASMA_MEMBRANE",0.204412180356993,0.262139662124151,0.131153831131241,-0.375051958889135,-0.106500300433298,-0.124134672471169
"GOBP_ESTABLISHMENT_OF_PROTEIN_LOCALIZATION_TO_VACUOLE",0.0957549643653497,-0.171212379139552,0.185715643122192,-0.141243582023393,-0.0627851666882185,0.18114337105196
"GOBP_ESTABLISHMENT_OF_RNA_LOCALIZATION",-0.144274899066669,-0.402167841311523,-0.217471916303887,0.231279341469837,0.227402437038856,0.343330492350992
"GOBP_ESTABLISHMENT_OF_SKIN_BARRIER",-0.0701554071917219,0.198455029350052,-0.123723517443621,0.00570651406438599,-0.101196386162728,0.0634967180639995
"GOBP_ESTABLISHMENT_OF_SPINDLE_ORIENTATION",0.0313373009689878,-0.327798075411408,-0.359969493507818,0.315707650539785,0.255130336196092,0.294659947085716
"GOBP_ESTABLISHMENT_OF_TISSUE_POLARITY",0.12099157552801,-0.055025925918423,-0.17932865172226,-0.105942734731534,-0.14921525893311,0.24460953933445
"GOBP_ESTABLISHMENT_OR_MAINTENANCE_OF_BIPOLAR_CELL_POLARITY",0.184834901623973,0.00602116927547763,0.131152157446963,-0.0603727981719124,-0.394879755684199,0.269625194307326
"GOBP_ESTABLISHMENT_OR_MAINTENANCE_OF_CELL_POLARITY",0.169421220176683,-0.0941622174854451,-0.097887458449331,0.0951380466114926,-0.106661796119974,0.0724506350505848
"GOBP_ESTABLISHMENT_OR_MAINTENANCE_OF_MONOPOLAR_CELL_POLARITY",0.228185067635228,0.0699284822471921,0.274701251604471,-0.118504637749806,-0.34946900496244,-0.0233867860450893
"GOBP_ESTROGEN_METABOLIC_PROCESS",0.00751571319332767,0.125759767603491,0.261364363077929,-0.468013824852346,-0.120412209619882,0.0341574635732265
"GOBP_ESTROGEN_RECEPTOR_SIGNALING_PATHWAY",0.0441380838581594,-0.361175300190661,-0.0755696626503546,0.215644442045739,-0.0301372455736621,0.218118285785491
"GOBP_ETHER_LIPID_METABOLIC_PROCESS",0.231558630896662,0.0142689174391047,0.396370435401352,-0.389696467332459,0.0893548605644577,-0.29836501476789
"GOBP_EXCITATORY_SYNAPSE_ASSEMBLY",0.071097399597826,0.207279730553625,-0.167919388690253,-0.10720244793373,-0.272722849649765,0.214999283926693
"GOBP_EXCRETION",0.354822369878319,-0.0971681703616429,0.000849327976987557,-0.344989281002,0.101065481702574,-0.148771129304466
"GOBP_EXECUTION_PHASE_OF_APOPTOSIS",-0.0729504520882204,-0.14575493392976,-0.19741693348703,0.333291695526128,-0.0956160939041461,0.0906199274812318
"GOBP_EXIT_FROM_MITOSIS",-0.126762982266381,-0.196936880943195,-0.0965061313305564,0.0899748830709245,0.171708794127542,0.131023750669142
"GOBP_EXOCRINE_SYSTEM_DEVELOPMENT",0.0430554620530888,0.344739215027189,-0.277983161358003,-0.184846285106524,-0.0817507887708913,0.0832680055455806
"GOBP_EXOCYTIC_PROCESS",0.19373635967285,0.0532628123934685,0.114961156555865,-0.0507213535361667,-0.18830347455934,-0.114762823618878
"GOBP_EXOCYTOSIS",0.171097685443244,-0.0190729674894189,-0.0331718648473267,-0.00329262390916946,-0.0779218526098425,-0.0272002429664375
"GOBP_EXPLORATION_BEHAVIOR",0.272145357983495,-0.0507676154303252,0.136539136857932,-0.167663582232001,-0.229467438951949,-0.0412229968905616
"GOBP_EXPORT_ACROSS_PLASMA_MEMBRANE",0.284374539926858,0.262441701746397,-0.0315525099888085,-0.00414730101662567,-0.256253708361647,-0.281619637243683
"GOBP_EXTERNAL_ENCAPSULATING_STRUCTURE_ORGANIZATION",-0.124692688256259,0.375975650895035,-0.203040850209474,0.040975091978579,-0.203558866312702,0.0145000532631639
"GOBP_EXTRACELLULAR_MATRIX_ASSEMBLY",-0.187267716195867,0.450900107486366,-0.164041140121348,-0.119401016128371,-0.289469853638441,0.119553016886724
"GOBP_EXTRACELLULAR_MATRIX_DISASSEMBLY",-0.0193409553388093,0.182281555916967,-0.345277409325062,0.312345720805227,-0.0141599635952246,-0.242826332243107
"GOBP_EXTRACELLULAR_TRANSPORT",-0.247138176889892,0.173596552623981,-0.0488689956452294,-0.0240329213481877,-0.0244127072007317,0.309172867414596
"GOBP_EXTRACELLULAR_VESICLE_BIOGENESIS",-0.149907761821867,-0.010835928617133,0.236829916347515,-0.0664073831530413,0.0581662054472005,0.0354515303330896
"GOBP_EXTRINSIC_APOPTOTIC_SIGNALING_PATHWAY",-0.00865259202744273,-0.103665615178433,-0.186647212652307,0.220269967957142,0.0121702021007239,0.0834827833911308
"GOBP_EXTRINSIC_APOPTOTIC_SIGNALING_PATHWAY_VIA_DEATH_DOMAIN_RECEPTORS",-0.00417556494767976,-0.129535391496628,-0.203897808065446,0.220111808552606,0.0673925030365361,0.0702433289784144
"GOBP_EYE_MORPHOGENESIS",0.087004370952981,0.113270754572579,0.00982142350771609,-0.140655890034009,-0.311529974367323,0.165030817172699
"GOBP_EYE_PHOTORECEPTOR_CELL_DEVELOPMENT",-0.138205710595947,-0.118258105866833,0.187153583935955,-0.11839587191394,-0.0515761301904787,0.231573729289034
"GOBP_EYE_PHOTORECEPTOR_CELL_DIFFERENTIATION",-0.0112806004388173,-0.0257073889017896,0.249018497868615,-0.161402281480578,-0.161996613362096,0.254546643139852
"GOBP_FACE_DEVELOPMENT",0.0156089732781956,0.0640138095098507,-0.217461893700487,-0.00882941548259958,-0.0885202078408985,0.217047447326217
"GOBP_FACE_MORPHOGENESIS",0.229698551290201,0.193936388048987,-0.396324384399344,-0.0698464235643843,-0.162077140186982,0.0373049083499318
"GOBP_FACULTATIVE_HETEROCHROMATIN_FORMATION",0.338629420433758,-0.587071413818717,-0.0340525492714437,0.15143746656382,-0.0485219288930883,0.455034064070803
"GOBP_FAT_CELL_DIFFERENTIATION",0.0284462035270807,0.0191104131164683,0.0173243761719725,-0.0547416407388342,-0.126960628246952,0.130665112029121
"GOBP_FATTY_ACID_BETA_OXIDATION",0.272184755663221,0.00421237704157501,0.548245838367259,-0.314797090808721,-0.0608121810468149,-0.411813975313203
"GOBP_FATTY_ACID_BIOSYNTHETIC_PROCESS",0.266708274843479,0.212662403573154,0.408005991769942,-0.309250141007104,-0.148916120879352,-0.333107205005934
"GOBP_FATTY_ACID_CATABOLIC_PROCESS",0.212031125791299,0.0748027925050549,0.55233391674824,-0.31919131998872,-0.0383764507566657,-0.431653037255144
"GOBP_FATTY_ACID_DERIVATIVE_BIOSYNTHETIC_PROCESS",0.316651415037623,0.425920981951958,0.446791516341227,-0.407704440885239,-0.160546679066899,-0.393563426482313
"GOBP_FATTY_ACID_DERIVATIVE_METABOLIC_PROCESS",0.205608640917628,0.36368904229462,0.368640492599346,-0.426307519938798,-0.0885239508020692,-0.377828824108483
"GOBP_FATTY_ACID_METABOLIC_PROCESS",0.150982507488504,0.193510781356124,0.406760456432843,-0.2940713887691,-0.118427794936809,-0.315592926002656
"GOBP_FATTY_ACID_TRANSMEMBRANE_TRANSPORT",-0.0786174276140157,0.0863604671085798,0.216240269240345,-0.0613116334394937,0.0727803943098301,-0.153751631964702
"GOBP_FATTY_ACID_TRANSPORT",0.00628828367063666,-0.000645504458037294,0.0771942892001964,-0.0752979046856642,0.10427537870163,-0.0149745633229253
"GOBP_FATTY_ACYL_COA_BIOSYNTHETIC_PROCESS",0.25265656223366,0.387988534049211,0.587264860769648,-0.440413694955179,-0.0863341273003298,-0.450842195352903
"GOBP_FATTY_ACYL_COA_METABOLIC_PROCESS",0.211031526102207,0.188019724119846,0.577279997482724,-0.492525902495097,-0.0596902431442106,-0.408790462636046
"GOBP_FC_EPSILON_RECEPTOR_SIGNALING_PATHWAY",-0.0673543336234488,-0.277845284309154,-0.517403205520638,0.339203561098817,0.0417605114106804,0.298191476168323
"GOBP_FC_GAMMA_RECEPTOR_SIGNALING_PATHWAY",-0.137063825030754,-0.484664119782645,-0.466750167109485,0.521505396799371,0.369727392474478,0.158646221242705
"GOBP_FC_RECEPTOR_MEDIATED_STIMULATORY_SIGNALING_PATHWAY",-0.0210700300386259,-0.504468404936418,-0.513385210573222,0.380311958774669,0.249053841955444,0.365624492535477
"GOBP_FC_RECEPTOR_SIGNALING_PATHWAY",-0.0395841851984384,-0.362906086717447,-0.451832565832204,0.384321036331885,0.174799868705448,0.201081749420708
"GOBP_FEAR_RESPONSE",0.0540315507847691,0.0527876321883641,0.0124056596957186,-0.153158523092592,-0.0792331796020163,0.0500228157379218
"GOBP_FEEDING_BEHAVIOR",-0.0662832750149953,-0.0198351855621832,0.0690679148014005,-0.0682961665606692,-0.193890012859444,0.283592547629933
"GOBP_FEMALE_GAMETE_GENERATION",0.0149672245398724,-0.158381517566445,-0.303906215732204,0.215234213767811,0.16062363876808,0.085355642436786
"GOBP_FEMALE_MEIOTIC_NUCLEAR_DIVISION",-0.0730599091827711,-0.209806055450673,-0.39543090838285,0.28457518853927,0.483168525024423,-0.208080423111474
"GOBP_FEMALE_SEX_DIFFERENTIATION",-0.0761801653224666,-0.0750010667270798,-0.197945348576229,0.235703987434371,-0.109794971807754,0.196762451760628
"GOBP_FERROPTOSIS",-0.256001487683239,-0.145647771337338,0.393805842321574,-0.11888548078164,0.239047366552024,-0.246957390709574
"GOBP_FERTILIZATION",0.0643780464530123,0.105821150143631,-0.101762444904864,0.0747310955007333,-0.0581543851342454,0.0115060788483235
"GOBP_FIBRINOLYSIS",-0.401496232841308,0.223817762790392,-0.487450348388232,0.411189806487797,0.199817277084118,0.303842468646996
"GOBP_FIBROBLAST_APOPTOTIC_PROCESS",-0.214936722840155,-0.28808122845137,-0.419375923644095,0.105991139592157,0.296308849408349,0.392549451208312
"GOBP_FIBROBLAST_GROWTH_FACTOR_RECEPTOR_SIGNALING_PATHWAY",-0.145404278318436,0.118115576356007,-0.310109173105827,-0.026633083226937,-0.0931791924813835,0.381109365081796
"GOBP_FIBROBLAST_MIGRATION",0.132065024403612,-0.0553617529073824,-0.319758325404658,-0.0480745863501706,-0.0753839545016742,0.401065907999732
"GOBP_FIBROBLAST_PROLIFERATION",-0.154938778954403,0.107494160888542,-0.281798093581317,0.198984120965944,0.122235016884939,0.186377253911315
"GOBP_FILOPODIUM_ASSEMBLY",0.301922109380856,-0.00655576322795448,-0.26899031348486,0.116816435032525,-0.109088325461672,-0.0607244715581521
"GOBP_FLUID_TRANSPORT",0.345624676435924,0.0358471799338054,0.0393810579878567,-0.325050883445589,-0.257408920427301,0.162451110579451
"GOBP_FOAM_CELL_DIFFERENTIATION",0.0669840107765317,0.119860322982938,0.00717640243225226,0.247923003546722,0.0626841572019669,-0.297739590119069
"GOBP_FOCAL_ADHESION_ASSEMBLY",0.190421360779896,0.0230663210376592,-0.154803201858121,-0.202605999166692,-0.113455382612514,0.169933557981534
"GOBP_FOLIC_ACID_CONTAINING_COMPOUND_METABOLIC_PROCESS",-0.0306204136943277,-0.339180343511879,0.188711782416213,0.206863689867183,0.39418827255713,-0.392317403125871
"GOBP_FOREBRAIN_CELL_MIGRATION",0.333701550356926,-0.0844184302950455,-0.085898822457257,-0.187195207614301,-0.185563676477334,0.108067794592527
"GOBP_FOREBRAIN_DEVELOPMENT",0.108617833039212,-0.0995715454166628,-0.151454888669784,-0.0191464511384726,-0.0972290223036283,0.166672185552449
"GOBP_FOREBRAIN_GENERATION_OF_NEURONS",0.182689527817425,-0.0111158242496123,-0.223551941483037,0.0231793232069138,-0.0728581673656942,0.024071023074745
"GOBP_FOREBRAIN_NEURON_DEVELOPMENT",0.393187831387431,0.23162988241815,-0.195239247597947,0.0113536440339972,-0.276656681058604,-0.0426723266884587
"GOBP_FORELIMB_MORPHOGENESIS",-0.191548717725291,-0.0773717037020175,-0.0165503409692674,0.114325139922894,-0.114409956992232,0.329398975591519
"GOBP_FORMATION_OF_PRIMARY_GERM_LAYER",0.0532432293517017,0.0354978484159534,-0.269349608687624,0.10444014867369,-0.102385305662765,0.128328230116044
"GOBP_G_PROTEIN_COUPLED_DOPAMINE_RECEPTOR_SIGNALING_PATHWAY",0.245711046209886,-0.0146921022886223,-0.0186662118678207,-0.216141472771619,-0.214958103274803,0.198412882658937
"GOBP_G_PROTEIN_COUPLED_RECEPTOR_SIGNALING_PATHWAY",0.154809382680255,0.131691214158652,-0.162134325919352,0.0355837491174013,-0.147448663417737,-0.0133095771784849
"GOBP_G_PROTEIN_COUPLED_RECEPTOR_SIGNALING_PATHWAY_COUPLED_TO_CYCLIC_NUCLEOTIDE_SECOND_MESSENGER",-0.000768943237710429,0.361174824867013,-0.438428708735487,0.0857256420371151,-0.0287717601547389,0.0651599941175382
"GOBP_G0_TO_G1_TRANSITION",0.0151126312127366,-0.211479149170181,-0.0506183173706708,0.311896554905661,-0.182006774227059,0.101184195088252
"GOBP_G1_TO_G0_TRANSITION",-0.424118104510228,-0.0998511573257893,0.357953404327771,-0.00647073035894377,0.400616024359925,-0.145891723219675
"GOBP_GAMMA_DELTA_T_CELL_ACTIVATION",0.223904231232038,-0.354164729507686,-0.514170436585571,0.41401260346897,0.0973811312400079,-0.132494701439675
"GOBP_GANGLIOSIDE_METABOLIC_PROCESS",-0.13142849889323,-0.299197550790997,-0.225700576570489,0.360525407276469,0.359610355189632,-0.125120481079699
"GOBP_GASTRULATION",0.0328582323692251,-0.0916331067186075,-0.189199636847397,0.0667792180887824,-0.00364360390453228,0.140370063550532
"GOBP_GASTRULATION_WITH_MOUTH_FORMING_SECOND",0.215301309377488,-0.0702073926336869,-0.342420292253193,0.105481420207359,-0.0133531363402417,0.127568282789712
"GOBP_GENERATION_OF_PRECURSOR_METABOLITES_AND_ENERGY",0.181792592352352,0.232850801497023,0.40398403326622,-0.317170425098724,-0.0421730304790184,-0.361045628023429
"GOBP_GENITALIA_DEVELOPMENT",0.040346362555329,0.141643519391044,-0.0706896491608606,0.0450371196512923,-0.271480663743037,0.170495291646666
"GOBP_GENOMIC_IMPRINTING",0.139198919782506,-0.27601070402181,-0.172362285048091,-0.137416175325682,-0.0284999111157517,0.260065758278831
"GOBP_GLAND_DEVELOPMENT",-0.0366688002857067,-0.00408144421095052,-0.160785251698678,0.0928139898402074,-0.0299070425905942,0.0964892679428094
"GOBP_GLAND_MORPHOGENESIS",0.0625723935986341,0.178053080185534,-0.203651098087789,0.02322370870338,-0.223120523189753,0.150196141798859
"GOBP_GLIAL_CELL_ACTIVATION",-0.274268670000873,-0.0986492627961887,-0.433466950431174,0.396021024340147,0.284017414090717,0.123530702939018
"GOBP_GLIAL_CELL_APOPTOTIC_PROCESS",0.0811330968307816,0.231952359895348,-0.158971457823454,0.165277411582357,0.182250819420237,-0.3810732416088
"GOBP_GLIAL_CELL_DEVELOPMENT",0.00584732065735605,-0.00587813362810771,0.1289430251614,-0.215962989229611,-0.0284227091595962,0.144033080057049
"GOBP_GLIAL_CELL_DIFFERENTIATION",0.0255402120432068,-0.0128673322889841,-0.00777602267707256,-0.156597069200106,-0.0438926318179136,0.191214045687001
"GOBP_GLIAL_CELL_MIGRATION",0.0605989056832162,0.0126380623186321,-0.289802580043532,0.0421235456643858,0.0100846487914544,0.121980299812656
"GOBP_GLIAL_CELL_PROLIFERATION",0.1612930101337,0.0798004389502036,0.121975994149439,-0.186770119814455,-0.160439207020005,-0.0366992325754045
"GOBP_GLIOGENESIS",0.0607638198355443,-0.0178107604619809,-0.0164983839147318,-0.123899318147627,-0.0563506468331623,0.13537275966893
"GOBP_GLOMERULAR_EPITHELIUM_DEVELOPMENT",0.218249133270321,0.287713977191632,-0.441025446245595,0.0739841528764104,-0.184174735387681,0.187078039282639
"GOBP_GLOMERULAR_MESANGIUM_DEVELOPMENT",-0.100313561143029,0.262467991329922,-0.397744162266755,0.0232504523877841,-0.0940222775812675,0.334725282260891
"GOBP_GLOMERULUS_DEVELOPMENT",0.0884106861921614,0.225262722857728,-0.2648934313632,-0.0238325923370045,-0.0434050553850757,0.036922380818945
"GOBP_GLUCAN_BIOSYNTHETIC_PROCESS",0.367293875238794,0.0566050782527664,0.284059252262239,-0.254127268676244,-0.325685761284375,-0.114901350779682
"GOBP_GLUCAN_METABOLIC_PROCESS",0.291986927052633,0.121559931088561,0.263905242092066,-0.272792248984674,-0.148760761281043,-0.133474249134794
"GOBP_GLUCOCORTICOID_METABOLIC_PROCESS",0.125473929272526,0.252006092020117,-0.00408509238759142,-0.0172509407748493,-0.146241363704781,-0.291839883167618
"GOBP_GLUCOSE_6_PHOSPHATE_METABOLIC_PROCESS",-0.402994824429218,-0.165911509154072,0.334595126674676,0.0609118689160082,0.190885702828145,-0.283857554977691
"GOBP_GLUCOSE_CATABOLIC_PROCESS",0.0762042183633411,0.190479814187277,0.519346371001655,-0.131432672240692,-0.0659755081147926,-0.495388457074005
"GOBP_GLUCOSE_METABOLIC_PROCESS",0.123627790974343,0.0806098903948165,0.256455681004669,-0.160921118193319,-0.154136888704605,-0.138666643157707
"GOBP_GLUTAMATE_METABOLIC_PROCESS",0.249559117982736,0.119987680397676,0.480169032451747,-0.170285866627142,-0.235948459544733,-0.356081946238147
"GOBP_GLUTAMATE_RECEPTOR_SIGNALING_PATHWAY",0.253346139439836,0.0758347431885115,-0.0723365282901421,0.00259895087755044,-0.25445757808407,0.0074819756928024
"GOBP_GLUTAMATE_SECRETION",0.00699003344941618,-0.00125818409288808,0.254763625774189,-0.102084893959911,-0.292900321931113,0.00929178113964077
"GOBP_GLUTAMINE_FAMILY_AMINO_ACID_METABOLIC_PROCESS",0.315432131418272,0.0966645032650598,0.30753422908462,-0.0185419314847822,0.0100652383712328,-0.388200605181737
"GOBP_GLUTATHIONE_METABOLIC_PROCESS",-0.057950768431254,0.0495156579751966,0.282346758559182,-0.255695912105915,0.0783910727630006,-0.17083454941724
"GOBP_GLYCEROLIPID_BIOSYNTHETIC_PROCESS",0.164567738907592,-0.0516532654291388,0.0792606018468589,-0.0699562570165193,-0.143920065845678,-0.0491908430392254
"GOBP_GLYCEROLIPID_CATABOLIC_PROCESS",0.247771095320726,0.113567336038631,0.380018868618818,-0.190251302350479,-0.0850602833847268,-0.35061676063701
"GOBP_GLYCEROLIPID_METABOLIC_PROCESS",0.183396710935415,0.012318244946177,0.156898224762962,-0.115733727635535,-0.106087282409693,-0.128440281347765
"GOBP_GLYCEROPHOSPHOLIPID_BIOSYNTHETIC_PROCESS",0.21493150943817,-0.0617903811155571,0.0122813084649342,-0.0512885417169872,-0.133849820644874,-0.0560848185389439
"GOBP_GLYCEROPHOSPHOLIPID_CATABOLIC_PROCESS",-0.0611176002042492,0.0436202310363076,0.299346157424102,-0.262164350207442,0.227673590418873,-0.217173478826973
"GOBP_GLYCEROPHOSPHOLIPID_METABOLIC_PROCESS",0.214819272522483,-3.38523908801625e-05,0.0995202349548735,-0.11417852991096,-0.0912636302379396,-0.142235266725852
"GOBP_GLYCOLIPID_BIOSYNTHETIC_PROCESS",-0.136932950032094,-0.000645804877682787,0.00828443446985733,-0.126648420941171,0.157618571785684,-0.0179420510472005
"GOBP_GLYCOLIPID_CATABOLIC_PROCESS",-0.186531122419069,0.0648497425594093,-0.0784793301036082,0.349165647910681,0.426541890756676,-0.472724802899696
"GOBP_GLYCOLYTIC_PROCESS_THROUGH_FRUCTOSE_6_PHOSPHATE",-0.0403846962492665,0.0577453549075076,0.474639736651813,0.228509512691579,-0.0063308120487619,-0.539408548225321
"GOBP_GLYCOLYTIC_PROCESS_THROUGH_GLUCOSE_6_PHOSPHATE",-0.175094769198062,-0.0466341123328769,0.45509420425435,0.231504239181989,0.122846628632365,-0.51307862593024
"GOBP_GLYCOPROTEIN_BIOSYNTHETIC_PROCESS",0.0207264735061623,0.0696552336477308,-0.222468718895633,0.0457482493183692,0.0118362768244232,0.029966313653892
"GOBP_GLYCOPROTEIN_CATABOLIC_PROCESS",-0.220247618932442,-0.0637133983059006,-0.371345727899648,0.43836794146858,0.39061043013387,-0.215186412161709
"GOBP_GLYCOPROTEIN_METABOLIC_PROCESS",-0.0129566843269094,0.07492434805485,-0.227627542086739,0.0593962322141161,0.0446486764095491,0.0216491058311144
"GOBP_GLYCOSAMINOGLYCAN_BIOSYNTHETIC_PROCESS",-0.225361780932613,0.0457914298398572,-0.306216762592899,0.229923528498713,0.0422250146377189,0.11986137350057
"GOBP_GLYCOSAMINOGLYCAN_CATABOLIC_PROCESS",0.0145958496366261,-0.244562602262563,-0.585310349627981,0.437250083283154,0.234269873620273,0.32793444657244
"GOBP_GLYCOSAMINOGLYCAN_METABOLIC_PROCESS",-0.132926485060629,0.00435594074614504,-0.392163557725566,0.278446305725602,0.0963206628438958,0.19614169163074
"GOBP_GLYCOSPHINGOLIPID_BIOSYNTHETIC_PROCESS",0.078193473638229,0.190038795379566,0.168385832751976,-0.288170871496997,0.0251319159530504,-0.122151992449974
"GOBP_GLYCOSPHINGOLIPID_METABOLIC_PROCESS",-0.0724690952590111,-0.0519044593444899,0.0529784453916716,-0.0163478166896685,0.234828499827515,-0.155153328618596
"GOBP_GLYCOSYL_COMPOUND_BIOSYNTHETIC_PROCESS",-0.479112854431637,-0.109212541307326,-0.28935533365971,0.309707524259823,0.416065599965458,0.0094768144489015
"GOBP_GLYCOSYL_COMPOUND_CATABOLIC_PROCESS",-0.404049033780209,0.349275900426787,-0.257773349288385,0.33962138763175,0.207877945245968,-0.111821464707126
"GOBP_GMP_METABOLIC_PROCESS",-0.289124406859215,-0.44387972818303,0.109051476507008,0.31582574493889,0.205051171636816,0.0458878469465195
"GOBP_GOLGI_ORGANIZATION",0.24425163756416,-0.164736195784535,0.0106342934394945,-0.0923552684721721,-0.167202898780672,0.172761746175524
"GOBP_GOLGI_TO_ENDOSOME_TRANSPORT",0.674354138137791,-0.252479777485395,-0.0331250838288507,-0.130674970549299,-0.469544379603042,-0.234165225398225
"GOBP_GOLGI_TO_PLASMA_MEMBRANE_PROTEIN_TRANSPORT",0.216496384738512,0.298882147937197,0.128849841487522,-0.315388618901476,-0.15223816372091,-0.031428556349327
"GOBP_GOLGI_TO_PLASMA_MEMBRANE_TRANSPORT",0.267873997412655,0.174318634057008,0.126944854977376,-0.318369049247594,-0.149815345220993,0.0696593439477781
"GOBP_GOLGI_TO_VACUOLE_TRANSPORT",0.287984358365357,-0.405773228159926,0.167958812071939,0.115520273200732,-0.0288095155912254,-0.403095469631997
"GOBP_GOLGI_VESICLE_TRANSPORT",0.158671015310302,-0.113147957482327,0.131286822947511,-0.153328572026579,-0.0768035100731409,0.0532346126254414
"GOBP_GPI_ANCHOR_METABOLIC_PROCESS",-0.369692024930835,-0.306700881606656,-0.122784439183544,0.157928315210558,0.404465744117267,0.238384560460811
"GOBP_GRANULOCYTE_ACTIVATION",-0.142081431094549,-0.123598391628963,-0.444170722377928,0.366916873506386,0.423042802977993,0.148699547029003
"GOBP_GRANULOCYTE_CHEMOTAXIS",-0.118905183744374,-0.111429746468788,-0.403090614624701,0.284246877291405,0.315457079719038,0.120252526778344
"GOBP_GRANULOCYTE_DIFFERENTIATION",0.380661450245922,-0.0440338367415576,-0.410720911845246,0.350693011061376,0.132793489876268,-0.241150736164938
"GOBP_GRANULOCYTE_MIGRATION",-0.138106613118358,-0.145799022877825,-0.372107126725159,0.293867944691119,0.357356543080844,0.108172935436137
"GOBP_GROWTH_PLATE_CARTILAGE_DEVELOPMENT",-0.00974913022397556,0.108691335631116,-0.425722978473158,0.226018759112529,0.138180243799222,0.314982499017987
"GOBP_GTP_METABOLIC_PROCESS",0.00582930094821033,-0.220480255911166,0.105521966948811,0.06964549983572,0.0960757783249078,-0.291640636177842
"GOBP_HAIR_CELL_DIFFERENTIATION",0.213986999634463,0.0625703528064934,-0.0188037398854711,-0.127674679920433,-0.213755988251152,0.261238963226423
"GOBP_HEAD_MORPHOGENESIS",0.230702265509871,0.119856138101775,-0.289481096960887,-0.0707249257403141,-0.149071060568117,0.0356086825797862
"GOBP_HEART_DEVELOPMENT",0.123561482953291,0.113182535232439,-0.170466726073896,-0.0393876727899769,-0.117597339237923,0.0470669111209773
"GOBP_HEART_FORMATION",0.250045473106361,0.217494579591409,-0.176655427171613,0.155076943677922,-0.315295483417572,-0.0325369627318847
"GOBP_HEART_GROWTH",0.310290097748716,0.0172699505207603,-0.172834750098923,-0.0774382617792639,-0.182864409401236,0.0950442193272097
"GOBP_HEART_MORPHOGENESIS",0.075413424493601,0.164344189543667,-0.117627866209584,-0.079171096151133,-0.128463151363129,0.0618133642621197
"GOBP_HEART_PROCESS",0.301749852163098,0.16995134152209,0.128602681493934,-0.196754969389872,-0.257540496590248,-0.229134100302371
"GOBP_HEART_TRABECULA_MORPHOGENESIS",0.0827313268790261,-0.336388255876359,0.0256848215938608,-0.150792235216663,0.0492368529243633,0.376425884146722
"GOBP_HEART_VALVE_DEVELOPMENT",0.25668858508851,0.145700861045828,-0.351077490992016,-0.039953794161071,-0.0466151969853281,0.0505831684953567
"GOBP_HEART_VALVE_MORPHOGENESIS",0.236801951402571,0.213626952325822,-0.375915427610581,-0.0897646143352851,0.0300207668483531,0.0310081912354374
"GOBP_HEMATOPOIETIC_OR_LYMPHOID_ORGAN_DEVELOPMENT",0.117270026175988,-0.210920654825842,-0.217379471501879,0.223532367777631,0.0560166247693303,-0.0367938018253207
"GOBP_HEMATOPOIETIC_PROGENITOR_CELL_DIFFERENTIATION",-0.132984738295722,-0.195720336715954,-0.230714493088421,0.218605258482396,0.0850690744237267,0.290637650037994
"GOBP_HEMATOPOIETIC_STEM_CELL_DIFFERENTIATION",-0.0804722730873561,-0.255100278868902,0.132495557397313,0.0484833580693896,-0.0842953280533247,0.349247212054326
"GOBP_HEMATOPOIETIC_STEM_CELL_HOMEOSTASIS",-0.147925923120339,0.279868123428942,0.177691667587739,0.00891677100275104,-0.120725806451613,-0.278096769310402
"GOBP_HEMATOPOIETIC_STEM_CELL_PROLIFERATION",0.259185569528171,0.0162230867163778,-0.384853347713883,0.27543992780161,-0.202394826446757,0.168555013764372
"GOBP_HEMOGLOBIN_METABOLIC_PROCESS",0.465502822292253,-0.220845713903825,0.0796654562694592,-0.144237151887477,-0.106514213742568,0.0122182490899982
"GOBP_HEMOSTASIS",-0.0946518440335868,0.0707176028159462,-0.346466924842915,0.214617438362207,0.156596040746705,0.0605786327910967
"GOBP_HEPARAN_SULFATE_PROTEOGLYCAN_BIOSYNTHETIC_PROCESS",-0.350800189739656,0.181137340967021,-0.373382515127731,0.288451291778979,-0.0494105559968742,0.398657544009131
"GOBP_HEPARAN_SULFATE_PROTEOGLYCAN_METABOLIC_PROCESS",-0.333452692560795,0.174117128953374,-0.457878184341071,0.372862088827866,0.13839324009218,0.325612941335901
"GOBP_HEPARIN_PROTEOGLYCAN_METABOLIC_PROCESS",-0.287609161710233,0.0135913277530789,-0.573171185295723,0.51676163011273,0.16488336247866,0.369115824710546
"GOBP_HEPATICOBILIARY_SYSTEM_DEVELOPMENT",-0.173975426378686,0.0173333147209709,-0.23911899342783,0.0698639131962095,0.121967189626732,0.114296382893617
"GOBP_HETEROCHROMATIN_ORGANIZATION",0.0248628031269336,-0.298900161297022,-0.271466705393597,0.206678523729359,0.0518821597998364,0.296487339849706
"GOBP_HETEROPHILIC_CELL_CELL_ADHESION",0.176637136058518,0.204228116620056,-0.374842044124016,0.174661094766739,-0.311744692949794,0.10343968937935
"GOBP_HETEROTYPIC_CELL_CELL_ADHESION",-0.166809823909204,-0.100576016659938,-0.319482761183201,0.259052278666103,0.303546956865277,0.0278093230313969
"GOBP_HINDBRAIN_DEVELOPMENT",0.133543742049241,0.0173140204923432,0.0224582307306305,0.0246520803481072,-0.221800543517553,0.0181683663825327
"GOBP_HINDBRAIN_MORPHOGENESIS",0.262858422080763,0.0506697630065246,0.171598739943142,-0.0347843056331128,-0.250055447659023,-0.00362412509877391
"GOBP_HINDLIMB_MORPHOGENESIS",0.0259053034980611,0.229388601918899,-0.0557443545519791,0.138538459275054,-0.408069465774862,0.244490526783177
"GOBP_HIPPO_SIGNALING",0.341577759722602,-0.240354487973412,-0.000184625088851587,-0.185145952498682,-0.290762689782832,0.26063377730247
"GOBP_HIPPOCAMPUS_DEVELOPMENT",0.178807401566217,-0.176475229393551,-0.098971760351472,0.0587668785778469,-0.184938038736908,0.208973564392705
"GOBP_HISTONE_MRNA_CATABOLIC_PROCESS",-0.330470503634817,-0.535272049225658,-0.304450191703366,0.34123732894029,0.542673079088083,0.304014429082172
"GOBP_HISTONE_MRNA_METABOLIC_PROCESS",-0.327021893486916,-0.519047262627494,-0.35740982823739,0.390760745250606,0.584494360175881,0.284400632886273
"GOBP_HOMEOSTASIS_OF_NUMBER_OF_CELLS",0.0826076067716994,-0.206526051513911,-0.226057879484558,0.208644790017516,0.0938880873492524,0.000481227041799481
"GOBP_HOMEOSTASIS_OF_NUMBER_OF_CELLS_WITHIN_A_TISSUE",0.0152224763095325,-0.0988245126815985,-0.186396540331233,0.168367176419191,-0.125866855633882,0.143753988361636
"GOBP_HOMOLOGOUS_CHROMOSOME_PAIRING_AT_MEIOSIS",-0.0950786057063701,0.087229400960335,-0.303697099389885,0.128773889340535,0.37904348449094,-0.263936525194851
"GOBP_HOMOLOGOUS_CHROMOSOME_SEGREGATION",-0.209405123893329,0.0798983615792496,-0.312975927888828,0.243214142858537,0.405984668417667,-0.126327250016776
"GOBP_HOMOLOGOUS_RECOMBINATION",-0.392134959901274,-0.0866294598762443,-0.482794643225136,0.33323958458367,0.403603476194014,0.211383527197024
"GOBP_HOMOPHILIC_CELL_CELL_ADHESION",0.29138531840692,0.0273699671200576,-0.2624054772773,0.0452686062720232,-0.296699487747425,0.00589161217709425
"GOBP_HOMOTYPIC_CELL_CELL_ADHESION",-0.135776499245243,-0.0271162499266381,-0.321166798359135,0.185730942590531,0.165695763445398,0.122967774133017
"GOBP_HORMONE_BIOSYNTHETIC_PROCESS",0.0228945896075594,0.227573122781244,-0.0320949453298869,-0.156291910080301,-0.0369819432798844,-0.104295727243008
"GOBP_HORMONE_MEDIATED_SIGNALING_PATHWAY",0.0773833542222817,-0.186939499619536,-0.0349849363797275,0.0851654161236865,-0.115197210241127,0.202032044999317
"GOBP_HORMONE_METABOLIC_PROCESS",-0.169615179283465,0.211415918543184,0.0240990966913965,-0.152100628353377,0.0431448076346037,-0.0626979729877499
"GOBP_HORMONE_TRANSPORT",0.231014258815153,0.169572159892232,0.109651030810311,-0.151178301437886,-0.227750982145942,-0.0620317846638789
"GOBP_HOST_MEDIATED_ACTIVATION_OF_VIRAL_PROCESS",-0.305286941039345,-0.208168785934985,-0.241713131209318,0.161049371815974,0.0712601865634486,0.416769475328548
"GOBP_HOST_MEDIATED_ACTIVATION_OF_VIRAL_TRANSCRIPTION",-0.38130553423563,-0.416421891579698,-0.429623251729557,0.374001159187239,-0.0259361691732512,0.586307152039583
"GOBP_HOST_MEDIATED_PERTURBATION_OF_VIRAL_PROCESS",-0.17228796007419,-0.228498172617858,-0.186348648570694,0.0503848050781548,0.123151223241348,0.394434066772132
"GOBP_HOST_MEDIATED_PERTURBATION_OF_VIRAL_TRANSCRIPTION",-0.28295878028948,-0.467885000263258,-0.388886957412037,0.329391299804547,0.16608955402883,0.499201231029859
"GOBP_HOST_MEDIATED_SUPPRESSION_OF_SYMBIONT_INVASION",-0.253709393512434,-0.295859194191884,-0.146628488912954,0.408738077586566,0.141609017211436,0.0960895725630794
"GOBP_HUMORAL_IMMUNE_RESPONSE",-0.299137292058271,-0.00606766641513992,-0.289697767736769,0.329052499509816,0.327054087621965,-0.0969326153296602
"GOBP_HUMORAL_IMMUNE_RESPONSE_MEDIATED_BY_CIRCULATING_IMMUNOGLOBULIN",-0.517557060194882,-0.0580953069550951,-0.517166129864165,0.41900494646763,0.388670423263015,0.136336300199728
"GOBP_HYALURONAN_METABOLIC_PROCESS",0.0426028912355496,-0.237540594933661,-0.417636688693461,0.227187282774644,0.105245714327096,0.159089020513544
"GOBP_HYDROGEN_PEROXIDE_CATABOLIC_PROCESS",-0.309075982485038,-0.173399411871627,0.0262109969522287,0.0352736714517064,0.294793315905102,-0.0499356260165204
"GOBP_HYDROGEN_PEROXIDE_METABOLIC_PROCESS",-0.189652351185299,0.0052286259214212,0.0251871595581422,0.0963661877761571,0.0819748414019517,0.0698758605810795
"GOBP_HYPEROSMOTIC_RESPONSE",0.393128150543418,0.179300720566028,0.234299475312375,-0.333934116808397,-0.318236050336493,-0.0285483509471691
"GOBP_ICOSANOID_BIOSYNTHETIC_PROCESS",0.0140960600276239,0.0346812271598801,-0.267552071563953,0.0861431792327847,0.169529901852071,-0.0460622383325104
"GOBP_ICOSANOID_METABOLIC_PROCESS",-0.0284115430158806,0.149390837179883,-0.0640711032662461,-0.00791215339821377,0.11095673564761,-0.155514868476781
"GOBP_ICOSANOID_SECRETION",0.361256068736944,0.0712203436350636,-0.350691827983765,-0.382779288671824,0.0763602636454781,0.0355662148690658
"GOBP_ICOSANOID_TRANSPORT",0.311386327211387,-0.00822161355829276,-0.354659360861763,-0.12971050001609,0.00212160269606337,0.0621525551858176
"GOBP_IMMUNE_EFFECTOR_PROCESS",-0.132897573835974,-0.23233084542097,-0.323466186449475,0.397117066418005,0.240457892838604,-0.0210976958134165
"GOBP_IMMUNE_RESPONSE_REGULATING_CELL_SURFACE_RECEPTOR_SIGNALING_PATHWAY",0.0511694694334136,-0.329022994709623,-0.303493615576096,0.375504993201041,0.242514629544347,-0.0476328561727468
"GOBP_IMMUNE_RESPONSE_REGULATING_CELL_SURFACE_RECEPTOR_SIGNALING_PATHWAY_INVOLVED_IN_PHAGOCYTOSIS",-0.0348051069785495,-0.508381822176015,-0.465823076035016,0.476308082963698,0.288128286953628,0.288131031841896
"GOBP_IMMUNE_RESPONSE_REGULATING_SIGNALING_PATHWAY",-0.0336442193722289,-0.289994978932565,-0.259257715823737,0.361187072764951,0.228059774356524,-0.036211072372206
"GOBP_IMMUNE_RESPONSE_TO_TUMOR_CELL",0.107325935818987,-0.097323547858741,-0.195898981657555,0.142486630589727,-0.0995424340960198,-0.0599507721874712
"GOBP_IMMUNE_SYSTEM_DEVELOPMENT",0.131562250678038,-0.267113007652584,-0.260064900548779,0.314428200442996,0.0642041012167007,-0.00958531877483246
"GOBP_IMMUNOGLOBULIN_PRODUCTION",-0.18043518105256,-0.320130795393509,-0.278261599467949,0.399734674132453,0.189217557796153,0.0332250338303395
"GOBP_IMMUNOGLOBULIN_PRODUCTION_INVOLVED_IN_IMMUNOGLOBULIN_MEDIATED_IMMUNE_RESPONSE",-0.201523143791033,-0.370505548717655,-0.239826993959821,0.46848531140246,0.0564636081560427,0.0858205304944519
"GOBP_IMMUNOLOGICAL_SYNAPSE_FORMATION",0.041973553242947,-0.275516015197427,-0.126340925791198,0.192898710509123,-0.0397800386751685,0.0997682673492934
"GOBP_IMPORT_ACROSS_PLASMA_MEMBRANE",0.139743128943455,0.21153088092078,0.0952734132685984,-0.0611930327323948,-0.256213188765959,-0.14944572146168
"GOBP_IMPORT_INTO_NUCLEUS",-0.0272887408321968,-0.335084017171537,-0.275964212681302,0.217085255851799,0.192284789136968,0.182866660616829
"GOBP_IN_UTERO_EMBRYONIC_DEVELOPMENT",0.0157795347150453,-0.0927145529318694,-0.159637126624857,0.0870302705894095,-0.00693653428531676,0.121758754005048
"GOBP_INCLUSION_BODY_ASSEMBLY",0.280297175171094,-0.0548432610471809,0.356868271974258,-0.210818988373638,-0.329350670269246,0.0277101976953779
"GOBP_INDOLE_CONTAINING_COMPOUND_METABOLIC_PROCESS",0.303986386213428,0.315715709531327,0.208224321989067,-0.0352741991441273,-0.410713221117174,-0.308131840336374
"GOBP_INFLAMMASOME_MEDIATED_SIGNALING_PATHWAY",-0.320535387714579,-0.302272808777946,-0.228624536619354,0.368726336213637,0.214953191707846,0.175597461348016
"GOBP_INFLAMMATORY_CELL_APOPTOTIC_PROCESS",0.169662040791265,-0.189403267285633,-0.234115781778144,0.395656965120373,-0.360552696249051,-0.170159157696553
"GOBP_INFLAMMATORY_RESPONSE_TO_ANTIGENIC_STIMULUS",-0.211204422463878,-0.360640549887412,-0.392093530619476,0.463769230803463,0.358758114487312,0.178081693460555
"GOBP_INFLAMMATORY_RESPONSE_TO_WOUNDING",-0.496363246990369,-0.28886455564764,-0.277872317103857,0.492855741309129,0.237928709533112,0.217586428326593
"GOBP_INNATE_IMMUNE_RESPONSE_ACTIVATING_CELL_SURFACE_RECEPTOR_SIGNALING_PATHWAY",0.00376107789672797,-0.268712294211892,-0.282337092568819,0.297168405057403,0.288901564062436,0.0153208460624004
"GOBP_INNER_EAR_AUDITORY_RECEPTOR_CELL_DIFFERENTIATION",0.136159964973179,0.0192964005000175,-0.0787667967540467,-0.140036678785778,-0.190422580801875,0.364577558215467
"GOBP_INNER_EAR_MORPHOGENESIS",0.198123589852204,0.115113548120073,-0.0700732354102436,-0.051767760700832,-0.308980997630019,0.00669787826293378
"GOBP_INNER_EAR_RECEPTOR_CELL_DEVELOPMENT",-0.079000424822626,0.0964921916180221,-0.0941806929121567,-0.00538661155678255,-0.194392076460323,0.328090090469289
"GOBP_INNER_EAR_RECEPTOR_CELL_STEREOCILIUM_ORGANIZATION",-0.0995033370212488,-0.0307504924353827,0.0767190765276299,0.0887213422579872,-0.238980505298195,0.217254555027675
"GOBP_INNER_MITOCHONDRIAL_MEMBRANE_ORGANIZATION",0.107313713439471,-0.313320092885388,0.549129656928854,-0.323064105782299,0.322789121042062,-0.306633090921198
"GOBP_INNERVATION",0.10130542557832,0.165691833847152,-0.497281604915882,0.0233213281151807,-0.0860714189816917,0.326047505984182
"GOBP_INORGANIC_ANION_TRANSPORT",0.274713319099686,0.159761558113435,0.100610235276467,0.0505604899075519,-0.319004579615975,-0.198911204719007
"GOBP_INORGANIC_ION_HOMEOSTASIS",0.232826311982793,0.166156517912392,0.0871011537307814,-0.0385219114134066,-0.154620256094737,-0.290540616788603
"GOBP_INORGANIC_ION_IMPORT_ACROSS_PLASMA_MEMBRANE",0.191136294412406,0.328439497870892,0.129994180272382,-0.198889415553929,-0.352993947922155,-0.111968027460504
"GOBP_INOSITOL_PHOSPHATE_BIOSYNTHETIC_PROCESS",0.187327459460989,-0.00691281014945255,-0.333129190595394,0.225108678666706,-0.0834028822363268,-0.0859685281501806
"GOBP_INOSITOL_PHOSPHATE_METABOLIC_PROCESS",0.325294853856439,0.029440719750779,-0.0872187158711769,0.170978680671155,-0.424436950754348,-0.0881144217718192
"GOBP_INSULIN_LIKE_GROWTH_FACTOR_RECEPTOR_SIGNALING_PATHWAY",0.214847903719719,-0.0217065601083428,0.160224516595597,0.153502335545781,-0.317644419103499,-0.0962915775273287
"GOBP_INSULIN_METABOLIC_PROCESS",-0.363902218548052,-0.210745258005661,-0.0672266227809662,0.0248754750344393,0.31654722145998,0.427165887669787
"GOBP_INSULIN_RECEPTOR_SIGNALING_PATHWAY",0.334371912918484,-0.192025140039262,0.236587445680415,-0.101120510318097,-0.21298193119692,-0.0234105434071956
"GOBP_INSULIN_SECRETION",0.327126280209491,0.132334343319437,0.216729148083728,-0.200842967568906,-0.250973640499994,-0.150091661521169
"GOBP_INSULIN_SECRETION_INVOLVED_IN_CELLULAR_RESPONSE_TO_GLUCOSE_STIMULUS",0.379427361818431,0.302224982748416,0.24878504204281,-0.268117663828113,-0.374498679674514,-0.258408832886892
"GOBP_INTEGRATED_STRESS_RESPONSE_SIGNALING",0.0227578840395974,-0.187331177024459,0.0355136991109038,0.0829042865061108,0.121529785531113,0.0748446702212262
"GOBP_INTEGRIN_ACTIVATION",-0.136092513571248,0.0593394833738287,-0.357444459551143,0.134161912318612,-0.0171037557114119,0.28760180676076
"GOBP_INTEGRIN_MEDIATED_SIGNALING_PATHWAY",0.0414172384371042,-0.0915333085688172,-0.382358602343332,0.177476356353301,0.119217533343891,0.137997880503682
"GOBP_INTERFERON_ALPHA_PRODUCTION",-0.311955244904177,-0.422344097429208,-0.541731862594572,0.524777057612018,0.283012892132758,0.422851491627097
"GOBP_INTERFERON_BETA_PRODUCTION",-0.0213076523332905,-0.331794500590417,-0.263117646380753,0.375494073589217,0.156250094085812,0.1278363595129
"GOBP_INTERFERON_MEDIATED_SIGNALING_PATHWAY",-0.190619689231219,-0.296447390830352,-0.184325587970336,0.517870610330845,0.0398062412074322,0.121923360921237
"GOBP_INTERLEUKIN_1_MEDIATED_SIGNALING_PATHWAY",-0.24375035844319,-0.507352724104097,-0.0793921159003704,0.0422049703206298,0.358999694106038,0.249211213548932
"GOBP_INTERLEUKIN_1_PRODUCTION",-0.374352618607927,-0.17316165804582,-0.339184702849929,0.448767962493094,0.25033260214295,0.191895133512711
"GOBP_INTERLEUKIN_10_PRODUCTION",-0.435533920838745,-0.0181518480248868,-0.33246029920736,0.495860395085751,0.400449584045285,-0.0803048801213626
"GOBP_INTERLEUKIN_12_PRODUCTION",-0.370064428613528,-0.218497235972173,-0.410904460375985,0.446996938553706,0.430581849507822,0.0585918940064971
"GOBP_INTERLEUKIN_13_PRODUCTION",-0.338321836669141,0.286321919264473,-0.0713949649978975,0.432655401671021,0.110737234012218,-0.367727910534834
"GOBP_INTERLEUKIN_17_PRODUCTION",-0.224921099404144,-0.0956538677655236,0.260209590716183,0.266056248595628,-0.0205648636878265,-0.163583012370479
"GOBP_INTERLEUKIN_2_PRODUCTION",-0.218728781402771,-0.262466512303055,-0.324076087342629,0.366902150693113,0.330282310903686,-0.113478569443056
"GOBP_INTERLEUKIN_4_PRODUCTION",-0.307364241406567,-0.160393272614372,-0.104407229976298,0.468923332176067,0.155142040378,-0.205759956789413
"GOBP_INTERLEUKIN_5_PRODUCTION",-0.176813820480292,0.0445154556066731,-0.345482205419913,0.500247157881127,0.280065886617249,-0.211130394232733
"GOBP_INTERLEUKIN_6_MEDIATED_SIGNALING_PATHWAY",0.108340623065447,-0.509878146027318,-0.528946513499277,0.33836800112625,0.314122183172239,0.534992021780322
"GOBP_INTERLEUKIN_6_PRODUCTION",-0.227680204035388,-0.202571347546106,-0.471432033727285,0.471772412868418,0.306041148993782,0.12729648584635
"GOBP_INTERLEUKIN_8_PRODUCTION",-0.273046349822021,-0.208386009420067,-0.448586752052194,0.458158759591713,0.333571423843403,0.163912773743004
"GOBP_INTERMEDIATE_FILAMENT_BASED_PROCESS",0.219139752324806,-0.00178823609925849,0.170818758054262,-0.0710381106526416,-0.349365055125244,0.251794985261041
"GOBP_INTERMEDIATE_FILAMENT_ORGANIZATION",0.0940798397694036,0.248389239096193,0.32322984290816,-0.0960157699834112,-0.439817781971096,0.177842011779461
"GOBP_INTERMEMBRANE_LIPID_TRANSFER",0.0582372800393356,-0.135324550354512,-0.0429055301686528,0.0393275566994352,-0.0673638319066063,-0.0258795725887597
"GOBP_INTERSTRAND_CROSS_LINK_REPAIR",-0.368536043919162,-0.293063214580092,-0.448640132593207,0.405402275153386,0.246330383787469,0.313380887680384
"GOBP_INTESTINAL_ABSORPTION",0.404332981840418,-0.00389618955755891,-0.352087405143235,-0.0588103930904903,0.200217933013935,-0.363868804922839
"GOBP_INTRA_GOLGI_VESICLE_MEDIATED_TRANSPORT",0.277726813522713,-0.12567443809735,0.377538975279857,-0.273810178215663,-0.401621081848503,0.0698906485066362
"GOBP_INTRACELLULAR_GLUCOSE_HOMEOSTASIS",0.207866290009798,0.0351245306014076,0.163853443664186,-0.118061211729265,-0.269817703910634,-0.00116143706428007
"GOBP_INTRACELLULAR_IRON_ION_HOMEOSTASIS",0.097534173526557,0.0680243635456521,0.25593968913912,-0.0380062573438291,0.108128274601758,-0.345919060217805
"GOBP_INTRACELLULAR_LIPID_TRANSPORT",-0.0158690185925963,0.100348191107602,0.201971187779707,-0.0626960831878283,-0.0143904834467595,-0.167531902768876
"GOBP_INTRACELLULAR_MRNA_LOCALIZATION",0.180338476540074,-0.540152561195275,-0.144960087519812,-0.139623550842227,0.165093856320255,0.345246466589339
"GOBP_INTRACELLULAR_PH_REDUCTION",0.0063094800216765,-0.237360869923691,0.0962754331023864,0.203506827265206,0.361165203120103,-0.349691966011306
"GOBP_INTRACELLULAR_POTASSIUM_ION_HOMEOSTASIS",0.34065612232366,0.332086907071724,0.501552723773352,-0.409865627210232,-0.28735331396138,-0.471669230239056
"GOBP_INTRACELLULAR_PROTEIN_TRANSMEMBRANE_TRANSPORT",-0.0602022971247567,-0.108098126652919,0.342731910157781,-0.205927495558021,0.28959404863446,-0.339009643941901
"GOBP_INTRACELLULAR_RECEPTOR_SIGNALING_PATHWAY",-0.0427109573229806,-0.205112963391259,-0.153346067338822,0.227958749693115,-0.0134281881510445,0.167460446001611
"GOBP_INTRACELLULAR_SODIUM_ION_HOMEOSTASIS",0.0208151019944779,0.394425672120493,0.362958033357862,-0.169890041638368,-0.195628493087804,-0.518180715008893
"GOBP_INTRACELLULAR_STEROL_TRANSPORT",-0.0228025306163455,-0.0555013433998592,0.167375437119711,0.0463948082984933,-0.00593344586505268,-0.12176767449797
"GOBP_INTRACELLULAR_ZINC_ION_HOMEOSTASIS",0.199151041307395,0.306349038675744,0.243664654091925,-0.233304551350146,0.131638050880897,-0.440764713310137
"GOBP_INTRACILIARY_ANTEROGRADE_TRANSPORT",-0.113381928607869,-0.0727440085228755,0.0903903916118687,-0.406455680614799,0.00792346768155006,0.480417149670111
"GOBP_INTRACILIARY_RETROGRADE_TRANSPORT",-0.172918715263895,-0.157947992457897,-0.0326582307952292,-0.327015826964136,0.0969666076888512,0.424805472455563
"GOBP_INTRACILIARY_TRANSPORT",-0.155227318931653,-0.226756723039014,0.0493364835128324,-0.227004228512453,0.024965151504485,0.447792173553621
"GOBP_INTRINSIC_APOPTOTIC_SIGNALING_PATHWAY",-0.0858644371827213,-0.267861506088093,-0.100656553531261,0.156954110950721,0.123504593228412,0.152872870579974
"GOBP_INTRINSIC_APOPTOTIC_SIGNALING_PATHWAY_BY_P53_CLASS_MEDIATOR",-0.0648102474393557,-0.269275535187395,-0.218075835450658,0.269289860466131,0.0702014050795964,0.267989556343185
"GOBP_INTRINSIC_APOPTOTIC_SIGNALING_PATHWAY_IN_RESPONSE_TO_DNA_DAMAGE",-0.201151862598025,-0.265077108010163,-0.330580685099513,0.342392092637115,0.283459204976086,0.191162506652083
"GOBP_INTRINSIC_APOPTOTIC_SIGNALING_PATHWAY_IN_RESPONSE_TO_DNA_DAMAGE_BY_P53_CLASS_MEDIATOR",-0.336445519176236,-0.366599069070012,-0.342001895797368,0.396137090946378,0.358612188214224,0.373924110763516
"GOBP_INTRINSIC_APOPTOTIC_SIGNALING_PATHWAY_IN_RESPONSE_TO_ENDOPLASMIC_RETICULUM_STRESS",-0.102668631569564,-0.0853442410594705,0.158134652852223,0.117414455324095,-0.0803861987736152,0.00161418346555275
"GOBP_INTRINSIC_APOPTOTIC_SIGNALING_PATHWAY_IN_RESPONSE_TO_OXIDATIVE_STRESS",-0.174507459415878,-0.310591673619148,-0.100232388433749,0.164118283501223,0.25017325231788,0.0377645017289477
"GOBP_IRE1_MEDIATED_UNFOLDED_PROTEIN_RESPONSE",-0.180574520218191,-0.223108023866021,0.0675261722838546,0.0235624469747577,0.22535971474991,-0.0110850017217746
"GOBP_IRON_ION_TRANSMEMBRANE_TRANSPORT",0.207974625684248,0.194723185807164,-0.179848768284108,0.0906260612827233,0.113201271253808,-0.46597393606844
"GOBP_IRON_ION_TRANSPORT",0.0572968930182423,0.285070683699172,0.0496164572344145,0.147854907879465,-0.0252559889036718,-0.439979335024093
"GOBP_ISOPRENOID_BIOSYNTHETIC_PROCESS",0.0556883332556536,0.16363380410079,0.373925298478233,-0.394687802056969,-0.112506442046718,0.205322876967305
"GOBP_ISOPRENOID_METABOLIC_PROCESS",-0.116251974368364,0.273672142070032,0.302013191041208,-0.304603055761331,0.110818855343767,-0.164593703509996
"GOBP_JNK_CASCADE",0.1514693349479,-0.0813716012853223,-0.154069508577538,0.089879090135156,-0.233562943959972,0.171696694459808
"GOBP_KERATINOCYTE_DIFFERENTIATION",0.0384279856928395,-0.0620010648596363,-0.301423910148801,0.042310102240824,-0.207095135965085,0.370747702903257
"GOBP_KERATINOCYTE_PROLIFERATION",0.0884881608348127,0.0537814472584651,-0.290812888915154,-0.00385596822613882,-0.17437311840874,0.189344949294297
"GOBP_KETONE_BIOSYNTHETIC_PROCESS",-0.0326186947554001,0.0951285196850981,0.160748406646051,0.0213901438670397,0.1347028506527,-0.299020828968503
"GOBP_KETONE_METABOLIC_PROCESS",0.115120204505991,0.042702608496335,0.301592524981274,-0.0864153747017564,-0.071599230717819,-0.285869629860646
"GOBP_KIDNEY_EPITHELIUM_DEVELOPMENT",0.0356156258995992,0.256464296196246,-0.158005806428806,-0.00380809705935731,-0.33198902048399,0.137160170967811
"GOBP_KIDNEY_MORPHOGENESIS",-0.0107770399406392,0.296639306456285,0.00728548107720681,0.00689579398492557,-0.409388978767021,0.17665019694518
"GOBP_KINETOCHORE_ORGANIZATION",-0.498932019666437,-0.368658917499973,-0.673445013695935,0.476754106891534,0.619823304479481,0.339869787789384
"GOBP_L_ALPHA_AMINO_ACID_TRANSMEMBRANE_TRANSPORT",0.238926944981662,-0.235190125345669,0.232229160200871,0.170508502223021,-0.0752468861920687,-0.430882173158884
"GOBP_L_AMINO_ACID_CATABOLIC_PROCESS",0.310566427178346,0.160242484030891,0.477737118812435,-0.281838045830366,-0.266629048277126,-0.417826477548005
"GOBP_L_AMINO_ACID_METABOLIC_PROCESS",0.229447865384934,0.12017870220462,0.409605097553585,-0.170587030953236,-0.128147721037877,-0.373541389281505
"GOBP_L_AMINO_ACID_TRANSPORT",0.259405072982607,-0.105343209225706,0.20459305168963,0.0639333776199562,-0.157643029533407,-0.331014703397472
"GOBP_L_GLUTAMATE_IMPORT",0.0398528864954608,-0.177368859800558,0.249177575405479,-0.0132698062845194,0.0328890681655623,-0.172526280431332
"GOBP_L_GLUTAMATE_TRANSMEMBRANE_TRANSPORT",0.148090559609015,-0.283433589395306,0.23642021400383,0.0346937542829666,0.170368921486425,-0.454621937632725
"GOBP_LABYRINTHINE_LAYER_BLOOD_VESSEL_DEVELOPMENT",0.133279081851825,0.0444451674715256,0.157582225250101,-0.0234755396857959,-0.41161480199968,0.349282236458525
"GOBP_LABYRINTHINE_LAYER_DEVELOPMENT",0.00248259957628538,0.149981821472953,-0.0612809697911206,0.191711834451951,-0.261305516430501,0.116749146492468
"GOBP_LACTATION",0.266529986937868,-0.160236678856454,0.0756646426131271,0.199108195028037,-0.237759779271293,-0.137559906278397
"GOBP_LAMELLIPODIUM_ASSEMBLY",0.119272166091038,-0.146935371234285,-0.214156759014863,0.0393212929220812,0.110982214680319,0.116092184109337
"GOBP_LAMELLIPODIUM_MORPHOGENESIS",-0.128345694791225,-0.267122389917947,-0.22405383616797,0.41379277705744,0.251253959729371,-0.011059293303475
"GOBP_LAMELLIPODIUM_ORGANIZATION",0.023109318551573,-0.202036307031976,-0.205883829445574,0.127307513475857,0.184240251079654,0.098323264517252
"GOBP_LATE_ENDOSOME_TO_LYSOSOME_TRANSPORT",-0.0716813800220359,-0.320399903983315,0.22197733315479,-0.159195732715541,0.113537179829241,-0.101712061487856
"GOBP_LATE_ENDOSOME_TO_VACUOLE_TRANSPORT",-0.237358653752035,-0.0262325192374475,0.319349940579572,-0.197811646668221,0.1018408176699,0.103869365049801
"GOBP_LATE_ENDOSOME_TO_VACUOLE_TRANSPORT_VIA_MULTIVESICULAR_BODY_SORTING_PATHWAY",-0.193816066369357,-0.219939524521788,0.38112549884767,-0.141873554008564,0.0549571272468389,0.0601804816841708
"GOBP_LEARNING",0.327709739324659,0.188449519592819,0.000175845895797611,-0.245873675944735,-0.245670639582089,-0.0855069653638251
"GOBP_LEARNING_OR_MEMORY",0.272963472917396,0.17358219474641,0.057008997906502,-0.24451599713908,-0.221984973479663,-0.105429513094525
"GOBP_LENS_DEVELOPMENT_IN_CAMERA_TYPE_EYE",0.309874538058154,-0.0191213293895894,0.109667601597178,-0.148984658414681,-0.360503374435736,0.0950533493690952
"GOBP_LENS_FIBER_CELL_DIFFERENTIATION",0.213502496072891,-0.0980177656632792,0.192029779715962,-0.192730310717287,-0.328996929115695,0.195238240537778
"GOBP_LENS_MORPHOGENESIS_IN_CAMERA_TYPE_EYE",0.390301694072854,-0.253307814709557,0.0400108893403594,-0.182471669342734,-0.36336684515239,-0.00968433756536302
"GOBP_LEUKOCYTE_ADHESION_TO_VASCULAR_ENDOTHELIAL_CELL",-0.11194269406323,0.102834224631919,-0.448512622950953,0.175308071314061,0.155404756183149,0.195266102299562
"GOBP_LEUKOCYTE_APOPTOTIC_PROCESS",-0.109808172787344,-0.12520929982002,-0.342451241538035,0.370294338377101,0.10106437163058,0.00613801296134284
"GOBP_LEUKOCYTE_CELL_CELL_ADHESION",-0.0971538378180369,-0.1882587308537,-0.329497017995532,0.33824575215105,0.19738544181988,0.0784985307126828
"GOBP_LEUKOCYTE_CHEMOTAXIS",-0.115554105418892,-0.0671010349755505,-0.381716270490161,0.249691267710528,0.278826774669562,0.100664967019837
"GOBP_LEUKOCYTE_DEGRANULATION",-0.0690827420626271,-0.138464732548269,-0.427393451058919,0.469955610952236,0.250159242264477,-0.0725219980870007
"GOBP_LEUKOCYTE_HOMEOSTASIS",-0.0626475888587041,-0.278352075721284,-0.209240713020142,0.331359781615001,0.256442161595411,-0.0936251984842085
"GOBP_LEUKOCYTE_MEDIATED_CYTOTOXICITY",-0.088565068240045,-0.19131800830849,-0.278833022689273,0.378121046984573,0.325189335470392,-0.159102503197712
"GOBP_LEUKOCYTE_MEDIATED_IMMUNITY",-0.116047946973658,-0.191647699487913,-0.325739365836612,0.403583907420524,0.226218277459835,-0.0790929111816776
"GOBP_LEUKOCYTE_MIGRATION",-0.0977322465897294,-0.072233419939426,-0.337034237397541,0.254045224331256,0.246894083268189,0.0237242591107756
"GOBP_LEUKOCYTE_MIGRATION_INVOLVED_IN_INFLAMMATORY_RESPONSE",-0.158204948907339,0.0693853558308874,-0.420334353987288,0.271248261755409,0.368857960035625,0.0280907610247071
"GOBP_LEUKOCYTE_PROLIFERATION",-0.0677035188533906,-0.195342905738269,-0.359845635361269,0.376653429618137,0.25905290375599,0.0219239748751468
"GOBP_LEUKOCYTE_TETHERING_OR_ROLLING",-0.0935925053998148,-0.0466311520943571,-0.443319752187795,0.303509971873235,0.306053907926901,0.0395431131149463
"GOBP_LEUKOTRIENE_METABOLIC_PROCESS",0.024702265715671,0.274804910491949,-0.293608318227034,0.0898887405536484,-0.0218233536888189,-0.177125326641552
"GOBP_LIGAND_GATED_ION_CHANNEL_SIGNALING_PATHWAY",0.378009489120234,0.199913961026158,-0.0658620780369273,0.0157378623827945,-0.253751442750097,-0.143749890258735
"GOBP_LIMBIC_SYSTEM_DEVELOPMENT",0.208170121147384,-0.109715793052324,-0.0870097428611784,0.0558354339572927,-0.145624931702218,0.0741209244183832
"GOBP_LIPID_CATABOLIC_PROCESS",-0.0296542971851812,0.171069972063975,0.309382078863152,-0.121821110118399,0.0986208221553402,-0.311918107069759
"GOBP_LIPID_DROPLET_FORMATION",0.213843828637387,0.0400936035589068,0.444454400943579,0.0296860707044777,-0.269753095772021,-0.465905162808753
"GOBP_LIPID_DROPLET_ORGANIZATION",-0.0196671325679634,-0.124889053124763,0.408940452152174,-0.0787049776615462,-0.204071334196717,-0.0890963633075503
"GOBP_LIPID_EXPORT_FROM_CELL",0.0108498375491533,0.234983100526943,-0.19140680709705,-0.0873508521012614,-0.102385900033234,0.00480700630922004
"GOBP_LIPID_HOMEOSTASIS",0.112746071826504,-0.0680752171743114,0.245716272209913,-0.109921690021313,0.0835982511599148,-0.179691973693567
"GOBP_LIPID_IMPORT_INTO_CELL",0.00968838677923739,0.0897314514238463,0.185838509215299,-0.0413793550719096,-0.00550464621983049,-0.0911524096194424
"GOBP_LIPID_LOCALIZATION",0.165632526230339,0.113966898304368,0.0779394408254968,-0.0898474836795721,-0.0350485893830954,-0.138098958900976
"GOBP_LIPID_MODIFICATION",0.197626471413146,0.0811966771680855,0.377930994974977,-0.228414024588535,-0.192069101357089,-0.254628539609132
"GOBP_LIPID_OXIDATION",0.141938053963569,0.0731702465914517,0.468879559691327,-0.274499086778633,-0.0359193482461803,-0.386830996338367
"GOBP_LIPID_TRANSLOCATION",0.394644031896945,0.00845161949595605,-0.205086121896712,-0.0385891995777042,-0.125410742727573,-0.0490991717550474
"GOBP_LIPOPOLYSACCHARIDE_MEDIATED_SIGNALING_PATHWAY",-0.145023012305816,-0.170123313049819,-0.33274598480248,0.199579299852904,0.392120671557341,0.182267235828328
"GOBP_LIPOPROTEIN_BIOSYNTHETIC_PROCESS",0.267060027044887,0.11208060787688,-0.160023708522519,-0.128833560881758,-0.12515559148345,0.115245066699955
"GOBP_LIPOPROTEIN_LOCALIZATION",0.0232728794570003,-0.210139687917114,0.108858894505294,0.12588797196314,0.224981573700762,-0.267981173278324
"GOBP_LIPOPROTEIN_METABOLIC_PROCESS",0.131942713931252,0.0496090087078701,-0.0258678008180215,0.00901485153282428,-0.0296949579718312,0.0584906701917152
"GOBP_LIPOSACCHARIDE_METABOLIC_PROCESS",-0.204326602105045,-0.0662712867615455,-0.0584344023999945,0.0226792558262673,0.269499753621789,-0.0776420483992881
"GOBP_LIVER_MORPHOGENESIS",0.260579637248806,0.0468423125207035,-0.0238564656843686,-0.131255362930958,-0.281690330214098,-0.048931486606637
"GOBP_LIVER_REGENERATION",-0.394374021980608,0.422014548293437,-0.255790887231841,0.195636581606648,0.162408328098039,0.121265491266885
"GOBP_LOCOMOTORY_BEHAVIOR",0.234823505226296,0.0773485120271242,0.201460450891326,-0.306325820226706,-0.180704534934819,0.0338372812612349
"GOBP_LONG_CHAIN_FATTY_ACID_BIOSYNTHETIC_PROCESS",0.196348236231595,0.418403973985203,0.171489194938786,-0.493263033101882,-0.293782458192651,-0.334319527252273
"GOBP_LONG_CHAIN_FATTY_ACID_METABOLIC_PROCESS",0.159836873682795,0.28879577288152,0.270002773155886,-0.332129090192428,-0.0131570081347097,-0.343699486749787
"GOBP_LONG_CHAIN_FATTY_ACID_TRANSPORT",0.157909138182962,0.0442965615258785,0.17259797159831,-0.201535181579861,0.0563603745685259,-0.132414705769492
"GOBP_LONG_CHAIN_FATTY_ACYL_COA_BIOSYNTHETIC_PROCESS",0.277852948144186,0.487428545118559,0.519808995299927,-0.504276572754393,-0.110878544067831,-0.431694129405217
"GOBP_LONG_CHAIN_FATTY_ACYL_COA_METABOLIC_PROCESS",0.214393970221867,0.392469635858172,0.587111225082102,-0.509811211332151,-0.0719069370158929,-0.455525145030212
"GOBP_LONG_TERM_MEMORY",0.4198334329831,-0.0103384200272404,0.188366536321698,-0.45210724839016,-0.267753241797669,0.00400070084996229
"GOBP_LONG_TERM_SYNAPTIC_DEPRESSION",0.138482007441333,0.299715450719488,0.356025368657581,-0.368524403142416,-0.366951664767482,-0.0562287076172719
"GOBP_LONG_TERM_SYNAPTIC_POTENTIATION",0.133493207879662,0.130432496967044,-0.00584037439688251,-0.216156596171811,-0.199743977933472,0.184650201334019
"GOBP_LOW_DENSITY_LIPOPROTEIN_PARTICLE_CLEARANCE",-0.26734476907225,0.2008442630369,-0.235939341696359,0.378057459057771,0.250165197801009,-0.332799763217424
"GOBP_LUNG_ALVEOLUS_DEVELOPMENT",0.264686238095287,0.270553085328637,-0.201845214395043,0.0990125957903042,-0.260509665818663,-0.125814243533361
"GOBP_LUNG_EPITHELIUM_DEVELOPMENT",-0.0949656664896635,0.267909880025554,0.337711561081993,-0.292625749051249,-0.306644952038565,0.0211625353890501
"GOBP_LUNG_MORPHOGENESIS",0.0693957137350568,0.106384790703977,0.114447149678932,-0.174414087083334,-0.132210009389433,-0.0501316199200293
"GOBP_LYMPH_NODE_DEVELOPMENT",0.331117904204306,-0.177062482302051,-0.29240332097522,0.182092329671,0.0197413093102211,-0.231517413442641
"GOBP_LYMPH_VESSEL_DEVELOPMENT",0.374729788600744,0.444655775347791,-0.0462393896029757,-0.337770403746072,-0.308710758584999,-0.241335026340762
"GOBP_LYMPH_VESSEL_MORPHOGENESIS",0.488573943335403,0.436970569475767,0.177435893604747,-0.386576936664239,-0.36373125508033,-0.383593649252537
"GOBP_LYMPHOCYTE_ACTIVATION_INVOLVED_IN_IMMUNE_RESPONSE",-0.186107546067979,-0.26080122022723,-0.294826285021203,0.43069817897086,0.245982148571522,-0.0042952262842374
"GOBP_LYMPHOCYTE_APOPTOTIC_PROCESS",-0.181367762142023,-0.136382395653337,-0.370236822462374,0.350327748587369,0.143090571753985,0.0858536944188654
"GOBP_LYMPHOCYTE_CHEMOTAXIS",-0.10967989234118,-0.0371876255141926,-0.388887805713499,0.232405109890941,0.0810118695604718,0.202720595222818
"GOBP_LYMPHOCYTE_COSTIMULATION",0.100085662173871,-0.342851173703509,-0.386791065078172,0.521077785594933,0.38291138402181,-0.347424411662017
"GOBP_LYMPHOCYTE_DIFFERENTIATION",-0.0780041229573254,-0.276317222634237,-0.338345601380895,0.369712895353737,0.181986611844801,0.0752147463062786
"GOBP_LYMPHOCYTE_HOMEOSTASIS",-0.0776825222873798,-0.227459309004269,-0.179402787286325,0.279011834586372,0.281100588996919,-0.0322883892192969
"GOBP_LYMPHOCYTE_MEDIATED_IMMUNITY",-0.109999027181688,-0.219100509063633,-0.287425229419288,0.405904426455985,0.209018552720813,-0.117798447538757
"GOBP_LYMPHOCYTE_MIGRATION",-0.0646932221115052,0.0511149946615704,-0.385836662172562,0.272017427590144,0.114633841956348,0.0501022206591294
"GOBP_LYMPHOID_PROGENITOR_CELL_DIFFERENTIATION",-0.313564331752879,-0.355461513570374,-0.324174265676595,0.503008951147951,-0.000404466666672126,0.420815612372247
"GOBP_LYSOSOMAL_LUMEN_ACIDIFICATION",-0.267988860159955,-0.174996134442206,0.183751733033708,0.268407851431472,0.558778502820318,-0.534288714380223
"GOBP_LYSOSOMAL_MEMBRANE_ORGANIZATION",-0.2714214712173,-0.265467394481296,0.0469913906514923,0.0102893127670599,0.378690208179333,-0.229867721230311
"GOBP_LYSOSOMAL_TRANSPORT",0.23246989677087,-0.199524911305294,0.0405591037343802,-0.0928446322602342,0.0394077703521042,-0.0438880988661935
"GOBP_LYTIC_VACUOLE_ORGANIZATION",-0.163861061466151,-0.274488896327838,0.0111794350580476,0.199367629263452,0.325356363213211,-0.209473335889964
"GOBP_MACROAUTOPHAGY",0.121398719602606,-0.130965455574082,0.247998273845907,-0.164797010948021,-0.054608745432811,-0.0529556885810768
"GOBP_MACROMOLECULE_DEACYLATION",-0.321052984428195,0.0192054930692145,0.0561792703559056,0.0795085513416598,0.0293029641842952,0.167208793822373
"GOBP_MACROMOLECULE_METHYLATION",-0.163777896683587,-0.333028858806392,0.162542254055138,0.0664681152322607,0.324229346115543,-0.163825589366304
"GOBP_MACROPHAGE_ACTIVATION",-0.246109007961356,-0.105028562326481,-0.389211969998974,0.39747059764705,0.207103385210456,0.147345788896371
"GOBP_MACROPHAGE_ACTIVATION_INVOLVED_IN_IMMUNE_RESPONSE",-0.515162245248492,-0.226414874390859,-0.46832834353652,0.519177883102764,0.502802620656656,-0.0989801737571699
"GOBP_MACROPHAGE_CHEMOTAXIS",-0.296963451751314,-0.161167541252097,-0.512076498538897,0.295746464253774,0.270080810368065,0.398765337872071
"GOBP_MACROPHAGE_CYTOKINE_PRODUCTION",-0.224232147126868,0.0208589298907012,-0.41581598804454,0.365431866600081,0.224100307356526,0.112805335783039
"GOBP_MACROPHAGE_DIFFERENTIATION",-0.199472980482967,0.0274144507133518,-0.268370652813412,0.228225059342128,0.146753211027822,0.0933086654681035
"GOBP_MACROPHAGE_MIGRATION",-0.248318585234269,-0.156228833545412,-0.376012560062825,0.226702848970751,0.303153741614929,0.233068779182917
"GOBP_MAGNESIUM_ION_TRANSPORT",0.300920556613324,0.0337408728700904,0.0220444946717955,-0.285080357322543,-0.262067766127117,0.132984226605859
"GOBP_MAINTENANCE_OF_BLOOD_BRAIN_BARRIER",0.235683379375697,0.328762635748212,0.140205651840055,-0.375559943862636,-0.223803762152752,-0.11783610563567
"GOBP_MAINTENANCE_OF_CELL_NUMBER",-0.147696258602878,-0.281683452984809,-0.290604351433544,0.20605610003075,0.140044152890548,0.333438339780213
"GOBP_MAINTENANCE_OF_LOCATION",0.124106589575387,0.0532057124493557,-0.0665651375455449,0.109499103227931,-0.080196298845788,-0.195815257719493
"GOBP_MAINTENANCE_OF_PROTEIN_LOCALIZATION_IN_ORGANELLE",-0.324920955518246,-0.00699985673452264,0.183919450644337,0.0811059038953147,0.216456199000191,-0.102876303048024
"GOBP_MAINTENANCE_OF_PROTEIN_LOCATION",-0.246803207705402,0.147574811466412,-0.0159346693912824,0.128569294666421,0.0326471071995201,-0.067757849412623
"GOBP_MAINTENANCE_OF_PROTEIN_LOCATION_IN_NUCLEUS",-0.298125192171909,0.143425183806144,0.0623680579397169,0.0338448875567353,0.247356855558281,-0.0822643768397037
"GOBP_MAINTENANCE_OF_SYNAPSE_STRUCTURE",0.399089048724134,0.256117291897152,0.348008356891074,-0.446626470684141,-0.43576420787545,-0.218814372496974
"GOBP_MALE_GAMETE_GENERATION",-0.174165415125254,-0.00578056359926932,-0.0295384144946607,-0.058506728064542,0.147685123201595,0.143317740700427
"GOBP_MALE_MEIOTIC_NUCLEAR_DIVISION",0.169659503202438,0.345723162302315,-0.367880463104866,-0.0952219713293234,0.0640015084522247,-0.0658566761920126
"GOBP_MALE_SEX_DIFFERENTIATION",0.110219728184353,-0.0161714098997273,-0.212993823581468,0.0388508204522163,-0.116248231353876,0.110782676644263
"GOBP_MAMMARY_GLAND_DEVELOPMENT",0.0813992142572353,0.00264325671801147,-0.083595925884657,0.200092900953075,-0.21049267291236,0.0139717856653248
"GOBP_MAMMARY_GLAND_DUCT_MORPHOGENESIS",-0.0324294776604705,0.19906610229619,-0.112680833892007,0.0655637821956701,-0.312258690438549,0.200905749102477
"GOBP_MAMMARY_GLAND_EPITHELIAL_CELL_PROLIFERATION",0.0100034589819339,-0.164901935025668,-0.200365157748223,0.407386201581301,-0.21270583489065,0.291702136492993
"GOBP_MAMMARY_GLAND_EPITHELIUM_DEVELOPMENT",0.010656091188274,0.114760237240046,-0.130923840153076,0.0878187627892811,-0.224059400119159,0.134577043699173
"GOBP_MAMMARY_GLAND_MORPHOGENESIS",0.0331401833261346,0.204492829510824,-0.145075719063566,0.135063689855002,-0.384845479131645,0.153854347639149
"GOBP_MAST_CELL_ACTIVATION",-0.0564311564900616,0.0630128323102133,-0.459073793040281,0.446481133095238,0.159740597218395,-0.0757093724999423
"GOBP_MAST_CELL_ACTIVATION_INVOLVED_IN_IMMUNE_RESPONSE",0.0222449580093224,0.036475598162227,-0.425239617812097,0.415140899636041,0.137963696867438,-0.122114859996116
"GOBP_MATERNAL_PLACENTA_DEVELOPMENT",-0.225556765077054,0.163717836508189,-0.0610562117523334,0.225122188449818,-0.113265305283939,-0.04397555317389
"GOBP_MATERNAL_PROCESS_INVOLVED_IN_FEMALE_PREGNANCY",-0.0624431907312935,0.224440311913991,-0.0120171279487605,0.139490858109693,-0.164488377141519,-0.193282503633918
"GOBP_MATING_BEHAVIOR",-0.0594468911218638,0.0625089214254891,0.0122461064642058,0.0590302420121985,-0.193593990276421,0.174718782760284
"GOBP_MATURATION_OF_5_8S_RRNA",-0.533994733959682,-0.363644934824683,-0.13254899990574,0.38023899283621,0.532575347046681,0.294676142878074
"GOBP_MATURATION_OF_5_8S_RRNA_FROM_TRICISTRONIC_RRNA_TRANSCRIPT_SSU_RRNA_5_8S_RRNA_LSU_RRNA",-0.497522663654652,-0.338190217828783,-0.108453484614153,0.426621853276628,0.495721240653251,0.234260966092588
"GOBP_MATURATION_OF_LSU_RRNA",-0.516760287479178,-0.526832670967988,0.0946736494809314,0.119846317927942,0.582560667652501,0.323622599536082
"GOBP_MATURATION_OF_LSU_RRNA_FROM_TRICISTRONIC_RRNA_TRANSCRIPT_SSU_RRNA_5_8S_RRNA_LSU_RRNA",-0.474182602611475,-0.489890157850882,0.192299092733349,0.0310492920991449,0.556346564795952,0.212955069864871
"GOBP_MATURATION_OF_SSU_RRNA",-0.358885293852854,-0.493796665708735,0.153942383570909,0.0268083592637033,0.503473361656441,0.31617383900115
"GOBP_MATURATION_OF_SSU_RRNA_FROM_TRICISTRONIC_RRNA_TRANSCRIPT_SSU_RRNA_5_8S_RRNA_LSU_RRNA",-0.35531548160374,-0.465287708163579,0.0667559759386478,0.0859466794078538,0.570198521890505,0.126567297592243
"GOBP_MATURE_B_CELL_DIFFERENTIATION",-0.0304466600618378,-0.244969160007001,-0.121487977699966,0.357100407139587,0.160073173000563,-0.138507763036084
"GOBP_MECHANORECEPTOR_DIFFERENTIATION",-0.0618519715782893,0.175197117803435,-0.215528513948227,-0.0732561538676499,-0.197399860738386,0.294080809506772
"GOBP_MEGAKARYOCYTE_DEVELOPMENT",0.295187818183382,-0.360405866124127,-0.325572280567238,0.399899208425589,-0.0737996862682156,0.0869778357229241
"GOBP_MEGAKARYOCYTE_DIFFERENTIATION",-0.0547110746009751,-0.184385514059607,-0.311983089156321,0.330155476067676,0.153645796341519,0.0634932424197483
"GOBP_MEIOSIS_I_CELL_CYCLE_PROCESS",-0.314471511439933,0.044185068631305,-0.319131941903234,0.259946118447613,0.303837360854432,-0.00686253344601112
"GOBP_MEIOTIC_CELL_CYCLE",-0.241571949684914,-0.114219694346075,-0.254025823653734,0.242508833292645,0.336769864727404,0.0096464381723495
"GOBP_MEIOTIC_CELL_CYCLE_PROCESS",-0.208171099221697,-0.0448122415633936,-0.316475207125926,0.248223319711818,0.342443552399818,-0.0493637760684636
"GOBP_MEIOTIC_CHROMOSOME_SEGREGATION",-0.234686339316847,-0.173754569406548,-0.393866681236492,0.339846159726567,0.495768165608407,-0.149944166631553
"GOBP_MEIOTIC_SPINDLE_ASSEMBLY",-0.0859592858164274,-0.413720284057462,-0.429494323521462,0.343097159790535,0.428061934144164,-0.00343085875671625
"GOBP_MEIOTIC_SPINDLE_ORGANIZATION",-0.190365504002567,-0.441583045102837,-0.504962782146583,0.388958587498907,0.531890335304711,-0.00985048591660653
"GOBP_MELANOCYTE_DIFFERENTIATION",0.322886112798719,0.136795449427877,-0.171768411414376,-0.28937553037828,-0.0626451934968776,-0.148566602712248
"GOBP_MELANOSOME_ASSEMBLY",-0.580536939782849,-0.371658362739082,-0.131476032473457,0.442842276164335,0.423757111056146,0.118877291007547
"GOBP_MEMBRANE_BIOGENESIS",-0.0656874710079229,0.22099686882137,0.145143649249982,-0.206361136044306,-0.102219575830431,0.0372825785262456
"GOBP_MEMBRANE_DEPOLARIZATION",0.345197863230189,0.134642824158777,0.134817402268806,-0.286085107350296,-0.172076150192023,-0.120717878982388
"GOBP_MEMBRANE_DEPOLARIZATION_DURING_ACTION_POTENTIAL",0.47812662305484,0.238195517223126,0.142518968177358,-0.343831860930681,-0.348770705332735,-0.130527767608513
"GOBP_MEMBRANE_DEPOLARIZATION_DURING_CARDIAC_MUSCLE_CELL_ACTION_POTENTIAL",0.480122811395238,0.300777980384979,0.195486944084921,-0.374267342064885,-0.349005158675556,-0.309800168623407
"GOBP_MEMBRANE_DOCKING",0.264299764465815,0.169339372174756,0.235682528392332,-0.304156545209177,-0.246784163037572,-0.0147240996391418
"GOBP_MEMBRANE_FISSION",-0.0426172866518643,-0.228704582426035,0.115963923783841,-0.0555522764822795,0.119139889826975,0.162458805680761
"GOBP_MEMBRANE_FUSION",0.0861972357552376,0.0844372752389108,0.169729737039158,-0.150703672694516,-0.101913428614808,-0.102038215771463
"GOBP_MEMBRANE_INVAGINATION",-0.174788549314738,-0.150566279036375,-0.356250083584719,0.278581879005814,0.246880127480661,0.147879591357815
"GOBP_MEMBRANE_LIPID_BIOSYNTHETIC_PROCESS",0.1475618145916,0.134399427486463,0.215157553474387,-0.248062889542739,0.0399817321271257,-0.209291881113516
"GOBP_MEMBRANE_LIPID_CATABOLIC_PROCESS",-0.366612650759512,0.103929087387595,0.00504957285331853,0.21173195428708,0.328927946221209,-0.228870777933485
"GOBP_MEMBRANE_LIPID_METABOLIC_PROCESS",-0.0215043178359265,0.06155656833215,0.149518995850489,-0.115432157547341,0.103625777469119,-0.171434076867394
"GOBP_MEMBRANE_PROTEIN_ECTODOMAIN_PROTEOLYSIS",-0.108566174489319,-0.0147713572498137,-0.155654190459978,-0.01599213446098,0.00506500651208458,0.211404230122639
"GOBP_MEMBRANE_PROTEIN_PROTEOLYSIS",-0.187417137733948,0.0454078860311684,-0.154483091061258,0.0503669147616446,-0.0128974959734091,0.199724683830091
"GOBP_MEMBRANE_RAFT_ORGANIZATION",-0.150461955491087,0.18813867948082,-0.0622678487680657,0.0927916500921445,0.0959266545552304,-0.125930763883443
"GOBP_MEMBRANE_REPOLARIZATION",0.302259692736322,0.203008013218019,0.230228299290081,-0.372096704123712,-0.296182352319513,-0.0025366905590164
"GOBP_MEMBRANE_REPOLARIZATION_DURING_ACTION_POTENTIAL",0.322986805476328,0.253084043655017,0.00202393458603678,-0.162095173040903,-0.293249049244492,-0.0316125397816862
"GOBP_MEMBRANELESS_ORGANELLE_ASSEMBLY",-0.0638260357172034,-0.279399286969426,-0.140526452679637,0.14211419946936,0.297223133631349,0.131881825817691
"GOBP_MEMORY",0.267195859691818,0.158054395247696,0.0520557189010558,-0.30108624271927,-0.203042148330487,-0.0690953699428049
"GOBP_MESENCHYMAL_CELL_DIFFERENTIATION",-0.067461088703938,0.182028956497145,-0.21242351268172,0.0640972739974732,-0.137820931275575,0.171381731650461
"GOBP_MESENCHYMAL_CELL_MIGRATION",-0.078057781072454,0.253447122710487,-0.277579981606924,0.113242762150533,-0.215997880859982,0.217766205822267
"GOBP_MESENCHYMAL_CELL_PROLIFERATION",0.0468738709546644,0.397073822311474,-0.024275084698532,-0.13411951383992,-0.399337217270593,0.0963872898308348
"GOBP_MESENCHYME_DEVELOPMENT",-0.0294986925550073,0.171766797221718,-0.199633165737298,0.0642750373398533,-0.150098611112492,0.123541214040098
"GOBP_MESENCHYME_MORPHOGENESIS",0.00710005628949642,0.195232062742533,-0.271373063557572,0.167359474469225,-0.155441555913373,-0.0135656885771356
"GOBP_MESODERM_DEVELOPMENT",-0.0534516624538052,-0.00688742965263733,-0.212761849115112,0.0835867757725113,0.0270274899468051,0.172528663813575
"GOBP_MESODERM_MORPHOGENESIS",0.063215383311441,0.156689888733973,-0.193346884118175,-0.0554731687903742,-0.109510583481949,0.121156491065736
"GOBP_MESODERMAL_CELL_DIFFERENTIATION",0.0310786891553902,0.436344078072449,-0.24910233095668,-0.067726266563045,-0.226540333643082,-0.0740443306934519
"GOBP_MESONEPHRIC_TUBULE_MORPHOGENESIS",-0.171321213896894,0.335675233426537,0.143918846528588,-0.048950924677878,-0.427277341074204,0.0972129331405223
"GOBP_MESONEPHROS_DEVELOPMENT",-0.103986831503862,0.252661346839056,-0.0386250452038418,-0.0187830139029834,-0.360272943319614,0.143322286797687
"GOBP_METABOLIC_COMPOUND_SALVAGE",-0.240268148982432,0.158749377199559,0.037415636374239,0.127506148697897,0.0979271062874082,-0.311485849226322
"GOBP_METALLO_SULFUR_CLUSTER_ASSEMBLY",-0.0106897473483742,0.0424756384424315,0.417687719824211,-0.100560003256577,0.434471771744131,-0.505345601045081
"GOBP_METANEPHRIC_NEPHRON_DEVELOPMENT",-0.0878601197676838,0.481900377854847,-0.143895531622,-0.166580917019318,-0.278740041634022,0.131002997728551
"GOBP_METANEPHROS_DEVELOPMENT",-0.0232061597365177,0.326098521330785,-0.239913953178633,-0.0756885205618497,-0.212154167253911,0.167654780014144
"GOBP_METAPHASE_CHROMOSOME_ALIGNMENT",-0.261722036941384,-0.249042777853066,-0.265284523977421,0.25470280942345,0.472318578729818,0.0953414826903179
"GOBP_METENCEPHALON_DEVELOPMENT",0.259376834680764,-0.0758687175104079,0.0813090463389105,0.0836737917534688,-0.230543902264622,-0.13630399844079
"GOBP_METHYLATION",-0.0289546074449625,-0.170596278924534,0.0950886781633374,0.122344338737131,0.139573419358004,-0.18889331517138
"GOBP_MICROAUTOPHAGY",0.168125305810311,-0.205406430267996,-0.124001356865088,-0.00402407187028006,-0.448846460626134,0.437364406401246
"GOBP_MICROTUBULE_ANCHORING",0.375218234691654,-0.410043931881774,0.386791661836797,-0.217558716882449,-0.336262627876843,0.0233514076159166
"GOBP_MICROTUBULE_BASED_MOVEMENT",-0.0171622510596889,-0.0549336317670906,0.0927963012093466,-0.0881411259457264,0.0104673322714962,0.0669296342387692
"GOBP_MICROTUBULE_BASED_TRANSPORT",0.138361627281135,-0.130776881030861,0.192263431354584,-0.194166714705762,-0.136597228284118,0.133185206283073
"GOBP_MICROTUBULE_BUNDLE_FORMATION",0.00695387576586842,0.150881689197253,-0.135161029104312,0.112679517428764,-0.188565091872918,0.0828355645543243
"GOBP_MICROTUBULE_CYTOSKELETON_ORGANIZATION_INVOLVED_IN_MITOSIS",-0.190305155779695,-0.295669346801748,-0.259822226434871,0.230081855455149,0.415903156562045,0.220763705273989
"GOBP_MICROTUBULE_DEPOLYMERIZATION",0.373960814682706,-0.026735907630872,-0.0699766203487506,-0.0586617290891641,-0.276324782745291,0.027816548207355
"GOBP_MICROTUBULE_NUCLEATION",0.350030798635492,-0.431326415652608,0.0325091550591516,0.125344386453847,0.0471381012006329,0.0564659684797447
"GOBP_MICROTUBULE_ORGANIZING_CENTER_LOCALIZATION",0.232335140608534,-0.292374335318486,-0.0227479313176619,-0.112462687832717,-0.274906674797276,0.254800233699839
"GOBP_MICROTUBULE_ORGANIZING_CENTER_ORGANIZATION",-0.223266347189887,-0.289438922930711,-0.215256989986143,0.260238735302802,0.336534428139909,0.17521348138613
"GOBP_MICROTUBULE_POLYMERIZATION",0.288152368082224,-0.236773587598711,0.0451820996012322,-0.0939548402615205,-0.104739088700234,0.111209590569916
"GOBP_MICROTUBULE_POLYMERIZATION_OR_DEPOLYMERIZATION",0.285297201824356,-0.0828411106151041,0.0045498762023663,-0.0457735785889485,-0.165916143034034,0.05644213157669
"GOBP_MICROVILLUS_ORGANIZATION",0.471390742796503,0.101471900644732,0.0592379093437903,-0.218727132216858,-0.339621519632061,-0.134333346803431
"GOBP_MIDBODY_ABSCISSION",-0.147492356407491,-0.256244747524249,0.0289415973763847,0.0931635764230362,0.27648301158743,0.0355983378649241
"GOBP_MIDBRAIN_DEVELOPMENT",-0.0499514605718371,-0.029278414899623,0.365210692883226,-0.227926490318967,-0.0823876484281602,0.280450570098218
"GOBP_MIDDLE_EAR_MORPHOGENESIS",0.217865895106935,0.114753462303556,-0.0255599870760211,0.0116916682604734,-0.450786690442812,0.108414257446594
"GOBP_MIRNA_MEDIATED_GENE_SILENCING_BY_INHIBITION_OF_TRANSLATION",0.520835009768564,-0.21400425544092,-0.276177453363154,0.358784294294388,-0.440790326232697,0.257706423905131
"GOBP_MIRNA_METABOLIC_PROCESS",0.154406620404335,-0.125650119628816,-0.0551453900528903,-0.0222918550118989,-0.182345783559632,0.285983052520776
"GOBP_MIRNA_PROCESSING",0.0349684056185932,-0.326843312656714,-0.254799028364924,0.140619917155824,0.0482878630322426,0.399406035439232
"GOBP_MIRNA_TRANSCRIPTION",0.0732785597553444,-0.106590126317545,-0.0490754147311472,-0.0324303384345935,-0.163102585805288,0.277017646595928
"GOBP_MISMATCH_REPAIR",-0.209734233754099,-0.118806900975389,-0.236446907982349,0.521635410315677,0.224593391453623,-0.161188982249963
"GOBP_MITOCHONDRIAL_CALCIUM_ION_HOMEOSTASIS",0.491266024241835,-0.0997258948726218,0.191201595839119,-0.221135939446823,-0.443519135930407,-0.243698587577786
"GOBP_MITOCHONDRIAL_CALCIUM_ION_TRANSMEMBRANE_TRANSPORT",0.333050959082822,-0.134905780464772,0.189283013033746,-0.150456736493884,-0.321585883056313,-0.34621181554782
"GOBP_MITOCHONDRIAL_DEPOLARIZATION",0.108174265945465,0.0296582348469141,0.125616082014411,-0.105267143537166,-0.188020504724745,-0.0850804529003802
"GOBP_MITOCHONDRIAL_DNA_METABOLIC_PROCESS",0.328726084474456,-0.0467567873909079,-0.0673456934793058,0.102319282989142,0.118189829717895,-0.464375890993717
"GOBP_MITOCHONDRIAL_DNA_REPLICATION",0.221161779761111,0.00378614147273518,-0.0318786124585522,-0.0546731346096573,0.105107332513835,-0.426723722359064
"GOBP_MITOCHONDRIAL_ELECTRON_TRANSPORT_NADH_TO_UBIQUINONE",0.361347333941895,0.589894322520125,0.69013071788747,-0.616220381806175,-0.329087557030468,-0.606741679042538
"GOBP_MITOCHONDRIAL_FISSION",0.43737795950845,-0.216236593799296,0.352426252072394,-0.15694280309331,-0.15220081186136,-0.387994670067308
"GOBP_MITOCHONDRIAL_FUSION",-0.0547601656903736,-0.148428545262615,0.480243469088444,0.0683070492814465,-0.0175575680931514,-0.43380156570147
"GOBP_MITOCHONDRIAL_GENE_EXPRESSION",-0.255166629900152,0.0170492174850395,0.415353967120793,-0.216840264582364,0.34685907712994,-0.374018454087407
"GOBP_MITOCHONDRIAL_MEMBRANE_ORGANIZATION",0.0962537239696905,-0.0903518934210101,0.344198394813448,-0.131035882575121,0.111764744122489,-0.363710129442205
"GOBP_MITOCHONDRIAL_OUTER_MEMBRANE_PERMEABILIZATION",-0.0109004053028779,0.0723482407299021,0.294097385253555,0.0236931324779213,-0.0503214990489031,-0.314576254967807
"GOBP_MITOCHONDRIAL_RESPIRATORY_CHAIN_COMPLEX_ASSEMBLY",-0.10404527463356,0.336731594066744,0.567013148354506,-0.447414426155725,0.112317997846615,-0.459160919390954
"GOBP_MITOCHONDRIAL_RIBOSOME_ASSEMBLY",-0.0695762893387695,-0.398971866813921,0.582845175884134,0.0302610329021981,0.113844839894627,-0.318616919825087
"GOBP_MITOCHONDRIAL_RNA_METABOLIC_PROCESS",-0.141568814731117,-0.191564583839225,0.313702948732468,-0.00420038981310672,0.213749766444772,-0.23300589550941
"GOBP_MITOCHONDRIAL_RNA_MODIFICATION",-0.424764635012622,-0.120751186862997,0.4102312936243,0.302296251994023,0.491065212983429,-0.31828410834143
"GOBP_MITOCHONDRIAL_RNA_PROCESSING",-0.223297864263868,-0.161483781265999,0.198123521750591,0.124657385861792,0.320295530752621,-0.233933767242367
"GOBP_MITOCHONDRIAL_TRANSCRIPTION",-0.0570343859498251,-0.138869510972301,0.473610125452454,-0.307500745745924,-0.0997884820666022,0.0285306026620827
"GOBP_MITOCHONDRIAL_TRANSLATION",-0.264763891031378,0.0477503359787796,0.438253123320453,-0.266461696056184,0.427926099934018,-0.430110019969033
"GOBP_MITOCHONDRIAL_TRANSMEMBRANE_TRANSPORT",0.359989949751368,0.232964138759289,0.44684386399784,-0.28825870745372,-0.234116221089647,-0.393923480891604
"GOBP_MITOCHONDRIAL_TRANSPORT",0.240592882384593,0.057398519514347,0.27685497433617,-0.129744298822614,-0.114992541298568,-0.353230926677806
"GOBP_MITOCHONDRIAL_TRNA_PROCESSING",-0.401762650409317,-0.107565277575341,0.455099998475936,0.153665954809785,0.411511006038661,-0.272996712940705
"GOBP_MITOCHONDRION_DISTRIBUTION",0.527536320599766,-0.257361247657349,0.408693767979605,-0.105391088832659,-0.290061062638579,-0.319614298714416
"GOBP_MITOCHONDRION_LOCALIZATION",0.371124325651041,-0.0400999851579766,0.293895635608161,-0.244594986030326,-0.300647794555023,-0.11142719901247
"GOBP_MITOCHONDRION_ORGANIZATION",0.11271571754807,0.0535139470582771,0.353322282684125,-0.192369835480612,0.00594639023777511,-0.290236968808614
"GOBP_MITOPHAGY",0.137490009766281,0.0315939604613839,0.290029646698976,-0.192286903121058,-0.154539360800025,-0.0562812814149262
"GOBP_MITOTIC_CELL_CYCLE_CHECKPOINT_SIGNALING",-0.297500235229675,-0.359110091984373,-0.371998785720332,0.494222904606646,0.41781888073299,0.273989579040285
"GOBP_MITOTIC_CELL_CYCLE_PHASE_TRANSITION",-0.22114116877335,-0.270251686696114,-0.273510190220135,0.244090812923863,0.354585039475999,0.201215607687962
"GOBP_MITOTIC_CHROMOSOME_CONDENSATION",-0.385751853246358,-0.434141591390988,-0.460765189119163,0.585882810747369,0.465343583139787,0.178089544877092
"GOBP_MITOTIC_CYTOKINESIS",-0.114588387492374,-0.230617014746665,-0.208297025310894,0.0645316909222697,0.213358262998647,0.269089916143475
"GOBP_MITOTIC_CYTOKINETIC_PROCESS",-0.195411832025472,-0.173240799425529,-0.149991695144197,0.159591666689057,0.256026489786988,0.143643825491788
"GOBP_MITOTIC_DNA_INTEGRITY_CHECKPOINT_SIGNALING",-0.209562113684325,-0.36368493311521,-0.269327482141058,0.482498157149823,0.321459213233897,0.216636296641027
"GOBP_MITOTIC_DNA_REPLICATION",-0.229202901404847,-0.361127931483146,-0.527112649053537,0.499713164671758,0.581123930858561,-0.102753828466065
"GOBP_MITOTIC_G2_DNA_DAMAGE_CHECKPOINT_SIGNALING",-0.163600108072176,-0.403800315526734,-0.257404084838858,0.376793670555538,0.227691567048634,0.224834818550595
"GOBP_MITOTIC_G2_M_TRANSITION_CHECKPOINT",-0.228713436055891,-0.425167317947279,-0.306115299096836,0.463098743918175,0.337130479815906,0.206386282072367
"GOBP_MITOTIC_INTRA_S_DNA_DAMAGE_CHECKPOINT_SIGNALING",-0.242289928487085,-0.405482110270811,-0.337933438441422,0.615485369491446,0.335076628820608,0.183259368933466
"GOBP_MITOTIC_METAPHASE_CHROMOSOME_ALIGNMENT",-0.394336323897362,-0.2466857827276,-0.234337507350896,0.19879958506525,0.506790249181675,0.125445027955667
"GOBP_MITOTIC_NUCLEAR_DIVISION",-0.249786262647431,-0.246058014392274,-0.285481572031206,0.270391946354651,0.406046455154129,0.160498222905748
"GOBP_MITOTIC_RECOMBINATION",-0.349888775995379,-0.183780296020159,-0.476729256976739,0.4210937278804,0.313729348417373,0.339302959045008
"GOBP_MITOTIC_SISTER_CHROMATID_COHESION",-0.273236121930022,-0.479392132734991,-0.371634493386454,0.0500190131102146,0.503290380160586,0.48666122236818
"GOBP_MITOTIC_SISTER_CHROMATID_SEGREGATION",-0.336706145541309,-0.323001550549077,-0.315705855070295,0.311730370138187,0.486315572460681,0.233487730756535
"GOBP_MITOTIC_SISTER_CHROMATID_SEPARATION",-0.326765441004637,-0.330617643308145,-0.49561820723953,0.433229045423174,0.528109193099176,0.217275193354734
"GOBP_MITOTIC_SPINDLE_ASSEMBLY",-0.237603771092753,-0.307140948208208,-0.180246369613879,0.208820283754424,0.454404885425138,0.19420731780489
"GOBP_MITOTIC_SPINDLE_ORGANIZATION",-0.162494732290028,-0.283623007611797,-0.207501080175623,0.198488021971997,0.400514699500446,0.165386607613038
"GOBP_MODIFICATION_OF_POSTSYNAPTIC_ACTIN_CYTOSKELETON",-0.0759172828659263,-0.328944967036323,-0.088710050003836,0.148395708079245,0.00279598506883461,0.156280114134656
"GOBP_MODIFICATION_OF_POSTSYNAPTIC_STRUCTURE",-0.00438324482134425,-0.343164491781861,-0.115590822698682,0.105385631733625,0.0382416356736055,0.254279632441958
"GOBP_MODIFICATION_OF_SYNAPTIC_STRUCTURE",0.126874951617784,-0.234526998153556,-0.0314241055830133,-0.0222506315212602,-0.0954117166692947,0.181705532316672
"GOBP_MODIFIED_AMINO_ACID_BIOSYNTHETIC_PROCESS",-0.0212200595535019,0.011037982571711,0.0685427152991591,0.0681535647925485,-0.0860272947233808,-0.26605735349915
"GOBP_MODIFIED_AMINO_ACID_CATABOLIC_PROCESS",0.244534581951891,0.0564430168136917,0.408664252307562,-0.037807335751713,0.158576593761153,-0.523698543655941
"GOBP_MODIFIED_AMINO_ACID_METABOLIC_PROCESS",0.0388302149206576,-0.0489469366893278,0.231573975194402,-0.0842885840972424,0.122473159211549,-0.27691238045926
"GOBP_MODIFIED_AMINO_ACID_TRANSPORT",0.0268124748295492,0.00597906781627261,0.0611886358567375,0.0756478162973198,-0.171038758624061,-0.0825985499727371
"GOBP_MODULATION_BY_SYMBIONT_OF_ENTRY_INTO_HOST",-0.103747712586076,0.312357440049205,-0.122180258077453,0.0654892181487926,0.173001763347042,-0.217882786020192
"GOBP_MODULATION_OF_EXCITATORY_POSTSYNAPTIC_POTENTIAL",0.365605688247571,-0.00126891679778054,0.0557638684271586,0.0580992540293153,-0.350427203862389,0.0122885785996853
"GOBP_MODULATION_OF_PROCESS_OF_ANOTHER_ORGANISM",-0.178070585680124,-0.201987906538296,-0.213000377091916,0.111804243036984,0.120198589745795,0.26044035820145
"GOBP_MOLTING_CYCLE",-0.0522524889753598,0.110091923224685,-0.283001879375355,-0.0224136554602197,-0.202572177841209,0.383493672648904
"GOBP_MOLTING_CYCLE_PROCESS",-0.0429172435884389,0.110709829009609,-0.29731062687882,0.00897968666789822,-0.243504746736048,0.374515710401088
"GOBP_MONOAMINE_TRANSPORT",0.200459957290588,-0.0327421345178388,0.229224187308478,-0.189008720109584,0.0751338978392366,-0.263082306806456
"GOBP_MONOATOMIC_ANION_TRANSPORT",0.22601887220669,-0.0200393145156616,0.0767163411979496,0.0431561109096711,-0.152000061681745,-0.127451730339417
"GOBP_MONOATOMIC_ION_HOMEOSTASIS",0.208247637487023,0.117819514176134,0.112747767422358,-0.0187475169717972,-0.117036285654318,-0.286549116780255
"GOBP_MONOCARBOXYLIC_ACID_BIOSYNTHETIC_PROCESS",0.255341767684844,0.144039558590029,0.365634562312881,-0.259369693443458,-0.0993436219410276,-0.317848911851879
"GOBP_MONOCARBOXYLIC_ACID_CATABOLIC_PROCESS",0.162121069289069,0.154612362689758,0.540939549974467,-0.29630288484639,-0.0181221076284787,-0.441585296249813
"GOBP_MONOCARBOXYLIC_ACID_METABOLIC_PROCESS",0.162952606418576,0.15601272030526,0.363734532961173,-0.213934494491132,-0.115600122807793,-0.310535899941997
"GOBP_MONOCARBOXYLIC_ACID_TRANSPORT",0.0482651588778068,0.0403053918254913,0.0901891099131791,-0.101870812983672,0.0545208789710578,-0.0222412828453006
"GOBP_MONOCYTE_CHEMOTACTIC_PROTEIN_1_PRODUCTION",-0.446869095570209,-0.0181376169265905,-0.419502738418719,0.216756213743038,0.234875782153994,0.114631216928665
"GOBP_MONOCYTE_CHEMOTAXIS",-0.309897665181711,-0.0838206250193393,-0.330689227564474,0.278136791018284,0.311098116220663,0.208138337658113
"GOBP_MONOCYTE_DIFFERENTIATION",0.0634540991381975,-0.036541141269321,-0.217176806011613,0.297948976819659,-0.136283233830557,-0.142584507634857
"GOBP_MONONUCLEAR_CELL_DIFFERENTIATION",-0.086930598561451,-0.271515281821666,-0.326113949707733,0.36189315776437,0.192015547943387,0.0606863003543377
"GOBP_MONONUCLEAR_CELL_MIGRATION",-0.165108043454634,0.0213058476612247,-0.333829541674936,0.22943845404537,0.218154528631315,0.0222551540680564
"GOBP_MONOSACCHARIDE_BIOSYNTHETIC_PROCESS",0.0810683720299182,0.0831807330332132,0.339891951519014,-0.159246888077205,-0.122803643719615,-0.183530330519318
"GOBP_MONOSACCHARIDE_CATABOLIC_PROCESS",-0.189740940631546,0.130828321673385,0.392082956206531,0.137376947207723,0.0865187474838554,-0.455017401663879
"GOBP_MONOSACCHARIDE_METABOLIC_PROCESS",0.0405769977914651,0.0831280304743056,0.226480583418412,-0.04834388494176,-0.0899357313656676,-0.198770244347836
"GOBP_MONOSACCHARIDE_TRANSMEMBRANE_TRANSPORT",0.304166419956775,-0.0754310130523639,0.106008469492185,-0.126369710278007,-0.184096262429104,-0.110602496499057
"GOBP_MORPHOGENESIS_OF_A_BRANCHING_STRUCTURE",0.0392590461401254,0.143915759387055,-0.182447375019787,0.170365501757978,-0.185004873966521,0.0355042841422537
"GOBP_MORPHOGENESIS_OF_A_POLARIZED_EPITHELIUM",0.173580240124925,-0.156487855407738,-0.0784207041798263,-0.023973966016963,-0.190446529650359,0.185961016223459
"GOBP_MORPHOGENESIS_OF_AN_ENDOTHELIUM",-0.29104023429839,-0.132063536310502,-0.343790361187254,0.327732427188545,0.168082419687366,0.0580922983283039
"GOBP_MORPHOGENESIS_OF_AN_EPITHELIAL_FOLD",-0.290529193893589,0.475429097715939,-0.21307914385908,-0.102278172584161,-0.261881058547313,0.424972590881549
"GOBP_MORPHOGENESIS_OF_AN_EPITHELIAL_SHEET",0.11355484230027,0.0267038519741664,-0.197243354106543,0.140532136297917,-0.19640272346156,0.224443442188699
"GOBP_MORPHOGENESIS_OF_AN_EPITHELIUM",-0.00797415595912621,0.138736219303245,-0.238433747171813,0.0737937883536691,-0.0862919240552954,0.15411061168998
"GOBP_MORPHOGENESIS_OF_EMBRYONIC_EPITHELIUM",-0.02519945337421,0.251989059428507,-0.230615659635917,0.0699703804291009,-0.154063430312033,0.0495640357851839
"GOBP_MOTILE_CILIUM_ASSEMBLY",-0.0400895998400138,0.220801672092061,0.0355916374237262,-0.112704792163785,-0.241095650594056,0.280117246042551
"GOBP_MOTOR_BEHAVIOR",-0.162093618436343,0.549703102997675,0.27713446925473,-0.331644007544855,-0.177171361967831,-0.133215888798371
"GOBP_MOTOR_NEURON_AXON_GUIDANCE",0.224003119664017,0.0605771273083648,-0.426081173768147,-0.259327581853065,-0.0545405226419543,0.187541476201351
"GOBP_MRNA_3_END_PROCESSING",-0.358046490349696,-0.387065798716391,-0.316956540327801,0.250109028663636,0.275052260256075,0.464960107268357
"GOBP_MRNA_CATABOLIC_PROCESS",-0.0818220708886059,-0.364431526112687,-0.199711679264563,0.239185196065573,0.159643125422792,0.300558161438765
"GOBP_MRNA_CIS_SPLICING_VIA_SPLICEOSOME",-0.365243222979721,-0.314605255529055,0.112374383689089,0.0501765521359151,0.326385628654797,0.206194924157628
"GOBP_MRNA_EXPORT_FROM_NUCLEUS",-0.319216725426258,-0.507810487766101,-0.3056359476128,0.354886001362339,0.323780267033971,0.431025397524574
"GOBP_MRNA_METHYLGUANOSINE_CAP_DECAPPING",-0.120045335909594,-0.41463081594315,-0.291651325786781,0.130185712906331,0.298905705709962,0.431981527359269
"GOBP_MRNA_MODIFICATION",-0.273960572887908,-0.356165826612903,-0.268239872094396,0.266085651026743,0.403946057675808,0.128330563012469
"GOBP_MRNA_PROCESSING",-0.342955259212242,-0.336980489477423,-0.145952107709902,0.23615777638804,0.323726164594419,0.278194504903468
"GOBP_MRNA_SPLICE_SITE_RECOGNITION",-0.261947769117627,-0.133549788782191,-0.00853660821346855,0.116322043722108,-0.0383355871640006,0.506253441559388
"GOBP_MRNA_TRANSCRIPTION",0.0289854957499232,-0.113656872048262,0.0300374487682922,-0.044273457511979,0.0388382244621183,0.174540736248518
"GOBP_MRNA_TRANSPORT",-0.14083108008971,-0.475013655211306,-0.263497328673775,0.317543794682676,0.267166166263987,0.357642599817529
"GOBP_MULTI_MULTICELLULAR_ORGANISM_PROCESS",-0.0982395235804118,0.118459447092216,0.00460291706536187,0.102768116966915,-0.0932606586584202,-0.0737170466659052
"GOBP_MULTICELLULAR_ORGANISM_GROWTH",0.0509874332050212,0.122590961867278,-0.0235369414319024,-0.0976376693122504,-0.199383746451169,0.195840229610659
"GOBP_MULTICELLULAR_ORGANISMAL_LEVEL_CHEMICAL_HOMEOSTASIS",0.345798502471939,0.197624180075047,0.0100285615489733,-0.070443073559685,-0.131996745326995,-0.280263544103177
"GOBP_MULTICELLULAR_ORGANISMAL_LEVEL_IRON_ION_HOMEOSTASIS",0.370652121353934,0.264161440488938,0.0271837210813191,-0.143246685902107,-0.0375633588532572,-0.289004123327594
"GOBP_MULTICELLULAR_ORGANISMAL_LEVEL_WATER_HOMEOSTASIS",0.371602372571108,0.0874700480472276,0.0375051590180575,-0.217650050922457,-0.273788973762798,-0.165289883555122
"GOBP_MULTICELLULAR_ORGANISMAL_MOVEMENT",0.393133213206894,0.392279273114863,0.394371337524143,-0.386858857441217,-0.43044713302139,-0.441201902822312
"GOBP_MULTICELLULAR_ORGANISMAL_RESPONSE_TO_STRESS",0.000271599993116933,0.122684635566391,0.0329277603622337,-0.252195480114156,-0.138849077001137,0.108251675553899
"GOBP_MULTIVESICULAR_BODY_ORGANIZATION",-0.266509813506406,-0.221003562339946,0.218984039358007,-0.102592250483067,0.190088867384557,0.162097543413899
"GOBP_MULTIVESICULAR_BODY_SORTING_PATHWAY",-0.124800473588548,-0.0914027599209956,0.244829888584314,-0.17400100434631,0.0646879611380511,0.029277266649239
"GOBP_MUSCLE_ADAPTATION",0.321799744403397,-0.00115183860977897,0.0368882830579028,-0.244641334183963,-0.220642940514272,0.0683130366688212
"GOBP_MUSCLE_CELL_APOPTOTIC_PROCESS",0.0315820015512558,-0.0655407204877562,0.12601962131591,0.0375573274432513,-0.0931236732757507,0.00526922130919633
"GOBP_MUSCLE_CELL_CELLULAR_HOMEOSTASIS",0.128109375418193,0.262920754201666,0.466481027995455,-0.483637046946948,-0.246049534849579,-0.0988634312260658
"GOBP_MUSCLE_CELL_DEVELOPMENT",0.322753724869737,0.19484059454789,0.0869952592514747,-0.241283769706859,-0.266181459581382,-0.138573945401564
"GOBP_MUSCLE_CELL_DIFFERENTIATION",0.100475275073701,0.155692494616823,-0.0403211594072779,-0.0969803984392942,-0.057511987223187,-0.0777352959283278
"GOBP_MUSCLE_CELL_MIGRATION",0.0168448558440067,0.0574158441848318,-0.0467130996357016,-0.125380122195354,-0.0802770564558376,0.145633804169432
"GOBP_MUSCLE_CELL_PROLIFERATION",-0.081564815260157,0.112149267613821,-0.160145396557016,-0.0948435629948506,0.0721712381132008,0.206529748894246
"GOBP_MUSCLE_CONTRACTION",0.107635464749127,0.281872456639744,0.179085338253154,-0.289249171504139,-0.0499992791147255,-0.152332963789143
"GOBP_MUSCLE_HYPERTROPHY",0.257903388376553,-0.0923396753636319,-0.0826978436435832,-0.120683365617998,-0.154158328302028,0.17663274341438
"GOBP_MUSCLE_HYPERTROPHY_IN_RESPONSE_TO_STRESS",0.449515359295739,0.0446435258818393,0.061319162880304,-0.384236798439286,-0.400205180993415,0.185671058462095
"GOBP_MUSCLE_ORGAN_DEVELOPMENT",0.276722353081914,0.213269011937161,0.111978272663317,-0.242599084650087,-0.335287224335677,-0.0571224282793059
"GOBP_MUSCLE_ORGAN_MORPHOGENESIS",0.192642766992312,0.241740111012805,-0.0582634081716309,-0.085715816092686,-0.356010507784794,-0.0926425318729966
"GOBP_MUSCLE_SYSTEM_PROCESS",0.163983612082693,0.22725874308098,0.153197653432342,-0.284857878655024,-0.0927575295305949,-0.105208618877483
"GOBP_MUSCLE_TISSUE_DEVELOPMENT",0.16205293971643,0.133655729200807,-0.0375399486117667,-0.154370143453193,-0.210628339181072,0.0224232643880922
"GOBP_MYD88_DEPENDENT_TOLL_LIKE_RECEPTOR_SIGNALING_PATHWAY",-0.321248373837973,-0.411336339566551,-0.523265309812515,0.433249470563607,0.393440833571613,0.130443739254154
"GOBP_MYELIN_ASSEMBLY",0.51322741947965,0.452335055577979,0.514120016452527,-0.632491333730252,-0.44510660861345,-0.309532544713301
"GOBP_MYELIN_MAINTENANCE",0.217346205868701,0.00165002096308708,0.369018924271841,-0.457003689506458,-0.182499834030834,0.207187418251254
"GOBP_MYELOID_CELL_ACTIVATION_INVOLVED_IN_IMMUNE_RESPONSE",-0.194798892450199,-0.095610823425068,-0.409811577195207,0.454542405693637,0.292456802132898,-0.113833282535969
"GOBP_MYELOID_CELL_APOPTOTIC_PROCESS",0.0161708447006103,-0.163786186219329,-0.229309127727914,0.388556398306648,-0.166079356981873,-0.0513540680308683
"GOBP_MYELOID_CELL_DEVELOPMENT",0.236020321760296,-0.243200377614239,-0.305062903408036,0.323075119990753,-0.0137188425524282,0.102635425829797
"GOBP_MYELOID_CELL_DIFFERENTIATION",0.090593349773589,-0.20136660232143,-0.267808625373265,0.228204898184134,0.0943333851601769,0.0301169137372901
"GOBP_MYELOID_CELL_HOMEOSTASIS",0.153841726253706,-0.2798686500245,-0.224967687740026,0.17289367777147,0.00403396828032609,0.0745583653502906
"GOBP_MYELOID_DENDRITIC_CELL_ACTIVATION",0.0763734743523691,-0.400615151881445,-0.287505785791365,0.445014027616917,0.256449304069735,-0.271563515610797
"GOBP_MYELOID_LEUKOCYTE_ACTIVATION",-0.11911759539799,-0.122196492441786,-0.385418784689806,0.377941445895721,0.203907230396421,0.0972261843274005
"GOBP_MYELOID_LEUKOCYTE_CYTOKINE_PRODUCTION",-0.0797798477418652,-0.297485759479237,-0.441212479347785,0.366672298310025,0.225696874589193,0.30236902030928
"GOBP_MYELOID_LEUKOCYTE_DIFFERENTIATION",0.0720532508610873,-0.16306196245241,-0.258759729178751,0.260219918373176,0.158819356216516,-0.0824130589684938
"GOBP_MYELOID_LEUKOCYTE_MEDIATED_IMMUNITY",-0.158234028986347,-0.164906516541317,-0.381601806697041,0.397963721913468,0.246907619297013,0.0295092258899698
"GOBP_MYELOID_LEUKOCYTE_MIGRATION",-0.140547217771689,-0.082123287801059,-0.349959038906981,0.256414216890926,0.329278019928288,0.00478454167827858
"GOBP_MYOBLAST_DIFFERENTIATION",0.179011209617825,-0.036685831141344,0.0768729305894599,-0.110470358558757,-0.150234921234605,0.107912238402704
"GOBP_MYOBLAST_FUSION",-0.474721522180908,0.120332260577356,-0.186512328926398,0.0897659745232847,0.450074185567041,0.140151432386501
"GOBP_MYOBLAST_PROLIFERATION",0.182078277707011,0.211538256540238,-0.309329521872472,-0.0242879165621875,-0.0923325312016595,0.19226784874009
"GOBP_MYOFIBRIL_ASSEMBLY",0.469206807416424,0.293102420432978,0.370507535318444,-0.453371234755232,-0.361160251352065,-0.271392875018497
"GOBP_MYOTUBE_CELL_DEVELOPMENT",0.437955926234038,0.294077773904567,0.22447202399548,-0.185285215519089,-0.412282166989508,-0.235626506395031
"GOBP_MYOTUBE_DIFFERENTIATION",-0.0717215543260727,0.142236821854078,-0.141112281017104,0.0249767877694311,0.123346518857452,-0.0314531311517185
"GOBP_N_GLYCAN_PROCESSING",0.0479882184830316,-0.342967451461806,-0.31555490608039,0.45182626734394,0.0187959121832446,0.0115403622753381
"GOBP_NADH_DEHYDROGENASE_COMPLEX_ASSEMBLY",0.0764426318909397,0.394236134829402,0.630934163957898,-0.595794600823211,0.0442649492283656,-0.492489782957876
"GOBP_NADPH_REGENERATION",-0.388726889322853,-0.308464087721169,0.188447228542269,0.0916010528616394,0.41495768254501,-0.276451206215857
"GOBP_NADPLUS_METABOLIC_PROCESS",0.359896301852142,0.00463289511717818,0.42199075484549,-0.246222820926735,-0.257039102953564,-0.349165361057868
"GOBP_NADPPLUS_METABOLIC_PROCESS",-0.111144684017947,-0.239394741209564,0.334819519214216,-0.10881219013477,0.194101075646143,-0.285655727876644
"GOBP_NATURAL_KILLER_CELL_ACTIVATION",-0.0153603456158157,-0.199697652270468,-0.2583975582261,0.228332354686235,0.264731237496699,-0.016180919838646
"GOBP_NATURAL_KILLER_CELL_DIFFERENTIATION",0.0454083031069423,-0.105720253003023,-0.179191371775265,-0.0482667897001235,-0.0850442159356311,0.329127133225008
"GOBP_NATURAL_KILLER_CELL_MEDIATED_IMMUNITY",0.137498553244205,-0.280494489633072,-0.294290366956451,0.414468960169061,0.201425287434687,-0.238341210065401
"GOBP_NECROPTOTIC_PROCESS",0.197782715094536,-0.160157169023786,-0.232039495597108,0.384430182713355,-0.224228249010197,-0.137817841273005
"GOBP_NEGATIVE_ADAPTATION_OF_SIGNALING_PATHWAY",-0.356479863326685,0.372434182006188,-0.356220137886869,0.471251033978951,-0.00193694458941712,-0.031632489257925
"GOBP_NEGATIVE_CHEMOTAXIS",0.188948877843449,0.277569538333246,-0.170527412843907,0.078169836319023,-0.311186430939447,-0.0572476425196772
"GOBP_NEGATIVE_REGULATION_OF_ACTIN_FILAMENT_BUNDLE_ASSEMBLY",0.435023947661077,0.32038242962763,0.128056956478301,-0.307164463929721,-0.466808772924259,-0.311733933732878
"GOBP_NEGATIVE_REGULATION_OF_ACTIN_FILAMENT_DEPOLYMERIZATION",0.390306406327591,-0.188694928396077,0.32419162430225,-0.174107666839044,-0.244562509079303,-0.182482688076129
"GOBP_NEGATIVE_REGULATION_OF_ACTIN_FILAMENT_POLYMERIZATION",0.282659465362427,-0.0886852171500947,0.246802869767442,-0.174541110369779,-0.0559125382253715,-0.159999704362143
"GOBP_NEGATIVE_REGULATION_OF_ACTIVIN_RECEPTOR_SIGNALING_PATHWAY",0.188277247389497,-0.319733949881539,-0.161995571323146,0.286556843519557,-0.38770256306754,0.249552842217848
"GOBP_NEGATIVE_REGULATION_OF_ADAPTIVE_IMMUNE_RESPONSE",-0.0976405434063649,-0.136724074791116,-0.189366381083588,0.390003582333095,0.258980014849547,-0.223349083568757
"GOBP_NEGATIVE_REGULATION_OF_ALPHA_BETA_T_CELL_ACTIVATION",-0.163001095013922,-0.257028935872889,-0.298582963062296,0.414698047528395,0.2538686765326,-0.0222130117211334
"GOBP_NEGATIVE_REGULATION_OF_ALPHA_BETA_T_CELL_DIFFERENTIATION",-0.261949926809955,-0.43502037324353,-0.267172927449561,0.498098906046965,0.266552546328729,0.256347256715663
"GOBP_NEGATIVE_REGULATION_OF_AMIDE_METABOLIC_PROCESS",-0.136275249667966,0.168609745208606,0.283998159445749,-0.0492967452039241,0.150769565506232,-0.286455737397806
"GOBP_NEGATIVE_REGULATION_OF_AMYLOID_PRECURSOR_PROTEIN_CATABOLIC_PROCESS",0.291948079150593,0.265739949701509,0.267356460847656,-0.299881259465707,0.150762716011711,-0.328135156503692
"GOBP_NEGATIVE_REGULATION_OF_ANTIGEN_RECEPTOR_MEDIATED_SIGNALING_PATHWAY",-0.0125000304337759,-0.432545835453508,-0.363202891619773,0.409737022660204,0.316425366349477,-0.0577579768922989
"GOBP_NEGATIVE_REGULATION_OF_APOPTOTIC_SIGNALING_PATHWAY",-0.0493515140452902,-0.231383602254172,-0.0855216111957402,0.065191067286098,0.0814732806439152,0.114363634871162
"GOBP_NEGATIVE_REGULATION_OF_AUTOPHAGY",0.190045654808425,-0.100951125958586,0.120403136834354,-0.0125873696135075,-0.165776491689134,-0.0396189310471642
"GOBP_NEGATIVE_REGULATION_OF_AXON_EXTENSION",0.272284103380748,0.0799973313614357,0.28809710465377,-0.268346239379101,-0.183811664627228,-0.0653865056419837
"GOBP_NEGATIVE_REGULATION_OF_AXONOGENESIS",0.293238257543359,0.0708635557452482,0.0357497382566729,-0.219848585857309,-0.246318659149952,-0.00862362470536854
"GOBP_NEGATIVE_REGULATION_OF_B_CELL_ACTIVATION",-0.181527177735888,-0.229535529393702,-0.440855508472422,0.391356334713114,0.294318186842674,0.0367798581398813
"GOBP_NEGATIVE_REGULATION_OF_BINDING",-0.0724066885977394,-0.0760157500113597,-0.186389771339165,0.246851388772988,0.0466567302768843,0.0972761661098697
"GOBP_NEGATIVE_REGULATION_OF_BIOMINERAL_TISSUE_DEVELOPMENT",-0.0314627298662669,0.402065306339801,-0.432171730766111,-0.104771081823329,-0.12301288702749,0.419202455612963
"GOBP_NEGATIVE_REGULATION_OF_BLOOD_PRESSURE",-0.0968167195301224,0.33428993362257,0.023201150513997,-0.377093378906477,0.11988741550997,-0.211951192641348
"GOBP_NEGATIVE_REGULATION_OF_BLOOD_VESSEL_ENDOTHELIAL_CELL_MIGRATION",0.10240249031589,0.113941325132081,0.111929931464113,-0.299114460380429,-0.200256651248127,0.157355261423807
"GOBP_NEGATIVE_REGULATION_OF_BMP_SIGNALING_PATHWAY",0.226711980879976,-0.0450084934953667,-0.0849353293326339,0.0384494568285164,-0.3291681497821,0.122231268805833
"GOBP_NEGATIVE_REGULATION_OF_CALCIUM_ION_TRANSMEMBRANE_TRANSPORT",0.173102622530237,0.0151598123407245,0.154916399461367,-0.27761115531117,-0.124989718772491,0.0897066687414501
"GOBP_NEGATIVE_REGULATION_OF_CALCIUM_ION_TRANSPORT",0.122021055529654,0.0880408304924201,0.23502740969608,-0.335488869999432,-0.122448647189196,0.144466362699313
"GOBP_NEGATIVE_REGULATION_OF_CALCIUM_MEDIATED_SIGNALING",0.253287026336502,0.196124737156012,-0.103212947274016,0.101814968124592,-0.149966981678416,-0.221802230990516
"GOBP_NEGATIVE_REGULATION_OF_CAMP_PKA_SIGNAL_TRANSDUCTION",0.426622568693862,-0.192901036832983,-0.306934058764436,-0.119881542752168,-0.264272791574547,0.33629828181644
"GOBP_NEGATIVE_REGULATION_OF_CANONICAL_NF_KAPPAB_SIGNAL_TRANSDUCTION",0.0868660391043465,-0.29389551451549,-0.0256306781737739,0.00898408401318929,0.0406506304259061,0.194977817839997
"GOBP_NEGATIVE_REGULATION_OF_CANONICAL_WNT_SIGNALING_PATHWAY",-0.0429687175499064,0.134969932365785,-0.117600145996824,0.0620564387234702,-0.183030703306926,0.242078146963204
"GOBP_NEGATIVE_REGULATION_OF_CARBOHYDRATE_METABOLIC_PROCESS",0.313383818206348,0.105878955611709,0.304434284087185,-0.217844970093234,-0.316108545495698,-0.180161719646472
"GOBP_NEGATIVE_REGULATION_OF_CARDIAC_MUSCLE_TISSUE_GROWTH",0.13837789306564,-0.110479418916382,0.119434068155682,-0.0032537119883278,-0.168595268676527,0.0735219462774583
"GOBP_NEGATIVE_REGULATION_OF_CARTILAGE_DEVELOPMENT",-0.0171827001827852,0.367079477774824,-0.317068232224105,0.0145683458190335,-0.0478855931309466,-0.0541025197828272
"GOBP_NEGATIVE_REGULATION_OF_CATABOLIC_PROCESS",0.0694916122968592,-0.210605593262213,0.104230065831242,-0.00285941903553802,-0.0518842736277198,0.0280323329050198
"GOBP_NEGATIVE_REGULATION_OF_CATALYTIC_ACTIVITY",-0.0274004294107197,-0.237545534587867,-0.143416928303894,0.23019352041301,0.0926549646805775,0.133302067265471
"GOBP_NEGATIVE_REGULATION_OF_CD4_POSITIVE_ALPHA_BETA_T_CELL_ACTIVATION",-0.262395501807099,-0.226623451449805,-0.217540302479401,0.458972879467771,0.236333062728568,0.00762825311466397
"GOBP_NEGATIVE_REGULATION_OF_CD4_POSITIVE_ALPHA_BETA_T_CELL_DIFFERENTIATION",-0.280011470200211,-0.42834542578347,-0.258927022728024,0.495075835775396,0.323460654798505,0.223193245159976
"GOBP_NEGATIVE_REGULATION_OF_CELL_ACTIVATION",-0.162660232420877,-0.106485879456218,-0.396894013828226,0.305106393716601,0.314602040642776,0.0666547069402368
"GOBP_NEGATIVE_REGULATION_OF_CELL_ADHESION",-0.051900591057367,-0.081034693199912,-0.300655678403336,0.184321297458177,0.154769409118774,0.0779107928276485
"GOBP_NEGATIVE_REGULATION_OF_CELL_CELL_ADHESION",-0.107509624640791,-0.135392478607288,-0.293689507108592,0.205807839009164,0.233378744444268,0.0996147411923364
"GOBP_NEGATIVE_REGULATION_OF_CELL_CYCLE",-0.217425333388171,-0.277609556211981,-0.26825417249446,0.269010264311633,0.271859561051402,0.242637420913409
"GOBP_NEGATIVE_REGULATION_OF_CELL_CYCLE_G1_S_PHASE_TRANSITION",-0.1985692369092,-0.0620867350064158,-0.225155388701328,0.0197002528041411,0.13757844972615,0.26413907836848
"GOBP_NEGATIVE_REGULATION_OF_CELL_CYCLE_G2_M_PHASE_TRANSITION",-0.249157397324576,-0.378937153744084,-0.197940828345594,0.368898634195057,0.355368517022498,0.171006023347489
"GOBP_NEGATIVE_REGULATION_OF_CELL_CYCLE_PROCESS",-0.262775864902556,-0.295062498480258,-0.297372393675957,0.318161212254851,0.32816913565496,0.246882249700327
"GOBP_NEGATIVE_REGULATION_OF_CELL_DEVELOPMENT",-0.0663243453087508,-0.112301688380122,-0.223349813807245,0.121443774694402,0.132872661410941,0.162254904724118
"GOBP_NEGATIVE_REGULATION_OF_CELL_DIFFERENTIATION",0.00712741953423374,-0.00548369937452264,-0.199987393716584,0.069012669337788,-0.0309747987554082,0.147282869620827
"GOBP_NEGATIVE_REGULATION_OF_CELL_GROWTH",0.162928976426397,0.0516024068284602,0.00778309833627602,-0.012123148831986,-0.203064915810597,0.0637967566329307
"GOBP_NEGATIVE_REGULATION_OF_CELL_JUNCTION_ASSEMBLY",0.200597900642407,0.18394122078583,-0.0679478439989442,-0.0397041662438371,-0.214267273417824,-0.0377620162052839
"GOBP_NEGATIVE_REGULATION_OF_CELL_KILLING",-0.0550864349394434,0.0752396759341622,-0.451642986526365,0.360390572838504,0.127690742347568,0.0644428220748982
"GOBP_NEGATIVE_REGULATION_OF_CELL_MATRIX_ADHESION",0.299866552154597,0.014459430960159,-0.102463529599391,-0.10024838777616,-0.172594966611866,0.0385637012038009
"GOBP_NEGATIVE_REGULATION_OF_CELL_MIGRATION_INVOLVED_IN_SPROUTING_ANGIOGENESIS",0.144883804683404,-0.0751520265291191,0.0595071466316246,-0.363772870293733,-0.226791377698781,0.50285516925905
"GOBP_NEGATIVE_REGULATION_OF_CELL_PROJECTION_ORGANIZATION",0.059040771362307,0.0103423361506823,-0.157381797354616,0.00271252682452899,-0.0855919874793256,0.159883411890945
"GOBP_NEGATIVE_REGULATION_OF_CELL_SUBSTRATE_ADHESION",0.268914559778233,0.138759995422019,-0.186147984250308,0.00221957486500629,-0.236320748442311,-0.0661240408727916
"GOBP_NEGATIVE_REGULATION_OF_CELL_SUBSTRATE_JUNCTION_ORGANIZATION",0.312939993694308,-0.000990044809982299,-0.0105712755612574,-0.0758960128399772,-0.174028385004218,-0.120825648329576
"GOBP_NEGATIVE_REGULATION_OF_CELLULAR_RESPONSE_TO_GROWTH_FACTOR_STIMULUS",0.0638880224980973,0.0681039108240676,-0.207408931021328,0.100522354906776,-0.252979950403539,0.11041804401552
"GOBP_NEGATIVE_REGULATION_OF_CELLULAR_RESPONSE_TO_INSULIN_STIMULUS",0.175489940749147,-0.23063060495516,0.288750218464631,0.027360836161936,-0.201784821205301,-0.0828226397282868
"GOBP_NEGATIVE_REGULATION_OF_CELLULAR_SENESCENCE",0.0095389380930096,-0.211700752504154,-0.449264264411645,0.238498991764173,0.292706582912338,0.136425256492693
"GOBP_NEGATIVE_REGULATION_OF_CHEMOKINE_PRODUCTION",-0.219895611939294,-0.0422281332144255,0.194414495618022,-0.124651905196532,0.069337681021692,0.101002386075508
"GOBP_NEGATIVE_REGULATION_OF_CHEMOTAXIS",-0.319445737756989,0.0773290072912701,-0.337191370264919,0.288671903192758,0.24294818555928,-1.29025533093796e-06
"GOBP_NEGATIVE_REGULATION_OF_CHONDROCYTE_DIFFERENTIATION",0.0365350956961211,0.484181600205184,-0.202773947650438,-0.192481297923811,-0.252170073955455,-0.157252606972769
"GOBP_NEGATIVE_REGULATION_OF_CHROMOSOME_ORGANIZATION",-0.332955973799863,-0.358290653145397,-0.433194813371194,0.465560360793687,0.470583639259717,0.334512148602683
"GOBP_NEGATIVE_REGULATION_OF_CILIUM_ASSEMBLY",0.274562929146688,-0.075592450878648,-0.224885940462829,0.0319913892250136,-0.274097362074579,0.276415809166965
"GOBP_NEGATIVE_REGULATION_OF_COAGULATION",-0.235518465164824,0.179080945814854,-0.431754700764902,0.147269260618045,0.165431203281623,0.252176181260102
"GOBP_NEGATIVE_REGULATION_OF_COLD_INDUCED_THERMOGENESIS",0.110484900978928,0.162511504801907,0.155271684158176,-0.383675022312603,-0.193083914879894,0.0606713754508526
"GOBP_NEGATIVE_REGULATION_OF_CYTOKINE_PRODUCTION",-0.154867774734926,-0.132070025751301,-0.251209869879279,0.265211931938883,0.201969762643578,0.0878680066586537
"GOBP_NEGATIVE_REGULATION_OF_CYTOKINE_PRODUCTION_INVOLVED_IN_IMMUNE_RESPONSE",-0.116668518016249,-0.127659899212973,-0.316357910451037,0.421638382982752,0.452289584525262,-0.249648693646474
"GOBP_NEGATIVE_REGULATION_OF_CYTOKINE_PRODUCTION_INVOLVED_IN_INFLAMMATORY_RESPONSE",-0.400786526442355,-0.432723946370502,-0.45285144810329,0.475280990461164,0.285979392720527,0.386224982493892
"GOBP_NEGATIVE_REGULATION_OF_CYTOPLASMIC_PATTERN_RECOGNITION_RECEPTOR_SIGNALING_PATHWAY",-0.240919634690999,-0.209090567180261,-0.0871759058105588,0.165922848022469,0.359031344731828,-0.0311214369093493
"GOBP_NEGATIVE_REGULATION_OF_CYTOSKELETON_ORGANIZATION",0.296650283541029,0.119615860189599,0.118011159155243,-0.192002969336099,-0.220151982107056,-0.134846110454506
"GOBP_NEGATIVE_REGULATION_OF_DEFENSE_RESPONSE",-0.13138387597042,-0.0725426231406225,-0.0792762843589372,0.220676432668572,0.078682807097428,0.0421793099567922
"GOBP_NEGATIVE_REGULATION_OF_DEFENSE_RESPONSE_TO_VIRUS",-0.274409573010227,-0.00666809791271328,0.245612704494224,0.128072344522523,-0.0846640071922987,-0.0341581421904812
"GOBP_NEGATIVE_REGULATION_OF_DEVELOPMENTAL_GROWTH",0.0305878176239118,0.119247114865693,0.233937634516904,-0.142471701111256,-0.186977747652814,-0.00636123196790667
"GOBP_NEGATIVE_REGULATION_OF_DNA_BINDING_TRANSCRIPTION_FACTOR_ACTIVITY",-0.26986696228723,-0.269845689624925,0.0757639668127875,0.220658329431209,0.110881907011331,0.0521974174359766
"GOBP_NEGATIVE_REGULATION_OF_DNA_BIOSYNTHETIC_PROCESS",-0.38739238021777,-0.316556887004616,-0.18135961836044,0.292952949557627,0.27862834562875,0.343085801899824
"GOBP_NEGATIVE_REGULATION_OF_DNA_METABOLIC_PROCESS",-0.230783233983141,-0.315363998076756,-0.247557878483987,0.347705607499487,0.277082391160971,0.230409635061209
"GOBP_NEGATIVE_REGULATION_OF_DNA_RECOMBINATION",-0.0620885183092078,-0.297411396006245,-0.301927896704709,0.342833926547391,0.282821322149253,0.10983153985931
"GOBP_NEGATIVE_REGULATION_OF_DNA_REPAIR",-0.102463506382344,-0.347758397815893,-0.215070416524255,0.358139033017455,0.153183761355538,0.132419031008263
"GOBP_NEGATIVE_REGULATION_OF_DNA_REPLICATION",-0.352553000469203,-0.315730686743259,-0.278073070641896,0.171121089775909,0.365124509291581,0.35761797704944
"GOBP_NEGATIVE_REGULATION_OF_DNA_TEMPLATED_TRANSCRIPTION_ELONGATION",-0.339350731270812,-0.182689217712701,-0.0658899874436545,0.247320012850207,0.280699471952469,0.050352124987591
"GOBP_NEGATIVE_REGULATION_OF_DOUBLE_STRAND_BREAK_REPAIR_VIA_HOMOLOGOUS_RECOMBINATION",0.0530872345826259,-0.452037099699271,-0.320825160039222,0.375614681654306,0.219631222610658,0.137949649407759
"GOBP_NEGATIVE_REGULATION_OF_ENDOCYTOSIS",-0.184546069622784,-0.0365931293374839,-0.0205948325286904,0.119489304204981,0.133948832996957,0.158900564404669
"GOBP_NEGATIVE_REGULATION_OF_ENDOPLASMIC_RETICULUM_STRESS_INDUCED_INTRINSIC_APOPTOTIC_SIGNALING_PATHWAY",0.298448679603331,0.0522016149098218,0.470146398803341,0.149564759816971,-0.402792900039846,-0.443958937818129
"GOBP_NEGATIVE_REGULATION_OF_ENDOPLASMIC_RETICULUM_UNFOLDED_PROTEIN_RESPONSE",-0.016751709918398,-0.314476001441218,-0.219274684463516,0.0411636829304778,0.185911111952945,0.184847873564522
"GOBP_NEGATIVE_REGULATION_OF_ENDOTHELIAL_CELL_APOPTOTIC_PROCESS",0.0653875855275049,0.144529908910949,-0.140061729951355,-0.119578194130711,0.125046981164945,0.0731701338842575
"GOBP_NEGATIVE_REGULATION_OF_ENDOTHELIAL_CELL_MIGRATION",0.0912567018244246,0.131096413968257,-0.0300261901002058,-0.301376403209714,-0.169141216084376,0.302907156516772
"GOBP_NEGATIVE_REGULATION_OF_ENDOTHELIAL_CELL_PROLIFERATION",0.171947776367536,0.428426324276751,0.0435865303299685,-0.379730524599608,-0.168115457075534,0.0200456611657811
"GOBP_NEGATIVE_REGULATION_OF_EPITHELIAL_CELL_DIFFERENTIATION",-0.0661437604381479,0.102873435347611,-0.208774656670689,0.193534492751757,-0.248105429538148,0.255728863652856
"GOBP_NEGATIVE_REGULATION_OF_EPITHELIAL_CELL_PROLIFERATION",0.0707719216496653,0.279197987128295,-0.0502079358112356,-0.160118111922558,-0.229649978724423,0.115487837877662
"GOBP_NEGATIVE_REGULATION_OF_EPITHELIAL_TO_MESENCHYMAL_TRANSITION",0.285146070036152,0.348008068636746,-0.0663607604780448,-0.0429911442157193,-0.427741967328104,0.0260373961731914
"GOBP_NEGATIVE_REGULATION_OF_ERBB_SIGNALING_PATHWAY",0.159909701828388,-0.275442098518689,0.0320996840390124,-0.00517034701382302,-0.0644556013261696,0.173438166899643
"GOBP_NEGATIVE_REGULATION_OF_ERK1_AND_ERK2_CASCADE",-0.173490653227897,-0.273745458006959,-0.325196421100928,0.242441199288102,0.0877868629645181,0.309731215523706
"GOBP_NEGATIVE_REGULATION_OF_ESTABLISHMENT_OF_PROTEIN_LOCALIZATION",0.0771811695439342,-0.00563937579496199,0.152851608561248,-0.0757985377310502,-0.0576926455562053,0.00455934574639358
"GOBP_NEGATIVE_REGULATION_OF_EXOCYTOSIS",0.0167816588587768,-0.0279478568742,-0.227954199266984,-0.0631307875048259,0.021183499465185,0.243945689390398
"GOBP_NEGATIVE_REGULATION_OF_EXTRINSIC_APOPTOTIC_SIGNALING_PATHWAY",0.155263308750666,-0.265296368063704,-0.17384864563308,0.128225220919522,0.0400551212467252,0.143150536519015
"GOBP_NEGATIVE_REGULATION_OF_EXTRINSIC_APOPTOTIC_SIGNALING_PATHWAY_VIA_DEATH_DOMAIN_RECEPTORS",0.336326676016598,-0.28193773149748,-0.0946488259517896,0.164554253160248,-0.0943891865084701,0.0571556463444652
"GOBP_NEGATIVE_REGULATION_OF_FAT_CELL_DIFFERENTIATION",0.158824840556889,-0.0444368478955644,0.0348990423115266,-0.162969489227974,-0.258842336424587,0.162146955390748
"GOBP_NEGATIVE_REGULATION_OF_FATTY_ACID_BIOSYNTHETIC_PROCESS",0.304407962977309,-0.352999921080723,0.129603026712601,0.00715570427590533,-0.143618722248354,0.0854424499620751
"GOBP_NEGATIVE_REGULATION_OF_FATTY_ACID_METABOLIC_PROCESS",0.237938918969272,-0.136461250465973,0.289807344471066,-0.126601920782481,-0.203040655271299,-0.102865079778534
"GOBP_NEGATIVE_REGULATION_OF_FERROPTOSIS",-0.20311031135824,-0.143093529288342,0.54784599995629,-0.178562425504142,0.0385918172748719,-0.43614615490726
"GOBP_NEGATIVE_REGULATION_OF_FIBROBLAST_GROWTH_FACTOR_RECEPTOR_SIGNALING_PATHWAY",-0.496908213283692,0.559349397313157,-0.420798384828055,0.116152786155668,-0.247148599539321,0.157362453387693
"GOBP_NEGATIVE_REGULATION_OF_FIBROBLAST_PROLIFERATION",-0.305415358037623,-0.189274693851128,-0.341765559240666,0.295663327787608,0.101367727532575,0.313407392866191
"GOBP_NEGATIVE_REGULATION_OF_G_PROTEIN_COUPLED_RECEPTOR_SIGNALING_PATHWAY",-0.0375769551149849,0.115344627553539,-0.249590925348885,0.0889180886829743,0.0320177706168926,0.0860849493736281
"GOBP_NEGATIVE_REGULATION_OF_GENE_EXPRESSION_EPIGENETIC",0.0299188506254013,-0.318858466565938,-0.287468267556208,0.241484188093024,0.0171339197312842,0.310164744910899
"GOBP_NEGATIVE_REGULATION_OF_GLIAL_CELL_DIFFERENTIATION",-0.297171176331242,-0.0940018406550003,-0.329970141496426,0.166432100729208,-0.00289479564026174,0.42038190331481
"GOBP_NEGATIVE_REGULATION_OF_GLIOGENESIS",0.0543405816601012,-0.045182176670404,-0.0269277671833952,-0.0132817447615996,-0.141182017235172,0.175740561754575
"GOBP_NEGATIVE_REGULATION_OF_GLYCOPROTEIN_METABOLIC_PROCESS",-0.073320852020716,0.251501642145228,0.10383356355389,-0.0609752703084963,0.0290684885683225,-0.238039313053406
"GOBP_NEGATIVE_REGULATION_OF_GROWTH",0.0754056936799953,0.111705030478817,0.0634110432976267,-0.0545458614843444,-0.20223440991429,0.0527887022802591
"GOBP_NEGATIVE_REGULATION_OF_HEMOPOIESIS",-0.215775643645637,-0.17440341592919,-0.363410706785493,0.300779113972703,0.362603990480805,0.17959739180054
"GOBP_NEGATIVE_REGULATION_OF_HIPPO_SIGNALING",0.0992779959482792,-0.272427026967952,-0.0143292437781848,-0.0106487794903302,-0.201309823841158,0.278187281525045
"GOBP_NEGATIVE_REGULATION_OF_HORMONE_SECRETION",0.229749810457493,0.238842502261221,0.147513127801447,-0.185329984622235,-0.252302537577905,-0.100975714764354
"GOBP_NEGATIVE_REGULATION_OF_HYDROLASE_ACTIVITY",0.0825533592044628,0.0747039676729705,-0.024259776359415,0.100871392514832,-0.143040130070033,0.0367635972712552
"GOBP_NEGATIVE_REGULATION_OF_IMMUNE_EFFECTOR_PROCESS",-0.099085694053397,-0.0374535351588494,-0.297676257765035,0.308482408953746,0.220642391509192,-0.0839141301910012
"GOBP_NEGATIVE_REGULATION_OF_IMMUNE_RESPONSE",-0.139065071307303,-0.109496758823114,-0.19497764246712,0.321696792217046,0.194318154978714,-0.0505514765551371
"GOBP_NEGATIVE_REGULATION_OF_IMMUNE_SYSTEM_PROCESS",-0.111035160785716,-0.103681195357217,-0.268774532493772,0.267265898743505,0.234935178567555,0.0060708445572796
"GOBP_NEGATIVE_REGULATION_OF_INFLAMMATORY_RESPONSE",-0.100191110786807,-0.100419326903948,-0.0713224354163261,0.163418099361189,0.0616281936992879,0.128335424796695
"GOBP_NEGATIVE_REGULATION_OF_INFLAMMATORY_RESPONSE_TO_ANTIGENIC_STIMULUS",-0.251184036181347,-0.36149237480115,-0.319941991370344,0.385658792218198,0.400915129103623,0.233160418211325
"GOBP_NEGATIVE_REGULATION_OF_INNATE_IMMUNE_RESPONSE",-0.174978020558783,-0.0455597015568436,-0.105593672206939,0.373475242832251,0.118563836527988,-0.0425849697990043
"GOBP_NEGATIVE_REGULATION_OF_INTERLEUKIN_1_BETA_PRODUCTION",-0.324789316472414,-0.34403561931119,-0.329915698278586,0.467450388175774,0.375202086509375,-0.0112538260140306
"GOBP_NEGATIVE_REGULATION_OF_INTERLEUKIN_1_PRODUCTION",-0.295330254263831,-0.18079300217477,-0.281706524609438,0.366669676577995,0.32503990574425,-0.0301880807558752
"GOBP_NEGATIVE_REGULATION_OF_INTERLEUKIN_2_PRODUCTION",0.220664056270439,-0.369547170504895,-0.2518674602532,0.408660689347972,-0.00731922157254633,-0.183463333147571
"GOBP_NEGATIVE_REGULATION_OF_INTERLEUKIN_6_PRODUCTION",-0.0742120999202936,-0.120236610922911,-0.301654012686169,0.361342822663802,0.0299011320834476,0.0161286393418352
"GOBP_NEGATIVE_REGULATION_OF_INTRACELLULAR_PROTEIN_TRANSPORT",-0.254478694948862,-0.0412747452415328,-0.00220609950996131,-0.0664955912682908,0.270194053450835,0.0661947481419868
"GOBP_NEGATIVE_REGULATION_OF_INTRACELLULAR_STEROID_HORMONE_RECEPTOR_SIGNALING_PATHWAY",-0.0372286980854031,-0.341593415715474,-0.249227753812508,0.244606512521068,0.0490845593849523,0.418907705263661
"GOBP_NEGATIVE_REGULATION_OF_INTRACELLULAR_TRANSPORT",-0.105230434990476,-0.233869826498085,0.127460817048045,-0.154725720188661,0.256049344546253,0.157542168309532
"GOBP_NEGATIVE_REGULATION_OF_INTRINSIC_APOPTOTIC_SIGNALING_PATHWAY",-0.118724142814323,-0.248078505053819,-0.0872833566934546,0.140653239457041,0.120225387501608,0.156482965295661
"GOBP_NEGATIVE_REGULATION_OF_INTRINSIC_APOPTOTIC_SIGNALING_PATHWAY_BY_P53_CLASS_MEDIATOR",-0.120664051584748,-0.241934543836737,-0.449240437144691,0.329000295839506,0.149454916584371,0.48589137398226
"GOBP_NEGATIVE_REGULATION_OF_INTRINSIC_APOPTOTIC_SIGNALING_PATHWAY_IN_RESPONSE_TO_DNA_DAMAGE",-0.30912947896788,0.0342008942436532,-0.481021828672975,0.212394632646825,0.149474458633141,0.417682546840088
"GOBP_NEGATIVE_REGULATION_OF_JNK_CASCADE",0.120857033647107,-0.281552450633309,0.145664520654685,-0.205789059714175,-0.189229197876428,0.386846081959091
"GOBP_NEGATIVE_REGULATION_OF_KINASE_ACTIVITY",-0.0254578245955334,-0.34201557424325,-0.262305185820417,0.225841553706176,0.12361146410478,0.193693564668324
"GOBP_NEGATIVE_REGULATION_OF_LEUKOCYTE_APOPTOTIC_PROCESS",0.0902215490911243,-0.0205574143621962,-0.32235629338692,0.211152786141936,0.00816217349106696,-0.0854024253012732
"GOBP_NEGATIVE_REGULATION_OF_LEUKOCYTE_CELL_CELL_ADHESION",-0.0966670518301708,-0.167390380043108,-0.327832950948298,0.260451386911429,0.300556443007828,0.0260260666424759
"GOBP_NEGATIVE_REGULATION_OF_LEUKOCYTE_MEDIATED_IMMUNITY",0.0132618200245543,-0.0618176337614128,-0.249545325249423,0.351608303970024,0.127418183378032,-0.252346890994705
"GOBP_NEGATIVE_REGULATION_OF_LEUKOCYTE_MIGRATION",-0.0898097401071683,0.12895360071133,-0.249662066961616,0.377465513530596,0.00806391696358441,-0.173409477494859
"GOBP_NEGATIVE_REGULATION_OF_LEUKOCYTE_PROLIFERATION",0.0646483754303391,-0.0552594312725982,-0.401689198765158,0.362285105018884,0.187279887967935,-0.100012463140159
"GOBP_NEGATIVE_REGULATION_OF_LIPID_BIOSYNTHETIC_PROCESS",0.146762026997031,-0.210881802863076,-0.00364666860869628,0.150482162143629,-0.148563533150282,0.0772080608172191
"GOBP_NEGATIVE_REGULATION_OF_LIPID_CATABOLIC_PROCESS",-0.116266270135424,-0.048532396700621,0.138745495545169,0.0317364222547847,0.0976846863467992,-0.157097887790509
"GOBP_NEGATIVE_REGULATION_OF_LIPID_LOCALIZATION",-0.0381357355218274,0.0118268355999131,0.309273587698252,-0.186786923954887,-0.0265255841750879,0.0054348849145292
"GOBP_NEGATIVE_REGULATION_OF_LIPID_METABOLIC_PROCESS",0.0898187738595496,-0.101919862048499,0.111491202791258,0.067910790854623,-0.12735135754748,-0.023489665706979
"GOBP_NEGATIVE_REGULATION_OF_LIPID_TRANSPORT",-0.0237646587133935,0.0485487498891467,0.392969225763974,-0.260059774761268,-0.0631871382154973,0.0314056545496159
"GOBP_NEGATIVE_REGULATION_OF_LOCOMOTION",0.0420709644429675,0.0679337304455763,-0.189311975669106,0.00205426773087214,-0.0629366830881812,0.11555215055706
"GOBP_NEGATIVE_REGULATION_OF_LYMPHOCYTE_ACTIVATION",-0.15474847889691,-0.172304880242635,-0.376564592059696,0.311876223913389,0.34121552396419,0.0424917914320195
"GOBP_NEGATIVE_REGULATION_OF_LYMPHOCYTE_APOPTOTIC_PROCESS",0.00770587014249635,-0.175011616764568,-0.392897027496056,0.169244725668778,0.116316779123526,0.235466798344221
"GOBP_NEGATIVE_REGULATION_OF_LYMPHOCYTE_DIFFERENTIATION",-0.386223487146557,-0.235167811770865,-0.376436517939868,0.347371736078939,0.392501999417899,0.191248656940494
"GOBP_NEGATIVE_REGULATION_OF_MACROAUTOPHAGY",0.173112896015934,0.0811661305277843,0.14845472564415,-0.176395255872498,-0.199142705076285,0.030551295102962
"GOBP_NEGATIVE_REGULATION_OF_MAP_KINASE_ACTIVITY",-0.180188735127367,-0.443678874958212,-0.290651796966549,0.559677782621469,0.120822395863738,0.374061726925557
"GOBP_NEGATIVE_REGULATION_OF_MAPK_CASCADE",-0.00219831102004336,-0.317786128788755,-0.143014651063483,0.141823894789347,0.00535801772875683,0.258920534701854
"GOBP_NEGATIVE_REGULATION_OF_MEIOTIC_CELL_CYCLE",-0.225301119035827,-0.0656927250020315,-0.337066012290626,0.302388450151841,0.143590582438301,0.0950861331214145
"GOBP_NEGATIVE_REGULATION_OF_MEMBRANE_PERMEABILITY",0.212232712374729,-0.273122379197943,0.38704313215014,0.169633344309223,-0.0674487065662549,-0.349405124591673
"GOBP_NEGATIVE_REGULATION_OF_MICROTUBULE_DEPOLYMERIZATION",0.414521769497901,0.0446923484315545,0.0844985229704203,-0.250741439024556,-0.445063912795327,0.113520690462903
"GOBP_NEGATIVE_REGULATION_OF_MICROTUBULE_POLYMERIZATION_OR_DEPOLYMERIZATION",0.364968471175529,0.0863968619969588,0.132826903940732,-0.345561498579943,-0.395133807224709,0.0309781792280434
"GOBP_NEGATIVE_REGULATION_OF_MIRNA_METABOLIC_PROCESS",0.0703326310703398,0.00721474096660579,-0.039370303446618,-0.0224107098269964,-0.362947540116384,0.349302943557504
"GOBP_NEGATIVE_REGULATION_OF_MITOTIC_CELL_CYCLE",-0.247027198928224,-0.27044661535666,-0.272459199817264,0.316810565535185,0.2988300472188,0.206069739840465
"GOBP_NEGATIVE_REGULATION_OF_MITOTIC_CELL_CYCLE_PHASE_TRANSITION",-0.306718111593599,-0.296371517991068,-0.353700806689611,0.331184313434903,0.378134445183829,0.271771864055694
"GOBP_NEGATIVE_REGULATION_OF_MOLECULAR_FUNCTION",-0.0636809825246822,-0.179562282657698,-0.0876198402235895,0.187002069510428,0.0538001167109694,0.142020432766013
"GOBP_NEGATIVE_REGULATION_OF_MONOATOMIC_ION_TRANSMEMBRANE_TRANSPORT",0.275374953039061,0.0897778411172941,0.220538498640915,-0.401667984793112,-0.217509423344557,0.0796721760946851
"GOBP_NEGATIVE_REGULATION_OF_MONOATOMIC_ION_TRANSPORT",0.163762252830179,0.0580945574328168,0.18049755223406,-0.351379986048976,-0.163617331859577,0.113628224333289
"GOBP_NEGATIVE_REGULATION_OF_MONONUCLEAR_CELL_MIGRATION",-0.027220755892709,0.181568989680546,-0.149525788060482,0.248855395772849,-0.117101885745006,-0.00491306862831217
"GOBP_NEGATIVE_REGULATION_OF_MRNA_CATABOLIC_PROCESS",-0.065188877316314,-0.362908246883452,-0.0960382266148877,0.204826827282758,0.147846759250713,0.163711123224761
"GOBP_NEGATIVE_REGULATION_OF_MRNA_METABOLIC_PROCESS",-0.19997419304866,-0.366747964580478,-0.198646622660535,0.292436589707647,0.280031569339383,0.150129949936602
"GOBP_NEGATIVE_REGULATION_OF_MRNA_PROCESSING",-0.515380931487788,-0.418316982384758,-0.382410663019279,0.453607439265606,0.498286870710134,0.18573282455222
"GOBP_NEGATIVE_REGULATION_OF_MUSCLE_CELL_APOPTOTIC_PROCESS",-0.0688357906182421,0.0950506305639307,0.069660086948957,0.0110870448664971,0.0104713355009051,0.026657176986236
"GOBP_NEGATIVE_REGULATION_OF_MUSCLE_CELL_DIFFERENTIATION",0.142669318280551,-0.078232463119179,-0.185605758203311,0.0351014371012572,-0.185940742163129,0.091134361110262
"GOBP_NEGATIVE_REGULATION_OF_MUSCLE_CONTRACTION",-0.0162990715047107,0.340501618592175,0.134629341470346,0.0887333086578747,-0.27389246881871,-0.313184320515212
"GOBP_NEGATIVE_REGULATION_OF_MUSCLE_HYPERTROPHY",-0.0997715040414641,-0.194620643346364,-0.0270178290237592,0.136295892308565,-0.0328198558844951,0.23030370051404
"GOBP_NEGATIVE_REGULATION_OF_MYELOID_CELL_DIFFERENTIATION",0.051814558905112,-0.217006704664059,-0.341030646136196,0.291686847539669,0.129436826207428,0.221590173169285
"GOBP_NEGATIVE_REGULATION_OF_MYELOID_LEUKOCYTE_DIFFERENTIATION",0.0435518421533488,-0.0812151669273143,-0.340055936402053,0.229734486214391,0.131446690524997,0.185929100168455
"GOBP_NEGATIVE_REGULATION_OF_MYOBLAST_DIFFERENTIATION",-0.0787244349889357,0.367400825747078,0.180364721614347,-0.0393804762367419,-0.240472826280358,-0.0447601447928193
"GOBP_NEGATIVE_REGULATION_OF_NATURAL_KILLER_CELL_MEDIATED_IMMUNITY",-0.0284443436065555,0.105023960604688,-0.400811144498916,0.32908470763239,0.15857937944775,-0.0415276117472129
"GOBP_NEGATIVE_REGULATION_OF_NERVOUS_SYSTEM_DEVELOPMENT",0.123874963838593,-0.0448623298375886,-0.0424156546052497,-0.0674092982591089,-0.120155974178933,0.128617548251696
"GOBP_NEGATIVE_REGULATION_OF_NEURAL_PRECURSOR_CELL_PROLIFERATION",0.0382288452366443,-0.15228414646937,-0.24016416953838,0.0823758471047556,-0.194456708168428,0.333142893273533
"GOBP_NEGATIVE_REGULATION_OF_NEURON_APOPTOTIC_PROCESS",0.0079081254000026,-0.0971384029173477,-0.0801102902610663,0.0461963807877231,-0.135849253483128,0.15207543467283
"GOBP_NEGATIVE_REGULATION_OF_NEURON_DIFFERENTIATION",-0.0107599670373918,-0.0577224441155544,-0.221344275857511,0.0637162643449323,-0.172787659218933,0.283831641315275
"GOBP_NEGATIVE_REGULATION_OF_NEURON_PROJECTION_DEVELOPMENT",-0.00883201930155608,0.0794063174418645,-0.138964442462094,0.00406943847685667,-0.0247628958633969,0.140421932380285
"GOBP_NEGATIVE_REGULATION_OF_NF_KAPPAB_TRANSCRIPTION_FACTOR_ACTIVITY",-0.241885984312508,-0.241729824236309,0.18862419845052,0.263982863859693,0.137588521044351,-0.0378427364344127
"GOBP_NEGATIVE_REGULATION_OF_NON_CANONICAL_NF_KAPPAB_SIGNAL_TRANSDUCTION",-0.0659593502722289,-0.0772037831734079,0.0725710086256612,0.016898426214307,-0.0900990483766627,0.304537683195247
"GOBP_NEGATIVE_REGULATION_OF_NOTCH_SIGNALING_PATHWAY",0.160361584231891,-0.235089280756903,0.196824633731485,0.146049613311619,-0.28971872847076,-0.0572353933633724
"GOBP_NEGATIVE_REGULATION_OF_NUCLEAR_DIVISION",-0.327431994237251,-0.336263206668437,-0.548034535174381,0.485238075020141,0.454261641753492,0.276570799788109
"GOBP_NEGATIVE_REGULATION_OF_NUCLEOCYTOPLASMIC_TRANSPORT",-0.29324956455847,-0.369812510145715,-0.27599278945318,0.248472926312615,0.377164189205775,0.301749553687153
"GOBP_NEGATIVE_REGULATION_OF_NUCLEOTIDE_CATABOLIC_PROCESS",0.369719404962517,-0.0321173112298683,0.438611265551122,-0.198420385420254,-0.276786137986704,-0.25450939489122
"GOBP_NEGATIVE_REGULATION_OF_NUCLEOTIDE_METABOLIC_PROCESS",0.113077933933538,-0.0401614691748193,0.370535901433276,-0.130816103411754,0.00204333344576732,-0.280399504934645
"GOBP_NEGATIVE_REGULATION_OF_ORGAN_GROWTH",0.0664649575592976,-0.0320371610259489,0.213035628310063,-0.206136118856258,-0.110233125359668,0.164844337723496
"GOBP_NEGATIVE_REGULATION_OF_ORGANELLE_ASSEMBLY",0.131991647438468,-0.127943500571456,-0.01529168390973,0.00287211825906089,-0.127649909760636,0.165612052027897
"GOBP_NEGATIVE_REGULATION_OF_ORGANELLE_ORGANIZATION",0.0547062764035718,-0.108473019146444,-0.0788666176175587,0.0736438087331408,0.0427690455375027,0.0121767078380209
"GOBP_NEGATIVE_REGULATION_OF_OSSIFICATION",0.0822949309055879,0.00217248648728349,-0.420579284001624,0.192631100886047,-0.234137779747744,0.326724521902102
"GOBP_NEGATIVE_REGULATION_OF_OSTEOBLAST_DIFFERENTIATION",0.0760575323802639,0.200185357062628,-0.256128896657845,-0.198103685571056,-0.191302879711492,0.205612559053913
"GOBP_NEGATIVE_REGULATION_OF_OSTEOCLAST_DIFFERENTIATION",-0.0245880608359532,0.0143026270458381,-0.298002627860789,0.284951173806939,0.284662215008648,0.0393141559995192
"GOBP_NEGATIVE_REGULATION_OF_OXIDATIVE_STRESS_INDUCED_INTRINSIC_APOPTOTIC_SIGNALING_PATHWAY",-0.183385486522811,-0.315683559828334,0.197966875161024,-0.0845447767242248,0.147993986986538,0.195862243001759
"GOBP_NEGATIVE_REGULATION_OF_PEPTIDE_SECRETION",0.331468866964188,0.211837287082938,0.281897498779099,-0.228236051870927,-0.286733918487846,-0.261922537250979
"GOBP_NEGATIVE_REGULATION_OF_PEPTIDYL_TYROSINE_PHOSPHORYLATION",-0.262270671142444,-0.524877717127629,-0.345684426617792,0.303069359006947,0.169951920308631,0.399107387008697
"GOBP_NEGATIVE_REGULATION_OF_PHAGOCYTOSIS",-0.426932690534962,-0.22518061140803,-0.251220857764023,0.169406493882452,0.472243130263244,0.369571064685924
"GOBP_NEGATIVE_REGULATION_OF_PHOSPHATIDYLINOSITOL_3_KINASE_PROTEIN_KINASE_B_SIGNAL_TRANSDUCTION",0.00589901272530041,-0.189479744912934,0.0537846886340327,0.033946523170306,-0.0909237830423519,0.189038585127668
"GOBP_NEGATIVE_REGULATION_OF_PHOSPHORUS_METABOLIC_PROCESS",0.0358006122824842,-0.250354976322439,-0.145795715254427,0.160527533387061,0.0876230936006454,0.143175062699975
"GOBP_NEGATIVE_REGULATION_OF_PHOSPHORYLATION",-0.0454089966500997,-0.277815487215389,-0.252785233049886,0.19922609592237,0.108610296583042,0.208868882264501
"GOBP_NEGATIVE_REGULATION_OF_PLASMA_MEMBRANE_BOUNDED_CELL_PROJECTION_ASSEMBLY",0.316639241713476,-0.118081555942464,-0.195886219396498,-0.0356289808113076,-0.180763928402465,0.110968938331912
"GOBP_NEGATIVE_REGULATION_OF_PLATELET_ACTIVATION",-0.0781005571811236,0.169647467433104,-0.392259820581765,0.167363144417753,0.271322635465956,0.0622690868026154
"GOBP_NEGATIVE_REGULATION_OF_POST_TRANSLATIONAL_PROTEIN_MODIFICATION",-0.0495097296784042,-0.19683205020998,-0.0124042233534908,-0.0301376443922375,0.147023774351796,0.0843013173692543
"GOBP_NEGATIVE_REGULATION_OF_POTASSIUM_ION_TRANSMEMBRANE_TRANSPORT",0.390519321344308,0.286121835400459,0.208374863561008,-0.464854142626914,-0.273315310165173,-0.00170241547133976
"GOBP_NEGATIVE_REGULATION_OF_POTASSIUM_ION_TRANSPORT",0.429682038441098,0.18927859107981,0.171618646886906,-0.453826417917421,-0.19701615173251,-0.134948060934198
"GOBP_NEGATIVE_REGULATION_OF_PRODUCTION_OF_MOLECULAR_MEDIATOR_OF_IMMUNE_RESPONSE",-0.223841815810931,-0.150361699187073,-0.124925739064819,0.376743653712708,0.435781630202786,-0.152418677375235
"GOBP_NEGATIVE_REGULATION_OF_PROGRAMMED_NECROTIC_CELL_DEATH",0.00891050010861349,0.031201310448465,-0.163589047287997,0.402798754213318,-0.208109287155447,-0.0612197414370177
"GOBP_NEGATIVE_REGULATION_OF_PROTEASOMAL_PROTEIN_CATABOLIC_PROCESS",-0.0639779419999671,-0.162349856523451,0.195526350113269,-0.0068084649312517,0.0171783053285089,-0.111907778383322
"GOBP_NEGATIVE_REGULATION_OF_PROTEASOMAL_UBIQUITIN_DEPENDENT_PROTEIN_CATABOLIC_PROCESS",-0.134435765950384,-0.292557093983318,0.00168162888267212,0.203262091657863,0.142103724757991,-0.00552714395843101
"GOBP_NEGATIVE_REGULATION_OF_PROTEIN_BINDING",-0.0522086407136058,0.0744359380427398,-0.149751937822835,0.241729418269577,0.155708139971875,-0.0393238048710846
"GOBP_NEGATIVE_REGULATION_OF_PROTEIN_CATABOLIC_PROCESS",0.021943091223104,-0.12810319009476,0.193168250364201,-0.0929795194358271,-0.0802223027513467,0.0374637556336491
"GOBP_NEGATIVE_REGULATION_OF_PROTEIN_CONTAINING_COMPLEX_ASSEMBLY",0.155157430859693,0.062448474649485,0.279221409057607,-0.154833642248677,-0.0655403423790198,-0.226127191642187
"GOBP_NEGATIVE_REGULATION_OF_PROTEIN_CONTAINING_COMPLEX_DISASSEMBLY",0.364157942060575,-0.133864811913046,0.187213471220285,-0.148750431076958,-0.302490655813737,0.0569618926788018
"GOBP_NEGATIVE_REGULATION_OF_PROTEIN_IMPORT_INTO_NUCLEUS",-0.270909327232698,-0.291851897129811,-0.191207588406566,-0.0206301877669433,0.325013418315779,0.343670424192772
"GOBP_NEGATIVE_REGULATION_OF_PROTEIN_LOCALIZATION",-0.0364006239637618,0.0134145733410399,0.0343061357012426,-0.0676905015846373,0.026886189629591,0.0472650794066354
"GOBP_NEGATIVE_REGULATION_OF_PROTEIN_LOCALIZATION_TO_MEMBRANE",-0.0363185373840761,0.249707246339094,-0.102574549831423,0.057972591969097,-0.124033790074518,-0.122924304212637
"GOBP_NEGATIVE_REGULATION_OF_PROTEIN_LOCALIZATION_TO_NUCLEUS",-0.142449996147466,-0.2079586019495,-0.206747667478149,0.0772634355999219,0.121586718207233,0.357665035694492
"GOBP_NEGATIVE_REGULATION_OF_PROTEIN_MATURATION",-0.170978538684563,-0.47952100657381,-0.350150998862185,0.482373099558192,0.159814560258825,0.327422322459326
"GOBP_NEGATIVE_REGULATION_OF_PROTEIN_METABOLIC_PROCESS",0.0427690196771926,-0.167498845124936,-0.0562206558283647,0.0452044580123138,0.0395771591353196,0.100432871417408
"GOBP_NEGATIVE_REGULATION_OF_PROTEIN_MODIFICATION_PROCESS",-0.000865231807971378,-0.219555234742147,-0.177447256924978,0.108930667838442,0.0900111353688565,0.172212632490383
"GOBP_NEGATIVE_REGULATION_OF_PROTEIN_POLYMERIZATION",0.300090933387275,-0.0219147050602743,0.281314020348428,-0.231338536882151,-0.0998266797196612,-0.172070243977744
"GOBP_NEGATIVE_REGULATION_OF_PROTEIN_SECRETION",0.215934984150441,0.164946730906989,0.317619086935743,-0.169238846216723,-0.26297745188145,-0.284341947663442
"GOBP_NEGATIVE_REGULATION_OF_PROTEIN_SERINE_THREONINE_KINASE_ACTIVITY",-0.166774718782473,-0.38300051581205,-0.287509523133105,0.331347172204458,0.101572667011092,0.437241219135357
"GOBP_NEGATIVE_REGULATION_OF_PROTEIN_UBIQUITINATION",0.0550484720125196,-0.258581669690402,0.00839782758367169,-0.069673070811953,0.111326860371359,0.117882134193179
"GOBP_NEGATIVE_REGULATION_OF_PROTEOLYSIS",-0.00821323363675289,-0.111929282391049,0.0309863337862917,0.0470857271702401,0.036500037269641,-0.0606793827788297
"GOBP_NEGATIVE_REGULATION_OF_PROTEOLYSIS_INVOLVED_IN_PROTEIN_CATABOLIC_PROCESS",-0.0707922486161247,-0.129635099967303,0.0875803709959089,0.0201595726623275,0.0952321267163455,-0.0960685944129624
"GOBP_NEGATIVE_REGULATION_OF_RAS_PROTEIN_SIGNAL_TRANSDUCTION",0.408093949825189,0.113020861938811,0.111462337369382,-0.0908347278939136,-0.560055832915203,-0.14012787191957
"GOBP_NEGATIVE_REGULATION_OF_REACTIVE_OXYGEN_SPECIES_BIOSYNTHETIC_PROCESS",0.180047853251851,-0.271588851589146,0.097638703399322,-0.0751161817479957,0.00710782883306477,0.118245808221887
"GOBP_NEGATIVE_REGULATION_OF_REACTIVE_OXYGEN_SPECIES_METABOLIC_PROCESS",-0.0114615412799641,-0.17613105303143,0.0703976842459701,-0.123669096683693,0.0699116994481006,-0.00805608945705097
"GOBP_NEGATIVE_REGULATION_OF_RECEPTOR_MEDIATED_ENDOCYTOSIS",-0.181476556072147,-0.0405374043914372,-0.0129747919123385,-0.0298289129258297,0.211632265230779,0.206751003810253
"GOBP_NEGATIVE_REGULATION_OF_RECEPTOR_SIGNALING_PATHWAY_VIA_JAK_STAT",-0.365869740240236,-0.149552094135021,-0.0524910251133595,0.157794786887265,-0.0912450374621026,0.366644184443368
"GOBP_NEGATIVE_REGULATION_OF_RECEPTOR_SIGNALING_PATHWAY_VIA_STAT",-0.320079911946554,-0.148786513931742,0.0314708196527413,0.144663837222824,-0.136223197134129,0.318850092897237
"GOBP_NEGATIVE_REGULATION_OF_REGULATED_SECRETORY_PATHWAY",-0.0430070786286992,0.0259997181019684,-0.370057386818082,0.106976353244897,0.0924058905956918,0.181412795442919
"GOBP_NEGATIVE_REGULATION_OF_REGULATORY_T_CELL_DIFFERENTIATION",-0.785617899382205,-0.170828570382982,-0.418604624716775,0.484951220433942,0.733606656370629,0.161694458887925
"GOBP_NEGATIVE_REGULATION_OF_RELEASE_OF_CYTOCHROME_C_FROM_MITOCHONDRIA",0.000618617359099682,0.2235541178111,0.138905350049086,-0.0348391105514213,0.0786869088385205,-0.267184224852187
"GOBP_NEGATIVE_REGULATION_OF_REPRODUCTIVE_PROCESS",-0.508962942191527,0.163463213691268,-0.256952568914487,0.366435326637675,0.245184548641974,0.0860433855916121
"GOBP_NEGATIVE_REGULATION_OF_RESPONSE_TO_BIOTIC_STIMULUS",-0.183816020462919,-0.0712499708378927,-0.006936788692053,0.293960050522863,0.0541895647195794,-0.041341172848758
"GOBP_NEGATIVE_REGULATION_OF_RESPONSE_TO_CYTOKINE_STIMULUS",-0.0687782661695204,-0.120720350619521,0.0472364625634621,0.0644579889509916,-0.000324225553074986,0.0795004103252752
"GOBP_NEGATIVE_REGULATION_OF_RESPONSE_TO_ENDOPLASMIC_RETICULUM_STRESS",0.147927582672249,-0.0314505536757554,0.323467612971683,-0.0735468022468426,-0.134659514901277,-0.189933870863845
"GOBP_NEGATIVE_REGULATION_OF_RESPONSE_TO_EXTERNAL_STIMULUS",-0.128573066488375,-0.0265462597196174,-0.133087210442025,0.18197773634185,0.0664826396651591,0.0637382866751753
"GOBP_NEGATIVE_REGULATION_OF_RESPONSE_TO_WOUNDING",-0.112916480556863,0.0238999142688923,-0.329190519286833,0.123260074460304,-0.00961846490196644,0.215777052669463
"GOBP_NEGATIVE_REGULATION_OF_RHO_PROTEIN_SIGNAL_TRANSDUCTION",0.520051594697656,0.444719541193473,0.0427738728596563,-0.268769355282506,-0.457995113733664,-0.289197588754283
"GOBP_NEGATIVE_REGULATION_OF_RNA_CATABOLIC_PROCESS",-0.0913655024323941,-0.413640852246167,-0.0793105535393973,0.143954284853805,0.124877431093454,0.261760315857413
"GOBP_NEGATIVE_REGULATION_OF_RNA_SPLICING",-0.497451749957004,-0.36044991394833,-0.241823565433701,0.414910030261706,0.43201555829474,0.148053049454169
"GOBP_NEGATIVE_REGULATION_OF_SECRETION",0.0897328135491161,0.154830564388774,0.0235251876560784,-0.0857572849246825,-0.128213538994112,0.0535681597442592
"GOBP_NEGATIVE_REGULATION_OF_SIGNAL_TRANSDUCTION_BY_P53_CLASS_MEDIATOR",-0.105002759259344,-0.0509604269826232,-0.159761376834547,-0.0189831826429694,0.00885944458017518,0.405805345837217
"GOBP_NEGATIVE_REGULATION_OF_SIGNAL_TRANSDUCTION_IN_ABSENCE_OF_LIGAND",0.216094343274095,-0.252676068075907,-0.185336232917996,0.0815049111862495,0.145634012340851,-0.174703059305204
"GOBP_NEGATIVE_REGULATION_OF_SMAD_PROTEIN_SIGNAL_TRANSDUCTION",0.0992752895200837,-0.169652863025165,-0.0758315147366651,0.342060317359019,-0.0305610998791674,-0.393084825746742
"GOBP_NEGATIVE_REGULATION_OF_SMALL_GTPASE_MEDIATED_SIGNAL_TRANSDUCTION",0.392872913635816,0.23858589018152,0.00518672993686098,-0.128469630077704,-0.382740388307068,-0.150473256903087
"GOBP_NEGATIVE_REGULATION_OF_SMALL_MOLECULE_METABOLIC_PROCESS",0.147484433692382,-0.0518406045862801,0.256617825639958,-0.0512034345978474,-0.102462485498577,-0.171835991197925
"GOBP_NEGATIVE_REGULATION_OF_SMOOTH_MUSCLE_CELL_DIFFERENTIATION",0.0828505806242633,0.391875528416235,-0.204246484793665,-0.191162032041678,-0.160088689808967,0.0863411223106925
"GOBP_NEGATIVE_REGULATION_OF_SMOOTH_MUSCLE_CELL_MIGRATION",0.0376293317974191,0.157355090043281,-0.114516929366415,-0.152454124465302,-0.0532352018678054,0.0442320481009796
"GOBP_NEGATIVE_REGULATION_OF_SMOOTH_MUSCLE_CELL_PROLIFERATION",-0.0497575096187598,0.295945542266994,-0.0417257698421568,-0.254790243261655,-0.0578043629159493,0.0841558168250463
"GOBP_NEGATIVE_REGULATION_OF_SMOOTHENED_SIGNALING_PATHWAY",0.120656551459214,0.224673549333536,-0.190732050041057,0.212758834708222,-0.169814153975975,-0.30201288971499
"GOBP_NEGATIVE_REGULATION_OF_STEM_CELL_DIFFERENTIATION",0.038712727905681,-0.204167072340728,0.0251250454067677,0.138929327553964,0.0835229206988461,0.425217305950838
"GOBP_NEGATIVE_REGULATION_OF_STEM_CELL_POPULATION_MAINTENANCE",-0.497402835426769,-0.168857115158597,-0.248691343136599,0.179691257027088,0.432671757043373,0.408547569899119
"GOBP_NEGATIVE_REGULATION_OF_STEROID_BIOSYNTHETIC_PROCESS",0.0480116645256624,0.140802555209772,0.185557400155571,0.144676436113689,-0.345958077861619,-0.0558042886978802
"GOBP_NEGATIVE_REGULATION_OF_STEROID_METABOLIC_PROCESS",0.173654848856933,0.0110518376596997,0.222249323904717,0.111016583263661,-0.312890815296948,-0.105242336728959
"GOBP_NEGATIVE_REGULATION_OF_STRIATED_MUSCLE_CELL_APOPTOTIC_PROCESS",-0.252884109053331,-0.0378986177550568,0.141642701968943,0.0994757859590407,0.20429089616088,0.121254632331493
"GOBP_NEGATIVE_REGULATION_OF_STRIATED_MUSCLE_CELL_DIFFERENTIATION",0.258469790137234,-0.29328963988973,-0.134996178199379,0.0993862696354035,-0.191904387744913,0.0706406052630731
"GOBP_NEGATIVE_REGULATION_OF_SUPRAMOLECULAR_FIBER_ORGANIZATION",0.289386120012272,0.164302504877008,0.183231869947493,-0.257676229469651,-0.20707253307325,-0.157401260010621
"GOBP_NEGATIVE_REGULATION_OF_SYNAPTIC_TRANSMISSION",0.2286036506763,0.178129977196219,0.206612584481897,-0.36044410876536,-0.28007858615771,0.00874537086463059
"GOBP_NEGATIVE_REGULATION_OF_SYNCYTIUM_FORMATION_BY_PLASMA_MEMBRANE_FUSION",-0.771521124787569,-0.11168767419382,-0.273419107463213,0.0994288731857996,0.771704736703053,0.348597325963443
"GOBP_NEGATIVE_REGULATION_OF_T_CELL_MEDIATED_IMMUNITY",0.075523026344087,-0.147114234710942,-0.218526140654692,0.349331802572572,0.104544382610646,-0.329678312340131
"GOBP_NEGATIVE_REGULATION_OF_T_CELL_PROLIFERATION",0.206150855746883,-0.041261630031133,-0.325236087629822,0.235937699054886,0.0686587033378557,-0.120571728596625
"GOBP_NEGATIVE_REGULATION_OF_T_CELL_RECEPTOR_SIGNALING_PATHWAY",0.0964833592026896,-0.426210311720019,-0.344098418708475,0.365108831919529,0.192342449595853,-0.00923722400732785
"GOBP_NEGATIVE_REGULATION_OF_T_HELPER_CELL_DIFFERENTIATION",-0.246069393538852,-0.406304671259636,-0.180575135496699,0.462642360703408,0.290810449285303,0.127151436381724
"GOBP_NEGATIVE_REGULATION_OF_TELOMERE_MAINTENANCE",-0.274685742995846,-0.338481841223248,-0.224425730629376,0.371433988009925,0.26904022665954,0.323635662887039
"GOBP_NEGATIVE_REGULATION_OF_TELOMERE_MAINTENANCE_VIA_TELOMERASE",-0.385378237531925,-0.368502831755567,-0.222312551508284,0.353186145889849,0.405963174980915,0.325118241542324
"GOBP_NEGATIVE_REGULATION_OF_TELOMERE_MAINTENANCE_VIA_TELOMERE_LENGTHENING",-0.224201406376445,-0.375167333782456,-0.191362650243174,0.379422117484734,0.2821506602664,0.272539233521315
"GOBP_NEGATIVE_REGULATION_OF_TISSUE_REMODELING",-0.0275495615788995,-0.0736761382021492,0.0289324892439707,0.0395558054047228,0.0863485345854319,-0.0624008414524664
"GOBP_NEGATIVE_REGULATION_OF_TOLL_LIKE_RECEPTOR_SIGNALING_PATHWAY",-0.102523504982968,0.0364521054057625,-0.0571801849741132,0.35262856519774,0.0375015537413859,-0.155173931786771
"GOBP_NEGATIVE_REGULATION_OF_TOR_SIGNALING",0.322543772429744,-0.24353695525376,0.240984933409052,-0.135570711785107,-0.286343200838601,0.0299686866318654
"GOBP_NEGATIVE_REGULATION_OF_TORC1_SIGNALING",0.318550714516459,-0.241287286208211,0.229720574184759,-0.161679587288038,-0.178888973590725,-0.0763198710176744
"GOBP_NEGATIVE_REGULATION_OF_TRANSCRIPTION_ELONGATION_BY_RNA_POLYMERASE_II",-0.514297974537269,-0.137441411063686,-0.0731776356690232,0.306238592665301,0.384018477598906,0.12524533397298
"GOBP_NEGATIVE_REGULATION_OF_TRANSFORMING_GROWTH_FACTOR_BETA_RECEPTOR_SIGNALING_PATHWAY",-0.059142555084936,-0.139329753205134,-0.268502886867689,0.187851244514991,-0.0149430047347218,0.261557742669458
"GOBP_NEGATIVE_REGULATION_OF_TRANSLATION",0.219909863751055,-0.295718580009655,-0.0647322432024614,0.091016455592371,-0.0388790158972204,0.234597660438857
"GOBP_NEGATIVE_REGULATION_OF_TRANSLATIONAL_INITIATION",0.253583647417166,-0.22008747218457,0.131592844462614,0.0866880518796753,-0.36664629654567,0.30573578639141
"GOBP_NEGATIVE_REGULATION_OF_TRANSMEMBRANE_RECEPTOR_PROTEIN_SERINE_THREONINE_KINASE_SIGNALING_PATHWAY",0.0661640871093992,-0.0251495553804581,-0.248830051254755,0.0829665379548274,-0.13538112812632,0.224937421047268
"GOBP_NEGATIVE_REGULATION_OF_TRANSMEMBRANE_TRANSPORT",0.195296000351604,-0.100701794528866,0.240255438283995,-0.266228945425116,-0.141191888091228,0.0578624294028879
"GOBP_NEGATIVE_REGULATION_OF_TRANSPORT",0.0218108259094327,0.0147395210087939,0.0739330568717211,-0.0970057571608694,-0.0261950833911918,0.111158573812217
"GOBP_NEGATIVE_REGULATION_OF_TUMOR_NECROSIS_FACTOR_MEDIATED_SIGNALING_PATHWAY",-0.298031684847232,-0.0924085320544777,0.133215596224017,-0.293911983482783,0.204171998364891,0.305054560025217
"GOBP_NEGATIVE_REGULATION_OF_TUMOR_NECROSIS_FACTOR_SUPERFAMILY_CYTOKINE_PRODUCTION",-0.370747731404035,-0.0835167810074578,-0.255334870475289,0.375993425736961,0.26769869365696,0.037818268780135
"GOBP_NEGATIVE_REGULATION_OF_TYPE_I_INTERFERON_MEDIATED_SIGNALING_PATHWAY",-0.244232726048664,-0.0606900836234501,-0.15106425521281,0.593887632663874,-0.13286482549545,-0.0019095116128558
"GOBP_NEGATIVE_REGULATION_OF_TYPE_I_INTERFERON_PRODUCTION",-0.0869032840265398,-0.232823160770117,-0.161937396459193,0.252589243460907,0.207787687422462,0.0664245218580581
"GOBP_NEGATIVE_REGULATION_OF_TYPE_II_INTERFERON_PRODUCTION",-0.394228249075506,0.159621735581654,-0.260524755499442,0.484501333866566,0.152220435131341,-0.22609397881853
"GOBP_NEGATIVE_REGULATION_OF_UBIQUITIN_DEPENDENT_PROTEIN_CATABOLIC_PROCESS",-0.0615776153387608,-0.316997265466081,0.0189233397333141,0.180443412663082,0.220337459486047,-0.108789868683488
"GOBP_NEGATIVE_REGULATION_OF_VASCULAR_ASSOCIATED_SMOOTH_MUSCLE_CELL_PROLIFERATION",-0.288496820171582,0.415782551975945,0.00710558451416904,-0.303885782544023,0.0933535074069696,0.0247876417130349
"GOBP_NEGATIVE_REGULATION_OF_VASCULAR_PERMEABILITY",0.448647746839032,0.139781258113194,0.214851996193659,-0.411999324511284,-0.286275454063818,-0.117417853916168
"GOBP_NEGATIVE_REGULATION_OF_VASCULATURE_DEVELOPMENT",0.15250059997569,0.0214373241960497,-0.12107384318316,-0.0434565685903363,-0.172887563916896,0.0987044852796887
"GOBP_NEGATIVE_REGULATION_OF_VIRAL_GENOME_REPLICATION",0.0824848577829152,-0.222707728335766,-0.315068625462029,0.465680072640829,-0.348350860085681,0.0756431387545154
"GOBP_NEGATIVE_REGULATION_OF_VIRAL_PROCESS",-0.186233095948426,-0.269786090640243,-0.372041179592027,0.351455067590439,-0.0754854477030888,0.269001693242769
"GOBP_NEGATIVE_REGULATION_OF_WNT_SIGNALING_PATHWAY",-0.00734035045461656,0.166050176665734,-0.110763454912354,0.0532276437693895,-0.198750209505093,0.195788642688535
"GOBP_NEGATIVE_REGULATION_OF_WOUND_HEALING",-0.0897665762936421,0.0768653359068351,-0.36822153028491,0.0573873335501034,-0.00458425010914118,0.242575665003366
"GOBP_NEPHRON_DEVELOPMENT",0.0421971666667493,0.214258332163088,-0.114161075281678,0.0254228336783818,-0.232715355488619,0.00174303110937363
"GOBP_NEPHRON_EPITHELIUM_DEVELOPMENT",0.112933571146454,0.29199429390169,-0.0960304264067,0.0110520598355873,-0.380895950490677,0.0480628559692474
"GOBP_NEPHRON_MORPHOGENESIS",-0.0971765332633467,0.368508279867716,0.0389888931182705,0.0196661099497726,-0.448996082247962,0.145270212434768
"GOBP_NERVE_DEVELOPMENT",-0.0169662484377676,0.13411480105727,-0.281955162611019,0.067552776581826,-0.0791411733567099,0.145311931265606
"GOBP_NEURAL_CREST_CELL_DIFFERENTIATION",-0.0927293979086227,0.116433624558941,-0.185849360405629,0.0372162297526092,-0.0268067858123769,0.19027151084374
"GOBP_NEURAL_NUCLEUS_DEVELOPMENT",0.0283271985046795,0.0901300928119632,0.455087562437485,-0.361953302037597,-0.0620917793418788,0.0648885627159093
"GOBP_NEURAL_PRECURSOR_CELL_PROLIFERATION",0.0701156210374111,-0.0579322643754509,-0.0269398632131718,0.026251736906824,-0.197305039536441,0.205921392951096
"GOBP_NEURAL_RETINA_DEVELOPMENT",0.149728102779771,-0.241378936395232,0.082323555168953,-0.0664308992243223,-0.109071642815771,0.11840153781985
"GOBP_NEURAL_TUBE_DEVELOPMENT",0.0644824121414348,0.0834245548507669,-0.154012540425799,0.151698630656034,-0.170910322687087,0.0484647970796355
"GOBP_NEURAL_TUBE_FORMATION",0.0594936210402784,0.137736705195175,-0.236761951662901,0.216228688522874,-0.127157511119695,0.0202683757602705
"GOBP_NEURAL_TUBE_PATTERNING",-0.107454423470134,0.0860591428926493,-0.0267228038721438,0.0734129155143768,0.0214896891225742,-0.111933733952669
"GOBP_NEUROBLAST_PROLIFERATION",0.0582048594886524,-0.0773209533130882,-0.334454678750436,0.226144194648667,-0.240199017896028,0.303144421361919
"GOBP_NEUROEPITHELIAL_CELL_DIFFERENTIATION",0.0100357116167247,-0.347315787491395,-0.17955470102884,0.319896428080838,-0.114683341767059,0.26599173342136
"GOBP_NEUROINFLAMMATORY_RESPONSE",-0.14128974381735,-0.0526102620757999,-0.353732418675285,0.245600388474879,0.268369324929424,0.212871473096823
"GOBP_NEUROMUSCULAR_JUNCTION_DEVELOPMENT",0.324626800504557,0.161096050426088,0.0819003375774691,-0.187897912819861,-0.37856119569438,0.00219380651147938
"GOBP_NEUROMUSCULAR_PROCESS",0.287071280594661,0.142893211965425,0.29459315740156,-0.231394579439827,-0.367181431541296,-0.215050913258164
"GOBP_NEUROMUSCULAR_PROCESS_CONTROLLING_BALANCE",0.0912902794005385,-0.0105931212364175,-0.0592814393542314,0.219124028774582,-0.17606178364272,-0.0737699854333979
"GOBP_NEUROMUSCULAR_SYNAPTIC_TRANSMISSION",0.45828254948307,0.208439074757208,0.192700055952528,-0.387263876104554,-0.394887067228064,-0.296948118766373
"GOBP_NEURON_APOPTOTIC_PROCESS",0.02259908630513,-0.0293580293238235,-0.0865425745918237,0.0314418787560388,-0.147570651566625,0.118853356829904
"GOBP_NEURON_CELLULAR_HOMEOSTASIS",0.140455854178772,0.25682885815947,0.426904217839384,-0.307271008469764,-0.101492794431497,-0.370420037524522
"GOBP_NEURON_FATE_COMMITMENT",0.219487229402234,-0.149008740951376,-0.000115935202974482,0.116225726558839,-0.239184578432409,0.0139404295953796
"GOBP_NEURON_INTRINSIC_APOPTOTIC_SIGNALING_PATHWAY_IN_RESPONSE_TO_OXIDATIVE_STRESS",0.121607614446016,-0.32819273786238,-0.0448330123163945,0.172208528566749,-0.0532811161249626,-0.11322896043343
"GOBP_NEURON_MATURATION",-0.0804945118814469,0.331804116072941,0.00615023236142853,-0.306193321845123,-0.0890000345557536,0.125900901638491
"GOBP_NEURON_MIGRATION",0.252333509675611,-0.105781690854116,-0.167649621095881,-0.00621761394208223,-0.144699104345953,0.0815324292348434
"GOBP_NEURON_PROJECTION_ARBORIZATION",0.413921451945905,0.308771776231322,-0.223065289843054,-0.0656175203139606,-0.163059504781648,-0.0900596982310419
"GOBP_NEURON_PROJECTION_EXTENSION",0.22951838246177,-0.0110145450639174,-0.0440775780804524,-0.0822943584783043,-0.277641919694036,0.120601003060914
"GOBP_NEURON_PROJECTION_EXTENSION_INVOLVED_IN_NEURON_PROJECTION_GUIDANCE",0.45772553989122,0.256556414887827,-0.162871998462734,-0.159674896739083,-0.280781375169849,-0.188408420822343
"GOBP_NEURON_PROJECTION_GUIDANCE",0.197095091938783,0.0981743860034848,-0.208484181406141,-0.0273818645997376,-0.246508826612024,0.183181600585677
"GOBP_NEURON_PROJECTION_ORGANIZATION",0.243701997983246,-0.0259325392282445,0.0024557933647219,-0.0741318226690801,-0.204676825529266,0.118578115239244
"GOBP_NEURON_PROJECTION_REGENERATION",-0.114804589471839,0.0709150936605503,-0.175610999150413,0.0287087439389555,-0.150769874841794,0.266805761235657
"GOBP_NEURON_RECOGNITION",-0.0169708400066865,0.21051319379428,-0.214321975247373,0.198433179509665,-0.155765462197994,-0.0868129971734468
"GOBP_NEURONAL_ACTION_POTENTIAL",0.35935484755512,0.427574726847855,-0.0410741966971066,-0.486295703615033,-0.364909534396424,0.186463968151162
"GOBP_NEURONAL_STEM_CELL_POPULATION_MAINTENANCE",0.3233349785834,-0.191011149539479,-0.180521101156335,0.197113875828456,-0.156969243062874,0.127561358244479
"GOBP_NEUROPEPTIDE_SIGNALING_PATHWAY",-0.0614763107216346,0.121268301236031,-0.212989130683351,-0.292452822983769,0.00291606347818957,0.377055183551424
"GOBP_NEUROTRANSMITTER_GATED_ION_CHANNEL_CLUSTERING",0.374427640843156,0.0632312012403018,0.182557075335258,-0.174638181719891,-0.470425389907836,-0.11913140305122
"GOBP_NEUROTRANSMITTER_RECEPTOR_LOCALIZATION_TO_POSTSYNAPTIC_SPECIALIZATION_MEMBRANE",0.140055715362677,0.0865553886956816,0.167811335210465,-0.429740134482795,-0.177083805105695,0.177708902518212
"GOBP_NEUROTRANSMITTER_RECEPTOR_TRANSPORT",0.279290815104441,0.0387584137965899,0.0775187987569829,-0.186283499848354,-0.0337747304526778,-0.131213196515496
"GOBP_NEUROTRANSMITTER_REUPTAKE",0.138321622333175,0.0441746452931182,0.236931425499782,-0.264707862304463,-0.0751898649311947,-0.0742738600453081
"GOBP_NEUROTRANSMITTER_SECRETION",0.316767702272318,0.0551685675052891,0.191547484251928,-0.211850568845172,-0.354037693378363,-0.0970638255798641
"GOBP_NEUROTRANSMITTER_TRANSPORT",0.2476515715871,0.0395337725902501,0.204094159234306,-0.159228805283947,-0.288308177691624,-0.0847184016874364
"GOBP_NEUROTRANSMITTER_UPTAKE",-0.0351657798295469,0.0607131058231777,0.353015793778676,-0.249213062326968,-0.148198745766313,-0.0850785236387652
"GOBP_NEUROTROPHIN_SIGNALING_PATHWAY",0.212413485772887,-0.230791888783016,0.0155117158547846,-0.181598455807629,-0.203022153898019,0.17244044423789
"GOBP_NEUROTROPHIN_TRK_RECEPTOR_SIGNALING_PATHWAY",0.128522661784113,-0.394616741264192,0.0712041074705755,0.00323985479237171,-0.144058930779284,0.141700470867907
"GOBP_NEUTRAL_AMINO_ACID_TRANSPORT",0.292058453794454,0.0856096867281731,0.213069701886085,0.0723643733438777,-0.274744198293393,-0.397723982803388
"GOBP_NEUTRAL_LIPID_BIOSYNTHETIC_PROCESS",0.0101940493097528,0.0098650837662797,0.38994954540462,-0.188489325785469,-0.11941544387629,-0.0995304572557595
"GOBP_NEUTRAL_LIPID_CATABOLIC_PROCESS",0.442266069848794,0.230806357600809,0.414251441759161,-0.102183738434762,-0.327070270291997,-0.488525037766527
"GOBP_NEUTRAL_LIPID_METABOLIC_PROCESS",0.105726965012527,0.169132167035024,0.312892751410646,-0.175081610891475,-0.118613963258831,-0.156130691444446
"GOBP_NEUTROPHIL_ACTIVATION_INVOLVED_IN_IMMUNE_RESPONSE",-0.148935029719636,0.0433344254899675,-0.417423929921278,0.435311978544316,0.313454635834269,-0.176579626047711
"GOBP_NEUTROPHIL_CHEMOTAXIS",-0.0558291182014562,-0.0892426593412935,-0.438692942755267,0.330668804219899,0.339152146319033,-0.0606726313632673
"GOBP_NEUTROPHIL_HOMEOSTASIS",0.278737926608888,-0.368418015316977,-0.0991925580778914,0.288887387204898,-0.144324895064757,-0.324550199335125
"GOBP_NEUTROPHIL_MEDIATED_IMMUNITY",-0.2026288386827,-0.0795427200111837,-0.388933452577531,0.251348812312847,0.420935790068673,0.102818486440456
"GOBP_NEUTROPHIL_MIGRATION",-0.103663740767245,-0.162490086914199,-0.382139516466832,0.327409351978152,0.39300937624347,-0.0282437025742255
"GOBP_NITRIC_OXIDE_MEDIATED_SIGNAL_TRANSDUCTION",0.308647376513178,0.392887619930129,0.249946970724867,-0.405860404829228,-0.0796559251958054,-0.37037625748716
"GOBP_NK_T_CELL_ACTIVATION",-0.096739311024961,-0.0594699548729114,0.229277184544566,0.378371340211651,-0.0605222514308481,-0.316420228329289
"GOBP_NON_CANONICAL_NF_KAPPAB_SIGNAL_TRANSDUCTION",-0.120805424773913,-0.160224535352379,-0.0247000116249536,0.185373919887826,0.0247745749055073,0.0809401106106389
"GOBP_NON_CANONICAL_WNT_SIGNALING_PATHWAY",0.10277032639218,0.095746701345594,-0.0745147925840509,0.17390716984147,-0.372247988518873,0.170164758022283
"GOBP_NON_MOTILE_CILIUM_ASSEMBLY",0.0166764664595933,-0.265997803758584,-0.107331202352429,0.151348921272089,-0.181674209213399,0.360006214710469
"GOBP_NON_PROTEINOGENIC_AMINO_ACID_METABOLIC_PROCESS",0.164665967662333,0.150102764997739,0.239431243472582,0.171178848265485,-0.238658747485096,-0.41555631087608
"GOBP_NOTCH_SIGNALING_PATHWAY",0.26935361723043,0.0428171718089399,-0.0456510259952164,0.00467058334324091,-0.235252973869078,-0.0555097198459178
"GOBP_NUCLEAR_CHROMOSOME_SEGREGATION",-0.256793468030905,-0.29021771427926,-0.27743683820513,0.297183282548011,0.429867931187496,0.132219430126266
"GOBP_NUCLEAR_ENVELOPE_ORGANIZATION",-0.1201349060977,-0.308502290238562,-0.0748956736141294,0.0400516431503998,0.252379262782826,0.156044141351954
"GOBP_NUCLEAR_EXPORT",-0.178812405425205,-0.350040064304908,-0.212514972904705,0.287983160362634,0.239213087911729,0.299249986305624
"GOBP_NUCLEAR_MEMBRANE_ORGANIZATION",-0.190446966072559,-0.359158986619853,-0.05874124198942,0.0519605565144873,0.290547029705063,0.187097173989932
"GOBP_NUCLEAR_MEMBRANE_REASSEMBLY",-0.184153302658579,-0.259713259263185,0.168242659854168,-0.122516916607679,0.357348929026219,0.0433508902608641
"GOBP_NUCLEAR_RECEPTOR_MEDIATED_SIGNALING_PATHWAY",0.0390520140534045,-0.172552679961578,-0.0839312672198713,0.142713530051797,-0.166413224066633,0.246374607138088
"GOBP_NUCLEAR_TRANSCRIBED_MRNA_CATABOLIC_PROCESS",-0.239313935142248,-0.438241463870434,-0.307581998464344,0.309224674994827,0.287180063863896,0.409542039149078
"GOBP_NUCLEAR_TRANSCRIBED_MRNA_CATABOLIC_PROCESS_DEADENYLATION_DEPENDENT_DECAY",-0.0420716509537855,-0.38320868657095,-0.42807217445265,0.159035389960418,0.239206161786101,0.503152573334788
"GOBP_NUCLEAR_TRANSCRIBED_MRNA_CATABOLIC_PROCESS_NONSENSE_MEDIATED_DECAY",-0.303290597893326,-0.44480444192189,-0.2017078070173,0.372982784633545,0.20300403786896,0.412986610751941
"GOBP_NUCLEAR_TRANSCRIBED_MRNA_POLY_A_TAIL_SHORTENING",0.12514016516453,-0.200894214026189,-0.498846572940413,0.0967750705200762,0.0514970137759096,0.55695957466573
"GOBP_NUCLEAR_TRANSPORT",-0.0840592332962834,-0.335202125632013,-0.237622037979572,0.228062270097067,0.21797257286993,0.260374361828892
"GOBP_NUCLEIC_ACID_CATABOLIC_PROCESS",-0.164559413654144,-0.374243063651784,-0.184755408509153,0.284264390643267,0.175767859622242,0.293337487005372
"GOBP_NUCLEOBASE_BIOSYNTHETIC_PROCESS",-0.485705531520678,-0.533010824200452,-0.430838843515102,0.399543513544595,0.671578748675059,0.280168752017025
"GOBP_NUCLEOBASE_CONTAINING_COMPOUND_CATABOLIC_PROCESS",-0.0939590746196848,-0.295497984170002,-0.0968739508519003,0.224940301306951,0.108766355160228,0.139892595455723
"GOBP_NUCLEOBASE_CONTAINING_COMPOUND_TRANSPORT",-0.0910248227074887,-0.361818524107498,-0.194056057476908,0.191757971610924,0.189987283573878,0.26487396446302
"GOBP_NUCLEOBASE_METABOLIC_PROCESS",-0.262955201879147,-0.355529068274422,-0.254688928904467,0.2092306825199,0.436482026451459,0.118351924633799
"GOBP_NUCLEOLAR_LARGE_RRNA_TRANSCRIPTION_BY_RNA_POLYMERASE_I",-0.503673363935637,-0.440659660420272,0.0227637345524181,0.345833637058078,0.315909290533448,0.241832694900735
"GOBP_NUCLEOLUS_ORGANIZATION",0.326816969917065,-0.538112054865675,-0.272411403656305,0.220330702871438,0.0761291811848946,0.350514659385325
"GOBP_NUCLEOPHAGY",0.240633529577875,-0.123505936283219,-0.158512788991541,-0.133792511700367,-0.335116248331749,0.423306605283466
"GOBP_NUCLEOSIDE_DIPHOSPHATE_CATABOLIC_PROCESS",0.195906733006494,-0.0435839014358426,0.259457211250776,0.014699260183532,-0.218162385761744,-0.225519576709403
"GOBP_NUCLEOSIDE_DIPHOSPHATE_METABOLIC_PROCESS",0.159389157445395,-0.0681540863531283,0.249675545111891,0.0526388319323342,-0.168603915082523,-0.247122513522854
"GOBP_NUCLEOSIDE_METABOLIC_PROCESS",-0.391088449662652,0.130134982460206,-0.234004953404896,0.17712203371455,0.401579563820207,-0.0480047881903488
"GOBP_NUCLEOSIDE_MONOPHOSPHATE_BIOSYNTHETIC_PROCESS",-0.43545441581389,-0.305194671217814,0.00957054814784175,0.19511084351656,0.477810916802337,-0.152597627593849
"GOBP_NUCLEOSIDE_MONOPHOSPHATE_CATABOLIC_PROCESS",-0.473967661188188,-0.189662492515762,-0.536721586824273,0.331960746140446,0.413503532810494,0.326590017504699
"GOBP_NUCLEOSIDE_MONOPHOSPHATE_METABOLIC_PROCESS",-0.297055134246637,-0.178772926825878,0.00656851435863115,0.146694218000886,0.316035759021604,-0.175917062283315
"GOBP_NUCLEOSIDE_PHOSPHATE_BIOSYNTHETIC_PROCESS",0.0137828072238211,0.212550839781122,0.410395167597326,-0.240445359664266,0.059719222179297,-0.397331085944621
"GOBP_NUCLEOSIDE_PHOSPHATE_CATABOLIC_PROCESS",0.0913069989272874,0.00200019396798568,0.0993045674893889,0.055112499976876,-0.0822651548362624,-0.17493755541483
"GOBP_NUCLEOSIDE_TRIPHOSPHATE_BIOSYNTHETIC_PROCESS",-0.0804535967679486,0.346603324744908,0.578800258096029,-0.391044301175389,0.170515640952003,-0.506474667788505
"GOBP_NUCLEOSIDE_TRIPHOSPHATE_METABOLIC_PROCESS",0.0969057283783548,0.206637374084376,0.383437056165032,-0.204295115853241,-0.0257304665808585,-0.396619873884739
"GOBP_NUCLEOSOME_ORGANIZATION",0.0397679572209788,-0.387450609411923,-0.218353546302146,0.349698661645029,0.10605015562614,0.205640715675759
"GOBP_NUCLEOTIDE_BINDING_DOMAIN_LEUCINE_RICH_REPEAT_CONTAINING_RECEPTOR_SIGNALING_PATHWAY",-0.0378549460620684,-0.262674172007927,-0.355633162437298,0.279488924838794,0.160499824782382,0.1783229407462
"GOBP_NUCLEOTIDE_BINDING_OLIGOMERIZATION_DOMAIN_CONTAINING_2_SIGNALING_PATHWAY",-0.24115990693055,-0.447042826595063,-0.560942844946271,0.467184913920922,0.515064183927806,0.260361253014124
"GOBP_NUCLEOTIDE_BIOSYNTHETIC_PROCESS",-0.0720004079657947,0.208923205988537,0.424480964628519,-0.236196302165647,0.119462948825606,-0.421494783352772
"GOBP_NUCLEOTIDE_EXCISION_REPAIR",0.00751151593163762,-0.308696873202566,-0.0263960984808664,0.0422561568264958,0.160366472575462,0.0864051474235847
"GOBP_NUCLEOTIDE_METABOLIC_PROCESS",0.0722370385007592,0.0813090951392038,0.284134153297154,-0.131462581485223,0.0402590313298418,-0.316409266443698
"GOBP_NUCLEOTIDE_SALVAGE",-0.120731226183276,0.0638517424488032,0.0740233166237547,0.0919488063209098,-0.0120056916396511,-0.283219730425464
"GOBP_NUCLEOTIDE_SUGAR_BIOSYNTHETIC_PROCESS",-0.424404318467948,0.0620791484618449,0.0122435142178737,0.298402121380574,0.177881960136018,0.0207707292036494
"GOBP_NUCLEOTIDE_SUGAR_METABOLIC_PROCESS",-0.29328928896964,0.12143313711295,-0.134396909838997,0.234673976745542,0.180999548454918,0.0715714154731091
"GOBP_NUCLEOTIDE_TRANSMEMBRANE_TRANSPORT",-0.131166700794211,-0.392309456785047,-0.213335593863465,0.0863512387694925,0.153468684829988,0.346254081573866
"GOBP_NUCLEOTIDE_TRANSPORT",0.0617290023968885,-0.311557991255197,-0.143358332580524,-0.00372970428878827,-0.0117939455084748,0.248423051624922
"GOBP_NUCLEUS_LOCALIZATION",0.356594149655196,-0.180347128217829,-0.118597946674031,-0.181391094529824,-0.196990490330045,0.311584558256673
"GOBP_NUCLEUS_ORGANIZATION",0.0905670729985943,-0.405944146716509,-0.0840385249934238,0.0902466060843831,0.164651195705921,0.179221128487127
"GOBP_NUTRIENT_STORAGE",-0.00156016388694885,0.000215529878335341,0.161001668938507,0.152078045156358,0.095950843562926,-0.191593855139704
"GOBP_ODONTOGENESIS",0.0726530368731485,0.130093358953351,-0.326514115303438,-0.0173497498690258,-0.0463892449654769,0.166236436484665
"GOBP_ODONTOGENESIS_OF_DENTIN_CONTAINING_TOOTH",0.11156541585594,0.0223417222434266,-0.338209882144719,0.130384488908638,-0.0506903951604951,0.112863039779294
"GOBP_OLEFINIC_COMPOUND_BIOSYNTHETIC_PROCESS",-0.280430190391003,0.191123360858605,-0.31953525971341,0.26595175623136,0.214115281280327,-0.0646772253709808
"GOBP_OLEFINIC_COMPOUND_METABOLIC_PROCESS",0.000780955519153359,0.303197634031546,0.142628541547145,-0.184861539647412,-0.16481493257716,-0.189225644587693
"GOBP_OLFACTORY_LOBE_DEVELOPMENT",0.149135672271751,-0.186781050772261,-0.209229258886697,0.104440051173356,-0.0820557642388366,0.197089389296208
"GOBP_OLIGODENDROCYTE_DEVELOPMENT",-0.113331644973797,-0.0130167733304356,-0.028217168497405,-0.325226798603602,0.170484084115299,0.180170220684523
"GOBP_OLIGODENDROCYTE_DIFFERENTIATION",-0.0478132280532642,-0.0708572672671059,-0.113168495295936,-0.141839133674054,0.132536906678828,0.19518646819174
"GOBP_OLIGOPEPTIDE_TRANSMEMBRANE_TRANSPORT",0.357319499886703,-0.166791453286707,-0.197497163791037,0.324590393304161,-0.082821799268383,-0.407199153338093
"GOBP_OLIGOPEPTIDE_TRANSPORT",0.265974519303988,-0.272618229737662,-0.186291583160662,0.392239514314661,0.0508427479093044,-0.377352207541678
"GOBP_OLIGOSACCHARIDE_METABOLIC_PROCESS",-0.0157062095051215,0.139314413611602,0.11933125664537,0.0472413263769108,0.199578676852223,-0.320933252980384
"GOBP_ONE_CARBON_METABOLIC_PROCESS",-0.037177944795991,-0.167563895272575,-0.0141485628427929,0.16027008143335,0.294278164155109,-0.318355806544862
"GOBP_OOCYTE_DIFFERENTIATION",0.214915314386012,-0.00875060330996999,-0.211493719481077,0.0970733143354502,0.0643900047646196,-0.223692399592882
"GOBP_OOCYTE_MATURATION",0.354116096574667,0.00877524288911341,-0.346294785193775,0.116403253830136,0.108118956752139,-0.184154728170901
"GOBP_OOGENESIS",0.0998040334946182,-0.0496822072100691,-0.171126778493829,0.106406187366185,0.0316610660473607,-0.0357181940606842
"GOBP_ORGAN_GROWTH",0.15430419563248,0.093915026356377,-0.130379781783439,-0.10744963003133,-0.162633392956029,0.203643879259169
"GOBP_ORGANELLE_DISASSEMBLY",-0.0388923823916349,-0.178769853732108,0.155429900203241,-0.114945202852959,-0.0598554945845149,0.284237418744398
"GOBP_ORGANELLE_FISSION",-0.117503082043961,-0.166712515395465,-0.216021848531206,0.206713282445637,0.334157069808654,0.0246600471502518
"GOBP_ORGANELLE_FUSION",0.0291711045705207,-0.0898260446624473,0.292072081698741,-0.0725361092477318,-0.036913270176206,-0.16708522601251
"GOBP_ORGANELLE_INHERITANCE",0.0881890089440061,-0.229674447233543,0.0339527228822239,0.06710516053834,0.244880341283502,-0.12278459545869
"GOBP_ORGANELLE_MEMBRANE_FUSION",0.10769277243917,-0.0582726715272796,0.241794429711228,-0.0906428493344286,-0.077984818371587,-0.140779347031874
"GOBP_ORGANELLE_TRANSPORT_ALONG_MICROTUBULE",0.251709213796728,-0.185711376453297,0.310303575800526,-0.269107391437125,-0.111259087867823,-0.141352271070399
"GOBP_ORGANIC_ACID_BIOSYNTHETIC_PROCESS",0.190151469556284,0.151804437141643,0.304140655506621,-0.215700395307994,-0.0696541618504182,-0.306849251737321
"GOBP_ORGANIC_ACID_CATABOLIC_PROCESS",0.170904366325461,0.189452500958634,0.463848932822761,-0.270321896484477,-0.0560346537447003,-0.441802039902103
"GOBP_ORGANIC_ACID_TRANSPORT",0.14047830374788,0.00521482467634843,0.157384884689675,0.00171023836861287,-0.0882266847691514,-0.163817315565776
"GOBP_ORGANIC_ANION_TRANSPORT",0.0857511652649973,0.0242301895468476,0.101525076535338,0.0229766186863134,-0.0776924340227647,-0.135969072179684
"GOBP_ORGANIC_CATION_TRANSPORT",0.319165762349056,0.0900594320543292,0.247199492708424,-0.0406325152911638,-0.292263228097058,-0.34169615039689
"GOBP_ORGANIC_HYDROXY_COMPOUND_TRANSPORT",0.0294035030060452,0.181118042539507,0.163494800074071,-0.0904482128089761,-0.0392136236102147,-0.153430817814839
"GOBP_ORGANISM_EMERGENCE_FROM_PROTECTIVE_STRUCTURE",0.167973347998301,-0.0749204112727086,-0.342647285060702,-0.273853735578781,0.0739337961430319,0.326260848059678
"GOBP_ORGANOPHOSPHATE_BIOSYNTHETIC_PROCESS",0.129807557134641,0.143218935715012,0.2908328927107,-0.205561890018988,-0.0603229213590568,-0.27564470750787
"GOBP_ORGANOPHOSPHATE_CATABOLIC_PROCESS",0.076215493824473,0.0454275724220098,0.104781924540168,0.0422810667824434,-0.00430468007367288,-0.213212280336097
"GOBP_ORGANOPHOSPHATE_ESTER_TRANSPORT",0.131600610236986,-0.0736124902274948,-0.14451066696629,-0.0441597291939341,0.044019512738819,0.0305743674043474
"GOBP_OSSIFICATION",0.0432455726430326,0.0908601715901831,-0.149861562765551,0.0129122144225174,-0.128203143730817,0.0792906555526387
"GOBP_OSTEOBLAST_DIFFERENTIATION",-0.0122550157134755,0.0104658241218399,-0.148485565757294,0.00168091630331901,-0.0420331518727197,0.142332782534871
"GOBP_OSTEOBLAST_PROLIFERATION",0.0963688787595159,0.0846064201202559,-0.171130317935306,-0.0238272044543751,-0.146476850805397,0.191671924704893
"GOBP_OSTEOCLAST_DIFFERENTIATION",-0.0314421906467093,-0.167406924854434,-0.310185985246543,0.288060815223526,0.279195869712747,-0.0572948402340527
"GOBP_OUTFLOW_TRACT_MORPHOGENESIS",0.117021305360368,0.16535718965357,-0.251359672894814,-0.0425708232319848,-0.0910393214843547,0.119910170354208
"GOBP_OUTFLOW_TRACT_SEPTUM_MORPHOGENESIS",0.138645711939338,0.191329635078563,-0.296346685600602,-0.0310413088876283,0.042091348100438,-0.0365275409248643
"GOBP_OVARIAN_FOLLICLE_DEVELOPMENT",-0.0493472000946503,-0.0535189046569163,0.0156671790057483,0.276046518343492,-0.267335646472463,0.0909904557749621
"GOBP_OVULATION_CYCLE",-0.0658346890843556,-0.133402942963302,-0.340518961921919,0.170159722025183,-0.0133265563218928,0.440032499745613
"GOBP_OVULATION_CYCLE_PROCESS",0.0161306034451539,-0.143736226186615,-0.364774076097026,0.138899357047829,-0.154075139245048,0.422470337674292
"GOBP_OXIDATIVE_PHOSPHORYLATION",0.188016368783564,0.540806251181529,0.618698836716481,-0.542902995795541,0.0538204969548653,-0.629110757418192
"GOBP_P_BODY_ASSEMBLY",0.494075517162731,-0.486870004413038,-0.378093094319441,0.137698822658747,-0.275174809558914,0.454961855209115
"GOBP_P38MAPK_CASCADE",-0.0766381452486589,-0.172495258983439,-0.0740426948716074,0.106564103471954,-0.0991801291134196,0.264375651224106
"GOBP_PALLIUM_DEVELOPMENT",0.18357857235701,-0.0856354944813369,-0.0490545101819302,-0.0394996074539286,-0.128430533501714,0.123545119316802
"GOBP_PANCREAS_DEVELOPMENT",0.200153907525876,0.287334818312164,0.138513426959093,-0.215348741512888,-0.365708713089772,0.0674850421319566
"GOBP_PARASYMPATHETIC_NERVOUS_SYSTEM_DEVELOPMENT",0.030330969883153,0.394102045487939,-0.450278131868326,-0.045375703770899,-0.069286383031983,0.165139980186032
"GOBP_PARAXIAL_MESODERM_DEVELOPMENT",0.439096864913761,0.0292468358137622,-0.144340694123586,-0.0271485495843939,-0.321492579212013,0.120003197975956
"GOBP_PATTERN_SPECIFICATION_PROCESS",0.0102913567115473,0.0717542783028404,-0.186998906384851,0.0498909317360835,-0.126354249756056,0.104652421367
"GOBP_PENTOSE_PHOSPHATE_SHUNT",-0.513851412991419,-0.181013655541675,0.161242032109423,0.0270097612111099,0.395715042136428,-0.127146949086259
"GOBP_PEPTIDE_BIOSYNTHETIC_PROCESS",0.183327051390713,-0.0172018315816435,-0.0354642943569478,-0.122726856874559,-0.193203303140228,0.103505201285549
"GOBP_PEPTIDE_CATABOLIC_PROCESS",0.0674955355549023,0.18439446959348,-0.109591453691867,-0.294901025610071,0.317184389596914,-0.378866782987225
"GOBP_PEPTIDE_METABOLIC_PROCESS",0.0845277143713481,0.187590400404459,-0.0280789710167346,-0.173551298508448,0.0183778557656109,-0.15618500392186
"GOBP_PEPTIDE_TRANSPORT",0.281126467842371,0.0774163687453289,0.112404689764732,-0.127990909940261,-0.197602102316302,-0.143168740824309
"GOBP_PEPTIDYL_AMINO_ACID_MODIFICATION",-0.0531440442160754,-0.138156467611825,-0.142677429003732,0.139656844727099,0.0329225580490878,0.229382228585019
"GOBP_PEPTIDYL_CYSTEINE_MODIFICATION",0.497757968258158,0.344370819535587,0.0282147488534082,-0.481819978130415,-0.363494193754766,-0.0167647881053648
"GOBP_PEPTIDYL_GLUTAMIC_ACID_MODIFICATION",-0.0515186029766539,0.328917356433317,0.117963851359668,0.0738644179248459,-0.423843433776195,0.190023511739753
"GOBP_PEPTIDYL_LYSINE_MODIFICATION",-0.072252359149254,-0.212740385268017,0.077069067320841,0.0345119082088509,0.104894773929668,0.118463665532613
"GOBP_PEPTIDYL_SERINE_MODIFICATION",0.0611922513899851,-0.309552170720601,-0.316321223830634,0.310944574150292,-0.0050416166044927,0.425430156267263
"GOBP_PEPTIDYL_THREONINE_PHOSPHORYLATION",0.106539849488876,-0.128929676511644,0.0187028241843975,-0.00609182111774553,0.0647918871063574,-0.0241514991054962
"GOBP_PEPTIDYL_TYROSINE_DEPHOSPHORYLATION",0.093486040080916,-0.437438269040582,-0.236594037355253,-0.0575330822046306,0.0680644320973582,0.550139296910751
"GOBP_PEPTIDYL_TYROSINE_MODIFICATION",-0.233134209889545,-0.0916172328102018,-0.339916107554097,0.246380232647608,0.13924550287975,0.361380620397421
"GOBP_PERIPHERAL_NERVOUS_SYSTEM_AXON_ENSHEATHMENT",0.407700862509318,0.297093483701899,0.411647572797174,-0.557422897433485,-0.496516788073537,0.0496468395407195
"GOBP_PERIPHERAL_NERVOUS_SYSTEM_DEVELOPMENT",0.184534137189096,0.0259696859327552,0.144216927955784,-0.203923333559031,-0.298846598998269,0.226871857072295
"GOBP_PERK_MEDIATED_UNFOLDED_PROTEIN_RESPONSE",-0.242072923948868,-0.336716789417414,0.192672318971464,-0.0864492747394203,0.311565212532009,0.218185633166356
"GOBP_PEROXISOMAL_TRANSPORT",0.172837874662548,-0.0686887979613672,0.378813472623225,-0.13312861694456,0.0611777320612473,-0.315241119467534
"GOBP_PEROXISOME_ORGANIZATION",0.300304255085115,0.103082969542558,0.333324603279413,-0.260290519745035,-0.142595353268297,-0.335271949956796
"GOBP_PEROXISOME_PROLIFERATOR_ACTIVATED_RECEPTOR_SIGNALING_PATHWAY",0.402317782483779,-0.226993101356617,0.0543502188261367,0.192257960797747,-0.433492008654474,0.18458988025696
"GOBP_PHAGOCYTOSIS",-0.168100876296494,-0.0989550478465262,-0.297871591406137,0.299763264139481,0.262268523681152,0.0101911141994076
"GOBP_PHAGOCYTOSIS_ENGULFMENT",-0.107638328852518,-0.190850613712856,-0.314947066733429,0.27665297784876,0.264048523929949,-0.0162101627143778
"GOBP_PHAGOCYTOSIS_RECOGNITION",-0.301396836893728,-0.152065947791258,-0.23064606760131,0.28764282293534,0.391244159614483,-0.0202957872981451
"GOBP_PHAGOLYSOSOME_ASSEMBLY",-0.214633918337657,-0.0756513565429521,0.337578749800422,0.00227965166800398,0.120007511912648,-0.0715163434812996
"GOBP_PHAGOSOME_MATURATION",-0.222750045010737,-0.202392426511027,0.0882854540258772,0.183650718416281,0.22965730091815,-0.159008159748427
"GOBP_PHARYNGEAL_SYSTEM_DEVELOPMENT",0.337592631707602,0.367485357518875,-0.173225812274158,-0.164355663836196,-0.289530866365491,-0.191418692687526
"GOBP_PHENOL_CONTAINING_COMPOUND_BIOSYNTHETIC_PROCESS",0.084868867781316,0.351239316429757,0.0592818832665049,-0.222797547057741,-0.256071329918647,-0.103459788162677
"GOBP_PHENOL_CONTAINING_COMPOUND_METABOLIC_PROCESS",0.222053375449034,0.194651777741868,0.0145311726857821,-0.138188403817131,-0.202558505408111,-0.0640503767231978
"GOBP_PHOSPHATIDIC_ACID_METABOLIC_PROCESS",0.213663343886852,0.0308520990454613,-0.0372895590686511,-0.147484565836688,0.0637990885024187,-0.182305717912469
"GOBP_PHOSPHATIDYLCHOLINE_BIOSYNTHETIC_PROCESS",0.277657578949262,7.31672640443826e-05,0.630085462663506,-0.458983540096067,-0.196207511144085,-0.369953772472075
"GOBP_PHOSPHATIDYLCHOLINE_METABOLIC_PROCESS",0.250394571505263,0.207797861218798,0.449135951881343,-0.403859741570838,0.0151396905702216,-0.386332899805593
"GOBP_PHOSPHATIDYLETHANOLAMINE_METABOLIC_PROCESS",0.367719561978618,0.0886704913910045,0.488147164015993,-0.279990175876541,-0.28203324519668,-0.40582604821461
"GOBP_PHOSPHATIDYLGLYCEROL_METABOLIC_PROCESS",0.225405522206041,-0.164295101273412,0.0511164332424087,-0.170312596946229,0.19782275049759,-0.202689388366066
"GOBP_PHOSPHATIDYLINOSITOL_3_KINASE_PROTEIN_KINASE_B_SIGNAL_TRANSDUCTION",0.0660693512266316,0.0303434801897649,-0.187928544205696,0.0504308405964439,-0.0781179918206417,0.177020489561561
"GOBP_PHOSPHATIDYLINOSITOL_3_PHOSPHATE_BIOSYNTHETIC_PROCESS",0.389787386164171,0.164570906203195,-0.433029006374941,-0.0389795969474453,-0.282011699455776,-0.100449860628664
"GOBP_PHOSPHATIDYLINOSITOL_BIOSYNTHETIC_PROCESS",0.217723940121548,-0.071053358275373,-0.233786850501274,0.0709769691820791,-0.0991682907175592,0.0628001861908279
"GOBP_PHOSPHATIDYLINOSITOL_DEPHOSPHORYLATION",0.368046937951163,-0.178206281688729,0.0890881818644749,-0.216667268796144,-0.467181856334068,0.252099160694052
"GOBP_PHOSPHATIDYLINOSITOL_MEDIATED_SIGNALING",0.424126713649945,0.0445920772453627,-0.305929649554674,-0.117265126585428,-0.183445342711099,-0.322668970785692
"GOBP_PHOSPHATIDYLINOSITOL_METABOLIC_PROCESS",0.247289358168437,-0.076974068660095,-0.214117828362463,0.0354015260854859,-0.138809355679158,0.0408643734103529
"GOBP_PHOSPHATIDYLINOSITOL_PHOSPHATE_BIOSYNTHETIC_PROCESS",0.407054614086248,-0.0350506898156971,-0.207477697570716,0.0347413113140061,-0.270865298501955,-0.131793687471483
"GOBP_PHOSPHATIDYLSERINE_METABOLIC_PROCESS",0.155370704966979,0.0903319620247667,0.251626353563081,-0.252264280254869,0.220874458539173,-0.379726319077886
"GOBP_PHOSPHOLIPASE_C_ACTIVATING_G_PROTEIN_COUPLED_RECEPTOR_SIGNALING_PATHWAY",0.21282115136904,0.0533571178469523,-0.164837094004707,0.144496487273535,-0.209891867793278,-0.129444672126055
"GOBP_PHOSPHOLIPID_BIOSYNTHETIC_PROCESS",0.226471374229249,0.0506121105326409,0.133610179593678,-0.163050601423327,-0.166376050390438,-0.0887967853346111
"GOBP_PHOSPHOLIPID_CATABOLIC_PROCESS",-0.0716500164134813,0.124611565501527,0.112965818620274,-0.0561811543713229,0.222519502385579,-0.317746732374991
"GOBP_PHOSPHOLIPID_DEPHOSPHORYLATION",0.246657374130582,-0.0647792824419353,0.180821697409338,-0.143367049829501,-0.402866856053533,0.155271499215055
"GOBP_PHOSPHOLIPID_METABOLIC_PROCESS",0.207390245520016,0.0793804975222427,0.193018524995884,-0.185640780906189,-0.14127914892414,-0.159661538995986
"GOBP_PHOSPHOLIPID_TRANSPORT",0.247829151150994,0.0023125920146503,-0.157587372610714,-0.0424855716286008,0.00242674842037915,-0.0636411467111316
"GOBP_PHOTOPERIODISM",0.0340157192797997,-0.315383298600035,-0.0141889712995808,-0.0245730047685946,-0.0772861960857514,0.370049927429292
"GOBP_PHOTORECEPTOR_CELL_DEVELOPMENT",-0.0683370294238968,0.00959048283311059,0.327532384258243,-0.219811660658731,-0.159140012914405,0.168055806115563
"GOBP_PHOTORECEPTOR_CELL_DIFFERENTIATION",0.0247194707910008,-0.0286848160810405,0.28634502741549,-0.121913877868772,-0.242645147310711,0.168697714720649
"GOBP_PHOTORECEPTOR_CELL_MAINTENANCE",0.0915956582059666,0.121009723894227,0.21538724440318,0.0346617697570829,-0.324507273664167,-0.0712224334031888
"GOBP_PHOTOTRANSDUCTION",0.154311887680897,0.101548337285552,-0.0711755005305581,-0.0494649375042343,-0.212084570489755,0.0568680509793474
"GOBP_PHYSIOLOGICAL_CARDIAC_MUSCLE_HYPERTROPHY",0.358478872917351,-0.16678525426101,-0.0590578960327382,0.0182650269583238,-0.0920474744447708,-0.0437216164415802
"GOBP_PIECEMEAL_MICROAUTOPHAGY_OF_THE_NUCLEUS",0.291177556241945,-0.249355924065501,-0.189493927503796,0.03106190425194,-0.494192312048199,0.460267817298051
"GOBP_PIGMENT_BIOSYNTHETIC_PROCESS",0.210968539264663,0.146393195785964,0.326712456302792,-0.179102246706462,-0.193610583908016,-0.448265203008298
"GOBP_PIGMENT_CELL_DIFFERENTIATION",0.134987475214302,0.00319113844831825,-0.112316503260474,-0.036202466189735,-0.0606613075071926,-0.186597336778355
"GOBP_PIGMENT_GRANULE_LOCALIZATION",-0.469892148899262,-0.141226844703795,-0.0218247224370766,0.0817994887858519,0.382082599691724,-0.0301706279517402
"GOBP_PIGMENT_GRANULE_ORGANIZATION",-0.407794670089019,-0.0841364201342971,-0.108835474494017,0.206150465465112,0.306716331635098,-0.0023442311189571
"GOBP_PIGMENT_METABOLIC_PROCESS",0.184028290396398,0.164938750862362,0.295119182627628,-0.0978497776838454,-0.116696808606863,-0.433814151867399
"GOBP_PIGMENTATION",-0.237132585344893,-0.0505610160921852,-0.0907984410443752,0.0746773784652686,0.11613121688167,0.128109495214685
"GOBP_PINOCYTOSIS",0.20554121118703,-0.130634875679693,-0.00752383028599762,-0.0576234899138586,-0.0849064147262862,-0.136171192004846
"GOBP_PITUITARY_GLAND_DEVELOPMENT",-0.133348380972462,0.281745994054401,-0.0630814134932044,-0.208776291455326,-0.0479838576433874,-0.148091589914157
"GOBP_PLACENTA_BLOOD_VESSEL_DEVELOPMENT",0.0593453908073219,-0.0601849709228399,-0.0702137507966419,0.164076439067785,-0.3277680198615,0.370222809507808
"GOBP_PLACENTA_DEVELOPMENT",-0.078141519575383,0.090103842897615,-0.132500566218271,0.22253448840937,-0.119260277340674,0.0217872253963368
"GOBP_PLASMA_LIPOPROTEIN_PARTICLE_CLEARANCE",-0.209715397250269,0.271039454962104,-0.0349636551925207,0.230193552394099,0.150069938141144,-0.294634792926122
"GOBP_PLASMA_MEMBRANE_ORGANIZATION",0.082162251912706,0.154829939662749,0.0844025447501861,-0.192576016137807,-0.190546637382367,0.0253867770560253
"GOBP_PLASMA_MEMBRANE_PHOSPHOLIPID_SCRAMBLING",0.230575576355368,-0.0177426709704645,0.238132327506826,-0.229809880044436,-0.224275983509874,-0.0460084170121442
"GOBP_PLASMA_MEMBRANE_REPAIR",-0.125319046866651,0.1479309789566,0.0636830387478894,-0.138377660547118,0.0431954366977774,-0.125290992386415
"GOBP_PLASMA_MEMBRANE_TUBULATION",-0.0285398609866168,0.0594094501291858,-0.281168149012942,0.187873386580995,-0.256277960356855,0.391656839067604
"GOBP_PLASMINOGEN_ACTIVATION",-0.466942927590006,-0.322461243498775,-0.344299880156073,0.43364414199494,0.481080555187089,0.188196966020927
"GOBP_PLATELET_ACTIVATION",-0.148430131378688,0.0346584088699198,-0.387946729675,0.244760146781458,0.221706116716046,0.0742590209833016
"GOBP_PLATELET_AGGREGATION",-0.249072399835384,-0.0461496668201202,-0.356477751309451,0.224114584041413,0.26199842130393,0.0989751142848862
"GOBP_PLATELET_DENSE_GRANULE_ORGANIZATION",-0.626682117740744,-0.346936451208702,-0.171575241680026,0.5096489921306,0.435319407973094,0.0158834868629139
"GOBP_PLATELET_DERIVED_GROWTH_FACTOR_RECEPTOR_BETA_SIGNALING_PATHWAY",0.27550371620947,0.0576282368194057,-0.242181922590125,0.0289977067317632,-0.228530824784969,0.200626479690548
"GOBP_PLATELET_DERIVED_GROWTH_FACTOR_RECEPTOR_SIGNALING_PATHWAY",0.0801836141470908,-0.0579862417391558,-0.268834989441112,-0.0100729806170989,-0.00192341689859804,0.198978798942167
"GOBP_PLATELET_MORPHOGENESIS",0.256543956125042,-0.167097954943501,-0.439589450182689,0.337283682622356,0.0308065076113525,-0.0170147856220817
"GOBP_POLARIZED_EPITHELIAL_CELL_DIFFERENTIATION",0.211696915967918,-0.0644179566546164,0.14540550574569,-0.193177021317272,-0.302126562840703,0.17045004868251
"GOBP_POLY_A_PLUS_MRNA_EXPORT_FROM_NUCLEUS",-0.351989866567092,-0.470696625239889,-0.159693851788429,0.379283149971183,0.256356038059359,0.218960737934191
"GOBP_POLYAMINE_METABOLIC_PROCESS",0.0312531878686319,0.259629658452468,0.267420009032065,-0.0937850236786096,0.15917312289217,-0.447260458217574
"GOBP_POLYOL_BIOSYNTHETIC_PROCESS",-0.0198710521300109,0.0848368056166964,0.105421746805943,0.00312904653684715,0.0067925004197214,-0.22503814981247
"GOBP_POLYOL_METABOLIC_PROCESS",0.1897765256531,0.154459007392186,0.195069941524709,-0.0862519641126654,-0.157929431806532,-0.292739891440822
"GOBP_POLYSACCHARIDE_BIOSYNTHETIC_PROCESS",0.320245451765684,0.0231633226422645,0.219811388911943,-0.21527286052728,-0.316593453534264,0.0567236476165933
"GOBP_POLYSACCHARIDE_CATABOLIC_PROCESS",0.201780514977428,0.188179929430953,0.244813453020195,-0.287689405076337,-0.0481882163371995,-0.113296400782988
"GOBP_POLYSACCHARIDE_METABOLIC_PROCESS",0.28060541236368,0.115343240043535,0.148638080583406,-0.239683279581241,-0.166775607446897,-0.0552114528507191
"GOBP_PORE_COMPLEX_ASSEMBLY",0.379711886787597,-0.398991627794706,-0.0213561405878535,-0.22498039344594,0.0702209934256184,0.0360560314453962
"GOBP_PORPHYRIN_CONTAINING_COMPOUND_METABOLIC_PROCESS",0.291330836763861,0.0466733745433198,0.407582906447269,-0.14727639694542,-0.0973442602979082,-0.516203222590352
"GOBP_POSITIVE_CHEMOTAXIS",-0.0622206932666707,0.214510248645943,-0.0502272640754385,-0.164311373096074,0.00621150126233205,-0.0544134038621817
"GOBP_POSITIVE_REGULATION_OF_ACTIN_FILAMENT_BUNDLE_ASSEMBLY",0.188630190721213,-0.000880524073533506,-0.0673027692429339,-0.126330120054382,-0.0629389986408224,0.0362376557600606
"GOBP_POSITIVE_REGULATION_OF_ACTIN_FILAMENT_POLYMERIZATION",0.151258253228786,-0.0987302404192029,-0.318268487190105,0.22716996451918,-0.00767871673910586,0.0322350263172523
"GOBP_POSITIVE_REGULATION_OF_ACTIVATED_T_CELL_PROLIFERATION",-0.0910715939872078,-0.189696322731893,0.0478591157758436,0.143229136765596,0.103612145838465,-0.190794160192926
"GOBP_POSITIVE_REGULATION_OF_ADAPTIVE_IMMUNE_RESPONSE",-0.195672354298904,-0.264657162417761,-0.31553734321341,0.450009949819253,0.237660566983665,0.0913502329619881
"GOBP_POSITIVE_REGULATION_OF_ALCOHOL_BIOSYNTHETIC_PROCESS",0.247663016143446,0.287214618299096,0.178831075067397,-0.328099423563093,-0.0211158492577029,-0.333283874408098
"GOBP_POSITIVE_REGULATION_OF_ALPHA_BETA_T_CELL_ACTIVATION",-0.167773060382208,-0.157360422680379,-0.153602462071089,0.447447384020832,0.12590239217476,-0.0838376512692243
"GOBP_POSITIVE_REGULATION_OF_ALPHA_BETA_T_CELL_DIFFERENTIATION",-0.169128106775433,-0.154253581067642,-0.270413422356076,0.495719038816376,0.147899190887876,-0.0386978507764674
"GOBP_POSITIVE_REGULATION_OF_AMIDE_METABOLIC_PROCESS",-0.166674586103733,-0.0343533300216488,-0.142238134251367,-0.0761660750004756,0.168798823154137,0.31560865993136
"GOBP_POSITIVE_REGULATION_OF_AMINE_TRANSPORT",0.325377191871096,-0.24963070741489,0.280454856724491,-0.0709121451464766,-0.290657920030969,-0.0841042229278571
"GOBP_POSITIVE_REGULATION_OF_AMINO_ACID_TRANSPORT",0.375307739806935,-0.204423579329799,0.243184621162405,-0.0834871850887368,-0.351328450896864,-0.108570546214933
"GOBP_POSITIVE_REGULATION_OF_AMYLOID_BETA_FORMATION",-0.341068288340261,0.0834926949138109,-0.400730963374405,0.087985367456946,0.242626514561084,0.444156005029042
"GOBP_POSITIVE_REGULATION_OF_AMYLOID_PRECURSOR_PROTEIN_CATABOLIC_PROCESS",-0.426499662163342,-0.0511576960656441,-0.346106506874726,0.172728551854125,0.340902288921564,0.447520206606863
"GOBP_POSITIVE_REGULATION_OF_ANIMAL_ORGAN_MORPHOGENESIS",-0.0136504686862986,0.345539873007925,-0.42367470181882,0.0736320378631126,-0.245734600407513,0.0636767886901263
"GOBP_POSITIVE_REGULATION_OF_ANTIGEN_RECEPTOR_MEDIATED_SIGNALING_PATHWAY",0.21189357304556,-0.359555919104361,-0.549350983549167,0.465317393544449,0.319321829046005,-0.0844358446060564
"GOBP_POSITIVE_REGULATION_OF_APOPTOTIC_SIGNALING_PATHWAY",-0.261028752071345,-0.09174739574735,-0.15410410995245,0.228931296172091,0.225574058251679,0.161991000056865
"GOBP_POSITIVE_REGULATION_OF_ATP_DEPENDENT_ACTIVITY",-0.313636699039636,-0.201654895845188,0.0910821229590686,-0.106618022050516,0.393891030550276,0.36818091678393
"GOBP_POSITIVE_REGULATION_OF_AUTOPHAGOSOME_ASSEMBLY",0.214029808190721,-0.146042332485373,-0.0912982621906296,-0.170460430840998,-0.352227867520784,0.500674572173477
"GOBP_POSITIVE_REGULATION_OF_AUTOPHAGY",0.224272857558812,-0.0951593810463403,0.247333379167149,-0.0433098180299163,-0.272186456441348,0.00417149031143726
"GOBP_POSITIVE_REGULATION_OF_AUTOPHAGY_OF_MITOCHONDRION",0.18916553615032,0.203753600185312,0.503995233826197,-0.0744149581080945,-0.216241410797549,-0.41480483646309
"GOBP_POSITIVE_REGULATION_OF_AXON_EXTENSION",0.117975588768894,-0.173848918182096,-0.205902067738182,-0.037464399204207,-0.165969369833004,0.24633093372
"GOBP_POSITIVE_REGULATION_OF_AXONOGENESIS",0.0579647508496916,-0.165545155329745,-0.0772960912873968,0.0443179904234375,-0.271672301360028,0.231595003001603
"GOBP_POSITIVE_REGULATION_OF_B_CELL_ACTIVATION",-0.194920972341756,-0.267483819094275,-0.404823038421127,0.394307990351464,0.235180905452872,0.127762686131787
"GOBP_POSITIVE_REGULATION_OF_B_CELL_DIFFERENTIATION",-0.164908760072392,-0.0728405339351949,-0.43071174216876,0.371527357483737,0.236143055134552,0.144236602567269
"GOBP_POSITIVE_REGULATION_OF_B_CELL_MEDIATED_IMMUNITY",-0.265807846869896,-0.216386886465052,-0.497316776746682,0.553683460226802,0.243928356124886,0.145676529879351
"GOBP_POSITIVE_REGULATION_OF_B_CELL_PROLIFERATION",-0.21785830894519,-0.260526768500045,-0.400467670247346,0.354927332646416,0.340849464645217,0.0419744934906527
"GOBP_POSITIVE_REGULATION_OF_BEHAVIOR",0.0392272067478032,-0.212917709336272,0.312384038915379,-0.12891627792922,-0.294764441426286,0.199148290016955
"GOBP_POSITIVE_REGULATION_OF_BINDING",0.129249695891156,-0.0302835835209043,-0.301866640040293,0.196545653606944,-0.140805093760807,0.0513435850253448
"GOBP_POSITIVE_REGULATION_OF_BIOMINERAL_TISSUE_DEVELOPMENT",0.289155986356724,0.195357916851409,0.029704191601322,-0.0751137697771888,-0.375366786626374,-0.189575710101402
"GOBP_POSITIVE_REGULATION_OF_BLOOD_CIRCULATION",0.268502805652274,0.206614966193998,-0.144241561677702,-0.0760328375041108,0.00771747120550992,-0.363471894936191
"GOBP_POSITIVE_REGULATION_OF_BLOOD_PRESSURE",-0.0916118539405507,0.267171842790428,-0.0720633371163061,-0.175951246607349,0.071646210892791,0.120699852231736
"GOBP_POSITIVE_REGULATION_OF_BLOOD_VESSEL_ENDOTHELIAL_CELL_MIGRATION",0.100029751091652,0.0852898600854138,-0.079435337553494,-0.229891983754343,-0.0765294140511781,0.154009377118497
"GOBP_POSITIVE_REGULATION_OF_BMP_SIGNALING_PATHWAY",0.0981506795902263,0.29962745584442,-0.170259215644934,-0.127960733491233,-0.2034353190592,0.0418299055472612
"GOBP_POSITIVE_REGULATION_OF_BONE_MINERALIZATION",0.310441015206864,0.216637772670346,-0.0223698899589469,-0.0871887024124112,-0.405648533720066,-0.174250123917996
"GOBP_POSITIVE_REGULATION_OF_CALCINEURIN_MEDIATED_SIGNALING",0.0143417100952111,-0.240365023678223,-0.342922201149857,-0.0336698706107913,0.220013094527953,0.299793432288645
"GOBP_POSITIVE_REGULATION_OF_CALCIUM_ION_IMPORT",0.32344815222044,-0.109270187635183,-0.253126507995501,-0.272700573298995,0.100808067982334,0.201837704998344
"GOBP_POSITIVE_REGULATION_OF_CALCIUM_ION_TRANSMEMBRANE_TRANSPORT",0.150954746843268,0.209622925864662,-0.143810912364395,-0.217038303311193,-0.100678373362317,-0.0642675034982375
"GOBP_POSITIVE_REGULATION_OF_CALCIUM_ION_TRANSPORT",0.134875029771015,0.0862070565112424,-0.124299740721394,-0.102207807785372,-0.0232325918246168,-0.0152540852231904
"GOBP_POSITIVE_REGULATION_OF_CALCIUM_MEDIATED_SIGNALING",0.0441210604924989,0.0442033537776904,-0.39283908247368,0.0415870408091478,0.293763747988368,-0.0108947875587811
"GOBP_POSITIVE_REGULATION_OF_CANONICAL_NF_KAPPAB_SIGNAL_TRANSDUCTION",-0.120456567592808,-0.105700335389529,-0.22026328375009,0.152160211006525,0.119577672424756,0.170581829943131
"GOBP_POSITIVE_REGULATION_OF_CANONICAL_WNT_SIGNALING_PATHWAY",0.0861760680023562,-0.0351308420827446,-0.153605856198528,-0.0894694424490746,-0.238304354235054,0.258473288203294
"GOBP_POSITIVE_REGULATION_OF_CARBOHYDRATE_METABOLIC_PROCESS",0.159203126676429,-0.059396517532799,0.0831311019944741,-0.105921909286203,-0.275347148798043,0.142561999136285
"GOBP_POSITIVE_REGULATION_OF_CARDIAC_MUSCLE_CELL_PROLIFERATION",0.293974330615004,0.102607566860903,-0.254796502271272,-0.20772087606417,-0.140504799459265,0.209947924607772
"GOBP_POSITIVE_REGULATION_OF_CARTILAGE_DEVELOPMENT",0.204270211872769,0.128265278592388,0.0714062928411897,-0.065296635242389,-0.359989892968362,-0.0560967846666257
"GOBP_POSITIVE_REGULATION_OF_CATABOLIC_PROCESS",0.107116881271613,-0.160732640974608,0.0976071868672675,-0.0491807067468073,-0.0853060034925219,0.0667668670528372
"GOBP_POSITIVE_REGULATION_OF_CATALYTIC_ACTIVITY",-0.0167075261127521,0.0582866482225541,-0.192199709171096,0.0431256116802234,0.0195712889340823,0.109724357993052
"GOBP_POSITIVE_REGULATION_OF_CATION_CHANNEL_ACTIVITY",0.331598792424038,0.221144056702777,0.280097331257011,-0.180732246745342,-0.290089559037792,-0.180296531943155
"GOBP_POSITIVE_REGULATION_OF_CD4_POSITIVE_ALPHA_BETA_T_CELL_ACTIVATION",-0.23052004449519,-0.0301437363729185,-0.0847213633642017,0.393730141143355,0.0242035471942574,0.0326355809303785
"GOBP_POSITIVE_REGULATION_OF_CD4_POSITIVE_ALPHA_BETA_T_CELL_DIFFERENTIATION",-0.326201922330192,-0.0529671712234702,-0.216708266428725,0.536073036085752,0.124034438301339,0.0609066729174473
"GOBP_POSITIVE_REGULATION_OF_CELL_ACTIVATION",-0.127644506616709,-0.172064621391767,-0.345404429495134,0.398973660785414,0.204626787838334,0.0283657222161953
"GOBP_POSITIVE_REGULATION_OF_CELL_ADHESION",-0.0152452994797036,-0.0866438894499036,-0.269567994007417,0.203663831075338,0.049356838141459,0.0574017211191637
"GOBP_POSITIVE_REGULATION_OF_CELL_ADHESION_MEDIATED_BY_INTEGRIN",0.0585509467315969,0.02667217302307,-0.476893331804336,0.485276371258601,0.213224314583412,-0.131397554515537
"GOBP_POSITIVE_REGULATION_OF_CELL_CELL_ADHESION",-0.103869588850972,-0.161897564510097,-0.311119386845386,0.357709382347312,0.117020616501794,0.0584605326526905
"GOBP_POSITIVE_REGULATION_OF_CELL_CYCLE",-0.102750461193319,-0.184886899807477,-0.280973645845012,0.207522783993849,0.285957989267351,0.134021985205583
"GOBP_POSITIVE_REGULATION_OF_CELL_CYCLE_CHECKPOINT",-0.0149146686356149,-0.359660450920636,-0.295253608974902,0.295841158630533,0.328230642051384,-0.011487759745534
"GOBP_POSITIVE_REGULATION_OF_CELL_CYCLE_G1_S_PHASE_TRANSITION",-0.13573366618601,-0.232631375779065,-0.337082505977865,0.211937403308275,0.399538942080765,0.199240511830072
"GOBP_POSITIVE_REGULATION_OF_CELL_CYCLE_G2_M_PHASE_TRANSITION",-0.239415144924228,-0.188121035595014,-0.48117112531124,0.439793024874626,0.395071379955234,0.00060825145020349
"GOBP_POSITIVE_REGULATION_OF_CELL_CYCLE_PHASE_TRANSITION",-0.215206042539351,-0.229348332552456,-0.349251765721716,0.324433671142672,0.412852661041173,0.109863097328781
"GOBP_POSITIVE_REGULATION_OF_CELL_CYCLE_PROCESS",-0.158729980273711,-0.164486736521098,-0.344651214957012,0.293686199469056,0.348838416570772,0.116188633586272
"GOBP_POSITIVE_REGULATION_OF_CELL_DEVELOPMENT",-0.0306573291164902,-0.15200031355662,-0.225443714520755,0.196372915893172,-0.0011962016472622,0.134709212763606
"GOBP_POSITIVE_REGULATION_OF_CELL_DIVISION",-0.122386106450265,0.157221819594019,-0.136494325013244,-0.0427286803793636,0.225420432094568,0.0178274144796885
"GOBP_POSITIVE_REGULATION_OF_CELL_GROWTH",0.111177565543401,-0.199380862498482,-0.137131753113966,-0.0162884598859749,-0.0797324985864928,0.189534415795034
"GOBP_POSITIVE_REGULATION_OF_CELL_JUNCTION_ASSEMBLY",0.0921837832209387,0.254684800589312,0.0947056718807718,-0.282423194425893,-0.316444184513431,0.186547347418104
"GOBP_POSITIVE_REGULATION_OF_CELL_KILLING",-0.0691914070258342,-0.298416865923967,-0.367337682691355,0.529077755064954,0.317459103925568,-0.0490927973814611
"GOBP_POSITIVE_REGULATION_OF_CELL_MATRIX_ADHESION",0.113626963389073,0.197138485285877,-0.13475542292986,-0.184812925000608,-0.0458338933512725,0.0285585988389594
"GOBP_POSITIVE_REGULATION_OF_CELL_MIGRATION_INVOLVED_IN_SPROUTING_ANGIOGENESIS",0.176580433531884,0.16396030810389,-0.207100948276394,-0.0649677982273508,-0.138736018147232,0.0950838335479212
"GOBP_POSITIVE_REGULATION_OF_CELL_MORPHOGENESIS",0.206542941219041,-0.289712207806781,-0.0251209371087553,0.0518436749758077,-0.248274521992753,0.208373538476056
"GOBP_POSITIVE_REGULATION_OF_CELL_PROJECTION_ORGANIZATION",0.174833782055176,-0.0596671999711881,-0.000495427523692665,0.00250989880454433,-0.196687496938091,0.0753820164810567
"GOBP_POSITIVE_REGULATION_OF_CELL_SUBSTRATE_ADHESION",0.0630197445296028,0.137431360189356,-0.183300163163832,-0.0868334147654526,-0.0466506290517745,0.0117521610354794
"GOBP_POSITIVE_REGULATION_OF_CELL_SUBSTRATE_JUNCTION_ORGANIZATION",0.204310702887741,-0.021735859601127,0.0188827342239483,-0.28044216010964,-0.188206478688033,0.242368101298433
"GOBP_POSITIVE_REGULATION_OF_CELLULAR_COMPONENT_BIOGENESIS",0.149169961225348,-0.0590855734777848,-0.0800178594686164,0.0138097329348487,-0.108319515686708,0.103717359370945
"GOBP_POSITIVE_REGULATION_OF_CELLULAR_RESPONSE_TO_INSULIN_STIMULUS",0.254950181587077,-0.320530722841975,0.378219880971365,-0.265922429242486,-0.167371307616118,0.0297916763689823
"GOBP_POSITIVE_REGULATION_OF_CELLULAR_RESPONSE_TO_TRANSFORMING_GROWTH_FACTOR_BETA_STIMULUS",-0.25968854917423,-0.217625855551736,-0.41857431303552,0.104635503965006,0.346512130964069,0.346181879819149
"GOBP_POSITIVE_REGULATION_OF_CHEMOKINE_PRODUCTION",-0.416130836151446,-0.17712831079971,-0.531216786108128,0.511934184832481,0.379799827225655,0.201527417986378
"GOBP_POSITIVE_REGULATION_OF_CHEMOTAXIS",-0.153920376635103,0.14665410782141,-0.207336469316808,-0.0681708927554215,0.177782469698814,0.156151204414353
"GOBP_POSITIVE_REGULATION_OF_CHOLESTEROL_EFFLUX",0.0652428456819676,0.296534619923983,0.169171965009594,0.0759171183573685,-0.000963045548258101,-0.33485419580043
"GOBP_POSITIVE_REGULATION_OF_CHOLESTEROL_METABOLIC_PROCESS",0.353053635428284,0.193764981576621,0.418477212761904,-0.298289864829627,-0.19369096500151,-0.309042234911968
"GOBP_POSITIVE_REGULATION_OF_CHONDROCYTE_DIFFERENTIATION",0.309345795583942,0.167365347177601,0.158558639118698,-0.0200527353795078,-0.339534951599231,-0.262250784660252
"GOBP_POSITIVE_REGULATION_OF_CHROMOSOME_ORGANIZATION",-0.304252085782712,-0.426867878008411,-0.198056079924289,0.346776785812491,0.400731943147476,0.215007574312735
"GOBP_POSITIVE_REGULATION_OF_CHROMOSOME_SEGREGATION",-0.365440621181669,-0.277522109405565,-0.569648408047587,0.360769451606394,0.566205551553174,0.257744600248384
"GOBP_POSITIVE_REGULATION_OF_CHROMOSOME_SEPARATION",-0.3655311033202,-0.225083122681789,-0.475437173511433,0.415534509574962,0.571031387698826,0.0190810987916521
"GOBP_POSITIVE_REGULATION_OF_CILIUM_ASSEMBLY",0.185241594797929,-0.0369331203017862,0.0651907060300912,-0.0512837648298493,-0.0909031699120473,-0.0607386377940607
"GOBP_POSITIVE_REGULATION_OF_COAGULATION",-0.0411582434546344,0.0623163432200729,-0.337701367752083,0.353048050600444,0.168278183759096,-0.101259853019873
"GOBP_POSITIVE_REGULATION_OF_COLD_INDUCED_THERMOGENESIS",0.221795875893654,-0.00151505511147304,0.146942694876214,-0.0339814400449792,-0.114936206745935,-0.215374450077986
"GOBP_POSITIVE_REGULATION_OF_COLLAGEN_METABOLIC_PROCESS",-0.232476003553646,0.580389090730809,-0.459043243930874,-0.0143296172352134,-0.077336792052407,0.107422655306747
"GOBP_POSITIVE_REGULATION_OF_CYTOKINE_PRODUCTION",-0.204508515805699,-0.200083004038905,-0.354547912129533,0.379842615429698,0.272726459480411,0.0977146078482909
"GOBP_POSITIVE_REGULATION_OF_CYTOKINE_PRODUCTION_INVOLVED_IN_IMMUNE_RESPONSE",0.00646843864660357,-0.169355384254969,-0.278911485749224,0.325344268493444,0.152601307351284,-0.0203089763951989
"GOBP_POSITIVE_REGULATION_OF_CYTOKINE_PRODUCTION_INVOLVED_IN_INFLAMMATORY_RESPONSE",-0.339377821237674,-0.461103489661759,-0.629248517524458,0.464934204813439,0.404611680338031,0.562887113221614
"GOBP_POSITIVE_REGULATION_OF_CYTOKINESIS",-0.188730961813474,0.0638238306136512,-0.225307169863334,0.0946675091592468,0.341011347026207,0.119436991264548
"GOBP_POSITIVE_REGULATION_OF_CYTOSKELETON_ORGANIZATION",0.184628123721074,-0.17087787210116,-0.103380269749013,-0.0810632680704483,-0.0177715199790833,0.0804358866886516
"GOBP_POSITIVE_REGULATION_OF_CYTOSOLIC_CALCIUM_ION_CONCENTRATION",0.270621389063786,0.25676388155398,-0.257646723418588,-0.0153858076787833,-0.1410473909087,-0.0235685824114159
"GOBP_POSITIVE_REGULATION_OF_D_GLUCOSE_IMPORT",0.346285848864943,-0.173598137895826,-0.0944302928528473,-0.145340066568258,-0.149741158540394,0.184261176287068
"GOBP_POSITIVE_REGULATION_OF_D_GLUCOSE_TRANSMEMBRANE_TRANSPORT",0.39691202205407,-0.166163127037151,-0.0296725830676027,-0.19330302613625,-0.248591386125087,0.142145850042809
"GOBP_POSITIVE_REGULATION_OF_DEFENSE_RESPONSE",-0.121277371973634,-0.217300622817792,-0.241846960905996,0.321794305471404,0.230670238536567,0.0358516027590406
"GOBP_POSITIVE_REGULATION_OF_DEFENSE_RESPONSE_TO_VIRUS_BY_HOST",0.0765617813954598,-0.259913775393726,-0.143611236678716,0.501007643938742,-0.292988425127617,-0.034284127566813
"GOBP_POSITIVE_REGULATION_OF_DENDRITIC_SPINE_DEVELOPMENT",0.197132476871917,-0.100267969004319,0.0829165753823334,-0.233100906002575,-0.0835316591936312,0.248235242196489
"GOBP_POSITIVE_REGULATION_OF_DENDRITIC_SPINE_MORPHOGENESIS",-0.0427010194394208,-0.401396061870598,0.118255476554382,-0.0166019201661774,0.00281614686028731,0.340517733454294
"GOBP_POSITIVE_REGULATION_OF_DEVELOPMENTAL_GROWTH",0.192309973371037,-0.0965186013348071,-0.0605058400262003,-0.0485573607093698,-0.203156286027844,0.155342980499722
"GOBP_POSITIVE_REGULATION_OF_DNA_BINDING_TRANSCRIPTION_FACTOR_ACTIVITY",-0.0843248071842342,-0.109600469530941,-0.200751551338948,0.233746398165889,0.131748204623891,0.129260480740165
"GOBP_POSITIVE_REGULATION_OF_DNA_BIOSYNTHETIC_PROCESS",-0.341616319650798,-0.345276470230015,-0.389625240695644,0.258874536202649,0.558629768637142,0.281772551621328
"GOBP_POSITIVE_REGULATION_OF_DNA_METABOLIC_PROCESS",-0.248471013861933,-0.315563812261615,-0.181938908280896,0.314685231954646,0.230326907744054,0.225087792052302
"GOBP_POSITIVE_REGULATION_OF_DNA_RECOMBINATION",-0.26723893181583,-0.381334075897386,-0.157618969815348,0.462222185190576,0.161199494780415,0.11033171418881
"GOBP_POSITIVE_REGULATION_OF_DNA_REPAIR",-0.202115561342687,-0.303296392921357,-0.110199531225228,0.294944784663281,0.100060502375714,0.213040427481123
"GOBP_POSITIVE_REGULATION_OF_DNA_REPLICATION",-0.37614441636245,-0.192053398939681,-0.28963957328735,0.207046618622145,0.363918970418649,0.371089232568315
"GOBP_POSITIVE_REGULATION_OF_DNA_TEMPLATED_TRANSCRIPTION_ELONGATION",-0.255910174210965,-0.420774495235982,-0.241037427777313,0.255640971517635,0.191503605789537,0.346639126707805
"GOBP_POSITIVE_REGULATION_OF_DNA_TEMPLATED_TRANSCRIPTION_INITIATION",-0.249666156314341,-0.273502052286889,-0.0893616946487962,0.0187048551319241,0.279374170356592,0.363712225070179
"GOBP_POSITIVE_REGULATION_OF_DOUBLE_STRAND_BREAK_REPAIR",-0.194724406331662,-0.371269096635979,-0.1453146900726,0.298773344232992,0.175618028393938,0.250845092268924
"GOBP_POSITIVE_REGULATION_OF_DOUBLE_STRAND_BREAK_REPAIR_VIA_HOMOLOGOUS_RECOMBINATION",-0.288742530619547,-0.474786182716885,-0.0640597778634427,0.396325587560293,0.248188171416904,0.219827449964638
"GOBP_POSITIVE_REGULATION_OF_ENDOCYTOSIS",0.0478139290004648,-0.00692558805226029,-0.154617889739946,0.16855369854542,0.0166041265794713,-0.0579743636677864
"GOBP_POSITIVE_REGULATION_OF_ENDOTHELIAL_CELL_APOPTOTIC_PROCESS",-0.239488601673458,0.0274408967019583,-0.497364164427184,0.310755404337146,0.0472471812361387,0.259760326612267
"GOBP_POSITIVE_REGULATION_OF_ENDOTHELIAL_CELL_MIGRATION",0.0199674868950539,0.193477598885501,-0.044212845756062,-0.0804410708473832,-0.0748716782854552,-0.0296361459609567
"GOBP_POSITIVE_REGULATION_OF_ENDOTHELIAL_CELL_PROLIFERATION",0.0588396409947039,0.271262013145212,-0.00349953407723463,-0.111460385161857,-0.0838533038795368,-0.139851012677357
"GOBP_POSITIVE_REGULATION_OF_EPIDERMIS_DEVELOPMENT",0.0550497573149757,0.300469708601617,-0.316048851911972,0.350706932143557,-0.293398930748498,-0.195797723121829
"GOBP_POSITIVE_REGULATION_OF_EPITHELIAL_CELL_DIFFERENTIATION",0.0956532638903368,0.0662697522831487,-0.369095110774645,0.13817268740529,-0.188105023743969,0.0623257632947056
"GOBP_POSITIVE_REGULATION_OF_EPITHELIAL_CELL_MIGRATION",0.217783088881395,-0.108638120998902,-0.154747965028355,-0.0670892482235434,-0.281899631129686,0.230713262518315
"GOBP_POSITIVE_REGULATION_OF_EPITHELIAL_CELL_PROLIFERATION",0.014420070406828,0.147330703774693,-0.11139658746646,0.000459773887770298,-0.0888280798324309,-0.0349252980088177
"GOBP_POSITIVE_REGULATION_OF_EPITHELIAL_TO_MESENCHYMAL_TRANSITION",-0.21346223815886,0.176580706136642,-0.34527781134626,0.27420827392297,0.036766776298128,0.207705316338165
"GOBP_POSITIVE_REGULATION_OF_ERAD_PATHWAY",-0.154523143168732,-0.230023334374493,0.381079404216723,-0.190713299185134,0.0737320750352947,-0.0688791461546813
"GOBP_POSITIVE_REGULATION_OF_ERBB_SIGNALING_PATHWAY",0.163051051961365,-0.219791577321223,-0.293252629138947,0.361359793305511,-0.00466181315623027,-0.142668298293461
"GOBP_POSITIVE_REGULATION_OF_ERK1_AND_ERK2_CASCADE",-0.0658251016833379,0.0882727168147479,-0.228346503850152,0.0462129561664474,0.0974693041763667,0.100402341450051
"GOBP_POSITIVE_REGULATION_OF_ERYTHROCYTE_DIFFERENTIATION",0.20304946866158,-0.366914410363927,-0.287191980957965,0.0770891118478394,-0.0968769869233881,0.209224143669072
"GOBP_POSITIVE_REGULATION_OF_ESTABLISHMENT_OF_PROTEIN_LOCALIZATION",0.132515466172629,-0.113593310145574,-0.00890646298014755,-0.0356574080263611,-0.0280521501644102,0.071006679041148
"GOBP_POSITIVE_REGULATION_OF_ESTABLISHMENT_OF_PROTEIN_LOCALIZATION_TO_MITOCHONDRION",0.178593754831541,-0.179225965187162,0.282931897647447,-0.209526749725141,-0.253170469967662,0.0620950183228963
"GOBP_POSITIVE_REGULATION_OF_EXCITATORY_POSTSYNAPTIC_POTENTIAL",0.274598669018005,-0.0543421487905471,0.142621854009951,0.0191617743632216,-0.483145465667955,0.0962446793108087
"GOBP_POSITIVE_REGULATION_OF_EXECUTION_PHASE_OF_APOPTOSIS",-0.263810102853617,0.139421229508088,-0.364769875467151,0.308232025847376,-0.0284506799184744,0.197068717148945
"GOBP_POSITIVE_REGULATION_OF_EXOCYTOSIS",-0.0195300456421003,0.118942199149272,-0.12647474460766,-0.015233107462355,0.189804838916552,-0.0354907302629942
"GOBP_POSITIVE_REGULATION_OF_EXTRACELLULAR_MATRIX_ORGANIZATION",0.0631651062258131,-0.397818985184979,-0.231636353205003,0.256217841216033,0.00912800004527164,0.227023061569354
"GOBP_POSITIVE_REGULATION_OF_EXTRINSIC_APOPTOTIC_SIGNALING_PATHWAY",-0.194331910842938,-0.00839151563248164,-0.219992645216727,0.24286281244359,0.189824210620913,0.0966531511459248
"GOBP_POSITIVE_REGULATION_OF_FAT_CELL_DIFFERENTIATION",-0.0318379711385284,0.0252163934433827,-0.162750796960864,0.109951233475577,0.0492788616774807,0.101163580156337
"GOBP_POSITIVE_REGULATION_OF_FATTY_ACID_BIOSYNTHETIC_PROCESS",0.265986380715484,0.02394641325221,0.231831145597968,-0.0902816205854536,-0.132648042862641,-0.214502996888241
"GOBP_POSITIVE_REGULATION_OF_FATTY_ACID_METABOLIC_PROCESS",0.302833874262668,0.03618905054263,0.246936449012482,-0.08878049844842,-0.255897003429056,-0.116377941636204
"GOBP_POSITIVE_REGULATION_OF_FIBROBLAST_PROLIFERATION",-0.285125341684311,0.197982557213672,-0.234143987338938,0.202604911989265,0.144745283410023,0.123459852933153
"GOBP_POSITIVE_REGULATION_OF_FILOPODIUM_ASSEMBLY",0.338434588698178,0.346072607442139,0.0603191421917484,-0.169657049182519,-0.0888351228727813,-0.267992165039735
"GOBP_POSITIVE_REGULATION_OF_FOCAL_ADHESION_ASSEMBLY",0.13672501244029,-0.00626536067769135,-0.0144367268837293,-0.237459987900352,-0.121441978991858,0.315976277634199
"GOBP_POSITIVE_REGULATION_OF_G_PROTEIN_COUPLED_RECEPTOR_SIGNALING_PATHWAY",0.187412153501046,0.0959202471732301,0.085428860929419,-0.115041498747478,-0.27392188787553,0.0310432493955803
"GOBP_POSITIVE_REGULATION_OF_G1_S_TRANSITION_OF_MITOTIC_CELL_CYCLE",-0.151470241966548,-0.276242241613258,-0.360313109327061,0.141991792602224,0.429698180354139,0.291854458557287
"GOBP_POSITIVE_REGULATION_OF_GENE_EXPRESSION_EPIGENETIC",0.0160606293977982,-0.263483661155811,-0.163006324812935,0.251801585727683,-0.0908587258476012,0.186646389721447
"GOBP_POSITIVE_REGULATION_OF_GLIAL_CELL_DIFFERENTIATION",-0.171239826378478,-0.0937700761123055,-0.303718224438568,-0.181309363789146,0.259949842339269,0.37948918848693
"GOBP_POSITIVE_REGULATION_OF_GLIOGENESIS",-0.142420953342741,-0.0999972591502675,-0.22656370165772,-0.0832256542368784,0.22285691144472,0.248075254377614
"GOBP_POSITIVE_REGULATION_OF_GLUCONEOGENESIS",-0.00220763951681086,-0.238682506900116,0.259954679913699,-0.0787254758400217,-0.160227019375252,0.245337426897956
"GOBP_POSITIVE_REGULATION_OF_GLUCOSE_METABOLIC_PROCESS",0.121823712040556,-0.0463247714409397,0.0526161194372226,-0.0858816059761514,-0.22254367514369,0.18470505884858
"GOBP_POSITIVE_REGULATION_OF_GLYCOPROTEIN_BIOSYNTHETIC_PROCESS",-0.176512909762669,0.267910212756018,-0.0318218521234833,0.287838059376663,0.0837969027229925,-0.264003535475015
"GOBP_POSITIVE_REGULATION_OF_GLYCOPROTEIN_METABOLIC_PROCESS",-0.255985122292506,0.239711539098376,-0.0297235035419006,0.267841091455007,0.176310138325581,-0.247759512633019
"GOBP_POSITIVE_REGULATION_OF_GRANULOCYTE_CHEMOTAXIS",0.106244043027211,0.00323344058625211,-0.220722996742036,0.18407829438082,0.166506047474686,-0.219044850672914
"GOBP_POSITIVE_REGULATION_OF_GROWTH",0.138125631282777,-0.137501187893789,-0.0862449980707153,-0.031508893965288,-0.0955983625715361,0.137485245270601
"GOBP_POSITIVE_REGULATION_OF_GTPASE_ACTIVITY",0.315779827744701,0.030175693776806,-0.139602818848498,-0.0558378961617333,-0.298373111160498,0.0573942467031202
"GOBP_POSITIVE_REGULATION_OF_HEART_GROWTH",0.417741437817516,0.00899176428826073,-0.209138261716015,-0.219299166384732,-0.106116123109777,0.100659896162078
"GOBP_POSITIVE_REGULATION_OF_HEART_RATE",0.377534676286354,0.284357310231021,-0.469772897891739,-0.0751767165062187,0.112236567993328,-0.186361438013864
"GOBP_POSITIVE_REGULATION_OF_HEMOPOIESIS",-0.110108964706509,-0.159827802555458,-0.322517973637697,0.351186655981113,0.137254777097539,0.111657198441333
"GOBP_POSITIVE_REGULATION_OF_HORMONE_SECRETION",0.306639605248168,0.316032331863791,0.234810308187016,-0.307491319063819,-0.294591129040746,-0.164157278529754
"GOBP_POSITIVE_REGULATION_OF_HYDROLASE_ACTIVITY",0.263759514445366,0.146908866121761,-0.152276267176329,-0.136880502110494,-0.253291869008265,0.0229541108060516
"GOBP_POSITIVE_REGULATION_OF_IMMUNE_EFFECTOR_PROCESS",-0.119642769080081,-0.211573662844797,-0.316577047690507,0.437923064447578,0.198341666030298,0.00186226344615698
"GOBP_POSITIVE_REGULATION_OF_IMMUNOGLOBULIN_PRODUCTION",-0.240627729154374,-0.176027540416363,-0.31564221356813,0.433701141318577,0.150667005190032,0.0157092900414459
"GOBP_POSITIVE_REGULATION_OF_INFLAMMASOME_MEDIATED_SIGNALING_PATHWAY",0.0505048520089683,-0.450901177080624,-0.44685335202184,0.332929302117283,0.0415578862785265,0.464725421090676
"GOBP_POSITIVE_REGULATION_OF_INFLAMMATORY_RESPONSE",-0.263129421304798,-0.168911856698771,-0.278582630550159,0.321981348212104,0.276472976606767,0.134534297477517
"GOBP_POSITIVE_REGULATION_OF_INSULIN_SECRETION",0.311156228841441,0.260805075441121,0.241184936211525,-0.281137795749266,-0.268856954218738,-0.186224736849402
"GOBP_POSITIVE_REGULATION_OF_INSULIN_SECRETION_INVOLVED_IN_CELLULAR_RESPONSE_TO_GLUCOSE_STIMULUS",0.32676646526572,0.295635684472478,0.361882182355661,-0.348449755432942,-0.442035742311348,-0.248067054734709
"GOBP_POSITIVE_REGULATION_OF_INTERFERON_ALPHA_PRODUCTION",-0.159188196858417,-0.409997168663482,-0.575194141149062,0.497291862912427,0.186630307369019,0.403688683424605
"GOBP_POSITIVE_REGULATION_OF_INTERFERON_BETA_PRODUCTION",-0.0661237668605778,-0.309939173248698,-0.327844008003479,0.396182880806735,0.109961888795392,0.202582189958797
"GOBP_POSITIVE_REGULATION_OF_INTERLEUKIN_1_PRODUCTION",-0.417992770400558,-0.131922492491208,-0.311293035267785,0.482140470683131,0.180378818333841,0.191435692468429
"GOBP_POSITIVE_REGULATION_OF_INTERLEUKIN_10_PRODUCTION",-0.399391913299815,-0.0860121508063875,-0.310944303789097,0.585505824542257,0.31895168664029,-0.041291595120125
"GOBP_POSITIVE_REGULATION_OF_INTERLEUKIN_12_PRODUCTION",-0.350089424646259,-0.179112698570267,-0.376036581281473,0.423561128294112,0.455503516634361,-0.115982915666675
"GOBP_POSITIVE_REGULATION_OF_INTERLEUKIN_17_PRODUCTION",-0.196505111456024,-0.214859954387667,0.207054359521257,0.407175332174488,-0.0252286460505118,-0.130548051871188
"GOBP_POSITIVE_REGULATION_OF_INTERLEUKIN_2_PRODUCTION",-0.276388734047651,-0.217241180716667,-0.345445532061453,0.295054086234053,0.410090863341108,-0.096130102693665
"GOBP_POSITIVE_REGULATION_OF_INTERLEUKIN_4_PRODUCTION",-0.25237829531484,-0.22557197445487,-0.116442790267679,0.513209461812145,0.122022510931085,-0.253411467916715
"GOBP_POSITIVE_REGULATION_OF_INTERLEUKIN_6_PRODUCTION",-0.278542183162258,-0.194570184350829,-0.525683113275903,0.52326817971857,0.36092260356061,0.124101297655434
"GOBP_POSITIVE_REGULATION_OF_INTERLEUKIN_8_PRODUCTION",-0.351048242435099,-0.138595346236512,-0.486450510515303,0.473239662616723,0.386576163669862,0.139852315085944
"GOBP_POSITIVE_REGULATION_OF_INTRACELLULAR_PROTEIN_TRANSPORT",0.0382291926876868,-0.221428128233359,-0.195255176600795,0.124812268066842,0.208512362830562,0.096946675366748
"GOBP_POSITIVE_REGULATION_OF_INTRACELLULAR_TRANSPORT",0.0342857929186014,-0.200659131491249,-0.124399378794132,0.0289770998202176,0.10052270210642,0.159154553327575
"GOBP_POSITIVE_REGULATION_OF_INTRINSIC_APOPTOTIC_SIGNALING_PATHWAY",-0.240970301777684,-0.222135920775103,0.0165926549309671,0.115750064420621,0.267293365266338,0.191297030559891
"GOBP_POSITIVE_REGULATION_OF_ISOTYPE_SWITCHING",-0.24570804906574,-0.25074351299552,-0.407994996966755,0.537873015041535,0.143508922789052,0.0603949947324014
"GOBP_POSITIVE_REGULATION_OF_JNK_CASCADE",0.218567417206923,0.0597367086718953,-0.251127042388179,0.221184940025491,-0.246053695612303,-0.0778663292988253
"GOBP_POSITIVE_REGULATION_OF_KINASE_ACTIVITY",-0.0932332379687127,-0.116123092551713,-0.288704034349182,0.195530176763091,0.133736128714449,0.207545222446343
"GOBP_POSITIVE_REGULATION_OF_LAMELLIPODIUM_ASSEMBLY",0.335483875890399,-0.167916271741656,0.108868120041926,-0.160770261576652,0.0448318399092531,-0.130114615297449
"GOBP_POSITIVE_REGULATION_OF_LAMELLIPODIUM_ORGANIZATION",0.282905956829211,-0.163134311205186,0.0549847536032225,-0.049612638122542,0.0604877342129723,-0.136150649653216
"GOBP_POSITIVE_REGULATION_OF_LEUKOCYTE_ADHESION_TO_VASCULAR_ENDOTHELIAL_CELL",-0.326381796569433,0.0906630902374551,-0.517215463822505,0.241356871239834,0.187419901368438,0.518391171423026
"GOBP_POSITIVE_REGULATION_OF_LEUKOCYTE_APOPTOTIC_PROCESS",0.0474562839457785,-0.35841229576205,-0.352264879043532,0.41454641653403,0.01725439873652,0.114920384404893
"GOBP_POSITIVE_REGULATION_OF_LEUKOCYTE_CELL_CELL_ADHESION",-0.0922031342225783,-0.19998310418936,-0.306209578376383,0.384217133381006,0.14359502195134,0.03006065288825
"GOBP_POSITIVE_REGULATION_OF_LEUKOCYTE_CHEMOTAXIS",-0.172265495557082,0.0285043954532472,-0.25148669287696,0.0792559483908691,0.217401557458121,0.141388006519387
"GOBP_POSITIVE_REGULATION_OF_LEUKOCYTE_DEGRANULATION",-0.137436407153175,-0.0322945252697625,-0.354648299944931,0.421258235358853,0.232984380121504,-0.0911694253890597
"GOBP_POSITIVE_REGULATION_OF_LEUKOCYTE_MEDIATED_IMMUNITY",-0.100779131058416,-0.292416176711665,-0.322133614221454,0.468870656575585,0.21704803083124,0.0258021478285882
"GOBP_POSITIVE_REGULATION_OF_LEUKOCYTE_MIGRATION",-0.19619944920577,0.015990577164638,-0.335070635722242,0.16312350878579,0.304978497992144,0.0627784039666617
"GOBP_POSITIVE_REGULATION_OF_LEUKOCYTE_PROLIFERATION",-0.162377969433772,-0.148839821527881,-0.306130737604059,0.337409528246612,0.270364106301448,-0.0707074436291228
"GOBP_POSITIVE_REGULATION_OF_LIPID_BIOSYNTHETIC_PROCESS",0.185872774827585,0.147407005428038,0.262110159275108,-0.202079740110325,-0.0551671791969713,-0.191642811895378
"GOBP_POSITIVE_REGULATION_OF_LIPID_CATABOLIC_PROCESS",0.115060041255416,-0.0191581138507088,0.00563036904853204,-0.0404721569033308,0.16276979182714,-0.194117125150016
"GOBP_POSITIVE_REGULATION_OF_LIPID_LOCALIZATION",0.107868397839463,0.208625540937232,-0.0299110531859829,0.0276777671432918,0.0625820983084931,-0.268829108882976
"GOBP_POSITIVE_REGULATION_OF_LIPID_METABOLIC_PROCESS",0.231273711080002,0.154522626345268,0.243333076974739,-0.209489596501793,-0.0863189510258977,-0.165844690267091
"GOBP_POSITIVE_REGULATION_OF_LIPID_TRANSPORT",0.138602584036998,0.277472436241162,0.00197672363106871,-0.0929058230464204,-0.0190614229178941,-0.264883594148172
"GOBP_POSITIVE_REGULATION_OF_LOCOMOTION",-0.046449810224055,0.0471894203676059,-0.245795315121246,0.0718496311036071,0.0403538484598309,0.117255505406765
"GOBP_POSITIVE_REGULATION_OF_LONG_TERM_SYNAPTIC_POTENTIATION",0.139235586488846,-0.0530852741639754,-0.0234060780159238,-0.188252913218912,-0.134072402510235,0.346341985207173
"GOBP_POSITIVE_REGULATION_OF_LYMPHOCYTE_DIFFERENTIATION",-0.123663112876332,-0.19203820855429,-0.254690839782519,0.392549158766609,0.061146521103874,0.136356963826365
"GOBP_POSITIVE_REGULATION_OF_LYMPHOCYTE_MIGRATION",-0.0859833931170834,0.0822556929242841,-0.412117034230421,0.267686798015278,0.17003638635924,-0.00621215597945837
"GOBP_POSITIVE_REGULATION_OF_MACROAUTOPHAGY",0.256683852610826,-0.03846256386428,0.285705215301653,-0.148782574377021,-0.265320297064045,-0.0396716252618328
"GOBP_POSITIVE_REGULATION_OF_MACROPHAGE_ACTIVATION",-0.489558683197239,-0.371235500151104,-0.441867971337175,0.579231077720393,0.443887207179964,0.188042587693822
"GOBP_POSITIVE_REGULATION_OF_MACROPHAGE_CHEMOTAXIS",-0.309255278326055,-0.133798335310443,-0.404156469823561,0.0827366494448106,0.229144098275371,0.488167777737952
"GOBP_POSITIVE_REGULATION_OF_MACROPHAGE_DIFFERENTIATION",-0.125042347269575,0.0689567205764492,-0.495800153877302,0.0857451629101038,0.293921440503072,0.324562646015397
"GOBP_POSITIVE_REGULATION_OF_MACROPHAGE_MIGRATION",-0.303231101545102,-0.150720673079213,-0.363188536368187,0.205181759552641,0.407743995761714,0.320465862443746
"GOBP_POSITIVE_REGULATION_OF_MAP_KINASE_ACTIVITY",0.200547347451455,0.0555622929250396,-0.326404135826529,0.148265684428819,-0.326008793352674,0.216946326737126
"GOBP_POSITIVE_REGULATION_OF_MAPK_CASCADE",0.0355555695695799,0.0966046011458538,-0.256728749204829,0.0867245723691276,-0.0372695847310787,0.0525313326252472
"GOBP_POSITIVE_REGULATION_OF_MEIOTIC_CELL_CYCLE",0.228713995991306,0.263667410576043,0.138011017939719,0.200671870559626,-0.41527991308628,-0.344024104146654
"GOBP_POSITIVE_REGULATION_OF_MEMBRANE_PERMEABILITY",0.0976185958474912,0.0649815470643155,0.166138595609099,0.0871219765000522,-0.0490894815554035,-0.36805824251034
"GOBP_POSITIVE_REGULATION_OF_MESENCHYMAL_CELL_PROLIFERATION",0.179338426420062,0.410394510748496,0.0362557402937947,-0.238730124689917,-0.444652330402069,0.0159167249553757
"GOBP_POSITIVE_REGULATION_OF_METAPHASE_ANAPHASE_TRANSITION_OF_CELL_CYCLE",-0.304037431443872,-0.177027115568969,-0.230322313325936,0.269294967769391,0.54857779411537,0.021823700623667
"GOBP_POSITIVE_REGULATION_OF_MICROTUBULE_POLYMERIZATION_OR_DEPOLYMERIZATION",0.287194386102879,-0.311737856674108,0.0384686382678046,-0.223009512816558,-0.00294777133465041,0.138274138298109
"GOBP_POSITIVE_REGULATION_OF_MIRNA_METABOLIC_PROCESS",0.0845722966354451,-0.187478147939107,0.0444340703496396,-0.135194627591887,-0.0477535280293595,0.225531122378611
"GOBP_POSITIVE_REGULATION_OF_MITOCHONDRIAL_FISSION",0.38007686730531,-0.118672720030775,0.445990483582489,-0.255298441760002,-0.367203503499508,-0.187455775096339
"GOBP_POSITIVE_REGULATION_OF_MITOCHONDRIAL_MEMBRANE_PERMEABILITY",0.0718462579874883,0.0692285345184925,0.127754532311132,0.138422886292135,-0.0458958658416285,-0.357570568225464
"GOBP_POSITIVE_REGULATION_OF_MITOCHONDRIAL_TRANSLATION",-0.00878633782714017,-0.278872217758059,0.296106405025116,-0.164940117188445,0.509706531085264,-0.166603522094488
"GOBP_POSITIVE_REGULATION_OF_MITOTIC_CELL_CYCLE",-0.082188609646817,-0.177776063915813,-0.242058707491855,0.200345776792262,0.290631462902546,0.132251244124401
"GOBP_POSITIVE_REGULATION_OF_MITOTIC_CELL_CYCLE_PHASE_TRANSITION",-0.219255656547888,-0.246732155437832,-0.382640860728279,0.299851767015956,0.439736199262382,0.171233667681773
"GOBP_POSITIVE_REGULATION_OF_MITOTIC_NUCLEAR_DIVISION",-0.0496191394877881,0.0800885109152017,-0.209666507730335,0.144692470236397,0.359126834538029,-0.219736093563767
"GOBP_POSITIVE_REGULATION_OF_MITOTIC_SISTER_CHROMATID_SEPARATION",-0.386283366060948,-0.193088519372213,-0.391739252541026,0.37660984139661,0.610472054123763,0.0589554476806863
"GOBP_POSITIVE_REGULATION_OF_MOLECULAR_FUNCTION",0.00223776130337228,0.0171044644729823,-0.167454641028044,0.0917040419035919,0.0171989694914682,0.0944063259514771
"GOBP_POSITIVE_REGULATION_OF_MONOATOMIC_ION_TRANSMEMBRANE_TRANSPORT",0.252026596794478,0.299722609441644,0.0155932114582812,-0.218035976534575,-0.246130633873037,-0.0795542400126616
"GOBP_POSITIVE_REGULATION_OF_MONOATOMIC_ION_TRANSPORT",0.216670042754638,0.169359566882146,-0.000746975695831764,-0.153724916391652,-0.131608561764552,-0.0862367912404119
"GOBP_POSITIVE_REGULATION_OF_MONONUCLEAR_CELL_MIGRATION",-0.269593659414199,-0.00964019414935005,-0.339663524713025,0.178166524067225,0.320280713784746,0.0792822850875314
"GOBP_POSITIVE_REGULATION_OF_MORPHOGENESIS_OF_AN_EPITHELIUM",-0.173385777407442,0.256245317340267,-0.0164949736065455,0.214186438937083,-0.19442845691911,-0.10610731833431
"GOBP_POSITIVE_REGULATION_OF_MRNA_METABOLIC_PROCESS",-0.00680356026240247,-0.355492623487305,-0.287106960510984,0.123616615320015,0.169620785334778,0.401516082418569
"GOBP_POSITIVE_REGULATION_OF_MRNA_PROCESSING",-0.416340631111999,-0.476808968226836,-0.295277216000234,0.484853186772131,0.552077119726215,0.1018521250533
"GOBP_POSITIVE_REGULATION_OF_MRNA_SPLICING_VIA_SPLICEOSOME",-0.442357901128027,-0.53686503140128,-0.171801093356396,0.554528493508117,0.53520404353183,-0.0645003405489514
"GOBP_POSITIVE_REGULATION_OF_MULTICELLULAR_ORGANISM_GROWTH",0.128665003511719,-0.0381579027714055,0.0601590616050005,-0.0916819252532224,-0.128810879250791,-0.0682486058986464
"GOBP_POSITIVE_REGULATION_OF_MUSCLE_CELL_APOPTOTIC_PROCESS",-0.0326133689860245,-0.210138641986901,0.287717908513178,0.0570507095374417,-0.124724337167348,-0.131869901174966
"GOBP_POSITIVE_REGULATION_OF_MUSCLE_CELL_DIFFERENTIATION",0.0630821158571877,0.254646002062154,-0.142752879744743,-0.0173972323694072,-0.195346894129613,-0.0206735236891106
"GOBP_POSITIVE_REGULATION_OF_MUSCLE_CONTRACTION",0.253437767429387,0.17957024819964,0.0744250518781,-0.133161449310455,-0.22838113726531,-0.106347983658936
"GOBP_POSITIVE_REGULATION_OF_MUSCLE_HYPERTROPHY",0.324135370738962,0.0193912477573539,-0.235233116733109,-0.339403816281485,0.0123616899012448,0.358517065818091
"GOBP_POSITIVE_REGULATION_OF_MUSCLE_ORGAN_DEVELOPMENT",0.0763885429345846,0.208186497673243,0.264747411233312,-0.120282336976372,-0.357697398770774,-0.153661479640493
"GOBP_POSITIVE_REGULATION_OF_MYELINATION",0.33142964272788,-0.105684900298354,0.00579067250610726,-0.2236961752115,-0.248707359164171,0.177615400047978
"GOBP_POSITIVE_REGULATION_OF_MYELOID_CELL_DIFFERENTIATION",0.0839076196643749,-0.113331449451253,-0.347528155340374,0.188317566701217,0.0686952274032444,0.14604235304422
"GOBP_POSITIVE_REGULATION_OF_MYELOID_LEUKOCYTE_CYTOKINE_PRODUCTION_INVOLVED_IN_IMMUNE_RESPONSE",-0.00613352233161174,-0.286284644680327,-0.430819392779059,0.404231226899686,0.183680085469103,0.231790607476442
"GOBP_POSITIVE_REGULATION_OF_MYELOID_LEUKOCYTE_DIFFERENTIATION",-0.0327406185972706,-0.0331397340691539,-0.429550552187902,0.230423968773187,0.226568383979332,0.0528271941879365
"GOBP_POSITIVE_REGULATION_OF_MYELOID_LEUKOCYTE_MEDIATED_IMMUNITY",-0.316550600741302,-0.269092688031136,-0.478612068991477,0.541491784348771,0.386668491974436,0.42588739900253
"GOBP_POSITIVE_REGULATION_OF_MYOBLAST_DIFFERENTIATION",0.327714532710096,-0.140126816859239,0.112191941684751,0.0950413806839614,-0.273415919854652,-0.0603425144908313
"GOBP_POSITIVE_REGULATION_OF_NATURAL_KILLER_CELL_ACTIVATION",0.016732079321878,-0.0668489934962424,0.147926361064656,0.190606320332654,-0.208369572688724,-0.248941943645751
"GOBP_POSITIVE_REGULATION_OF_NATURAL_KILLER_CELL_MEDIATED_CYTOTOXICITY",0.274291789495553,-0.346087959402018,-0.379969368055701,0.465659335900054,-0.126594073187207,-0.0363489742272587
"GOBP_POSITIVE_REGULATION_OF_NATURAL_KILLER_CELL_MEDIATED_IMMUNITY",0.261138977955489,-0.34141700314737,-0.426219469722585,0.508541305791393,-0.132252586559511,-0.0973297245955104
"GOBP_POSITIVE_REGULATION_OF_NERVOUS_SYSTEM_DEVELOPMENT",0.00920557645262904,-0.0739732953615519,-0.0795576091016814,-0.02533632912028,-0.176958062014597,0.238886265497604
"GOBP_POSITIVE_REGULATION_OF_NERVOUS_SYSTEM_PROCESS",0.370034465854096,0.147577227295325,-0.0744027536422107,-0.231209656154951,-0.343285801296855,0.0680709821105836
"GOBP_POSITIVE_REGULATION_OF_NEURAL_PRECURSOR_CELL_PROLIFERATION",-0.0352229441364073,-0.210807565076993,0.0463793991443446,0.166284434384228,-0.182313696628331,0.0735207986629607
"GOBP_POSITIVE_REGULATION_OF_NEUROBLAST_PROLIFERATION",-0.0212774349742872,-0.0479256566035323,-0.178153162705568,0.213310807426986,-0.27884346516634,0.20053373998324
"GOBP_POSITIVE_REGULATION_OF_NEUROGENESIS",-0.0061880005060172,-0.174245083321018,-0.131310038531175,0.0330839700389859,-0.0967291209720142,0.238476838830793
"GOBP_POSITIVE_REGULATION_OF_NEURON_APOPTOTIC_PROCESS",-0.0178558034709449,-0.0431861900126584,-0.0543486730140713,-0.033802009649487,-0.111611801323997,0.142129156370887
"GOBP_POSITIVE_REGULATION_OF_NEURON_DIFFERENTIATION",0.0640460276565183,0.156488249571444,-0.186940281868378,-0.0515648088692222,-0.143300763284115,0.172494170102695
"GOBP_POSITIVE_REGULATION_OF_NEURON_PROJECTION_DEVELOPMENT",0.111505586211446,-0.0815739799703696,0.000256195152540606,-0.0415695206330428,-0.237464812851535,0.165804267776054
"GOBP_POSITIVE_REGULATION_OF_NEUROTRANSMITTER_SECRETION",-0.0555587727402332,-0.0921843046531028,0.227303989902284,-0.00467852699115157,-0.237448943267618,-0.0740592629310791
"GOBP_POSITIVE_REGULATION_OF_NEUROTRANSMITTER_TRANSPORT",-0.00474473254957508,-0.18698792183997,0.154909786976705,0.0368967160776476,-0.293278632860303,0.115657309374681
"GOBP_POSITIVE_REGULATION_OF_NEUTROPHIL_MIGRATION",0.02095713744037,-0.0844675149579744,-0.226685401464298,0.239773093218059,0.327795876369121,-0.217458048564322
"GOBP_POSITIVE_REGULATION_OF_NF_KAPPAB_TRANSCRIPTION_FACTOR_ACTIVITY",-0.0920970780019316,-0.0648031355567046,-0.265922451320737,0.276671103809553,0.115786827537388,0.0872528727097218
"GOBP_POSITIVE_REGULATION_OF_NITRIC_OXIDE_BIOSYNTHETIC_PROCESS",-0.0432932148465079,-0.181418628595429,-0.324950139465743,0.101203154774815,0.251307933573999,0.086826573906188
"GOBP_POSITIVE_REGULATION_OF_NON_CANONICAL_NF_KAPPAB_SIGNAL_TRANSDUCTION",-0.25056342420891,-0.172291412862314,-0.049436420536536,0.277047210966281,0.224599340172117,0.00406766252817767
"GOBP_POSITIVE_REGULATION_OF_NOTCH_SIGNALING_PATHWAY",0.319087497310444,-0.0978551137806146,-0.293085020397154,0.125255734471531,-0.176277328866624,0.192687444473809
"GOBP_POSITIVE_REGULATION_OF_NUCLEAR_DIVISION",-0.0441544179804851,0.18464549065939,-0.140772346720048,0.16783172174653,0.171521658139656,-0.223118977520896
"GOBP_POSITIVE_REGULATION_OF_NUCLEOCYTOPLASMIC_TRANSPORT",-0.0458555191043397,-0.229272170501792,-0.314815304462575,0.220818718945731,0.190021125567257,0.203577355229316
"GOBP_POSITIVE_REGULATION_OF_NUCLEOTIDE_CATABOLIC_PROCESS",0.213112179987157,-0.128839610253551,0.0917224281895141,0.0685155580245891,-0.33437563385659,0.0123910357060286
"GOBP_POSITIVE_REGULATION_OF_NUCLEOTIDE_METABOLIC_PROCESS",0.088445773585245,-0.207149599526721,0.164363989361541,-0.108383200460708,-0.107531228161519,0.0210597939391617
"GOBP_POSITIVE_REGULATION_OF_OLIGODENDROCYTE_DIFFERENTIATION",-0.114468882061028,0.0011828482619507,-0.209601076451004,-0.420367565599405,0.382832547879748,0.228893081333675
"GOBP_POSITIVE_REGULATION_OF_ORGAN_GROWTH",0.202564324306317,0.0561292894459895,-0.172476851399628,-0.0807481479549425,-0.146332028050772,0.095636839883932
"GOBP_POSITIVE_REGULATION_OF_ORGANELLE_ASSEMBLY",0.124243696957218,-0.214164934049974,-0.279690034047095,0.0958584377831661,0.0153709440959761,0.304639586814357
"GOBP_POSITIVE_REGULATION_OF_ORGANELLE_ORGANIZATION",0.0286530353887579,-0.184138286755633,-0.0629711360151932,0.0477308024935264,0.089922394986642,0.0764637216096802
"GOBP_POSITIVE_REGULATION_OF_ORGANIC_ACID_TRANSPORT",0.326985623067229,-0.131680367167218,0.153484120189356,-0.0441037089499723,-0.00203511625374928,-0.26748102092285
"GOBP_POSITIVE_REGULATION_OF_OSSIFICATION",0.350435109288795,0.15336694504117,-0.0197802790838414,-0.0699946675816651,-0.415084030940885,-0.161232400209827
"GOBP_POSITIVE_REGULATION_OF_OSTEOBLAST_DIFFERENTIATION",0.205636033748274,0.0109209784852356,-0.210984485526917,-0.0494341076741437,-0.213796016836239,0.15385001770343
"GOBP_POSITIVE_REGULATION_OF_OSTEOCLAST_DIFFERENTIATION",0.324799581770037,-0.0560949156375287,-0.423425556611118,-0.0459170314808969,0.278671754411651,0.0639020485900105
"GOBP_POSITIVE_REGULATION_OF_P38MAPK_CASCADE",-0.174697950963119,-0.103686861427536,0.14722992577532,0.157482288278562,-0.084455912001529,0.0590665258263837
"GOBP_POSITIVE_REGULATION_OF_PATTERN_RECOGNITION_RECEPTOR_SIGNALING_PATHWAY",0.0412276968869444,-0.32108253614572,-0.28209210234625,0.336153165941178,0.175531655326501,-0.0148766123093637
"GOBP_POSITIVE_REGULATION_OF_PEPTIDE_SECRETION",0.335483584945728,0.291764481043428,0.265164995865241,-0.313703198613619,-0.298010936793498,-0.197123123834634
"GOBP_POSITIVE_REGULATION_OF_PEPTIDYL_SERINE_PHOSPHORYLATION",-0.209242797868987,-0.199023569693969,-0.294190367439672,0.405290394128376,-0.0365150896424455,0.465260467308027
"GOBP_POSITIVE_REGULATION_OF_PEPTIDYL_TYROSINE_PHOSPHORYLATION",-0.295592211355419,-0.111746298062331,-0.267608561765685,0.256114251450695,0.228308673755292,0.275789002518407
"GOBP_POSITIVE_REGULATION_OF_PHAGOCYTOSIS",-0.270532594699926,-0.244763807861505,-0.401275254975681,0.499475160685949,0.323157883055003,0.108342593798019
"GOBP_POSITIVE_REGULATION_OF_PHOSPHATIDYLINOSITOL_3_KINASE_PROTEIN_KINASE_B_SIGNAL_TRANSDUCTION",0.0636547968475418,0.0325350571469532,-0.264262942447723,0.112315680932569,-0.0264617985450775,0.197832153865046
"GOBP_POSITIVE_REGULATION_OF_PHOSPHORUS_METABOLIC_PROCESS",-0.0269679368961446,-0.00764854777591389,-0.145042873757932,0.0879361149527876,0.0103471460356657,0.134264075280575
"GOBP_POSITIVE_REGULATION_OF_PHOSPHORYLATION",-0.083450778994868,0.00825342290881168,-0.229186066353058,0.156239244280675,0.0637117557134673,0.173052915715576
"GOBP_POSITIVE_REGULATION_OF_PLASMA_MEMBRANE_BOUNDED_CELL_PROJECTION_ASSEMBLY",0.285872900350075,0.0393327243548078,0.0684771853561026,-0.0622573443637718,-0.0683364255738708,-0.130974102062706
"GOBP_POSITIVE_REGULATION_OF_POST_TRANSLATIONAL_PROTEIN_MODIFICATION",-0.0387353773793063,-0.206480510045414,0.159491933147102,-0.0252288498706873,0.014476884237002,0.0690234287919578
"GOBP_POSITIVE_REGULATION_OF_POTASSIUM_ION_TRANSMEMBRANE_TRANSPORT",0.326382681655088,0.277890889311819,-0.0178091038387299,-0.332093077892559,-0.323338763123402,-0.0538810198908024
"GOBP_POSITIVE_REGULATION_OF_POTASSIUM_ION_TRANSPORT",0.306050111245996,0.153324734709935,0.0515581304073049,-0.309389773830993,-0.245905152043806,-0.00802828027668351
"GOBP_POSITIVE_REGULATION_OF_PRODUCTION_OF_MOLECULAR_MEDIATOR_OF_IMMUNE_RESPONSE",-0.102860879408966,-0.162238443843285,-0.314447514746349,0.394061753001977,0.165035153543152,0.0136044755052693
"GOBP_POSITIVE_REGULATION_OF_PROGRAMMED_CELL_DEATH",-0.0862278164396441,-0.132905833347666,-0.176969326983082,0.145510575924679,0.0748789655606329,0.151566664743409
"GOBP_POSITIVE_REGULATION_OF_PROTEASOMAL_PROTEIN_CATABOLIC_PROCESS",-0.0371699054603924,-0.228801523478943,0.265278251657875,-0.0416220038415845,0.0424130126297572,-0.0152829204531147
"GOBP_POSITIVE_REGULATION_OF_PROTEASOMAL_UBIQUITIN_DEPENDENT_PROTEIN_CATABOLIC_PROCESS",0.0201276231170732,-0.280151713414037,0.206058732168394,0.0848310893079419,0.0539702422650231,0.0080951526195758
"GOBP_POSITIVE_REGULATION_OF_PROTEIN_CATABOLIC_PROCESS",0.0693500165099807,-0.0502114383230309,0.212510754471231,-0.126075559751743,-0.0207386975825681,-0.0706325115785977
"GOBP_POSITIVE_REGULATION_OF_PROTEIN_CONTAINING_COMPLEX_ASSEMBLY",0.132531407398039,-0.252924813342404,-0.177513663529586,0.150452642923146,0.0314255926411505,0.068137385123609
"GOBP_POSITIVE_REGULATION_OF_PROTEIN_CONTAINING_COMPLEX_DISASSEMBLY",0.198995250099508,-0.195697814385926,0.154389561270733,-0.169303656456279,-0.0981039459363692,0.0600489384358958
"GOBP_POSITIVE_REGULATION_OF_PROTEIN_DEPOLYMERIZATION",0.128426276182021,-0.232212194436594,0.0319480800204944,-0.214248815004547,0.114029264011255,0.127879379365807
"GOBP_POSITIVE_REGULATION_OF_PROTEIN_EXIT_FROM_ENDOPLASMIC_RETICULUM",0.317803524836765,-0.033501249339238,-0.0594198449625707,-0.191599886986896,0.27769641532288,-0.199535615309715
"GOBP_POSITIVE_REGULATION_OF_PROTEIN_EXPORT_FROM_NUCLEUS",-0.0746860070760673,-0.187751858760978,-0.19891837287602,0.262964660211364,0.243407774775028,0.0645375382318518
"GOBP_POSITIVE_REGULATION_OF_PROTEIN_IMPORT_INTO_NUCLEUS",0.0456138567941142,-0.313430493586293,-0.335352416131964,0.209513376366707,0.116127647775192,0.23704116133303
"GOBP_POSITIVE_REGULATION_OF_PROTEIN_LOCALIZATION",0.111506422553221,-0.0695425137493525,0.000159621009895194,-0.0428801739064639,-0.0199435624904993,0.0354380025443046
"GOBP_POSITIVE_REGULATION_OF_PROTEIN_LOCALIZATION_TO_CELL_PERIPHERY",0.129106727784428,0.10950701537846,0.064869223821001,-0.22038910175265,-0.152805412879433,0.0714091796510422
"GOBP_POSITIVE_REGULATION_OF_PROTEIN_LOCALIZATION_TO_CELL_SURFACE",0.266293841831009,0.10741226540665,-0.195441057887097,-0.0884310467302452,0.170180475596945,-0.167682416171943
"GOBP_POSITIVE_REGULATION_OF_PROTEIN_LOCALIZATION_TO_MEMBRANE",0.118852039392376,0.0808937041216405,0.0926738769738609,-0.209098255171486,-0.155944426826567,0.120113211013745
"GOBP_POSITIVE_REGULATION_OF_PROTEIN_LOCALIZATION_TO_NUCLEUS",-0.0725464414638478,-0.29903573044774,-0.179021187321764,0.273991364185095,0.249230550008081,0.124734760741692
"GOBP_POSITIVE_REGULATION_OF_PROTEIN_LOCALIZATION_TO_PLASMA_MEMBRANE",0.022573144847007,0.174539459214672,0.0675573869105845,-0.182018052366618,-0.0662966969606982,0.0653833572541854
"GOBP_POSITIVE_REGULATION_OF_PROTEIN_MATURATION",-0.353158236309434,-0.259934347466072,-0.132508985025985,0.370979245380229,0.480742642500367,-0.236610786281868
"GOBP_POSITIVE_REGULATION_OF_PROTEIN_MODIFICATION_PROCESS",-0.0513969098341889,-0.101825919980009,-0.0758079122231428,0.0908865092614436,0.0339385385624267,0.153992813601119
"GOBP_POSITIVE_REGULATION_OF_PROTEIN_POLYMERIZATION",0.248781564899629,-0.133071695071607,-0.114158642441076,0.0328179319017717,-0.100347726546176,0.00818663015357202
"GOBP_POSITIVE_REGULATION_OF_PROTEIN_POLYUBIQUITINATION",-0.0661050880781038,-0.328492974631724,-0.0101066256382596,0.235351179653639,0.119677077791303,0.0138618846264284
"GOBP_POSITIVE_REGULATION_OF_PROTEIN_SECRETION",0.153971866005918,0.107156530069651,0.12066310806628,-0.0816202852686001,-0.152608192038413,-0.0282968592306773
"GOBP_POSITIVE_REGULATION_OF_PROTEIN_SERINE_THREONINE_KINASE_ACTIVITY",-0.00462156105072142,-0.0296342194273896,-0.203129469350354,0.114023424676011,-0.194652591224763,0.238054733209502
"GOBP_POSITIVE_REGULATION_OF_PROTEIN_TARGETING_TO_MEMBRANE",0.396865538572614,-0.373721725374393,-0.143011543622655,0.17091986065728,-0.136222433788612,0.12029300013377
"GOBP_POSITIVE_REGULATION_OF_PROTEIN_TRANSPORT",0.0996094526521645,-0.0269449241420543,-0.0202658504053748,-0.0596720392106334,-0.00616296927864601,0.056184679010695
"GOBP_POSITIVE_REGULATION_OF_PROTEIN_UBIQUITINATION",0.00618739572791188,-0.163433315254298,0.18921361108605,-0.0715157420114572,-0.00649656818267322,0.046504891573564
"GOBP_POSITIVE_REGULATION_OF_PROTEOLYSIS",-0.130382953978563,-0.152267729618616,0.036502844752373,0.0819450118069243,0.115841736301445,-0.00807620608843548
"GOBP_POSITIVE_REGULATION_OF_PROTEOLYSIS_INVOLVED_IN_PROTEIN_CATABOLIC_PROCESS",-0.0324523100573391,-0.252886293514209,0.169164658908767,-0.0193310409700607,0.0543916262035276,0.0103129551887693
"GOBP_POSITIVE_REGULATION_OF_RAC_PROTEIN_SIGNAL_TRANSDUCTION",0.473492667928234,-0.0347950343431389,0.227517692595234,-0.0723690013977779,-0.392745457844201,-0.268313323894216
"GOBP_POSITIVE_REGULATION_OF_RAS_PROTEIN_SIGNAL_TRANSDUCTION",-0.130572420106985,-0.343340182436726,-0.118865919633784,0.145715882717852,0.301458881626771,0.151640350205288
"GOBP_POSITIVE_REGULATION_OF_REACTIVE_OXYGEN_SPECIES_METABOLIC_PROCESS",-0.373217916454797,0.0238213112674269,-0.25885575491274,0.300514119282381,0.309867022851706,0.162665172839029
"GOBP_POSITIVE_REGULATION_OF_RECEPTOR_INTERNALIZATION",0.0900247130554951,0.016373497857999,0.00157700431274366,0.0822987649710695,-0.098256428020627,-0.241680682826606
"GOBP_POSITIVE_REGULATION_OF_RECEPTOR_MEDIATED_ENDOCYTOSIS",0.191874735988375,0.0656978104507561,-0.0241727932240876,0.128281583393073,-0.165373931785036,-0.192607666051001
"GOBP_POSITIVE_REGULATION_OF_RECEPTOR_SIGNALING_PATHWAY_VIA_STAT",-0.271611356706395,-0.212635442033612,-0.340840591836776,0.186993574228602,0.190427892603696,0.362308999030778
"GOBP_POSITIVE_REGULATION_OF_REGULATED_SECRETORY_PATHWAY",0.00168932523533949,0.10654977592382,-0.256047706194017,0.291824749504422,0.167801925609374,-0.213723329213365
"GOBP_POSITIVE_REGULATION_OF_REGULATORY_T_CELL_DIFFERENTIATION",-0.0748559975432028,0.0280111622150993,-0.268590262293135,0.415378703537385,-0.0627233284102286,0.0813203172781968
"GOBP_POSITIVE_REGULATION_OF_RELEASE_OF_CYTOCHROME_C_FROM_MITOCHONDRIA",-0.344055175388479,-0.0944089840577913,-0.210216679144957,0.373773327960023,0.165762239148782,0.0230515031836867
"GOBP_POSITIVE_REGULATION_OF_RELEASE_OF_SEQUESTERED_CALCIUM_ION_INTO_CYTOSOL",0.198634756426208,0.159845608431143,-0.193797546820063,-0.0535628983879776,-0.168055800696946,-0.0875043376497756
"GOBP_POSITIVE_REGULATION_OF_REPRODUCTIVE_PROCESS",-0.115989552582432,-0.0783914000839784,-0.101617065452464,0.246116435432736,0.0406287484449056,0.159442250322083
"GOBP_POSITIVE_REGULATION_OF_RESPONSE_TO_BIOTIC_STIMULUS",-0.103728447306192,-0.23290093860338,-0.243589964282745,0.342819091080315,0.217443546035314,0.0432180753846113
"GOBP_POSITIVE_REGULATION_OF_RESPONSE_TO_CYTOKINE_STIMULUS",-0.209182730662773,-0.184736254768392,-0.34819700821231,0.298640529213846,0.147412075652201,0.251285288705592
"GOBP_POSITIVE_REGULATION_OF_RESPONSE_TO_ENDOPLASMIC_RETICULUM_STRESS",-0.195853256486905,-0.216426723881499,0.157886196486873,-0.038803963052291,0.0787398591494298,0.204292455601325
"GOBP_POSITIVE_REGULATION_OF_RESPONSE_TO_WOUNDING",-0.10088004254299,0.276761052876173,-0.27594459875509,0.0824923100520873,-0.0803751241508888,0.113981006846059
"GOBP_POSITIVE_REGULATION_OF_RHO_PROTEIN_SIGNAL_TRANSDUCTION",0.341536626966949,0.0256350400624699,0.0788728667726901,-0.273052246867566,-0.425985326428393,0.118491378130806
"GOBP_POSITIVE_REGULATION_OF_RNA_SPLICING",-0.237111721459149,-0.434037129095086,-0.0241519778976966,0.438210178701273,0.355756861139983,0.00436055775757554
"GOBP_POSITIVE_REGULATION_OF_SECRETION",0.112015644119967,0.114044062246623,0.0556150782951126,-0.101691538320629,-0.0607400674492418,-0.0684542231416644
"GOBP_POSITIVE_REGULATION_OF_SIGNAL_TRANSDUCTION_BY_P53_CLASS_MEDIATOR",-0.49000713767932,0.0363092984251234,-0.361835306646079,0.436471280267372,0.224760741702666,0.320987882302268
"GOBP_POSITIVE_REGULATION_OF_SMAD_PROTEIN_SIGNAL_TRANSDUCTION",-0.118431725238001,0.146500061641613,-0.332925303603065,0.143678115560078,0.0326997507266612,0.11617319528886
"GOBP_POSITIVE_REGULATION_OF_SMALL_GTPASE_MEDIATED_SIGNAL_TRANSDUCTION",0.354389920631502,-0.125839077633731,0.0279136368145496,-0.0526627273641686,-0.239961401735755,-0.0450198963716111
"GOBP_POSITIVE_REGULATION_OF_SMALL_MOLECULE_METABOLIC_PROCESS",0.112406238888232,-0.00467674974234211,0.179417526081086,-0.142373067059616,-0.102890874103606,-0.0256728661100061
"GOBP_POSITIVE_REGULATION_OF_SMOOTH_MUSCLE_CELL_MIGRATION",-0.0775644101512465,-0.0577149173991981,-0.275238920531935,-0.0806121855073954,0.160188918789899,0.213026254268667
"GOBP_POSITIVE_REGULATION_OF_SMOOTH_MUSCLE_CELL_PROLIFERATION",-0.104524830727991,0.108698540485612,-0.297340294221993,-0.0145568052301691,0.197050354905463,0.214302744996446
"GOBP_POSITIVE_REGULATION_OF_SMOOTH_MUSCLE_CONTRACTION",0.227989014850764,0.188000534692696,-0.373576129320958,-0.0672020117432985,-0.11222275040213,0.0899172426701382
"GOBP_POSITIVE_REGULATION_OF_SMOOTHENED_SIGNALING_PATHWAY",-0.0267131575185991,0.226173147140824,-0.014968630575519,-0.0693521083894501,-0.275235316322483,0.17083261464519
"GOBP_POSITIVE_REGULATION_OF_SODIUM_ION_TRANSMEMBRANE_TRANSPORT",0.261163740538626,0.469445534891727,0.413079797642052,-0.37262431046266,-0.509267770445891,-0.342977807159628
"GOBP_POSITIVE_REGULATION_OF_SODIUM_ION_TRANSPORT",0.336356511993254,0.37455248416266,0.280363856179242,-0.373621172933074,-0.39180560455284,-0.222724225888054
"GOBP_POSITIVE_REGULATION_OF_SPINDLE_CHECKPOINT",-0.252224977427982,-0.317964451457635,-0.476703384022423,0.361523347215194,0.428478655798845,0.210732093681663
"GOBP_POSITIVE_REGULATION_OF_SPROUTING_ANGIOGENESIS",0.442332972123368,-0.0265778974590211,0.215440416312174,-0.276128843565423,-0.441204971612379,-0.0301374194731525
"GOBP_POSITIVE_REGULATION_OF_STEM_CELL_DIFFERENTIATION",0.0787080777000027,-0.181428627044538,0.0105724663890342,-0.0949613467875553,0.0140502016152338,0.00337337904283769
"GOBP_POSITIVE_REGULATION_OF_STEM_CELL_POPULATION_MAINTENANCE",-0.272694544724861,-0.321315389531542,-0.378758738814483,0.326314057062197,0.232878719412514,0.406866010921131
"GOBP_POSITIVE_REGULATION_OF_STEM_CELL_PROLIFERATION",-0.370146968977798,-0.150553743125544,-0.385416016043516,0.309556048527453,0.364357585660963,0.396167565202597
"GOBP_POSITIVE_REGULATION_OF_STEROID_BIOSYNTHETIC_PROCESS",0.312926359304383,0.279824343613449,0.371254141130731,-0.297013782928035,0.0646527281591151,-0.392397481463381
"GOBP_POSITIVE_REGULATION_OF_STEROID_METABOLIC_PROCESS",0.282842153462941,0.316448597326836,0.368484423828879,-0.255604883505459,0.0212083338096544,-0.427676648969327
"GOBP_POSITIVE_REGULATION_OF_STEROL_TRANSPORT",0.0152707007163007,0.293315136486163,0.173330822492735,-0.00218003146833717,0.0726106826683016,-0.280998077679242
"GOBP_POSITIVE_REGULATION_OF_STRESS_ACTIVATED_PROTEIN_KINASE_SIGNALING_CASCADE",0.125504730344359,0.0213605845396078,-0.169704027521484,0.0691285141787846,-0.0704677603053951,-0.0771463119709794
"GOBP_POSITIVE_REGULATION_OF_STRESS_FIBER_ASSEMBLY",0.240971156886543,-0.00755089275030874,-0.00744886776019332,-0.205773183770602,-0.0560527523240917,0.0837226200385289
"GOBP_POSITIVE_REGULATION_OF_STRIATED_MUSCLE_CELL_DIFFERENTIATION",0.13111488194536,0.289977001252477,-0.0903154535288994,-0.0849061619948594,-0.19763019274675,-0.108440658835197
"GOBP_POSITIVE_REGULATION_OF_SUBSTRATE_ADHESION_DEPENDENT_CELL_SPREADING",-0.161792293772454,-0.216039187740337,-0.209113075230154,0.219119512610255,0.122136536482328,0.193351016698669
"GOBP_POSITIVE_REGULATION_OF_SYNAPSE_ASSEMBLY",0.12380787519531,0.297756249163326,0.125233148321611,-0.243146082710621,-0.435363880376663,0.194373416060413
"GOBP_POSITIVE_REGULATION_OF_SYNAPTIC_TRANSMISSION",0.155056673903321,0.144527739870359,0.0897058198685062,-0.209377002083182,-0.250146374420824,0.11571501406091
"GOBP_POSITIVE_REGULATION_OF_SYNAPTIC_TRANSMISSION_GLUTAMATERGIC",0.29029658551735,-0.123575998036146,-0.27655657134153,0.0943210146877919,-0.228975234846853,0.181395398580552
"GOBP_POSITIVE_REGULATION_OF_SYNCYTIUM_FORMATION_BY_PLASMA_MEMBRANE_FUSION",-0.032139472295729,0.104607805593175,-0.139600423395736,0.154857241732824,0.000250859384811508,-0.0204016371042746
"GOBP_POSITIVE_REGULATION_OF_T_CELL_CYTOKINE_PRODUCTION",-0.0700258488427027,-0.0816692391845837,-0.0469664876177629,0.0697854114225605,0.167865399596587,-0.208425167244182
"GOBP_POSITIVE_REGULATION_OF_T_CELL_MEDIATED_CYTOTOXICITY",-0.268292230136966,-0.14966234711741,-0.388151740122717,0.611803017961708,0.428882305566512,-0.0086312902722829
"GOBP_POSITIVE_REGULATION_OF_T_CELL_MEDIATED_IMMUNITY",-0.0715584967543205,-0.245440849759243,-0.125786142269718,0.346070881612467,0.191326340187164,-0.0102225199560501
"GOBP_POSITIVE_REGULATION_OF_T_CELL_MIGRATION",-0.0467614046743743,0.141955526350402,-0.391674209427589,0.312142228612179,0.0951664317918023,-0.0476314004193061
"GOBP_POSITIVE_REGULATION_OF_T_CELL_PROLIFERATION",-0.115861940612895,-0.0674068664251511,-0.135695821257631,0.293645139339539,0.211198688830185,-0.163753504828457
"GOBP_POSITIVE_REGULATION_OF_T_CELL_RECEPTOR_SIGNALING_PATHWAY",0.228705582749436,-0.377678178335933,-0.50385771139329,0.542616987816727,0.285280357320843,-0.0499717901184815
"GOBP_POSITIVE_REGULATION_OF_T_HELPER_CELL_DIFFERENTIATION",-0.431299196378713,-0.0368334833499171,-0.148694874194913,0.472532464841203,0.0854493698387234,0.319823189858595
"GOBP_POSITIVE_REGULATION_OF_TELOMERE_MAINTENANCE",-0.277461531832669,-0.451992663460409,0.0398885778089819,0.261191669587152,0.314551394303494,0.235339551659489
"GOBP_POSITIVE_REGULATION_OF_TELOMERE_MAINTENANCE_VIA_TELOMERE_LENGTHENING",-0.275135084450398,-0.580855048529233,-0.234600320984589,0.22991978060053,0.691490298225318,0.277019614272575
"GOBP_POSITIVE_REGULATION_OF_TOR_SIGNALING",0.076526091056207,-0.19562519596738,0.0395110443067795,0.0795083988361878,0.0495885703694841,-0.0533523343238305
"GOBP_POSITIVE_REGULATION_OF_TORC1_SIGNALING",0.0241428668450351,-0.295635216198095,0.144190112523857,0.0937540845783475,0.161061962384253,-0.144595254089496
"GOBP_POSITIVE_REGULATION_OF_TRANSCRIPTION_BY_RNA_POLYMERASE_I",-0.301584871519512,-0.42359568841898,0.0760123274191161,0.0996387941982843,0.197962384315861,0.538865310020563
"GOBP_POSITIVE_REGULATION_OF_TRANSCRIPTION_BY_RNA_POLYMERASE_III",0.22775756511349,-0.497303938950323,-0.217053246241502,-0.0203966462431474,-0.0350652852436875,0.523569810568783
"GOBP_POSITIVE_REGULATION_OF_TRANSLATION",-0.226393736685574,-0.355843043694462,0.0415805734518017,-0.0330125302714692,0.361179594809634,0.219066285692057
"GOBP_POSITIVE_REGULATION_OF_TRANSLATIONAL_INITIATION",-0.189665877293177,-0.349909009076016,0.0494960938298474,-0.0515730445957277,0.124087032681121,0.340933546317036
"GOBP_POSITIVE_REGULATION_OF_TRANSMEMBRANE_RECEPTOR_PROTEIN_SERINE_THREONINE_KINASE_SIGNALING_PATHWAY",-0.042799799541234,0.0579641225298344,-0.306741456480793,0.0193275444803363,0.0440906651826508,0.157686882152749
"GOBP_POSITIVE_REGULATION_OF_TRANSMEMBRANE_TRANSPORT",0.314757007482666,0.146757411536153,0.031130864689905,-0.199546778571854,-0.240866275623616,-0.0520980470627279
"GOBP_POSITIVE_REGULATION_OF_TRANSPORTER_ACTIVITY",0.296330207039575,0.0807656485860993,0.124698786483496,-0.133952121032866,-0.181766099828769,-0.14458050312061
"GOBP_POSITIVE_REGULATION_OF_TRIGLYCERIDE_METABOLIC_PROCESS",0.0883077586435744,0.14259560420635,0.430604850506827,-0.169926185892147,-0.181715218687837,-0.243205200910328
"GOBP_POSITIVE_REGULATION_OF_TUMOR_NECROSIS_FACTOR_SUPERFAMILY_CYTOKINE_PRODUCTION",-0.305376520297919,-0.162462895346517,-0.404289959426876,0.437747484390678,0.324803149303342,0.115482941727156
"GOBP_POSITIVE_REGULATION_OF_TYPE_I_INTERFERON_MEDIATED_SIGNALING_PATHWAY",-0.131026484801219,-0.156610107270779,-0.00103773765433535,0.447697060624648,0.0165745609268998,0.0113127304201701
"GOBP_POSITIVE_REGULATION_OF_TYPE_I_INTERFERON_PRODUCTION",0.0056694370988406,-0.323177572968985,-0.258076525801558,0.366539417257095,0.110277896274877,0.186668879127497
"GOBP_POSITIVE_REGULATION_OF_TYPE_II_INTERFERON_PRODUCTION",-0.391643431127874,-0.300800356951522,-0.334886263985217,0.56206483710406,0.382115283236826,-0.0315802525326204
"GOBP_POSITIVE_REGULATION_OF_UBIQUITIN_DEPENDENT_PROTEIN_CATABOLIC_PROCESS",0.0260267234458261,-0.321503867740346,0.129431801451376,0.086846321888488,0.0540126746847721,-0.00494581103561004
"GOBP_POSITIVE_REGULATION_OF_VACUOLE_ORGANIZATION",0.128950682845059,-0.0802781292687283,-0.128577844311377,-0.0181544399309986,-0.219232002768513,0.369119400962998
"GOBP_POSITIVE_REGULATION_OF_VASCULAR_ASSOCIATED_SMOOTH_MUSCLE_CELL_PROLIFERATION",0.0459996441474063,-0.0629035279931119,-0.306116813194354,-0.036667812237653,0.0304289565906456,0.364985622847891
"GOBP_POSITIVE_REGULATION_OF_VASCULAR_ENDOTHELIAL_GROWTH_FACTOR_PRODUCTION",-0.33870499304217,-0.0218644151993107,-0.4558026127229,0.255829642117786,0.249276758100358,0.202666739893
"GOBP_POSITIVE_REGULATION_OF_VASCULATURE_DEVELOPMENT",-0.0107377433098079,0.0784261202829327,-0.213202682546858,0.0958060633946506,0.0314540679304532,-0.0352527785704514
"GOBP_POSITIVE_REGULATION_OF_VASOCONSTRICTION",-0.0992991700593671,0.248199662544834,-0.16064872877454,-0.15447141985054,0.0894336926277538,-0.04194054703354
"GOBP_POSITIVE_REGULATION_OF_VESICLE_FUSION",0.209289115766259,0.206341906593825,-0.00609666480296764,-0.216573200006687,-0.246197919265453,-0.107212346454967
"GOBP_POSITIVE_REGULATION_OF_VIRAL_GENOME_REPLICATION",-0.20088072174975,-0.346845038014606,-0.252926078417051,0.116120438492714,0.388306035328747,0.138967092689634
"GOBP_POSITIVE_REGULATION_OF_VIRAL_LIFE_CYCLE",-0.332391612125336,0.0313262684427016,-0.244022748957338,0.0366651047821147,0.390634892848585,0.215458198576316
"GOBP_POSITIVE_REGULATION_OF_VIRAL_PROCESS",-0.301232406076185,-0.242361485945544,-0.237448503720494,0.0747440805697646,0.325059779916453,0.20721406710602
"GOBP_POSITIVE_REGULATION_OF_WNT_SIGNALING_PATHWAY",0.0407151047711301,-0.0546549466738434,-0.173509455743287,0.0170517119363052,-0.148366459155386,0.212389210781784
"GOBP_POSITIVE_T_CELL_SELECTION",-0.00281700370218468,-0.410427020742114,-0.110820947102659,0.455220237778706,0.101511073568879,-0.0492897037832844
"GOBP_POST_ANAL_TAIL_MORPHOGENESIS",-0.142518653813272,0.0469923627907733,-0.0747480191662506,0.394416242843335,-0.164922500978227,0.106521276862858
"GOBP_POST_EMBRYONIC_DEVELOPMENT",0.17761262491229,-0.170527838676459,-0.0232955869254632,0.0381291655340992,-0.25023646439334,0.168625412769677
"GOBP_POST_GOLGI_VESICLE_MEDIATED_TRANSPORT",0.345199480293924,-0.016395860113934,0.0711208655346124,-0.13507312548889,-0.205293865252691,-0.0459744575488683
"GOBP_POST_TRANSCRIPTIONAL_REGULATION_OF_GENE_EXPRESSION",-0.0795875889928433,-0.333556014126471,-0.055075207605197,0.109608811914349,0.188529889716873,0.203606128227031
"GOBP_POST_TRANSLATIONAL_PROTEIN_TARGETING_TO_ENDOPLASMIC_RETICULUM_MEMBRANE",-0.148417460045939,-0.0934750963546652,0.385747692156063,-0.317440182917975,0.418094335113143,-0.542170371681888
"GOBP_POSTSYNAPSE_ASSEMBLY",0.0829746983484126,-0.00743539763156498,0.0461437938061051,-0.0173014537491676,-0.21936566285068,0.066082494412788
"GOBP_POSTSYNAPSE_ORGANIZATION",0.223465157425735,0.0276767997200387,0.0833905222269904,-0.101988616724113,-0.282094947357956,0.0664941029698535
"GOBP_POSTSYNAPTIC_DENSITY_ASSEMBLY",0.0844664385682623,0.164804928603085,0.00147053984952419,-0.196822794886053,-0.261957058273378,0.152712607573007
"GOBP_POSTSYNAPTIC_DENSITY_ORGANIZATION",0.242584269030122,0.18630817080894,0.0810392699143378,-0.235843191919099,-0.336561152465147,0.0512049343377307
"GOBP_POSTSYNAPTIC_MEMBRANE_ORGANIZATION",0.390823269612108,0.199109299736656,0.248073230503265,-0.355483270401682,-0.395582784489776,-0.146746878962285
"GOBP_POSTSYNAPTIC_MODULATION_OF_CHEMICAL_SYNAPTIC_TRANSMISSION",0.0244838190434623,-0.0550495375821393,0.0567608507847885,-0.0830213065254594,-0.365514608123817,0.279255030682682
"GOBP_POSTSYNAPTIC_NEUROTRANSMITTER_RECEPTOR_INTERNALIZATION",0.247628513204391,-0.135082732789731,0.211275677044383,-0.160577958561753,-0.271913756896288,-0.2543878294492
"GOBP_POSTSYNAPTIC_SIGNAL_TRANSDUCTION",0.266599796191491,-0.16565642235598,-0.00499795880469356,0.0391778256722485,-0.162573697310619,0.00226401413551419
"GOBP_POSTSYNAPTIC_SPECIALIZATION_ASSEMBLY",0.262041665129799,0.0447651350581704,0.0251429491135977,-0.166468045776554,-0.313024055472807,0.122572927324681
"GOBP_POSTSYNAPTIC_SPECIALIZATION_ORGANIZATION",0.311674329293876,0.10510748740034,0.0940886377592167,-0.164721708182535,-0.378442225459726,0.0516413547466735
"GOBP_POTASSIUM_ION_HOMEOSTASIS",0.302551051253339,0.327635446895505,0.357085037324193,-0.240140473821706,-0.409165273402689,-0.32271657843601
"GOBP_POTASSIUM_ION_IMPORT_ACROSS_PLASMA_MEMBRANE",0.33287771573019,0.431553122633771,0.372875327145131,-0.431870939920155,-0.485987226700567,-0.0966951766277107
"GOBP_POTASSIUM_ION_TRANSPORT",0.199238416665935,0.230918763780756,0.207626790486054,-0.205714572147313,-0.273476672021204,-0.136008380473234
"GOBP_PRESYNAPSE_ASSEMBLY",0.165321749640057,0.250698338888585,0.141194440063133,-0.374177365349484,-0.436263738773296,0.357394765767558
"GOBP_PRESYNAPSE_ORGANIZATION",0.20181287179107,0.193345525545522,0.136233881719115,-0.350015749546024,-0.422091790021387,0.318943810355746
"GOBP_PRESYNAPTIC_ENDOCYTOSIS",0.231291890763894,-0.0827113858739137,0.159986398512966,0.090540257071265,-0.275920957089833,-0.102637329954825
"GOBP_PRESYNAPTIC_MODULATION_OF_CHEMICAL_SYNAPTIC_TRANSMISSION",0.0957377044987132,0.132045259511006,-0.214010506738404,-0.0683446545392525,-0.179581416894108,0.151628574435723
"GOBP_PRIMARY_ALCOHOL_METABOLIC_PROCESS",-0.0925629384645335,0.221886586317806,0.235526451361779,-0.223037626403869,0.0443702216669045,-0.232729640964073
"GOBP_PRIMARY_MIRNA_PROCESSING",-0.536442836937253,-0.327487828133131,-0.373116190485445,0.146573676966252,0.349624351240646,0.668677346370014
"GOBP_PRODUCTION_OF_MOLECULAR_MEDIATOR_INVOLVED_IN_INFLAMMATORY_RESPONSE",-0.235602533800175,-0.357024006111344,-0.557000208061691,0.387476458653932,0.334901265428886,0.38469614520538
"GOBP_PRODUCTION_OF_MOLECULAR_MEDIATOR_OF_IMMUNE_RESPONSE",-0.123938898814852,-0.228935332301258,-0.33609321594118,0.400106184956254,0.228436501608159,2.09739222308547e-05
"GOBP_PROGRAMMED_CELL_DEATH_IN_RESPONSE_TO_REACTIVE_OXYGEN_SPECIES",0.0234799652530585,-0.000495337337259538,0.0100922551852392,-0.262759584718564,0.145225410274596,0.0814377869047219
"GOBP_PROGRAMMED_NECROTIC_CELL_DEATH",-0.0142923476471979,-0.0411176118523453,-0.131859445100707,0.367888578700605,-0.114754602256305,-0.177106105608192
"GOBP_PROSTANOID_BIOSYNTHETIC_PROCESS",-0.115406353799181,-0.167414394624871,-0.190597270360731,0.0549451238085987,0.290352256532599,-0.0147727041458356
"GOBP_PROSTANOID_METABOLIC_PROCESS",-0.22548641953943,0.0225758265179654,0.0302280067286929,-0.157012360046948,0.250244669502529,-0.0607686545402861
"GOBP_PROSTATE_GLAND_DEVELOPMENT",-0.20939745239293,0.146717922881025,-0.173667088518336,0.171518795360792,-0.0624423840749875,0.256217957015483
"GOBP_PROSTATE_GLAND_MORPHOGENESIS",-0.195592040589618,0.339193354547822,-0.34348707185035,0.154668237049384,-0.163102624231468,0.239483090058962
"GOBP_PROTEASOMAL_UBIQUITIN_INDEPENDENT_PROTEIN_CATABOLIC_PROCESS",-0.773461784503102,-0.2505215096695,0.176407147771975,0.0682627447798813,0.796105031819212,-0.0459446168435302
"GOBP_PROTEASOME_MEDIATED_UBIQUITIN_DEPENDENT_PROTEIN_CATABOLIC_PROCESS",0.112116158067156,-0.247025237294896,0.161653719220383,-0.0873099640689733,-0.0516248848448077,0.044757552944251
"GOBP_PROTEIN_ACETYLATION",-0.0304643439018163,-0.332553828220145,-0.00618472906973166,0.0230932834660566,0.183384939888391,0.219272396733662
"GOBP_PROTEIN_ACTIVATION_CASCADE",-0.108605790460359,0.544120674823479,-0.565745468054828,0.322663326603073,-0.0728857757047577,-0.0975603145454498
"GOBP_PROTEIN_ACYLATION",0.173084396809532,-0.111026967843065,-0.0751577552998811,-0.163176601509546,-0.0124084765680511,0.104635220439929
"GOBP_PROTEIN_AUTOPHOSPHORYLATION",0.223127285233222,-0.124060108547111,-0.224454109812817,0.200495864591115,-0.184399089648958,0.161798480063784
"GOBP_PROTEIN_AUTOPROCESSING",-0.231909005291962,-0.217653453202765,0.210206144746607,0.138156286942273,-0.12383382939982,0.0118830815047344
"GOBP_PROTEIN_AUTOUBIQUITINATION",0.307813671965018,-0.2825541949694,-0.0395508131613601,-0.175032207109749,-0.206108426369706,0.220255650641925
"GOBP_PROTEIN_BRANCHED_POLYUBIQUITINATION",0.212622205490682,-0.155514964198904,0.194512045900843,-0.113585446543433,-0.104067269105921,0.0129602829154089
"GOBP_PROTEIN_CATABOLIC_PROCESS_IN_THE_VACUOLE",0.265801040381708,-0.132293249235798,0.117988947485012,-0.0938657079738517,0.273052253915702,-0.348988605076694
"GOBP_PROTEIN_COMPLEX_OLIGOMERIZATION",0.0723375039545889,0.00794253698365144,-0.0337260747133677,0.142939805811003,-0.0782950970012894,-0.143172751410496
"GOBP_PROTEIN_CONTAINING_COMPLEX_DISASSEMBLY",0.149918003156517,-0.231348811639952,0.120471421995324,-0.0679371917268916,-0.0172494284694035,0.0489449963215387
"GOBP_PROTEIN_CONTAINING_COMPLEX_LOCALIZATION",0.166076801931484,-0.05492512800843,-0.0190825337557775,-0.149376487769314,-0.0232285469900471,-0.0223780117095234
"GOBP_PROTEIN_CONTAINING_COMPLEX_REMODELING",0.112782119620048,0.298601605332252,0.0902641278061755,-0.0921757672394956,0.0254651625929838,-0.361166820864688
"GOBP_PROTEIN_DEACETYLATION",-0.174494655482418,-0.0865754747668462,0.216656986527077,0.0156233070874144,-0.21274839344582,0.137926902580334
"GOBP_PROTEIN_DEACYLATION",-0.213619056439934,-0.10706368576229,0.18094947092246,0.00679377069510764,-0.125940592432302,0.254622155586423
"GOBP_PROTEIN_DEGLYCOSYLATION",0.119284884854594,-0.00825953959129311,-0.178768484872274,-0.118510891655231,0.0327985826932801,0.0446312188492472
"GOBP_PROTEIN_DEMANNOSYLATION",0.129397557984742,-0.0453306968614532,-0.209463964292144,-0.0917197142423533,0.0206503535057444,-0.0255116735063153
"GOBP_PROTEIN_DEPHOSPHORYLATION",0.218281814327948,-0.285825140553792,0.0804911076684526,-0.159681893212435,-0.170013400852026,0.372447483196773
"GOBP_PROTEIN_DEPOLYMERIZATION",0.314336286989833,-0.157289676232437,0.116583573181812,-0.0916665220518918,-0.184647635969141,-0.0222908654431975
"GOBP_PROTEIN_DESTABILIZATION",0.0881388204174033,0.0165075621853616,0.0940810317161248,-0.195564927484572,-0.0115180899096239,0.0652802517571477
"GOBP_PROTEIN_DNA_COMPLEX_DISASSEMBLY",-0.0240262045926738,-0.582604077847489,-0.13161114130363,0.401847738359202,0.117801416217978,0.305685697199103
"GOBP_PROTEIN_DNA_COMPLEX_ORGANIZATION",-0.0959159913260041,-0.312437487224415,-0.221856969554528,0.120963918459914,0.171615278659954,0.275538837293521
"GOBP_PROTEIN_EXIT_FROM_ENDOPLASMIC_RETICULUM",0.140132966691941,-0.137137713655375,0.24056606464618,-0.243409035636437,0.111398436548352,-0.164380642844911
"GOBP_PROTEIN_EXPORT_FROM_NUCLEUS",0.0572241854665924,-0.133708165849476,-0.258978630431315,0.216373538675673,0.19283833567678,0.108143672759007
"GOBP_PROTEIN_FOLDING",-0.22363250264135,-0.290814891143127,0.272195297179852,-0.0990942289443937,0.339435684447517,0.0428456806438429
"GOBP_PROTEIN_HETEROOLIGOMERIZATION",0.2884133735208,0.296576550788569,-0.189752025107613,-0.0689619617318312,-0.254659800035315,0.00866053013520743
"GOBP_PROTEIN_HOMOOLIGOMERIZATION",0.109596479474312,0.0283054697283535,-0.0464698149186498,0.103316325484229,-0.087765920522828,-0.148312456861045
"GOBP_PROTEIN_HOMOTETRAMERIZATION",0.104919791401535,0.0657449962688338,-0.126658186321176,0.107354159805158,0.0102078414995461,-0.234829529598915
"GOBP_PROTEIN_IMPORT_INTO_MITOCHONDRIAL_MATRIX",0.00442659524419037,0.155484872537347,0.593057234985893,-0.287150812333594,0.239582884844261,-0.634874947628694
"GOBP_PROTEIN_INSERTION_INTO_ER_MEMBRANE",-0.215786112982251,-0.0434685674208429,0.50657697804318,-0.143705861186216,0.342162796416286,-0.469354713508911
"GOBP_PROTEIN_INSERTION_INTO_MEMBRANE",-0.229215663057267,-0.107964868378847,0.497739827191169,-0.107460810463968,0.286738940096893,-0.390540790562221
"GOBP_PROTEIN_K11_LINKED_UBIQUITINATION",0.0413246279031958,-0.365234785766212,0.297335916143321,-0.0514180326080073,-0.0110722295032014,0.0639312763672573
"GOBP_PROTEIN_K48_LINKED_DEUBIQUITINATION",0.353473444509641,-0.502015003469217,0.0589143382994625,-0.0535193670767922,-0.113743140440286,0.170841720564872
"GOBP_PROTEIN_K48_LINKED_UBIQUITINATION",0.216280223231509,-0.297729839812087,0.107653817001107,-0.123039209725344,-0.0594122272431446,0.115720223093004
"GOBP_PROTEIN_K63_LINKED_DEUBIQUITINATION",0.368917320166955,-0.501217262854648,0.0203623079422579,-0.264129346225574,-0.173989251746543,0.401690210327086
"GOBP_PROTEIN_K63_LINKED_UBIQUITINATION",0.0350310168364624,-0.187393640702157,-0.0586886029672754,0.0560253195389836,0.148403527718927,0.0127118221115621
"GOBP_PROTEIN_LIPID_COMPLEX_ASSEMBLY",0.223780089339164,0.11695421662636,0.150954677510908,-0.00881044645748974,-0.0989527240531861,-0.30053177581955
"GOBP_PROTEIN_LIPID_COMPLEX_ORGANIZATION",0.20254745771045,0.191276374338634,0.135161094231065,-0.0880494095898229,-0.031051255651256,-0.324437911931754
"GOBP_PROTEIN_LOCALIZATION_TO_CELL_CELL_JUNCTION",0.383553025756587,0.112489301989394,-0.14985213192857,-0.0799350272398455,-0.328693189052778,0.036163375539625
"GOBP_PROTEIN_LOCALIZATION_TO_CELL_JUNCTION",0.257311335276412,0.115578806625515,0.110384450497192,-0.350935809192785,-0.329448954906704,0.0950721305728853
"GOBP_PROTEIN_LOCALIZATION_TO_CELL_PERIPHERY",0.196942535224694,0.134588365830508,0.0460358782528817,-0.173260935118235,-0.196017254879495,0.0128187729023289
"GOBP_PROTEIN_LOCALIZATION_TO_CELL_SURFACE",0.174976946243141,0.122557507317036,0.0909031987191843,-0.17043852067477,0.0770601245922033,-0.22324316466515
"GOBP_PROTEIN_LOCALIZATION_TO_CHROMATIN",-0.208428275996329,-0.419322916305319,-0.366860166196725,0.496287852197656,0.0774308770777364,0.257071313080994
"GOBP_PROTEIN_LOCALIZATION_TO_CHROMOSOME",-0.232838590786202,-0.42372911199181,-0.395405472411958,0.404235449534785,0.253802004037102,0.305109029991369
"GOBP_PROTEIN_LOCALIZATION_TO_CHROMOSOME_CENTROMERIC_REGION",-0.253928082680332,-0.376100147425791,-0.545519958018311,0.411342709544746,0.397993592973409,0.381703788557456
"GOBP_PROTEIN_LOCALIZATION_TO_CILIARY_TRANSITION_ZONE",-0.129671603603073,-0.113553393700111,-0.234862621892149,-0.0193064018538532,-0.107196488321197,0.51922374074064
"GOBP_PROTEIN_LOCALIZATION_TO_CILIUM",-0.00174617878460676,0.0812737133714729,0.0823601001171449,-0.137620427613939,-0.130083736212744,0.172562066266794
"GOBP_PROTEIN_LOCALIZATION_TO_CONDENSED_CHROMOSOME",-0.32033813070692,-0.39067527582536,-0.608387795350427,0.494580667495257,0.513829602659589,0.291417071038784
"GOBP_PROTEIN_LOCALIZATION_TO_CYTOSKELETON",0.0636378228870003,-0.268683732194422,-0.118267702433831,0.152150200206155,-0.0749567033895765,0.327123404354783
"GOBP_PROTEIN_LOCALIZATION_TO_ENDOPLASMIC_RETICULUM",-0.186656547950586,-0.116072551629783,0.223450895295643,-0.0316084938854021,0.180541521035399,0.110221474399346
"GOBP_PROTEIN_LOCALIZATION_TO_ENDOSOME",0.275429934426384,-0.355591275930469,0.339121514659469,-0.334176342818576,-0.146634039401764,0.0688880368364122
"GOBP_PROTEIN_LOCALIZATION_TO_EXTRACELLULAR_REGION",0.126017895005354,0.109011928075757,0.0741418654615906,-0.0917339083633391,-0.141332263905584,-0.0470019001819009
"GOBP_PROTEIN_LOCALIZATION_TO_GOLGI_APPARATUS",0.395520819176473,-0.0577088908661754,0.21515618302843,-0.109949155482581,-0.395036948292121,0.163183322469037
"GOBP_PROTEIN_LOCALIZATION_TO_LYSOSOME",0.185502500865651,0.000456017175674006,0.242671897478967,-0.308004483070317,0.0995617181524562,-0.194904454570457
"GOBP_PROTEIN_LOCALIZATION_TO_MEMBRANE",0.183710618152496,0.0895177162675324,0.0388819909710817,-0.126296569037423,-0.167895002504799,-0.00889588527396096
"GOBP_PROTEIN_LOCALIZATION_TO_MICROTUBULE",0.250955754163706,0.1717432572517,0.118263319132099,-0.241348896529401,-0.345667308175048,0.242875099016558
"GOBP_PROTEIN_LOCALIZATION_TO_MICROTUBULE_ORGANIZING_CENTER",0.0632495331527698,-0.395261953911715,-0.192164571982222,0.315681563585624,0.0257170637079591,0.34256498734661
"GOBP_PROTEIN_LOCALIZATION_TO_MITOCHONDRION",-0.00927039029902013,-0.202389193241355,0.552649849266358,-0.07723895970464,0.209157309621926,-0.431546847216802
"GOBP_PROTEIN_LOCALIZATION_TO_NUCLEOLUS",-0.351384436306678,-0.236329561596158,-0.315505976341817,0.272989630216002,0.566216812913661,0.0485723147712808
"GOBP_PROTEIN_LOCALIZATION_TO_NUCLEUS",-0.0945316947203561,-0.306483570488226,-0.209766630319681,0.222996862191817,0.215592925280784,0.186133352233914
"GOBP_PROTEIN_LOCALIZATION_TO_PHAGOPHORE_ASSEMBLY_SITE",0.307217532902959,0.0727747036178589,0.0841766591392381,-0.429973391839761,-0.480936839554878,0.241991416276581
"GOBP_PROTEIN_LOCALIZATION_TO_PLASMA_MEMBRANE",0.199532023168075,0.14983579682526,0.0396064525594277,-0.142138642671343,-0.180959706422167,-0.0470122778603647
"GOBP_PROTEIN_LOCALIZATION_TO_POSTSYNAPSE",0.224138259203579,0.170579210220358,0.0757359188337008,-0.390836803041465,-0.212362766304778,0.133844270547734
"GOBP_PROTEIN_LOCALIZATION_TO_SITE_OF_DOUBLE_STRAND_BREAK",-0.584884081479192,-0.488774890337142,-0.419958282225455,0.361073536119509,0.453264446655548,0.560895637045782
"GOBP_PROTEIN_LOCALIZATION_TO_SYNAPSE",0.231376166916222,0.177540430538834,0.21597840544682,-0.361402399790717,-0.332941154558026,0.065084961937773
"GOBP_PROTEIN_LOCALIZATION_TO_VACUOLE",0.0694815890243439,-0.120732408626688,0.230949484733594,-0.15738733189604,-0.00198682956906493,-0.0080038753204098
"GOBP_PROTEIN_MATURATION",-0.21188494746192,-0.105918692289524,0.0643217538029505,0.00199132454381418,0.238111106421679,-0.000249708292065887
"GOBP_PROTEIN_METHYLATION",0.0318560698973306,-0.274941679041263,0.26367444533578,-0.151870001316895,0.396594150108656,-0.313701752698123
"GOBP_PROTEIN_MODIFICATION_BY_SMALL_PROTEIN_REMOVAL",0.231898105439229,-0.42079913035251,0.160185230511335,-0.135761385002414,-0.0607740932255818,0.147555182394205
"GOBP_PROTEIN_MONOUBIQUITINATION",0.0775665439794666,-0.342389306270962,0.195041732335693,-0.0505870731590168,-0.186216464134634,0.186138629848789
"GOBP_PROTEIN_N_LINKED_GLYCOSYLATION",-0.138328229861587,-0.220457206559768,-0.224035078762746,0.187140947308158,0.290201052738708,0.0194112986196128
"GOBP_PROTEIN_N_LINKED_GLYCOSYLATION_VIA_ASPARAGINE",-0.385148679447305,-0.395794038247761,-0.416450882284648,0.166414038348748,0.639325498382911,0.416710597547226
"GOBP_PROTEIN_NEDDYLATION",-0.130977764689261,0.122502152984712,0.499590732301362,-0.472457403236304,0.368451014974975,-0.461760377927016
"GOBP_PROTEIN_O_LINKED_GLYCOSYLATION",0.0571233437782987,0.0247336615815063,-0.280622804691074,0.0694883606909521,-0.134213102763968,0.209597443814848
"GOBP_PROTEIN_O_LINKED_GLYCOSYLATION_VIA_MANNOSE",0.159113759713287,-0.0869930156130584,0.15029551681724,-0.359655474067953,-0.288712220483208,0.473617646414911
"GOBP_PROTEIN_O_LINKED_GLYCOSYLATION_VIA_N_ACETYL_GALACTOSAMINE",0.296294413587174,-0.00515138076779897,-0.333694066481095,0.0862623788186429,-0.244926073468541,0.160034290245484
"GOBP_PROTEIN_O_LINKED_GLYCOSYLATION_VIA_XYLOSE",-0.252575130138525,0.0127567964557745,-0.385982410921305,0.208198606632354,0.104832202183481,0.318451094368072
"GOBP_PROTEIN_PALMITOYLATION",0.26974430278148,0.348603980018248,-0.00962859043362241,-0.244918609280311,-0.355322222979126,-0.0531687321024135
"GOBP_PROTEIN_POLYMERIZATION",0.173209675429631,-0.105895707873913,-0.0393755507455298,0.0151898523226764,-0.0875659829175311,-0.0100958000595167
"GOBP_PROTEIN_POLYUBIQUITINATION",0.163280375765668,-0.252103513085807,0.0554629321570956,-0.00201637424559137,-0.0632390265408359,0.10295507727499
"GOBP_PROTEIN_PROCESSING",-0.179805502302583,0.00832226472923414,-0.120786137929044,0.0981297679908296,0.125193546521836,0.0278363629882623
"GOBP_PROTEIN_QUALITY_CONTROL_FOR_MISFOLDED_OR_INCOMPLETELY_SYNTHESIZED_PROTEINS",0.0629780109743339,-0.128262910583142,0.405965305593013,-0.242449566454371,-0.207796365797515,-0.116849310754904
"GOBP_PROTEIN_REFOLDING",-0.0692999855631349,-0.369251522912917,0.43513350982792,-0.130698106423335,0.180975755416151,-0.100463436128559
"GOBP_PROTEIN_RNA_COMPLEX_ORGANIZATION",-0.407223197970942,-0.378530918892301,-0.0504352919263436,0.258439301847887,0.452545542491383,0.203305015210075
"GOBP_PROTEIN_STABILIZATION",0.0613029350353794,-0.14410939328028,0.107825129998515,-0.100578953419216,0.0148045069865348,0.033632597728485
"GOBP_PROTEIN_SUMOYLATION",0.163801200222163,-0.401752510650477,-0.137546103413959,0.144237496665218,0.0443409157143953,0.277474843139133
"GOBP_PROTEIN_TARGETING",0.100974779697831,-0.159325012048303,0.248197799835943,-0.178195544968531,0.0322040423866506,-0.109108741136911
"GOBP_PROTEIN_TARGETING_TO_LYSOSOME",0.176447287625917,-0.0312884691141077,0.11099750555935,-0.340940227015697,0.0865069856774425,0.097055446859199
"GOBP_PROTEIN_TARGETING_TO_MEMBRANE",0.0933042944525174,-0.0888532910581683,0.174907986103214,-0.209594484662898,0.0547178049277695,-0.0999291569560731
"GOBP_PROTEIN_TARGETING_TO_MITOCHONDRION",0.162084265609834,-0.13711598116637,0.403337711417959,-0.284383483177876,-0.0357358752105969,-0.273325242971465
"GOBP_PROTEIN_TARGETING_TO_VACUOLE",0.118601285524218,-0.16902989229217,0.10978608440068,-0.160273303911641,-0.0468650968796673,0.118897029982775
"GOBP_PROTEIN_TETRAMERIZATION",0.094824487222409,0.135123205472229,-0.106973264180806,0.0899312820823329,-0.048819596502922,-0.16842656159161
"GOBP_PROTEIN_TRANSMEMBRANE_IMPORT_INTO_INTRACELLULAR_ORGANELLE",0.219335093930388,-0.303015323523485,0.494620057387255,0.0803503274845171,0.0941016828401439,-0.49244465467448
"GOBP_PROTEIN_TRANSMEMBRANE_TRANSPORT",-0.0697836249252173,0.0064935611219161,0.359260046219691,-0.152142021140237,0.362611760372463,-0.395019111280004
"GOBP_PROTEIN_TRANSPORT_ALONG_MICROTUBULE",0.582824382685991,-0.446570831681946,0.421190412022167,-0.142438138299924,-0.513109297922809,-0.0140243410977674
"GOBP_PROTEIN_TRANSPORT_TO_VACUOLE_INVOLVED_IN_UBIQUITIN_DEPENDENT_PROTEIN_CATABOLIC_PROCESS_VIA_THE_MULTIVESICULAR_BODY_SORTING_PATHWAY",-0.281707827143645,-0.335221033199938,0.221891575585933,0.0925800979734589,-0.110307178170289,0.385463324200847
"GOBP_PROTEIN_TRIMERIZATION",-0.196652671157216,0.420772680214516,-0.238259535129125,0.137674343605743,0.0876523091506498,-0.061357466917064
"GOBP_PROTEINOGENIC_AMINO_ACID_BIOSYNTHETIC_PROCESS",0.0789253393300374,-0.0385093745873716,0.336889110429925,-0.24343912132597,0.286454205777602,-0.25038109962738
"GOBP_PROTEOGLYCAN_BIOSYNTHETIC_PROCESS",-0.192137150459098,0.181335502118017,-0.326577887480741,0.181812520396728,-0.0236505287919286,0.180210252928512
"GOBP_PROTEOGLYCAN_CATABOLIC_PROCESS",-0.359493941113305,-0.011933598633571,-0.613306074385055,0.602620765534482,0.45588396762914,-0.195601506772687
"GOBP_PROTEOGLYCAN_METABOLIC_PROCESS",-0.241739612566345,0.159324967933116,-0.391176506262022,0.271303990521879,0.0830965563980027,0.169460339277217
"GOBP_PROTON_MOTIVE_FORCE_DRIVEN_ATP_SYNTHESIS",-0.0620679182392851,0.565218540437564,0.744275438701739,-0.60099769525762,0.043075464058733,-0.622734507335195
"GOBP_PROTON_TRANSMEMBRANE_TRANSPORT",0.00224489735357347,0.339982372418482,0.52149506254312,-0.275346503788324,0.0972570185935772,-0.547660601032376
"GOBP_PROXIMAL_DISTAL_PATTERN_FORMATION",-0.195359358861033,-0.00105928432711988,-0.217918926108044,0.423842562085187,-0.18212828716299,0.317080301311739
"GOBP_PSEUDOURIDINE_SYNTHESIS",-0.400927923186545,-0.408982243929151,0.113313378729083,0.0235535042031612,0.562381288859775,0.196171210510875
"GOBP_PTERIDINE_CONTAINING_COMPOUND_METABOLIC_PROCESS",0.044332226383594,-0.307332703157771,0.196955160803353,0.0679732286417172,0.399110143855622,-0.393005439989712
"GOBP_PULMONARY_VALVE_DEVELOPMENT",0.306060657199817,0.113193015566532,-0.336025669203649,-0.0854736115611339,-0.119832937416182,-0.0402239526505926
"GOBP_PULMONARY_VALVE_MORPHOGENESIS",0.307054455470595,0.177093756395169,-0.194632007510178,-0.115302311251649,-0.1619702963798,-0.201763389588575
"GOBP_PURINE_CONTAINING_COMPOUND_BIOSYNTHETIC_PROCESS",0.15176735509435,0.282365193229157,0.455943884405145,-0.341604556085173,0.00717032059688513,-0.459268145013924
"GOBP_PURINE_CONTAINING_COMPOUND_CATABOLIC_PROCESS",0.141615864425946,-0.0233375188264592,0.13773408355214,0.0917954448431054,-0.177927788628781,-0.15335829471941
"GOBP_PURINE_CONTAINING_COMPOUND_METABOLIC_PROCESS",0.186520992111739,0.144871387925135,0.348089301312988,-0.255881597307014,-0.0582801115166265,-0.348082070447412
"GOBP_PURINE_CONTAINING_COMPOUND_SALVAGE",-0.223137748601905,0.0304194984581739,-0.0376052952932954,0.043169952971925,0.264797383295273,-0.203292899925405
"GOBP_PURINE_CONTAINING_COMPOUND_TRANSMEMBRANE_TRANSPORT",-0.286625825996914,-0.211980183293276,-0.0122915126564248,0.131909749778255,0.211930272193187,0.061001778587082
"GOBP_PURINE_DEOXYRIBONUCLEOTIDE_METABOLIC_PROCESS",-0.239168669578308,0.292625732005934,-0.297840119073115,0.161221342344531,0.445927632213113,-0.250195440184718
"GOBP_PURINE_NUCLEOBASE_METABOLIC_PROCESS",-0.318064249251218,-0.293389524227723,-0.139952919552104,0.0391458337968353,0.480156174038065,0.091416199289047
"GOBP_PURINE_NUCLEOSIDE_METABOLIC_PROCESS",-0.339855332149592,0.112394703540513,-0.359297870259272,0.113071068546406,0.40833968997569,0.0125613816245421
"GOBP_PURINE_NUCLEOSIDE_MONOPHOSPHATE_BIOSYNTHETIC_PROCESS",-0.359210655001414,-0.296484148125961,-0.064730047801227,0.170355511497301,0.607149940952968,-0.2544132645124
"GOBP_PURINE_NUCLEOSIDE_MONOPHOSPHATE_METABOLIC_PROCESS",-0.248384500743884,-0.231139310601211,-0.0644624993339728,0.232775572311192,0.314682516979943,-0.207971104297195
"GOBP_PURINE_NUCLEOTIDE_SALVAGE",0.134106173818421,0.0573655315809313,0.119839748847392,-0.118707584110319,0.0583286705646711,-0.300849066689875
"GOBP_PURINE_NUCLEOTIDE_TRANSPORT",-0.108136201514406,-0.276294034085063,-0.243359270132175,0.184926834845734,0.0831187919985905,0.388450634489877
"GOBP_PURINERGIC_NUCLEOTIDE_RECEPTOR_SIGNALING_PATHWAY",0.0326512761124725,0.0460879412947729,-0.33886556988465,0.090283526152072,0.438699727740609,-0.153026981932288
"GOBP_PYRIDINE_CONTAINING_COMPOUND_BIOSYNTHETIC_PROCESS",0.237566978695102,-0.0112859214905639,0.347652461607479,-0.10581742640948,-0.424024175749772,-0.280480403749414
"GOBP_PYRIDINE_CONTAINING_COMPOUND_CATABOLIC_PROCESS",0.143706681911894,-0.0366229854002878,0.251328572206302,0.114347671196615,-0.252419727123468,-0.204580035319805
"GOBP_PYRIDINE_CONTAINING_COMPOUND_METABOLIC_PROCESS",0.141664893326602,-0.0435044719982708,0.305804020181527,0.0204766540717122,-0.114359370975575,-0.283317526079994
"GOBP_PYRIMIDINE_CONTAINING_COMPOUND_BIOSYNTHETIC_PROCESS",-0.407119480816407,-0.139663846559141,-0.248783123023771,0.297302411240035,0.396517603513996,-0.0179592846314194
"GOBP_PYRIMIDINE_CONTAINING_COMPOUND_CATABOLIC_PROCESS",0.139219451416171,0.0697115153364071,-0.22812775977204,0.0422968591506053,0.0437885987913585,-0.275439633877577
"GOBP_PYRIMIDINE_CONTAINING_COMPOUND_METABOLIC_PROCESS",-0.148655694689667,-0.0248447629582825,-0.270583144302575,0.168376596961498,0.230307764536496,-0.104231133302299
"GOBP_PYRIMIDINE_DEOXYRIBONUCLEOTIDE_METABOLIC_PROCESS",-0.222007044674344,0.172754341832852,-0.320575144899584,0.217079567999971,0.349077986807948,-0.293110547820707
"GOBP_PYRIMIDINE_NUCLEOBASE_METABOLIC_PROCESS",-0.345611654303311,-0.306487847101817,-0.361717878502333,0.439856425364294,0.27961770419127,0.152103289770292
"GOBP_PYRIMIDINE_NUCLEOSIDE_MONOPHOSPHATE_METABOLIC_PROCESS",-0.499059758420928,-0.186996156143831,-0.296917655072845,0.32575063149681,0.405394929195836,-0.0801162424672792
"GOBP_PYRIMIDINE_NUCLEOSIDE_TRIPHOSPHATE_METABOLIC_PROCESS",-0.261948527938352,-0.156621942312594,0.0345413542493304,0.33108942363586,0.348790868515185,-0.289817200968956
"GOBP_PYRIMIDINE_NUCLEOTIDE_BIOSYNTHETIC_PROCESS",-0.49889233869821,-0.252107984510844,-0.286086569911093,0.481238401858385,0.457058617596405,-0.0166756351555592
"GOBP_PYRIMIDINE_NUCLEOTIDE_CATABOLIC_PROCESS",0.147974273512997,0.128437757647221,-0.266505802707403,-0.0561515310721343,0.0271016080262901,-0.27373480288573
"GOBP_PYRIMIDINE_NUCLEOTIDE_METABOLIC_PROCESS",-0.261014077104254,-0.0492478980437943,-0.285892301155042,0.242729466934738,0.297017274340571,-0.108508313333403
"GOBP_PYRIMIDINE_RIBONUCLEOTIDE_BIOSYNTHETIC_PROCESS",-0.5510304230843,-0.204943466083579,-0.200730984621647,0.467133736190593,0.413687558144011,0.0546313566468356
"GOBP_PYRIMIDINE_RIBONUCLEOTIDE_METABOLIC_PROCESS",-0.317848042475178,-0.0836679079771173,-0.0237129391128652,0.120341655741653,0.151432463074885,-0.0633024343493495
"GOBP_PYROPTOTIC_INFLAMMATORY_RESPONSE",-0.402402251650691,-0.327932073716266,-0.393372731271629,0.482740492615923,0.258751505378726,0.286982574485248
"GOBP_PYRUVATE_DECARBOXYLATION_TO_ACETYL_COA",0.558808791350952,0.0899435571005182,0.599388666918008,-0.509032325288603,-0.436502542480487,-0.254197308874553
"GOBP_PYRUVATE_METABOLIC_PROCESS",0.245882962795349,-0.0200197068895067,0.313928971679698,-0.0860565524322536,-0.229925324415751,-0.257325193123928
"GOBP_QUINONE_BIOSYNTHETIC_PROCESS",0.217976392689675,0.0300612564251533,0.496045452606208,-0.301121618568531,-0.0105410606373017,-0.476273194880456
"GOBP_QUINONE_METABOLIC_PROCESS",0.218729592763169,0.142399994034521,0.483798123211389,-0.327158568033193,-0.00646225135458023,-0.463811430044682
"GOBP_RAB_PROTEIN_SIGNAL_TRANSDUCTION",0.348514027594683,-0.00126561831964481,0.25458216614198,-0.119935626524678,-0.301755440931682,-0.22891280716275
"GOBP_RAC_PROTEIN_SIGNAL_TRANSDUCTION",0.375353764441054,-0.0354516187447256,0.268514912845991,-0.218253686591521,-0.290127481750374,0.0132376326672873
"GOBP_RAP_PROTEIN_SIGNAL_TRANSDUCTION",0.484897921072047,0.184141180426627,-0.0906741370358557,-0.203912923839635,-0.475503437134887,0.0694495070980454
"GOBP_RAS_PROTEIN_SIGNAL_TRANSDUCTION",0.172826950579757,-0.0836825243099542,-0.112947341673859,0.135595189377199,-0.138842940641492,0.00902709642522237
"GOBP_REACTIVE_NITROGEN_SPECIES_METABOLIC_PROCESS",-0.168675730474585,0.144694560509923,-0.0598159845291744,0.122402525214212,0.163989087053749,-0.0375414920778965
"GOBP_REACTIVE_OXYGEN_SPECIES_BIOSYNTHETIC_PROCESS",0.0127259036082223,0.106252266179385,-0.0719732144570198,0.0726905504506933,-0.0431008496831191,-0.00708768929388212
"GOBP_REACTIVE_OXYGEN_SPECIES_METABOLIC_PROCESS",-0.177853291201532,0.0457243041448933,-0.183658685004402,0.158445436786736,0.16684157082388,0.0534795110871595
"GOBP_RECEPTOR_CATABOLIC_PROCESS",-0.00497496921518797,-0.0716311206177126,-0.246595279051387,0.087979494036185,-0.0419497839298911,0.0995018190373016
"GOBP_RECEPTOR_CLUSTERING",0.220717510453519,0.0864143637135991,0.0545679988647915,-0.0624062247240297,-0.185638361163829,-0.0684219068134991
"GOBP_RECEPTOR_INTERNALIZATION",0.0465432303973758,0.0920879268620027,-0.076553291823537,0.00339162085637243,-0.0505064011001053,-0.0288904888207596
"GOBP_RECEPTOR_LOCALIZATION_TO_SYNAPSE",0.240408398416857,0.078385889042116,0.16188627157327,-0.395911505420004,-0.223105009149717,0.0855381480845054
"GOBP_RECEPTOR_MEDIATED_ENDOCYTOSIS",0.0495666620568799,0.0426006989672177,-0.0589871484302245,0.119540323664213,-0.0794121345579591,-0.0661200222143483
"GOBP_RECEPTOR_METABOLIC_PROCESS",0.230563699122604,-0.019981990879852,0.0399366786910477,-0.195484951008419,-0.0965347996294511,-0.0790125932669782
"GOBP_RECEPTOR_RECYCLING",0.300242004982401,-0.0818466796114284,0.239526006709676,-0.309421219484188,-0.123259289621985,-0.154349525559023
"GOBP_RECOMBINATIONAL_REPAIR",-0.194742294077239,-0.39254709289591,-0.256530952591046,0.302851645652612,0.274272447817346,0.190415485956669
"GOBP_REGENERATION",-0.107246098261288,0.126468622198699,-0.0595472464591205,0.0382665368368492,-0.123757377821392,0.153548600306212
"GOBP_REGULATED_EXOCYTOSIS",0.13473156669441,0.0132676053434203,-0.116643000430049,0.0976921035651978,-0.0915524844745958,-0.0657790725603241
"GOBP_REGULATION_OF_ACTIN_FILAMENT_BASED_MOVEMENT",0.375864830762487,0.00482907642500108,0.183259867123869,-0.355797823551271,-0.349348360355862,-0.0594966260452233
"GOBP_REGULATION_OF_ACTIN_FILAMENT_BASED_PROCESS",0.234329673965095,0.0578886181855461,-0.0216393331976777,-0.0587459729261587,-0.194875122589146,-0.0767211233814624
"GOBP_REGULATION_OF_ACTIN_FILAMENT_BUNDLE_ASSEMBLY",0.241896199027476,0.158512804462668,-0.0283288742589217,-0.202752142281917,-0.205891304546283,-0.04579235008422
"GOBP_REGULATION_OF_ACTIN_FILAMENT_LENGTH",0.173378356965723,-0.0396201064043504,-0.0831016805786507,0.0162299293555052,-0.095506773981665,-0.0617943448416201
"GOBP_REGULATION_OF_ACTIN_FILAMENT_ORGANIZATION",0.215319162560946,0.0275555839839215,-0.010059327048454,-0.109135908701055,-0.151442733927453,-0.061550068942688
"GOBP_REGULATION_OF_ACTIN_FILAMENT_POLYMERIZATION",0.146488242444231,-0.0789571104554837,-0.126660183336136,0.085753646277327,-0.0762920063377903,-0.038994697231557
"GOBP_REGULATION_OF_ACTIN_NUCLEATION",0.111937880975018,-0.0295729203331239,0.130277746748699,0.0553916913376091,-0.138120726316442,-0.309173313629437
"GOBP_REGULATION_OF_ACTION_POTENTIAL",0.289911064648577,0.272575463476975,0.0976871146958818,-0.343531059952368,-0.348079498581078,-0.0992428599350638
"GOBP_REGULATION_OF_ACTIVIN_RECEPTOR_SIGNALING_PATHWAY",0.185231986233573,-0.253643265590706,-0.165763439777562,0.124185110034167,-0.345154079288277,0.1741984489807
"GOBP_REGULATION_OF_ACTOMYOSIN_STRUCTURE_ORGANIZATION",0.27429719796103,0.0991559162017473,-0.0337955488188036,-0.239895017165602,-0.203822892974017,0.0288366019101415
"GOBP_REGULATION_OF_ACUTE_INFLAMMATORY_RESPONSE",-0.384007036877904,-0.212931057764177,-0.466462183864561,0.452958444948502,0.506712377363846,-0.22944838101746
"GOBP_REGULATION_OF_ADAPTIVE_IMMUNE_RESPONSE",-0.160304298188164,-0.23658443758899,-0.310917605431062,0.427671242328653,0.203699365703331,-0.0423033722045265
"GOBP_REGULATION_OF_ADENYLATE_CYCLASE_ACTIVATING_G_PROTEIN_COUPLED_RECEPTOR_SIGNALING_PATHWAY",0.303327294300486,-0.180892214394199,-0.00247666372916627,-0.0930578706242834,-0.201255467050638,0.0446075531103936
"GOBP_REGULATION_OF_ADIPOSE_TISSUE_DEVELOPMENT",0.464265849594647,-0.280601483198434,-0.00155608726327994,-0.0676578623679783,-0.168229648096899,-0.153237017644585
"GOBP_REGULATION_OF_AEROBIC_RESPIRATION",0.171499267386314,0.389096493001879,0.325373633129949,-0.412043619607367,0.237410934977569,-0.522719648934332
"GOBP_REGULATION_OF_ALCOHOL_BIOSYNTHETIC_PROCESS",0.20623095446715,0.158887233748509,0.0429036446994677,-0.09187548507885,-0.0737796562911749,-0.236802403211504
"GOBP_REGULATION_OF_ALPHA_BETA_T_CELL_ACTIVATION",-0.203603077815478,-0.175011874125523,-0.180029168869473,0.443037215561527,0.226769913093841,-0.112642620494374
"GOBP_REGULATION_OF_ALPHA_BETA_T_CELL_DIFFERENTIATION",-0.200803030074161,-0.232424132600871,-0.264574212060624,0.506603728788301,0.219782281092581,-0.0307466326786456
"GOBP_REGULATION_OF_ALTERNATIVE_MRNA_SPLICING_VIA_SPLICEOSOME",-0.352289217326638,-0.132806007940526,-0.309662834122103,0.209707828032487,0.249379433566941,0.34584336270544
"GOBP_REGULATION_OF_AMIDE_METABOLIC_PROCESS",-0.122561797728904,-0.0267837359215657,0.0969012038271417,-0.0890055658905392,0.134823717748994,-0.0195455047857961
"GOBP_REGULATION_OF_AMINE_METABOLIC_PROCESS",0.0863355848698764,0.309498502958942,-0.108190275255445,-0.436410359412819,0.240167253811124,-0.00972583973851907
"GOBP_REGULATION_OF_AMINO_ACID_TRANSPORT",0.215605290109885,-0.202402090020997,0.190554897226366,-0.0517118590581859,-0.169083685849706,-0.00618677182125199
"GOBP_REGULATION_OF_AMPA_RECEPTOR_ACTIVITY",-0.440585462982465,-0.131387232527685,0.476692904153358,-0.302173586414857,0.341197424880714,-0.196660517034823
"GOBP_REGULATION_OF_AMYLOID_PRECURSOR_PROTEIN_CATABOLIC_PROCESS",-0.204480385095835,-0.0431134134480036,-0.107304757867249,-0.0384807560251594,0.292770221031932,0.153952101893638
"GOBP_REGULATION_OF_ANATOMICAL_STRUCTURE_SIZE",0.202600384957153,0.0378979953308655,-0.0548810428651941,-0.0831190936531055,-0.151668597670828,0.000105183826401928
"GOBP_REGULATION_OF_ANDROGEN_RECEPTOR_SIGNALING_PATHWAY",-0.0254605772324255,-0.0160167040093796,0.0157075510118591,0.167347250127497,-0.300855081706658,0.30374350506438
"GOBP_REGULATION_OF_ANIMAL_ORGAN_FORMATION",-0.101359824340948,0.337093940370507,-0.388191743105401,0.231004630407751,-0.303305055226636,0.245400126660322
"GOBP_REGULATION_OF_ANIMAL_ORGAN_MORPHOGENESIS",-0.10737182263629,0.405800938014383,-0.273653326006794,0.0311380801139084,-0.136078994743636,0.142522931984279
"GOBP_REGULATION_OF_ANOIKIS",0.279934014892526,-0.00405391191614116,-0.151040625232719,-0.285967243209856,-0.239364549007451,0.382033058439825
"GOBP_REGULATION_OF_ANTIGEN_PROCESSING_AND_PRESENTATION",-0.423974306884254,0.191879834151261,-0.41296080987625,0.534129387229154,0.245123792203658,-0.266260240318997
"GOBP_REGULATION_OF_ANTIGEN_RECEPTOR_MEDIATED_SIGNALING_PATHWAY",0.166296740452816,-0.330423736402091,-0.433679654512162,0.416474313348668,0.26119989040869,-0.0496995669073382
"GOBP_REGULATION_OF_APOPTOTIC_SIGNALING_PATHWAY",-0.112353849555505,-0.140875335804547,-0.103050945154472,0.118738889763743,0.124341591109637,0.092118560284207
"GOBP_REGULATION_OF_ARP2_3_COMPLEX_MEDIATED_ACTIN_NUCLEATION",0.146646329972156,-0.0517993204969081,0.143762717168896,-0.10877984219445,-0.158737306256182,-0.347440237916327
"GOBP_REGULATION_OF_ASTROCYTE_DIFFERENTIATION",-0.198266461379339,0.277154192731819,-0.237023707717113,-0.194008158188645,-0.0996214628954384,0.385241996553056
"GOBP_REGULATION_OF_ATP_BIOSYNTHETIC_PROCESS",-0.20485758237432,-0.0512658039349977,0.346694844910144,-0.135095123840981,0.232741615677911,-0.23647325041719
"GOBP_REGULATION_OF_ATP_DEPENDENT_ACTIVITY",-0.294888968268056,-0.127827632886247,0.101298978086573,-0.0834892167694526,0.249187928973662,0.271559411739535
"GOBP_REGULATION_OF_ATTACHMENT_OF_SPINDLE_MICROTUBULES_TO_KINETOCHORE",-0.284161652289573,-0.253554056440181,-0.50957030519862,0.272809276104251,0.554504317174073,0.44598680358141
"GOBP_REGULATION_OF_AUTOPHAGOSOME_ASSEMBLY",0.187881819047546,-0.22864204861445,0.0837638130373396,-0.239126109830884,-0.180913360518328,0.355168197126726
"GOBP_REGULATION_OF_AUTOPHAGOSOME_MATURATION",0.22851226694535,0.16564207361741,0.14671561378237,-0.108522057689946,-0.344605477507513,-0.0966924030347782
"GOBP_REGULATION_OF_AUTOPHAGY",0.175909887769068,-0.125042367675925,0.240723302229145,-0.062896195924864,-0.140461345097502,-0.0729840797377038
"GOBP_REGULATION_OF_AUTOPHAGY_OF_MITOCHONDRION",0.189683582684365,0.0113667609423822,0.411664228163246,-0.123332248213133,-0.0861251752409671,-0.352658227781799
"GOBP_REGULATION_OF_AXON_EXTENSION",0.273604584159122,-0.118478022698181,-0.0155130500535274,-0.0651312330777625,-0.25940369889585,0.105418163306184
"GOBP_REGULATION_OF_AXONOGENESIS",0.250698474427585,-0.030995934707891,-0.00763698983890404,-0.0749339201160263,-0.32601075371807,0.0996621882432646
"GOBP_REGULATION_OF_B_CELL_ACTIVATION",-0.111522537508214,-0.261062291248199,-0.400509873670228,0.399295315936815,0.164944271847298,0.0894236931971578
"GOBP_REGULATION_OF_B_CELL_APOPTOTIC_PROCESS",-0.228418316544129,-0.602301093776425,-0.499895022040001,0.431746405198298,0.375991101351677,0.452659225328017
"GOBP_REGULATION_OF_B_CELL_DIFFERENTIATION",-0.228111897209273,-0.0511481639202486,-0.49214121876825,0.425104626645911,0.102188374919479,0.286770841531521
"GOBP_REGULATION_OF_B_CELL_MEDIATED_IMMUNITY",-0.215611326153383,-0.276592790653884,-0.372952732869461,0.498206935217832,0.117860341005843,0.120766714758598
"GOBP_REGULATION_OF_B_CELL_PROLIFERATION",-0.140676852228708,-0.261268861579565,-0.434466964200036,0.41785114082572,0.3574086362595,-0.0156517552717304
"GOBP_REGULATION_OF_B_CELL_RECEPTOR_SIGNALING_PATHWAY",0.079502471208368,-0.326137348584619,-0.458011495347258,0.339233212115885,0.489621779789399,-0.180666778848341
"GOBP_REGULATION_OF_BEHAVIOR",0.101411423568319,-0.0419042269076658,-0.206850226530631,-0.0481545692568581,-0.0824354167837127,0.313869333688503
"GOBP_REGULATION_OF_BICELLULAR_TIGHT_JUNCTION_ASSEMBLY",-0.076311888555886,0.346297953587283,0.295101063255057,-0.316901309898596,-0.334395371795478,0.189323577219134
"GOBP_REGULATION_OF_BINDING",0.039758739854811,0.000849743143315096,-0.194207838462225,0.16995666483381,-0.165900620035126,0.162623570494908
"GOBP_REGULATION_OF_BIOLOGICAL_PROCESS_INVOLVED_IN_SYMBIOTIC_INTERACTION",-0.155478319387622,0.355010294220265,-0.194684750631167,-0.067210460022964,0.231192530793079,-0.192733269823892
"GOBP_REGULATION_OF_BIOMINERAL_TISSUE_DEVELOPMENT",0.215667482839014,0.182620478506986,-0.130634654158725,-0.143136843046943,-0.285168133815323,0.0177922159980047
"GOBP_REGULATION_OF_BLOOD_CIRCULATION",0.286290256251673,0.181400908956601,0.0984673489079962,-0.195335014353752,-0.251303788580778,-0.207899193327895
"GOBP_REGULATION_OF_BLOOD_PRESSURE",-0.0178772119909994,0.30965821728374,-0.0731431965589549,-0.196827737800114,0.0290267073667838,-0.158786739900832
"GOBP_REGULATION_OF_BMP_SIGNALING_PATHWAY",0.188589341998324,0.102711839908391,-0.0314271970398315,-0.0641023374396057,-0.241760318739359,0.0506206373010881
"GOBP_REGULATION_OF_BODY_FLUID_LEVELS",0.0509756511662203,0.0731687251860895,-0.242695100813242,0.162938472804427,0.0521390726210985,-0.026817614504716
"GOBP_REGULATION_OF_BONE_MINERALIZATION",0.227655743652346,0.177900563407698,-0.134098968357435,-0.126076083479541,-0.322976405818305,-0.0453173543819851
"GOBP_REGULATION_OF_BONE_REMODELING",0.166708819240316,0.133061695167768,-0.230984011884273,0.139483230023505,0.00196344053058758,-0.195319538173122
"GOBP_REGULATION_OF_BROWN_FAT_CELL_DIFFERENTIATION",0.079982927784414,-0.424072447487303,-0.124202811417209,0.323134068575779,0.0862406519860238,0.119595305281838
"GOBP_REGULATION_OF_CALCINEURIN_MEDIATED_SIGNALING",0.121460329583485,0.0794738015459661,-0.258702952844501,0.110732772276598,0.0513333065513515,-0.104001201413288
"GOBP_REGULATION_OF_CALCIUM_ION_DEPENDENT_EXOCYTOSIS",0.22218047152963,0.0557419468361816,0.0809978666510793,-0.100639011173226,-0.318847584248203,-0.0654560802708951
"GOBP_REGULATION_OF_CALCIUM_ION_IMPORT",0.252655237838493,-0.0835748573074497,-0.127809170761691,-0.172394813991976,0.0341506469202815,0.190822794059132
"GOBP_REGULATION_OF_CALCIUM_ION_TRANSMEMBRANE_TRANSPORT",0.160078576636757,0.0722459491646982,0.00739778192906868,-0.0411894576056878,-0.0957997905854255,-0.14209156758006
"GOBP_REGULATION_OF_CALCIUM_ION_TRANSPORT",0.121797422550947,0.0564156001342375,0.0534468768582353,-0.0115370992754142,-0.0617994853136856,-0.121837063962244
"GOBP_REGULATION_OF_CALCIUM_MEDIATED_SIGNALING",0.164090931046396,0.102608658151751,-0.285699098622538,0.0796118698599109,0.119064399468773,-0.086755571199173
"GOBP_REGULATION_OF_CAMP_PKA_SIGNAL_TRANSDUCTION",0.402602932457966,-0.129846392266024,-0.232591631054607,-0.0674732284433893,-0.253277395818509,0.285810160945782
"GOBP_REGULATION_OF_CANONICAL_WNT_SIGNALING_PATHWAY",0.0252838607158029,0.0190039603845335,-0.131879110000298,-0.00880853696648604,-0.189223053471565,0.253033273947967
"GOBP_REGULATION_OF_CARBOHYDRATE_BIOSYNTHETIC_PROCESS",0.153174891047261,0.0723404249354756,0.0745061914159442,-0.0773285429837772,-0.204345140312265,0.052827622843783
"GOBP_REGULATION_OF_CARBOHYDRATE_CATABOLIC_PROCESS",0.160304643316488,-0.0764234405882884,0.172425475806337,-0.010400777113631,-0.216145790792837,-0.0845935564232154
"GOBP_REGULATION_OF_CARBOHYDRATE_METABOLIC_PROCESS",0.204090715070768,0.0117806579190509,0.117313746888093,-0.0816042635085232,-0.249299458301023,-0.0320214782778181
"GOBP_REGULATION_OF_CARDIAC_CONDUCTION",0.516977151937335,0.0935090843587789,-0.0304908735918125,-0.192464902482833,-0.280541770999631,-0.37763571483828
"GOBP_REGULATION_OF_CARDIAC_MUSCLE_CELL_ACTION_POTENTIAL",0.320434402453052,0.178309184656315,0.267908933395317,-0.4053054367954,-0.435949927576871,-0.110515722646323
"GOBP_REGULATION_OF_CARDIAC_MUSCLE_CELL_MEMBRANE_REPOLARIZATION",0.490624850166387,0.2013612286838,0.216726364833786,-0.370877985451596,-0.366114056054069,-0.274593049177029
"GOBP_REGULATION_OF_CARDIAC_MUSCLE_CELL_PROLIFERATION",0.176270047482473,0.172976179856977,-0.241910509039537,-0.164898100044466,-0.0643291165552511,0.209709300936009
"GOBP_REGULATION_OF_CARDIAC_MUSCLE_CONTRACTION",0.329577215779214,0.0509028411388237,0.182203405177533,-0.138715344498146,-0.23475274695661,-0.214782661515876
"GOBP_REGULATION_OF_CARDIAC_MUSCLE_CONTRACTION_BY_CALCIUM_ION_SIGNALING",0.380810829690924,0.060846672335777,0.30753728366485,-0.274730927600332,-0.193869751816766,-0.386484089537396
"GOBP_REGULATION_OF_CARDIAC_MUSCLE_CONTRACTION_BY_REGULATION_OF_THE_RELEASE_OF_SEQUESTERED_CALCIUM_ION",0.362839746057979,0.185905913694003,0.410940228304513,-0.370193611373904,-0.335093689071487,-0.389954710938629
"GOBP_REGULATION_OF_CARDIOCYTE_DIFFERENTIATION",0.326266825102614,0.343571611298936,-0.0421603060518581,-0.282557551397941,-0.233083917322952,-0.167372804746184
"GOBP_REGULATION_OF_CARTILAGE_DEVELOPMENT",0.180539484837453,0.222465110494767,-0.130006862376265,-0.0324413555529742,-0.209987759877824,-0.0863195875092931
"GOBP_REGULATION_OF_CATALYTIC_ACTIVITY",0.00615982976883406,-0.0496603778941657,-0.151946150070186,0.114075983955163,0.00449193410586862,0.0939344920573871
"GOBP_REGULATION_OF_CD4_POSITIVE_ALPHA_BETA_T_CELL_ACTIVATION",-0.268194029560551,-0.12536168276564,-0.10588510896187,0.435263747809763,0.184645566074364,-0.00796949115582007
"GOBP_REGULATION_OF_CD4_POSITIVE_ALPHA_BETA_T_CELL_DIFFERENTIATION",-0.301012965157349,-0.200251252747263,-0.236831692589214,0.530716937458618,0.244886539820261,0.0583512635155435
"GOBP_REGULATION_OF_CELL_ACTIVATION",-0.124241366418515,-0.154409505616057,-0.341417941729842,0.343010053216344,0.209468875472481,0.0753830777544538
"GOBP_REGULATION_OF_CELL_ADHESION_MEDIATED_BY_INTEGRIN",0.097875825311272,0.0680699491470556,-0.364851706357525,0.329023091911697,0.182943111573387,-0.0447372479051496
"GOBP_REGULATION_OF_CELL_CELL_ADHESION",-0.104677852691686,-0.145147239152722,-0.296804815790679,0.277942388344819,0.143048565882743,0.0988478642968379
"GOBP_REGULATION_OF_CELL_CELL_ADHESION_MEDIATED_BY_CADHERIN",-0.0292388395804469,0.400328323610446,-0.0337255464098321,0.241924408158308,-0.373217579177171,-0.00167110007674282
"GOBP_REGULATION_OF_CELL_COMMUNICATION_BY_ELECTRICAL_COUPLING",0.387600589504974,-0.205463521544661,-0.00358859773875569,-0.273791744719158,-0.0255296277536314,-0.0231818856575064
"GOBP_REGULATION_OF_CELL_CYCLE_CHECKPOINT",-0.0592597834997728,-0.316340731593917,-0.3344007499893,0.302764113927498,0.353976009832774,0.045442828679217
"GOBP_REGULATION_OF_CELL_CYCLE_G1_S_PHASE_TRANSITION",-0.173079224881093,-0.15450995973115,-0.185508676572108,0.0817357031031911,0.273915773462582,0.190906509673172
"GOBP_REGULATION_OF_CELL_CYCLE_G2_M_PHASE_TRANSITION",-0.277161286889487,-0.295250964083748,-0.230042461665413,0.33850844773928,0.374279293523156,0.171936924377217
"GOBP_REGULATION_OF_CELL_CYCLE_PHASE_TRANSITION",-0.240285492806375,-0.246775062472345,-0.261472118904465,0.282691960705546,0.342867095867487,0.193765771204999
"GOBP_REGULATION_OF_CELL_DIVISION",-0.105335778622154,-0.0388752594830763,-0.0659196155646201,0.0189987936471811,0.128800356563205,0.0131902362060119
"GOBP_REGULATION_OF_CELL_FATE_COMMITMENT",-0.2906750546501,-0.0181032697036712,-0.188922960873422,0.263854068988777,0.100867174631809,0.222783140395576
"GOBP_REGULATION_OF_CELL_FATE_SPECIFICATION",-0.21015709115481,-0.175670509747209,-0.300454886848057,0.299735300923629,0.0984067567183576,0.200027295048983
"GOBP_REGULATION_OF_CELL_GROWTH",0.122285955574156,-0.0428935284460129,-0.0387330182882956,0.0110653839822912,-0.170802815551123,0.071673063354998
"GOBP_REGULATION_OF_CELL_GROWTH_INVOLVED_IN_CARDIAC_MUSCLE_CELL_DEVELOPMENT",0.300106652823454,-0.273871432466676,-0.0818559061781649,0.0369620013242934,-0.0297902645836319,0.00902581745907144
"GOBP_REGULATION_OF_CELL_JUNCTION_ASSEMBLY",0.121083322632587,0.119577337909165,-0.0181328456797772,-0.118057678962247,-0.243724371609921,0.14181160690902
"GOBP_REGULATION_OF_CELL_KILLING",-0.10531602427215,-0.140234698360664,-0.338402223692203,0.448863819504322,0.264267409611351,-0.0318780286700888
"GOBP_REGULATION_OF_CELL_MATRIX_ADHESION",0.173385365536164,-0.00541475965289043,-0.208311208419559,-0.0866742035961134,-0.0423395126241812,0.0610202788844503
"GOBP_REGULATION_OF_CELL_MIGRATION_INVOLVED_IN_SPROUTING_ANGIOGENESIS",0.146407263863148,0.0471043770072304,-0.106490982629381,-0.237870294719767,-0.189650862869959,0.262056732709105
"GOBP_REGULATION_OF_CELL_MORPHOGENESIS",0.229531268417843,-0.0900624983434956,-0.193884736130595,0.110981990764192,-0.199686860801444,0.118315533080671
"GOBP_REGULATION_OF_CELL_PROJECTION_ASSEMBLY",0.249746053690985,-0.0289563087789054,-0.0146171917249945,-0.00186953920404964,-0.139704655821289,-0.00539873281892875
"GOBP_REGULATION_OF_CELL_SHAPE",0.133221070183822,-0.178385855392161,-0.25650155163949,0.185463913470859,-0.00324924198615623,0.131302780542911
"GOBP_REGULATION_OF_CELL_SIZE",0.289018889828746,-0.0666472675009637,0.0129883713324913,-0.117181112884952,-0.203324332223831,0.0212364322118398
"GOBP_REGULATION_OF_CELL_SUBSTRATE_ADHESION",0.147181291640171,0.0164091776893119,-0.230627827536002,0.00351635332349956,-0.0744793935061556,0.0470536186342415
"GOBP_REGULATION_OF_CELL_SUBSTRATE_JUNCTION_ORGANIZATION",0.178425561753032,-0.0289827075448366,-0.133203565637849,-0.189713864467079,-0.125219427572295,0.196369378096686
"GOBP_REGULATION_OF_CELLULAR_COMPONENT_SIZE",0.199231577510457,-0.0417959160391991,-0.00479580159474707,-0.0414072492294417,-0.149510251499332,0.000244563471707981
"GOBP_REGULATION_OF_CELLULAR_EXTRAVASATION",-0.0578465976056165,0.0468998127201297,-0.44557807396252,0.296663776157911,0.28384079598101,-0.153340377795496
"GOBP_REGULATION_OF_CELLULAR_LOCALIZATION",0.140709077509017,-0.0260038156013149,0.0520364672663189,-0.0847594243835978,-0.11895727325821,0.0580275576363201
"GOBP_REGULATION_OF_CELLULAR_RESPIRATION",0.154622916901984,0.23755861486014,0.265333160480361,-0.198767640085501,0.128691398285093,-0.410336801829018
"GOBP_REGULATION_OF_CELLULAR_RESPONSE_TO_GROWTH_FACTOR_STIMULUS",0.0446547969039844,0.0483413901442306,-0.181248234239715,-0.023970621828929,-0.133640352715626,0.174162378341771
"GOBP_REGULATION_OF_CELLULAR_RESPONSE_TO_HEAT",0.147438094422921,-0.531652334994962,0.0439685038634958,0.0703795854174454,0.0213404086659221,0.38464003226308
"GOBP_REGULATION_OF_CELLULAR_RESPONSE_TO_HYPOXIA",-0.0315403076626699,-0.119243794752619,0.265482241362176,-0.057659425663245,-0.0759450093763127,-0.00736970998228842
"GOBP_REGULATION_OF_CELLULAR_RESPONSE_TO_INSULIN_STIMULUS",0.29633229159957,-0.249131837025146,0.351309227076057,-0.168735821333104,-0.242780991677567,-0.0560813819632777
"GOBP_REGULATION_OF_CELLULAR_RESPONSE_TO_OXIDATIVE_STRESS",0.148175940359931,0.244899404622628,0.0518756550528694,-0.235571145268561,-0.163153189047003,-0.0718194541730451
"GOBP_REGULATION_OF_CELLULAR_RESPONSE_TO_STRESS",-0.0610818814126817,-0.201828772494563,-0.0248919339039844,0.0879250650774513,0.0453213470843528,0.131590745340014
"GOBP_REGULATION_OF_CELLULAR_RESPONSE_TO_TRANSFORMING_GROWTH_FACTOR_BETA_STIMULUS",-0.0696850620905166,-0.0958737186098987,-0.285568924763484,0.118875550125419,-0.0257882099732083,0.294168906301573
"GOBP_REGULATION_OF_CELLULAR_RESPONSE_TO_VASCULAR_ENDOTHELIAL_GROWTH_FACTOR_STIMULUS",0.107845290386042,0.14726836473576,-0.163031896440181,0.219241173013791,-0.139229673551513,-0.161573011438436
"GOBP_REGULATION_OF_CELLULAR_SENESCENCE",0.0109977355803002,0.03325059707609,-0.314076952970986,0.083117820235971,0.212539176932535,0.225271079578442
"GOBP_REGULATION_OF_CENTRIOLE_REPLICATION",-0.422041841541821,-0.401264823705574,-0.451676298389624,0.411156876321009,0.541268189910364,0.252486425101973
"GOBP_REGULATION_OF_CENTROSOME_CYCLE",-0.411596255317463,-0.373413766186797,-0.169866312703451,0.18948625101677,0.47001820030395,0.264880429545391
"GOBP_REGULATION_OF_CHEMOTAXIS",-0.16112302692686,0.0591963885346372,-0.242475493815479,0.0341375705061894,0.232767630413953,0.0994112935876671
"GOBP_REGULATION_OF_CHOLESTEROL_BIOSYNTHETIC_PROCESS",0.354399038843496,0.0774698271528835,0.351788757583476,-0.21754209013984,-0.189412395903691,-0.2145440099879
"GOBP_REGULATION_OF_CHOLESTEROL_EFFLUX",0.105564226304442,0.234637757688692,0.317834485261307,-0.194834120947641,0.0321625794858288,-0.322942234128551
"GOBP_REGULATION_OF_CHOLESTEROL_METABOLIC_PROCESS",0.143886255639262,0.01517319926247,0.399513035948812,-0.102966462033518,-0.144620852609248,-0.242713170291841
"GOBP_REGULATION_OF_CHONDROCYTE_DIFFERENTIATION",0.278937819663598,0.346310991883949,0.00540708133175943,-0.0990298069448786,-0.299381680731439,-0.196781219442525
"GOBP_REGULATION_OF_CHROMATIN_ORGANIZATION",0.226680924760428,-0.321975479294691,-0.359464862828166,0.456269862841962,0.0174657324483865,0.149244056168655
"GOBP_REGULATION_OF_CHROMOSOME_ORGANIZATION",-0.206991756966461,-0.396882487386633,-0.262820569466742,0.315808080134639,0.385407145227325,0.221201138884023
"GOBP_REGULATION_OF_CHROMOSOME_SEGREGATION",-0.233421636434566,-0.32508178411298,-0.374275943100524,0.35199409448121,0.419420310251829,0.213469828529399
"GOBP_REGULATION_OF_CILIUM_ASSEMBLY",0.245688326679982,0.0281085930651991,0.0535183546275743,-0.0384923856007576,-0.265692239509308,-0.00358740274666719
"GOBP_REGULATION_OF_CILIUM_MOVEMENT",-0.578690390666666,0.559361328801756,0.0688146608977068,-0.11602577041559,0.171660012650906,0.11309648975902
"GOBP_REGULATION_OF_CIRCADIAN_RHYTHM",0.286380851703303,-0.301453967387261,-0.13035378355155,-0.0237710917459311,0.0112887492366526,0.230380827380834
"GOBP_REGULATION_OF_CLATHRIN_DEPENDENT_ENDOCYTOSIS",0.0757730722787292,-0.00535812010964717,0.202750846034548,0.348848859272801,-0.394497292715022,-0.217968985230178
"GOBP_REGULATION_OF_COAGULATION",-0.124272947775775,0.0908647529688649,-0.375618688520238,0.152747139904358,0.181404644698299,0.154460219874518
"GOBP_REGULATION_OF_COLLAGEN_METABOLIC_PROCESS",-0.169859236206015,0.283681707970042,-0.424621650348269,0.168940259803434,-0.104970641992238,0.201841009655201
"GOBP_REGULATION_OF_COMPLEMENT_ACTIVATION",-0.377551602392622,-0.102394488191724,-0.355708475552174,0.353183024101908,0.405862944271778,-0.279205449969596
"GOBP_REGULATION_OF_CYCLIN_DEPENDENT_PROTEIN_SERINE_THREONINE_KINASE_ACTIVITY",-0.224424914068096,-0.348211260110316,-0.190792236655927,0.0502474431735721,0.134877076090508,0.300120774093577
"GOBP_REGULATION_OF_CYTOKINESIS",-0.0233136662921273,-0.112147041909382,-0.0470429119389984,0.040921489056657,0.171611814110933,-0.0387199437527497
"GOBP_REGULATION_OF_CYTOPLASMIC_PATTERN_RECOGNITION_RECEPTOR_SIGNALING_PATHWAY",-0.0898954976082174,-0.314325953251174,-0.211819544611199,0.249980006062566,0.249562632149778,0.0519478384950591
"GOBP_REGULATION_OF_CYTOPLASMIC_TRANSLATION",-0.0127543424769602,-0.210611208704146,0.261198238611191,-0.239601446472608,0.00550814890578066,0.146932602416855
"GOBP_REGULATION_OF_CYTOSKELETON_ORGANIZATION",0.20136459612589,-0.0416358375866784,-0.00658768809923482,-0.062103304705435,-0.151770050168833,0.000105298086152672
"GOBP_REGULATION_OF_CYTOSOLIC_CALCIUM_ION_CONCENTRATION",0.328260950856494,0.356329899414984,0.123744301278093,-0.278346614912359,-0.368999761938401,-0.312864070843185
"GOBP_REGULATION_OF_D_GLUCOSE_IMPORT",0.284834638448747,-0.0647028373692505,0.166353609829845,-0.234888776608491,-0.173044118123233,-0.0971757647538201
"GOBP_REGULATION_OF_D_GLUCOSE_TRANSMEMBRANE_TRANSPORT",0.307887603973469,-0.320037712891629,0.140529951635985,-0.169787213198707,-0.115429583498261,0.061575221176877
"GOBP_REGULATION_OF_DEFENSE_RESPONSE_TO_VIRUS",0.105914368388012,-0.244263049232033,-0.0788243565469475,0.28196017009064,-0.108408259199371,-0.072968749766685
"GOBP_REGULATION_OF_DEFENSE_RESPONSE_TO_VIRUS_BY_HOST",0.00389738224753247,-0.220457516263775,-0.16698802854599,0.370432286451661,-0.214250576417275,-0.00961015862387327
"GOBP_REGULATION_OF_DENDRITE_DEVELOPMENT",0.16496699592825,-0.0632952115424854,-0.0589921910386192,-0.00284301701187453,-0.286185697307265,0.156960519247998
"GOBP_REGULATION_OF_DENDRITE_EXTENSION",0.431034643229999,-0.0236154557226779,0.0699606852343456,0.00461192553003054,-0.598537378990337,0.117631433472313
"GOBP_REGULATION_OF_DENDRITE_MORPHOGENESIS",0.0852362862785181,-0.0617520641761315,0.0382214127799901,-0.0491250272327182,-0.272687770886852,0.161151526614588
"GOBP_REGULATION_OF_DENDRITIC_SPINE_DEVELOPMENT",0.150286937618116,-0.0259187725665635,-0.0223280025532629,-0.178411209559589,-0.0978706420393117,0.203271277741866
"GOBP_REGULATION_OF_DENDRITIC_SPINE_MORPHOGENESIS",0.213415145998284,-0.0073635479107165,-0.25774944391595,0.027924633924353,-0.151324467649076,0.220302206875513
"GOBP_REGULATION_OF_DEPHOSPHORYLATION",0.202088086602256,-0.360901469426302,-0.110742550733334,-0.136839920091356,-0.123700648010648,0.337520809405225
"GOBP_REGULATION_OF_DEVELOPMENTAL_GROWTH",0.175729444432048,-0.00693403649893548,-0.00539306672843376,-0.0872557939750262,-0.22827182398411,0.117641990170392
"GOBP_REGULATION_OF_DIGESTIVE_SYSTEM_PROCESS",0.453713708851974,0.180763339808597,0.194808203081082,-0.181316691848384,-0.438348165365276,-0.20541700576463
"GOBP_REGULATION_OF_DNA_BINDING",-0.0934633444237997,-0.275019967288755,-0.205952270538718,0.334532001209673,-0.222435002624939,0.254099088131357
"GOBP_REGULATION_OF_DNA_BINDING_TRANSCRIPTION_FACTOR_ACTIVITY",-0.127273207500299,-0.181455024020513,-0.149908006110599,0.243548927879892,0.148736877772743,0.082044992812875
"GOBP_REGULATION_OF_DNA_BIOSYNTHETIC_PROCESS",-0.320837862216953,-0.371659429087066,-0.329698382583174,0.317251574378975,0.412685945146988,0.256306360569563
"GOBP_REGULATION_OF_DNA_DAMAGE_CHECKPOINT",0.1790487782724,-0.383857718505833,-0.186623878501648,0.124836954155518,0.268347778331352,-0.0660312074722988
"GOBP_REGULATION_OF_DNA_DAMAGE_RESPONSE_SIGNAL_TRANSDUCTION_BY_P53_CLASS_MEDIATOR",-0.436008134336768,-0.050964921058,-0.32439978735314,0.208651881047914,0.168175239237996,0.493167009815053
"GOBP_REGULATION_OF_DNA_METABOLIC_PROCESS",-0.208634321459758,-0.339360944857281,-0.241091071287457,0.292170626321968,0.276726884098907,0.234524613221933
"GOBP_REGULATION_OF_DNA_RECOMBINATION",-0.212641174973058,-0.360053872911212,-0.199011686449648,0.384913634373916,0.171974756086009,0.167487845440517
"GOBP_REGULATION_OF_DNA_REPAIR",-0.15372641452061,-0.317062305567812,-0.158628785956361,0.281994786976391,0.179632136967778,0.19582541277567
"GOBP_REGULATION_OF_DNA_REPLICATION",-0.225715108010749,-0.315500899360728,-0.300262561432632,0.291076373013171,0.376032616301391,0.276719460283414
"GOBP_REGULATION_OF_DNA_STRAND_ELONGATION",-0.51014613510399,-0.469975607964114,0.343106447457412,0.328039444425648,0.334058788457286,0.0943650308812807
"GOBP_REGULATION_OF_DNA_TEMPLATED_DNA_REPLICATION",-0.134882062622068,-0.393630838677378,-0.421126260474364,0.400857418356239,0.403834728798013,0.223557268063663
"GOBP_REGULATION_OF_DNA_TEMPLATED_DNA_REPLICATION_INITIATION",-0.238168944948974,-0.458582671323222,-0.603602902295839,0.560758183481052,0.572522860109474,0.293143704896716
"GOBP_REGULATION_OF_DNA_TEMPLATED_TRANSCRIPTION_ELONGATION",-0.303060718285622,-0.398220503631325,-0.279440525968017,0.346094715137263,0.2013736722769,0.368980660820501
"GOBP_REGULATION_OF_DNA_TEMPLATED_TRANSCRIPTION_INITIATION",-0.252157562938184,-0.205853755037724,-0.0789889660097714,0.00516845363424223,0.221995231489596,0.347293606834548
"GOBP_REGULATION_OF_DOUBLE_STRAND_BREAK_REPAIR",-0.190908833042009,-0.333662725159102,-0.153682559736189,0.303718845555887,0.204385800314862,0.177772517767782
"GOBP_REGULATION_OF_DOUBLE_STRAND_BREAK_REPAIR_VIA_HOMOLOGOUS_RECOMBINATION",-0.167655182560985,-0.418013586086366,-0.148881342439469,0.353147188042352,0.252608524983271,0.183244778730416
"GOBP_REGULATION_OF_DOUBLE_STRAND_BREAK_REPAIR_VIA_NONHOMOLOGOUS_END_JOINING",-0.266153070465445,-0.30868161125695,-0.100371393111558,0.323941566613735,0.217094971670175,0.153752180565131
"GOBP_REGULATION_OF_EARLY_ENDOSOME_TO_LATE_ENDOSOME_TRANSPORT",0.169898080977245,-0.466590376675999,0.422076450572792,0.0515146827389027,-0.106188822597895,0.229804355526242
"GOBP_REGULATION_OF_EMBRYONIC_DEVELOPMENT",-0.116663917831342,-0.223766715663538,0.0109956340945565,-0.0762788515187259,0.174328331556816,0.23007741929366
"GOBP_REGULATION_OF_ENDOCRINE_PROCESS",-0.171185224250697,0.228268329682671,-0.0532763080211295,-0.135245735276659,-0.231858471385528,0.204600606813139
"GOBP_REGULATION_OF_ENDOCYTIC_RECYCLING",0.236475695573094,0.198574925904434,0.319084597664538,-0.38844525762906,-0.261243627112239,-0.140537893426168
"GOBP_REGULATION_OF_ENDOCYTOSIS",0.0893363211191446,0.00950706532381121,0.00625297961020588,0.118103940709094,-0.0852594769670018,-0.0601063831059399
"GOBP_REGULATION_OF_ENDOPLASMIC_RETICULUM_STRESS_INDUCED_INTRINSIC_APOPTOTIC_SIGNALING_PATHWAY",-0.0104853238088419,0.0344090405814829,0.265363086188718,0.0260356914908934,-0.214325367801325,-0.0367685032458363
"GOBP_REGULATION_OF_ENDOPLASMIC_RETICULUM_UNFOLDED_PROTEIN_RESPONSE",0.00930139991434295,-0.193948117868776,-0.0393147661551459,0.00502257714907053,0.0894900913259538,0.121343861850257
"GOBP_REGULATION_OF_ENDOTHELIAL_CELL_CHEMOTAXIS",-0.186695129829701,0.188681591312917,0.0920338927660427,-0.124801236949117,-0.192201231417598,0.312248567446642
"GOBP_REGULATION_OF_ENDOTHELIAL_CELL_DIFFERENTIATION",0.129854974744267,0.29732755112496,-0.290463701804339,-0.219496607326852,-0.285992517051011,0.374258562250435
"GOBP_REGULATION_OF_ENDOTHELIAL_CELL_MIGRATION",0.0374931276785564,0.199022473647245,-0.0981018403521852,-0.147102404031349,-0.0801655618528506,0.0373829751582047
"GOBP_REGULATION_OF_EPIDERMIS_DEVELOPMENT",-0.0710171110197916,0.116035750794676,-0.298488535787534,0.200432935356722,-0.197581574582131,0.202134689126829
"GOBP_REGULATION_OF_EPITHELIAL_CELL_APOPTOTIC_PROCESS",0.0715779246513449,0.00878861416016824,-0.00407570379443245,-0.0473331032713685,-0.256866311036792,0.0924284202432296
"GOBP_REGULATION_OF_EPITHELIAL_CELL_DIFFERENTIATION",0.0847181762673627,0.0627149430071201,-0.259935990813607,0.044159923569712,-0.233696020649287,0.25536682251235
"GOBP_REGULATION_OF_EPITHELIAL_CELL_MIGRATION",0.206968224450693,-0.110832912957632,-0.14367586691117,-0.00946571717131284,-0.271752873544712,0.251026219190219
"GOBP_REGULATION_OF_EPITHELIAL_CELL_PROLIFERATION",0.0198047938972738,0.149551826240079,-0.106088069132677,-0.0428672070903644,-0.0848345895307211,0.0381576893849759
"GOBP_REGULATION_OF_EPITHELIAL_TO_MESENCHYMAL_TRANSITION",-0.0930453181079322,0.264683951083586,-0.232077968197091,0.116382115144817,-0.1848878795058,0.160875317522348
"GOBP_REGULATION_OF_ER_TO_GOLGI_VESICLE_MEDIATED_TRANSPORT",0.298976778047721,0.0410461858728615,-0.219590827473267,-0.10631233082752,-0.174455468478048,0.126561423230904
"GOBP_REGULATION_OF_ERAD_PATHWAY",0.0583982904482926,-0.274495019445482,0.344760736793117,-0.276191603846897,0.0445752780094773,-0.130262529179903
"GOBP_REGULATION_OF_ERBB_SIGNALING_PATHWAY",0.20068853171507,-0.196122280534882,-0.125803817999451,0.0392554412022273,-0.0381579925306658,0.0641257032823936
"GOBP_REGULATION_OF_ERYTHROCYTE_DIFFERENTIATION",0.184914699741326,-0.347955320156727,-0.324490740296767,0.264941834618829,-0.0614508240687492,0.204110514580656
"GOBP_REGULATION_OF_ESTABLISHMENT_OF_PROTEIN_LOCALIZATION",0.152652993769605,-0.0694568933731694,0.0467431699167752,-0.0588911737554353,-0.052979184282721,0.0230422495563576
"GOBP_REGULATION_OF_ESTABLISHMENT_OF_PROTEIN_LOCALIZATION_TO_MITOCHONDRION",0.199100661333836,-0.238354622099518,0.299392381750612,-0.22196190726081,-0.179136806905872,-0.00736820249262921
"GOBP_REGULATION_OF_ESTABLISHMENT_OR_MAINTENANCE_OF_CELL_POLARITY",0.357837223763631,0.18518267601246,-0.154147630849551,-0.256982848914635,-0.123363893665513,0.0720985415051508
"GOBP_REGULATION_OF_EXCITATORY_SYNAPSE_ASSEMBLY",0.121520678296367,0.277408321189569,-0.205783557973684,0.0154836686576654,-0.306000378583905,0.296895567495499
"GOBP_REGULATION_OF_EXECUTION_PHASE_OF_APOPTOSIS",-0.0314975491776846,-0.0629191366172762,-0.336545923880234,0.282465121472033,-0.132271792854643,0.235038646576201
"GOBP_REGULATION_OF_EXIT_FROM_MITOSIS",-0.209758617017277,0.0724090794047589,-0.223921997746352,0.0194104171902358,0.18362581890648,0.264105250501826
"GOBP_REGULATION_OF_EXOCYTOSIS",0.110968856079424,0.00740703378537363,-0.0825653804646,-0.0482218563588616,-0.0367172774371441,0.0271554362832048
"GOBP_REGULATION_OF_EXOSOMAL_SECRETION",0.00602767553327727,-0.189033708280647,0.357658665149624,-0.0588189191930337,-0.0441070469912828,0.0387775938089209
"GOBP_REGULATION_OF_EXTENT_OF_CELL_GROWTH",0.255087347377732,-0.145547247467433,-0.00337230817477868,-0.0645403863254307,-0.254244824536341,0.137742274964868
"GOBP_REGULATION_OF_EXTRACELLULAR_MATRIX_DISASSEMBLY",0.201724537460663,0.175624156591068,-0.0669914941070876,0.0948221911256738,-0.343312607609585,-0.209838585792787
"GOBP_REGULATION_OF_EXTRACELLULAR_MATRIX_ORGANIZATION",0.142970278594022,0.220143576952208,-0.12438061503595,0.0684368808538047,-0.348083396571953,-0.0373221934432443
"GOBP_REGULATION_OF_EXTRINSIC_APOPTOTIC_SIGNALING_PATHWAY",0.060957262630764,-0.112813816921534,-0.190653776334059,0.177264479618333,0.0663900791090059,0.0534715658878287
"GOBP_REGULATION_OF_EXTRINSIC_APOPTOTIC_SIGNALING_PATHWAY_IN_ABSENCE_OF_LIGAND",0.136077133446334,-0.143830083364189,-0.18704872700929,0.152675525990251,0.0400679067174441,-0.114260397177949
"GOBP_REGULATION_OF_EXTRINSIC_APOPTOTIC_SIGNALING_PATHWAY_VIA_DEATH_DOMAIN_RECEPTORS",0.148210927089608,-0.131276427949834,-0.153286764518119,0.102150752187003,-0.0585753821831791,0.148147737248285
"GOBP_REGULATION_OF_FAT_CELL_DIFFERENTIATION",-0.0126216597002415,0.0588224838987887,-0.0833039542436811,-0.0135011527013787,-0.188265874268939,0.204355016969737
"GOBP_REGULATION_OF_FATTY_ACID_BETA_OXIDATION",-0.120010626284079,-0.141497204323993,0.211560210988982,-0.0117962330406345,0.22073252359555,-0.187749938897075
"GOBP_REGULATION_OF_FATTY_ACID_BIOSYNTHETIC_PROCESS",0.224264028081647,-0.203492565767752,0.175657207396155,-0.0246016965280691,-0.050126432175764,-0.138589964424011
"GOBP_REGULATION_OF_FATTY_ACID_METABOLIC_PROCESS",0.184544561929896,-0.0282637875354892,0.325756185992924,-0.125419696897012,-0.144510922736607,-0.217054589017449
"GOBP_REGULATION_OF_FATTY_ACID_OXIDATION",0.0956221508503923,-0.0162568058484183,0.387306410513323,-0.117463126059419,-0.129670320142355,-0.295215182252025
"GOBP_REGULATION_OF_FATTY_ACID_TRANSPORT",0.0594587936255574,-0.232313081045343,0.0507584612377058,-0.0103903114980866,0.104905969697715,0.0187494723937175
"GOBP_REGULATION_OF_FEEDING_BEHAVIOR",-0.0133504221373979,0.128925761213774,-0.0932283808699326,-0.150226267566585,-0.334039993101604,0.403915463703829
"GOBP_REGULATION_OF_FIBROBLAST_GROWTH_FACTOR_RECEPTOR_SIGNALING_PATHWAY",-0.407401414499788,0.335569715367742,-0.40891087915462,0.0947951821084112,-0.179060621400904,0.245143637548149
"GOBP_REGULATION_OF_FIBROBLAST_MIGRATION",0.140032783514651,-0.0563868536346119,-0.321139010778474,-0.107550889146807,-0.0336668746522329,0.392371799727442
"GOBP_REGULATION_OF_FILOPODIUM_ASSEMBLY",0.367894481484847,0.0626687427985494,-0.0952413549862793,-0.0257869587925096,-0.0851526831150183,-0.167560409275389
"GOBP_REGULATION_OF_G_PROTEIN_COUPLED_RECEPTOR_SIGNALING_PATHWAY",0.127962275630514,0.0901844115933921,-0.0977918545687335,0.0248453870132173,-0.133184267727433,-0.00323438574730256
"GOBP_REGULATION_OF_GENE_SILENCING_BY_REGULATORY_NCRNA",-0.283101891286942,-0.381565360277928,-0.119728543881802,0.202761488803273,0.246468015083874,0.249280097452201
"GOBP_REGULATION_OF_GENERATION_OF_PRECURSOR_METABOLITES_AND_ENERGY",0.165021288612488,0.037332097355727,0.150889141494255,-0.0905241356222863,-0.127448799787029,-0.126862091225063
"GOBP_REGULATION_OF_GLIAL_CELL_DIFFERENTIATION",-0.132735328027432,0.0268077650374584,-0.321658643900668,-0.0691272001102526,0.189279446782964,0.263095063497694
"GOBP_REGULATION_OF_GLIAL_CELL_PROLIFERATION",0.194078567492517,-0.10269218857936,-6.04081451583416e-05,-0.0441253082221165,-0.101311042583731,0.0205999825455865
"GOBP_REGULATION_OF_GLIOGENESIS",-0.0272220212601354,-0.0730238389958638,-0.12650753411124,-0.0719707931108327,0.0597286761613312,0.198465606331436
"GOBP_REGULATION_OF_GLUCONEOGENESIS",-0.0258779127979648,0.0501441579401177,0.207683338606304,-0.11024474889107,-0.146373309003764,0.0381167024128397
"GOBP_REGULATION_OF_GLUCOSE_METABOLIC_PROCESS",0.121411267107836,0.0363689036591497,0.131861364777146,-0.186626805310344,-0.182142843134826,-0.0226988514096569
"GOBP_REGULATION_OF_GLYCOGEN_BIOSYNTHETIC_PROCESS",0.2832329878093,0.0196760965275864,0.181791530180353,-0.138178964549848,-0.361144802724477,0.0557296707756054
"GOBP_REGULATION_OF_GLYCOGEN_METABOLIC_PROCESS",0.225574550099578,0.099586930406775,0.141451438322156,-0.0467546847013932,-0.2533124451346,0.000491565557258905
"GOBP_REGULATION_OF_GLYCOLYTIC_PROCESS",0.239882068384026,-0.104323873097548,0.205355301504515,0.0183214648028734,-0.339126518908536,-0.110020255513247
"GOBP_REGULATION_OF_GLYCOPROTEIN_METABOLIC_PROCESS",-0.184565541843551,0.253283545349053,0.173287411877952,0.0336812692955472,0.149002929325765,-0.296350817482349
"GOBP_REGULATION_OF_GOLGI_ORGANIZATION",0.462089627643471,-0.0595259382463352,0.377471458743488,-0.25062042148141,-0.520830363149302,0.0639101382911712
"GOBP_REGULATION_OF_GRANULOCYTE_CHEMOTAXIS",-0.0767874591277661,-0.019052175805126,-0.271268646774813,0.0926338525924624,0.206600640945214,0.147712578055106
"GOBP_REGULATION_OF_GROWTH",0.121747275187399,-0.00501440689005445,-0.0162658435690776,-0.0199459598857299,-0.171177815204701,0.0577364335076589
"GOBP_REGULATION_OF_GTPASE_ACTIVITY",0.365919927711565,0.0425568777334452,-0.125749397073281,0.017091819587918,-0.319909828889019,-0.0454404500903525
"GOBP_REGULATION_OF_HAIR_CYCLE",0.089462885437209,0.0270755654664168,-0.47794511648186,0.215335952003648,-0.194472653514749,0.400525154284507
"GOBP_REGULATION_OF_HEART_CONTRACTION",0.313149262082056,0.187253857371747,0.140490011512604,-0.22044876880102,-0.246971493725903,-0.277137406320071
"GOBP_REGULATION_OF_HEART_GROWTH",0.273638556550064,-0.0435492506507995,-0.199170891156237,-0.0704762985485323,-0.0349433466050362,0.122626018286352
"GOBP_REGULATION_OF_HEART_RATE",0.382131975046867,0.222977976712157,0.089060772196184,-0.287186300534081,-0.33645493139794,-0.221450062534187
"GOBP_REGULATION_OF_HEART_RATE_BY_CARDIAC_CONDUCTION",0.462645130120502,0.292155767702214,0.244036424389814,-0.341868344941702,-0.455600573468154,-0.27056056977766
"GOBP_REGULATION_OF_HEMATOPOIETIC_PROGENITOR_CELL_DIFFERENTIATION",-0.145644498823496,-0.331796608732252,-0.168651740969754,0.104193575221229,0.0810098835734501,0.426574126698201
"GOBP_REGULATION_OF_HEMATOPOIETIC_STEM_CELL_DIFFERENTIATION",0.0587433411432745,-0.429916307903531,-0.135801274973116,0.141820333253168,0.179331835446424,0.41205008165177
"GOBP_REGULATION_OF_HEMOPOIESIS",-0.104013076771013,-0.18177699412569,-0.321925718075875,0.313932993196376,0.156286575158779,0.146816392290047
"GOBP_REGULATION_OF_HIPPO_SIGNALING",0.203629616909132,-0.157418879743007,0.102819659879153,-0.066240859086577,-0.323028963586746,0.227461870443858
"GOBP_REGULATION_OF_HOMOTYPIC_CELL_CELL_ADHESION",-0.0593082397220484,-0.201120680585645,-0.371662441676952,0.196016008723929,0.16415126548727,0.214168949622649
"GOBP_REGULATION_OF_HORMONE_BIOSYNTHETIC_PROCESS",0.0454348760782134,0.259001098407344,-0.223532999031089,0.0468121878275793,-0.0814489917159073,-0.0669515489469933
"GOBP_REGULATION_OF_HORMONE_LEVELS",0.0951027965837141,0.197716564479702,0.0825505038770553,-0.155959728502301,-0.142839531493853,-0.0532673858435543
"GOBP_REGULATION_OF_HORMONE_METABOLIC_PROCESS",-0.146850835315187,0.233582807204535,-0.234136920381897,0.083632699222504,-0.188109638974101,0.0764504527116238
"GOBP_REGULATION_OF_HORMONE_SECRETION",0.259363921135561,0.248398104138898,0.156478148742658,-0.203574390619702,-0.249262936573561,-0.127801056790794
"GOBP_REGULATION_OF_HUMORAL_IMMUNE_RESPONSE",-0.292886417905678,-0.23813945662257,-0.415344895776809,0.316285262934739,0.369518671364751,-0.00823072512095352
"GOBP_REGULATION_OF_HYDROLASE_ACTIVITY",0.262839043821919,0.121545939197119,-0.130518338826168,-0.0321230262005332,-0.241858270079431,-0.0430275079595209
"GOBP_REGULATION_OF_IMMUNE_EFFECTOR_PROCESS",-0.141391298811682,-0.176741226412062,-0.331236263762941,0.413147328566329,0.204785724278021,-0.0167499455890722
"GOBP_REGULATION_OF_IMMUNOGLOBULIN_PRODUCTION",-0.214579336635788,-0.267637346148855,-0.181343251893347,0.383810768852076,0.109867744410007,0.0228390387163744
"GOBP_REGULATION_OF_INFLAMMASOME_MEDIATED_SIGNALING_PATHWAY",-0.225919431121466,-0.320956678735063,-0.268212327335673,0.335733372583652,0.241033079687974,0.157398643123455
"GOBP_REGULATION_OF_INFLAMMATORY_RESPONSE",-0.164513925134014,-0.130302702640777,-0.20826410129448,0.25364532523845,0.154775510109288,0.107808804937955
"GOBP_REGULATION_OF_INFLAMMATORY_RESPONSE_TO_ANTIGENIC_STIMULUS",-0.288393355966365,-0.328889350007468,-0.301125116715995,0.413825182406109,0.431566756778727,0.0708756746528217
"GOBP_REGULATION_OF_INNATE_IMMUNE_RESPONSE",-0.12253649451153,-0.248943375997933,-0.248511427221594,0.352842161006328,0.247030452414952,0.0224372556285472
"GOBP_REGULATION_OF_INSULIN_LIKE_GROWTH_FACTOR_RECEPTOR_SIGNALING_PATHWAY",0.140823064367521,0.173107316721265,-0.0453926927455496,0.183265240116717,-0.164714847558897,-0.213504489901674
"GOBP_REGULATION_OF_INSULIN_RECEPTOR_SIGNALING_PATHWAY",0.22493404287603,-0.217248197596802,0.285608035060209,-0.0831773768431175,-0.189346924317251,-0.105683171819725
"GOBP_REGULATION_OF_INSULIN_SECRETION",0.332781251912089,0.182331598930833,0.239508032889064,-0.232455440485189,-0.216049318405504,-0.20378339546877
"GOBP_REGULATION_OF_INTEGRIN_ACTIVATION",-0.166356273724848,-0.0659801731970758,-0.217720377140882,0.313905490732269,0.0294363680040197,0.230040728858974
"GOBP_REGULATION_OF_INTEGRIN_MEDIATED_SIGNALING_PATHWAY",0.131211004386932,0.227722657842148,-0.298129278319388,-0.0776990651175618,-0.360726225427189,0.343516229205157
"GOBP_REGULATION_OF_INTRACELLULAR_ESTROGEN_RECEPTOR_SIGNALING_PATHWAY",-0.0747674166283597,-0.409550177937338,-0.233497497320918,0.25105077579986,0.216095651595301,0.375613328900329
"GOBP_REGULATION_OF_INTRACELLULAR_PROTEIN_TRANSPORT",0.0736533886779385,-0.174228954143858,-0.147006212878819,0.0807937707619942,0.109995241060728,0.0576352892279524
"GOBP_REGULATION_OF_INTRACELLULAR_STEROID_HORMONE_RECEPTOR_SIGNALING_PATHWAY",-0.0607199622369136,-0.286131543698113,-0.0724887648613659,0.152775578883443,-0.0259631444310257,0.343397060803579
"GOBP_REGULATION_OF_INTRACELLULAR_TRANSPORT",0.075605286936502,-0.223526424604986,-0.0240079389993611,-0.0401289029651757,0.0099871036264082,0.192222408767285
"GOBP_REGULATION_OF_INTRINSIC_APOPTOTIC_SIGNALING_PATHWAY",-0.172868809404674,-0.242422577314485,-0.0447006631556049,0.133273152061045,0.181179587750241,0.137540128260922
"GOBP_REGULATION_OF_INTRINSIC_APOPTOTIC_SIGNALING_PATHWAY_BY_P53_CLASS_MEDIATOR",-0.167144536775604,-0.374037420048204,-0.412952210769102,0.360170212372909,0.20915134856154,0.491179961396465
"GOBP_REGULATION_OF_INTRINSIC_APOPTOTIC_SIGNALING_PATHWAY_IN_RESPONSE_TO_DNA_DAMAGE",-0.333632798672879,-0.118657182689881,-0.267802742383001,0.268491401347935,0.216637217506487,0.28615862030866
"GOBP_REGULATION_OF_ISOTYPE_SWITCHING",-0.14290795517787,-0.338283822365429,-0.232197657429095,0.462448621110234,-0.0463138859666785,0.0450788388096522
"GOBP_REGULATION_OF_JNK_CASCADE",0.149046068020011,-0.0606326365208893,-0.127407108627505,0.0954460895113005,-0.220586853873152,0.0886119129713651
"GOBP_REGULATION_OF_JUN_KINASE_ACTIVITY",0.0802009702270836,-0.2674795799163,-0.172983917815712,0.16787748789035,-0.20284518753764,0.32833619610191
"GOBP_REGULATION_OF_KERATINOCYTE_DIFFERENTIATION",-0.00719509270903002,-0.202189370814178,-0.337369530463707,0.23994906355673,-0.129923579389858,0.276677051781286
"GOBP_REGULATION_OF_KERATINOCYTE_PROLIFERATION",0.260951243597466,-0.0713042506655596,-0.267343875983035,-0.043159272112714,-0.243382421410394,0.0653432118147755
"GOBP_REGULATION_OF_KETONE_BIOSYNTHETIC_PROCESS",-0.0289044674461754,-0.0351412645451586,-0.168301910852167,0.325682719010992,-0.00543134903054071,-0.171295438123198
"GOBP_REGULATION_OF_KETONE_METABOLIC_PROCESS",0.163602177884157,-0.0463870236794136,0.258570918679376,-0.0216767688288794,-0.142502014030439,-0.185225473008574
"GOBP_REGULATION_OF_KIDNEY_DEVELOPMENT",-0.0854553984381541,0.491388325758089,0.366364640848107,-0.279609932257474,-0.402355197199616,-0.111274686798073
"GOBP_REGULATION_OF_KINASE_ACTIVITY",-0.0882008378413766,-0.214615131231031,-0.240325338411096,0.197354926429104,0.111899414340095,0.197684131849984
"GOBP_REGULATION_OF_LAMELLIPODIUM_ASSEMBLY",0.232349556959063,-0.183539050196933,-0.019646957062769,-0.153817884416534,0.0717193888338406,0.0772121386965274
"GOBP_REGULATION_OF_LAMELLIPODIUM_ORGANIZATION",0.149009034912772,-0.0940346691160208,-0.0581659101660964,-0.0357434229564539,0.0640953265615115,-0.0333790784386128
"GOBP_REGULATION_OF_LEUKOCYTE_ADHESION_TO_VASCULAR_ENDOTHELIAL_CELL",-0.193239720278773,0.150417708362129,-0.405747821409901,0.0974295028935756,0.135490436792972,0.314000668239461
"GOBP_REGULATION_OF_LEUKOCYTE_APOPTOTIC_PROCESS",0.0488029619922384,-0.15927519701282,-0.373230729855243,0.305236523418292,0.0208210563885687,-0.0186056887000891
"GOBP_REGULATION_OF_LEUKOCYTE_CHEMOTAXIS",-0.212344536695592,0.0419660545111838,-0.276813871681849,0.125900036980095,0.219574439014075,0.109842622112646
"GOBP_REGULATION_OF_LEUKOCYTE_DEGRANULATION",-0.0528810093373105,0.0238962457246129,-0.44853374647842,0.467732764228662,0.209493891889692,-0.15458835870457
"GOBP_REGULATION_OF_LEUKOCYTE_DIFFERENTIATION",-0.131034838076354,-0.154210919594012,-0.333722628223527,0.318010237198936,0.201812442161464,0.092405803080292
"GOBP_REGULATION_OF_LEUKOCYTE_MEDIATED_IMMUNITY",-0.0898715449852761,-0.182319684438446,-0.331402551137317,0.438483383125059,0.169258840470399,-0.100104160679161
"GOBP_REGULATION_OF_LEUKOCYTE_MIGRATION",-0.183757233017824,0.00480918344254597,-0.311704898247318,0.207978177517134,0.223675660525978,0.0295992469511667
"GOBP_REGULATION_OF_LEUKOCYTE_PROLIFERATION",-0.0906402114767139,-0.112901810139189,-0.351844622016045,0.377457552639528,0.258727591263273,-0.0150050623880472
"GOBP_REGULATION_OF_LIPID_BIOSYNTHETIC_PROCESS",0.090171404881621,-0.0490121002251611,0.128814577605382,-0.0291344557240497,-0.0333495541493594,-0.0941990186748335
"GOBP_REGULATION_OF_LIPID_CATABOLIC_PROCESS",-0.116226929560741,0.0467095751861126,0.150134519056638,-0.0107281522574407,0.22219630706311,-0.138607582042715
"GOBP_REGULATION_OF_LIPID_LOCALIZATION",0.0983589645127553,0.106363331044016,0.120863797009187,-0.0696005255412675,-0.0667195970519609,-0.152132506074361
"GOBP_REGULATION_OF_LIPID_METABOLIC_PROCESS",0.0353332495961963,0.0131773437886703,0.170875740299155,-0.0319553864632917,-0.0391867322766597,-0.0770580940716626
"GOBP_REGULATION_OF_LIPID_STORAGE",0.004950238915953,0.0167099582013867,0.0518810864508037,0.257023416206427,0.112349408905264,-0.15731945636728
"GOBP_REGULATION_OF_LIPOPOLYSACCHARIDE_MEDIATED_SIGNALING_PATHWAY",0.0835826328917316,-0.0582124229695637,-0.206561291143517,-0.0903966932335306,0.346145805738243,0.011862850801111
"GOBP_REGULATION_OF_LIPOPROTEIN_METABOLIC_PROCESS",0.336022368694818,-0.028011256591074,0.0943776243474486,-0.267711375492004,-0.179609130503002,0.0470521558420038
"GOBP_REGULATION_OF_LIPOPROTEIN_PARTICLE_CLEARANCE",-0.0839696306114216,0.336597543721391,-0.0214530783299781,0.168488356467473,-0.0367364763357827,-0.099477120032085
"GOBP_REGULATION_OF_LONG_TERM_NEURONAL_SYNAPTIC_PLASTICITY",0.220669655944088,-0.0235240774742272,0.23997831471314,-0.326491622735563,-0.237521298306772,0.172146351802587
"GOBP_REGULATION_OF_LONG_TERM_SYNAPTIC_POTENTIATION",0.0955411122954496,0.101212846410626,-0.00127758053866134,-0.252426194355759,-0.168311325077697,0.272626138655287
"GOBP_REGULATION_OF_LYMPHOCYTE_ACTIVATION",-0.0983840128403467,-0.209999366402626,-0.326117917953028,0.358288336209265,0.211188019807065,0.0605910568808234
"GOBP_REGULATION_OF_LYMPHOCYTE_APOPTOTIC_PROCESS",-0.065087726181678,-0.16516850263266,-0.429513004052799,0.303671074304158,0.126657518394001,0.0546394343245227
"GOBP_REGULATION_OF_LYMPHOCYTE_CHEMOTAXIS",-0.22540592310699,-0.104092417202363,-0.448293083764486,0.180295787263196,-0.0993499784247888,0.320747476305918
"GOBP_REGULATION_OF_LYMPHOCYTE_DIFFERENTIATION",-0.207848973764991,-0.186346777708958,-0.315808942637781,0.364736385110092,0.189049940372829,0.166946725489016
"GOBP_REGULATION_OF_LYMPHOCYTE_MEDIATED_IMMUNITY",-0.0625453110664166,-0.202328169450276,-0.251838361866425,0.391065877065777,0.131410830658911,-0.124931759572405
"GOBP_REGULATION_OF_LYMPHOCYTE_MIGRATION",-0.0264431870469329,0.011483784886846,-0.381429662627388,0.254603767474134,0.10480630329369,0.0764509734526758
"GOBP_REGULATION_OF_LYSOSOMAL_LUMEN_PH",-0.210427119471364,-0.107449744286687,0.163760699839268,0.262467233867782,0.387395191156244,-0.483858717549254
"GOBP_REGULATION_OF_MACROAUTOPHAGY",0.157310019446366,-0.0723737778488775,0.272574191161415,-0.180161121907522,-0.109428765178636,-0.0889404204386409
"GOBP_REGULATION_OF_MACROPHAGE_ACTIVATION",-0.148411894983401,-0.153280396911582,-0.335294004356408,0.397485743880504,0.16496435012698,0.105324344901585
"GOBP_REGULATION_OF_MACROPHAGE_CHEMOTAXIS",-0.296719147284635,-0.14518270913766,-0.429270552398575,0.168816459541662,0.229164203120771,0.425860037529206
"GOBP_REGULATION_OF_MACROPHAGE_DERIVED_FOAM_CELL_DIFFERENTIATION",0.130667934254926,0.0994433806510592,0.248400713977413,0.0239727044732738,0.0966464915339411,-0.348092227054968
"GOBP_REGULATION_OF_MACROPHAGE_DIFFERENTIATION",-0.11582187844299,0.112870092388404,-0.369368081129747,0.0484525413380622,0.20115484897969,0.184923766848758
"GOBP_REGULATION_OF_MACROPHAGE_MIGRATION",-0.275439135290102,-0.0669487051463074,-0.32279612164107,0.15836142220951,0.311211803009739,0.269280212718881
"GOBP_REGULATION_OF_MAP_KINASE_ACTIVITY",-0.0418467787230637,-0.230476133788716,-0.233245746737655,0.311247310650569,-0.19205490027919,0.299233666934969
"GOBP_REGULATION_OF_MAST_CELL_ACTIVATION",-0.252343260512135,0.264138062884534,-0.561494890798061,0.458662230396935,0.165715686240842,0.0363452827665598
"GOBP_REGULATION_OF_MAST_CELL_DEGRANULATION",0.0309972886887419,0.0439663175512232,-0.451734204780614,0.481557687852135,0.103960614956795,-0.269658831239577
"GOBP_REGULATION_OF_MEGAKARYOCYTE_DIFFERENTIATION",-0.234609827455846,-0.0999269267406947,-0.237498969225012,0.065737993412691,0.313284507921642,0.0872052988411936
"GOBP_REGULATION_OF_MEIOTIC_CELL_CYCLE",-0.0762506183292318,-0.0255019261365093,-0.0929689752642258,0.269792876800671,0.0632785030280676,-0.111661521423881
"GOBP_REGULATION_OF_MEIOTIC_NUCLEAR_DIVISION",0.0590672157390378,0.083648495435476,-0.30893510931926,0.386917794783282,-0.0202856913399884,-0.214865139855433
"GOBP_REGULATION_OF_MEMBRANE_DEPOLARIZATION",0.264277028967346,-0.030786748460529,0.0319012636099175,-0.180081293166577,-0.156237293821376,-0.0161066937932927
"GOBP_REGULATION_OF_MEMBRANE_LIPID_DISTRIBUTION",0.363600283770092,0.0308809064588646,-0.157353567671656,-0.0712163043052266,-0.162936807469707,-0.0363980490304919
"GOBP_REGULATION_OF_MEMBRANE_PERMEABILITY",0.154320873416331,0.105562791425017,0.0961789630011285,-0.105358663277788,-0.000519855550245252,-0.328713010469602
"GOBP_REGULATION_OF_MEMBRANE_POTENTIAL",0.329033944912224,0.191363307925376,0.14456724102164,-0.236123963093147,-0.304481215893946,-0.178614879665459
"GOBP_REGULATION_OF_MEMBRANE_PROTEIN_ECTODOMAIN_PROTEOLYSIS",-0.0367138480219591,-0.12770576135198,-0.179779842476537,-0.0157275983703828,-0.126339650065174,0.330919967047544
"GOBP_REGULATION_OF_MEMBRANE_REPOLARIZATION",0.363301526660943,0.168736297020652,0.120004587443665,-0.321397623281873,-0.279228291189889,-0.113856537196513
"GOBP_REGULATION_OF_MESENCHYMAL_CELL_PROLIFERATION",0.134269244851359,0.398651942092135,0.00665678620312377,-0.229756139181085,-0.440564455247057,0.161697960946442
"GOBP_REGULATION_OF_METAPHASE_PLATE_CONGRESSION",-0.062659181478191,-0.0793016457078737,-0.39346568124055,0.171975010532371,0.36956731180258,0.311004257695288
"GOBP_REGULATION_OF_MICROGLIAL_CELL_ACTIVATION",-0.2070483231444,-0.125303958265718,-0.35425343044155,0.362859458286883,0.206158063569066,0.0137489611024816
"GOBP_REGULATION_OF_MICROTUBULE_BASED_MOVEMENT",-0.445108215825058,0.221083800145976,0.187772661031991,-0.160229529777987,0.0846762906218035,0.145686192574435
"GOBP_REGULATION_OF_MICROTUBULE_BASED_PROCESS",-0.01501362975939,-0.12264753676439,0.0150725907795018,-0.0315229338278333,0.0283649746075038,0.135876905323666
"GOBP_REGULATION_OF_MICROTUBULE_CYTOSKELETON_ORGANIZATION",0.168072738437694,-0.0748453135513576,0.0975083040642283,-0.130809302410173,-0.151631466882699,0.0994867064686992
"GOBP_REGULATION_OF_MICROTUBULE_DEPOLYMERIZATION",0.385815273699688,0.0294247964215155,0.0637031371593865,-0.232133844076286,-0.405780450840724,0.047930790651412
"GOBP_REGULATION_OF_MICROTUBULE_POLYMERIZATION",0.255904478922729,-0.138652298929258,0.190897131076263,-0.257786866057103,-0.249092476440689,0.0956862824649457
"GOBP_REGULATION_OF_MICROTUBULE_POLYMERIZATION_OR_DEPOLYMERIZATION",0.245319050622273,0.0351142061245985,0.12286689348327,-0.198401562888191,-0.295273863971783,0.0685353021657192
"GOBP_REGULATION_OF_MIRNA_METABOLIC_PROCESS",0.0784092305069443,-0.147449249627919,-0.00529688072589177,-0.0502998486617398,-0.176288594810743,0.309674018058798
"GOBP_REGULATION_OF_MITOCHONDRIAL_DEPOLARIZATION",0.118373119910261,-0.134717730552879,0.090894918066131,-0.0730071157232624,-0.228848986081775,0.0798630556739766
"GOBP_REGULATION_OF_MITOCHONDRIAL_FISSION",0.42746833427006,-0.0847571498493171,0.396352819806005,-0.159875483705356,-0.326134166827363,-0.343765619228378
"GOBP_REGULATION_OF_MITOCHONDRIAL_GENE_EXPRESSION",-0.0505469896124955,-0.260816978806937,0.335967276218999,-0.0397791567109648,0.247791639705962,-0.0997744592314924
"GOBP_REGULATION_OF_MITOCHONDRIAL_MEMBRANE_PERMEABILITY",0.135583865689593,0.125239430841373,0.156193464027186,0.00458664966907502,-0.0303250504694368,-0.389303822903778
"GOBP_REGULATION_OF_MITOCHONDRIAL_MEMBRANE_PERMEABILITY_INVOLVED_IN_APOPTOTIC_PROCESS",0.103768323570093,0.0480560053593794,0.20823392980982,-0.0438672576577164,-0.0488123097949379,-0.307296415789465
"GOBP_REGULATION_OF_MITOCHONDRIAL_MEMBRANE_POTENTIAL",0.103821888219736,0.127871883277188,0.26252841028401,-0.152073212077165,-0.128519106228875,-0.17563197886434
"GOBP_REGULATION_OF_MITOCHONDRIAL_OUTER_MEMBRANE_PERMEABILIZATION_INVOLVED_IN_APOPTOTIC_SIGNALING_PATHWAY",-0.0387337786345555,-0.0497163474086566,0.348465781637762,0.134667573043209,-0.0397984465807368,-0.348223684641972
"GOBP_REGULATION_OF_MITOCHONDRIAL_TRANSLATION",-0.00310058786821943,-0.313960482726085,0.359709985243875,-0.101229451068022,0.389588165171759,-0.214843609845332
"GOBP_REGULATION_OF_MITOCHONDRION_ORGANIZATION",0.0582107040335009,-0.0515018289100821,0.247950276675125,0.0190834287796448,0.0130078349143358,-0.302026374131031
"GOBP_REGULATION_OF_MITOTIC_CELL_CYCLE",-0.143676187997038,-0.195339805025962,-0.233586027816797,0.227991434859733,0.237366619582604,0.15834390832074
"GOBP_REGULATION_OF_MITOTIC_CELL_CYCLE_PHASE_TRANSITION",-0.264916759113967,-0.262912353634854,-0.294546120714158,0.279660290118768,0.372495827904426,0.237947053312182
"GOBP_REGULATION_OF_MITOTIC_CYTOKINESIS",-0.121909935112788,-0.262184847730408,-0.16029847732059,0.151086403769171,0.264208776896491,0.0470298178666115
"GOBP_REGULATION_OF_MITOTIC_NUCLEAR_DIVISION",-0.181818524933973,-0.163393494799917,-0.420387581756359,0.363783950613122,0.392575398480299,0.0648296451439541
"GOBP_REGULATION_OF_MITOTIC_SISTER_CHROMATID_SEGREGATION",-0.334484763999017,-0.301765206419302,-0.556798422897726,0.43272144070941,0.486850920551355,0.377911358196261
"GOBP_REGULATION_OF_MITOTIC_SPINDLE_ASSEMBLY",-0.232698173445479,-0.349496350901572,0.0333546797700215,-0.0184146376058005,0.468870479378316,0.038662315689209
"GOBP_REGULATION_OF_MONOATOMIC_ION_TRANSMEMBRANE_TRANSPORT",0.182690580667925,0.148718350136633,0.069991266006987,-0.0989886761531633,-0.206859423178255,-0.0819762604717136
"GOBP_REGULATION_OF_MONOATOMIC_ION_TRANSPORT",0.143713118506405,0.107808034945916,0.0635251579444399,-0.0633607754594268,-0.125485063583538,-0.0910239704792191
"GOBP_REGULATION_OF_MONOCYTE_CHEMOTAXIS",-0.33106355976306,0.132067354918285,-0.194135078509135,0.182011993756777,0.163764339375715,0.173073703725493
"GOBP_REGULATION_OF_MONOCYTE_DIFFERENTIATION",-0.112143958697503,0.054997621743532,-0.494123194452157,0.27978049341261,0.0933406354137667,0.0437469302595214
"GOBP_REGULATION_OF_MONONUCLEAR_CELL_MIGRATION",-0.190747674318998,0.000235085095455445,-0.294849911818136,0.142142398229279,0.233921240560081,0.0782404964478173
"GOBP_REGULATION_OF_MORPHOGENESIS_OF_A_BRANCHING_STRUCTURE",-0.236548115518959,0.383855562791543,0.113335717258906,0.0708814410123716,-0.317310215243587,0.115832735467682
"GOBP_REGULATION_OF_MORPHOGENESIS_OF_AN_EPITHELIUM",-0.280384138296777,0.29467199703239,-0.098521226079042,0.191122690652629,-0.0896965246951617,0.0974092006318581
"GOBP_REGULATION_OF_MRNA_3_END_PROCESSING",-0.472818944148186,-0.398374939971153,-0.596240348521033,0.18374778410575,0.511135920222593,0.684536900621223
"GOBP_REGULATION_OF_MRNA_CATABOLIC_PROCESS",0.037418423762044,-0.350808656123869,-0.240738269741448,0.189967069030741,0.111704381447107,0.299789998751978
"GOBP_REGULATION_OF_MRNA_METABOLIC_PROCESS",-0.101252805463194,-0.299729803433207,-0.26974872463967,0.188891662521396,0.181105155780241,0.301167637348313
"GOBP_REGULATION_OF_MRNA_PROCESSING",-0.361314696528931,-0.267365869505896,-0.247467902196185,0.183701087734679,0.310622144537151,0.323793847908507
"GOBP_REGULATION_OF_MRNA_SPLICING_VIA_SPLICEOSOME",-0.375754757491859,-0.247889570705411,-0.191975207412627,0.212247637022658,0.317000833442584,0.264398818076948
"GOBP_REGULATION_OF_MULTICELLULAR_ORGANISM_GROWTH",-0.0106010970580968,0.161521146843143,-0.0121740020385209,-0.0812642586245329,-0.116213073457057,0.0731332158750843
"GOBP_REGULATION_OF_MUSCLE_ADAPTATION",0.335068275770937,-0.0999901281145373,-0.0422218394935887,-0.222196712322826,-0.186133008134845,0.161202293103739
"GOBP_REGULATION_OF_MUSCLE_CELL_DIFFERENTIATION",0.103920476437604,-0.0254926267408849,-0.147738236930163,0.00103404142965063,-0.166911604473387,0.0712326355739639
"GOBP_REGULATION_OF_MUSCLE_CONTRACTION",0.29483855479699,0.224765494603624,0.202474717620318,-0.216771939079834,-0.29446452676969,-0.26553708606512
"GOBP_REGULATION_OF_MUSCLE_HYPERTROPHY",0.13438062135828,-0.163300751574547,-0.102244750089861,-0.146719885770226,-0.00563616934334041,0.319307901905002
"GOBP_REGULATION_OF_MUSCLE_ORGAN_DEVELOPMENT",0.105866319969572,0.0880589963101879,-0.0627478638342303,0.0317575613477081,-0.242154626903804,-0.00477192955153044
"GOBP_REGULATION_OF_MUSCLE_SYSTEM_PROCESS",0.311949546331134,0.125584609727821,0.129336658882051,-0.231233794167247,-0.277041036416515,-0.105111927012426
"GOBP_REGULATION_OF_MYELINATION",0.170089954296218,-0.0461042882911461,-0.162409653753292,-0.129496997534232,0.0165309869172155,0.12139080176537
"GOBP_REGULATION_OF_MYELOID_CELL_APOPTOTIC_PROCESS",0.123934827165247,-0.176737576115413,-0.17692805885276,0.33056039976342,-0.256319580535265,-0.0808235808112782
"GOBP_REGULATION_OF_MYELOID_CELL_DIFFERENTIATION",0.0706653191732468,-0.14564704702796,-0.316279550297752,0.212574590939148,0.0786541058091478,0.141871820176932
"GOBP_REGULATION_OF_MYELOID_LEUKOCYTE_DIFFERENTIATION",0.0967272537187746,-0.0634759986598173,-0.34360562694486,0.175212423656385,0.160835915511356,0.0258565445164792
"GOBP_REGULATION_OF_MYELOID_LEUKOCYTE_MEDIATED_IMMUNITY",-0.182153552334052,-0.126607483658753,-0.461078934751255,0.526539776571114,0.211527175932844,0.0123644815318978
"GOBP_REGULATION_OF_MYOBLAST_DIFFERENTIATION",0.19652306508242,-0.00118743912985575,0.134473065798214,-0.0593267054753369,-0.209289691560723,0.0026148280410441
"GOBP_REGULATION_OF_MYOTUBE_DIFFERENTIATION",0.221885808823872,0.0207129964424796,-0.0533503949111491,-0.0282294886172831,-0.094400277965296,-0.167262755003644
"GOBP_REGULATION_OF_NATURAL_KILLER_CELL_ACTIVATION",-0.0408238298405175,-0.0148828691624573,-0.171446145967434,0.24819324589407,0.134597839175894,-0.193715580189891
"GOBP_REGULATION_OF_NATURAL_KILLER_CELL_MEDIATED_IMMUNITY",0.111874080775938,-0.118793620954754,-0.350686279855724,0.400160916199295,0.0366247925905993,-0.176146980111118
"GOBP_REGULATION_OF_NECROPTOTIC_PROCESS",0.233373385421876,-0.244699713065581,-0.191940527368727,0.342219749950332,-0.182389732143135,-0.0693640937832415
"GOBP_REGULATION_OF_NERVOUS_SYSTEM_DEVELOPMENT",0.0585705674492877,-0.086155396362954,-0.0541060130064399,-0.0362027152263633,-0.157299711179657,0.196271446529788
"GOBP_REGULATION_OF_NERVOUS_SYSTEM_PROCESS",0.358050789710375,0.0982217451426575,-0.0564859614003577,-0.0664689531533431,-0.320812661344003,0.000714102526779725
"GOBP_REGULATION_OF_NEURAL_PRECURSOR_CELL_PROLIFERATION",0.0135305445016675,-0.110252932601297,-0.0170141935159474,0.0674736864322544,-0.210557046175524,0.209529003478725
"GOBP_REGULATION_OF_NEUROBLAST_PROLIFERATION",0.117983899500158,-0.0857276965805626,-0.248720571586501,0.157461451837597,-0.277597076013672,0.29785227802082
"GOBP_REGULATION_OF_NEUROGENESIS",0.0583292745186824,-0.162750775463537,-0.0745150937141306,-0.00716262437816229,-0.113994202923759,0.200923279623406
"GOBP_REGULATION_OF_NEUROINFLAMMATORY_RESPONSE",-0.104694687826854,-0.192572906981055,-0.34741270360471,0.357465303984101,0.348504141881665,-0.117205287897559
"GOBP_REGULATION_OF_NEURON_APOPTOTIC_PROCESS",0.00275632174298054,-0.102249784430641,-0.0679353912508143,0.0277323568226158,-0.132786791529641,0.157049710351255
"GOBP_REGULATION_OF_NEURON_DIFFERENTIATION",0.108680598790653,0.08793134038864,-0.0878573724476574,-0.10691343592336,-0.203441887643891,0.19156841596501
"GOBP_REGULATION_OF_NEURON_MIGRATION",0.139993945991023,-0.076673678159185,-0.391435969943273,0.13732579764729,-0.115797717407292,0.275141219431531
"GOBP_REGULATION_OF_NEURON_PROJECTION_DEVELOPMENT",0.147883696631288,-0.0358359124410211,-0.0332940763337873,-0.0093354435090271,-0.253139487988334,0.14092666314372
"GOBP_REGULATION_OF_NEURON_PROJECTION_REGENERATION",0.143249718758792,0.162395489394976,-0.10739286189365,-0.11930453497355,-0.0473159369532902,0.0420444234993697
"GOBP_REGULATION_OF_NEURONAL_SYNAPTIC_PLASTICITY",0.401378300225511,0.0545470419787065,0.28281563454974,-0.280071081483098,-0.250186707763268,-0.0606606113693774
"GOBP_REGULATION_OF_NEUROTRANSMITTER_RECEPTOR_ACTIVITY",-0.387614826228476,-0.154061850606543,0.427311029205684,-0.1284792439392,0.337399932067011,-0.204537484176815
"GOBP_REGULATION_OF_NEUROTRANSMITTER_RECEPTOR_LOCALIZATION_TO_POSTSYNAPTIC_SPECIALIZATION_MEMBRANE",0.137003251654302,0.229983740481631,0.227045662914249,-0.40309919899822,-0.0962581397791584,-0.00270664438973064
"GOBP_REGULATION_OF_NEUROTRANSMITTER_SECRETION",0.298165146491107,0.0202873310854628,0.126020480177165,-0.243029808074546,-0.334773576868526,0.0541855148770256
"GOBP_REGULATION_OF_NEUROTRANSMITTER_TRANSPORT",0.219457598554432,-0.028720362657008,0.119254380409355,-0.239535222329482,-0.282193395229523,0.12338706064249
"GOBP_REGULATION_OF_NEUROTRANSMITTER_UPTAKE",-0.168197709612075,-0.172731348073625,0.170245807192924,-0.308126434142728,-0.0793063789810235,0.347444399029849
"GOBP_REGULATION_OF_NEUTROPHIL_CHEMOTAXIS",0.00442220155065029,0.0467027205636561,-0.228384243363307,0.164830343260884,0.164787611195166,-0.171114731998966
"GOBP_REGULATION_OF_NEUTROPHIL_MIGRATION",-0.0685226962948133,-0.0802176629740426,-0.253087282121378,0.258641494967691,0.262268756796202,-0.138198760769565
"GOBP_REGULATION_OF_NITRIC_OXIDE_METABOLIC_PROCESS",-0.179910417857912,0.0883635355681012,-0.156497784216026,0.121298652911965,0.166033044692601,0.0797493552926982
"GOBP_REGULATION_OF_NON_CANONICAL_NF_KAPPAB_SIGNAL_TRANSDUCTION",-0.17104763152506,-0.147640942337925,0.0759362606903865,0.159217210828499,0.0601895791959265,0.10147273798607
"GOBP_REGULATION_OF_NON_CANONICAL_WNT_SIGNALING_PATHWAY",0.0905168063237707,0.024464764545878,0.0360691283993772,0.325781593912903,-0.435128443399228,0.164756293406264
"GOBP_REGULATION_OF_NOTCH_SIGNALING_PATHWAY",0.292027490479122,-0.0802889409441848,-0.0254267630511938,0.0947118392131999,-0.261870745454723,0.0385243982398462
"GOBP_REGULATION_OF_NUCLEAR_DIVISION",-0.143430658968917,-0.113711918647962,-0.386247184398341,0.357393988280284,0.325444901194862,0.0299640934702268
"GOBP_REGULATION_OF_NUCLEAR_TRANSCRIBED_MRNA_CATABOLIC_PROCESS_DEADENYLATION_DEPENDENT_DECAY",0.113961708204902,-0.222612395155414,-0.323056186058647,-0.147907846295276,0.132675597827143,0.500579572657334
"GOBP_REGULATION_OF_NUCLEAR_TRANSCRIBED_MRNA_CATABOLIC_PROCESS_NONSENSE_MEDIATED_DECAY",-0.314167912210881,-0.596604289727945,-0.0231231902708625,0.349253293321691,0.433946571576799,0.189783497870811
"GOBP_REGULATION_OF_NUCLEAR_TRANSCRIBED_MRNA_POLY_A_TAIL_SHORTENING",0.319031212197988,-0.0865880090400157,-0.424847695290948,-0.273246493007014,-0.0218765158437647,0.528053108561303
"GOBP_REGULATION_OF_NUCLEOBASE_CONTAINING_COMPOUND_TRANSPORT",0.217680317162449,-0.45391692051908,-0.401688011579125,0.256447453255964,-0.0422263451618564,0.463567451469458
"GOBP_REGULATION_OF_NUCLEOCYTOPLASMIC_TRANSPORT",-0.0223518162291003,-0.25347190312777,-0.283773829780112,0.24725201771319,0.13390395803176,0.27229654876032
"GOBP_REGULATION_OF_NUCLEOTIDE_BIOSYNTHETIC_PROCESS",-0.20485758237432,-0.0512658039349977,0.346694844910144,-0.135095123840981,0.232741615677911,-0.23647325041719
"GOBP_REGULATION_OF_NUCLEOTIDE_EXCISION_REPAIR",0.261848707153769,-0.413086559524774,0.109389914958772,0.132122936446528,-0.140822453258773,-0.0282802392859884
"GOBP_REGULATION_OF_NUCLEOTIDE_METABOLIC_PROCESS",0.0769499069723751,-0.140664657904912,0.262545940247678,0.0201829259351078,-0.10484252119212,-0.188695885563949
"GOBP_REGULATION_OF_OLIGODENDROCYTE_DIFFERENTIATION",-0.15300983328974,-0.102682413166901,-0.258394941678183,-0.0366406254821774,0.268334471895125,0.252184377593356
"GOBP_REGULATION_OF_ORGAN_GROWTH",0.08626662798513,0.0433018177960193,-0.121223537579386,-0.0981002756309563,-0.117763635286509,0.196516789529653
"GOBP_REGULATION_OF_ORGANELLE_ASSEMBLY",0.148644724911799,-0.178118075642115,-0.0885833547942548,0.0284017338177531,-0.096909521376622,0.18674944278864
"GOBP_REGULATION_OF_ORGANIC_ACID_TRANSPORT",0.137318873435884,-0.192183661014294,0.105515587381176,-0.00569370880216347,0.00282797300736989,-0.0962345858271648
"GOBP_REGULATION_OF_OSSIFICATION",0.200241558992648,0.0919574020850482,-0.173346536765628,-0.0570495560411819,-0.293580530562018,0.117728676160275
"GOBP_REGULATION_OF_OSTEOBLAST_DIFFERENTIATION",0.139075020508207,0.109306124579139,-0.227057660509276,-0.0974338431832222,-0.21978059786261,0.155106170312584
"GOBP_REGULATION_OF_OSTEOBLAST_PROLIFERATION",0.214053033567867,0.085980903139724,-0.110170619383359,-0.137405172991174,-0.148854263125348,0.129045648123252
"GOBP_REGULATION_OF_OSTEOCLAST_DIFFERENTIATION",0.144108528662546,-0.0579818109924871,-0.288028288755223,0.100868268710654,0.236647801511322,-0.0568765184348355
"GOBP_REGULATION_OF_OXIDATIVE_PHOSPHORYLATION",0.228722460736071,0.328651548910567,0.358942033506303,-0.43136837229401,0.173947269038038,-0.471929387922653
"GOBP_REGULATION_OF_OXIDATIVE_STRESS_INDUCED_INTRINSIC_APOPTOTIC_SIGNALING_PATHWAY",-0.205590536368001,-0.253034723283763,0.0099616443134008,0.0028402146530212,0.230547901078877,0.0697434436565917
"GOBP_REGULATION_OF_P38MAPK_CASCADE",-0.102032299374418,-0.256764027446242,0.0940737935025197,0.206746232953594,-0.132320335972671,0.196821136385735
"GOBP_REGULATION_OF_PATTERN_RECOGNITION_RECEPTOR_SIGNALING_PATHWAY",-0.0552136660741036,-0.211466550768369,-0.1774000583737,0.255758012971446,0.172190771302276,0.00403577708566427
"GOBP_REGULATION_OF_PEPTIDE_TRANSPORT",0.320371849120111,0.163847915503789,0.249870605845974,-0.20212594354192,-0.232914728242938,-0.217018178507215
"GOBP_REGULATION_OF_PEPTIDYL_SERINE_PHOSPHORYLATION",-0.205179893212882,-0.218889255712908,-0.320607073948625,0.368111807105938,-0.0819150050333367,0.421168560252141
"GOBP_REGULATION_OF_PEPTIDYL_TYROSINE_PHOSPHORYLATION",-0.319993032242385,-0.217388690926029,-0.288266810998907,0.231448711104729,0.244571373650889,0.349411966620193
"GOBP_REGULATION_OF_PERK_MEDIATED_UNFOLDED_PROTEIN_RESPONSE",-0.0722529112826888,-0.349184264974277,-0.101100566629012,0.0196627876305357,0.299762895766606,0.203819955218173
"GOBP_REGULATION_OF_PH",0.193851365345918,-0.142372308612765,0.13339515555194,0.134622826897591,0.160918242035651,-0.387824322324235
"GOBP_REGULATION_OF_PHAGOCYTOSIS",-0.232648482018816,-0.139763662858512,-0.368938858577897,0.419979441999909,0.328077844216315,0.0681621219737145
"GOBP_REGULATION_OF_PHOSPHOLIPID_METABOLIC_PROCESS",0.0655636105197547,-0.069384250022092,0.158523002500899,-0.285245193349812,0.255011249621757,0.0713847734965747
"GOBP_REGULATION_OF_PHOSPHORUS_METABOLIC_PROCESS",-0.0203370770773798,-0.107918878289955,-0.108194953299422,0.100013985364742,0.0265663435942158,0.133099805937667
"GOBP_REGULATION_OF_PHOSPHORYLATION",-0.0747997382724109,-0.111994677695895,-0.203635844442568,0.145864952948924,0.0656497633920519,0.187537825216945
"GOBP_REGULATION_OF_PLASMA_LIPOPROTEIN_PARTICLE_LEVELS",0.00932349055989712,0.248999753825199,0.0698521112575866,0.0360976382770291,0.0627057882284064,-0.303723662807639
"GOBP_REGULATION_OF_PLASMA_MEMBRANE_ORGANIZATION",-0.220102064650665,0.248527896087546,-0.284669489971229,0.0965229985787558,0.365140441218581,0.0217803824103785
"GOBP_REGULATION_OF_PLATELET_ACTIVATION",-0.196505537679494,0.122076368187428,-0.467034822697113,0.230510045415272,0.267072988712142,0.0942880653538823
"GOBP_REGULATION_OF_PLATELET_AGGREGATION",-0.137948297799491,-0.144952305628943,-0.404029529052907,0.1602571346097,0.216499557915813,0.226479869796571
"GOBP_REGULATION_OF_PLATELET_DERIVED_GROWTH_FACTOR_RECEPTOR_SIGNALING_PATHWAY",0.00757157012469742,-0.0430230680473272,-0.360312508712794,-0.0118786074860726,0.122758361440088,0.0286372866048519
"GOBP_REGULATION_OF_POLYSACCHARIDE_BIOSYNTHETIC_PROCESS",0.316433636858671,0.0274055173951546,0.192830569479359,-0.111628461385762,-0.378462612365216,0.0919111535708744
"GOBP_REGULATION_OF_POLYSACCHARIDE_METABOLIC_PROCESS",0.265388961817082,0.0917606147424895,0.120210627181105,-0.0492566798411225,-0.290776118059845,0.0512575271387721
"GOBP_REGULATION_OF_POSITIVE_CHEMOTAXIS",0.0681444185454304,0.418325651098514,0.295995926125154,-0.549884374486735,-0.128657799274486,-0.319156443344542
"GOBP_REGULATION_OF_POST_TRANSLATIONAL_PROTEIN_MODIFICATION",-0.0231151914419852,-0.223275548697872,0.166522970444172,-0.068667684130515,0.100687979075023,0.0180359858484274
"GOBP_REGULATION_OF_POSTSYNAPSE_ASSEMBLY",-0.0938858255482393,-0.11963697565746,0.0904113239128544,0.1242641112662,-0.0910604639016632,0.0102188415472033
"GOBP_REGULATION_OF_POSTSYNAPSE_ORGANIZATION",0.142297767798598,-0.0339448054868561,-0.0215253110043708,-0.0255160821681553,-0.218387733850509,0.148019970650389
"GOBP_REGULATION_OF_POSTSYNAPTIC_DENSITY_ASSEMBLY",0.0805745876167879,0.176412080868605,-0.15089776570021,0.067273193893384,-0.281181570389867,0.358897123071222
"GOBP_REGULATION_OF_POSTSYNAPTIC_DENSITY_ORGANIZATION",0.160024094463227,0.205442494821384,-0.120281587934263,0.0860824522013231,-0.260760175159217,0.204699271879331
"GOBP_REGULATION_OF_POSTSYNAPTIC_MEMBRANE_NEUROTRANSMITTER_RECEPTOR_LEVELS",0.277881497940281,-0.00673704463258695,0.144474643757496,-0.317574800442085,-0.238087792453124,-0.0244031232946128
"GOBP_REGULATION_OF_POSTSYNAPTIC_MEMBRANE_POTENTIAL",0.380330660817651,0.0791957467469644,0.216533775876748,-0.209796266352281,-0.351967851360179,-0.12656642976792
"GOBP_REGULATION_OF_POSTSYNAPTIC_NEUROTRANSMITTER_RECEPTOR_INTERNALIZATION",0.285453119667008,-0.0946043545946879,0.214791532919622,-0.232526232057022,-0.315451477876276,-0.12736297880105
"GOBP_REGULATION_OF_POSTSYNAPTIC_SPECIALIZATION_ASSEMBLY",0.176741713395966,0.0912097594860308,-0.0224276393951465,0.0544172597627071,-0.363530945462233,0.24464164111574
"GOBP_REGULATION_OF_POTASSIUM_ION_TRANSMEMBRANE_TRANSPORT",0.19081208116003,0.188225837864422,0.052289535019045,-0.236108478780906,-0.231636246590508,0.230071255502842
"GOBP_REGULATION_OF_POTASSIUM_ION_TRANSPORT",0.190223518376197,0.12852791961004,0.0544928462003093,-0.262362888981822,-0.200997040401216,0.0895170904896922
"GOBP_REGULATION_OF_PRESYNAPSE_ORGANIZATION",0.121575017701166,0.170505359928888,0.176798317734472,-0.415169951638509,-0.38445784855024,0.381344940504327
"GOBP_REGULATION_OF_PRESYNAPTIC_MEMBRANE_POTENTIAL",0.26820011235017,0.290220744047423,-0.0180260644438224,-0.320157021604221,-0.288849713451131,0.283825931074727
"GOBP_REGULATION_OF_PRODUCTION_OF_MOLECULAR_MEDIATOR_OF_IMMUNE_RESPONSE",-0.13275604218748,-0.188098809563361,-0.300372047076679,0.403814249919237,0.182604207552435,-0.0189943596271366
"GOBP_REGULATION_OF_PROGRAMMED_NECROTIC_CELL_DEATH",0.0630512553301917,-0.260796696730767,-0.0511887581326463,0.302234792738509,-0.137584306859675,-0.0448738402208582
"GOBP_REGULATION_OF_PROTEASOMAL_UBIQUITIN_DEPENDENT_PROTEIN_CATABOLIC_PROCESS",-0.0429780734960082,-0.312599485012767,0.0776859309204395,0.0727596127374024,0.12145508696055,0.0896757569693433
"GOBP_REGULATION_OF_PROTEIN_BINDING",0.103978878714061,0.249139269342311,-0.173251660355926,-0.0168772116786857,-0.143135311538917,0.0716849920280734
"GOBP_REGULATION_OF_PROTEIN_CATABOLIC_PROCESS",-0.0600390882944772,-0.113160001871182,0.200091700564372,-0.0861749500478884,0.0630239141523229,0.0162339505132806
"GOBP_REGULATION_OF_PROTEIN_COMPLEX_STABILITY",-0.319038228928126,-0.331421446721822,0.491979987656999,0.375322026769383,-0.164897683381668,0.423953115947204
"GOBP_REGULATION_OF_PROTEIN_CONTAINING_COMPLEX_ASSEMBLY",0.0649330320708751,-0.163894620844219,2.43186789092298e-05,0.0821160771944628,-0.0306390945993866,0.0134017725498508
"GOBP_REGULATION_OF_PROTEIN_CONTAINING_COMPLEX_DISASSEMBLY",0.307867388592667,-0.188743375317993,0.15342138074193,-0.119367474422086,-0.244168993027958,0.0490211590627196
"GOBP_REGULATION_OF_PROTEIN_DEACETYLATION",-0.208999347219209,-0.216386829125766,0.203257971482493,0.134759251864909,-0.072808698785798,0.301274896692744
"GOBP_REGULATION_OF_PROTEIN_DEPOLYMERIZATION",0.349531590773907,-0.0942585585641136,0.180676756022779,-0.162762590572203,-0.254702653280597,-0.0246264937587523
"GOBP_REGULATION_OF_PROTEIN_EXIT_FROM_ENDOPLASMIC_RETICULUM",0.356217495131006,0.102340373974646,0.129244718821814,-0.383823032176339,0.0434540727057815,-0.188100408324343
"GOBP_REGULATION_OF_PROTEIN_EXPORT_FROM_NUCLEUS",0.0239797274660493,-0.151633044431722,-0.163640017039026,0.244715328576149,0.158789678032766,0.0579420606329543
"GOBP_REGULATION_OF_PROTEIN_IMPORT_INTO_NUCLEUS",-0.0319478456909214,-0.246397627944094,-0.305069089003064,0.195389859818092,0.164725938317728,0.21227044319466
"GOBP_REGULATION_OF_PROTEIN_LOCALIZATION_TO_CELL_PERIPHERY",0.113724727272299,0.205231328481068,0.0846846291836913,-0.135164796539176,-0.141760818791475,-0.0842644448492642
"GOBP_REGULATION_OF_PROTEIN_LOCALIZATION_TO_CELL_SURFACE",0.198102572362093,0.177508703579782,-0.0223812336432951,-0.127158346127341,0.126188378296769,-0.268809434503164
"GOBP_REGULATION_OF_PROTEIN_LOCALIZATION_TO_MEMBRANE",0.130343653881786,0.213105354137871,0.111082673102442,-0.102943797835904,-0.208116290680908,-0.0711465362284343
"GOBP_REGULATION_OF_PROTEIN_LOCALIZATION_TO_NUCLEUS",-0.0630248932990053,-0.27833249947945,-0.191396086386431,0.226898593535419,0.192248177951123,0.199106520426386
"GOBP_REGULATION_OF_PROTEIN_LOCALIZATION_TO_PLASMA_MEMBRANE",0.066375713562452,0.254145424554675,0.100088014325585,-0.0874263656046568,-0.158215783738202,-0.133681891237996
"GOBP_REGULATION_OF_PROTEIN_LOCALIZATION_TO_SYNAPSE",0.224602108912903,0.290064843712939,0.301622786048656,-0.401501189899936,-0.34596029314841,0.119605436147633
"GOBP_REGULATION_OF_PROTEIN_MATURATION",0.0299738847306444,-0.312965173946569,-0.173293779188829,0.348211577071223,0.28659130448857,-0.103435592947277
"GOBP_REGULATION_OF_PROTEIN_NEDDYLATION",-0.176247046658696,0.148634362081311,0.55205388833569,-0.506863307423974,0.378369511092785,-0.424295047441377
"GOBP_REGULATION_OF_PROTEIN_POLYMERIZATION",0.193364905146527,-0.0791246336922684,0.00954292086771014,-0.0380617986349329,-0.156750595530072,0.0100775099267772
"GOBP_REGULATION_OF_PROTEIN_POLYUBIQUITINATION",-0.0621501542672307,-0.252737951469852,0.0809074777456774,0.175837845652112,0.0486877769935981,0.0247850071201754
"GOBP_REGULATION_OF_PROTEIN_SECRETION",0.21263668008407,0.127670113969404,0.194104467590703,-0.115074610834171,-0.18246546082342,-0.12874731105669
"GOBP_REGULATION_OF_PROTEIN_SERINE_THREONINE_KINASE_ACTIVITY",-0.087219118031998,-0.242101309606968,-0.170774592089382,0.222158677697946,-0.0251085880717218,0.28652675174085
"GOBP_REGULATION_OF_PROTEIN_STABILITY",0.0239566388647922,-0.155972725124504,0.0924836072697955,-0.0739910208152356,0.0649328671519735,0.0410290049456682
"GOBP_REGULATION_OF_PROTEIN_SUMOYLATION",0.15031678485533,-0.371300221211815,0.109097722725098,0.145923404460682,0.124215789997885,0.025031260695107
"GOBP_REGULATION_OF_PROTEIN_TARGETING",0.229515307143838,-0.265150006956986,0.209014863874906,-0.0617456937138159,-0.218390381405133,0.0823698349456178
"GOBP_REGULATION_OF_PROTEIN_TARGETING_TO_MEMBRANE",0.278186767629277,-0.313297251503364,-0.153092817418235,0.179500861087538,-0.114391663417646,0.25923580151146
"GOBP_REGULATION_OF_PROTEIN_TRANSPORT",0.132026407707207,0.00033345692304998,0.0518744547128328,-0.077344887788566,-0.0538579429774541,-0.0122063890329455
"GOBP_REGULATION_OF_PROTEIN_TYROSINE_KINASE_ACTIVITY",-0.303435878791498,-0.546253012252565,-0.0331403997641714,0.103336057588505,0.132984662169803,0.356100884829104
"GOBP_REGULATION_OF_PROTEIN_UBIQUITINATION",0.0135601784895992,-0.244285935360729,0.142616141123487,-0.0226194498051966,0.0894965163279455,0.0414042317577109
"GOBP_REGULATION_OF_PROTEOLYSIS",-0.138045435523932,-0.177279635584349,0.048747886253507,0.089548698763113,0.18196860065864,0.0281159261869006
"GOBP_REGULATION_OF_PROTEOLYSIS_INVOLVED_IN_PROTEIN_CATABOLIC_PROCESS",-0.131948783850828,-0.22390382587505,0.135778229661313,0.0208789635444617,0.194231477832861,0.0299343315216633
"GOBP_REGULATION_OF_RAC_PROTEIN_SIGNAL_TRANSDUCTION",0.361110331397024,-0.00713920221086362,0.18737131589208,-0.0596086788955676,-0.278136672480983,-0.0306334932952301
"GOBP_REGULATION_OF_RAS_PROTEIN_SIGNAL_TRANSDUCTION",0.196983057311036,-0.0860800445022233,0.00842858530634277,-0.014875706506951,-0.168276329748744,0.0145776197902611
"GOBP_REGULATION_OF_REACTIVE_OXYGEN_SPECIES_BIOSYNTHETIC_PROCESS",0.0717456231606343,0.0217996238150338,-0.0344061857983544,0.00597522409622733,-0.0376492354853116,-0.0271477295973007
"GOBP_REGULATION_OF_REACTIVE_OXYGEN_SPECIES_METABOLIC_PROCESS",-0.295550809106619,-0.0501155308232592,-0.181294381284603,0.139990873883796,0.217591295813895,0.16902953722257
"GOBP_REGULATION_OF_RECEPTOR_CLUSTERING",0.411002730213322,0.310471232511344,0.316167358950077,-0.310391259858717,-0.415563940204286,-0.346984885159318
"GOBP_REGULATION_OF_RECEPTOR_INTERNALIZATION",0.0021374394903973,0.0313993826704398,0.0733193197668768,0.000998021365559043,-0.124233937428572,-0.039545875835252
"GOBP_REGULATION_OF_RECEPTOR_LOCALIZATION_TO_SYNAPSE",0.187071250217392,0.271017976899509,0.124994799514469,-0.191451646648231,-0.171769948094918,-0.138499181034689
"GOBP_REGULATION_OF_RECEPTOR_MEDIATED_ENDOCYTOSIS",0.142994823433023,-0.00577589496020187,0.140755510573636,0.0380487118281517,-0.204248806148077,-0.104085951438163
"GOBP_REGULATION_OF_RECEPTOR_RECYCLING",0.356355407516172,0.314421661231536,0.214653888945539,-0.552956386541746,-0.0549470283474542,-0.30485917370621
"GOBP_REGULATION_OF_RECEPTOR_SIGNALING_PATHWAY_VIA_JAK_STAT",-0.326894797738516,-0.250243762371424,-0.185455765031306,0.247435110852552,0.0328286944252344,0.386074815509916
"GOBP_REGULATION_OF_RECEPTOR_SIGNALING_PATHWAY_VIA_STAT",-0.328546109318565,-0.215351118704536,-0.216074215653406,0.269616318313666,0.0465413225338341,0.35365182961907
"GOBP_REGULATION_OF_REGULATED_SECRETORY_PATHWAY",0.138045687961019,0.0705831117292831,-0.135766679579273,0.0340892357687502,-0.0533847024519673,-0.033377358964826
"GOBP_REGULATION_OF_RELEASE_OF_CYTOCHROME_C_FROM_MITOCHONDRIA",-0.207649538764642,0.0258315748441654,-0.0622614140184089,0.197751481713492,0.13703569825641,-0.133045965815194
"GOBP_REGULATION_OF_RELEASE_OF_SEQUESTERED_CALCIUM_ION_INTO_CYTOSOL",0.227838599117322,0.0933081543548369,-0.0359247025968843,-0.0400808867281223,-0.0908401011697467,-0.252253925171793
"GOBP_REGULATION_OF_RELEASE_OF_SEQUESTERED_CALCIUM_ION_INTO_CYTOSOL_BY_SARCOPLASMIC_RETICULUM",0.459566373956522,0.0642839852378602,0.323186682002475,-0.361704708470201,-0.334803748260708,-0.373058759469403
"GOBP_REGULATION_OF_RENAL_SYSTEM_PROCESS",0.0795061067937268,0.0308017051503739,-0.153260381225876,-0.27834046030518,0.26754423093068,0.0536719922026198
"GOBP_REGULATION_OF_REPRODUCTIVE_PROCESS",-0.259809721216805,-0.0571321254885027,-0.168162890393953,0.276543673693089,0.193546646046982,0.123844015951767
"GOBP_REGULATION_OF_RESPONSE_TO_BIOTIC_STIMULUS",-0.0891106812370182,-0.224167350560372,-0.202595169070872,0.310623538550091,0.187706047439172,0.0231301678842778
"GOBP_REGULATION_OF_RESPONSE_TO_CYTOKINE_STIMULUS",-0.0984613101267385,-0.221055669606814,-0.118859666777501,0.233816441488366,0.117990216620332,0.139685847903207
"GOBP_REGULATION_OF_RESPONSE_TO_ENDOPLASMIC_RETICULUM_STRESS",0.0223492856734376,-0.0215970328066556,0.285508839702237,-0.0912300566913449,-0.136448652916767,-0.0560499034226919
"GOBP_REGULATION_OF_RESPONSE_TO_NUTRIENT_LEVELS",-0.0614026564241718,0.0705363733269685,0.137107491703009,0.0103052662241828,-0.303326069311245,0.010185510937505
"GOBP_REGULATION_OF_RESPONSE_TO_OXIDATIVE_STRESS",0.199980962450733,0.15544515759633,0.0819115748591245,-0.146034615180097,-0.222528316067617,-0.102753916945441
"GOBP_REGULATION_OF_RESPONSE_TO_TUMOR_CELL",0.0712253362152322,-0.198421325490753,-0.169763500931099,0.252353410431076,-0.0511577857211526,0.0576720546756777
"GOBP_REGULATION_OF_RESPONSE_TO_WOUNDING",-0.0554378704612496,0.0679096624005182,-0.266507065280272,0.0240712088465821,-0.00182760267787629,0.204612483244507
"GOBP_REGULATION_OF_RHO_PROTEIN_SIGNAL_TRANSDUCTION",0.343379427890677,0.141396239526545,-0.00375516270051157,-0.0830917456744077,-0.265700348240816,-0.0732640973414184
"GOBP_REGULATION_OF_RIG_I_SIGNALING_PATHWAY",0.16400945904976,-0.502723077530515,-0.383580278620704,0.279164228558444,0.322517447251206,0.142301803812914
"GOBP_REGULATION_OF_RNA_SPLICING",-0.316569097132026,-0.219194837465512,-0.0743050513758639,0.160971215079206,0.217819523672661,0.254858735518473
"GOBP_REGULATION_OF_RRNA_PROCESSING",-0.1925927224606,-0.366358411362112,0.289931131494942,-0.0594569390975093,0.349323261804046,0.111402493112586
"GOBP_REGULATION_OF_RUFFLE_ASSEMBLY",-0.0786959513950475,-0.0791556332109206,-0.203248070557936,0.23221043188773,0.18318407477348,0.0583592797139779
"GOBP_REGULATION_OF_SECONDARY_METABOLIC_PROCESS",-0.0102500177977506,0.347037679324293,0.0190410771696071,-0.0694879508800849,-0.292225174925787,-0.0859476260849968
"GOBP_REGULATION_OF_SECRETION",0.156448706432971,0.080125101517675,0.0319791234342957,-0.0821934720325717,-0.119888782694202,-0.0172857849270071
"GOBP_REGULATION_OF_SIGNAL_TRANSDUCTION_BY_P53_CLASS_MEDIATOR",-0.156976464572681,-0.145088759210086,-0.123228228532991,0.135010235263048,0.168847103154859,0.286169739597506
"GOBP_REGULATION_OF_SIGNALING_RECEPTOR_ACTIVITY",-0.296809933725045,-0.0216528705927945,0.261116932956498,-0.207721133213119,0.229487646523071,0.0736277635821818
"GOBP_REGULATION_OF_SISTER_CHROMATID_COHESION",-0.311850377505194,-0.54478434673672,-0.614119402321389,0.484038372772771,0.591891396622838,0.456235713117551
"GOBP_REGULATION_OF_SISTER_CHROMATID_SEGREGATION",-0.2101561501785,-0.292825135730377,-0.37263367259151,0.356928494538692,0.406159574562864,0.178880238027077
"GOBP_REGULATION_OF_SKELETAL_MUSCLE_CELL_DIFFERENTIATION",0.349503981701239,0.204165854917199,0.231381526703249,-0.353680230790042,-0.319612361133546,-0.0298111001654443
"GOBP_REGULATION_OF_SKELETAL_MUSCLE_CELL_PROLIFERATION",-0.139466723759577,-0.0723447665984075,0.325472957071705,-0.050366669352889,-0.393526486342213,0.542062464565452
"GOBP_REGULATION_OF_SKELETAL_MUSCLE_CONTRACTION",0.375623974517118,0.510913482756005,0.480074526349958,-0.451805059745929,-0.555606483324882,-0.376844144128287
"GOBP_REGULATION_OF_SKELETAL_MUSCLE_TISSUE_DEVELOPMENT",0.0390826378031743,0.151935484761581,0.245300578676377,-0.0634142024318983,-0.315620296237636,0.0084826629116484
"GOBP_REGULATION_OF_SMAD_PROTEIN_SIGNAL_TRANSDUCTION",0.0306808488210266,0.114524633327049,-0.249093210536116,0.194021654769215,-0.0548923414443777,-0.090689150796727
"GOBP_REGULATION_OF_SMALL_GTPASE_MEDIATED_SIGNAL_TRANSDUCTION",0.353316203155428,-0.00350761034011798,-0.109402236721699,0.063076027752554,-0.29310263053998,-0.0168602558170694
"GOBP_REGULATION_OF_SMALL_MOLECULE_METABOLIC_PROCESS",0.118164384093356,0.00171083571908776,0.19168498703405,-0.0588262273797468,-0.105273103480865,-0.108505160858756
"GOBP_REGULATION_OF_SMOOTH_MUSCLE_CELL_DIFFERENTIATION",0.0246496555349516,0.233514103787253,-0.229678242237934,-0.049361296223374,-0.211477597612436,0.229060336975969
"GOBP_REGULATION_OF_SMOOTH_MUSCLE_CONTRACTION",0.0511301568009156,0.339154936276993,-0.0514180496458997,-0.165037545093316,-0.0846496384645133,-0.135973646709304
"GOBP_REGULATION_OF_SMOOTHENED_SIGNALING_PATHWAY",0.0543947245721047,0.071656959539058,-0.109241065315314,0.0664563193090575,-0.178156620459835,0.0275665626632093
"GOBP_REGULATION_OF_SODIUM_ION_TRANSMEMBRANE_TRANSPORT",0.307807045302337,0.252729646001738,0.354971896132918,-0.447095410221222,-0.434404006804986,0.0190539152957085
"GOBP_REGULATION_OF_SODIUM_ION_TRANSPORT",0.285422068049109,0.17509363949084,0.216036449427661,-0.358364833338397,-0.327729621128712,-0.00404000750246297
"GOBP_REGULATION_OF_SPINDLE_ASSEMBLY",-0.0561143505606245,-0.385141659605418,-0.0984484286265207,0.109032984229544,0.330288541376718,0.054989929612233
"GOBP_REGULATION_OF_SPINDLE_CHECKPOINT",-0.346551639638195,-0.273346087353969,-0.484067391213272,0.43001289162497,0.426406516031271,0.195626368302632
"GOBP_REGULATION_OF_SPINDLE_ORGANIZATION",-0.0309469752566051,-0.344014199614041,-0.0328191072951065,0.0819819751934489,0.183446628606234,0.0838916875252802
"GOBP_REGULATION_OF_SPROUTING_ANGIOGENESIS",0.442986310641355,0.148862073719037,-0.104096468452358,-0.175627810423204,-0.427619454539068,0.016524493917831
"GOBP_REGULATION_OF_STEM_CELL_DIFFERENTIATION",0.00843225050137975,-0.225278213222003,-0.210061453438707,0.155077236167389,0.133192561884072,0.307597443286567
"GOBP_REGULATION_OF_STEM_CELL_POPULATION_MAINTENANCE",-0.307836844381331,-0.321134015978434,-0.343565071134831,0.283600589871232,0.256870783564676,0.379157542388289
"GOBP_REGULATION_OF_STEM_CELL_PROLIFERATION",-0.185840801380075,-0.0205688281923807,-0.268478605395,0.170486775842033,0.170164232738628,0.273345436004498
"GOBP_REGULATION_OF_STEROID_BIOSYNTHETIC_PROCESS",0.0626587883835295,0.139486593623113,0.153686767644871,-0.0729977680324309,-0.0903046958711292,-0.150514191887623
"GOBP_REGULATION_OF_STEROID_HORMONE_SECRETION",-0.108072068999962,0.451805087192938,0.153225633062472,-0.113570526965792,-0.376564602470161,-0.00916225050126029
"GOBP_REGULATION_OF_STEROID_METABOLIC_PROCESS",0.0306057743663204,0.0894538321901805,0.269211283095053,-0.0359393929908548,-0.128633539877927,-0.191911666499965
"GOBP_REGULATION_OF_STEROL_TRANSPORT",-0.0398986007420295,0.0758032950678824,0.259469140868836,-0.0814057047237465,0.0550332865227005,-0.167394608120409
"GOBP_REGULATION_OF_STRESS_ACTIVATED_PROTEIN_KINASE_SIGNALING_CASCADE",-0.00379175562799183,-0.194646912399956,-0.094188733151076,0.00784873029968686,0.179374694304762,0.0856485291850064
"GOBP_REGULATION_OF_STRIATED_MUSCLE_CELL_DIFFERENTIATION",0.168466823655467,-0.125386714046741,-0.134082555438006,0.0262195915876984,-0.114506260621897,-0.0576322659223544
"GOBP_REGULATION_OF_STRIATED_MUSCLE_CONTRACTION",0.352891409669119,0.155090175205406,0.232802375161108,-0.224263479062212,-0.311529474873616,-0.307423535781237
"GOBP_REGULATION_OF_SUBSTRATE_ADHESION_DEPENDENT_CELL_SPREADING",-0.0317155193191767,-0.21280702055365,-0.279314472983365,0.301796758943292,0.0854482945257974,0.102770791564508
"GOBP_REGULATION_OF_SUPEROXIDE_ANION_GENERATION",-0.42320492706656,-0.18199062746096,-0.378089587655539,0.394934003782063,0.505315775680609,0.150212762183612
"GOBP_REGULATION_OF_SUPEROXIDE_METABOLIC_PROCESS",-0.441078726356464,-0.182671237743376,-0.350911353564435,0.413661006462669,0.50019980245542,0.160128353495405
"GOBP_REGULATION_OF_SUPRAMOLECULAR_FIBER_ORGANIZATION",0.213784479509611,0.0263286149531303,0.0308250725530471,-0.147940760798005,-0.148059198837521,-0.0328049257107817
"GOBP_REGULATION_OF_SYNAPSE_ASSEMBLY",0.107969070441529,0.135784698563488,-0.0113328307423056,-0.0460037119527516,-0.292299588387744,0.176964177497564
"GOBP_REGULATION_OF_SYNAPSE_MATURATION",0.00797136390007405,0.0771635057664237,0.129024187721228,-0.295707017635731,-0.251653547662558,0.352347511909175
"GOBP_REGULATION_OF_SYNAPSE_STRUCTURE_OR_ACTIVITY",0.0724307103196462,0.0517331850175399,-0.0102977103806505,-0.0786319904443716,-0.242448323292744,0.200672905751826
"GOBP_REGULATION_OF_SYNAPTIC_PLASTICITY",0.178689357318732,0.0889982458089988,0.0699069108491102,-0.185012778328305,-0.216643067126984,0.0508075065618345
"GOBP_REGULATION_OF_SYNAPTIC_TRANSMISSION_GABAERGIC",0.602863246403386,0.0752132335901357,0.157242759420586,-0.362960632886192,-0.251763042228928,-0.446829205802019
"GOBP_REGULATION_OF_SYNAPTIC_TRANSMISSION_GLUTAMATERGIC",0.433264146626827,-0.160647514259989,0.0378718054854077,-0.048767113546009,-0.288576818779095,-0.0402644716316243
"GOBP_REGULATION_OF_SYNAPTIC_VESICLE_ENDOCYTOSIS",0.299217235028025,0.034188776911584,0.246937635473244,-0.1953721592581,-0.181276077076211,0.0207302343104989
"GOBP_REGULATION_OF_SYNAPTIC_VESICLE_EXOCYTOSIS",0.264468358349634,-0.023111077547071,0.114872693192059,-0.352879279164151,-0.333211416449259,0.212670758972902
"GOBP_REGULATION_OF_SYNAPTIC_VESICLE_RECYCLING",0.177023264923123,0.00563307092712212,0.235448499488493,-0.188150588436196,-0.171424503209876,-0.0255027479147102
"GOBP_REGULATION_OF_SYNCYTIUM_FORMATION_BY_PLASMA_MEMBRANE_FUSION",-0.608226414517068,-0.0321826946312869,-0.304008702043035,0.132743314360073,0.603093463137108,0.248727950059046
"GOBP_REGULATION_OF_SYSTEM_PROCESS",0.277871687044168,0.145373796436437,0.0529634019102707,-0.180237255026919,-0.277921791489914,-0.0605651405101341
"GOBP_REGULATION_OF_SYSTEMIC_ARTERIAL_BLOOD_PRESSURE",-0.0787183297365076,0.315008343795959,-0.115763529372826,-0.177996278622832,0.0614075608084753,-0.130541965367085
"GOBP_REGULATION_OF_SYSTEMIC_ARTERIAL_BLOOD_PRESSURE_BY_CIRCULATORY_RENIN_ANGIOTENSIN",-0.399419503393272,0.242762336414995,-0.0976250898940552,-0.143765887936021,0.262891618398572,0.0487852720627681
"GOBP_REGULATION_OF_SYSTEMIC_ARTERIAL_BLOOD_PRESSURE_BY_RENIN_ANGIOTENSIN",-0.315475563187402,0.319677210708695,-0.129095134108086,-0.0325620553306567,0.237898764226577,-0.136819691927876
"GOBP_REGULATION_OF_SYSTEMIC_ARTERIAL_BLOOD_PRESSURE_MEDIATED_BY_A_CHEMICAL_SIGNAL",-0.00549823173600628,0.406576327287815,-0.166838279920261,-0.133289905835954,0.163475728994609,-0.336652731837106
"GOBP_REGULATION_OF_T_CELL_ACTIVATION",-0.0793889778638755,-0.201226370211502,-0.27782833317633,0.348116536166878,0.199987155988013,0.0352344009513441
"GOBP_REGULATION_OF_T_CELL_APOPTOTIC_PROCESS",0.0792364262181165,0.188094335290248,-0.427571816962001,0.205759868576313,-0.03284620830705,-0.16874549011392
"GOBP_REGULATION_OF_T_CELL_DIFFERENTIATION_IN_THYMUS",0.0316842220882499,-0.327528087434725,-0.383766032484158,0.31385569234739,0.0348922088801455,0.492716924217968
"GOBP_REGULATION_OF_T_CELL_MEDIATED_CYTOTOXICITY",-0.171553748955173,-0.144801971627002,-0.331273971491464,0.507156010289377,0.368128997710196,0.0132728723634365
"GOBP_REGULATION_OF_T_CELL_MEDIATED_IMMUNITY",-0.0624195415485953,-0.185947894059228,-0.178348931883456,0.345451940837209,0.218828305215531,-0.130721225069062
"GOBP_REGULATION_OF_T_CELL_MIGRATION",0.117057681586092,0.114118179551703,-0.317413976139398,0.218580560016277,0.0407323615976271,-0.0872956249336965
"GOBP_REGULATION_OF_T_CELL_RECEPTOR_SIGNALING_PATHWAY",0.180217335361081,-0.34774419222757,-0.435007420156351,0.438160783227443,0.194986530360028,0.00818469091751051
"GOBP_REGULATION_OF_T_HELPER_1_TYPE_IMMUNE_RESPONSE",-0.451089431429469,-0.197338777451208,-0.355339640578756,0.514958685555285,0.419649485631634,-0.0692140265378831
"GOBP_REGULATION_OF_T_HELPER_17_CELL_DIFFERENTIATION",-0.178126656138551,-0.298979220388101,-0.0571327895611623,0.436436490045265,0.1656208256754,0.0352478939968359
"GOBP_REGULATION_OF_T_HELPER_17_TYPE_IMMUNE_RESPONSE",-0.247285688964679,-0.32096295768541,-0.0967297508878195,0.387384077639994,0.193438511562104,0.157589502434649
"GOBP_REGULATION_OF_T_HELPER_CELL_DIFFERENTIATION",-0.375338123473195,-0.233426520276865,-0.0853120468622325,0.501409218094947,0.257509313335147,0.0307775257114487
"GOBP_REGULATION_OF_TELOMERE_MAINTENANCE",-0.275273158378007,-0.493185363247609,-0.0722020734175658,0.263994526413663,0.337971066023694,0.318174584606263
"GOBP_REGULATION_OF_TELOMERE_MAINTENANCE_IN_RESPONSE_TO_DNA_DAMAGE",-0.392072153746407,-0.407684945459032,0.359757346766763,0.318810918103265,0.260096818682522,0.0630981050728432
"GOBP_REGULATION_OF_TELOMERE_MAINTENANCE_VIA_TELOMERASE",-0.357272202474645,-0.509601026269033,-0.262228479265606,0.341970596913897,0.532299241379134,0.283957640199189
"GOBP_REGULATION_OF_TELOMERE_MAINTENANCE_VIA_TELOMERE_LENGTHENING",-0.282079828459572,-0.501757542882377,-0.209693411005403,0.3482041184219,0.445156723257804,0.249663873000523
"GOBP_REGULATION_OF_THE_FORCE_OF_HEART_CONTRACTION",0.397360460020665,0.191522437169402,0.016663907592162,-0.0679932879527835,-0.174988129454199,-0.469625982451799
"GOBP_REGULATION_OF_TISSUE_REMODELING",0.0908604475348436,0.198532788975236,-0.0820330700759404,0.0116806915674909,-0.0972102403871948,-0.104860745085816
"GOBP_REGULATION_OF_TOLL_LIKE_RECEPTOR_4_SIGNALING_PATHWAY",0.318936851222963,-0.301981739537095,-0.200528590573938,0.127534916458958,0.273340340586637,0.0605749465688272
"GOBP_REGULATION_OF_TOLL_LIKE_RECEPTOR_SIGNALING_PATHWAY",-0.0769616680306554,-0.0636469593054392,-0.155105010565092,0.41650093890078,-0.0481788907877355,-0.132914066032151
"GOBP_REGULATION_OF_TRANS_SYNAPTIC_SIGNALING",0.200057434636491,0.0970116421517145,0.102863190486004,-0.219556391269771,-0.262820149585741,0.064293652097986
"GOBP_REGULATION_OF_TRANSCRIPTION_BY_RNA_POLYMERASE_I",-0.195029309095409,-0.342910917100992,0.0481175319771594,0.0937996400612772,0.0704020573273011,0.381089192623923
"GOBP_REGULATION_OF_TRANSCRIPTION_BY_RNA_POLYMERASE_III",-0.0370156893473976,-0.458737991006346,-0.0682999453161303,-0.0523778994587685,0.177746280871424,0.479575341183968
"GOBP_REGULATION_OF_TRANSFERASE_ACTIVITY",-0.0975731601109692,-0.225369819015706,-0.245707973999269,0.210597105391742,0.142971647072103,0.169527906312465
"GOBP_REGULATION_OF_TRANSLATION",-0.0617371755108156,-0.343398614160939,0.0438715725000745,0.0330258060250226,0.210972198293043,0.199427024075788
"GOBP_REGULATION_OF_TRANSLATION_IN_RESPONSE_TO_STRESS",-0.08514080771476,-0.324178405170601,-0.241083556983858,0.260810227097254,0.183546871295172,0.331863998439998
"GOBP_REGULATION_OF_TRANSLATIONAL_FIDELITY",0.10392935941459,-0.450007595411201,0.400479209454532,0.176441166732237,0.590028833969578,-0.54108221780813
"GOBP_REGULATION_OF_TRANSLATIONAL_INITIATION",-0.131939372376429,-0.354944089645444,0.202151192898385,-0.0340419774891895,0.0998752237374963,0.33053331259825
"GOBP_REGULATION_OF_TRANSMEMBRANE_RECEPTOR_PROTEIN_SERINE_THREONINE_KINASE_SIGNALING_PATHWAY",0.0478116459885532,0.0739953549129732,-0.230004459698202,0.000538091826431913,-0.12094758911486,0.191361733796193
"GOBP_REGULATION_OF_TRANSMEMBRANE_TRANSPORT",0.142657932228213,0.00631941725261814,0.114421414996436,-0.101240063980834,-0.12327189019466,-0.0679239545806182
"GOBP_REGULATION_OF_TRANSMEMBRANE_TRANSPORTER_ACTIVITY",-0.0778068331451378,0.0522221544728783,0.264370040525136,-0.184268969049193,-0.0779316183732694,-0.0497027331904147
"GOBP_REGULATION_OF_TRIGLYCERIDE_BIOSYNTHETIC_PROCESS",0.00918343933867216,-0.0959128498712719,0.56299940045193,-0.206473017724823,-0.0349674483846018,-0.0322342926539513
"GOBP_REGULATION_OF_TRIGLYCERIDE_METABOLIC_PROCESS",0.0134547760695556,0.104012170398482,0.29162930862502,-0.120158769904595,-0.12258722645725,-0.00350599714847627
"GOBP_REGULATION_OF_TUBE_SIZE",0.218970297293451,0.217964654306367,-0.191630462218385,-0.249784811361804,-0.139020970686266,0.0269154994816405
"GOBP_REGULATION_OF_TUMOR_NECROSIS_FACTOR_MEDIATED_SIGNALING_PATHWAY",-0.0362503571281139,-0.214203129989463,-0.129914581714962,0.0469101529869194,0.0953568602649561,0.20843473335516
"GOBP_REGULATION_OF_TYPE_2_IMMUNE_RESPONSE",-0.150285463403244,-0.0250446276580371,-0.115243800085384,0.240497050910935,0.048803411091274,0.110002682788124
"GOBP_REGULATION_OF_TYPE_I_INTERFERON_MEDIATED_SIGNALING_PATHWAY",-0.168220129886321,-0.143063415987403,-0.112194509247154,0.52063323831107,-0.00614982205658654,0.00487482569546194
"GOBP_REGULATION_OF_TYROSINE_PHOSPHORYLATION_OF_STAT_PROTEIN",-0.305247644624139,-0.124163896970842,-0.467437838031635,0.347486987479922,0.197023031100838,0.455605416405208
"GOBP_REGULATION_OF_UBIQUITIN_DEPENDENT_PROTEIN_CATABOLIC_PROCESS",0.00012517750583535,-0.336000195789877,0.0319175819440754,0.0999697545408151,0.150932802355578,0.0667085112451014
"GOBP_REGULATION_OF_UBIQUITIN_PROTEIN_TRANSFERASE_ACTIVITY",-0.00224277923347455,-0.264294666021102,-0.28578193863167,0.307677628593501,0.126135965956889,0.140059634136514
"GOBP_REGULATION_OF_VACUOLE_ORGANIZATION",0.129289441263963,-0.219941759916004,0.0322477438139158,-0.103458970762904,-0.0116926920304647,0.203509886894702
"GOBP_REGULATION_OF_VASCULAR_ENDOTHELIAL_GROWTH_FACTOR_RECEPTOR_SIGNALING_PATHWAY",0.27770946198625,0.233946616451134,-0.273461068663002,-0.0459713354187488,-0.0894475411017826,-0.107813426814321
"GOBP_REGULATION_OF_VASCULAR_PERMEABILITY",0.309328068193923,0.063457158348348,0.0668986973456377,-0.31874091645155,-0.351860646199622,0.00699585312969145
"GOBP_REGULATION_OF_VASCULATURE_DEVELOPMENT",0.0649515751510502,0.0475806309162836,-0.180348199867482,0.0321516564487039,-0.0370560477023349,0.0378122250134397
"GOBP_REGULATION_OF_VASCULOGENESIS",0.279969528005915,0.54581786801145,-0.0240503680126065,-0.247112919839007,-0.303971005515048,-0.280025026447938
"GOBP_REGULATION_OF_VASOCONSTRICTION",0.253821670531059,0.269997875843321,-0.189229040381878,-0.216522238751501,-0.135865364795758,-0.153699898698525
"GOBP_REGULATION_OF_VENTRICULAR_CARDIAC_MUSCLE_CELL_MEMBRANE_REPOLARIZATION",0.556881102161891,0.234106544933131,0.304565054920632,-0.457806218118243,-0.345567185599181,-0.369179434069293
"GOBP_REGULATION_OF_VESICLE_FUSION",0.194433974317942,0.170870680974618,-0.0671129656064322,0.0759536295233853,-0.357497062532334,-0.0316783274100993
"GOBP_REGULATION_OF_VESICLE_MEDIATED_TRANSPORT",0.113810406779576,0.00306322813759699,-0.0157140204213978,0.0332632206485048,-0.0911832965105944,0.00874202900075799
"GOBP_REGULATION_OF_VESICLE_SIZE",-0.217996545049301,0.0879631895990873,0.334632510815348,-0.324224234486401,-0.107233060014419,0.0350719644147517
"GOBP_REGULATION_OF_VIRAL_GENOME_REPLICATION",-0.126953824376378,-0.215866449210149,-0.283414416087406,0.377798470569976,0.0025399890166683,0.083061176250259
"GOBP_REGULATION_OF_VIRAL_LIFE_CYCLE",-0.17693551445147,-0.119097296432878,-0.307723967443479,0.288783925370835,0.0410040316676323,0.124423793943306
"GOBP_REGULATION_OF_VIRAL_PROCESS",-0.244087750230722,-0.146071963532261,-0.315278510319815,0.247379566895426,0.0872914498916095,0.231975253394279
"GOBP_REGULATION_OF_VIRAL_TRANSCRIPTION",-0.495230309088818,-0.36707371160713,-0.47106169571734,0.221601098858848,0.289597707186627,0.582905875301949
"GOBP_REGULATION_OF_WNT_SIGNALING_PATHWAY",0.0286446493201599,0.0358396003429807,-0.102691287239271,0.00379937848858614,-0.163904230697695,0.200754574126839
"GOBP_REGULATION_OF_WOUND_HEALING",-0.0820296285425877,0.101612471133395,-0.306550992191045,0.0240498152410038,0.00436542062914991,0.222938190495153
"GOBP_REGULATORY_NCRNA_MEDIATED_GENE_SILENCING",0.0171280420781342,-0.383499224797885,-0.271887815367764,0.146608515373836,0.0447134657332638,0.364496815035758
"GOBP_REGULATORY_NCRNA_PROCESSING",0.0216614934133348,-0.301789267889908,-0.16075342469056,-0.00264380474898357,0.0635197703998356,0.37055575707738
"GOBP_REGULATORY_T_CELL_DIFFERENTIATION",-0.355036736746488,-0.218018681309773,-0.304313858896105,0.399916836760296,0.374435168348964,0.110089626235146
"GOBP_RELAXATION_OF_CARDIAC_MUSCLE",0.323370746983392,-0.366548305913229,-0.0212237880973824,0.101100305823473,0.198928780481539,-0.134432136751824
"GOBP_RELAXATION_OF_MUSCLE",0.284022297020985,0.00433270375913802,0.242301092470059,-0.119446871862416,-0.11026058595355,-0.167627444977136
"GOBP_RELEASE_OF_CYTOCHROME_C_FROM_MITOCHONDRIA",-0.109911104795756,-0.047635530156061,-0.0164818405577042,0.181063261195933,0.0449625010228945,-0.0628565148319167
"GOBP_RELEASE_OF_SEQUESTERED_CALCIUM_ION_INTO_CYTOSOL_BY_ENDOPLASMIC_RETICULUM",0.452875035862802,0.142605801826033,0.288564291109904,-0.32087108806667,-0.338571469258591,-0.339139772871192
"GOBP_RENAL_ABSORPTION",0.370516068163613,0.192300908783657,-0.0574555744147328,-0.211977026736959,-0.368947137329957,0.189846245715519
"GOBP_RENAL_FILTRATION",-0.0433082876232297,0.0648404367012379,-0.429480739315621,-0.159600475607249,0.246319702719938,0.289148134053155
"GOBP_RENAL_SYSTEM_DEVELOPMENT",0.0317123895061608,0.200927072490399,-0.161688800401587,0.0258150346517395,-0.128609195222858,0.0192240430400342
"GOBP_RENAL_SYSTEM_PROCESS",0.300304423062803,0.131389949155194,-0.109997121159653,-0.164158388771315,-0.163246025040439,-0.0598321191244644
"GOBP_RENAL_SYSTEM_PROCESS_INVOLVED_IN_REGULATION_OF_SYSTEMIC_ARTERIAL_BLOOD_PRESSURE",-0.27855993149503,0.25624457807739,-0.257430441162616,0.0064561158375312,0.213946761299705,0.0875204384696896
"GOBP_RENAL_SYSTEM_VASCULATURE_DEVELOPMENT",0.0798024697436001,0.215076941726427,-0.222881989992621,-0.155320344675791,0.0277407329393774,0.106814302517168
"GOBP_RENAL_TUBULE_DEVELOPMENT",0.074729880322249,0.324334681945586,0.0496409025905842,-0.090812650323198,-0.399937483383264,0.00637298227659677
"GOBP_RENAL_WATER_HOMEOSTASIS",0.500236108351958,0.0608387851806948,0.163828478668643,-0.290762715880314,-0.361839688176027,-0.161946387169107
"GOBP_REPLACEMENT_OSSIFICATION",0.0616716262629152,0.261797558708594,-0.282387995819058,0.1460703694367,-0.00748598778450382,-0.152611444658227
"GOBP_REPRODUCTIVE_BEHAVIOR",-0.0152806710754514,0.160126675566323,0.0983623257892223,-0.194682736469864,-0.28130228751749,0.192420508232953
"GOBP_REPRODUCTIVE_SYSTEM_DEVELOPMENT",-0.0252453350415604,-0.0149865449749165,-0.223856936523865,0.132580520483067,-0.0824965818370922,0.189745687036703
"GOBP_RESCUE_OF_STALLED_RIBOSOME",0.00191865756663798,-0.259413990216543,0.237748402185793,-0.123343936620096,-0.142673632367254,0.255234558689372
"GOBP_RESPIRATORY_BURST",-0.201372440013153,-0.43752193531996,-0.555167658961266,0.486333049954666,0.405045969181242,0.347797058817725
"GOBP_RESPIRATORY_CHAIN_COMPLEX_IV_ASSEMBLY",0.15994492144832,0.042561814366261,0.480198421574743,-0.282367308663843,-0.156287361337967,-0.101627232121994
"GOBP_RESPIRATORY_GASEOUS_EXCHANGE_BY_RESPIRATORY_SYSTEM",0.155806255421074,0.253742437389077,0.016880672578824,-0.0539795962077133,-0.302034664467144,0.0513474560610613
"GOBP_RESPIRATORY_SYSTEM_DEVELOPMENT",0.0798922649985038,0.17796833955053,-0.0791047765677262,0.0190159469034146,-0.14410901605724,-0.00238792822126471
"GOBP_RESPIRATORY_SYSTEM_PROCESS",0.220179819388891,0.217594193740361,0.208444377642618,-0.179036584897462,-0.347105872112172,0.0125926178808415
"GOBP_RESPONSE_TO_ACETYLCHOLINE",0.219085000710874,-0.0233334736099686,-0.187616637516836,0.0996706983198923,-0.00187523638008641,-0.140786326496423
"GOBP_RESPONSE_TO_ACID_CHEMICAL",0.17308389947852,0.102040374678975,-0.082396232351128,-0.0473048950670277,-0.0864763107070542,-0.00405030655451416
"GOBP_RESPONSE_TO_ACIDIC_PH",-0.219395616118638,0.185143766062047,0.150086001479538,0.114385124266561,-0.185329498529197,-0.258462560888838
"GOBP_RESPONSE_TO_ACTIVITY",0.340716962978062,0.197156391179429,0.272950616404813,-0.375068916438095,-0.251106507827247,-0.137676851216991
"GOBP_RESPONSE_TO_ALCOHOL",0.122594275919657,0.00844089497631229,-0.0336696683792545,0.0847545780720509,0.0244616203798502,-0.12618951442006
"GOBP_RESPONSE_TO_ALKALOID",0.105384213070453,-0.0776624233818163,0.0824762236913854,-0.0862642822907493,0.0697722806741568,-0.0710278972971913
"GOBP_RESPONSE_TO_AMINE",-0.0725938929244014,-0.0255501335130899,-0.144178693101044,-0.0149890327268623,0.231505492392925,0.110021769004149
"GOBP_RESPONSE_TO_AMINO_ACID_STARVATION",0.243795407236942,-0.111098388687789,0.0618807130777606,-0.209418618655412,0.073502056787465,-0.000302514763845185
"GOBP_RESPONSE_TO_AMPHETAMINE",-0.158058521441494,-0.0130941209098743,-0.227570802055099,-0.171986951052975,0.241737923409079,0.352552427574007
"GOBP_RESPONSE_TO_AMYLOID_BETA",-0.10690694989599,-0.184764320179399,-0.372928635419282,0.403950092977519,0.204582631369477,0.179101855318111
"GOBP_RESPONSE_TO_ANGIOTENSIN",0.128224646342377,0.0329653864871892,0.029670812449051,-0.289318703671425,0.0236358029541207,0.13491032266076
"GOBP_RESPONSE_TO_ANTIBIOTIC",0.0507606552113574,-0.285914182345734,-0.237797582258275,0.0689555179213346,0.107885444211915,0.247641813792472
"GOBP_RESPONSE_TO_ARSENIC_CONTAINING_SUBSTANCE",-0.224517254080928,-0.640859009436203,0.207781100628581,0.339613680951909,0.371778569143181,0.0316069586231482
"GOBP_RESPONSE_TO_ATP",0.34977718926949,0.197372421919665,0.244647991657006,-0.52073919163196,-0.121599055872597,-0.0885748107302437
"GOBP_RESPONSE_TO_AUDITORY_STIMULUS",0.0520708956082365,0.224142492617411,-0.137595943903413,0.269856600397097,-0.0205046525672908,-0.372963647230756
"GOBP_RESPONSE_TO_AXON_INJURY",-0.211708518681913,0.049138844984271,-0.15111786009645,0.0921500619946213,0.0206767416009046,0.166016558613415
"GOBP_RESPONSE_TO_BACTERIUM",-0.151147055787803,-0.0694737211123218,-0.248238317609374,0.246969049603199,0.13091237811021,0.11437028430384
"GOBP_RESPONSE_TO_BMP",0.160393645085386,0.112305487897099,-0.179657290369242,-0.0133441949551305,-0.203313391667642,0.105967281384394
"GOBP_RESPONSE_TO_CADMIUM_ION",0.0987999295036172,0.0302638641192595,0.250129961758132,-0.185359757944849,0.220939400046327,-0.386160291580445
"GOBP_RESPONSE_TO_CAFFEINE",0.20235960902736,0.232192768084903,0.182288669052647,-0.114098721366071,-0.283722715651352,-0.258556054815848
"GOBP_RESPONSE_TO_CALCIUM_ION",0.169768948167415,0.148988362467826,-0.105264743808869,-0.169855022276559,-0.112669107040846,0.0462902480354284
"GOBP_RESPONSE_TO_CAMP",0.173065173613315,-0.0956034782656427,-0.0782592612497094,0.0481535277014428,-0.19551207254799,0.188774648662046
"GOBP_RESPONSE_TO_CARBOHYDRATE",0.103532615983853,0.0948196711917795,0.0872224056844131,-0.146980904116251,-0.168896826921505,0.0390648974505163
"GOBP_RESPONSE_TO_CHEMOKINE",0.0765433005985716,0.211447310980988,-0.329240331382998,0.0561994074063657,0.0844828825102849,-0.019024452864732
"GOBP_RESPONSE_TO_COCAINE",0.18703901903635,-0.321481235796148,0.0507808158501684,-0.030685874898981,0.158448035059431,-0.0148054707520109
"GOBP_RESPONSE_TO_COLD",0.2370375884651,-0.0208044302698716,0.245884110146573,-0.00870549247234728,-0.316732535394187,-0.0804959082144035
"GOBP_RESPONSE_TO_COPPER_ION",0.152500889211828,0.42121605290523,0.452487949594729,-0.331547434440513,-0.188232774854137,-0.334428635653944
"GOBP_RESPONSE_TO_CORTICOSTEROID",0.08889462554315,-0.0707259914698922,0.012342142773786,-0.0408273820916537,0.0333667152288813,0.0205186968271601
"GOBP_RESPONSE_TO_DEXAMETHASONE",0.222737255090704,-0.0272887685450605,0.0879400988178037,-0.278222941081945,-0.0189517705594502,0.140511916028487
"GOBP_RESPONSE_TO_DIETARY_EXCESS",0.115282398600808,0.124121403203663,-0.0374814623576423,0.0191648683193361,-0.0538521297423311,0.0877366216000628
"GOBP_RESPONSE_TO_DSRNA",0.066501315535899,-0.249106011091046,-0.206071794180566,0.324563434283127,-0.159335614526976,0.309382464030374
"GOBP_RESPONSE_TO_ELECTRICAL_STIMULUS",0.309382099348732,-0.117730518709225,-0.00920650749611934,0.0671517829854172,-0.44212259745818,0.273758561255657
"GOBP_RESPONSE_TO_ENDOPLASMIC_RETICULUM_STRESS",-0.00978808335382408,-0.0833127848078635,0.223439087537427,-0.126245600279997,-0.00907692779754343,-0.0463322667125398
"GOBP_RESPONSE_TO_EPIDERMAL_GROWTH_FACTOR",-0.0205277299292996,-0.178196088229892,-0.13594581048459,0.00965107394893183,0.14129242122935,0.229255885339469
"GOBP_RESPONSE_TO_ESTRADIOL",-0.18030313269827,-0.0669937453769374,-0.14323133193442,0.148576366239625,0.0508373992687404,0.195937186863961
"GOBP_RESPONSE_TO_ESTROGEN",-0.0821754230375425,-0.233474533767975,0.00394529919810438,0.124038788466082,-0.0393632383193848,0.203113536361566
"GOBP_RESPONSE_TO_ETHANOL",0.0432806351452407,0.0495690731177063,0.0634885482838394,-0.00917081577599982,0.0849132813296439,-0.126721907240614
"GOBP_RESPONSE_TO_ETHER",-0.0528890536282431,-0.146039025379241,-0.113781647087713,0.381038879151868,-0.0748192342745665,0.0432147907412731
"GOBP_RESPONSE_TO_FATTY_ACID",0.167062801817114,0.260590321975799,0.0808012846935798,-0.314579264095916,0.038898690150398,-0.213253558340544
"GOBP_RESPONSE_TO_FIBROBLAST_GROWTH_FACTOR",-0.0687490158300795,0.062706732706291,-0.323858878496861,-0.0169360565180229,-0.213628939476357,0.418668574858672
"GOBP_RESPONSE_TO_FLUID_SHEAR_STRESS",0.368466180871612,-0.223724630673515,-0.175090527365417,0.0901602962718916,-0.114996646562674,-0.0334739696773292
"GOBP_RESPONSE_TO_FOOD",-0.134198480631727,0.169902824302221,0.0654803759081367,-0.101476931476537,-0.0599294434387392,-0.0890099860313857
"GOBP_RESPONSE_TO_FORSKOLIN",0.414129616979465,0.319686642116596,0.102501008629728,-0.563173452155316,-0.125815123384133,-0.0719121553181493
"GOBP_RESPONSE_TO_FUNGUS",-0.229061311842634,-0.0592158722829967,-0.314853611602175,0.337162442415595,0.374412620829487,0.191671515575946
"GOBP_RESPONSE_TO_GAMMA_RADIATION",-0.109074115579805,-0.355340871617671,-0.209829135043473,0.24118191705822,0.207702966269714,0.220465600220761
"GOBP_RESPONSE_TO_GLUCAGON",0.346704496220745,0.123573218681526,0.0508727415994745,-0.156624440680114,0.141155621849388,-0.349233109483706
"GOBP_RESPONSE_TO_GONADOTROPIN",0.178675680092309,0.0268958997915079,-0.222235255432598,-0.192372083184678,-0.100406715223442,0.235550392884079
"GOBP_RESPONSE_TO_GROWTH_HORMONE",-0.0620212843589334,-0.110771881897859,-0.343262230346417,-0.031083511975335,0.0559566165699083,0.390290631873784
"GOBP_RESPONSE_TO_HEAT",-0.0259932114783074,-0.272037524235022,0.209180507968005,-0.0960152065555536,0.137987118783226,0.122844358518721
"GOBP_RESPONSE_TO_HYDROGEN_PEROXIDE",-0.0414871353660824,-0.143751830445268,-0.112974661002438,-0.0643479771847987,0.152895091569691,0.258522996130805
"GOBP_RESPONSE_TO_IMMOBILIZATION_STRESS",0.152508033112855,-0.250879482643116,0.401305542929661,-0.133699361161951,-0.263285086519972,0.0753846628759842
"GOBP_RESPONSE_TO_INCREASED_OXYGEN_LEVELS",0.265380817543959,0.138948256827394,0.318256022999748,-0.117286911153362,-0.23065068839963,-0.386151150459733
"GOBP_RESPONSE_TO_INSULIN",0.293436289439162,-0.0932245306268089,0.19861941309143,-0.137534060110704,-0.269729971155577,-0.0410409566961704
"GOBP_RESPONSE_TO_INTERFERON_ALPHA",-0.186789172838257,-0.148531502110968,-0.473053094698871,0.51042218935839,-0.0107103630300334,0.378480466991195
"GOBP_RESPONSE_TO_INTERFERON_BETA",-0.345104234947538,0.0988233021813944,-0.127418275574602,0.527480193931024,0.0748324756557941,-0.103138245124308
"GOBP_RESPONSE_TO_INTERLEUKIN_1",-0.083476432688827,-0.316845416730676,-0.218557475761085,0.153684705676983,0.149022850332779,0.193742407220678
"GOBP_RESPONSE_TO_INTERLEUKIN_17",-0.238876150844115,-0.296562143246485,-0.396807928220893,0.225964944933169,0.36354933294281,0.14080399085233
"GOBP_RESPONSE_TO_INTERLEUKIN_4",-0.17638005036713,-0.473764258102262,-0.404843109409481,0.500523721456064,0.289526488883607,0.0825532019596931
"GOBP_RESPONSE_TO_INTERLEUKIN_6",0.0652889824627916,-0.34721276948644,-0.370266071211123,0.18110584547224,0.226011516724541,0.419541943071269
"GOBP_RESPONSE_TO_INTERLEUKIN_7",-0.307330852175022,-0.45398666224483,-0.36231106146254,0.514404570102728,0.497475937349529,0.0493170642152408
"GOBP_RESPONSE_TO_IONIZING_RADIATION",-0.236363037225874,-0.226192579027109,-0.253912922529296,0.341986591781883,0.200022299324381,0.211815982735884
"GOBP_RESPONSE_TO_IRON_ION",-0.0311895152175953,0.333589902212152,0.170681422800712,-0.281249756399466,0.114863313285949,-0.295631419430881
"GOBP_RESPONSE_TO_ISCHEMIA",0.0616479370845726,-0.223644119842794,0.104453541338488,-0.0372725150043564,0.189957652075448,-0.065666677923235
"GOBP_RESPONSE_TO_KETONE",0.140613696016992,0.0158939408455416,-0.0984802642523436,0.00357258801204763,0.0178715524422158,-0.0217910714186312
"GOBP_RESPONSE_TO_LAMINAR_FLUID_SHEAR_STRESS",0.25899844472822,-0.180386432789711,0.0410805258535951,-0.074986640599789,0.109450329906585,-0.198626784412883
"GOBP_RESPONSE_TO_LEAD_ION",0.190974525699844,0.212274400679151,0.115554965056106,-0.335534528734084,0.00264748563420664,0.0264130195262841
"GOBP_RESPONSE_TO_LEPTIN",-0.182538573695907,0.035651899941311,0.0503906354110423,-0.308518764509044,0.164795635292886,0.358704700343852
"GOBP_RESPONSE_TO_LEUKEMIA_INHIBITORY_FACTOR",-0.202952209772873,0.0333598888925327,-0.0615357592352511,-0.117073796954915,0.164931518045271,0.100184165929087
"GOBP_RESPONSE_TO_LIGHT_STIMULUS",-0.037810246126962,-0.0968452069110376,-0.142216307948575,0.0542585165586229,-0.00665090954920194,0.179578820823864
"GOBP_RESPONSE_TO_LIPOPROTEIN_PARTICLE",-0.228197061696231,-0.0496560145671521,-0.190254578873799,0.16440077875778,0.277523711938772,0.0582867238188304
"GOBP_RESPONSE_TO_MACROPHAGE_COLONY_STIMULATING_FACTOR",-0.168851038115377,0.352317064434345,-0.182284659363942,0.162829169072357,0.236539022034601,-0.450366989294279
"GOBP_RESPONSE_TO_MECHANICAL_STIMULUS",0.0343676687690648,0.104835185253409,-0.152063645687617,0.107517995626906,-0.18971912298804,0.0888854238744063
"GOBP_RESPONSE_TO_METAL_ION",0.0791720876815313,0.175267068546527,0.0787140169786449,-0.16451459477511,0.0458848476322144,-0.127918391160741
"GOBP_RESPONSE_TO_MINERALOCORTICOID",-0.0257688906975673,-0.21079387368419,-0.307285308610423,0.294294273227823,0.219328819833009,-0.134070569305648
"GOBP_RESPONSE_TO_MISFOLDED_PROTEIN",0.0883102964172078,0.0670034248732836,0.125332541407481,-0.0530167432017184,-0.369995758896424,0.121097883833383
"GOBP_RESPONSE_TO_MOLECULE_OF_BACTERIAL_ORIGIN",-0.21801811171082,-0.182420728457746,-0.334133752609661,0.328764640857674,0.217369692975675,0.198031969984427
"GOBP_RESPONSE_TO_MONOAMINE",0.101595900038796,-0.0852098602511696,-0.0555251773629266,-0.1412337891769,-0.163047039115864,0.265477463498624
"GOBP_RESPONSE_TO_MONOSACCHARIDE",0.101350207536553,0.132022152198026,0.154039279387304,-0.160779008548531,-0.222966110934428,0.0164280496541783
"GOBP_RESPONSE_TO_MURAMYL_DIPEPTIDE",-0.327842975311632,-0.245932078693559,-0.407110904230442,0.329046693254048,0.1616990422514,0.545342412246534
"GOBP_RESPONSE_TO_MUSCLE_ACTIVITY",0.337421032048003,0.388239284182319,0.395189590807389,-0.410954929642326,-0.384718455243119,-0.314253647817206
"GOBP_RESPONSE_TO_MUSCLE_STRETCH",0.184676379150578,-0.00402429534107776,-0.0996705634638926,0.0312442874719286,-0.142008672899306,0.25331722676491
"GOBP_RESPONSE_TO_NERVE_GROWTH_FACTOR",0.222363274123178,-0.226596637589042,-0.0389633593832508,-0.146452043945996,-0.0940150431419485,0.162862407408728
"GOBP_RESPONSE_TO_NICOTINE",0.123667374409734,0.0193762267110168,-0.0790107541280583,-0.11330287299046,0.0430971767611736,0.119777219693021
"GOBP_RESPONSE_TO_NITRIC_OXIDE",0.229029329333281,-0.1961702347536,-0.154175003690274,0.111323843322143,0.235307200516324,-0.302754835391192
"GOBP_RESPONSE_TO_NUTRIENT",0.0207138436460428,-0.0547916523290173,-0.0295846348227308,0.111876707400565,0.130888938471108,-0.159383536765897
"GOBP_RESPONSE_TO_NUTRIENT_LEVELS",0.0829731831830952,-0.0294980251181224,0.13203347526589,-0.093224971999953,-0.0202754633393757,-0.0732858347358835
"GOBP_RESPONSE_TO_ORGANOPHOSPHORUS",0.219613716058581,0.025008261791337,-0.0395360330373576,-0.143300251016741,-0.177169387115338,0.169638258376142
"GOBP_RESPONSE_TO_OSMOTIC_STRESS",0.24768293147156,-0.0362281892873501,0.00859909006310158,-0.125555219241503,-0.138334068279045,0.0289440305940291
"GOBP_RESPONSE_TO_OXIDATIVE_STRESS",-0.0841676175696605,-0.0459790059534628,0.00946106805736896,-0.0391506822830711,0.137452474838694,0.0730607499912601
"GOBP_RESPONSE_TO_OXYGEN_LEVELS",0.0933174345341931,0.0424951030160521,0.0975386405528345,-0.0959968821053442,-0.0590718790184533,-0.0708642017764576
"GOBP_RESPONSE_TO_OXYGEN_RADICAL",-0.0151723869296808,0.292673914551317,0.220027977061283,-0.0202630146896159,-0.0549616435399281,-0.24736857968399
"GOBP_RESPONSE_TO_PAIN",-0.135844107313957,0.203703625796096,-0.0488247003977674,-0.150428865017582,-0.222558779589232,0.203310117513139
"GOBP_RESPONSE_TO_PEPTIDE_HORMONE",0.245472005077246,-0.0510251927436139,0.091530234228918,-0.133697108009524,-0.204555763414432,0.0524699002575316
"GOBP_RESPONSE_TO_PH",0.0797056750476757,0.109305613980658,0.217756024415812,0.158599860394112,-0.217376018517496,-0.397005125294805
"GOBP_RESPONSE_TO_PLATELET_DERIVED_GROWTH_FACTOR",0.0560768903385447,-0.197139513495719,-0.246199310076557,0.0172764476833562,0.0100482260288114,0.460727901115698
"GOBP_RESPONSE_TO_PROGESTERONE",0.12576373576495,-0.306731183329176,-0.0614935259377586,0.173670885995588,0.139340083576045,0.207101221084755
"GOBP_RESPONSE_TO_PROSTAGLANDIN",0.107773432980063,0.158795174766489,0.0173034974670731,-0.113850162016444,0.016656368591133,-0.15439651722647
"GOBP_RESPONSE_TO_PROSTAGLANDIN_E",0.0765595471203682,-0.0125623392171014,0.0435178390512612,0.115612428846783,-0.136476152051722,-0.0816941113704767
"GOBP_RESPONSE_TO_PROTOZOAN",-0.190988006111785,-0.38814038747955,-0.41977418254914,0.620872776354932,0.288362644538997,-0.081232428238701
"GOBP_RESPONSE_TO_PURINE_CONTAINING_COMPOUND",0.220496887822034,0.030588031381549,-0.0309682533477258,-0.0756177616891384,-0.143726563300421,0.0717784476759862
"GOBP_RESPONSE_TO_RADIATION",-0.0882178524953693,-0.134171521171976,-0.188211498652735,0.146273888873615,0.0722829778291216,0.164587296864809
"GOBP_RESPONSE_TO_REACTIVE_OXYGEN_SPECIES",-0.00530967577437236,-0.0691998279136314,-0.142676666177561,0.0154082082855869,0.0904513603244403,0.115960255861178
"GOBP_RESPONSE_TO_RETINOIC_ACID",-0.0671648599351876,0.309207204829548,-0.164188889320658,0.122276431410952,0.00261178913684734,-0.197931669926656
"GOBP_RESPONSE_TO_SALT",-0.115349391016229,-0.124854208422711,-0.389624016899983,0.268621363258912,0.139120172199559,0.0887274503419897
"GOBP_RESPONSE_TO_SALT_STRESS",0.44998135781889,0.16052966717548,0.343257799866215,-0.270772669444353,-0.295173678150738,-0.33164542239477
"GOBP_RESPONSE_TO_STARVATION",0.169599447979293,-0.0856269094368358,0.156812324516857,-0.133273432136013,-0.0455894181922945,-0.0751233533533022
"GOBP_RESPONSE_TO_STEROID_HORMONE",0.0142641390866075,-0.133434074721341,0.0133875514332933,0.0316234821399909,-0.0314044564115843,0.125217067156822
"GOBP_RESPONSE_TO_STEROL",0.169004174641857,0.231279464716582,-0.00727097066802657,0.0877726209003777,-0.223578754760448,-0.16311534320201
"GOBP_RESPONSE_TO_STEROL_DEPLETION",0.104842512886193,-0.0823352122722883,0.40671342941166,0.00417142088279401,-0.335954119195394,-0.0556264436310395
"GOBP_RESPONSE_TO_TEMPERATURE_STIMULUS",-0.026154795600702,-0.228929373703592,0.161148648364898,-0.0428238816650432,0.0275615893577779,0.106364898949346
"GOBP_RESPONSE_TO_TESTOSTERONE",0.0732782092274491,-0.0851240420352426,0.168600012516326,-0.16894670307101,0.125919945823621,0.0304745921379373
"GOBP_RESPONSE_TO_THYROID_HORMONE",0.13594637766018,-0.160491009307513,-0.0082515494361568,-0.126900956056353,0.12302980213254,0.104256301360982
"GOBP_RESPONSE_TO_TOPOLOGICALLY_INCORRECT_PROTEIN",0.0182032582629333,-0.161124681932857,0.213288194833852,-0.121585309657105,-0.0804401801388662,0.0660547882547275
"GOBP_RESPONSE_TO_TOXIC_SUBSTANCE",-0.0790134387342512,0.191716647679778,0.142890338772218,-0.174385518960454,0.0971186799638293,-0.174000627515121
"GOBP_RESPONSE_TO_TRANSFORMING_GROWTH_FACTOR_BETA",0.0804234612173859,0.0050043428792986,-0.219932037512298,-0.0315052508990019,-0.154962402562106,0.257811172323166
"GOBP_RESPONSE_TO_TUMOR_CELL",-0.0148052759361647,-0.17314841579321,-0.292369769511992,0.204204375026594,0.089474244860833,0.0174215861846572
"GOBP_RESPONSE_TO_TUMOR_NECROSIS_FACTOR",-0.0965273053187478,-0.121689929110774,-0.257583535585915,0.26503633172449,0.107783568080259,0.153083083569053
"GOBP_RESPONSE_TO_TYPE_I_INTERFERON",-0.364654494289717,-0.315639201777747,0.0649076574045557,0.387182946147003,0.252350953519696,0.027518498209176
"GOBP_RESPONSE_TO_TYPE_II_INTERFERON",-0.34966541320164,-0.0858315705941669,-0.184173587829693,0.33868282665511,0.297661165649192,-0.0863442783786353
"GOBP_RESPONSE_TO_UV",-0.250779830453338,-0.183908883739787,-0.242212992330559,0.224001967960707,0.244668934410733,0.242684258738182
"GOBP_RESPONSE_TO_UV_B",-0.278505421941653,-0.452479268907284,-0.0986079806189752,0.357575680253158,-0.0471188822027322,0.476166819364113
"GOBP_RESPONSE_TO_VIRUS",-0.156066726457177,-0.225700489311336,-0.195465421422666,0.297642090204376,0.0757177737014745,0.110659051145028
"GOBP_RESPONSE_TO_VITAMIN",-0.0597395958577989,-0.0643336902861091,-0.247582558717067,0.247203108295939,0.144783296015788,0.0231669728266469
"GOBP_RESPONSE_TO_VITAMIN_D",0.136002042243948,-0.154476251876697,-0.106646819395306,0.343048691752596,-0.164672745807524,-0.0954327888356294
"GOBP_RESPONSE_TO_WOUNDING",-0.0719753228912609,0.0591775272618526,-0.25227819629229,0.148030920465309,0.0244768836247573,0.118550396283457
"GOBP_RESPONSE_TO_X_RAY",-0.151626036864002,-0.229987960279423,-0.390894399872396,0.182711495226181,0.323905498063086,0.284112263849814
"GOBP_RESPONSE_TO_XENOBIOTIC_STIMULUS",-0.0216103771819778,0.0613976964688513,-0.0164495995874137,0.0276166831525063,0.0613051332229572,-0.0386427417131398
"GOBP_RESPONSE_TO_ZINC_ION",0.187563870384893,0.116434107426738,0.226956881472347,-0.34791789749242,0.329392726320015,-0.365765311759082
"GOBP_RETICULOPHAGY",0.17193465081242,0.0994434968497346,0.249412969735935,-0.342472034253666,-0.358874650674974,0.167885234938192
"GOBP_RETINA_DEVELOPMENT_IN_CAMERA_TYPE_EYE",0.166647469389135,-0.112443294327586,0.0335501935677525,-0.120118344075328,-0.0220398178838361,0.00307384213565609
"GOBP_RETINA_HOMEOSTASIS",0.0359589502494495,0.165589307768883,0.199187423171571,-0.0416251424256828,-0.314141088415592,-0.0148299268035972
"GOBP_RETINA_LAYER_FORMATION",0.466090282197113,-0.0875914895404145,0.219927401334988,-0.3330232753117,-0.369028526719917,-0.125004223321491
"GOBP_RETINA_MORPHOGENESIS_IN_CAMERA_TYPE_EYE",0.217570130881026,-0.0385711345531954,0.147782939079528,-0.215029027960907,-0.240375927015158,0.125387508065488
"GOBP_RETINA_VASCULATURE_DEVELOPMENT_IN_CAMERA_TYPE_EYE",0.288248840447669,0.486251267339591,0.0452878297107579,-0.449940576948174,-0.102785811527786,-0.200765034501613
"GOBP_RETINOIC_ACID_RECEPTOR_SIGNALING_PATHWAY",0.0403439668129737,0.119542918072396,-0.244717874545896,0.206480917182841,-0.0519795876451796,0.0800036528564851
"GOBP_RETINOL_METABOLIC_PROCESS",-0.142846990755082,0.10149725880267,0.455275677031087,-0.358703086435461,0.0605787717271946,-0.118751513560551
"GOBP_RETROGRADE_AXONAL_TRANSPORT",0.380270615101003,-0.272087267183519,0.422471614272714,-0.181379425235206,-0.295586570529516,-0.0347385217960051
"GOBP_RETROGRADE_TRANSPORT_ENDOSOME_TO_GOLGI",0.284017027698259,-0.148442428005557,0.136661185668904,-0.1285182185638,-0.103834871018622,-0.0395307609336648
"GOBP_RETROGRADE_VESICLE_MEDIATED_TRANSPORT_GOLGI_TO_ENDOPLASMIC_RETICULUM",-0.147612374780377,0.0284952307291723,0.0301649384895325,-0.237046975945113,0.0890208666869192,0.148352891150214
"GOBP_RHO_PROTEIN_SIGNAL_TRANSDUCTION",0.253060169074689,0.115191227034463,-0.0773588199620381,-0.0289410915918037,-0.250948969706872,0.059432943354103
"GOBP_RHYTHMIC_BEHAVIOR",0.400425165915231,-0.0074046971286657,-0.168011133477472,-0.354112812472571,-0.138089447166589,0.266615036244756
"GOBP_RHYTHMIC_PROCESS",0.12446435965993,-0.234513030807633,-0.199174009053787,-0.0395985353009481,0.0338978781409012,0.31607392918162
"GOBP_RIBONUCLEOPROTEIN_COMPLEX_BIOGENESIS",-0.409180009868464,-0.422326096850179,0.0032640951746255,0.237648540966973,0.455730947468883,0.256683005248756
"GOBP_RIBONUCLEOSIDE_METABOLIC_PROCESS",-0.330169375147512,0.140794242752731,-0.439143589217501,0.261374120253201,0.452362849693551,-0.137960164268168
"GOBP_RIBONUCLEOSIDE_MONOPHOSPHATE_BIOSYNTHETIC_PROCESS",-0.425516197264024,-0.44003300608704,0.0975377171639899,0.177432363248529,0.453576762606425,-0.0684867025125475
"GOBP_RIBONUCLEOTIDE_CATABOLIC_PROCESS",0.163595481711934,-0.0483559897119658,0.106793869946368,0.128949698883645,-0.210943504151798,-0.139281241604532
"GOBP_RIBOSE_PHOSPHATE_BIOSYNTHETIC_PROCESS",-0.054548170064559,0.277177285130186,0.503641642117324,-0.295099284451928,0.122489116267259,-0.453368081374955
"GOBP_RIBOSE_PHOSPHATE_METABOLIC_PROCESS",0.107482942083386,0.12478844328679,0.332015316181873,-0.183574789541518,-0.040927741683787,-0.310667637459546
"GOBP_RIBOSOMAL_LARGE_SUBUNIT_ASSEMBLY",-0.583112511816207,-0.479487475622645,0.344943084891586,0.0857887978328605,0.637730491128755,-0.237210767462872
"GOBP_RIBOSOMAL_LARGE_SUBUNIT_BIOGENESIS",-0.496931011893229,-0.493057722396906,0.262525403762897,0.183897650950283,0.510722000875596,0.0685088298811982
"GOBP_RIBOSOMAL_SMALL_SUBUNIT_ASSEMBLY",-0.626098195315607,-0.271199036244241,0.0703927457559276,0.15784548180842,0.428385713408139,0.245963499339631
"GOBP_RIBOSOMAL_SMALL_SUBUNIT_BIOGENESIS",-0.457025911821676,-0.438159356088377,0.0353307355278409,0.0968553466794659,0.499787605948645,0.314951932568243
"GOBP_RIBOSOME_ASSEMBLY",-0.494151689211555,-0.412240821256402,0.253140918271605,0.0422270048437524,0.488160647883977,0.115173276321504
"GOBP_RIBOSOME_ASSOCIATED_UBIQUITIN_DEPENDENT_PROTEIN_CATABOLIC_PROCESS",0.387839637474787,-0.26285606576068,-0.0242050664247107,-0.0956709295678025,-0.307443963936229,0.308058070190021
"GOBP_RIBOSOME_BIOGENESIS",-0.407157240217118,-0.447721430041048,0.0810407951803924,0.182808403539012,0.464793264368697,0.243822070249282
"GOBP_RIBOSOME_DISASSEMBLY",-0.0522129718176603,-0.312483523821784,0.218229514598513,-0.070974342801684,-0.0905310811752025,0.274762975146832
"GOBP_RIG_I_SIGNALING_PATHWAY",0.0951626810790537,-0.424873862171066,-0.143648646051955,0.216397824146004,0.206998312113663,0.0949683279908236
"GOBP_RNA_3_END_PROCESSING",-0.353248660661884,-0.321004604113294,-0.144208275276637,0.256177970903063,0.255587638872576,0.298232855425027
"GOBP_RNA_5_END_PROCESSING",-0.455569104556254,-0.470596567026264,-0.178133534960512,0.228940802272816,0.591935333541838,0.33934160238503
"GOBP_RNA_CAPPING",-0.551310148618894,-0.508513917744432,-0.360836332545853,0.174687246820305,0.681646096541471,0.337712301406542
"GOBP_RNA_DECAPPING",-0.165011975223044,-0.372559192124841,-0.176358778534939,0.133834281758685,0.246768049892095,0.332537895285776
"GOBP_RNA_EXPORT_FROM_NUCLEUS",-0.291389003844098,-0.481714027818016,-0.295930554560269,0.355632657347306,0.290883135178438,0.424888407910756
"GOBP_RNA_LOCALIZATION",-0.195158099650732,-0.446720340194869,-0.189563164751934,0.206375048095707,0.329279162617398,0.325302540071355
"GOBP_RNA_METHYLATION",-0.322519657045269,-0.367703768799306,0.120563348911474,0.160900939663668,0.274854178134395,-0.0288561554727951
"GOBP_RNA_MODIFICATION",-0.314145996569623,-0.215175974616544,0.191483095785086,0.0732741563029148,0.275765991388811,-0.102880520898634
"GOBP_RNA_POLYMERASE_II_PREINITIATION_COMPLEX_ASSEMBLY",-0.33618989295995,-0.203280755838686,-0.16070529937861,0.00516176341129054,0.38107446434915,0.269690859701285
"GOBP_RNA_POLYMERASE_II_TRANSCRIPTION_INITIATION_SURVEILLANCE",-0.456090032810921,-0.496909170340167,-0.346823075633466,0.524654481563078,0.289246985321186,0.345552305312763
"GOBP_RNA_SPLICING",-0.370047651659245,-0.315246319599755,-0.0692987005428837,0.224354732670402,0.333010641731529,0.277707843148374
"GOBP_RNA_SPLICING_VIA_TRANSESTERIFICATION_REACTIONS",-0.403189228679861,-0.334233981331356,-0.107144767333525,0.229550049925721,0.381575699029202,0.293467432836649
"GOBP_RNA_SURVEILLANCE",-0.406837294774853,-0.419717166699713,-0.133279219956105,0.468625329979134,0.193504947143908,0.321445399245084
"GOBP_RNA_TEMPLATED_DNA_BIOSYNTHETIC_PROCESS",-0.326950373481955,-0.460173969086662,-0.293218648596077,0.283068127004717,0.490275944828058,0.281422180099407
"GOBP_ROOF_OF_MOUTH_DEVELOPMENT",-0.00531114633604896,0.0217501884001349,-0.293330463935841,0.0840653430109887,-0.159751287929042,0.213554980042321
"GOBP_RRNA_CATABOLIC_PROCESS",-0.293652276205118,-0.456141259490647,0.243387927401209,0.351857901108158,0.0402720022568388,-0.00733165507070888
"GOBP_RRNA_METABOLIC_PROCESS",-0.395681215104643,-0.423518100783983,0.0369015592160183,0.203709116262963,0.445652871439279,0.255523349203319
"GOBP_RRNA_METHYLATION",-0.139807907456943,-0.355579010156959,-0.156045003415773,0.177574504904756,0.537053909526135,-0.252668397592307
"GOBP_RRNA_MODIFICATION",-0.314921276585715,-0.318823871061774,-0.0888738165870267,0.0487047202389044,0.576619285373813,-0.186283197637175
"GOBP_RRNA_PROCESSING",-0.429178403086975,-0.436425827969982,0.0411161787534716,0.166106227428241,0.492591162311096,0.257324866511232
"GOBP_RRNA_TRANSCRIPTION",-0.344856276782213,-0.282607188769055,0.0375150677190653,0.243599382258265,0.1943171191403,0.114406736161524
"GOBP_RUFFLE_ASSEMBLY",-0.0355119035746888,-0.122940788573444,-0.181403136446723,0.11582772242797,0.175494711445403,0.163070699851143
"GOBP_RUFFLE_ORGANIZATION",-0.0824874099300481,-0.0954565736939109,-0.220492216977571,0.218523392431154,0.185162989697774,0.0849878407439606
"GOBP_SALIVARY_GLAND_DEVELOPMENT",0.0709280707850502,0.342748366761323,-0.229261975823644,-0.254534243891402,-0.155631842200424,0.0287667626788643
"GOBP_SARCOMERE_ORGANIZATION",0.531427294041545,0.262975867841613,0.45254961821609,-0.486987221701674,-0.408705733721109,-0.326979896104186
"GOBP_SARCOPLASMIC_RETICULUM_CALCIUM_ION_TRANSPORT",0.466395263258863,0.103617137505853,0.299788912041536,-0.326373759727802,-0.33786069337236,-0.347102202071664
"GOBP_SCF_DEPENDENT_PROTEASOMAL_UBIQUITIN_DEPENDENT_PROTEIN_CATABOLIC_PROCESS",0.150000612949632,-0.160417910119808,-0.0334121580185058,-0.00540126334419397,0.0132406773736783,0.0252141981261763
"GOBP_SCHWANN_CELL_DIFFERENTIATION",0.282671808731928,-0.0157579970344361,0.260009209990005,-0.246424443827199,-0.329467621265036,0.0969432838038493
"GOBP_SECONDARY_METABOLIC_PROCESS",-0.00820207648126176,0.342687590480948,0.316093909192556,-0.273846197067328,-0.0751414014172704,-0.184703722105881
"GOBP_SECONDARY_METABOLITE_BIOSYNTHETIC_PROCESS",0.048423971658287,0.265751809277845,0.165657374081046,-0.0820862002375218,-0.306419145870449,-0.0804286335203085
"GOBP_SECONDARY_PALATE_DEVELOPMENT",0.24422339359577,0.00202555042023156,-0.434003052802085,-0.0269161230372424,-0.222102231519421,0.324041044547663
"GOBP_SECRETION_BY_TISSUE",0.166568775692242,0.305894142785089,0.0116692574291518,-0.158708755724803,-0.122888201754346,-0.136817636689404
"GOBP_SECRETORY_GRANULE_LOCALIZATION",0.552800553411786,0.0532664341859496,0.168571286812496,-0.197919355524886,-0.489023230347812,-0.0261890869126986
"GOBP_SECRETORY_GRANULE_ORGANIZATION",-0.284132697608794,-0.128028411414848,-0.159207152173367,0.28834154077946,0.16545186300055,0.111406035948814
"GOBP_SEGMENTATION",0.219201474679636,-0.00013204106801798,-0.0345041428681701,-0.0717407378273184,-0.239918390159879,-0.00294800311104756
"GOBP_SEMAPHORIN_PLEXIN_SIGNALING_PATHWAY",0.225576835886998,0.0374168108305827,-0.268801308546337,0.0882747220783634,-0.141590140766573,-0.0946381072830361
"GOBP_SEMI_LUNAR_VALVE_DEVELOPMENT",0.167382049969608,0.270867293312909,-0.386447933506644,-0.137613947112393,0.026538094395023,-0.07599313751897
"GOBP_SENSORY_ORGAN_DEVELOPMENT",0.111419268582023,0.107935149123782,-0.0336452393864431,-0.0779541331104589,-0.219274248772532,0.0440894693254612
"GOBP_SENSORY_ORGAN_MORPHOGENESIS",0.144216187591022,0.114002144905481,-0.00144541857653058,-0.128901233985287,-0.319112698684608,0.0932108457489399
"GOBP_SENSORY_PERCEPTION",0.115786330276248,0.141587360730441,0.00230053451324486,-0.0800152101041395,-0.204924435140914,0.0449672243716791
"GOBP_SENSORY_PERCEPTION_OF_CHEMICAL_STIMULUS",0.00542867927890048,0.177504198904283,-0.0679673493168107,-0.0759029655091783,-0.147726978017818,0.0843305817084537
"GOBP_SENSORY_PERCEPTION_OF_LIGHT_STIMULUS",-0.0129474129141549,0.147287261498854,0.0281811673310488,-0.0176064785143571,-0.242641420775013,0.0843807355635861
"GOBP_SENSORY_PERCEPTION_OF_MECHANICAL_STIMULUS",0.233658962632538,0.170765473190083,0.0910196655112798,-0.169609659451885,-0.234852782971762,-0.0888303805954304
"GOBP_SENSORY_PERCEPTION_OF_PAIN",0.0913159833603929,-0.151078782253674,-0.145420863391031,-0.00813489484291099,0.016230788374979,0.202556491085766
"GOBP_SENSORY_PERCEPTION_OF_SMELL",-0.226105501013897,0.144623475686492,0.0248066770523759,-0.140374558163029,0.0780919984881834,0.274808348466855
"GOBP_SENSORY_PERCEPTION_OF_TASTE",0.191028612804402,0.219887785367591,-0.196321086275711,-0.0237612024128201,-0.254383607292854,-0.207077126127204
"GOBP_SENSORY_PERCEPTION_OF_TEMPERATURE_STIMULUS",0.155181760149735,-0.0248799512534673,0.103798790315791,-0.144119306731157,-0.102991782266425,0.0690140460823506
"GOBP_SENSORY_SYSTEM_DEVELOPMENT",0.091316803041007,0.0555790042264343,-0.0013935456528103,-0.0750684653417082,-0.208576275345435,0.0630633471499558
"GOBP_SEQUESTERING_OF_CALCIUM_ION",0.276017715985836,0.0294496447845858,-0.078887798429552,0.0967941329244153,-0.161419956050812,-0.266856326917502
"GOBP_SEX_DIFFERENTIATION",0.0347169770188632,-0.0460832785561992,-0.215077519863895,0.133928543408907,-0.0993972748852073,0.141549746033822
"GOBP_SIGNAL_RELEASE",0.24159399752063,0.0996281959303622,0.085989196606082,-0.171624596121778,-0.21294796066128,-0.0379447050418431
"GOBP_SIGNAL_TRANSDUCTION_BY_P53_CLASS_MEDIATOR",-0.110396471006122,-0.197271846848677,-0.0961698739907791,0.174650784039137,0.0756918470333121,0.289470609642562
"GOBP_SIGNAL_TRANSDUCTION_IN_ABSENCE_OF_LIGAND",0.0840170042181915,-0.0691773658687427,-0.115632328798865,0.160762689175976,-0.0232198028001431,-0.116251836726205
"GOBP_SIGNAL_TRANSDUCTION_IN_RESPONSE_TO_DNA_DAMAGE",-0.174535940510839,-0.315690930141638,-0.212130233583976,0.353209573774507,0.171873564343904,0.259541797626625
"GOBP_SIGNALING_RECEPTOR_LIGAND_PRECURSOR_PROCESSING",-0.11211619621781,0.187431851132859,-0.00800741166647251,-0.153329333303769,0.160808619537393,0.0673435979553502
"GOBP_SINGLE_FERTILIZATION",0.0823118788452438,0.0989634219994239,-0.0554713132112497,0.00399462963387254,0.0192265924781138,-0.0191662277097457
"GOBP_SISTER_CHROMATID_COHESION",-0.315236269742497,-0.469783247330382,-0.471533053977433,0.243420745116747,0.508331707567869,0.419078626516858
"GOBP_SISTER_CHROMATID_SEGREGATION",-0.275428231090117,-0.327359785261235,-0.294647418139697,0.311716762427546,0.444123228298953,0.199133541708833
"GOBP_SKELETAL_MUSCLE_ADAPTATION",0.537691595887371,0.260152641280432,0.279262617379057,-0.410915481754273,-0.450154524907709,-0.27574286279504
"GOBP_SKELETAL_MUSCLE_CELL_DIFFERENTIATION",0.222625943303692,0.0651571803432853,0.130405875947944,-0.253627100594299,-0.250837408597638,0.0701357088380791
"GOBP_SKELETAL_MUSCLE_CELL_PROLIFERATION",-0.303389081916334,-0.160371414014019,0.033791761414289,-0.072542980924326,-0.0534835961311546,0.430143836002943
"GOBP_SKELETAL_MUSCLE_CONTRACTION",0.421215774391427,0.428583784761456,0.47611788196999,-0.405764267173578,-0.482979235390504,-0.51341723258803
"GOBP_SKELETAL_MUSCLE_ORGAN_DEVELOPMENT",0.236936631122885,0.197263296067982,0.154869915276661,-0.262908048607992,-0.314478126487007,-0.0401961107884905
"GOBP_SKELETAL_MUSCLE_TISSUE_REGENERATION",0.0589318546364149,0.0401497090596395,0.269067009487791,-0.136413376410571,-0.179835159364311,0.0540636321020195
"GOBP_SKELETAL_SYSTEM_DEVELOPMENT",0.0294449694161556,0.150103257807085,-0.154329409212435,0.004354616953892,-0.159966595488558,0.0884906408863591
"GOBP_SKELETAL_SYSTEM_MORPHOGENESIS",0.0676839852139861,0.0986698849267766,-0.237369909483233,0.140835129518625,-0.287428205887982,0.154821698283033
"GOBP_SKIN_DEVELOPMENT",-0.0134373598127895,0.113277604849074,-0.189904404420661,-0.0383659840971521,-0.233186281872129,0.270157267099348
"GOBP_SKIN_EPIDERMIS_DEVELOPMENT",-0.0602297057192411,0.126774209320132,-0.254095839128796,0.0265732635059494,-0.191597936896635,0.300364508740537
"GOBP_SMAD_PROTEIN_SIGNAL_TRANSDUCTION",0.0680266917101535,0.134640064509835,-0.265124060308159,0.0687941763602,-0.109988918124591,0.0110448696944535
"GOBP_SMALL_GTPASE_MEDIATED_SIGNAL_TRANSDUCTION",0.277351633143413,0.0152383565598297,-0.0735365121128728,0.0149226890970091,-0.251571357142516,0.0405363653323835
"GOBP_SMALL_MOLECULE_BIOSYNTHETIC_PROCESS",0.139121569261465,0.161360057195169,0.29167414352436,-0.183519038519476,-0.041576859997157,-0.271579735842768
"GOBP_SMALL_MOLECULE_CATABOLIC_PROCESS",0.0730204244978376,0.194202605728015,0.398252704400482,-0.19812310552664,-0.0319881248666354,-0.405060796298035
"GOBP_SMOOTH_MUSCLE_CELL_APOPTOTIC_PROCESS",0.0317467254213533,0.0340819335862344,0.225940912998562,-0.0288614621073427,-0.173380052380865,-0.125870530577605
"GOBP_SMOOTH_MUSCLE_CELL_DIFFERENTIATION",-0.0337311043290154,0.237678376498674,-0.144910877738641,0.0365720746473713,-0.100244688651372,-0.00872963998689352
"GOBP_SMOOTH_MUSCLE_CELL_MIGRATION",0.0367575737950213,0.0491583711398699,-0.0722100958340063,-0.150750510586644,-0.0519544687043106,0.0928914014292574
"GOBP_SMOOTH_MUSCLE_CELL_PROLIFERATION",-0.106326608716815,0.184286172495138,-0.166884204636329,-0.127470346150143,0.132150403256531,0.176187603622087
"GOBP_SMOOTH_MUSCLE_CONTRACTION",0.134585183121448,0.30059558324548,-0.18700788950741,-0.286378812506259,-0.0284666000023958,0.0625412113150288
"GOBP_SMOOTH_MUSCLE_TISSUE_DEVELOPMENT",-0.273165875662398,0.301780711433232,0.266164929864591,-0.174576320769459,-0.406050022504054,0.24186732844224
"GOBP_SMOOTHENED_SIGNALING_PATHWAY",0.0548724603603123,0.13301536264649,-0.0630625397377436,-0.0109146841553235,-0.218773366099565,0.104102742237912
"GOBP_SNARE_COMPLEX_ASSEMBLY",0.086484530278353,0.0748670289003807,0.343526708449308,-0.234245185888815,-0.244278513788296,-0.116574648763897
"GOBP_SNRNA_3_END_PROCESSING",-0.579745114791149,-0.406569219957599,0.107532814786996,0.543573883738579,0.166158853348197,0.363257288208951
"GOBP_SNRNA_METABOLIC_PROCESS",-0.473471880265479,-0.272948813356784,-0.009097301808423,0.283821276872072,0.354968623221132,0.344935345931982
"GOBP_SNRNA_PROCESSING",-0.55095788282785,-0.397086764183778,-0.0804465020874562,0.458766711928278,0.310786684920429,0.378469953646965
"GOBP_SNRNA_TRANSCRIPTION",-0.132226902168163,0.00240633985443411,0.133428651166588,-0.387559157768988,0.360073696537648,0.0639005776166465
"GOBP_SNRNA_TRANSCRIPTION_BY_RNA_POLYMERASE_II",-0.237187730983506,0.184821743890747,0.0826110402424152,-0.480272804509277,0.413929404315932,0.000826402915803742
"GOBP_SODIUM_ION_HOMEOSTASIS",0.178851480453194,0.299487895094314,0.184006785325811,-0.136587013238516,-0.198442865177734,-0.429776609528602
"GOBP_SODIUM_ION_IMPORT_ACROSS_PLASMA_MEMBRANE",0.121006881079506,0.437324572379106,0.0152439360073637,0.0281843206484094,-0.299006269496916,-0.431876518351764
"GOBP_SODIUM_ION_TRANSMEMBRANE_TRANSPORT",0.255128521817459,0.243707993903983,0.191921710686134,-0.223433359101963,-0.379445210696713,-0.152472787477001
"GOBP_SODIUM_ION_TRANSPORT",0.230678098773119,0.170593463319945,0.117749378030831,-0.185178476375879,-0.317434208839025,-0.0887061744398726
"GOBP_SOMATIC_DIVERSIFICATION_OF_IMMUNE_RECEPTORS",-0.0638596866831709,-0.355472988323919,-0.396668114525416,0.454318497719803,0.14559198284524,0.0234440102464579
"GOBP_SOMATIC_DIVERSIFICATION_OF_IMMUNOGLOBULINS",-0.110166696528024,-0.363169937145419,-0.332214482861347,0.41455878560053,0.142971054903815,0.0851908079468209
"GOBP_SOMATIC_STEM_CELL_POPULATION_MAINTENANCE",0.0585582434606198,-0.0518902442831402,-0.342088108667298,0.327733003064476,-0.145353155654783,0.155472551663303
"GOBP_SOMITE_DEVELOPMENT",0.0920970675836296,0.0320130480914573,-0.14051414313527,0.0441660862941493,-0.116431779734871,-0.0568435533734717
"GOBP_SOMITOGENESIS",0.178084099848871,-0.0883822350612711,-0.167689803185616,-0.00133249178844619,-0.127712974629547,0.0105201475522129
"GOBP_SPECIFICATION_OF_ANIMAL_ORGAN_IDENTITY",0.213831046028358,0.279445966391986,-0.132304832450461,0.137492968287321,-0.422819970661317,-0.0576078420016957
"GOBP_SPECIFICATION_OF_SYMMETRY",-0.0536948584805486,0.0469200295064005,-0.193780945625359,0.0912363446685456,-0.0235498376869904,0.117201012004834
"GOBP_SPERM_AXONEME_ASSEMBLY",-0.0192300612752652,0.0899416298180789,0.364972919828807,-0.132145170772854,-0.23669834550845,0.0527178289097221
"GOBP_SPERM_EGG_RECOGNITION",-0.234704547696557,0.0399988195286126,0.0933965091180002,-0.0474869712661353,0.430050357726936,-0.156691611903751
"GOBP_SPERM_FLAGELLUM_ASSEMBLY",-0.128857793525273,0.184950005849531,0.179274323316551,-0.163341271968712,-0.131922515571268,0.224090677307085
"GOBP_SPERMATID_DIFFERENTIATION",0.00145889998254783,0.026664251067181,0.101176592778202,-0.0856882379312002,-0.0937150657681146,-0.00551643784573042
"GOBP_SPHINGOID_METABOLIC_PROCESS",-0.0565905819970497,0.374117687012884,0.449502780676806,-0.379625990015336,-0.116933369090029,-0.382528313679231
"GOBP_SPHINGOLIPID_BIOSYNTHETIC_PROCESS",0.320651254293956,0.25080548918768,0.367933867144413,-0.365203585260061,-0.0890779834847669,-0.293381314021767
"GOBP_SPHINGOLIPID_MEDIATED_SIGNALING_PATHWAY",-0.189829097047544,0.236077293355268,-0.357394682922298,0.137219505938663,0.211597284529398,-0.109498848326658
"GOBP_SPHINGOLIPID_METABOLIC_PROCESS",0.0857027335070856,0.102125806474215,0.286383299763528,-0.168570648632608,0.0254992120869998,-0.24014826036611
"GOBP_SPHINGOMYELIN_METABOLIC_PROCESS",0.367140068242387,0.165558129831076,0.531140972637721,-0.403626780393108,-0.335710177565619,-0.399979367914165
"GOBP_SPINAL_CORD_DEVELOPMENT",0.107932116869015,-0.112430702553828,0.13096526896735,0.0232808844405088,-0.267465762400429,0.158177861745757
"GOBP_SPINAL_CORD_MOTOR_NEURON_DIFFERENTIATION",-0.363339589379625,0.174849395972906,-0.103043914434908,0.0988612458863399,-0.0172795308391135,0.249563387031335
"GOBP_SPINDLE_ASSEMBLY",-0.127204573019116,-0.32214281752236,-0.203051046088421,0.251235866350709,0.371358117720145,0.097672803675716
"GOBP_SPINDLE_LOCALIZATION",-0.0183144319083102,-0.253111168916298,-0.298109268369927,0.317162378511929,0.276420142169596,0.146192427308481
"GOBP_SPINDLE_ORGANIZATION",-0.128189416514369,-0.294727724809372,-0.188589362830157,0.220019979781237,0.335185547280672,0.121012083452362
"GOBP_SPLEEN_DEVELOPMENT",0.270785646988991,-0.405350437003269,-0.349263871057586,0.336237056199574,-0.0320062627670893,0.113555710301897
"GOBP_SPLICEOSOMAL_COMPLEX_ASSEMBLY",-0.42072920998554,-0.355108577578268,-0.266595021151103,0.312079935003106,0.336969016866073,0.374503049007089
"GOBP_SPLICEOSOMAL_CONFORMATIONAL_CHANGES_TO_GENERATE_CATALYTIC_CONFORMATION",-0.498367010944434,-0.20314960941215,-0.224365643216369,0.346377413649444,0.531383763869007,0.0964430245899093
"GOBP_SPLICEOSOMAL_SNRNP_ASSEMBLY",-0.521596197026815,-0.383590164526931,-0.302364738261254,0.453030094034069,0.642230145697401,0.0237145125225128
"GOBP_SPLICEOSOMAL_TRI_SNRNP_COMPLEX_ASSEMBLY",-0.495468340428727,-0.311678341307109,-0.274955830666756,0.439766064866512,0.632454297569429,-0.00357322507462915
"GOBP_SPROUTING_ANGIOGENESIS",0.258229007124564,0.160149561272744,-0.0871823319187905,-0.148247653165719,-0.245051444445327,-0.0400976106523918
"GOBP_STARTLE_RESPONSE",0.496898685695558,-0.257589575862331,0.293338440088254,-0.274956283501349,-0.339712315127357,0.0255964371564234
"GOBP_STEM_CELL_DEVELOPMENT",-0.0908374569527284,0.174477262407047,-0.204788311135968,0.0785260200124644,-0.0803148784573657,0.168584471293134
"GOBP_STEM_CELL_DIFFERENTIATION",-0.105815797816308,-0.094656663339972,-0.0960161497029971,0.0877876956016921,-0.00102012667961993,0.213227233943533
"GOBP_STEM_CELL_DIVISION",0.129142683948785,-0.233170111897104,-0.121930034513926,0.107020786621166,0.00329408312641799,0.0244648410567418
"GOBP_STEM_CELL_PROLIFERATION",-0.119039024824429,0.0648670351471202,-0.231058718494336,0.188288875580024,-0.00120844768022227,0.214509129138496
"GOBP_STEROID_BIOSYNTHETIC_PROCESS",0.136657072590284,0.250514075104364,0.299698980926715,-0.263061876851346,-0.17131361347606,-0.114605889273579
"GOBP_STEROID_CATABOLIC_PROCESS",-0.428338210255486,0.305105513106467,0.270154695063767,-0.102950250562047,0.191447004667822,-0.13769796585048
"GOBP_STEROID_HORMONE_BIOSYNTHETIC_PROCESS",0.097676767542664,0.267273208089761,0.0455708994683926,-0.289054687867709,0.0767809349343746,-0.247293819810546
"GOBP_STEROID_HORMONE_RECEPTOR_SIGNALING_PATHWAY",0.0827418135749243,-0.247246064323448,-0.00287293494183427,0.0503909003120528,-0.162888731700689,0.270951103480651
"GOBP_STEROID_HORMONE_SECRETION",-0.130657607669769,0.464573651361506,-0.0459749766076462,-0.0881834145755362,-0.358420870091157,0.0669752697254709
"GOBP_STEROID_METABOLIC_PROCESS",0.0952168284382863,0.227322035876511,0.319888247997093,-0.224919434557742,-0.160176852888895,-0.210749368564285
"GOBP_STEROL_BIOSYNTHETIC_PROCESS",0.377550367846436,0.219752458679838,0.492649584886409,-0.373470801334992,-0.292545101010605,-0.256780901568373
"GOBP_STEROL_HOMEOSTASIS",5.72306036364933e-05,0.157985535008579,0.183867125176794,-0.138229456441202,0.0711418593544376,-0.17868313309878
"GOBP_STEROL_METABOLIC_PROCESS",0.186792034210485,0.241846277970834,0.390834455032688,-0.267980870128797,-0.127878973398728,-0.259513673465865
"GOBP_STEROL_TRANSPORT",0.000772038687659904,0.134655753386836,0.213725946503581,-0.0704796609047261,0.0758491552916991,-0.189793501438394
"GOBP_STORE_OPERATED_CALCIUM_ENTRY",0.0218966459451014,-0.0794973107734486,0.205936881756565,0.413669100986708,-0.0326405286093383,-0.305483799743745
"GOBP_STRESS_ACTIVATED_PROTEIN_KINASE_SIGNALING_CASCADE",0.0188409153260322,-0.297567030965686,-0.135877193941061,0.0701436869634207,0.168723238096727,0.101272741418965
"GOBP_STRESS_FIBER_ASSEMBLY",0.242018195882043,0.123672425434254,-0.0554619659608059,-0.218368710799572,-0.197835158926676,0.0500626696336771
"GOBP_STRESS_GRANULE_ASSEMBLY",0.144316472171823,-0.509362808968299,0.0973198947395664,-0.0695401160726306,0.172541933012166,0.412712077328034
"GOBP_STRIATED_MUSCLE_ADAPTATION",0.465162195275955,0.219816997191475,0.249285777694631,-0.397837857130447,-0.425586768479557,-0.120274392781581
"GOBP_STRIATED_MUSCLE_CELL_APOPTOTIC_PROCESS",-0.0113079145350286,-0.225731728731594,0.0698099864921863,0.0892423343179904,0.120203922761671,0.109743395084127
"GOBP_STRIATED_MUSCLE_CELL_DIFFERENTIATION",0.110502804274336,0.173695163691602,-0.0351125834192886,-0.120526709851778,-0.0155082129352644,-0.0928651605443433
"GOBP_STRIATED_MUSCLE_CELL_PROLIFERATION",0.0756447196971789,0.0475325228417519,-0.155383309162618,-0.0938123764313721,-0.131211109814408,0.294870990738226
"GOBP_STRIATED_MUSCLE_CONTRACTION",0.0364806285347892,0.252036447901294,0.206305804976542,-0.252650338508971,0.00949569599034872,-0.215889201843261
"GOBP_STRIATUM_DEVELOPMENT",-0.0914723145351492,0.0710663257011817,-0.136727031720709,0.00542874302133461,-0.0989942093034024,0.0438621844518466
"GOBP_SUBPALLIUM_DEVELOPMENT",-0.000388004597566688,-0.059811758458566,-0.202441726211879,0.172127771199891,-0.169326544805752,0.0196023869620462
"GOBP_SUBSTANTIA_NIGRA_DEVELOPMENT",-0.109366436077131,-0.051609855543957,0.56162627406099,-0.362960485913565,0.0818355657788155,0.0183114724986883
"GOBP_SUBSTRATE_ADHESION_DEPENDENT_CELL_SPREADING",0.0255900415112694,-0.0138414735983876,-0.286238958423654,0.141750098080636,0.122115868504596,0.127919198506107
"GOBP_SUBSTRATE_DEPENDENT_CELL_MIGRATION",0.144400526859409,-0.107184696765822,-0.35805622837973,-0.0533205904180407,0.341346597202498,0.0796760195107442
"GOBP_SULFUR_AMINO_ACID_METABOLIC_PROCESS",0.0718364129851308,0.344955372067718,0.520932671768031,-0.440109744493893,-0.325581482008529,-0.383879199181881
"GOBP_SULFUR_COMPOUND_BIOSYNTHETIC_PROCESS",0.29812507792142,0.246705765136062,0.466775862006867,-0.395399096360359,-0.150837606594058,-0.383442987039293
"GOBP_SULFUR_COMPOUND_CATABOLIC_PROCESS",0.0883640477147294,0.340621486812102,0.262646398199182,-0.354594163621766,0.0250052514043702,-0.419381739553626
"GOBP_SULFUR_COMPOUND_METABOLIC_PROCESS",0.171655992017264,0.254385632107754,0.417531522386222,-0.380730079555743,-0.130504257508556,-0.323702770751709
"GOBP_SULFUR_COMPOUND_TRANSPORT",0.261231421245874,-0.0906629268508237,0.0771168915428828,-0.0400964140353391,-0.149192490001845,-0.243664952878424
"GOBP_SUPEROXIDE_ANION_GENERATION",-0.306052880552705,-0.145549407883152,-0.483454209250545,0.436092977011217,0.347217624884444,0.259703460386273
"GOBP_SUPEROXIDE_METABOLIC_PROCESS",-0.247326374953241,0.0104666811622792,-0.352516316232644,0.361369977455807,0.316861933415031,-0.0102645491172284
"GOBP_SUPPRESSION_OF_VIRAL_RELEASE_BY_HOST",-0.213697845603337,-0.286888414570233,-0.163371592291363,0.127083635553044,0.258409073558382,0.291195842830144
"GOBP_SURFACTANT_HOMEOSTASIS",0.185566955135594,0.150958208775897,0.019915339232946,0.106873948116,-0.138095786668097,-0.45915392098664
"GOBP_SYMBIONT_ENTRY_INTO_HOST",-0.0522534843073839,0.0670476507225496,-0.213329244514331,0.128660464790773,0.200856618675662,-0.137586463382179
"GOBP_SYNAPSE_ASSEMBLY",0.227479852375509,0.0582327066975805,0.0324936149727005,-0.125293542439949,-0.289764467703164,0.142383318850862
"GOBP_SYNAPSE_MATURATION",0.0271913272011454,0.175599844081644,0.195706931400304,-0.295606876962073,-0.292181437024927,0.359262868862185
"GOBP_SYNAPSE_ORGANIZATION",0.248030917123061,0.0492766317475939,0.0412352417231434,-0.165339335772302,-0.284563791246395,0.102396331547664
"GOBP_SYNAPSE_PRUNING",-0.566275879252806,0.349348182214745,-0.569995460713551,0.432614576288436,0.554860345863344,-0.15094561615433
"GOBP_SYNAPTIC_MEMBRANE_ADHESION",-0.0572092199764858,0.0231543521901362,0.119422893672185,-0.318823246933222,-0.307438189537564,0.346701495102232
"GOBP_SYNAPTIC_TRANSMISSION_CHOLINERGIC",0.335129330676864,0.416659405613066,0.338582891947797,-0.542335321224334,-0.32717747499717,-0.185209777035684
"GOBP_SYNAPTIC_TRANSMISSION_DOPAMINERGIC",-0.0838061391816257,-0.296871524001253,0.206691030530049,-0.169445486109441,0.320106164416814,-0.0900648503930634
"GOBP_SYNAPTIC_TRANSMISSION_GABAERGIC",0.443238444425893,0.143170942490672,0.218844077117559,-0.432399738406298,-0.245411758289787,-0.303066251105735
"GOBP_SYNAPTIC_TRANSMISSION_GLUTAMATERGIC",0.423482908700952,-0.0214918149011615,0.124117395794153,-0.210620174125671,-0.318931821639096,-0.00341128445557018
"GOBP_SYNAPTIC_VESICLE_CLUSTERING",0.207498777331559,-0.149309399835458,0.0841617661367073,-0.0657136085053309,-0.411592738843568,0.116377332693797
"GOBP_SYNAPTIC_VESICLE_CYTOSKELETAL_TRANSPORT",-0.207678215546286,-0.149951674244043,0.0583402789658728,0.0509391301284908,0.216646702239167,-0.114162762878697
"GOBP_SYNAPTIC_VESICLE_EXOCYTOSIS",0.28257556722136,0.0762852434533672,0.201391200184626,-0.200875768436606,-0.372396981425795,-0.0269195048858937
"GOBP_SYNAPTIC_VESICLE_LOCALIZATION",0.155802635076769,-0.0390886260071285,0.101083738357472,-0.0420240588969357,-0.191177572651529,-0.133251800903642
"GOBP_SYNAPTIC_VESICLE_MATURATION",-0.158443188868337,-0.0921460657526794,0.169047478782579,-0.00169327527818097,0.249926920184014,-0.0864546607362415
"GOBP_SYNAPTIC_VESICLE_MEMBRANE_ORGANIZATION",0.160596053417823,-0.19470332104195,0.30596591259379,0.0918429622265124,-0.240537257252954,-0.237063553197679
"GOBP_SYNAPTIC_VESICLE_PRIMING",0.368611767460869,0.19227092950034,0.395763273071492,-0.151924025993176,-0.402256105877395,-0.410442932455548
"GOBP_SYNAPTIC_VESICLE_RECYCLING",0.241939474897417,-0.0714827454689284,0.172508096866591,0.0482073696751801,-0.319271236298222,-0.0906546634249145
"GOBP_SYNAPTIC_VESICLE_TRANSPORT",0.147060513658232,0.0641903678825652,0.0921858957236861,0.0239463651923659,-0.141912048451497,-0.243960821330734
"GOBP_SYNCYTIUM_FORMATION",-0.479416615044888,0.0926232121913951,-0.164589399745223,0.139072494968332,0.420241416957086,0.168969626859164
"GOBP_T_CELL_ACTIVATION",-0.0757346921071264,-0.252209701320188,-0.316486478486873,0.370648267189709,0.19372618964879,0.0399887350181329
"GOBP_T_CELL_ACTIVATION_INVOLVED_IN_IMMUNE_RESPONSE",-0.26675058582393,-0.252323036280887,-0.284112244983416,0.423957412179824,0.28605923927876,0.0462925732268682
"GOBP_T_CELL_APOPTOTIC_PROCESS",-0.212518746861077,0.175517786650171,-0.396401821917769,0.29097758358128,0.0869618516973584,0.0582635389855363
"GOBP_T_CELL_CHEMOTAXIS",-0.0398270434977725,-0.0361255406760866,-0.312222876291239,0.0955533487271194,0.0155180457947524,0.227315704657383
"GOBP_T_CELL_CYTOKINE_PRODUCTION",-0.0668160844587721,-0.0172547241500004,-0.248655147028548,0.277298446365019,0.273837620068721,-0.301047836460772
"GOBP_T_CELL_DIFFERENTIATION",-0.0938657207725944,-0.265577901261064,-0.31993536099604,0.375223594732458,0.174030929637856,0.0767582351481779
"GOBP_T_CELL_DIFFERENTIATION_IN_THYMUS",-0.190823082365297,-0.331467841915297,-0.140934218504004,0.231993171849769,0.266450010323814,-0.00409318906601697
"GOBP_T_CELL_DIFFERENTIATION_INVOLVED_IN_IMMUNE_RESPONSE",-0.284965457287088,-0.225330472997013,-0.238266127096318,0.430953371906173,0.252870012401681,0.0475736038913186
"GOBP_T_CELL_HOMEOSTASIS",-0.184392676511878,-0.0891574451030356,-0.205190642642483,0.209204176950104,0.319452633695694,0.0533495177077596
"GOBP_T_CELL_LINEAGE_COMMITMENT",-0.123410531915609,-0.381464017363777,-0.165790183277819,0.40431801705576,0.211497920692896,0.189143121311339
"GOBP_T_CELL_MEDIATED_CYTOTOXICITY",-0.247090166310224,0.0320634842773649,-0.335314146227994,0.320179871753481,0.410190483924291,-0.100909345766456
"GOBP_T_CELL_MEDIATED_IMMUNE_RESPONSE_TO_TUMOR_CELL",0.127176716465982,-0.253238558823347,0.140398544483326,0.0573990161762145,-0.214495090010998,0.0188450709478408
"GOBP_T_CELL_MEDIATED_IMMUNITY",-0.123267899853321,-0.128880555094191,-0.211395963881082,0.27972392818363,0.280073340858011,-0.0878672543409459
"GOBP_T_CELL_MIGRATION",0.0606379100104295,0.0280731450324779,-0.367868863808189,0.213709480039312,0.0930113701932963,0.0201070757071622
"GOBP_T_CELL_PROLIFERATION",-0.0214483594129199,-0.147602721647654,-0.284865091407676,0.3227475393047,0.193556295893681,0.0283611957693495
"GOBP_T_CELL_RECEPTOR_SIGNALING_PATHWAY",0.118478856669625,-0.314662119602959,-0.221645886576624,0.406708519133315,0.187195693843765,-0.202660606090096
"GOBP_T_CELL_SELECTION",-0.304138175945923,-0.355022855426299,-0.194031137256617,0.404629415056666,0.340982879467,0.0289204530779486
"GOBP_T_HELPER_1_CELL_DIFFERENTIATION",-0.564146733740211,-0.2013406115889,-0.460802684950947,0.50971655700309,0.525727595406364,0.195495074231387
"GOBP_T_HELPER_1_TYPE_IMMUNE_RESPONSE",-0.483989194554237,-0.229095957587905,-0.360390890151725,0.464048927905909,0.467028691019428,0.00634929328523032
"GOBP_T_HELPER_17_CELL_DIFFERENTIATION",-0.422022510475914,-0.366583414673161,-0.164624593488054,0.446581303814072,0.429533883130715,0.11185370951815
"GOBP_T_HELPER_17_TYPE_IMMUNE_RESPONSE",-0.396136894991475,-0.302752827302916,-0.188382239943447,0.416016653999099,0.411430670920072,0.0654424636251074
"GOBP_T_HELPER_2_CELL_DIFFERENTIATION",-0.37039930969193,-0.194294962388068,-0.405208497409403,0.507253782886063,0.144837217766009,0.440861996452808
"GOBP_T_HELPER_CELL_LINEAGE_COMMITMENT",-0.125450054277743,-0.343350981836024,-0.240041999197776,0.55019493227388,0.130317877130611,0.0418186055471595
"GOBP_TAIL_ANCHORED_MEMBRANE_PROTEIN_INSERTION_INTO_ER_MEMBRANE",-0.184961964170666,0.0342313144433529,0.606278961644389,-0.201543027641918,-0.0283432846596849,-0.593716964706833
"GOBP_TAXIS",-0.0710724356247445,-0.0086561923995204,-0.308156214921791,0.160936204469121,0.187401189004315,0.0759573855820192
"GOBP_TELENCEPHALON_DEVELOPMENT",0.0900874300225535,-0.0756864928985055,-0.113256127633738,0.00997641700373617,-0.122535439330521,0.157448150212063
"GOBP_TELENCEPHALON_GLIAL_CELL_MIGRATION",0.393265772654834,-0.162772675584282,-0.188301229857703,-0.0521318607883041,-0.223462142473399,0.170808858939027
"GOBP_TELOMERASE_RNA_LOCALIZATION",-0.551039731229563,-0.5714213518943,-0.0785467622692924,-0.0031110581291936,0.816229311617058,0.383065156868124
"GOBP_TELOMERE_CAPPING",-0.185114963168815,-0.315215535633816,-0.128855044175056,0.0406693014970401,0.264729272155359,0.334507853139031
"GOBP_TELOMERE_MAINTENANCE_IN_RESPONSE_TO_DNA_DAMAGE",-0.308999879643897,-0.303933196064666,0.091645051580866,0.283335030351167,0.283040638034286,0.150207242665166
"GOBP_TELOMERE_MAINTENANCE_VIA_TELOMERE_LENGTHENING",-0.229194166161597,-0.462156745357455,-0.199194615713204,0.266792323994876,0.423361510767951,0.217545435092805
"GOBP_TELOMERE_ORGANIZATION",-0.263721922903099,-0.415879347410592,-0.169552376755453,0.309937385286981,0.359247550555974,0.207305791119637
"GOBP_TEMPERATURE_HOMEOSTASIS",0.223196174557608,0.00716135414833863,0.0617708181041712,-0.0979658916982212,-0.16222001154358,-0.0750019411349073
"GOBP_TERPENOID_BIOSYNTHETIC_PROCESS",0.00268724020921729,0.229668315439409,0.223636496526551,-0.319528003902264,-0.0755209896270801,0.24351891945042
"GOBP_TETRAHYDROFOLATE_METABOLIC_PROCESS",-0.145549476078379,-0.201078204216132,0.00337816426195514,0.450990896261681,0.436287302470206,-0.433628057442167
"GOBP_TETRAPYRROLE_BIOSYNTHETIC_PROCESS",0.365722923592912,-0.0345850232008916,0.482990433888948,-0.285484140007684,-0.122532588505336,-0.609408684818695
"GOBP_TETRAPYRROLE_METABOLIC_PROCESS",0.304038728010726,0.0842046297435595,0.42362919551968,-0.189440470101901,-0.231868743400546,-0.50225070468749
"GOBP_THYMIC_T_CELL_SELECTION",-0.523976466813145,-0.345520552598585,-0.110962708430215,0.351334052894201,0.439932602953754,-0.0242201763200768
"GOBP_THYMUS_DEVELOPMENT",0.165978977012447,-0.33557280126485,-0.176041668849648,0.192433500546309,0.0407983087519291,0.0927863273307418
"GOBP_THYROID_GLAND_DEVELOPMENT",0.300183486628179,-0.0147151038970977,0.142994136387706,-0.158863822042334,-0.310551351281285,0.0865943763288068
"GOBP_TIGHT_JUNCTION_ORGANIZATION",0.214558943671231,0.223535998587489,0.173630640814987,-0.256772940213286,-0.25727562962383,-0.0614990115465706
"GOBP_TISSUE_HOMEOSTASIS",0.10328049287687,0.119210396892834,-0.0749271590564563,0.0186094575576544,-0.105140700208976,-0.0491826586790119
"GOBP_TISSUE_MIGRATION",0.262777314374683,-0.058944682537117,-0.209426714886077,-0.0111501332908249,-0.254203687867634,0.210037214355201
"GOBP_TISSUE_MORPHOGENESIS",0.00290929068851603,0.156646125396183,-0.246292134682817,0.0587224506302091,-0.118503444823672,0.135487520318626
"GOBP_TISSUE_REGENERATION",-0.0366469888513328,0.143860755358492,0.111369017523976,-0.0762357226203982,-0.14402447085445,0.0877435601093386
"GOBP_TISSUE_REMODELING",-0.0266653202504934,0.13442870354018,-0.21978018159715,0.0807138719780886,0.0340721359360726,0.011784658883393
"GOBP_TOLERANCE_INDUCTION",0.404540410916284,-0.199815158902086,-0.169473693042119,0.212043682920649,-0.0995879604774008,-0.20002282295054
"GOBP_TOLL_LIKE_RECEPTOR_2_SIGNALING_PATHWAY",0.0217855303651832,-0.215235147754212,-0.389867893756968,0.32916155393508,0.392074375154617,-0.122645665444354
"GOBP_TOLL_LIKE_RECEPTOR_3_SIGNALING_PATHWAY",0.0982509348630343,-0.358409595620145,-0.371575794773991,0.360046350471081,0.176803685385424,-0.0128479359395939
"GOBP_TOLL_LIKE_RECEPTOR_9_SIGNALING_PATHWAY",-0.111974921540638,-0.414786537375695,-0.159563734068237,0.523520004015705,0.199246874913449,-0.172454539484541
"GOBP_TOLL_LIKE_RECEPTOR_SIGNALING_PATHWAY",-0.177506815556915,-0.271906541226353,-0.344637024432339,0.452140738790272,0.244729763328458,-0.0312215697795741
"GOBP_TONGUE_DEVELOPMENT",0.148189982781927,0.333890867552167,-0.536392629632795,0.231728426242011,-0.0339878582688008,0.0204789855296493
"GOBP_TOOTH_MINERALIZATION",0.203976653683421,0.288754992261073,-0.152193186108792,-0.0361101558254637,-0.341482969765731,-0.19177632228043
"GOBP_TOR_SIGNALING",0.236147813015935,-0.190452245619625,0.154283342719664,-0.051380775762218,-0.137279523079813,-0.0230688376641542
"GOBP_TORC1_SIGNALING",0.257879121605482,-0.273737376504672,0.174450186783708,0.0374894571448037,-0.0349518772679257,-0.0813967193320349
"GOBP_TORC2_SIGNALING",0.170065186370397,-0.248395405264205,0.0939910934347619,0.0345982626495951,-0.228402364320375,0.239144263298105
"GOBP_TRABECULA_FORMATION",0.0361409773821074,0.304299742214387,0.0336138250132781,-0.204331904196633,-0.273678296856807,0.0866551213047551
"GOBP_TRABECULA_MORPHOGENESIS",0.00931014663719992,-0.144086102886703,-0.0118147322375517,0.0443294616986859,-0.0948977288480454,0.246842334193944
"GOBP_TRANS_SYNAPTIC_SIGNALING_MODULATING_SYNAPTIC_TRANSMISSION",-0.134493403229254,0.110168874257281,0.286692367725491,-0.421981065817849,-0.150697907998125,0.0916799170750509
"GOBP_TRANSCRIPTION_BY_RNA_POLYMERASE_I",-0.230837478916164,-0.288676354053714,0.0425701243506456,0.116404929155022,0.145111564798101,0.325599015719106
"GOBP_TRANSCRIPTION_BY_RNA_POLYMERASE_III",-0.112719775312019,-0.235032549549171,0.116765997153114,-0.0878563482132253,0.125850573140523,0.234114475325325
"GOBP_TRANSCRIPTION_ELONGATION_BY_RNA_POLYMERASE_II",-0.307123989965367,-0.365684289445166,-0.148941137809625,0.292157160107167,0.194471792466889,0.306898966646239
"GOBP_TRANSCRIPTION_INITIATION_AT_RNA_POLYMERASE_I_PROMOTER",-0.243358433768715,-0.433582340122499,-0.232277082865364,0.17156092331764,0.273913856074572,0.365537470162254
"GOBP_TRANSCRIPTION_INITIATION_AT_RNA_POLYMERASE_II_PROMOTER",-0.189643141338745,-0.285261810055788,-0.0977082914603253,0.111240219439095,0.17442507758667,0.263935181847294
"GOBP_TRANSCRIPTION_INITIATION_AT_RNA_POLYMERASE_III_PROMOTER",-0.171880901599784,0.0429332638992567,0.241756834822093,0.0343503351402413,0.0178965825967811,-0.120472318039181
"GOBP_TRANSCRIPTION_PREINITIATION_COMPLEX_ASSEMBLY",-0.23345712891638,-0.297678007417665,-0.155649159288997,0.040899020276268,0.304226955319902,0.28937076866507
"GOBP_TRANSCYTOSIS",0.0224429904935463,0.391819484679823,0.352368162683659,-0.643249973882077,-0.17652392058578,-0.0290564697857691
"GOBP_TRANSEPITHELIAL_TRANSPORT",0.293520378705331,-0.223364764378415,0.214982597194565,-0.0629287274130419,-0.139371869007699,-0.150396644610964
"GOBP_TRANSFORMING_GROWTH_FACTOR_BETA_PRODUCTION",0.0409832601798023,-0.0226438866938044,-0.431779679334275,0.187267211657704,0.254966642750237,0.0414193039298688
"GOBP_TRANSFORMING_GROWTH_FACTOR_BETA_RECEPTOR_SIGNALING_PATHWAY",-0.0367492149508256,-0.0318117045462865,-0.225956676001651,0.0447724976633471,-0.0872842427571975,0.276694088399405
"GOBP_TRANSITION_METAL_ION_TRANSPORT",0.0436871672850965,0.137032949051394,0.0353189219689846,0.0941492513490893,0.152642670569579,-0.381529825020557
"GOBP_TRANSLATIONAL_ELONGATION",-0.126828292974461,-0.295194682876184,0.268272364381248,-0.0898227460689184,0.173063573338822,0.155137312966263
"GOBP_TRANSLATIONAL_INITIATION",-0.276842048891617,-0.378627909651641,0.121675140027008,0.00643239020795572,0.276812911277314,0.337481348307397
"GOBP_TRANSLATIONAL_TERMINATION",-0.0332259355203927,-0.392314963897015,0.0805995689975876,-0.0511185883141761,0.450133238858223,0.0286787436165823
"GOBP_TRANSMISSION_OF_NERVE_IMPULSE",0.444173734531274,0.421637431713324,0.19212323219886,-0.509122266667771,-0.465330362882667,-0.0896951608581625
"GOBP_TRANSPOSITION",0.116741335658667,-0.336647110382147,-0.2946545730376,0.199149438040943,-0.0726374003680986,0.146118622545934
"GOBP_TRICARBOXYLIC_ACID_CYCLE",0.532077101074122,-0.0776596954771508,0.629849199660257,-0.512116980662254,0.0199484025845227,-0.632481254049012
"GOBP_TRIGLYCERIDE_CATABOLIC_PROCESS",0.47122419801053,0.0301109830189873,0.451955578282046,-0.179513258756155,-0.36598843912325,-0.462720219406621
"GOBP_TRIGLYCERIDE_METABOLIC_PROCESS",0.0969925710130901,0.15348209519495,0.343476317415039,-0.2357287301524,-0.168804177530567,-0.0967473460064443
"GOBP_TRNA_DECAY",-0.592705003853411,-0.361686314409245,0.425310663659323,0.294189469828868,-0.073778299177822,0.333378440354334
"GOBP_TRNA_METABOLIC_PROCESS",-0.277281953894866,-0.27810152739002,0.346009292628262,0.107172409382964,0.175857286457499,-0.150288203390895
"GOBP_TRNA_METHYLATION",-0.0923433537500467,-0.32566230340273,0.352213143039361,0.287630395492943,-0.192218306777265,-0.0522460531529008
"GOBP_TRNA_MODIFICATION",-0.291003686018509,-0.145106827477614,0.373566776189227,0.0647983098207328,0.0159835732948366,-0.139280890378802
"GOBP_TRNA_PROCESSING",-0.337669973920499,-0.195425791192199,0.320541316980713,0.0932221490390754,0.168288943712331,-0.127270730112689
"GOBP_TRNA_WOBBLE_BASE_MODIFICATION",-0.142052441434051,0.289381504655403,0.338372846654924,0.0202363339789062,-0.0560266678055479,-0.25635564716796
"GOBP_TRNA_WOBBLE_URIDINE_MODIFICATION",-0.137243134456308,0.389676296432769,0.488089090383099,-0.089402558783128,0.00298009366322358,-0.381831437884538
"GOBP_TROPHOBLAST_CELL_MIGRATION",-0.085295187881143,-0.079135558713045,-0.0744588702200223,0.161181420240014,0.0203954456394531,0.298149917541906
"GOBP_TUBE_CLOSURE",0.0976116808158139,0.180019837959863,-0.242519453826608,0.226218942084303,-0.194996770033461,-0.019699190055522
"GOBP_TUBE_FORMATION",0.0649782468005909,0.1566063791415,-0.171130119890177,0.116271439240907,-0.20487752086921,0.0182821067199921
"GOBP_TUBULIN_DEACETYLATION",-0.114140266947023,-0.0369326629958099,0.0892213099322578,-0.0450079742994617,-0.196015091590009,0.0885214696257877
"GOBP_TUMOR_NECROSIS_FACTOR_MEDIATED_SIGNALING_PATHWAY",-0.0551944036929227,-0.193330676026485,-0.253430149876373,0.240442214951977,0.124368015213012,0.142096275506513
"GOBP_TUMOR_NECROSIS_FACTOR_SUPERFAMILY_CYTOKINE_PRODUCTION",-0.294802609730963,-0.186271927831917,-0.368479174618501,0.417864698175421,0.308337969300328,0.100855202312473
"GOBP_TYPE_2_IMMUNE_RESPONSE",-0.128309795037301,-0.0740021606350014,-0.153225448263147,0.344292681857541,0.0799391078398898,0.0405441904093034
"GOBP_TYPE_2_MITOPHAGY",0.320954044733361,0.237562262929935,0.494298666143978,-0.0470939205183795,-0.223545157244773,-0.58306222574435
"GOBP_TYPE_B_PANCREATIC_CELL_DEVELOPMENT",0.421303149609249,0.449449723753633,0.458079552103637,-0.287942702306726,-0.535225688579794,-0.298836938223874
"GOBP_TYPE_B_PANCREATIC_CELL_DIFFERENTIATION",0.421303149609249,0.449449723753633,0.458079552103637,-0.287942702306726,-0.535225688579794,-0.298836938223874
"GOBP_TYPE_B_PANCREATIC_CELL_PROLIFERATION",-0.0731684588965029,-0.28256644853229,-0.270206325177382,0.127156339608503,-0.0108299252100401,0.282201886248347
"GOBP_TYPE_I_INTERFERON_MEDIATED_SIGNALING_PATHWAY",-0.226194907227575,-0.277961930846365,-0.238793656586971,0.553825045599181,0.0449192133437497,0.169703699384601
"GOBP_TYPE_I_INTERFERON_PRODUCTION",-0.0428297725195282,-0.285201733389538,-0.201546970611357,0.328457030144447,0.174725213594373,0.105564962810031
"GOBP_TYPE_II_INTERFERON_MEDIATED_SIGNALING_PATHWAY",-0.203126413377374,-0.245557787956154,-0.0720155291952235,0.468640903739017,0.178395618393877,-0.0877319057629289
"GOBP_TYPE_II_INTERFERON_PRODUCTION",-0.384425630901859,-0.207140339313871,-0.317107808238784,0.506057054755695,0.330570729831917,-0.0810671193366463
"GOBP_TYROSINE_PHOSPHORYLATION_OF_STAT_PROTEIN",-0.26692355665213,-0.00365987761879905,-0.459531543791041,0.254603699703081,0.19396492461904,0.406021272060546
"GOBP_U2_TYPE_PRESPLICEOSOME_ASSEMBLY",-0.616098136123114,-0.483930138764935,-0.514743722724794,0.472490027735592,0.622791771517767,0.406156461986828
"GOBP_UBIQUITIN_DEPENDENT_PROTEIN_CATABOLIC_PROCESS_VIA_THE_MULTIVESICULAR_BODY_SORTING_PATHWAY",-0.305170323195473,-0.216767113594013,0.150627508607857,0.0719795251447527,0.0686843329292962,0.226788997359448
"GOBP_UNSATURATED_FATTY_ACID_BIOSYNTHETIC_PROCESS",0.106342893161189,0.0819435498253849,0.0119945623373272,-0.0217857142745034,0.0239046258493806,-0.199951078167139
"GOBP_UNSATURATED_FATTY_ACID_METABOLIC_PROCESS",0.0169957054312797,0.234389268837628,0.245278385240013,-0.188492774797,-0.0405308142455427,-0.269216100040443
"GOBP_UROGENITAL_SYSTEM_DEVELOPMENT",-0.131239679594176,0.0974297314237403,-0.153086110392767,0.180445557043477,-0.151738045994143,0.20334964272706
"GOBP_UTERUS_DEVELOPMENT",0.303358447215903,0.0654023875178333,-0.317972861524083,0.0168338406595677,-0.407981297647112,0.257267277192222
"GOBP_V_D_J_RECOMBINATION",0.23512687660631,-0.289062888021806,-0.559124480845461,0.282727118513498,0.306037249710262,-0.0686910531292692
"GOBP_VACUOLAR_ACIDIFICATION",-0.121048402962315,-0.171348282022172,0.195467298641012,0.199346853248015,0.422515616437094,-0.444331155579627
"GOBP_VACUOLAR_LOCALIZATION",0.115723127232494,-0.0693353074079028,-0.117505064458483,0.209209098631327,0.000499970870822208,-0.138872280921534
"GOBP_VACUOLAR_TRANSPORT",0.170833465234201,-0.183909204133205,0.154115664692493,-0.10344711745731,-0.0204705127475159,-0.033525695000928
"GOBP_VACUOLE_ORGANIZATION",-0.0160634512523611,-0.178529453723619,0.0509802264342715,0.00050078045583607,0.0920984598377093,-0.00412257849355591
"GOBP_VASCULAR_ASSOCIATED_SMOOTH_MUSCLE_CELL_DIFFERENTIATION",-0.108375651569729,0.374103002186271,-0.0822496034069325,0.0270389715521649,-0.0914612099259864,-0.0530801343534428
"GOBP_VASCULAR_ASSOCIATED_SMOOTH_MUSCLE_CELL_MIGRATION",0.19158432279433,-0.17956944092295,-0.1228441559918,-0.156045747206873,-0.0343421431430081,0.00401505305109168
"GOBP_VASCULAR_ASSOCIATED_SMOOTH_MUSCLE_CELL_PROLIFERATION",-0.0971366459706308,0.184723305949736,-0.133040695259442,-0.158318624317685,0.0163094546199303,0.274428032785884
"GOBP_VASCULAR_ASSOCIATED_SMOOTH_MUSCLE_CONTRACTION",0.0650045972825915,0.0626231104069091,-0.259195308990342,-0.111741858352425,0.0561741898755792,0.11624247577681
"GOBP_VASCULAR_ENDOTHELIAL_CELL_PROLIFERATION",0.169487814455658,0.219767224673803,-0.171171960681241,-0.0410379737319522,-0.0734921415617731,-0.000162492709636142
"GOBP_VASCULAR_ENDOTHELIAL_CELL_RESPONSE_TO_FLUID_SHEAR_STRESS",0.397150516870182,-0.102419264806171,-0.0862854603537482,-0.0212376862120388,-0.236799804857292,-0.0590575362532606
"GOBP_VASCULAR_ENDOTHELIAL_CELL_RESPONSE_TO_LAMINAR_FLUID_SHEAR_STRESS",0.404221046961264,0.0636853474339047,0.0832241228631579,-0.145296111355364,-0.16847623867648,-0.192330977640321
"GOBP_VASCULAR_ENDOTHELIAL_GROWTH_FACTOR_PRODUCTION",-0.287403335580889,-0.0701296486368301,-0.371061102054996,0.212210036091372,0.259600126483866,0.188154516761609
"GOBP_VASCULAR_ENDOTHELIAL_GROWTH_FACTOR_RECEPTOR_SIGNALING_PATHWAY",0.222427313070379,0.111159147443932,-0.179761036497302,0.0314313370635678,-0.0721619815991168,-0.079391278563681
"GOBP_VASCULAR_ENDOTHELIAL_GROWTH_FACTOR_SIGNALING_PATHWAY",0.0552585115474262,0.144572450327569,-0.00462350259235109,0.00111271065247043,-0.13419903002063,-0.121530937209188
"GOBP_VASCULAR_PROCESS_IN_CIRCULATORY_SYSTEM",0.23927500487236,0.2404364912299,0.00542805818941045,-0.225626921048896,-0.241901771306787,-0.122474629100391
"GOBP_VASCULAR_TRANSPORT",0.217411770444134,0.323735020200874,0.183934576113321,-0.0745494465773352,-0.274073797115453,-0.383146169879858
"GOBP_VASCULAR_WOUND_HEALING",0.174183633915463,0.310205248069225,0.0307228516051067,-0.163433190858357,-0.318015413504117,0.0350549792413205
"GOBP_VASCULOGENESIS",0.182552748119002,0.171808436001783,-0.17685861151393,-0.121673220928533,-0.215660726109213,0.0531917329776913
"GOBP_VASOCONSTRICTION",0.233570513623976,0.233637963530289,-0.177848399935829,-0.229217563670302,-0.0857602377317304,-0.0983233236348352
"GOBP_VASODILATION",0.0290643024156746,0.185100598078261,-0.103703747655095,-0.25952996778978,0.0235001287909297,0.203147354866084
"GOBP_VENTRAL_SPINAL_CORD_DEVELOPMENT",-0.189539495004585,-0.0863477443217394,-0.0740852191889806,-0.0225701817997165,-0.143451111296852,0.273038636865898
"GOBP_VENTRICULAR_CARDIAC_MUSCLE_CELL_ACTION_POTENTIAL",0.403807249545339,0.319253438752865,0.0835793273415612,-0.376951139926732,-0.326303463653937,-0.124485362552227
"GOBP_VENTRICULAR_CARDIAC_MUSCLE_CELL_DIFFERENTIATION",-0.0026855600997828,0.0302601671721598,-0.417005395027169,-0.228561331284879,0.119974536623918,0.288341295776984
"GOBP_VENTRICULAR_CARDIAC_MUSCLE_CELL_MEMBRANE_REPOLARIZATION",0.516020160602672,0.243844180564241,0.27817065449127,-0.444021602081637,-0.43596295025226,-0.0988440254505382
"GOBP_VENTRICULAR_CARDIAC_MUSCLE_TISSUE_DEVELOPMENT",0.128628640922439,0.0937855528431768,-0.252573338941112,-0.019299576302803,-0.130179721798074,0.12884241916111
"GOBP_VENTRICULAR_CARDIAC_MUSCLE_TISSUE_MORPHOGENESIS",0.26947039659673,0.0781639558679131,-0.236796649980615,-0.019229609781632,-0.254860356250954,0.0579660197963566
"GOBP_VENTRICULAR_SEPTUM_DEVELOPMENT",0.119673348369101,-0.149186802795604,-0.326325072403522,0.165518698139574,-0.0391961456595468,0.162036204056297
"GOBP_VENTRICULAR_SEPTUM_MORPHOGENESIS",0.0461032539540291,-0.0874368645515127,-0.34780918126695,0.140064020599064,0.0586428780771341,0.176596678861717
"GOBP_VENTRICULAR_SYSTEM_DEVELOPMENT",-0.142177331652804,-0.0158059491712357,0.00954859505640035,0.00972335040610461,0.137845300328268,-0.0205907733735757
"GOBP_VERY_LONG_CHAIN_FATTY_ACID_METABOLIC_PROCESS",0.360113087184291,0.29532137934372,0.531196788112376,-0.416189817232909,-0.288865447778956,-0.433330129558825
"GOBP_VESICLE_BUDDING_FROM_MEMBRANE",0.0186319154974024,-0.0863848587794601,0.280361664687088,-0.0893064447790352,-0.127541308925994,-0.0345457849440041
"GOBP_VESICLE_CARGO_LOADING",0.0731925352058548,-0.262308026904966,-0.0265375719111625,-0.0140350275600901,0.165764241678787,0.0378213373011252
"GOBP_VESICLE_COATING",-0.1247362647875,-0.0903628393955203,0.433811758883535,-0.108038039091834,-0.1333845846282,-0.0918136628977261
"GOBP_VESICLE_CYTOSKELETAL_TRAFFICKING",0.174415998749477,-0.28162482385769,0.119744026979348,-0.0257426331167235,-0.136324011556153,-0.0256210304375202
"GOBP_VESICLE_DOCKING",0.263367858467495,0.161797579070995,0.284176047616155,-0.25342284687526,-0.293594111917601,-0.101449822003914
"GOBP_VESICLE_DOCKING_INVOLVED_IN_EXOCYTOSIS",0.27990951286733,0.105565477692239,0.210247830457679,-0.144120061782229,-0.24434902997556,-0.135296939285804
"GOBP_VESICLE_FUSION_TO_PLASMA_MEMBRANE",0.109036200403276,-0.0174248636133189,0.253736448037469,-0.0839188590489592,-0.259934945646783,-0.136058506098987
"GOBP_VESICLE_LOCALIZATION",0.163665150957479,-0.133409259858892,0.237801129974407,-0.127949854427686,-0.143247172078812,-0.11094898256844
"GOBP_VESICLE_MEDIATED_TRANSPORT_BETWEEN_ENDOSOMAL_COMPARTMENTS",0.267530991575352,-0.268448756715411,0.350625274468235,-0.176605235728158,-0.224173503773938,0.210584112154195
"GOBP_VESICLE_MEDIATED_TRANSPORT_IN_SYNAPSE",0.241878478392436,-0.13243630196028,0.182444095827854,-0.0733997990330489,-0.287202934708336,-0.0179876667626689
"GOBP_VESICLE_MEDIATED_TRANSPORT_TO_THE_PLASMA_MEMBRANE",0.219166764189973,-0.0457655993230783,0.200703684367705,-0.213361003967353,-0.0727151150542384,-0.039868426993265
"GOBP_VESICLE_ORGANIZATION",-0.0432453019040508,-0.0636243088905006,0.117271148407474,-0.0253134742955601,0.0251511411498923,-0.031809097558266
"GOBP_VESICLE_TARGETING",0.244501699320723,-0.102570209427801,0.317330909810573,-0.213137424395856,-0.0860536270884337,-0.249593771782367
"GOBP_VESICLE_TARGETING_ROUGH_ER_TO_CIS_GOLGI",-0.138495194894162,-0.0217175746289945,0.486600745643637,-0.20534909596426,0.0219105797389415,0.00927984001552357
"GOBP_VESICLE_TARGETING_TO_FROM_OR_WITHIN_GOLGI",-0.0785422218479772,-0.0366836055004729,0.474710648883607,-0.157768894403317,-0.132241740029798,-0.18564303688194
"GOBP_VESICLE_TETHERING",0.447201235449127,0.106007703124822,0.331555117156948,-0.561334299554995,0.00349048228224716,-0.153300287138559
"GOBP_VESICLE_TRANSPORT_ALONG_MICROTUBULE",0.154991263815467,-0.310318022114022,0.215178504311671,-0.169551440885615,-0.0498238668788803,-0.116787497458662
"GOBP_VIRAL_BUDDING",-0.360763074040306,-0.153916750118821,0.0600820473434955,-0.114070831829917,0.154700909196266,0.220626933605061
"GOBP_VIRAL_GENE_EXPRESSION",-0.326757503006719,-0.288973162630993,-0.243194755708437,0.298904582416778,0.244412211358601,0.233650315077985
"GOBP_VIRAL_GENOME_REPLICATION",-0.21219391618103,-0.180010615627083,-0.264072425965982,0.301510681428703,0.0736436422904117,0.165357195405403
"GOBP_VIRAL_LIFE_CYCLE",-0.133130137458875,-0.0674541648640843,-0.199919819759502,0.135331677809706,0.142840990218674,0.0507194145886431
"GOBP_VIRAL_PROCESS",-0.171826153331444,-0.135454819081859,-0.181478172101413,0.177844511680994,0.154084376464172,0.0996021183669166
"GOBP_VIRAL_PROTEIN_PROCESSING",0.134616463196202,-0.261785072226048,-0.231902774668237,0.257672870562629,0.098288721308628,0.0498127694038201
"GOBP_VIRAL_RELEASE_FROM_HOST_CELL",-0.332572445741038,-0.252164697609061,0.353613941012858,-0.245493521724854,0.260265392707751,0.0978469952204949
"GOBP_VIRAL_RNA_GENOME_REPLICATION",-0.476646893883864,-0.134869249454634,-0.0470937917229586,0.0132907385694938,0.362286618203463,0.341901515161285
"GOBP_VIRAL_TRANSCRIPTION",-0.52495276009454,-0.381793913162255,-0.344114857958894,0.262169016494444,0.130965745100221,0.46194534187231
"GOBP_VIRAL_TRANSLATION",-0.564861461450109,-0.276976503487451,-0.110568815636523,0.369584754133655,0.47611404428848,0.174320154493732
"GOBP_VIRION_ASSEMBLY",-0.197708988265488,-0.188726126433727,0.0906148914034419,-0.0881191833507949,0.0818298469598665,0.185058579785897
"GOBP_VISUAL_BEHAVIOR",0.381884646195939,0.203615953321932,-0.0527338137953936,-0.279260605659595,-0.241347921925172,0.0921694181254479
"GOBP_VITAMIN_BIOSYNTHETIC_PROCESS",-0.125747417605671,0.315035710627571,0.276563779778238,-0.28021252246076,-0.151406530146973,0.0429797788452835
"GOBP_VITAMIN_METABOLIC_PROCESS",-0.121316878195192,0.275978406989115,0.0973275892199673,-0.107030726990621,-0.00947474543232468,-0.0947523790661046
"GOBP_VITAMIN_TRANSMEMBRANE_TRANSPORT",-0.0131079235708347,0.313347140334746,-0.0978654464861956,0.237453821094909,0.0412038757535176,-0.321090387749717
"GOBP_VITAMIN_TRANSPORT",-0.0393079426926723,0.310495484825773,-0.144429389766208,0.1910355430875,-0.0231594797778533,-0.231077424433889
"GOBP_VOCALIZATION_BEHAVIOR",0.0914382249201872,0.322457180448528,0.215200863223564,-0.112931252056592,-0.53366036726299,-0.253152663924555
"GOBP_WALKING_BEHAVIOR",0.355942755686832,-0.167205621970267,0.266023873451938,-0.274029157458749,0.0619504718883601,-0.168809106260508
"GOBP_WHITE_FAT_CELL_DIFFERENTIATION",-0.0283694541821124,-0.0327663745385204,-0.129220992772577,0.161938228666934,-0.063385658046767,0.11551437182313
"GOBP_WNT_SIGNALING_PATHWAY",0.0108657216888734,0.0676929405728006,-0.0611064141629647,-0.0422761284730655,-0.178596330163215,0.186482717084306
"GOBP_WNT_SIGNALING_PATHWAY_PLANAR_CELL_POLARITY_PATHWAY",-0.0220389053737161,0.102198359696704,-0.0297936095452924,0.180873330681315,-0.410506341501536,0.257617802838382
"GOBP_WOUND_HEALING",-0.0447604354354635,0.0555116911947358,-0.251754069174821,0.147443871617202,0.0476088866822161,0.103652815523692
"GOBP_WOUND_HEALING_SPREADING_OF_EPIDERMAL_CELLS",0.270790134215513,0.0126554874708838,-0.232459208623206,0.0458135485570321,-0.146185340410178,0.11303683706272
"GOBP_XENOBIOTIC_METABOLIC_PROCESS",-0.12669600748131,0.36168030766995,0.266676066979995,-0.0170703740996009,-0.156842322425543,-0.214195470262801
"GOBP_XENOBIOTIC_TRANSPORT",0.047260420332125,0.376630352642068,-0.15405259121555,0.119119245335731,-0.198902436959462,-0.243022235637408
"GOBP_XENOPHAGY",0.263082901401086,0.0042413679754133,0.371700043381586,-0.225415672890607,-0.0744367325052729,-0.00444354084455781
"GOBP_ZINC_ION_TRANSPORT",0.216325458581295,0.0279592168910784,0.00762175882240812,-0.0784358411512186,0.14465400731519,-0.163254188756189
"GOBP_ZYMOGEN_ACTIVATION",-0.432285633825213,0.0857823716926286,-0.283341788337788,0.374712440841931,0.352259414966497,-0.0559879150368841
