"pathway","mapped_rat_genes","variable_expression_overlap","eligible"
"GOBP_10_FORMYLTETRAHYDROFOLATE_METABOLIC_PROCESS",6,6,FALSE
"GOBP_2FE_2S_CLUSTER_ASSEMBLY",10,9,FALSE
"GOBP_2_OXOGLUTARATE_METABOLIC_PROCESS",18,16,TRUE
"GOBP_3_UTR_MEDIATED_MRNA_DESTABILIZATION",23,21,TRUE
"GOBP_3_UTR_MEDIATED_MRNA_STABILIZATION",26,22,TRUE
"GOBP_4FE_4S_CLUSTER_ASSEMBLY",5,4,FALSE
"GOBP_5S_CLASS_RRNA_TRANSCRIPTION_BY_RNA_POLYMERASE_III",6,6,FALSE
"GOBP_5_PHOSPHORIBOSE_1_DIPHOSPHATE_METABOLIC_PROCESS",5,4,FALSE
"GOBP_7_METHYLGUANOSINE_CAP_HYPERMETHYLATION",11,8,FALSE
"GOBP_7_METHYLGUANOSINE_MRNA_CAPPING",7,7,FALSE
"GOBP_ACETATE_ESTER_TRANSPORT",9,2,FALSE
"GOBP_ACETYLCHOLINE_METABOLIC_PROCESS",7,2,FALSE
"GOBP_ACETYLCHOLINE_SECRETION",5,1,FALSE
"GOBP_ACETYL_COA_BIOSYNTHETIC_PROCESS",23,22,TRUE
"GOBP_ACETYL_COA_METABOLIC_PROCESS",42,38,TRUE
"GOBP_ACIDIC_AMINO_ACID_TRANSPORT",79,58,TRUE
"GOBP_ACID_SECRETION",42,15,TRUE
"GOBP_ACROSOMAL_VESICLE_EXOCYTOSIS",9,4,FALSE
"GOBP_ACROSOME_ASSEMBLY",40,18,TRUE
"GOBP_ACROSOME_REACTION",43,18,TRUE
"GOBP_ACTIN_CROSSLINK_FORMATION",14,11,FALSE
"GOBP_ACTIN_FILAMENT_BASED_MOVEMENT",141,111,TRUE
"GOBP_ACTIN_FILAMENT_BASED_PROCESS",820,697,FALSE
"GOBP_ACTIN_FILAMENT_BASED_TRANSPORT",9,9,FALSE
"GOBP_ACTIN_FILAMENT_BUNDLE_ORGANIZATION",174,158,TRUE
"GOBP_ACTIN_FILAMENT_DEPOLYMERIZATION",60,55,TRUE
"GOBP_ACTIN_FILAMENT_NETWORK_FORMATION",14,14,FALSE
"GOBP_ACTIN_FILAMENT_ORGANIZATION",460,398,TRUE
"GOBP_ACTIN_FILAMENT_POLYMERIZATION",156,136,TRUE
"GOBP_ACTIN_FILAMENT_SEVERING",17,13,FALSE
"GOBP_ACTIN_MEDIATED_CELL_CONTRACTION",118,90,TRUE
"GOBP_ACTIN_MYOSIN_FILAMENT_SLIDING",19,12,FALSE
"GOBP_ACTIN_NUCLEATION",56,49,TRUE
"GOBP_ACTIN_POLYMERIZATION_DEPENDENT_CELL_MOTILITY",7,7,FALSE
"GOBP_ACTIN_POLYMERIZATION_OR_DEPOLYMERIZATION",185,163,TRUE
"GOBP_ACTION_POTENTIAL",179,116,TRUE
"GOBP_ACTION_POTENTIAL_PROPAGATION",12,11,FALSE
"GOBP_ACTIVATED_T_CELL_PROLIFERATION",43,33,TRUE
"GOBP_ACTIVATION_INDUCED_CELL_DEATH_OF_T_CELLS",10,9,FALSE
"GOBP_ACTIVATION_OF_ADENYLATE_CYCLASE_ACTIVITY",14,6,FALSE
"GOBP_ACTIVATION_OF_GTPASE_ACTIVITY",22,22,TRUE
"GOBP_ACTIVATION_OF_IMMUNE_RESPONSE",562,441,TRUE
"GOBP_ACTIVATION_OF_INNATE_IMMUNE_RESPONSE",317,261,TRUE
"GOBP_ACTIVATION_OF_MEIOSIS",5,2,FALSE
"GOBP_ACTIVATION_OF_MEMBRANE_ATTACK_COMPLEX",6,3,FALSE
"GOBP_ACTIVATION_OF_NF_KAPPAB_INDUCING_KINASE_ACTIVITY",14,12,FALSE
"GOBP_ACTIVATION_OF_PROTEIN_KINASE_ACTIVITY",46,40,TRUE
"GOBP_ACTIVATION_OF_PROTEIN_KINASE_A_ACTIVITY",5,5,FALSE
"GOBP_ACTIVATION_OF_PROTEIN_KINASE_B_ACTIVITY",7,6,FALSE
"GOBP_ACTIVATION_OF_STORE_OPERATED_CALCIUM_CHANNEL_ACTIVITY",5,4,FALSE
"GOBP_ACTIVIN_RECEPTOR_SIGNALING_PATHWAY",51,35,TRUE
"GOBP_ACTOMYOSIN_CONTRACTILE_RING_ORGANIZATION",10,9,FALSE
"GOBP_ACTOMYOSIN_STRUCTURE_ORGANIZATION",209,189,TRUE
"GOBP_ACUTE_INFLAMMATORY_RESPONSE",102,55,TRUE
"GOBP_ACUTE_INFLAMMATORY_RESPONSE_TO_ANTIGENIC_STIMULUS",24,15,TRUE
"GOBP_ACUTE_PHASE_RESPONSE",46,22,TRUE
"GOBP_ACYLGLYCEROL_HOMEOSTASIS",43,26,TRUE
"GOBP_ACYLGLYCEROL_TRANSPORT",6,3,FALSE
"GOBP_ACYL_COA_BIOSYNTHETIC_PROCESS",56,52,TRUE
"GOBP_ACYL_COA_METABOLIC_PROCESS",105,87,TRUE
"GOBP_ADAPTIVE_IMMUNE_MEMORY_RESPONSE",6,3,FALSE
"GOBP_ADAPTIVE_IMMUNE_RESPONSE",477,333,TRUE
"GOBP_ADAPTIVE_IMMUNE_RESPONSE_BASED_ON_SOMATIC_RECOMBINATION_OF_IMMUNE_RECEPTORS_BUILT_FROM_IMMUNOGLOBULIN_SUPERFAMILY_DOMAINS",337,244,TRUE
"GOBP_ADAPTIVE_THERMOGENESIS",170,138,TRUE
"GOBP_ADENINE_TRANSPORT",6,5,FALSE
"GOBP_ADENOHYPOPHYSIS_DEVELOPMENT",13,4,FALSE
"GOBP_ADENOSINE_METABOLIC_PROCESS",9,6,FALSE
"GOBP_ADENOSINE_TO_INOSINE_EDITING",6,4,FALSE
"GOBP_ADENOSINE_TRANSPORT",5,3,FALSE
"GOBP_ADENYLATE_CYCLASE_ACTIVATING_ADRENERGIC_RECEPTOR_SIGNALING_PATHWAY",19,12,FALSE
"GOBP_ADENYLATE_CYCLASE_ACTIVATING_DOPAMINE_RECEPTOR_SIGNALING_PATHWAY",10,7,FALSE
"GOBP_ADENYLATE_CYCLASE_ACTIVATING_G_PROTEIN_COUPLED_RECEPTOR_SIGNALING_PATHWAY",194,102,TRUE
"GOBP_ADENYLATE_CYCLASE_ACTIVATING_SEROTONIN_RECEPTOR_SIGNALING_PATHWAY",5,2,FALSE
"GOBP_ADENYLATE_CYCLASE_INHIBITING_ADRENERGIC_RECEPTOR_SIGNALING_PATHWAY",6,3,FALSE
"GOBP_ADENYLATE_CYCLASE_INHIBITING_DOPAMINE_RECEPTOR_SIGNALING_PATHWAY",6,3,FALSE
"GOBP_ADENYLATE_CYCLASE_INHIBITING_G_PROTEIN_COUPLED_ACETYLCHOLINE_RECEPTOR_SIGNALING_PATHWAY",8,1,FALSE
"GOBP_ADENYLATE_CYCLASE_INHIBITING_G_PROTEIN_COUPLED_GLUTAMATE_RECEPTOR_SIGNALING_PATHWAY",9,2,FALSE
"GOBP_ADENYLATE_CYCLASE_INHIBITING_G_PROTEIN_COUPLED_RECEPTOR_SIGNALING_PATHWAY",100,47,TRUE
"GOBP_ADENYLATE_CYCLASE_INHIBITING_SEROTONIN_RECEPTOR_SIGNALING_PATHWAY",9,4,FALSE
"GOBP_ADENYLATE_CYCLASE_MODULATING_G_PROTEIN_COUPLED_RECEPTOR_SIGNALING_PATHWAY",286,144,TRUE
"GOBP_ADHERENS_JUNCTION_ASSEMBLY",15,15,TRUE
"GOBP_ADHERENS_JUNCTION_MAINTENANCE",7,5,FALSE
"GOBP_ADHERENS_JUNCTION_ORGANIZATION",60,49,TRUE
"GOBP_ADHESION_OF_SYMBIONT_TO_HOST",18,9,FALSE
"GOBP_ADHESION_OF_SYMBIONT_TO_HOST_CELL",13,7,FALSE
"GOBP_ADIPONECTIN_ACTIVATED_SIGNALING_PATHWAY",8,7,FALSE
"GOBP_ADIPOSE_TISSUE_DEVELOPMENT",83,65,TRUE
"GOBP_ADP_BIOSYNTHETIC_PROCESS",5,5,FALSE
"GOBP_ADP_TRANSPORT",11,8,FALSE
"GOBP_ADRENAL_GLAND_DEVELOPMENT",27,18,TRUE
"GOBP_ADRENERGIC_RECEPTOR_SIGNALING_PATHWAY",29,19,TRUE
"GOBP_ADRENOMEDULLIN_RECEPTOR_SIGNALING_PATHWAY",5,4,FALSE
"GOBP_ADULT_BEHAVIOR",162,108,TRUE
"GOBP_ADULT_FEEDING_BEHAVIOR",11,2,FALSE
"GOBP_ADULT_HEART_DEVELOPMENT",13,8,FALSE
"GOBP_ADULT_LOCOMOTORY_BEHAVIOR",87,64,TRUE
"GOBP_AGGREPHAGY",17,16,TRUE
"GOBP_AGGRESOME_ASSEMBLY",6,5,FALSE
"GOBP_AGGRESSIVE_BEHAVIOR",9,2,FALSE
"GOBP_AIM2_INFLAMMASOME_COMPLEX_ASSEMBLY",6,6,FALSE
"GOBP_ALANINE_METABOLIC_PROCESS",5,2,FALSE
"GOBP_ALANINE_TRANSPORT",18,14,FALSE
"GOBP_ALCOHOL_BIOSYNTHETIC_PROCESS",143,104,TRUE
"GOBP_ALCOHOL_CATABOLIC_PROCESS",34,19,TRUE
"GOBP_ALCOHOL_METABOLIC_PROCESS",342,244,TRUE
"GOBP_ALDEHYDE_BIOSYNTHETIC_PROCESS",17,13,FALSE
"GOBP_ALDEHYDE_CATABOLIC_PROCESS",13,8,FALSE
"GOBP_ALDEHYDE_METABOLIC_PROCESS",72,52,TRUE
"GOBP_ALDITOL_BIOSYNTHETIC_PROCESS",5,3,FALSE
"GOBP_ALDITOL_CATABOLIC_PROCESS",7,6,FALSE
"GOBP_ALDITOL_PHOSPHATE_METABOLIC_PROCESS",10,7,FALSE
"GOBP_ALDOSTERONE_SECRETION",8,7,FALSE
"GOBP_ALKALOID_CATABOLIC_PROCESS",4,2,FALSE
"GOBP_ALKALOID_METABOLIC_PROCESS",17,12,FALSE
"GOBP_ALKANESULFONATE_METABOLIC_PROCESS",10,9,FALSE
"GOBP_ALKANESULFONATE_TRANSMEMBRANE_TRANSPORT",8,6,FALSE
"GOBP_ALLANTOIN_METABOLIC_PROCESS",7,4,FALSE
"GOBP_ALPHA_AMINO_ACID_BIOSYNTHETIC_PROCESS",58,44,TRUE
"GOBP_ALPHA_AMINO_ACID_METABOLIC_PROCESS",203,143,TRUE
"GOBP_ALPHA_BETA_T_CELL_ACTIVATION",206,157,TRUE
"GOBP_ALPHA_BETA_T_CELL_DIFFERENTIATION",150,116,TRUE
"GOBP_ALPHA_BETA_T_CELL_PROLIFERATION",38,30,TRUE
"GOBP_ALPHA_KETOGLUTARATE_TRANSPORT",7,2,FALSE
"GOBP_ALPHA_LINOLENIC_ACID_METABOLIC_PROCESS",11,8,FALSE
"GOBP_ALTERNATIVE_MRNA_SPLICING_VIA_SPLICEOSOME",85,72,TRUE
"GOBP_AMACRINE_CELL_DIFFERENTIATION",8,2,FALSE
"GOBP_AMEBOIDAL_TYPE_CELL_MIGRATION",235,194,TRUE
"GOBP_AMELOGENESIS",25,15,TRUE
"GOBP_AMIDE_BIOSYNTHETIC_PROCESS",172,141,TRUE
"GOBP_AMIDE_CATABOLIC_PROCESS",14,8,FALSE
"GOBP_AMIDE_METABOLIC_PROCESS",457,363,TRUE
"GOBP_AMIDE_TRANSPORT",326,213,TRUE
"GOBP_AMINE_BIOSYNTHETIC_PROCESS",42,24,TRUE
"GOBP_AMINE_CATABOLIC_PROCESS",18,13,FALSE
"GOBP_AMINE_METABOLIC_PROCESS",92,55,TRUE
"GOBP_AMINE_TRANSPORT",90,49,TRUE
"GOBP_AMINOACYL_TRNA_METABOLISM_INVOLVED_IN_TRANSLATIONAL_FIDELITY",13,12,FALSE
"GOBP_AMINOGLYCAN_BIOSYNTHETIC_PROCESS",39,28,TRUE
"GOBP_AMINOGLYCAN_CATABOLIC_PROCESS",30,18,TRUE
"GOBP_AMINOGLYCAN_METABOLIC_PROCESS",78,50,TRUE
"GOBP_AMINOPHOSPHOLIPID_TRANSLOCATION",7,6,FALSE
"GOBP_AMINOPHOSPHOLIPID_TRANSPORT",9,8,FALSE
"GOBP_AMINO_ACID_ACTIVATION",48,39,TRUE
"GOBP_AMINO_ACID_BETAINE_BIOSYNTHETIC_PROCESS",7,6,FALSE
"GOBP_AMINO_ACID_BETAINE_METABOLIC_PROCESS",19,15,TRUE
"GOBP_AMINO_ACID_BETAINE_TRANSPORT",14,9,FALSE
"GOBP_AMINO_ACID_BIOSYNTHETIC_PROCESS",70,54,TRUE
"GOBP_AMINO_ACID_CATABOLIC_PROCESS",106,76,TRUE
"GOBP_AMINO_ACID_IMPORT_ACROSS_PLASMA_MEMBRANE",56,38,TRUE
"GOBP_AMINO_ACID_METABOLIC_PROCESS",283,209,TRUE
"GOBP_AMINO_ACID_NEUROTRANSMITTER_REUPTAKE",10,7,FALSE
"GOBP_AMINO_ACID_SALVAGE",8,6,FALSE
"GOBP_AMINO_ACID_TRANSMEMBRANE_TRANSPORT",107,75,TRUE
"GOBP_AMINO_ACID_TRANSPORT",162,116,TRUE
"GOBP_AMINO_SUGAR_BIOSYNTHETIC_PROCESS",13,12,FALSE
"GOBP_AMINO_SUGAR_CATABOLIC_PROCESS",11,10,FALSE
"GOBP_AMINO_SUGAR_METABOLIC_PROCESS",39,33,TRUE
"GOBP_AMMONIUM_HOMEOSTASIS",7,2,FALSE
"GOBP_AMMONIUM_TRANSMEMBRANE_TRANSPORT",10,4,FALSE
"GOBP_AMPA_GLUTAMATE_RECEPTOR_CLUSTERING",12,11,FALSE
"GOBP_AMPA_SELECTIVE_GLUTAMATE_RECEPTOR_SIGNALING_PATHWAY",5,5,FALSE
"GOBP_AMP_BIOSYNTHETIC_PROCESS",12,9,FALSE
"GOBP_AMP_CATABOLIC_PROCESS",5,4,FALSE
"GOBP_AMP_METABOLIC_PROCESS",23,19,TRUE
"GOBP_AMYGDALA_DEVELOPMENT",6,4,FALSE
"GOBP_AMYLIN_RECEPTOR_SIGNALING_PATHWAY",6,3,FALSE
"GOBP_AMYLOID_BETA_CLEARANCE",41,33,TRUE
"GOBP_AMYLOID_BETA_CLEARANCE_BY_CELLULAR_CATABOLIC_PROCESS",8,7,FALSE
"GOBP_AMYLOID_BETA_CLEARANCE_BY_TRANSCYTOSIS",7,7,FALSE
"GOBP_AMYLOID_BETA_FORMATION",44,38,TRUE
"GOBP_AMYLOID_BETA_METABOLIC_PROCESS",58,50,TRUE
"GOBP_AMYLOID_FIBRIL_FORMATION",40,34,TRUE
"GOBP_AMYLOID_PRECURSOR_PROTEIN_BIOSYNTHETIC_PROCESS",13,12,FALSE
"GOBP_AMYLOID_PRECURSOR_PROTEIN_CATABOLIC_PROCESS",57,50,TRUE
"GOBP_AMYLOID_PRECURSOR_PROTEIN_METABOLIC_PROCESS",74,65,TRUE
"GOBP_ANAGEN",5,3,FALSE
"GOBP_ANAPHASE_PROMOTING_COMPLEX_DEPENDENT_CATABOLIC_PROCESS",25,23,TRUE
"GOBP_ANATOMICAL_STRUCTURE_ARRANGEMENT",18,16,TRUE
"GOBP_ANATOMICAL_STRUCTURE_FORMATION_INVOLVED_IN_MORPHOGENESIS",1241,937,FALSE
"GOBP_ANATOMICAL_STRUCTURE_MATURATION",274,179,TRUE
"GOBP_ANATOMICAL_STRUCTURE_REGRESSION",16,9,FALSE
"GOBP_ANDROGEN_BIOSYNTHETIC_PROCESS",9,5,FALSE
"GOBP_ANDROGEN_CATABOLIC_PROCESS",5,3,FALSE
"GOBP_ANDROGEN_METABOLIC_PROCESS",32,19,TRUE
"GOBP_ANDROGEN_RECEPTOR_SIGNALING_PATHWAY",50,40,TRUE
"GOBP_ANGIOGENESIS_INVOLVED_IN_WOUND_HEALING",28,26,TRUE
"GOBP_ANGIOTENSIN_ACTIVATED_SIGNALING_PATHWAY",21,20,TRUE
"GOBP_ANIMAL_ORGAN_FORMATION",65,41,TRUE
"GOBP_ANIMAL_ORGAN_MATURATION",32,21,TRUE
"GOBP_ANIMAL_ORGAN_MORPHOGENESIS",1022,712,FALSE
"GOBP_ANIMAL_ORGAN_REGENERATION",49,35,TRUE
"GOBP_ANOIKIS",31,27,TRUE
"GOBP_ANTERIOR_COMMISSURE_MORPHOGENESIS",7,4,FALSE
"GOBP_ANTERIOR_HEAD_DEVELOPMENT",7,5,FALSE
"GOBP_ANTERIOR_POSTERIOR_AXIS_SPECIFICATION",58,29,TRUE
"GOBP_ANTERIOR_POSTERIOR_AXON_GUIDANCE",7,3,FALSE
"GOBP_ANTERIOR_POSTERIOR_PATTERN_SPECIFICATION",217,130,TRUE
"GOBP_ANTEROGRADE_AXONAL_TRANSPORT",46,42,TRUE
"GOBP_ANTEROGRADE_DENDRITIC_TRANSPORT",11,9,FALSE
"GOBP_ANTEROGRADE_DENDRITIC_TRANSPORT_OF_NEUROTRANSMITTER_RECEPTOR_COMPLEX",7,6,FALSE
"GOBP_ANTEROGRADE_NEURONAL_DENSE_CORE_VESICLE_TRANSPORT",5,5,FALSE
"GOBP_ANTIBACTERIAL_HUMORAL_RESPONSE",48,12,FALSE
"GOBP_ANTIBACTERIAL_INNATE_IMMUNE_RESPONSE",13,9,FALSE
"GOBP_ANTIBACTERIAL_PEPTIDE_PRODUCTION",8,0,FALSE
"GOBP_ANTIBODY_DEPENDENT_CELLULAR_CYTOTOXICITY",3,3,FALSE
"GOBP_ANTIFUNGAL_HUMORAL_RESPONSE",13,6,FALSE
"GOBP_ANTIFUNGAL_INNATE_IMMUNE_RESPONSE",20,12,FALSE
"GOBP_ANTIGEN_PROCESSING_AND_PRESENTATION",102,83,TRUE
"GOBP_ANTIGEN_PROCESSING_AND_PRESENTATION_ENDOGENOUS_LIPID_ANTIGEN_VIA_MHC_CLASS_IB",1,1,FALSE
"GOBP_ANTIGEN_PROCESSING_AND_PRESENTATION_OF_ENDOGENOUS_ANTIGEN",16,14,FALSE
"GOBP_ANTIGEN_PROCESSING_AND_PRESENTATION_OF_ENDOGENOUS_PEPTIDE_ANTIGEN",13,11,FALSE
"GOBP_ANTIGEN_PROCESSING_AND_PRESENTATION_OF_EXOGENOUS_ANTIGEN",39,34,TRUE
"GOBP_ANTIGEN_PROCESSING_AND_PRESENTATION_OF_EXOGENOUS_PEPTIDE_ANTIGEN",34,30,TRUE
"GOBP_ANTIGEN_PROCESSING_AND_PRESENTATION_OF_EXOGENOUS_PEPTIDE_ANTIGEN_VIA_MHC_CLASS_I",9,8,FALSE
"GOBP_ANTIGEN_PROCESSING_AND_PRESENTATION_OF_EXOGENOUS_PEPTIDE_ANTIGEN_VIA_MHC_CLASS_IB",4,4,FALSE
"GOBP_ANTIGEN_PROCESSING_AND_PRESENTATION_OF_EXOGENOUS_PEPTIDE_ANTIGEN_VIA_MHC_CLASS_II",24,21,TRUE
"GOBP_ANTIGEN_PROCESSING_AND_PRESENTATION_OF_LIPID_ANTIGEN_VIA_MHC_CLASS_IB",4,4,FALSE
"GOBP_ANTIGEN_PROCESSING_AND_PRESENTATION_OF_PEPTIDE_ANTIGEN",57,46,TRUE
"GOBP_ANTIGEN_PROCESSING_AND_PRESENTATION_OF_PEPTIDE_ANTIGEN_VIA_MHC_CLASS_I",27,23,TRUE
"GOBP_ANTIGEN_PROCESSING_AND_PRESENTATION_OF_PEPTIDE_ANTIGEN_VIA_MHC_CLASS_IB",6,4,FALSE
"GOBP_ANTIGEN_PROCESSING_AND_PRESENTATION_OF_PEPTIDE_OR_POLYSACCHARIDE_ANTIGEN_VIA_MHC_CLASS_II",30,27,TRUE
"GOBP_ANTIGEN_PROCESSING_AND_PRESENTATION_VIA_MHC_CLASS_IB",10,8,FALSE
"GOBP_ANTIGEN_RECEPTOR_MEDIATED_SIGNALING_PATHWAY",186,150,TRUE
"GOBP_ANTIMICROBIAL_HUMORAL_IMMUNE_RESPONSE_MEDIATED_BY_ANTIMICROBIAL_PEPTIDE",98,34,TRUE
"GOBP_ANTIMICROBIAL_HUMORAL_RESPONSE",129,46,TRUE
"GOBP_ANTIMICROBIAL_PEPTIDE_BIOSYNTHETIC_PROCESS",6,0,FALSE
"GOBP_ANTIMICROBIAL_PEPTIDE_PRODUCTION",10,0,FALSE
"GOBP_ANTIVIRAL_INNATE_IMMUNE_RESPONSE",70,55,TRUE
"GOBP_ANTI_MULLERIAN_HORMONE_RECEPTOR_SIGNALING_PATHWAY",6,5,FALSE
"GOBP_ANTRAL_OVARIAN_FOLLICLE_GROWTH",11,5,FALSE
"GOBP_AORTA_DEVELOPMENT",66,56,TRUE
"GOBP_AORTA_MORPHOGENESIS",34,28,TRUE
"GOBP_AORTA_SMOOTH_MUSCLE_TISSUE_MORPHOGENESIS",4,4,FALSE
"GOBP_AORTIC_VALVE_MORPHOGENESIS",39,29,TRUE
"GOBP_APICAL_CONSTRICTION",5,5,FALSE
"GOBP_APICAL_JUNCTION_ASSEMBLY",63,48,TRUE
"GOBP_APICAL_PROTEIN_LOCALIZATION",16,16,TRUE
"GOBP_APOLIPOPROTEIN_A_I_MEDIATED_SIGNALING_PATHWAY",5,5,FALSE
"GOBP_APOPTOTIC_CELL_CLEARANCE",41,32,TRUE
"GOBP_APOPTOTIC_CHROMOSOME_CONDENSATION",5,4,FALSE
"GOBP_APOPTOTIC_DNA_FRAGMENTATION",19,14,FALSE
"GOBP_APOPTOTIC_MITOCHONDRIAL_CHANGES",104,92,TRUE
"GOBP_APOPTOTIC_PROCESS_INVOLVED_IN_BLOOD_VESSEL_MORPHOGENESIS",5,5,FALSE
"GOBP_APOPTOTIC_PROCESS_INVOLVED_IN_DEVELOPMENT",41,31,TRUE
"GOBP_APOPTOTIC_PROCESS_INVOLVED_IN_HEART_MORPHOGENESIS",7,4,FALSE
"GOBP_APOPTOTIC_PROCESS_INVOLVED_IN_MORPHOGENESIS",29,22,TRUE
"GOBP_APOPTOTIC_PROCESS_IN_BONE_MARROW_CELL",5,4,FALSE
"GOBP_APOPTOTIC_SIGNALING_PATHWAY",605,480,TRUE
"GOBP_APPENDAGE_DEVELOPMENT",197,143,TRUE
"GOBP_APPENDAGE_MORPHOGENESIS",155,110,TRUE
"GOBP_ARACHIDONATE_METABOLIC_PROCESS",55,28,TRUE
"GOBP_ARACHIDONATE_METABOLITE_PRODUCTION_INVOLVED_IN_INFLAMMATORY_RESPONSE",5,5,FALSE
"GOBP_ARACHIDONATE_SECRETION",28,12,FALSE
"GOBP_ARF_PROTEIN_SIGNAL_TRANSDUCTION",22,18,TRUE
"GOBP_ARGININE_METABOLIC_PROCESS",21,17,TRUE
"GOBP_AROMATIC_AMINO_ACID_FAMILY_CATABOLIC_PROCESS",24,8,FALSE
"GOBP_AROMATIC_AMINO_ACID_METABOLIC_PROCESS",43,19,TRUE
"GOBP_AROMATIC_AMINO_ACID_TRANSPORT",14,13,FALSE
"GOBP_ARP2_3_COMPLEX_MEDIATED_ACTIN_NUCLEATION",44,40,TRUE
"GOBP_ARTERIAL_ENDOTHELIAL_CELL_DIFFERENTIATION",6,5,FALSE
"GOBP_ARTERY_DEVELOPMENT",111,91,TRUE
"GOBP_ARTERY_MORPHOGENESIS",75,59,TRUE
"GOBP_ARTERY_SMOOTH_MUSCLE_CONTRACTION",10,9,FALSE
"GOBP_ARTICULAR_CARTILAGE_DEVELOPMENT",7,6,FALSE
"GOBP_ASCENDING_AORTA_DEVELOPMENT",5,4,FALSE
"GOBP_ASPARTATE_FAMILY_AMINO_ACID_BIOSYNTHETIC_PROCESS",19,16,TRUE
"GOBP_ASPARTATE_METABOLIC_PROCESS",8,5,FALSE
"GOBP_ASPARTATE_TRANSMEMBRANE_TRANSPORT",20,13,FALSE
"GOBP_ASSOCIATIVE_LEARNING",97,67,TRUE
"GOBP_ASTRAL_MICROTUBULE_ORGANIZATION",16,14,FALSE
"GOBP_ASTROCYTE_ACTIVATION",23,17,TRUE
"GOBP_ASTROCYTE_CELL_MIGRATION",6,6,FALSE
"GOBP_ASTROCYTE_DEVELOPMENT",39,30,TRUE
"GOBP_ASTROCYTE_DIFFERENTIATION",84,66,TRUE
"GOBP_ASYMMETRIC_CELL_DIVISION",18,16,TRUE
"GOBP_ASYMMETRIC_NEUROBLAST_DIVISION",6,6,FALSE
"GOBP_ATF6_MEDIATED_UNFOLDED_PROTEIN_RESPONSE",10,8,FALSE
"GOBP_ATP_BIOSYNTHETIC_PROCESS",104,77,TRUE
"GOBP_ATP_EXPORT",10,6,FALSE
"GOBP_ATP_METABOLIC_PROCESS",234,191,TRUE
"GOBP_ATP_SYNTHESIS_COUPLED_ELECTRON_TRANSPORT",96,69,TRUE
"GOBP_ATP_TRANSPORT",23,15,TRUE
"GOBP_ATRIAL_CARDIAC_MUSCLE_CELL_MEMBRANE_REPOLARIZATION",10,4,FALSE
"GOBP_ATRIAL_CARDIAC_MUSCLE_CELL_TO_AV_NODE_CELL_COMMUNICATION",18,13,FALSE
"GOBP_ATRIAL_CARDIAC_MUSCLE_TISSUE_DEVELOPMENT",23,12,FALSE
"GOBP_ATRIAL_CARDIAC_MUSCLE_TISSUE_MORPHOGENESIS",7,4,FALSE
"GOBP_ATRIAL_SEPTUM_DEVELOPMENT",23,16,TRUE
"GOBP_ATRIAL_SEPTUM_MORPHOGENESIS",16,10,FALSE
"GOBP_ATRIAL_SEPTUM_PRIMUM_MORPHOGENESIS",5,3,FALSE
"GOBP_ATRIOVENTRICULAR_CANAL_DEVELOPMENT",13,8,FALSE
"GOBP_ATRIOVENTRICULAR_NODE_DEVELOPMENT",9,5,FALSE
"GOBP_ATRIOVENTRICULAR_VALVE_DEVELOPMENT",31,24,TRUE
"GOBP_ATRIOVENTRICULAR_VALVE_FORMATION",8,6,FALSE
"GOBP_ATTACHMENT_OF_GPI_ANCHOR_TO_PROTEIN",6,6,FALSE
"GOBP_ATTACHMENT_OF_MITOTIC_SPINDLE_MICROTUBULES_TO_KINETOCHORE",25,24,TRUE
"GOBP_ATTACHMENT_OF_SPINDLE_MICROTUBULES_TO_KINETOCHORE",56,53,TRUE
"GOBP_AUDITORY_RECEPTOR_CELL_DEVELOPMENT",30,18,TRUE
"GOBP_AUDITORY_RECEPTOR_CELL_MORPHOGENESIS",24,13,FALSE
"GOBP_AUDITORY_RECEPTOR_CELL_STEREOCILIUM_ORGANIZATION",20,11,FALSE
"GOBP_AUTOCRINE_SIGNALING",10,7,FALSE
"GOBP_AUTONOMIC_NERVOUS_SYSTEM_DEVELOPMENT",45,31,TRUE
"GOBP_AUTOPHAGIC_CELL_DEATH",8,7,FALSE
"GOBP_AUTOPHAGOSOME_LYSOSOME_FUSION",21,20,TRUE
"GOBP_AUTOPHAGOSOME_MATURATION",65,62,TRUE
"GOBP_AUTOPHAGOSOME_MEMBRANE_DOCKING",7,6,FALSE
"GOBP_AUTOPHAGOSOME_ORGANIZATION",127,112,TRUE
"GOBP_AUTOPHAGY_OF_MITOCHONDRION",114,104,TRUE
"GOBP_AUTOPHAGY_OF_PEROXISOME",16,15,TRUE
"GOBP_AUTOSOME_GENOMIC_IMPRINTING",6,5,FALSE
"GOBP_AV_NODE_CELL_TO_BUNDLE_OF_HIS_CELL_COMMUNICATION",13,11,FALSE
"GOBP_AV_NODE_CELL_TO_BUNDLE_OF_HIS_CELL_SIGNALING",10,9,FALSE
"GOBP_AXIAL_MESODERM_DEVELOPMENT",10,3,FALSE
"GOBP_AXIS_ELONGATION",30,23,TRUE
"GOBP_AXIS_ELONGATION_INVOLVED_IN_SOMITOGENESIS",5,3,FALSE
"GOBP_AXIS_SPECIFICATION",95,54,TRUE
"GOBP_AXONAL_FASCICULATION",23,18,TRUE
"GOBP_AXONAL_TRANSPORT",72,66,TRUE
"GOBP_AXONAL_TRANSPORT_OF_MITOCHONDRION",19,17,TRUE
"GOBP_AXONEMAL_CENTRAL_APPARATUS_ASSEMBLY",6,2,FALSE
"GOBP_AXONEMAL_DYNEIN_COMPLEX_ASSEMBLY",41,21,TRUE
"GOBP_AXONEME_ASSEMBLY",106,48,TRUE
"GOBP_AXONOGENESIS_INVOLVED_IN_INNERVATION",10,9,FALSE
"GOBP_AXON_CHOICE_POINT_RECOGNITION",7,5,FALSE
"GOBP_AXON_DEVELOPMENT",522,399,TRUE
"GOBP_AXON_ENSHEATHMENT_IN_CENTRAL_NERVOUS_SYSTEM",24,20,TRUE
"GOBP_AXON_EXTENSION",112,91,TRUE
"GOBP_AXON_MIDLINE_CHOICE_POINT_RECOGNITION",5,4,FALSE
"GOBP_AXO_DENDRITIC_PROTEIN_TRANSPORT",9,8,FALSE
"GOBP_AXO_DENDRITIC_TRANSPORT",88,80,TRUE
"GOBP_AZOLE_TRANSMEMBRANE_TRANSPORT",15,11,FALSE
"GOBP_BARBED_END_ACTIN_FILAMENT_CAPPING",26,22,TRUE
"GOBP_BASEMENT_MEMBRANE_ASSEMBLY",6,6,FALSE
"GOBP_BASEMENT_MEMBRANE_ORGANIZATION",42,37,TRUE
"GOBP_BASE_CONVERSION_OR_SUBSTITUTION_EDITING",12,8,FALSE
"GOBP_BASE_EXCISION_REPAIR",48,46,TRUE
"GOBP_BASE_EXCISION_REPAIR_AP_SITE_FORMATION",12,12,FALSE
"GOBP_BASE_EXCISION_REPAIR_GAP_FILLING",14,14,FALSE
"GOBP_BASIC_AMINO_ACID_TRANSPORT",23,20,TRUE
"GOBP_BASOLATERAL_PROTEIN_SECRETION",5,2,FALSE
"GOBP_BEHAVIOR",686,469,TRUE
"GOBP_BEHAVIORAL_RESPONSE_TO_COCAINE",18,13,FALSE
"GOBP_BEHAVIORAL_RESPONSE_TO_ETHANOL",14,6,FALSE
"GOBP_BEHAVIORAL_RESPONSE_TO_NICOTINE",10,3,FALSE
"GOBP_BEHAVIORAL_RESPONSE_TO_PAIN",20,14,FALSE
"GOBP_BEIGE_FAT_CELL_DIFFERENTIATION",6,6,FALSE
"GOBP_BENZENE_CONTAINING_COMPOUND_METABOLIC_PROCESS",23,13,FALSE
"GOBP_BERGMANN_GLIAL_CELL_DIFFERENTIATION",10,10,FALSE
"GOBP_BETA_ARRESTIN_DEPENDENT_DOPAMINE_RECEPTOR_SIGNALING_PATHWAY",5,4,FALSE
"GOBP_BICARBONATE_TRANSPORT",33,22,TRUE
"GOBP_BICELLULAR_TIGHT_JUNCTION_ASSEMBLY",53,38,TRUE
"GOBP_BILE_ACID_AND_BILE_SALT_TRANSPORT",25,10,FALSE
"GOBP_BILE_ACID_BIOSYNTHETIC_PROCESS",40,25,TRUE
"GOBP_BILE_ACID_METABOLIC_PROCESS",53,32,TRUE
"GOBP_BILE_ACID_SECRETION",11,0,FALSE
"GOBP_BILE_ACID_SIGNALING_PATHWAY",7,3,FALSE
"GOBP_BINDING_OF_SPERM_TO_ZONA_PELLUCIDA",39,17,TRUE
"GOBP_BIOLOGICAL_PHASE",9,6,FALSE
"GOBP_BIOLOGICAL_PROCESS_INVOLVED_IN_INTERACTION_WITH_HOST",165,127,TRUE
"GOBP_BIOLOGICAL_PROCESS_INVOLVED_IN_INTERACTION_WITH_SYMBIONT",37,19,TRUE
"GOBP_BIOLOGICAL_PROCESS_INVOLVED_IN_INTERSPECIES_INTERACTION_BETWEEN_ORGANISMS",1646,1212,FALSE
"GOBP_BIOLOGICAL_PROCESS_INVOLVED_IN_INTRASPECIES_INTERACTION_BETWEEN_ORGANISMS",62,40,TRUE
"GOBP_BIOLOGICAL_PROCESS_INVOLVED_IN_SYMBIOTIC_INTERACTION",205,150,TRUE
"GOBP_BIOMINERAL_TISSUE_DEVELOPMENT",176,129,TRUE
"GOBP_BLASTOCYST_DEVELOPMENT",119,87,TRUE
"GOBP_BLASTOCYST_FORMATION",47,37,TRUE
"GOBP_BLASTOCYST_GROWTH",21,18,TRUE
"GOBP_BLASTODERM_SEGMENTATION",23,13,FALSE
"GOBP_BLEB_ASSEMBLY",11,10,FALSE
"GOBP_BLOOD_COAGULATION_COMMON_PATHWAY",5,2,FALSE
"GOBP_BLOOD_COAGULATION_FIBRIN_CLOT_FORMATION",26,11,FALSE
"GOBP_BLOOD_COAGULATION_INTRINSIC_PATHWAY",13,4,FALSE
"GOBP_BLOOD_VESSEL_ENDOTHELIAL_CELL_DIFFERENTIATION",10,9,FALSE
"GOBP_BLOOD_VESSEL_ENDOTHELIAL_CELL_MIGRATION",121,106,TRUE
"GOBP_BLOOD_VESSEL_ENDOTHELIAL_CELL_PROLIFERATION_INVOLVED_IN_SPROUTING_ANGIOGENESIS",24,21,TRUE
"GOBP_BLOOD_VESSEL_MATURATION",7,7,FALSE
"GOBP_BLOOD_VESSEL_MORPHOGENESIS",636,505,FALSE
"GOBP_BLOOD_VESSEL_REMODELING",47,37,TRUE
"GOBP_BODY_FLUID_SECRETION",90,63,TRUE
"GOBP_BODY_MORPHOGENESIS",49,38,TRUE
"GOBP_BONE_CELL_DEVELOPMENT",20,14,FALSE
"GOBP_BONE_DEVELOPMENT",226,179,TRUE
"GOBP_BONE_GROWTH",38,29,TRUE
"GOBP_BONE_MARROW_DEVELOPMENT",10,10,FALSE
"GOBP_BONE_MATURATION",28,19,TRUE
"GOBP_BONE_MINERALIZATION",125,97,TRUE
"GOBP_BONE_MINERALIZATION_INVOLVED_IN_BONE_MATURATION",13,6,FALSE
"GOBP_BONE_MORPHOGENESIS",101,79,TRUE
"GOBP_BONE_REMODELING",92,71,TRUE
"GOBP_BONE_RESORPTION",67,51,TRUE
"GOBP_BONE_TRABECULA_FORMATION",10,7,FALSE
"GOBP_BONE_TRABECULA_MORPHOGENESIS",13,10,FALSE
"GOBP_BOX_C_D_SNORNP_ASSEMBLY",11,9,FALSE
"GOBP_BRADYKININ_CATABOLIC_PROCESS",7,6,FALSE
"GOBP_BRAINSTEM_DEVELOPMENT",8,5,FALSE
"GOBP_BRAIN_DERIVED_NEUROTROPHIC_FACTOR_RECEPTOR_SIGNALING_PATHWAY",8,6,FALSE
"GOBP_BRAIN_MORPHOGENESIS",37,22,TRUE
"GOBP_BRANCHED_CHAIN_AMINO_ACID_METABOLIC_PROCESS",27,24,TRUE
"GOBP_BRANCHED_CHAIN_AMINO_ACID_TRANSPORT",14,12,FALSE
"GOBP_BRANCHING_INVOLVED_IN_BLOOD_VESSEL_MORPHOGENESIS",37,29,TRUE
"GOBP_BRANCHING_INVOLVED_IN_LABYRINTHINE_LAYER_MORPHOGENESIS",14,9,FALSE
"GOBP_BRANCHING_INVOLVED_IN_MAMMARY_GLAND_DUCT_MORPHOGENESIS",25,21,TRUE
"GOBP_BRANCHING_INVOLVED_IN_PROSTATE_GLAND_MORPHOGENESIS",13,9,FALSE
"GOBP_BRANCHING_INVOLVED_IN_SALIVARY_GLAND_MORPHOGENESIS",22,17,TRUE
"GOBP_BRANCHING_MORPHOGENESIS_OF_AN_EPITHELIAL_TUBE",161,112,TRUE
"GOBP_BRANCHING_MORPHOGENESIS_OF_A_NERVE",10,8,FALSE
"GOBP_BRANCHIOMOTOR_NEURON_AXON_GUIDANCE",7,7,FALSE
"GOBP_BRANCH_ELONGATION_INVOLVED_IN_MAMMARY_GLAND_DUCT_BRANCHING",6,6,FALSE
"GOBP_BRANCH_ELONGATION_OF_AN_EPITHELIUM",20,15,TRUE
"GOBP_BRONCHUS_DEVELOPMENT",11,5,FALSE
"GOBP_BROWN_FAT_CELL_DIFFERENTIATION",59,43,TRUE
"GOBP_BRUSH_BORDER_ASSEMBLY",7,4,FALSE
"GOBP_BUD_ELONGATION_INVOLVED_IN_LUNG_BRANCHING",7,6,FALSE
"GOBP_BUNDLE_OF_HIS_CELL_TO_PURKINJE_MYOCYTE_COMMUNICATION",15,9,FALSE
"GOBP_BUNDLE_OF_HIS_CELL_TO_PURKINJE_MYOCYTE_SIGNALING",7,5,FALSE
"GOBP_B_1_B_CELL_DIFFERENTIATION",5,4,FALSE
"GOBP_B_CELL_ACTIVATION",276,219,TRUE
"GOBP_B_CELL_ACTIVATION_INVOLVED_IN_IMMUNE_RESPONSE",94,72,TRUE
"GOBP_B_CELL_APOPTOTIC_PROCESS",25,22,TRUE
"GOBP_B_CELL_CHEMOTAXIS",8,6,FALSE
"GOBP_B_CELL_DIFFERENTIATION",145,120,TRUE
"GOBP_B_CELL_HOMEOSTASIS",33,30,TRUE
"GOBP_B_CELL_LINEAGE_COMMITMENT",4,3,FALSE
"GOBP_B_CELL_MEDIATED_IMMUNITY",139,89,TRUE
"GOBP_B_CELL_PROLIFERATION",94,68,TRUE
"GOBP_B_CELL_PROLIFERATION_INVOLVED_IN_IMMUNE_RESPONSE",6,5,FALSE
"GOBP_B_CELL_RECEPTOR_SIGNALING_PATHWAY",61,52,TRUE
"GOBP_C21_STEROID_HORMONE_BIOSYNTHETIC_PROCESS",23,14,FALSE
"GOBP_C21_STEROID_HORMONE_METABOLIC_PROCESS",39,21,TRUE
"GOBP_C4_DICARBOXYLATE_TRANSPORT",28,19,TRUE
"GOBP_CADMIUM_ION_TRANSMEMBRANE_TRANSPORT",6,5,FALSE
"GOBP_CALCINEURIN_MEDIATED_SIGNALING",55,43,TRUE
"GOBP_CALCITONIN_FAMILY_RECEPTOR_SIGNALING_PATHWAY",11,6,FALSE
"GOBP_CALCITONIN_GENE_RELATED_PEPTIDE_RECEPTOR_SIGNALING_PATHWAY",6,3,FALSE
"GOBP_CALCITRIOL_BIOSYNTHETIC_PROCESS_FROM_CALCIOL",5,3,FALSE
"GOBP_CALCIUM_ACTIVATED_PHOSPHATIDYLCHOLINE_SCRAMBLING",5,3,FALSE
"GOBP_CALCIUM_ACTIVATED_PHOSPHOLIPID_SCRAMBLING",7,3,FALSE
"GOBP_CALCIUM_DEPENDENT_CELL_CELL_ADHESION",43,27,TRUE
"GOBP_CALCIUM_IMPORT_INTO_THE_MITOCHONDRION",16,15,TRUE
"GOBP_CALCIUM_INDEPENDENT_CELL_CELL_ADHESION",24,9,FALSE
"GOBP_CALCIUM_ION_EXPORT_ACROSS_PLASMA_MEMBRANE",13,7,FALSE
"GOBP_CALCIUM_ION_HOMEOSTASIS",315,234,TRUE
"GOBP_CALCIUM_ION_IMPORT",80,56,TRUE
"GOBP_CALCIUM_ION_IMPORT_ACROSS_PLASMA_MEMBRANE",39,28,TRUE
"GOBP_CALCIUM_ION_IMPORT_INTO_SARCOPLASMIC_RETICULUM",4,3,FALSE
"GOBP_CALCIUM_ION_REGULATED_EXOCYTOSIS",69,52,TRUE
"GOBP_CALCIUM_ION_REGULATED_EXOCYTOSIS_OF_NEUROTRANSMITTER",15,14,FALSE
"GOBP_CALCIUM_ION_TRANSMEMBRANE_IMPORT_INTO_CYTOSOL",182,139,TRUE
"GOBP_CALCIUM_ION_TRANSMEMBRANE_TRANSPORT",324,231,TRUE
"GOBP_CALCIUM_ION_TRANSMEMBRANE_TRANSPORT_VIA_HIGH_VOLTAGE_GATED_CALCIUM_CHANNEL",19,16,TRUE
"GOBP_CALCIUM_ION_TRANSPORT",419,297,TRUE
"GOBP_CALCIUM_ION_TRANSPORT_INTO_CYTOSOL",30,24,TRUE
"GOBP_CALCIUM_MEDIATED_SIGNALING",235,172,TRUE
"GOBP_CAMERA_TYPE_EYE_MORPHOGENESIS",136,96,TRUE
"GOBP_CAMERA_TYPE_EYE_PHOTORECEPTOR_CELL_DIFFERENTIATION",29,18,TRUE
"GOBP_CAMKK_AMPK_SIGNALING_CASCADE",11,11,FALSE
"GOBP_CAMP_BIOSYNTHETIC_PROCESS",13,10,FALSE
"GOBP_CAMP_CATABOLIC_PROCESS",9,9,FALSE
"GOBP_CAMP_METABOLIC_PROCESS",26,21,TRUE
"GOBP_CAMP_PKA_SIGNAL_TRANSDUCTION",64,43,TRUE
"GOBP_CANNABINOID_SIGNALING_PATHWAY",10,5,FALSE
"GOBP_CANONICAL_NF_KAPPAB_SIGNAL_TRANSDUCTION",319,273,TRUE
"GOBP_CANONICAL_WNT_SIGNALING_PATHWAY",318,256,TRUE
"GOBP_CAP_DEPENDENT_TRANSLATIONAL_INITIATION",9,8,FALSE
"GOBP_CARBOHYDRATE_BIOSYNTHETIC_PROCESS",189,144,TRUE
"GOBP_CARBOHYDRATE_CATABOLIC_PROCESS",181,149,TRUE
"GOBP_CARBOHYDRATE_DERIVATIVE_BIOSYNTHETIC_PROCESS",603,479,TRUE
"GOBP_CARBOHYDRATE_DERIVATIVE_CATABOLIC_PROCESS",256,210,TRUE
"GOBP_CARBOHYDRATE_DERIVATIVE_METABOLIC_PROCESS",971,766,FALSE
"GOBP_CARBOHYDRATE_DERIVATIVE_TRANSPORT",91,68,TRUE
"GOBP_CARBOHYDRATE_HOMEOSTASIS",263,192,TRUE
"GOBP_CARBOHYDRATE_IMPORT_ACROSS_PLASMA_MEMBRANE",10,3,FALSE
"GOBP_CARBOHYDRATE_MEDIATED_SIGNALING",13,10,FALSE
"GOBP_CARBOHYDRATE_METABOLIC_PROCESS",549,430,TRUE
"GOBP_CARBOHYDRATE_PHOSPHORYLATION",24,22,TRUE
"GOBP_CARBOHYDRATE_TRANSPORT",133,86,TRUE
"GOBP_CARBON_CATABOLITE_ACTIVATION_OF_TRANSCRIPTION",5,5,FALSE
"GOBP_CARBON_CATABOLITE_REGULATION_OF_TRANSCRIPTION",6,6,FALSE
"GOBP_CARBON_CATABOLITE_REGULATION_OF_TRANSCRIPTION_FROM_RNA_POLYMERASE_II_PROMOTER",5,5,FALSE
"GOBP_CARBON_DIOXIDE_TRANSMEMBRANE_TRANSPORT",5,1,FALSE
"GOBP_CARBON_DIOXIDE_TRANSPORT",13,4,FALSE
"GOBP_CARBOXYLIC_ACID_TRANSMEMBRANE_TRANSPORT",151,112,TRUE
"GOBP_CARDIAC_ATRIUM_DEVELOPMENT",37,25,TRUE
"GOBP_CARDIAC_ATRIUM_MORPHOGENESIS",30,19,TRUE
"GOBP_CARDIAC_CELL_DEVELOPMENT",85,71,TRUE
"GOBP_CARDIAC_CELL_FATE_COMMITMENT",12,5,FALSE
"GOBP_CARDIAC_CHAMBER_DEVELOPMENT",173,134,TRUE
"GOBP_CARDIAC_CHAMBER_FORMATION",12,5,FALSE
"GOBP_CARDIAC_CHAMBER_MORPHOGENESIS",131,98,TRUE
"GOBP_CARDIAC_CONDUCTION",95,72,TRUE
"GOBP_CARDIAC_CONDUCTION_SYSTEM_DEVELOPMENT",37,22,TRUE
"GOBP_CARDIAC_EPITHELIAL_TO_MESENCHYMAL_TRANSITION",37,29,TRUE
"GOBP_CARDIAC_FIBROBLAST_CELL_DIFFERENTIATION",4,4,FALSE
"GOBP_CARDIAC_LEFT_VENTRICLE_MORPHOGENESIS",18,14,FALSE
"GOBP_CARDIAC_MUSCLE_CELL_ACTION_POTENTIAL",84,62,TRUE
"GOBP_CARDIAC_MUSCLE_CELL_ACTION_POTENTIAL_INVOLVED_IN_CONTRACTION",60,43,TRUE
"GOBP_CARDIAC_MUSCLE_CELL_CARDIAC_MUSCLE_CELL_ADHESION",7,5,FALSE
"GOBP_CARDIAC_MUSCLE_CELL_CONTRACTION",85,64,TRUE
"GOBP_CARDIAC_MUSCLE_CELL_DIFFERENTIATION",119,95,TRUE
"GOBP_CARDIAC_MUSCLE_CELL_FATE_COMMITMENT",7,3,FALSE
"GOBP_CARDIAC_MUSCLE_CELL_MEMBRANE_REPOLARIZATION",39,24,TRUE
"GOBP_CARDIAC_MUSCLE_CELL_MYOBLAST_DIFFERENTIATION",11,8,FALSE
"GOBP_CARDIAC_MUSCLE_CELL_PROLIFERATION",50,38,TRUE
"GOBP_CARDIAC_MUSCLE_CONTRACTION",148,111,TRUE
"GOBP_CARDIAC_MUSCLE_MYOBLAST_PROLIFERATION",3,2,FALSE
"GOBP_CARDIAC_MUSCLE_TISSUE_DEVELOPMENT",233,180,TRUE
"GOBP_CARDIAC_MUSCLE_TISSUE_MORPHOGENESIS",62,45,TRUE
"GOBP_CARDIAC_MUSCLE_TISSUE_REGENERATION",6,5,FALSE
"GOBP_CARDIAC_MYOFIBRIL_ASSEMBLY",19,14,FALSE
"GOBP_CARDIAC_NEURAL_CREST_CELL_DEVELOPMENT_INVOLVED_IN_OUTFLOW_TRACT_MORPHOGENESIS",13,11,FALSE
"GOBP_CARDIAC_NEURAL_CREST_CELL_DIFFERENTIATION_INVOLVED_IN_HEART_DEVELOPMENT",16,14,FALSE
"GOBP_CARDIAC_NEURAL_CREST_CELL_MIGRATION_INVOLVED_IN_OUTFLOW_TRACT_MORPHOGENESIS",11,9,FALSE
"GOBP_CARDIAC_PACEMAKER_CELL_DEVELOPMENT",9,5,FALSE
"GOBP_CARDIAC_PACEMAKER_CELL_DIFFERENTIATION",11,6,FALSE
"GOBP_CARDIAC_RIGHT_VENTRICLE_MORPHOGENESIS",20,11,FALSE
"GOBP_CARDIAC_SEPTUM_CELL_DIFFERENTIATION",5,3,FALSE
"GOBP_CARDIAC_SEPTUM_DEVELOPMENT",110,88,TRUE
"GOBP_CARDIAC_SEPTUM_MORPHOGENESIS",73,57,TRUE
"GOBP_CARDIAC_VASCULAR_SMOOTH_MUSCLE_CELL_DIFFERENTIATION",8,6,FALSE
"GOBP_CARDIAC_VENTRICLE_DEVELOPMENT",133,102,TRUE
"GOBP_CARDIAC_VENTRICLE_FORMATION",8,3,FALSE
"GOBP_CARDIAC_VENTRICLE_MORPHOGENESIS",74,52,TRUE
"GOBP_CARDIOBLAST_DIFFERENTIATION",17,11,FALSE
"GOBP_CARDIOBLAST_PROLIFERATION",9,6,FALSE
"GOBP_CARDIOCYTE_DIFFERENTIATION",152,123,TRUE
"GOBP_CARDIOLIPIN_METABOLIC_PROCESS",12,11,FALSE
"GOBP_CARNITINE_BIOSYNTHETIC_PROCESS",5,4,FALSE
"GOBP_CARNITINE_METABOLIC_PROCESS",14,13,FALSE
"GOBP_CARNITINE_TRANSPORT",9,6,FALSE
"GOBP_CARTILAGE_CONDENSATION",21,13,FALSE
"GOBP_CARTILAGE_DEVELOPMENT",214,160,TRUE
"GOBP_CARTILAGE_DEVELOPMENT_INVOLVED_IN_ENDOCHONDRAL_BONE_MORPHOGENESIS",37,30,TRUE
"GOBP_CARTILAGE_HOMEOSTASIS",5,5,FALSE
"GOBP_CARTILAGE_MORPHOGENESIS",12,4,FALSE
"GOBP_CATECHOLAMINE_SECRETION",45,22,TRUE
"GOBP_CATECHOLAMINE_TRANSPORT",61,30,TRUE
"GOBP_CATECHOLAMINE_UPTAKE",19,9,FALSE
"GOBP_CATECHOLAMINE_UPTAKE_INVOLVED_IN_SYNAPTIC_TRANSMISSION",12,7,FALSE
"GOBP_CATECHOL_CONTAINING_COMPOUND_BIOSYNTHETIC_PROCESS",24,11,FALSE
"GOBP_CATECHOL_CONTAINING_COMPOUND_CATABOLIC_PROCESS",8,5,FALSE
"GOBP_CATECHOL_CONTAINING_COMPOUND_METABOLIC_PROCESS",54,31,TRUE
"GOBP_CAVEOLIN_MEDIATED_ENDOCYTOSIS",12,11,FALSE
"GOBP_CD27_SIGNALING_PATHWAY",5,3,FALSE
"GOBP_CD40_SIGNALING_PATHWAY",16,14,FALSE
"GOBP_CD4_POSITIVE_ALPHA_BETA_T_CELL_ACTIVATION",138,107,TRUE
"GOBP_CD4_POSITIVE_ALPHA_BETA_T_CELL_CYTOKINE_PRODUCTION",19,10,FALSE
"GOBP_CD4_POSITIVE_ALPHA_BETA_T_CELL_PROLIFERATION",10,8,FALSE
"GOBP_CD4_POSITIVE_CD25_POSITIVE_ALPHA_BETA_REGULATORY_T_CELL_DIFFERENTIATION",11,9,FALSE
"GOBP_CD4_POSITIVE_OR_CD8_POSITIVE_ALPHA_BETA_T_CELL_LINEAGE_COMMITMENT",35,27,TRUE
"GOBP_CD8_POSITIVE_ALPHA_BETA_T_CELL_ACTIVATION",39,30,TRUE
"GOBP_CD8_POSITIVE_ALPHA_BETA_T_CELL_DIFFERENTIATION",27,23,TRUE
"GOBP_CD8_POSITIVE_ALPHA_BETA_T_CELL_HOMEOSTASIS",15,13,FALSE
"GOBP_CD8_POSITIVE_ALPHA_BETA_T_CELL_PROLIFERATION",6,5,FALSE
"GOBP_CDC42_PROTEIN_SIGNAL_TRANSDUCTION",15,13,FALSE
"GOBP_CDP_CHOLINE_PATHWAY",7,7,FALSE
"GOBP_CDP_DIACYLGLYCEROL_METABOLIC_PROCESS",14,11,FALSE
"GOBP_CELLULAR_COMPONENT_ASSEMBLY_INVOLVED_IN_MORPHOGENESIS",138,104,TRUE
"GOBP_CELLULAR_COMPONENT_DISASSEMBLY",470,412,TRUE
"GOBP_CELLULAR_COMPONENT_DISASSEMBLY_INVOLVED_IN_EXECUTION_PHASE_OF_APOPTOSIS",31,23,TRUE
"GOBP_CELLULAR_COMPONENT_MAINTENANCE",86,67,TRUE
"GOBP_CELLULAR_DEFENSE_RESPONSE",50,26,TRUE
"GOBP_CELLULAR_DETOXIFICATION_OF_ALDEHYDE",12,8,FALSE
"GOBP_CELLULAR_EXTRAVASATION",69,55,TRUE
"GOBP_CELLULAR_HOMEOSTASIS",815,613,FALSE
"GOBP_CELLULAR_HYPEROSMOTIC_RESPONSE",21,19,TRUE
"GOBP_CELLULAR_HYPOTONIC_RESPONSE",11,9,FALSE
"GOBP_CELLULAR_OXIDANT_DETOXIFICATION",86,61,TRUE
"GOBP_CELLULAR_PIGMENTATION",63,56,TRUE
"GOBP_CELLULAR_PROCESS_INVOLVED_IN_REPRODUCTION_IN_MULTICELLULAR_ORGANISM",416,228,TRUE
"GOBP_CELLULAR_RESPIRATION",322,258,TRUE
"GOBP_CELLULAR_RESPONSE_TO_ABIOTIC_STIMULUS",342,276,TRUE
"GOBP_CELLULAR_RESPONSE_TO_ACIDIC_PH",21,14,FALSE
"GOBP_CELLULAR_RESPONSE_TO_ACID_CHEMICAL",88,69,TRUE
"GOBP_CELLULAR_RESPONSE_TO_ALCOHOL",106,82,TRUE
"GOBP_CELLULAR_RESPONSE_TO_ALDEHYDE",22,17,TRUE
"GOBP_CELLULAR_RESPONSE_TO_ALDOSTERONE",6,5,FALSE
"GOBP_CELLULAR_RESPONSE_TO_ALKALOID",37,29,TRUE
"GOBP_CELLULAR_RESPONSE_TO_AMMONIUM_ION",5,2,FALSE
"GOBP_CELLULAR_RESPONSE_TO_AMYLOID_BETA",43,37,TRUE
"GOBP_CELLULAR_RESPONSE_TO_ANGIOTENSIN",35,33,TRUE
"GOBP_CELLULAR_RESPONSE_TO_ANTIBIOTIC",8,7,FALSE
"GOBP_CELLULAR_RESPONSE_TO_ARSENIC_CONTAINING_SUBSTANCE",17,15,TRUE
"GOBP_CELLULAR_RESPONSE_TO_ATP",18,16,TRUE
"GOBP_CELLULAR_RESPONSE_TO_BIOTIC_STIMULUS",244,190,TRUE
"GOBP_CELLULAR_RESPONSE_TO_BRAIN_DERIVED_NEUROTROPHIC_FACTOR_STIMULUS",9,8,FALSE
"GOBP_CELLULAR_RESPONSE_TO_CADMIUM_ION",18,13,FALSE
"GOBP_CELLULAR_RESPONSE_TO_CAFFEINE",11,11,FALSE
"GOBP_CELLULAR_RESPONSE_TO_CALCIUM_ION",77,58,TRUE
"GOBP_CELLULAR_RESPONSE_TO_CAMP",56,41,TRUE
"GOBP_CELLULAR_RESPONSE_TO_CARBOHYDRATE_STIMULUS",148,113,TRUE
"GOBP_CELLULAR_RESPONSE_TO_CGMP",7,6,FALSE
"GOBP_CELLULAR_RESPONSE_TO_CHEMICAL_STRESS",317,281,TRUE
"GOBP_CELLULAR_RESPONSE_TO_CHOLESTEROL",18,14,FALSE
"GOBP_CELLULAR_RESPONSE_TO_COCAINE",11,6,FALSE
"GOBP_CELLULAR_RESPONSE_TO_COLD",15,11,FALSE
"GOBP_CELLULAR_RESPONSE_TO_COPPER_ION",19,15,TRUE
"GOBP_CELLULAR_RESPONSE_TO_CORTICOSTEROID_STIMULUS",62,47,TRUE
"GOBP_CELLULAR_RESPONSE_TO_CORTICOTROPIN_RELEASING_HORMONE_STIMULUS",5,4,FALSE
"GOBP_CELLULAR_RESPONSE_TO_DEXAMETHASONE_STIMULUS",25,22,TRUE
"GOBP_CELLULAR_RESPONSE_TO_DSRNA",22,19,TRUE
"GOBP_CELLULAR_RESPONSE_TO_ELECTRICAL_STIMULUS",12,6,FALSE
"GOBP_CELLULAR_RESPONSE_TO_ENDOGENOUS_STIMULUS",1255,957,FALSE
"GOBP_CELLULAR_RESPONSE_TO_EPINEPHRINE_STIMULUS",12,10,FALSE
"GOBP_CELLULAR_RESPONSE_TO_ESTRADIOL_STIMULUS",35,27,TRUE
"GOBP_CELLULAR_RESPONSE_TO_ESTROGEN_STIMULUS",17,12,FALSE
"GOBP_CELLULAR_RESPONSE_TO_ETHANOL",15,9,FALSE
"GOBP_CELLULAR_RESPONSE_TO_ETHER",10,9,FALSE
"GOBP_CELLULAR_RESPONSE_TO_EXOGENOUS_DSRNA",16,14,FALSE
"GOBP_CELLULAR_RESPONSE_TO_EXTERNAL_STIMULUS",76,65,TRUE
"GOBP_CELLULAR_RESPONSE_TO_FATTY_ACID",41,28,TRUE
"GOBP_CELLULAR_RESPONSE_TO_FLUID_SHEAR_STRESS",44,40,TRUE
"GOBP_CELLULAR_RESPONSE_TO_FOLLICLE_STIMULATING_HORMONE_STIMULUS",12,7,FALSE
"GOBP_CELLULAR_RESPONSE_TO_GAMMA_RADIATION",27,27,TRUE
"GOBP_CELLULAR_RESPONSE_TO_GLUCAGON_STIMULUS",22,17,TRUE
"GOBP_CELLULAR_RESPONSE_TO_GLUCOSE_STARVATION",48,46,TRUE
"GOBP_CELLULAR_RESPONSE_TO_GONADOTROPIN_RELEASING_HORMONE",5,1,FALSE
"GOBP_CELLULAR_RESPONSE_TO_GONADOTROPIN_STIMULUS",20,10,FALSE
"GOBP_CELLULAR_RESPONSE_TO_GROWTH_HORMONE_STIMULUS",26,23,TRUE
"GOBP_CELLULAR_RESPONSE_TO_HEAT",62,54,TRUE
"GOBP_CELLULAR_RESPONSE_TO_HISTAMINE",6,2,FALSE
"GOBP_CELLULAR_RESPONSE_TO_HORMONE_STIMULUS",672,509,FALSE
"GOBP_CELLULAR_RESPONSE_TO_HYDROGEN_PEROXIDE",62,54,TRUE
"GOBP_CELLULAR_RESPONSE_TO_HYDROPEROXIDE",9,6,FALSE
"GOBP_CELLULAR_RESPONSE_TO_HYPEROXIA",5,4,FALSE
"GOBP_CELLULAR_RESPONSE_TO_INCREASED_OXYGEN_LEVELS",13,10,FALSE
"GOBP_CELLULAR_RESPONSE_TO_INDOLE_3_METHANOL",5,5,FALSE
"GOBP_CELLULAR_RESPONSE_TO_INSULIN_LIKE_GROWTH_FACTOR_STIMULUS",12,10,FALSE
"GOBP_CELLULAR_RESPONSE_TO_INSULIN_STIMULUS",216,180,TRUE
"GOBP_CELLULAR_RESPONSE_TO_INTERFERON_ALPHA",11,9,FALSE
"GOBP_CELLULAR_RESPONSE_TO_INTERFERON_BETA",27,20,TRUE
"GOBP_CELLULAR_RESPONSE_TO_INTERLEUKIN_1",82,66,TRUE
"GOBP_CELLULAR_RESPONSE_TO_INTERLEUKIN_12",10,8,FALSE
"GOBP_CELLULAR_RESPONSE_TO_INTERLEUKIN_13",7,5,FALSE
"GOBP_CELLULAR_RESPONSE_TO_IONIZING_RADIATION",72,66,TRUE
"GOBP_CELLULAR_RESPONSE_TO_IRON_ION",8,8,FALSE
"GOBP_CELLULAR_RESPONSE_TO_KETONE",112,91,TRUE
"GOBP_CELLULAR_RESPONSE_TO_LEPTIN_STIMULUS",18,12,FALSE
"GOBP_CELLULAR_RESPONSE_TO_LEUCINE_STARVATION",12,11,FALSE
"GOBP_CELLULAR_RESPONSE_TO_LIGHT_INTENSITY",5,3,FALSE
"GOBP_CELLULAR_RESPONSE_TO_LIGHT_STIMULUS",115,86,TRUE
"GOBP_CELLULAR_RESPONSE_TO_LIPID",628,456,TRUE
"GOBP_CELLULAR_RESPONSE_TO_LIPOPROTEIN_PARTICLE_STIMULUS",40,31,TRUE
"GOBP_CELLULAR_RESPONSE_TO_LITHIUM_ION",13,11,FALSE
"GOBP_CELLULAR_RESPONSE_TO_LUTEINIZING_HORMONE_STIMULUS",5,4,FALSE
"GOBP_CELLULAR_RESPONSE_TO_L_GLUTAMATE",7,5,FALSE
"GOBP_CELLULAR_RESPONSE_TO_L_LEUCINE",12,11,FALSE
"GOBP_CELLULAR_RESPONSE_TO_MACROPHAGE_COLONY_STIMULATING_FACTOR_STIMULUS",14,13,FALSE
"GOBP_CELLULAR_RESPONSE_TO_MAGNESIUM_ION",7,4,FALSE
"GOBP_CELLULAR_RESPONSE_TO_MANGANESE_ION",10,9,FALSE
"GOBP_CELLULAR_RESPONSE_TO_METAL_ION",169,132,TRUE
"GOBP_CELLULAR_RESPONSE_TO_METHIONINE",5,4,FALSE
"GOBP_CELLULAR_RESPONSE_TO_MINERALOCORTICOID_STIMULUS",11,9,FALSE
"GOBP_CELLULAR_RESPONSE_TO_MOLECULE_OF_BACTERIAL_ORIGIN",217,165,TRUE
"GOBP_CELLULAR_RESPONSE_TO_MURAMYL_DIPEPTIDE",10,9,FALSE
"GOBP_CELLULAR_RESPONSE_TO_NICOTINE",8,5,FALSE
"GOBP_CELLULAR_RESPONSE_TO_NITROGEN_COMPOUND",663,517,FALSE
"GOBP_CELLULAR_RESPONSE_TO_NITROGEN_LEVELS",9,8,FALSE
"GOBP_CELLULAR_RESPONSE_TO_NITROSATIVE_STRESS",6,5,FALSE
"GOBP_CELLULAR_RESPONSE_TO_NUTRIENT",47,38,TRUE
"GOBP_CELLULAR_RESPONSE_TO_NUTRIENT_LEVELS",250,212,TRUE
"GOBP_CELLULAR_RESPONSE_TO_OSMOTIC_STRESS",59,53,TRUE
"GOBP_CELLULAR_RESPONSE_TO_OXIDATIVE_STRESS",247,218,TRUE
"GOBP_CELLULAR_RESPONSE_TO_OXIDISED_LOW_DENSITY_LIPOPROTEIN_PARTICLE_STIMULUS",11,9,FALSE
"GOBP_CELLULAR_RESPONSE_TO_OXYGEN_CONTAINING_COMPOUND",1169,896,FALSE
"GOBP_CELLULAR_RESPONSE_TO_OXYGEN_LEVELS",171,144,TRUE
"GOBP_CELLULAR_RESPONSE_TO_OXYGEN_RADICAL",21,18,TRUE
"GOBP_CELLULAR_RESPONSE_TO_PARATHYROID_HORMONE_STIMULUS",10,6,FALSE
"GOBP_CELLULAR_RESPONSE_TO_PEPTIDE",8,7,FALSE
"GOBP_CELLULAR_RESPONSE_TO_PEPTIDE_HORMONE_STIMULUS",338,277,TRUE
"GOBP_CELLULAR_RESPONSE_TO_PEPTIDOGLYCAN",6,5,FALSE
"GOBP_CELLULAR_RESPONSE_TO_PH",29,20,TRUE
"GOBP_CELLULAR_RESPONSE_TO_POTASSIUM_ION",12,9,FALSE
"GOBP_CELLULAR_RESPONSE_TO_PROGESTERONE_STIMULUS",5,4,FALSE
"GOBP_CELLULAR_RESPONSE_TO_PROSTAGLANDIN_E_STIMULUS",19,17,TRUE
"GOBP_CELLULAR_RESPONSE_TO_PROSTAGLANDIN_STIMULUS",28,20,TRUE
"GOBP_CELLULAR_RESPONSE_TO_PURINE_CONTAINING_COMPOUND",13,13,FALSE
"GOBP_CELLULAR_RESPONSE_TO_RADIATION",177,142,TRUE
"GOBP_CELLULAR_RESPONSE_TO_REACTIVE_NITROGEN_SPECIES",18,15,TRUE
"GOBP_CELLULAR_RESPONSE_TO_REACTIVE_OXYGEN_SPECIES",135,117,TRUE
"GOBP_CELLULAR_RESPONSE_TO_RETINOIC_ACID",65,39,TRUE
"GOBP_CELLULAR_RESPONSE_TO_SALT",6,6,FALSE
"GOBP_CELLULAR_RESPONSE_TO_SALT_STRESS",13,12,FALSE
"GOBP_CELLULAR_RESPONSE_TO_SODIUM_ARSENITE",5,5,FALSE
"GOBP_CELLULAR_RESPONSE_TO_STARVATION",185,160,TRUE
"GOBP_CELLULAR_RESPONSE_TO_STEROID_HORMONE_STIMULUS",212,166,TRUE
"GOBP_CELLULAR_RESPONSE_TO_STEROL",22,16,TRUE
"GOBP_CELLULAR_RESPONSE_TO_STRESS",1887,1606,FALSE
"GOBP_CELLULAR_RESPONSE_TO_TESTOSTERONE_STIMULUS",8,7,FALSE
"GOBP_CELLULAR_RESPONSE_TO_THYROID_HORMONE_STIMULUS",12,11,FALSE
"GOBP_CELLULAR_RESPONSE_TO_TOPOLOGICALLY_INCORRECT_PROTEIN",122,109,TRUE
"GOBP_CELLULAR_RESPONSE_TO_TOXIC_SUBSTANCE",132,92,TRUE
"GOBP_CELLULAR_RESPONSE_TO_TYPE_III_INTERFERON",6,4,FALSE
"GOBP_CELLULAR_RESPONSE_TO_TYPE_II_INTERFERON",98,80,TRUE
"GOBP_CELLULAR_RESPONSE_TO_UNFOLDED_PROTEIN",107,95,TRUE
"GOBP_CELLULAR_RESPONSE_TO_UV",88,74,TRUE
"GOBP_CELLULAR_RESPONSE_TO_UV_A",11,7,FALSE
"GOBP_CELLULAR_RESPONSE_TO_UV_B",12,10,FALSE
"GOBP_CELLULAR_RESPONSE_TO_VASCULAR_ENDOTHELIAL_GROWTH_FACTOR_STIMULUS",70,62,TRUE
"GOBP_CELLULAR_RESPONSE_TO_VIRUS",61,49,TRUE
"GOBP_CELLULAR_RESPONSE_TO_VITAMIN",29,22,TRUE
"GOBP_CELLULAR_RESPONSE_TO_VITAMIN_D",23,18,TRUE
"GOBP_CELLULAR_RESPONSE_TO_WATER_STIMULUS",6,4,FALSE
"GOBP_CELLULAR_RESPONSE_TO_XENOBIOTIC_STIMULUS",170,101,TRUE
"GOBP_CELLULAR_RESPONSE_TO_X_RAY",10,7,FALSE
"GOBP_CELLULAR_RESPONSE_TO_ZINC_ION",16,11,FALSE
"GOBP_CELLULAR_RESPONSE_TO_ZINC_ION_STARVATION",6,5,FALSE
"GOBP_CELLULAR_SENESCENCE",96,85,TRUE
"GOBP_CELL_ACTIVATION",1121,854,FALSE
"GOBP_CELL_ACTIVATION_INVOLVED_IN_IMMUNE_RESPONSE",323,244,TRUE
"GOBP_CELL_ADHESION",1449,1090,FALSE
"GOBP_CELL_ADHESION_INVOLVED_IN_HEART_MORPHOGENESIS",9,7,FALSE
"GOBP_CELL_ADHESION_MEDIATED_BY_INTEGRIN",84,73,TRUE
"GOBP_CELL_ADHESION_MOLECULE_PRODUCTION",9,6,FALSE
"GOBP_CELL_AGGREGATION",26,14,FALSE
"GOBP_CELL_CELL_ADHESION",925,688,FALSE
"GOBP_CELL_CELL_ADHESION_INVOLVED_IN_GASTRULATION",10,6,FALSE
"GOBP_CELL_CELL_ADHESION_MEDIATED_BY_CADHERIN",61,46,TRUE
"GOBP_CELL_CELL_ADHESION_MEDIATED_BY_INTEGRIN",29,25,TRUE
"GOBP_CELL_CELL_JUNCTION_ASSEMBLY",145,110,TRUE
"GOBP_CELL_CELL_JUNCTION_DISASSEMBLY",7,6,FALSE
"GOBP_CELL_CELL_JUNCTION_MAINTENANCE",21,16,TRUE
"GOBP_CELL_CELL_JUNCTION_ORGANIZATION",207,157,TRUE
"GOBP_CELL_CELL_RECOGNITION",75,42,TRUE
"GOBP_CELL_CELL_SIGNALING",1325,870,FALSE
"GOBP_CELL_CELL_SIGNALING_INVOLVED_IN_CARDIAC_CONDUCTION",31,25,TRUE
"GOBP_CELL_CHEMOTAXIS",303,217,TRUE
"GOBP_CELL_COMMUNICATION_BY_ELECTRICAL_COUPLING",36,29,TRUE
"GOBP_CELL_COMMUNICATION_BY_ELECTRICAL_COUPLING_INVOLVED_IN_CARDIAC_CONDUCTION",27,22,TRUE
"GOBP_CELL_COMMUNICATION_INVOLVED_IN_CARDIAC_CONDUCTION",59,46,TRUE
"GOBP_CELL_CYCLE",1646,1324,FALSE
"GOBP_CELL_CYCLE_CHECKPOINT_SIGNALING",200,176,TRUE
"GOBP_CELL_CYCLE_DNA_REPLICATION",44,39,TRUE
"GOBP_CELL_CYCLE_DNA_REPLICATION_INITIATION",6,6,FALSE
"GOBP_CELL_CYCLE_G1_S_PHASE_TRANSITION",246,207,TRUE
"GOBP_CELL_CYCLE_G2_M_PHASE_TRANSITION",158,136,TRUE
"GOBP_CELL_CYCLE_PHASE_TRANSITION",552,469,TRUE
"GOBP_CELL_CYCLE_PROCESS",1309,1059,FALSE
"GOBP_CELL_DIFFERENTIATION_INVOLVED_IN_EMBRYONIC_PLACENTA_DEVELOPMENT",24,18,TRUE
"GOBP_CELL_DIFFERENTIATION_INVOLVED_IN_KIDNEY_DEVELOPMENT",58,42,TRUE
"GOBP_CELL_DIFFERENTIATION_INVOLVED_IN_METANEPHROS_DEVELOPMENT",21,11,FALSE
"GOBP_CELL_DIFFERENTIATION_INVOLVED_IN_PHENOTYPIC_SWITCHING",2,2,FALSE
"GOBP_CELL_DIFFERENTIATION_IN_HINDBRAIN",25,14,FALSE
"GOBP_CELL_DIFFERENTIATION_IN_SPINAL_CORD",52,26,TRUE
"GOBP_CELL_DIVISION",637,529,FALSE
"GOBP_CELL_FATE_COMMITMENT",293,180,TRUE
"GOBP_CELL_FATE_COMMITMENT_INVOLVED_IN_FORMATION_OF_PRIMARY_GERM_LAYER",33,20,TRUE
"GOBP_CELL_FATE_COMMITMENT_INVOLVED_IN_PATTERN_SPECIFICATION",8,2,FALSE
"GOBP_CELL_FATE_DETERMINATION",42,24,TRUE
"GOBP_CELL_FATE_SPECIFICATION",110,59,TRUE
"GOBP_CELL_GROWTH",485,390,TRUE
"GOBP_CELL_JUNCTION_ASSEMBLY",514,389,TRUE
"GOBP_CELL_JUNCTION_DISASSEMBLY",37,34,TRUE
"GOBP_CELL_JUNCTION_MAINTENANCE",58,44,TRUE
"GOBP_CELL_JUNCTION_ORGANIZATION",847,650,FALSE
"GOBP_CELL_KILLING",226,133,TRUE
"GOBP_CELL_MATRIX_ADHESION",238,206,TRUE
"GOBP_CELL_MATURATION",209,132,TRUE
"GOBP_CELL_MIGRATION",1511,1163,FALSE
"GOBP_CELL_MIGRATION_INVOLVED_IN_GASTRULATION",13,8,FALSE
"GOBP_CELL_MIGRATION_INVOLVED_IN_HEART_DEVELOPMENT",20,15,TRUE
"GOBP_CELL_MIGRATION_INVOLVED_IN_KIDNEY_DEVELOPMENT",5,4,FALSE
"GOBP_CELL_MIGRATION_INVOLVED_IN_SPROUTING_ANGIOGENESIS",60,53,TRUE
"GOBP_CELL_MIGRATION_IN_HINDBRAIN",17,13,FALSE
"GOBP_CELL_MORPHOGENESIS",1006,793,FALSE
"GOBP_CELL_MORPHOGENESIS_INVOLVED_IN_NEURON_DIFFERENTIATION",597,465,TRUE
"GOBP_CELL_MOTILITY",1793,1305,FALSE
"GOBP_CELL_MOTILITY_INVOLVED_IN_CEREBRAL_CORTEX_RADIAL_GLIA_GUIDED_MIGRATION",6,4,FALSE
"GOBP_CELL_PROJECTION_ASSEMBLY",646,511,FALSE
"GOBP_CELL_PROJECTION_MORPHOGENESIS",678,535,FALSE
"GOBP_CELL_PROJECTION_ORGANIZATION",1669,1279,FALSE
"GOBP_CELL_PROLIFERATION_INVOLVED_IN_HEART_MORPHOGENESIS",19,14,FALSE
"GOBP_CELL_PROLIFERATION_INVOLVED_IN_KIDNEY_DEVELOPMENT",22,16,TRUE
"GOBP_CELL_PROLIFERATION_INVOLVED_IN_METANEPHROS_DEVELOPMENT",10,8,FALSE
"GOBP_CELL_PROLIFERATION_IN_BONE_MARROW",8,7,FALSE
"GOBP_CELL_PROLIFERATION_IN_FOREBRAIN",27,17,TRUE
"GOBP_CELL_PROLIFERATION_IN_HINDBRAIN",13,8,FALSE
"GOBP_CELL_PROLIFERATION_IN_MIDBRAIN",8,5,FALSE
"GOBP_CELL_RECOGNITION",167,103,TRUE
"GOBP_CELL_REDOX_HOMEOSTASIS",45,38,TRUE
"GOBP_CELL_SUBSTRATE_ADHESION",362,309,TRUE
"GOBP_CELL_SUBSTRATE_JUNCTION_DISASSEMBLY",12,11,FALSE
"GOBP_CELL_SUBSTRATE_JUNCTION_ORGANIZATION",106,100,TRUE
"GOBP_CELL_SURFACE_PATTERN_RECOGNITION_RECEPTOR_SIGNALING_PATHWAY",80,62,TRUE
"GOBP_CELL_SURFACE_RECEPTOR_PROTEIN_SERINE_THREONINE_KINASE_SIGNALING_PATHWAY",387,295,TRUE
"GOBP_CELL_SURFACE_RECEPTOR_PROTEIN_TYROSINE_KINASE_SIGNALING_PATHWAY",653,521,FALSE
"GOBP_CELL_SURFACE_RECEPTOR_PROTEIN_TYROSINE_PHOSPHATASE_SIGNALING_PATHWAY",7,7,FALSE
"GOBP_CELL_SURFACE_RECEPTOR_SIGNALING_PATHWAY_VIA_JAK_STAT",134,94,TRUE
"GOBP_CELL_SURFACE_RECEPTOR_SIGNALING_PATHWAY_VIA_STAT",154,104,TRUE
"GOBP_CELL_SURFACE_TOLL_LIKE_RECEPTOR_SIGNALING_PATHWAY",70,58,TRUE
"GOBP_CELL_VOLUME_HOMEOSTASIS",37,32,TRUE
"GOBP_CEMENTUM_MINERALIZATION",5,4,FALSE
"GOBP_CENP_A_CONTAINING_CHROMATIN_ASSEMBLY",11,10,FALSE
"GOBP_CENTRAL_NERVOUS_SYSTEM_DEVELOPMENT",1040,753,FALSE
"GOBP_CENTRAL_NERVOUS_SYSTEM_MATURATION",7,4,FALSE
"GOBP_CENTRAL_NERVOUS_SYSTEM_MYELIN_FORMATION",6,5,FALSE
"GOBP_CENTRAL_NERVOUS_SYSTEM_MYELIN_MAINTENANCE",4,4,FALSE
"GOBP_CENTRAL_NERVOUS_SYSTEM_NEURON_AXONOGENESIS",38,33,TRUE
"GOBP_CENTRAL_NERVOUS_SYSTEM_NEURON_DEVELOPMENT",97,70,TRUE
"GOBP_CENTRAL_NERVOUS_SYSTEM_NEURON_DIFFERENTIATION",219,131,TRUE
"GOBP_CENTRAL_NERVOUS_SYSTEM_PROJECTION_NEURON_AXONOGENESIS",28,24,TRUE
"GOBP_CENTRAL_NERVOUS_SYSTEM_VASCULOGENESIS",5,3,FALSE
"GOBP_CENTRIOLE_ASSEMBLY",49,38,TRUE
"GOBP_CENTRIOLE_CENTRIOLE_COHESION",14,14,FALSE
"GOBP_CENTRIOLE_ELONGATION",10,7,FALSE
"GOBP_CENTROMERIC_SISTER_CHROMATID_COHESION",14,13,FALSE
"GOBP_CENTROSOME_DUPLICATION",82,70,TRUE
"GOBP_CENTROSOME_SEPARATION",14,12,FALSE
"GOBP_CERAMIDE_1_PHOSPHATE_TRANSPORT",6,4,FALSE
"GOBP_CERAMIDE_BIOSYNTHETIC_PROCESS",68,50,TRUE
"GOBP_CERAMIDE_CATABOLIC_PROCESS",22,16,TRUE
"GOBP_CERAMIDE_METABOLIC_PROCESS",103,78,TRUE
"GOBP_CERAMIDE_TRANSPORT",17,12,FALSE
"GOBP_CEREBELLAR_CORTEX_DEVELOPMENT",59,45,TRUE
"GOBP_CEREBELLAR_CORTEX_FORMATION",28,18,TRUE
"GOBP_CEREBELLAR_CORTEX_MORPHOGENESIS",39,28,TRUE
"GOBP_CEREBELLAR_GRANULAR_LAYER_DEVELOPMENT",14,9,FALSE
"GOBP_CEREBELLAR_GRANULAR_LAYER_FORMATION",8,5,FALSE
"GOBP_CEREBELLAR_GRANULAR_LAYER_MORPHOGENESIS",10,7,FALSE
"GOBP_CEREBELLAR_PURKINJE_CELL_LAYER_DEVELOPMENT",32,23,TRUE
"GOBP_CEREBELLAR_PURKINJE_CELL_LAYER_FORMATION",16,9,FALSE
"GOBP_CEREBELLAR_PURKINJE_CELL_LAYER_MORPHOGENESIS",20,13,FALSE
"GOBP_CEREBRAL_CORTEX_CELL_MIGRATION",48,37,TRUE
"GOBP_CEREBRAL_CORTEX_DEVELOPMENT",124,95,TRUE
"GOBP_CEREBRAL_CORTEX_GABAERGIC_INTERNEURON_DEVELOPMENT",8,5,FALSE
"GOBP_CEREBRAL_CORTEX_GABAERGIC_INTERNEURON_DIFFERENTIATION",12,7,FALSE
"GOBP_CEREBRAL_CORTEX_GABAERGIC_INTERNEURON_MIGRATION",6,4,FALSE
"GOBP_CEREBRAL_CORTEX_NEURON_DIFFERENTIATION",28,14,FALSE
"GOBP_CEREBRAL_CORTEX_RADIALLY_ORIENTED_CELL_MIGRATION",36,27,TRUE
"GOBP_CEREBRAL_CORTEX_REGIONALIZATION",7,2,FALSE
"GOBP_CEREBRAL_CORTEX_TANGENTIAL_MIGRATION",6,5,FALSE
"GOBP_CEREBROSPINAL_FLUID_CIRCULATION",17,7,FALSE
"GOBP_CGAS_STING_SIGNALING_PATHWAY",28,25,TRUE
"GOBP_CGMP_BIOSYNTHETIC_PROCESS",11,6,FALSE
"GOBP_CGMP_METABOLIC_PROCESS",16,10,FALSE
"GOBP_CHAPERONE_MEDIATED_AUTOPHAGY",15,14,FALSE
"GOBP_CHAPERONE_MEDIATED_PROTEIN_COMPLEX_ASSEMBLY",24,19,TRUE
"GOBP_CHEMICAL_HOMEOSTASIS",1066,766,FALSE
"GOBP_CHEMICAL_SYNAPTIC_TRANSMISSION_POSTSYNAPTIC",120,81,TRUE
"GOBP_CHEMOKINE_C_C_MOTIF_LIGAND_5_PRODUCTION",12,8,FALSE
"GOBP_CHEMOKINE_C_X_C_MOTIF_LIGAND_12_SIGNALING_PATHWAY",7,7,FALSE
"GOBP_CHEMOKINE_C_X_C_MOTIF_LIGAND_1_PRODUCTION",6,4,FALSE
"GOBP_CHEMOKINE_C_X_C_MOTIF_LIGAND_2_PRODUCTION",17,13,FALSE
"GOBP_CHEMOKINE_PRODUCTION",92,66,TRUE
"GOBP_CHEMOREPULSION_OF_AXON",6,6,FALSE
"GOBP_CHEMOSENSORY_BEHAVIOR",18,12,FALSE
"GOBP_CHIASMA_ASSEMBLY",8,1,FALSE
"GOBP_CHITIN_METABOLIC_PROCESS",4,3,FALSE
"GOBP_CHLORIDE_TRANSPORT",126,68,TRUE
"GOBP_CHOLESTEROL_BIOSYNTHETIC_PROCESS_VIA_DESMOSTEROL",19,16,TRUE
"GOBP_CHOLESTEROL_CATABOLIC_PROCESS",9,7,FALSE
"GOBP_CHOLESTEROL_EFFLUX",63,45,TRUE
"GOBP_CHOLESTEROL_IMPORT",12,8,FALSE
"GOBP_CHOLESTEROL_STORAGE",24,19,TRUE
"GOBP_CHOLINE_METABOLIC_PROCESS",6,4,FALSE
"GOBP_CHOLINE_TRANSPORT",12,7,FALSE
"GOBP_CHONDROBLAST_DIFFERENTIATION",5,3,FALSE
"GOBP_CHONDROCYTE_DEVELOPMENT",35,27,TRUE
"GOBP_CHONDROCYTE_DEVELOPMENT_INVOLVED_IN_ENDOCHONDRAL_BONE_MORPHOGENESIS",10,8,FALSE
"GOBP_CHONDROCYTE_DIFFERENTIATION",120,93,TRUE
"GOBP_CHONDROCYTE_DIFFERENTIATION_INVOLVED_IN_ENDOCHONDRAL_BONE_MORPHOGENESIS",15,11,FALSE
"GOBP_CHONDROCYTE_HYPERTROPHY",8,7,FALSE
"GOBP_CHONDROCYTE_PROLIFERATION",26,19,TRUE
"GOBP_CHONDROITIN_SULFATE_PROTEOGLYCAN_BIOSYNTHETIC_PROCESS",28,23,TRUE
"GOBP_CHONDROITIN_SULFATE_PROTEOGLYCAN_CATABOLIC_PROCESS",6,4,FALSE
"GOBP_CHONDROITIN_SULFATE_PROTEOGLYCAN_METABOLIC_PROCESS",38,30,TRUE
"GOBP_CHORIONIC_TROPHOBLAST_CELL_DIFFERENTIATION",7,6,FALSE
"GOBP_CHORIONIC_TROPHOBLAST_CELL_PROLIFERATION",4,2,FALSE
"GOBP_CHORION_DEVELOPMENT",10,9,FALSE
"GOBP_CHORIO_ALLANTOIC_FUSION",7,6,FALSE
"GOBP_CHROMATIN_LOOPING",17,14,FALSE
"GOBP_CHROMATIN_ORGANIZATION",800,657,FALSE
"GOBP_CHROMATIN_REMODELING",627,522,FALSE
"GOBP_CHROMOSOMAL_5_METHYLCYTOSINE_DNA_DEMETHYLATION_PATHWAY",5,3,FALSE
"GOBP_CHROMOSOME_ATTACHMENT_TO_THE_NUCLEAR_ENVELOPE",8,3,FALSE
"GOBP_CHROMOSOME_CONDENSATION",47,33,TRUE
"GOBP_CHROMOSOME_LOCALIZATION",130,115,TRUE
"GOBP_CHROMOSOME_MOVEMENT_TOWARDS_SPINDLE_POLE",7,7,FALSE
"GOBP_CHROMOSOME_ORGANIZATION",565,467,TRUE
"GOBP_CHROMOSOME_ORGANIZATION_INVOLVED_IN_MEIOTIC_CELL_CYCLE",68,34,TRUE
"GOBP_CHROMOSOME_SEGREGATION",439,364,TRUE
"GOBP_CHROMOSOME_SEPARATION",94,82,TRUE
"GOBP_CHRONIC_INFLAMMATORY_RESPONSE",22,12,FALSE
"GOBP_CHYLOMICRON_ASSEMBLY",6,2,FALSE
"GOBP_CHYLOMICRON_REMODELING",7,3,FALSE
"GOBP_CILIARY_BASAL_BODY_ORGANIZATION",5,4,FALSE
"GOBP_CILIARY_NEUROTROPHIC_FACTOR_MEDIATED_SIGNALING_PATHWAY",5,5,FALSE
"GOBP_CILIUM_DISASSEMBLY",6,6,FALSE
"GOBP_CILIUM_MOVEMENT",288,133,TRUE
"GOBP_CILIUM_ORGANIZATION",467,346,TRUE
"GOBP_CILIUM_OR_FLAGELLUM_DEPENDENT_CELL_MOTILITY",249,112,TRUE
"GOBP_CIRCADIAN_REGULATION_OF_GENE_EXPRESSION",65,57,TRUE
"GOBP_CIRCADIAN_RHYTHM",210,158,TRUE
"GOBP_CIRCADIAN_SLEEP_WAKE_CYCLE",27,13,FALSE
"GOBP_CIRCADIAN_SLEEP_WAKE_CYCLE_NON_REM_SLEEP",9,4,FALSE
"GOBP_CIRCADIAN_SLEEP_WAKE_CYCLE_REM_SLEEP",6,2,FALSE
"GOBP_CIRCADIAN_SLEEP_WAKE_CYCLE_SLEEP",22,10,FALSE
"GOBP_CIRCULATORY_SYSTEM_DEVELOPMENT",1152,912,FALSE
"GOBP_CIRCULATORY_SYSTEM_PROCESS",611,444,TRUE
"GOBP_CITRULLINE_BIOSYNTHETIC_PROCESS",5,2,FALSE
"GOBP_CITRULLINE_METABOLIC_PROCESS",7,4,FALSE
"GOBP_CLATHRIN_COATED_VESICLE_CARGO_LOADING",7,7,FALSE
"GOBP_CLATHRIN_COAT_ASSEMBLY",21,20,TRUE
"GOBP_CLATHRIN_COAT_DISASSEMBLY",5,5,FALSE
"GOBP_CLATHRIN_DEPENDENT_ENDOCYTOSIS",50,48,TRUE
"GOBP_CLEARANCE_OF_FOREIGN_INTRACELLULAR_NUCLEIC_ACIDS",1,1,FALSE
"GOBP_CLEAVAGE_FURROW_FORMATION",8,8,FALSE
"GOBP_CLEAVAGE_IN_ITS2_BETWEEN_5_8S_RRNA_AND_LSU_RRNA_OF_TRICISTRONIC_RRNA_TRANSCRIPT_SSU_RRNA_5_8S_RRNA_LSU_RRNA",8,8,FALSE
"GOBP_CLUSTERING_OF_VOLTAGE_GATED_SODIUM_CHANNELS",7,7,FALSE
"GOBP_CMP_METABOLIC_PROCESS",10,7,FALSE
"GOBP_CMP_N_ACETYLNEURAMINATE_METABOLIC_PROCESS",4,3,FALSE
"GOBP_COBALAMIN_METABOLIC_PROCESS",10,9,FALSE
"GOBP_COBALAMIN_TRANSPORT",8,5,FALSE
"GOBP_COBALT_ION_TRANSPORT",7,5,FALSE
"GOBP_COCHLEA_DEVELOPMENT",56,41,TRUE
"GOBP_COCHLEA_MORPHOGENESIS",27,20,TRUE
"GOBP_COENZYME_A_BIOSYNTHETIC_PROCESS",10,9,FALSE
"GOBP_COENZYME_A_METABOLIC_PROCESS",18,16,TRUE
"GOBP_COGNITION",327,234,TRUE
"GOBP_COLLAGEN_ACTIVATED_SIGNALING_PATHWAY",16,14,FALSE
"GOBP_COLLAGEN_ACTIVATED_TYROSINE_KINASE_RECEPTOR_SIGNALING_PATHWAY",12,10,FALSE
"GOBP_COLLAGEN_BIOSYNTHETIC_PROCESS",50,38,TRUE
"GOBP_COLLAGEN_CATABOLIC_PROCESS",45,32,TRUE
"GOBP_COLLAGEN_FIBRIL_ORGANIZATION",77,69,TRUE
"GOBP_COLLAGEN_METABOLIC_PROCESS",107,81,TRUE
"GOBP_COLLATERAL_SPROUTING",31,22,TRUE
"GOBP_COLLATERAL_SPROUTING_IN_ABSENCE_OF_INJURY",5,3,FALSE
"GOBP_COLLECTING_DUCT_DEVELOPMENT",15,7,FALSE
"GOBP_COLUMNAR_CUBOIDAL_EPITHELIAL_CELL_DEVELOPMENT",20,15,TRUE
"GOBP_COLUMNAR_CUBOIDAL_EPITHELIAL_CELL_DIFFERENTIATION",88,49,TRUE
"GOBP_COLUMNAR_CUBOIDAL_EPITHELIAL_CELL_MATURATION",5,3,FALSE
"GOBP_COMMA_SHAPED_BODY_MORPHOGENESIS",5,2,FALSE
"GOBP_COMMISSURAL_NEURON_AXON_GUIDANCE",14,12,FALSE
"GOBP_COMMITMENT_OF_NEURONAL_CELL_TO_SPECIFIC_NEURON_TYPE_IN_FOREBRAIN",6,2,FALSE
"GOBP_COMMON_BILE_DUCT_DEVELOPMENT",5,4,FALSE
"GOBP_COMMON_MYELOID_PROGENITOR_CELL_PROLIFERATION",9,8,FALSE
"GOBP_COMPARTMENT_PATTERN_SPECIFICATION",5,4,FALSE
"GOBP_COMPLEMENT_ACTIVATION",50,28,TRUE
"GOBP_COMPLEMENT_ACTIVATION_ALTERNATIVE_PATHWAY",18,11,FALSE
"GOBP_COMPLEMENT_ACTIVATION_CLASSICAL_PATHWAY",31,17,TRUE
"GOBP_COMPLEMENT_ACTIVATION_GZMK_PATHWAY",13,4,FALSE
"GOBP_COMPLEMENT_ACTIVATION_LECTIN_PATHWAY",15,5,FALSE
"GOBP_COMPLEMENT_DEPENDENT_CYTOTOXICITY",13,7,FALSE
"GOBP_COMPLEMENT_RECEPTOR_MEDIATED_SIGNALING_PATHWAY",16,10,FALSE
"GOBP_CONDITIONED_PLACE_PREFERENCE",10,4,FALSE
"GOBP_CONNECTIVE_TISSUE_DEVELOPMENT",317,242,TRUE
"GOBP_CONNECTIVE_TISSUE_REPLACEMENT",18,14,FALSE
"GOBP_CONNECTIVE_TISSUE_REPLACEMENT_INVOLVED_IN_INFLAMMATORY_RESPONSE_WOUND_HEALING",8,7,FALSE
"GOBP_CONSTITUTIVE_HETEROCHROMATIN_FORMATION",56,39,TRUE
"GOBP_CONSTITUTIVE_SECRETORY_PATHWAY",8,6,FALSE
"GOBP_CONVERGENT_EXTENSION",16,13,FALSE
"GOBP_CONVERGENT_EXTENSION_INVOLVED_IN_AXIS_ELONGATION",6,6,FALSE
"GOBP_CONVERGENT_EXTENSION_INVOLVED_IN_GASTRULATION",8,7,FALSE
"GOBP_CONVERGENT_EXTENSION_INVOLVED_IN_ORGANOGENESIS",6,5,FALSE
"GOBP_COP9_SIGNALOSOME_ASSEMBLY",4,3,FALSE
"GOBP_COPII_COATED_VESICLE_BUDDING",43,37,TRUE
"GOBP_COPII_COATED_VESICLE_CARGO_LOADING",19,16,TRUE
"GOBP_COPI_COATED_VESICLE_BUDDING",6,6,FALSE
"GOBP_COPPER_ION_HOMEOSTASIS",21,17,TRUE
"GOBP_COPPER_ION_IMPORT",7,7,FALSE
"GOBP_COPPER_ION_TRANSMEMBRANE_TRANSPORT",9,9,FALSE
"GOBP_COPPER_ION_TRANSPORT",15,13,FALSE
"GOBP_COPULATION",15,8,FALSE
"GOBP_CORNEA_DEVELOPMENT_IN_CAMERA_TYPE_EYE",13,6,FALSE
"GOBP_CORNIFICATION",12,4,FALSE
"GOBP_CORNIFIED_ENVELOPE_ASSEMBLY",6,5,FALSE
"GOBP_CORONARY_ARTERY_MORPHOGENESIS",9,8,FALSE
"GOBP_CORONARY_VASCULATURE_DEVELOPMENT",46,39,TRUE
"GOBP_CORONARY_VASCULATURE_MORPHOGENESIS",16,13,FALSE
"GOBP_CORPUS_CALLOSUM_DEVELOPMENT",26,25,TRUE
"GOBP_CORPUS_CALLOSUM_MORPHOGENESIS",6,6,FALSE
"GOBP_CORTICAL_ACTIN_CYTOSKELETON_ORGANIZATION",41,36,TRUE
"GOBP_CORTICAL_CYTOSKELETON_ORGANIZATION",57,51,TRUE
"GOBP_CORTICAL_MICROTUBULE_ORGANIZATION",9,9,FALSE
"GOBP_CORTICOSPINAL_TRACT_MORPHOGENESIS",9,8,FALSE
"GOBP_CORTICOSTEROID_HORMONE_SECRETION",22,17,TRUE
"GOBP_CORTICOSTERONE_SECRETION",8,5,FALSE
"GOBP_CORTICOTROPIN_SECRETION",8,4,FALSE
"GOBP_CORTISOL_METABOLIC_PROCESS",13,8,FALSE
"GOBP_CORTISOL_SECRETION",5,3,FALSE
"GOBP_COTRANSLATIONAL_PROTEIN_TARGETING_TO_MEMBRANE",23,19,TRUE
"GOBP_CO_TRANSCRIPTIONAL_MRNA_3_END_PROCESSING_CLEAVAGE_AND_POLYADENYLATION_PATHWAY",9,8,FALSE
"GOBP_CO_TRANSCRIPTIONAL_RNA_3_END_PROCESSING_CLEAVAGE_AND_POLYADENYLATION_PATHWAY",11,10,FALSE
"GOBP_CRANIAL_GANGLION_DEVELOPMENT",5,5,FALSE
"GOBP_CRANIAL_NERVE_DEVELOPMENT",60,43,TRUE
"GOBP_CRANIAL_NERVE_FORMATION",10,6,FALSE
"GOBP_CRANIAL_NERVE_MORPHOGENESIS",30,24,TRUE
"GOBP_CRANIAL_NERVE_STRUCTURAL_ORGANIZATION",11,9,FALSE
"GOBP_CRANIAL_SKELETAL_SYSTEM_DEVELOPMENT",73,54,TRUE
"GOBP_CRANIAL_SUTURE_MORPHOGENESIS",8,6,FALSE
"GOBP_CRANIOFACIAL_SUTURE_MORPHOGENESIS",17,14,FALSE
"GOBP_CRD_MEDIATED_MRNA_STABILIZATION",11,8,FALSE
"GOBP_CRISTAE_FORMATION",20,16,TRUE
"GOBP_CUT_CATABOLIC_PROCESS",5,5,FALSE
"GOBP_CXCL12_ACTIVATED_CXCR4_SIGNALING_PATHWAY",5,5,FALSE
"GOBP_CYCLIC_GMP_AMP_TRANSMEMBRANE_IMPORT_ACROSS_PLASMA_MEMBRANE",8,7,FALSE
"GOBP_CYCLIC_NUCLEOTIDE_BIOSYNTHETIC_PROCESS",24,16,TRUE
"GOBP_CYCLIC_NUCLEOTIDE_CATABOLIC_PROCESS",13,13,FALSE
"GOBP_CYCLIC_NUCLEOTIDE_METABOLIC_PROCESS",43,32,TRUE
"GOBP_CYCLIC_NUCLEOTIDE_TRANSPORT",11,10,FALSE
"GOBP_CYCLOOXYGENASE_PATHWAY",10,7,FALSE
"GOBP_CYSTEINE_CATABOLIC_PROCESS",4,3,FALSE
"GOBP_CYSTEINE_METABOLIC_PROCESS",11,10,FALSE
"GOBP_CYTIDINE_TO_URIDINE_EDITING",6,4,FALSE
"GOBP_CYTOCHROME_COMPLEX_ASSEMBLY",41,28,TRUE
"GOBP_CYTOCHROME_METABOLIC_PROCESS",7,2,FALSE
"GOBP_CYTOKINESIS",190,161,TRUE
"GOBP_CYTOKINETIC_PROCESS",51,46,TRUE
"GOBP_CYTOKINE_MEDIATED_SIGNALING_PATHWAY",497,369,TRUE
"GOBP_CYTOKINE_PRECURSOR_PROCESSING",5,5,FALSE
"GOBP_CYTOKINE_PRODUCTION",776,590,FALSE
"GOBP_CYTOKINE_PRODUCTION_INVOLVED_IN_IMMUNE_RESPONSE",104,74,TRUE
"GOBP_CYTOKINE_PRODUCTION_INVOLVED_IN_INFLAMMATORY_RESPONSE",69,51,TRUE
"GOBP_CYTOLYSIS",8,5,FALSE
"GOBP_CYTOLYSIS_BY_HOST_OF_SYMBIONT_CELLS",10,3,FALSE
"GOBP_CYTOLYSIS_IN_ANOTHER_ORGANISM",5,3,FALSE
"GOBP_CYTOPLASMIC_ACTIN_BASED_CONTRACTION_INVOLVED_IN_CELL_MOTILITY",5,4,FALSE
"GOBP_CYTOPLASMIC_MICROTUBULE_ORGANIZATION",70,61,TRUE
"GOBP_CYTOPLASMIC_PATTERN_RECOGNITION_RECEPTOR_SIGNALING_PATHWAY",190,162,TRUE
"GOBP_CYTOPLASMIC_TRANSLATION",177,132,TRUE
"GOBP_CYTOPLASMIC_TRANSLATIONAL_ELONGATION",7,6,FALSE
"GOBP_CYTOPLASMIC_TRANSLATIONAL_INITIATION",47,42,TRUE
"GOBP_CYTOPLASM_ORGANIZATION",16,7,FALSE
"GOBP_CYTOSKELETON_DEPENDENT_CYTOKINESIS",126,112,TRUE
"GOBP_CYTOSKELETON_DEPENDENT_INTRACELLULAR_TRANSPORT",219,183,TRUE
"GOBP_CYTOSKELETON_ORGANIZATION",1523,1223,FALSE
"GOBP_CYTOSOLIC_CILIOGENESIS",5,4,FALSE
"GOBP_CYTOSOLIC_RIBOSOME_ASSEMBLY",11,9,FALSE
"GOBP_CYTOSOLIC_TRANSPORT",142,130,TRUE
"GOBP_CYTOSOL_TO_ENDOPLASMIC_RETICULUM_TRANSPORT",5,5,FALSE
"GOBP_C_TERMINAL_PROTEIN_AMINO_ACID_MODIFICATION",10,8,FALSE
"GOBP_C_X_C_CHEMOKINE_RECEPTOR_CXCR4_SIGNALING_PATHWAY",6,6,FALSE
"GOBP_DAMP_METABOLIC_PROCESS",7,6,FALSE
"GOBP_DCMP_METABOLIC_PROCESS",7,4,FALSE
"GOBP_DECIDUALIZATION",25,22,TRUE
"GOBP_DEDIFFERENTIATION",8,5,FALSE
"GOBP_DEFENSE_RESPONSE_TO_BACTERIUM",287,146,TRUE
"GOBP_DEFENSE_RESPONSE_TO_GRAM_NEGATIVE_BACTERIUM",88,38,TRUE
"GOBP_DEFENSE_RESPONSE_TO_GRAM_POSITIVE_BACTERIUM",107,46,TRUE
"GOBP_DEFENSE_RESPONSE_TO_OTHER_ORGANISM",1050,752,FALSE
"GOBP_DEFENSE_RESPONSE_TO_TUMOR_CELL",11,9,FALSE
"GOBP_DEFENSE_RESPONSE_TO_VIRUS",288,235,TRUE
"GOBP_DEFINITIVE_ERYTHROCYTE_DIFFERENTIATION",5,4,FALSE
"GOBP_DEFINITIVE_HEMOPOIESIS",21,19,TRUE
"GOBP_DEHYDROASCORBIC_ACID_TRANSPORT",11,7,FALSE
"GOBP_DELAMINATION",7,6,FALSE
"GOBP_DEMETHYLATION",14,9,FALSE
"GOBP_DENDRITE_ARBORIZATION",11,9,FALSE
"GOBP_DENDRITE_DEVELOPMENT",242,195,TRUE
"GOBP_DENDRITE_EXTENSION",34,27,TRUE
"GOBP_DENDRITE_MORPHOGENESIS",145,121,TRUE
"GOBP_DENDRITE_SELF_AVOIDANCE",16,12,FALSE
"GOBP_DENDRITIC_CELL_ANTIGEN_PROCESSING_AND_PRESENTATION",15,14,FALSE
"GOBP_DENDRITIC_CELL_APOPTOTIC_PROCESS",11,9,FALSE
"GOBP_DENDRITIC_CELL_CHEMOTAXIS",25,17,TRUE
"GOBP_DENDRITIC_CELL_CYTOKINE_PRODUCTION",15,14,FALSE
"GOBP_DENDRITIC_CELL_DIFFERENTIATION",51,37,TRUE
"GOBP_DENDRITIC_CELL_MIGRATION",37,24,TRUE
"GOBP_DENDRITIC_SPINE_DEVELOPMENT",97,84,TRUE
"GOBP_DENDRITIC_SPINE_MAINTENANCE",23,20,TRUE
"GOBP_DENDRITIC_SPINE_MORPHOGENESIS",60,54,TRUE
"GOBP_DENDRITIC_TRANSPORT",16,14,FALSE
"GOBP_DENSE_CORE_GRANULE_EXOCYTOSIS",12,12,FALSE
"GOBP_DENSE_CORE_GRANULE_TRANSPORT",10,10,FALSE
"GOBP_DENTATE_GYRUS_DEVELOPMENT",27,18,TRUE
"GOBP_DENTINOGENESIS",8,5,FALSE
"GOBP_DEOXYRIBONUCLEOSIDE_CATABOLIC_PROCESS",6,6,FALSE
"GOBP_DEOXYRIBONUCLEOSIDE_METABOLIC_PROCESS",11,10,FALSE
"GOBP_DEOXYRIBONUCLEOSIDE_MONOPHOSPHATE_BIOSYNTHETIC_PROCESS",9,9,FALSE
"GOBP_DEOXYRIBONUCLEOSIDE_MONOPHOSPHATE_CATABOLIC_PROCESS",17,12,FALSE
"GOBP_DEOXYRIBONUCLEOSIDE_TRIPHOSPHATE_METABOLIC_PROCESS",9,8,FALSE
"GOBP_DEOXYRIBONUCLEOTIDE_BIOSYNTHETIC_PROCESS",16,15,TRUE
"GOBP_DEOXYRIBONUCLEOTIDE_CATABOLIC_PROCESS",31,25,TRUE
"GOBP_DEOXYRIBONUCLEOTIDE_METABOLIC_PROCESS",46,39,TRUE
"GOBP_DEPHOSPHORYLATION",148,121,TRUE
"GOBP_DEPYRIMIDINATION",8,8,FALSE
"GOBP_DERMATAN_SULFATE_PROTEOGLYCAN_BIOSYNTHETIC_PROCESS",13,11,FALSE
"GOBP_DERMATAN_SULFATE_PROTEOGLYCAN_METABOLIC_PROCESS",17,15,TRUE
"GOBP_DESMOSOME_ASSEMBLY",7,5,FALSE
"GOBP_DESMOSOME_ORGANIZATION",15,8,FALSE
"GOBP_DETECTION_OF_ABIOTIC_STIMULUS",150,79,TRUE
"GOBP_DETECTION_OF_BACTERIUM",15,12,FALSE
"GOBP_DETECTION_OF_BIOTIC_STIMULUS",39,31,TRUE
"GOBP_DETECTION_OF_CALCIUM_ION",16,8,FALSE
"GOBP_DETECTION_OF_CELL_DENSITY",12,11,FALSE
"GOBP_DETECTION_OF_CHEMICAL_STIMULUS",382,36,TRUE
"GOBP_DETECTION_OF_CHEMICAL_STIMULUS_INVOLVED_IN_SENSORY_PERCEPTION_OF_TASTE",35,6,FALSE
"GOBP_DETECTION_OF_EXTERNAL_BIOTIC_STIMULUS",25,19,TRUE
"GOBP_DETECTION_OF_LIGHT_STIMULUS",69,32,TRUE
"GOBP_DETECTION_OF_LIGHT_STIMULUS_INVOLVED_IN_SENSORY_PERCEPTION",23,12,FALSE
"GOBP_DETECTION_OF_LIPOPOLYSACCHARIDE",5,4,FALSE
"GOBP_DETECTION_OF_MECHANICAL_STIMULUS",58,34,TRUE
"GOBP_DETECTION_OF_MECHANICAL_STIMULUS_INVOLVED_IN_SENSORY_PERCEPTION",39,24,TRUE
"GOBP_DETECTION_OF_MECHANICAL_STIMULUS_INVOLVED_IN_SENSORY_PERCEPTION_OF_PAIN",14,8,FALSE
"GOBP_DETECTION_OF_MECHANICAL_STIMULUS_INVOLVED_IN_SENSORY_PERCEPTION_OF_SOUND",18,10,FALSE
"GOBP_DETECTION_OF_MOLECULE_OF_BACTERIAL_ORIGIN",13,11,FALSE
"GOBP_DETECTION_OF_MUSCLE_STRETCH",7,5,FALSE
"GOBP_DETECTION_OF_OTHER_ORGANISM",18,14,FALSE
"GOBP_DETECTION_OF_OXYGEN",4,4,FALSE
"GOBP_DETECTION_OF_STIMULUS",550,131,TRUE
"GOBP_DETECTION_OF_STIMULUS_INVOLVED_IN_SENSORY_PERCEPTION",421,55,TRUE
"GOBP_DETECTION_OF_STIMULUS_INVOLVED_IN_SENSORY_PERCEPTION_OF_PAIN",30,18,TRUE
"GOBP_DETECTION_OF_TEMPERATURE_STIMULUS",28,16,TRUE
"GOBP_DETECTION_OF_TEMPERATURE_STIMULUS_INVOLVED_IN_SENSORY_PERCEPTION_OF_PAIN",21,13,FALSE
"GOBP_DETECTION_OF_TEMPERATURE_STIMULUS_INVOLVED_IN_THERMOCEPTION",5,3,FALSE
"GOBP_DETECTION_OF_VISIBLE_LIGHT",30,10,FALSE
"GOBP_DETERMINATION_OF_ADULT_LIFESPAN",36,28,TRUE
"GOBP_DETERMINATION_OF_DIGESTIVE_TRACT_LEFT_RIGHT_ASYMMETRY",7,3,FALSE
"GOBP_DETERMINATION_OF_DORSAL_VENTRAL_ASYMMETRY",10,7,FALSE
"GOBP_DETERMINATION_OF_LEFT_RIGHT_ASYMMETRY_IN_LATERAL_MESODERM",9,6,FALSE
"GOBP_DETERMINATION_OF_LIVER_LEFT_RIGHT_ASYMMETRY",6,2,FALSE
"GOBP_DETERMINATION_OF_PANCREATIC_LEFT_RIGHT_ASYMMETRY",5,2,FALSE
"GOBP_DETOXIFICATION",144,100,TRUE
"GOBP_DETOXIFICATION_OF_CADMIUM_ION",5,5,FALSE
"GOBP_DETOXIFICATION_OF_COPPER_ION",7,5,FALSE
"GOBP_DETOXIFICATION_OF_INORGANIC_COMPOUND",15,11,FALSE
"GOBP_DETOXIFICATION_OF_NITROGEN_COMPOUND",5,2,FALSE
"GOBP_DEVELOPMENTAL_CELL_GROWTH",225,177,TRUE
"GOBP_DEVELOPMENTAL_GROWTH",676,505,FALSE
"GOBP_DEVELOPMENTAL_GROWTH_INVOLVED_IN_MORPHOGENESIS",239,186,TRUE
"GOBP_DEVELOPMENTAL_INDUCTION",35,19,TRUE
"GOBP_DEVELOPMENTAL_MATURATION",351,244,TRUE
"GOBP_DEVELOPMENTAL_PIGMENTATION",46,35,TRUE
"GOBP_DEVELOPMENTAL_PROCESS_INVOLVED_IN_REPRODUCTION",1044,623,FALSE
"GOBP_DEVELOPMENT_OF_PRIMARY_FEMALE_SEXUAL_CHARACTERISTICS",108,67,TRUE
"GOBP_DEVELOPMENT_OF_PRIMARY_SEXUAL_CHARACTERISTICS",225,138,TRUE
"GOBP_DEVELOPMENT_OF_SECONDARY_FEMALE_SEXUAL_CHARACTERISTICS",8,8,FALSE
"GOBP_DEVELOPMENT_OF_SECONDARY_SEXUAL_CHARACTERISTICS",11,10,FALSE
"GOBP_DE_NOVO_AMP_BIOSYNTHETIC_PROCESS",8,7,FALSE
"GOBP_DE_NOVO_CENTRIOLE_ASSEMBLY",4,2,FALSE
"GOBP_DE_NOVO_CENTRIOLE_ASSEMBLY_INVOLVED_IN_MULTI_CILIATED_EPITHELIAL_CELL_DIFFERENTIATION",4,2,FALSE
"GOBP_DE_NOVO_IMP_BIOSYNTHETIC_PROCESS",6,6,FALSE
"GOBP_DE_NOVO_NADPLUS_BIOSYNTHETIC_PROCESS_FROM_L_TRYPTOPHAN",10,5,FALSE
"GOBP_DE_NOVO_PROTEIN_FOLDING",12,11,FALSE
"GOBP_DE_NOVO_PYRIMIDINE_NUCLEOBASE_BIOSYNTHETIC_PROCESS",9,7,FALSE
"GOBP_DGMP_CATABOLIC_PROCESS",6,5,FALSE
"GOBP_DGMP_METABOLIC_PROCESS",7,6,FALSE
"GOBP_DIACYLGLYCEROL_BIOSYNTHETIC_PROCESS",8,7,FALSE
"GOBP_DIACYLGLYCEROL_CATABOLIC_PROCESS",6,4,FALSE
"GOBP_DIACYLGLYCEROL_METABOLIC_PROCESS",26,20,TRUE
"GOBP_DIADENOSINE_POLYPHOSPHATE_CATABOLIC_PROCESS",4,3,FALSE
"GOBP_DIADENOSINE_POLYPHOSPHATE_METABOLIC_PROCESS",6,5,FALSE
"GOBP_DIAPEDESIS",7,5,FALSE
"GOBP_DIAPHRAGM_DEVELOPMENT",9,6,FALSE
"GOBP_DICARBOXYLIC_ACID_BIOSYNTHETIC_PROCESS",13,9,FALSE
"GOBP_DICARBOXYLIC_ACID_CATABOLIC_PROCESS",16,14,FALSE
"GOBP_DICARBOXYLIC_ACID_METABOLIC_PROCESS",97,71,TRUE
"GOBP_DICARBOXYLIC_ACID_TRANSPORT",106,75,TRUE
"GOBP_DICHOTOMOUS_SUBDIVISION_OF_AN_EPITHELIAL_TERMINAL_UNIT",10,10,FALSE
"GOBP_DIENCEPHALON_DEVELOPMENT",80,39,TRUE
"GOBP_DIET_INDUCED_THERMOGENESIS",12,6,FALSE
"GOBP_DIGESTION",139,66,TRUE
"GOBP_DIGESTIVE_SYSTEM_DEVELOPMENT",147,100,TRUE
"GOBP_DIGESTIVE_SYSTEM_PROCESS",109,57,TRUE
"GOBP_DIGESTIVE_TRACT_MORPHOGENESIS",48,35,TRUE
"GOBP_DIOL_BIOSYNTHETIC_PROCESS",22,16,TRUE
"GOBP_DIOL_METABOLIC_PROCESS",31,24,TRUE
"GOBP_DIPEPTIDE_TRANSMEMBRANE_TRANSPORT",8,7,FALSE
"GOBP_DIPHOSPHOINOSITOL_POLYPHOSPHATE_METABOLIC_PROCESS",3,3,FALSE
"GOBP_DIRECT_OSSIFICATION",6,5,FALSE
"GOBP_DISACCHARIDE_CATABOLIC_PROCESS",4,0,FALSE
"GOBP_DISACCHARIDE_METABOLIC_PROCESS",8,3,FALSE
"GOBP_DISRUPTION_OF_ANATOMICAL_STRUCTURE_IN_ANOTHER_ORGANISM",107,48,TRUE
"GOBP_DISRUPTION_OF_CELLULAR_ANATOMICAL_STRUCTURE_IN_ANOTHER_ORGANISM",2,0,FALSE
"GOBP_DISTAL_CONVOLUTED_TUBULE_DEVELOPMENT",5,0,FALSE
"GOBP_DISTAL_TUBULE_DEVELOPMENT",12,5,FALSE
"GOBP_DITERPENOID_BIOSYNTHETIC_PROCESS",10,5,FALSE
"GOBP_DITERPENOID_METABOLIC_PROCESS",89,46,TRUE
"GOBP_DNA_ALKYLATION_REPAIR",11,10,FALSE
"GOBP_DNA_BIOSYNTHETIC_PROCESS",158,143,TRUE
"GOBP_DNA_CATABOLIC_PROCESS",32,23,TRUE
"GOBP_DNA_CONFORMATION_CHANGE",18,16,TRUE
"GOBP_DNA_CYTOSINE_DEAMINATION",3,2,FALSE
"GOBP_DNA_DAMAGE_RESPONSE",935,810,FALSE
"GOBP_DNA_DAMAGE_RESPONSE_SIGNAL_TRANSDUCTION_BY_P53_CLASS_MEDIATOR",78,62,TRUE
"GOBP_DNA_DAMAGE_TOLERANCE",36,32,TRUE
"GOBP_DNA_DEAMINATION",7,6,FALSE
"GOBP_DNA_DOUBLE_STRAND_BREAK_PROCESSING",20,16,TRUE
"GOBP_DNA_ENDOREDUPLICATION",5,5,FALSE
"GOBP_DNA_GEOMETRIC_CHANGE",8,7,FALSE
"GOBP_DNA_INTEGRATION",4,3,FALSE
"GOBP_DNA_INTEGRITY_CHECKPOINT_SIGNALING",129,115,TRUE
"GOBP_DNA_METABOLIC_PROCESS",998,828,FALSE
"GOBP_DNA_METHYLATION_DEPENDENT_CONSTITUTIVE_HETEROCHROMATIN_FORMATION",36,23,TRUE
"GOBP_DNA_MODIFICATION",23,22,TRUE
"GOBP_DNA_PROTECTION",6,5,FALSE
"GOBP_DNA_RECOMBINATION",346,257,TRUE
"GOBP_DNA_REPAIR",618,543,FALSE
"GOBP_DNA_REPAIR_COMPLEX_ASSEMBLY",7,6,FALSE
"GOBP_DNA_REPAIR_DEPENDENT_CHROMATIN_REMODELING",25,21,TRUE
"GOBP_DNA_REPLICATION",311,265,TRUE
"GOBP_DNA_REPLICATION_CHECKPOINT_SIGNALING",25,22,TRUE
"GOBP_DNA_REPLICATION_DEPENDENT_CHROMATIN_ASSEMBLY",6,5,FALSE
"GOBP_DNA_REPLICATION_INITIATION",42,37,TRUE
"GOBP_DNA_REPLICATION_SYNTHESIS_OF_PRIMER",6,5,FALSE
"GOBP_DNA_STRAND_ELONGATION",37,35,TRUE
"GOBP_DNA_STRAND_ELONGATION_INVOLVED_IN_DNA_REPLICATION",15,14,FALSE
"GOBP_DNA_STRAND_INVASION",7,4,FALSE
"GOBP_DNA_STRAND_RESECTION_INVOLVED_IN_REPLICATION_FORK_PROCESSING",10,9,FALSE
"GOBP_DNA_SYNTHESIS_INVOLVED_IN_DNA_REPAIR",17,15,TRUE
"GOBP_DNA_SYNTHESIS_INVOLVED_IN_DNA_REPLICATION",27,25,TRUE
"GOBP_DNA_TEMPLATED_DNA_REPLICATION",167,147,TRUE
"GOBP_DNA_TEMPLATED_DNA_REPLICATION_MAINTENANCE_OF_FIDELITY",63,56,TRUE
"GOBP_DNA_TEMPLATED_TRANSCRIPTION_ELONGATION",161,143,TRUE
"GOBP_DNA_TEMPLATED_TRANSCRIPTION_INITIATION",247,211,TRUE
"GOBP_DNA_TEMPLATED_TRANSCRIPTION_TERMINATION",47,41,TRUE
"GOBP_DNA_TOPOLOGICAL_CHANGE",10,8,FALSE
"GOBP_DOLICHOL_LINKED_OLIGOSACCHARIDE_BIOSYNTHETIC_PROCESS",18,17,TRUE
"GOBP_DOLICHYL_MONOPHOSPHATE_BIOSYNTHETIC_PROCESS",10,7,FALSE
"GOBP_DOPAMINERGIC_NEURON_AXON_GUIDANCE",6,5,FALSE
"GOBP_DOPAMINERGIC_NEURON_DIFFERENTIATION",38,19,TRUE
"GOBP_DOPAMINE_BIOSYNTHETIC_PROCESS",13,9,FALSE
"GOBP_DOPAMINE_METABOLIC_PROCESS",42,28,TRUE
"GOBP_DOPAMINE_SECRETION",28,16,TRUE
"GOBP_DOPAMINE_TRANSPORT",43,23,TRUE
"GOBP_DORSAL_AORTA_DEVELOPMENT",10,8,FALSE
"GOBP_DORSAL_AORTA_MORPHOGENESIS",8,7,FALSE
"GOBP_DORSAL_ROOT_GANGLION_DEVELOPMENT",7,6,FALSE
"GOBP_DORSAL_SPINAL_CORD_DEVELOPMENT",21,7,FALSE
"GOBP_DORSAL_VENTRAL_AXIS_SPECIFICATION",14,8,FALSE
"GOBP_DORSAL_VENTRAL_NEURAL_TUBE_PATTERNING",14,10,FALSE
"GOBP_DORSAL_VENTRAL_PATTERN_FORMATION",89,49,TRUE
"GOBP_DOSAGE_COMPENSATION_BY_INACTIVATION_OF_X_CHROMOSOME",22,20,TRUE
"GOBP_DOUBLE_STRAND_BREAK_REPAIR",319,273,TRUE
"GOBP_DOUBLE_STRAND_BREAK_REPAIR_INVOLVED_IN_MEIOTIC_RECOMBINATION",12,5,FALSE
"GOBP_DOUBLE_STRAND_BREAK_REPAIR_VIA_ALTERNATIVE_NONHOMOLOGOUS_END_JOINING",9,8,FALSE
"GOBP_DOUBLE_STRAND_BREAK_REPAIR_VIA_BREAK_INDUCED_REPLICATION",12,10,FALSE
"GOBP_DOUBLE_STRAND_BREAK_REPAIR_VIA_CLASSICAL_NONHOMOLOGOUS_END_JOINING",10,10,FALSE
"GOBP_DOUBLE_STRAND_BREAK_REPAIR_VIA_NONHOMOLOGOUS_END_JOINING",75,67,TRUE
"GOBP_DOUBLE_STRAND_BREAK_REPAIR_VIA_SINGLE_STRAND_ANNEALING",7,7,FALSE
"GOBP_DOUBLE_STRAND_BREAK_REPAIR_VIA_SYNTHESIS_DEPENDENT_STRAND_ANNEALING",11,10,FALSE
"GOBP_DRINKING_BEHAVIOR",19,7,FALSE
"GOBP_DTMP_CATABOLIC_PROCESS",5,3,FALSE
"GOBP_DTMP_METABOLIC_PROCESS",9,7,FALSE
"GOBP_DTTP_BIOSYNTHETIC_PROCESS",5,4,FALSE
"GOBP_DUCTUS_ARTERIOSUS_CLOSURE",5,3,FALSE
"GOBP_DUMP_CATABOLIC_PROCESS",7,5,FALSE
"GOBP_DUMP_METABOLIC_PROCESS",9,7,FALSE
"GOBP_D_AMINO_ACID_TRANSPORT",6,3,FALSE
"GOBP_D_ASPARTATE_TRANSMEMBRANE_TRANSPORT",5,3,FALSE
"GOBP_D_GLUCOSE_IMPORT",76,53,TRUE
"GOBP_D_GLUCURONATE_CATABOLIC_PROCESS_TO_D_XYLULOSE_5_PHOSPHATE",5,4,FALSE
"GOBP_D_XYLULOSE_5_PHOSPHATE_METABOLIC_PROCESS",6,5,FALSE
"GOBP_EARLY_ENDOSOME_TO_GOLGI_TRANSPORT",17,14,FALSE
"GOBP_EARLY_ENDOSOME_TO_RECYCLING_ENDOSOME_TRANSPORT",7,6,FALSE
"GOBP_EAR_DEVELOPMENT",236,156,TRUE
"GOBP_EAR_MORPHOGENESIS",136,84,TRUE
"GOBP_EATING_BEHAVIOR",46,20,TRUE
"GOBP_ECTODERMAL_CELL_DIFFERENTIATION",7,6,FALSE
"GOBP_ECTODERMAL_PLACODE_DEVELOPMENT",15,13,FALSE
"GOBP_ECTODERM_DEVELOPMENT",23,19,TRUE
"GOBP_ECTOPIC_GERM_CELL_PROGRAMMED_CELL_DEATH",6,5,FALSE
"GOBP_EGG_ACTIVATION",12,5,FALSE
"GOBP_ELASTIC_FIBER_ASSEMBLY",10,9,FALSE
"GOBP_ELASTIN_CATABOLIC_PROCESS",4,3,FALSE
"GOBP_ELASTIN_METABOLIC_PROCESS",6,4,FALSE
"GOBP_ELECTRON_TRANSPORT_CHAIN",119,87,TRUE
"GOBP_EMBRYONIC_APPENDAGE_MORPHOGENESIS",128,90,TRUE
"GOBP_EMBRYONIC_AXIS_SPECIFICATION",42,22,TRUE
"GOBP_EMBRYONIC_BODY_MORPHOGENESIS",8,7,FALSE
"GOBP_EMBRYONIC_BRAIN_DEVELOPMENT",20,16,TRUE
"GOBP_EMBRYONIC_CAMERA_TYPE_EYE_DEVELOPMENT",38,31,TRUE
"GOBP_EMBRYONIC_CAMERA_TYPE_EYE_FORMATION",11,9,FALSE
"GOBP_EMBRYONIC_CAMERA_TYPE_EYE_MORPHOGENESIS",25,19,TRUE
"GOBP_EMBRYONIC_CLEAVAGE",8,7,FALSE
"GOBP_EMBRYONIC_CRANIAL_SKELETON_MORPHOGENESIS",43,33,TRUE
"GOBP_EMBRYONIC_DIGESTIVE_TRACT_DEVELOPMENT",33,25,TRUE
"GOBP_EMBRYONIC_DIGESTIVE_TRACT_MORPHOGENESIS",18,11,FALSE
"GOBP_EMBRYONIC_DIGIT_MORPHOGENESIS",61,48,TRUE
"GOBP_EMBRYONIC_EPITHELIAL_TUBE_FORMATION",126,102,TRUE
"GOBP_EMBRYONIC_EYE_MORPHOGENESIS",34,26,TRUE
"GOBP_EMBRYONIC_FORELIMB_MORPHOGENESIS",32,20,TRUE
"GOBP_EMBRYONIC_HEART_TUBE_DEVELOPMENT",87,62,TRUE
"GOBP_EMBRYONIC_HEART_TUBE_LEFT_RIGHT_PATTERN_FORMATION",6,4,FALSE
"GOBP_EMBRYONIC_HEART_TUBE_MORPHOGENESIS",70,48,TRUE
"GOBP_EMBRYONIC_HEMOPOIESIS",24,19,TRUE
"GOBP_EMBRYONIC_HINDLIMB_MORPHOGENESIS",28,17,TRUE
"GOBP_EMBRYONIC_MORPHOGENESIS",620,437,TRUE
"GOBP_EMBRYONIC_NEUROCRANIUM_MORPHOGENESIS",8,6,FALSE
"GOBP_EMBRYONIC_OLFACTORY_BULB_INTERNEURON_PRECURSOR_MIGRATION",5,4,FALSE
"GOBP_EMBRYONIC_ORGAN_DEVELOPMENT",462,326,TRUE
"GOBP_EMBRYONIC_ORGAN_MORPHOGENESIS",304,201,TRUE
"GOBP_EMBRYONIC_PATTERN_SPECIFICATION",75,44,TRUE
"GOBP_EMBRYONIC_PLACENTA_DEVELOPMENT",88,64,TRUE
"GOBP_EMBRYONIC_PLACENTA_MORPHOGENESIS",26,20,TRUE
"GOBP_EMBRYONIC_PROCESS_INVOLVED_IN_FEMALE_PREGNANCY",8,5,FALSE
"GOBP_EMBRYONIC_RETINA_MORPHOGENESIS_IN_CAMERA_TYPE_EYE",7,5,FALSE
"GOBP_EMBRYONIC_SKELETAL_JOINT_DEVELOPMENT",16,11,FALSE
"GOBP_EMBRYONIC_SKELETAL_JOINT_MORPHOGENESIS",12,9,FALSE
"GOBP_EMBRYONIC_SKELETAL_SYSTEM_DEVELOPMENT",137,93,TRUE
"GOBP_EMBRYONIC_SKELETAL_SYSTEM_MORPHOGENESIS",94,65,TRUE
"GOBP_EMBRYONIC_VISCEROCRANIUM_MORPHOGENESIS",10,8,FALSE
"GOBP_EMBRYO_DEVELOPMENT",1143,843,FALSE
"GOBP_EMBRYO_DEVELOPMENT_ENDING_IN_BIRTH_OR_EGG_HATCHING",707,529,FALSE
"GOBP_EMBRYO_IMPLANTATION",62,53,TRUE
"GOBP_ENAMEL_MINERALIZATION",20,13,FALSE
"GOBP_ENDOCANNABINOID_SIGNALING_PATHWAY",7,3,FALSE
"GOBP_ENDOCARDIAL_CELL_DIFFERENTIATION",6,6,FALSE
"GOBP_ENDOCARDIAL_CUSHION_DEVELOPMENT",55,40,TRUE
"GOBP_ENDOCARDIAL_CUSHION_FORMATION",31,24,TRUE
"GOBP_ENDOCARDIAL_CUSHION_FUSION",5,3,FALSE
"GOBP_ENDOCARDIAL_CUSHION_MORPHOGENESIS",44,32,TRUE
"GOBP_ENDOCARDIAL_CUSHION_TO_MESENCHYMAL_TRANSITION",6,6,FALSE
"GOBP_ENDOCARDIUM_DEVELOPMENT",12,11,FALSE
"GOBP_ENDOCARDIUM_MORPHOGENESIS",6,5,FALSE
"GOBP_ENDOCHONDRAL_BONE_MORPHOGENESIS",63,51,TRUE
"GOBP_ENDOCRINE_HORMONE_SECRETION",61,39,TRUE
"GOBP_ENDOCRINE_PANCREAS_DEVELOPMENT",41,22,TRUE
"GOBP_ENDOCRINE_PROCESS",106,71,TRUE
"GOBP_ENDOCRINE_SYSTEM_DEVELOPMENT",130,71,TRUE
"GOBP_ENDOCYTIC_RECYCLING",104,92,TRUE
"GOBP_ENDOCYTOSIS",709,592,FALSE
"GOBP_ENDOCYTOSIS_INVOLVED_IN_VIRAL_ENTRY_INTO_HOST_CELL",15,10,FALSE
"GOBP_ENDODERMAL_CELL_DIFFERENTIATION",47,37,TRUE
"GOBP_ENDODERMAL_CELL_FATE_COMMITMENT",15,8,FALSE
"GOBP_ENDODERMAL_CELL_FATE_SPECIFICATION",8,2,FALSE
"GOBP_ENDODERM_DEVELOPMENT",82,61,TRUE
"GOBP_ENDODERM_FORMATION",56,42,TRUE
"GOBP_ENDOLYSOSOMAL_TOLL_LIKE_RECEPTOR_SIGNALING_PATHWAY",51,43,TRUE
"GOBP_ENDOMEMBRANE_SYSTEM_ORGANIZATION",618,502,FALSE
"GOBP_ENDONUCLEOLYTIC_CLEAVAGE_IN_5_ETS_OF_TRICISTRONIC_RRNA_TRANSCRIPT_SSU_RRNA_5_8S_RRNA_LSU_RRNA",8,7,FALSE
"GOBP_ENDONUCLEOLYTIC_CLEAVAGE_IN_ITS1_TO_SEPARATE_SSU_RRNA_FROM_5_8S_RRNA_AND_LSU_RRNA_FROM_TRICISTRONIC_RRNA_TRANSCRIPT_SSU_RRNA_5_8S_RRNA_LSU_RRNA",10,10,FALSE
"GOBP_ENDONUCLEOLYTIC_CLEAVAGE_OF_TRICISTRONIC_RRNA_TRANSCRIPT_SSU_RRNA_5_8S_RRNA_LSU_RRNA",23,22,TRUE
"GOBP_ENDOPLASMIC_RETICULUM_CALCIUM_ION_HOMEOSTASIS",24,21,TRUE
"GOBP_ENDOPLASMIC_RETICULUM_LOCALIZATION",9,7,FALSE
"GOBP_ENDOPLASMIC_RETICULUM_MEMBRANE_FUSION",5,5,FALSE
"GOBP_ENDOPLASMIC_RETICULUM_MEMBRANE_ORGANIZATION",17,17,TRUE
"GOBP_ENDOPLASMIC_RETICULUM_ORGANIZATION",100,88,TRUE
"GOBP_ENDOPLASMIC_RETICULUM_PLASMA_MEMBRANE_TETHERING",6,6,FALSE
"GOBP_ENDOPLASMIC_RETICULUM_TO_CYTOSOL_TRANSPORT",29,25,TRUE
"GOBP_ENDOPLASMIC_RETICULUM_TO_GOLGI_VESICLE_MEDIATED_TRANSPORT",133,114,TRUE
"GOBP_ENDOPLASMIC_RETICULUM_TUBULAR_NETWORK_FORMATION",6,6,FALSE
"GOBP_ENDOPLASMIC_RETICULUM_TUBULAR_NETWORK_MEMBRANE_ORGANIZATION",8,8,FALSE
"GOBP_ENDOPLASMIC_RETICULUM_TUBULAR_NETWORK_ORGANIZATION",23,22,TRUE
"GOBP_ENDOSOMAL_LUMEN_ACIDIFICATION",14,10,FALSE
"GOBP_ENDOSOMAL_TRANSPORT",306,280,TRUE
"GOBP_ENDOSOMAL_VESICLE_FUSION",15,14,FALSE
"GOBP_ENDOSOME_MEMBRANE_TUBULATION",8,8,FALSE
"GOBP_ENDOSOME_ORGANIZATION",102,91,TRUE
"GOBP_ENDOSOME_TO_LYSOSOME_TRANSPORT",69,64,TRUE
"GOBP_ENDOSOME_TO_LYSOSOME_TRANSPORT_VIA_MULTIVESICULAR_BODY_SORTING_PATHWAY",18,16,TRUE
"GOBP_ENDOSOME_TO_PLASMA_MEMBRANE_PROTEIN_TRANSPORT",19,16,TRUE
"GOBP_ENDOTHELIAL_CELL_ACTIVATION",9,8,FALSE
"GOBP_ENDOTHELIAL_CELL_APOPTOTIC_PROCESS",62,45,TRUE
"GOBP_ENDOTHELIAL_CELL_CHEMOTAXIS",30,22,TRUE
"GOBP_ENDOTHELIAL_CELL_DEVELOPMENT",72,58,TRUE
"GOBP_ENDOTHELIAL_CELL_DIFFERENTIATION",116,92,TRUE
"GOBP_ENDOTHELIAL_CELL_FATE_COMMITMENT",8,7,FALSE
"GOBP_ENDOTHELIAL_CELL_MATRIX_ADHESION",9,7,FALSE
"GOBP_ENDOTHELIAL_CELL_MIGRATION",227,196,TRUE
"GOBP_ENDOTHELIAL_CELL_MORPHOGENESIS",15,11,FALSE
"GOBP_ENDOTHELIAL_CELL_PROLIFERATION",151,126,TRUE
"GOBP_ENDOTHELIN_RECEPTOR_SIGNALING_PATHWAY",12,11,FALSE
"GOBP_ENDOTHELIUM_DEVELOPMENT",141,116,TRUE
"GOBP_ENERGY_HOMEOSTASIS",96,70,TRUE
"GOBP_ENERGY_RESERVE_METABOLIC_PROCESS",97,81,TRUE
"GOBP_ENGULFMENT_OF_APOPTOTIC_CELL",12,11,FALSE
"GOBP_ENSHEATHMENT_OF_NEURONS",152,135,TRUE
"GOBP_ENTERIC_NERVOUS_SYSTEM_DEVELOPMENT",14,10,FALSE
"GOBP_ENTEROENDOCRINE_CELL_DIFFERENTIATION",30,20,TRUE
"GOBP_ENTRAINMENT_OF_CIRCADIAN_CLOCK",28,22,TRUE
"GOBP_ENTRAINMENT_OF_CIRCADIAN_CLOCK_BY_PHOTOPERIOD",23,19,TRUE
"GOBP_ENUCLEATE_ERYTHROCYTE_DEVELOPMENT",8,7,FALSE
"GOBP_ENUCLEATE_ERYTHROCYTE_DIFFERENTIATION",14,12,FALSE
"GOBP_ENUCLEATE_ERYTHROCYTE_MATURATION",6,5,FALSE
"GOBP_ENZYME_DIRECTED_RRNA_PSEUDOURIDINE_SYNTHESIS",6,5,FALSE
"GOBP_ENZYME_LINKED_RECEPTOR_PROTEIN_SIGNALING_PATHWAY",1018,792,FALSE
"GOBP_EOSINOPHIL_ACTIVATION",8,7,FALSE
"GOBP_EOSINOPHIL_CHEMOTAXIS",17,9,FALSE
"GOBP_EOSINOPHIL_DIFFERENTIATION",7,4,FALSE
"GOBP_EOSINOPHIL_MEDIATED_IMMUNITY",8,7,FALSE
"GOBP_EOSINOPHIL_MIGRATION",21,12,FALSE
"GOBP_EPHRIN_RECEPTOR_SIGNALING_PATHWAY",52,41,TRUE
"GOBP_EPIBOLY",40,35,TRUE
"GOBP_EPIDERMAL_CELL_DIFFERENTIATION",209,119,TRUE
"GOBP_EPIDERMIS_DEVELOPMENT",350,215,TRUE
"GOBP_EPIDERMIS_MORPHOGENESIS",35,22,TRUE
"GOBP_EPIGENETIC_PROGRAMMING_IN_THE_ZYGOTIC_PRONUCLEI",16,8,FALSE
"GOBP_EPIGENETIC_PROGRAMMING_OF_GENE_EXPRESSION",35,24,TRUE
"GOBP_EPIGENETIC_REGULATION_OF_GENE_EXPRESSION",304,242,TRUE
"GOBP_EPINEPHRINE_METABOLIC_PROCESS",4,2,FALSE
"GOBP_EPINEPHRINE_SECRETION",7,2,FALSE
"GOBP_EPINEPHRINE_TRANSPORT",11,3,FALSE
"GOBP_EPITHELIAL_CELL_APOPTOTIC_PROCESS",55,42,TRUE
"GOBP_EPITHELIAL_CELL_CELL_ADHESION",17,12,FALSE
"GOBP_EPITHELIAL_CELL_DEVELOPMENT",216,157,TRUE
"GOBP_EPITHELIAL_CELL_DIFFERENTIATION",691,429,TRUE
"GOBP_EPITHELIAL_CELL_DIFFERENTIATION_INVOLVED_IN_KIDNEY_DEVELOPMENT",49,35,TRUE
"GOBP_EPITHELIAL_CELL_DIFFERENTIATION_INVOLVED_IN_PROSTATE_GLAND_DEVELOPMENT",11,6,FALSE
"GOBP_EPITHELIAL_CELL_FATE_COMMITMENT",12,10,FALSE
"GOBP_EPITHELIAL_CELL_MATURATION",17,8,FALSE
"GOBP_EPITHELIAL_CELL_MORPHOGENESIS",38,27,TRUE
"GOBP_EPITHELIAL_CELL_PROLIFERATION",405,305,TRUE
"GOBP_EPITHELIAL_CELL_PROLIFERATION_INVOLVED_IN_LUNG_MORPHOGENESIS",12,10,FALSE
"GOBP_EPITHELIAL_CELL_PROLIFERATION_INVOLVED_IN_MAMMARY_GLAND_DUCT_ELONGATION",5,5,FALSE
"GOBP_EPITHELIAL_CELL_PROLIFERATION_INVOLVED_IN_PROSTATE_GLAND_DEVELOPMENT",11,6,FALSE
"GOBP_EPITHELIAL_CELL_PROLIFERATION_INVOLVED_IN_SALIVARY_GLAND_MORPHOGENESIS",5,2,FALSE
"GOBP_EPITHELIAL_CILIUM_MOVEMENT_INVOLVED_IN_DETERMINATION_OF_LEFT_RIGHT_ASYMMETRY",12,8,FALSE
"GOBP_EPITHELIAL_FLUID_TRANSPORT",13,9,FALSE
"GOBP_EPITHELIAL_MESENCHYMAL_CELL_SIGNALING",5,5,FALSE
"GOBP_EPITHELIAL_STRUCTURE_MAINTENANCE",39,22,TRUE
"GOBP_EPITHELIAL_TO_MESENCHYMAL_TRANSITION",165,128,TRUE
"GOBP_EPITHELIAL_TO_MESENCHYMAL_TRANSITION_INVOLVED_IN_ENDOCARDIAL_CUSHION_FORMATION",18,14,FALSE
"GOBP_EPITHELIAL_TUBE_BRANCHING_INVOLVED_IN_LUNG_MORPHOGENESIS",31,20,TRUE
"GOBP_EPITHELIAL_TUBE_MORPHOGENESIS",336,252,TRUE
"GOBP_EPITHELIUM_DEVELOPMENT",1188,806,FALSE
"GOBP_EPOXIDE_METABOLIC_PROCESS",5,4,FALSE
"GOBP_EPOXYGENASE_P450_PATHWAY",14,2,FALSE
"GOBP_EQUILIBRIOCEPTION",8,2,FALSE
"GOBP_ERAD_PATHWAY",111,97,TRUE
"GOBP_ERBB2_EGFR_SIGNALING_PATHWAY",8,7,FALSE
"GOBP_ERBB2_ERBB4_SIGNALING_PATHWAY",5,4,FALSE
"GOBP_ERBB2_SIGNALING_PATHWAY",23,21,TRUE
"GOBP_ERBB3_SIGNALING_PATHWAY",10,10,FALSE
"GOBP_ERBB4_ERBB4_SIGNALING_PATHWAY",6,4,FALSE
"GOBP_ERBB4_SIGNALING_PATHWAY",10,7,FALSE
"GOBP_ERBB_SIGNALING_PATHWAY",145,121,TRUE
"GOBP_ERK1_AND_ERK2_CASCADE",312,230,TRUE
"GOBP_ERK5_CASCADE",5,4,FALSE
"GOBP_ERROR_FREE_TRANSLESION_SYNTHESIS",5,5,FALSE
"GOBP_ERROR_PRONE_TRANSLESION_SYNTHESIS",12,12,FALSE
"GOBP_ERYTHROCYTE_DEVELOPMENT",48,36,TRUE
"GOBP_ERYTHROCYTE_HOMEOSTASIS",156,129,TRUE
"GOBP_ERYTHROCYTE_MATURATION",22,18,TRUE
"GOBP_ERYTHROPOIETIN_MEDIATED_SIGNALING_PATHWAY",5,4,FALSE
"GOBP_ER_NUCLEUS_SIGNALING_PATHWAY",54,51,TRUE
"GOBP_ER_OVERLOAD_RESPONSE",11,11,FALSE
"GOBP_ESCRT_COMPLEX_DISASSEMBLY",10,9,FALSE
"GOBP_ESTABLISHMENT_OF_BLOOD_BRAIN_BARRIER",16,12,FALSE
"GOBP_ESTABLISHMENT_OF_BLOOD_RETINAL_BARRIER",5,4,FALSE
"GOBP_ESTABLISHMENT_OF_CELL_POLARITY",159,136,TRUE
"GOBP_ESTABLISHMENT_OF_CENTROSOME_LOCALIZATION",6,5,FALSE
"GOBP_ESTABLISHMENT_OF_ENDOTHELIAL_BARRIER",54,44,TRUE
"GOBP_ESTABLISHMENT_OF_ENDOTHELIAL_INTESTINAL_BARRIER",15,13,FALSE
"GOBP_ESTABLISHMENT_OF_EPITHELIAL_CELL_APICAL_BASAL_POLARITY",17,13,FALSE
"GOBP_ESTABLISHMENT_OF_EPITHELIAL_CELL_POLARITY",30,23,TRUE
"GOBP_ESTABLISHMENT_OF_GOLGI_LOCALIZATION",8,7,FALSE
"GOBP_ESTABLISHMENT_OF_LEFT_RIGHT_ASYMMETRY",8,4,FALSE
"GOBP_ESTABLISHMENT_OF_LOCALIZATION_IN_CELL",1877,1567,FALSE
"GOBP_ESTABLISHMENT_OF_LYMPHOCYTE_POLARITY",16,15,TRUE
"GOBP_ESTABLISHMENT_OF_MEIOTIC_SISTER_CHROMATID_COHESION",6,2,FALSE
"GOBP_ESTABLISHMENT_OF_MEIOTIC_SPINDLE_LOCALIZATION",8,7,FALSE
"GOBP_ESTABLISHMENT_OF_MITOCHONDRION_LOCALIZATION",38,33,TRUE
"GOBP_ESTABLISHMENT_OF_MITOCHONDRION_LOCALIZATION_MICROTUBULE_MEDIATED",31,27,TRUE
"GOBP_ESTABLISHMENT_OF_MITOTIC_SISTER_CHROMATID_COHESION",7,7,FALSE
"GOBP_ESTABLISHMENT_OF_MITOTIC_SPINDLE_LOCALIZATION",39,33,TRUE
"GOBP_ESTABLISHMENT_OF_ORGANELLE_LOCALIZATION",403,336,TRUE
"GOBP_ESTABLISHMENT_OF_PIGMENT_GRANULE_LOCALIZATION",23,21,TRUE
"GOBP_ESTABLISHMENT_OF_PLANAR_POLARITY_OF_EMBRYONIC_EPITHELIUM",5,5,FALSE
"GOBP_ESTABLISHMENT_OF_PROTEIN_LOCALIZATION",1676,1381,FALSE
"GOBP_ESTABLISHMENT_OF_PROTEIN_LOCALIZATION_TO_CHROMATIN",9,7,FALSE
"GOBP_ESTABLISHMENT_OF_PROTEIN_LOCALIZATION_TO_CHROMOSOME",22,17,TRUE
"GOBP_ESTABLISHMENT_OF_PROTEIN_LOCALIZATION_TO_ENDOPLASMIC_RETICULUM",43,37,TRUE
"GOBP_ESTABLISHMENT_OF_PROTEIN_LOCALIZATION_TO_MEMBRANE",269,219,TRUE
"GOBP_ESTABLISHMENT_OF_PROTEIN_LOCALIZATION_TO_MITOCHONDRIAL_MEMBRANE",34,26,TRUE
"GOBP_ESTABLISHMENT_OF_PROTEIN_LOCALIZATION_TO_MITOCHONDRION",124,104,TRUE
"GOBP_ESTABLISHMENT_OF_PROTEIN_LOCALIZATION_TO_ORGANELLE",441,386,TRUE
"GOBP_ESTABLISHMENT_OF_PROTEIN_LOCALIZATION_TO_PEROXISOME",20,20,TRUE
"GOBP_ESTABLISHMENT_OF_PROTEIN_LOCALIZATION_TO_PLASMA_MEMBRANE",69,61,TRUE
"GOBP_ESTABLISHMENT_OF_PROTEIN_LOCALIZATION_TO_TELOMERE",12,9,FALSE
"GOBP_ESTABLISHMENT_OF_PROTEIN_LOCALIZATION_TO_VACUOLE",60,55,TRUE
"GOBP_ESTABLISHMENT_OF_RNA_LOCALIZATION",153,138,TRUE
"GOBP_ESTABLISHMENT_OF_SERTOLI_CELL_BARRIER",5,3,FALSE
"GOBP_ESTABLISHMENT_OF_SISTER_CHROMATID_COHESION",12,8,FALSE
"GOBP_ESTABLISHMENT_OF_SKIN_BARRIER",31,19,TRUE
"GOBP_ESTABLISHMENT_OF_SPINDLE_ORIENTATION",43,36,TRUE
"GOBP_ESTABLISHMENT_OF_TISSUE_POLARITY",29,27,TRUE
"GOBP_ESTABLISHMENT_OR_MAINTENANCE_OF_BIPOLAR_CELL_POLARITY",54,42,TRUE
"GOBP_ESTABLISHMENT_OR_MAINTENANCE_OF_CELL_POLARITY",234,201,TRUE
"GOBP_ESTABLISHMENT_OR_MAINTENANCE_OF_CELL_POLARITY_REGULATING_CELL_SHAPE",5,5,FALSE
"GOBP_ESTABLISHMENT_OR_MAINTENANCE_OF_CYTOSKELETON_POLARITY",8,7,FALSE
"GOBP_ESTABLISHMENT_OR_MAINTENANCE_OF_MONOPOLAR_CELL_POLARITY",25,20,TRUE
"GOBP_ESTABLISHMENT_OR_MAINTENANCE_OF_TRANSMEMBRANE_ELECTROCHEMICAL_GRADIENT",17,11,FALSE
"GOBP_ESTROGEN_BIOSYNTHETIC_PROCESS",11,6,FALSE
"GOBP_ESTROGEN_METABOLIC_PROCESS",32,17,TRUE
"GOBP_ESTROGEN_RECEPTOR_SIGNALING_PATHWAY",55,45,TRUE
"GOBP_ESTROUS_CYCLE",12,10,FALSE
"GOBP_ETHANOL_METABOLIC_PROCESS",11,4,FALSE
"GOBP_ETHER_BIOSYNTHETIC_PROCESS",13,11,FALSE
"GOBP_ETHER_CATABOLIC_PROCESS",5,4,FALSE
"GOBP_ETHER_LIPID_METABOLIC_PROCESS",24,20,TRUE
"GOBP_EXCITATORY_CHEMICAL_SYNAPTIC_TRANSMISSION",12,6,FALSE
"GOBP_EXCITATORY_SYNAPSE_ASSEMBLY",43,35,TRUE
"GOBP_EXCRETION",31,16,TRUE
"GOBP_EXECUTION_PHASE_OF_APOPTOSIS",76,57,TRUE
"GOBP_EXIT_FROM_MITOSIS",30,27,TRUE
"GOBP_EXOCRINE_PANCREAS_DEVELOPMENT",10,7,FALSE
"GOBP_EXOCRINE_SYSTEM_DEVELOPMENT",51,36,TRUE
"GOBP_EXOCYST_LOCALIZATION",6,5,FALSE
"GOBP_EXOCYTIC_PROCESS",95,77,TRUE
"GOBP_EXOCYTOSIS",369,280,TRUE
"GOBP_EXONUCLEOLYTIC_TRIMMING_TO_GENERATE_MATURE_3_END_OF_5_8S_RRNA_FROM_TRICISTRONIC_RRNA_TRANSCRIPT_SSU_RRNA_5_8S_RRNA_LSU_RRNA",9,9,FALSE
"GOBP_EXPLORATION_BEHAVIOR",42,27,TRUE
"GOBP_EXPORT_ACROSS_PLASMA_MEMBRANE",84,54,TRUE
"GOBP_EXPORT_FROM_CELL",934,662,FALSE
"GOBP_EXTERNAL_ENCAPSULATING_STRUCTURE_ORGANIZATION",332,260,TRUE
"GOBP_EXTRACELLULAR_EXOSOME_ASSEMBLY",7,7,FALSE
"GOBP_EXTRACELLULAR_MATRIX_ASSEMBLY",43,39,TRUE
"GOBP_EXTRACELLULAR_MATRIX_CELL_SIGNALING",5,4,FALSE
"GOBP_EXTRACELLULAR_MATRIX_CONSTITUENT_SECRETION",10,8,FALSE
"GOBP_EXTRACELLULAR_MATRIX_DISASSEMBLY",66,49,TRUE
"GOBP_EXTRACELLULAR_REGULATION_OF_SIGNAL_TRANSDUCTION",12,7,FALSE
"GOBP_EXTRACELLULAR_TRANSPORT",52,29,TRUE
"GOBP_EXTRACELLULAR_VESICLE_BIOGENESIS",25,23,TRUE
"GOBP_EXTRAEMBRYONIC_MEMBRANE_DEVELOPMENT",13,12,FALSE
"GOBP_EXTRAOCULAR_SKELETAL_MUSCLE_DEVELOPMENT",5,3,FALSE
"GOBP_EXTRASYNAPTIC_SIGNALING_VIA_GABA",8,0,FALSE
"GOBP_EXTRATHYMIC_T_CELL_DIFFERENTIATION",2,2,FALSE
"GOBP_EXTRINSIC_APOPTOTIC_SIGNALING_PATHWAY",233,183,TRUE
"GOBP_EXTRINSIC_APOPTOTIC_SIGNALING_PATHWAY_VIA_DEATH_DOMAIN_RECEPTORS",86,69,TRUE
"GOBP_EYELID_DEVELOPMENT_IN_CAMERA_TYPE_EYE",14,13,FALSE
"GOBP_EYE_MORPHOGENESIS",169,118,TRUE
"GOBP_EYE_PHOTORECEPTOR_CELL_DEVELOPMENT",38,20,TRUE
"GOBP_EYE_PHOTORECEPTOR_CELL_DIFFERENTIATION",52,30,TRUE
"GOBP_EYE_PIGMENTATION",7,3,FALSE
"GOBP_FACE_DEVELOPMENT",53,44,TRUE
"GOBP_FACE_MORPHOGENESIS",33,26,TRUE
"GOBP_FACIAL_NERVE_MORPHOGENESIS",11,10,FALSE
"GOBP_FACIAL_NERVE_STRUCTURAL_ORGANIZATION",9,8,FALSE
"GOBP_FACULTATIVE_HETEROCHROMATIN_FORMATION",16,16,TRUE
"GOBP_FARNESYL_DIPHOSPHATE_BIOSYNTHETIC_PROCESS",10,9,FALSE
"GOBP_FARNESYL_DIPHOSPHATE_METABOLIC_PROCESS",12,11,FALSE
"GOBP_FAS_SIGNALING_PATHWAY",10,9,FALSE
"GOBP_FATTY_ACID_ALPHA_OXIDATION",7,4,FALSE
"GOBP_FATTY_ACID_BETA_OXIDATION",73,59,TRUE
"GOBP_FATTY_ACID_BETA_OXIDATION_USING_ACYL_COA_DEHYDROGENASE",12,11,FALSE
"GOBP_FATTY_ACID_BETA_OXIDATION_USING_ACYL_COA_OXIDASE",15,10,FALSE
"GOBP_FATTY_ACID_BIOSYNTHETIC_PROCESS",170,124,TRUE
"GOBP_FATTY_ACID_CATABOLIC_PROCESS",103,80,TRUE
"GOBP_FATTY_ACID_DERIVATIVE_BIOSYNTHETIC_PROCESS",46,38,TRUE
"GOBP_FATTY_ACID_DERIVATIVE_CATABOLIC_PROCESS",19,12,FALSE
"GOBP_FATTY_ACID_DERIVATIVE_METABOLIC_PROCESS",78,60,TRUE
"GOBP_FATTY_ACID_ELONGATION",14,13,FALSE
"GOBP_FATTY_ACID_ELONGATION_SATURATED_FATTY_ACID",8,7,FALSE
"GOBP_FATTY_ACID_HOMEOSTASIS",17,13,FALSE
"GOBP_FATTY_ACID_METABOLIC_PROCESS",399,294,TRUE
"GOBP_FATTY_ACID_OMEGA_OXIDATION",6,2,FALSE
"GOBP_FATTY_ACID_TRANSMEMBRANE_TRANSPORT",20,16,TRUE
"GOBP_FATTY_ACID_TRANSPORT",115,68,TRUE
"GOBP_FATTY_ACYL_COA_BIOSYNTHETIC_PROCESS",27,24,TRUE
"GOBP_FATTY_ACYL_COA_CATABOLIC_PROCESS",6,5,FALSE
"GOBP_FATTY_ACYL_COA_METABOLIC_PROCESS",44,38,TRUE
"GOBP_FAT_CELL_DIFFERENTIATION",253,196,TRUE
"GOBP_FAT_CELL_PROLIFERATION",20,14,FALSE
"GOBP_FAT_PAD_DEVELOPMENT",10,7,FALSE
"GOBP_FAT_SOLUBLE_VITAMIN_BIOSYNTHETIC_PROCESS",14,7,FALSE
"GOBP_FAT_SOLUBLE_VITAMIN_CATABOLIC_PROCESS",13,6,FALSE
"GOBP_FC_EPSILON_RECEPTOR_SIGNALING_PATHWAY",28,23,TRUE
"GOBP_FC_GAMMA_RECEPTOR_SIGNALING_PATHWAY",34,29,TRUE
"GOBP_FC_RECEPTOR_MEDIATED_INHIBITORY_SIGNALING_PATHWAY",5,3,FALSE
"GOBP_FC_RECEPTOR_MEDIATED_STIMULATORY_SIGNALING_PATHWAY",35,31,TRUE
"GOBP_FC_RECEPTOR_SIGNALING_PATHWAY",60,49,TRUE
"GOBP_FEAR_RESPONSE",54,31,TRUE
"GOBP_FEEDING_BEHAVIOR",111,54,TRUE
"GOBP_FEMALE_GAMETE_GENERATION",166,97,TRUE
"GOBP_FEMALE_GENITALIA_DEVELOPMENT",19,14,FALSE
"GOBP_FEMALE_MATING_BEHAVIOR",9,5,FALSE
"GOBP_FEMALE_MEIOSIS_CHROMOSOME_SEGREGATION",6,5,FALSE
"GOBP_FEMALE_MEIOSIS_I",12,7,FALSE
"GOBP_FEMALE_MEIOTIC_NUCLEAR_DIVISION",43,32,TRUE
"GOBP_FEMALE_SEX_DIFFERENTIATION",123,78,TRUE
"GOBP_FERMENTATION",4,4,FALSE
"GOBP_FERROPTOSIS",30,28,TRUE
"GOBP_FERTILIZATION",221,108,TRUE
"GOBP_FEVER_GENERATION",10,6,FALSE
"GOBP_FIBRINOLYSIS",27,15,TRUE
"GOBP_FIBROBLAST_ACTIVATION",17,13,FALSE
"GOBP_FIBROBLAST_APOPTOTIC_PROCESS",17,16,TRUE
"GOBP_FIBROBLAST_GROWTH_FACTOR_PRODUCTION",7,7,FALSE
"GOBP_FIBROBLAST_GROWTH_FACTOR_RECEPTOR_SIGNALING_PATHWAY",86,56,TRUE
"GOBP_FIBROBLAST_MIGRATION",50,48,TRUE
"GOBP_FIBROBLAST_PROLIFERATION",86,70,TRUE
"GOBP_FILOPODIUM_ASSEMBLY",69,59,TRUE
"GOBP_FLAVIN_CONTAINING_COMPOUND_METABOLIC_PROCESS",5,5,FALSE
"GOBP_FLAVONE_METABOLIC_PROCESS",2,0,FALSE
"GOBP_FLAVONOID_METABOLIC_PROCESS",5,1,FALSE
"GOBP_FLOOR_PLATE_DEVELOPMENT",10,7,FALSE
"GOBP_FLUID_TRANSPORT",37,20,TRUE
"GOBP_FOAM_CELL_DIFFERENTIATION",40,28,TRUE
"GOBP_FOCAL_ADHESION_ASSEMBLY",86,81,TRUE
"GOBP_FOLIC_ACID_CONTAINING_COMPOUND_BIOSYNTHETIC_PROCESS",9,7,FALSE
"GOBP_FOLIC_ACID_CONTAINING_COMPOUND_METABOLIC_PROCESS",26,23,TRUE
"GOBP_FOLIC_ACID_METABOLIC_PROCESS",14,12,FALSE
"GOBP_FOLIC_ACID_TRANSPORT",9,8,FALSE
"GOBP_FOLLICLE_STIMULATING_HORMONE_SECRETION",8,5,FALSE
"GOBP_FOREBRAIN_CELL_MIGRATION",64,47,TRUE
"GOBP_FOREBRAIN_DEVELOPMENT",407,281,TRUE
"GOBP_FOREBRAIN_DORSAL_VENTRAL_PATTERN_FORMATION",7,2,FALSE
"GOBP_FOREBRAIN_GENERATION_OF_NEURONS",88,55,TRUE
"GOBP_FOREBRAIN_MORPHOGENESIS",13,5,FALSE
"GOBP_FOREBRAIN_NEUROBLAST_DIVISION",5,4,FALSE
"GOBP_FOREBRAIN_NEURON_DEVELOPMENT",38,24,TRUE
"GOBP_FOREBRAIN_NEURON_FATE_COMMITMENT",8,3,FALSE
"GOBP_FOREBRAIN_RADIAL_GLIAL_CELL_DIFFERENTIATION",6,6,FALSE
"GOBP_FOREBRAIN_REGIONALIZATION",24,8,FALSE
"GOBP_FOREBRAIN_VENTRICULAR_ZONE_PROGENITOR_CELL_DIVISION",6,3,FALSE
"GOBP_FOREGUT_MORPHOGENESIS",11,10,FALSE
"GOBP_FORELIMB_MORPHOGENESIS",39,23,TRUE
"GOBP_FORMATE_METABOLIC_PROCESS",8,4,FALSE
"GOBP_FORMATION_OF_ANATOMICAL_BOUNDARY",7,4,FALSE
"GOBP_FORMATION_OF_CYTOPLASMIC_TRANSLATION_INITIATION_COMPLEX",14,13,FALSE
"GOBP_FORMATION_OF_EXTRACHROMOSOMAL_CIRCULAR_DNA",14,14,FALSE
"GOBP_FORMATION_OF_PRIMARY_GERM_LAYER",123,91,TRUE
"GOBP_FORMATION_OF_TRANSLATION_PREINITIATION_COMPLEX",11,9,FALSE
"GOBP_FREE_UBIQUITIN_CHAIN_POLYMERIZATION",9,7,FALSE
"GOBP_FRUCTOSE_1_6_BISPHOSPHATE_METABOLIC_PROCESS",7,5,FALSE
"GOBP_FRUCTOSE_2_6_BISPHOSPHATE_METABOLIC_PROCESS",5,5,FALSE
"GOBP_FRUCTOSE_6_PHOSPHATE_METABOLIC_PROCESS",13,12,FALSE
"GOBP_FRUCTOSE_METABOLIC_PROCESS",14,12,FALSE
"GOBP_FRUCTOSE_TRANSMEMBRANE_TRANSPORT",9,5,FALSE
"GOBP_FUCOSE_CATABOLIC_PROCESS",8,5,FALSE
"GOBP_FUCOSE_METABOLIC_PROCESS",15,11,FALSE
"GOBP_FUNGIFORM_PAPILLA_DEVELOPMENT",6,6,FALSE
"GOBP_FUNGIFORM_PAPILLA_MORPHOGENESIS",5,5,FALSE
"GOBP_FUSED_ANTRUM_STAGE",6,3,FALSE
"GOBP_G0_TO_G1_TRANSITION",38,35,TRUE
"GOBP_G1_TO_G0_TRANSITION",20,17,TRUE
"GOBP_G1_TO_G0_TRANSITION_INVOLVED_IN_CELL_DIFFERENTIATION",6,3,FALSE
"GOBP_G2_MI_TRANSITION_OF_MEIOTIC_CELL_CYCLE",8,7,FALSE
"GOBP_GABAERGIC_NEURON_DIFFERENTIATION",19,12,FALSE
"GOBP_GALACTOLIPID_METABOLIC_PROCESS",8,5,FALSE
"GOBP_GALACTOSE_CATABOLIC_PROCESS",10,7,FALSE
"GOBP_GALACTOSE_CATABOLIC_PROCESS_VIA_UDP_GALACTOSE_LELOIR_PATHWAY",6,5,FALSE
"GOBP_GALACTOSE_METABOLIC_PROCESS",14,11,FALSE
"GOBP_GALACTOSE_TRANSMEMBRANE_TRANSPORT",5,1,FALSE
"GOBP_GALACTOSYLCERAMIDE_BIOSYNTHETIC_PROCESS",5,4,FALSE
"GOBP_GAMMA_AMINOBUTYRIC_ACID_BIOSYNTHETIC_PROCESS",6,5,FALSE
"GOBP_GAMMA_AMINOBUTYRIC_ACID_IMPORT",6,3,FALSE
"GOBP_GAMMA_AMINOBUTYRIC_ACID_METABOLIC_PROCESS",8,7,FALSE
"GOBP_GAMMA_AMINOBUTYRIC_ACID_RECEPTOR_CLUSTERING",5,3,FALSE
"GOBP_GAMMA_AMINOBUTYRIC_ACID_SECRETION",11,7,FALSE
"GOBP_GAMMA_AMINOBUTYRIC_ACID_SIGNALING_PATHWAY",31,11,FALSE
"GOBP_GAMMA_AMINOBUTYRIC_ACID_TRANSPORT",20,12,FALSE
"GOBP_GAMMA_DELTA_T_CELL_ACTIVATION",27,21,TRUE
"GOBP_GAMMA_DELTA_T_CELL_DIFFERENTIATION",15,12,FALSE
"GOBP_GANGLION_DEVELOPMENT",16,12,FALSE
"GOBP_GANGLIOSIDE_BIOSYNTHETIC_PROCESS",16,11,FALSE
"GOBP_GANGLIOSIDE_CATABOLIC_PROCESS",8,7,FALSE
"GOBP_GANGLIOSIDE_METABOLIC_PROCESS",28,22,TRUE
"GOBP_GAP_JUNCTION_ASSEMBLY",18,14,FALSE
"GOBP_GAP_JUNCTION_MEDIATED_INTERCELLULAR_TRANSPORT",6,1,FALSE
"GOBP_GASTRIC_ACID_SECRETION",14,7,FALSE
"GOBP_GASTRIC_MOTILITY",5,2,FALSE
"GOBP_GASTRO_INTESTINAL_SYSTEM_SMOOTH_MUSCLE_CONTRACTION",12,6,FALSE
"GOBP_GASTRULATION",186,136,TRUE
"GOBP_GASTRULATION_WITH_MOUTH_FORMING_SECOND",28,17,TRUE
"GOBP_GAS_TRANSPORT",18,9,FALSE
"GOBP_GDP_L_FUCOSE_METABOLIC_PROCESS",7,6,FALSE
"GOBP_GDP_MANNOSE_BIOSYNTHETIC_PROCESS",6,5,FALSE
"GOBP_GDP_MANNOSE_METABOLIC_PROCESS",10,9,FALSE
"GOBP_GDP_METABOLIC_PROCESS",10,9,FALSE
"GOBP_GENERAL_ADAPTATION_SYNDROME",6,4,FALSE
"GOBP_GENERAL_ADAPTATION_SYNDROME_BEHAVIORAL_PROCESS",5,3,FALSE
"GOBP_GENERATION_OF_NEURONS",1530,1124,FALSE
"GOBP_GENERATION_OF_PRECURSOR_METABOLITES_AND_ENERGY",469,379,TRUE
"GOBP_GENITALIA_DEVELOPMENT",44,28,TRUE
"GOBP_GENITALIA_MORPHOGENESIS",10,5,FALSE
"GOBP_GENOMIC_IMPRINTING",20,16,TRUE
"GOBP_GEPHYRIN_CLUSTERING_INVOLVED_IN_POSTSYNAPTIC_DENSITY_ASSEMBLY",6,4,FALSE
"GOBP_GERANYLGERANYL_DIPHOSPHATE_METABOLIC_PROCESS",9,8,FALSE
"GOBP_GERMINAL_CENTER_B_CELL_DIFFERENTIATION",9,8,FALSE
"GOBP_GERMINAL_CENTER_FORMATION",14,12,FALSE
"GOBP_GERM_CELL_MIGRATION",7,5,FALSE
"GOBP_GERM_CELL_PROLIFERATION",8,5,FALSE
"GOBP_GERM_LINE_STEM_CELL_POPULATION_MAINTENANCE",5,2,FALSE
"GOBP_GLANDULAR_EPITHELIAL_CELL_DIFFERENTIATION",18,10,FALSE
"GOBP_GLAND_DEVELOPMENT",444,301,TRUE
"GOBP_GLAND_MORPHOGENESIS",127,95,TRUE
"GOBP_GLIAL_CELL_ACTIVATION",53,45,TRUE
"GOBP_GLIAL_CELL_APOPTOTIC_PROCESS",15,15,TRUE
"GOBP_GLIAL_CELL_DERIVED_NEUROTROPHIC_FACTOR_RECEPTOR_SIGNALING_PATHWAY",15,10,FALSE
"GOBP_GLIAL_CELL_DEVELOPMENT",129,110,TRUE
"GOBP_GLIAL_CELL_DIFFERENTIATION",249,200,TRUE
"GOBP_GLIAL_CELL_FATE_COMMITMENT",14,7,FALSE
"GOBP_GLIAL_CELL_FATE_SPECIFICATION",6,3,FALSE
"GOBP_GLIAL_CELL_MIGRATION",52,46,TRUE
"GOBP_GLIAL_CELL_PROLIFERATION",48,40,TRUE
"GOBP_GLIOGENESIS",321,262,TRUE
"GOBP_GLOMERULAR_BASEMENT_MEMBRANE_DEVELOPMENT",11,8,FALSE
"GOBP_GLOMERULAR_ENDOTHELIUM_DEVELOPMENT",5,4,FALSE
"GOBP_GLOMERULAR_EPITHELIAL_CELL_DEVELOPMENT",12,9,FALSE
"GOBP_GLOMERULAR_EPITHELIUM_DEVELOPMENT",27,20,TRUE
"GOBP_GLOMERULAR_MESANGIAL_CELL_DEVELOPMENT",5,5,FALSE
"GOBP_GLOMERULAR_MESANGIAL_CELL_PROLIFERATION",12,10,FALSE
"GOBP_GLOMERULAR_MESANGIUM_DEVELOPMENT",17,15,TRUE
"GOBP_GLOMERULUS_DEVELOPMENT",73,57,TRUE
"GOBP_GLOMERULUS_MORPHOGENESIS",9,7,FALSE
"GOBP_GLOMERULUS_VASCULATURE_MORPHOGENESIS",6,5,FALSE
"GOBP_GLUCAN_BIOSYNTHETIC_PROCESS",40,33,TRUE
"GOBP_GLUCAN_METABOLIC_PROCESS",84,72,TRUE
"GOBP_GLUCOCORTICOID_BIOSYNTHETIC_PROCESS",20,12,FALSE
"GOBP_GLUCOCORTICOID_METABOLIC_PROCESS",28,18,TRUE
"GOBP_GLUCOCORTICOID_SECRETION",14,10,FALSE
"GOBP_GLUCOSAMINE_CONTAINING_COMPOUND_CATABOLIC_PROCESS",8,7,FALSE
"GOBP_GLUCOSE_6_PHOSPHATE_METABOLIC_PROCESS",27,23,TRUE
"GOBP_GLUCOSE_CATABOLIC_PROCESS",29,26,TRUE
"GOBP_GLUCOSE_IMPORT_IN_RESPONSE_TO_INSULIN_STIMULUS",6,6,FALSE
"GOBP_GLUCOSE_METABOLIC_PROCESS",200,164,TRUE
"GOBP_GLUCOSYLCERAMIDE_CATABOLIC_PROCESS",5,3,FALSE
"GOBP_GLUCOSYLCERAMIDE_METABOLIC_PROCESS",11,7,FALSE
"GOBP_GLUCURONATE_METABOLIC_PROCESS",7,5,FALSE
"GOBP_GLUTAMATERGIC_NEURON_DIFFERENTIATION",19,12,FALSE
"GOBP_GLUTAMATE_BIOSYNTHETIC_PROCESS",5,5,FALSE
"GOBP_GLUTAMATE_METABOLIC_PROCESS",33,20,TRUE
"GOBP_GLUTAMATE_RECEPTOR_SIGNALING_PATHWAY",62,41,TRUE
"GOBP_GLUTAMATE_REUPTAKE",6,4,FALSE
"GOBP_GLUTAMATE_SECRETION",28,22,TRUE
"GOBP_GLUTAMATE_SECRETION_NEUROTRANSMISSION",8,8,FALSE
"GOBP_GLUTAMINE_FAMILY_AMINO_ACID_BIOSYNTHETIC_PROCESS",18,12,FALSE
"GOBP_GLUTAMINE_FAMILY_AMINO_ACID_METABOLIC_PROCESS",65,42,TRUE
"GOBP_GLUTAMINE_METABOLIC_PROCESS",18,13,FALSE
"GOBP_GLUTAMINE_TRANSPORT",10,9,FALSE
"GOBP_GLUTATHIONE_CATABOLIC_PROCESS",6,4,FALSE
"GOBP_GLUTATHIONE_METABOLIC_PROCESS",54,38,TRUE
"GOBP_GLUTATHIONE_TRANSMEMBRANE_TRANSPORT",8,8,FALSE
"GOBP_GLUTATHIONE_TRANSPORT",11,9,FALSE
"GOBP_GLYCERALDEHYDE_3_PHOSPHATE_METABOLIC_PROCESS",11,9,FALSE
"GOBP_GLYCEROLIPID_BIOSYNTHETIC_PROCESS",241,203,TRUE
"GOBP_GLYCEROLIPID_CATABOLIC_PROCESS",74,45,TRUE
"GOBP_GLYCEROLIPID_METABOLIC_PROCESS",390,303,TRUE
"GOBP_GLYCEROL_3_PHOSPHATE_METABOLIC_PROCESS",8,5,FALSE
"GOBP_GLYCEROL_METABOLIC_PROCESS",21,14,FALSE
"GOBP_GLYCEROL_TRANSMEMBRANE_TRANSPORT",7,2,FALSE
"GOBP_GLYCEROPHOSPHOLIPID_BIOSYNTHETIC_PROCESS",201,172,TRUE
"GOBP_GLYCEROPHOSPHOLIPID_CATABOLIC_PROCESS",37,25,TRUE
"GOBP_GLYCEROPHOSPHOLIPID_METABOLIC_PROCESS",293,239,TRUE
"GOBP_GLYCINE_BIOSYNTHETIC_PROCESS",6,3,FALSE
"GOBP_GLYCINE_IMPORT_ACROSS_PLASMA_MEMBRANE",7,3,FALSE
"GOBP_GLYCINE_METABOLIC_PROCESS",13,8,FALSE
"GOBP_GLYCINE_TRANSPORT",17,9,FALSE
"GOBP_GLYCOLIPID_BIOSYNTHETIC_PROCESS",85,65,TRUE
"GOBP_GLYCOLIPID_CATABOLIC_PROCESS",23,17,TRUE
"GOBP_GLYCOLIPID_TRANSPORT",8,8,FALSE
"GOBP_GLYCOLYTIC_PROCESS_THROUGH_FRUCTOSE_6_PHOSPHATE",27,24,TRUE
"GOBP_GLYCOLYTIC_PROCESS_THROUGH_GLUCOSE_6_PHOSPHATE",23,21,TRUE
"GOBP_GLYCOPHAGY",12,12,FALSE
"GOBP_GLYCOPROTEIN_BIOSYNTHETIC_PROCESS",299,236,TRUE
"GOBP_GLYCOPROTEIN_CATABOLIC_PROCESS",43,34,TRUE
"GOBP_GLYCOPROTEIN_METABOLIC_PROCESS",369,291,TRUE
"GOBP_GLYCOSAMINOGLYCAN_BIOSYNTHETIC_PROCESS",31,25,TRUE
"GOBP_GLYCOSAMINOGLYCAN_CATABOLIC_PROCESS",26,15,TRUE
"GOBP_GLYCOSAMINOGLYCAN_METABOLIC_PROCESS",65,43,TRUE
"GOBP_GLYCOSIDE_CATABOLIC_PROCESS",7,5,FALSE
"GOBP_GLYCOSIDE_METABOLIC_PROCESS",17,10,FALSE
"GOBP_GLYCOSIDE_TRANSPORT",6,3,FALSE
"GOBP_GLYCOSPHINGOLIPID_BIOSYNTHETIC_PROCESS",44,34,TRUE
"GOBP_GLYCOSPHINGOLIPID_METABOLIC_PROCESS",72,56,TRUE
"GOBP_GLYCOSYLCERAMIDE_CATABOLIC_PROCESS",8,5,FALSE
"GOBP_GLYCOSYLCERAMIDE_METABOLIC_PROCESS",18,13,FALSE
"GOBP_GLYCOSYL_COMPOUND_BIOSYNTHETIC_PROCESS",22,17,TRUE
"GOBP_GLYCOSYL_COMPOUND_CATABOLIC_PROCESS",19,15,TRUE
"GOBP_GLYOXYLATE_METABOLIC_PROCESS",8,6,FALSE
"GOBP_GMP_BIOSYNTHETIC_PROCESS",12,11,FALSE
"GOBP_GMP_METABOLIC_PROCESS",25,23,TRUE
"GOBP_GOLGI_DISASSEMBLY",6,6,FALSE
"GOBP_GOLGI_LOCALIZATION",14,13,FALSE
"GOBP_GOLGI_LUMEN_ACIDIFICATION",13,9,FALSE
"GOBP_GOLGI_ORGANIZATION",134,115,TRUE
"GOBP_GOLGI_REASSEMBLY",5,4,FALSE
"GOBP_GOLGI_RIBBON_FORMATION",11,11,FALSE
"GOBP_GOLGI_TO_ENDOSOME_TRANSPORT",20,19,TRUE
"GOBP_GOLGI_TO_LYSOSOME_TRANSPORT",11,10,FALSE
"GOBP_GOLGI_TO_PLASMA_MEMBRANE_PROTEIN_TRANSPORT",44,40,TRUE
"GOBP_GOLGI_TO_PLASMA_MEMBRANE_TRANSPORT",68,62,TRUE
"GOBP_GOLGI_TO_VACUOLE_TRANSPORT",24,21,TRUE
"GOBP_GOLGI_VESICLE_BUDDING",10,10,FALSE
"GOBP_GOLGI_VESICLE_TRANSPORT",310,280,TRUE
"GOBP_GONADAL_MESODERM_DEVELOPMENT",3,1,FALSE
"GOBP_GONADOTROPHIN_RELEASING_HORMONE_NEURONAL_MIGRATION_TO_THE_HYPOTHALAMUS",6,5,FALSE
"GOBP_GONADOTROPIN_SECRETION",19,10,FALSE
"GOBP_GPI_ANCHOR_METABOLIC_PROCESS",30,26,TRUE
"GOBP_GRANULOCYTE_ACTIVATION",57,40,TRUE
"GOBP_GRANULOCYTE_CHEMOTAXIS",110,83,TRUE
"GOBP_GRANULOCYTE_COLONY_STIMULATING_FACTOR_PRODUCTION",8,4,FALSE
"GOBP_GRANULOCYTE_COLONY_STIMULATING_FACTOR_SIGNALING_PATHWAY",5,4,FALSE
"GOBP_GRANULOCYTE_DIFFERENTIATION",42,35,TRUE
"GOBP_GRANULOCYTE_MACROPHAGE_COLONY_STIMULATING_FACTOR_PRODUCTION",18,11,FALSE
"GOBP_GRANULOCYTE_MIGRATION",135,98,TRUE
"GOBP_GRANZYME_MEDIATED_PROGRAMMED_CELL_DEATH_SIGNALING_PATHWAY",10,6,FALSE
"GOBP_GROOMING_BEHAVIOR",18,9,FALSE
"GOBP_GROWTH",935,712,FALSE
"GOBP_GROWTH_HORMONE_RECEPTOR_SIGNALING_PATHWAY_VIA_JAK_STAT",11,10,FALSE
"GOBP_GROWTH_HORMONE_SECRETION",15,10,FALSE
"GOBP_GROWTH_INVOLVED_IN_HEART_MORPHOGENESIS",4,2,FALSE
"GOBP_GROWTH_PLATE_CARTILAGE_CHONDROCYTE_DEVELOPMENT",7,6,FALSE
"GOBP_GROWTH_PLATE_CARTILAGE_CHONDROCYTE_DIFFERENTIATION",10,7,FALSE
"GOBP_GROWTH_PLATE_CARTILAGE_DEVELOPMENT",24,19,TRUE
"GOBP_GTP_BIOSYNTHETIC_PROCESS",9,7,FALSE
"GOBP_GTP_METABOLIC_PROCESS",23,19,TRUE
"GOBP_GUANINE_METABOLIC_PROCESS",5,4,FALSE
"GOBP_GUANINE_NUCLEOTIDE_TRANSPORT",11,10,FALSE
"GOBP_G_PROTEIN_COUPLED_ACETYLCHOLINE_RECEPTOR_SIGNALING_PATHWAY",21,12,FALSE
"GOBP_G_PROTEIN_COUPLED_DOPAMINE_RECEPTOR_SIGNALING_PATHWAY",32,22,TRUE
"GOBP_G_PROTEIN_COUPLED_GLUTAMATE_RECEPTOR_SIGNALING_PATHWAY",15,7,FALSE
"GOBP_G_PROTEIN_COUPLED_OPIOID_RECEPTOR_SIGNALING_PATHWAY",12,7,FALSE
"GOBP_G_PROTEIN_COUPLED_OPSIN_SIGNALING_PATHWAY",12,5,FALSE
"GOBP_G_PROTEIN_COUPLED_PURINERGIC_NUCLEOTIDE_RECEPTOR_SIGNALING_PATHWAY",12,9,FALSE
"GOBP_G_PROTEIN_COUPLED_PURINERGIC_RECEPTOR_SIGNALING_PATHWAY",12,10,FALSE
"GOBP_G_PROTEIN_COUPLED_RECEPTOR_INTERNALIZATION",15,12,FALSE
"GOBP_G_PROTEIN_COUPLED_RECEPTOR_SIGNALING_PATHWAY",1174,471,TRUE
"GOBP_G_PROTEIN_COUPLED_RECEPTOR_SIGNALING_PATHWAY_COUPLED_TO_CYCLIC_NUCLEOTIDE_SECOND_MESSENGER",55,16,TRUE
"GOBP_G_PROTEIN_COUPLED_SEROTONIN_RECEPTOR_SIGNALING_PATHWAY",18,8,FALSE
"GOBP_HAIR_CELL_DIFFERENTIATION",58,34,TRUE
"GOBP_HAIR_FOLLICLE_MATURATION",15,12,FALSE
"GOBP_HAIR_FOLLICLE_PLACODE_FORMATION",6,6,FALSE
"GOBP_HARD_PALATE_DEVELOPMENT",10,4,FALSE
"GOBP_HEAD_DEVELOPMENT",787,570,FALSE
"GOBP_HEAD_MORPHOGENESIS",40,30,TRUE
"GOBP_HEART_DEVELOPMENT",599,477,TRUE
"GOBP_HEART_FIELD_SPECIFICATION",18,12,FALSE
"GOBP_HEART_FORMATION",32,23,TRUE
"GOBP_HEART_GROWTH",81,62,TRUE
"GOBP_HEART_MORPHOGENESIS",268,208,TRUE
"GOBP_HEART_PROCESS",261,188,TRUE
"GOBP_HEART_TRABECULA_FORMATION",15,10,FALSE
"GOBP_HEART_TRABECULA_MORPHOGENESIS",34,27,TRUE
"GOBP_HEART_VALVE_DEVELOPMENT",77,61,TRUE
"GOBP_HEART_VALVE_FORMATION",16,11,FALSE
"GOBP_HEART_VALVE_MORPHOGENESIS",63,49,TRUE
"GOBP_HEAT_ACCLIMATION",4,2,FALSE
"GOBP_HEAT_GENERATION",18,11,FALSE
"GOBP_HEMATOPOIETIC_OR_LYMPHOID_ORGAN_DEVELOPMENT",106,81,TRUE
"GOBP_HEMATOPOIETIC_PROGENITOR_CELL_DIFFERENTIATION",128,107,TRUE
"GOBP_HEMATOPOIETIC_STEM_CELL_DIFFERENTIATION",34,32,TRUE
"GOBP_HEMATOPOIETIC_STEM_CELL_HOMEOSTASIS",27,24,TRUE
"GOBP_HEMATOPOIETIC_STEM_CELL_MIGRATION",9,9,FALSE
"GOBP_HEMATOPOIETIC_STEM_CELL_MIGRATION_TO_BONE_MARROW",5,5,FALSE
"GOBP_HEMATOPOIETIC_STEM_CELL_PROLIFERATION",27,21,TRUE
"GOBP_HEME_A_BIOSYNTHETIC_PROCESS",10,10,FALSE
"GOBP_HEME_B_BIOSYNTHETIC_PROCESS",10,10,FALSE
"GOBP_HEME_TRANSPORT",9,9,FALSE
"GOBP_HEMIDESMOSOME_ASSEMBLY",6,6,FALSE
"GOBP_HEMOGLOBIN_BIOSYNTHETIC_PROCESS",14,13,FALSE
"GOBP_HEMOGLOBIN_METABOLIC_PROCESS",20,18,TRUE
"GOBP_HEMOPOIESIS",974,775,FALSE
"GOBP_HEMOSTASIS",249,181,TRUE
"GOBP_HEPARAN_SULFATE_PROTEOGLYCAN_BIOSYNTHETIC_PROCESS",34,25,TRUE
"GOBP_HEPARAN_SULFATE_PROTEOGLYCAN_CATABOLIC_PROCESS",10,8,FALSE
"GOBP_HEPARAN_SULFATE_PROTEOGLYCAN_METABOLIC_PROCESS",44,33,TRUE
"GOBP_HEPARIN_PROTEOGLYCAN_BIOSYNTHETIC_PROCESS",14,12,FALSE
"GOBP_HEPARIN_PROTEOGLYCAN_METABOLIC_PROCESS",20,18,TRUE
"GOBP_HEPATICOBILIARY_SYSTEM_DEVELOPMENT",146,109,TRUE
"GOBP_HEPATIC_STELLATE_CELL_ACTIVATION",10,7,FALSE
"GOBP_HEPATOCYTE_APOPTOTIC_PROCESS",17,14,FALSE
"GOBP_HEPATOCYTE_DIFFERENTIATION",14,7,FALSE
"GOBP_HEPATOCYTE_GROWTH_FACTOR_RECEPTOR_SIGNALING_PATHWAY",13,10,FALSE
"GOBP_HEPOXILIN_BIOSYNTHETIC_PROCESS",8,4,FALSE
"GOBP_HETEROCHROMATIN_ORGANIZATION",189,151,TRUE
"GOBP_HETEROPHILIC_CELL_CELL_ADHESION",53,36,TRUE
"GOBP_HETEROTYPIC_CELL_CELL_ADHESION",60,44,TRUE
"GOBP_HEXOSE_PHOSPHATE_TRANSPORT",7,4,FALSE
"GOBP_HIGH_DENSITY_LIPOPROTEIN_PARTICLE_ASSEMBLY",11,9,FALSE
"GOBP_HIGH_DENSITY_LIPOPROTEIN_PARTICLE_CLEARANCE",11,7,FALSE
"GOBP_HIGH_DENSITY_LIPOPROTEIN_PARTICLE_REMODELING",19,10,FALSE
"GOBP_HINDBRAIN_DEVELOPMENT",161,113,TRUE
"GOBP_HINDBRAIN_MATURATION",5,2,FALSE
"GOBP_HINDBRAIN_MORPHOGENESIS",48,35,TRUE
"GOBP_HINDBRAIN_RADIAL_GLIA_GUIDED_CELL_MIGRATION",9,8,FALSE
"GOBP_HINDBRAIN_TANGENTIAL_CELL_MIGRATION",5,4,FALSE
"GOBP_HINDGUT_DEVELOPMENT",8,6,FALSE
"GOBP_HINDLIMB_MORPHOGENESIS",35,21,TRUE
"GOBP_HIPPOCAMPAL_NEURON_APOPTOTIC_PROCESS",6,6,FALSE
"GOBP_HIPPOCAMPUS_DEVELOPMENT",97,72,TRUE
"GOBP_HIPPO_SIGNALING",60,55,TRUE
"GOBP_HISTAMINE_METABOLIC_PROCESS",5,1,FALSE
"GOBP_HISTAMINE_SECRETION",14,11,FALSE
"GOBP_HISTAMINE_TRANSPORT",17,12,FALSE
"GOBP_HISTONE_MRNA_CATABOLIC_PROCESS",27,22,TRUE
"GOBP_HISTONE_MRNA_METABOLIC_PROCESS",33,26,TRUE
"GOBP_HIS_PURKINJE_SYSTEM_DEVELOPMENT",7,4,FALSE
"GOBP_HOMEOSTASIS_OF_NUMBER_OF_CELLS",371,297,TRUE
"GOBP_HOMEOSTASIS_OF_NUMBER_OF_CELLS_WITHIN_A_TISSUE",40,29,TRUE
"GOBP_HOMEOSTATIC_PROCESS",1812,1321,FALSE
"GOBP_HOMOCYSTEINE_METABOLIC_PROCESS",13,11,FALSE
"GOBP_HOMOLOGOUS_CHROMOSOME_PAIRING_AT_MEIOSIS",56,23,TRUE
"GOBP_HOMOLOGOUS_CHROMOSOME_SEGREGATION",70,35,TRUE
"GOBP_HOMOLOGOUS_RECOMBINATION",77,43,TRUE
"GOBP_HOMOPHILIC_CELL_CELL_ADHESION",130,85,TRUE
"GOBP_HOMOTYPIC_CELL_CELL_ADHESION",101,78,TRUE
"GOBP_HORMONE_BIOSYNTHETIC_PROCESS",67,39,TRUE
"GOBP_HORMONE_CATABOLIC_PROCESS",14,8,FALSE
"GOBP_HORMONE_MEDIATED_APOPTOTIC_SIGNALING_PATHWAY",5,2,FALSE
"GOBP_HORMONE_MEDIATED_SIGNALING_PATHWAY",230,167,TRUE
"GOBP_HORMONE_METABOLIC_PROCESS",240,143,TRUE
"GOBP_HORMONE_TRANSPORT",332,213,TRUE
"GOBP_HOST_MEDIATED_ACTIVATION_OF_VIRAL_PROCESS",37,35,TRUE
"GOBP_HOST_MEDIATED_ACTIVATION_OF_VIRAL_TRANSCRIPTION",18,16,TRUE
"GOBP_HOST_MEDIATED_MODULATION_OF_INTESTINAL_MICROBIOTA_COMPOSITION",9,6,FALSE
"GOBP_HOST_MEDIATED_PERTURBATION_OF_VIRAL_GENOME_REPLICATION",10,10,FALSE
"GOBP_HOST_MEDIATED_PERTURBATION_OF_VIRAL_PROCESS",72,66,TRUE
"GOBP_HOST_MEDIATED_PERTURBATION_OF_VIRAL_RNA_GENOME_REPLICATION",6,6,FALSE
"GOBP_HOST_MEDIATED_PERTURBATION_OF_VIRAL_TRANSCRIPTION",29,25,TRUE
"GOBP_HOST_MEDIATED_SUPPRESSION_OF_SYMBIONT_INVASION",22,16,TRUE
"GOBP_HOST_MEDIATED_SUPPRESSION_OF_VIRAL_GENOME_REPLICATION",10,10,FALSE
"GOBP_HOST_MEDIATED_SUPPRESSION_OF_VIRAL_PROCES",16,12,FALSE
"GOBP_HOST_MEDIATED_SUPPRESSION_OF_VIRAL_TRANSCRIPTION",13,11,FALSE
"GOBP_HRI_MEDIATED_SIGNALING",9,9,FALSE
"GOBP_HUMORAL_IMMUNE_RESPONSE",229,108,TRUE
"GOBP_HUMORAL_IMMUNE_RESPONSE_MEDIATED_BY_CIRCULATING_IMMUNOGLOBULIN",43,25,TRUE
"GOBP_HYALOID_VASCULAR_PLEXUS_REGRESSION",7,1,FALSE
"GOBP_HYALURONAN_BIOSYNTHETIC_PROCESS",12,11,FALSE
"GOBP_HYALURONAN_CATABOLIC_PROCESS",17,12,FALSE
"GOBP_HYALURONAN_METABOLIC_PROCESS",33,24,TRUE
"GOBP_HYDROCARBON_METABOLIC_PROCESS",7,2,FALSE
"GOBP_HYDROGEN_PEROXIDE_BIOSYNTHETIC_PROCESS",17,14,FALSE
"GOBP_HYDROGEN_PEROXIDE_CATABOLIC_PROCESS",23,16,TRUE
"GOBP_HYDROGEN_PEROXIDE_METABOLIC_PROCESS",47,33,TRUE
"GOBP_HYDROGEN_SULFIDE_METABOLIC_PROCESS",5,5,FALSE
"GOBP_HYPEROSMOTIC_RESPONSE",29,26,TRUE
"GOBP_HYPEROSMOTIC_SALINITY_RESPONSE",9,8,FALSE
"GOBP_HYPERSENSITIVITY",14,11,FALSE
"GOBP_HYPOTHALAMUS_CELL_DIFFERENTIATION",13,6,FALSE
"GOBP_HYPOTHALAMUS_CELL_MIGRATION",7,6,FALSE
"GOBP_HYPOTHALAMUS_DEVELOPMENT",28,13,FALSE
"GOBP_HYPOTHALAMUS_GONADOTROPHIN_RELEASING_HORMONE_NEURON_DIFFERENTIATION",8,5,FALSE
"GOBP_HYPOTONIC_RESPONSE",13,10,FALSE
"GOBP_HYPOXIA_INDUCIBLE_FACTOR_1ALPHA_SIGNALING_PATHWAY",7,6,FALSE
"GOBP_ICOSANOID_BIOSYNTHETIC_PROCESS",54,38,TRUE
"GOBP_ICOSANOID_CATABOLIC_PROCESS",10,4,FALSE
"GOBP_ICOSANOID_METABOLIC_PROCESS",117,69,TRUE
"GOBP_ICOSANOID_SECRETION",44,20,TRUE
"GOBP_ICOSANOID_TRANSPORT",59,28,TRUE
"GOBP_IMIDAZOLE_CONTAINING_COMPOUND_METABOLIC_PROCESS",11,3,FALSE
"GOBP_IMMATURE_B_CELL_DIFFERENTIATION",16,10,FALSE
"GOBP_IMMATURE_T_CELL_PROLIFERATION",16,9,FALSE
"GOBP_IMMATURE_T_CELL_PROLIFERATION_IN_THYMUS",10,8,FALSE
"GOBP_IMMUNE_COMPLEX_CLEARANCE",4,3,FALSE
"GOBP_IMMUNE_EFFECTOR_PROCESS",631,451,TRUE
"GOBP_IMMUNE_RESPONSE_INHIBITING_SIGNAL_TRANSDUCTION",17,8,FALSE
"GOBP_IMMUNE_RESPONSE_IN_GUT_ASSOCIATED_LYMPHOID_TISSUE",8,6,FALSE
"GOBP_IMMUNE_RESPONSE_REGULATING_CELL_SURFACE_RECEPTOR_SIGNALING_PATHWAY",340,261,TRUE
"GOBP_IMMUNE_RESPONSE_REGULATING_CELL_SURFACE_RECEPTOR_SIGNALING_PATHWAY_INVOLVED_IN_PHAGOCYTOSIS",25,21,TRUE
"GOBP_IMMUNE_RESPONSE_REGULATING_SIGNALING_PATHWAY",536,427,TRUE
"GOBP_IMMUNE_RESPONSE_TO_TUMOR_CELL",35,26,TRUE
"GOBP_IMMUNE_SYSTEM_DEVELOPMENT",213,165,TRUE
"GOBP_IMMUNOGLOBULIN_PRODUCTION",109,86,TRUE
"GOBP_IMMUNOGLOBULIN_PRODUCTION_INVOLVED_IN_IMMUNOGLOBULIN_MEDIATED_IMMUNE_RESPONSE",58,44,TRUE
"GOBP_IMMUNOGLOBULIN_V_D_J_RECOMBINATION",8,8,FALSE
"GOBP_IMMUNOLOGICAL_MEMORY_FORMATION_PROCESS",13,8,FALSE
"GOBP_IMMUNOLOGICAL_MEMORY_PROCESS",19,11,FALSE
"GOBP_IMMUNOLOGICAL_SYNAPSE_FORMATION",18,17,TRUE
"GOBP_IMPORT_ACROSS_PLASMA_MEMBRANE",221,144,TRUE
"GOBP_IMPORT_INTO_CELL",947,743,FALSE
"GOBP_IMPORT_INTO_NUCLEUS",169,150,TRUE
"GOBP_IMPORT_INTO_THE_MITOCHONDRION",6,5,FALSE
"GOBP_IMP_BIOSYNTHETIC_PROCESS",11,9,FALSE
"GOBP_IMP_CATABOLIC_PROCESS",5,4,FALSE
"GOBP_IMP_METABOLIC_PROCESS",18,14,FALSE
"GOBP_IMP_SALVAGE",5,3,FALSE
"GOBP_INCLUSION_BODY_ASSEMBLY",29,23,TRUE
"GOBP_INDOLE_CONTAINING_COMPOUND_BIOSYNTHETIC_PROCESS",7,1,FALSE
"GOBP_INDOLE_CONTAINING_COMPOUND_CATABOLIC_PROCESS",11,5,FALSE
"GOBP_INDOLE_CONTAINING_COMPOUND_METABOLIC_PROCESS",32,17,TRUE
"GOBP_INDUCTION_OF_BACTERIAL_AGGLUTINATION",5,1,FALSE
"GOBP_INDUCTION_OF_POSITIVE_CHEMOTAXIS",13,10,FALSE
"GOBP_INFLAMMASOME_MEDIATED_SIGNALING_PATHWAY",61,49,TRUE
"GOBP_INFLAMMATORY_CELL_APOPTOTIC_PROCESS",21,15,TRUE
"GOBP_INFLAMMATORY_RESPONSE",881,636,FALSE
"GOBP_INFLAMMATORY_RESPONSE_TO_ANTIGENIC_STIMULUS",72,50,TRUE
"GOBP_INFLAMMATORY_RESPONSE_TO_WOUNDING",28,22,TRUE
"GOBP_INHIBITORY_POSTSYNAPTIC_POTENTIAL",21,10,FALSE
"GOBP_INHIBITORY_SYNAPSE_ASSEMBLY",29,11,FALSE
"GOBP_INNATE_IMMUNE_RESPONSE_ACTIVATING_CELL_SURFACE_RECEPTOR_SIGNALING_PATHWAY",95,71,TRUE
"GOBP_INNATE_IMMUNE_RESPONSE_IN_MUCOSA",14,2,FALSE
"GOBP_INNERVATION",29,19,TRUE
"GOBP_INNER_CELL_MASS_CELL_DIFFERENTIATION",10,8,FALSE
"GOBP_INNER_CELL_MASS_CELL_PROLIFERATION",15,13,FALSE
"GOBP_INNER_DYNEIN_ARM_ASSEMBLY",18,8,FALSE
"GOBP_INNER_EAR_AUDITORY_RECEPTOR_CELL_DIFFERENTIATION",49,29,TRUE
"GOBP_INNER_EAR_MORPHOGENESIS",113,71,TRUE
"GOBP_INNER_EAR_RECEPTOR_CELL_DEVELOPMENT",54,34,TRUE
"GOBP_INNER_EAR_RECEPTOR_CELL_FATE_COMMITMENT",5,3,FALSE
"GOBP_INNER_EAR_RECEPTOR_CELL_STEREOCILIUM_ORGANIZATION",40,25,TRUE
"GOBP_INNER_MITOCHONDRIAL_MEMBRANE_ORGANIZATION",46,36,TRUE
"GOBP_INORGANIC_ANION_TRANSPORT",164,92,TRUE
"GOBP_INORGANIC_ION_HOMEOSTASIS",536,389,TRUE
"GOBP_INORGANIC_ION_IMPORT_ACROSS_PLASMA_MEMBRANE",133,85,TRUE
"GOBP_INOSINE_METABOLIC_PROCESS",3,3,FALSE
"GOBP_INOSITOL_METABOLIC_PROCESS",8,7,FALSE
"GOBP_INOSITOL_PHOSPHATE_BIOSYNTHETIC_PROCESS",26,18,TRUE
"GOBP_INOSITOL_PHOSPHATE_METABOLIC_PROCESS",40,30,TRUE
"GOBP_INOSITOL_TRISPHOSPHATE_BIOSYNTHETIC_PROCESS",9,5,FALSE
"GOBP_INOSITOL_TRISPHOSPHATE_METABOLIC_PROCESS",13,9,FALSE
"GOBP_INSEMINATION",11,4,FALSE
"GOBP_INSULIN_CATABOLIC_PROCESS",4,4,FALSE
"GOBP_INSULIN_LIKE_GROWTH_FACTOR_RECEPTOR_SIGNALING_PATHWAY",52,43,TRUE
"GOBP_INSULIN_METABOLIC_PROCESS",18,16,TRUE
"GOBP_INSULIN_PROCESSING",9,8,FALSE
"GOBP_INSULIN_RECEPTOR_SIGNALING_PATHWAY",133,113,TRUE
"GOBP_INSULIN_SECRETION",200,136,TRUE
"GOBP_INSULIN_SECRETION_INVOLVED_IN_CELLULAR_RESPONSE_TO_GLUCOSE_STIMULUS",72,53,TRUE
"GOBP_INTEGRATED_STRESS_RESPONSE_SIGNALING",53,46,TRUE
"GOBP_INTEGRIN_ACTIVATION",27,24,TRUE
"GOBP_INTEGRIN_BIOSYNTHETIC_PROCESS",5,3,FALSE
"GOBP_INTEGRIN_MEDIATED_SIGNALING_PATHWAY",117,107,TRUE
"GOBP_INTERCELLULAR_TRANSPORT",10,3,FALSE
"GOBP_INTERFERON_ALPHA_PRODUCTION",35,26,TRUE
"GOBP_INTERFERON_BETA_PRODUCTION",61,55,TRUE
"GOBP_INTERFERON_MEDIATED_SIGNALING_PATHWAY",93,80,TRUE
"GOBP_INTERLEUKIN_10_MEDIATED_SIGNALING_PATHWAY",11,7,FALSE
"GOBP_INTERLEUKIN_10_PRODUCTION",66,44,TRUE
"GOBP_INTERLEUKIN_11_MEDIATED_SIGNALING_PATHWAY",7,7,FALSE
"GOBP_INTERLEUKIN_12_MEDIATED_SIGNALING_PATHWAY",8,6,FALSE
"GOBP_INTERLEUKIN_12_PRODUCTION",62,44,TRUE
"GOBP_INTERLEUKIN_13_MEDIATED_SIGNALING_PATHWAY",5,3,FALSE
"GOBP_INTERLEUKIN_13_PRODUCTION",25,18,TRUE
"GOBP_INTERLEUKIN_17A_MEDIATED_SIGNALING_PATHWAY",6,5,FALSE
"GOBP_INTERLEUKIN_17_MEDIATED_SIGNALING_PATHWAY",16,13,FALSE
"GOBP_INTERLEUKIN_17_PRODUCTION",40,28,TRUE
"GOBP_INTERLEUKIN_18_MEDIATED_SIGNALING_PATHWAY",10,7,FALSE
"GOBP_INTERLEUKIN_18_PRODUCTION",12,7,FALSE
"GOBP_INTERLEUKIN_1_ALPHA_PRODUCTION",11,7,FALSE
"GOBP_INTERLEUKIN_1_MEDIATED_SIGNALING_PATHWAY",31,27,TRUE
"GOBP_INTERLEUKIN_1_PRODUCTION",109,82,TRUE
"GOBP_INTERLEUKIN_21_PRODUCTION",2,1,FALSE
"GOBP_INTERLEUKIN_23_MEDIATED_SIGNALING_PATHWAY",8,6,FALSE
"GOBP_INTERLEUKIN_23_PRODUCTION",10,7,FALSE
"GOBP_INTERLEUKIN_27_MEDIATED_SIGNALING_PATHWAY",11,8,FALSE
"GOBP_INTERLEUKIN_2_MEDIATED_SIGNALING_PATHWAY",10,8,FALSE
"GOBP_INTERLEUKIN_2_PRODUCTION",76,61,TRUE
"GOBP_INTERLEUKIN_33_MEDIATED_SIGNALING_PATHWAY",8,8,FALSE
"GOBP_INTERLEUKIN_3_MEDIATED_SIGNALING_PATHWAY",7,6,FALSE
"GOBP_INTERLEUKIN_4_MEDIATED_SIGNALING_PATHWAY",13,12,FALSE
"GOBP_INTERLEUKIN_4_PRODUCTION",34,23,TRUE
"GOBP_INTERLEUKIN_5_MEDIATED_SIGNALING_PATHWAY",8,6,FALSE
"GOBP_INTERLEUKIN_5_PRODUCTION",23,17,TRUE
"GOBP_INTERLEUKIN_6_MEDIATED_SIGNALING_PATHWAY",19,15,TRUE
"GOBP_INTERLEUKIN_6_PRODUCTION",150,108,TRUE
"GOBP_INTERLEUKIN_7_MEDIATED_SIGNALING_PATHWAY",8,6,FALSE
"GOBP_INTERLEUKIN_8_PRODUCTION",86,63,TRUE
"GOBP_INTERMEDIATE_FILAMENT_BASED_PROCESS",85,42,TRUE
"GOBP_INTERMEDIATE_FILAMENT_BUNDLE_ASSEMBLY",8,5,FALSE
"GOBP_INTERMEDIATE_FILAMENT_ORGANIZATION",64,24,TRUE
"GOBP_INTERMEMBRANE_LIPID_TRANSFER",43,30,TRUE
"GOBP_INTERNAL_PROTEIN_AMINO_ACID_ACETYLATION",9,6,FALSE
"GOBP_INTERNEURON_MIGRATION",8,4,FALSE
"GOBP_INTERNEURON_MIGRATION_FROM_THE_SUBPALLIUM_TO_THE_CORTEX",8,5,FALSE
"GOBP_INTERSTRAND_CROSS_LINK_REPAIR",41,34,TRUE
"GOBP_INTESTINAL_ABSORPTION",44,23,TRUE
"GOBP_INTESTINAL_CHOLESTEROL_ABSORPTION",18,4,FALSE
"GOBP_INTESTINAL_EPITHELIAL_CELL_DEVELOPMENT",14,10,FALSE
"GOBP_INTESTINAL_EPITHELIAL_CELL_DIFFERENTIATION",23,12,FALSE
"GOBP_INTESTINAL_EPITHELIAL_STRUCTURE_MAINTENANCE",9,4,FALSE
"GOBP_INTESTINAL_HEXOSE_ABSORPTION",7,4,FALSE
"GOBP_INTESTINAL_LIPID_ABSORPTION",23,6,FALSE
"GOBP_INTESTINAL_STEM_CELL_HOMEOSTASIS",7,6,FALSE
"GOBP_INTESTINE_SMOOTH_MUSCLE_CONTRACTION",8,4,FALSE
"GOBP_INTRACELLULAR_AMINO_ACID_HOMEOSTASIS",8,7,FALSE
"GOBP_INTRACELLULAR_COPPER_ION_HOMEOSTASIS",17,13,FALSE
"GOBP_INTRACELLULAR_DISTRIBUTION_OF_MITOCHONDRIA",7,6,FALSE
"GOBP_INTRACELLULAR_GLUCOSE_HOMEOSTASIS",155,120,TRUE
"GOBP_INTRACELLULAR_GLUTAMATE_HOMEOSTASIS",5,4,FALSE
"GOBP_INTRACELLULAR_IRON_ION_HOMEOSTASIS",78,63,TRUE
"GOBP_INTRACELLULAR_LIPID_TRANSPORT",50,41,TRUE
"GOBP_INTRACELLULAR_MAGNESIUM_ION_HOMEOSTASIS",6,6,FALSE
"GOBP_INTRACELLULAR_MANGANESE_ION_HOMEOSTASIS",5,5,FALSE
"GOBP_INTRACELLULAR_MONOATOMIC_ANION_HOMEOSTASIS",10,6,FALSE
"GOBP_INTRACELLULAR_MRNA_LOCALIZATION",21,17,TRUE
"GOBP_INTRACELLULAR_NITROGEN_HOMEOSTASIS",5,3,FALSE
"GOBP_INTRACELLULAR_OXYGEN_HOMEOSTASIS",8,5,FALSE
"GOBP_INTRACELLULAR_PHOSPHATE_ION_HOMEOSTASIS",10,3,FALSE
"GOBP_INTRACELLULAR_PH_ELEVATION",8,5,FALSE
"GOBP_INTRACELLULAR_PH_REDUCTION",57,46,TRUE
"GOBP_INTRACELLULAR_POTASSIUM_ION_HOMEOSTASIS",23,15,TRUE
"GOBP_INTRACELLULAR_PROTEIN_TRANSMEMBRANE_TRANSPORT",35,31,TRUE
"GOBP_INTRACELLULAR_PROTEIN_TRANSPORT",649,564,FALSE
"GOBP_INTRACELLULAR_RECEPTOR_SIGNALING_PATHWAY",410,334,TRUE
"GOBP_INTRACELLULAR_SODIUM_ION_HOMEOSTASIS",32,21,TRUE
"GOBP_INTRACELLULAR_SPHINGOLIPID_HOMEOSTASIS",4,4,FALSE
"GOBP_INTRACELLULAR_STEROL_TRANSPORT",36,28,TRUE
"GOBP_INTRACELLULAR_TRANSPORT",1394,1216,FALSE
"GOBP_INTRACELLULAR_TRIGLYCERIDE_HOMEOSTASIS",10,8,FALSE
"GOBP_INTRACELLULAR_WATER_HOMEOSTASIS",7,5,FALSE
"GOBP_INTRACELLULAR_ZINC_ION_HOMEOSTASIS",29,23,TRUE
"GOBP_INTRACILIARY_ANTEROGRADE_TRANSPORT",18,15,TRUE
"GOBP_INTRACILIARY_RETROGRADE_TRANSPORT",19,16,TRUE
"GOBP_INTRACILIARY_TRANSPORT",54,42,TRUE
"GOBP_INTRACILIARY_TRANSPORT_INVOLVED_IN_CILIUM_ASSEMBLY",7,6,FALSE
"GOBP_INTRA_GOLGI_VESICLE_MEDIATED_TRANSPORT",32,30,TRUE
"GOBP_INTRINSIC_APOPTOTIC_SIGNALING_PATHWAY",319,260,TRUE
"GOBP_INTRINSIC_APOPTOTIC_SIGNALING_PATHWAY_BY_P53_CLASS_MEDIATOR",85,67,TRUE
"GOBP_INTRINSIC_APOPTOTIC_SIGNALING_PATHWAY_IN_RESPONSE_TO_DNA_DAMAGE",114,96,TRUE
"GOBP_INTRINSIC_APOPTOTIC_SIGNALING_PATHWAY_IN_RESPONSE_TO_DNA_DAMAGE_BY_P53_CLASS_MEDIATOR",47,38,TRUE
"GOBP_INTRINSIC_APOPTOTIC_SIGNALING_PATHWAY_IN_RESPONSE_TO_ENDOPLASMIC_RETICULUM_STRESS",63,55,TRUE
"GOBP_INTRINSIC_APOPTOTIC_SIGNALING_PATHWAY_IN_RESPONSE_TO_HYDROGEN_PEROXIDE",9,8,FALSE
"GOBP_INTRINSIC_APOPTOTIC_SIGNALING_PATHWAY_IN_RESPONSE_TO_HYPOXIA",9,9,FALSE
"GOBP_INTRINSIC_APOPTOTIC_SIGNALING_PATHWAY_IN_RESPONSE_TO_OSMOTIC_STRESS",10,9,FALSE
"GOBP_INTRINSIC_APOPTOTIC_SIGNALING_PATHWAY_IN_RESPONSE_TO_OXIDATIVE_STRESS",60,45,TRUE
"GOBP_IN_UTERO_EMBRYONIC_DEVELOPMENT",415,320,TRUE
"GOBP_IODIDE_TRANSPORT",9,4,FALSE
"GOBP_IP_10_PRODUCTION",4,4,FALSE
"GOBP_IRE1_MEDIATED_UNFOLDED_PROTEIN_RESPONSE",24,21,TRUE
"GOBP_IRES_DEPENDENT_VIRAL_TRANSLATIONAL_INITIATION",11,11,FALSE
"GOBP_IRIS_MORPHOGENESIS",9,5,FALSE
"GOBP_IRON_COORDINATION_ENTITY_TRANSPORT",11,11,FALSE
"GOBP_IRON_IMPORT_INTO_CELL",10,9,FALSE
"GOBP_IRON_ION_IMPORT_ACROSS_PLASMA_MEMBRANE",5,4,FALSE
"GOBP_IRON_ION_TRANSMEMBRANE_TRANSPORT",22,19,TRUE
"GOBP_IRON_ION_TRANSPORT",53,42,TRUE
"GOBP_ISG15_PROTEIN_CONJUGATION",5,4,FALSE
"GOBP_ISOCITRATE_METABOLIC_PROCESS",5,5,FALSE
"GOBP_ISOLEUCINE_METABOLIC_PROCESS",5,4,FALSE
"GOBP_ISOLEUCINE_TRANSPORT",5,4,FALSE
"GOBP_ISOPENTENYL_DIPHOSPHATE_BIOSYNTHETIC_PROCESS",7,6,FALSE
"GOBP_ISOPENTENYL_DIPHOSPHATE_BIOSYNTHETIC_PROCESS_MEVALONATE_PATHWAY",5,5,FALSE
"GOBP_ISOPRENOID_BIOSYNTHETIC_PROCESS",32,20,TRUE
"GOBP_ISOPRENOID_CATABOLIC_PROCESS",10,6,FALSE
"GOBP_ISOPRENOID_METABOLIC_PROCESS",117,67,TRUE
"GOBP_ISOTYPE_SWITCHING_TO_IGA_ISOTYPES",7,6,FALSE
"GOBP_ISOTYPE_SWITCHING_TO_IGG_ISOTYPES",16,11,FALSE
"GOBP_JNK_CASCADE",183,151,TRUE
"GOBP_KERATAN_SULFATE_PROTEOGLYCAN_METABOLIC_PROCESS",17,11,FALSE
"GOBP_KERATINIZATION",46,13,FALSE
"GOBP_KERATINOCYTE_APOPTOTIC_PROCESS",6,5,FALSE
"GOBP_KERATINOCYTE_DEVELOPMENT",13,8,FALSE
"GOBP_KERATINOCYTE_DIFFERENTIATION",133,72,TRUE
"GOBP_KERATINOCYTE_MIGRATION",20,13,FALSE
"GOBP_KERATINOCYTE_PROLIFERATION",56,39,TRUE
"GOBP_KETONE_BIOSYNTHETIC_PROCESS",56,40,TRUE
"GOBP_KETONE_BODY_BIOSYNTHETIC_PROCESS",6,5,FALSE
"GOBP_KETONE_BODY_METABOLIC_PROCESS",11,9,FALSE
"GOBP_KETONE_CATABOLIC_PROCESS",16,10,FALSE
"GOBP_KETONE_METABOLIC_PROCESS",223,162,TRUE
"GOBP_KIDNEY_EPITHELIUM_DEVELOPMENT",149,101,TRUE
"GOBP_KIDNEY_MESENCHYME_DEVELOPMENT",17,10,FALSE
"GOBP_KIDNEY_MORPHOGENESIS",97,56,TRUE
"GOBP_KINETOCHORE_ORGANIZATION",32,30,TRUE
"GOBP_KYNURENINE_METABOLIC_PROCESS",10,6,FALSE
"GOBP_LABYRINTHINE_LAYER_BLOOD_VESSEL_DEVELOPMENT",21,17,TRUE
"GOBP_LABYRINTHINE_LAYER_DEVELOPMENT",49,35,TRUE
"GOBP_LACRIMAL_GLAND_DEVELOPMENT",7,3,FALSE
"GOBP_LACTATE_BIOSYNTHETIC_PROCESS",6,3,FALSE
"GOBP_LACTATE_METABOLIC_PROCESS",17,14,FALSE
"GOBP_LACTATE_TRANSMEMBRANE_TRANSPORT",7,5,FALSE
"GOBP_LACTATION",41,32,TRUE
"GOBP_LACTONE_METABOLIC_PROCESS",14,9,FALSE
"GOBP_LAMELLIPODIUM_ASSEMBLY",70,65,TRUE
"GOBP_LAMELLIPODIUM_MORPHOGENESIS",18,17,TRUE
"GOBP_LAMELLIPODIUM_ORGANIZATION",91,83,TRUE
"GOBP_LATERAL_MESODERM_DEVELOPMENT",17,12,FALSE
"GOBP_LATERAL_MESODERM_MORPHOGENESIS",5,4,FALSE
"GOBP_LATERAL_SPROUTING_FROM_AN_EPITHELIUM",11,8,FALSE
"GOBP_LATERAL_VENTRICLE_DEVELOPMENT",13,11,FALSE
"GOBP_LATE_ENDOSOME_TO_GOLGI_TRANSPORT",6,6,FALSE
"GOBP_LATE_ENDOSOME_TO_LYSOSOME_TRANSPORT",20,19,TRUE
"GOBP_LATE_ENDOSOME_TO_VACUOLE_TRANSPORT",36,33,TRUE
"GOBP_LATE_ENDOSOME_TO_VACUOLE_TRANSPORT_VIA_MULTIVESICULAR_BODY_SORTING_PATHWAY",26,25,TRUE
"GOBP_LAYER_FORMATION_IN_CEREBRAL_CORTEX",16,12,FALSE
"GOBP_LEARNED_VOCALIZATION_BEHAVIOR_OR_VOCAL_LEARNING",9,8,FALSE
"GOBP_LEARNING",160,117,TRUE
"GOBP_LEARNING_OR_MEMORY",279,202,TRUE
"GOBP_LEFT_RIGHT_AXIS_SPECIFICATION",14,10,FALSE
"GOBP_LEFT_VENTRICULAR_CARDIAC_MUSCLE_TISSUE_MORPHOGENESIS",5,5,FALSE
"GOBP_LENS_DEVELOPMENT_IN_CAMERA_TYPE_EYE",93,62,TRUE
"GOBP_LENS_FIBER_CELL_DEVELOPMENT",17,11,FALSE
"GOBP_LENS_FIBER_CELL_DIFFERENTIATION",42,32,TRUE
"GOBP_LENS_FIBER_CELL_MORPHOGENESIS",9,6,FALSE
"GOBP_LENS_MORPHOGENESIS_IN_CAMERA_TYPE_EYE",26,20,TRUE
"GOBP_LEPTIN_MEDIATED_SIGNALING_PATHWAY",10,9,FALSE
"GOBP_LEUKOCYTE_ADHESION_TO_ARTERIAL_ENDOTHELIAL_CELL",7,4,FALSE
"GOBP_LEUKOCYTE_ADHESION_TO_VASCULAR_ENDOTHELIAL_CELL",50,37,TRUE
"GOBP_LEUKOCYTE_AGGREGATION",13,12,FALSE
"GOBP_LEUKOCYTE_APOPTOTIC_PROCESS",112,89,TRUE
"GOBP_LEUKOCYTE_CELL_CELL_ADHESION",420,321,TRUE
"GOBP_LEUKOCYTE_CHEMOTAXIS",221,159,TRUE
"GOBP_LEUKOCYTE_CHEMOTAXIS_INVOLVED_IN_INFLAMMATORY_RESPONSE",8,6,FALSE
"GOBP_LEUKOCYTE_DEGRANULATION",83,60,TRUE
"GOBP_LEUKOCYTE_DIFFERENTIATION",646,511,FALSE
"GOBP_LEUKOCYTE_HOMEOSTASIS",128,102,TRUE
"GOBP_LEUKOCYTE_MEDIATED_CYTOTOXICITY",130,93,TRUE
"GOBP_LEUKOCYTE_MEDIATED_IMMUNITY",394,275,TRUE
"GOBP_LEUKOCYTE_MIGRATION",381,271,TRUE
"GOBP_LEUKOCYTE_MIGRATION_INVOLVED_IN_INFLAMMATORY_RESPONSE",19,15,TRUE
"GOBP_LEUKOCYTE_PROLIFERATION",326,241,TRUE
"GOBP_LEUKOCYTE_TETHERING_OR_ROLLING",31,22,TRUE
"GOBP_LEUKOTRIENE_B4_METABOLIC_PROCESS",5,1,FALSE
"GOBP_LEUKOTRIENE_BIOSYNTHETIC_PROCESS",17,14,FALSE
"GOBP_LEUKOTRIENE_CATABOLIC_PROCESS",7,2,FALSE
"GOBP_LEUKOTRIENE_D4_BIOSYNTHETIC_PROCESS",4,3,FALSE
"GOBP_LEUKOTRIENE_METABOLIC_PROCESS",30,22,TRUE
"GOBP_LEUKOTRIENE_SIGNALING_PATHWAY",5,2,FALSE
"GOBP_LEUKOTRIENE_TRANSPORT",6,5,FALSE
"GOBP_LEYDIG_CELL_DIFFERENTIATION",10,6,FALSE
"GOBP_LIGAND_GATED_ION_CHANNEL_SIGNALING_PATHWAY",33,22,TRUE
"GOBP_LIGHT_ABSORPTION",3,0,FALSE
"GOBP_LIMBIC_SYSTEM_DEVELOPMENT",127,88,TRUE
"GOBP_LIMB_BUD_FORMATION",9,6,FALSE
"GOBP_LIMB_JOINT_MORPHOGENESIS",7,7,FALSE
"GOBP_LINOLEIC_ACID_METABOLIC_PROCESS",20,11,FALSE
"GOBP_LIPID_BIOSYNTHETIC_PROCESS",728,553,FALSE
"GOBP_LIPID_CATABOLIC_PROCESS",345,237,TRUE
"GOBP_LIPID_DIGESTION",22,7,FALSE
"GOBP_LIPID_DROPLET_DISASSEMBLY",7,6,FALSE
"GOBP_LIPID_DROPLET_FORMATION",21,16,TRUE
"GOBP_LIPID_DROPLET_FUSION",6,3,FALSE
"GOBP_LIPID_DROPLET_ORGANIZATION",45,35,TRUE
"GOBP_LIPID_EXPORT_FROM_CELL",52,31,TRUE
"GOBP_LIPID_HOMEOSTASIS",183,126,TRUE
"GOBP_LIPID_HYDROXYLATION",7,1,FALSE
"GOBP_LIPID_IMPORT_INTO_CELL",23,15,TRUE
"GOBP_LIPID_LOCALIZATION",443,305,TRUE
"GOBP_LIPID_METABOLIC_PROCESS",1330,983,FALSE
"GOBP_LIPID_MODIFICATION",180,137,TRUE
"GOBP_LIPID_OXIDATION",116,90,TRUE
"GOBP_LIPID_PHOSPHORYLATION",10,8,FALSE
"GOBP_LIPID_TRANSLOCATION",61,46,TRUE
"GOBP_LIPID_TRANSPORT_ACROSS_BLOOD_BRAIN_BARRIER",6,5,FALSE
"GOBP_LIPOPHAGY",8,8,FALSE
"GOBP_LIPOPOLYSACCHARIDE_MEDIATED_SIGNALING_PATHWAY",64,52,TRUE
"GOBP_LIPOPROTEIN_BIOSYNTHETIC_PROCESS",50,39,TRUE
"GOBP_LIPOPROTEIN_CATABOLIC_PROCESS",14,10,FALSE
"GOBP_LIPOPROTEIN_LOCALIZATION",27,18,TRUE
"GOBP_LIPOPROTEIN_METABOLIC_PROCESS",87,62,TRUE
"GOBP_LIPOPROTEIN_PARTICLE_MEDIATED_SIGNALING",5,4,FALSE
"GOBP_LIPOSACCHARIDE_METABOLIC_PROCESS",117,91,TRUE
"GOBP_LIPOXIN_A4_METABOLIC_PROCESS",5,3,FALSE
"GOBP_LIPOXYGENASE_PATHWAY",11,6,FALSE
"GOBP_LIVER_MORPHOGENESIS",24,19,TRUE
"GOBP_LIVER_REGENERATION",28,21,TRUE
"GOBP_LNCRNA_MEDIATED_POST_TRANSCRIPTIONAL_GENE_SILENCING",2,2,FALSE
"GOBP_LNCRNA_TRANSCRIPTION",6,3,FALSE
"GOBP_LOBAR_BRONCHUS_DEVELOPMENT",6,1,FALSE
"GOBP_LOBAR_BRONCHUS_EPITHELIUM_DEVELOPMENT",5,1,FALSE
"GOBP_LOCALIZATION_OF_CELL",5,4,FALSE
"GOBP_LOCALIZATION_WITHIN_MEMBRANE",726,600,FALSE
"GOBP_LOCOMOTION",1201,913,FALSE
"GOBP_LOCOMOTION_INVOLVED_IN_LOCOMOTORY_BEHAVIOR",15,9,FALSE
"GOBP_LOCOMOTORY_BEHAVIOR",219,151,TRUE
"GOBP_LOCOMOTORY_EXPLORATION_BEHAVIOR",17,12,FALSE
"GOBP_LOCOMOTOR_RHYTHM",15,12,FALSE
"GOBP_LONG_CHAIN_FATTY_ACID_BIOSYNTHETIC_PROCESS",27,17,TRUE
"GOBP_LONG_CHAIN_FATTY_ACID_CATABOLIC_PROCESS",8,3,FALSE
"GOBP_LONG_CHAIN_FATTY_ACID_IMPORT_ACROSS_PLASMA_MEMBRANE",10,8,FALSE
"GOBP_LONG_CHAIN_FATTY_ACID_IMPORT_INTO_CELL",19,12,FALSE
"GOBP_LONG_CHAIN_FATTY_ACID_METABOLIC_PROCESS",107,66,TRUE
"GOBP_LONG_CHAIN_FATTY_ACID_TRANSPORT",64,39,TRUE
"GOBP_LONG_CHAIN_FATTY_ACYL_COA_BIOSYNTHETIC_PROCESS",19,17,TRUE
"GOBP_LONG_CHAIN_FATTY_ACYL_COA_METABOLIC_PROCESS",25,22,TRUE
"GOBP_LONG_TERM_MEMORY",37,25,TRUE
"GOBP_LONG_TERM_SYNAPTIC_DEPRESSION",36,23,TRUE
"GOBP_LONG_TERM_SYNAPTIC_POTENTIATION",102,80,TRUE
"GOBP_LOOP_OF_HENLE_DEVELOPMENT",12,5,FALSE
"GOBP_LOW_DENSITY_LIPOPROTEIN_PARTICLE_CLEARANCE",29,21,TRUE
"GOBP_LOW_DENSITY_LIPOPROTEIN_PARTICLE_REMODELING",14,8,FALSE
"GOBP_LOW_DENSITY_LIPOPROTEIN_RECEPTOR_PARTICLE_METABOLIC_PROCESS",7,6,FALSE
"GOBP_LUNG_ALVEOLUS_DEVELOPMENT",55,43,TRUE
"GOBP_LUNG_ASSOCIATED_MESENCHYME_DEVELOPMENT",9,8,FALSE
"GOBP_LUNG_CELL_DIFFERENTIATION",29,14,FALSE
"GOBP_LUNG_EPITHELIUM_DEVELOPMENT",46,28,TRUE
"GOBP_LUNG_GROWTH",5,3,FALSE
"GOBP_LUNG_LOBE_DEVELOPMENT",8,7,FALSE
"GOBP_LUNG_MORPHOGENESIS",60,41,TRUE
"GOBP_LUNG_SACCULE_DEVELOPMENT",9,4,FALSE
"GOBP_LUNG_SECRETORY_CELL_DIFFERENTIATION",12,4,FALSE
"GOBP_LUNG_VASCULATURE_DEVELOPMENT",11,9,FALSE
"GOBP_LUTEINIZATION",12,8,FALSE
"GOBP_LUTEINIZING_HORMONE_SECRETION",12,5,FALSE
"GOBP_LUTEOLYSIS",8,7,FALSE
"GOBP_LYMPHATIC_ENDOTHELIAL_CELL_DIFFERENTIATION",9,8,FALSE
"GOBP_LYMPHOCYTE_ACTIVATION",797,618,FALSE
"GOBP_LYMPHOCYTE_ACTIVATION_INVOLVED_IN_IMMUNE_RESPONSE",229,176,TRUE
"GOBP_LYMPHOCYTE_AGGREGATION",5,4,FALSE
"GOBP_LYMPHOCYTE_ANERGY",9,9,FALSE
"GOBP_LYMPHOCYTE_APOPTOTIC_PROCESS",77,60,TRUE
"GOBP_LYMPHOCYTE_CHEMOTAXIS",44,32,TRUE
"GOBP_LYMPHOCYTE_COSTIMULATION",48,35,TRUE
"GOBP_LYMPHOCYTE_DIFFERENTIATION",441,346,TRUE
"GOBP_LYMPHOCYTE_HOMEOSTASIS",94,78,TRUE
"GOBP_LYMPHOCYTE_MEDIATED_IMMUNITY",293,203,TRUE
"GOBP_LYMPHOCYTE_MIGRATION",108,81,TRUE
"GOBP_LYMPHOCYTE_MIGRATION_INTO_LYMPHOID_ORGANS",11,9,FALSE
"GOBP_LYMPHOID_PROGENITOR_CELL_DIFFERENTIATION",23,20,TRUE
"GOBP_LYMPH_NODE_DEVELOPMENT",21,16,TRUE
"GOBP_LYMPH_VESSEL_DEVELOPMENT",29,26,TRUE
"GOBP_LYMPH_VESSEL_MORPHOGENESIS",20,19,TRUE
"GOBP_LYSINE_METABOLIC_PROCESS",10,8,FALSE
"GOBP_LYSOSOMAL_LUMEN_ACIDIFICATION",26,22,TRUE
"GOBP_LYSOSOMAL_LUMEN_PH_ELEVATION",5,3,FALSE
"GOBP_LYSOSOMAL_MEMBRANE_ORGANIZATION",20,18,TRUE
"GOBP_LYSOSOMAL_TRANSPORT",130,116,TRUE
"GOBP_LYTIC_VACUOLE_ORGANIZATION",124,109,TRUE
"GOBP_L_ALANINE_TRANSMEMBRANE_TRANSPORT",5,5,FALSE
"GOBP_L_ALANINE_TRANSPORT",11,9,FALSE
"GOBP_L_ALPHA_AMINO_ACID_TRANSMEMBRANE_TRANSPORT",71,51,TRUE
"GOBP_L_AMINO_ACID_CATABOLIC_PROCESS",86,58,TRUE
"GOBP_L_AMINO_ACID_METABOLIC_PROCESS",170,121,TRUE
"GOBP_L_AMINO_ACID_TRANSPORT",92,69,TRUE
"GOBP_L_ARGININE_BIOSYNTHETIC_PROCESS",5,3,FALSE
"GOBP_L_ARGININE_CATABOLIC_PROCESS",8,7,FALSE
"GOBP_L_ARGININE_IMPORT_ACROSS_PLASMA_MEMBRANE",5,3,FALSE
"GOBP_L_ARGININE_TRANSMEMBRANE_TRANSPORT",15,13,FALSE
"GOBP_L_ASCORBIC_ACID_METABOLIC_PROCESS",11,7,FALSE
"GOBP_L_ASPARTATE_IMPORT_ACROSS_PLASMA_MEMBRANE",6,4,FALSE
"GOBP_L_ASPARTATE_TRANSMEMBRANE_TRANSPORT",11,7,FALSE
"GOBP_L_CYSTINE_TRANSPORT",6,4,FALSE
"GOBP_L_GLUTAMATE_CATABOLIC_PROCESS",6,5,FALSE
"GOBP_L_GLUTAMATE_IMPORT",44,32,TRUE
"GOBP_L_GLUTAMATE_IMPORT_ACROSS_PLASMA_MEMBRANE",19,12,FALSE
"GOBP_L_GLUTAMATE_TRANSMEMBRANE_TRANSPORT",34,22,TRUE
"GOBP_L_GLUTAMINE_IMPORT_ACROSS_PLASMA_MEMBRANE",5,5,FALSE
"GOBP_L_HISTIDINE_METABOLIC_PROCESS",8,2,FALSE
"GOBP_L_HISTIDINE_TRANSMEMBRANE_TRANSPORT",6,6,FALSE
"GOBP_L_KYNURENINE_METABOLIC_PROCESS",5,4,FALSE
"GOBP_L_LEUCINE_CATABOLIC_PROCESS",7,6,FALSE
"GOBP_L_LEUCINE_IMPORT_ACROSS_PLASMA_MEMBRANE",5,5,FALSE
"GOBP_L_LEUCINE_METABOLIC_PROCESS",9,7,FALSE
"GOBP_L_LEUCINE_TRANSPORT",10,10,FALSE
"GOBP_L_LYSINE_CATABOLIC_PROCESS",7,7,FALSE
"GOBP_L_LYSINE_TRANSPORT",8,7,FALSE
"GOBP_L_METHIONINE_SALVAGE_FROM_METHYLTHIOADENOSINE",5,5,FALSE
"GOBP_L_PHENYLALANINE_METABOLIC_PROCESS",8,4,FALSE
"GOBP_L_PROLINE_BIOSYNTHETIC_PROCESS",6,3,FALSE
"GOBP_L_PROLINE_TRANSMEMBRANE_TRANSPORT",5,3,FALSE
"GOBP_L_SERINE_CATABOLIC_PROCESS",4,4,FALSE
"GOBP_L_SERINE_METABOLIC_PROCESS",13,12,FALSE
"GOBP_L_TRYPTOPHAN_CATABOLIC_PROCESS",9,3,FALSE
"GOBP_L_TRYPTOPHAN_CATABOLIC_PROCESS_TO_KYNURENINE",5,1,FALSE
"GOBP_L_TRYPTOPHAN_METABOLIC_PROCESS",15,9,FALSE
"GOBP_L_TYROSINE_CATABOLIC_PROCESS",6,3,FALSE
"GOBP_MACROAUTOPHAGY",382,340,TRUE
"GOBP_MACROMOLECULE_CATABOLIC_PROCESS",1545,1283,FALSE
"GOBP_MACROMOLECULE_DEACYLATION",47,41,TRUE
"GOBP_MACROMOLECULE_DEPALMITOYLATION",16,14,FALSE
"GOBP_MACROMOLECULE_METHYLATION",127,106,TRUE
"GOBP_MACROPHAGE_ACTIVATION",112,89,TRUE
"GOBP_MACROPHAGE_ACTIVATION_INVOLVED_IN_IMMUNE_RESPONSE",22,19,TRUE
"GOBP_MACROPHAGE_APOPTOTIC_PROCESS",11,9,FALSE
"GOBP_MACROPHAGE_CHEMOTAXIS",42,29,TRUE
"GOBP_MACROPHAGE_COLONY_STIMULATING_FACTOR_PRODUCTION",9,5,FALSE
"GOBP_MACROPHAGE_COLONY_STIMULATING_FACTOR_SIGNALING_PATHWAY",8,8,FALSE
"GOBP_MACROPHAGE_CYTOKINE_PRODUCTION",18,15,TRUE
"GOBP_MACROPHAGE_DIFFERENTIATION",69,55,TRUE
"GOBP_MACROPHAGE_FUSION",6,4,FALSE
"GOBP_MACROPHAGE_INFLAMMATORY_PROTEIN_1_ALPHA_PRODUCTION",7,7,FALSE
"GOBP_MACROPHAGE_MIGRATION",56,43,TRUE
"GOBP_MACROPHAGE_PROLIFERATION",12,11,FALSE
"GOBP_MACROPINOCYTOSIS",11,11,FALSE
"GOBP_MAGNESIUM_ION_HOMEOSTASIS",13,10,FALSE
"GOBP_MAGNESIUM_ION_TRANSPORT",21,16,TRUE
"GOBP_MAINTENANCE_OF_ANIMAL_ORGAN_IDENTITY",5,3,FALSE
"GOBP_MAINTENANCE_OF_APICAL_BASAL_CELL_POLARITY",7,4,FALSE
"GOBP_MAINTENANCE_OF_BLOOD_BRAIN_BARRIER",37,31,TRUE
"GOBP_MAINTENANCE_OF_CELL_NUMBER",198,160,TRUE
"GOBP_MAINTENANCE_OF_CELL_POLARITY",14,11,FALSE
"GOBP_MAINTENANCE_OF_CENTROSOME_LOCATION",6,6,FALSE
"GOBP_MAINTENANCE_OF_DNA_REPEAT_ELEMENTS",7,5,FALSE
"GOBP_MAINTENANCE_OF_GASTROINTESTINAL_EPITHELIUM",23,10,FALSE
"GOBP_MAINTENANCE_OF_LENS_TRANSPARENCY",8,4,FALSE
"GOBP_MAINTENANCE_OF_LOCATION",211,171,TRUE
"GOBP_MAINTENANCE_OF_ORGANELLE_LOCATION",11,10,FALSE
"GOBP_MAINTENANCE_OF_POSTSYNAPTIC_DENSITY_STRUCTURE",7,6,FALSE
"GOBP_MAINTENANCE_OF_POSTSYNAPTIC_SPECIALIZATION_STRUCTURE",12,11,FALSE
"GOBP_MAINTENANCE_OF_PRESYNAPTIC_ACTIVE_ZONE_STRUCTURE",8,6,FALSE
"GOBP_MAINTENANCE_OF_PROTEIN_LOCALIZATION_IN_ENDOPLASMIC_RETICULUM",12,10,FALSE
"GOBP_MAINTENANCE_OF_PROTEIN_LOCALIZATION_IN_ORGANELLE",43,37,TRUE
"GOBP_MAINTENANCE_OF_PROTEIN_LOCATION",64,51,TRUE
"GOBP_MAINTENANCE_OF_PROTEIN_LOCATION_IN_EXTRACELLULAR_REGION",7,4,FALSE
"GOBP_MAINTENANCE_OF_PROTEIN_LOCATION_IN_MITOCHONDRION",5,5,FALSE
"GOBP_MAINTENANCE_OF_PROTEIN_LOCATION_IN_NUCLEUS",24,20,TRUE
"GOBP_MAINTENANCE_OF_SISTER_CHROMATID_COHESION",13,13,FALSE
"GOBP_MAINTENANCE_OF_SYNAPSE_STRUCTURE",36,27,TRUE
"GOBP_MAINTENANCE_OF_TRANSLATIONAL_FIDELITY",8,4,FALSE
"GOBP_MALATE_ASPARTATE_SHUTTLE",9,7,FALSE
"GOBP_MALATE_METABOLIC_PROCESS",11,9,FALSE
"GOBP_MALE_GAMETE_GENERATION",696,387,TRUE
"GOBP_MALE_GENITALIA_DEVELOPMENT",23,12,FALSE
"GOBP_MALE_MATING_BEHAVIOR",8,4,FALSE
"GOBP_MALE_MEIOSIS_I",29,14,FALSE
"GOBP_MALE_MEIOTIC_NUCLEAR_DIVISION",56,26,TRUE
"GOBP_MALE_SEX_DETERMINATION",13,5,FALSE
"GOBP_MALE_SEX_DIFFERENTIATION",161,104,TRUE
"GOBP_MALONYL_COA_METABOLIC_PROCESS",6,5,FALSE
"GOBP_MAMMALIAN_OOGENESIS_STAGE",11,5,FALSE
"GOBP_MAMMARY_GLAND_ALVEOLUS_DEVELOPMENT",19,14,FALSE
"GOBP_MAMMARY_GLAND_BRANCHING_INVOLVED_IN_PREGNANCY",7,5,FALSE
"GOBP_MAMMARY_GLAND_DEVELOPMENT",137,100,TRUE
"GOBP_MAMMARY_GLAND_DUCT_MORPHOGENESIS",34,28,TRUE
"GOBP_MAMMARY_GLAND_EPITHELIAL_CELL_DIFFERENTIATION",17,12,FALSE
"GOBP_MAMMARY_GLAND_EPITHELIAL_CELL_PROLIFERATION",26,22,TRUE
"GOBP_MAMMARY_GLAND_EPITHELIUM_DEVELOPMENT",71,53,TRUE
"GOBP_MAMMARY_GLAND_FORMATION",6,4,FALSE
"GOBP_MAMMARY_GLAND_INVOLUTION",9,7,FALSE
"GOBP_MAMMARY_GLAND_MORPHOGENESIS",48,38,TRUE
"GOBP_MANCHETTE_ASSEMBLY",12,5,FALSE
"GOBP_MANGANESE_ION_HOMEOSTASIS",6,6,FALSE
"GOBP_MANGANESE_ION_TRANSMEMBRANE_TRANSPORT",10,9,FALSE
"GOBP_MANGANESE_ION_TRANSPORT",12,10,FALSE
"GOBP_MANNOSE_METABOLIC_PROCESS",10,9,FALSE
"GOBP_MAPK_CASCADE",768,579,FALSE
"GOBP_MARGINAL_ZONE_B_CELL_DIFFERENTIATION",9,9,FALSE
"GOBP_MAST_CELL_ACTIVATION",73,54,TRUE
"GOBP_MAST_CELL_ACTIVATION_INVOLVED_IN_IMMUNE_RESPONSE",61,43,TRUE
"GOBP_MAST_CELL_CYTOKINE_PRODUCTION",5,5,FALSE
"GOBP_MAST_CELL_DIFFERENTIATION",7,5,FALSE
"GOBP_MAST_CELL_MIGRATION",13,11,FALSE
"GOBP_MATERNAL_PLACENTA_DEVELOPMENT",36,31,TRUE
"GOBP_MATERNAL_PROCESS_INVOLVED_IN_FEMALE_PREGNANCY",57,45,TRUE
"GOBP_MATERNAL_PROCESS_INVOLVED_IN_PARTURITION",5,1,FALSE
"GOBP_MATERNAL_TO_ZYGOTIC_TRANSITION_OF_GENE_EXPRESSION",3,2,FALSE
"GOBP_MATING_BEHAVIOR",34,19,TRUE
"GOBP_MATURATION_OF_5_8S_RRNA",41,41,TRUE
"GOBP_MATURATION_OF_5_8S_RRNA_FROM_TRICISTRONIC_RRNA_TRANSCRIPT_SSU_RRNA_5_8S_RRNA_LSU_RRNA",31,31,TRUE
"GOBP_MATURATION_OF_LSU_RRNA",32,26,TRUE
"GOBP_MATURATION_OF_LSU_RRNA_FROM_TRICISTRONIC_RRNA_TRANSCRIPT_SSU_RRNA_5_8S_RRNA_LSU_RRNA",23,19,TRUE
"GOBP_MATURATION_OF_SSU_RRNA",74,63,TRUE
"GOBP_MATURATION_OF_SSU_RRNA_FROM_TRICISTRONIC_RRNA_TRANSCRIPT_SSU_RRNA_5_8S_RRNA_LSU_RRNA",35,30,TRUE
"GOBP_MATURE_B_CELL_DIFFERENTIATION",38,30,TRUE
"GOBP_MATURE_CONVENTIONAL_DENDRITIC_CELL_DIFFERENTIATION",5,5,FALSE
"GOBP_MDA_5_SIGNALING_PATHWAY",10,10,FALSE
"GOBP_MECHANORECEPTOR_DIFFERENTIATION",77,51,TRUE
"GOBP_MECHANOSENSORY_BEHAVIOR",14,11,FALSE
"GOBP_MEDIUM_CHAIN_FATTY_ACID_BIOSYNTHETIC_PROCESS",6,5,FALSE
"GOBP_MEDIUM_CHAIN_FATTY_ACID_CATABOLIC_PROCESS",4,4,FALSE
"GOBP_MEDIUM_CHAIN_FATTY_ACID_METABOLIC_PROCESS",14,9,FALSE
"GOBP_MEDIUM_CHAIN_FATTY_ACYL_COA_METABOLIC_PROCESS",6,4,FALSE
"GOBP_MEGAKARYOCYTE_DEVELOPMENT",23,17,TRUE
"GOBP_MEGAKARYOCYTE_DIFFERENTIATION",54,44,TRUE
"GOBP_MEIOSIS_I_CELL_CYCLE_PROCESS",147,84,TRUE
"GOBP_MEIOTIC_ATTACHMENT_OF_TELOMERE_TO_NUCLEAR_ENVELOPE",5,0,FALSE
"GOBP_MEIOTIC_CELL_CYCLE",310,205,TRUE
"GOBP_MEIOTIC_CELL_CYCLE_CHECKPOINT_SIGNALING",10,9,FALSE
"GOBP_MEIOTIC_CELL_CYCLE_PHASE_TRANSITION",16,13,FALSE
"GOBP_MEIOTIC_CELL_CYCLE_PROCESS",228,145,TRUE
"GOBP_MEIOTIC_CELL_CYCLE_PROCESS_INVOLVED_IN_OOCYTE_MATURATION",7,6,FALSE
"GOBP_MEIOTIC_CHROMOSOME_CONDENSATION",6,6,FALSE
"GOBP_MEIOTIC_CHROMOSOME_SEGREGATION",99,60,TRUE
"GOBP_MEIOTIC_CHROMOSOME_SEPARATION",11,8,FALSE
"GOBP_MEIOTIC_CYTOKINESIS",9,8,FALSE
"GOBP_MEIOTIC_DNA_DOUBLE_STRAND_BREAK_FORMATION",8,2,FALSE
"GOBP_MEIOTIC_METAPHASE_CHROMOSOME_ALIGNMENT",6,6,FALSE
"GOBP_MEIOTIC_MISMATCH_REPAIR",5,5,FALSE
"GOBP_MEIOTIC_SISTER_CHROMATID_COHESION",19,13,FALSE
"GOBP_MEIOTIC_SISTER_CHROMATID_COHESION_CENTROMERIC",5,4,FALSE
"GOBP_MEIOTIC_SPINDLE_ASSEMBLY",16,15,TRUE
"GOBP_MEIOTIC_SPINDLE_ORGANIZATION",24,21,TRUE
"GOBP_MELANOCYTE_DIFFERENTIATION",23,20,TRUE
"GOBP_MELANOCYTE_PROLIFERATION",5,4,FALSE
"GOBP_MELANOSOME_ASSEMBLY",19,16,TRUE
"GOBP_MEMBRANELESS_ORGANELLE_ASSEMBLY",451,388,TRUE
"GOBP_MEMBRANE_BENDING",5,4,FALSE
"GOBP_MEMBRANE_BIOGENESIS",65,57,TRUE
"GOBP_MEMBRANE_DEPOLARIZATION",98,68,TRUE
"GOBP_MEMBRANE_DEPOLARIZATION_DURING_ACTION_POTENTIAL",34,27,TRUE
"GOBP_MEMBRANE_DEPOLARIZATION_DURING_AV_NODE_CELL_ACTION_POTENTIAL",5,4,FALSE
"GOBP_MEMBRANE_DEPOLARIZATION_DURING_CARDIAC_MUSCLE_CELL_ACTION_POTENTIAL",22,19,TRUE
"GOBP_MEMBRANE_DEPOLARIZATION_DURING_SA_NODE_CELL_ACTION_POTENTIAL",5,4,FALSE
"GOBP_MEMBRANE_DISASSEMBLY",13,13,FALSE
"GOBP_MEMBRANE_DOCKING",86,74,TRUE
"GOBP_MEMBRANE_FISSION",44,39,TRUE
"GOBP_MEMBRANE_FUSION",195,151,TRUE
"GOBP_MEMBRANE_HYPERPOLARIZATION",12,6,FALSE
"GOBP_MEMBRANE_INVAGINATION",64,55,TRUE
"GOBP_MEMBRANE_LIPID_BIOSYNTHETIC_PROCESS",151,115,TRUE
"GOBP_MEMBRANE_LIPID_CATABOLIC_PROCESS",52,39,TRUE
"GOBP_MEMBRANE_LIPID_METABOLIC_PROCESS",214,163,TRUE
"GOBP_MEMBRANE_ORGANIZATION",851,712,FALSE
"GOBP_MEMBRANE_PROTEIN_ECTODOMAIN_PROTEOLYSIS",51,44,TRUE
"GOBP_MEMBRANE_PROTEIN_INTRACELLULAR_DOMAIN_PROTEOLYSIS",16,13,FALSE
"GOBP_MEMBRANE_PROTEIN_PROTEOLYSIS",63,55,TRUE
"GOBP_MEMBRANE_RAFT_ASSEMBLY",13,13,FALSE
"GOBP_MEMBRANE_RAFT_LOCALIZATION",9,8,FALSE
"GOBP_MEMBRANE_RAFT_ORGANIZATION",29,28,TRUE
"GOBP_MEMBRANE_REPOLARIZATION",53,32,TRUE
"GOBP_MEMBRANE_REPOLARIZATION_DURING_ACTION_POTENTIAL",31,16,TRUE
"GOBP_MEMBRANE_REPOLARIZATION_DURING_ATRIAL_CARDIAC_MUSCLE_CELL_ACTION_POTENTIAL",6,3,FALSE
"GOBP_MEMBRANE_REPOLARIZATION_DURING_VENTRICULAR_CARDIAC_MUSCLE_CELL_ACTION_POTENTIAL",17,9,FALSE
"GOBP_MEMBRANE_TO_MEMBRANE_DOCKING",6,6,FALSE
"GOBP_MEMBRANE_TUBULATION",12,12,FALSE
"GOBP_MEMBRANOUS_SEPTUM_MORPHOGENESIS",10,8,FALSE
"GOBP_MEMORY",131,93,TRUE
"GOBP_MENAQUINONE_CATABOLIC_PROCESS",4,1,FALSE
"GOBP_MENAQUINONE_METABOLIC_PROCESS",5,2,FALSE
"GOBP_MESANGIAL_CELL_DEVELOPMENT",6,6,FALSE
"GOBP_MESANGIAL_CELL_DIFFERENTIATION",7,7,FALSE
"GOBP_MESENCHYMAL_CELL_APOPTOTIC_PROCESS",15,5,FALSE
"GOBP_MESENCHYMAL_CELL_DEVELOPMENT",6,3,FALSE
"GOBP_MESENCHYMAL_CELL_DIFFERENTIATION",249,195,TRUE
"GOBP_MESENCHYMAL_CELL_DIFFERENTIATION_INVOLVED_IN_KIDNEY_DEVELOPMENT",7,3,FALSE
"GOBP_MESENCHYMAL_CELL_MIGRATION",62,53,TRUE
"GOBP_MESENCHYMAL_CELL_PROLIFERATION",47,36,TRUE
"GOBP_MESENCHYMAL_CELL_PROLIFERATION_INVOLVED_IN_LUNG_DEVELOPMENT",6,6,FALSE
"GOBP_MESENCHYMAL_EPITHELIAL_CELL_SIGNALING",9,6,FALSE
"GOBP_MESENCHYMAL_STEM_CELL_DIFFERENTIATION",13,9,FALSE
"GOBP_MESENCHYMAL_STEM_CELL_MAINTENANCE_INVOLVED_IN_NEPHRON_MORPHOGENESIS",6,1,FALSE
"GOBP_MESENCHYMAL_STEM_CELL_PROLIFERATION",9,6,FALSE
"GOBP_MESENCHYMAL_TO_EPITHELIAL_TRANSITION",20,8,FALSE
"GOBP_MESENCHYMAL_TO_EPITHELIAL_TRANSITION_INVOLVED_IN_METANEPHROS_MORPHOGENESIS",11,4,FALSE
"GOBP_MESENCHYME_DEVELOPMENT",310,236,TRUE
"GOBP_MESENCHYME_MIGRATION",5,5,FALSE
"GOBP_MESENCHYME_MORPHOGENESIS",62,48,TRUE
"GOBP_MESENDODERM_DEVELOPMENT",4,2,FALSE
"GOBP_MESODERMAL_CELL_DIFFERENTIATION",31,24,TRUE
"GOBP_MESODERMAL_CELL_FATE_COMMITMENT",17,10,FALSE
"GOBP_MESODERMAL_CELL_FATE_SPECIFICATION",12,5,FALSE
"GOBP_MESODERMAL_CELL_MIGRATION",4,2,FALSE
"GOBP_MESODERM_DEVELOPMENT",127,85,TRUE
"GOBP_MESODERM_MORPHOGENESIS",73,50,TRUE
"GOBP_MESONEPHRIC_DUCT_DEVELOPMENT",9,5,FALSE
"GOBP_MESONEPHRIC_TUBULE_FORMATION",10,4,FALSE
"GOBP_MESONEPHRIC_TUBULE_MORPHOGENESIS",67,41,TRUE
"GOBP_MESONEPHROS_DEVELOPMENT",102,69,TRUE
"GOBP_METABOLIC_COMPOUND_SALVAGE",45,36,TRUE
"GOBP_METABOLITE_REPAIR",7,7,FALSE
"GOBP_METALLO_SULFUR_CLUSTER_ASSEMBLY",28,26,TRUE
"GOBP_METAL_ION_TRANSPORT",855,568,FALSE
"GOBP_METANEPHRIC_COLLECTING_DUCT_DEVELOPMENT",10,5,FALSE
"GOBP_METANEPHRIC_DISTAL_TUBULE_DEVELOPMENT",7,1,FALSE
"GOBP_METANEPHRIC_EPITHELIUM_DEVELOPMENT",27,12,FALSE
"GOBP_METANEPHRIC_GLOMERULAR_MESANGIUM_DEVELOPMENT",5,4,FALSE
"GOBP_METANEPHRIC_GLOMERULUS_DEVELOPMENT",16,10,FALSE
"GOBP_METANEPHRIC_GLOMERULUS_VASCULATURE_DEVELOPMENT",9,7,FALSE
"GOBP_METANEPHRIC_LOOP_OF_HENLE_DEVELOPMENT",6,2,FALSE
"GOBP_METANEPHRIC_MESENCHYMAL_CELL_DIFFERENTIATION",5,2,FALSE
"GOBP_METANEPHRIC_MESENCHYME_DEVELOPMENT",14,8,FALSE
"GOBP_METANEPHRIC_NEPHRON_DEVELOPMENT",39,21,TRUE
"GOBP_METANEPHRIC_NEPHRON_EPITHELIUM_DEVELOPMENT",24,11,FALSE
"GOBP_METANEPHRIC_NEPHRON_MORPHOGENESIS",23,11,FALSE
"GOBP_METANEPHRIC_NEPHRON_TUBULE_EPITHELIAL_CELL_DIFFERENTIATION",6,3,FALSE
"GOBP_METANEPHRIC_NEPHRON_TUBULE_MORPHOGENESIS",8,4,FALSE
"GOBP_METANEPHRIC_PART_OF_URETERIC_BUD_DEVELOPMENT",6,0,FALSE
"GOBP_METANEPHRIC_PROXIMAL_TUBULE_DEVELOPMENT",5,3,FALSE
"GOBP_METANEPHRIC_RENAL_VESICLE_MORPHOGENESIS",13,5,FALSE
"GOBP_METANEPHRIC_S_SHAPED_BODY_MORPHOGENESIS",5,1,FALSE
"GOBP_METANEPHRIC_TUBULE_FORMATION",6,2,FALSE
"GOBP_METANEPHRIC_TUBULE_MORPHOGENESIS",10,5,FALSE
"GOBP_METANEPHROS_DEVELOPMENT",91,55,TRUE
"GOBP_METANEPHROS_MORPHOGENESIS",30,11,FALSE
"GOBP_METAPHASE_ANAPHASE_TRANSITION_OF_MEIOTIC_CELL_CYCLE",7,5,FALSE
"GOBP_METAPHASE_CHROMOSOME_ALIGNMENT",109,101,TRUE
"GOBP_METENCEPHALON_DEVELOPMENT",118,82,TRUE
"GOBP_METHIONINE_BIOSYNTHETIC_PROCESS",12,10,FALSE
"GOBP_METHIONINE_METABOLIC_PROCESS",16,12,FALSE
"GOBP_METHYLATION",215,178,TRUE
"GOBP_METHYLGLYOXAL_METABOLIC_PROCESS",6,5,FALSE
"GOBP_MHC_CLASS_II_BIOSYNTHETIC_PROCESS",19,13,FALSE
"GOBP_MHC_CLASS_I_BIOSYNTHETIC_PROCESS",7,4,FALSE
"GOBP_MICROAUTOPHAGY",21,20,TRUE
"GOBP_MICROGLIAL_CELL_ACTIVATION_INVOLVED_IN_IMMUNE_RESPONSE",8,8,FALSE
"GOBP_MICROGLIAL_CELL_MEDIATED_CYTOTOXICITY",5,5,FALSE
"GOBP_MICROGLIAL_CELL_MIGRATION",8,8,FALSE
"GOBP_MICROGLIAL_CELL_PROLIFERATION",9,8,FALSE
"GOBP_MICROGLIA_DIFFERENTIATION",16,14,FALSE
"GOBP_MICROTUBULE_ANCHORING",25,22,TRUE
"GOBP_MICROTUBULE_ANCHORING_AT_MICROTUBULE_ORGANIZING_CENTER",14,13,FALSE
"GOBP_MICROTUBULE_BASED_MOVEMENT",522,333,TRUE
"GOBP_MICROTUBULE_BASED_PROCESS",1041,765,FALSE
"GOBP_MICROTUBULE_BASED_TRANSPORT",245,191,TRUE
"GOBP_MICROTUBULE_BUNDLE_FORMATION",138,76,TRUE
"GOBP_MICROTUBULE_CYTOSKELETON_ORGANIZATION",677,530,FALSE
"GOBP_MICROTUBULE_CYTOSKELETON_ORGANIZATION_INVOLVED_IN_MITOSIS",166,150,TRUE
"GOBP_MICROTUBULE_DEPOLYMERIZATION",54,46,TRUE
"GOBP_MICROTUBULE_NUCLEATION",49,42,TRUE
"GOBP_MICROTUBULE_NUCLEATION_BY_MICROTUBULE_ORGANIZING_CENTER",5,3,FALSE
"GOBP_MICROTUBULE_ORGANIZING_CENTER_LOCALIZATION",30,27,TRUE
"GOBP_MICROTUBULE_ORGANIZING_CENTER_ORGANIZATION",157,129,TRUE
"GOBP_MICROTUBULE_POLYMERIZATION",103,84,TRUE
"GOBP_MICROTUBULE_POLYMERIZATION_OR_DEPOLYMERIZATION",147,121,TRUE
"GOBP_MICROTUBULE_SEVERING",12,7,FALSE
"GOBP_MICROVILLUS_ASSEMBLY",15,11,FALSE
"GOBP_MICROVILLUS_ORGANIZATION",25,19,TRUE
"GOBP_MICTURITION",9,3,FALSE
"GOBP_MIDBODY_ABSCISSION",22,21,TRUE
"GOBP_MIDBRAIN_DEVELOPMENT",89,63,TRUE
"GOBP_MIDBRAIN_DOPAMINERGIC_NEURON_DIFFERENTIATION",17,9,FALSE
"GOBP_MIDBRAIN_HINDBRAIN_BOUNDARY_DEVELOPMENT",7,3,FALSE
"GOBP_MIDDLE_EAR_MORPHOGENESIS",23,15,TRUE
"GOBP_MIDGUT_DEVELOPMENT",11,8,FALSE
"GOBP_MIGRACYTOSIS",6,5,FALSE
"GOBP_MINERALOCORTICOID_BIOSYNTHETIC_PROCESS",11,7,FALSE
"GOBP_MINERALOCORTICOID_METABOLIC_PROCESS",13,9,FALSE
"GOBP_MIRNA_CATABOLIC_PROCESS",14,11,FALSE
"GOBP_MIRNA_MEDIATED_GENE_SILENCING_BY_INHIBITION_OF_TRANSLATION",17,15,TRUE
"GOBP_MIRNA_MEDIATED_GENE_SILENCING_BY_MRNA_DESTABILIZATION",8,8,FALSE
"GOBP_MIRNA_METABOLIC_PROCESS",103,88,TRUE
"GOBP_MIRNA_PROCESSING",46,42,TRUE
"GOBP_MIRNA_TRANSCRIPTION",75,63,TRUE
"GOBP_MISMATCH_REPAIR",32,28,TRUE
"GOBP_MITOCHONDRIAL_ADP_TRANSMEMBRANE_TRANSPORT",4,2,FALSE
"GOBP_MITOCHONDRIAL_ATP_TRANSMEMBRANE_TRANSPORT",7,4,FALSE
"GOBP_MITOCHONDRIAL_CALCIUM_ION_HOMEOSTASIS",23,20,TRUE
"GOBP_MITOCHONDRIAL_CALCIUM_ION_TRANSMEMBRANE_TRANSPORT",24,22,TRUE
"GOBP_MITOCHONDRIAL_DEPOLARIZATION",25,22,TRUE
"GOBP_MITOCHONDRIAL_DNA_METABOLIC_PROCESS",20,19,TRUE
"GOBP_MITOCHONDRIAL_DNA_REPAIR",6,6,FALSE
"GOBP_MITOCHONDRIAL_DNA_REPLICATION",15,15,TRUE
"GOBP_MITOCHONDRIAL_ELECTRON_TRANSPORT_CYTOCHROME_C_TO_OXYGEN",20,13,FALSE
"GOBP_MITOCHONDRIAL_ELECTRON_TRANSPORT_NADH_TO_UBIQUINONE",52,37,TRUE
"GOBP_MITOCHONDRIAL_ELECTRON_TRANSPORT_SUCCINATE_TO_UBIQUINONE",5,5,FALSE
"GOBP_MITOCHONDRIAL_ELECTRON_TRANSPORT_UBIQUINOL_TO_CYTOCHROME_C",13,9,FALSE
"GOBP_MITOCHONDRIAL_FISSION",44,41,TRUE
"GOBP_MITOCHONDRIAL_FRAGMENTATION_INVOLVED_IN_APOPTOTIC_PROCESS",11,11,FALSE
"GOBP_MITOCHONDRIAL_FUSION",36,31,TRUE
"GOBP_MITOCHONDRIAL_GENE_EXPRESSION",168,145,TRUE
"GOBP_MITOCHONDRIAL_LARGE_RIBOSOMAL_SUBUNIT_ASSEMBLY",15,13,FALSE
"GOBP_MITOCHONDRIAL_MEMBRANE_ORGANIZATION",113,96,TRUE
"GOBP_MITOCHONDRIAL_MRNA_CATABOLIC_PROCESS",5,5,FALSE
"GOBP_MITOCHONDRIAL_OUTER_MEMBRANE_PERMEABILIZATION",30,27,TRUE
"GOBP_MITOCHONDRIAL_PROTEIN_CATABOLIC_PROCESS",10,8,FALSE
"GOBP_MITOCHONDRIAL_PROTEIN_PROCESSING",13,11,FALSE
"GOBP_MITOCHONDRIAL_PROTON_TRANSPORTING_ATP_SYNTHASE_COMPLEX_ASSEMBLY",8,8,FALSE
"GOBP_MITOCHONDRIAL_RESPIRASOME_ASSEMBLY",7,4,FALSE
"GOBP_MITOCHONDRIAL_RESPIRATORY_CHAIN_COMPLEX_ASSEMBLY",95,68,TRUE
"GOBP_MITOCHONDRIAL_RIBOSOME_ASSEMBLY",26,23,TRUE
"GOBP_MITOCHONDRIAL_RNA_3_END_PROCESSING",8,8,FALSE
"GOBP_MITOCHONDRIAL_RNA_CATABOLIC_PROCESS",9,8,FALSE
"GOBP_MITOCHONDRIAL_RNA_METABOLIC_PROCESS",62,59,TRUE
"GOBP_MITOCHONDRIAL_RNA_MODIFICATION",16,15,TRUE
"GOBP_MITOCHONDRIAL_RNA_PROCESSING",28,28,TRUE
"GOBP_MITOCHONDRIAL_SMALL_RIBOSOMAL_SUBUNIT_ASSEMBLY",8,7,FALSE
"GOBP_MITOCHONDRIAL_TRANSCRIPTION",19,18,TRUE
"GOBP_MITOCHONDRIAL_TRANSLATION",130,108,TRUE
"GOBP_MITOCHONDRIAL_TRANSLATIONAL_ELONGATION",5,5,FALSE
"GOBP_MITOCHONDRIAL_TRANSLATIONAL_TERMINATION",5,5,FALSE
"GOBP_MITOCHONDRIAL_TRANSMEMBRANE_TRANSPORT",24,22,TRUE
"GOBP_MITOCHONDRIAL_TRANSPORT",86,79,TRUE
"GOBP_MITOCHONDRIAL_TRNA_MODIFICATION",13,13,FALSE
"GOBP_MITOCHONDRIAL_TRNA_PROCESSING",16,16,TRUE
"GOBP_MITOCHONDRION_DISTRIBUTION",19,16,TRUE
"GOBP_MITOCHONDRION_ENDOPLASMIC_RETICULUM_MEMBRANE_TETHERING",8,7,FALSE
"GOBP_MITOCHONDRION_LOCALIZATION",59,50,TRUE
"GOBP_MITOCHONDRION_ORGANIZATION",403,334,TRUE
"GOBP_MITOPHAGY",96,87,TRUE
"GOBP_MITOTIC_CELL_CYCLE",898,765,FALSE
"GOBP_MITOTIC_CELL_CYCLE_CHECKPOINT_SIGNALING",145,127,TRUE
"GOBP_MITOTIC_CELL_CYCLE_PHASE_TRANSITION",444,379,TRUE
"GOBP_MITOTIC_CELL_CYCLE_PROCESS",759,653,FALSE
"GOBP_MITOTIC_CHROMOSOME_CONDENSATION",18,16,TRUE
"GOBP_MITOTIC_CYTOKINESIS",99,89,TRUE
"GOBP_MITOTIC_CYTOKINETIC_PROCESS",37,33,TRUE
"GOBP_MITOTIC_DNA_INTEGRITY_CHECKPOINT_SIGNALING",75,67,TRUE
"GOBP_MITOTIC_DNA_REPLICATION",17,15,TRUE
"GOBP_MITOTIC_DNA_REPLICATION_CHECKPOINT_SIGNALING",12,11,FALSE
"GOBP_MITOTIC_G1_S_TRANSITION_CHECKPOINT_SIGNALING",16,14,FALSE
"GOBP_MITOTIC_G2_DNA_DAMAGE_CHECKPOINT_SIGNALING",36,32,TRUE
"GOBP_MITOTIC_G2_M_TRANSITION_CHECKPOINT",55,48,TRUE
"GOBP_MITOTIC_INTRA_S_DNA_DAMAGE_CHECKPOINT_SIGNALING",19,19,TRUE
"GOBP_MITOTIC_METAPHASE_CHROMOSOME_ALIGNMENT",65,61,TRUE
"GOBP_MITOTIC_NUCLEAR_DIVISION",289,251,TRUE
"GOBP_MITOTIC_NUCLEAR_MEMBRANE_DISASSEMBLY",9,9,FALSE
"GOBP_MITOTIC_NUCLEAR_MEMBRANE_ORGANIZATION",10,9,FALSE
"GOBP_MITOTIC_RECOMBINATION",30,23,TRUE
"GOBP_MITOTIC_SISTER_CHROMATID_COHESION",33,32,TRUE
"GOBP_MITOTIC_SISTER_CHROMATID_COHESION_CENTROMERIC",7,7,FALSE
"GOBP_MITOTIC_SISTER_CHROMATID_SEGREGATION",202,182,TRUE
"GOBP_MITOTIC_SISTER_CHROMATID_SEPARATION",74,65,TRUE
"GOBP_MITOTIC_SPINDLE_ASSEMBLY",74,68,TRUE
"GOBP_MITOTIC_SPINDLE_ELONGATION",11,11,FALSE
"GOBP_MITOTIC_SPINDLE_ORGANIZATION",135,124,TRUE
"GOBP_MITRAL_VALVE_DEVELOPMENT",14,12,FALSE
"GOBP_MODIFICATION_DEPENDENT_MACROMOLECULE_CATABOLIC_PROCESS",716,595,FALSE
"GOBP_MODIFICATION_OF_POSTSYNAPTIC_ACTIN_CYTOSKELETON",19,16,TRUE
"GOBP_MODIFICATION_OF_POSTSYNAPTIC_STRUCTURE",32,26,TRUE
"GOBP_MODIFICATION_OF_SYNAPTIC_STRUCTURE",39,33,TRUE
"GOBP_MODIFIED_AMINO_ACID_BIOSYNTHETIC_PROCESS",43,38,TRUE
"GOBP_MODIFIED_AMINO_ACID_CATABOLIC_PROCESS",30,19,TRUE
"GOBP_MODIFIED_AMINO_ACID_METABOLIC_PROCESS",180,132,TRUE
"GOBP_MODIFIED_AMINO_ACID_TRANSPORT",42,32,TRUE
"GOBP_MODULATION_BY_SYMBIONT_OF_ENTRY_INTO_HOST",23,16,TRUE
"GOBP_MODULATION_OF_EXCITATORY_POSTSYNAPTIC_POTENTIAL",52,41,TRUE
"GOBP_MODULATION_OF_INHIBITORY_POSTSYNAPTIC_POTENTIAL",10,6,FALSE
"GOBP_MODULATION_OF_MICROTUBULE_CYTOSKELETON_INVOLVED_IN_CEREBRAL_CORTEX_RADIAL_GLIA_GUIDED_MIGRATION",4,3,FALSE
"GOBP_MODULATION_OF_PROCESS_OF_ANOTHER_ORGANISM",110,92,TRUE
"GOBP_MOLTING_CYCLE",115,80,TRUE
"GOBP_MOLTING_CYCLE_PROCESS",99,70,TRUE
"GOBP_MONOACYLGLYCEROL_BIOSYNTHETIC_PROCESS",6,4,FALSE
"GOBP_MONOACYLGLYCEROL_CATABOLIC_PROCESS",7,5,FALSE
"GOBP_MONOACYLGLYCEROL_METABOLIC_PROCESS",14,9,FALSE
"GOBP_MONOAMINE_TRANSPORT",75,39,TRUE
"GOBP_MONOATOMIC_ANION_HOMEOSTASIS",21,11,FALSE
"GOBP_MONOATOMIC_ANION_TRANSPORT",162,94,TRUE
"GOBP_MONOATOMIC_CATION_TRANSPORT",1038,694,FALSE
"GOBP_MONOATOMIC_ION_HOMEOSTASIS",617,452,TRUE
"GOBP_MONOATOMIC_ION_TRANSMEMBRANE_TRANSPORT",999,651,FALSE
"GOBP_MONOATOMIC_ION_TRANSPORT",1217,798,FALSE
"GOBP_MONOCARBOXYLIC_ACID_BIOSYNTHETIC_PROCESS",231,165,TRUE
"GOBP_MONOCARBOXYLIC_ACID_CATABOLIC_PROCESS",126,95,TRUE
"GOBP_MONOCARBOXYLIC_ACID_METABOLIC_PROCESS",621,472,TRUE
"GOBP_MONOCARBOXYLIC_ACID_TRANSPORT",171,95,TRUE
"GOBP_MONOCYTE_ACTIVATION",13,10,FALSE
"GOBP_MONOCYTE_AGGREGATION",5,5,FALSE
"GOBP_MONOCYTE_CHEMOTACTIC_PROTEIN_1_PRODUCTION",20,16,TRUE
"GOBP_MONOCYTE_CHEMOTAXIS",49,32,TRUE
"GOBP_MONOCYTE_DIFFERENTIATION",41,33,TRUE
"GOBP_MONOCYTE_EXTRAVASATION",8,7,FALSE
"GOBP_MONONUCLEAR_CELL_DIFFERENTIATION",540,428,TRUE
"GOBP_MONONUCLEAR_CELL_MIGRATION",224,161,TRUE
"GOBP_MONOSACCHARIDE_BIOSYNTHETIC_PROCESS",97,79,TRUE
"GOBP_MONOSACCHARIDE_CATABOLIC_PROCESS",55,45,TRUE
"GOBP_MONOSACCHARIDE_METABOLIC_PROCESS",264,213,TRUE
"GOBP_MONOSACCHARIDE_TRANSMEMBRANE_TRANSPORT",118,78,TRUE
"GOBP_MONOTERPENOID_METABOLIC_PROCESS",4,1,FALSE
"GOBP_MONOUBIQUITINATED_PROTEIN_DEUBIQUITINATION",9,9,FALSE
"GOBP_MORPHOGENESIS_OF_AN_ENDOTHELIUM",17,16,TRUE
"GOBP_MORPHOGENESIS_OF_AN_EPITHELIAL_BUD",14,10,FALSE
"GOBP_MORPHOGENESIS_OF_AN_EPITHELIAL_FOLD",24,16,TRUE
"GOBP_MORPHOGENESIS_OF_AN_EPITHELIAL_SHEET",63,54,TRUE
"GOBP_MORPHOGENESIS_OF_AN_EPITHELIUM",516,370,TRUE
"GOBP_MORPHOGENESIS_OF_A_BRANCHING_STRUCTURE",206,145,TRUE
"GOBP_MORPHOGENESIS_OF_A_POLARIZED_EPITHELIUM",52,46,TRUE
"GOBP_MORPHOGENESIS_OF_EMBRYONIC_EPITHELIUM",154,121,TRUE
"GOBP_MOTILE_CILIUM_ASSEMBLY",91,52,TRUE
"GOBP_MOTOR_BEHAVIOR",29,22,TRUE
"GOBP_MOTOR_LEARNING",8,6,FALSE
"GOBP_MOTOR_NEURON_APOPTOTIC_PROCESS",13,12,FALSE
"GOBP_MOTOR_NEURON_AXON_GUIDANCE",26,17,TRUE
"GOBP_MOTOR_NEURON_MIGRATION",6,4,FALSE
"GOBP_MRNA_3_END_PROCESSING",45,40,TRUE
"GOBP_MRNA_3_END_PROCESSING_BY_STEM_LOOP_BINDING_AND_CLEAVAGE",7,5,FALSE
"GOBP_MRNA_3_SPLICE_SITE_RECOGNITION",6,5,FALSE
"GOBP_MRNA_5_SPLICE_SITE_RECOGNITION",6,5,FALSE
"GOBP_MRNA_CATABOLIC_PROCESS",286,243,TRUE
"GOBP_MRNA_CIS_SPLICING_VIA_SPLICEOSOME",31,29,TRUE
"GOBP_MRNA_EXPORT_FROM_NUCLEUS",71,64,TRUE
"GOBP_MRNA_METABOLIC_PROCESS",749,648,FALSE
"GOBP_MRNA_METHYLGUANOSINE_CAP_DECAPPING",25,20,TRUE
"GOBP_MRNA_MODIFICATION",29,24,TRUE
"GOBP_MRNA_PROCESSING",487,426,TRUE
"GOBP_MRNA_PSEUDOURIDINE_SYNTHESIS",10,9,FALSE
"GOBP_MRNA_SPLICE_SITE_RECOGNITION",31,26,TRUE
"GOBP_MRNA_TRANSCRIPTION",53,48,TRUE
"GOBP_MRNA_TRANSPORT",123,112,TRUE
"GOBP_MUCOCILIARY_CLEARANCE",11,6,FALSE
"GOBP_MUCOSA_ASSOCIATED_LYMPHOID_TISSUE_DEVELOPMENT",11,8,FALSE
"GOBP_MUCUS_SECRETION",17,11,FALSE
"GOBP_MULTICELLULAR_ORGANISMAL_LEVEL_CHEMICAL_HOMEOSTASIS",91,72,TRUE
"GOBP_MULTICELLULAR_ORGANISMAL_LEVEL_HOMEOSTASIS",898,681,FALSE
"GOBP_MULTICELLULAR_ORGANISMAL_LEVEL_IRON_ION_HOMEOSTASIS",27,25,TRUE
"GOBP_MULTICELLULAR_ORGANISMAL_LEVEL_WATER_HOMEOSTASIS",45,32,TRUE
"GOBP_MULTICELLULAR_ORGANISMAL_MOVEMENT",65,51,TRUE
"GOBP_MULTICELLULAR_ORGANISMAL_REPRODUCTIVE_PROCESS",1004,592,FALSE
"GOBP_MULTICELLULAR_ORGANISMAL_RESPONSE_TO_STRESS",102,65,TRUE
"GOBP_MULTICELLULAR_ORGANISM_GROWTH",181,134,TRUE
"GOBP_MULTINUCLEAR_OSTEOCLAST_DIFFERENTIATION",9,6,FALSE
"GOBP_MULTIVESICULAR_BODY_LYSOSOME_FUSION",11,9,FALSE
"GOBP_MULTIVESICULAR_BODY_ORGANIZATION",32,30,TRUE
"GOBP_MULTIVESICULAR_BODY_SORTING_PATHWAY",49,44,TRUE
"GOBP_MULTI_CILIATED_EPITHELIAL_CELL_DIFFERENTIATION",13,5,FALSE
"GOBP_MULTI_MULTICELLULAR_ORGANISM_PROCESS",202,137,TRUE
"GOBP_MULTI_PASS_TRANSMEMBRANE_PROTEIN_INSERTION_INTO_ER_MEMBRANE",7,7,FALSE
"GOBP_MUSCLE_ADAPTATION",108,96,TRUE
"GOBP_MUSCLE_ATROPHY",11,11,FALSE
"GOBP_MUSCLE_CELL_APOPTOTIC_PROCESS",77,62,TRUE
"GOBP_MUSCLE_CELL_CELLULAR_HOMEOSTASIS",21,19,TRUE
"GOBP_MUSCLE_CELL_DEVELOPMENT",193,170,TRUE
"GOBP_MUSCLE_CELL_DIFFERENTIATION",449,371,TRUE
"GOBP_MUSCLE_CELL_FATE_COMMITMENT",16,10,FALSE
"GOBP_MUSCLE_CELL_MIGRATION",78,72,TRUE
"GOBP_MUSCLE_CELL_PROLIFERATION",190,155,TRUE
"GOBP_MUSCLE_CONTRACTION",408,295,TRUE
"GOBP_MUSCLE_HYPERTROPHY",88,74,TRUE
"GOBP_MUSCLE_HYPERTROPHY_IN_RESPONSE_TO_STRESS",25,21,TRUE
"GOBP_MUSCLE_ORGAN_DEVELOPMENT",359,292,TRUE
"GOBP_MUSCLE_ORGAN_MORPHOGENESIS",84,63,TRUE
"GOBP_MUSCLE_STRUCTURE_DEVELOPMENT",737,598,FALSE
"GOBP_MUSCLE_SYSTEM_PROCESS",503,382,TRUE
"GOBP_MUSCLE_TISSUE_DEVELOPMENT",425,338,TRUE
"GOBP_MUSCULAR_SEPTUM_MORPHOGENESIS",6,5,FALSE
"GOBP_MYCOTOXIN_METABOLIC_PROCESS",6,2,FALSE
"GOBP_MYD88_DEPENDENT_TOLL_LIKE_RECEPTOR_SIGNALING_PATHWAY",21,20,TRUE
"GOBP_MYD88_INDEPENDENT_TOLL_LIKE_RECEPTOR_SIGNALING_PATHWAY",15,13,FALSE
"GOBP_MYELIN_ASSEMBLY",22,21,TRUE
"GOBP_MYELIN_MAINTENANCE",17,17,TRUE
"GOBP_MYELOID_CELL_ACTIVATION_INVOLVED_IN_IMMUNE_RESPONSE",106,76,TRUE
"GOBP_MYELOID_CELL_APOPTOTIC_PROCESS",32,23,TRUE
"GOBP_MYELOID_CELL_DEVELOPMENT",94,68,TRUE
"GOBP_MYELOID_CELL_DIFFERENTIATION",457,365,TRUE
"GOBP_MYELOID_CELL_HOMEOSTASIS",184,152,TRUE
"GOBP_MYELOID_DENDRITIC_CELL_ACTIVATION",32,21,TRUE
"GOBP_MYELOID_DENDRITIC_CELL_CHEMOTAXIS",5,5,FALSE
"GOBP_MYELOID_DENDRITIC_CELL_CYTOKINE_PRODUCTION",6,5,FALSE
"GOBP_MYELOID_DENDRITIC_CELL_DIFFERENTIATION",21,14,FALSE
"GOBP_MYELOID_LEUKOCYTE_ACTIVATION",258,193,TRUE
"GOBP_MYELOID_LEUKOCYTE_CYTOKINE_PRODUCTION",30,25,TRUE
"GOBP_MYELOID_LEUKOCYTE_DIFFERENTIATION",257,201,TRUE
"GOBP_MYELOID_LEUKOCYTE_MEDIATED_IMMUNITY",113,81,TRUE
"GOBP_MYELOID_LEUKOCYTE_MIGRATION",210,152,TRUE
"GOBP_MYELOID_PROGENITOR_CELL_DIFFERENTIATION",8,8,FALSE
"GOBP_MYOBLAST_DIFFERENTIATION",108,91,TRUE
"GOBP_MYOBLAST_FATE_COMMITMENT",5,4,FALSE
"GOBP_MYOBLAST_FUSION",95,67,TRUE
"GOBP_MYOBLAST_FUSION_INVOLVED_IN_SKELETAL_MUSCLE_REGENERATION",4,3,FALSE
"GOBP_MYOBLAST_MIGRATION",13,13,FALSE
"GOBP_MYOBLAST_PROLIFERATION",20,15,TRUE
"GOBP_MYOFIBRIL_ASSEMBLY",75,65,TRUE
"GOBP_MYOFIBROBLAST_DIFFERENTIATION",9,7,FALSE
"GOBP_MYOSIN_FILAMENT_ORGANIZATION",5,3,FALSE
"GOBP_MYOTUBE_CELL_DEVELOPMENT",41,38,TRUE
"GOBP_MYOTUBE_DIFFERENTIATION",176,141,TRUE
"GOBP_MYOTUBE_DIFFERENTIATION_INVOLVED_IN_SKELETAL_MUSCLE_REGENERATION",8,7,FALSE
"GOBP_NADH_DEHYDROGENASE_COMPLEX_ASSEMBLY",39,30,TRUE
"GOBP_NADPH_REGENERATION",23,21,TRUE
"GOBP_NADPLUS_BIOSYNTHETIC_PROCESS",18,12,FALSE
"GOBP_NADPLUS_CATABOLIC_PROCESS",5,4,FALSE
"GOBP_NADPLUS_METABOLIC_PROCESS",43,33,TRUE
"GOBP_NADPPLUS_BIOSYNTHETIC_PROCESS",5,5,FALSE
"GOBP_NADPPLUS_METABOLIC_PROCESS",39,33,TRUE
"GOBP_NAD_TRANSMEMBRANE_TRANSPORT",4,0,FALSE
"GOBP_NAD_TRANSPORT",5,1,FALSE
"GOBP_NAIL_DEVELOPMENT",11,6,FALSE
"GOBP_NATURAL_KILLER_CELL_ACTIVATION",90,65,TRUE
"GOBP_NATURAL_KILLER_CELL_ACTIVATION_INVOLVED_IN_IMMUNE_RESPONSE",19,10,FALSE
"GOBP_NATURAL_KILLER_CELL_CHEMOTAXIS",9,7,FALSE
"GOBP_NATURAL_KILLER_CELL_CYTOKINE_PRODUCTION",9,4,FALSE
"GOBP_NATURAL_KILLER_CELL_DEGRANULATION",13,10,FALSE
"GOBP_NATURAL_KILLER_CELL_DIFFERENTIATION",26,21,TRUE
"GOBP_NATURAL_KILLER_CELL_MEDIATED_IMMUNE_RESPONSE_TO_TUMOR_CELL",11,7,FALSE
"GOBP_NATURAL_KILLER_CELL_MEDIATED_IMMUNITY",79,55,TRUE
"GOBP_NATURAL_KILLER_CELL_PROLIFERATION",15,10,FALSE
"GOBP_NECROPTOTIC_PROCESS",43,36,TRUE
"GOBP_NECROPTOTIC_SIGNALING_PATHWAY",8,6,FALSE
"GOBP_NEGATIVE_ADAPTATION_OF_SIGNALING_PATHWAY",20,15,TRUE
"GOBP_NEGATIVE_CHEMOTAXIS",46,41,TRUE
"GOBP_NEGATIVE_REGULATION_OF_ACTIN_FILAMENT_BUNDLE_ASSEMBLY",32,30,TRUE
"GOBP_NEGATIVE_REGULATION_OF_ACTIN_FILAMENT_DEPOLYMERIZATION",47,42,TRUE
"GOBP_NEGATIVE_REGULATION_OF_ACTIN_FILAMENT_POLYMERIZATION",58,53,TRUE
"GOBP_NEGATIVE_REGULATION_OF_ACTIN_NUCLEATION",9,7,FALSE
"GOBP_NEGATIVE_REGULATION_OF_ACTION_POTENTIAL",5,5,FALSE
"GOBP_NEGATIVE_REGULATION_OF_ACTIVATED_T_CELL_PROLIFERATION",15,13,FALSE
"GOBP_NEGATIVE_REGULATION_OF_ACTIVIN_RECEPTOR_SIGNALING_PATHWAY",18,15,TRUE
"GOBP_NEGATIVE_REGULATION_OF_ACUTE_INFLAMMATORY_RESPONSE",12,7,FALSE
"GOBP_NEGATIVE_REGULATION_OF_ACUTE_INFLAMMATORY_RESPONSE_TO_ANTIGENIC_STIMULUS",6,4,FALSE
"GOBP_NEGATIVE_REGULATION_OF_ADAPTIVE_IMMUNE_RESPONSE",74,52,TRUE
"GOBP_NEGATIVE_REGULATION_OF_ADENYLATE_CYCLASE_ACTIVATING_ADRENERGIC_RECEPTOR_SIGNALING_PATHWAY",5,5,FALSE
"GOBP_NEGATIVE_REGULATION_OF_ADENYLATE_CYCLASE_ACTIVATING_G_PROTEIN_COUPLED_RECEPTOR_SIGNALING_PATHWAY",15,13,FALSE
"GOBP_NEGATIVE_REGULATION_OF_ADENYLATE_CYCLASE_ACTIVITY",9,2,FALSE
"GOBP_NEGATIVE_REGULATION_OF_ADIPOSE_TISSUE_DEVELOPMENT",11,9,FALSE
"GOBP_NEGATIVE_REGULATION_OF_ALCOHOL_BIOSYNTHETIC_PROCESS",12,10,FALSE
"GOBP_NEGATIVE_REGULATION_OF_ALPHA_BETA_T_CELL_ACTIVATION",46,34,TRUE
"GOBP_NEGATIVE_REGULATION_OF_ALPHA_BETA_T_CELL_DIFFERENTIATION",29,22,TRUE
"GOBP_NEGATIVE_REGULATION_OF_ALPHA_BETA_T_CELL_PROLIFERATION",12,10,FALSE
"GOBP_NEGATIVE_REGULATION_OF_AMIDE_METABOLIC_PROCESS",24,21,TRUE
"GOBP_NEGATIVE_REGULATION_OF_AMINE_METABOLIC_PROCESS",5,5,FALSE
"GOBP_NEGATIVE_REGULATION_OF_AMINE_TRANSPORT",23,12,FALSE
"GOBP_NEGATIVE_REGULATION_OF_AMINO_ACID_TRANSPORT",12,7,FALSE
"GOBP_NEGATIVE_REGULATION_OF_AMYLOID_BETA_CLEARANCE",10,7,FALSE
"GOBP_NEGATIVE_REGULATION_OF_AMYLOID_FIBRIL_FORMATION",12,10,FALSE
"GOBP_NEGATIVE_REGULATION_OF_AMYLOID_PRECURSOR_PROTEIN_BIOSYNTHETIC_PROCESS",7,7,FALSE
"GOBP_NEGATIVE_REGULATION_OF_AMYLOID_PRECURSOR_PROTEIN_CATABOLIC_PROCESS",19,16,TRUE
"GOBP_NEGATIVE_REGULATION_OF_ANDROGEN_RECEPTOR_SIGNALING_PATHWAY",17,14,FALSE
"GOBP_NEGATIVE_REGULATION_OF_ANOIKIS",15,13,FALSE
"GOBP_NEGATIVE_REGULATION_OF_ANTIGEN_PROCESSING_AND_PRESENTATION",10,7,FALSE
"GOBP_NEGATIVE_REGULATION_OF_ANTIGEN_RECEPTOR_MEDIATED_SIGNALING_PATHWAY",49,37,TRUE
"GOBP_NEGATIVE_REGULATION_OF_APOPTOTIC_PROCESS_INVOLVED_IN_DEVELOPMENT",6,2,FALSE
"GOBP_NEGATIVE_REGULATION_OF_APOPTOTIC_SIGNALING_PATHWAY",222,178,TRUE
"GOBP_NEGATIVE_REGULATION_OF_ARP2_3_COMPLEX_MEDIATED_ACTIN_NUCLEATION",7,5,FALSE
"GOBP_NEGATIVE_REGULATION_OF_ASTROCYTE_ACTIVATION",3,3,FALSE
"GOBP_NEGATIVE_REGULATION_OF_ASTROCYTE_DIFFERENTIATION",14,10,FALSE
"GOBP_NEGATIVE_REGULATION_OF_ATP_DEPENDENT_ACTIVITY",13,9,FALSE
"GOBP_NEGATIVE_REGULATION_OF_AUTOPHAGOSOME_ASSEMBLY",13,12,FALSE
"GOBP_NEGATIVE_REGULATION_OF_AUTOPHAGOSOME_MATURATION",5,5,FALSE
"GOBP_NEGATIVE_REGULATION_OF_AUTOPHAGY",93,82,TRUE
"GOBP_NEGATIVE_REGULATION_OF_AUTOPHAGY_OF_MITOCHONDRION",11,10,FALSE
"GOBP_NEGATIVE_REGULATION_OF_AXONOGENESIS",52,39,TRUE
"GOBP_NEGATIVE_REGULATION_OF_AXON_EXTENSION",32,24,TRUE
"GOBP_NEGATIVE_REGULATION_OF_AXON_EXTENSION_INVOLVED_IN_AXON_GUIDANCE",9,6,FALSE
"GOBP_NEGATIVE_REGULATION_OF_BEHAVIOR",17,5,FALSE
"GOBP_NEGATIVE_REGULATION_OF_BICELLULAR_TIGHT_JUNCTION_ASSEMBLY",5,3,FALSE
"GOBP_NEGATIVE_REGULATION_OF_BINDING",43,34,TRUE
"GOBP_NEGATIVE_REGULATION_OF_BIOMINERAL_TISSUE_DEVELOPMENT",28,18,TRUE
"GOBP_NEGATIVE_REGULATION_OF_BLOOD_CIRCULATION",23,14,FALSE
"GOBP_NEGATIVE_REGULATION_OF_BLOOD_PRESSURE",48,21,TRUE
"GOBP_NEGATIVE_REGULATION_OF_BLOOD_VESSEL_ENDOTHELIAL_CELL_MIGRATION",36,30,TRUE
"GOBP_NEGATIVE_REGULATION_OF_BLOOD_VESSEL_ENDOTHELIAL_CELL_PROLIFERATION_INVOLVED_IN_SPROUTING_ANGIOGENESIS",7,5,FALSE
"GOBP_NEGATIVE_REGULATION_OF_BMP_SIGNALING_PATHWAY",60,46,TRUE
"GOBP_NEGATIVE_REGULATION_OF_BONE_MINERALIZATION",18,10,FALSE
"GOBP_NEGATIVE_REGULATION_OF_BONE_REMODELING",20,12,FALSE
"GOBP_NEGATIVE_REGULATION_OF_BROWN_FAT_CELL_DIFFERENTIATION",5,2,FALSE
"GOBP_NEGATIVE_REGULATION_OF_B_CELL_ACTIVATION",32,26,TRUE
"GOBP_NEGATIVE_REGULATION_OF_B_CELL_APOPTOTIC_PROCESS",13,11,FALSE
"GOBP_NEGATIVE_REGULATION_OF_B_CELL_DIFFERENTIATION",6,5,FALSE
"GOBP_NEGATIVE_REGULATION_OF_B_CELL_MEDIATED_IMMUNITY",12,8,FALSE
"GOBP_NEGATIVE_REGULATION_OF_B_CELL_PROLIFERATION",16,13,FALSE
"GOBP_NEGATIVE_REGULATION_OF_B_CELL_RECEPTOR_SIGNALING_PATHWAY",10,9,FALSE
"GOBP_NEGATIVE_REGULATION_OF_CALCINEURIN_MEDIATED_SIGNALING",15,13,FALSE
"GOBP_NEGATIVE_REGULATION_OF_CALCIUM_ION_DEPENDENT_EXOCYTOSIS",9,9,FALSE
"GOBP_NEGATIVE_REGULATION_OF_CALCIUM_ION_EXPORT_ACROSS_PLASMA_MEMBRANE",5,2,FALSE
"GOBP_NEGATIVE_REGULATION_OF_CALCIUM_ION_IMPORT",10,6,FALSE
"GOBP_NEGATIVE_REGULATION_OF_CALCIUM_ION_IMPORT_ACROSS_PLASMA_MEMBRANE",5,3,FALSE
"GOBP_NEGATIVE_REGULATION_OF_CALCIUM_ION_TRANSMEMBRANE_TRANSPORT",34,22,TRUE
"GOBP_NEGATIVE_REGULATION_OF_CALCIUM_ION_TRANSMEMBRANE_TRANSPORTER_ACTIVITY",12,6,FALSE
"GOBP_NEGATIVE_REGULATION_OF_CALCIUM_ION_TRANSMEMBRANE_TRANSPORT_VIA_HIGH_VOLTAGE_GATED_CALCIUM_CHANNEL",4,4,FALSE
"GOBP_NEGATIVE_REGULATION_OF_CALCIUM_ION_TRANSPORT",46,31,TRUE
"GOBP_NEGATIVE_REGULATION_OF_CALCIUM_ION_TRANSPORT_INTO_CYTOSOL",4,3,FALSE
"GOBP_NEGATIVE_REGULATION_OF_CALCIUM_MEDIATED_SIGNALING",22,18,TRUE
"GOBP_NEGATIVE_REGULATION_OF_CAMP_PKA_SIGNAL_TRANSDUCTION",29,24,TRUE
"GOBP_NEGATIVE_REGULATION_OF_CANONICAL_NF_KAPPAB_SIGNAL_TRANSDUCTION",81,70,TRUE
"GOBP_NEGATIVE_REGULATION_OF_CANONICAL_WNT_SIGNALING_PATHWAY",140,110,TRUE
"GOBP_NEGATIVE_REGULATION_OF_CARBOHYDRATE_METABOLIC_PROCESS",52,42,TRUE
"GOBP_NEGATIVE_REGULATION_OF_CARDIAC_MUSCLE_ADAPTATION",8,8,FALSE
"GOBP_NEGATIVE_REGULATION_OF_CARDIAC_MUSCLE_CELL_DIFFERENTIATION",8,6,FALSE
"GOBP_NEGATIVE_REGULATION_OF_CARDIAC_MUSCLE_CELL_PROLIFERATION",8,5,FALSE
"GOBP_NEGATIVE_REGULATION_OF_CARDIAC_MUSCLE_CONTRACTION",6,4,FALSE
"GOBP_NEGATIVE_REGULATION_OF_CARDIAC_MUSCLE_TISSUE_GROWTH",20,17,TRUE
"GOBP_NEGATIVE_REGULATION_OF_CARDIOCYTE_DIFFERENTIATION",11,9,FALSE
"GOBP_NEGATIVE_REGULATION_OF_CARTILAGE_DEVELOPMENT",30,20,TRUE
"GOBP_NEGATIVE_REGULATION_OF_CATABOLIC_PROCESS",373,307,TRUE
"GOBP_NEGATIVE_REGULATION_OF_CATALYTIC_ACTIVITY",146,117,TRUE
"GOBP_NEGATIVE_REGULATION_OF_CATECHOLAMINE_SECRETION",12,6,FALSE
"GOBP_NEGATIVE_REGULATION_OF_CD4_POSITIVE_ALPHA_BETA_T_CELL_ACTIVATION",31,24,TRUE
"GOBP_NEGATIVE_REGULATION_OF_CD4_POSITIVE_ALPHA_BETA_T_CELL_DIFFERENTIATION",24,19,TRUE
"GOBP_NEGATIVE_REGULATION_OF_CD4_POSITIVE_ALPHA_BETA_T_CELL_PROLIFERATION",7,5,FALSE
"GOBP_NEGATIVE_REGULATION_OF_CD8_POSITIVE_ALPHA_BETA_T_CELL_ACTIVATION",9,5,FALSE
"GOBP_NEGATIVE_REGULATION_OF_CELLULAR_COMPONENT_ORGANIZATION",771,634,FALSE
"GOBP_NEGATIVE_REGULATION_OF_CELLULAR_EXTRAVASATION",8,5,FALSE
"GOBP_NEGATIVE_REGULATION_OF_CELLULAR_RESPIRATION",10,8,FALSE
"GOBP_NEGATIVE_REGULATION_OF_CELLULAR_RESPONSE_TO_GROWTH_FACTOR_STIMULUS",107,84,TRUE
"GOBP_NEGATIVE_REGULATION_OF_CELLULAR_RESPONSE_TO_HYPOXIA",13,11,FALSE
"GOBP_NEGATIVE_REGULATION_OF_CELLULAR_RESPONSE_TO_INSULIN_STIMULUS",45,40,TRUE
"GOBP_NEGATIVE_REGULATION_OF_CELLULAR_RESPONSE_TO_OXIDATIVE_STRESS",4,4,FALSE
"GOBP_NEGATIVE_REGULATION_OF_CELLULAR_RESPONSE_TO_TRANSFORMING_GROWTH_FACTOR_BETA_STIMULUS",4,3,FALSE
"GOBP_NEGATIVE_REGULATION_OF_CELLULAR_RESPONSE_TO_VASCULAR_ENDOTHELIAL_GROWTH_FACTOR_STIMULUS",15,12,FALSE
"GOBP_NEGATIVE_REGULATION_OF_CELLULAR_SENESCENCE",22,18,TRUE
"GOBP_NEGATIVE_REGULATION_OF_CELL_ACTIVATION",229,181,TRUE
"GOBP_NEGATIVE_REGULATION_OF_CELL_ADHESION",302,236,TRUE
"GOBP_NEGATIVE_REGULATION_OF_CELL_ADHESION_MEDIATED_BY_INTEGRIN",15,13,FALSE
"GOBP_NEGATIVE_REGULATION_OF_CELL_ADHESION_MOLECULE_PRODUCTION",4,2,FALSE
"GOBP_NEGATIVE_REGULATION_OF_CELL_CELL_ADHESION",207,157,TRUE
"GOBP_NEGATIVE_REGULATION_OF_CELL_CELL_ADHESION_MEDIATED_BY_CADHERIN",11,10,FALSE
"GOBP_NEGATIVE_REGULATION_OF_CELL_CHEMOTAXIS_TO_FIBROBLAST_GROWTH_FACTOR",1,0,FALSE
"GOBP_NEGATIVE_REGULATION_OF_CELL_COMMUNICATION",1493,1189,FALSE
"GOBP_NEGATIVE_REGULATION_OF_CELL_CYCLE",380,318,TRUE
"GOBP_NEGATIVE_REGULATION_OF_CELL_CYCLE_CHECKPOINT",7,6,FALSE
"GOBP_NEGATIVE_REGULATION_OF_CELL_CYCLE_G1_S_PHASE_TRANSITION",59,50,TRUE
"GOBP_NEGATIVE_REGULATION_OF_CELL_CYCLE_G2_M_PHASE_TRANSITION",74,64,TRUE
"GOBP_NEGATIVE_REGULATION_OF_CELL_CYCLE_PROCESS",306,265,TRUE
"GOBP_NEGATIVE_REGULATION_OF_CELL_DEVELOPMENT",270,201,TRUE
"GOBP_NEGATIVE_REGULATION_OF_CELL_DIFFERENTIATION",648,473,TRUE
"GOBP_NEGATIVE_REGULATION_OF_CELL_DIVISION",15,13,FALSE
"GOBP_NEGATIVE_REGULATION_OF_CELL_FATE_COMMITMENT",15,9,FALSE
"GOBP_NEGATIVE_REGULATION_OF_CELL_GROWTH",165,130,TRUE
"GOBP_NEGATIVE_REGULATION_OF_CELL_GROWTH_INVOLVED_IN_CARDIAC_MUSCLE_CELL_DEVELOPMENT",12,12,FALSE
"GOBP_NEGATIVE_REGULATION_OF_CELL_JUNCTION_ASSEMBLY",36,30,TRUE
"GOBP_NEGATIVE_REGULATION_OF_CELL_KILLING",34,21,TRUE
"GOBP_NEGATIVE_REGULATION_OF_CELL_MATRIX_ADHESION",37,35,TRUE
"GOBP_NEGATIVE_REGULATION_OF_CELL_MATURATION",6,3,FALSE
"GOBP_NEGATIVE_REGULATION_OF_CELL_MIGRATION_INVOLVED_IN_SPROUTING_ANGIOGENESIS",16,15,TRUE
"GOBP_NEGATIVE_REGULATION_OF_CELL_POPULATION_PROLIFERATION",683,520,FALSE
"GOBP_NEGATIVE_REGULATION_OF_CELL_PROJECTION_ORGANIZATION",183,147,TRUE
"GOBP_NEGATIVE_REGULATION_OF_CELL_PROLIFERATION_INVOLVED_IN_KIDNEY_DEVELOPMENT",5,3,FALSE
"GOBP_NEGATIVE_REGULATION_OF_CELL_SIZE",9,8,FALSE
"GOBP_NEGATIVE_REGULATION_OF_CELL_SUBSTRATE_ADHESION",61,52,TRUE
"GOBP_NEGATIVE_REGULATION_OF_CELL_SUBSTRATE_JUNCTION_ORGANIZATION",20,20,TRUE
"GOBP_NEGATIVE_REGULATION_OF_CELL_VOLUME",5,5,FALSE
"GOBP_NEGATIVE_REGULATION_OF_CENTRIOLE_REPLICATION",7,7,FALSE
"GOBP_NEGATIVE_REGULATION_OF_CENTROSOME_DUPLICATION",12,11,FALSE
"GOBP_NEGATIVE_REGULATION_OF_CERAMIDE_BIOSYNTHETIC_PROCESS",4,4,FALSE
"GOBP_NEGATIVE_REGULATION_OF_CGAS_STING_SIGNALING_PATHWAY",16,14,FALSE
"GOBP_NEGATIVE_REGULATION_OF_CHEMOKINE_C_C_MOTIF_LIGAND_5_PRODUCTION",6,4,FALSE
"GOBP_NEGATIVE_REGULATION_OF_CHEMOKINE_C_X_C_MOTIF_LIGAND_2_PRODUCTION",4,4,FALSE
"GOBP_NEGATIVE_REGULATION_OF_CHEMOKINE_MEDIATED_SIGNALING_PATHWAY",7,5,FALSE
"GOBP_NEGATIVE_REGULATION_OF_CHEMOKINE_PRODUCTION",23,18,TRUE
"GOBP_NEGATIVE_REGULATION_OF_CHEMOTAXIS",44,30,TRUE
"GOBP_NEGATIVE_REGULATION_OF_CHOLESTEROL_BIOSYNTHETIC_PROCESS",7,6,FALSE
"GOBP_NEGATIVE_REGULATION_OF_CHOLESTEROL_EFFLUX",7,6,FALSE
"GOBP_NEGATIVE_REGULATION_OF_CHOLESTEROL_METABOLIC_PROCESS",8,7,FALSE
"GOBP_NEGATIVE_REGULATION_OF_CHOLESTEROL_STORAGE",11,9,FALSE
"GOBP_NEGATIVE_REGULATION_OF_CHONDROCYTE_DIFFERENTIATION",23,15,TRUE
"GOBP_NEGATIVE_REGULATION_OF_CHONDROCYTE_PROLIFERATION",4,2,FALSE
"GOBP_NEGATIVE_REGULATION_OF_CHROMATIN_ORGANIZATION",11,9,FALSE
"GOBP_NEGATIVE_REGULATION_OF_CHROMOSOME_ORGANIZATION",104,92,TRUE
"GOBP_NEGATIVE_REGULATION_OF_CILIUM_ASSEMBLY",26,25,TRUE
"GOBP_NEGATIVE_REGULATION_OF_CIRCADIAN_RHYTHM",11,8,FALSE
"GOBP_NEGATIVE_REGULATION_OF_COAGULATION",53,37,TRUE
"GOBP_NEGATIVE_REGULATION_OF_COLD_INDUCED_THERMOGENESIS",48,45,TRUE
"GOBP_NEGATIVE_REGULATION_OF_COLLAGEN_METABOLIC_PROCESS",14,11,FALSE
"GOBP_NEGATIVE_REGULATION_OF_COLLATERAL_SPROUTING",11,7,FALSE
"GOBP_NEGATIVE_REGULATION_OF_COMPLEMENT_ACTIVATION",12,8,FALSE
"GOBP_NEGATIVE_REGULATION_OF_COMPLEMENT_DEPENDENT_CYTOTOXICITY",5,1,FALSE
"GOBP_NEGATIVE_REGULATION_OF_CYCLIN_DEPENDENT_PROTEIN_SERINE_THREONINE_KINASE_ACTIVITY",7,6,FALSE
"GOBP_NEGATIVE_REGULATION_OF_CYTOKINESIS",7,6,FALSE
"GOBP_NEGATIVE_REGULATION_OF_CYTOKINE_PRODUCTION",303,231,TRUE
"GOBP_NEGATIVE_REGULATION_OF_CYTOKINE_PRODUCTION_INVOLVED_IN_IMMUNE_RESPONSE",30,18,TRUE
"GOBP_NEGATIVE_REGULATION_OF_CYTOKINE_PRODUCTION_INVOLVED_IN_INFLAMMATORY_RESPONSE",32,26,TRUE
"GOBP_NEGATIVE_REGULATION_OF_CYTOPLASMIC_PATTERN_RECOGNITION_RECEPTOR_SIGNALING_PATHWAY",64,52,TRUE
"GOBP_NEGATIVE_REGULATION_OF_CYTOPLASMIC_TRANSLATION",10,10,FALSE
"GOBP_NEGATIVE_REGULATION_OF_CYTOPLASMIC_TRANSLATIONAL_INITIATION",5,3,FALSE
"GOBP_NEGATIVE_REGULATION_OF_CYTOSKELETON_ORGANIZATION",159,142,TRUE
"GOBP_NEGATIVE_REGULATION_OF_CYTOSOLIC_CALCIUM_ION_CONCENTRATION",16,9,FALSE
"GOBP_NEGATIVE_REGULATION_OF_DEFENSE_RESPONSE",282,213,TRUE
"GOBP_NEGATIVE_REGULATION_OF_DEFENSE_RESPONSE_TO_BACTERIUM",4,3,FALSE
"GOBP_NEGATIVE_REGULATION_OF_DEFENSE_RESPONSE_TO_VIRUS",17,17,TRUE
"GOBP_NEGATIVE_REGULATION_OF_DENDRITE_DEVELOPMENT",8,2,FALSE
"GOBP_NEGATIVE_REGULATION_OF_DENDRITE_MORPHOGENESIS",8,6,FALSE
"GOBP_NEGATIVE_REGULATION_OF_DENDRITIC_CELL_APOPTOTIC_PROCESS",8,6,FALSE
"GOBP_NEGATIVE_REGULATION_OF_DENDRITIC_CELL_DIFFERENTIATION",8,6,FALSE
"GOBP_NEGATIVE_REGULATION_OF_DENDRITIC_SPINE_DEVELOPMENT",10,7,FALSE
"GOBP_NEGATIVE_REGULATION_OF_DENDRITIC_SPINE_MAINTENANCE",6,6,FALSE
"GOBP_NEGATIVE_REGULATION_OF_DENDRITIC_SPINE_MORPHOGENESIS",5,4,FALSE
"GOBP_NEGATIVE_REGULATION_OF_DEPHOSPHORYLATION",6,4,FALSE
"GOBP_NEGATIVE_REGULATION_OF_DEVELOPMENTAL_GROWTH",90,71,TRUE
"GOBP_NEGATIVE_REGULATION_OF_DEVELOPMENTAL_PROCESS",943,682,FALSE
"GOBP_NEGATIVE_REGULATION_OF_DIGESTIVE_SYSTEM_PROCESS",15,8,FALSE
"GOBP_NEGATIVE_REGULATION_OF_DNA_BINDING",14,10,FALSE
"GOBP_NEGATIVE_REGULATION_OF_DNA_BINDING_TRANSCRIPTION_FACTOR_ACTIVITY",62,49,TRUE
"GOBP_NEGATIVE_REGULATION_OF_DNA_BIOSYNTHETIC_PROCESS",30,26,TRUE
"GOBP_NEGATIVE_REGULATION_OF_DNA_DAMAGE_RESPONSE_SIGNAL_TRANSDUCTION_BY_P53_CLASS_MEDIATOR",15,13,FALSE
"GOBP_NEGATIVE_REGULATION_OF_DNA_METABOLIC_PROCESS",134,105,TRUE
"GOBP_NEGATIVE_REGULATION_OF_DNA_RECOMBINATION",49,35,TRUE
"GOBP_NEGATIVE_REGULATION_OF_DNA_REPAIR",38,35,TRUE
"GOBP_NEGATIVE_REGULATION_OF_DNA_REPLICATION",28,19,TRUE
"GOBP_NEGATIVE_REGULATION_OF_DNA_TEMPLATED_DNA_REPLICATION",15,10,FALSE
"GOBP_NEGATIVE_REGULATION_OF_DNA_TEMPLATED_TRANSCRIPTION_ELONGATION",26,24,TRUE
"GOBP_NEGATIVE_REGULATION_OF_DNA_TEMPLATED_TRANSCRIPTION_INITIATION",10,7,FALSE
"GOBP_NEGATIVE_REGULATION_OF_DOUBLE_STRAND_BREAK_REPAIR_VIA_HOMOLOGOUS_RECOMBINATION",24,21,TRUE
"GOBP_NEGATIVE_REGULATION_OF_DOUBLE_STRAND_BREAK_REPAIR_VIA_NONHOMOLOGOUS_END_JOINING",8,8,FALSE
"GOBP_NEGATIVE_REGULATION_OF_D_GLUCOSE_IMPORT",14,8,FALSE
"GOBP_NEGATIVE_REGULATION_OF_D_GLUCOSE_TRANSMEMBRANE_TRANSPORT",19,13,FALSE
"GOBP_NEGATIVE_REGULATION_OF_EATING_BEHAVIOR",8,3,FALSE
"GOBP_NEGATIVE_REGULATION_OF_ENDOCYTOSIS",68,59,TRUE
"GOBP_NEGATIVE_REGULATION_OF_ENDOPEPTIDASE_ACTIVITY",9,4,FALSE
"GOBP_NEGATIVE_REGULATION_OF_ENDOPLASMIC_RETICULUM_CALCIUM_ION_CONCENTRATION",6,5,FALSE
"GOBP_NEGATIVE_REGULATION_OF_ENDOPLASMIC_RETICULUM_STRESS_INDUCED_INTRINSIC_APOPTOTIC_SIGNALING_PATHWAY",20,18,TRUE
"GOBP_NEGATIVE_REGULATION_OF_ENDOPLASMIC_RETICULUM_UNFOLDED_PROTEIN_RESPONSE",21,21,TRUE
"GOBP_NEGATIVE_REGULATION_OF_ENDOTHELIAL_CELL_APOPTOTIC_PROCESS",34,22,TRUE
"GOBP_NEGATIVE_REGULATION_OF_ENDOTHELIAL_CELL_CHEMOTAXIS",4,2,FALSE
"GOBP_NEGATIVE_REGULATION_OF_ENDOTHELIAL_CELL_DIFFERENTIATION",8,6,FALSE
"GOBP_NEGATIVE_REGULATION_OF_ENDOTHELIAL_CELL_MIGRATION",53,45,TRUE
"GOBP_NEGATIVE_REGULATION_OF_ENDOTHELIAL_CELL_PROLIFERATION",42,33,TRUE
"GOBP_NEGATIVE_REGULATION_OF_EPIDERMAL_GROWTH_FACTOR_ACTIVATED_RECEPTOR_ACTIVITY",10,8,FALSE
"GOBP_NEGATIVE_REGULATION_OF_EPIDERMIS_DEVELOPMENT",12,6,FALSE
"GOBP_NEGATIVE_REGULATION_OF_EPINEPHRINE_SECRETION",5,2,FALSE
"GOBP_NEGATIVE_REGULATION_OF_EPITHELIAL_CELL_APOPTOTIC_PROCESS",18,13,FALSE
"GOBP_NEGATIVE_REGULATION_OF_EPITHELIAL_CELL_DIFFERENTIATION",41,24,TRUE
"GOBP_NEGATIVE_REGULATION_OF_EPITHELIAL_CELL_MIGRATION",16,11,FALSE
"GOBP_NEGATIVE_REGULATION_OF_EPITHELIAL_CELL_PROLIFERATION",121,90,TRUE
"GOBP_NEGATIVE_REGULATION_OF_EPITHELIAL_CELL_PROLIFERATION_INVOLVED_IN_PROSTATE_GLAND_DEVELOPMENT",6,3,FALSE
"GOBP_NEGATIVE_REGULATION_OF_EPITHELIAL_TO_MESENCHYMAL_TRANSITION",42,28,TRUE
"GOBP_NEGATIVE_REGULATION_OF_ERAD_PATHWAY",7,5,FALSE
"GOBP_NEGATIVE_REGULATION_OF_ERBB_SIGNALING_PATHWAY",37,33,TRUE
"GOBP_NEGATIVE_REGULATION_OF_ERK1_AND_ERK2_CASCADE",74,58,TRUE
"GOBP_NEGATIVE_REGULATION_OF_ERYTHROCYTE_DIFFERENTIATION",10,7,FALSE
"GOBP_NEGATIVE_REGULATION_OF_ESTABLISHMENT_OF_PROTEIN_LOCALIZATION",126,96,TRUE
"GOBP_NEGATIVE_REGULATION_OF_ESTABLISHMENT_OF_PROTEIN_LOCALIZATION_TO_MITOCHONDRION",8,6,FALSE
"GOBP_NEGATIVE_REGULATION_OF_EXCITATORY_POSTSYNAPTIC_POTENTIAL",12,9,FALSE
"GOBP_NEGATIVE_REGULATION_OF_EXECUTION_PHASE_OF_APOPTOSIS",7,5,FALSE
"GOBP_NEGATIVE_REGULATION_OF_EXOCYTOSIS",37,35,TRUE
"GOBP_NEGATIVE_REGULATION_OF_EXTRACELLULAR_MATRIX_ASSEMBLY",3,3,FALSE
"GOBP_NEGATIVE_REGULATION_OF_EXTRACELLULAR_MATRIX_DISASSEMBLY",6,6,FALSE
"GOBP_NEGATIVE_REGULATION_OF_EXTRACELLULAR_MATRIX_ORGANIZATION",15,14,FALSE
"GOBP_NEGATIVE_REGULATION_OF_EXTRINSIC_APOPTOTIC_SIGNALING_PATHWAY",95,71,TRUE
"GOBP_NEGATIVE_REGULATION_OF_EXTRINSIC_APOPTOTIC_SIGNALING_PATHWAY_VIA_DEATH_DOMAIN_RECEPTORS",30,22,TRUE
"GOBP_NEGATIVE_REGULATION_OF_FAS_SIGNALING_PATHWAY",5,4,FALSE
"GOBP_NEGATIVE_REGULATION_OF_FATTY_ACID_BETA_OXIDATION",5,4,FALSE
"GOBP_NEGATIVE_REGULATION_OF_FATTY_ACID_BIOSYNTHETIC_PROCESS",21,19,TRUE
"GOBP_NEGATIVE_REGULATION_OF_FATTY_ACID_METABOLIC_PROCESS",37,30,TRUE
"GOBP_NEGATIVE_REGULATION_OF_FATTY_ACID_OXIDATION",14,12,FALSE
"GOBP_NEGATIVE_REGULATION_OF_FATTY_ACID_TRANSPORT",9,7,FALSE
"GOBP_NEGATIVE_REGULATION_OF_FAT_CELL_DIFFERENTIATION",58,40,TRUE
"GOBP_NEGATIVE_REGULATION_OF_FAT_CELL_PROLIFERATION",9,6,FALSE
"GOBP_NEGATIVE_REGULATION_OF_FEEDING_BEHAVIOR",12,3,FALSE
"GOBP_NEGATIVE_REGULATION_OF_FERROPTOSIS",19,17,TRUE
"GOBP_NEGATIVE_REGULATION_OF_FERTILIZATION",8,3,FALSE
"GOBP_NEGATIVE_REGULATION_OF_FIBRINOLYSIS",12,10,FALSE
"GOBP_NEGATIVE_REGULATION_OF_FIBROBLAST_APOPTOTIC_PROCESS",7,7,FALSE
"GOBP_NEGATIVE_REGULATION_OF_FIBROBLAST_GROWTH_FACTOR_PRODUCTION",3,3,FALSE
"GOBP_NEGATIVE_REGULATION_OF_FIBROBLAST_GROWTH_FACTOR_RECEPTOR_SIGNALING_PATHWAY",19,16,TRUE
"GOBP_NEGATIVE_REGULATION_OF_FIBROBLAST_MIGRATION",10,10,FALSE
"GOBP_NEGATIVE_REGULATION_OF_FIBROBLAST_PROLIFERATION",28,22,TRUE
"GOBP_NEGATIVE_REGULATION_OF_FILOPODIUM_ASSEMBLY",4,4,FALSE
"GOBP_NEGATIVE_REGULATION_OF_G0_TO_G1_TRANSITION",7,6,FALSE
"GOBP_NEGATIVE_REGULATION_OF_GENE_EXPRESSION",1151,921,FALSE
"GOBP_NEGATIVE_REGULATION_OF_GENE_EXPRESSION_EPIGENETIC",209,168,TRUE
"GOBP_NEGATIVE_REGULATION_OF_GENE_EXPRESSION_VIA_CHROMOSOMAL_CPG_ISLAND_METHYLATION",16,12,FALSE
"GOBP_NEGATIVE_REGULATION_OF_GENE_SILENCING_BY_REGULATORY_NCRNA",18,14,FALSE
"GOBP_NEGATIVE_REGULATION_OF_GLIAL_CELL_DIFFERENTIATION",27,19,TRUE
"GOBP_NEGATIVE_REGULATION_OF_GLIAL_CELL_MIGRATION",5,4,FALSE
"GOBP_NEGATIVE_REGULATION_OF_GLIAL_CELL_PROLIFERATION",13,12,FALSE
"GOBP_NEGATIVE_REGULATION_OF_GLIOGENESIS",41,31,TRUE
"GOBP_NEGATIVE_REGULATION_OF_GLUCOCORTICOID_BIOSYNTHETIC_PROCESS",5,4,FALSE
"GOBP_NEGATIVE_REGULATION_OF_GLUCONEOGENESIS",19,12,FALSE
"GOBP_NEGATIVE_REGULATION_OF_GLYCOGEN_BIOSYNTHETIC_PROCESS",8,8,FALSE
"GOBP_NEGATIVE_REGULATION_OF_GLYCOGEN_METABOLIC_PROCESS",10,9,FALSE
"GOBP_NEGATIVE_REGULATION_OF_GLYCOPROTEIN_METABOLIC_PROCESS",18,16,TRUE
"GOBP_NEGATIVE_REGULATION_OF_GOLGI_TO_PLASMA_MEMBRANE_PROTEIN_TRANSPORT",6,5,FALSE
"GOBP_NEGATIVE_REGULATION_OF_GONADOTROPIN_SECRETION",8,5,FALSE
"GOBP_NEGATIVE_REGULATION_OF_GRANULOCYTE_CHEMOTAXIS",4,4,FALSE
"GOBP_NEGATIVE_REGULATION_OF_GRANULOCYTE_DIFFERENTIATION",10,9,FALSE
"GOBP_NEGATIVE_REGULATION_OF_GROWTH",208,162,TRUE
"GOBP_NEGATIVE_REGULATION_OF_GTPASE_ACTIVITY",14,14,FALSE
"GOBP_NEGATIVE_REGULATION_OF_G_PROTEIN_COUPLED_RECEPTOR_SIGNALING_PATHWAY",72,55,TRUE
"GOBP_NEGATIVE_REGULATION_OF_HAIR_FOLLICLE_DEVELOPMENT",5,4,FALSE
"GOBP_NEGATIVE_REGULATION_OF_HEART_RATE",11,4,FALSE
"GOBP_NEGATIVE_REGULATION_OF_HEMATOPOIETIC_PROGENITOR_CELL_DIFFERENTIATION",13,11,FALSE
"GOBP_NEGATIVE_REGULATION_OF_HEMATOPOIETIC_STEM_CELL_DIFFERENTIATION",5,5,FALSE
"GOBP_NEGATIVE_REGULATION_OF_HEMOPOIESIS",126,99,TRUE
"GOBP_NEGATIVE_REGULATION_OF_HEPATOCYTE_APOPTOTIC_PROCESS",5,5,FALSE
"GOBP_NEGATIVE_REGULATION_OF_HETEROCHROMATIN_ORGANIZATION",8,7,FALSE
"GOBP_NEGATIVE_REGULATION_OF_HIPPO_SIGNALING",25,22,TRUE
"GOBP_NEGATIVE_REGULATION_OF_HOMOTYPIC_CELL_CELL_ADHESION",13,11,FALSE
"GOBP_NEGATIVE_REGULATION_OF_HORMONE_BIOSYNTHETIC_PROCESS",7,6,FALSE
"GOBP_NEGATIVE_REGULATION_OF_HORMONE_METABOLIC_PROCESS",9,7,FALSE
"GOBP_NEGATIVE_REGULATION_OF_HORMONE_SECRETION",67,42,TRUE
"GOBP_NEGATIVE_REGULATION_OF_HUMORAL_IMMUNE_RESPONSE",16,10,FALSE
"GOBP_NEGATIVE_REGULATION_OF_HUMORAL_IMMUNE_RESPONSE_MEDIATED_BY_CIRCULATING_IMMUNOGLOBULIN",8,4,FALSE
"GOBP_NEGATIVE_REGULATION_OF_HYDROGEN_PEROXIDE_MEDIATED_PROGRAMMED_CELL_DEATH",9,8,FALSE
"GOBP_NEGATIVE_REGULATION_OF_HYDROGEN_PEROXIDE_METABOLIC_PROCESS",6,6,FALSE
"GOBP_NEGATIVE_REGULATION_OF_HYDROLASE_ACTIVITY",33,24,TRUE
"GOBP_NEGATIVE_REGULATION_OF_HYPOXIA_INDUCED_INTRINSIC_APOPTOTIC_SIGNALING_PATHWAY",7,7,FALSE
"GOBP_NEGATIVE_REGULATION_OF_IMMATURE_T_CELL_PROLIFERATION",5,3,FALSE
"GOBP_NEGATIVE_REGULATION_OF_IMMATURE_T_CELL_PROLIFERATION_IN_THYMUS",4,3,FALSE
"GOBP_NEGATIVE_REGULATION_OF_IMMUNE_EFFECTOR_PROCESS",123,88,TRUE
"GOBP_NEGATIVE_REGULATION_OF_IMMUNE_RESPONSE",213,164,TRUE
"GOBP_NEGATIVE_REGULATION_OF_IMMUNE_SYSTEM_PROCESS",533,408,TRUE
"GOBP_NEGATIVE_REGULATION_OF_IMMUNOGLOBULIN_PRODUCTION",11,9,FALSE
"GOBP_NEGATIVE_REGULATION_OF_INCLUSION_BODY_ASSEMBLY",10,6,FALSE
"GOBP_NEGATIVE_REGULATION_OF_INFLAMMASOME_MEDIATED_SIGNALING_PATHWAY",18,13,FALSE
"GOBP_NEGATIVE_REGULATION_OF_INFLAMMATORY_RESPONSE",191,137,TRUE
"GOBP_NEGATIVE_REGULATION_OF_INFLAMMATORY_RESPONSE_TO_ANTIGENIC_STIMULUS",33,27,TRUE
"GOBP_NEGATIVE_REGULATION_OF_INFLAMMATORY_RESPONSE_TO_WOUNDING",10,7,FALSE
"GOBP_NEGATIVE_REGULATION_OF_INNATE_IMMUNE_RESPONSE",92,74,TRUE
"GOBP_NEGATIVE_REGULATION_OF_INSULIN_LIKE_GROWTH_FACTOR_RECEPTOR_SIGNALING_PATHWAY",8,6,FALSE
"GOBP_NEGATIVE_REGULATION_OF_INSULIN_SECRETION_INVOLVED_IN_CELLULAR_RESPONSE_TO_GLUCOSE_STIMULUS",9,9,FALSE
"GOBP_NEGATIVE_REGULATION_OF_INTEGRIN_MEDIATED_SIGNALING_PATHWAY",4,4,FALSE
"GOBP_NEGATIVE_REGULATION_OF_INTERFERON_ALPHA_PRODUCTION",9,4,FALSE
"GOBP_NEGATIVE_REGULATION_OF_INTERFERON_BETA_PRODUCTION",17,14,FALSE
"GOBP_NEGATIVE_REGULATION_OF_INTERLEUKIN_10_PRODUCTION",22,14,FALSE
"GOBP_NEGATIVE_REGULATION_OF_INTERLEUKIN_12_PRODUCTION",17,12,FALSE
"GOBP_NEGATIVE_REGULATION_OF_INTERLEUKIN_13_PRODUCTION",6,4,FALSE
"GOBP_NEGATIVE_REGULATION_OF_INTERLEUKIN_17_PRODUCTION",15,9,FALSE
"GOBP_NEGATIVE_REGULATION_OF_INTERLEUKIN_1_ALPHA_PRODUCTION",4,3,FALSE
"GOBP_NEGATIVE_REGULATION_OF_INTERLEUKIN_1_BETA_PRODUCTION",28,23,TRUE
"GOBP_NEGATIVE_REGULATION_OF_INTERLEUKIN_1_PRODUCTION",35,26,TRUE
"GOBP_NEGATIVE_REGULATION_OF_INTERLEUKIN_2_PRODUCTION",26,18,TRUE
"GOBP_NEGATIVE_REGULATION_OF_INTERLEUKIN_4_PRODUCTION",7,6,FALSE
"GOBP_NEGATIVE_REGULATION_OF_INTERLEUKIN_5_PRODUCTION",7,4,FALSE
"GOBP_NEGATIVE_REGULATION_OF_INTERLEUKIN_6_MEDIATED_SIGNALING_PATHWAY",2,2,FALSE
"GOBP_NEGATIVE_REGULATION_OF_INTERLEUKIN_6_PRODUCTION",46,29,TRUE
"GOBP_NEGATIVE_REGULATION_OF_INTERLEUKIN_8_PRODUCTION",17,14,FALSE
"GOBP_NEGATIVE_REGULATION_OF_INTRACELLULAR_ESTROGEN_RECEPTOR_SIGNALING_PATHWAY",15,12,FALSE
"GOBP_NEGATIVE_REGULATION_OF_INTRACELLULAR_LIPID_TRANSPORT",2,1,FALSE
"GOBP_NEGATIVE_REGULATION_OF_INTRACELLULAR_PROTEIN_TRANSPORT",37,31,TRUE
"GOBP_NEGATIVE_REGULATION_OF_INTRACELLULAR_SIGNAL_TRANSDUCTION",730,616,FALSE
"GOBP_NEGATIVE_REGULATION_OF_INTRACELLULAR_STEROID_HORMONE_RECEPTOR_SIGNALING_PATHWAY",42,35,TRUE
"GOBP_NEGATIVE_REGULATION_OF_INTRACELLULAR_TRANSPORT",55,47,TRUE
"GOBP_NEGATIVE_REGULATION_OF_INTRINSIC_APOPTOTIC_SIGNALING_PATHWAY",104,86,TRUE
"GOBP_NEGATIVE_REGULATION_OF_INTRINSIC_APOPTOTIC_SIGNALING_PATHWAY_BY_P53_CLASS_MEDIATOR",22,19,TRUE
"GOBP_NEGATIVE_REGULATION_OF_INTRINSIC_APOPTOTIC_SIGNALING_PATHWAY_IN_RESPONSE_TO_DNA_DAMAGE",29,25,TRUE
"GOBP_NEGATIVE_REGULATION_OF_INTRINSIC_APOPTOTIC_SIGNALING_PATHWAY_IN_RESPONSE_TO_OSMOTIC_STRESS",5,4,FALSE
"GOBP_NEGATIVE_REGULATION_OF_IRE1_MEDIATED_UNFOLDED_PROTEIN_RESPONSE",6,6,FALSE
"GOBP_NEGATIVE_REGULATION_OF_JNK_CASCADE",35,30,TRUE
"GOBP_NEGATIVE_REGULATION_OF_JUN_KINASE_ACTIVITY",7,6,FALSE
"GOBP_NEGATIVE_REGULATION_OF_KERATINOCYTE_DIFFERENTIATION",6,2,FALSE
"GOBP_NEGATIVE_REGULATION_OF_KERATINOCYTE_PROLIFERATION",14,10,FALSE
"GOBP_NEGATIVE_REGULATION_OF_KIDNEY_DEVELOPMENT",5,2,FALSE
"GOBP_NEGATIVE_REGULATION_OF_KINASE_ACTIVITY",76,64,TRUE
"GOBP_NEGATIVE_REGULATION_OF_LAMELLIPODIUM_ASSEMBLY",5,4,FALSE
"GOBP_NEGATIVE_REGULATION_OF_LAMELLIPODIUM_ORGANIZATION",7,6,FALSE
"GOBP_NEGATIVE_REGULATION_OF_LENS_FIBER_CELL_DIFFERENTIATION",6,4,FALSE
"GOBP_NEGATIVE_REGULATION_OF_LEUKOCYTE_ADHESION_TO_VASCULAR_ENDOTHELIAL_CELL",5,3,FALSE
"GOBP_NEGATIVE_REGULATION_OF_LEUKOCYTE_APOPTOTIC_PROCESS",51,38,TRUE
"GOBP_NEGATIVE_REGULATION_OF_LEUKOCYTE_CELL_CELL_ADHESION",155,117,TRUE
"GOBP_NEGATIVE_REGULATION_OF_LEUKOCYTE_CHEMOTAXIS",20,12,FALSE
"GOBP_NEGATIVE_REGULATION_OF_LEUKOCYTE_DEGRANULATION",13,12,FALSE
"GOBP_NEGATIVE_REGULATION_OF_LEUKOCYTE_MEDIATED_IMMUNITY",74,52,TRUE
"GOBP_NEGATIVE_REGULATION_OF_LEUKOCYTE_MIGRATION",49,33,TRUE
"GOBP_NEGATIVE_REGULATION_OF_LEUKOCYTE_PROLIFERATION",95,71,TRUE
"GOBP_NEGATIVE_REGULATION_OF_LIPID_BIOSYNTHETIC_PROCESS",61,48,TRUE
"GOBP_NEGATIVE_REGULATION_OF_LIPID_CATABOLIC_PROCESS",28,19,TRUE
"GOBP_NEGATIVE_REGULATION_OF_LIPID_LOCALIZATION",48,33,TRUE
"GOBP_NEGATIVE_REGULATION_OF_LIPID_METABOLIC_PROCESS",101,75,TRUE
"GOBP_NEGATIVE_REGULATION_OF_LIPID_STORAGE",21,14,FALSE
"GOBP_NEGATIVE_REGULATION_OF_LIPID_TRANSPORT",32,24,TRUE
"GOBP_NEGATIVE_REGULATION_OF_LIPOPOLYSACCHARIDE_MEDIATED_SIGNALING_PATHWAY",16,10,FALSE
"GOBP_NEGATIVE_REGULATION_OF_LIPOPROTEIN_PARTICLE_CLEARANCE",13,10,FALSE
"GOBP_NEGATIVE_REGULATION_OF_LOCOMOTION",325,250,TRUE
"GOBP_NEGATIVE_REGULATION_OF_LONG_TERM_SYNAPTIC_POTENTIATION",12,10,FALSE
"GOBP_NEGATIVE_REGULATION_OF_LOW_DENSITY_LIPOPROTEIN_PARTICLE_CLEARANCE",10,8,FALSE
"GOBP_NEGATIVE_REGULATION_OF_LYMPHOCYTE_ACTIVATION",179,138,TRUE
"GOBP_NEGATIVE_REGULATION_OF_LYMPHOCYTE_APOPTOTIC_PROCESS",33,23,TRUE
"GOBP_NEGATIVE_REGULATION_OF_LYMPHOCYTE_DIFFERENTIATION",72,56,TRUE
"GOBP_NEGATIVE_REGULATION_OF_LYMPHOCYTE_MIGRATION",15,11,FALSE
"GOBP_NEGATIVE_REGULATION_OF_MACROAUTOPHAGY",39,37,TRUE
"GOBP_NEGATIVE_REGULATION_OF_MACROPHAGE_ACTIVATION",18,14,FALSE
"GOBP_NEGATIVE_REGULATION_OF_MACROPHAGE_APOPTOTIC_PROCESS",6,4,FALSE
"GOBP_NEGATIVE_REGULATION_OF_MACROPHAGE_CHEMOTAXIS",7,2,FALSE
"GOBP_NEGATIVE_REGULATION_OF_MACROPHAGE_CYTOKINE_PRODUCTION",5,5,FALSE
"GOBP_NEGATIVE_REGULATION_OF_MACROPHAGE_DERIVED_FOAM_CELL_DIFFERENTIATION",12,10,FALSE
"GOBP_NEGATIVE_REGULATION_OF_MACROPHAGE_DIFFERENTIATION",8,7,FALSE
"GOBP_NEGATIVE_REGULATION_OF_MACROPHAGE_MIGRATION",10,5,FALSE
"GOBP_NEGATIVE_REGULATION_OF_MAPK_CASCADE",164,139,TRUE
"GOBP_NEGATIVE_REGULATION_OF_MAP_KINASE_ACTIVITY",18,16,TRUE
"GOBP_NEGATIVE_REGULATION_OF_MAST_CELL_ACTIVATION",9,9,FALSE
"GOBP_NEGATIVE_REGULATION_OF_MAST_CELL_DEGRANULATION",6,5,FALSE
"GOBP_NEGATIVE_REGULATION_OF_MATRIX_METALLOPEPTIDASE_SECRETION",2,2,FALSE
"GOBP_NEGATIVE_REGULATION_OF_MEGAKARYOCYTE_DIFFERENTIATION",5,5,FALSE
"GOBP_NEGATIVE_REGULATION_OF_MEIOTIC_CELL_CYCLE",22,15,TRUE
"GOBP_NEGATIVE_REGULATION_OF_MEIOTIC_CELL_CYCLE_PHASE_TRANSITION",9,8,FALSE
"GOBP_NEGATIVE_REGULATION_OF_MEIOTIC_CHROMOSOME_SEPARATION",5,4,FALSE
"GOBP_NEGATIVE_REGULATION_OF_MEIOTIC_NUCLEAR_DIVISION",12,8,FALSE
"GOBP_NEGATIVE_REGULATION_OF_MEMBRANE_DEPOLARIZATION",7,6,FALSE
"GOBP_NEGATIVE_REGULATION_OF_MEMBRANE_PERMEABILITY",17,16,TRUE
"GOBP_NEGATIVE_REGULATION_OF_MEMBRANE_POTENTIAL",12,8,FALSE
"GOBP_NEGATIVE_REGULATION_OF_MEMBRANE_PROTEIN_ECTODOMAIN_PROTEOLYSIS",8,6,FALSE
"GOBP_NEGATIVE_REGULATION_OF_MESENCHYMAL_CELL_APOPTOTIC_PROCESS",10,4,FALSE
"GOBP_NEGATIVE_REGULATION_OF_MESENCHYMAL_CELL_PROLIFERATION",8,7,FALSE
"GOBP_NEGATIVE_REGULATION_OF_MHC_CLASS_II_BIOSYNTHETIC_PROCESS",5,3,FALSE
"GOBP_NEGATIVE_REGULATION_OF_MICROGLIAL_CELL_ACTIVATION",8,7,FALSE
"GOBP_NEGATIVE_REGULATION_OF_MICROTUBULE_DEPOLYMERIZATION",32,28,TRUE
"GOBP_NEGATIVE_REGULATION_OF_MICROTUBULE_POLYMERIZATION",14,11,FALSE
"GOBP_NEGATIVE_REGULATION_OF_MICROTUBULE_POLYMERIZATION_OR_DEPOLYMERIZATION",45,38,TRUE
"GOBP_NEGATIVE_REGULATION_OF_MIRNA_METABOLIC_PROCESS",29,27,TRUE
"GOBP_NEGATIVE_REGULATION_OF_MIRNA_PROCESSING",7,4,FALSE
"GOBP_NEGATIVE_REGULATION_OF_MITOCHONDRIAL_FISSION",5,4,FALSE
"GOBP_NEGATIVE_REGULATION_OF_MITOCHONDRIAL_FUSION",8,8,FALSE
"GOBP_NEGATIVE_REGULATION_OF_MITOCHONDRIAL_OUTER_MEMBRANE_PERMEABILIZATION_INVOLVED_IN_APOPTOTIC_SIGNALING_PATHWAY",12,11,FALSE
"GOBP_NEGATIVE_REGULATION_OF_MITOTIC_CELL_CYCLE",231,197,TRUE
"GOBP_NEGATIVE_REGULATION_OF_MITOTIC_CELL_CYCLE_PHASE_TRANSITION",181,156,TRUE
"GOBP_NEGATIVE_REGULATION_OF_MITOTIC_SPINDLE_ASSEMBLY_CHECKPOINT_SIGNALING",5,4,FALSE
"GOBP_NEGATIVE_REGULATION_OF_MOLECULAR_FUNCTION",278,213,TRUE
"GOBP_NEGATIVE_REGULATION_OF_MONOATOMIC_ION_TRANSMEMBRANE_TRANSPORT",67,48,TRUE
"GOBP_NEGATIVE_REGULATION_OF_MONOATOMIC_ION_TRANSPORT",92,66,TRUE
"GOBP_NEGATIVE_REGULATION_OF_MONOCYTE_CHEMOTACTIC_PROTEIN_1_PRODUCTION",6,5,FALSE
"GOBP_NEGATIVE_REGULATION_OF_MONOCYTE_CHEMOTAXIS",6,3,FALSE
"GOBP_NEGATIVE_REGULATION_OF_MONOCYTE_DIFFERENTIATION",7,5,FALSE
"GOBP_NEGATIVE_REGULATION_OF_MONONUCLEAR_CELL_MIGRATION",30,18,TRUE
"GOBP_NEGATIVE_REGULATION_OF_MORPHOGENESIS_OF_AN_EPITHELIUM",8,6,FALSE
"GOBP_NEGATIVE_REGULATION_OF_MOTOR_NEURON_APOPTOTIC_PROCESS",5,5,FALSE
"GOBP_NEGATIVE_REGULATION_OF_MRNA_CATABOLIC_PROCESS",87,66,TRUE
"GOBP_NEGATIVE_REGULATION_OF_MRNA_METABOLIC_PROCESS",122,97,TRUE
"GOBP_NEGATIVE_REGULATION_OF_MRNA_PROCESSING",35,31,TRUE
"GOBP_NEGATIVE_REGULATION_OF_MULTICELLULAR_ORGANISMAL_PROCESS",1132,840,FALSE
"GOBP_NEGATIVE_REGULATION_OF_MULTICELLULAR_ORGANISM_GROWTH",13,11,FALSE
"GOBP_NEGATIVE_REGULATION_OF_MUSCLE_ADAPTATION",12,12,FALSE
"GOBP_NEGATIVE_REGULATION_OF_MUSCLE_CELL_APOPTOTIC_PROCESS",45,36,TRUE
"GOBP_NEGATIVE_REGULATION_OF_MUSCLE_CELL_DIFFERENTIATION",63,53,TRUE
"GOBP_NEGATIVE_REGULATION_OF_MUSCLE_CONTRACTION",23,20,TRUE
"GOBP_NEGATIVE_REGULATION_OF_MUSCLE_HYPERTROPHY",35,31,TRUE
"GOBP_NEGATIVE_REGULATION_OF_MUSCLE_ORGAN_DEVELOPMENT",11,8,FALSE
"GOBP_NEGATIVE_REGULATION_OF_MUSCLE_TISSUE_DEVELOPMENT",11,8,FALSE
"GOBP_NEGATIVE_REGULATION_OF_MYELINATION",9,8,FALSE
"GOBP_NEGATIVE_REGULATION_OF_MYELOID_CELL_APOPTOTIC_PROCESS",14,10,FALSE
"GOBP_NEGATIVE_REGULATION_OF_MYELOID_CELL_DIFFERENTIATION",84,70,TRUE
"GOBP_NEGATIVE_REGULATION_OF_MYELOID_LEUKOCYTE_DIFFERENTIATION",53,42,TRUE
"GOBP_NEGATIVE_REGULATION_OF_MYELOID_LEUKOCYTE_MEDIATED_IMMUNITY",10,9,FALSE
"GOBP_NEGATIVE_REGULATION_OF_MYOBLAST_DIFFERENTIATION",27,21,TRUE
"GOBP_NEGATIVE_REGULATION_OF_MYOBLAST_PROLIFERATION",2,2,FALSE
"GOBP_NEGATIVE_REGULATION_OF_MYOFIBROBLAST_DIFFERENTIATION",4,3,FALSE
"GOBP_NEGATIVE_REGULATION_OF_MYOTUBE_DIFFERENTIATION",17,14,FALSE
"GOBP_NEGATIVE_REGULATION_OF_NATURAL_KILLER_CELL_ACTIVATION",10,7,FALSE
"GOBP_NEGATIVE_REGULATION_OF_NATURAL_KILLER_CELL_MEDIATED_IMMUNITY",24,15,TRUE
"GOBP_NEGATIVE_REGULATION_OF_NERVOUS_SYSTEM_DEVELOPMENT",136,98,TRUE
"GOBP_NEGATIVE_REGULATION_OF_NERVOUS_SYSTEM_PROCESS",21,9,FALSE
"GOBP_NEGATIVE_REGULATION_OF_NEURAL_PRECURSOR_CELL_PROLIFERATION",22,18,TRUE
"GOBP_NEGATIVE_REGULATION_OF_NEUROBLAST_PROLIFERATION",6,6,FALSE
"GOBP_NEGATIVE_REGULATION_OF_NEUROINFLAMMATORY_RESPONSE",15,13,FALSE
"GOBP_NEGATIVE_REGULATION_OF_NEURON_APOPTOTIC_PROCESS",169,135,TRUE
"GOBP_NEGATIVE_REGULATION_OF_NEURON_DIFFERENTIATION",68,43,TRUE
"GOBP_NEGATIVE_REGULATION_OF_NEURON_MIGRATION",11,9,FALSE
"GOBP_NEGATIVE_REGULATION_OF_NEURON_PROJECTION_DEVELOPMENT",128,99,TRUE
"GOBP_NEGATIVE_REGULATION_OF_NEURON_PROJECTION_REGENERATION",14,12,FALSE
"GOBP_NEGATIVE_REGULATION_OF_NEUROTRANSMITTER_SECRETION",8,7,FALSE
"GOBP_NEGATIVE_REGULATION_OF_NEUROTRANSMITTER_TRANSPORT",11,10,FALSE
"GOBP_NEGATIVE_REGULATION_OF_NEUTROPHIL_ACTIVATION",7,7,FALSE
"GOBP_NEGATIVE_REGULATION_OF_NEUTROPHIL_MIGRATION",5,5,FALSE
"GOBP_NEGATIVE_REGULATION_OF_NF_KAPPAB_TRANSCRIPTION_FACTOR_ACTIVITY",40,32,TRUE
"GOBP_NEGATIVE_REGULATION_OF_NITRIC_OXIDE_BIOSYNTHETIC_PROCESS",14,11,FALSE
"GOBP_NEGATIVE_REGULATION_OF_NLRP3_INFLAMMASOME_COMPLEX_ASSEMBLY",15,10,FALSE
"GOBP_NEGATIVE_REGULATION_OF_NODAL_SIGNALING_PATHWAY",4,3,FALSE
"GOBP_NEGATIVE_REGULATION_OF_NON_CANONICAL_NF_KAPPAB_SIGNAL_TRANSDUCTION",29,22,TRUE
"GOBP_NEGATIVE_REGULATION_OF_NON_CANONICAL_WNT_SIGNALING_PATHWAY",5,4,FALSE
"GOBP_NEGATIVE_REGULATION_OF_NOREPINEPHRINE_SECRETION",6,2,FALSE
"GOBP_NEGATIVE_REGULATION_OF_NOTCH_SIGNALING_PATHWAY",38,33,TRUE
"GOBP_NEGATIVE_REGULATION_OF_NUCLEAR_DIVISION",74,61,TRUE
"GOBP_NEGATIVE_REGULATION_OF_NUCLEAR_RECEPTOR_MEDIATED_GLUCOCORTICOID_SIGNALING_PATHWAY",7,7,FALSE
"GOBP_NEGATIVE_REGULATION_OF_NUCLEAR_TRANSCRIBED_MRNA_CATABOLIC_PROCESS_DEADENYLATION_DEPENDENT_DECAY",12,10,FALSE
"GOBP_NEGATIVE_REGULATION_OF_NUCLEAR_TRANSCRIBED_MRNA_CATABOLIC_PROCESS_NONSENSE_MEDIATED_DECAY",9,7,FALSE
"GOBP_NEGATIVE_REGULATION_OF_NUCLEOBASE_CONTAINING_COMPOUND_METABOLIC_PROCESS",1491,1139,FALSE
"GOBP_NEGATIVE_REGULATION_OF_NUCLEOCYTOPLASMIC_TRANSPORT",30,26,TRUE
"GOBP_NEGATIVE_REGULATION_OF_NUCLEOTIDE_BIOSYNTHETIC_PROCESS",4,2,FALSE
"GOBP_NEGATIVE_REGULATION_OF_NUCLEOTIDE_CATABOLIC_PROCESS",20,17,TRUE
"GOBP_NEGATIVE_REGULATION_OF_NUCLEOTIDE_METABOLIC_PROCESS",28,22,TRUE
"GOBP_NEGATIVE_REGULATION_OF_OLIGODENDROCYTE_DIFFERENTIATION",13,11,FALSE
"GOBP_NEGATIVE_REGULATION_OF_ORGANELLE_ASSEMBLY",50,47,TRUE
"GOBP_NEGATIVE_REGULATION_OF_ORGANELLE_ORGANIZATION",362,318,TRUE
"GOBP_NEGATIVE_REGULATION_OF_ORGANIC_ACID_TRANSPORT",21,14,FALSE
"GOBP_NEGATIVE_REGULATION_OF_ORGAN_GROWTH",29,24,TRUE
"GOBP_NEGATIVE_REGULATION_OF_OSSIFICATION",42,30,TRUE
"GOBP_NEGATIVE_REGULATION_OF_OSTEOBLAST_DIFFERENTIATION",52,41,TRUE
"GOBP_NEGATIVE_REGULATION_OF_OSTEOBLAST_PROLIFERATION",8,6,FALSE
"GOBP_NEGATIVE_REGULATION_OF_OSTEOCLAST_DEVELOPMENT",6,2,FALSE
"GOBP_NEGATIVE_REGULATION_OF_OSTEOCLAST_DIFFERENTIATION",32,24,TRUE
"GOBP_NEGATIVE_REGULATION_OF_OXIDATIVE_STRESS_INDUCED_INTRINSIC_APOPTOTIC_SIGNALING_PATHWAY",30,21,TRUE
"GOBP_NEGATIVE_REGULATION_OF_OXIDATIVE_STRESS_INDUCED_NEURON_INTRINSIC_APOPTOTIC_SIGNALING_PATHWAY",14,11,FALSE
"GOBP_NEGATIVE_REGULATION_OF_OXIDOREDUCTASE_ACTIVITY",6,6,FALSE
"GOBP_NEGATIVE_REGULATION_OF_P38MAPK_CASCADE",8,7,FALSE
"GOBP_NEGATIVE_REGULATION_OF_PANCREATIC_JUICE_SECRETION",5,5,FALSE
"GOBP_NEGATIVE_REGULATION_OF_PEPTIDASE_ACTIVITY",12,6,FALSE
"GOBP_NEGATIVE_REGULATION_OF_PEPTIDE_SECRETION",45,28,TRUE
"GOBP_NEGATIVE_REGULATION_OF_PEPTIDYL_SERINE_PHOSPHORYLATION",7,7,FALSE
"GOBP_NEGATIVE_REGULATION_OF_PEPTIDYL_THREONINE_PHOSPHORYLATION",5,5,FALSE
"GOBP_NEGATIVE_REGULATION_OF_PEPTIDYL_TYROSINE_PHOSPHORYLATION",23,19,TRUE
"GOBP_NEGATIVE_REGULATION_OF_PERK_MEDIATED_UNFOLDED_PROTEIN_RESPONSE",12,12,FALSE
"GOBP_NEGATIVE_REGULATION_OF_PEROXISOME_PROLIFERATOR_ACTIVATED_RECEPTOR_SIGNALING_PATHWAY",6,5,FALSE
"GOBP_NEGATIVE_REGULATION_OF_PHAGOCYTOSIS",21,19,TRUE
"GOBP_NEGATIVE_REGULATION_OF_PHOSPHATIDYLINOSITOL_3_KINASE_PROTEIN_KINASE_B_SIGNAL_TRANSDUCTION",62,53,TRUE
"GOBP_NEGATIVE_REGULATION_OF_PHOSPHOLIPID_METABOLIC_PROCESS",6,6,FALSE
"GOBP_NEGATIVE_REGULATION_OF_PHOSPHORUS_METABOLIC_PROCESS",166,143,TRUE
"GOBP_NEGATIVE_REGULATION_OF_PHOSPHORYLATION",123,107,TRUE
"GOBP_NEGATIVE_REGULATION_OF_PINOCYTOSIS",5,5,FALSE
"GOBP_NEGATIVE_REGULATION_OF_PLASMA_MEMBRANE_BOUNDED_CELL_PROJECTION_ASSEMBLY",43,39,TRUE
"GOBP_NEGATIVE_REGULATION_OF_PLASMINOGEN_ACTIVATION",7,7,FALSE
"GOBP_NEGATIVE_REGULATION_OF_PLATELET_ACTIVATION",18,15,TRUE
"GOBP_NEGATIVE_REGULATION_OF_PLATELET_AGGREGATION",11,9,FALSE
"GOBP_NEGATIVE_REGULATION_OF_PLATELET_DERIVED_GROWTH_FACTOR_RECEPTOR_SIGNALING_PATHWAY",14,12,FALSE
"GOBP_NEGATIVE_REGULATION_OF_POST_TRANSCRIPTIONAL_GENE_SILENCING",15,11,FALSE
"GOBP_NEGATIVE_REGULATION_OF_POST_TRANSLATIONAL_PROTEIN_MODIFICATION",84,70,TRUE
"GOBP_NEGATIVE_REGULATION_OF_POTASSIUM_ION_EXPORT_ACROSS_PLASMA_MEMBRANE",6,4,FALSE
"GOBP_NEGATIVE_REGULATION_OF_POTASSIUM_ION_TRANSMEMBRANE_TRANSPORT",19,15,TRUE
"GOBP_NEGATIVE_REGULATION_OF_POTASSIUM_ION_TRANSPORT",27,22,TRUE
"GOBP_NEGATIVE_REGULATION_OF_PRODUCTION_OF_MOLECULAR_MEDIATOR_OF_IMMUNE_RESPONSE",40,25,TRUE
"GOBP_NEGATIVE_REGULATION_OF_PROGRAMMED_CELL_DEATH",883,686,FALSE
"GOBP_NEGATIVE_REGULATION_OF_PROGRAMMED_NECROTIC_CELL_DEATH",20,18,TRUE
"GOBP_NEGATIVE_REGULATION_OF_PROSTAGLANDIN_BIOSYNTHETIC_PROCESS",2,2,FALSE
"GOBP_NEGATIVE_REGULATION_OF_PROTEASOMAL_PROTEIN_CATABOLIC_PROCESS",60,49,TRUE
"GOBP_NEGATIVE_REGULATION_OF_PROTEASOMAL_UBIQUITIN_DEPENDENT_PROTEIN_CATABOLIC_PROCESS",45,36,TRUE
"GOBP_NEGATIVE_REGULATION_OF_PROTEIN_BINDING",26,21,TRUE
"GOBP_NEGATIVE_REGULATION_OF_PROTEIN_CATABOLIC_PROCESS",121,100,TRUE
"GOBP_NEGATIVE_REGULATION_OF_PROTEIN_CATABOLIC_PROCESS_IN_THE_VACUOLE",5,5,FALSE
"GOBP_NEGATIVE_REGULATION_OF_PROTEIN_CONTAINING_COMPLEX_ASSEMBLY",146,117,TRUE
"GOBP_NEGATIVE_REGULATION_OF_PROTEIN_CONTAINING_COMPLEX_DISASSEMBLY",88,77,TRUE
"GOBP_NEGATIVE_REGULATION_OF_PROTEIN_EXIT_FROM_ENDOPLASMIC_RETICULUM",10,8,FALSE
"GOBP_NEGATIVE_REGULATION_OF_PROTEIN_EXPORT_FROM_NUCLEUS",7,7,FALSE
"GOBP_NEGATIVE_REGULATION_OF_PROTEIN_FOLDING",6,4,FALSE
"GOBP_NEGATIVE_REGULATION_OF_PROTEIN_IMPORT_INTO_NUCLEUS",19,15,TRUE
"GOBP_NEGATIVE_REGULATION_OF_PROTEIN_K63_LINKED_UBIQUITINATION",4,4,FALSE
"GOBP_NEGATIVE_REGULATION_OF_PROTEIN_KINASE_ACTIVITY_BY_REGULATION_OF_PROTEIN_PHOSPHORYLATION",5,5,FALSE
"GOBP_NEGATIVE_REGULATION_OF_PROTEIN_LOCALIZATION",200,163,TRUE
"GOBP_NEGATIVE_REGULATION_OF_PROTEIN_LOCALIZATION_TO_CELL_SURFACE",12,11,FALSE
"GOBP_NEGATIVE_REGULATION_OF_PROTEIN_LOCALIZATION_TO_CHROMATIN",10,10,FALSE
"GOBP_NEGATIVE_REGULATION_OF_PROTEIN_LOCALIZATION_TO_MEMBRANE",34,29,TRUE
"GOBP_NEGATIVE_REGULATION_OF_PROTEIN_LOCALIZATION_TO_MICROTUBULE",5,4,FALSE
"GOBP_NEGATIVE_REGULATION_OF_PROTEIN_LOCALIZATION_TO_NUCLEUS",42,35,TRUE
"GOBP_NEGATIVE_REGULATION_OF_PROTEIN_MATURATION",19,17,TRUE
"GOBP_NEGATIVE_REGULATION_OF_PROTEIN_METABOLIC_PROCESS",537,438,TRUE
"GOBP_NEGATIVE_REGULATION_OF_PROTEIN_MODIFICATION_PROCESS",197,171,TRUE
"GOBP_NEGATIVE_REGULATION_OF_PROTEIN_POLYMERIZATION",72,64,TRUE
"GOBP_NEGATIVE_REGULATION_OF_PROTEIN_POLYUBIQUITINATION",8,7,FALSE
"GOBP_NEGATIVE_REGULATION_OF_PROTEIN_SECRETION",66,46,TRUE
"GOBP_NEGATIVE_REGULATION_OF_PROTEIN_SERINE_THREONINE_KINASE_ACTIVITY",31,28,TRUE
"GOBP_NEGATIVE_REGULATION_OF_PROTEIN_SUMOYLATION",8,8,FALSE
"GOBP_NEGATIVE_REGULATION_OF_PROTEIN_TARGETING_TO_MEMBRANE",5,4,FALSE
"GOBP_NEGATIVE_REGULATION_OF_PROTEIN_TARGETING_TO_MITOCHONDRION",6,4,FALSE
"GOBP_NEGATIVE_REGULATION_OF_PROTEIN_TYROSINE_KINASE_ACTIVITY",12,9,FALSE
"GOBP_NEGATIVE_REGULATION_OF_PROTEIN_UBIQUITINATION",70,58,TRUE
"GOBP_NEGATIVE_REGULATION_OF_PROTEOLYSIS",133,103,TRUE
"GOBP_NEGATIVE_REGULATION_OF_PROTEOLYSIS_INVOLVED_IN_PROTEIN_CATABOLIC_PROCESS",77,63,TRUE
"GOBP_NEGATIVE_REGULATION_OF_RAC_PROTEIN_SIGNAL_TRANSDUCTION",4,4,FALSE
"GOBP_NEGATIVE_REGULATION_OF_RAS_PROTEIN_SIGNAL_TRANSDUCTION",24,21,TRUE
"GOBP_NEGATIVE_REGULATION_OF_REACTIVE_OXYGEN_SPECIES_BIOSYNTHETIC_PROCESS",19,16,TRUE
"GOBP_NEGATIVE_REGULATION_OF_REACTIVE_OXYGEN_SPECIES_METABOLIC_PROCESS",40,35,TRUE
"GOBP_NEGATIVE_REGULATION_OF_RECEPTOR_BINDING",5,4,FALSE
"GOBP_NEGATIVE_REGULATION_OF_RECEPTOR_GUANYLYL_CYCLASE_SIGNALING_PATHWAY",5,3,FALSE
"GOBP_NEGATIVE_REGULATION_OF_RECEPTOR_INTERNALIZATION",16,13,FALSE
"GOBP_NEGATIVE_REGULATION_OF_RECEPTOR_MEDIATED_ENDOCYTOSIS",29,23,TRUE
"GOBP_NEGATIVE_REGULATION_OF_RECEPTOR_RECYCLING",5,3,FALSE
"GOBP_NEGATIVE_REGULATION_OF_RECEPTOR_SIGNALING_PATHWAY_VIA_JAK_STAT",24,20,TRUE
"GOBP_NEGATIVE_REGULATION_OF_RECEPTOR_SIGNALING_PATHWAY_VIA_STAT",28,22,TRUE
"GOBP_NEGATIVE_REGULATION_OF_REGULATED_SECRETORY_PATHWAY",25,24,TRUE
"GOBP_NEGATIVE_REGULATION_OF_REGULATORY_T_CELL_DIFFERENTIATION",19,16,TRUE
"GOBP_NEGATIVE_REGULATION_OF_RELAXATION_OF_MUSCLE",7,5,FALSE
"GOBP_NEGATIVE_REGULATION_OF_RELEASE_OF_CYTOCHROME_C_FROM_MITOCHONDRIA",19,17,TRUE
"GOBP_NEGATIVE_REGULATION_OF_RELEASE_OF_SEQUESTERED_CALCIUM_ION_INTO_CYTOSOL",7,3,FALSE
"GOBP_NEGATIVE_REGULATION_OF_REPRODUCTIVE_PROCESS",63,37,TRUE
"GOBP_NEGATIVE_REGULATION_OF_RESPIRATORY_BURST",6,4,FALSE
"GOBP_NEGATIVE_REGULATION_OF_RESPIRATORY_BURST_INVOLVED_IN_INFLAMMATORY_RESPONSE",5,3,FALSE
"GOBP_NEGATIVE_REGULATION_OF_RESPONSE_TO_BIOTIC_STIMULUS",126,103,TRUE
"GOBP_NEGATIVE_REGULATION_OF_RESPONSE_TO_CYTOKINE_STIMULUS",87,72,TRUE
"GOBP_NEGATIVE_REGULATION_OF_RESPONSE_TO_ENDOPLASMIC_RETICULUM_STRESS",50,46,TRUE
"GOBP_NEGATIVE_REGULATION_OF_RESPONSE_TO_EXTERNAL_STIMULUS",406,303,TRUE
"GOBP_NEGATIVE_REGULATION_OF_RESPONSE_TO_NUTRIENT_LEVELS",13,6,FALSE
"GOBP_NEGATIVE_REGULATION_OF_RESPONSE_TO_OXIDATIVE_STRESS",10,10,FALSE
"GOBP_NEGATIVE_REGULATION_OF_RESPONSE_TO_STIMULUS",1725,1375,FALSE
"GOBP_NEGATIVE_REGULATION_OF_RESPONSE_TO_TUMOR_CELL",11,10,FALSE
"GOBP_NEGATIVE_REGULATION_OF_RESPONSE_TO_TYPE_II_INTERFERON",8,8,FALSE
"GOBP_NEGATIVE_REGULATION_OF_RESPONSE_TO_WOUNDING",93,69,TRUE
"GOBP_NEGATIVE_REGULATION_OF_RETINOIC_ACID_RECEPTOR_SIGNALING_PATHWAY",8,8,FALSE
"GOBP_NEGATIVE_REGULATION_OF_RHO_PROTEIN_SIGNAL_TRANSDUCTION",21,21,TRUE
"GOBP_NEGATIVE_REGULATION_OF_RIG_I_SIGNALING_PATHWAY",8,8,FALSE
"GOBP_NEGATIVE_REGULATION_OF_RNA_BIOSYNTHETIC_PROCESS",1242,943,FALSE
"GOBP_NEGATIVE_REGULATION_OF_RNA_CATABOLIC_PROCESS",101,79,TRUE
"GOBP_NEGATIVE_REGULATION_OF_RNA_SPLICING",42,35,TRUE
"GOBP_NEGATIVE_REGULATION_OF_RUFFLE_ASSEMBLY",7,5,FALSE
"GOBP_NEGATIVE_REGULATION_OF_SATELLITE_CELL_DIFFERENTIATION",5,5,FALSE
"GOBP_NEGATIVE_REGULATION_OF_SCHWANN_CELL_PROLIFERATION",6,6,FALSE
"GOBP_NEGATIVE_REGULATION_OF_SECONDARY_METABOLITE_BIOSYNTHETIC_PROCESS",7,6,FALSE
"GOBP_NEGATIVE_REGULATION_OF_SECRETION",166,116,TRUE
"GOBP_NEGATIVE_REGULATION_OF_SIGNALING_RECEPTOR_ACTIVITY",13,9,FALSE
"GOBP_NEGATIVE_REGULATION_OF_SIGNAL_TRANSDUCTION_BY_P53_CLASS_MEDIATOR",41,34,TRUE
"GOBP_NEGATIVE_REGULATION_OF_SIGNAL_TRANSDUCTION_IN_ABSENCE_OF_LIGAND",33,23,TRUE
"GOBP_NEGATIVE_REGULATION_OF_SINGLE_STRANDED_VIRAL_RNA_REPLICATION_VIA_DOUBLE_STRANDED_DNA_INTERMEDIATE",5,4,FALSE
"GOBP_NEGATIVE_REGULATION_OF_SISTER_CHROMATID_COHESION",5,5,FALSE
"GOBP_NEGATIVE_REGULATION_OF_SKELETAL_MUSCLE_CELL_DIFFERENTIATION",7,7,FALSE
"GOBP_NEGATIVE_REGULATION_OF_SMAD_PROTEIN_SIGNAL_TRANSDUCTION",25,17,TRUE
"GOBP_NEGATIVE_REGULATION_OF_SMALL_GTPASE_MEDIATED_SIGNAL_TRANSDUCTION",63,59,TRUE
"GOBP_NEGATIVE_REGULATION_OF_SMALL_MOLECULE_METABOLIC_PROCESS",109,79,TRUE
"GOBP_NEGATIVE_REGULATION_OF_SMOOTHENED_SIGNALING_PATHWAY",36,33,TRUE
"GOBP_NEGATIVE_REGULATION_OF_SMOOTH_MUSCLE_CELL_APOPTOTIC_PROCESS",13,12,FALSE
"GOBP_NEGATIVE_REGULATION_OF_SMOOTH_MUSCLE_CELL_CHEMOTAXIS",4,4,FALSE
"GOBP_NEGATIVE_REGULATION_OF_SMOOTH_MUSCLE_CELL_DIFFERENTIATION",17,15,TRUE
"GOBP_NEGATIVE_REGULATION_OF_SMOOTH_MUSCLE_CELL_MIGRATION",22,20,TRUE
"GOBP_NEGATIVE_REGULATION_OF_SMOOTH_MUSCLE_CELL_PROLIFERATION",47,37,TRUE
"GOBP_NEGATIVE_REGULATION_OF_SMOOTH_MUSCLE_CONTRACTION",14,12,FALSE
"GOBP_NEGATIVE_REGULATION_OF_SODIUM_ION_TRANSMEMBRANE_TRANSPORT",8,7,FALSE
"GOBP_NEGATIVE_REGULATION_OF_SODIUM_ION_TRANSPORT",13,11,FALSE
"GOBP_NEGATIVE_REGULATION_OF_SOMATIC_STEM_CELL_POPULATION_MAINTENANCE",4,1,FALSE
"GOBP_NEGATIVE_REGULATION_OF_SPHINGOLIPID_BIOSYNTHETIC_PROCESS",5,5,FALSE
"GOBP_NEGATIVE_REGULATION_OF_SPROUTING_ANGIOGENESIS",13,12,FALSE
"GOBP_NEGATIVE_REGULATION_OF_STEM_CELL_DIFFERENTIATION",23,19,TRUE
"GOBP_NEGATIVE_REGULATION_OF_STEM_CELL_POPULATION_MAINTENANCE",25,19,TRUE
"GOBP_NEGATIVE_REGULATION_OF_STEM_CELL_PROLIFERATION",7,4,FALSE
"GOBP_NEGATIVE_REGULATION_OF_STEROID_BIOSYNTHETIC_PROCESS",26,17,TRUE
"GOBP_NEGATIVE_REGULATION_OF_STEROID_HORMONE_SECRETION",5,4,FALSE
"GOBP_NEGATIVE_REGULATION_OF_STEROID_METABOLIC_PROCESS",29,19,TRUE
"GOBP_NEGATIVE_REGULATION_OF_STEROL_TRANSPORT",14,9,FALSE
"GOBP_NEGATIVE_REGULATION_OF_STRESS_ACTIVATED_PROTEIN_KINASE_SIGNALING_CASCADE",10,10,FALSE
"GOBP_NEGATIVE_REGULATION_OF_STRIATED_MUSCLE_CELL_APOPTOTIC_PROCESS",27,20,TRUE
"GOBP_NEGATIVE_REGULATION_OF_STRIATED_MUSCLE_CELL_DIFFERENTIATION",39,32,TRUE
"GOBP_NEGATIVE_REGULATION_OF_STRIATED_MUSCLE_CONTRACTION",9,7,FALSE
"GOBP_NEGATIVE_REGULATION_OF_SUBSTRATE_ADHESION_DEPENDENT_CELL_SPREADING",13,9,FALSE
"GOBP_NEGATIVE_REGULATION_OF_SUPRAMOLECULAR_FIBER_ORGANIZATION",159,141,TRUE
"GOBP_NEGATIVE_REGULATION_OF_SYNAPSE_ASSEMBLY",10,6,FALSE
"GOBP_NEGATIVE_REGULATION_OF_SYNAPSE_ORGANIZATION",15,10,FALSE
"GOBP_NEGATIVE_REGULATION_OF_SYNAPTIC_TRANSMISSION",66,39,TRUE
"GOBP_NEGATIVE_REGULATION_OF_SYNAPTIC_TRANSMISSION_GABAERGIC",9,2,FALSE
"GOBP_NEGATIVE_REGULATION_OF_SYNAPTIC_TRANSMISSION_GLUTAMATERGIC",10,6,FALSE
"GOBP_NEGATIVE_REGULATION_OF_SYNAPTIC_VESICLE_EXOCYTOSIS",6,6,FALSE
"GOBP_NEGATIVE_REGULATION_OF_SYNCYTIUM_FORMATION_BY_PLASMA_MEMBRANE_FUSION",54,32,TRUE
"GOBP_NEGATIVE_REGULATION_OF_SYSTEMIC_ARTERIAL_BLOOD_PRESSURE",23,8,FALSE
"GOBP_NEGATIVE_REGULATION_OF_TELOMERE_CAPPING",8,7,FALSE
"GOBP_NEGATIVE_REGULATION_OF_TELOMERE_MAINTENANCE",38,35,TRUE
"GOBP_NEGATIVE_REGULATION_OF_TELOMERE_MAINTENANCE_VIA_TELOMERASE",22,20,TRUE
"GOBP_NEGATIVE_REGULATION_OF_TELOMERE_MAINTENANCE_VIA_TELOMERE_LENGTHENING",29,26,TRUE
"GOBP_NEGATIVE_REGULATION_OF_THYMOCYTE_APOPTOTIC_PROCESS",8,5,FALSE
"GOBP_NEGATIVE_REGULATION_OF_TISSUE_REMODELING",25,16,TRUE
"GOBP_NEGATIVE_REGULATION_OF_TOLL_LIKE_RECEPTOR_2_SIGNALING_PATHWAY",6,5,FALSE
"GOBP_NEGATIVE_REGULATION_OF_TOLL_LIKE_RECEPTOR_4_SIGNALING_PATHWAY",17,11,FALSE
"GOBP_NEGATIVE_REGULATION_OF_TOLL_LIKE_RECEPTOR_9_SIGNALING_PATHWAY",8,5,FALSE
"GOBP_NEGATIVE_REGULATION_OF_TOLL_LIKE_RECEPTOR_SIGNALING_PATHWAY",19,17,TRUE
"GOBP_NEGATIVE_REGULATION_OF_TORC1_SIGNALING",45,41,TRUE
"GOBP_NEGATIVE_REGULATION_OF_TOR_SIGNALING",70,62,TRUE
"GOBP_NEGATIVE_REGULATION_OF_TRANSCRIPTION_BY_COMPETITIVE_PROMOTER_BINDING",13,11,FALSE
"GOBP_NEGATIVE_REGULATION_OF_TRANSCRIPTION_BY_RNA_POLYMERASE_I",11,11,FALSE
"GOBP_NEGATIVE_REGULATION_OF_TRANSCRIPTION_BY_RNA_POLYMERASE_II",928,701,FALSE
"GOBP_NEGATIVE_REGULATION_OF_TRANSCRIPTION_ELONGATION_BY_RNA_POLYMERASE_II",20,18,TRUE
"GOBP_NEGATIVE_REGULATION_OF_TRANSFORMING_GROWTH_FACTOR_BETA1_PRODUCTION",6,5,FALSE
"GOBP_NEGATIVE_REGULATION_OF_TRANSFORMING_GROWTH_FACTOR_BETA_PRODUCTION",14,10,FALSE
"GOBP_NEGATIVE_REGULATION_OF_TRANSFORMING_GROWTH_FACTOR_BETA_RECEPTOR_SIGNALING_PATHWAY",96,77,TRUE
"GOBP_NEGATIVE_REGULATION_OF_TRANSLATION",133,106,TRUE
"GOBP_NEGATIVE_REGULATION_OF_TRANSLATIONAL_ELONGATION",6,6,FALSE
"GOBP_NEGATIVE_REGULATION_OF_TRANSLATIONAL_INITIATION",27,20,TRUE
"GOBP_NEGATIVE_REGULATION_OF_TRANSLATIONAL_INITIATION_IN_RESPONSE_TO_STRESS",5,5,FALSE
"GOBP_NEGATIVE_REGULATION_OF_TRANSLATION_IN_RESPONSE_TO_STRESS",6,5,FALSE
"GOBP_NEGATIVE_REGULATION_OF_TRANSMEMBRANE_RECEPTOR_PROTEIN_SERINE_THREONINE_KINASE_SIGNALING_PATHWAY",154,121,TRUE
"GOBP_NEGATIVE_REGULATION_OF_TRANSMEMBRANE_TRANSPORT",99,72,TRUE
"GOBP_NEGATIVE_REGULATION_OF_TRANSMISSION_OF_NERVE_IMPULSE",6,1,FALSE
"GOBP_NEGATIVE_REGULATION_OF_TRANSPORT",395,301,TRUE
"GOBP_NEGATIVE_REGULATION_OF_TRANSPORTER_ACTIVITY",21,11,FALSE
"GOBP_NEGATIVE_REGULATION_OF_TRIGLYCERIDE_BIOSYNTHETIC_PROCESS",4,4,FALSE
"GOBP_NEGATIVE_REGULATION_OF_TRIGLYCERIDE_CATABOLIC_PROCESS",7,4,FALSE
"GOBP_NEGATIVE_REGULATION_OF_TRIGLYCERIDE_METABOLIC_PROCESS",15,11,FALSE
"GOBP_NEGATIVE_REGULATION_OF_TRNA_METABOLIC_PROCESS",5,5,FALSE
"GOBP_NEGATIVE_REGULATION_OF_TROPHOBLAST_CELL_MIGRATION",6,4,FALSE
"GOBP_NEGATIVE_REGULATION_OF_TUMOR_NECROSIS_FACTOR_MEDIATED_SIGNALING_PATHWAY",24,18,TRUE
"GOBP_NEGATIVE_REGULATION_OF_TUMOR_NECROSIS_FACTOR_SUPERFAMILY_CYTOKINE_PRODUCTION",66,50,TRUE
"GOBP_NEGATIVE_REGULATION_OF_TYPE_2_IMMUNE_RESPONSE",13,9,FALSE
"GOBP_NEGATIVE_REGULATION_OF_TYPE_B_PANCREATIC_CELL_APOPTOTIC_PROCESS",7,4,FALSE
"GOBP_NEGATIVE_REGULATION_OF_TYPE_II_INTERFERON_PRODUCTION",42,23,TRUE
"GOBP_NEGATIVE_REGULATION_OF_TYPE_I_INTERFERON_MEDIATED_SIGNALING_PATHWAY",21,19,TRUE
"GOBP_NEGATIVE_REGULATION_OF_TYPE_I_INTERFERON_PRODUCTION",53,45,TRUE
"GOBP_NEGATIVE_REGULATION_OF_TYROSINE_PHOSPHORYLATION_OF_STAT_PROTEIN",6,5,FALSE
"GOBP_NEGATIVE_REGULATION_OF_T_CELL_APOPTOTIC_PROCESS",21,13,FALSE
"GOBP_NEGATIVE_REGULATION_OF_T_CELL_CYTOKINE_PRODUCTION",14,9,FALSE
"GOBP_NEGATIVE_REGULATION_OF_T_CELL_DIFFERENTIATION_IN_THYMUS",8,5,FALSE
"GOBP_NEGATIVE_REGULATION_OF_T_CELL_MEDIATED_CYTOTOXICITY",11,6,FALSE
"GOBP_NEGATIVE_REGULATION_OF_T_CELL_MEDIATED_IMMUNE_RESPONSE_TO_TUMOR_CELL",8,7,FALSE
"GOBP_NEGATIVE_REGULATION_OF_T_CELL_MEDIATED_IMMUNITY",37,25,TRUE
"GOBP_NEGATIVE_REGULATION_OF_T_CELL_MIGRATION",7,5,FALSE
"GOBP_NEGATIVE_REGULATION_OF_T_CELL_PROLIFERATION",73,54,TRUE
"GOBP_NEGATIVE_REGULATION_OF_T_CELL_RECEPTOR_SIGNALING_PATHWAY",40,29,TRUE
"GOBP_NEGATIVE_REGULATION_OF_T_HELPER_17_CELL_LINEAGE_COMMITMENT",7,5,FALSE
"GOBP_NEGATIVE_REGULATION_OF_T_HELPER_17_TYPE_IMMUNE_RESPONSE",16,12,FALSE
"GOBP_NEGATIVE_REGULATION_OF_T_HELPER_1_TYPE_IMMUNE_RESPONSE",15,11,FALSE
"GOBP_NEGATIVE_REGULATION_OF_T_HELPER_2_CELL_DIFFERENTIATION",5,5,FALSE
"GOBP_NEGATIVE_REGULATION_OF_T_HELPER_CELL_DIFFERENTIATION",20,16,TRUE
"GOBP_NEGATIVE_REGULATION_OF_UBIQUITIN_DEPENDENT_PROTEIN_CATABOLIC_PROCESS",61,49,TRUE
"GOBP_NEGATIVE_REGULATION_OF_UBIQUITIN_PROTEIN_TRANSFERASE_ACTIVITY",6,5,FALSE
"GOBP_NEGATIVE_REGULATION_OF_URINE_VOLUME",5,3,FALSE
"GOBP_NEGATIVE_REGULATION_OF_VASCULAR_ASSOCIATED_SMOOTH_MUSCLE_CELL_APOPTOTIC_PROCESS",3,3,FALSE
"GOBP_NEGATIVE_REGULATION_OF_VASCULAR_ASSOCIATED_SMOOTH_MUSCLE_CELL_DIFFERENTIATION",8,8,FALSE
"GOBP_NEGATIVE_REGULATION_OF_VASCULAR_ASSOCIATED_SMOOTH_MUSCLE_CELL_MIGRATION",9,7,FALSE
"GOBP_NEGATIVE_REGULATION_OF_VASCULAR_ASSOCIATED_SMOOTH_MUSCLE_CELL_PROLIFERATION",21,17,TRUE
"GOBP_NEGATIVE_REGULATION_OF_VASCULAR_ENDOTHELIAL_CELL_PROLIFERATION",5,5,FALSE
"GOBP_NEGATIVE_REGULATION_OF_VASCULAR_ENDOTHELIAL_GROWTH_FACTOR_PRODUCTION",1,1,FALSE
"GOBP_NEGATIVE_REGULATION_OF_VASCULAR_ENDOTHELIAL_GROWTH_FACTOR_RECEPTOR_SIGNALING_PATHWAY",11,11,FALSE
"GOBP_NEGATIVE_REGULATION_OF_VASCULAR_PERMEABILITY",19,18,TRUE
"GOBP_NEGATIVE_REGULATION_OF_VASCULAR_WOUND_HEALING",5,4,FALSE
"GOBP_NEGATIVE_REGULATION_OF_VASCULATURE_DEVELOPMENT",111,87,TRUE
"GOBP_NEGATIVE_REGULATION_OF_VASOCONSTRICTION",13,11,FALSE
"GOBP_NEGATIVE_REGULATION_OF_VERY_LOW_DENSITY_LIPOPROTEIN_PARTICLE_REMODELING",6,2,FALSE
"GOBP_NEGATIVE_REGULATION_OF_VIRAL_GENOME_REPLICATION",43,33,TRUE
"GOBP_NEGATIVE_REGULATION_OF_VIRAL_LIFE_CYCLE",5,4,FALSE
"GOBP_NEGATIVE_REGULATION_OF_VIRAL_PROCESS",69,51,TRUE
"GOBP_NEGATIVE_REGULATION_OF_VIRAL_TRANSCRIPTION",16,13,FALSE
"GOBP_NEGATIVE_REGULATION_OF_VITAMIN_METABOLIC_PROCESS",6,3,FALSE
"GOBP_NEGATIVE_REGULATION_OF_VOLTAGE_GATED_CALCIUM_CHANNEL_ACTIVITY",7,3,FALSE
"GOBP_NEGATIVE_REGULATION_OF_WNT_SIGNALING_PATHWAY",175,135,TRUE
"GOBP_NEGATIVE_REGULATION_OF_WOUND_HEALING",70,51,TRUE
"GOBP_NEGATIVE_REGULATION_OF_WOUND_HEALING_SPREADING_OF_EPIDERMAL_CELLS",4,4,FALSE
"GOBP_NEGATIVE_T_CELL_SELECTION",13,9,FALSE
"GOBP_NEPHRIC_DUCT_DEVELOPMENT",15,7,FALSE
"GOBP_NEPHRIC_DUCT_FORMATION",5,1,FALSE
"GOBP_NEPHRIC_DUCT_MORPHOGENESIS",11,4,FALSE
"GOBP_NEPHRON_DEVELOPMENT",159,110,TRUE
"GOBP_NEPHRON_EPITHELIUM_DEVELOPMENT",120,76,TRUE
"GOBP_NEPHRON_MORPHOGENESIS",78,48,TRUE
"GOBP_NEPHRON_TUBULE_EPITHELIAL_CELL_DIFFERENTIATION",14,9,FALSE
"GOBP_NEPHRON_TUBULE_FORMATION",20,8,FALSE
"GOBP_NERVE_DEVELOPMENT",95,67,TRUE
"GOBP_NERVE_GROWTH_FACTOR_SIGNALING_PATHWAY",14,13,FALSE
"GOBP_NERVOUS_SYSTEM_PROCESS",1420,695,FALSE
"GOBP_NERVOUS_SYSTEM_PROCESS_INVOLVED_IN_REGULATION_OF_SYSTEMIC_ARTERIAL_BLOOD_PRESSURE",14,6,FALSE
"GOBP_NETRIN_ACTIVATED_SIGNALING_PATHWAY",9,5,FALSE
"GOBP_NEURAL_CREST_CELL_DIFFERENTIATION",99,83,TRUE
"GOBP_NEURAL_CREST_CELL_FATE_COMMITMENT",6,3,FALSE
"GOBP_NEURAL_CREST_CELL_MIGRATION_INVOLVED_IN_AUTONOMIC_NERVOUS_SYSTEM_DEVELOPMENT",7,5,FALSE
"GOBP_NEURAL_CREST_FORMATION",15,12,FALSE
"GOBP_NEURAL_FOLD_FORMATION",8,6,FALSE
"GOBP_NEURAL_NUCLEUS_DEVELOPMENT",65,47,TRUE
"GOBP_NEURAL_PLATE_DEVELOPMENT",10,7,FALSE
"GOBP_NEURAL_PLATE_MORPHOGENESIS",6,4,FALSE
"GOBP_NEURAL_PLATE_PATTERN_SPECIFICATION",9,8,FALSE
"GOBP_NEURAL_PLATE_REGIONALIZATION",7,6,FALSE
"GOBP_NEURAL_PRECURSOR_CELL_PROLIFERATION",158,122,TRUE
"GOBP_NEURAL_RETINA_DEVELOPMENT",81,49,TRUE
"GOBP_NEURAL_TUBE_DEVELOPMENT",163,137,TRUE
"GOBP_NEURAL_TUBE_FORMATION",105,92,TRUE
"GOBP_NEURAL_TUBE_PATTERNING",32,23,TRUE
"GOBP_NEUROBLAST_DIVISION",14,13,FALSE
"GOBP_NEUROBLAST_PROLIFERATION",60,48,TRUE
"GOBP_NEUROENDOCRINE_CELL_DIFFERENTIATION",10,5,FALSE
"GOBP_NEUROEPITHELIAL_CELL_DIFFERENTIATION",35,21,TRUE
"GOBP_NEUROFIBRILLARY_TANGLE_ASSEMBLY",8,7,FALSE
"GOBP_NEUROFILAMENT_CYTOSKELETON_ORGANIZATION",10,9,FALSE
"GOBP_NEUROGENESIS",1777,1319,FALSE
"GOBP_NEUROINFLAMMATORY_RESPONSE",85,72,TRUE
"GOBP_NEUROMUSCULAR_JUNCTION_DEVELOPMENT",66,53,TRUE
"GOBP_NEUROMUSCULAR_PROCESS",185,137,TRUE
"GOBP_NEUROMUSCULAR_PROCESS_CONTROLLING_BALANCE",58,42,TRUE
"GOBP_NEUROMUSCULAR_PROCESS_CONTROLLING_POSTURE",20,13,FALSE
"GOBP_NEUROMUSCULAR_SYNAPTIC_TRANSMISSION",35,21,TRUE
"GOBP_NEURONAL_ACTION_POTENTIAL",40,23,TRUE
"GOBP_NEURONAL_DENSE_CORE_VESICLE_EXOCYTOSIS",8,8,FALSE
"GOBP_NEURONAL_ION_CHANNEL_CLUSTERING",13,11,FALSE
"GOBP_NEURONAL_SIGNAL_TRANSDUCTION",7,6,FALSE
"GOBP_NEURONAL_STEM_CELL_POPULATION_MAINTENANCE",23,19,TRUE
"GOBP_NEURON_APOPTOTIC_PROCESS",291,232,TRUE
"GOBP_NEURON_CELLULAR_HOMEOSTASIS",54,37,TRUE
"GOBP_NEURON_CELL_CELL_ADHESION",17,13,FALSE
"GOBP_NEURON_DEVELOPMENT",1185,880,FALSE
"GOBP_NEURON_FATE_COMMITMENT",67,30,TRUE
"GOBP_NEURON_FATE_DETERMINATION",8,3,FALSE
"GOBP_NEURON_FATE_SPECIFICATION",32,11,FALSE
"GOBP_NEURON_GLIAL_CELL_SIGNALING",5,2,FALSE
"GOBP_NEURON_INTRINSIC_APOPTOTIC_SIGNALING_PATHWAY_IN_RESPONSE_TO_OXIDATIVE_STRESS",23,17,TRUE
"GOBP_NEURON_MATURATION",53,40,TRUE
"GOBP_NEURON_MIGRATION",190,142,TRUE
"GOBP_NEURON_NEURON_SYNAPTIC_TRANSMISSION",9,5,FALSE
"GOBP_NEURON_PROJECTION_ARBORIZATION",35,29,TRUE
"GOBP_NEURON_PROJECTION_EXTENSION",169,133,TRUE
"GOBP_NEURON_PROJECTION_EXTENSION_INVOLVED_IN_NEURON_PROJECTION_GUIDANCE",20,16,TRUE
"GOBP_NEURON_PROJECTION_GUIDANCE",241,174,TRUE
"GOBP_NEURON_PROJECTION_MAINTENANCE",13,11,FALSE
"GOBP_NEURON_PROJECTION_ORGANIZATION",96,83,TRUE
"GOBP_NEURON_PROJECTION_REGENERATION",53,45,TRUE
"GOBP_NEURON_RECOGNITION",50,39,TRUE
"GOBP_NEURON_REMODELING",14,12,FALSE
"GOBP_NEUROPEPTIDE_CATABOLIC_PROCESS",5,5,FALSE
"GOBP_NEUROPEPTIDE_SIGNALING_PATHWAY",111,24,TRUE
"GOBP_NEUROTRANSMITTER_GATED_ION_CHANNEL_CLUSTERING",19,15,TRUE
"GOBP_NEUROTRANSMITTER_LOADING_INTO_SYNAPTIC_VESICLE",7,1,FALSE
"GOBP_NEUROTRANSMITTER_RECEPTOR_LOCALIZATION_TO_POSTSYNAPTIC_SPECIALIZATION_MEMBRANE",38,29,TRUE
"GOBP_NEUROTRANSMITTER_RECEPTOR_TRANSPORT",20,17,TRUE
"GOBP_NEUROTRANSMITTER_RECEPTOR_TRANSPORT_ENDOSOME_TO_POSTSYNAPTIC_MEMBRANE",10,9,FALSE
"GOBP_NEUROTRANSMITTER_RECEPTOR_TRANSPORT_TO_PLASMA_MEMBRANE",16,14,FALSE
"GOBP_NEUROTRANSMITTER_REUPTAKE",35,20,TRUE
"GOBP_NEUROTRANSMITTER_SECRETION",158,121,TRUE
"GOBP_NEUROTRANSMITTER_TRANSPORT",220,157,TRUE
"GOBP_NEUROTRANSMITTER_UPTAKE",48,30,TRUE
"GOBP_NEUROTROPHIN_PRODUCTION",5,3,FALSE
"GOBP_NEUROTROPHIN_SIGNALING_PATHWAY",39,36,TRUE
"GOBP_NEUROTROPHIN_TRK_RECEPTOR_SIGNALING_PATHWAY",26,24,TRUE
"GOBP_NEUTRAL_AMINO_ACID_TRANSPORT",55,40,TRUE
"GOBP_NEUTRAL_LIPID_BIOSYNTHETIC_PROCESS",49,38,TRUE
"GOBP_NEUTRAL_LIPID_CATABOLIC_PROCESS",45,23,TRUE
"GOBP_NEUTRAL_LIPID_METABOLIC_PROCESS",139,93,TRUE
"GOBP_NEUTROPHIL_ACTIVATION_INVOLVED_IN_IMMUNE_RESPONSE",24,16,TRUE
"GOBP_NEUTROPHIL_APOPTOTIC_PROCESS",8,5,FALSE
"GOBP_NEUTROPHIL_CHEMOTAXIS",80,62,TRUE
"GOBP_NEUTROPHIL_CLEARANCE",5,4,FALSE
"GOBP_NEUTROPHIL_DEGRANULATION",13,11,FALSE
"GOBP_NEUTROPHIL_DIFFERENTIATION",11,9,FALSE
"GOBP_NEUTROPHIL_EXTRAVASATION",12,9,FALSE
"GOBP_NEUTROPHIL_HOMEOSTASIS",20,15,TRUE
"GOBP_NEUTROPHIL_MEDIATED_CYTOTOXICITY",17,9,FALSE
"GOBP_NEUTROPHIL_MEDIATED_IMMUNITY",41,28,TRUE
"GOBP_NEUTROPHIL_MEDIATED_KILLING_OF_BACTERIUM",13,7,FALSE
"GOBP_NEUTROPHIL_MEDIATED_KILLING_OF_GRAM_NEGATIVE_BACTERIUM",7,3,FALSE
"GOBP_NEUTROPHIL_MIGRATION",101,75,TRUE
"GOBP_NICOTINATE_METABOLIC_PROCESS",12,10,FALSE
"GOBP_NITRIC_OXIDE_CGMP_MEDIATED_SIGNALING",13,8,FALSE
"GOBP_NITRIC_OXIDE_MEDIATED_SIGNAL_TRANSDUCTION",26,16,TRUE
"GOBP_NITRIC_OXIDE_TRANSPORT",5,3,FALSE
"GOBP_NITROGEN_COMPOUND_TRANSPORT",1856,1465,FALSE
"GOBP_NITROGEN_CYCLE_METABOLIC_PROCESS",15,11,FALSE
"GOBP_NITROGEN_UTILIZATION",4,2,FALSE
"GOBP_NK_T_CELL_ACTIVATION",23,17,TRUE
"GOBP_NK_T_CELL_DIFFERENTIATION",10,8,FALSE
"GOBP_NK_T_CELL_PROLIFERATION",12,9,FALSE
"GOBP_NLS_BEARING_PROTEIN_IMPORT_INTO_NUCLEUS",13,12,FALSE
"GOBP_NMDA_GLUTAMATE_RECEPTOR_CLUSTERING",5,5,FALSE
"GOBP_NMDA_SELECTIVE_GLUTAMATE_RECEPTOR_SIGNALING_PATHWAY",7,6,FALSE
"GOBP_NODAL_SIGNALING_PATHWAY",19,11,FALSE
"GOBP_NONASSOCIATIVE_LEARNING",7,6,FALSE
"GOBP_NONRIBOSOMAL_PEPTIDE_BIOSYNTHETIC_PROCESS",16,14,FALSE
"GOBP_NON_CANONICAL_NF_KAPPAB_SIGNAL_TRANSDUCTION",125,101,TRUE
"GOBP_NON_CANONICAL_WNT_SIGNALING_PATHWAY",69,54,TRUE
"GOBP_NON_LYTIC_VIRAL_RELEASE",13,12,FALSE
"GOBP_NON_MOTILE_CILIUM_ASSEMBLY",65,59,TRUE
"GOBP_NON_PROTEINOGENIC_AMINO_ACID_BIOSYNTHETIC_PROCESS",18,13,FALSE
"GOBP_NON_PROTEINOGENIC_AMINO_ACID_CATABOLIC_PROCESS",18,12,FALSE
"GOBP_NON_PROTEINOGENIC_AMINO_ACID_METABOLIC_PROCESS",60,44,TRUE
"GOBP_NORADRENERGIC_NEURON_DEVELOPMENT",5,2,FALSE
"GOBP_NORADRENERGIC_NEURON_DIFFERENTIATION",13,6,FALSE
"GOBP_NOREPINEPHRINE_BIOSYNTHETIC_PROCESS",9,2,FALSE
"GOBP_NOREPINEPHRINE_METABOLIC_PROCESS",17,8,FALSE
"GOBP_NOREPINEPHRINE_SECRETION",13,5,FALSE
"GOBP_NOREPINEPHRINE_TRANSPORT",23,10,FALSE
"GOBP_NOREPINEPHRINE_UPTAKE",9,4,FALSE
"GOBP_NOSE_DEVELOPMENT",16,13,FALSE
"GOBP_NOTCH_RECEPTOR_PROCESSING",9,9,FALSE
"GOBP_NOTCH_SIGNALING_PATHWAY",182,136,TRUE
"GOBP_NOTOCHORD_DEVELOPMENT",17,12,FALSE
"GOBP_NOTOCHORD_MORPHOGENESIS",8,6,FALSE
"GOBP_NUCLEAR_BODY_ORGANIZATION",15,11,FALSE
"GOBP_NUCLEAR_CHROMOSOME_SEGREGATION",333,270,TRUE
"GOBP_NUCLEAR_ENVELOPE_ORGANIZATION",56,51,TRUE
"GOBP_NUCLEAR_EXPORT",163,150,TRUE
"GOBP_NUCLEAR_HISTONE_MRNA_CATABOLIC_PROCESS",13,10,FALSE
"GOBP_NUCLEAR_MEMBRANE_ORGANIZATION",45,41,TRUE
"GOBP_NUCLEAR_MEMBRANE_REASSEMBLY",24,20,TRUE
"GOBP_NUCLEAR_MIGRATION_ALONG_MICROTUBULE",5,3,FALSE
"GOBP_NUCLEAR_MRNA_SURVEILLANCE",11,11,FALSE
"GOBP_NUCLEAR_PORE_COMPLEX_ASSEMBLY",11,10,FALSE
"GOBP_NUCLEAR_PORE_LOCALIZATION",5,5,FALSE
"GOBP_NUCLEAR_PORE_ORGANIZATION",14,13,FALSE
"GOBP_NUCLEAR_RECEPTOR_MEDIATED_CORTICOSTEROID_SIGNALING_PATHWAY",14,13,FALSE
"GOBP_NUCLEAR_RECEPTOR_MEDIATED_SIGNALING_PATHWAY",202,160,TRUE
"GOBP_NUCLEAR_TRANSCRIBED_MRNA_CATABOLIC_PROCESS",148,133,TRUE
"GOBP_NUCLEAR_TRANSCRIBED_MRNA_CATABOLIC_PROCESS_DEADENYLATION_DEPENDENT_DECAY",69,61,TRUE
"GOBP_NUCLEAR_TRANSCRIBED_MRNA_CATABOLIC_PROCESS_DEADENYLATION_INDEPENDENT_DECAY",7,6,FALSE
"GOBP_NUCLEAR_TRANSCRIBED_MRNA_CATABOLIC_PROCESS_NONSENSE_MEDIATED_DECAY",45,41,TRUE
"GOBP_NUCLEAR_TRANSCRIBED_MRNA_CATABOLIC_PROCESS_NO_GO_DECAY",6,6,FALSE
"GOBP_NUCLEAR_TRANSCRIBED_MRNA_POLY_A_TAIL_SHORTENING",34,33,TRUE
"GOBP_NUCLEAR_TRANSPORT",320,289,TRUE
"GOBP_NUCLEIC_ACID_CATABOLIC_PROCESS",399,331,TRUE
"GOBP_NUCLEOBASE_BIOSYNTHETIC_PROCESS",21,16,TRUE
"GOBP_NUCLEOBASE_CATABOLIC_PROCESS",10,9,FALSE
"GOBP_NUCLEOBASE_CONTAINING_COMPOUND_CATABOLIC_PROCESS",583,488,TRUE
"GOBP_NUCLEOBASE_CONTAINING_COMPOUND_TRANSPORT",220,186,TRUE
"GOBP_NUCLEOBASE_CONTAINING_SMALL_MOLECULE_CATABOLIC_PROCESS",14,12,FALSE
"GOBP_NUCLEOBASE_CONTAINING_SMALL_MOLECULE_INTERCONVERSION",8,7,FALSE
"GOBP_NUCLEOBASE_CONTAINING_SMALL_MOLECULE_METABOLIC_PROCESS",668,536,FALSE
"GOBP_NUCLEOBASE_METABOLIC_PROCESS",41,31,TRUE
"GOBP_NUCLEOBASE_TRANSPORT",13,7,FALSE
"GOBP_NUCLEOLAR_CHROMATIN_ORGANIZATION",11,11,FALSE
"GOBP_NUCLEOLAR_LARGE_RRNA_TRANSCRIPTION_BY_RNA_POLYMERASE_I",33,28,TRUE
"GOBP_NUCLEOLUS_ORGANIZATION",18,17,TRUE
"GOBP_NUCLEOPHAGY",23,22,TRUE
"GOBP_NUCLEOSIDE_BIOSYNTHETIC_PROCESS",17,13,FALSE
"GOBP_NUCLEOSIDE_DIPHOSPHATE_BIOSYNTHETIC_PROCESS",14,12,FALSE
"GOBP_NUCLEOSIDE_DIPHOSPHATE_CATABOLIC_PROCESS",109,94,TRUE
"GOBP_NUCLEOSIDE_DIPHOSPHATE_METABOLIC_PROCESS",135,118,TRUE
"GOBP_NUCLEOSIDE_METABOLIC_PROCESS",42,29,TRUE
"GOBP_NUCLEOSIDE_MONOPHOSPHATE_BIOSYNTHETIC_PROCESS",43,35,TRUE
"GOBP_NUCLEOSIDE_MONOPHOSPHATE_CATABOLIC_PROCESS",21,15,TRUE
"GOBP_NUCLEOSIDE_MONOPHOSPHATE_METABOLIC_PROCESS",77,61,TRUE
"GOBP_NUCLEOSIDE_MONOPHOSPHATE_PHOSPHORYLATION",10,6,FALSE
"GOBP_NUCLEOSIDE_PHOSPHATE_BIOSYNTHETIC_PROCESS",321,256,TRUE
"GOBP_NUCLEOSIDE_PHOSPHATE_CATABOLIC_PROCESS",185,158,TRUE
"GOBP_NUCLEOSIDE_SALVAGE",12,9,FALSE
"GOBP_NUCLEOSIDE_TRANSMEMBRANE_TRANSPORT",8,4,FALSE
"GOBP_NUCLEOSIDE_TRANSPORT",9,4,FALSE
"GOBP_NUCLEOSIDE_TRIPHOSPHATE_BIOSYNTHETIC_PROCESS",127,97,TRUE
"GOBP_NUCLEOSIDE_TRIPHOSPHATE_CATABOLIC_PROCESS",14,10,FALSE
"GOBP_NUCLEOSIDE_TRIPHOSPHATE_METABOLIC_PROCESS",281,229,TRUE
"GOBP_NUCLEOSOME_ORGANIZATION",88,62,TRUE
"GOBP_NUCLEOTIDE_BINDING_DOMAIN_LEUCINE_RICH_REPEAT_CONTAINING_RECEPTOR_SIGNALING_PATHWAY",29,27,TRUE
"GOBP_NUCLEOTIDE_BINDING_OLIGOMERIZATION_DOMAIN_CONTAINING_1_SIGNALING_PATHWAY",8,8,FALSE
"GOBP_NUCLEOTIDE_BINDING_OLIGOMERIZATION_DOMAIN_CONTAINING_2_SIGNALING_PATHWAY",19,17,TRUE
"GOBP_NUCLEOTIDE_BIOSYNTHETIC_PROCESS",227,171,TRUE
"GOBP_NUCLEOTIDE_EXCISION_REPAIR",87,80,TRUE
"GOBP_NUCLEOTIDE_EXCISION_REPAIR_DNA_GAP_FILLING",6,6,FALSE
"GOBP_NUCLEOTIDE_METABOLIC_PROCESS",485,388,TRUE
"GOBP_NUCLEOTIDE_SALVAGE",26,21,TRUE
"GOBP_NUCLEOTIDE_SUGAR_BIOSYNTHETIC_PROCESS",28,25,TRUE
"GOBP_NUCLEOTIDE_SUGAR_METABOLIC_PROCESS",41,37,TRUE
"GOBP_NUCLEOTIDE_SUGAR_TRANSMEMBRANE_TRANSPORT",13,12,FALSE
"GOBP_NUCLEOTIDE_TRANSMEMBRANE_TRANSPORT",26,17,TRUE
"GOBP_NUCLEOTIDE_TRANSPORT",47,34,TRUE
"GOBP_NUCLEUS_LOCALIZATION",33,29,TRUE
"GOBP_NUCLEUS_ORGANIZATION",150,120,TRUE
"GOBP_NUTRIENT_STORAGE",99,69,TRUE
"GOBP_N_ACETYLGLUCOSAMINE_METABOLIC_PROCESS",17,13,FALSE
"GOBP_N_ACETYLNEURAMINATE_CATABOLIC_PROCESS",6,6,FALSE
"GOBP_N_ACETYLNEURAMINATE_METABOLIC_PROCESS",13,12,FALSE
"GOBP_N_ACYLETHANOLAMINE_METABOLIC_PROCESS",5,5,FALSE
"GOBP_N_ACYLPHOSPHATIDYLETHANOLAMINE_METABOLIC_PROCESS",7,6,FALSE
"GOBP_N_GLYCAN_PROCESSING",26,20,TRUE
"GOBP_N_TERMINAL_PROTEIN_AMINO_ACID_ACETYLATION",9,6,FALSE
"GOBP_N_TERMINAL_PROTEIN_AMINO_ACID_MODIFICATION",17,14,FALSE
"GOBP_N_TERMINAL_PROTEIN_LIPIDATION",6,6,FALSE
"GOBP_OBSERVATIONAL_LEARNING",8,8,FALSE
"GOBP_ODONTOBLAST_DIFFERENTIATION",18,13,FALSE
"GOBP_ODONTOGENESIS",128,86,TRUE
"GOBP_ODONTOGENESIS_OF_DENTIN_CONTAINING_TOOTH",88,57,TRUE
"GOBP_OLEFINIC_COMPOUND_BIOSYNTHETIC_PROCESS",34,18,TRUE
"GOBP_OLEFINIC_COMPOUND_METABOLIC_PROCESS",162,87,TRUE
"GOBP_OLFACTORY_BEHAVIOR",11,8,FALSE
"GOBP_OLFACTORY_BULB_INTERNEURON_DEVELOPMENT",9,8,FALSE
"GOBP_OLFACTORY_BULB_INTERNEURON_DIFFERENTIATION",14,11,FALSE
"GOBP_OLFACTORY_LOBE_DEVELOPMENT",40,29,TRUE
"GOBP_OLFACTORY_NERVE_DEVELOPMENT",7,6,FALSE
"GOBP_OLIGODENDROCYTE_DEVELOPMENT",46,38,TRUE
"GOBP_OLIGODENDROCYTE_DIFFERENTIATION",103,82,TRUE
"GOBP_OLIGODENDROCYTE_PROGENITOR_PROLIFERATION",7,6,FALSE
"GOBP_OLIGOPEPTIDE_IMPORT_ACROSS_PLASMA_MEMBRANE",5,4,FALSE
"GOBP_OLIGOPEPTIDE_TRANSMEMBRANE_TRANSPORT",16,15,TRUE
"GOBP_OLIGOPEPTIDE_TRANSPORT",20,17,TRUE
"GOBP_OLIGOSACCHARIDE_BIOSYNTHETIC_PROCESS",23,12,FALSE
"GOBP_OLIGOSACCHARIDE_CATABOLIC_PROCESS",16,9,FALSE
"GOBP_OLIGOSACCHARIDE_METABOLIC_PROCESS",57,33,TRUE
"GOBP_OMEGA_HYDROXYLASE_P450_PATHWAY",9,2,FALSE
"GOBP_ONCOGENE_INDUCED_CELL_SENESCENCE",6,6,FALSE
"GOBP_ONE_CARBON_COMPOUND_TRANSPORT",24,5,FALSE
"GOBP_ONE_CARBON_METABOLIC_PROCESS",22,19,TRUE
"GOBP_OOCYTE_CONSTRUCTION",6,2,FALSE
"GOBP_OOCYTE_DIFFERENTIATION",63,35,TRUE
"GOBP_OOCYTE_MATURATION",35,22,TRUE
"GOBP_OOGENESIS",109,59,TRUE
"GOBP_OPERANT_CONDITIONING",6,2,FALSE
"GOBP_OPSONIZATION",22,9,FALSE
"GOBP_OPTIC_CUP_MORPHOGENESIS_INVOLVED_IN_CAMERA_TYPE_EYE_DEVELOPMENT",7,5,FALSE
"GOBP_OPTIC_NERVE_DEVELOPMENT",18,13,FALSE
"GOBP_OPTIC_NERVE_MORPHOGENESIS",6,5,FALSE
"GOBP_ORGANELLE_ASSEMBLY",1096,885,FALSE
"GOBP_ORGANELLE_DISASSEMBLY",75,70,TRUE
"GOBP_ORGANELLE_FISSION",513,396,TRUE
"GOBP_ORGANELLE_FUSION",182,154,TRUE
"GOBP_ORGANELLE_INHERITANCE",16,15,TRUE
"GOBP_ORGANELLE_LOCALIZATION",614,522,FALSE
"GOBP_ORGANELLE_MEMBRANE_FUSION",136,117,TRUE
"GOBP_ORGANELLE_TRANSPORT_ALONG_MICROTUBULE",97,84,TRUE
"GOBP_ORGANIC_ACID_BIOSYNTHETIC_PROCESS",327,238,TRUE
"GOBP_ORGANIC_ACID_CATABOLIC_PROCESS",242,180,TRUE
"GOBP_ORGANIC_ACID_METABOLIC_PROCESS",899,682,FALSE
"GOBP_ORGANIC_ACID_TRANSPORT",341,221,TRUE
"GOBP_ORGANIC_ANION_TRANSPORT",442,286,TRUE
"GOBP_ORGANIC_CATION_TRANSPORT",116,76,TRUE
"GOBP_ORGANIC_HYDROXY_COMPOUND_TRANSPORT",268,171,TRUE
"GOBP_ORGANISM_EMERGENCE_FROM_PROTECTIVE_STRUCTURE",27,15,TRUE
"GOBP_ORGANOPHOSPHATE_BIOSYNTHETIC_PROCESS",612,500,TRUE
"GOBP_ORGANOPHOSPHATE_CATABOLIC_PROCESS",249,201,TRUE
"GOBP_ORGANOPHOSPHATE_ESTER_TRANSPORT",178,128,TRUE
"GOBP_ORGANOPHOSPHATE_METABOLIC_PROCESS",1051,838,FALSE
"GOBP_ORGAN_GROWTH",166,125,TRUE
"GOBP_ORGAN_INDUCTION",23,12,FALSE
"GOBP_ORGAN_OR_TISSUE_SPECIFIC_IMMUNE_RESPONSE",35,10,FALSE
"GOBP_ORNITHINE_METABOLIC_PROCESS",5,2,FALSE
"GOBP_ORNITHINE_TRANSPORT",7,6,FALSE
"GOBP_OSMOSENSORY_SIGNALING_PATHWAY",9,9,FALSE
"GOBP_OSSIFICATION",422,331,TRUE
"GOBP_OSTEOBLAST_DEVELOPMENT",16,13,FALSE
"GOBP_OSTEOBLAST_DIFFERENTIATION",237,189,TRUE
"GOBP_OSTEOBLAST_PROLIFERATION",30,24,TRUE
"GOBP_OSTEOCLAST_DIFFERENTIATION",120,87,TRUE
"GOBP_OSTEOCLAST_FUSION",6,4,FALSE
"GOBP_OSTEOCLAST_PROLIFERATION",11,5,FALSE
"GOBP_OTIC_VESICLE_DEVELOPMENT",15,7,FALSE
"GOBP_OTIC_VESICLE_FORMATION",8,3,FALSE
"GOBP_OTIC_VESICLE_MORPHOGENESIS",10,4,FALSE
"GOBP_OTOLITH_DEVELOPMENT",11,7,FALSE
"GOBP_OTOLITH_MORPHOGENESIS",6,5,FALSE
"GOBP_OUTER_DYNEIN_ARM_ASSEMBLY",22,11,FALSE
"GOBP_OUTER_EAR_MORPHOGENESIS",9,7,FALSE
"GOBP_OUTER_MITOCHONDRIAL_MEMBRANE_ORGANIZATION",14,11,FALSE
"GOBP_OUTFLOW_TRACT_MORPHOGENESIS",83,67,TRUE
"GOBP_OUTFLOW_TRACT_SEPTUM_MORPHOGENESIS",28,22,TRUE
"GOBP_OVARIAN_FOLLICLE_DEVELOPMENT",60,34,TRUE
"GOBP_OVIDUCT_DEVELOPMENT",6,4,FALSE
"GOBP_OVULATION",17,9,FALSE
"GOBP_OVULATION_CYCLE",66,41,TRUE
"GOBP_OVULATION_CYCLE_PROCESS",49,28,TRUE
"GOBP_OVULATION_FROM_OVARIAN_FOLLICLE",10,7,FALSE
"GOBP_OXALATE_TRANSPORT",12,7,FALSE
"GOBP_OXALOACETATE_METABOLIC_PROCESS",10,8,FALSE
"GOBP_OXIDATIVE_DEMETHYLATION",10,5,FALSE
"GOBP_OXIDATIVE_PHOSPHORYLATION",142,104,TRUE
"GOBP_OXYGEN_METABOLIC_PROCESS",5,4,FALSE
"GOBP_OXYGEN_TRANSPORT",11,6,FALSE
"GOBP_P38MAPK_CASCADE",56,48,TRUE
"GOBP_PALLIUM_DEVELOPMENT",193,144,TRUE
"GOBP_PANCREAS_DEVELOPMENT",75,45,TRUE
"GOBP_PANCREATIC_A_CELL_DIFFERENTIATION",7,2,FALSE
"GOBP_PANCREATIC_JUICE_SECRETION",11,10,FALSE
"GOBP_PANTOTHENATE_METABOLIC_PROCESS",6,6,FALSE
"GOBP_PARACELLULAR_TRANSPORT",8,3,FALSE
"GOBP_PARACRINE_SIGNALING",9,6,FALSE
"GOBP_PARALLEL_ACTIN_FILAMENT_BUNDLE_ASSEMBLY",7,5,FALSE
"GOBP_PARANODAL_JUNCTION_ASSEMBLY",5,5,FALSE
"GOBP_PARASYMPATHETIC_NERVOUS_SYSTEM_DEVELOPMENT",18,15,TRUE
"GOBP_PARATHYROID_GLAND_DEVELOPMENT",7,3,FALSE
"GOBP_PARAXIAL_MESODERM_DEVELOPMENT",20,16,TRUE
"GOBP_PARAXIAL_MESODERM_FORMATION",7,5,FALSE
"GOBP_PARAXIAL_MESODERM_MORPHOGENESIS",11,9,FALSE
"GOBP_PARENTAL_BEHAVIOR",15,10,FALSE
"GOBP_PARTURITION",14,5,FALSE
"GOBP_PATTERN_SPECIFICATION_INVOLVED_IN_KIDNEY_DEVELOPMENT",8,3,FALSE
"GOBP_PATTERN_SPECIFICATION_PROCESS",471,296,TRUE
"GOBP_PENETRATION_OF_ZONA_PELLUCIDA",10,3,FALSE
"GOBP_PENILE_ERECTION",5,3,FALSE
"GOBP_PENTOSE_METABOLIC_PROCESS",13,9,FALSE
"GOBP_PENTOSE_PHOSPHATE_SHUNT",18,16,TRUE
"GOBP_PENTOSE_PHOSPHATE_SHUNT_NON_OXIDATIVE_BRANCH",5,5,FALSE
"GOBP_PEPTIDE_ANTIGEN_ASSEMBLY_WITH_MHC_CLASS_II_PROTEIN_COMPLEX",10,7,FALSE
"GOBP_PEPTIDE_ANTIGEN_ASSEMBLY_WITH_MHC_CLASS_I_PROTEIN_COMPLEX",5,4,FALSE
"GOBP_PEPTIDE_ANTIGEN_ASSEMBLY_WITH_MHC_PROTEIN_COMPLEX",14,10,FALSE
"GOBP_PEPTIDE_BIOSYNTHETIC_PROCESS",27,19,TRUE
"GOBP_PEPTIDE_CATABOLIC_PROCESS",18,17,TRUE
"GOBP_PEPTIDE_CROSS_LINKING",16,7,FALSE
"GOBP_PEPTIDE_METABOLIC_PROCESS",60,47,TRUE
"GOBP_PEPTIDE_MODIFICATION",6,4,FALSE
"GOBP_PEPTIDE_TRANSPORT",281,185,TRUE
"GOBP_PEPTIDOGLYCAN_METABOLIC_PROCESS",6,1,FALSE
"GOBP_PEPTIDYL_AMINO_ACID_MODIFICATION",398,324,TRUE
"GOBP_PEPTIDYL_ARGININE_METHYLATION",5,4,FALSE
"GOBP_PEPTIDYL_ARGININE_MODIFICATION",6,5,FALSE
"GOBP_PEPTIDYL_CYSTEINE_MODIFICATION",21,15,TRUE
"GOBP_PEPTIDYL_GLUTAMIC_ACID_MODIFICATION",23,15,TRUE
"GOBP_PEPTIDYL_HISTIDINE_MODIFICATION",8,6,FALSE
"GOBP_PEPTIDYL_LYSINE_ACETYLATION",16,12,FALSE
"GOBP_PEPTIDYL_LYSINE_CROTONYLATION",2,1,FALSE
"GOBP_PEPTIDYL_LYSINE_DIMETHYLATION",4,4,FALSE
"GOBP_PEPTIDYL_LYSINE_HYDROXYLATION",7,6,FALSE
"GOBP_PEPTIDYL_LYSINE_METHYLATION",17,14,FALSE
"GOBP_PEPTIDYL_LYSINE_MODIFICATION",120,99,TRUE
"GOBP_PEPTIDYL_LYSINE_MONOMETHYLATION",6,5,FALSE
"GOBP_PEPTIDYL_LYSINE_TRIMETHYLATION",6,5,FALSE
"GOBP_PEPTIDYL_L_CYSTEINE_S_PALMITOYLATION",15,10,FALSE
"GOBP_PEPTIDYL_PROLINE_MODIFICATION",8,7,FALSE
"GOBP_PEPTIDYL_SERINE_AUTOPHOSPHORYLATION",5,4,FALSE
"GOBP_PEPTIDYL_SERINE_MODIFICATION",69,59,TRUE
"GOBP_PEPTIDYL_THREONINE_DEPHOSPHORYLATION",9,6,FALSE
"GOBP_PEPTIDYL_THREONINE_PHOSPHORYLATION",35,29,TRUE
"GOBP_PEPTIDYL_TYROSINE_AUTOPHOSPHORYLATION",11,10,FALSE
"GOBP_PEPTIDYL_TYROSINE_DEPHOSPHORYLATION",20,19,TRUE
"GOBP_PEPTIDYL_TYROSINE_MODIFICATION",126,104,TRUE
"GOBP_PERICARDIUM_DEVELOPMENT",18,12,FALSE
"GOBP_PERICARDIUM_MORPHOGENESIS",8,7,FALSE
"GOBP_PERICYTE_CELL_DIFFERENTIATION",10,10,FALSE
"GOBP_PERIPHERAL_NERVOUS_SYSTEM_AXON_ENSHEATHMENT",30,28,TRUE
"GOBP_PERIPHERAL_NERVOUS_SYSTEM_AXON_REGENERATION",8,7,FALSE
"GOBP_PERIPHERAL_NERVOUS_SYSTEM_DEVELOPMENT",85,72,TRUE
"GOBP_PERIPHERAL_NERVOUS_SYSTEM_MYELIN_MAINTENANCE",9,9,FALSE
"GOBP_PERIPHERAL_NERVOUS_SYSTEM_NEURON_DIFFERENTIATION",15,9,FALSE
"GOBP_PERIPHERAL_TOLERANCE_INDUCTION",5,4,FALSE
"GOBP_PERISTALSIS",8,4,FALSE
"GOBP_PERK_MEDIATED_UNFOLDED_PROTEIN_RESPONSE",24,23,TRUE
"GOBP_PEROXISOMAL_TRANSPORT",22,22,TRUE
"GOBP_PEROXISOME_FISSION",11,11,FALSE
"GOBP_PEROXISOME_ORGANIZATION",36,35,TRUE
"GOBP_PEROXISOME_PROLIFERATOR_ACTIVATED_RECEPTOR_SIGNALING_PATHWAY",28,22,TRUE
"GOBP_PHAGOCYTOSIS",235,187,TRUE
"GOBP_PHAGOCYTOSIS_ENGULFMENT",48,41,TRUE
"GOBP_PHAGOCYTOSIS_RECOGNITION",34,19,TRUE
"GOBP_PHAGOLYSOSOME_ASSEMBLY",19,16,TRUE
"GOBP_PHAGOSOME_ACIDIFICATION",7,6,FALSE
"GOBP_PHAGOSOME_LYSOSOME_FUSION",14,13,FALSE
"GOBP_PHAGOSOME_MATURATION",31,26,TRUE
"GOBP_PHARYNGEAL_ARCH_ARTERY_MORPHOGENESIS",11,9,FALSE
"GOBP_PHARYNGEAL_SYSTEM_DEVELOPMENT",32,21,TRUE
"GOBP_PHASIC_SMOOTH_MUSCLE_CONTRACTION",20,11,FALSE
"GOBP_PHENOL_CONTAINING_COMPOUND_BIOSYNTHETIC_PROCESS",51,28,TRUE
"GOBP_PHENOL_CONTAINING_COMPOUND_CATABOLIC_PROCESS",13,8,FALSE
"GOBP_PHENOL_CONTAINING_COMPOUND_METABOLIC_PROCESS",114,64,TRUE
"GOBP_PHENOTYPIC_SWITCHING",6,6,FALSE
"GOBP_PHENYLALANINE_TRANSPORT",5,5,FALSE
"GOBP_PHENYLPROPANOID_METABOLIC_PROCESS",4,1,FALSE
"GOBP_PHOSPHATE_ION_HOMEOSTASIS",19,7,FALSE
"GOBP_PHOSPHATE_ION_TRANSMEMBRANE_TRANSPORT",15,9,FALSE
"GOBP_PHOSPHATE_ION_TRANSPORT",27,13,FALSE
"GOBP_PHOSPHATIDIC_ACID_METABOLIC_PROCESS",39,28,TRUE
"GOBP_PHOSPHATIDYLCHOLINE_ACYL_CHAIN_REMODELING",15,11,FALSE
"GOBP_PHOSPHATIDYLCHOLINE_BIOSYNTHETIC_PROCESS",27,21,TRUE
"GOBP_PHOSPHATIDYLCHOLINE_CATABOLIC_PROCESS",16,12,FALSE
"GOBP_PHOSPHATIDYLCHOLINE_METABOLIC_PROCESS",70,51,TRUE
"GOBP_PHOSPHATIDYLETHANOLAMINE_ACYL_CHAIN_REMODELING",10,8,FALSE
"GOBP_PHOSPHATIDYLETHANOLAMINE_BIOSYNTHETIC_PROCESS",9,9,FALSE
"GOBP_PHOSPHATIDYLETHANOLAMINE_METABOLIC_PROCESS",26,22,TRUE
"GOBP_PHOSPHATIDYLGLYCEROL_ACYL_CHAIN_REMODELING",9,6,FALSE
"GOBP_PHOSPHATIDYLGLYCEROL_BIOSYNTHETIC_PROCESS",6,6,FALSE
"GOBP_PHOSPHATIDYLGLYCEROL_METABOLIC_PROCESS",34,24,TRUE
"GOBP_PHOSPHATIDYLINOSITOL_3_KINASE_PROTEIN_KINASE_B_SIGNAL_TRANSDUCTION",328,274,TRUE
"GOBP_PHOSPHATIDYLINOSITOL_3_PHOSPHATE_BIOSYNTHETIC_PROCESS",24,23,TRUE
"GOBP_PHOSPHATIDYLINOSITOL_ACYL_CHAIN_REMODELING",6,3,FALSE
"GOBP_PHOSPHATIDYLINOSITOL_BIOSYNTHETIC_PROCESS",118,107,TRUE
"GOBP_PHOSPHATIDYLINOSITOL_DEPHOSPHORYLATION",25,23,TRUE
"GOBP_PHOSPHATIDYLINOSITOL_MEDIATED_SIGNALING",25,23,TRUE
"GOBP_PHOSPHATIDYLINOSITOL_METABOLIC_PROCESS",146,126,TRUE
"GOBP_PHOSPHATIDYLINOSITOL_PHOSPHATE_BIOSYNTHETIC_PROCESS",55,51,TRUE
"GOBP_PHOSPHATIDYLSERINE_ACYL_CHAIN_REMODELING",9,8,FALSE
"GOBP_PHOSPHATIDYLSERINE_EXPOSURE_ON_APOPTOTIC_CELL_SURFACE",9,5,FALSE
"GOBP_PHOSPHATIDYLSERINE_METABOLIC_PROCESS",22,17,TRUE
"GOBP_PHOSPHOCREATINE_METABOLIC_PROCESS",4,4,FALSE
"GOBP_PHOSPHOLIPASE_C_ACTIVATING_DOPAMINE_RECEPTOR_SIGNALING_PATHWAY",8,2,FALSE
"GOBP_PHOSPHOLIPASE_C_ACTIVATING_G_PROTEIN_COUPLED_ACETYLCHOLINE_RECEPTOR_SIGNALING_PATHWAY",8,5,FALSE
"GOBP_PHOSPHOLIPASE_C_ACTIVATING_G_PROTEIN_COUPLED_RECEPTOR_SIGNALING_PATHWAY",153,81,TRUE
"GOBP_PHOSPHOLIPASE_C_ACTIVATING_SEROTONIN_RECEPTOR_SIGNALING_PATHWAY",6,4,FALSE
"GOBP_PHOSPHOLIPASE_C_ACTIVATING_TACHYKININ_RECEPTOR_SIGNALING_PATHWAY",6,0,FALSE
"GOBP_PHOSPHOLIPASE_C_PROTEIN_KINASE_C_SIGNAL_TRANSDUCTION",14,13,FALSE
"GOBP_PHOSPHOLIPID_BIOSYNTHETIC_PROCESS",254,217,TRUE
"GOBP_PHOSPHOLIPID_CATABOLIC_PROCESS",57,38,TRUE
"GOBP_PHOSPHOLIPID_DEPHOSPHORYLATION",39,31,TRUE
"GOBP_PHOSPHOLIPID_EFFLUX",14,9,FALSE
"GOBP_PHOSPHOLIPID_HOMEOSTASIS",19,13,FALSE
"GOBP_PHOSPHOLIPID_METABOLIC_PROCESS",379,299,TRUE
"GOBP_PHOSPHOLIPID_TRANSFER_TO_MEMBRANE",6,4,FALSE
"GOBP_PHOSPHOLIPID_TRANSPORT",111,79,TRUE
"GOBP_PHOSPHORUS_METABOLIC_PROCESS",1811,1476,FALSE
"GOBP_PHOSPHORYLATION",731,618,FALSE
"GOBP_PHOTOPERIODISM",28,20,TRUE
"GOBP_PHOTORECEPTOR_CELL_DEVELOPMENT",55,31,TRUE
"GOBP_PHOTORECEPTOR_CELL_DIFFERENTIATION",74,46,TRUE
"GOBP_PHOTORECEPTOR_CELL_MAINTENANCE",46,27,TRUE
"GOBP_PHOTORECEPTOR_CELL_MORPHOGENESIS",6,4,FALSE
"GOBP_PHOTORECEPTOR_CELL_OUTER_SEGMENT_ORGANIZATION",15,8,FALSE
"GOBP_PHOTOTRANSDUCTION",49,20,TRUE
"GOBP_PHOTOTRANSDUCTION_VISIBLE_LIGHT",19,6,FALSE
"GOBP_PHYSIOLOGICAL_CARDIAC_MUSCLE_HYPERTROPHY",21,18,TRUE
"GOBP_PH_REDUCTION",7,3,FALSE
"GOBP_PIECEMEAL_MICROAUTOPHAGY_OF_THE_NUCLEUS",18,17,TRUE
"GOBP_PIGMENTATION",115,92,TRUE
"GOBP_PIGMENT_ACCUMULATION",14,11,FALSE
"GOBP_PIGMENT_BIOSYNTHETIC_PROCESS",56,44,TRUE
"GOBP_PIGMENT_CELL_DIFFERENTIATION",32,27,TRUE
"GOBP_PIGMENT_GRANULE_LOCALIZATION",25,23,TRUE
"GOBP_PIGMENT_GRANULE_MATURATION",10,8,FALSE
"GOBP_PIGMENT_GRANULE_ORGANIZATION",39,33,TRUE
"GOBP_PIGMENT_METABOLIC_PROCESS",72,55,TRUE
"GOBP_PINOCYTOSIS",23,22,TRUE
"GOBP_PIRNA_MEDIATED_HETEROCHROMATIN_FORMATION",14,4,FALSE
"GOBP_PIRNA_PROCESSING",21,6,FALSE
"GOBP_PITUITARY_GLAND_DEVELOPMENT",42,19,TRUE
"GOBP_PLACENTA_BLOOD_VESSEL_DEVELOPMENT",32,25,TRUE
"GOBP_PLACENTA_DEVELOPMENT",157,114,TRUE
"GOBP_PLASMA_CELL_DIFFERENTIATION",10,6,FALSE
"GOBP_PLASMA_LIPOPROTEIN_PARTICLE_CLEARANCE",47,31,TRUE
"GOBP_PLASMA_MEMBRANE_FUSION",31,11,FALSE
"GOBP_PLASMA_MEMBRANE_ORGANIZATION",173,133,TRUE
"GOBP_PLASMA_MEMBRANE_PHOSPHOLIPID_SCRAMBLING",30,20,TRUE
"GOBP_PLASMA_MEMBRANE_RAFT_ASSEMBLY",9,9,FALSE
"GOBP_PLASMA_MEMBRANE_RAFT_ORGANIZATION",13,13,FALSE
"GOBP_PLASMA_MEMBRANE_REPAIR",29,28,TRUE
"GOBP_PLASMA_MEMBRANE_TO_ENDOSOME_TRANSPORT",11,10,FALSE
"GOBP_PLASMA_MEMBRANE_TUBULATION",18,17,TRUE
"GOBP_PLASMINOGEN_ACTIVATION",27,18,TRUE
"GOBP_PLATELET_ACTIVATING_FACTOR_METABOLIC_PROCESS",10,8,FALSE
"GOBP_PLATELET_ACTIVATION",141,109,TRUE
"GOBP_PLATELET_AGGREGATION",78,61,TRUE
"GOBP_PLATELET_DEGRANULATION",8,7,FALSE
"GOBP_PLATELET_DENSE_GRANULE_ORGANIZATION",25,20,TRUE
"GOBP_PLATELET_DERIVED_GROWTH_FACTOR_RECEPTOR_ALPHA_SIGNALING_PATHWAY",7,6,FALSE
"GOBP_PLATELET_DERIVED_GROWTH_FACTOR_RECEPTOR_BETA_SIGNALING_PATHWAY",15,15,TRUE
"GOBP_PLATELET_DERIVED_GROWTH_FACTOR_RECEPTOR_SIGNALING_PATHWAY",60,56,TRUE
"GOBP_PLATELET_MORPHOGENESIS",26,22,TRUE
"GOBP_PLUS_END_DIRECTED_ORGANELLE_TRANSPORT_ALONG_MICROTUBULE",7,7,FALSE
"GOBP_PML_BODY_ORGANIZATION",6,6,FALSE
"GOBP_PODOCYTE_CELL_MIGRATION",7,7,FALSE
"GOBP_PODOSOME_ASSEMBLY",19,14,FALSE
"GOBP_POINTED_END_ACTIN_FILAMENT_CAPPING",7,6,FALSE
"GOBP_POLARIZED_EPITHELIAL_CELL_DIFFERENTIATION",23,19,TRUE
"GOBP_POLAR_BODY_EXTRUSION_AFTER_MEIOTIC_DIVISIONS",6,6,FALSE
"GOBP_POLYAMINE_BIOSYNTHETIC_PROCESS",14,12,FALSE
"GOBP_POLYAMINE_METABOLIC_PROCESS",19,15,TRUE
"GOBP_POLYAMINE_TRANSPORT",16,9,FALSE
"GOBP_POLYKETIDE_METABOLIC_PROCESS",10,5,FALSE
"GOBP_POLYOL_BIOSYNTHETIC_PROCESS",61,43,TRUE
"GOBP_POLYOL_CATABOLIC_PROCESS",10,7,FALSE
"GOBP_POLYOL_METABOLIC_PROCESS",103,78,TRUE
"GOBP_POLYOL_TRANSMEMBRANE_TRANSPORT",10,3,FALSE
"GOBP_POLYSACCHARIDE_BIOSYNTHETIC_PROCESS",54,45,TRUE
"GOBP_POLYSACCHARIDE_CATABOLIC_PROCESS",35,29,TRUE
"GOBP_POLYSACCHARIDE_METABOLIC_PROCESS",103,87,TRUE
"GOBP_POLY_A_DEPENDENT_SNORNA_3_END_PROCESSING",8,8,FALSE
"GOBP_POLY_A_PLUS_MRNA_EXPORT_FROM_NUCLEUS",21,15,TRUE
"GOBP_POLY_N_ACETYLLACTOSAMINE_METABOLIC_PROCESS",9,4,FALSE
"GOBP_PONS_DEVELOPMENT",10,4,FALSE
"GOBP_PORE_COMPLEX_ASSEMBLY",20,18,TRUE
"GOBP_PORPHYRIN_CONTAINING_COMPOUND_METABOLIC_PROCESS",48,39,TRUE
"GOBP_POSITIVE_CHEMOTAXIS",65,45,TRUE
"GOBP_POSITIVE_REGULATION_BY_SYMBIONT_OF_ENTRY_INTO_HOST",11,8,FALSE
"GOBP_POSITIVE_REGULATION_OF_3_UTR_MEDIATED_MRNA_STABILIZATION",6,5,FALSE
"GOBP_POSITIVE_REGULATION_OF_ACROSOME_REACTION",11,2,FALSE
"GOBP_POSITIVE_REGULATION_OF_ACTIN_FILAMENT_BASED_MOVEMENT",4,4,FALSE
"GOBP_POSITIVE_REGULATION_OF_ACTIN_FILAMENT_BUNDLE_ASSEMBLY",64,55,TRUE
"GOBP_POSITIVE_REGULATION_OF_ACTIN_FILAMENT_DEPOLYMERIZATION",14,13,FALSE
"GOBP_POSITIVE_REGULATION_OF_ACTIN_FILAMENT_POLYMERIZATION",52,40,TRUE
"GOBP_POSITIVE_REGULATION_OF_ACTIN_NUCLEATION",13,11,FALSE
"GOBP_POSITIVE_REGULATION_OF_ACTION_POTENTIAL",9,2,FALSE
"GOBP_POSITIVE_REGULATION_OF_ACTIVATED_T_CELL_PROLIFERATION",23,16,TRUE
"GOBP_POSITIVE_REGULATION_OF_ACTIVIN_RECEPTOR_SIGNALING_PATHWAY",6,5,FALSE
"GOBP_POSITIVE_REGULATION_OF_ACUTE_INFLAMMATORY_RESPONSE",24,14,FALSE
"GOBP_POSITIVE_REGULATION_OF_ACUTE_INFLAMMATORY_RESPONSE_TO_ANTIGENIC_STIMULUS",7,6,FALSE
"GOBP_POSITIVE_REGULATION_OF_ADAPTIVE_IMMUNE_RESPONSE",115,88,TRUE
"GOBP_POSITIVE_REGULATION_OF_ADENYLATE_CYCLASE_ACTIVATING_G_PROTEIN_COUPLED_RECEPTOR_SIGNALING_PATHWAY",7,7,FALSE
"GOBP_POSITIVE_REGULATION_OF_ADIPOSE_TISSUE_DEVELOPMENT",13,9,FALSE
"GOBP_POSITIVE_REGULATION_OF_AGGREPHAGY",6,5,FALSE
"GOBP_POSITIVE_REGULATION_OF_ALCOHOL_BIOSYNTHETIC_PROCESS",29,21,TRUE
"GOBP_POSITIVE_REGULATION_OF_ALPHA_BETA_T_CELL_ACTIVATION",68,54,TRUE
"GOBP_POSITIVE_REGULATION_OF_ALPHA_BETA_T_CELL_DIFFERENTIATION",55,45,TRUE
"GOBP_POSITIVE_REGULATION_OF_ALPHA_BETA_T_CELL_PROLIFERATION",21,14,FALSE
"GOBP_POSITIVE_REGULATION_OF_AMIDE_METABOLIC_PROCESS",28,24,TRUE
"GOBP_POSITIVE_REGULATION_OF_AMINE_METABOLIC_PROCESS",7,5,FALSE
"GOBP_POSITIVE_REGULATION_OF_AMINE_TRANSPORT",39,24,TRUE
"GOBP_POSITIVE_REGULATION_OF_AMINO_ACID_TRANSPORT",21,17,TRUE
"GOBP_POSITIVE_REGULATION_OF_AMYLOID_BETA_CLEARANCE",8,6,FALSE
"GOBP_POSITIVE_REGULATION_OF_AMYLOID_BETA_FORMATION",19,16,TRUE
"GOBP_POSITIVE_REGULATION_OF_AMYLOID_FIBRIL_FORMATION",5,5,FALSE
"GOBP_POSITIVE_REGULATION_OF_AMYLOID_PRECURSOR_PROTEIN_CATABOLIC_PROCESS",25,21,TRUE
"GOBP_POSITIVE_REGULATION_OF_ANIMAL_ORGAN_MORPHOGENESIS",35,20,TRUE
"GOBP_POSITIVE_REGULATION_OF_ANOIKIS",6,4,FALSE
"GOBP_POSITIVE_REGULATION_OF_ANTIGEN_PROCESSING_AND_PRESENTATION",10,9,FALSE
"GOBP_POSITIVE_REGULATION_OF_ANTIGEN_RECEPTOR_MEDIATED_SIGNALING_PATHWAY",26,24,TRUE
"GOBP_POSITIVE_REGULATION_OF_ANTIMICROBIAL_HUMORAL_RESPONSE",5,1,FALSE
"GOBP_POSITIVE_REGULATION_OF_APOPTOTIC_CELL_CLEARANCE",8,5,FALSE
"GOBP_POSITIVE_REGULATION_OF_APOPTOTIC_PROCESS_INVOLVED_IN_DEVELOPMENT",6,6,FALSE
"GOBP_POSITIVE_REGULATION_OF_APOPTOTIC_SIGNALING_PATHWAY",142,109,TRUE
"GOBP_POSITIVE_REGULATION_OF_ARACHIDONATE_SECRETION",5,1,FALSE
"GOBP_POSITIVE_REGULATION_OF_ARP2_3_COMPLEX_MEDIATED_ACTIN_NUCLEATION",8,8,FALSE
"GOBP_POSITIVE_REGULATION_OF_ARTERY_MORPHOGENESIS",7,6,FALSE
"GOBP_POSITIVE_REGULATION_OF_ASTROCYTE_DIFFERENTIATION",11,9,FALSE
"GOBP_POSITIVE_REGULATION_OF_ATP_DEPENDENT_ACTIVITY",18,16,TRUE
"GOBP_POSITIVE_REGULATION_OF_ATTACHMENT_OF_MITOTIC_SPINDLE_MICROTUBULES_TO_KINETOCHORE",8,8,FALSE
"GOBP_POSITIVE_REGULATION_OF_ATTACHMENT_OF_SPINDLE_MICROTUBULES_TO_KINETOCHORE",11,11,FALSE
"GOBP_POSITIVE_REGULATION_OF_AUTOPHAGOSOME_ASSEMBLY",21,19,TRUE
"GOBP_POSITIVE_REGULATION_OF_AUTOPHAGOSOME_MATURATION",6,6,FALSE
"GOBP_POSITIVE_REGULATION_OF_AUTOPHAGY",159,143,TRUE
"GOBP_POSITIVE_REGULATION_OF_AUTOPHAGY_OF_MITOCHONDRION",27,25,TRUE
"GOBP_POSITIVE_REGULATION_OF_AXONOGENESIS",77,65,TRUE
"GOBP_POSITIVE_REGULATION_OF_AXON_EXTENSION",39,32,TRUE
"GOBP_POSITIVE_REGULATION_OF_AXON_EXTENSION_INVOLVED_IN_AXON_GUIDANCE",7,6,FALSE
"GOBP_POSITIVE_REGULATION_OF_BEHAVIOR",29,15,TRUE
"GOBP_POSITIVE_REGULATION_OF_BICELLULAR_TIGHT_JUNCTION_ASSEMBLY",10,7,FALSE
"GOBP_POSITIVE_REGULATION_OF_BINDING",42,30,TRUE
"GOBP_POSITIVE_REGULATION_OF_BIOMINERAL_TISSUE_DEVELOPMENT",54,41,TRUE
"GOBP_POSITIVE_REGULATION_OF_BLOOD_BRAIN_BARRIER_PERMEABILITY",5,4,FALSE
"GOBP_POSITIVE_REGULATION_OF_BLOOD_CIRCULATION",37,27,TRUE
"GOBP_POSITIVE_REGULATION_OF_BLOOD_PRESSURE",36,15,TRUE
"GOBP_POSITIVE_REGULATION_OF_BLOOD_VESSEL_BRANCHING",6,6,FALSE
"GOBP_POSITIVE_REGULATION_OF_BLOOD_VESSEL_ENDOTHELIAL_CELL_MIGRATION",58,53,TRUE
"GOBP_POSITIVE_REGULATION_OF_BLOOD_VESSEL_ENDOTHELIAL_CELL_PROLIFERATION_INVOLVED_IN_SPROUTING_ANGIOGENESIS",9,8,FALSE
"GOBP_POSITIVE_REGULATION_OF_BLOOD_VESSEL_REMODELING",2,1,FALSE
"GOBP_POSITIVE_REGULATION_OF_BMP_SIGNALING_PATHWAY",37,26,TRUE
"GOBP_POSITIVE_REGULATION_OF_BONE_MINERALIZATION",44,36,TRUE
"GOBP_POSITIVE_REGULATION_OF_BONE_RESORPTION",16,11,FALSE
"GOBP_POSITIVE_REGULATION_OF_BROWN_FAT_CELL_DIFFERENTIATION",18,13,FALSE
"GOBP_POSITIVE_REGULATION_OF_B_CELL_ACTIVATION",83,66,TRUE
"GOBP_POSITIVE_REGULATION_OF_B_CELL_DIFFERENTIATION",18,15,TRUE
"GOBP_POSITIVE_REGULATION_OF_B_CELL_MEDIATED_IMMUNITY",40,30,TRUE
"GOBP_POSITIVE_REGULATION_OF_B_CELL_PROLIFERATION",44,34,TRUE
"GOBP_POSITIVE_REGULATION_OF_B_CELL_RECEPTOR_SIGNALING_PATHWAY",7,7,FALSE
"GOBP_POSITIVE_REGULATION_OF_CALCINEURIN_MEDIATED_SIGNALING",20,15,TRUE
"GOBP_POSITIVE_REGULATION_OF_CALCIUM_ION_DEPENDENT_EXOCYTOSIS",18,11,FALSE
"GOBP_POSITIVE_REGULATION_OF_CALCIUM_ION_IMPORT",26,15,TRUE
"GOBP_POSITIVE_REGULATION_OF_CALCIUM_ION_IMPORT_ACROSS_PLASMA_MEMBRANE",10,5,FALSE
"GOBP_POSITIVE_REGULATION_OF_CALCIUM_ION_TRANSMEMBRANE_TRANSPORT",56,37,TRUE
"GOBP_POSITIVE_REGULATION_OF_CALCIUM_ION_TRANSPORT",99,64,TRUE
"GOBP_POSITIVE_REGULATION_OF_CALCIUM_ION_TRANSPORT_INTO_CYTOSOL",14,10,FALSE
"GOBP_POSITIVE_REGULATION_OF_CALCIUM_MEDIATED_SIGNALING",58,40,TRUE
"GOBP_POSITIVE_REGULATION_OF_CAMP_PKA_SIGNAL_TRANSDUCTION",18,6,FALSE
"GOBP_POSITIVE_REGULATION_OF_CANONICAL_NF_KAPPAB_SIGNAL_TRANSDUCTION",215,185,TRUE
"GOBP_POSITIVE_REGULATION_OF_CANONICAL_WNT_SIGNALING_PATHWAY",115,103,TRUE
"GOBP_POSITIVE_REGULATION_OF_CARBOHYDRATE_METABOLIC_PROCESS",80,65,TRUE
"GOBP_POSITIVE_REGULATION_OF_CARDIAC_EPITHELIAL_TO_MESENCHYMAL_TRANSITION",9,9,FALSE
"GOBP_POSITIVE_REGULATION_OF_CARDIAC_MUSCLE_ADAPTATION",3,3,FALSE
"GOBP_POSITIVE_REGULATION_OF_CARDIAC_MUSCLE_CELL_DIFFERENTIATION",8,6,FALSE
"GOBP_POSITIVE_REGULATION_OF_CARDIAC_MUSCLE_CELL_PROLIFERATION",25,20,TRUE
"GOBP_POSITIVE_REGULATION_OF_CARDIAC_MUSCLE_CONTRACTION",8,4,FALSE
"GOBP_POSITIVE_REGULATION_OF_CARDIOCYTE_DIFFERENTIATION",13,9,FALSE
"GOBP_POSITIVE_REGULATION_OF_CARTILAGE_DEVELOPMENT",33,23,TRUE
"GOBP_POSITIVE_REGULATION_OF_CATABOLIC_PROCESS",546,472,TRUE
"GOBP_POSITIVE_REGULATION_OF_CATALYTIC_ACTIVITY",285,238,TRUE
"GOBP_POSITIVE_REGULATION_OF_CATECHOLAMINE_SECRETION",13,6,FALSE
"GOBP_POSITIVE_REGULATION_OF_CATION_CHANNEL_ACTIVITY",21,16,TRUE
"GOBP_POSITIVE_REGULATION_OF_CD4_POSITIVE_ALPHA_BETA_T_CELL_ACTIVATION",43,33,TRUE
"GOBP_POSITIVE_REGULATION_OF_CD4_POSITIVE_ALPHA_BETA_T_CELL_DIFFERENTIATION",37,29,TRUE
"GOBP_POSITIVE_REGULATION_OF_CD4_POSITIVE_ALPHA_BETA_T_CELL_PROLIFERATION",5,4,FALSE
"GOBP_POSITIVE_REGULATION_OF_CD8_POSITIVE_ALPHA_BETA_T_CELL_ACTIVATION",6,5,FALSE
"GOBP_POSITIVE_REGULATION_OF_CD8_POSITIVE_ALPHA_BETA_T_CELL_DIFFERENTIATION",5,5,FALSE
"GOBP_POSITIVE_REGULATION_OF_CELLULAR_COMPONENT_BIOGENESIS",508,423,TRUE
"GOBP_POSITIVE_REGULATION_OF_CELLULAR_COMPONENT_ORGANIZATION",1108,912,FALSE
"GOBP_POSITIVE_REGULATION_OF_CELLULAR_EXTRAVASATION",15,13,FALSE
"GOBP_POSITIVE_REGULATION_OF_CELLULAR_RESPIRATION",14,10,FALSE
"GOBP_POSITIVE_REGULATION_OF_CELLULAR_RESPONSE_TO_HYPOXIA",3,2,FALSE
"GOBP_POSITIVE_REGULATION_OF_CELLULAR_RESPONSE_TO_INSULIN_STIMULUS",25,20,TRUE
"GOBP_POSITIVE_REGULATION_OF_CELLULAR_RESPONSE_TO_TRANSFORMING_GROWTH_FACTOR_BETA_STIMULUS",32,27,TRUE
"GOBP_POSITIVE_REGULATION_OF_CELLULAR_SENESCENCE",13,10,FALSE
"GOBP_POSITIVE_REGULATION_OF_CELL_ACTIVATION",370,286,TRUE
"GOBP_POSITIVE_REGULATION_OF_CELL_ADHESION",475,371,TRUE
"GOBP_POSITIVE_REGULATION_OF_CELL_ADHESION_MEDIATED_BY_INTEGRIN",23,19,TRUE
"GOBP_POSITIVE_REGULATION_OF_CELL_CELL_ADHESION",319,241,TRUE
"GOBP_POSITIVE_REGULATION_OF_CELL_CELL_ADHESION_MEDIATED_BY_CADHERIN",11,8,FALSE
"GOBP_POSITIVE_REGULATION_OF_CELL_CELL_ADHESION_MEDIATED_BY_INTEGRIN",7,5,FALSE
"GOBP_POSITIVE_REGULATION_OF_CELL_CYCLE",328,259,TRUE
"GOBP_POSITIVE_REGULATION_OF_CELL_CYCLE_CHECKPOINT",27,24,TRUE
"GOBP_POSITIVE_REGULATION_OF_CELL_CYCLE_G1_S_PHASE_TRANSITION",57,44,TRUE
"GOBP_POSITIVE_REGULATION_OF_CELL_CYCLE_G2_M_PHASE_TRANSITION",29,26,TRUE
"GOBP_POSITIVE_REGULATION_OF_CELL_CYCLE_PHASE_TRANSITION",109,90,TRUE
"GOBP_POSITIVE_REGULATION_OF_CELL_CYCLE_PROCESS",260,206,TRUE
"GOBP_POSITIVE_REGULATION_OF_CELL_DEVELOPMENT",428,335,TRUE
"GOBP_POSITIVE_REGULATION_OF_CELL_DIFFERENTIATION",843,642,FALSE
"GOBP_POSITIVE_REGULATION_OF_CELL_DIVISION",92,66,TRUE
"GOBP_POSITIVE_REGULATION_OF_CELL_FATE_COMMITMENT",12,6,FALSE
"GOBP_POSITIVE_REGULATION_OF_CELL_GROWTH",159,129,TRUE
"GOBP_POSITIVE_REGULATION_OF_CELL_GROWTH_INVOLVED_IN_CARDIAC_MUSCLE_CELL_DEVELOPMENT",3,3,FALSE
"GOBP_POSITIVE_REGULATION_OF_CELL_JUNCTION_ASSEMBLY",113,88,TRUE
"GOBP_POSITIVE_REGULATION_OF_CELL_KILLING",55,38,TRUE
"GOBP_POSITIVE_REGULATION_OF_CELL_MATRIX_ADHESION",56,48,TRUE
"GOBP_POSITIVE_REGULATION_OF_CELL_MATURATION",8,5,FALSE
"GOBP_POSITIVE_REGULATION_OF_CELL_MIGRATION_INVOLVED_IN_SPROUTING_ANGIOGENESIS",23,21,TRUE
"GOBP_POSITIVE_REGULATION_OF_CELL_MORPHOGENESIS",36,32,TRUE
"GOBP_POSITIVE_REGULATION_OF_CELL_POPULATION_PROLIFERATION",878,645,FALSE
"GOBP_POSITIVE_REGULATION_OF_CELL_PROJECTION_ORGANIZATION",349,300,TRUE
"GOBP_POSITIVE_REGULATION_OF_CELL_PROLIFERATION_INVOLVED_IN_HEART_MORPHOGENESIS",6,4,FALSE
"GOBP_POSITIVE_REGULATION_OF_CELL_PROLIFERATION_INVOLVED_IN_KIDNEY_DEVELOPMENT",9,7,FALSE
"GOBP_POSITIVE_REGULATION_OF_CELL_PROLIFERATION_IN_BONE_MARROW",5,4,FALSE
"GOBP_POSITIVE_REGULATION_OF_CELL_SIZE",10,10,FALSE
"GOBP_POSITIVE_REGULATION_OF_CELL_SUBSTRATE_ADHESION",122,101,TRUE
"GOBP_POSITIVE_REGULATION_OF_CELL_SUBSTRATE_JUNCTION_ORGANIZATION",31,29,TRUE
"GOBP_POSITIVE_REGULATION_OF_CENTRIOLE_ELONGATION",6,4,FALSE
"GOBP_POSITIVE_REGULATION_OF_CENTRIOLE_REPLICATION",10,8,FALSE
"GOBP_POSITIVE_REGULATION_OF_CENTROSOME_DUPLICATION",5,5,FALSE
"GOBP_POSITIVE_REGULATION_OF_CEREBELLAR_GRANULE_CELL_PRECURSOR_PROLIFERATION",5,5,FALSE
"GOBP_POSITIVE_REGULATION_OF_CGAS_STING_SIGNALING_PATHWAY",7,6,FALSE
"GOBP_POSITIVE_REGULATION_OF_CHEMOKINE_C_C_MOTIF_LIGAND_5_PRODUCTION",7,4,FALSE
"GOBP_POSITIVE_REGULATION_OF_CHEMOKINE_C_X_C_MOTIF_LIGAND_1_PRODUCTION",5,3,FALSE
"GOBP_POSITIVE_REGULATION_OF_CHEMOKINE_C_X_C_MOTIF_LIGAND_2_PRODUCTION",10,6,FALSE
"GOBP_POSITIVE_REGULATION_OF_CHEMOKINE_PRODUCTION",69,48,TRUE
"GOBP_POSITIVE_REGULATION_OF_CHEMOTAXIS",140,109,TRUE
"GOBP_POSITIVE_REGULATION_OF_CHOLESTEROL_BIOSYNTHETIC_PROCESS",15,12,FALSE
"GOBP_POSITIVE_REGULATION_OF_CHOLESTEROL_EFFLUX",27,21,TRUE
"GOBP_POSITIVE_REGULATION_OF_CHOLESTEROL_METABOLIC_PROCESS",23,17,TRUE
"GOBP_POSITIVE_REGULATION_OF_CHOLESTEROL_STORAGE",7,5,FALSE
"GOBP_POSITIVE_REGULATION_OF_CHONDROCYTE_DIFFERENTIATION",21,15,TRUE
"GOBP_POSITIVE_REGULATION_OF_CHONDROCYTE_PROLIFERATION",8,5,FALSE
"GOBP_POSITIVE_REGULATION_OF_CHROMATIN_BINDING",5,4,FALSE
"GOBP_POSITIVE_REGULATION_OF_CHROMOSOME_CONDENSATION",8,8,FALSE
"GOBP_POSITIVE_REGULATION_OF_CHROMOSOME_ORGANIZATION",104,97,TRUE
"GOBP_POSITIVE_REGULATION_OF_CHROMOSOME_SEGREGATION",30,29,TRUE
"GOBP_POSITIVE_REGULATION_OF_CHROMOSOME_SEPARATION",34,31,TRUE
"GOBP_POSITIVE_REGULATION_OF_CILIUM_ASSEMBLY",31,28,TRUE
"GOBP_POSITIVE_REGULATION_OF_CILIUM_MOVEMENT",16,3,FALSE
"GOBP_POSITIVE_REGULATION_OF_CIRCADIAN_RHYTHM",19,10,FALSE
"GOBP_POSITIVE_REGULATION_OF_CIRCADIAN_SLEEP_WAKE_CYCLE_SLEEP",6,2,FALSE
"GOBP_POSITIVE_REGULATION_OF_COAGULATION",30,23,TRUE
"GOBP_POSITIVE_REGULATION_OF_COLD_INDUCED_THERMOGENESIS",103,77,TRUE
"GOBP_POSITIVE_REGULATION_OF_COLLAGEN_METABOLIC_PROCESS",23,17,TRUE
"GOBP_POSITIVE_REGULATION_OF_COLLATERAL_SPROUTING",11,6,FALSE
"GOBP_POSITIVE_REGULATION_OF_COMPLEMENT_ACTIVATION",7,6,FALSE
"GOBP_POSITIVE_REGULATION_OF_CONNECTIVE_TISSUE_REPLACEMENT",3,3,FALSE
"GOBP_POSITIVE_REGULATION_OF_CORTICOSTEROID_HORMONE_SECRETION",9,6,FALSE
"GOBP_POSITIVE_REGULATION_OF_CORTICOTROPIN_SECRETION",5,3,FALSE
"GOBP_POSITIVE_REGULATION_OF_CREB_TRANSCRIPTION_FACTOR_ACTIVITY",8,7,FALSE
"GOBP_POSITIVE_REGULATION_OF_CYCLASE_ACTIVITY",23,13,FALSE
"GOBP_POSITIVE_REGULATION_OF_CYTOKINESIS",45,34,TRUE
"GOBP_POSITIVE_REGULATION_OF_CYTOKINE_PRODUCTION",487,362,TRUE
"GOBP_POSITIVE_REGULATION_OF_CYTOKINE_PRODUCTION_INVOLVED_IN_IMMUNE_RESPONSE",73,52,TRUE
"GOBP_POSITIVE_REGULATION_OF_CYTOKINE_PRODUCTION_INVOLVED_IN_INFLAMMATORY_RESPONSE",31,21,TRUE
"GOBP_POSITIVE_REGULATION_OF_CYTOPLASMIC_MRNA_PROCESSING_BODY_ASSEMBLY",6,6,FALSE
"GOBP_POSITIVE_REGULATION_OF_CYTOPLASMIC_TRANSLATION",17,13,FALSE
"GOBP_POSITIVE_REGULATION_OF_CYTOPLASMIC_TRANSLATIONAL_INITIATION",7,6,FALSE
"GOBP_POSITIVE_REGULATION_OF_CYTOSKELETON_ORGANIZATION",187,156,TRUE
"GOBP_POSITIVE_REGULATION_OF_CYTOSOLIC_CALCIUM_ION_CONCENTRATION",161,92,TRUE
"GOBP_POSITIVE_REGULATION_OF_DEFENSE_RESPONSE",520,407,TRUE
"GOBP_POSITIVE_REGULATION_OF_DEFENSE_RESPONSE_TO_BACTERIUM",10,8,FALSE
"GOBP_POSITIVE_REGULATION_OF_DEFENSE_RESPONSE_TO_VIRUS_BY_HOST",30,21,TRUE
"GOBP_POSITIVE_REGULATION_OF_DENDRITE_DEVELOPMENT",15,14,FALSE
"GOBP_POSITIVE_REGULATION_OF_DENDRITIC_CELL_ANTIGEN_PROCESSING_AND_PRESENTATION",7,7,FALSE
"GOBP_POSITIVE_REGULATION_OF_DENDRITIC_CELL_CHEMOTAXIS",10,7,FALSE
"GOBP_POSITIVE_REGULATION_OF_DENDRITIC_CELL_CYTOKINE_PRODUCTION",10,9,FALSE
"GOBP_POSITIVE_REGULATION_OF_DENDRITIC_CELL_DIFFERENTIATION",6,5,FALSE
"GOBP_POSITIVE_REGULATION_OF_DENDRITIC_SPINE_DEVELOPMENT",41,37,TRUE
"GOBP_POSITIVE_REGULATION_OF_DENDRITIC_SPINE_MAINTENANCE",5,3,FALSE
"GOBP_POSITIVE_REGULATION_OF_DENDRITIC_SPINE_MORPHOGENESIS",19,17,TRUE
"GOBP_POSITIVE_REGULATION_OF_DEPHOSPHORYLATION",5,3,FALSE
"GOBP_POSITIVE_REGULATION_OF_DEVELOPMENTAL_GROWTH",161,122,TRUE
"GOBP_POSITIVE_REGULATION_OF_DEVELOPMENTAL_PIGMENTATION",8,8,FALSE
"GOBP_POSITIVE_REGULATION_OF_DEVELOPMENTAL_PROCESS",1301,996,FALSE
"GOBP_POSITIVE_REGULATION_OF_DIGESTIVE_SYSTEM_PROCESS",15,8,FALSE
"GOBP_POSITIVE_REGULATION_OF_DNA_BINDING",22,12,FALSE
"GOBP_POSITIVE_REGULATION_OF_DNA_BINDING_TRANSCRIPTION_FACTOR_ACTIVITY",102,83,TRUE
"GOBP_POSITIVE_REGULATION_OF_DNA_BIOSYNTHETIC_PROCESS",44,40,TRUE
"GOBP_POSITIVE_REGULATION_OF_DNA_CATABOLIC_PROCESS",5,3,FALSE
"GOBP_POSITIVE_REGULATION_OF_DNA_DAMAGE_CHECKPOINT",5,5,FALSE
"GOBP_POSITIVE_REGULATION_OF_DNA_DAMAGE_RESPONSE_SIGNAL_TRANSDUCTION_BY_P53_CLASS_MEDIATOR",16,12,FALSE
"GOBP_POSITIVE_REGULATION_OF_DNA_DIRECTED_DNA_POLYMERASE_ACTIVITY",8,7,FALSE
"GOBP_POSITIVE_REGULATION_OF_DNA_METABOLIC_PROCESS",277,241,TRUE
"GOBP_POSITIVE_REGULATION_OF_DNA_RECOMBINATION",75,60,TRUE
"GOBP_POSITIVE_REGULATION_OF_DNA_REPAIR",139,122,TRUE
"GOBP_POSITIVE_REGULATION_OF_DNA_REPLICATION",41,37,TRUE
"GOBP_POSITIVE_REGULATION_OF_DNA_TEMPLATED_DNA_REPLICATION",13,13,FALSE
"GOBP_POSITIVE_REGULATION_OF_DNA_TEMPLATED_TRANSCRIPTION_ELONGATION",61,57,TRUE
"GOBP_POSITIVE_REGULATION_OF_DNA_TEMPLATED_TRANSCRIPTION_INITIATION",74,63,TRUE
"GOBP_POSITIVE_REGULATION_OF_DOPAMINE_RECEPTOR_SIGNALING_PATHWAY",5,4,FALSE
"GOBP_POSITIVE_REGULATION_OF_DOPAMINE_SECRETION",8,4,FALSE
"GOBP_POSITIVE_REGULATION_OF_DOUBLE_STRAND_BREAK_REPAIR",97,85,TRUE
"GOBP_POSITIVE_REGULATION_OF_DOUBLE_STRAND_BREAK_REPAIR_VIA_HOMOLOGOUS_RECOMBINATION",43,36,TRUE
"GOBP_POSITIVE_REGULATION_OF_DOUBLE_STRAND_BREAK_REPAIR_VIA_NONHOMOLOGOUS_END_JOINING",15,13,FALSE
"GOBP_POSITIVE_REGULATION_OF_D_GLUCOSE_IMPORT",36,24,TRUE
"GOBP_POSITIVE_REGULATION_OF_D_GLUCOSE_TRANSMEMBRANE_TRANSPORT",44,30,TRUE
"GOBP_POSITIVE_REGULATION_OF_EARLY_ENDOSOME_TO_LATE_ENDOSOME_TRANSPORT",9,9,FALSE
"GOBP_POSITIVE_REGULATION_OF_EATING_BEHAVIOR",7,4,FALSE
"GOBP_POSITIVE_REGULATION_OF_EMBRYONIC_DEVELOPMENT",25,12,FALSE
"GOBP_POSITIVE_REGULATION_OF_ENAMEL_MINERALIZATION",5,2,FALSE
"GOBP_POSITIVE_REGULATION_OF_ENDOCYTIC_RECYCLING",9,6,FALSE
"GOBP_POSITIVE_REGULATION_OF_ENDOCYTOSIS",155,125,TRUE
"GOBP_POSITIVE_REGULATION_OF_ENDOPEPTIDASE_ACTIVITY",4,2,FALSE
"GOBP_POSITIVE_REGULATION_OF_ENDOPLASMIC_RETICULUM_STRESS_INDUCED_INTRINSIC_APOPTOTIC_SIGNALING_PATHWAY",11,9,FALSE
"GOBP_POSITIVE_REGULATION_OF_ENDOPLASMIC_RETICULUM_UNFOLDED_PROTEIN_RESPONSE",14,12,FALSE
"GOBP_POSITIVE_REGULATION_OF_ENDOTHELIAL_CELL_APOPTOTIC_PROCESS",22,18,TRUE
"GOBP_POSITIVE_REGULATION_OF_ENDOTHELIAL_CELL_CHEMOTAXIS",15,13,FALSE
"GOBP_POSITIVE_REGULATION_OF_ENDOTHELIAL_CELL_DEVELOPMENT",6,4,FALSE
"GOBP_POSITIVE_REGULATION_OF_ENDOTHELIAL_CELL_DIFFERENTIATION",11,9,FALSE
"GOBP_POSITIVE_REGULATION_OF_ENDOTHELIAL_CELL_MATRIX_ADHESION",6,5,FALSE
"GOBP_POSITIVE_REGULATION_OF_ENDOTHELIAL_CELL_MIGRATION",109,97,TRUE
"GOBP_POSITIVE_REGULATION_OF_ENDOTHELIAL_CELL_PROLIFERATION",86,75,TRUE
"GOBP_POSITIVE_REGULATION_OF_EPIDERMIS_DEVELOPMENT",30,20,TRUE
"GOBP_POSITIVE_REGULATION_OF_EPITHELIAL_CELL_APOPTOTIC_PROCESS",12,9,FALSE
"GOBP_POSITIVE_REGULATION_OF_EPITHELIAL_CELL_DIFFERENTIATION",59,36,TRUE
"GOBP_POSITIVE_REGULATION_OF_EPITHELIAL_CELL_DIFFERENTIATION_INVOLVED_IN_KIDNEY_DEVELOPMENT",7,3,FALSE
"GOBP_POSITIVE_REGULATION_OF_EPITHELIAL_CELL_MIGRATION",45,36,TRUE
"GOBP_POSITIVE_REGULATION_OF_EPITHELIAL_CELL_PROLIFERATION",181,144,TRUE
"GOBP_POSITIVE_REGULATION_OF_EPITHELIAL_CELL_PROLIFERATION_INVOLVED_IN_LUNG_MORPHOGENESIS",7,6,FALSE
"GOBP_POSITIVE_REGULATION_OF_EPITHELIAL_CELL_PROLIFERATION_INVOLVED_IN_WOUND_HEALING",9,6,FALSE
"GOBP_POSITIVE_REGULATION_OF_EPITHELIAL_TO_MESENCHYMAL_TRANSITION",54,46,TRUE
"GOBP_POSITIVE_REGULATION_OF_EPITHELIAL_TUBE_FORMATION",9,7,FALSE
"GOBP_POSITIVE_REGULATION_OF_ERAD_PATHWAY",18,18,TRUE
"GOBP_POSITIVE_REGULATION_OF_ERBB_SIGNALING_PATHWAY",33,27,TRUE
"GOBP_POSITIVE_REGULATION_OF_ERK1_AND_ERK2_CASCADE",191,135,TRUE
"GOBP_POSITIVE_REGULATION_OF_ERYTHROCYTE_DIFFERENTIATION",31,26,TRUE
"GOBP_POSITIVE_REGULATION_OF_ER_TO_GOLGI_VESICLE_MEDIATED_TRANSPORT",13,12,FALSE
"GOBP_POSITIVE_REGULATION_OF_ESTABLISHMENT_OF_PROTEIN_LOCALIZATION",321,254,TRUE
"GOBP_POSITIVE_REGULATION_OF_ESTABLISHMENT_OF_PROTEIN_LOCALIZATION_TO_MITOCHONDRION",35,31,TRUE
"GOBP_POSITIVE_REGULATION_OF_EXCITATORY_POSTSYNAPTIC_POTENTIAL",33,26,TRUE
"GOBP_POSITIVE_REGULATION_OF_EXECUTION_PHASE_OF_APOPTOSIS",18,16,TRUE
"GOBP_POSITIVE_REGULATION_OF_EXOCYTOSIS",89,62,TRUE
"GOBP_POSITIVE_REGULATION_OF_EXOSOMAL_SECRETION",15,13,FALSE
"GOBP_POSITIVE_REGULATION_OF_EXTRACELLULAR_MATRIX_ASSEMBLY",8,7,FALSE
"GOBP_POSITIVE_REGULATION_OF_EXTRACELLULAR_MATRIX_DISASSEMBLY",11,9,FALSE
"GOBP_POSITIVE_REGULATION_OF_EXTRACELLULAR_MATRIX_ORGANIZATION",26,22,TRUE
"GOBP_POSITIVE_REGULATION_OF_EXTRINSIC_APOPTOTIC_SIGNALING_PATHWAY",58,44,TRUE
"GOBP_POSITIVE_REGULATION_OF_EXTRINSIC_APOPTOTIC_SIGNALING_PATHWAY_IN_ABSENCE_OF_LIGAND",11,10,FALSE
"GOBP_POSITIVE_REGULATION_OF_EXTRINSIC_APOPTOTIC_SIGNALING_PATHWAY_VIA_DEATH_DOMAIN_RECEPTORS",11,9,FALSE
"GOBP_POSITIVE_REGULATION_OF_FATTY_ACID_BETA_OXIDATION",9,8,FALSE
"GOBP_POSITIVE_REGULATION_OF_FATTY_ACID_BIOSYNTHETIC_PROCESS",24,18,TRUE
"GOBP_POSITIVE_REGULATION_OF_FATTY_ACID_METABOLIC_PROCESS",39,30,TRUE
"GOBP_POSITIVE_REGULATION_OF_FATTY_ACID_OXIDATION",14,13,FALSE
"GOBP_POSITIVE_REGULATION_OF_FATTY_ACID_TRANSPORT",22,11,FALSE
"GOBP_POSITIVE_REGULATION_OF_FAT_CELL_DIFFERENTIATION",69,54,TRUE
"GOBP_POSITIVE_REGULATION_OF_FC_RECEPTOR_MEDIATED_STIMULATORY_SIGNALING_PATHWAY",6,6,FALSE
"GOBP_POSITIVE_REGULATION_OF_FEAR_RESPONSE",8,4,FALSE
"GOBP_POSITIVE_REGULATION_OF_FEEDING_BEHAVIOR",11,7,FALSE
"GOBP_POSITIVE_REGULATION_OF_FERROPTOSIS",9,9,FALSE
"GOBP_POSITIVE_REGULATION_OF_FERTILIZATION",5,3,FALSE
"GOBP_POSITIVE_REGULATION_OF_FEVER_GENERATION",6,4,FALSE
"GOBP_POSITIVE_REGULATION_OF_FIBROBLAST_APOPTOTIC_PROCESS",7,6,FALSE
"GOBP_POSITIVE_REGULATION_OF_FIBROBLAST_GROWTH_FACTOR_RECEPTOR_SIGNALING_PATHWAY",9,8,FALSE
"GOBP_POSITIVE_REGULATION_OF_FIBROBLAST_MIGRATION",14,14,FALSE
"GOBP_POSITIVE_REGULATION_OF_FIBROBLAST_PROLIFERATION",49,40,TRUE
"GOBP_POSITIVE_REGULATION_OF_FILOPODIUM_ASSEMBLY",29,24,TRUE
"GOBP_POSITIVE_REGULATION_OF_FOCAL_ADHESION_ASSEMBLY",25,24,TRUE
"GOBP_POSITIVE_REGULATION_OF_FOCAL_ADHESION_DISASSEMBLY",7,6,FALSE
"GOBP_POSITIVE_REGULATION_OF_FOLLICLE_STIMULATING_HORMONE_SECRETION",6,4,FALSE
"GOBP_POSITIVE_REGULATION_OF_G0_TO_G1_TRANSITION",4,4,FALSE
"GOBP_POSITIVE_REGULATION_OF_G1_S_TRANSITION_OF_MITOTIC_CELL_CYCLE",44,35,TRUE
"GOBP_POSITIVE_REGULATION_OF_GAMMA_DELTA_T_CELL_ACTIVATION",12,9,FALSE
"GOBP_POSITIVE_REGULATION_OF_GAMMA_DELTA_T_CELL_DIFFERENTIATION",9,8,FALSE
"GOBP_POSITIVE_REGULATION_OF_GAP_JUNCTION_ASSEMBLY",7,6,FALSE
"GOBP_POSITIVE_REGULATION_OF_GASTRO_INTESTINAL_SYSTEM_SMOOTH_MUSCLE_CONTRACTION",5,2,FALSE
"GOBP_POSITIVE_REGULATION_OF_GASTRULATION",7,2,FALSE
"GOBP_POSITIVE_REGULATION_OF_GENE_EXPRESSION",1155,880,FALSE
"GOBP_POSITIVE_REGULATION_OF_GENE_EXPRESSION_EPIGENETIC",60,52,TRUE
"GOBP_POSITIVE_REGULATION_OF_GENE_EXPRESSION_VIA_CHROMOSOMAL_CPG_ISLAND_DEMETHYLATION",10,9,FALSE
"GOBP_POSITIVE_REGULATION_OF_GLIAL_CELL_DIFFERENTIATION",40,30,TRUE
"GOBP_POSITIVE_REGULATION_OF_GLIAL_CELL_MIGRATION",7,7,FALSE
"GOBP_POSITIVE_REGULATION_OF_GLIAL_CELL_PROLIFERATION",15,11,FALSE
"GOBP_POSITIVE_REGULATION_OF_GLIOGENESIS",58,44,TRUE
"GOBP_POSITIVE_REGULATION_OF_GLOMERULAR_MESANGIAL_CELL_PROLIFERATION",7,6,FALSE
"GOBP_POSITIVE_REGULATION_OF_GLOMERULUS_DEVELOPMENT",5,2,FALSE
"GOBP_POSITIVE_REGULATION_OF_GLUCOCORTICOID_SECRETION",6,3,FALSE
"GOBP_POSITIVE_REGULATION_OF_GLUCONEOGENESIS",22,19,TRUE
"GOBP_POSITIVE_REGULATION_OF_GLUCOSE_METABOLIC_PROCESS",47,37,TRUE
"GOBP_POSITIVE_REGULATION_OF_GLUTAMATE_RECEPTOR_SIGNALING_PATHWAY",10,9,FALSE
"GOBP_POSITIVE_REGULATION_OF_GLUTAMATE_SECRETION",11,9,FALSE
"GOBP_POSITIVE_REGULATION_OF_GLYCOGEN_BIOSYNTHETIC_PROCESS",17,12,FALSE
"GOBP_POSITIVE_REGULATION_OF_GLYCOGEN_METABOLIC_PROCESS",21,14,FALSE
"GOBP_POSITIVE_REGULATION_OF_GLYCOPROTEIN_BIOSYNTHETIC_PROCESS",18,15,TRUE
"GOBP_POSITIVE_REGULATION_OF_GLYCOPROTEIN_METABOLIC_PROCESS",20,16,TRUE
"GOBP_POSITIVE_REGULATION_OF_GOLGI_TO_PLASMA_MEMBRANE_PROTEIN_TRANSPORT",6,5,FALSE
"GOBP_POSITIVE_REGULATION_OF_GONADOTROPIN_SECRETION",8,4,FALSE
"GOBP_POSITIVE_REGULATION_OF_GONAD_DEVELOPMENT",8,3,FALSE
"GOBP_POSITIVE_REGULATION_OF_GRANULOCYTE_CHEMOTAXIS",24,21,TRUE
"GOBP_POSITIVE_REGULATION_OF_GRANULOCYTE_DIFFERENTIATION",8,7,FALSE
"GOBP_POSITIVE_REGULATION_OF_GROWTH",248,195,TRUE
"GOBP_POSITIVE_REGULATION_OF_GROWTH_HORMONE_SECRETION",9,5,FALSE
"GOBP_POSITIVE_REGULATION_OF_GTPASE_ACTIVITY",80,76,TRUE
"GOBP_POSITIVE_REGULATION_OF_G_PROTEIN_COUPLED_RECEPTOR_SIGNALING_PATHWAY",41,26,TRUE
"GOBP_POSITIVE_REGULATION_OF_HAIR_FOLLICLE_DEVELOPMENT",12,8,FALSE
"GOBP_POSITIVE_REGULATION_OF_HAIR_FOLLICLE_MATURATION",5,4,FALSE
"GOBP_POSITIVE_REGULATION_OF_HEART_GROWTH",32,25,TRUE
"GOBP_POSITIVE_REGULATION_OF_HEART_RATE",25,18,TRUE
"GOBP_POSITIVE_REGULATION_OF_HEAT_GENERATION",10,7,FALSE
"GOBP_POSITIVE_REGULATION_OF_HEMATOPOIETIC_PROGENITOR_CELL_DIFFERENTIATION",6,5,FALSE
"GOBP_POSITIVE_REGULATION_OF_HEMOGLOBIN_BIOSYNTHETIC_PROCESS",6,6,FALSE
"GOBP_POSITIVE_REGULATION_OF_HEMOPOIESIS",198,154,TRUE
"GOBP_POSITIVE_REGULATION_OF_HEPATOCYTE_PROLIFERATION",10,8,FALSE
"GOBP_POSITIVE_REGULATION_OF_HETEROTYPIC_CELL_CELL_ADHESION",12,7,FALSE
"GOBP_POSITIVE_REGULATION_OF_HIGH_DENSITY_LIPOPROTEIN_PARTICLE_CLEARANCE",3,2,FALSE
"GOBP_POSITIVE_REGULATION_OF_HIPPO_SIGNALING",15,13,FALSE
"GOBP_POSITIVE_REGULATION_OF_HOMOTYPIC_CELL_CELL_ADHESION",20,14,FALSE
"GOBP_POSITIVE_REGULATION_OF_HORMONE_BIOSYNTHETIC_PROCESS",11,10,FALSE
"GOBP_POSITIVE_REGULATION_OF_HORMONE_METABOLIC_PROCESS",16,12,FALSE
"GOBP_POSITIVE_REGULATION_OF_HORMONE_SECRETION",146,91,TRUE
"GOBP_POSITIVE_REGULATION_OF_HUMORAL_IMMUNE_RESPONSE",20,11,FALSE
"GOBP_POSITIVE_REGULATION_OF_HUMORAL_IMMUNE_RESPONSE_MEDIATED_BY_CIRCULATING_IMMUNOGLOBULIN",5,3,FALSE
"GOBP_POSITIVE_REGULATION_OF_HYDROGEN_PEROXIDE_MEDIATED_PROGRAMMED_CELL_DEATH",4,4,FALSE
"GOBP_POSITIVE_REGULATION_OF_HYDROLASE_ACTIVITY",99,89,TRUE
"GOBP_POSITIVE_REGULATION_OF_IMMATURE_T_CELL_PROLIFERATION",6,5,FALSE
"GOBP_POSITIVE_REGULATION_OF_IMMATURE_T_CELL_PROLIFERATION_IN_THYMUS",5,4,FALSE
"GOBP_POSITIVE_REGULATION_OF_IMMUNE_EFFECTOR_PROCESS",243,172,TRUE
"GOBP_POSITIVE_REGULATION_OF_IMMUNE_RESPONSE",728,558,FALSE
"GOBP_POSITIVE_REGULATION_OF_IMMUNE_SYSTEM_PROCESS",1064,813,FALSE
"GOBP_POSITIVE_REGULATION_OF_IMMUNOGLOBULIN_PRODUCTION",57,42,TRUE
"GOBP_POSITIVE_REGULATION_OF_INFLAMMASOME_MEDIATED_SIGNALING_PATHWAY",30,25,TRUE
"GOBP_POSITIVE_REGULATION_OF_INFLAMMATORY_RESPONSE",161,121,TRUE
"GOBP_POSITIVE_REGULATION_OF_INFLAMMATORY_RESPONSE_TO_ANTIGENIC_STIMULUS",12,8,FALSE
"GOBP_POSITIVE_REGULATION_OF_INHIBITORY_POSTSYNAPTIC_POTENTIAL",7,6,FALSE
"GOBP_POSITIVE_REGULATION_OF_INSULIN_LIKE_GROWTH_FACTOR_RECEPTOR_SIGNALING_PATHWAY",13,7,FALSE
"GOBP_POSITIVE_REGULATION_OF_INSULIN_SECRETION",85,59,TRUE
"GOBP_POSITIVE_REGULATION_OF_INSULIN_SECRETION_INVOLVED_IN_CELLULAR_RESPONSE_TO_GLUCOSE_STIMULUS",41,28,TRUE
"GOBP_POSITIVE_REGULATION_OF_INTEGRIN_ACTIVATION",11,9,FALSE
"GOBP_POSITIVE_REGULATION_OF_INTEGRIN_MEDIATED_SIGNALING_PATHWAY",13,12,FALSE
"GOBP_POSITIVE_REGULATION_OF_INTERFERON_ALPHA_PRODUCTION",26,22,TRUE
"GOBP_POSITIVE_REGULATION_OF_INTERFERON_BETA_PRODUCTION",41,38,TRUE
"GOBP_POSITIVE_REGULATION_OF_INTERLEUKIN_10_PRODUCTION",45,30,TRUE
"GOBP_POSITIVE_REGULATION_OF_INTERLEUKIN_12_PRODUCTION",43,30,TRUE
"GOBP_POSITIVE_REGULATION_OF_INTERLEUKIN_13_PRODUCTION",19,14,FALSE
"GOBP_POSITIVE_REGULATION_OF_INTERLEUKIN_17_PRODUCTION",27,20,TRUE
"GOBP_POSITIVE_REGULATION_OF_INTERLEUKIN_18_PRODUCTION",9,6,FALSE
"GOBP_POSITIVE_REGULATION_OF_INTERLEUKIN_1_ALPHA_PRODUCTION",7,4,FALSE
"GOBP_POSITIVE_REGULATION_OF_INTERLEUKIN_1_PRODUCTION",69,50,TRUE
"GOBP_POSITIVE_REGULATION_OF_INTERLEUKIN_23_PRODUCTION",7,4,FALSE
"GOBP_POSITIVE_REGULATION_OF_INTERLEUKIN_2_PRODUCTION",49,43,TRUE
"GOBP_POSITIVE_REGULATION_OF_INTERLEUKIN_4_PRODUCTION",27,17,TRUE
"GOBP_POSITIVE_REGULATION_OF_INTERLEUKIN_5_PRODUCTION",14,12,FALSE
"GOBP_POSITIVE_REGULATION_OF_INTERLEUKIN_6_PRODUCTION",98,74,TRUE
"GOBP_POSITIVE_REGULATION_OF_INTERLEUKIN_8_PRODUCTION",66,47,TRUE
"GOBP_POSITIVE_REGULATION_OF_INTESTINAL_ABSORPTION",5,1,FALSE
"GOBP_POSITIVE_REGULATION_OF_INTRACELLULAR_ESTROGEN_RECEPTOR_SIGNALING_PATHWAY",13,9,FALSE
"GOBP_POSITIVE_REGULATION_OF_INTRACELLULAR_PROTEIN_TRANSPORT",98,85,TRUE
"GOBP_POSITIVE_REGULATION_OF_INTRACELLULAR_SIGNAL_TRANSDUCTION",1143,882,FALSE
"GOBP_POSITIVE_REGULATION_OF_INTRACELLULAR_STEROID_HORMONE_RECEPTOR_SIGNALING_PATHWAY",16,11,FALSE
"GOBP_POSITIVE_REGULATION_OF_INTRACELLULAR_TRANSPORT",150,128,TRUE
"GOBP_POSITIVE_REGULATION_OF_INTRINSIC_APOPTOTIC_SIGNALING_PATHWAY",62,48,TRUE
"GOBP_POSITIVE_REGULATION_OF_INTRINSIC_APOPTOTIC_SIGNALING_PATHWAY_BY_P53_CLASS_MEDIATOR",7,4,FALSE
"GOBP_POSITIVE_REGULATION_OF_INTRINSIC_APOPTOTIC_SIGNALING_PATHWAY_IN_RESPONSE_TO_DNA_DAMAGE",8,8,FALSE
"GOBP_POSITIVE_REGULATION_OF_IRE1_MEDIATED_UNFOLDED_PROTEIN_RESPONSE",8,6,FALSE
"GOBP_POSITIVE_REGULATION_OF_ISOTYPE_SWITCHING",28,22,TRUE
"GOBP_POSITIVE_REGULATION_OF_ISOTYPE_SWITCHING_TO_IGG_ISOTYPES",11,7,FALSE
"GOBP_POSITIVE_REGULATION_OF_JNK_CASCADE",102,81,TRUE
"GOBP_POSITIVE_REGULATION_OF_JUN_KINASE_ACTIVITY",12,11,FALSE
"GOBP_POSITIVE_REGULATION_OF_KERATINOCYTE_DIFFERENTIATION",17,12,FALSE
"GOBP_POSITIVE_REGULATION_OF_KERATINOCYTE_PROLIFERATION",13,10,FALSE
"GOBP_POSITIVE_REGULATION_OF_KIDNEY_DEVELOPMENT",10,6,FALSE
"GOBP_POSITIVE_REGULATION_OF_KINASE_ACTIVITY",134,110,TRUE
"GOBP_POSITIVE_REGULATION_OF_LAMELLIPODIUM_ASSEMBLY",28,25,TRUE
"GOBP_POSITIVE_REGULATION_OF_LAMELLIPODIUM_MORPHOGENESIS",7,6,FALSE
"GOBP_POSITIVE_REGULATION_OF_LAMELLIPODIUM_ORGANIZATION",36,32,TRUE
"GOBP_POSITIVE_REGULATION_OF_LEUKOCYTE_ADHESION_TO_ARTERIAL_ENDOTHELIAL_CELL",4,2,FALSE
"GOBP_POSITIVE_REGULATION_OF_LEUKOCYTE_ADHESION_TO_VASCULAR_ENDOTHELIAL_CELL",23,16,TRUE
"GOBP_POSITIVE_REGULATION_OF_LEUKOCYTE_APOPTOTIC_PROCESS",27,19,TRUE
"GOBP_POSITIVE_REGULATION_OF_LEUKOCYTE_CELL_CELL_ADHESION",268,204,TRUE
"GOBP_POSITIVE_REGULATION_OF_LEUKOCYTE_CHEMOTAXIS",93,72,TRUE
"GOBP_POSITIVE_REGULATION_OF_LEUKOCYTE_DEGRANULATION",27,18,TRUE
"GOBP_POSITIVE_REGULATION_OF_LEUKOCYTE_MEDIATED_IMMUNITY",134,101,TRUE
"GOBP_POSITIVE_REGULATION_OF_LEUKOCYTE_MIGRATION",143,111,TRUE
"GOBP_POSITIVE_REGULATION_OF_LEUKOCYTE_PROLIFERATION",160,109,TRUE
"GOBP_POSITIVE_REGULATION_OF_LEUKOCYTE_TETHERING_OR_ROLLING",10,6,FALSE
"GOBP_POSITIVE_REGULATION_OF_LIPASE_ACTIVITY",8,6,FALSE
"GOBP_POSITIVE_REGULATION_OF_LIPID_BIOSYNTHETIC_PROCESS",98,76,TRUE
"GOBP_POSITIVE_REGULATION_OF_LIPID_CATABOLIC_PROCESS",28,17,TRUE
"GOBP_POSITIVE_REGULATION_OF_LIPID_LOCALIZATION",101,63,TRUE
"GOBP_POSITIVE_REGULATION_OF_LIPID_METABOLIC_PROCESS",137,98,TRUE
"GOBP_POSITIVE_REGULATION_OF_LIPID_STORAGE",19,13,FALSE
"GOBP_POSITIVE_REGULATION_OF_LIPID_TRANSPORT",85,52,TRUE
"GOBP_POSITIVE_REGULATION_OF_LIPOPOLYSACCHARIDE_MEDIATED_SIGNALING_PATHWAY",11,9,FALSE
"GOBP_POSITIVE_REGULATION_OF_LIPOPROTEIN_PARTICLE_CLEARANCE",7,5,FALSE
"GOBP_POSITIVE_REGULATION_OF_LIPOPROTEIN_TRANSPORT",6,4,FALSE
"GOBP_POSITIVE_REGULATION_OF_LOCOMOTION",567,464,TRUE
"GOBP_POSITIVE_REGULATION_OF_LONG_TERM_NEURONAL_SYNAPTIC_PLASTICITY",9,8,FALSE
"GOBP_POSITIVE_REGULATION_OF_LONG_TERM_SYNAPTIC_DEPRESSION",9,5,FALSE
"GOBP_POSITIVE_REGULATION_OF_LONG_TERM_SYNAPTIC_POTENTIATION",24,19,TRUE
"GOBP_POSITIVE_REGULATION_OF_LUTEINIZING_HORMONE_SECRETION",5,1,FALSE
"GOBP_POSITIVE_REGULATION_OF_LYASE_ACTIVITY",21,11,FALSE
"GOBP_POSITIVE_REGULATION_OF_LYMPHOCYTE_ANERGY",6,6,FALSE
"GOBP_POSITIVE_REGULATION_OF_LYMPHOCYTE_APOPTOTIC_PROCESS",17,11,FALSE
"GOBP_POSITIVE_REGULATION_OF_LYMPHOCYTE_CHEMOTAXIS",17,12,FALSE
"GOBP_POSITIVE_REGULATION_OF_LYMPHOCYTE_DIFFERENTIATION",137,108,TRUE
"GOBP_POSITIVE_REGULATION_OF_LYMPHOCYTE_MIGRATION",41,33,TRUE
"GOBP_POSITIVE_REGULATION_OF_LYSOSOMAL_PROTEIN_CATABOLIC_PROCESS",5,5,FALSE
"GOBP_POSITIVE_REGULATION_OF_MACROAUTOPHAGY",95,87,TRUE
"GOBP_POSITIVE_REGULATION_OF_MACROPHAGE_ACTIVATION",28,23,TRUE
"GOBP_POSITIVE_REGULATION_OF_MACROPHAGE_CHEMOTAXIS",21,17,TRUE
"GOBP_POSITIVE_REGULATION_OF_MACROPHAGE_CYTOKINE_PRODUCTION",13,10,FALSE
"GOBP_POSITIVE_REGULATION_OF_MACROPHAGE_DERIVED_FOAM_CELL_DIFFERENTIATION",20,13,FALSE
"GOBP_POSITIVE_REGULATION_OF_MACROPHAGE_DIFFERENTIATION",15,15,TRUE
"GOBP_POSITIVE_REGULATION_OF_MACROPHAGE_MIGRATION",28,24,TRUE
"GOBP_POSITIVE_REGULATION_OF_MAINTENANCE_OF_SISTER_CHROMATID_COHESION",6,6,FALSE
"GOBP_POSITIVE_REGULATION_OF_MAMMARY_GLAND_EPITHELIAL_CELL_PROLIFERATION",6,6,FALSE
"GOBP_POSITIVE_REGULATION_OF_MAPKKK_CASCADE_BY_FIBROBLAST_GROWTH_FACTOR_RECEPTOR_SIGNALING_PATHWAY",5,1,FALSE
"GOBP_POSITIVE_REGULATION_OF_MAPK_CASCADE",465,335,TRUE
"GOBP_POSITIVE_REGULATION_OF_MAP_KINASE_ACTIVITY",35,26,TRUE
"GOBP_POSITIVE_REGULATION_OF_MAST_CELL_ACTIVATION",7,6,FALSE
"GOBP_POSITIVE_REGULATION_OF_MAST_CELL_CHEMOTAXIS",6,6,FALSE
"GOBP_POSITIVE_REGULATION_OF_MAST_CELL_DEGRANULATION",16,11,FALSE
"GOBP_POSITIVE_REGULATION_OF_MEGAKARYOCYTE_DIFFERENTIATION",10,8,FALSE
"GOBP_POSITIVE_REGULATION_OF_MEIOTIC_CELL_CYCLE",26,16,TRUE
"GOBP_POSITIVE_REGULATION_OF_MEIOTIC_NUCLEAR_DIVISION",16,8,FALSE
"GOBP_POSITIVE_REGULATION_OF_MELANOCYTE_DIFFERENTIATION",4,4,FALSE
"GOBP_POSITIVE_REGULATION_OF_MEMBRANE_DEPOLARIZATION",13,12,FALSE
"GOBP_POSITIVE_REGULATION_OF_MEMBRANE_PERMEABILITY",41,36,TRUE
"GOBP_POSITIVE_REGULATION_OF_MEMBRANE_POTENTIAL",11,8,FALSE
"GOBP_POSITIVE_REGULATION_OF_MEMBRANE_PROTEIN_ECTODOMAIN_PROTEOLYSIS",16,14,FALSE
"GOBP_POSITIVE_REGULATION_OF_MEMORY_T_CELL_DIFFERENTIATION",9,4,FALSE
"GOBP_POSITIVE_REGULATION_OF_MESENCHYMAL_CELL_PROLIFERATION",27,23,TRUE
"GOBP_POSITIVE_REGULATION_OF_MESENCHYMAL_STEM_CELL_DIFFERENTIATION",5,4,FALSE
"GOBP_POSITIVE_REGULATION_OF_MESENCHYMAL_STEM_CELL_PROLIFERATION",7,6,FALSE
"GOBP_POSITIVE_REGULATION_OF_METAPHASE_ANAPHASE_TRANSITION_OF_CELL_CYCLE",20,17,TRUE
"GOBP_POSITIVE_REGULATION_OF_MHC_CLASS_II_BIOSYNTHETIC_PROCESS",14,9,FALSE
"GOBP_POSITIVE_REGULATION_OF_MHC_CLASS_I_BIOSYNTHETIC_PROCESS",5,4,FALSE
"GOBP_POSITIVE_REGULATION_OF_MICROGLIAL_CELL_ACTIVATION",8,6,FALSE
"GOBP_POSITIVE_REGULATION_OF_MICROGLIAL_CELL_MIGRATION",6,6,FALSE
"GOBP_POSITIVE_REGULATION_OF_MICROTUBULE_DEPOLYMERIZATION",5,5,FALSE
"GOBP_POSITIVE_REGULATION_OF_MICROTUBULE_NUCLEATION",7,6,FALSE
"GOBP_POSITIVE_REGULATION_OF_MICROTUBULE_POLYMERIZATION_OR_DEPOLYMERIZATION",35,32,TRUE
"GOBP_POSITIVE_REGULATION_OF_MICROVILLUS_ASSEMBLY",5,4,FALSE
"GOBP_POSITIVE_REGULATION_OF_MIRNA_CATABOLIC_PROCESS",4,3,FALSE
"GOBP_POSITIVE_REGULATION_OF_MIRNA_METABOLIC_PROCESS",61,49,TRUE
"GOBP_POSITIVE_REGULATION_OF_MIRNA_PROCESSING",5,5,FALSE
"GOBP_POSITIVE_REGULATION_OF_MITOCHONDRIAL_CALCIUM_ION_CONCENTRATION",9,8,FALSE
"GOBP_POSITIVE_REGULATION_OF_MITOCHONDRIAL_DEPOLARIZATION",9,8,FALSE
"GOBP_POSITIVE_REGULATION_OF_MITOCHONDRIAL_FISSION",23,22,TRUE
"GOBP_POSITIVE_REGULATION_OF_MITOCHONDRIAL_FUSION",6,3,FALSE
"GOBP_POSITIVE_REGULATION_OF_MITOCHONDRIAL_MEMBRANE_PERMEABILITY",37,34,TRUE
"GOBP_POSITIVE_REGULATION_OF_MITOCHONDRIAL_MEMBRANE_POTENTIAL",6,6,FALSE
"GOBP_POSITIVE_REGULATION_OF_MITOCHONDRIAL_OUTER_MEMBRANE_PERMEABILIZATION_INVOLVED_IN_APOPTOTIC_SIGNALING_PATHWAY",9,9,FALSE
"GOBP_POSITIVE_REGULATION_OF_MITOCHONDRIAL_TRANSLATION",15,15,TRUE
"GOBP_POSITIVE_REGULATION_OF_MITOTIC_CELL_CYCLE",124,107,TRUE
"GOBP_POSITIVE_REGULATION_OF_MITOTIC_CELL_CYCLE_PHASE_TRANSITION",91,77,TRUE
"GOBP_POSITIVE_REGULATION_OF_MITOTIC_CYTOKINESIS",12,10,FALSE
"GOBP_POSITIVE_REGULATION_OF_MITOTIC_NUCLEAR_DIVISION",48,36,TRUE
"GOBP_POSITIVE_REGULATION_OF_MITOTIC_SISTER_CHROMATID_SEGREGATION",9,8,FALSE
"GOBP_POSITIVE_REGULATION_OF_MITOTIC_SISTER_CHROMATID_SEPARATION",23,21,TRUE
"GOBP_POSITIVE_REGULATION_OF_MOLECULAR_FUNCTION",455,370,TRUE
"GOBP_POSITIVE_REGULATION_OF_MONOATOMIC_ION_TRANSMEMBRANE_TRANSPORT",118,82,TRUE
"GOBP_POSITIVE_REGULATION_OF_MONOATOMIC_ION_TRANSPORT",184,122,TRUE
"GOBP_POSITIVE_REGULATION_OF_MONOCYTE_CHEMOTACTIC_PROTEIN_1_PRODUCTION",14,11,FALSE
"GOBP_POSITIVE_REGULATION_OF_MONOCYTE_CHEMOTAXIS",20,12,FALSE
"GOBP_POSITIVE_REGULATION_OF_MONOCYTE_DIFFERENTIATION",10,8,FALSE
"GOBP_POSITIVE_REGULATION_OF_MONOCYTE_EXTRAVASATION",4,4,FALSE
"GOBP_POSITIVE_REGULATION_OF_MONONUCLEAR_CELL_MIGRATION",94,74,TRUE
"GOBP_POSITIVE_REGULATION_OF_MORPHOGENESIS_OF_AN_EPITHELIUM",38,26,TRUE
"GOBP_POSITIVE_REGULATION_OF_MRNA_3_END_PROCESSING",5,5,FALSE
"GOBP_POSITIVE_REGULATION_OF_MRNA_METABOLIC_PROCESS",143,124,TRUE
"GOBP_POSITIVE_REGULATION_OF_MRNA_PROCESSING",25,21,TRUE
"GOBP_POSITIVE_REGULATION_OF_MRNA_SPLICING_VIA_SPLICEOSOME",21,17,TRUE
"GOBP_POSITIVE_REGULATION_OF_MUCUS_SECRETION",5,4,FALSE
"GOBP_POSITIVE_REGULATION_OF_MULTICELLULAR_ORGANISMAL_PROCESS",1639,1231,FALSE
"GOBP_POSITIVE_REGULATION_OF_MULTICELLULAR_ORGANISM_GROWTH",33,23,TRUE
"GOBP_POSITIVE_REGULATION_OF_MUSCLE_ADAPTATION",5,5,FALSE
"GOBP_POSITIVE_REGULATION_OF_MUSCLE_CELL_APOPTOTIC_PROCESS",24,19,TRUE
"GOBP_POSITIVE_REGULATION_OF_MUSCLE_CELL_DIFFERENTIATION",63,55,TRUE
"GOBP_POSITIVE_REGULATION_OF_MUSCLE_CONTRACTION",54,35,TRUE
"GOBP_POSITIVE_REGULATION_OF_MUSCLE_HYPERTROPHY",27,22,TRUE
"GOBP_POSITIVE_REGULATION_OF_MUSCLE_ORGAN_DEVELOPMENT",19,17,TRUE
"GOBP_POSITIVE_REGULATION_OF_MYELINATION",21,19,TRUE
"GOBP_POSITIVE_REGULATION_OF_MYELOID_CELL_APOPTOTIC_PROCESS",8,5,FALSE
"GOBP_POSITIVE_REGULATION_OF_MYELOID_CELL_DIFFERENTIATION",105,78,TRUE
"GOBP_POSITIVE_REGULATION_OF_MYELOID_LEUKOCYTE_CYTOKINE_PRODUCTION_INVOLVED_IN_IMMUNE_RESPONSE",24,19,TRUE
"GOBP_POSITIVE_REGULATION_OF_MYELOID_LEUKOCYTE_DIFFERENTIATION",63,46,TRUE
"GOBP_POSITIVE_REGULATION_OF_MYELOID_LEUKOCYTE_MEDIATED_IMMUNITY",20,18,TRUE
"GOBP_POSITIVE_REGULATION_OF_MYOBLAST_DIFFERENTIATION",46,40,TRUE
"GOBP_POSITIVE_REGULATION_OF_MYOBLAST_FUSION",14,12,FALSE
"GOBP_POSITIVE_REGULATION_OF_MYOBLAST_PROLIFERATION",9,6,FALSE
"GOBP_POSITIVE_REGULATION_OF_MYOTUBE_DIFFERENTIATION",13,13,FALSE
"GOBP_POSITIVE_REGULATION_OF_NATURAL_KILLER_CELL_ACTIVATION",21,17,TRUE
"GOBP_POSITIVE_REGULATION_OF_NATURAL_KILLER_CELL_CHEMOTAXIS",5,3,FALSE
"GOBP_POSITIVE_REGULATION_OF_NATURAL_KILLER_CELL_CYTOKINE_PRODUCTION",7,4,FALSE
"GOBP_POSITIVE_REGULATION_OF_NATURAL_KILLER_CELL_DIFFERENTIATION",10,9,FALSE
"GOBP_POSITIVE_REGULATION_OF_NATURAL_KILLER_CELL_MEDIATED_CYTOTOXICITY",27,17,TRUE
"GOBP_POSITIVE_REGULATION_OF_NATURAL_KILLER_CELL_MEDIATED_IMMUNE_RESPONSE_TO_TUMOR_CELL",7,3,FALSE
"GOBP_POSITIVE_REGULATION_OF_NATURAL_KILLER_CELL_MEDIATED_IMMUNITY",30,18,TRUE
"GOBP_POSITIVE_REGULATION_OF_NECROPTOTIC_PROCESS",6,4,FALSE
"GOBP_POSITIVE_REGULATION_OF_NERVOUS_SYSTEM_DEVELOPMENT",272,211,TRUE
"GOBP_POSITIVE_REGULATION_OF_NERVOUS_SYSTEM_PROCESS",40,27,TRUE
"GOBP_POSITIVE_REGULATION_OF_NEURAL_PRECURSOR_CELL_PROLIFERATION",52,38,TRUE
"GOBP_POSITIVE_REGULATION_OF_NEUROBLAST_PROLIFERATION",24,17,TRUE
"GOBP_POSITIVE_REGULATION_OF_NEUROEPITHELIAL_CELL_DIFFERENTIATION",7,6,FALSE
"GOBP_POSITIVE_REGULATION_OF_NEUROGENESIS",216,171,TRUE
"GOBP_POSITIVE_REGULATION_OF_NEUROINFLAMMATORY_RESPONSE",20,13,FALSE
"GOBP_POSITIVE_REGULATION_OF_NEURON_APOPTOTIC_PROCESS",61,47,TRUE
"GOBP_POSITIVE_REGULATION_OF_NEURON_DIFFERENTIATION",88,57,TRUE
"GOBP_POSITIVE_REGULATION_OF_NEURON_MIGRATION",15,14,FALSE
"GOBP_POSITIVE_REGULATION_OF_NEURON_PROJECTION_ARBORIZATION",8,7,FALSE
"GOBP_POSITIVE_REGULATION_OF_NEURON_PROJECTION_DEVELOPMENT",148,128,TRUE
"GOBP_POSITIVE_REGULATION_OF_NEURON_PROJECTION_REGENERATION",7,7,FALSE
"GOBP_POSITIVE_REGULATION_OF_NEUROTRANSMITTER_SECRETION",20,15,TRUE
"GOBP_POSITIVE_REGULATION_OF_NEUROTRANSMITTER_TRANSPORT",26,18,TRUE
"GOBP_POSITIVE_REGULATION_OF_NEUROTRANSMITTER_UPTAKE",6,3,FALSE
"GOBP_POSITIVE_REGULATION_OF_NEUROTROPHIN_TRK_RECEPTOR_SIGNALING_PATHWAY",5,5,FALSE
"GOBP_POSITIVE_REGULATION_OF_NEUTROPHIL_APOPTOTIC_PROCESS",5,3,FALSE
"GOBP_POSITIVE_REGULATION_OF_NEUTROPHIL_MIGRATION",31,26,TRUE
"GOBP_POSITIVE_REGULATION_OF_NF_KAPPAB_TRANSCRIPTION_FACTOR_ACTIVITY",74,64,TRUE
"GOBP_POSITIVE_REGULATION_OF_NITRIC_OXIDE_BIOSYNTHETIC_PROCESS",34,27,TRUE
"GOBP_POSITIVE_REGULATION_OF_NITRIC_OXIDE_MEDIATED_SIGNAL_TRANSDUCTION",5,4,FALSE
"GOBP_POSITIVE_REGULATION_OF_NK_T_CELL_ACTIVATION",9,6,FALSE
"GOBP_POSITIVE_REGULATION_OF_NON_CANONICAL_NF_KAPPAB_SIGNAL_TRANSDUCTION",60,45,TRUE
"GOBP_POSITIVE_REGULATION_OF_NON_CANONICAL_WNT_SIGNALING_PATHWAY",15,11,FALSE
"GOBP_POSITIVE_REGULATION_OF_NON_MOTILE_CILIUM_ASSEMBLY",9,7,FALSE
"GOBP_POSITIVE_REGULATION_OF_NOTCH_SIGNALING_PATHWAY",45,34,TRUE
"GOBP_POSITIVE_REGULATION_OF_NUCLEAR_CELL_CYCLE_DNA_REPLICATION",6,6,FALSE
"GOBP_POSITIVE_REGULATION_OF_NUCLEAR_DIVISION",63,44,TRUE
"GOBP_POSITIVE_REGULATION_OF_NUCLEAR_TRANSCRIBED_MRNA_CATABOLIC_PROCESS_DEADENYLATION_DEPENDENT_DECAY",13,13,FALSE
"GOBP_POSITIVE_REGULATION_OF_NUCLEOBASE_CONTAINING_COMPOUND_TRANSPORT",6,5,FALSE
"GOBP_POSITIVE_REGULATION_OF_NUCLEOCYTOPLASMIC_TRANSPORT",60,56,TRUE
"GOBP_POSITIVE_REGULATION_OF_NUCLEOTIDE_BINDING_DOMAIN_LEUCINE_RICH_REPEAT_CONTAINING_RECEPTOR_SIGNALING_PATHWAY",6,5,FALSE
"GOBP_POSITIVE_REGULATION_OF_NUCLEOTIDE_BIOSYNTHETIC_PROCESS",15,11,FALSE
"GOBP_POSITIVE_REGULATION_OF_NUCLEOTIDE_CATABOLIC_PROCESS",22,20,TRUE
"GOBP_POSITIVE_REGULATION_OF_NUCLEOTIDE_METABOLIC_PROCESS",39,33,TRUE
"GOBP_POSITIVE_REGULATION_OF_ODONTOGENESIS",7,5,FALSE
"GOBP_POSITIVE_REGULATION_OF_OLIGODENDROCYTE_DIFFERENTIATION",22,17,TRUE
"GOBP_POSITIVE_REGULATION_OF_ORGANELLE_ASSEMBLY",88,78,TRUE
"GOBP_POSITIVE_REGULATION_OF_ORGANELLE_ORGANIZATION",502,426,TRUE
"GOBP_POSITIVE_REGULATION_OF_ORGANIC_ACID_TRANSPORT",42,27,TRUE
"GOBP_POSITIVE_REGULATION_OF_ORGAN_GROWTH",44,35,TRUE
"GOBP_POSITIVE_REGULATION_OF_OSSIFICATION",55,41,TRUE
"GOBP_POSITIVE_REGULATION_OF_OSTEOBLAST_DIFFERENTIATION",70,52,TRUE
"GOBP_POSITIVE_REGULATION_OF_OSTEOBLAST_PROLIFERATION",13,10,FALSE
"GOBP_POSITIVE_REGULATION_OF_OSTEOCLAST_DIFFERENTIATION",32,19,TRUE
"GOBP_POSITIVE_REGULATION_OF_OXIDATIVE_STRESS_INDUCED_INTRINSIC_APOPTOTIC_SIGNALING_PATHWAY",9,6,FALSE
"GOBP_POSITIVE_REGULATION_OF_OXIDOREDUCTASE_ACTIVITY",5,4,FALSE
"GOBP_POSITIVE_REGULATION_OF_P38MAPK_CASCADE",25,20,TRUE
"GOBP_POSITIVE_REGULATION_OF_PATTERN_RECOGNITION_RECEPTOR_SIGNALING_PATHWAY",78,66,TRUE
"GOBP_POSITIVE_REGULATION_OF_PEPTIDASE_ACTIVITY",8,5,FALSE
"GOBP_POSITIVE_REGULATION_OF_PEPTIDE_SECRETION",113,71,TRUE
"GOBP_POSITIVE_REGULATION_OF_PEPTIDYL_SERINE_PHOSPHORYLATION",22,16,TRUE
"GOBP_POSITIVE_REGULATION_OF_PEPTIDYL_THREONINE_PHOSPHORYLATION",9,7,FALSE
"GOBP_POSITIVE_REGULATION_OF_PEPTIDYL_TYROSINE_PHOSPHORYLATION",55,44,TRUE
"GOBP_POSITIVE_REGULATION_OF_PEROXISOME_PROLIFERATOR_ACTIVATED_RECEPTOR_SIGNALING_PATHWAY",10,6,FALSE
"GOBP_POSITIVE_REGULATION_OF_PHAGOCYTOSIS",69,51,TRUE
"GOBP_POSITIVE_REGULATION_OF_PHOSPHATIDYLINOSITOL_3_KINASE_PROTEIN_KINASE_B_SIGNAL_TRANSDUCTION",206,167,TRUE
"GOBP_POSITIVE_REGULATION_OF_PHOSPHOLIPASE_C_ACTIVATING_G_PROTEIN_COUPLED_RECEPTOR_SIGNALING_PATHWAY",7,3,FALSE
"GOBP_POSITIVE_REGULATION_OF_PHOSPHOLIPASE_C_PROTEIN_KINASE_C_SIGNAL_TRANSDUCTION",5,5,FALSE
"GOBP_POSITIVE_REGULATION_OF_PHOSPHOLIPID_BIOSYNTHETIC_PROCESS",11,8,FALSE
"GOBP_POSITIVE_REGULATION_OF_PHOSPHOLIPID_METABOLIC_PROCESS",16,10,FALSE
"GOBP_POSITIVE_REGULATION_OF_PHOSPHOLIPID_TRANSPORT",14,8,FALSE
"GOBP_POSITIVE_REGULATION_OF_PHOSPHORUS_METABOLIC_PROCESS",312,246,TRUE
"GOBP_POSITIVE_REGULATION_OF_PHOSPHORYLATION",250,200,TRUE
"GOBP_POSITIVE_REGULATION_OF_PINOCYTOSIS",7,7,FALSE
"GOBP_POSITIVE_REGULATION_OF_PLASMA_MEMBRANE_BOUNDED_CELL_PROJECTION_ASSEMBLY",116,100,TRUE
"GOBP_POSITIVE_REGULATION_OF_PLASMINOGEN_ACTIVATION",8,5,FALSE
"GOBP_POSITIVE_REGULATION_OF_PLATELET_ACTIVATION",13,9,FALSE
"GOBP_POSITIVE_REGULATION_OF_PLATELET_AGGREGATION",13,9,FALSE
"GOBP_POSITIVE_REGULATION_OF_PLATELET_DERIVED_GROWTH_FACTOR_RECEPTOR_SIGNALING_PATHWAY",7,6,FALSE
"GOBP_POSITIVE_REGULATION_OF_PODOSOME_ASSEMBLY",9,6,FALSE
"GOBP_POSITIVE_REGULATION_OF_POST_TRANSCRIPTIONAL_GENE_SILENCING",12,11,FALSE
"GOBP_POSITIVE_REGULATION_OF_POST_TRANSLATIONAL_PROTEIN_MODIFICATION",123,113,TRUE
"GOBP_POSITIVE_REGULATION_OF_POTASSIUM_ION_IMPORT_ACROSS_PLASMA_MEMBRANE",5,5,FALSE
"GOBP_POSITIVE_REGULATION_OF_POTASSIUM_ION_TRANSMEMBRANE_TRANSPORT",23,15,TRUE
"GOBP_POSITIVE_REGULATION_OF_POTASSIUM_ION_TRANSPORT",31,22,TRUE
"GOBP_POSITIVE_REGULATION_OF_PRODUCTION_OF_MOLECULAR_MEDIATOR_OF_IMMUNE_RESPONSE",127,92,TRUE
"GOBP_POSITIVE_REGULATION_OF_PROGRAMMED_CELL_DEATH",522,403,TRUE
"GOBP_POSITIVE_REGULATION_OF_PROGRAMMED_NECROTIC_CELL_DEATH",8,6,FALSE
"GOBP_POSITIVE_REGULATION_OF_PROSTAGLANDIN_BIOSYNTHETIC_PROCESS",9,6,FALSE
"GOBP_POSITIVE_REGULATION_OF_PROTEASOMAL_PROTEIN_CATABOLIC_PROCESS",112,99,TRUE
"GOBP_POSITIVE_REGULATION_OF_PROTEASOMAL_UBIQUITIN_DEPENDENT_PROTEIN_CATABOLIC_PROCESS",81,69,TRUE
"GOBP_POSITIVE_REGULATION_OF_PROTEIN_ACETYLATION",6,6,FALSE
"GOBP_POSITIVE_REGULATION_OF_PROTEIN_AUTOPHOSPHORYLATION",5,4,FALSE
"GOBP_POSITIVE_REGULATION_OF_PROTEIN_BINDING",9,9,FALSE
"GOBP_POSITIVE_REGULATION_OF_PROTEIN_CATABOLIC_PROCESS",206,179,TRUE
"GOBP_POSITIVE_REGULATION_OF_PROTEIN_CATABOLIC_PROCESS_IN_THE_VACUOLE",7,7,FALSE
"GOBP_POSITIVE_REGULATION_OF_PROTEIN_CONTAINING_COMPLEX_ASSEMBLY",200,169,TRUE
"GOBP_POSITIVE_REGULATION_OF_PROTEIN_CONTAINING_COMPLEX_DISASSEMBLY",39,36,TRUE
"GOBP_POSITIVE_REGULATION_OF_PROTEIN_DEPOLYMERIZATION",21,19,TRUE
"GOBP_POSITIVE_REGULATION_OF_PROTEIN_DEUBIQUITINATION",5,5,FALSE
"GOBP_POSITIVE_REGULATION_OF_PROTEIN_EXIT_FROM_ENDOPLASMIC_RETICULUM",20,16,TRUE
"GOBP_POSITIVE_REGULATION_OF_PROTEIN_EXPORT_FROM_NUCLEUS",19,18,TRUE
"GOBP_POSITIVE_REGULATION_OF_PROTEIN_IMPORT_INTO_NUCLEUS",38,35,TRUE
"GOBP_POSITIVE_REGULATION_OF_PROTEIN_K63_LINKED_UBIQUITINATION",8,7,FALSE
"GOBP_POSITIVE_REGULATION_OF_PROTEIN_LOCALIZATION",437,364,TRUE
"GOBP_POSITIVE_REGULATION_OF_PROTEIN_LOCALIZATION_TO_CAJAL_BODY",10,9,FALSE
"GOBP_POSITIVE_REGULATION_OF_PROTEIN_LOCALIZATION_TO_CELL_CORTEX",6,6,FALSE
"GOBP_POSITIVE_REGULATION_OF_PROTEIN_LOCALIZATION_TO_CELL_PERIPHERY",76,65,TRUE
"GOBP_POSITIVE_REGULATION_OF_PROTEIN_LOCALIZATION_TO_CELL_SURFACE",21,19,TRUE
"GOBP_POSITIVE_REGULATION_OF_PROTEIN_LOCALIZATION_TO_CENTROSOME",7,7,FALSE
"GOBP_POSITIVE_REGULATION_OF_PROTEIN_LOCALIZATION_TO_CILIUM",7,7,FALSE
"GOBP_POSITIVE_REGULATION_OF_PROTEIN_LOCALIZATION_TO_EARLY_ENDOSOME",10,9,FALSE
"GOBP_POSITIVE_REGULATION_OF_PROTEIN_LOCALIZATION_TO_MEMBRANE",86,73,TRUE
"GOBP_POSITIVE_REGULATION_OF_PROTEIN_LOCALIZATION_TO_NUCLEOLUS",7,7,FALSE
"GOBP_POSITIVE_REGULATION_OF_PROTEIN_LOCALIZATION_TO_NUCLEUS",93,87,TRUE
"GOBP_POSITIVE_REGULATION_OF_PROTEIN_LOCALIZATION_TO_PLASMA_MEMBRANE",64,54,TRUE
"GOBP_POSITIVE_REGULATION_OF_PROTEIN_LOCALIZATION_TO_SYNAPSE",6,5,FALSE
"GOBP_POSITIVE_REGULATION_OF_PROTEIN_MATURATION",26,19,TRUE
"GOBP_POSITIVE_REGULATION_OF_PROTEIN_METABOLIC_PROCESS",780,658,FALSE
"GOBP_POSITIVE_REGULATION_OF_PROTEIN_MODIFICATION_PROCESS",359,306,TRUE
"GOBP_POSITIVE_REGULATION_OF_PROTEIN_MONOUBIQUITINATION",5,4,FALSE
"GOBP_POSITIVE_REGULATION_OF_PROTEIN_NEDDYLATION",5,3,FALSE
"GOBP_POSITIVE_REGULATION_OF_PROTEIN_POLYMERIZATION",89,72,TRUE
"GOBP_POSITIVE_REGULATION_OF_PROTEIN_POLYUBIQUITINATION",19,17,TRUE
"GOBP_POSITIVE_REGULATION_OF_PROTEIN_SECRETION",144,106,TRUE
"GOBP_POSITIVE_REGULATION_OF_PROTEIN_SERINE_THREONINE_KINASE_ACTIVITY",53,42,TRUE
"GOBP_POSITIVE_REGULATION_OF_PROTEIN_SUMOYLATION",12,12,FALSE
"GOBP_POSITIVE_REGULATION_OF_PROTEIN_TARGETING_TO_MEMBRANE",28,21,TRUE
"GOBP_POSITIVE_REGULATION_OF_PROTEIN_TRANSPORT",252,196,TRUE
"GOBP_POSITIVE_REGULATION_OF_PROTEIN_TYROSINE_KINASE_ACTIVITY",8,8,FALSE
"GOBP_POSITIVE_REGULATION_OF_PROTEIN_UBIQUITINATION",100,92,TRUE
"GOBP_POSITIVE_REGULATION_OF_PROTEOGLYCAN_BIOSYNTHETIC_PROCESS",5,5,FALSE
"GOBP_POSITIVE_REGULATION_OF_PROTEOLYSIS",200,172,TRUE
"GOBP_POSITIVE_REGULATION_OF_PROTEOLYSIS_INVOLVED_IN_PROTEIN_CATABOLIC_PROCESS",135,120,TRUE
"GOBP_POSITIVE_REGULATION_OF_PSEUDOPODIUM_ASSEMBLY",13,11,FALSE
"GOBP_POSITIVE_REGULATION_OF_PYROPTOTIC_INFLAMMATORY_RESPONSE",6,5,FALSE
"GOBP_POSITIVE_REGULATION_OF_RAC_PROTEIN_SIGNAL_TRANSDUCTION",25,22,TRUE
"GOBP_POSITIVE_REGULATION_OF_RAS_PROTEIN_SIGNAL_TRANSDUCTION",24,19,TRUE
"GOBP_POSITIVE_REGULATION_OF_REACTIVE_OXYGEN_SPECIES_BIOSYNTHETIC_PROCESS",18,13,FALSE
"GOBP_POSITIVE_REGULATION_OF_REACTIVE_OXYGEN_SPECIES_METABOLIC_PROCESS",66,49,TRUE
"GOBP_POSITIVE_REGULATION_OF_RECEPTOR_CATABOLIC_PROCESS",9,7,FALSE
"GOBP_POSITIVE_REGULATION_OF_RECEPTOR_CLUSTERING",12,11,FALSE
"GOBP_POSITIVE_REGULATION_OF_RECEPTOR_INTERNALIZATION",29,22,TRUE
"GOBP_POSITIVE_REGULATION_OF_RECEPTOR_MEDIATED_ENDOCYTOSIS",54,45,TRUE
"GOBP_POSITIVE_REGULATION_OF_RECEPTOR_RECYCLING",14,13,FALSE
"GOBP_POSITIVE_REGULATION_OF_RECEPTOR_SIGNALING_PATHWAY_VIA_STAT",47,28,TRUE
"GOBP_POSITIVE_REGULATION_OF_REGULATED_SECRETORY_PATHWAY",51,34,TRUE
"GOBP_POSITIVE_REGULATION_OF_REGULATORY_T_CELL_DIFFERENTIATION",24,17,TRUE
"GOBP_POSITIVE_REGULATION_OF_RELAXATION_OF_MUSCLE",5,4,FALSE
"GOBP_POSITIVE_REGULATION_OF_RELEASE_OF_CYTOCHROME_C_FROM_MITOCHONDRIA",22,17,TRUE
"GOBP_POSITIVE_REGULATION_OF_RELEASE_OF_SEQUESTERED_CALCIUM_ION_INTO_CYTOSOL",31,21,TRUE
"GOBP_POSITIVE_REGULATION_OF_REPRODUCTIVE_PROCESS",82,41,TRUE
"GOBP_POSITIVE_REGULATION_OF_RESPIRATORY_BURST",7,5,FALSE
"GOBP_POSITIVE_REGULATION_OF_RESPONSE_TO_BIOTIC_STIMULUS",411,331,TRUE
"GOBP_POSITIVE_REGULATION_OF_RESPONSE_TO_CYTOKINE_STIMULUS",69,59,TRUE
"GOBP_POSITIVE_REGULATION_OF_RESPONSE_TO_ENDOPLASMIC_RETICULUM_STRESS",41,38,TRUE
"GOBP_POSITIVE_REGULATION_OF_RESPONSE_TO_EXTERNAL_STIMULUS",640,506,FALSE
"GOBP_POSITIVE_REGULATION_OF_RESPONSE_TO_NUTRIENT_LEVELS",5,2,FALSE
"GOBP_POSITIVE_REGULATION_OF_RESPONSE_TO_TUMOR_CELL",17,11,FALSE
"GOBP_POSITIVE_REGULATION_OF_RESPONSE_TO_TYPE_II_INTERFERON",6,5,FALSE
"GOBP_POSITIVE_REGULATION_OF_RESPONSE_TO_WOUNDING",68,54,TRUE
"GOBP_POSITIVE_REGULATION_OF_RETINOIC_ACID_RECEPTOR_SIGNALING_PATHWAY",5,3,FALSE
"GOBP_POSITIVE_REGULATION_OF_RHO_PROTEIN_SIGNAL_TRANSDUCTION",29,25,TRUE
"GOBP_POSITIVE_REGULATION_OF_RIG_I_SIGNALING_PATHWAY",10,9,FALSE
"GOBP_POSITIVE_REGULATION_OF_RNA_EXPORT_FROM_NUCLEUS",5,5,FALSE
"GOBP_POSITIVE_REGULATION_OF_RNA_METABOLIC_PROCESS",1789,1386,FALSE
"GOBP_POSITIVE_REGULATION_OF_RNA_POLYMERASE_II_TRANSCRIPTION_PREINITIATION_COMPLEX_ASSEMBLY",5,5,FALSE
"GOBP_POSITIVE_REGULATION_OF_RNA_SPLICING",35,30,TRUE
"GOBP_POSITIVE_REGULATION_OF_RRNA_PROCESSING",13,10,FALSE
"GOBP_POSITIVE_REGULATION_OF_RUFFLE_ASSEMBLY",16,14,FALSE
"GOBP_POSITIVE_REGULATION_OF_SARCOMERE_ORGANIZATION",5,3,FALSE
"GOBP_POSITIVE_REGULATION_OF_SECONDARY_METABOLITE_BIOSYNTHETIC_PROCESS",12,10,FALSE
"GOBP_POSITIVE_REGULATION_OF_SECRETION",319,215,TRUE
"GOBP_POSITIVE_REGULATION_OF_SENSORY_PERCEPTION_OF_PAIN",5,1,FALSE
"GOBP_POSITIVE_REGULATION_OF_SEQUESTERING_OF_CALCIUM_ION",8,4,FALSE
"GOBP_POSITIVE_REGULATION_OF_SIGNALING",1803,1396,FALSE
"GOBP_POSITIVE_REGULATION_OF_SIGNAL_TRANSDUCTION_BY_P53_CLASS_MEDIATOR",34,26,TRUE
"GOBP_POSITIVE_REGULATION_OF_SISTER_CHROMATID_COHESION",10,10,FALSE
"GOBP_POSITIVE_REGULATION_OF_SKELETAL_MUSCLE_ACETYLCHOLINE_GATED_CHANNEL_CLUSTERING",7,6,FALSE
"GOBP_POSITIVE_REGULATION_OF_SKELETAL_MUSCLE_CELL_DIFFERENTIATION",8,7,FALSE
"GOBP_POSITIVE_REGULATION_OF_SKELETAL_MUSCLE_FIBER_DEVELOPMENT",7,6,FALSE
"GOBP_POSITIVE_REGULATION_OF_SKELETAL_MUSCLE_TISSUE_GROWTH",5,5,FALSE
"GOBP_POSITIVE_REGULATION_OF_SKELETAL_MUSCLE_TISSUE_REGENERATION",4,4,FALSE
"GOBP_POSITIVE_REGULATION_OF_SMAD_PROTEIN_SIGNAL_TRANSDUCTION",42,32,TRUE
"GOBP_POSITIVE_REGULATION_OF_SMALL_GTPASE_MEDIATED_SIGNAL_TRANSDUCTION",84,73,TRUE
"GOBP_POSITIVE_REGULATION_OF_SMALL_MOLECULE_METABOLIC_PROCESS",156,121,TRUE
"GOBP_POSITIVE_REGULATION_OF_SMOOTHENED_SIGNALING_PATHWAY",40,34,TRUE
"GOBP_POSITIVE_REGULATION_OF_SMOOTH_MUSCLE_CELL_APOPTOTIC_PROCESS",13,9,FALSE
"GOBP_POSITIVE_REGULATION_OF_SMOOTH_MUSCLE_CELL_DIFFERENTIATION",15,14,FALSE
"GOBP_POSITIVE_REGULATION_OF_SMOOTH_MUSCLE_CELL_MIGRATION",32,31,TRUE
"GOBP_POSITIVE_REGULATION_OF_SMOOTH_MUSCLE_CELL_PROLIFERATION",76,65,TRUE
"GOBP_POSITIVE_REGULATION_OF_SMOOTH_MUSCLE_CONTRACTION",29,15,TRUE
"GOBP_POSITIVE_REGULATION_OF_SODIUM_ION_TRANSMEMBRANE_TRANSPORT",19,16,TRUE
"GOBP_POSITIVE_REGULATION_OF_SODIUM_ION_TRANSPORT",34,25,TRUE
"GOBP_POSITIVE_REGULATION_OF_SPHINGOLIPID_BIOSYNTHETIC_PROCESS",6,5,FALSE
"GOBP_POSITIVE_REGULATION_OF_SPINDLE_ASSEMBLY",8,6,FALSE
"GOBP_POSITIVE_REGULATION_OF_SPINDLE_CHECKPOINT",21,18,TRUE
"GOBP_POSITIVE_REGULATION_OF_SPROUTING_ANGIOGENESIS",24,17,TRUE
"GOBP_POSITIVE_REGULATION_OF_STEM_CELL_DIFFERENTIATION",21,15,TRUE
"GOBP_POSITIVE_REGULATION_OF_STEM_CELL_POPULATION_MAINTENANCE",50,41,TRUE
"GOBP_POSITIVE_REGULATION_OF_STEM_CELL_PROLIFERATION",23,18,TRUE
"GOBP_POSITIVE_REGULATION_OF_STEROID_BIOSYNTHETIC_PROCESS",30,22,TRUE
"GOBP_POSITIVE_REGULATION_OF_STEROID_HORMONE_BIOSYNTHETIC_PROCESS",7,6,FALSE
"GOBP_POSITIVE_REGULATION_OF_STEROID_HORMONE_SECRETION",13,7,FALSE
"GOBP_POSITIVE_REGULATION_OF_STEROID_METABOLIC_PROCESS",39,26,TRUE
"GOBP_POSITIVE_REGULATION_OF_STEROL_TRANSPORT",36,25,TRUE
"GOBP_POSITIVE_REGULATION_OF_STRESS_ACTIVATED_PROTEIN_KINASE_SIGNALING_CASCADE",20,19,TRUE
"GOBP_POSITIVE_REGULATION_OF_STRESS_FIBER_ASSEMBLY",53,46,TRUE
"GOBP_POSITIVE_REGULATION_OF_STRIATED_MUSCLE_CELL_APOPTOTIC_PROCESS",12,10,FALSE
"GOBP_POSITIVE_REGULATION_OF_STRIATED_MUSCLE_CELL_DIFFERENTIATION",39,33,TRUE
"GOBP_POSITIVE_REGULATION_OF_STRIATED_MUSCLE_CONTRACTION",13,8,FALSE
"GOBP_POSITIVE_REGULATION_OF_SUBSTRATE_ADHESION_DEPENDENT_CELL_SPREADING",42,36,TRUE
"GOBP_POSITIVE_REGULATION_OF_SYNAPSE_ASSEMBLY",71,52,TRUE
"GOBP_POSITIVE_REGULATION_OF_SYNAPSE_MATURATION",8,7,FALSE
"GOBP_POSITIVE_REGULATION_OF_SYNAPTIC_PLASTICITY",10,9,FALSE
"GOBP_POSITIVE_REGULATION_OF_SYNAPTIC_TRANSMISSION",163,119,TRUE
"GOBP_POSITIVE_REGULATION_OF_SYNAPTIC_TRANSMISSION_CHOLINERGIC",8,4,FALSE
"GOBP_POSITIVE_REGULATION_OF_SYNAPTIC_TRANSMISSION_GABAERGIC",14,9,FALSE
"GOBP_POSITIVE_REGULATION_OF_SYNAPTIC_TRANSMISSION_GLUTAMATERGIC",30,21,TRUE
"GOBP_POSITIVE_REGULATION_OF_SYNAPTIC_VESICLE_EXOCYTOSIS",5,3,FALSE
"GOBP_POSITIVE_REGULATION_OF_SYNAPTIC_VESICLE_FUSION_TO_PRESYNAPTIC_ACTIVE_ZONE_MEMBRANE",15,9,FALSE
"GOBP_POSITIVE_REGULATION_OF_SYNAPTIC_VESICLE_RECYCLING",7,6,FALSE
"GOBP_POSITIVE_REGULATION_OF_SYNCYTIUM_FORMATION_BY_PLASMA_MEMBRANE_FUSION",22,17,TRUE
"GOBP_POSITIVE_REGULATION_OF_SYSTEMIC_ARTERIAL_BLOOD_PRESSURE",17,10,FALSE
"GOBP_POSITIVE_REGULATION_OF_TELOMERASE_RNA_LOCALIZATION_TO_CAJAL_BODY",9,8,FALSE
"GOBP_POSITIVE_REGULATION_OF_TELOMERE_CAPPING",5,5,FALSE
"GOBP_POSITIVE_REGULATION_OF_TELOMERE_MAINTENANCE",73,68,TRUE
"GOBP_POSITIVE_REGULATION_OF_TELOMERE_MAINTENANCE_VIA_TELOMERE_LENGTHENING",26,24,TRUE
"GOBP_POSITIVE_REGULATION_OF_TERMINATION_OF_DNA_TEMPLATED_TRANSCRIPTION",5,5,FALSE
"GOBP_POSITIVE_REGULATION_OF_THE_FORCE_OF_HEART_CONTRACTION",5,5,FALSE
"GOBP_POSITIVE_REGULATION_OF_THYMOCYTE_APOPTOTIC_PROCESS",5,4,FALSE
"GOBP_POSITIVE_REGULATION_OF_TISSUE_REMODELING",11,8,FALSE
"GOBP_POSITIVE_REGULATION_OF_TOLERANCE_INDUCTION",13,9,FALSE
"GOBP_POSITIVE_REGULATION_OF_TOLL_LIKE_RECEPTOR_2_SIGNALING_PATHWAY",7,6,FALSE
"GOBP_POSITIVE_REGULATION_OF_TOLL_LIKE_RECEPTOR_3_SIGNALING_PATHWAY",6,6,FALSE
"GOBP_POSITIVE_REGULATION_OF_TOLL_LIKE_RECEPTOR_4_SIGNALING_PATHWAY",16,12,FALSE
"GOBP_POSITIVE_REGULATION_OF_TOLL_LIKE_RECEPTOR_7_SIGNALING_PATHWAY",5,4,FALSE
"GOBP_POSITIVE_REGULATION_OF_TOLL_LIKE_RECEPTOR_9_SIGNALING_PATHWAY",7,6,FALSE
"GOBP_POSITIVE_REGULATION_OF_TOOTH_MINERALIZATION",8,4,FALSE
"GOBP_POSITIVE_REGULATION_OF_TORC1_SIGNALING",55,47,TRUE
"GOBP_POSITIVE_REGULATION_OF_TORC2_SIGNALING",8,7,FALSE
"GOBP_POSITIVE_REGULATION_OF_TOR_SIGNALING",77,63,TRUE
"GOBP_POSITIVE_REGULATION_OF_TRANSCRIPTION_BY_RNA_POLYMERASE_I",34,31,TRUE
"GOBP_POSITIVE_REGULATION_OF_TRANSCRIPTION_BY_RNA_POLYMERASE_II",1228,910,FALSE
"GOBP_POSITIVE_REGULATION_OF_TRANSCRIPTION_BY_RNA_POLYMERASE_III",21,20,TRUE
"GOBP_POSITIVE_REGULATION_OF_TRANSCRIPTION_OF_NOTCH_RECEPTOR_TARGET",7,5,FALSE
"GOBP_POSITIVE_REGULATION_OF_TRANSCRIPTION_OF_NUCLEOLAR_LARGE_RRNA_BY_RNA_POLYMERASE_I",10,9,FALSE
"GOBP_POSITIVE_REGULATION_OF_TRANSCRIPTION_REGULATORY_REGION_DNA_BINDING",10,4,FALSE
"GOBP_POSITIVE_REGULATION_OF_TRANSFORMING_GROWTH_FACTOR_BETA1_PRODUCTION",6,5,FALSE
"GOBP_POSITIVE_REGULATION_OF_TRANSFORMING_GROWTH_FACTOR_BETA_PRODUCTION",18,14,FALSE
"GOBP_POSITIVE_REGULATION_OF_TRANSLATION",135,116,TRUE
"GOBP_POSITIVE_REGULATION_OF_TRANSLATIONAL_ELONGATION",4,4,FALSE
"GOBP_POSITIVE_REGULATION_OF_TRANSLATIONAL_INITIATION",32,27,TRUE
"GOBP_POSITIVE_REGULATION_OF_TRANSLATION_IN_RESPONSE_TO_ENDOPLASMIC_RETICULUM_STRESS",5,5,FALSE
"GOBP_POSITIVE_REGULATION_OF_TRANSLATION_IN_RESPONSE_TO_STRESS",7,7,FALSE
"GOBP_POSITIVE_REGULATION_OF_TRANSMEMBRANE_RECEPTOR_PROTEIN_SERINE_THREONINE_KINASE_SIGNALING_PATHWAY",106,82,TRUE
"GOBP_POSITIVE_REGULATION_OF_TRANSMEMBRANE_TRANSPORT",176,123,TRUE
"GOBP_POSITIVE_REGULATION_OF_TRANSMISSION_OF_NERVE_IMPULSE",7,1,FALSE
"GOBP_POSITIVE_REGULATION_OF_TRANSPORT",841,609,FALSE
"GOBP_POSITIVE_REGULATION_OF_TRANSPORTER_ACTIVITY",34,27,TRUE
"GOBP_POSITIVE_REGULATION_OF_TRIGLYCERIDE_BIOSYNTHETIC_PROCESS",13,12,FALSE
"GOBP_POSITIVE_REGULATION_OF_TRIGLYCERIDE_CATABOLIC_PROCESS",9,4,FALSE
"GOBP_POSITIVE_REGULATION_OF_TRIGLYCERIDE_METABOLIC_PROCESS",23,17,TRUE
"GOBP_POSITIVE_REGULATION_OF_TROPHOBLAST_CELL_MIGRATION",6,6,FALSE
"GOBP_POSITIVE_REGULATION_OF_TUMOR_NECROSIS_FACTOR_MEDIATED_SIGNALING_PATHWAY",15,12,FALSE
"GOBP_POSITIVE_REGULATION_OF_TUMOR_NECROSIS_FACTOR_SUPERFAMILY_CYTOKINE_PRODUCTION",122,102,TRUE
"GOBP_POSITIVE_REGULATION_OF_TYPE_2_IMMUNE_RESPONSE",17,11,FALSE
"GOBP_POSITIVE_REGULATION_OF_TYPE_2_MITOPHAGY",11,10,FALSE
"GOBP_POSITIVE_REGULATION_OF_TYPE_B_PANCREATIC_CELL_APOPTOTIC_PROCESS",5,3,FALSE
"GOBP_POSITIVE_REGULATION_OF_TYPE_II_INTERFERON_PRODUCTION",82,60,TRUE
"GOBP_POSITIVE_REGULATION_OF_TYPE_I_INTERFERON_MEDIATED_SIGNALING_PATHWAY",19,17,TRUE
"GOBP_POSITIVE_REGULATION_OF_TYPE_I_INTERFERON_PRODUCTION",77,69,TRUE
"GOBP_POSITIVE_REGULATION_OF_T_CELL_APOPTOTIC_PROCESS",12,7,FALSE
"GOBP_POSITIVE_REGULATION_OF_T_CELL_CYTOKINE_PRODUCTION",27,19,TRUE
"GOBP_POSITIVE_REGULATION_OF_T_CELL_DIFFERENTIATION_IN_THYMUS",10,8,FALSE
"GOBP_POSITIVE_REGULATION_OF_T_CELL_MEDIATED_CYTOTOXICITY",24,17,TRUE
"GOBP_POSITIVE_REGULATION_OF_T_CELL_MEDIATED_IMMUNE_RESPONSE_TO_TUMOR_CELL",8,7,FALSE
"GOBP_POSITIVE_REGULATION_OF_T_CELL_MEDIATED_IMMUNITY",57,42,TRUE
"GOBP_POSITIVE_REGULATION_OF_T_CELL_MIGRATION",34,26,TRUE
"GOBP_POSITIVE_REGULATION_OF_T_CELL_PROLIFERATION",103,68,TRUE
"GOBP_POSITIVE_REGULATION_OF_T_CELL_RECEPTOR_SIGNALING_PATHWAY",19,17,TRUE
"GOBP_POSITIVE_REGULATION_OF_T_CELL_TOLERANCE_INDUCTION",11,8,FALSE
"GOBP_POSITIVE_REGULATION_OF_T_HELPER_17_CELL_DIFFERENTIATION",11,7,FALSE
"GOBP_POSITIVE_REGULATION_OF_T_HELPER_17_CELL_LINEAGE_COMMITMENT",8,5,FALSE
"GOBP_POSITIVE_REGULATION_OF_T_HELPER_17_TYPE_IMMUNE_RESPONSE",17,11,FALSE
"GOBP_POSITIVE_REGULATION_OF_T_HELPER_1_CELL_DIFFERENTIATION",6,6,FALSE
"GOBP_POSITIVE_REGULATION_OF_T_HELPER_1_TYPE_IMMUNE_RESPONSE",17,9,FALSE
"GOBP_POSITIVE_REGULATION_OF_T_HELPER_2_CELL_CYTOKINE_PRODUCTION",9,5,FALSE
"GOBP_POSITIVE_REGULATION_OF_T_HELPER_2_CELL_DIFFERENTIATION",6,5,FALSE
"GOBP_POSITIVE_REGULATION_OF_T_HELPER_CELL_DIFFERENTIATION",25,19,TRUE
"GOBP_POSITIVE_REGULATION_OF_UBIQUITIN_DEPENDENT_PROTEIN_CATABOLIC_PROCESS",107,93,TRUE
"GOBP_POSITIVE_REGULATION_OF_UBIQUITIN_PROTEIN_LIGASE_ACTIVITY",5,5,FALSE
"GOBP_POSITIVE_REGULATION_OF_UBIQUITIN_PROTEIN_TRANSFERASE_ACTIVITY",9,9,FALSE
"GOBP_POSITIVE_REGULATION_OF_UNSATURATED_FATTY_ACID_BIOSYNTHETIC_PROCESS",11,8,FALSE
"GOBP_POSITIVE_REGULATION_OF_URINE_VOLUME",11,9,FALSE
"GOBP_POSITIVE_REGULATION_OF_UTERINE_SMOOTH_MUSCLE_CONTRACTION",7,2,FALSE
"GOBP_POSITIVE_REGULATION_OF_VACUOLE_ORGANIZATION",26,24,TRUE
"GOBP_POSITIVE_REGULATION_OF_VASCULAR_ASSOCIATED_SMOOTH_MUSCLE_CELL_APOPTOTIC_PROCESS",6,5,FALSE
"GOBP_POSITIVE_REGULATION_OF_VASCULAR_ASSOCIATED_SMOOTH_MUSCLE_CELL_DIFFERENTIATION",5,5,FALSE
"GOBP_POSITIVE_REGULATION_OF_VASCULAR_ASSOCIATED_SMOOTH_MUSCLE_CELL_MIGRATION",14,14,FALSE
"GOBP_POSITIVE_REGULATION_OF_VASCULAR_ASSOCIATED_SMOOTH_MUSCLE_CELL_PROLIFERATION",33,30,TRUE
"GOBP_POSITIVE_REGULATION_OF_VASCULAR_ENDOTHELIAL_CELL_PROLIFERATION",15,13,FALSE
"GOBP_POSITIVE_REGULATION_OF_VASCULAR_ENDOTHELIAL_GROWTH_FACTOR_PRODUCTION",30,20,TRUE
"GOBP_POSITIVE_REGULATION_OF_VASCULAR_ENDOTHELIAL_GROWTH_FACTOR_RECEPTOR_SIGNALING_PATHWAY",15,13,FALSE
"GOBP_POSITIVE_REGULATION_OF_VASCULAR_ENDOTHELIAL_GROWTH_FACTOR_SIGNALING_PATHWAY",12,11,FALSE
"GOBP_POSITIVE_REGULATION_OF_VASCULAR_PERMEABILITY",19,14,FALSE
"GOBP_POSITIVE_REGULATION_OF_VASCULAR_WOUND_HEALING",4,4,FALSE
"GOBP_POSITIVE_REGULATION_OF_VASCULATURE_DEVELOPMENT",165,137,TRUE
"GOBP_POSITIVE_REGULATION_OF_VASCULOGENESIS",12,12,FALSE
"GOBP_POSITIVE_REGULATION_OF_VASOCONSTRICTION",28,16,TRUE
"GOBP_POSITIVE_REGULATION_OF_VESICLE_FUSION",23,17,TRUE
"GOBP_POSITIVE_REGULATION_OF_VIRAL_GENOME_REPLICATION",30,27,TRUE
"GOBP_POSITIVE_REGULATION_OF_VIRAL_LIFE_CYCLE",24,16,TRUE
"GOBP_POSITIVE_REGULATION_OF_VIRAL_PROCESS",63,52,TRUE
"GOBP_POSITIVE_REGULATION_OF_VITAMIN_D_RECEPTOR_SIGNALING_PATHWAY",6,6,FALSE
"GOBP_POSITIVE_REGULATION_OF_VOLTAGE_GATED_CALCIUM_CHANNEL_ACTIVITY",5,5,FALSE
"GOBP_POSITIVE_REGULATION_OF_WNT_SIGNALING_PATHWAY",151,133,TRUE
"GOBP_POSITIVE_REGULATION_OF_WNT_SIGNALING_PATHWAY_PLANAR_CELL_POLARITY_PATHWAY",9,6,FALSE
"GOBP_POSITIVE_REGULATION_OF_WOUND_HEALING_SPREADING_OF_EPIDERMAL_CELLS",4,3,FALSE
"GOBP_POSITIVE_REGULATION_OF_XENOPHAGY",8,8,FALSE
"GOBP_POSITIVE_THYMIC_T_CELL_SELECTION",15,13,FALSE
"GOBP_POSITIVE_T_CELL_SELECTION",50,39,TRUE
"GOBP_POSTSYNAPSE_ASSEMBLY",85,75,TRUE
"GOBP_POSTSYNAPSE_ORGANIZATION",240,198,TRUE
"GOBP_POSTSYNAPSE_TO_NUCLEUS_SIGNALING_PATHWAY",7,6,FALSE
"GOBP_POSTSYNAPTIC_ACTIN_CYTOSKELETON_ORGANIZATION",13,9,FALSE
"GOBP_POSTSYNAPTIC_CYTOSKELETON_ORGANIZATION",17,12,FALSE
"GOBP_POSTSYNAPTIC_DENSITY_ASSEMBLY",30,26,TRUE
"GOBP_POSTSYNAPTIC_DENSITY_ORGANIZATION",50,42,TRUE
"GOBP_POSTSYNAPTIC_DENSITY_PROTEIN_95_CLUSTERING",10,9,FALSE
"GOBP_POSTSYNAPTIC_MEMBRANE_ASSEMBLY",8,8,FALSE
"GOBP_POSTSYNAPTIC_MEMBRANE_ORGANIZATION",45,37,TRUE
"GOBP_POSTSYNAPTIC_MODULATION_OF_CHEMICAL_SYNAPTIC_TRANSMISSION",31,23,TRUE
"GOBP_POSTSYNAPTIC_NEUROTRANSMITTER_RECEPTOR_INTERNALIZATION",35,29,TRUE
"GOBP_POSTSYNAPTIC_SIGNAL_TRANSDUCTION",55,30,TRUE
"GOBP_POSTSYNAPTIC_SPECIALIZATION_ASSEMBLY",37,33,TRUE
"GOBP_POSTSYNAPTIC_SPECIALIZATION_ORGANIZATION",59,50,TRUE
"GOBP_POST_ANAL_TAIL_MORPHOGENESIS",20,17,TRUE
"GOBP_POST_CHAPERONIN_TUBULIN_FOLDING_PATHWAY",7,6,FALSE
"GOBP_POST_EMBRYONIC_ANIMAL_MORPHOGENESIS",6,3,FALSE
"GOBP_POST_EMBRYONIC_CAMERA_TYPE_EYE_DEVELOPMENT",8,8,FALSE
"GOBP_POST_EMBRYONIC_DEVELOPMENT",92,73,TRUE
"GOBP_POST_EMBRYONIC_EYE_MORPHOGENESIS",7,7,FALSE
"GOBP_POST_EMBRYONIC_HEMOPOIESIS",5,4,FALSE
"GOBP_POST_GOLGI_VESICLE_MEDIATED_TRANSPORT",119,108,TRUE
"GOBP_POST_TRANSCRIPTIONAL_REGULATION_OF_GENE_EXPRESSION",538,458,TRUE
"GOBP_POST_TRANSLATIONAL_PROTEIN_MODIFICATION",929,792,FALSE
"GOBP_POST_TRANSLATIONAL_PROTEIN_TARGETING_TO_ENDOPLASMIC_RETICULUM_MEMBRANE",19,16,TRUE
"GOBP_POST_TRANSLATIONAL_PROTEIN_TARGETING_TO_MEMBRANE_TRANSLOCATION",12,10,FALSE
"GOBP_POTASSIUM_ION_EXPORT_ACROSS_PLASMA_MEMBRANE",22,12,FALSE
"GOBP_POTASSIUM_ION_HOMEOSTASIS",42,25,TRUE
"GOBP_POTASSIUM_ION_IMPORT_ACROSS_PLASMA_MEMBRANE",54,32,TRUE
"GOBP_POTASSIUM_ION_TRANSPORT",228,140,TRUE
"GOBP_PRENYLATION",11,7,FALSE
"GOBP_PREPULSE_INHIBITION",13,9,FALSE
"GOBP_PRESYNAPSE_ASSEMBLY",43,31,TRUE
"GOBP_PRESYNAPSE_ORGANIZATION",54,39,TRUE
"GOBP_PRESYNAPTIC_ACTIVE_ZONE_ORGANIZATION",11,9,FALSE
"GOBP_PRESYNAPTIC_CYTOSKELETON_ORGANIZATION",7,6,FALSE
"GOBP_PRESYNAPTIC_DENSE_CORE_VESICLE_EXOCYTOSIS",5,5,FALSE
"GOBP_PRESYNAPTIC_ENDOCYTOSIS",78,71,TRUE
"GOBP_PRESYNAPTIC_MEMBRANE_ASSEMBLY",8,7,FALSE
"GOBP_PRESYNAPTIC_MEMBRANE_ORGANIZATION",10,9,FALSE
"GOBP_PRESYNAPTIC_MODULATION_OF_CHEMICAL_SYNAPTIC_TRANSMISSION",38,21,TRUE
"GOBP_PRE_B_CELL_DIFFERENTIATION",7,3,FALSE
"GOBP_PRE_MIRNA_PROCESSING",16,14,FALSE
"GOBP_PRE_MRNA_CATABOLIC_PROCESS",6,5,FALSE
"GOBP_PRIMARY_ALCOHOL_BIOSYNTHETIC_PROCESS",15,10,FALSE
"GOBP_PRIMARY_ALCOHOL_CATABOLIC_PROCESS",13,4,FALSE
"GOBP_PRIMARY_ALCOHOL_METABOLIC_PROCESS",102,56,TRUE
"GOBP_PRIMARY_AMINO_COMPOUND_BIOSYNTHETIC_PROCESS",7,3,FALSE
"GOBP_PRIMARY_MIRNA_PROCESSING",19,17,TRUE
"GOBP_PRIMITIVE_ERYTHROCYTE_DIFFERENTIATION",5,4,FALSE
"GOBP_PRIMITIVE_HEMOPOIESIS",9,8,FALSE
"GOBP_PRIMITIVE_STREAK_FORMATION",11,4,FALSE
"GOBP_PROCESS_UTILIZING_AUTOPHAGIC_MECHANISM",597,525,FALSE
"GOBP_PRODUCTION_OF_MOLECULAR_MEDIATOR_INVOLVED_IN_INFLAMMATORY_RESPONSE",102,79,TRUE
"GOBP_PRODUCTION_OF_MOLECULAR_MEDIATOR_OF_IMMUNE_RESPONSE",208,151,TRUE
"GOBP_PROGESTERONE_BIOSYNTHETIC_PROCESS",9,4,FALSE
"GOBP_PROGESTERONE_METABOLIC_PROCESS",20,8,FALSE
"GOBP_PROGESTERONE_RECEPTOR_SIGNALING_PATHWAY",12,11,FALSE
"GOBP_PROGRAMMED_CELL_DEATH_INVOLVED_IN_CELL_DEVELOPMENT",11,8,FALSE
"GOBP_PROGRAMMED_CELL_DEATH_IN_RESPONSE_TO_REACTIVE_OXYGEN_SPECIES",17,15,TRUE
"GOBP_PROGRAMMED_NECROTIC_CELL_DEATH",57,47,TRUE
"GOBP_PROLACTIN_SECRETION",5,2,FALSE
"GOBP_PROLACTIN_SIGNALING_PATHWAY",5,2,FALSE
"GOBP_PROLINE_METABOLIC_PROCESS",10,3,FALSE
"GOBP_PROLINE_TRANSMEMBRANE_TRANSPORT",11,6,FALSE
"GOBP_PROLINE_TRANSPORT",13,9,FALSE
"GOBP_PROMOTER_CLEARANCE_DURING_DNA_TEMPLATED_TRANSCRIPTION",8,7,FALSE
"GOBP_PRONEPHROS_DEVELOPMENT",9,4,FALSE
"GOBP_PROPRIOCEPTION",5,3,FALSE
"GOBP_PROSTAGLANDIN_SECRETION",17,9,FALSE
"GOBP_PROSTAGLANDIN_TRANSPORT",27,13,FALSE
"GOBP_PROSTANOID_BIOSYNTHETIC_PROCESS",31,20,TRUE
"GOBP_PROSTANOID_METABOLIC_PROCESS",53,32,TRUE
"GOBP_PROSTATE_GLANDULAR_ACINUS_DEVELOPMENT",10,6,FALSE
"GOBP_PROSTATE_GLANDULAR_ACINUS_MORPHOGENESIS",7,5,FALSE
"GOBP_PROSTATE_GLAND_DEVELOPMENT",50,31,TRUE
"GOBP_PROSTATE_GLAND_GROWTH",12,7,FALSE
"GOBP_PROSTATE_GLAND_MORPHOGENESIS",29,19,TRUE
"GOBP_PROSTATIC_BUD_FORMATION",8,5,FALSE
"GOBP_PROSTHETIC_GROUP_METABOLIC_PROCESS",6,3,FALSE
"GOBP_PROTEASOMAL_PROTEIN_CATABOLIC_PROCESS",636,533,FALSE
"GOBP_PROTEASOMAL_UBIQUITIN_INDEPENDENT_PROTEIN_CATABOLIC_PROCESS",19,18,TRUE
"GOBP_PROTEASOME_ASSEMBLY",15,12,FALSE
"GOBP_PROTEASOME_MEDIATED_UBIQUITIN_DEPENDENT_PROTEIN_CATABOLIC_PROCESS",509,425,TRUE
"GOBP_PROTECTION_FROM_NATURAL_KILLER_CELL_MEDIATED_CYTOTOXICITY",3,2,FALSE
"GOBP_PROTECTION_FROM_NON_HOMOLOGOUS_END_JOINING_AT_TELOMERE",9,7,FALSE
"GOBP_PROTEINOGENIC_AMINO_ACID_BIOSYNTHETIC_PROCESS",47,34,TRUE
"GOBP_PROTEIN_ACETYLATION",36,30,TRUE
"GOBP_PROTEIN_ACTIVATION_CASCADE",32,17,TRUE
"GOBP_PROTEIN_ACYLATION",66,52,TRUE
"GOBP_PROTEIN_AUTOPHOSPHORYLATION",118,106,TRUE
"GOBP_PROTEIN_AUTOPROCESSING",25,17,TRUE
"GOBP_PROTEIN_AUTOUBIQUITINATION",75,60,TRUE
"GOBP_PROTEIN_AUTO_ADP_RIBOSYLATION",12,12,FALSE
"GOBP_PROTEIN_BRANCHED_POLYUBIQUITINATION",20,18,TRUE
"GOBP_PROTEIN_CATABOLIC_PROCESS",1103,919,FALSE
"GOBP_PROTEIN_CATABOLIC_PROCESS_IN_THE_VACUOLE",30,28,TRUE
"GOBP_PROTEIN_COMPLEX_OLIGOMERIZATION",281,209,TRUE
"GOBP_PROTEIN_CONTAINING_COMPLEX_DISASSEMBLY",266,241,TRUE
"GOBP_PROTEIN_CONTAINING_COMPLEX_LOCALIZATION",92,76,TRUE
"GOBP_PROTEIN_CONTAINING_COMPLEX_ORGANIZATION",1802,1461,FALSE
"GOBP_PROTEIN_CONTAINING_COMPLEX_REMODELING",41,24,TRUE
"GOBP_PROTEIN_DEACETYLATION",29,26,TRUE
"GOBP_PROTEIN_DEACYLATION",36,31,TRUE
"GOBP_PROTEIN_DEGLUTAMYLATION",6,3,FALSE
"GOBP_PROTEIN_DEGLYCOSYLATION",17,17,TRUE
"GOBP_PROTEIN_DELIPIDATION",5,5,FALSE
"GOBP_PROTEIN_DEMANNOSYLATION",15,15,TRUE
"GOBP_PROTEIN_DENEDDYLATION",11,10,FALSE
"GOBP_PROTEIN_DEPALMITOYLATION",6,5,FALSE
"GOBP_PROTEIN_DEPHOSPHORYLATION",87,74,TRUE
"GOBP_PROTEIN_DEPOLYMERIZATION",124,110,TRUE
"GOBP_PROTEIN_DESTABILIZATION",55,50,TRUE
"GOBP_PROTEIN_DESUMOYLATION",9,7,FALSE
"GOBP_PROTEIN_DEUBIQUITINATION_INVOLVED_IN_UBIQUITIN_DEPENDENT_PROTEIN_CATABOLIC_PROCESS",6,5,FALSE
"GOBP_PROTEIN_DE_ADP_RIBOSYLATION",6,4,FALSE
"GOBP_PROTEIN_DNA_COMPLEX_DISASSEMBLY",25,18,TRUE
"GOBP_PROTEIN_DNA_COMPLEX_ORGANIZATION",173,138,TRUE
"GOBP_PROTEIN_DNA_COVALENT_CROSS_LINKING_REPAIR",8,6,FALSE
"GOBP_PROTEIN_EXIT_FROM_ENDOPLASMIC_RETICULUM",57,47,TRUE
"GOBP_PROTEIN_EXPORT_FROM_NUCLEUS",59,55,TRUE
"GOBP_PROTEIN_FOLDING",213,186,TRUE
"GOBP_PROTEIN_FOLDING_IN_ENDOPLASMIC_RETICULUM",13,11,FALSE
"GOBP_PROTEIN_GERANYLGERANYLATION",7,5,FALSE
"GOBP_PROTEIN_HETEROOLIGOMERIZATION",32,22,TRUE
"GOBP_PROTEIN_HETEROTETRAMERIZATION",16,12,FALSE
"GOBP_PROTEIN_HEXAMERIZATION",11,9,FALSE
"GOBP_PROTEIN_HOMOOLIGOMERIZATION",210,152,TRUE
"GOBP_PROTEIN_HOMOTETRAMERIZATION",66,52,TRUE
"GOBP_PROTEIN_HOMOTRIMERIZATION",15,12,FALSE
"GOBP_PROTEIN_HYDROXYLATION",15,14,FALSE
"GOBP_PROTEIN_IMPORT",13,9,FALSE
"GOBP_PROTEIN_IMPORT_INTO_MITOCHONDRIAL_MATRIX",22,19,TRUE
"GOBP_PROTEIN_IMPORT_INTO_PEROXISOME_MATRIX_RECEPTOR_RECYCLING",8,8,FALSE
"GOBP_PROTEIN_IMPORT_INTO_PEROXISOME_MATRIX_SUBSTRATE_RELEASE",5,5,FALSE
"GOBP_PROTEIN_IMPORT_INTO_PEROXISOME_MEMBRANE",6,6,FALSE
"GOBP_PROTEIN_INSERTION_INTO_ER_MEMBRANE",29,25,TRUE
"GOBP_PROTEIN_INSERTION_INTO_ER_MEMBRANE_BY_STOP_TRANSFER_MEMBRANE_ANCHOR_SEQUENCE",11,10,FALSE
"GOBP_PROTEIN_INSERTION_INTO_MEMBRANE",70,53,TRUE
"GOBP_PROTEIN_INSERTION_INTO_MITOCHONDRIAL_INNER_MEMBRANE",18,14,FALSE
"GOBP_PROTEIN_INSERTION_INTO_MITOCHONDRIAL_INNER_MEMBRANE_FROM_MATRIX",5,5,FALSE
"GOBP_PROTEIN_K11_LINKED_DEUBIQUITINATION",11,8,FALSE
"GOBP_PROTEIN_K11_LINKED_UBIQUITINATION",38,34,TRUE
"GOBP_PROTEIN_K27_LINKED_UBIQUITINATION",13,12,FALSE
"GOBP_PROTEIN_K29_LINKED_UBIQUITINATION",10,9,FALSE
"GOBP_PROTEIN_K48_LINKED_DEUBIQUITINATION",26,23,TRUE
"GOBP_PROTEIN_K48_LINKED_UBIQUITINATION",101,88,TRUE
"GOBP_PROTEIN_K63_LINKED_DEUBIQUITINATION",27,26,TRUE
"GOBP_PROTEIN_K63_LINKED_UBIQUITINATION",76,63,TRUE
"GOBP_PROTEIN_K6_LINKED_UBIQUITINATION",15,14,FALSE
"GOBP_PROTEIN_KINASE_C_SIGNALING",9,9,FALSE
"GOBP_PROTEIN_LINEAR_POLYUBIQUITINATION",5,5,FALSE
"GOBP_PROTEIN_LIPID_COMPLEX_ASSEMBLY",30,20,TRUE
"GOBP_PROTEIN_LIPID_COMPLEX_ORGANIZATION",59,37,TRUE
"GOBP_PROTEIN_LIPOYLATION",6,6,FALSE
"GOBP_PROTEIN_LOCALIZATION_TO_ACTIN_CYTOSKELETON",5,5,FALSE
"GOBP_PROTEIN_LOCALIZATION_TO_ADHERENS_JUNCTION",7,7,FALSE
"GOBP_PROTEIN_LOCALIZATION_TO_AXON",11,11,FALSE
"GOBP_PROTEIN_LOCALIZATION_TO_BICELLULAR_TIGHT_JUNCTION",5,5,FALSE
"GOBP_PROTEIN_LOCALIZATION_TO_CELL_CELL_JUNCTION",26,23,TRUE
"GOBP_PROTEIN_LOCALIZATION_TO_CELL_CORTEX",11,10,FALSE
"GOBP_PROTEIN_LOCALIZATION_TO_CELL_JUNCTION",127,102,TRUE
"GOBP_PROTEIN_LOCALIZATION_TO_CELL_LEADING_EDGE",7,6,FALSE
"GOBP_PROTEIN_LOCALIZATION_TO_CELL_PERIPHERY",366,306,TRUE
"GOBP_PROTEIN_LOCALIZATION_TO_CELL_SURFACE",67,61,TRUE
"GOBP_PROTEIN_LOCALIZATION_TO_CENP_A_CONTAINING_CHROMATIN",2,0,FALSE
"GOBP_PROTEIN_LOCALIZATION_TO_CHROMATIN",47,42,TRUE
"GOBP_PROTEIN_LOCALIZATION_TO_CHROMOSOME",100,92,TRUE
"GOBP_PROTEIN_LOCALIZATION_TO_CHROMOSOME_CENTROMERIC_REGION",25,23,TRUE
"GOBP_PROTEIN_LOCALIZATION_TO_CHROMOSOME_TELOMERIC_REGION",15,14,FALSE
"GOBP_PROTEIN_LOCALIZATION_TO_CILIARY_MEMBRANE",12,11,FALSE
"GOBP_PROTEIN_LOCALIZATION_TO_CILIARY_TRANSITION_ZONE",20,17,TRUE
"GOBP_PROTEIN_LOCALIZATION_TO_CILIUM",87,71,TRUE
"GOBP_PROTEIN_LOCALIZATION_TO_CONDENSED_CHROMOSOME",15,15,TRUE
"GOBP_PROTEIN_LOCALIZATION_TO_CYTOPLASMIC_STRESS_GRANULE",8,7,FALSE
"GOBP_PROTEIN_LOCALIZATION_TO_CYTOSKELETON",66,62,TRUE
"GOBP_PROTEIN_LOCALIZATION_TO_EARLY_ENDOSOME",13,12,FALSE
"GOBP_PROTEIN_LOCALIZATION_TO_ENDOPLASMIC_RETICULUM",32,29,TRUE
"GOBP_PROTEIN_LOCALIZATION_TO_ENDOPLASMIC_RETICULUM_EXIT_SITE",8,8,FALSE
"GOBP_PROTEIN_LOCALIZATION_TO_ENDOSOME",27,24,TRUE
"GOBP_PROTEIN_LOCALIZATION_TO_EXTRACELLULAR_REGION",368,262,TRUE
"GOBP_PROTEIN_LOCALIZATION_TO_GOLGI_APPARATUS",29,27,TRUE
"GOBP_PROTEIN_LOCALIZATION_TO_GOLGI_MEMBRANE",5,4,FALSE
"GOBP_PROTEIN_LOCALIZATION_TO_LYSOSOME",52,46,TRUE
"GOBP_PROTEIN_LOCALIZATION_TO_MEMBRANE",459,385,TRUE
"GOBP_PROTEIN_LOCALIZATION_TO_MEMBRANE_RAFT",11,10,FALSE
"GOBP_PROTEIN_LOCALIZATION_TO_MICROTUBULE",19,17,TRUE
"GOBP_PROTEIN_LOCALIZATION_TO_MICROTUBULE_ORGANIZING_CENTER",38,36,TRUE
"GOBP_PROTEIN_LOCALIZATION_TO_MITOCHONDRION",68,55,TRUE
"GOBP_PROTEIN_LOCALIZATION_TO_MOTILE_CILIUM",5,3,FALSE
"GOBP_PROTEIN_LOCALIZATION_TO_NON_MOTILE_CILIUM",15,10,FALSE
"GOBP_PROTEIN_LOCALIZATION_TO_NUCLEAR_ENVELOPE",15,13,FALSE
"GOBP_PROTEIN_LOCALIZATION_TO_NUCLEOLUS",21,19,TRUE
"GOBP_PROTEIN_LOCALIZATION_TO_NUCLEOPLASM",14,11,FALSE
"GOBP_PROTEIN_LOCALIZATION_TO_NUCLEUS",317,278,TRUE
"GOBP_PROTEIN_LOCALIZATION_TO_ORGANELLE",867,758,FALSE
"GOBP_PROTEIN_LOCALIZATION_TO_PERINUCLEAR_REGION_OF_CYTOPLASM",9,8,FALSE
"GOBP_PROTEIN_LOCALIZATION_TO_PHAGOPHORE_ASSEMBLY_SITE",17,16,TRUE
"GOBP_PROTEIN_LOCALIZATION_TO_PHOTORECEPTOR_OUTER_SEGMENT",7,5,FALSE
"GOBP_PROTEIN_LOCALIZATION_TO_PLASMA_MEMBRANE",295,250,TRUE
"GOBP_PROTEIN_LOCALIZATION_TO_PLASMA_MEMBRANE_RAFT",6,5,FALSE
"GOBP_PROTEIN_LOCALIZATION_TO_POSTSYNAPSE",57,44,TRUE
"GOBP_PROTEIN_LOCALIZATION_TO_PRESYNAPSE",11,9,FALSE
"GOBP_PROTEIN_LOCALIZATION_TO_SITE_OF_DOUBLE_STRAND_BREAK",16,15,TRUE
"GOBP_PROTEIN_LOCALIZATION_TO_SYNAPSE",93,73,TRUE
"GOBP_PROTEIN_LOCALIZATION_TO_VACUOLE",81,71,TRUE
"GOBP_PROTEIN_MATURATION",595,467,TRUE
"GOBP_PROTEIN_METHYLATION",44,37,TRUE
"GOBP_PROTEIN_MODIFICATION_BY_SMALL_PROTEIN_CONJUGATION",782,661,FALSE
"GOBP_PROTEIN_MODIFICATION_BY_SMALL_PROTEIN_REMOVAL",118,102,TRUE
"GOBP_PROTEIN_MODIFICATION_PROCESS",1868,1566,FALSE
"GOBP_PROTEIN_MONOUBIQUITINATION",52,48,TRUE
"GOBP_PROTEIN_NEDDYLATION",25,21,TRUE
"GOBP_PROTEIN_N_LINKED_GLYCOSYLATION",89,72,TRUE
"GOBP_PROTEIN_N_LINKED_GLYCOSYLATION_VIA_ASPARAGINE",22,19,TRUE
"GOBP_PROTEIN_OXIDATION",6,4,FALSE
"GOBP_PROTEIN_O_LINKED_GLYCOSYLATION",149,114,TRUE
"GOBP_PROTEIN_O_LINKED_GLYCOSYLATION_VIA_FUCOSE",8,7,FALSE
"GOBP_PROTEIN_O_LINKED_GLYCOSYLATION_VIA_GLUCOSE",6,6,FALSE
"GOBP_PROTEIN_O_LINKED_GLYCOSYLATION_VIA_MANNOSE",20,16,TRUE
"GOBP_PROTEIN_O_LINKED_GLYCOSYLATION_VIA_N_ACETYL_GALACTOSAMINE",36,24,TRUE
"GOBP_PROTEIN_O_LINKED_GLYCOSYLATION_VIA_XYLOSE",59,45,TRUE
"GOBP_PROTEIN_PALMITOYLATION",23,16,TRUE
"GOBP_PROTEIN_POLYGLUTAMYLATION",9,8,FALSE
"GOBP_PROTEIN_POLYMERIZATION",283,237,TRUE
"GOBP_PROTEIN_POLYUBIQUITINATION",268,225,TRUE
"GOBP_PROTEIN_POLYUFMYLATION",5,5,FALSE
"GOBP_PROTEIN_POLY_ADP_RIBOSYLATION",9,9,FALSE
"GOBP_PROTEIN_PROCESSING",256,187,TRUE
"GOBP_PROTEIN_PROCESSING_INVOLVED_IN_PROTEIN_TARGETING_TO_MITOCHONDRION",7,6,FALSE
"GOBP_PROTEIN_QUALITY_CONTROL_FOR_MISFOLDED_OR_INCOMPLETELY_SYNTHESIZED_PROTEINS",29,25,TRUE
"GOBP_PROTEIN_REFOLDING",27,24,TRUE
"GOBP_PROTEIN_REPAIR",7,7,FALSE
"GOBP_PROTEIN_RETENTION_IN_ER_LUMEN",7,6,FALSE
"GOBP_PROTEIN_RETENTION_IN_GOLGI_APPARATUS",5,4,FALSE
"GOBP_PROTEIN_RNA_COMPLEX_DISASSEMBLY",9,9,FALSE
"GOBP_PROTEIN_RNA_COMPLEX_ORGANIZATION",237,209,TRUE
"GOBP_PROTEIN_STABILIZATION",242,201,TRUE
"GOBP_PROTEIN_STORAGE",5,0,FALSE
"GOBP_PROTEIN_SULFATION",5,3,FALSE
"GOBP_PROTEIN_SUMOYLATION",59,48,TRUE
"GOBP_PROTEIN_TARGETING",294,246,TRUE
"GOBP_PROTEIN_TARGETING_TO_LYSOSOME",32,29,TRUE
"GOBP_PROTEIN_TARGETING_TO_MEMBRANE",117,88,TRUE
"GOBP_PROTEIN_TARGETING_TO_MITOCHONDRION",74,64,TRUE
"GOBP_PROTEIN_TARGETING_TO_PEROXISOME",10,10,FALSE
"GOBP_PROTEIN_TARGETING_TO_VACUOLE",48,44,TRUE
"GOBP_PROTEIN_TARGETING_TO_VACUOLE_INVOLVED_IN_AUTOPHAGY",6,6,FALSE
"GOBP_PROTEIN_TETRAMERIZATION",101,79,TRUE
"GOBP_PROTEIN_TO_MEMBRANE_DOCKING",5,5,FALSE
"GOBP_PROTEIN_TRANSMEMBRANE_IMPORT_INTO_INTRACELLULAR_ORGANELLE",15,15,TRUE
"GOBP_PROTEIN_TRANSMEMBRANE_TRANSPORT",79,68,TRUE
"GOBP_PROTEIN_TRANSPORT",1391,1150,FALSE
"GOBP_PROTEIN_TRANSPORT_ALONG_MICROTUBULE",21,17,TRUE
"GOBP_PROTEIN_TRANSPORT_INTO_MEMBRANE_RAFT",5,4,FALSE
"GOBP_PROTEIN_TRANSPORT_TO_VACUOLE_INVOLVED_IN_UBIQUITIN_DEPENDENT_PROTEIN_CATABOLIC_PROCESS_VIA_THE_MULTIVESICULAR_BODY_SORTING_PATHWAY",16,15,TRUE
"GOBP_PROTEIN_TRANSPORT_WITHIN_LIPID_BILAYER",8,7,FALSE
"GOBP_PROTEIN_TRIMERIZATION",18,15,TRUE
"GOBP_PROTEIN_UFMYLATION",7,7,FALSE
"GOBP_PROTEIN_UNFOLDING",13,11,FALSE
"GOBP_PROTEOGLYCAN_BIOSYNTHETIC_PROCESS",81,59,TRUE
"GOBP_PROTEOGLYCAN_CATABOLIC_PROCESS",20,16,TRUE
"GOBP_PROTEOGLYCAN_METABOLIC_PROCESS",113,84,TRUE
"GOBP_PROTEOLYSIS",1477,1143,FALSE
"GOBP_PROTEOLYSIS_INVOLVED_IN_PROTEIN_CATABOLIC_PROCESS",856,716,FALSE
"GOBP_PROTON_MOTIVE_FORCE_DRIVEN_ATP_SYNTHESIS",76,54,TRUE
"GOBP_PROTON_TRANSMEMBRANE_TRANSPORT",187,123,TRUE
"GOBP_PROTON_TRANSPORTING_TWO_SECTOR_ATPASE_COMPLEX_ASSEMBLY",16,14,FALSE
"GOBP_PROTON_TRANSPORTING_V_TYPE_ATPASE_COMPLEX_ASSEMBLY",8,6,FALSE
"GOBP_PROTOPORPHYRINOGEN_IX_BIOSYNTHETIC_PROCESS",9,9,FALSE
"GOBP_PROTOPORPHYRINOGEN_IX_METABOLIC_PROCESS",11,11,FALSE
"GOBP_PROXIMAL_DISTAL_PATTERN_FORMATION",33,19,TRUE
"GOBP_PROXIMAL_DISTAL_PATTERN_FORMATION_INVOLVED_IN_NEPHRON_DEVELOPMENT",5,2,FALSE
"GOBP_PROXIMAL_TUBULE_DEVELOPMENT",10,7,FALSE
"GOBP_PRO_B_CELL_DIFFERENTIATION",12,10,FALSE
"GOBP_PSEUDOPODIUM_ORGANIZATION",15,12,FALSE
"GOBP_PSEUDOURIDINE_SYNTHESIS",18,16,TRUE
"GOBP_PSYCHOMOTOR_BEHAVIOR",5,1,FALSE
"GOBP_PTERIDINE_CONTAINING_COMPOUND_BIOSYNTHETIC_PROCESS",14,11,FALSE
"GOBP_PTERIDINE_CONTAINING_COMPOUND_CATABOLIC_PROCESS",5,5,FALSE
"GOBP_PTERIDINE_CONTAINING_COMPOUND_METABOLIC_PROCESS",33,29,TRUE
"GOBP_PULMONARY_ARTERY_MORPHOGENESIS",6,6,FALSE
"GOBP_PULMONARY_VALVE_DEVELOPMENT",24,21,TRUE
"GOBP_PULMONARY_VALVE_MORPHOGENESIS",20,17,TRUE
"GOBP_PURINERGIC_NUCLEOTIDE_RECEPTOR_SIGNALING_PATHWAY",30,24,TRUE
"GOBP_PURINE_CONTAINING_COMPOUND_BIOSYNTHETIC_PROCESS",264,210,TRUE
"GOBP_PURINE_CONTAINING_COMPOUND_CATABOLIC_PROCESS",156,137,TRUE
"GOBP_PURINE_CONTAINING_COMPOUND_METABOLIC_PROCESS",567,451,TRUE
"GOBP_PURINE_CONTAINING_COMPOUND_SALVAGE",24,20,TRUE
"GOBP_PURINE_CONTAINING_COMPOUND_TRANSMEMBRANE_TRANSPORT",38,24,TRUE
"GOBP_PURINE_DEOXYRIBONUCLEOSIDE_METABOLIC_PROCESS",5,5,FALSE
"GOBP_PURINE_DEOXYRIBONUCLEOSIDE_MONOPHOSPHATE_CATABOLIC_PROCESS",8,7,FALSE
"GOBP_PURINE_DEOXYRIBONUCLEOSIDE_MONOPHOSPHATE_METABOLIC_PROCESS",12,11,FALSE
"GOBP_PURINE_DEOXYRIBONUCLEOSIDE_TRIPHOSPHATE_METABOLIC_PROCESS",7,6,FALSE
"GOBP_PURINE_DEOXYRIBONUCLEOTIDE_BIOSYNTHETIC_PROCESS",5,5,FALSE
"GOBP_PURINE_DEOXYRIBONUCLEOTIDE_CATABOLIC_PROCESS",12,10,FALSE
"GOBP_PURINE_DEOXYRIBONUCLEOTIDE_METABOLIC_PROCESS",17,15,TRUE
"GOBP_PURINE_NUCLEOBASE_BIOSYNTHETIC_PROCESS",11,8,FALSE
"GOBP_PURINE_NUCLEOBASE_METABOLIC_PROCESS",21,16,TRUE
"GOBP_PURINE_NUCLEOBASE_SALVAGE",5,2,FALSE
"GOBP_PURINE_NUCLEOBASE_TRANSMEMBRANE_TRANSPORT",8,4,FALSE
"GOBP_PURINE_NUCLEOSIDE_BIOSYNTHETIC_PROCESS",9,7,FALSE
"GOBP_PURINE_NUCLEOSIDE_BISPHOSPHATE_METABOLIC_PROCESS",13,8,FALSE
"GOBP_PURINE_NUCLEOSIDE_CATABOLIC_PROCESS",6,6,FALSE
"GOBP_PURINE_NUCLEOSIDE_DIPHOSPHATE_BIOSYNTHETIC_PROCESS",6,6,FALSE
"GOBP_PURINE_NUCLEOSIDE_METABOLIC_PROCESS",25,18,TRUE
"GOBP_PURINE_NUCLEOSIDE_MONOPHOSPHATE_BIOSYNTHETIC_PROCESS",21,18,TRUE
"GOBP_PURINE_NUCLEOSIDE_MONOPHOSPHATE_CATABOLIC_PROCESS",12,10,FALSE
"GOBP_PURINE_NUCLEOSIDE_MONOPHOSPHATE_METABOLIC_PROCESS",43,38,TRUE
"GOBP_PURINE_NUCLEOSIDE_TRANSMEMBRANE_TRANSPORT",5,3,FALSE
"GOBP_PURINE_NUCLEOSIDE_TRIPHOSPHATE_CATABOLIC_PROCESS",5,4,FALSE
"GOBP_PURINE_NUCLEOTIDE_SALVAGE",19,16,TRUE
"GOBP_PURINE_NUCLEOTIDE_TRANSPORT",39,27,TRUE
"GOBP_PURINE_RIBONUCLEOSIDE_CATABOLIC_PROCESS",4,4,FALSE
"GOBP_PURINE_RIBONUCLEOSIDE_SALVAGE",7,5,FALSE
"GOBP_PURINE_RIBONUCLEOTIDE_SALVAGE",7,5,FALSE
"GOBP_PURKINJE_MYOCYTE_TO_VENTRICULAR_CARDIAC_MUSCLE_CELL_COMMUNICATION",6,5,FALSE
"GOBP_PUTRESCINE_BIOSYNTHETIC_PROCESS",5,5,FALSE
"GOBP_PUTRESCINE_METABOLIC_PROCESS",8,7,FALSE
"GOBP_PUTRESCINE_TRANSPORT",4,2,FALSE
"GOBP_PYRAMIDAL_NEURON_DEVELOPMENT",11,8,FALSE
"GOBP_PYRAMIDAL_NEURON_DIFFERENTIATION",15,8,FALSE
"GOBP_PYRIDINE_CONTAINING_COMPOUND_BIOSYNTHETIC_PROCESS",24,18,TRUE
"GOBP_PYRIDINE_CONTAINING_COMPOUND_CATABOLIC_PROCESS",107,93,TRUE
"GOBP_PYRIDINE_CONTAINING_COMPOUND_METABOLIC_PROCESS",180,152,TRUE
"GOBP_PYRIDINE_NUCLEOTIDE_SALVAGE",9,8,FALSE
"GOBP_PYRIMIDINE_CONTAINING_COMPOUND_BIOSYNTHETIC_PROCESS",42,33,TRUE
"GOBP_PYRIMIDINE_CONTAINING_COMPOUND_CATABOLIC_PROCESS",30,24,TRUE
"GOBP_PYRIMIDINE_CONTAINING_COMPOUND_METABOLIC_PROCESS",74,61,TRUE
"GOBP_PYRIMIDINE_CONTAINING_COMPOUND_SALVAGE",8,6,FALSE
"GOBP_PYRIMIDINE_CONTAINING_COMPOUND_TRANSMEMBRANE_TRANSPORT",16,8,FALSE
"GOBP_PYRIMIDINE_DEOXYRIBONUCLEOSIDE_METABOLIC_PROCESS",5,4,FALSE
"GOBP_PYRIMIDINE_DEOXYRIBONUCLEOSIDE_MONOPHOSPHATE_METABOLIC_PROCESS",13,9,FALSE
"GOBP_PYRIMIDINE_DEOXYRIBONUCLEOSIDE_TRIPHOSPHATE_METABOLIC_PROCESS",7,6,FALSE
"GOBP_PYRIMIDINE_DEOXYRIBONUCLEOTIDE_BIOSYNTHETIC_PROCESS",8,7,FALSE
"GOBP_PYRIMIDINE_DEOXYRIBONUCLEOTIDE_METABOLIC_PROCESS",26,21,TRUE
"GOBP_PYRIMIDINE_DIMER_REPAIR",9,9,FALSE
"GOBP_PYRIMIDINE_NUCLEOBASE_BIOSYNTHETIC_PROCESS",11,9,FALSE
"GOBP_PYRIMIDINE_NUCLEOBASE_CATABOLIC_PROCESS",8,7,FALSE
"GOBP_PYRIMIDINE_NUCLEOBASE_METABOLIC_PROCESS",22,17,TRUE
"GOBP_PYRIMIDINE_NUCLEOSIDE_BIOSYNTHETIC_PROCESS",5,4,FALSE
"GOBP_PYRIMIDINE_NUCLEOSIDE_DIPHOSPHATE_BIOSYNTHETIC_PROCESS",7,6,FALSE
"GOBP_PYRIMIDINE_NUCLEOSIDE_DIPHOSPHATE_METABOLIC_PROCESS",10,9,FALSE
"GOBP_PYRIMIDINE_NUCLEOSIDE_METABOLIC_PROCESS",12,8,FALSE
"GOBP_PYRIMIDINE_NUCLEOSIDE_MONOPHOSPHATE_BIOSYNTHETIC_PROCESS",16,13,FALSE
"GOBP_PYRIMIDINE_NUCLEOSIDE_MONOPHOSPHATE_CATABOLIC_PROCESS",9,5,FALSE
"GOBP_PYRIMIDINE_NUCLEOSIDE_MONOPHOSPHATE_METABOLIC_PROCESS",22,17,TRUE
"GOBP_PYRIMIDINE_NUCLEOSIDE_TRIPHOSPHATE_BIOSYNTHETIC_PROCESS",17,14,FALSE
"GOBP_PYRIMIDINE_NUCLEOSIDE_TRIPHOSPHATE_METABOLIC_PROCESS",22,19,TRUE
"GOBP_PYRIMIDINE_NUCLEOTIDE_BIOSYNTHETIC_PROCESS",32,25,TRUE
"GOBP_PYRIMIDINE_NUCLEOTIDE_CATABOLIC_PROCESS",22,18,TRUE
"GOBP_PYRIMIDINE_NUCLEOTIDE_METABOLIC_PROCESS",52,43,TRUE
"GOBP_PYRIMIDINE_RIBONUCLEOSIDE_MONOPHOSPHATE_BIOSYNTHETIC_PROCESS",12,9,FALSE
"GOBP_PYRIMIDINE_RIBONUCLEOSIDE_MONOPHOSPHATE_METABOLIC_PROCESS",15,11,FALSE
"GOBP_PYRIMIDINE_RIBONUCLEOSIDE_TRIPHOSPHATE_BIOSYNTHETIC_PROCESS",13,11,FALSE
"GOBP_PYRIMIDINE_RIBONUCLEOSIDE_TRIPHOSPHATE_METABOLIC_PROCESS",16,14,FALSE
"GOBP_PYRIMIDINE_RIBONUCLEOTIDE_BIOSYNTHETIC_PROCESS",23,17,TRUE
"GOBP_PYRIMIDINE_RIBONUCLEOTIDE_CATABOLIC_PROCESS",9,6,FALSE
"GOBP_PYRIMIDINE_RIBONUCLEOTIDE_METABOLIC_PROCESS",30,23,TRUE
"GOBP_PYROPTOTIC_CELL_DEATH",4,3,FALSE
"GOBP_PYROPTOTIC_INFLAMMATORY_RESPONSE",35,25,TRUE
"GOBP_PYRUVATE_BIOSYNTHETIC_PROCESS",7,6,FALSE
"GOBP_PYRUVATE_CATABOLIC_PROCESS",7,5,FALSE
"GOBP_PYRUVATE_DECARBOXYLATION_TO_ACETYL_COA",16,15,TRUE
"GOBP_PYRUVATE_METABOLIC_PROCESS",127,110,TRUE
"GOBP_PYRUVATE_TRANSPORT",8,6,FALSE
"GOBP_P_BODY_ASSEMBLY",22,21,TRUE
"GOBP_QUATERNARY_AMMONIUM_GROUP_TRANSPORT",18,11,FALSE
"GOBP_QUINOLINATE_METABOLIC_PROCESS",5,2,FALSE
"GOBP_QUINONE_BIOSYNTHETIC_PROCESS",19,19,TRUE
"GOBP_QUINONE_METABOLIC_PROCESS",23,22,TRUE
"GOBP_RAB_PROTEIN_SIGNAL_TRANSDUCTION",23,21,TRUE
"GOBP_RAC_PROTEIN_SIGNAL_TRANSDUCTION",60,54,TRUE
"GOBP_RADIAL_GLIAL_CELL_DIFFERENTIATION",12,9,FALSE
"GOBP_RAL_PROTEIN_SIGNAL_TRANSDUCTION",7,6,FALSE
"GOBP_RANDOM_INACTIVATION_OF_X_CHROMOSOME",13,12,FALSE
"GOBP_RAP_PROTEIN_SIGNAL_TRANSDUCTION",18,15,TRUE
"GOBP_RAS_PROTEIN_SIGNAL_TRANSDUCTION",113,97,TRUE
"GOBP_REACTIVE_GLIOSIS",6,6,FALSE
"GOBP_REACTIVE_NITROGEN_SPECIES_METABOLIC_PROCESS",81,60,TRUE
"GOBP_REACTIVE_OXYGEN_SPECIES_BIOSYNTHETIC_PROCESS",64,52,TRUE
"GOBP_REACTIVE_OXYGEN_SPECIES_METABOLIC_PROCESS",225,175,TRUE
"GOBP_RECEPTOR_CATABOLIC_PROCESS",32,28,TRUE
"GOBP_RECEPTOR_CLUSTERING",68,59,TRUE
"GOBP_RECEPTOR_DIFFUSION_TRAPPING",12,6,FALSE
"GOBP_RECEPTOR_GUANYLYL_CYCLASE_SIGNALING_PATHWAY",18,8,FALSE
"GOBP_RECEPTOR_INTERNALIZATION",137,111,TRUE
"GOBP_RECEPTOR_LOCALIZATION_TO_NON_MOTILE_CILIUM",5,4,FALSE
"GOBP_RECEPTOR_LOCALIZATION_TO_SYNAPSE",82,65,TRUE
"GOBP_RECEPTOR_MEDIATED_ENDOCYTOSIS",275,225,TRUE
"GOBP_RECEPTOR_MEDIATED_ENDOCYTOSIS_INVOLVED_IN_CHOLESTEROL_TRANSPORT",5,4,FALSE
"GOBP_RECEPTOR_MEDIATED_ENDOCYTOSIS_OF_VIRUS_BY_HOST_CELL",13,9,FALSE
"GOBP_RECEPTOR_MEDIATED_VIRION_ATTACHMENT_TO_HOST_CELL",9,4,FALSE
"GOBP_RECEPTOR_METABOLIC_PROCESS",77,67,TRUE
"GOBP_RECEPTOR_RECYCLING",48,41,TRUE
"GOBP_RECOGNITION_OF_APOPTOTIC_CELL",5,5,FALSE
"GOBP_RECOMBINATIONAL_REPAIR",190,158,TRUE
"GOBP_REDUCTION_OF_FOOD_INTAKE_IN_RESPONSE_TO_DIETARY_EXCESS",10,4,FALSE
"GOBP_REELIN_MEDIATED_SIGNALING_PATHWAY",12,12,FALSE
"GOBP_REFLEX",27,10,FALSE
"GOBP_REGENERATION",172,137,TRUE
"GOBP_REGULATED_EXOCYTOSIS",233,175,TRUE
"GOBP_REGULATION_BY_VIRUS_OF_VIRAL_PROTEIN_LEVELS_IN_HOST_CELL",8,7,FALSE
"GOBP_REGULATION_OF_3_UTR_MEDIATED_MRNA_STABILIZATION",9,8,FALSE
"GOBP_REGULATION_OF_ACROSOME_REACTION",18,4,FALSE
"GOBP_REGULATION_OF_ACTIN_FILAMENT_BASED_MOVEMENT",41,33,TRUE
"GOBP_REGULATION_OF_ACTIN_FILAMENT_BASED_PROCESS",386,332,TRUE
"GOBP_REGULATION_OF_ACTIN_FILAMENT_BUNDLE_ASSEMBLY",105,94,TRUE
"GOBP_REGULATION_OF_ACTIN_FILAMENT_LENGTH",151,130,TRUE
"GOBP_REGULATION_OF_ACTIN_FILAMENT_ORGANIZATION",262,231,TRUE
"GOBP_REGULATION_OF_ACTIN_FILAMENT_POLYMERIZATION",129,110,TRUE
"GOBP_REGULATION_OF_ACTIN_NUCLEATION",36,30,TRUE
"GOBP_REGULATION_OF_ACTION_POTENTIAL",65,41,TRUE
"GOBP_REGULATION_OF_ACTIVATION_INDUCED_CELL_DEATH_OF_T_CELLS",5,5,FALSE
"GOBP_REGULATION_OF_ACTIVATION_OF_MEMBRANE_ATTACK_COMPLEX",5,3,FALSE
"GOBP_REGULATION_OF_ACTIVIN_RECEPTOR_SIGNALING_PATHWAY",28,22,TRUE
"GOBP_REGULATION_OF_ACTOMYOSIN_STRUCTURE_ORGANIZATION",101,90,TRUE
"GOBP_REGULATION_OF_ACUTE_INFLAMMATORY_RESPONSE",45,26,TRUE
"GOBP_REGULATION_OF_ACUTE_INFLAMMATORY_RESPONSE_TO_ANTIGENIC_STIMULUS",15,12,FALSE
"GOBP_REGULATION_OF_ACYL_COA_BIOSYNTHETIC_PROCESS",11,10,FALSE
"GOBP_REGULATION_OF_ADAPTIVE_IMMUNE_RESPONSE",202,156,TRUE
"GOBP_REGULATION_OF_ADENYLATE_CYCLASE_ACTIVATING_G_PROTEIN_COUPLED_RECEPTOR_SIGNALING_PATHWAY",23,21,TRUE
"GOBP_REGULATION_OF_ADENYLATE_CYCLASE_ACTIVITY",28,12,FALSE
"GOBP_REGULATION_OF_ADHERENS_JUNCTION_ORGANIZATION",5,5,FALSE
"GOBP_REGULATION_OF_ADIPONECTIN_SECRETION",7,6,FALSE
"GOBP_REGULATION_OF_ADIPOSE_TISSUE_DEVELOPMENT",25,19,TRUE
"GOBP_REGULATION_OF_AEROBIC_RESPIRATION",30,27,TRUE
"GOBP_REGULATION_OF_AGGREPHAGY",8,7,FALSE
"GOBP_REGULATION_OF_AIM2_INFLAMMASOME_COMPLEX_ASSEMBLY",4,4,FALSE
"GOBP_REGULATION_OF_ALCOHOL_BIOSYNTHETIC_PROCESS",50,37,TRUE
"GOBP_REGULATION_OF_ALDOSTERONE_METABOLIC_PROCESS",8,6,FALSE
"GOBP_REGULATION_OF_ALPHA_BETA_T_CELL_ACTIVATION",113,86,TRUE
"GOBP_REGULATION_OF_ALPHA_BETA_T_CELL_DIFFERENTIATION",79,61,TRUE
"GOBP_REGULATION_OF_ALTERNATIVE_MRNA_SPLICING_VIA_SPLICEOSOME",67,55,TRUE
"GOBP_REGULATION_OF_AMIDE_METABOLIC_PROCESS",68,59,TRUE
"GOBP_REGULATION_OF_AMINE_METABOLIC_PROCESS",23,15,TRUE
"GOBP_REGULATION_OF_AMINO_ACID_METABOLIC_PROCESS",8,4,FALSE
"GOBP_REGULATION_OF_AMINO_ACID_TRANSMEMBRANE_TRANSPORT",16,13,FALSE
"GOBP_REGULATION_OF_AMINO_ACID_TRANSPORT",37,27,TRUE
"GOBP_REGULATION_OF_AMPA_RECEPTOR_ACTIVITY",30,25,TRUE
"GOBP_REGULATION_OF_AMYLOID_BETA_CLEARANCE",19,14,FALSE
"GOBP_REGULATION_OF_AMYLOID_FIBRIL_FORMATION",16,13,FALSE
"GOBP_REGULATION_OF_AMYLOID_PRECURSOR_PROTEIN_CATABOLIC_PROCESS",43,37,TRUE
"GOBP_REGULATION_OF_ANAPHASE_PROMOTING_COMPLEX_DEPENDENT_CATABOLIC_PROCESS",5,5,FALSE
"GOBP_REGULATION_OF_ANATOMICAL_STRUCTURE_MORPHOGENESIS",827,664,FALSE
"GOBP_REGULATION_OF_ANATOMICAL_STRUCTURE_SIZE",503,392,TRUE
"GOBP_REGULATION_OF_ANDROGEN_RECEPTOR_SIGNALING_PATHWAY",33,28,TRUE
"GOBP_REGULATION_OF_ANGIOTENSIN_LEVELS_IN_BLOOD",14,13,FALSE
"GOBP_REGULATION_OF_ANIMAL_ORGAN_FORMATION",29,17,TRUE
"GOBP_REGULATION_OF_ANIMAL_ORGAN_MORPHOGENESIS",82,52,TRUE
"GOBP_REGULATION_OF_ANOIKIS",21,18,TRUE
"GOBP_REGULATION_OF_ANTIFUNGAL_INNATE_IMMUNE_RESPONSE",5,4,FALSE
"GOBP_REGULATION_OF_ANTIGEN_PROCESSING_AND_PRESENTATION",24,20,TRUE
"GOBP_REGULATION_OF_ANTIGEN_PROCESSING_AND_PRESENTATION_OF_PEPTIDE_ANTIGEN",6,5,FALSE
"GOBP_REGULATION_OF_ANTIGEN_PROCESSING_AND_PRESENTATION_OF_PEPTIDE_OR_POLYSACCHARIDE_ANTIGEN_VIA_MHC_CLASS_II",5,5,FALSE
"GOBP_REGULATION_OF_ANTIGEN_RECEPTOR_MEDIATED_SIGNALING_PATHWAY",78,63,TRUE
"GOBP_REGULATION_OF_ANTIMICROBIAL_HUMORAL_RESPONSE",9,2,FALSE
"GOBP_REGULATION_OF_ANTIMICROBIAL_PEPTIDE_PRODUCTION",5,0,FALSE
"GOBP_REGULATION_OF_APOPTOTIC_CELL_CLEARANCE",10,5,FALSE
"GOBP_REGULATION_OF_APOPTOTIC_PROCESS_INVOLVED_IN_DEVELOPMENT",13,9,FALSE
"GOBP_REGULATION_OF_APOPTOTIC_PROCESS_IN_BONE_MARROW_CELL",4,3,FALSE
"GOBP_REGULATION_OF_APOPTOTIC_SIGNALING_PATHWAY",374,298,TRUE
"GOBP_REGULATION_OF_APPETITE",27,13,FALSE
"GOBP_REGULATION_OF_ARACHIDONATE_SECRETION",6,2,FALSE
"GOBP_REGULATION_OF_ARP2_3_COMPLEX_MEDIATED_ACTIN_NUCLEATION",28,25,TRUE
"GOBP_REGULATION_OF_ARTERY_MORPHOGENESIS",7,6,FALSE
"GOBP_REGULATION_OF_ASTROCYTE_ACTIVATION",5,3,FALSE
"GOBP_REGULATION_OF_ASTROCYTE_DIFFERENTIATION",29,22,TRUE
"GOBP_REGULATION_OF_ASYMMETRIC_CELL_DIVISION",5,3,FALSE
"GOBP_REGULATION_OF_ATPASE_COUPLED_CALCIUM_TRANSMEMBRANE_TRANSPORTER_ACTIVITY",4,3,FALSE
"GOBP_REGULATION_OF_ATP_BIOSYNTHETIC_PROCESS",20,17,TRUE
"GOBP_REGULATION_OF_ATP_DEPENDENT_ACTIVITY",31,25,TRUE
"GOBP_REGULATION_OF_ATRIAL_CARDIAC_MUSCLE_CELL_MEMBRANE_DEPOLARIZATION",9,6,FALSE
"GOBP_REGULATION_OF_ATRIAL_CARDIAC_MUSCLE_CELL_MEMBRANE_REPOLARIZATION",7,3,FALSE
"GOBP_REGULATION_OF_ATTACHMENT_OF_MITOTIC_SPINDLE_MICROTUBULES_TO_KINETOCHORE",10,10,FALSE
"GOBP_REGULATION_OF_ATTACHMENT_OF_SPINDLE_MICROTUBULES_TO_KINETOCHORE",23,23,TRUE
"GOBP_REGULATION_OF_AUTOPHAGOSOME_ASSEMBLY",47,43,TRUE
"GOBP_REGULATION_OF_AUTOPHAGOSOME_MATURATION",16,16,TRUE
"GOBP_REGULATION_OF_AUTOPHAGY",366,318,TRUE
"GOBP_REGULATION_OF_AUTOPHAGY_OF_MITOCHONDRION",54,49,TRUE
"GOBP_REGULATION_OF_AXONOGENESIS",142,117,TRUE
"GOBP_REGULATION_OF_AXON_DIAMETER",5,4,FALSE
"GOBP_REGULATION_OF_AXON_EXTENSION",83,65,TRUE
"GOBP_REGULATION_OF_AXON_EXTENSION_INVOLVED_IN_AXON_GUIDANCE",16,12,FALSE
"GOBP_REGULATION_OF_AXON_GUIDANCE",12,8,FALSE
"GOBP_REGULATION_OF_BARBED_END_ACTIN_FILAMENT_CAPPING",7,7,FALSE
"GOBP_REGULATION_OF_BASEMENT_MEMBRANE_ORGANIZATION",6,5,FALSE
"GOBP_REGULATION_OF_BEHAVIOR",82,46,TRUE
"GOBP_REGULATION_OF_BICELLULAR_TIGHT_JUNCTION_ASSEMBLY",24,17,TRUE
"GOBP_REGULATION_OF_BILE_ACID_BIOSYNTHETIC_PROCESS",12,6,FALSE
"GOBP_REGULATION_OF_BILE_ACID_SECRETION",5,0,FALSE
"GOBP_REGULATION_OF_BINDING",94,74,TRUE
"GOBP_REGULATION_OF_BINDING_OF_SPERM_TO_ZONA_PELLUCIDA",3,0,FALSE
"GOBP_REGULATION_OF_BIOLOGICAL_PROCESS_INVOLVED_IN_SYMBIOTIC_INTERACTION",34,23,TRUE
"GOBP_REGULATION_OF_BIOMINERAL_TISSUE_DEVELOPMENT",102,76,TRUE
"GOBP_REGULATION_OF_BLOOD_BRAIN_BARRIER_PERMEABILITY",9,8,FALSE
"GOBP_REGULATION_OF_BLOOD_CIRCULATION",267,186,TRUE
"GOBP_REGULATION_OF_BLOOD_PRESSURE",189,122,TRUE
"GOBP_REGULATION_OF_BLOOD_VESSEL_BRANCHING",8,8,FALSE
"GOBP_REGULATION_OF_BLOOD_VESSEL_REMODELING",7,6,FALSE
"GOBP_REGULATION_OF_BLOOD_VOLUME_BY_RENIN_ANGIOTENSIN",9,7,FALSE
"GOBP_REGULATION_OF_BMP_SIGNALING_PATHWAY",110,81,TRUE
"GOBP_REGULATION_OF_BODY_FLUID_LEVELS",391,282,TRUE
"GOBP_REGULATION_OF_BONE_DEVELOPMENT",10,10,FALSE
"GOBP_REGULATION_OF_BONE_MINERALIZATION",80,62,TRUE
"GOBP_REGULATION_OF_BONE_MINERALIZATION_INVOLVED_IN_BONE_MATURATION",7,2,FALSE
"GOBP_REGULATION_OF_BONE_REMODELING",51,36,TRUE
"GOBP_REGULATION_OF_BRANCHING_INVOLVED_IN_LUNG_MORPHOGENESIS",6,3,FALSE
"GOBP_REGULATION_OF_BRANCHING_INVOLVED_IN_MAMMARY_GLAND_DUCT_MORPHOGENESIS",5,5,FALSE
"GOBP_REGULATION_OF_BRANCHING_INVOLVED_IN_PROSTATE_GLAND_MORPHOGENESIS",5,4,FALSE
"GOBP_REGULATION_OF_BRANCHING_INVOLVED_IN_SALIVARY_GLAND_MORPHOGENESIS",9,7,FALSE
"GOBP_REGULATION_OF_BRANCHING_INVOLVED_IN_URETERIC_BUD_MORPHOGENESIS",21,12,FALSE
"GOBP_REGULATION_OF_BROWN_FAT_CELL_DIFFERENTIATION",27,18,TRUE
"GOBP_REGULATION_OF_B_CELL_ACTIVATION",133,107,TRUE
"GOBP_REGULATION_OF_B_CELL_APOPTOTIC_PROCESS",19,16,TRUE
"GOBP_REGULATION_OF_B_CELL_DIFFERENTIATION",34,29,TRUE
"GOBP_REGULATION_OF_B_CELL_MEDIATED_IMMUNITY",57,41,TRUE
"GOBP_REGULATION_OF_B_CELL_PROLIFERATION",69,52,TRUE
"GOBP_REGULATION_OF_B_CELL_RECEPTOR_SIGNALING_PATHWAY",21,19,TRUE
"GOBP_REGULATION_OF_CALCINEURIN_MEDIATED_SIGNALING",39,31,TRUE
"GOBP_REGULATION_OF_CALCIUM_IMPORT_INTO_THE_MITOCHONDRION",6,6,FALSE
"GOBP_REGULATION_OF_CALCIUM_ION_DEPENDENT_EXOCYTOSIS",41,31,TRUE
"GOBP_REGULATION_OF_CALCIUM_ION_DEPENDENT_EXOCYTOSIS_OF_NEUROTRANSMITTER",7,6,FALSE
"GOBP_REGULATION_OF_CALCIUM_ION_EXPORT_ACROSS_PLASMA_MEMBRANE",6,2,FALSE
"GOBP_REGULATION_OF_CALCIUM_ION_IMPORT",41,26,TRUE
"GOBP_REGULATION_OF_CALCIUM_ION_IMPORT_ACROSS_PLASMA_MEMBRANE",13,8,FALSE
"GOBP_REGULATION_OF_CALCIUM_ION_IMPORT_INTO_SARCOPLASMIC_RETICULUM",2,1,FALSE
"GOBP_REGULATION_OF_CALCIUM_ION_TRANSMEMBRANE_TRANSPORT",144,109,TRUE
"GOBP_REGULATION_OF_CALCIUM_ION_TRANSPORT",221,164,TRUE
"GOBP_REGULATION_OF_CALCIUM_ION_TRANSPORT_INTO_CYTOSOL",19,14,FALSE
"GOBP_REGULATION_OF_CALCIUM_MEDIATED_SIGNALING",99,69,TRUE
"GOBP_REGULATION_OF_CAMKK_AMPK_SIGNALING_CASCADE",5,5,FALSE
"GOBP_REGULATION_OF_CAMP_PKA_SIGNAL_TRANSDUCTION",50,33,TRUE
"GOBP_REGULATION_OF_CANONICAL_WNT_SIGNALING_PATHWAY",264,219,TRUE
"GOBP_REGULATION_OF_CARBOHYDRATE_BIOSYNTHETIC_PROCESS",98,77,TRUE
"GOBP_REGULATION_OF_CARBOHYDRATE_CATABOLIC_PROCESS",64,53,TRUE
"GOBP_REGULATION_OF_CARBOHYDRATE_METABOLIC_PROCESS",175,143,TRUE
"GOBP_REGULATION_OF_CARDIAC_CONDUCTION",25,20,TRUE
"GOBP_REGULATION_OF_CARDIAC_EPITHELIAL_TO_MESENCHYMAL_TRANSITION",12,11,FALSE
"GOBP_REGULATION_OF_CARDIAC_MUSCLE_ADAPTATION",11,10,FALSE
"GOBP_REGULATION_OF_CARDIAC_MUSCLE_CELL_ACTION_POTENTIAL",30,25,TRUE
"GOBP_REGULATION_OF_CARDIAC_MUSCLE_CELL_ACTION_POTENTIAL_INVOLVED_IN_REGULATION_OF_CONTRACTION",8,8,FALSE
"GOBP_REGULATION_OF_CARDIAC_MUSCLE_CELL_DIFFERENTIATION",16,12,FALSE
"GOBP_REGULATION_OF_CARDIAC_MUSCLE_CELL_MEMBRANE_POTENTIAL",6,6,FALSE
"GOBP_REGULATION_OF_CARDIAC_MUSCLE_CELL_MEMBRANE_REPOLARIZATION",27,18,TRUE
"GOBP_REGULATION_OF_CARDIAC_MUSCLE_CELL_PROLIFERATION",36,27,TRUE
"GOBP_REGULATION_OF_CARDIAC_MUSCLE_CONTRACTION",82,61,TRUE
"GOBP_REGULATION_OF_CARDIAC_MUSCLE_CONTRACTION_BY_CALCIUM_ION_SIGNALING",32,28,TRUE
"GOBP_REGULATION_OF_CARDIAC_MUSCLE_CONTRACTION_BY_REGULATION_OF_THE_RELEASE_OF_SEQUESTERED_CALCIUM_ION",23,20,TRUE
"GOBP_REGULATION_OF_CARDIAC_MUSCLE_TISSUE_DEVELOPMENT",5,3,FALSE
"GOBP_REGULATION_OF_CARDIOBLAST_DIFFERENTIATION",5,3,FALSE
"GOBP_REGULATION_OF_CARDIOCYTE_DIFFERENTIATION",25,19,TRUE
"GOBP_REGULATION_OF_CARTILAGE_DEVELOPMENT",73,53,TRUE
"GOBP_REGULATION_OF_CATABOLIC_PROCESS",1066,903,FALSE
"GOBP_REGULATION_OF_CATALYTIC_ACTIVITY",510,427,TRUE
"GOBP_REGULATION_OF_CATECHOLAMINE_METABOLIC_PROCESS",20,13,FALSE
"GOBP_REGULATION_OF_CATECHOLAMINE_UPTAKE_INVOLVED_IN_SYNAPTIC_TRANSMISSION",8,4,FALSE
"GOBP_REGULATION_OF_CAVEOLIN_MEDIATED_ENDOCYTOSIS",7,7,FALSE
"GOBP_REGULATION_OF_CD40_SIGNALING_PATHWAY",6,5,FALSE
"GOBP_REGULATION_OF_CD4_POSITIVE_ALPHA_BETA_T_CELL_ACTIVATION",74,55,TRUE
"GOBP_REGULATION_OF_CD4_POSITIVE_ALPHA_BETA_T_CELL_DIFFERENTIATION",62,46,TRUE
"GOBP_REGULATION_OF_CD4_POSITIVE_CD25_POSITIVE_ALPHA_BETA_REGULATORY_T_CELL_DIFFERENTIATION",8,6,FALSE
"GOBP_REGULATION_OF_CD8_POSITIVE_ALPHA_BETA_T_CELL_ACTIVATION",19,13,FALSE
"GOBP_REGULATION_OF_CD8_POSITIVE_ALPHA_BETA_T_CELL_DIFFERENTIATION",8,7,FALSE
"GOBP_REGULATION_OF_CDC42_PROTEIN_SIGNAL_TRANSDUCTION",12,10,FALSE
"GOBP_REGULATION_OF_CELLULAR_COMPONENT_BIOGENESIS",1059,889,FALSE
"GOBP_REGULATION_OF_CELLULAR_COMPONENT_SIZE",354,295,TRUE
"GOBP_REGULATION_OF_CELLULAR_EXTRAVASATION",36,26,TRUE
"GOBP_REGULATION_OF_CELLULAR_LOCALIZATION",538,450,TRUE
"GOBP_REGULATION_OF_CELLULAR_PH_REDUCTION",5,4,FALSE
"GOBP_REGULATION_OF_CELLULAR_RESPIRATION",45,38,TRUE
"GOBP_REGULATION_OF_CELLULAR_RESPONSE_TO_GROWTH_FACTOR_STIMULUS",325,253,TRUE
"GOBP_REGULATION_OF_CELLULAR_RESPONSE_TO_HEAT",16,15,TRUE
"GOBP_REGULATION_OF_CELLULAR_RESPONSE_TO_HYPOXIA",22,18,TRUE
"GOBP_REGULATION_OF_CELLULAR_RESPONSE_TO_INSULIN_STIMULUS",75,65,TRUE
"GOBP_REGULATION_OF_CELLULAR_RESPONSE_TO_OXIDATIVE_STRESS",22,20,TRUE
"GOBP_REGULATION_OF_CELLULAR_RESPONSE_TO_STRESS",535,475,TRUE
"GOBP_REGULATION_OF_CELLULAR_RESPONSE_TO_TRANSFORMING_GROWTH_FACTOR_BETA_STIMULUS",147,118,TRUE
"GOBP_REGULATION_OF_CELLULAR_RESPONSE_TO_VASCULAR_ENDOTHELIAL_GROWTH_FACTOR_STIMULUS",31,27,TRUE
"GOBP_REGULATION_OF_CELLULAR_SENESCENCE",45,37,TRUE
"GOBP_REGULATION_OF_CELL_ACTIVATION",636,496,TRUE
"GOBP_REGULATION_OF_CELL_ADHESION",777,607,FALSE
"GOBP_REGULATION_OF_CELL_ADHESION_MEDIATED_BY_INTEGRIN",49,42,TRUE
"GOBP_REGULATION_OF_CELL_CELL_ADHESION",495,375,TRUE
"GOBP_REGULATION_OF_CELL_CELL_ADHESION_MEDIATED_BY_CADHERIN",22,18,TRUE
"GOBP_REGULATION_OF_CELL_CELL_ADHESION_MEDIATED_BY_INTEGRIN",12,10,FALSE
"GOBP_REGULATION_OF_CELL_CHEMOTAXIS_TO_FIBROBLAST_GROWTH_FACTOR",6,1,FALSE
"GOBP_REGULATION_OF_CELL_COMMUNICATION_BY_ELECTRICAL_COUPLING",19,15,TRUE
"GOBP_REGULATION_OF_CELL_COMMUNICATION_BY_ELECTRICAL_COUPLING_INVOLVED_IN_CARDIAC_CONDUCTION",13,9,FALSE
"GOBP_REGULATION_OF_CELL_CYCLE",1074,882,FALSE
"GOBP_REGULATION_OF_CELL_CYCLE_CHECKPOINT",58,51,TRUE
"GOBP_REGULATION_OF_CELL_CYCLE_G1_S_PHASE_TRANSITION",182,151,TRUE
"GOBP_REGULATION_OF_CELL_CYCLE_G2_M_PHASE_TRANSITION",115,99,TRUE
"GOBP_REGULATION_OF_CELL_CYCLE_PHASE_TRANSITION",449,382,TRUE
"GOBP_REGULATION_OF_CELL_CYCLE_PROCESS",744,615,FALSE
"GOBP_REGULATION_OF_CELL_DEVELOPMENT",806,620,FALSE
"GOBP_REGULATION_OF_CELL_DIFFERENTIATION",1521,1146,FALSE
"GOBP_REGULATION_OF_CELL_DIVISION",188,144,TRUE
"GOBP_REGULATION_OF_CELL_FATE_COMMITMENT",45,32,TRUE
"GOBP_REGULATION_OF_CELL_FATE_SPECIFICATION",23,19,TRUE
"GOBP_REGULATION_OF_CELL_GROWTH",402,324,TRUE
"GOBP_REGULATION_OF_CELL_GROWTH_INVOLVED_IN_CARDIAC_MUSCLE_CELL_DEVELOPMENT",16,16,TRUE
"GOBP_REGULATION_OF_CELL_JUNCTION_ASSEMBLY",277,221,TRUE
"GOBP_REGULATION_OF_CELL_KILLING",97,62,TRUE
"GOBP_REGULATION_OF_CELL_MATRIX_ADHESION",121,105,TRUE
"GOBP_REGULATION_OF_CELL_MATURATION",21,11,FALSE
"GOBP_REGULATION_OF_CELL_MIGRATION_INVOLVED_IN_SPROUTING_ANGIOGENESIS",40,36,TRUE
"GOBP_REGULATION_OF_CELL_MORPHOGENESIS",239,209,TRUE
"GOBP_REGULATION_OF_CELL_POPULATION_PROLIFERATION",1593,1191,FALSE
"GOBP_REGULATION_OF_CELL_PROJECTION_ASSEMBLY",236,207,TRUE
"GOBP_REGULATION_OF_CELL_PROJECTION_ORGANIZATION",676,569,FALSE
"GOBP_REGULATION_OF_CELL_PROJECTION_SIZE",13,9,FALSE
"GOBP_REGULATION_OF_CELL_PROLIFERATION_INVOLVED_IN_KIDNEY_DEVELOPMENT",15,11,FALSE
"GOBP_REGULATION_OF_CELL_PROLIFERATION_IN_BONE_MARROW",6,5,FALSE
"GOBP_REGULATION_OF_CELL_SHAPE",138,122,TRUE
"GOBP_REGULATION_OF_CELL_SIZE",177,145,TRUE
"GOBP_REGULATION_OF_CELL_SUBSTRATE_ADHESION",213,176,TRUE
"GOBP_REGULATION_OF_CELL_SUBSTRATE_JUNCTION_ORGANIZATION",73,68,TRUE
"GOBP_REGULATION_OF_CENTRIOLE_ELONGATION",8,5,FALSE
"GOBP_REGULATION_OF_CENTRIOLE_REPLICATION",24,20,TRUE
"GOBP_REGULATION_OF_CENTROMERIC_SISTER_CHROMATID_COHESION",5,5,FALSE
"GOBP_REGULATION_OF_CENTROSOME_CYCLE",60,52,TRUE
"GOBP_REGULATION_OF_CEREBELLAR_GRANULE_CELL_PRECURSOR_PROLIFERATION",8,5,FALSE
"GOBP_REGULATION_OF_CHAPERONE_MEDIATED_AUTOPHAGY",8,7,FALSE
"GOBP_REGULATION_OF_CHEMOKINE_MEDIATED_SIGNALING_PATHWAY",10,8,FALSE
"GOBP_REGULATION_OF_CHEMOTAXIS",201,148,TRUE
"GOBP_REGULATION_OF_CHOLESTEROL_BIOSYNTHETIC_PROCESS",28,22,TRUE
"GOBP_REGULATION_OF_CHOLESTEROL_EFFLUX",38,30,TRUE
"GOBP_REGULATION_OF_CHOLESTEROL_IMPORT",5,3,FALSE
"GOBP_REGULATION_OF_CHOLESTEROL_METABOLIC_PROCESS",49,38,TRUE
"GOBP_REGULATION_OF_CHOLESTEROL_STORAGE",18,14,FALSE
"GOBP_REGULATION_OF_CHONDROCYTE_DEVELOPMENT",5,3,FALSE
"GOBP_REGULATION_OF_CHONDROCYTE_DIFFERENTIATION",53,39,TRUE
"GOBP_REGULATION_OF_CHROMATIN_ORGANIZATION",33,28,TRUE
"GOBP_REGULATION_OF_CHROMOSOME_CONDENSATION",15,14,FALSE
"GOBP_REGULATION_OF_CHROMOSOME_ORGANIZATION",252,226,TRUE
"GOBP_REGULATION_OF_CHROMOSOME_SEGREGATION",143,126,TRUE
"GOBP_REGULATION_OF_CHRONIC_INFLAMMATORY_RESPONSE",9,3,FALSE
"GOBP_REGULATION_OF_CILIUM_ASSEMBLY",106,97,TRUE
"GOBP_REGULATION_OF_CILIUM_BEAT_FREQUENCY",17,9,FALSE
"GOBP_REGULATION_OF_CILIUM_BEAT_FREQUENCY_INVOLVED_IN_CILIARY_MOTILITY",9,6,FALSE
"GOBP_REGULATION_OF_CILIUM_DEPENDENT_CELL_MOTILITY",30,12,FALSE
"GOBP_REGULATION_OF_CILIUM_MOVEMENT",41,17,TRUE
"GOBP_REGULATION_OF_CIRCADIAN_RHYTHM",117,90,TRUE
"GOBP_REGULATION_OF_CIRCADIAN_SLEEP_WAKE_CYCLE_REM_SLEEP",5,2,FALSE
"GOBP_REGULATION_OF_CIRCADIAN_SLEEP_WAKE_CYCLE_WAKEFULNESS",5,1,FALSE
"GOBP_REGULATION_OF_CIRCULATING_FIBRINOGEN_LEVELS",1,1,FALSE
"GOBP_REGULATION_OF_CLATHRIN_DEPENDENT_ENDOCYTOSIS",18,17,TRUE
"GOBP_REGULATION_OF_COAGULATION",75,54,TRUE
"GOBP_REGULATION_OF_COLLAGEN_FIBRIL_ORGANIZATION",7,7,FALSE
"GOBP_REGULATION_OF_COLLAGEN_METABOLIC_PROCESS",40,30,TRUE
"GOBP_REGULATION_OF_COLLATERAL_SPROUTING",21,13,FALSE
"GOBP_REGULATION_OF_COMPLEMENT_ACTIVATION",23,18,TRUE
"GOBP_REGULATION_OF_COMPLEMENT_ACTIVATION_ALTERNATIVE_PATHWAY",7,6,FALSE
"GOBP_REGULATION_OF_COMPLEMENT_ACTIVATION_CLASSICAL_PATHWAY",6,3,FALSE
"GOBP_REGULATION_OF_COMPLEMENT_DEPENDENT_CYTOTOXICITY",11,5,FALSE
"GOBP_REGULATION_OF_CONNECTIVE_TISSUE_REPLACEMENT",6,6,FALSE
"GOBP_REGULATION_OF_COPII_VESICLE_COATING",5,3,FALSE
"GOBP_REGULATION_OF_CORTICOSTERONE_SECRETION",6,3,FALSE
"GOBP_REGULATION_OF_CORTICOTROPIN_SECRETION",6,3,FALSE
"GOBP_REGULATION_OF_CORTISOL_BIOSYNTHETIC_PROCESS",7,6,FALSE
"GOBP_REGULATION_OF_CYCLIN_DEPENDENT_PROTEIN_SERINE_THREONINE_KINASE_ACTIVITY",30,27,TRUE
"GOBP_REGULATION_OF_CYTOKINESIS",96,78,TRUE
"GOBP_REGULATION_OF_CYTOKINETIC_PROCESS",7,5,FALSE
"GOBP_REGULATION_OF_CYTOPLASMIC_MRNA_PROCESSING_BODY_ASSEMBLY",7,6,FALSE
"GOBP_REGULATION_OF_CYTOPLASMIC_PATTERN_RECOGNITION_RECEPTOR_SIGNALING_PATHWAY",129,108,TRUE
"GOBP_REGULATION_OF_CYTOPLASMIC_TRANSLATION",40,33,TRUE
"GOBP_REGULATION_OF_CYTOPLASMIC_TRANSLATIONAL_INITIATION",13,10,FALSE
"GOBP_REGULATION_OF_CYTOSKELETON_ORGANIZATION",532,459,TRUE
"GOBP_REGULATION_OF_CYTOSOLIC_CALCIUM_ION_CONCENTRATION",57,39,TRUE
"GOBP_REGULATION_OF_DEFENSE_RESPONSE",845,647,FALSE
"GOBP_REGULATION_OF_DEFENSE_RESPONSE_TO_BACTERIUM",15,12,FALSE
"GOBP_REGULATION_OF_DEFENSE_RESPONSE_TO_FUNGUS",7,6,FALSE
"GOBP_REGULATION_OF_DEFENSE_RESPONSE_TO_VIRUS",61,52,TRUE
"GOBP_REGULATION_OF_DEFENSE_RESPONSE_TO_VIRUS_BY_HOST",42,33,TRUE
"GOBP_REGULATION_OF_DELAYED_RECTIFIER_POTASSIUM_CHANNEL_ACTIVITY",7,4,FALSE
"GOBP_REGULATION_OF_DENDRITE_DEVELOPMENT",99,75,TRUE
"GOBP_REGULATION_OF_DENDRITE_EXTENSION",23,17,TRUE
"GOBP_REGULATION_OF_DENDRITE_MORPHOGENESIS",64,50,TRUE
"GOBP_REGULATION_OF_DENDRITIC_CELL_ANTIGEN_PROCESSING_AND_PRESENTATION",11,11,FALSE
"GOBP_REGULATION_OF_DENDRITIC_CELL_CHEMOTAXIS",12,9,FALSE
"GOBP_REGULATION_OF_DENDRITIC_CELL_DIFFERENTIATION",14,10,FALSE
"GOBP_REGULATION_OF_DENDRITIC_SPINE_DEVELOPMENT",56,48,TRUE
"GOBP_REGULATION_OF_DENDRITIC_SPINE_MAINTENANCE",14,12,FALSE
"GOBP_REGULATION_OF_DENDRITIC_SPINE_MORPHOGENESIS",45,41,TRUE
"GOBP_REGULATION_OF_DEPHOSPHORYLATION",22,17,TRUE
"GOBP_REGULATION_OF_DEVELOPMENTAL_GROWTH",306,231,TRUE
"GOBP_REGULATION_OF_DEVELOPMENT_HETEROCHRONIC",10,5,FALSE
"GOBP_REGULATION_OF_DIGESTIVE_SYSTEM_PROCESS",42,21,TRUE
"GOBP_REGULATION_OF_DNA_BINDING",41,28,TRUE
"GOBP_REGULATION_OF_DNA_BINDING_TRANSCRIPTION_FACTOR_ACTIVITY",166,132,TRUE
"GOBP_REGULATION_OF_DNA_BIOSYNTHETIC_PROCESS",85,77,TRUE
"GOBP_REGULATION_OF_DNA_CATABOLIC_PROCESS",9,7,FALSE
"GOBP_REGULATION_OF_DNA_DAMAGE_CHECKPOINT",24,23,TRUE
"GOBP_REGULATION_OF_DNA_DAMAGE_RESPONSE_SIGNAL_TRANSDUCTION_BY_P53_CLASS_MEDIATOR",37,29,TRUE
"GOBP_REGULATION_OF_DNA_METABOLIC_PROCESS",497,414,TRUE
"GOBP_REGULATION_OF_DNA_RECOMBINATION",139,104,TRUE
"GOBP_REGULATION_OF_DNA_REPAIR",234,209,TRUE
"GOBP_REGULATION_OF_DNA_REPLICATION",126,105,TRUE
"GOBP_REGULATION_OF_DNA_STABILITY",5,4,FALSE
"GOBP_REGULATION_OF_DNA_STRAND_ELONGATION",17,16,TRUE
"GOBP_REGULATION_OF_DNA_TEMPLATED_DNA_REPLICATION",50,40,TRUE
"GOBP_REGULATION_OF_DNA_TEMPLATED_DNA_REPLICATION_INITIATION",21,18,TRUE
"GOBP_REGULATION_OF_DNA_TEMPLATED_TRANSCRIPTION_ELONGATION",104,95,TRUE
"GOBP_REGULATION_OF_DNA_TEMPLATED_TRANSCRIPTION_INITIATION",88,74,TRUE
"GOBP_REGULATION_OF_DOPAMINERGIC_NEURON_DIFFERENTIATION",8,5,FALSE
"GOBP_REGULATION_OF_DOPAMINE_RECEPTOR_SIGNALING_PATHWAY",12,9,FALSE
"GOBP_REGULATION_OF_DOUBLE_STRAND_BREAK_REPAIR",144,126,TRUE
"GOBP_REGULATION_OF_DOUBLE_STRAND_BREAK_REPAIR_VIA_HOMOLOGOUS_RECOMBINATION",80,67,TRUE
"GOBP_REGULATION_OF_DOUBLE_STRAND_BREAK_REPAIR_VIA_NONHOMOLOGOUS_END_JOINING",29,25,TRUE
"GOBP_REGULATION_OF_D_GLUCOSE_IMPORT",56,37,TRUE
"GOBP_REGULATION_OF_D_GLUCOSE_TRANSMEMBRANE_TRANSPORT",75,53,TRUE
"GOBP_REGULATION_OF_EARLY_ENDOSOME_TO_LATE_ENDOSOME_TRANSPORT",19,19,TRUE
"GOBP_REGULATION_OF_EATING_BEHAVIOR",16,7,FALSE
"GOBP_REGULATION_OF_EMBRYONIC_DEVELOPMENT",98,72,TRUE
"GOBP_REGULATION_OF_ENAMEL_MINERALIZATION",7,3,FALSE
"GOBP_REGULATION_OF_ENDOCRINE_PROCESS",45,28,TRUE
"GOBP_REGULATION_OF_ENDOCYTIC_RECYCLING",24,19,TRUE
"GOBP_REGULATION_OF_ENDOCYTOSIS",304,250,TRUE
"GOBP_REGULATION_OF_ENDODERMAL_CELL_DIFFERENTIATION",5,3,FALSE
"GOBP_REGULATION_OF_ENDOPEPTIDASE_ACTIVITY",12,6,FALSE
"GOBP_REGULATION_OF_ENDOPLASMIC_RETICULUM_STRESS_INDUCED_INTRINSIC_APOPTOTIC_SIGNALING_PATHWAY",35,31,TRUE
"GOBP_REGULATION_OF_ENDOPLASMIC_RETICULUM_TUBULAR_NETWORK_ORGANIZATION",5,5,FALSE
"GOBP_REGULATION_OF_ENDOPLASMIC_RETICULUM_UNFOLDED_PROTEIN_RESPONSE",36,34,TRUE
"GOBP_REGULATION_OF_ENDOSOME_ORGANIZATION",5,5,FALSE
"GOBP_REGULATION_OF_ENDOSOME_SIZE",11,8,FALSE
"GOBP_REGULATION_OF_ENDOSOME_TO_PLASMA_MEMBRANE_PROTEIN_TRANSPORT",6,5,FALSE
"GOBP_REGULATION_OF_ENDOTHELIAL_CELL_CHEMOTAXIS",21,15,TRUE
"GOBP_REGULATION_OF_ENDOTHELIAL_CELL_DEVELOPMENT",18,14,FALSE
"GOBP_REGULATION_OF_ENDOTHELIAL_CELL_DIFFERENTIATION",36,28,TRUE
"GOBP_REGULATION_OF_ENDOTHELIAL_CELL_MATRIX_ADHESION",7,6,FALSE
"GOBP_REGULATION_OF_ENDOTHELIAL_CELL_MIGRATION",170,149,TRUE
"GOBP_REGULATION_OF_ENDOTHELIAL_TUBE_MORPHOGENESIS",6,5,FALSE
"GOBP_REGULATION_OF_ENTRY_OF_BACTERIUM_INTO_HOST_CELL",6,4,FALSE
"GOBP_REGULATION_OF_EOSINOPHIL_MIGRATION",5,4,FALSE
"GOBP_REGULATION_OF_EPIDERMIS_DEVELOPMENT",64,41,TRUE
"GOBP_REGULATION_OF_EPITHELIAL_CELL_APOPTOTIC_PROCESS",33,25,TRUE
"GOBP_REGULATION_OF_EPITHELIAL_CELL_DIFFERENTIATION",148,93,TRUE
"GOBP_REGULATION_OF_EPITHELIAL_CELL_DIFFERENTIATION_INVOLVED_IN_KIDNEY_DEVELOPMENT",16,9,FALSE
"GOBP_REGULATION_OF_EPITHELIAL_CELL_MIGRATION",64,50,TRUE
"GOBP_REGULATION_OF_EPITHELIAL_CELL_PROLIFERATION",328,252,TRUE
"GOBP_REGULATION_OF_EPITHELIAL_CELL_PROLIFERATION_INVOLVED_IN_LUNG_MORPHOGENESIS",9,7,FALSE
"GOBP_REGULATION_OF_EPITHELIAL_TO_MESENCHYMAL_TRANSITION",101,78,TRUE
"GOBP_REGULATION_OF_EPITHELIAL_TO_MESENCHYMAL_TRANSITION_INVOLVED_IN_ENDOCARDIAL_CUSHION_FORMATION",6,6,FALSE
"GOBP_REGULATION_OF_ERAD_PATHWAY",25,23,TRUE
"GOBP_REGULATION_OF_ERBB_SIGNALING_PATHWAY",76,65,TRUE
"GOBP_REGULATION_OF_ERYTHROCYTE_DIFFERENTIATION",47,39,TRUE
"GOBP_REGULATION_OF_ER_TO_GOLGI_VESICLE_MEDIATED_TRANSPORT",21,19,TRUE
"GOBP_REGULATION_OF_ESTABLISHMENT_OF_PLANAR_POLARITY",6,5,FALSE
"GOBP_REGULATION_OF_ESTABLISHMENT_OF_PROTEIN_LOCALIZATION",520,407,TRUE
"GOBP_REGULATION_OF_ESTABLISHMENT_OF_PROTEIN_LOCALIZATION_TO_CHROMOSOME",7,5,FALSE
"GOBP_REGULATION_OF_ESTABLISHMENT_OF_PROTEIN_LOCALIZATION_TO_MITOCHONDRION",49,43,TRUE
"GOBP_REGULATION_OF_ESTABLISHMENT_OF_T_CELL_POLARITY",6,6,FALSE
"GOBP_REGULATION_OF_ESTABLISHMENT_OR_MAINTENANCE_OF_CELL_POLARITY",28,26,TRUE
"GOBP_REGULATION_OF_EXCITATORY_SYNAPSE_ASSEMBLY",21,18,TRUE
"GOBP_REGULATION_OF_EXCRETION",11,5,FALSE
"GOBP_REGULATION_OF_EXECUTION_PHASE_OF_APOPTOSIS",23,20,TRUE
"GOBP_REGULATION_OF_EXIT_FROM_MITOSIS",17,15,TRUE
"GOBP_REGULATION_OF_EXOCYTOSIS",192,146,TRUE
"GOBP_REGULATION_OF_EXOSOMAL_SECRETION",19,17,TRUE
"GOBP_REGULATION_OF_EXTENT_OF_CELL_GROWTH",99,76,TRUE
"GOBP_REGULATION_OF_EXTRACELLULAR_MATRIX_ASSEMBLY",14,13,FALSE
"GOBP_REGULATION_OF_EXTRACELLULAR_MATRIX_CONSTITUENT_SECRETION",7,5,FALSE
"GOBP_REGULATION_OF_EXTRACELLULAR_MATRIX_DISASSEMBLY",20,18,TRUE
"GOBP_REGULATION_OF_EXTRACELLULAR_MATRIX_ORGANIZATION",59,52,TRUE
"GOBP_REGULATION_OF_EXTRINSIC_APOPTOTIC_SIGNALING_PATHWAY",159,121,TRUE
"GOBP_REGULATION_OF_EXTRINSIC_APOPTOTIC_SIGNALING_PATHWAY_IN_ABSENCE_OF_LIGAND",44,33,TRUE
"GOBP_REGULATION_OF_EXTRINSIC_APOPTOTIC_SIGNALING_PATHWAY_VIA_DEATH_DOMAIN_RECEPTORS",47,37,TRUE
"GOBP_REGULATION_OF_FAS_SIGNALING_PATHWAY",7,6,FALSE
"GOBP_REGULATION_OF_FATTY_ACID_BETA_OXIDATION",17,15,TRUE
"GOBP_REGULATION_OF_FATTY_ACID_BIOSYNTHETIC_PROCESS",52,43,TRUE
"GOBP_REGULATION_OF_FATTY_ACID_METABOLIC_PROCESS",101,83,TRUE
"GOBP_REGULATION_OF_FATTY_ACID_OXIDATION",33,30,TRUE
"GOBP_REGULATION_OF_FATTY_ACID_TRANSPORT",32,20,TRUE
"GOBP_REGULATION_OF_FAT_CELL_DIFFERENTIATION",140,104,TRUE
"GOBP_REGULATION_OF_FAT_CELL_PROLIFERATION",13,7,FALSE
"GOBP_REGULATION_OF_FC_RECEPTOR_MEDIATED_STIMULATORY_SIGNALING_PATHWAY",11,11,FALSE
"GOBP_REGULATION_OF_FEAR_RESPONSE",12,6,FALSE
"GOBP_REGULATION_OF_FEEDING_BEHAVIOR",33,15,TRUE
"GOBP_REGULATION_OF_FEMALE_GONAD_DEVELOPMENT",7,2,FALSE
"GOBP_REGULATION_OF_FERTILIZATION",18,8,FALSE
"GOBP_REGULATION_OF_FEVER_GENERATION",8,5,FALSE
"GOBP_REGULATION_OF_FIBRINOLYSIS",17,12,FALSE
"GOBP_REGULATION_OF_FIBROBLAST_GROWTH_FACTOR_RECEPTOR_SIGNALING_PATHWAY",34,26,TRUE
"GOBP_REGULATION_OF_FIBROBLAST_MIGRATION",36,35,TRUE
"GOBP_REGULATION_OF_FILOPODIUM_ASSEMBLY",46,39,TRUE
"GOBP_REGULATION_OF_FLAGELLATED_SPERM_MOTILITY",21,6,FALSE
"GOBP_REGULATION_OF_FOCAL_ADHESION_DISASSEMBLY",10,9,FALSE
"GOBP_REGULATION_OF_G1_TO_G0_TRANSITION",5,5,FALSE
"GOBP_REGULATION_OF_G2_MI_TRANSITION_OF_MEIOTIC_CELL_CYCLE",6,6,FALSE
"GOBP_REGULATION_OF_GAMMA_DELTA_T_CELL_ACTIVATION",14,11,FALSE
"GOBP_REGULATION_OF_GAMMA_DELTA_T_CELL_DIFFERENTIATION",11,10,FALSE
"GOBP_REGULATION_OF_GAP_JUNCTION_ASSEMBLY",10,9,FALSE
"GOBP_REGULATION_OF_GASTRIC_ACID_SECRETION",7,5,FALSE
"GOBP_REGULATION_OF_GASTRULATION",13,5,FALSE
"GOBP_REGULATION_OF_GENERATION_OF_PRECURSOR_METABOLITES_AND_ENERGY",132,111,TRUE
"GOBP_REGULATION_OF_GENE_SILENCING_BY_REGULATORY_NCRNA",37,31,TRUE
"GOBP_REGULATION_OF_GERMINAL_CENTER_FORMATION",8,7,FALSE
"GOBP_REGULATION_OF_GERM_CELL_PROLIFERATION",6,4,FALSE
"GOBP_REGULATION_OF_GLIAL_CELL_APOPTOTIC_PROCESS",10,10,FALSE
"GOBP_REGULATION_OF_GLIAL_CELL_DIFFERENTIATION",72,53,TRUE
"GOBP_REGULATION_OF_GLIAL_CELL_MIGRATION",14,13,FALSE
"GOBP_REGULATION_OF_GLIAL_CELL_PROLIFERATION",29,23,TRUE
"GOBP_REGULATION_OF_GLIOGENESIS",93,71,TRUE
"GOBP_REGULATION_OF_GLOMERULAR_FILTRATION",10,9,FALSE
"GOBP_REGULATION_OF_GLOMERULUS_DEVELOPMENT",6,3,FALSE
"GOBP_REGULATION_OF_GLUCAGON_SECRETION",8,3,FALSE
"GOBP_REGULATION_OF_GLUCOCORTICOID_METABOLIC_PROCESS",14,12,FALSE
"GOBP_REGULATION_OF_GLUCONEOGENESIS",55,42,TRUE
"GOBP_REGULATION_OF_GLUCOSE_METABOLIC_PROCESS",101,78,TRUE
"GOBP_REGULATION_OF_GLUCOSYLCERAMIDE_CATABOLIC_PROCESS",2,2,FALSE
"GOBP_REGULATION_OF_GLUTAMATE_RECEPTOR_CLUSTERING",7,6,FALSE
"GOBP_REGULATION_OF_GLUTAMATE_RECEPTOR_SIGNALING_PATHWAY",13,12,FALSE
"GOBP_REGULATION_OF_GLUTAMATE_SECRETION",17,11,FALSE
"GOBP_REGULATION_OF_GLUTAMATE_SECRETION_NEUROTRANSMISSION",5,5,FALSE
"GOBP_REGULATION_OF_GLYCOGEN_BIOSYNTHETIC_PROCESS",28,22,TRUE
"GOBP_REGULATION_OF_GLYCOGEN_CATABOLIC_PROCESS",8,5,FALSE
"GOBP_REGULATION_OF_GLYCOGEN_METABOLIC_PROCESS",36,28,TRUE
"GOBP_REGULATION_OF_GLYCOLYTIC_PROCESS",54,46,TRUE
"GOBP_REGULATION_OF_GLYCOPROTEIN_METABOLIC_PROCESS",43,35,TRUE
"GOBP_REGULATION_OF_GOLGI_ORGANIZATION",17,15,TRUE
"GOBP_REGULATION_OF_GOLGI_TO_PLASMA_MEMBRANE_PROTEIN_TRANSPORT",12,11,FALSE
"GOBP_REGULATION_OF_GONADOTROPIN_SECRETION",13,6,FALSE
"GOBP_REGULATION_OF_GONAD_DEVELOPMENT",12,5,FALSE
"GOBP_REGULATION_OF_GRANULOCYTE_CHEMOTAXIS",48,42,TRUE
"GOBP_REGULATION_OF_GRANULOCYTE_DIFFERENTIATION",16,14,FALSE
"GOBP_REGULATION_OF_GROWTH",587,455,TRUE
"GOBP_REGULATION_OF_GROWTH_HORMONE_RECEPTOR_SIGNALING_PATHWAY",8,7,FALSE
"GOBP_REGULATION_OF_GROWTH_RATE",6,4,FALSE
"GOBP_REGULATION_OF_GTPASE_ACTIVITY",119,114,TRUE
"GOBP_REGULATION_OF_G_PROTEIN_COUPLED_RECEPTOR_INTERNALIZATION",5,5,FALSE
"GOBP_REGULATION_OF_G_PROTEIN_COUPLED_RECEPTOR_SIGNALING_PATHWAY",161,117,TRUE
"GOBP_REGULATION_OF_HAIR_CYCLE",29,22,TRUE
"GOBP_REGULATION_OF_HAIR_FOLLICLE_DEVELOPMENT",20,14,FALSE
"GOBP_REGULATION_OF_HEART_CONTRACTION",214,151,TRUE
"GOBP_REGULATION_OF_HEART_GROWTH",58,47,TRUE
"GOBP_REGULATION_OF_HEART_MORPHOGENESIS",9,5,FALSE
"GOBP_REGULATION_OF_HEART_RATE",107,68,TRUE
"GOBP_REGULATION_OF_HEART_RATE_BY_CARDIAC_CONDUCTION",43,27,TRUE
"GOBP_REGULATION_OF_HEART_RATE_BY_CHEMICAL_SIGNAL",6,3,FALSE
"GOBP_REGULATION_OF_HEAT_GENERATION",13,9,FALSE
"GOBP_REGULATION_OF_HEMATOPOIETIC_PROGENITOR_CELL_DIFFERENTIATION",39,36,TRUE
"GOBP_REGULATION_OF_HEMATOPOIETIC_STEM_CELL_DIFFERENTIATION",17,16,TRUE
"GOBP_REGULATION_OF_HEMATOPOIETIC_STEM_CELL_PROLIFERATION",8,7,FALSE
"GOBP_REGULATION_OF_HEMOGLOBIN_BIOSYNTHETIC_PROCESS",8,8,FALSE
"GOBP_REGULATION_OF_HEMOPOIESIS",419,328,TRUE
"GOBP_REGULATION_OF_HEPATIC_STELLATE_CELL_ACTIVATION",6,5,FALSE
"GOBP_REGULATION_OF_HEPATOCYTE_APOPTOTIC_PROCESS",5,5,FALSE
"GOBP_REGULATION_OF_HEPATOCYTE_PROLIFERATION",15,13,FALSE
"GOBP_REGULATION_OF_HETEROCHROMATIN_ORGANIZATION",14,13,FALSE
"GOBP_REGULATION_OF_HETEROTYPIC_CELL_CELL_ADHESION",20,12,FALSE
"GOBP_REGULATION_OF_HIGH_DENSITY_LIPOPROTEIN_PARTICLE_CLEARANCE",4,3,FALSE
"GOBP_REGULATION_OF_HIPPO_SIGNALING",44,39,TRUE
"GOBP_REGULATION_OF_HISTAMINE_SECRETION_BY_MAST_CELL",7,6,FALSE
"GOBP_REGULATION_OF_HOMOPHILIC_CELL_ADHESION",5,5,FALSE
"GOBP_REGULATION_OF_HOMOTYPIC_CELL_CELL_ADHESION",40,32,TRUE
"GOBP_REGULATION_OF_HORMONE_BIOSYNTHETIC_PROCESS",24,19,TRUE
"GOBP_REGULATION_OF_HORMONE_LEVELS",546,341,TRUE
"GOBP_REGULATION_OF_HORMONE_METABOLIC_PROCESS",41,30,TRUE
"GOBP_REGULATION_OF_HORMONE_SECRETION",259,163,TRUE
"GOBP_REGULATION_OF_HUMORAL_IMMUNE_RESPONSE",45,27,TRUE
"GOBP_REGULATION_OF_HUMORAL_IMMUNE_RESPONSE_MEDIATED_BY_CIRCULATING_IMMUNOGLOBULIN",13,7,FALSE
"GOBP_REGULATION_OF_HYALURONAN_BIOSYNTHETIC_PROCESS",8,8,FALSE
"GOBP_REGULATION_OF_HYDROGEN_PEROXIDE_BIOSYNTHETIC_PROCESS",6,5,FALSE
"GOBP_REGULATION_OF_HYDROGEN_PEROXIDE_MEDIATED_PROGRAMMED_CELL_DEATH",13,12,FALSE
"GOBP_REGULATION_OF_HYDROGEN_PEROXIDE_METABOLIC_PROCESS",16,13,FALSE
"GOBP_REGULATION_OF_HYDROLASE_ACTIVITY",158,140,TRUE
"GOBP_REGULATION_OF_HYPERSENSITIVITY",10,9,FALSE
"GOBP_REGULATION_OF_ICOSANOID_SECRETION",20,9,FALSE
"GOBP_REGULATION_OF_IMMATURE_T_CELL_PROLIFERATION",11,8,FALSE
"GOBP_REGULATION_OF_IMMUNE_EFFECTOR_PROCESS",375,266,TRUE
"GOBP_REGULATION_OF_IMMUNE_RESPONSE",912,700,FALSE
"GOBP_REGULATION_OF_IMMUNE_SYSTEM_PROCESS",1516,1149,FALSE
"GOBP_REGULATION_OF_IMMUNOGLOBULIN_PRODUCTION",77,58,TRUE
"GOBP_REGULATION_OF_INCLUSION_BODY_ASSEMBLY",19,14,FALSE
"GOBP_REGULATION_OF_INFLAMMASOME_MEDIATED_SIGNALING_PATHWAY",50,40,TRUE
"GOBP_REGULATION_OF_INFLAMMATORY_RESPONSE",423,318,TRUE
"GOBP_REGULATION_OF_INFLAMMATORY_RESPONSE_TO_ANTIGENIC_STIMULUS",47,37,TRUE
"GOBP_REGULATION_OF_INFLAMMATORY_RESPONSE_TO_WOUNDING",12,9,FALSE
"GOBP_REGULATION_OF_INHIBITORY_SYNAPSE_ASSEMBLY",5,3,FALSE
"GOBP_REGULATION_OF_INNATE_IMMUNE_RESPONSE",468,376,TRUE
"GOBP_REGULATION_OF_INNER_EAR_AUDITORY_RECEPTOR_CELL_DIFFERENTIATION",9,6,FALSE
"GOBP_REGULATION_OF_INOSITOL_PHOSPHATE_BIOSYNTHETIC_PROCESS",12,7,FALSE
"GOBP_REGULATION_OF_INOSITOL_TRISPHOSPHATE_BIOSYNTHETIC_PROCESS",5,3,FALSE
"GOBP_REGULATION_OF_INSULIN_LIKE_GROWTH_FACTOR_RECEPTOR_SIGNALING_PATHWAY",24,15,TRUE
"GOBP_REGULATION_OF_INSULIN_RECEPTOR_SIGNALING_PATHWAY",70,57,TRUE
"GOBP_REGULATION_OF_INSULIN_SECRETION",163,110,TRUE
"GOBP_REGULATION_OF_INTEGRIN_ACTIVATION",17,15,TRUE
"GOBP_REGULATION_OF_INTEGRIN_MEDIATED_SIGNALING_PATHWAY",23,21,TRUE
"GOBP_REGULATION_OF_INTERLEUKIN_1_MEDIATED_SIGNALING_PATHWAY",12,9,FALSE
"GOBP_REGULATION_OF_INTERLEUKIN_4_MEDIATED_SIGNALING_PATHWAY",5,5,FALSE
"GOBP_REGULATION_OF_INTERLEUKIN_6_MEDIATED_SIGNALING_PATHWAY",5,3,FALSE
"GOBP_REGULATION_OF_INTESTINAL_ABSORPTION",15,3,FALSE
"GOBP_REGULATION_OF_INTESTINAL_CHOLESTEROL_ABSORPTION",10,1,FALSE
"GOBP_REGULATION_OF_INTRACELLULAR_ESTROGEN_RECEPTOR_SIGNALING_PATHWAY",37,30,TRUE
"GOBP_REGULATION_OF_INTRACELLULAR_LIPID_TRANSPORT",11,5,FALSE
"GOBP_REGULATION_OF_INTRACELLULAR_MRNA_LOCALIZATION",10,7,FALSE
"GOBP_REGULATION_OF_INTRACELLULAR_PROTEIN_TRANSPORT",153,134,TRUE
"GOBP_REGULATION_OF_INTRACELLULAR_STEROID_HORMONE_RECEPTOR_SIGNALING_PATHWAY",81,66,TRUE
"GOBP_REGULATION_OF_INTRACELLULAR_TRANSPORT",275,238,TRUE
"GOBP_REGULATION_OF_INTRINSIC_APOPTOTIC_SIGNALING_PATHWAY",178,145,TRUE
"GOBP_REGULATION_OF_INTRINSIC_APOPTOTIC_SIGNALING_PATHWAY_BY_P53_CLASS_MEDIATOR",32,26,TRUE
"GOBP_REGULATION_OF_INTRINSIC_APOPTOTIC_SIGNALING_PATHWAY_IN_RESPONSE_TO_DNA_DAMAGE",38,34,TRUE
"GOBP_REGULATION_OF_INTRINSIC_APOPTOTIC_SIGNALING_PATHWAY_IN_RESPONSE_TO_DNA_DAMAGE_BY_P53_CLASS_MEDIATOR",17,14,FALSE
"GOBP_REGULATION_OF_INTRINSIC_APOPTOTIC_SIGNALING_PATHWAY_IN_RESPONSE_TO_HYDROGEN_PEROXIDE",6,5,FALSE
"GOBP_REGULATION_OF_INTRINSIC_APOPTOTIC_SIGNALING_PATHWAY_IN_RESPONSE_TO_OSMOTIC_STRESS",8,7,FALSE
"GOBP_REGULATION_OF_IRE1_MEDIATED_UNFOLDED_PROTEIN_RESPONSE",16,14,FALSE
"GOBP_REGULATION_OF_IRON_ION_TRANSMEMBRANE_TRANSPORT",5,3,FALSE
"GOBP_REGULATION_OF_IRON_ION_TRANSPORT",7,5,FALSE
"GOBP_REGULATION_OF_ISOTYPE_SWITCHING",37,29,TRUE
"GOBP_REGULATION_OF_ISOTYPE_SWITCHING_TO_IGE_ISOTYPES",7,5,FALSE
"GOBP_REGULATION_OF_JNK_CASCADE",146,121,TRUE
"GOBP_REGULATION_OF_JUN_KINASE_ACTIVITY",19,17,TRUE
"GOBP_REGULATION_OF_KERATINOCYTE_DIFFERENTIATION",35,21,TRUE
"GOBP_REGULATION_OF_KERATINOCYTE_MIGRATION",14,11,FALSE
"GOBP_REGULATION_OF_KERATINOCYTE_PROLIFERATION",41,30,TRUE
"GOBP_REGULATION_OF_KETONE_BIOSYNTHETIC_PROCESS",22,16,TRUE
"GOBP_REGULATION_OF_KETONE_METABOLIC_PROCESS",136,107,TRUE
"GOBP_REGULATION_OF_KIDNEY_DEVELOPMENT",35,19,TRUE
"GOBP_REGULATION_OF_KIDNEY_SIZE",6,2,FALSE
"GOBP_REGULATION_OF_KILLING_OF_CELLS_OF_ANOTHER_ORGANISM",5,3,FALSE
"GOBP_REGULATION_OF_KINASE_ACTIVITY",256,213,TRUE
"GOBP_REGULATION_OF_LAMELLIPODIUM_ASSEMBLY",38,34,TRUE
"GOBP_REGULATION_OF_LAMELLIPODIUM_MORPHOGENESIS",11,10,FALSE
"GOBP_REGULATION_OF_LAMELLIPODIUM_ORGANIZATION",52,47,TRUE
"GOBP_REGULATION_OF_LENS_FIBER_CELL_DIFFERENTIATION",10,8,FALSE
"GOBP_REGULATION_OF_LEUKOCYTE_ADHESION_TO_VASCULAR_ENDOTHELIAL_CELL",30,19,TRUE
"GOBP_REGULATION_OF_LEUKOCYTE_APOPTOTIC_PROCESS",85,65,TRUE
"GOBP_REGULATION_OF_LEUKOCYTE_CHEMOTAXIS",118,89,TRUE
"GOBP_REGULATION_OF_LEUKOCYTE_DEGRANULATION",46,34,TRUE
"GOBP_REGULATION_OF_LEUKOCYTE_DIFFERENTIATION",341,265,TRUE
"GOBP_REGULATION_OF_LEUKOCYTE_MEDIATED_IMMUNITY",239,173,TRUE
"GOBP_REGULATION_OF_LEUKOCYTE_MIGRATION",214,157,TRUE
"GOBP_REGULATION_OF_LEUKOCYTE_PROLIFERATION",258,186,TRUE
"GOBP_REGULATION_OF_LEUKOCYTE_TETHERING_OR_ROLLING",15,8,FALSE
"GOBP_REGULATION_OF_LIPID_BIOSYNTHETIC_PROCESS",195,147,TRUE
"GOBP_REGULATION_OF_LIPID_CATABOLIC_PROCESS",65,45,TRUE
"GOBP_REGULATION_OF_LIPID_LOCALIZATION",160,103,TRUE
"GOBP_REGULATION_OF_LIPID_METABOLIC_PROCESS",332,249,TRUE
"GOBP_REGULATION_OF_LIPID_STORAGE",44,31,TRUE
"GOBP_REGULATION_OF_LIPOPHAGY",5,5,FALSE
"GOBP_REGULATION_OF_LIPOPOLYSACCHARIDE_MEDIATED_SIGNALING_PATHWAY",31,21,TRUE
"GOBP_REGULATION_OF_LIPOPROTEIN_METABOLIC_PROCESS",17,15,TRUE
"GOBP_REGULATION_OF_LIPOPROTEIN_PARTICLE_CLEARANCE",23,16,TRUE
"GOBP_REGULATION_OF_LIPOPROTEIN_TRANSPORT",6,4,FALSE
"GOBP_REGULATION_OF_LOCOMOTION",1018,795,FALSE
"GOBP_REGULATION_OF_LOCOMOTION_INVOLVED_IN_LOCOMOTORY_BEHAVIOR",7,3,FALSE
"GOBP_REGULATION_OF_LONG_CHAIN_FATTY_ACID_IMPORT_ACROSS_PLASMA_MEMBRANE",6,6,FALSE
"GOBP_REGULATION_OF_LONG_CHAIN_FATTY_ACID_IMPORT_INTO_CELL",8,7,FALSE
"GOBP_REGULATION_OF_LONG_TERM_NEURONAL_SYNAPTIC_PLASTICITY",26,22,TRUE
"GOBP_REGULATION_OF_LONG_TERM_SYNAPTIC_DEPRESSION",18,11,FALSE
"GOBP_REGULATION_OF_LONG_TERM_SYNAPTIC_POTENTIATION",45,36,TRUE
"GOBP_REGULATION_OF_LOW_DENSITY_LIPOPROTEIN_PARTICLE_CLEARANCE",17,13,FALSE
"GOBP_REGULATION_OF_LUNG_BLOOD_PRESSURE",3,3,FALSE
"GOBP_REGULATION_OF_LUTEINIZING_HORMONE_SECRETION",8,2,FALSE
"GOBP_REGULATION_OF_LYMPHANGIOGENESIS",5,4,FALSE
"GOBP_REGULATION_OF_LYMPHOCYTE_ACTIVATION",509,393,TRUE
"GOBP_REGULATION_OF_LYMPHOCYTE_APOPTOTIC_PROCESS",56,41,TRUE
"GOBP_REGULATION_OF_LYMPHOCYTE_CHEMOTAXIS",22,17,TRUE
"GOBP_REGULATION_OF_LYMPHOCYTE_DIFFERENTIATION",231,180,TRUE
"GOBP_REGULATION_OF_LYMPHOCYTE_MEDIATED_IMMUNITY",180,128,TRUE
"GOBP_REGULATION_OF_LYMPHOCYTE_MIGRATION",67,52,TRUE
"GOBP_REGULATION_OF_LYMPHOID_PROGENITOR_CELL_DIFFERENTIATION",12,11,FALSE
"GOBP_REGULATION_OF_LYSOSOMAL_LUMEN_PH",35,29,TRUE
"GOBP_REGULATION_OF_LYSOSOME_ORGANIZATION",13,13,FALSE
"GOBP_REGULATION_OF_LYSOSOME_SIZE",9,5,FALSE
"GOBP_REGULATION_OF_L_GLUTAMATE_IMPORT_ACROSS_PLASMA_MEMBRANE",9,7,FALSE
"GOBP_REGULATION_OF_MACROAUTOPHAGY",196,173,TRUE
"GOBP_REGULATION_OF_MACROPHAGE_ACTIVATION",58,46,TRUE
"GOBP_REGULATION_OF_MACROPHAGE_APOPTOTIC_PROCESS",8,6,FALSE
"GOBP_REGULATION_OF_MACROPHAGE_CHEMOTAXIS",30,21,TRUE
"GOBP_REGULATION_OF_MACROPHAGE_DERIVED_FOAM_CELL_DIFFERENTIATION",32,23,TRUE
"GOBP_REGULATION_OF_MACROPHAGE_DIFFERENTIATION",23,22,TRUE
"GOBP_REGULATION_OF_MACROPHAGE_FUSION",5,3,FALSE
"GOBP_REGULATION_OF_MACROPHAGE_MIGRATION",43,34,TRUE
"GOBP_REGULATION_OF_MACROPHAGE_PROLIFERATION",6,6,FALSE
"GOBP_REGULATION_OF_MAINTENANCE_OF_SISTER_CHROMATID_COHESION",9,9,FALSE
"GOBP_REGULATION_OF_MALE_GONAD_DEVELOPMENT",8,4,FALSE
"GOBP_REGULATION_OF_MAMMARY_GLAND_EPITHELIAL_CELL_PROLIFERATION",14,12,FALSE
"GOBP_REGULATION_OF_MAP_KINASE_ACTIVITY",66,54,TRUE
"GOBP_REGULATION_OF_MAST_CELL_ACTIVATION",19,18,TRUE
"GOBP_REGULATION_OF_MAST_CELL_ACTIVATION_INVOLVED_IN_IMMUNE_RESPONSE",5,5,FALSE
"GOBP_REGULATION_OF_MAST_CELL_CHEMOTAXIS",8,8,FALSE
"GOBP_REGULATION_OF_MAST_CELL_DEGRANULATION",29,22,TRUE
"GOBP_REGULATION_OF_MATRIX_METALLOPEPTIDASE_SECRETION",7,7,FALSE
"GOBP_REGULATION_OF_MDA_5_SIGNALING_PATHWAY",6,6,FALSE
"GOBP_REGULATION_OF_MEGAKARYOCYTE_DIFFERENTIATION",22,18,TRUE
"GOBP_REGULATION_OF_MEIOSIS_I",6,3,FALSE
"GOBP_REGULATION_OF_MEIOTIC_CELL_CYCLE",72,50,TRUE
"GOBP_REGULATION_OF_MEIOTIC_CELL_CYCLE_PHASE_TRANSITION",13,11,FALSE
"GOBP_REGULATION_OF_MEIOTIC_NUCLEAR_DIVISION",35,20,TRUE
"GOBP_REGULATION_OF_MELANOCYTE_DIFFERENTIATION",5,5,FALSE
"GOBP_REGULATION_OF_MEMBRANE_DEPOLARIZATION",48,39,TRUE
"GOBP_REGULATION_OF_MEMBRANE_DEPOLARIZATION_DURING_ACTION_POTENTIAL",7,6,FALSE
"GOBP_REGULATION_OF_MEMBRANE_DEPOLARIZATION_DURING_CARDIAC_MUSCLE_CELL_ACTION_POTENTIAL",5,5,FALSE
"GOBP_REGULATION_OF_MEMBRANE_HYPERPOLARIZATION",4,3,FALSE
"GOBP_REGULATION_OF_MEMBRANE_INVAGINATION",15,14,FALSE
"GOBP_REGULATION_OF_MEMBRANE_LIPID_DISTRIBUTION",67,49,TRUE
"GOBP_REGULATION_OF_MEMBRANE_LIPID_METABOLIC_PROCESS",14,12,FALSE
"GOBP_REGULATION_OF_MEMBRANE_PERMEABILITY",65,57,TRUE
"GOBP_REGULATION_OF_MEMBRANE_POTENTIAL",454,296,TRUE
"GOBP_REGULATION_OF_MEMBRANE_PROTEIN_ECTODOMAIN_PROTEOLYSIS",27,23,TRUE
"GOBP_REGULATION_OF_MEMBRANE_REPOLARIZATION",36,23,TRUE
"GOBP_REGULATION_OF_MEMBRANE_REPOLARIZATION_DURING_ACTION_POTENTIAL",9,7,FALSE
"GOBP_REGULATION_OF_MEMBRANE_REPOLARIZATION_DURING_CARDIAC_MUSCLE_CELL_ACTION_POTENTIAL",6,4,FALSE
"GOBP_REGULATION_OF_MEMBRANE_REPOLARIZATION_DURING_VENTRICULAR_CARDIAC_MUSCLE_CELL_ACTION_POTENTIAL",5,3,FALSE
"GOBP_REGULATION_OF_MEMBRANE_TUBULATION",5,5,FALSE
"GOBP_REGULATION_OF_MESENCHYMAL_CELL_PROLIFERATION",35,30,TRUE
"GOBP_REGULATION_OF_MESENCHYMAL_STEM_CELL_DIFFERENTIATION",11,8,FALSE
"GOBP_REGULATION_OF_MESENCHYMAL_STEM_CELL_PROLIFERATION",7,6,FALSE
"GOBP_REGULATION_OF_MESENCHYMAL_TO_EPITHELIAL_TRANSITION_INVOLVED_IN_METANEPHROS_MORPHOGENESIS",7,2,FALSE
"GOBP_REGULATION_OF_MESODERMAL_CELL_DIFFERENTIATION",7,4,FALSE
"GOBP_REGULATION_OF_MESODERMAL_CELL_FATE_SPECIFICATION",6,3,FALSE
"GOBP_REGULATION_OF_MESODERM_DEVELOPMENT",5,1,FALSE
"GOBP_REGULATION_OF_MESONEPHROS_DEVELOPMENT",5,2,FALSE
"GOBP_REGULATION_OF_METANEPHROS_DEVELOPMENT",6,1,FALSE
"GOBP_REGULATION_OF_METAPHASE_PLATE_CONGRESSION",15,15,TRUE
"GOBP_REGULATION_OF_MICROGLIAL_CELL_ACTIVATION",18,15,TRUE
"GOBP_REGULATION_OF_MICROTUBULE_BASED_MOVEMENT",60,33,TRUE
"GOBP_REGULATION_OF_MICROTUBULE_BASED_PROCESS",272,215,TRUE
"GOBP_REGULATION_OF_MICROTUBULE_CYTOSKELETON_ORGANIZATION",166,141,TRUE
"GOBP_REGULATION_OF_MICROTUBULE_DEPOLYMERIZATION",38,34,TRUE
"GOBP_REGULATION_OF_MICROTUBULE_NUCLEATION",18,14,FALSE
"GOBP_REGULATION_OF_MICROTUBULE_POLYMERIZATION",64,52,TRUE
"GOBP_REGULATION_OF_MICROTUBULE_POLYMERIZATION_OR_DEPOLYMERIZATION",101,84,TRUE
"GOBP_REGULATION_OF_MICROVILLUS_ASSEMBLY",9,8,FALSE
"GOBP_REGULATION_OF_MICROVILLUS_LENGTH",7,5,FALSE
"GOBP_REGULATION_OF_MICROVILLUS_ORGANIZATION",16,13,FALSE
"GOBP_REGULATION_OF_MIRNA_CATABOLIC_PROCESS",6,5,FALSE
"GOBP_REGULATION_OF_MIRNA_METABOLIC_PROCESS",86,73,TRUE
"GOBP_REGULATION_OF_MITOCHONDRIAL_ATP_SYNTHESIS_COUPLED_ELECTRON_TRANSPORT",7,6,FALSE
"GOBP_REGULATION_OF_MITOCHONDRIAL_DEPOLARIZATION",20,18,TRUE
"GOBP_REGULATION_OF_MITOCHONDRIAL_DNA_METABOLIC_PROCESS",5,4,FALSE
"GOBP_REGULATION_OF_MITOCHONDRIAL_ELECTRON_TRANSPORT_NADH_TO_UBIQUINONE",6,6,FALSE
"GOBP_REGULATION_OF_MITOCHONDRIAL_FISSION",32,30,TRUE
"GOBP_REGULATION_OF_MITOCHONDRIAL_FUSION",15,11,FALSE
"GOBP_REGULATION_OF_MITOCHONDRIAL_GENE_EXPRESSION",31,29,TRUE
"GOBP_REGULATION_OF_MITOCHONDRIAL_MEMBRANE_PERMEABILITY",50,46,TRUE
"GOBP_REGULATION_OF_MITOCHONDRIAL_MEMBRANE_PERMEABILITY_INVOLVED_IN_APOPTOTIC_PROCESS",40,37,TRUE
"GOBP_REGULATION_OF_MITOCHONDRIAL_MEMBRANE_POTENTIAL",67,56,TRUE
"GOBP_REGULATION_OF_MITOCHONDRIAL_MRNA_STABILITY",7,7,FALSE
"GOBP_REGULATION_OF_MITOCHONDRIAL_OUTER_MEMBRANE_PERMEABILIZATION_INVOLVED_IN_APOPTOTIC_SIGNALING_PATHWAY",22,19,TRUE
"GOBP_REGULATION_OF_MITOCHONDRIAL_RNA_CATABOLIC_PROCESS",5,5,FALSE
"GOBP_REGULATION_OF_MITOCHONDRIAL_TRANSCRIPTION",9,8,FALSE
"GOBP_REGULATION_OF_MITOCHONDRIAL_TRANSLATION",22,21,TRUE
"GOBP_REGULATION_OF_MITOCHONDRION_ORGANIZATION",115,96,TRUE
"GOBP_REGULATION_OF_MITOTIC_CELL_CYCLE",512,430,TRUE
"GOBP_REGULATION_OF_MITOTIC_CELL_CYCLE_PHASE_TRANSITION",342,293,TRUE
"GOBP_REGULATION_OF_MITOTIC_CENTROSOME_SEPARATION",7,5,FALSE
"GOBP_REGULATION_OF_MITOTIC_CYTOKINESIS",20,17,TRUE
"GOBP_REGULATION_OF_MITOTIC_NUCLEAR_DIVISION",129,106,TRUE
"GOBP_REGULATION_OF_MITOTIC_RECOMBINATION",8,6,FALSE
"GOBP_REGULATION_OF_MITOTIC_SISTER_CHROMATID_SEGREGATION",66,58,TRUE
"GOBP_REGULATION_OF_MITOTIC_SPINDLE_ASSEMBLY",23,19,TRUE
"GOBP_REGULATION_OF_MODIFICATION_OF_POSTSYNAPTIC_ACTIN_CYTOSKELETON",7,6,FALSE
"GOBP_REGULATION_OF_MODIFICATION_OF_POSTSYNAPTIC_STRUCTURE",12,9,FALSE
"GOBP_REGULATION_OF_MODIFICATION_OF_SYNAPTIC_STRUCTURE",17,14,FALSE
"GOBP_REGULATION_OF_MOLECULAR_FUNCTION",833,670,FALSE
"GOBP_REGULATION_OF_MONOATOMIC_ANION_TRANSPORT",12,10,FALSE
"GOBP_REGULATION_OF_MONOATOMIC_ION_TRANSMEMBRANE_TRANSPORT",274,202,TRUE
"GOBP_REGULATION_OF_MONOATOMIC_ION_TRANSPORT",399,288,TRUE
"GOBP_REGULATION_OF_MONOCYTE_CHEMOTAXIS",28,17,TRUE
"GOBP_REGULATION_OF_MONOCYTE_DIFFERENTIATION",19,15,TRUE
"GOBP_REGULATION_OF_MONOCYTE_EXTRAVASATION",5,5,FALSE
"GOBP_REGULATION_OF_MONONUCLEAR_CELL_MIGRATION",138,104,TRUE
"GOBP_REGULATION_OF_MORPHOGENESIS_OF_AN_EPITHELIUM",68,49,TRUE
"GOBP_REGULATION_OF_MORPHOGENESIS_OF_A_BRANCHING_STRUCTURE",54,40,TRUE
"GOBP_REGULATION_OF_MOTILE_CILIUM_ASSEMBLY",5,5,FALSE
"GOBP_REGULATION_OF_MOTOR_NEURON_APOPTOTIC_PROCESS",7,6,FALSE
"GOBP_REGULATION_OF_MRNA_3_END_PROCESSING",16,15,TRUE
"GOBP_REGULATION_OF_MRNA_CATABOLIC_PROCESS",217,181,TRUE
"GOBP_REGULATION_OF_MRNA_EXPORT_FROM_NUCLEUS",9,9,FALSE
"GOBP_REGULATION_OF_MRNA_METABOLIC_PROCESS",337,279,TRUE
"GOBP_REGULATION_OF_MRNA_PROCESSING",143,121,TRUE
"GOBP_REGULATION_OF_MRNA_SPLICING_VIA_SPLICEOSOME",119,99,TRUE
"GOBP_REGULATION_OF_MUCUS_SECRETION",8,5,FALSE
"GOBP_REGULATION_OF_MULTICELLULAR_ORGANISMAL_DEVELOPMENT",1396,1072,FALSE
"GOBP_REGULATION_OF_MULTICELLULAR_ORGANISM_GROWTH",67,51,TRUE
"GOBP_REGULATION_OF_MUSCLE_ADAPTATION",81,72,TRUE
"GOBP_REGULATION_OF_MUSCLE_CELL_DIFFERENTIATION",138,119,TRUE
"GOBP_REGULATION_OF_MUSCLE_CONTRACTION",173,129,TRUE
"GOBP_REGULATION_OF_MUSCLE_HYPERTROPHY",61,53,TRUE
"GOBP_REGULATION_OF_MUSCLE_ORGAN_DEVELOPMENT",40,34,TRUE
"GOBP_REGULATION_OF_MUSCLE_SYSTEM_PROCESS",243,192,TRUE
"GOBP_REGULATION_OF_MYD88_DEPENDENT_TOLL_LIKE_RECEPTOR_SIGNALING_PATHWAY",5,5,FALSE
"GOBP_REGULATION_OF_MYELINATION",45,39,TRUE
"GOBP_REGULATION_OF_MYELOID_CELL_APOPTOTIC_PROCESS",25,18,TRUE
"GOBP_REGULATION_OF_MYELOID_CELL_DIFFERENTIATION",203,155,TRUE
"GOBP_REGULATION_OF_MYELOID_DENDRITIC_CELL_ACTIVATION",6,4,FALSE
"GOBP_REGULATION_OF_MYELOID_LEUKOCYTE_DIFFERENTIATION",126,94,TRUE
"GOBP_REGULATION_OF_MYELOID_LEUKOCYTE_MEDIATED_IMMUNITY",55,42,TRUE
"GOBP_REGULATION_OF_MYOBLAST_DIFFERENTIATION",76,64,TRUE
"GOBP_REGULATION_OF_MYOBLAST_PROLIFERATION",13,9,FALSE
"GOBP_REGULATION_OF_MYOFIBROBLAST_DIFFERENTIATION",6,4,FALSE
"GOBP_REGULATION_OF_MYOTUBE_DIFFERENTIATION",43,39,TRUE
"GOBP_REGULATION_OF_NADP_METABOLIC_PROCESS",8,7,FALSE
"GOBP_REGULATION_OF_NATURAL_KILLER_CELL_ACTIVATION",43,32,TRUE
"GOBP_REGULATION_OF_NATURAL_KILLER_CELL_CHEMOTAXIS",7,5,FALSE
"GOBP_REGULATION_OF_NATURAL_KILLER_CELL_DEGRANULATION",6,3,FALSE
"GOBP_REGULATION_OF_NATURAL_KILLER_CELL_DIFFERENTIATION",14,11,FALSE
"GOBP_REGULATION_OF_NATURAL_KILLER_CELL_MEDIATED_IMMUNE_RESPONSE_TO_TUMOR_CELL",10,6,FALSE
"GOBP_REGULATION_OF_NATURAL_KILLER_CELL_MEDIATED_IMMUNITY",53,31,TRUE
"GOBP_REGULATION_OF_NATURAL_KILLER_CELL_PROLIFERATION",12,8,FALSE
"GOBP_REGULATION_OF_NECROPTOTIC_PROCESS",31,27,TRUE
"GOBP_REGULATION_OF_NEGATIVE_CHEMOTAXIS",5,5,FALSE
"GOBP_REGULATION_OF_NERVOUS_SYSTEM_DEVELOPMENT",435,338,TRUE
"GOBP_REGULATION_OF_NERVOUS_SYSTEM_PROCESS",130,86,TRUE
"GOBP_REGULATION_OF_NEURAL_PRECURSOR_CELL_PROLIFERATION",87,67,TRUE
"GOBP_REGULATION_OF_NEUROBLAST_PROLIFERATION",32,24,TRUE
"GOBP_REGULATION_OF_NEUROFIBRILLARY_TANGLE_ASSEMBLY",6,5,FALSE
"GOBP_REGULATION_OF_NEUROGENESIS",350,273,TRUE
"GOBP_REGULATION_OF_NEUROINFLAMMATORY_RESPONSE",40,31,TRUE
"GOBP_REGULATION_OF_NEUROMUSCULAR_JUNCTION_DEVELOPMENT",12,5,FALSE
"GOBP_REGULATION_OF_NEURONAL_ACTION_POTENTIAL",9,4,FALSE
"GOBP_REGULATION_OF_NEURONAL_SYNAPTIC_PLASTICITY",62,48,TRUE
"GOBP_REGULATION_OF_NEURON_APOPTOTIC_PROCESS",244,191,TRUE
"GOBP_REGULATION_OF_NEURON_DIFFERENTIATION",180,120,TRUE
"GOBP_REGULATION_OF_NEURON_MATURATION",7,5,FALSE
"GOBP_REGULATION_OF_NEURON_MIGRATION",48,40,TRUE
"GOBP_REGULATION_OF_NEURON_PROJECTION_ARBORIZATION",15,13,FALSE
"GOBP_REGULATION_OF_NEURON_PROJECTION_DEVELOPMENT",434,356,TRUE
"GOBP_REGULATION_OF_NEURON_PROJECTION_REGENERATION",28,26,TRUE
"GOBP_REGULATION_OF_NEUROTRANSMITTER_RECEPTOR_ACTIVITY",37,28,TRUE
"GOBP_REGULATION_OF_NEUROTRANSMITTER_RECEPTOR_LOCALIZATION_TO_POSTSYNAPTIC_SPECIALIZATION_MEMBRANE",20,18,TRUE
"GOBP_REGULATION_OF_NEUROTRANSMITTER_SECRETION",89,67,TRUE
"GOBP_REGULATION_OF_NEUROTRANSMITTER_TRANSPORT",107,80,TRUE
"GOBP_REGULATION_OF_NEUROTRANSMITTER_UPTAKE",20,15,TRUE
"GOBP_REGULATION_OF_NEUROTROPHIN_TRK_RECEPTOR_SIGNALING_PATHWAY",11,10,FALSE
"GOBP_REGULATION_OF_NEUTROPHIL_ACTIVATION",11,10,FALSE
"GOBP_REGULATION_OF_NEUTROPHIL_CHEMOTAXIS",30,27,TRUE
"GOBP_REGULATION_OF_NEUTROPHIL_DEGRANULATION",7,5,FALSE
"GOBP_REGULATION_OF_NEUTROPHIL_EXTRAVASATION",6,5,FALSE
"GOBP_REGULATION_OF_NEUTROPHIL_MEDIATED_CYTOTOXICITY",6,3,FALSE
"GOBP_REGULATION_OF_NEUTROPHIL_MIGRATION",40,34,TRUE
"GOBP_REGULATION_OF_NITRIC_OXIDE_MEDIATED_SIGNAL_TRANSDUCTION",9,7,FALSE
"GOBP_REGULATION_OF_NITRIC_OXIDE_METABOLIC_PROCESS",59,44,TRUE
"GOBP_REGULATION_OF_NITRIC_OXIDE_SYNTHASE_ACTIVITY",7,5,FALSE
"GOBP_REGULATION_OF_NK_T_CELL_ACTIVATION",12,9,FALSE
"GOBP_REGULATION_OF_NK_T_CELL_DIFFERENTIATION",5,5,FALSE
"GOBP_REGULATION_OF_NK_T_CELL_PROLIFERATION",9,6,FALSE
"GOBP_REGULATION_OF_NODAL_SIGNALING_PATHWAY",7,5,FALSE
"GOBP_REGULATION_OF_NON_CANONICAL_NF_KAPPAB_SIGNAL_TRANSDUCTION",93,71,TRUE
"GOBP_REGULATION_OF_NON_CANONICAL_WNT_SIGNALING_PATHWAY",25,19,TRUE
"GOBP_REGULATION_OF_NON_MOTILE_CILIUM_ASSEMBLY",12,9,FALSE
"GOBP_REGULATION_OF_NOTCH_SIGNALING_PATHWAY",96,76,TRUE
"GOBP_REGULATION_OF_NUCLEAR_CELL_CYCLE_DNA_REPLICATION",14,12,FALSE
"GOBP_REGULATION_OF_NUCLEAR_DIVISION",157,121,TRUE
"GOBP_REGULATION_OF_NUCLEAR_RECEPTOR_MEDIATED_GLUCOCORTICOID_SIGNALING_PATHWAY",9,8,FALSE
"GOBP_REGULATION_OF_NUCLEAR_TRANSCRIBED_MRNA_CATABOLIC_PROCESS_DEADENYLATION_DEPENDENT_DECAY",24,22,TRUE
"GOBP_REGULATION_OF_NUCLEAR_TRANSCRIBED_MRNA_CATABOLIC_PROCESS_NONSENSE_MEDIATED_DECAY",18,16,TRUE
"GOBP_REGULATION_OF_NUCLEAR_TRANSCRIBED_MRNA_POLY_A_TAIL_SHORTENING",15,15,TRUE
"GOBP_REGULATION_OF_NUCLEOBASE_CONTAINING_COMPOUND_TRANSPORT",17,16,TRUE
"GOBP_REGULATION_OF_NUCLEOCYTOPLASMIC_TRANSPORT",111,103,TRUE
"GOBP_REGULATION_OF_NUCLEOTIDE_BINDING_DOMAIN_LEUCINE_RICH_REPEAT_CONTAINING_RECEPTOR_SIGNALING_PATHWAY",14,13,FALSE
"GOBP_REGULATION_OF_NUCLEOTIDE_BINDING_OLIGOMERIZATION_DOMAIN_CONTAINING_2_SIGNALING_PATHWAY",9,8,FALSE
"GOBP_REGULATION_OF_NUCLEOTIDE_BIOSYNTHETIC_PROCESS",23,17,TRUE
"GOBP_REGULATION_OF_NUCLEOTIDE_EXCISION_REPAIR",29,26,TRUE
"GOBP_REGULATION_OF_NUCLEOTIDE_METABOLIC_PROCESS",85,70,TRUE
"GOBP_REGULATION_OF_ODONTOBLAST_DIFFERENTIATION",11,7,FALSE
"GOBP_REGULATION_OF_ODONTOGENESIS",18,11,FALSE
"GOBP_REGULATION_OF_ODONTOGENESIS_OF_DENTIN_CONTAINING_TOOTH",11,7,FALSE
"GOBP_REGULATION_OF_OLIGODENDROCYTE_DIFFERENTIATION",41,32,TRUE
"GOBP_REGULATION_OF_OOCYTE_MATURATION",7,4,FALSE
"GOBP_REGULATION_OF_OPSIN_MEDIATED_SIGNALING_PATHWAY",9,5,FALSE
"GOBP_REGULATION_OF_OPSONIZATION",16,6,FALSE
"GOBP_REGULATION_OF_ORGANELLE_ASSEMBLY",255,229,TRUE
"GOBP_REGULATION_OF_ORGANELLE_ORGANIZATION",1198,1021,FALSE
"GOBP_REGULATION_OF_ORGANELLE_TRANSPORT_ALONG_MICROTUBULE",9,8,FALSE
"GOBP_REGULATION_OF_ORGANIC_ACID_TRANSPORT",71,46,TRUE
"GOBP_REGULATION_OF_ORGAN_GROWTH",87,70,TRUE
"GOBP_REGULATION_OF_OSSIFICATION",124,94,TRUE
"GOBP_REGULATION_OF_OSTEOBLAST_DIFFERENTIATION",133,104,TRUE
"GOBP_REGULATION_OF_OSTEOBLAST_PROLIFERATION",24,19,TRUE
"GOBP_REGULATION_OF_OSTEOCLAST_DEVELOPMENT",12,6,FALSE
"GOBP_REGULATION_OF_OSTEOCLAST_DIFFERENTIATION",74,49,TRUE
"GOBP_REGULATION_OF_OSTEOCLAST_PROLIFERATION",7,2,FALSE
"GOBP_REGULATION_OF_OVARIAN_FOLLICLE_DEVELOPMENT",6,1,FALSE
"GOBP_REGULATION_OF_OXIDATIVE_PHOSPHORYLATION",23,20,TRUE
"GOBP_REGULATION_OF_OXIDATIVE_STRESS_INDUCED_INTRINSIC_APOPTOTIC_SIGNALING_PATHWAY",43,30,TRUE
"GOBP_REGULATION_OF_OXIDOREDUCTASE_ACTIVITY",15,13,FALSE
"GOBP_REGULATION_OF_P38MAPK_CASCADE",40,34,TRUE
"GOBP_REGULATION_OF_PANCREATIC_JUICE_SECRETION",7,7,FALSE
"GOBP_REGULATION_OF_PATTERN_RECOGNITION_RECEPTOR_SIGNALING_PATHWAY",182,154,TRUE
"GOBP_REGULATION_OF_PENTOSE_PHOSPHATE_SHUNT",6,5,FALSE
"GOBP_REGULATION_OF_PEPTIDASE_ACTIVITY",20,12,FALSE
"GOBP_REGULATION_OF_PEPTIDE_TRANSPORT",201,128,TRUE
"GOBP_REGULATION_OF_PEPTIDYL_LYSINE_CROTONYLATION",1,1,FALSE
"GOBP_REGULATION_OF_PEPTIDYL_SERINE_PHOSPHORYLATION",30,24,TRUE
"GOBP_REGULATION_OF_PEPTIDYL_THREONINE_PHOSPHORYLATION",14,12,FALSE
"GOBP_REGULATION_OF_PEPTIDYL_TYROSINE_PHOSPHORYLATION",82,64,TRUE
"GOBP_REGULATION_OF_PERK_MEDIATED_UNFOLDED_PROTEIN_RESPONSE",16,15,TRUE
"GOBP_REGULATION_OF_PEROXISOME_PROLIFERATOR_ACTIVATED_RECEPTOR_SIGNALING_PATHWAY",18,13,FALSE
"GOBP_REGULATION_OF_PH",109,79,TRUE
"GOBP_REGULATION_OF_PHAGOCYTOSIS",97,76,TRUE
"GOBP_REGULATION_OF_PHENOTYPIC_SWITCHING",3,3,FALSE
"GOBP_REGULATION_OF_PHOSPHATASE_ACTIVITY",8,6,FALSE
"GOBP_REGULATION_OF_PHOSPHATE_TRANSPORT",8,4,FALSE
"GOBP_REGULATION_OF_PHOSPHATIDYLCHOLINE_BIOSYNTHETIC_PROCESS",5,5,FALSE
"GOBP_REGULATION_OF_PHOSPHATIDYLCHOLINE_METABOLIC_PROCESS",10,10,FALSE
"GOBP_REGULATION_OF_PHOSPHATIDYLINOSITOL_BIOSYNTHETIC_PROCESS",5,4,FALSE
"GOBP_REGULATION_OF_PHOSPHATIDYLINOSITOL_DEPHOSPHORYLATION",5,4,FALSE
"GOBP_REGULATION_OF_PHOSPHOLIPASE_C_ACTIVATING_G_PROTEIN_COUPLED_RECEPTOR_SIGNALING_PATHWAY",9,5,FALSE
"GOBP_REGULATION_OF_PHOSPHOLIPID_BIOSYNTHETIC_PROCESS",19,14,FALSE
"GOBP_REGULATION_OF_PHOSPHOLIPID_CATABOLIC_PROCESS",7,5,FALSE
"GOBP_REGULATION_OF_PHOSPHOLIPID_METABOLIC_PROCESS",36,27,TRUE
"GOBP_REGULATION_OF_PHOSPHOLIPID_TRANSLOCATION",6,4,FALSE
"GOBP_REGULATION_OF_PHOSPHORUS_METABOLIC_PROCESS",575,470,TRUE
"GOBP_REGULATION_OF_PHOSPHORYLATION",429,353,TRUE
"GOBP_REGULATION_OF_PHOTORECEPTOR_CELL_DIFFERENTIATION",7,5,FALSE
"GOBP_REGULATION_OF_PIGMENTATION",16,14,FALSE
"GOBP_REGULATION_OF_PIGMENT_CELL_DIFFERENTIATION",7,7,FALSE
"GOBP_REGULATION_OF_PINOCYTOSIS",12,12,FALSE
"GOBP_REGULATION_OF_PLASMA_CELL_DIFFERENTIATION",5,2,FALSE
"GOBP_REGULATION_OF_PLASMA_LIPOPROTEIN_PARTICLE_LEVELS",83,58,TRUE
"GOBP_REGULATION_OF_PLASMA_MEMBRANE_ORGANIZATION",16,15,TRUE
"GOBP_REGULATION_OF_PLASMA_MEMBRANE_REPAIR",7,7,FALSE
"GOBP_REGULATION_OF_PLASMINOGEN_ACTIVATION",17,14,FALSE
"GOBP_REGULATION_OF_PLATELET_ACTIVATION",55,42,TRUE
"GOBP_REGULATION_OF_PLATELET_AGGREGATION",31,25,TRUE
"GOBP_REGULATION_OF_PLATELET_DERIVED_GROWTH_FACTOR_RECEPTOR_ALPHA_SIGNALING_PATHWAY",5,4,FALSE
"GOBP_REGULATION_OF_PLATELET_DERIVED_GROWTH_FACTOR_RECEPTOR_BETA_SIGNALING_PATHWAY",8,8,FALSE
"GOBP_REGULATION_OF_PLATELET_DERIVED_GROWTH_FACTOR_RECEPTOR_SIGNALING_PATHWAY",27,23,TRUE
"GOBP_REGULATION_OF_PODOSOME_ASSEMBLY",11,8,FALSE
"GOBP_REGULATION_OF_POLYAMINE_TRANSMEMBRANE_TRANSPORT",5,4,FALSE
"GOBP_REGULATION_OF_POLYSACCHARIDE_BIOSYNTHETIC_PROCESS",36,30,TRUE
"GOBP_REGULATION_OF_POLYSACCHARIDE_METABOLIC_PROCESS",44,36,TRUE
"GOBP_REGULATION_OF_POSITIVE_CHEMOTAXIS",24,19,TRUE
"GOBP_REGULATION_OF_POSTSYNAPSE_ASSEMBLY",43,38,TRUE
"GOBP_REGULATION_OF_POSTSYNAPSE_ORGANIZATION",143,122,TRUE
"GOBP_REGULATION_OF_POSTSYNAPTIC_CYTOSOLIC_CALCIUM_ION_CONCENTRATION",9,5,FALSE
"GOBP_REGULATION_OF_POSTSYNAPTIC_DENSITY_ASSEMBLY",16,15,TRUE
"GOBP_REGULATION_OF_POSTSYNAPTIC_DENSITY_ORGANIZATION",22,19,TRUE
"GOBP_REGULATION_OF_POSTSYNAPTIC_MEMBRANE_NEUROTRANSMITTER_RECEPTOR_LEVELS",119,94,TRUE
"GOBP_REGULATION_OF_POSTSYNAPTIC_MEMBRANE_ORGANIZATION",5,5,FALSE
"GOBP_REGULATION_OF_POSTSYNAPTIC_MEMBRANE_POTENTIAL",149,90,TRUE
"GOBP_REGULATION_OF_POSTSYNAPTIC_NEUROTRANSMITTER_RECEPTOR_INTERNALIZATION",27,21,TRUE
"GOBP_REGULATION_OF_POSTSYNAPTIC_SPECIALIZATION_ASSEMBLY",20,19,TRUE
"GOBP_REGULATION_OF_POST_TRANSLATIONAL_PROTEIN_MODIFICATION",229,205,TRUE
"GOBP_REGULATION_OF_POTASSIUM_ION_EXPORT_ACROSS_PLASMA_MEMBRANE",10,6,FALSE
"GOBP_REGULATION_OF_POTASSIUM_ION_IMPORT",6,6,FALSE
"GOBP_REGULATION_OF_POTASSIUM_ION_TRANSMEMBRANE_TRANSPORT",60,41,TRUE
"GOBP_REGULATION_OF_POTASSIUM_ION_TRANSPORT",79,55,TRUE
"GOBP_REGULATION_OF_PRESYNAPSE_ORGANIZATION",32,21,TRUE
"GOBP_REGULATION_OF_PRESYNAPTIC_CYTOSOLIC_CALCIUM_ION_CONCENTRATION",15,9,FALSE
"GOBP_REGULATION_OF_PRESYNAPTIC_MEMBRANE_POTENTIAL",29,15,TRUE
"GOBP_REGULATION_OF_PRE_MIRNA_PROCESSING",5,3,FALSE
"GOBP_REGULATION_OF_PRIMARY_MIRNA_PROCESSING",5,3,FALSE
"GOBP_REGULATION_OF_PRODUCTION_OF_MOLECULAR_MEDIATOR_OF_IMMUNE_RESPONSE",171,123,TRUE
"GOBP_REGULATION_OF_PROGRAMMED_CELL_DEATH",1437,1133,FALSE
"GOBP_REGULATION_OF_PROGRAMMED_NECROTIC_CELL_DEATH",37,31,TRUE
"GOBP_REGULATION_OF_PROSTAGLANDIN_SECRETION",13,7,FALSE
"GOBP_REGULATION_OF_PROSTATIC_BUD_FORMATION",6,5,FALSE
"GOBP_REGULATION_OF_PROTEASOMAL_UBIQUITIN_DEPENDENT_PROTEIN_CATABOLIC_PROCESS",134,113,TRUE
"GOBP_REGULATION_OF_PROTEIN_ACETYLATION",8,8,FALSE
"GOBP_REGULATION_OF_PROTEIN_ADP_RIBOSYLATION",5,5,FALSE
"GOBP_REGULATION_OF_PROTEIN_AUTOPHOSPHORYLATION",9,6,FALSE
"GOBP_REGULATION_OF_PROTEIN_AUTOUBIQUITINATION",6,6,FALSE
"GOBP_REGULATION_OF_PROTEIN_BINDING",40,35,TRUE
"GOBP_REGULATION_OF_PROTEIN_CATABOLIC_PROCESS",392,337,TRUE
"GOBP_REGULATION_OF_PROTEIN_CATABOLIC_PROCESS_IN_THE_VACUOLE",14,13,FALSE
"GOBP_REGULATION_OF_PROTEIN_COMPLEX_STABILITY",16,16,TRUE
"GOBP_REGULATION_OF_PROTEIN_CONTAINING_COMPLEX_ASSEMBLY",424,353,TRUE
"GOBP_REGULATION_OF_PROTEIN_CONTAINING_COMPLEX_DISASSEMBLY",134,123,TRUE
"GOBP_REGULATION_OF_PROTEIN_DEACETYLATION",18,15,TRUE
"GOBP_REGULATION_OF_PROTEIN_DEPOLYMERIZATION",97,87,TRUE
"GOBP_REGULATION_OF_PROTEIN_DEUBIQUITINATION",11,10,FALSE
"GOBP_REGULATION_OF_PROTEIN_EXIT_FROM_ENDOPLASMIC_RETICULUM",32,26,TRUE
"GOBP_REGULATION_OF_PROTEIN_EXPORT_FROM_NUCLEUS",33,32,TRUE
"GOBP_REGULATION_OF_PROTEIN_FOLDING",12,10,FALSE
"GOBP_REGULATION_OF_PROTEIN_IMPORT_INTO_NUCLEUS",61,53,TRUE
"GOBP_REGULATION_OF_PROTEIN_K48_LINKED_UBIQUITINATION",7,7,FALSE
"GOBP_REGULATION_OF_PROTEIN_K63_LINKED_UBIQUITINATION",13,12,FALSE
"GOBP_REGULATION_OF_PROTEIN_KINASE_C_SIGNALING",5,5,FALSE
"GOBP_REGULATION_OF_PROTEIN_LIPIDATION",10,10,FALSE
"GOBP_REGULATION_OF_PROTEIN_LOCALIZATION",892,734,FALSE
"GOBP_REGULATION_OF_PROTEIN_LOCALIZATION_TO_CELL_CELL_JUNCTION",6,4,FALSE
"GOBP_REGULATION_OF_PROTEIN_LOCALIZATION_TO_CELL_CORTEX",8,8,FALSE
"GOBP_REGULATION_OF_PROTEIN_LOCALIZATION_TO_CELL_PERIPHERY",156,136,TRUE
"GOBP_REGULATION_OF_PROTEIN_LOCALIZATION_TO_CELL_SURFACE",41,38,TRUE
"GOBP_REGULATION_OF_PROTEIN_LOCALIZATION_TO_CENTROSOME",12,11,FALSE
"GOBP_REGULATION_OF_PROTEIN_LOCALIZATION_TO_CHROMATIN",13,13,FALSE
"GOBP_REGULATION_OF_PROTEIN_LOCALIZATION_TO_CILIUM",11,11,FALSE
"GOBP_REGULATION_OF_PROTEIN_LOCALIZATION_TO_ENDOPLASMIC_RETICULUM",5,5,FALSE
"GOBP_REGULATION_OF_PROTEIN_LOCALIZATION_TO_ENDOSOME",14,12,FALSE
"GOBP_REGULATION_OF_PROTEIN_LOCALIZATION_TO_LYSOSOME",5,5,FALSE
"GOBP_REGULATION_OF_PROTEIN_LOCALIZATION_TO_MEMBRANE",177,153,TRUE
"GOBP_REGULATION_OF_PROTEIN_LOCALIZATION_TO_NUCLEOLUS",12,12,FALSE
"GOBP_REGULATION_OF_PROTEIN_LOCALIZATION_TO_NUCLEUS",148,131,TRUE
"GOBP_REGULATION_OF_PROTEIN_LOCALIZATION_TO_PLASMA_MEMBRANE",118,102,TRUE
"GOBP_REGULATION_OF_PROTEIN_LOCALIZATION_TO_SYNAPSE",30,27,TRUE
"GOBP_REGULATION_OF_PROTEIN_MATURATION",60,48,TRUE
"GOBP_REGULATION_OF_PROTEIN_METABOLIC_PROCESS",1498,1255,FALSE
"GOBP_REGULATION_OF_PROTEIN_MODIFICATION_PROCESS",629,538,FALSE
"GOBP_REGULATION_OF_PROTEIN_MONOUBIQUITINATION",6,5,FALSE
"GOBP_REGULATION_OF_PROTEIN_NEDDYLATION",17,15,TRUE
"GOBP_REGULATION_OF_PROTEIN_OLIGOMERIZATION",8,5,FALSE
"GOBP_REGULATION_OF_PROTEIN_POLYMERIZATION",199,166,TRUE
"GOBP_REGULATION_OF_PROTEIN_POLYUBIQUITINATION",29,26,TRUE
"GOBP_REGULATION_OF_PROTEIN_SECRETION",254,181,TRUE
"GOBP_REGULATION_OF_PROTEIN_SERINE_THREONINE_KINASE_ACTIVITY",118,101,TRUE
"GOBP_REGULATION_OF_PROTEIN_STABILITY",373,320,TRUE
"GOBP_REGULATION_OF_PROTEIN_SUMOYLATION",20,20,TRUE
"GOBP_REGULATION_OF_PROTEIN_TARGETING",76,64,TRUE
"GOBP_REGULATION_OF_PROTEIN_TARGETING_TO_MEMBRANE",33,25,TRUE
"GOBP_REGULATION_OF_PROTEIN_TRANSPORT",428,331,TRUE
"GOBP_REGULATION_OF_PROTEIN_TYROSINE_KINASE_ACTIVITY",21,17,TRUE
"GOBP_REGULATION_OF_PROTEIN_UBIQUITINATION",181,160,TRUE
"GOBP_REGULATION_OF_PROTEOLYSIS",404,337,TRUE
"GOBP_REGULATION_OF_PROTEOLYSIS_INVOLVED_IN_PROTEIN_CATABOLIC_PROCESS",266,231,TRUE
"GOBP_REGULATION_OF_PROTON_TRANSPORT",5,3,FALSE
"GOBP_REGULATION_OF_PRO_B_CELL_DIFFERENTIATION",8,7,FALSE
"GOBP_REGULATION_OF_RAB_PROTEIN_SIGNAL_TRANSDUCTION",7,7,FALSE
"GOBP_REGULATION_OF_RAC_PROTEIN_SIGNAL_TRANSDUCTION",37,32,TRUE
"GOBP_REGULATION_OF_RAS_PROTEIN_SIGNAL_TRANSDUCTION",54,46,TRUE
"GOBP_REGULATION_OF_REACTIVE_OXYGEN_SPECIES_BIOSYNTHETIC_PROCESS",44,35,TRUE
"GOBP_REGULATION_OF_REACTIVE_OXYGEN_SPECIES_METABOLIC_PROCESS",139,112,TRUE
"GOBP_REGULATION_OF_RECEPTOR_BINDING",8,7,FALSE
"GOBP_REGULATION_OF_RECEPTOR_CATABOLIC_PROCESS",14,12,FALSE
"GOBP_REGULATION_OF_RECEPTOR_CLUSTERING",20,18,TRUE
"GOBP_REGULATION_OF_RECEPTOR_INTERNALIZATION",77,60,TRUE
"GOBP_REGULATION_OF_RECEPTOR_LOCALIZATION_TO_SYNAPSE",32,29,TRUE
"GOBP_REGULATION_OF_RECEPTOR_MEDIATED_ENDOCYTOSIS",123,100,TRUE
"GOBP_REGULATION_OF_RECEPTOR_RECYCLING",25,21,TRUE
"GOBP_REGULATION_OF_RECEPTOR_SIGNALING_PATHWAY_VIA_JAK_STAT",76,54,TRUE
"GOBP_REGULATION_OF_RECEPTOR_SIGNALING_PATHWAY_VIA_STAT",87,61,TRUE
"GOBP_REGULATION_OF_REGULATED_SECRETORY_PATHWAY",127,96,TRUE
"GOBP_REGULATION_OF_REGULATORY_NCRNA_PROCESSING",14,11,FALSE
"GOBP_REGULATION_OF_RELAXATION_OF_CARDIAC_MUSCLE",6,5,FALSE
"GOBP_REGULATION_OF_RELAXATION_OF_MUSCLE",16,12,FALSE
"GOBP_REGULATION_OF_RELAXATION_OF_SMOOTH_MUSCLE",5,4,FALSE
"GOBP_REGULATION_OF_RELEASE_OF_CYTOCHROME_C_FROM_MITOCHONDRIA",41,34,TRUE
"GOBP_REGULATION_OF_RELEASE_OF_SEQUESTERED_CALCIUM_ION_INTO_CYTOSOL",78,64,TRUE
"GOBP_REGULATION_OF_RELEASE_OF_SEQUESTERED_CALCIUM_ION_INTO_CYTOSOL_BY_SARCOPLASMIC_RETICULUM",35,31,TRUE
"GOBP_REGULATION_OF_REMOVAL_OF_SUPEROXIDE_RADICALS",6,4,FALSE
"GOBP_REGULATION_OF_RENAL_SODIUM_EXCRETION",8,4,FALSE
"GOBP_REGULATION_OF_RENAL_SYSTEM_PROCESS",23,16,TRUE
"GOBP_REGULATION_OF_REPRODUCTIVE_PROCESS",183,103,TRUE
"GOBP_REGULATION_OF_RESPIRATORY_BURST",17,13,FALSE
"GOBP_REGULATION_OF_RESPIRATORY_BURST_INVOLVED_IN_INFLAMMATORY_RESPONSE",8,6,FALSE
"GOBP_REGULATION_OF_RESPIRATORY_GASEOUS_EXCHANGE",24,14,FALSE
"GOBP_REGULATION_OF_RESPIRATORY_GASEOUS_EXCHANGE_BY_NERVOUS_SYSTEM_PROCESS",13,8,FALSE
"GOBP_REGULATION_OF_RESPIRATORY_SYSTEM_PROCESS",16,11,FALSE
"GOBP_REGULATION_OF_RESPONSE_TO_BIOTIC_STIMULUS",557,448,TRUE
"GOBP_REGULATION_OF_RESPONSE_TO_CYTOKINE_STIMULUS",182,157,TRUE
"GOBP_REGULATION_OF_RESPONSE_TO_DRUG",4,2,FALSE
"GOBP_REGULATION_OF_RESPONSE_TO_ENDOPLASMIC_RETICULUM_STRESS",94,84,TRUE
"GOBP_REGULATION_OF_RESPONSE_TO_EXTERNAL_STIMULUS",1091,837,FALSE
"GOBP_REGULATION_OF_RESPONSE_TO_FOOD",18,10,FALSE
"GOBP_REGULATION_OF_RESPONSE_TO_MACROPHAGE_COLONY_STIMULATING_FACTOR",6,6,FALSE
"GOBP_REGULATION_OF_RESPONSE_TO_NUTRIENT_LEVELS",31,22,TRUE
"GOBP_REGULATION_OF_RESPONSE_TO_OSMOTIC_STRESS",15,13,FALSE
"GOBP_REGULATION_OF_RESPONSE_TO_OXIDATIVE_STRESS",33,30,TRUE
"GOBP_REGULATION_OF_RESPONSE_TO_REACTIVE_OXYGEN_SPECIES",9,7,FALSE
"GOBP_REGULATION_OF_RESPONSE_TO_STRESS",1422,1145,FALSE
"GOBP_REGULATION_OF_RESPONSE_TO_TUMOR_CELL",32,24,TRUE
"GOBP_REGULATION_OF_RESPONSE_TO_TYPE_II_INTERFERON",15,14,FALSE
"GOBP_REGULATION_OF_RESPONSE_TO_WOUNDING",163,126,TRUE
"GOBP_REGULATION_OF_RESTING_MEMBRANE_POTENTIAL",13,8,FALSE
"GOBP_REGULATION_OF_RETINOIC_ACID_RECEPTOR_SIGNALING_PATHWAY",15,12,FALSE
"GOBP_REGULATION_OF_RETROGRADE_PROTEIN_TRANSPORT_ER_TO_CYTOSOL",13,11,FALSE
"GOBP_REGULATION_OF_RETROGRADE_TRANSPORT_ENDOSOME_TO_GOLGI",9,9,FALSE
"GOBP_REGULATION_OF_REVERSE_CHOLESTEROL_TRANSPORT",2,2,FALSE
"GOBP_REGULATION_OF_RHO_PROTEIN_SIGNAL_TRANSDUCTION",90,83,TRUE
"GOBP_REGULATION_OF_RIBOSOME_BIOGENESIS",11,8,FALSE
"GOBP_REGULATION_OF_RIG_I_SIGNALING_PATHWAY",20,19,TRUE
"GOBP_REGULATION_OF_RNA_POLYMERASE_II_TRANSCRIPTION_PREINITIATION_COMPLEX_ASSEMBLY",9,7,FALSE
"GOBP_REGULATION_OF_RNA_SPLICING",192,161,TRUE
"GOBP_REGULATION_OF_RRNA_PROCESSING",18,15,TRUE
"GOBP_REGULATION_OF_RUFFLE_ASSEMBLY",31,27,TRUE
"GOBP_REGULATION_OF_RYANODINE_SENSITIVE_CALCIUM_RELEASE_CHANNEL_ACTIVITY",6,4,FALSE
"GOBP_REGULATION_OF_SALIVA_SECRETION",7,5,FALSE
"GOBP_REGULATION_OF_SARCOMERE_ORGANIZATION",8,6,FALSE
"GOBP_REGULATION_OF_SA_NODE_CELL_ACTION_POTENTIAL",6,5,FALSE
"GOBP_REGULATION_OF_SCF_DEPENDENT_PROTEASOMAL_UBIQUITIN_DEPENDENT_PROTEIN_CATABOLIC_PROCESS",5,3,FALSE
"GOBP_REGULATION_OF_SECONDARY_HEART_FIELD_CARDIOBLAST_PROLIFERATION",7,4,FALSE
"GOBP_REGULATION_OF_SECONDARY_METABOLIC_PROCESS",19,17,TRUE
"GOBP_REGULATION_OF_SECRETION",617,419,TRUE
"GOBP_REGULATION_OF_SENSORY_PERCEPTION",23,9,FALSE
"GOBP_REGULATION_OF_SEROTONIN_SECRETION",6,1,FALSE
"GOBP_REGULATION_OF_SHORT_TERM_NEURONAL_SYNAPTIC_PLASTICITY",16,11,FALSE
"GOBP_REGULATION_OF_SIGNALING_RECEPTOR_ACTIVITY",59,44,TRUE
"GOBP_REGULATION_OF_SIGNAL_TRANSDUCTION_BY_P53_CLASS_MEDIATOR",116,94,TRUE
"GOBP_REGULATION_OF_SISTER_CHROMATID_COHESION",18,18,TRUE
"GOBP_REGULATION_OF_SISTER_CHROMATID_SEGREGATION",117,103,TRUE
"GOBP_REGULATION_OF_SKELETAL_MUSCLE_ACETYLCHOLINE_GATED_CHANNEL_CLUSTERING",9,8,FALSE
"GOBP_REGULATION_OF_SKELETAL_MUSCLE_ADAPTATION",11,11,FALSE
"GOBP_REGULATION_OF_SKELETAL_MUSCLE_CELL_DIFFERENTIATION",22,20,TRUE
"GOBP_REGULATION_OF_SKELETAL_MUSCLE_CELL_PROLIFERATION",15,15,TRUE
"GOBP_REGULATION_OF_SKELETAL_MUSCLE_CONTRACTION",17,15,TRUE
"GOBP_REGULATION_OF_SKELETAL_MUSCLE_CONTRACTION_BY_CALCIUM_ION_SIGNALING",8,7,FALSE
"GOBP_REGULATION_OF_SKELETAL_MUSCLE_CONTRACTION_BY_REGULATION_OF_RELEASE_OF_SEQUESTERED_CALCIUM_ION",5,4,FALSE
"GOBP_REGULATION_OF_SKELETAL_MUSCLE_FIBER_DEVELOPMENT",10,9,FALSE
"GOBP_REGULATION_OF_SKELETAL_MUSCLE_TISSUE_DEVELOPMENT",23,21,TRUE
"GOBP_REGULATION_OF_SKELETAL_MUSCLE_TISSUE_GROWTH",7,7,FALSE
"GOBP_REGULATION_OF_SKELETAL_MUSCLE_TISSUE_REGENERATION",7,6,FALSE
"GOBP_REGULATION_OF_SMAD_PROTEIN_SIGNAL_TRANSDUCTION",67,49,TRUE
"GOBP_REGULATION_OF_SMALL_GTPASE_MEDIATED_SIGNAL_TRANSDUCTION",316,285,TRUE
"GOBP_REGULATION_OF_SMALL_MOLECULE_METABOLIC_PROCESS",331,257,TRUE
"GOBP_REGULATION_OF_SMOOTHENED_SIGNALING_PATHWAY",95,79,TRUE
"GOBP_REGULATION_OF_SMOOTH_MUSCLE_CELL_CHEMOTAXIS",7,7,FALSE
"GOBP_REGULATION_OF_SMOOTH_MUSCLE_CELL_DIFFERENTIATION",35,32,TRUE
"GOBP_REGULATION_OF_SMOOTH_MUSCLE_CONTRACTION",59,35,TRUE
"GOBP_REGULATION_OF_SNARE_COMPLEX_ASSEMBLY",15,14,FALSE
"GOBP_REGULATION_OF_SNRNA_TRANSCRIPTION_BY_RNA_POLYMERASE_II",10,9,FALSE
"GOBP_REGULATION_OF_SODIUM_DEPENDENT_PHOSPHATE_TRANSPORT",5,3,FALSE
"GOBP_REGULATION_OF_SODIUM_ION_EXPORT_ACROSS_PLASMA_MEMBRANE",10,8,FALSE
"GOBP_REGULATION_OF_SODIUM_ION_IMPORT_ACROSS_PLASMA_MEMBRANE",3,2,FALSE
"GOBP_REGULATION_OF_SODIUM_ION_TRANSMEMBRANE_TRANSPORT",39,32,TRUE
"GOBP_REGULATION_OF_SODIUM_ION_TRANSMEMBRANE_TRANSPORTER_ACTIVITY",8,6,FALSE
"GOBP_REGULATION_OF_SODIUM_ION_TRANSPORT",72,58,TRUE
"GOBP_REGULATION_OF_SOMATIC_STEM_CELL_POPULATION_MAINTENANCE",9,3,FALSE
"GOBP_REGULATION_OF_SOMITOGENESIS",6,4,FALSE
"GOBP_REGULATION_OF_SPERM_CAPACITATION",4,0,FALSE
"GOBP_REGULATION_OF_SPHINGOLIPID_BIOSYNTHETIC_PROCESS",13,11,FALSE
"GOBP_REGULATION_OF_SPINDLE_ASSEMBLY",33,27,TRUE
"GOBP_REGULATION_OF_SPINDLE_CHECKPOINT",33,27,TRUE
"GOBP_REGULATION_OF_SPINDLE_ORGANIZATION",47,40,TRUE
"GOBP_REGULATION_OF_SPONTANEOUS_SYNAPTIC_TRANSMISSION",6,6,FALSE
"GOBP_REGULATION_OF_SPROUTING_ANGIOGENESIS",46,36,TRUE
"GOBP_REGULATION_OF_SREBP_SIGNALING_PATHWAY",8,8,FALSE
"GOBP_REGULATION_OF_STEM_CELL_DIFFERENTIATION",78,65,TRUE
"GOBP_REGULATION_OF_STEM_CELL_DIVISION",12,9,FALSE
"GOBP_REGULATION_OF_STEM_CELL_POPULATION_MAINTENANCE",79,64,TRUE
"GOBP_REGULATION_OF_STEM_CELL_PROLIFERATION",41,33,TRUE
"GOBP_REGULATION_OF_STEROID_BIOSYNTHETIC_PROCESS",84,56,TRUE
"GOBP_REGULATION_OF_STEROID_HORMONE_BIOSYNTHETIC_PROCESS",18,14,FALSE
"GOBP_REGULATION_OF_STEROID_HORMONE_SECRETION",25,16,TRUE
"GOBP_REGULATION_OF_STEROID_METABOLIC_PROCESS",109,74,TRUE
"GOBP_REGULATION_OF_STEROL_TRANSPORT",61,42,TRUE
"GOBP_REGULATION_OF_STORE_OPERATED_CALCIUM_CHANNEL_ACTIVITY",7,6,FALSE
"GOBP_REGULATION_OF_STORE_OPERATED_CALCIUM_ENTRY",15,13,FALSE
"GOBP_REGULATION_OF_STRESS_ACTIVATED_PROTEIN_KINASE_SIGNALING_CASCADE",39,37,TRUE
"GOBP_REGULATION_OF_STRESS_GRANULE_ASSEMBLY",9,8,FALSE
"GOBP_REGULATION_OF_STRIATED_MUSCLE_CELL_DIFFERENTIATION",83,70,TRUE
"GOBP_REGULATION_OF_STRIATED_MUSCLE_CONTRACTION",100,79,TRUE
"GOBP_REGULATION_OF_SUBSTRATE_ADHESION_DEPENDENT_CELL_SPREADING",59,48,TRUE
"GOBP_REGULATION_OF_SULFUR_METABOLIC_PROCESS",14,13,FALSE
"GOBP_REGULATION_OF_SUPEROXIDE_ANION_GENERATION",22,19,TRUE
"GOBP_REGULATION_OF_SUPEROXIDE_METABOLIC_PROCESS",30,25,TRUE
"GOBP_REGULATION_OF_SUPRAMOLECULAR_FIBER_ORGANIZATION",379,327,TRUE
"GOBP_REGULATION_OF_SYNAPSE_ASSEMBLY",178,134,TRUE
"GOBP_REGULATION_OF_SYNAPSE_MATURATION",28,25,TRUE
"GOBP_REGULATION_OF_SYNAPSE_PRUNING",10,10,FALSE
"GOBP_REGULATION_OF_SYNAPSE_STRUCTURAL_PLASTICITY",7,5,FALSE
"GOBP_REGULATION_OF_SYNAPSE_STRUCTURE_OR_ACTIVITY",325,251,TRUE
"GOBP_REGULATION_OF_SYNAPTIC_ASSEMBLY_AT_NEUROMUSCULAR_JUNCTION",10,4,FALSE
"GOBP_REGULATION_OF_SYNAPTIC_PLASTICITY",219,167,TRUE
"GOBP_REGULATION_OF_SYNAPTIC_TRANSMISSION_CHOLINERGIC",12,6,FALSE
"GOBP_REGULATION_OF_SYNAPTIC_TRANSMISSION_DOPAMINERGIC",8,5,FALSE
"GOBP_REGULATION_OF_SYNAPTIC_TRANSMISSION_GABAERGIC",39,20,TRUE
"GOBP_REGULATION_OF_SYNAPTIC_TRANSMISSION_GLUTAMATERGIC",74,47,TRUE
"GOBP_REGULATION_OF_SYNAPTIC_VESICLE_CLUSTERING",6,6,FALSE
"GOBP_REGULATION_OF_SYNAPTIC_VESICLE_CYCLE",15,14,FALSE
"GOBP_REGULATION_OF_SYNAPTIC_VESICLE_ENDOCYTOSIS",22,20,TRUE
"GOBP_REGULATION_OF_SYNAPTIC_VESICLE_EXOCYTOSIS",50,38,TRUE
"GOBP_REGULATION_OF_SYNAPTIC_VESICLE_MEMBRANE_ORGANIZATION",23,14,FALSE
"GOBP_REGULATION_OF_SYNAPTIC_VESICLE_PRIMING",11,11,FALSE
"GOBP_REGULATION_OF_SYNAPTIC_VESICLE_RECYCLING",27,25,TRUE
"GOBP_REGULATION_OF_SYNAPTIC_VESICLE_TRANSPORT",5,5,FALSE
"GOBP_REGULATION_OF_SYNCYTIUM_FORMATION_BY_PLASMA_MEMBRANE_FUSION",77,50,TRUE
"GOBP_REGULATION_OF_SYSTEMIC_ARTERIAL_BLOOD_PRESSURE",104,64,TRUE
"GOBP_REGULATION_OF_SYSTEMIC_ARTERIAL_BLOOD_PRESSURE_BY_CIRCULATORY_RENIN_ANGIOTENSIN",23,21,TRUE
"GOBP_REGULATION_OF_SYSTEMIC_ARTERIAL_BLOOD_PRESSURE_BY_ENDOTHELIN",6,5,FALSE
"GOBP_REGULATION_OF_SYSTEMIC_ARTERIAL_BLOOD_PRESSURE_BY_NOREPINEPHRINE_EPINEPHRINE",6,2,FALSE
"GOBP_REGULATION_OF_SYSTEMIC_ARTERIAL_BLOOD_PRESSURE_BY_RENIN_ANGIOTENSIN",33,28,TRUE
"GOBP_REGULATION_OF_SYSTEMIC_ARTERIAL_BLOOD_PRESSURE_BY_VASOPRESSIN",5,1,FALSE
"GOBP_REGULATION_OF_SYSTEMIC_ARTERIAL_BLOOD_PRESSURE_MEDIATED_BY_A_CHEMICAL_SIGNAL",54,38,TRUE
"GOBP_REGULATION_OF_SYSTEM_PROCESS",574,409,TRUE
"GOBP_REGULATION_OF_TELOMERASE_RNA_LOCALIZATION_TO_CAJAL_BODY",12,10,FALSE
"GOBP_REGULATION_OF_TELOMERE_CAPPING",14,13,FALSE
"GOBP_REGULATION_OF_TELOMERE_MAINTENANCE",110,100,TRUE
"GOBP_REGULATION_OF_TELOMERE_MAINTENANCE_IN_RESPONSE_TO_DNA_DAMAGE",19,17,TRUE
"GOBP_REGULATION_OF_TELOMERE_MAINTENANCE_VIA_TELOMERASE",45,41,TRUE
"GOBP_REGULATION_OF_TELOMERE_MAINTENANCE_VIA_TELOMERE_LENGTHENING",53,48,TRUE
"GOBP_REGULATION_OF_TERMINATION_OF_DNA_TEMPLATED_TRANSCRIPTION",8,8,FALSE
"GOBP_REGULATION_OF_TERMINATION_OF_RNA_POLYMERASE_II_TRANSCRIPTION_POLY_A_COUPLED",6,6,FALSE
"GOBP_REGULATION_OF_TESTOSTERONE_BIOSYNTHETIC_PROCESS",8,4,FALSE
"GOBP_REGULATION_OF_TETRAPYRROLE_METABOLIC_PROCESS",5,5,FALSE
"GOBP_REGULATION_OF_THE_FORCE_OF_HEART_CONTRACTION",24,20,TRUE
"GOBP_REGULATION_OF_THE_FORCE_OF_HEART_CONTRACTION_BY_CHEMICAL_SIGNAL",6,3,FALSE
"GOBP_REGULATION_OF_THYMOCYTE_APOPTOTIC_PROCESS",13,9,FALSE
"GOBP_REGULATION_OF_THYROID_HORMONE_GENERATION",8,4,FALSE
"GOBP_REGULATION_OF_TIGHT_JUNCTION_DISASSEMBLY",5,4,FALSE
"GOBP_REGULATION_OF_TISSUE_REMODELING",75,55,TRUE
"GOBP_REGULATION_OF_TOLERANCE_INDUCTION",21,14,FALSE
"GOBP_REGULATION_OF_TOLL_LIKE_RECEPTOR_2_SIGNALING_PATHWAY",12,10,FALSE
"GOBP_REGULATION_OF_TOLL_LIKE_RECEPTOR_3_SIGNALING_PATHWAY",11,10,FALSE
"GOBP_REGULATION_OF_TOLL_LIKE_RECEPTOR_4_SIGNALING_PATHWAY",34,25,TRUE
"GOBP_REGULATION_OF_TOLL_LIKE_RECEPTOR_7_SIGNALING_PATHWAY",9,5,FALSE
"GOBP_REGULATION_OF_TOLL_LIKE_RECEPTOR_9_SIGNALING_PATHWAY",15,11,FALSE
"GOBP_REGULATION_OF_TOLL_LIKE_RECEPTOR_SIGNALING_PATHWAY",36,32,TRUE
"GOBP_REGULATION_OF_TOLL_SIGNALING_PATHWAY",6,5,FALSE
"GOBP_REGULATION_OF_TOOTH_MINERALIZATION",12,6,FALSE
"GOBP_REGULATION_OF_TORC2_SIGNALING",13,12,FALSE
"GOBP_REGULATION_OF_TRANSCRIPTION_BY_GLUCOSE",8,8,FALSE
"GOBP_REGULATION_OF_TRANSCRIPTION_BY_RNA_POLYMERASE_I",47,41,TRUE
"GOBP_REGULATION_OF_TRANSCRIPTION_BY_RNA_POLYMERASE_III",32,30,TRUE
"GOBP_REGULATION_OF_TRANSCRIPTION_OF_NUCLEOLAR_LARGE_RRNA_BY_RNA_POLYMERASE_I",15,14,FALSE
"GOBP_REGULATION_OF_TRANSCRIPTION_REGULATORY_REGION_DNA_BINDING",17,10,FALSE
"GOBP_REGULATION_OF_TRANSFERASE_ACTIVITY",292,246,TRUE
"GOBP_REGULATION_OF_TRANSFORMING_GROWTH_FACTOR_BETA1_PRODUCTION",15,11,FALSE
"GOBP_REGULATION_OF_TRANSLATION",363,307,TRUE
"GOBP_REGULATION_OF_TRANSLATIONAL_ELONGATION",13,13,FALSE
"GOBP_REGULATION_OF_TRANSLATIONAL_FIDELITY",18,16,TRUE
"GOBP_REGULATION_OF_TRANSLATIONAL_INITIATION",91,77,TRUE
"GOBP_REGULATION_OF_TRANSLATIONAL_INITIATION_IN_RESPONSE_TO_STRESS",11,11,FALSE
"GOBP_REGULATION_OF_TRANSLATIONAL_TERMINATION",8,8,FALSE
"GOBP_REGULATION_OF_TRANSLATION_AT_SYNAPSE",7,7,FALSE
"GOBP_REGULATION_OF_TRANSLATION_IN_RESPONSE_TO_ENDOPLASMIC_RETICULUM_STRESS",10,10,FALSE
"GOBP_REGULATION_OF_TRANSLATION_IN_RESPONSE_TO_STRESS",20,18,TRUE
"GOBP_REGULATION_OF_TRANSMEMBRANE_RECEPTOR_PROTEIN_SERINE_THREONINE_KINASE_SIGNALING_PATHWAY",280,215,TRUE
"GOBP_REGULATION_OF_TRANSMEMBRANE_TRANSPORT",409,302,TRUE
"GOBP_REGULATION_OF_TRANSMEMBRANE_TRANSPORTER_ACTIVITY",93,67,TRUE
"GOBP_REGULATION_OF_TRANSMISSION_OF_NERVE_IMPULSE",20,7,FALSE
"GOBP_REGULATION_OF_TRANSPORT",1579,1178,FALSE
"GOBP_REGULATION_OF_TRANS_SYNAPTIC_SIGNALING",522,369,TRUE
"GOBP_REGULATION_OF_TRIGLYCERIDE_BIOSYNTHETIC_PROCESS",19,18,TRUE
"GOBP_REGULATION_OF_TRIGLYCERIDE_CATABOLIC_PROCESS",16,8,FALSE
"GOBP_REGULATION_OF_TRIGLYCERIDE_METABOLIC_PROCESS",45,34,TRUE
"GOBP_REGULATION_OF_TRIGLYCERIDE_STORAGE",5,3,FALSE
"GOBP_REGULATION_OF_TRNA_METABOLIC_PROCESS",6,6,FALSE
"GOBP_REGULATION_OF_TROPHOBLAST_CELL_MIGRATION",14,12,FALSE
"GOBP_REGULATION_OF_TUBE_SIZE",156,106,TRUE
"GOBP_REGULATION_OF_TUBULIN_DEACETYLATION",15,12,FALSE
"GOBP_REGULATION_OF_TUMOR_NECROSIS_FACTOR_MEDIATED_SIGNALING_PATHWAY",63,54,TRUE
"GOBP_REGULATION_OF_TYPE_2_IMMUNE_RESPONSE",31,21,TRUE
"GOBP_REGULATION_OF_TYPE_2_MITOPHAGY",13,12,FALSE
"GOBP_REGULATION_OF_TYPE_B_PANCREATIC_CELL_DEVELOPMENT",9,8,FALSE
"GOBP_REGULATION_OF_TYPE_B_PANCREATIC_CELL_PROLIFERATION",10,7,FALSE
"GOBP_REGULATION_OF_TYPE_II_HYPERSENSITIVITY",4,4,FALSE
"GOBP_REGULATION_OF_TYPE_I_INTERFERON_MEDIATED_SIGNALING_PATHWAY",42,38,TRUE
"GOBP_REGULATION_OF_TYROSINE_PHOSPHORYLATION_OF_STAT_PROTEIN",34,25,TRUE
"GOBP_REGULATION_OF_T_CELL_ACTIVATION",386,295,TRUE
"GOBP_REGULATION_OF_T_CELL_ACTIVATION_VIA_T_CELL_RECEPTOR_CONTACT_WITH_ANTIGEN_BOUND_TO_MHC_MOLECULE_ON_ANTIGEN_PRESENTING_CELL",7,4,FALSE
"GOBP_REGULATION_OF_T_CELL_APOPTOTIC_PROCESS",35,24,TRUE
"GOBP_REGULATION_OF_T_CELL_CHEMOTAXIS",13,8,FALSE
"GOBP_REGULATION_OF_T_CELL_COSTIMULATION",6,2,FALSE
"GOBP_REGULATION_OF_T_CELL_DIFFERENTIATION_IN_THYMUS",25,19,TRUE
"GOBP_REGULATION_OF_T_CELL_EXTRAVASATION",5,3,FALSE
"GOBP_REGULATION_OF_T_CELL_MEDIATED_CYTOTOXICITY",35,23,TRUE
"GOBP_REGULATION_OF_T_CELL_MEDIATED_IMMUNITY",94,69,TRUE
"GOBP_REGULATION_OF_T_CELL_MIGRATION",49,36,TRUE
"GOBP_REGULATION_OF_T_CELL_RECEPTOR_SIGNALING_PATHWAY",61,48,TRUE
"GOBP_REGULATION_OF_T_CELL_TOLERANCE_INDUCTION",15,11,FALSE
"GOBP_REGULATION_OF_T_CIRCLE_FORMATION",6,6,FALSE
"GOBP_REGULATION_OF_T_HELPER_17_CELL_DIFFERENTIATION",28,20,TRUE
"GOBP_REGULATION_OF_T_HELPER_17_CELL_LINEAGE_COMMITMENT",15,10,FALSE
"GOBP_REGULATION_OF_T_HELPER_17_TYPE_IMMUNE_RESPONSE",36,25,TRUE
"GOBP_REGULATION_OF_T_HELPER_1_CELL_DIFFERENTIATION",10,8,FALSE
"GOBP_REGULATION_OF_T_HELPER_1_TYPE_IMMUNE_RESPONSE",35,24,TRUE
"GOBP_REGULATION_OF_T_HELPER_2_CELL_DIFFERENTIATION",11,10,FALSE
"GOBP_REGULATION_OF_T_HELPER_CELL_DIFFERENTIATION",47,36,TRUE
"GOBP_REGULATION_OF_UBIQUITIN_DEPENDENT_PROTEIN_CATABOLIC_PROCESS",176,150,TRUE
"GOBP_REGULATION_OF_UBIQUITIN_PROTEIN_LIGASE_ACTIVITY",9,8,FALSE
"GOBP_REGULATION_OF_UBIQUITIN_PROTEIN_TRANSFERASE_ACTIVITY",17,15,TRUE
"GOBP_REGULATION_OF_UNSATURATED_FATTY_ACID_BIOSYNTHETIC_PROCESS",14,11,FALSE
"GOBP_REGULATION_OF_URINE_VOLUME",21,14,FALSE
"GOBP_REGULATION_OF_VACUOLE_ORGANIZATION",59,55,TRUE
"GOBP_REGULATION_OF_VASCULAR_ASSOCIATED_SMOOTH_MUSCLE_CELL_DEDIFFERENTIATION",2,2,FALSE
"GOBP_REGULATION_OF_VASCULAR_ASSOCIATED_SMOOTH_MUSCLE_CELL_DIFFERENTIATION",13,13,FALSE
"GOBP_REGULATION_OF_VASCULAR_ASSOCIATED_SMOOTH_MUSCLE_CONTRACTION",10,8,FALSE
"GOBP_REGULATION_OF_VASCULAR_ENDOTHELIAL_GROWTH_FACTOR_RECEPTOR_SIGNALING_PATHWAY",32,29,TRUE
"GOBP_REGULATION_OF_VASCULAR_PERMEABILITY",50,41,TRUE
"GOBP_REGULATION_OF_VASCULAR_WOUND_HEALING",10,9,FALSE
"GOBP_REGULATION_OF_VASCULATURE_DEVELOPMENT",299,240,TRUE
"GOBP_REGULATION_OF_VASCULOGENESIS",19,18,TRUE
"GOBP_REGULATION_OF_VASOCONSTRICTION",65,43,TRUE
"GOBP_REGULATION_OF_VENTRICULAR_CARDIAC_MUSCLE_CELL_ACTION_POTENTIAL",12,10,FALSE
"GOBP_REGULATION_OF_VENTRICULAR_CARDIAC_MUSCLE_CELL_MEMBRANE_DEPOLARIZATION",6,5,FALSE
"GOBP_REGULATION_OF_VENTRICULAR_CARDIAC_MUSCLE_CELL_MEMBRANE_REPOLARIZATION",23,16,TRUE
"GOBP_REGULATION_OF_VERY_LOW_DENSITY_LIPOPROTEIN_PARTICLE_CLEARANCE",4,3,FALSE
"GOBP_REGULATION_OF_VERY_LOW_DENSITY_LIPOPROTEIN_PARTICLE_REMODELING",8,3,FALSE
"GOBP_REGULATION_OF_VESICLE_FUSION",35,24,TRUE
"GOBP_REGULATION_OF_VESICLE_MEDIATED_TRANSPORT",558,447,TRUE
"GOBP_REGULATION_OF_VESICLE_SIZE",18,15,TRUE
"GOBP_REGULATION_OF_VIRAL_ENTRY_INTO_HOST_CELL",17,12,FALSE
"GOBP_REGULATION_OF_VIRAL_GENOME_REPLICATION",69,57,TRUE
"GOBP_REGULATION_OF_VIRAL_LIFE_CYCLE",103,80,TRUE
"GOBP_REGULATION_OF_VIRAL_PROCESS",130,101,TRUE
"GOBP_REGULATION_OF_VIRAL_TRANSCRIPTION",20,17,TRUE
"GOBP_REGULATION_OF_VITAMIN_D_BIOSYNTHETIC_PROCESS",6,2,FALSE
"GOBP_REGULATION_OF_VITAMIN_D_RECEPTOR_SIGNALING_PATHWAY",10,10,FALSE
"GOBP_REGULATION_OF_VITAMIN_METABOLIC_PROCESS",10,4,FALSE
"GOBP_REGULATION_OF_VOLTAGE_GATED_CALCIUM_CHANNEL_ACTIVITY",13,8,FALSE
"GOBP_REGULATION_OF_WNT_PROTEIN_SECRETION",5,4,FALSE
"GOBP_REGULATION_OF_WNT_SIGNALING_PATHWAY",337,276,TRUE
"GOBP_REGULATION_OF_WNT_SIGNALING_PATHWAY_PLANAR_CELL_POLARITY_PATHWAY",14,9,FALSE
"GOBP_REGULATION_OF_WOUND_HEALING",127,95,TRUE
"GOBP_REGULATION_OF_WOUND_HEALING_SPREADING_OF_EPIDERMAL_CELLS",8,7,FALSE
"GOBP_REGULATION_OF_XENOPHAGY",12,12,FALSE
"GOBP_REGULATION_PROTEIN_CATABOLIC_PROCESS_AT_SYNAPSE",6,5,FALSE
"GOBP_REGULATORY_NCRNA_MEDIATED_GENE_SILENCING",134,107,TRUE
"GOBP_REGULATORY_NCRNA_MEDIATED_HETEROCHROMATIN_FORMATION",25,14,FALSE
"GOBP_REGULATORY_NCRNA_PROCESSING",71,52,TRUE
"GOBP_REGULATORY_T_CELL_DIFFERENTIATION",60,46,TRUE
"GOBP_RELAXATION_OF_CARDIAC_MUSCLE",17,15,TRUE
"GOBP_RELAXATION_OF_MUSCLE",35,29,TRUE
"GOBP_RELAXATION_OF_SMOOTH_MUSCLE",12,10,FALSE
"GOBP_RELAXATION_OF_VASCULAR_ASSOCIATED_SMOOTH_MUSCLE",6,5,FALSE
"GOBP_RELEASE_OF_CYTOCHROME_C_FROM_MITOCHONDRIA",53,44,TRUE
"GOBP_RELEASE_OF_SEQUESTERED_CALCIUM_ION_INTO_CYTOSOL_BY_ENDOPLASMIC_RETICULUM",42,37,TRUE
"GOBP_RENAL_ABSORPTION",43,23,TRUE
"GOBP_RENAL_ALBUMIN_ABSORPTION",6,5,FALSE
"GOBP_RENAL_CONTROL_OF_PERIPHERAL_VASCULAR_RESISTANCE_INVOLVED_IN_REGULATION_OF_SYSTEMIC_ARTERIAL_BLOOD_PRESSURE",7,5,FALSE
"GOBP_RENAL_FILTRATION",30,27,TRUE
"GOBP_RENAL_PROTEIN_ABSORPTION",10,7,FALSE
"GOBP_RENAL_RESPONSE_TO_BLOOD_FLOW_INVOLVED_IN_CIRCULATORY_RENIN_ANGIOTENSIN_REGULATION_OF_SYSTEMIC_ARTERIAL_BLOOD_PRESSURE",8,8,FALSE
"GOBP_RENAL_SODIUM_EXCRETION",12,7,FALSE
"GOBP_RENAL_SODIUM_ION_TRANSPORT",18,11,FALSE
"GOBP_RENAL_SYSTEM_DEVELOPMENT",327,248,TRUE
"GOBP_RENAL_SYSTEM_PROCESS",145,98,TRUE
"GOBP_RENAL_SYSTEM_PROCESS_INVOLVED_IN_REGULATION_OF_BLOOD_VOLUME",15,10,FALSE
"GOBP_RENAL_SYSTEM_PROCESS_INVOLVED_IN_REGULATION_OF_SYSTEMIC_ARTERIAL_BLOOD_PRESSURE",28,21,TRUE
"GOBP_RENAL_SYSTEM_VASCULATURE_DEVELOPMENT",32,27,TRUE
"GOBP_RENAL_SYSTEM_VASCULATURE_MORPHOGENESIS",8,6,FALSE
"GOBP_RENAL_TUBULAR_SECRETION",20,11,FALSE
"GOBP_RENAL_TUBULE_DEVELOPMENT",102,64,TRUE
"GOBP_RENAL_VESICLE_DEVELOPMENT",17,8,FALSE
"GOBP_RENAL_VESICLE_FORMATION",7,6,FALSE
"GOBP_RENAL_WATER_ABSORPTION",7,4,FALSE
"GOBP_RENAL_WATER_HOMEOSTASIS",37,26,TRUE
"GOBP_RENAL_WATER_TRANSPORT",10,5,FALSE
"GOBP_REPLACEMENT_OSSIFICATION",31,27,TRUE
"GOBP_REPLICATION_BORN_DOUBLE_STRAND_BREAK_REPAIR_VIA_SISTER_CHROMATID_EXCHANGE",6,5,FALSE
"GOBP_REPLICATION_FORK_REVERSAL",5,5,FALSE
"GOBP_REPLICATIVE_SENESCENCE",15,14,FALSE
"GOBP_REPRODUCTIVE_BEHAVIOR",46,27,TRUE
"GOBP_REPRODUCTIVE_PROCESS",1606,964,FALSE
"GOBP_REPRODUCTIVE_SYSTEM_DEVELOPMENT",297,190,TRUE
"GOBP_RESCUE_OF_STALLED_RIBOSOME",37,35,TRUE
"GOBP_RESOLUTION_OF_DNA_RECOMBINATION_INTERMEDIATES",9,8,FALSE
"GOBP_RESOLUTION_OF_MEIOTIC_RECOMBINATION_INTERMEDIATES",15,10,FALSE
"GOBP_RESOLUTION_OF_MITOTIC_RECOMBINATION_INTERMEDIATES",5,5,FALSE
"GOBP_RESPIRATORY_BURST",37,29,TRUE
"GOBP_RESPIRATORY_BURST_INVOLVED_IN_DEFENSE_RESPONSE",17,14,FALSE
"GOBP_RESPIRATORY_BURST_INVOLVED_IN_INFLAMMATORY_RESPONSE",10,8,FALSE
"GOBP_RESPIRATORY_CHAIN_COMPLEX_III_ASSEMBLY",13,9,FALSE
"GOBP_RESPIRATORY_CHAIN_COMPLEX_IV_ASSEMBLY",28,17,TRUE
"GOBP_RESPIRATORY_GASEOUS_EXCHANGE_BY_RESPIRATORY_SYSTEM",77,52,TRUE
"GOBP_RESPIRATORY_SYSTEM_DEVELOPMENT",227,167,TRUE
"GOBP_RESPIRATORY_SYSTEM_PROCESS",47,34,TRUE
"GOBP_RESPONSE_TO_2_3_7_8_TETRACHLORODIBENZODIOXINE",8,5,FALSE
"GOBP_RESPONSE_TO_ABIOTIC_STIMULUS",1131,861,FALSE
"GOBP_RESPONSE_TO_ACETYLCHOLINE",53,29,TRUE
"GOBP_RESPONSE_TO_ACIDIC_PH",28,17,TRUE
"GOBP_RESPONSE_TO_ACID_CHEMICAL",130,97,TRUE
"GOBP_RESPONSE_TO_ACTIVITY",77,65,TRUE
"GOBP_RESPONSE_TO_ALCOHOL",276,189,TRUE
"GOBP_RESPONSE_TO_ALDOSTERONE",16,13,FALSE
"GOBP_RESPONSE_TO_ALKALOID",99,73,TRUE
"GOBP_RESPONSE_TO_AMINE",49,34,TRUE
"GOBP_RESPONSE_TO_AMINO_ACID_STARVATION",53,50,TRUE
"GOBP_RESPONSE_TO_AMMONIUM_ION",6,2,FALSE
"GOBP_RESPONSE_TO_AMPHETAMINE",33,23,TRUE
"GOBP_RESPONSE_TO_AMYLOID_BETA",53,45,TRUE
"GOBP_RESPONSE_TO_ANESTHETIC",6,5,FALSE
"GOBP_RESPONSE_TO_ANGIOTENSIN",41,38,TRUE
"GOBP_RESPONSE_TO_ANTIBIOTIC",37,31,TRUE
"GOBP_RESPONSE_TO_ARSENIC_CONTAINING_SUBSTANCE",29,23,TRUE
"GOBP_RESPONSE_TO_ATP",31,27,TRUE
"GOBP_RESPONSE_TO_AUDITORY_STIMULUS",32,20,TRUE
"GOBP_RESPONSE_TO_AXON_INJURY",74,62,TRUE
"GOBP_RESPONSE_TO_BACTERIAL_LIPOPROTEIN",8,6,FALSE
"GOBP_RESPONSE_TO_BACTERIUM",639,414,TRUE
"GOBP_RESPONSE_TO_BILE_ACID",7,4,FALSE
"GOBP_RESPONSE_TO_BISPHENOL_A",5,5,FALSE
"GOBP_RESPONSE_TO_BLEOMYCIN",5,4,FALSE
"GOBP_RESPONSE_TO_BLUE_LIGHT",7,5,FALSE
"GOBP_RESPONSE_TO_BMP",172,120,TRUE
"GOBP_RESPONSE_TO_CADMIUM_ION",38,29,TRUE
"GOBP_RESPONSE_TO_CAFFEINE",16,16,TRUE
"GOBP_RESPONSE_TO_CALCIUM_ION",140,99,TRUE
"GOBP_RESPONSE_TO_CALORIC_RESTRICTION",11,10,FALSE
"GOBP_RESPONSE_TO_CAMP",85,61,TRUE
"GOBP_RESPONSE_TO_CAMPTOTHECIN",5,5,FALSE
"GOBP_RESPONSE_TO_CARBOHYDRATE",226,166,TRUE
"GOBP_RESPONSE_TO_CELL_CYCLE_CHECKPOINT_SIGNALING",9,9,FALSE
"GOBP_RESPONSE_TO_CGMP",9,8,FALSE
"GOBP_RESPONSE_TO_CHEMOKINE",86,53,TRUE
"GOBP_RESPONSE_TO_CISPLATIN",7,6,FALSE
"GOBP_RESPONSE_TO_COBALT_ION",9,9,FALSE
"GOBP_RESPONSE_TO_COCAINE",53,33,TRUE
"GOBP_RESPONSE_TO_COLD",47,36,TRUE
"GOBP_RESPONSE_TO_COPPER_ION",32,24,TRUE
"GOBP_RESPONSE_TO_CORTICOSTEROID",150,104,TRUE
"GOBP_RESPONSE_TO_CORTICOSTERONE",17,11,FALSE
"GOBP_RESPONSE_TO_CORTICOTROPIN_RELEASING_HORMONE",6,4,FALSE
"GOBP_RESPONSE_TO_CORTISOL",9,6,FALSE
"GOBP_RESPONSE_TO_DEXAMETHASONE",38,30,TRUE
"GOBP_RESPONSE_TO_DIACYL_BACTERIAL_LIPOPEPTIDE",4,3,FALSE
"GOBP_RESPONSE_TO_DIETARY_EXCESS",37,20,TRUE
"GOBP_RESPONSE_TO_DISACCHARIDE",6,3,FALSE
"GOBP_RESPONSE_TO_DSRNA",42,36,TRUE
"GOBP_RESPONSE_TO_ELECTRICAL_STIMULUS",36,22,TRUE
"GOBP_RESPONSE_TO_ENDOGENOUS_STIMULUS",1497,1127,FALSE
"GOBP_RESPONSE_TO_ENDOPLASMIC_RETICULUM_STRESS",279,241,TRUE
"GOBP_RESPONSE_TO_ENDOTHELIN",11,10,FALSE
"GOBP_RESPONSE_TO_EPIDERMAL_GROWTH_FACTOR",51,45,TRUE
"GOBP_RESPONSE_TO_EPINEPHRINE",15,13,FALSE
"GOBP_RESPONSE_TO_ERYTHROPOIETIN",8,6,FALSE
"GOBP_RESPONSE_TO_ESTRADIOL",110,78,TRUE
"GOBP_RESPONSE_TO_ESTROGEN",63,42,TRUE
"GOBP_RESPONSE_TO_ETHANOL",137,81,TRUE
"GOBP_RESPONSE_TO_ETHER",21,15,TRUE
"GOBP_RESPONSE_TO_FATTY_ACID",63,42,TRUE
"GOBP_RESPONSE_TO_FIBROBLAST_GROWTH_FACTOR",118,77,TRUE
"GOBP_RESPONSE_TO_FLUID_SHEAR_STRESS",58,52,TRUE
"GOBP_RESPONSE_TO_FOLIC_ACID",9,7,FALSE
"GOBP_RESPONSE_TO_FOLLICLE_STIMULATING_HORMONE",16,9,FALSE
"GOBP_RESPONSE_TO_FOOD",52,31,TRUE
"GOBP_RESPONSE_TO_FORSKOLIN",17,15,TRUE
"GOBP_RESPONSE_TO_FRUCTOSE",9,6,FALSE
"GOBP_RESPONSE_TO_FUNGICIDE",5,4,FALSE
"GOBP_RESPONSE_TO_FUNGUS",66,40,TRUE
"GOBP_RESPONSE_TO_GAMMA_RADIATION",52,50,TRUE
"GOBP_RESPONSE_TO_GENISTEIN",5,1,FALSE
"GOBP_RESPONSE_TO_GLUCAGON",30,24,TRUE
"GOBP_RESPONSE_TO_GLYCOPROTEIN",9,5,FALSE
"GOBP_RESPONSE_TO_GLYCOSIDE",5,5,FALSE
"GOBP_RESPONSE_TO_GONADOTROPIN",27,15,TRUE
"GOBP_RESPONSE_TO_GONADOTROPIN_RELEASING_HORMONE",7,2,FALSE
"GOBP_RESPONSE_TO_GRAM_POSITIVE_BACTERIUM",6,3,FALSE
"GOBP_RESPONSE_TO_GRANULOCYTE_MACROPHAGE_COLONY_STIMULATING_FACTOR",12,8,FALSE
"GOBP_RESPONSE_TO_GRAVITY",8,6,FALSE
"GOBP_RESPONSE_TO_GROWTH_FACTOR",721,564,FALSE
"GOBP_RESPONSE_TO_GROWTH_HORMONE",40,30,TRUE
"GOBP_RESPONSE_TO_HEAT",97,81,TRUE
"GOBP_RESPONSE_TO_HEPARIN",6,4,FALSE
"GOBP_RESPONSE_TO_HEPATOCYTE_GROWTH_FACTOR",18,13,FALSE
"GOBP_RESPONSE_TO_HERBICIDE",5,4,FALSE
"GOBP_RESPONSE_TO_HIGH_LIGHT_INTENSITY",5,3,FALSE
"GOBP_RESPONSE_TO_HISTAMINE",11,2,FALSE
"GOBP_RESPONSE_TO_HORMONE",911,679,FALSE
"GOBP_RESPONSE_TO_HYDROGEN_PEROXIDE",90,77,TRUE
"GOBP_RESPONSE_TO_HYDROGEN_SULFIDE",5,4,FALSE
"GOBP_RESPONSE_TO_HYDROPEROXIDE",19,13,FALSE
"GOBP_RESPONSE_TO_HYDROSTATIC_PRESSURE",6,5,FALSE
"GOBP_RESPONSE_TO_HYDROXYUREA",12,10,FALSE
"GOBP_RESPONSE_TO_HYPEROXIA",19,13,FALSE
"GOBP_RESPONSE_TO_IMMOBILIZATION_STRESS",22,17,TRUE
"GOBP_RESPONSE_TO_INACTIVITY",11,8,FALSE
"GOBP_RESPONSE_TO_INCREASED_OXYGEN_LEVELS",27,19,TRUE
"GOBP_RESPONSE_TO_INDOLE_3_METHANOL",6,6,FALSE
"GOBP_RESPONSE_TO_INSECTICIDE",7,4,FALSE
"GOBP_RESPONSE_TO_INSULIN",279,226,TRUE
"GOBP_RESPONSE_TO_INSULIN_LIKE_GROWTH_FACTOR_STIMULUS",6,5,FALSE
"GOBP_RESPONSE_TO_INTERFERON_ALPHA",19,16,TRUE
"GOBP_RESPONSE_TO_INTERFERON_BETA",34,27,TRUE
"GOBP_RESPONSE_TO_INTERLEUKIN_1",107,88,TRUE
"GOBP_RESPONSE_TO_INTERLEUKIN_12",12,10,FALSE
"GOBP_RESPONSE_TO_INTERLEUKIN_13",9,5,FALSE
"GOBP_RESPONSE_TO_INTERLEUKIN_15",11,9,FALSE
"GOBP_RESPONSE_TO_INTERLEUKIN_17",22,18,TRUE
"GOBP_RESPONSE_TO_INTERLEUKIN_18",13,10,FALSE
"GOBP_RESPONSE_TO_INTERLEUKIN_2",12,9,FALSE
"GOBP_RESPONSE_TO_INTERLEUKIN_3",7,6,FALSE
"GOBP_RESPONSE_TO_INTERLEUKIN_4",43,32,TRUE
"GOBP_RESPONSE_TO_INTERLEUKIN_6",39,28,TRUE
"GOBP_RESPONSE_TO_INTERLEUKIN_7",22,17,TRUE
"GOBP_RESPONSE_TO_INTERLEUKIN_9",9,5,FALSE
"GOBP_RESPONSE_TO_IONIZING_RADIATION",138,123,TRUE
"GOBP_RESPONSE_TO_IONOMYCIN",5,4,FALSE
"GOBP_RESPONSE_TO_IRON_II_ION",7,6,FALSE
"GOBP_RESPONSE_TO_IRON_ION",30,24,TRUE
"GOBP_RESPONSE_TO_ISCHEMIA",59,48,TRUE
"GOBP_RESPONSE_TO_ISOQUINOLINE_ALKALOID",19,11,FALSE
"GOBP_RESPONSE_TO_KAINIC_ACID",5,4,FALSE
"GOBP_RESPONSE_TO_KETONE",219,159,TRUE
"GOBP_RESPONSE_TO_LAMINAR_FLUID_SHEAR_STRESS",33,31,TRUE
"GOBP_RESPONSE_TO_LEAD_ION",18,15,TRUE
"GOBP_RESPONSE_TO_LECTIN",20,14,FALSE
"GOBP_RESPONSE_TO_LEPTIN",22,16,TRUE
"GOBP_RESPONSE_TO_LEUKEMIA_INHIBITORY_FACTOR",104,84,TRUE
"GOBP_RESPONSE_TO_LIGHT_INTENSITY",19,10,FALSE
"GOBP_RESPONSE_TO_LIGHT_STIMULUS",323,234,TRUE
"GOBP_RESPONSE_TO_LIPID",917,651,FALSE
"GOBP_RESPONSE_TO_LIPOPROTEIN_PARTICLE",33,27,TRUE
"GOBP_RESPONSE_TO_LIPOTEICHOIC_ACID",11,9,FALSE
"GOBP_RESPONSE_TO_LITHIUM_ION",16,13,FALSE
"GOBP_RESPONSE_TO_LUTEINIZING_HORMONE",7,6,FALSE
"GOBP_RESPONSE_TO_L_ASCORBIC_ACID",4,3,FALSE
"GOBP_RESPONSE_TO_L_GLUTAMATE",18,11,FALSE
"GOBP_RESPONSE_TO_L_LEUCINE",15,13,FALSE
"GOBP_RESPONSE_TO_L_PHENYLALANINE_DERIVATIVE",5,4,FALSE
"GOBP_RESPONSE_TO_MACROPHAGE_COLONY_STIMULATING_FACTOR",18,16,TRUE
"GOBP_RESPONSE_TO_MAGNESIUM_ION",19,11,FALSE
"GOBP_RESPONSE_TO_MANGANESE_ION",14,13,FALSE
"GOBP_RESPONSE_TO_MECHANICAL_STIMULUS",220,171,TRUE
"GOBP_RESPONSE_TO_MERCURY_ION",13,8,FALSE
"GOBP_RESPONSE_TO_METAL_ION",324,239,TRUE
"GOBP_RESPONSE_TO_METAL_ION_STARVATION",9,8,FALSE
"GOBP_RESPONSE_TO_METHIONINE",6,4,FALSE
"GOBP_RESPONSE_TO_METHYLGLYOXAL",5,4,FALSE
"GOBP_RESPONSE_TO_MINERALOCORTICOID",37,27,TRUE
"GOBP_RESPONSE_TO_MISFOLDED_PROTEIN",20,18,TRUE
"GOBP_RESPONSE_TO_MITOCHONDRIAL_DEPOLARISATION",6,6,FALSE
"GOBP_RESPONSE_TO_MOLECULE_OF_BACTERIAL_ORIGIN",336,251,TRUE
"GOBP_RESPONSE_TO_MOLECULE_OF_FUNGAL_ORIGIN",5,5,FALSE
"GOBP_RESPONSE_TO_MONOAMINE",61,42,TRUE
"GOBP_RESPONSE_TO_MONOSACCHARIDE",200,146,TRUE
"GOBP_RESPONSE_TO_MURAMYL_DIPEPTIDE",21,19,TRUE
"GOBP_RESPONSE_TO_MUSCLE_ACTIVITY",30,28,TRUE
"GOBP_RESPONSE_TO_MUSCLE_INACTIVITY",8,7,FALSE
"GOBP_RESPONSE_TO_MUSCLE_STRETCH",26,23,TRUE
"GOBP_RESPONSE_TO_NEMATODE",9,4,FALSE
"GOBP_RESPONSE_TO_NERVE_GROWTH_FACTOR",52,43,TRUE
"GOBP_RESPONSE_TO_NICOTINE",50,27,TRUE
"GOBP_RESPONSE_TO_NITRIC_OXIDE",22,16,TRUE
"GOBP_RESPONSE_TO_NITROGEN_COMPOUND",1067,823,FALSE
"GOBP_RESPONSE_TO_NITROSATIVE_STRESS",10,8,FALSE
"GOBP_RESPONSE_TO_NUTRIENT",153,113,TRUE
"GOBP_RESPONSE_TO_NUTRIENT_LEVELS",504,380,TRUE
"GOBP_RESPONSE_TO_ODORANT",5,4,FALSE
"GOBP_RESPONSE_TO_ORGANOPHOSPHORUS",122,94,TRUE
"GOBP_RESPONSE_TO_OSCILLATORY_FLUID_SHEAR_STRESS",5,4,FALSE
"GOBP_RESPONSE_TO_OSMOTIC_STRESS",87,72,TRUE
"GOBP_RESPONSE_TO_OXIDATIVE_STRESS",423,358,TRUE
"GOBP_RESPONSE_TO_OXYGEN_CONTAINING_COMPOUND",1625,1204,FALSE
"GOBP_RESPONSE_TO_OXYGEN_GLUCOSE_DEPRIVATION",9,8,FALSE
"GOBP_RESPONSE_TO_OXYGEN_LEVELS",332,271,TRUE
"GOBP_RESPONSE_TO_OXYGEN_RADICAL",25,22,TRUE
"GOBP_RESPONSE_TO_PAIN",36,24,TRUE
"GOBP_RESPONSE_TO_PARATHYROID_HORMONE",14,8,FALSE
"GOBP_RESPONSE_TO_PEPTIDE",957,745,FALSE
"GOBP_RESPONSE_TO_PEPTIDE_HORMONE",451,358,TRUE
"GOBP_RESPONSE_TO_PEPTIDOGLYCAN",13,9,FALSE
"GOBP_RESPONSE_TO_PH",42,26,TRUE
"GOBP_RESPONSE_TO_PHENYLPROPANOID",7,3,FALSE
"GOBP_RESPONSE_TO_PHEROMONE",5,2,FALSE
"GOBP_RESPONSE_TO_PHORBOL_13_ACETATE_12_MYRISTATE",11,10,FALSE
"GOBP_RESPONSE_TO_PLATELET_DERIVED_GROWTH_FACTOR",27,27,TRUE
"GOBP_RESPONSE_TO_POTASSIUM_ION",19,13,FALSE
"GOBP_RESPONSE_TO_PROGESTERONE",33,27,TRUE
"GOBP_RESPONSE_TO_PROSTAGLANDIN",40,27,TRUE
"GOBP_RESPONSE_TO_PROSTAGLANDIN_D",9,3,FALSE
"GOBP_RESPONSE_TO_PROSTAGLANDIN_E",28,21,TRUE
"GOBP_RESPONSE_TO_PROTOZOAN",29,22,TRUE
"GOBP_RESPONSE_TO_PURINE_CONTAINING_COMPOUND",142,112,TRUE
"GOBP_RESPONSE_TO_RADIATION",438,332,TRUE
"GOBP_RESPONSE_TO_RAPAMYCIN",7,6,FALSE
"GOBP_RESPONSE_TO_REACTIVE_OXYGEN_SPECIES",182,154,TRUE
"GOBP_RESPONSE_TO_REDOX_STATE",14,13,FALSE
"GOBP_RESPONSE_TO_RESVERATROL",5,3,FALSE
"GOBP_RESPONSE_TO_RETINOIC_ACID",104,68,TRUE
"GOBP_RESPONSE_TO_SALT",24,21,TRUE
"GOBP_RESPONSE_TO_SALT_STRESS",21,16,TRUE
"GOBP_RESPONSE_TO_SELENIUM_ION",8,6,FALSE
"GOBP_RESPONSE_TO_SODIUM_ARSENITE",7,7,FALSE
"GOBP_RESPONSE_TO_SODIUM_PHOSPHATE",8,6,FALSE
"GOBP_RESPONSE_TO_STARVATION",222,188,TRUE
"GOBP_RESPONSE_TO_STEROID_HORMONE",331,247,TRUE
"GOBP_RESPONSE_TO_STEROL",33,24,TRUE
"GOBP_RESPONSE_TO_STEROL_DEPLETION",19,18,TRUE
"GOBP_RESPONSE_TO_STILBENOID",11,6,FALSE
"GOBP_RESPONSE_TO_STIMULUS_INVOLVED_IN_REGULATION_OF_MUSCLE_ADAPTATION",12,11,FALSE
"GOBP_RESPONSE_TO_SUCROSE",5,2,FALSE
"GOBP_RESPONSE_TO_SYMBIONT",5,2,FALSE
"GOBP_RESPONSE_TO_TEMPERATURE_STIMULUS",172,131,TRUE
"GOBP_RESPONSE_TO_TESTOSTERONE",39,23,TRUE
"GOBP_RESPONSE_TO_THYROGLOBULIN_TRIIODOTHYRONINE",5,5,FALSE
"GOBP_RESPONSE_TO_THYROID_HORMONE",20,16,TRUE
"GOBP_RESPONSE_TO_TOPOLOGICALLY_INCORRECT_PROTEIN",169,147,TRUE
"GOBP_RESPONSE_TO_TOXIC_SUBSTANCE",244,169,TRUE
"GOBP_RESPONSE_TO_TRANSFORMING_GROWTH_FACTOR_BETA",272,223,TRUE
"GOBP_RESPONSE_TO_TUMOR_CELL",49,38,TRUE
"GOBP_RESPONSE_TO_TUMOR_NECROSIS_FACTOR",213,175,TRUE
"GOBP_RESPONSE_TO_TYPE_III_INTERFERON",8,6,FALSE
"GOBP_RESPONSE_TO_TYPE_II_INTERFERON",137,110,TRUE
"GOBP_RESPONSE_TO_TYPE_I_INTERFERON",111,99,TRUE
"GOBP_RESPONSE_TO_UV",151,127,TRUE
"GOBP_RESPONSE_TO_UV_A",15,11,FALSE
"GOBP_RESPONSE_TO_UV_B",20,15,TRUE
"GOBP_RESPONSE_TO_UV_C",11,9,FALSE
"GOBP_RESPONSE_TO_VASOPRESSIN",6,5,FALSE
"GOBP_RESPONSE_TO_VIRUS",388,317,TRUE
"GOBP_RESPONSE_TO_VITAMIN",85,63,TRUE
"GOBP_RESPONSE_TO_VITAMIN_A",14,10,FALSE
"GOBP_RESPONSE_TO_VITAMIN_B6",7,6,FALSE
"GOBP_RESPONSE_TO_VITAMIN_D",37,27,TRUE
"GOBP_RESPONSE_TO_VITAMIN_E",7,6,FALSE
"GOBP_RESPONSE_TO_VITAMIN_K",5,4,FALSE
"GOBP_RESPONSE_TO_WATER",13,10,FALSE
"GOBP_RESPONSE_TO_WATER_DEPRIVATION",6,4,FALSE
"GOBP_RESPONSE_TO_WOUNDING",576,440,TRUE
"GOBP_RESPONSE_TO_XENOBIOTIC_STIMULUS",377,255,TRUE
"GOBP_RESPONSE_TO_X_RAY",27,22,TRUE
"GOBP_RESPONSE_TO_YEAST",16,10,FALSE
"GOBP_RESPONSE_TO_ZINC_ION",39,27,TRUE
"GOBP_RETICULOPHAGY",26,23,TRUE
"GOBP_RETINAL_BIPOLAR_NEURON_DIFFERENTIATION",11,7,FALSE
"GOBP_RETINAL_BLOOD_VESSEL_MORPHOGENESIS",6,4,FALSE
"GOBP_RETINAL_CELL_PROGRAMMED_CELL_DEATH",4,3,FALSE
"GOBP_RETINAL_CONE_CELL_DEVELOPMENT",10,5,FALSE
"GOBP_RETINAL_CONE_CELL_DIFFERENTIATION",12,6,FALSE
"GOBP_RETINAL_GANGLION_CELL_AXON_GUIDANCE",23,14,FALSE
"GOBP_RETINAL_METABOLIC_PROCESS",16,10,FALSE
"GOBP_RETINAL_PIGMENT_EPITHELIUM_DEVELOPMENT",10,6,FALSE
"GOBP_RETINAL_ROD_CELL_DEVELOPMENT",10,6,FALSE
"GOBP_RETINAL_ROD_CELL_DIFFERENTIATION",16,10,FALSE
"GOBP_RETINA_DEVELOPMENT_IN_CAMERA_TYPE_EYE",176,115,TRUE
"GOBP_RETINA_HOMEOSTASIS",59,38,TRUE
"GOBP_RETINA_LAYER_FORMATION",26,16,TRUE
"GOBP_RETINA_MORPHOGENESIS_IN_CAMERA_TYPE_EYE",68,41,TRUE
"GOBP_RETINA_VASCULATURE_DEVELOPMENT_IN_CAMERA_TYPE_EYE",20,18,TRUE
"GOBP_RETINA_VASCULATURE_MORPHOGENESIS_IN_CAMERA_TYPE_EYE",10,8,FALSE
"GOBP_RETINOIC_ACID_METABOLIC_PROCESS",26,14,FALSE
"GOBP_RETINOIC_ACID_RECEPTOR_SIGNALING_PATHWAY",36,32,TRUE
"GOBP_RETINOL_METABOLIC_PROCESS",53,23,TRUE
"GOBP_RETROGRADE_AXONAL_TRANSPORT",23,20,TRUE
"GOBP_RETROGRADE_NEURONAL_DENSE_CORE_VESICLE_TRANSPORT",5,5,FALSE
"GOBP_RETROGRADE_TRANSPORT_ENDOSOME_TO_GOLGI",104,95,TRUE
"GOBP_RETROGRADE_TRANSPORT_VESICLE_RECYCLING_WITHIN_GOLGI",9,9,FALSE
"GOBP_RETROGRADE_TRANS_SYNAPTIC_SIGNALING",10,10,FALSE
"GOBP_RETROGRADE_TRANS_SYNAPTIC_SIGNALING_BY_LIPID",5,5,FALSE
"GOBP_RETROGRADE_VESICLE_MEDIATED_TRANSPORT_GOLGI_TO_ENDOPLASMIC_RETICULUM",52,51,TRUE
"GOBP_REVERSE_CHOLESTEROL_TRANSPORT",18,10,FALSE
"GOBP_REVERSIBLE_DIFFERENTIATION",4,4,FALSE
"GOBP_RHOMBOMERE_DEVELOPMENT",7,3,FALSE
"GOBP_RHO_ACTIVATING_G_PROTEIN_COUPLED_RECEPTOR_SIGNALING_PATHWAY",6,5,FALSE
"GOBP_RHO_PROTEIN_SIGNAL_TRANSDUCTION",144,127,TRUE
"GOBP_RHYTHMIC_BEHAVIOR",50,31,TRUE
"GOBP_RHYTHMIC_PROCESS",298,219,TRUE
"GOBP_RIBOFLAVIN_METABOLIC_PROCESS",4,4,FALSE
"GOBP_RIBOFLAVIN_TRANSPORT",5,3,FALSE
"GOBP_RIBONUCLEOPROTEIN_COMPLEX_BIOGENESIS",491,424,TRUE
"GOBP_RIBONUCLEOPROTEIN_COMPLEX_LOCALIZATION",12,12,FALSE
"GOBP_RIBONUCLEOSIDE_CATABOLIC_PROCESS",6,5,FALSE
"GOBP_RIBONUCLEOSIDE_DIPHOSPHATE_BIOSYNTHETIC_PROCESS",11,10,FALSE
"GOBP_RIBONUCLEOSIDE_METABOLIC_PROCESS",22,15,TRUE
"GOBP_RIBONUCLEOSIDE_MONOPHOSPHATE_BIOSYNTHETIC_PROCESS",35,28,TRUE
"GOBP_RIBONUCLEOSIDE_MONOPHOSPHATE_CATABOLIC_PROCESS",17,12,FALSE
"GOBP_RIBONUCLEOSIDE_TRIPHOSPHATE_CATABOLIC_PROCESS",5,3,FALSE
"GOBP_RIBONUCLEOTIDE_CATABOLIC_PROCESS",138,120,TRUE
"GOBP_RIBOSE_PHOSPHATE_BIOSYNTHETIC_PROCESS",182,138,TRUE
"GOBP_RIBOSE_PHOSPHATE_METABOLIC_PROCESS",376,303,TRUE
"GOBP_RIBOSOMAL_LARGE_SUBUNIT_ASSEMBLY",28,25,TRUE
"GOBP_RIBOSOMAL_LARGE_SUBUNIT_BIOGENESIS",81,61,TRUE
"GOBP_RIBOSOMAL_LARGE_SUBUNIT_EXPORT_FROM_NUCLEUS",7,7,FALSE
"GOBP_RIBOSOMAL_SMALL_SUBUNIT_ASSEMBLY",22,18,TRUE
"GOBP_RIBOSOMAL_SMALL_SUBUNIT_BIOGENESIS",116,95,TRUE
"GOBP_RIBOSOMAL_SMALL_SUBUNIT_EXPORT_FROM_NUCLEUS",8,8,FALSE
"GOBP_RIBOSOME_ASSEMBLY",69,60,TRUE
"GOBP_RIBOSOME_ASSOCIATED_UBIQUITIN_DEPENDENT_PROTEIN_CATABOLIC_PROCESS",18,16,TRUE
"GOBP_RIBOSOME_BIOGENESIS",330,276,TRUE
"GOBP_RIBOSOME_DISASSEMBLY",45,42,TRUE
"GOBP_RIBOSOME_LOCALIZATION",13,13,FALSE
"GOBP_RIGHTING_REFLEX",10,7,FALSE
"GOBP_RIG_I_SIGNALING_PATHWAY",28,26,TRUE
"GOBP_RISC_COMPLEX_ASSEMBLY",10,10,FALSE
"GOBP_RNA_3_END_PROCESSING",96,85,TRUE
"GOBP_RNA_5_END_PROCESSING",40,34,TRUE
"GOBP_RNA_CAPPING",18,15,TRUE
"GOBP_RNA_DECAPPING",29,23,TRUE
"GOBP_RNA_EXPORT_FROM_NUCLEUS",89,81,TRUE
"GOBP_RNA_FOLDING",5,4,FALSE
"GOBP_RNA_GUANINE_N7_METHYLATION",6,5,FALSE
"GOBP_RNA_IMPORT_INTO_MITOCHONDRION",5,4,FALSE
"GOBP_RNA_LOCALIZATION",196,172,TRUE
"GOBP_RNA_METHYLATION",85,70,TRUE
"GOBP_RNA_MODIFICATION",172,144,TRUE
"GOBP_RNA_POLYMERASE_II_PREINITIATION_COMPLEX_ASSEMBLY",57,50,TRUE
"GOBP_RNA_POLYMERASE_II_TRANSCRIPTION_INITIATION_SURVEILLANCE",19,17,TRUE
"GOBP_RNA_POLYMERASE_I_PREINITIATION_COMPLEX_ASSEMBLY",9,8,FALSE
"GOBP_RNA_PROCESSING",956,811,FALSE
"GOBP_RNA_SPLICING",453,395,TRUE
"GOBP_RNA_SPLICING_VIA_ENDONUCLEOLYTIC_CLEAVAGE_AND_LIGATION",15,14,FALSE
"GOBP_RNA_SPLICING_VIA_TRANSESTERIFICATION_REACTIONS",325,284,TRUE
"GOBP_RNA_SURVEILLANCE",39,37,TRUE
"GOBP_RNA_TEMPLATED_DNA_BIOSYNTHETIC_PROCESS",60,55,TRUE
"GOBP_ROOF_OF_MOUTH_DEVELOPMENT",91,70,TRUE
"GOBP_ROSTROCAUDAL_NEURAL_TUBE_PATTERNING",11,6,FALSE
"GOBP_ROUNDABOUT_SIGNALING_PATHWAY",5,5,FALSE
"GOBP_RRNA_2_O_METHYLATION",9,7,FALSE
"GOBP_RRNA_3_END_PROCESSING",12,12,FALSE
"GOBP_RRNA_5_END_PROCESSING",5,5,FALSE
"GOBP_RRNA_BASE_METHYLATION",9,6,FALSE
"GOBP_RRNA_CATABOLIC_PROCESS",21,16,TRUE
"GOBP_RRNA_METABOLIC_PROCESS",287,236,TRUE
"GOBP_RRNA_METHYLATION",27,20,TRUE
"GOBP_RRNA_MODIFICATION",38,29,TRUE
"GOBP_RRNA_PROCESSING",234,195,TRUE
"GOBP_RRNA_PSEUDOURIDINE_SYNTHESIS",10,8,FALSE
"GOBP_RRNA_TRANSCRIPTION",47,40,TRUE
"GOBP_RUFFLE_ASSEMBLY",43,38,TRUE
"GOBP_RUFFLE_ORGANIZATION",55,50,TRUE
"GOBP_R_LOOP_PROCESSING",10,9,FALSE
"GOBP_SALIVARY_GLAND_DEVELOPMENT",37,27,TRUE
"GOBP_SALIVA_SECRETION",13,7,FALSE
"GOBP_SARCOMERE_ORGANIZATION",50,43,TRUE
"GOBP_SARCOPLASMIC_RETICULUM_CALCIUM_ION_TRANSPORT",45,40,TRUE
"GOBP_SATELLITE_CELL_ACTIVATION_INVOLVED_IN_SKELETAL_MUSCLE_REGENERATION",5,4,FALSE
"GOBP_SA_NODE_CELL_TO_ATRIAL_CARDIAC_MUSCLE_CELL_COMMUNICATION",13,10,FALSE
"GOBP_SCARNA_LOCALIZATION_TO_CAJAL_BODY",5,3,FALSE
"GOBP_SCF_DEPENDENT_PROTEASOMAL_UBIQUITIN_DEPENDENT_PROTEIN_CATABOLIC_PROCESS",85,68,TRUE
"GOBP_SCHWANN_CELL_DIFFERENTIATION",48,46,TRUE
"GOBP_SCHWANN_CELL_PROLIFERATION",8,8,FALSE
"GOBP_SEBACEOUS_GLAND_DEVELOPMENT",11,7,FALSE
"GOBP_SECONDARY_HEART_FIELD_SPECIFICATION",11,8,FALSE
"GOBP_SECONDARY_METABOLIC_PROCESS",54,34,TRUE
"GOBP_SECONDARY_METABOLITE_BIOSYNTHETIC_PROCESS",28,19,TRUE
"GOBP_SECONDARY_PALATE_DEVELOPMENT",28,19,TRUE
"GOBP_SECRETION",987,688,FALSE
"GOBP_SECRETION_BY_TISSUE",42,29,TRUE
"GOBP_SECRETION_OF_LYSOSOMAL_ENZYMES",7,7,FALSE
"GOBP_SECRETORY_GRANULE_LOCALIZATION",23,23,TRUE
"GOBP_SECRETORY_GRANULE_ORGANIZATION",77,49,TRUE
"GOBP_SEGMENTATION",100,62,TRUE
"GOBP_SEGMENT_SPECIFICATION",18,11,FALSE
"GOBP_SELF_PROTEOLYSIS",10,9,FALSE
"GOBP_SEMAPHORIN_PLEXIN_SIGNALING_PATHWAY",49,47,TRUE
"GOBP_SEMICIRCULAR_CANAL_DEVELOPMENT",11,9,FALSE
"GOBP_SEMICIRCULAR_CANAL_MORPHOGENESIS",9,7,FALSE
"GOBP_SEMINIFEROUS_TUBULE_DEVELOPMENT",20,11,FALSE
"GOBP_SEMI_LUNAR_VALVE_DEVELOPMENT",48,37,TRUE
"GOBP_SENSORY_ORGAN_DEVELOPMENT",640,431,TRUE
"GOBP_SENSORY_ORGAN_MORPHOGENESIS",292,191,TRUE
"GOBP_SENSORY_PERCEPTION",867,290,TRUE
"GOBP_SENSORY_PERCEPTION_OF_BITTER_TASTE",34,4,FALSE
"GOBP_SENSORY_PERCEPTION_OF_CHEMICAL_STIMULUS",400,34,TRUE
"GOBP_SENSORY_PERCEPTION_OF_ITCH",10,2,FALSE
"GOBP_SENSORY_PERCEPTION_OF_LIGHT_STIMULUS",220,107,TRUE
"GOBP_SENSORY_PERCEPTION_OF_MECHANICAL_STIMULUS",194,121,TRUE
"GOBP_SENSORY_PERCEPTION_OF_PAIN",86,48,TRUE
"GOBP_SENSORY_PERCEPTION_OF_SMELL",337,16,TRUE
"GOBP_SENSORY_PERCEPTION_OF_SOUR_TASTE",8,6,FALSE
"GOBP_SENSORY_PERCEPTION_OF_SWEET_TASTE",8,4,FALSE
"GOBP_SENSORY_PERCEPTION_OF_TASTE",56,17,TRUE
"GOBP_SENSORY_PERCEPTION_OF_TEMPERATURE_STIMULUS",33,19,TRUE
"GOBP_SENSORY_PERCEPTION_OF_TOUCH",8,5,FALSE
"GOBP_SENSORY_PERCEPTION_OF_UMAMI_TASTE",7,2,FALSE
"GOBP_SENSORY_SYSTEM_DEVELOPMENT",438,306,TRUE
"GOBP_SEPTIN_CYTOSKELETON_ORGANIZATION",8,7,FALSE
"GOBP_SEPTIN_RING_ORGANIZATION",5,4,FALSE
"GOBP_SEPTUM_PRIMUM_DEVELOPMENT",6,4,FALSE
"GOBP_SEQUESTERING_OF_BMP_IN_EXTRACELLULAR_MATRIX",4,2,FALSE
"GOBP_SEQUESTERING_OF_CALCIUM_ION",131,106,TRUE
"GOBP_SEQUESTERING_OF_EXTRACELLULAR_LIGAND_FROM_RECEPTOR",10,5,FALSE
"GOBP_SERINE_FAMILY_AMINO_ACID_BIOSYNTHETIC_PROCESS",15,12,FALSE
"GOBP_SERINE_TRANSPORT",7,6,FALSE
"GOBP_SEROTONERGIC_NEURON_AXON_GUIDANCE",5,4,FALSE
"GOBP_SEROTONIN_BIOSYNTHETIC_PROCESS",5,1,FALSE
"GOBP_SEROTONIN_GATED_CATION_SELECTIVE_SIGNALING_PATHWAY",2,1,FALSE
"GOBP_SEROTONIN_METABOLIC_PROCESS",16,9,FALSE
"GOBP_SEROTONIN_RECEPTOR_SIGNALING_PATHWAY",13,5,FALSE
"GOBP_SEROTONIN_SECRETION",10,5,FALSE
"GOBP_SEROTONIN_TRANSPORT",22,12,FALSE
"GOBP_SEROTONIN_UPTAKE",13,7,FALSE
"GOBP_SERTOLI_CELL_DEVELOPMENT",18,11,FALSE
"GOBP_SERTOLI_CELL_DIFFERENTIATION",23,14,FALSE
"GOBP_SERTOLI_CELL_PROLIFERATION",5,2,FALSE
"GOBP_SEXUAL_REPRODUCTION",1133,670,FALSE
"GOBP_SEX_DETERMINATION",20,8,FALSE
"GOBP_SEX_DIFFERENTIATION",270,166,TRUE
"GOBP_SHORT_CHAIN_FATTY_ACID_CATABOLIC_PROCESS",7,5,FALSE
"GOBP_SHORT_CHAIN_FATTY_ACID_METABOLIC_PROCESS",16,12,FALSE
"GOBP_SHORT_TERM_MEMORY",11,6,FALSE
"GOBP_SHORT_TERM_SYNAPTIC_POTENTIATION",5,3,FALSE
"GOBP_SIALYLATION",10,5,FALSE
"GOBP_SIGNALING_RECEPTOR_LIGAND_PRECURSOR_PROCESSING",45,37,TRUE
"GOBP_SIGNAL_COMPLEX_ASSEMBLY",8,8,FALSE
"GOBP_SIGNAL_PEPTIDE_PROCESSING",11,9,FALSE
"GOBP_SIGNAL_RELEASE",503,338,TRUE
"GOBP_SIGNAL_TRANSDUCTION_BY_P53_CLASS_MEDIATOR",189,149,TRUE
"GOBP_SIGNAL_TRANSDUCTION_INVOLVED_IN_REGULATION_OF_GENE_EXPRESSION",20,8,FALSE
"GOBP_SIGNAL_TRANSDUCTION_IN_ABSENCE_OF_LIGAND",69,53,TRUE
"GOBP_SIGNAL_TRANSDUCTION_IN_RESPONSE_TO_DNA_DAMAGE",199,171,TRUE
"GOBP_SINGLE_FERTILIZATION",183,86,TRUE
"GOBP_SINGLE_STRANDED_VIRAL_RNA_REPLICATION_VIA_DOUBLE_STRANDED_DNA_INTERMEDIATE",8,6,FALSE
"GOBP_SINGLE_STRAND_BREAK_REPAIR",13,11,FALSE
"GOBP_SINOATRIAL_NODE_CELL_DEVELOPMENT",5,3,FALSE
"GOBP_SINOATRIAL_NODE_CELL_DIFFERENTIATION",6,3,FALSE
"GOBP_SINOATRIAL_NODE_DEVELOPMENT",12,6,FALSE
"GOBP_SIRNA_PROCESSING",7,6,FALSE
"GOBP_SISTER_CHROMATID_COHESION",62,55,TRUE
"GOBP_SISTER_CHROMATID_SEGREGATION",243,218,TRUE
"GOBP_SKELETAL_MUSCLE_ACETYLCHOLINE_GATED_CHANNEL_CLUSTERING",17,14,FALSE
"GOBP_SKELETAL_MUSCLE_ADAPTATION",20,20,TRUE
"GOBP_SKELETAL_MUSCLE_ATROPHY",5,5,FALSE
"GOBP_SKELETAL_MUSCLE_CELL_DIFFERENTIATION",78,63,TRUE
"GOBP_SKELETAL_MUSCLE_CELL_PROLIFERATION",21,21,TRUE
"GOBP_SKELETAL_MUSCLE_CONTRACTION",51,40,TRUE
"GOBP_SKELETAL_MUSCLE_FIBER_DIFFERENTIATION",12,11,FALSE
"GOBP_SKELETAL_MUSCLE_ORGAN_DEVELOPMENT",191,158,TRUE
"GOBP_SKELETAL_MUSCLE_SATELLITE_CELL_ACTIVATION",8,6,FALSE
"GOBP_SKELETAL_MUSCLE_SATELLITE_CELL_DIFFERENTIATION",13,11,FALSE
"GOBP_SKELETAL_MUSCLE_SATELLITE_CELL_MAINTENANCE_INVOLVED_IN_SKELETAL_MUSCLE_REGENERATION",5,4,FALSE
"GOBP_SKELETAL_MUSCLE_THIN_FILAMENT_ASSEMBLY",6,4,FALSE
"GOBP_SKELETAL_MUSCLE_TISSUE_GROWTH",11,10,FALSE
"GOBP_SKELETAL_MUSCLE_TISSUE_REGENERATION",41,36,TRUE
"GOBP_SKELETAL_MYOFIBRIL_ASSEMBLY",9,7,FALSE
"GOBP_SKELETAL_SYSTEM_DEVELOPMENT",553,412,TRUE
"GOBP_SKELETAL_SYSTEM_MORPHOGENESIS",236,174,TRUE
"GOBP_SKIN_DEVELOPMENT",277,182,TRUE
"GOBP_SKIN_EPIDERMIS_DEVELOPMENT",129,89,TRUE
"GOBP_SKIN_MORPHOGENESIS",11,10,FALSE
"GOBP_SLEEP",28,11,FALSE
"GOBP_SMAD_PROTEIN_SIGNAL_TRANSDUCTION",85,65,TRUE
"GOBP_SMALL_GTPASE_MEDIATED_SIGNAL_TRANSDUCTION",505,448,TRUE
"GOBP_SMALL_MOLECULE_BIOSYNTHETIC_PROCESS",606,453,TRUE
"GOBP_SMALL_MOLECULE_CATABOLIC_PROCESS",353,262,TRUE
"GOBP_SMALL_MOLECULE_METABOLIC_PROCESS",1687,1296,FALSE
"GOBP_SMALL_NUCLEOLAR_RIBONUCLEOPROTEIN_COMPLEX_ASSEMBLY",13,11,FALSE
"GOBP_SMOOTHENED_SIGNALING_PATHWAY",156,124,TRUE
"GOBP_SMOOTH_MUSCLE_ADAPTATION",7,7,FALSE
"GOBP_SMOOTH_MUSCLE_CELL_APOPTOTIC_PROCESS",27,22,TRUE
"GOBP_SMOOTH_MUSCLE_CELL_CHEMOTAXIS",9,9,FALSE
"GOBP_SMOOTH_MUSCLE_CELL_DIFFERENTIATION",66,59,TRUE
"GOBP_SMOOTH_MUSCLE_CELL_MATRIX_ADHESION",6,6,FALSE
"GOBP_SMOOTH_MUSCLE_CELL_MIGRATION",64,58,TRUE
"GOBP_SMOOTH_MUSCLE_CELL_PROLIFERATION",128,105,TRUE
"GOBP_SMOOTH_MUSCLE_CONTRACTION",103,70,TRUE
"GOBP_SMOOTH_MUSCLE_TISSUE_DEVELOPMENT",27,21,TRUE
"GOBP_SNARE_COMPLEX_ASSEMBLY",24,22,TRUE
"GOBP_SNORNA_LOCALIZATION",5,5,FALSE
"GOBP_SNO_S_RNA_METABOLIC_PROCESS",15,13,FALSE
"GOBP_SNO_S_RNA_PROCESSING",12,10,FALSE
"GOBP_SNRNA_3_END_PROCESSING",22,20,TRUE
"GOBP_SNRNA_CATABOLIC_PROCESS",5,5,FALSE
"GOBP_SNRNA_METABOLIC_PROCESS",59,53,TRUE
"GOBP_SNRNA_MODIFICATION",7,4,FALSE
"GOBP_SNRNA_PROCESSING",37,31,TRUE
"GOBP_SNRNA_TRANSCRIPTION",19,18,TRUE
"GOBP_SNRNA_TRANSCRIPTION_BY_RNA_POLYMERASE_II",16,15,TRUE
"GOBP_SNRNA_TRANSCRIPTION_BY_RNA_POLYMERASE_III",10,10,FALSE
"GOBP_SNRNA_TRANSPORT",6,6,FALSE
"GOBP_SODIUM_DEPENDENT_PHOSPHATE_TRANSPORT",12,3,FALSE
"GOBP_SODIUM_INDEPENDENT_ORGANIC_ANION_TRANSPORT",13,6,FALSE
"GOBP_SODIUM_ION_EXPORT_ACROSS_PLASMA_MEMBRANE",21,14,FALSE
"GOBP_SODIUM_ION_HOMEOSTASIS",57,32,TRUE
"GOBP_SODIUM_ION_IMPORT_ACROSS_PLASMA_MEMBRANE",29,19,TRUE
"GOBP_SODIUM_ION_TRANSMEMBRANE_TRANSPORT",187,111,TRUE
"GOBP_SODIUM_ION_TRANSPORT",250,151,TRUE
"GOBP_SOFT_PALATE_DEVELOPMENT",6,3,FALSE
"GOBP_SOMATIC_DIVERSIFICATION_OF_IMMUNE_RECEPTORS",81,65,TRUE
"GOBP_SOMATIC_DIVERSIFICATION_OF_IMMUNE_RECEPTORS_VIA_SOMATIC_MUTATION",16,14,FALSE
"GOBP_SOMATIC_DIVERSIFICATION_OF_IMMUNOGLOBULINS",69,56,TRUE
"GOBP_SOMATIC_MOTOR_NEURON_DIFFERENTIATION",7,5,FALSE
"GOBP_SOMATIC_STEM_CELL_DIVISION",12,8,FALSE
"GOBP_SOMATIC_STEM_CELL_POPULATION_MAINTENANCE",51,32,TRUE
"GOBP_SOMATOSTATIN_RECEPTOR_SIGNALING_PATHWAY",6,1,FALSE
"GOBP_SOMITE_DEVELOPMENT",83,57,TRUE
"GOBP_SOMITE_ROSTRAL_CAUDAL_AXIS_SPECIFICATION",11,4,FALSE
"GOBP_SOMITE_SPECIFICATION",5,4,FALSE
"GOBP_SOMITOGENESIS",65,43,TRUE
"GOBP_SPECIFICATION_OF_ANIMAL_ORGAN_IDENTITY",37,21,TRUE
"GOBP_SPECIFICATION_OF_SYMMETRY",144,96,TRUE
"GOBP_SPERMATID_DIFFERENTIATION",239,122,TRUE
"GOBP_SPERMATID_NUCLEUS_DIFFERENTIATION",29,14,FALSE
"GOBP_SPERMATOGONIAL_CELL_DIVISION",4,2,FALSE
"GOBP_SPERMIDINE_METABOLIC_PROCESS",10,8,FALSE
"GOBP_SPERMIDINE_TRANSMEMBRANE_TRANSPORT",5,2,FALSE
"GOBP_SPERMIDINE_TRANSPORT",6,3,FALSE
"GOBP_SPERMINE_METABOLIC_PROCESS",7,6,FALSE
"GOBP_SPERM_AXONEME_ASSEMBLY",33,17,TRUE
"GOBP_SPERM_CAPACITATION",31,9,FALSE
"GOBP_SPERM_DNA_CONDENSATION",18,8,FALSE
"GOBP_SPERM_EGG_RECOGNITION",51,24,TRUE
"GOBP_SPERM_FLAGELLUM_ASSEMBLY",60,33,TRUE
"GOBP_SPERM_MITOCHONDRIAL_SHEATH_ASSEMBLY",10,3,FALSE
"GOBP_SPERM_MITOCHONDRION_ORGANIZATION",5,2,FALSE
"GOBP_SPHINGOID_BIOSYNTHETIC_PROCESS",15,11,FALSE
"GOBP_SPHINGOID_METABOLIC_PROCESS",23,18,TRUE
"GOBP_SPHINGOLIPID_BIOSYNTHETIC_PROCESS",111,84,TRUE
"GOBP_SPHINGOLIPID_MEDIATED_SIGNALING_PATHWAY",20,16,TRUE
"GOBP_SPHINGOLIPID_METABOLIC_PROCESS",165,125,TRUE
"GOBP_SPHINGOLIPID_TRANSLOCATION",5,4,FALSE
"GOBP_SPHINGOMYELIN_BIOSYNTHETIC_PROCESS",10,10,FALSE
"GOBP_SPHINGOMYELIN_CATABOLIC_PROCESS",8,6,FALSE
"GOBP_SPHINGOMYELIN_METABOLIC_PROCESS",19,17,TRUE
"GOBP_SPHINGOSINE_1_PHOSPHATE_RECEPTOR_SIGNALING_PATHWAY",16,13,FALSE
"GOBP_SPINAL_CORD_ASSOCIATION_NEURON_DIFFERENTIATION",13,3,FALSE
"GOBP_SPINAL_CORD_DEVELOPMENT",104,63,TRUE
"GOBP_SPINAL_CORD_MOTOR_NEURON_CELL_FATE_SPECIFICATION",8,2,FALSE
"GOBP_SPINAL_CORD_MOTOR_NEURON_DIFFERENTIATION",31,19,TRUE
"GOBP_SPINAL_CORD_OLIGODENDROCYTE_CELL_DIFFERENTIATION",5,3,FALSE
"GOBP_SPINAL_CORD_PATTERNING",18,12,FALSE
"GOBP_SPINDLE_ASSEMBLY",137,124,TRUE
"GOBP_SPINDLE_ASSEMBLY_INVOLVED_IN_FEMALE_MEIOSIS",12,11,FALSE
"GOBP_SPINDLE_ELONGATION",13,13,FALSE
"GOBP_SPINDLE_LOCALIZATION",65,52,TRUE
"GOBP_SPINDLE_MIDZONE_ASSEMBLY",13,13,FALSE
"GOBP_SPINDLE_ORGANIZATION",209,190,TRUE
"GOBP_SPLEEN_DEVELOPMENT",41,32,TRUE
"GOBP_SPLICEOSOMAL_COMPLEX_ASSEMBLY",79,70,TRUE
"GOBP_SPLICEOSOMAL_CONFORMATIONAL_CHANGES_TO_GENERATE_CATALYTIC_CONFORMATION",41,36,TRUE
"GOBP_SPLICEOSOMAL_SNRNP_ASSEMBLY",71,61,TRUE
"GOBP_SPLICEOSOMAL_TRI_SNRNP_COMPLEX_ASSEMBLY",40,33,TRUE
"GOBP_SPONTANEOUS_NEUROTRANSMITTER_SECRETION",7,5,FALSE
"GOBP_SPONTANEOUS_SYNAPTIC_TRANSMISSION",13,10,FALSE
"GOBP_SPROUTING_ANGIOGENESIS",140,118,TRUE
"GOBP_SPROUTING_OF_INJURED_AXON",5,3,FALSE
"GOBP_SRP_DEPENDENT_COTRANSLATIONAL_PROTEIN_TARGETING_TO_MEMBRANE",18,14,FALSE
"GOBP_SRP_DEPENDENT_COTRANSLATIONAL_PROTEIN_TARGETING_TO_MEMBRANE_SIGNAL_SEQUENCE_RECOGNITION",8,7,FALSE
"GOBP_SRP_DEPENDENT_COTRANSLATIONAL_PROTEIN_TARGETING_TO_MEMBRANE_TRANSLOCATION",9,6,FALSE
"GOBP_STARTLE_RESPONSE",29,18,TRUE
"GOBP_STEM_CELL_DEVELOPMENT",88,74,TRUE
"GOBP_STEM_CELL_DIFFERENTIATION",243,201,TRUE
"GOBP_STEM_CELL_DIVISION",34,27,TRUE
"GOBP_STEM_CELL_FATE_COMMITMENT",8,5,FALSE
"GOBP_STEM_CELL_PROLIFERATION",74,54,TRUE
"GOBP_STEROID_BIOSYNTHETIC_PROCESS",170,113,TRUE
"GOBP_STEROID_CATABOLIC_PROCESS",26,15,TRUE
"GOBP_STEROID_HORMONE_BIOSYNTHETIC_PROCESS",49,29,TRUE
"GOBP_STEROID_HORMONE_RECEPTOR_SIGNALING_PATHWAY",142,114,TRUE
"GOBP_STEROID_HORMONE_SECRETION",30,20,TRUE
"GOBP_STEROID_METABOLIC_PROCESS",321,212,TRUE
"GOBP_STEROL_BIOSYNTHETIC_PROCESS",70,56,TRUE
"GOBP_STEROL_HOMEOSTASIS",103,67,TRUE
"GOBP_STEROL_METABOLIC_PROCESS",161,117,TRUE
"GOBP_STEROL_TRANSPORT",117,88,TRUE
"GOBP_STOMACH_DEVELOPMENT",5,4,FALSE
"GOBP_STORE_OPERATED_CALCIUM_ENTRY",24,19,TRUE
"GOBP_STRESS_ACTIVATED_PROTEIN_KINASE_SIGNALING_CASCADE",55,51,TRUE
"GOBP_STRESS_FIBER_ASSEMBLY",111,102,TRUE
"GOBP_STRESS_GRANULE_ASSEMBLY",36,32,TRUE
"GOBP_STRESS_GRANULE_DISASSEMBLY",7,7,FALSE
"GOBP_STRESS_INDUCED_PREMATURE_SENESCENCE",8,8,FALSE
"GOBP_STRIATED_MUSCLE_ADAPTATION",44,40,TRUE
"GOBP_STRIATED_MUSCLE_ATROPHY",7,7,FALSE
"GOBP_STRIATED_MUSCLE_CELL_APOPTOTIC_PROCESS",44,34,TRUE
"GOBP_STRIATED_MUSCLE_CELL_DIFFERENTIATION",343,278,TRUE
"GOBP_STRIATED_MUSCLE_CELL_PROLIFERATION",70,58,TRUE
"GOBP_STRIATED_MUSCLE_CONTRACTION",247,181,TRUE
"GOBP_STRIATUM_DEVELOPMENT",21,19,TRUE
"GOBP_SUBPALLIUM_DEVELOPMENT",27,22,TRUE
"GOBP_SUBSTANTIA_NIGRA_DEVELOPMENT",43,35,TRUE
"GOBP_SUBSTRATE_ADHESION_DEPENDENT_CELL_SPREADING",104,89,TRUE
"GOBP_SUBSTRATE_DEPENDENT_CELL_MIGRATION",29,27,TRUE
"GOBP_SUBSTRATE_DEPENDENT_CELL_MIGRATION_CELL_ATTACHMENT_TO_SUBSTRATE",5,5,FALSE
"GOBP_SUBSTRATE_DEPENDENT_CELL_MIGRATION_CELL_EXTENSION",10,9,FALSE
"GOBP_SUBSTRATE_INDEPENDENT_TELENCEPHALIC_TANGENTIAL_MIGRATION",12,8,FALSE
"GOBP_SUBSTRATE_LOCALIZATION_TO_AUTOPHAGOSOME",8,6,FALSE
"GOBP_SUBTELOMERIC_HETEROCHROMATIN_FORMATION",9,9,FALSE
"GOBP_SUCCINATE_METABOLIC_PROCESS",5,4,FALSE
"GOBP_SUCCINATE_TRANSMEMBRANE_TRANSPORT",5,3,FALSE
"GOBP_SUCCINYL_COA_BIOSYNTHETIC_PROCESS",6,6,FALSE
"GOBP_SUCCINYL_COA_CATABOLIC_PROCESS",6,5,FALSE
"GOBP_SUCCINYL_COA_METABOLIC_PROCESS",13,11,FALSE
"GOBP_SUCKLING_BEHAVIOR",10,7,FALSE
"GOBP_SUGAR_MEDIATED_SIGNALING_PATHWAY",11,8,FALSE
"GOBP_SULFATE_TRANSMEMBRANE_TRANSPORT",16,11,FALSE
"GOBP_SULFATION",17,8,FALSE
"GOBP_SULFUR_AMINO_ACID_BIOSYNTHETIC_PROCESS",16,14,FALSE
"GOBP_SULFUR_AMINO_ACID_CATABOLIC_PROCESS",11,8,FALSE
"GOBP_SULFUR_AMINO_ACID_METABOLIC_PROCESS",35,27,TRUE
"GOBP_SULFUR_AMINO_ACID_TRANSPORT",14,11,FALSE
"GOBP_SULFUR_COMPOUND_BIOSYNTHETIC_PROCESS",114,101,TRUE
"GOBP_SULFUR_COMPOUND_CATABOLIC_PROCESS",32,26,TRUE
"GOBP_SULFUR_COMPOUND_METABOLIC_PROCESS",264,208,TRUE
"GOBP_SULFUR_COMPOUND_TRANSPORT",68,51,TRUE
"GOBP_SUPEROXIDE_ANION_GENERATION",42,32,TRUE
"GOBP_SUPEROXIDE_METABOLIC_PROCESS",71,56,TRUE
"GOBP_SUPPRESSION_OF_VIRAL_RELEASE_BY_HOST",17,16,TRUE
"GOBP_SUPRAMOLECULAR_FIBER_ORGANIZATION",804,654,FALSE
"GOBP_SURFACTANT_HOMEOSTASIS",21,16,TRUE
"GOBP_SWIMMING_BEHAVIOR",5,4,FALSE
"GOBP_SYMBIONT_ENTRY_INTO_HOST",130,100,TRUE
"GOBP_SYMPATHETIC_GANGLION_DEVELOPMENT",9,6,FALSE
"GOBP_SYMPATHETIC_NERVOUS_SYSTEM_DEVELOPMENT",21,12,FALSE
"GOBP_SYMPATHETIC_NEURON_PROJECTION_EXTENSION",6,6,FALSE
"GOBP_SYNAPSE_ASSEMBLY",282,197,TRUE
"GOBP_SYNAPSE_MATURATION",43,38,TRUE
"GOBP_SYNAPSE_ORGANIZATION",588,438,TRUE
"GOBP_SYNAPSE_PRUNING",18,17,TRUE
"GOBP_SYNAPTIC_ASSEMBLY_AT_NEUROMUSCULAR_JUNCTION",16,9,FALSE
"GOBP_SYNAPTIC_MEMBRANE_ADHESION",32,22,TRUE
"GOBP_SYNAPTIC_SIGNALING",818,552,FALSE
"GOBP_SYNAPTIC_SIGNALING_VIA_NEUROPEPTIDE",9,4,FALSE
"GOBP_SYNAPTIC_TRANSMISSION_CHOLINERGIC",35,17,TRUE
"GOBP_SYNAPTIC_TRANSMISSION_DOPAMINERGIC",28,16,TRUE
"GOBP_SYNAPTIC_TRANSMISSION_GABAERGIC",64,30,TRUE
"GOBP_SYNAPTIC_TRANSMISSION_GLUTAMATERGIC",108,71,TRUE
"GOBP_SYNAPTIC_TRANSMISSION_GLYCINERGIC",5,2,FALSE
"GOBP_SYNAPTIC_VESICLE_BUDDING",12,12,FALSE
"GOBP_SYNAPTIC_VESICLE_CLUSTERING",17,16,TRUE
"GOBP_SYNAPTIC_VESICLE_COATING",5,5,FALSE
"GOBP_SYNAPTIC_VESICLE_CYTOSKELETAL_TRANSPORT",19,18,TRUE
"GOBP_SYNAPTIC_VESICLE_DOCKING",14,12,FALSE
"GOBP_SYNAPTIC_VESICLE_ENDOSOMAL_PROCESSING",9,9,FALSE
"GOBP_SYNAPTIC_VESICLE_EXOCYTOSIS",106,85,TRUE
"GOBP_SYNAPTIC_VESICLE_LOCALIZATION",62,55,TRUE
"GOBP_SYNAPTIC_VESICLE_LUMEN_ACIDIFICATION",18,13,FALSE
"GOBP_SYNAPTIC_VESICLE_MATURATION",27,22,TRUE
"GOBP_SYNAPTIC_VESICLE_MEMBRANE_ORGANIZATION",39,29,TRUE
"GOBP_SYNAPTIC_VESICLE_PRIMING",27,25,TRUE
"GOBP_SYNAPTIC_VESICLE_RECYCLING",85,77,TRUE
"GOBP_SYNAPTIC_VESICLE_RECYCLING_VIA_ENDOSOME",6,6,FALSE
"GOBP_SYNAPTIC_VESICLE_TRANSPORT",47,41,TRUE
"GOBP_SYNAPTONEMAL_COMPLEX_ORGANIZATION",29,11,FALSE
"GOBP_SYNCYTIUM_FORMATION",111,78,TRUE
"GOBP_SYNOVIOCYTE_PROLIFERATION",3,1,FALSE
"GOBP_S_ADENOSYLMETHIONINE_METABOLIC_PROCESS",12,8,FALSE
"GOBP_S_SHAPED_BODY_MORPHOGENESIS",7,2,FALSE
"GOBP_TACHYKININ_RECEPTOR_SIGNALING_PATHWAY",9,2,FALSE
"GOBP_TAIL_ANCHORED_MEMBRANE_PROTEIN_INSERTION_INTO_ER_MEMBRANE",17,15,TRUE
"GOBP_TANGENTIAL_MIGRATION_FROM_THE_SUBVENTRICULAR_ZONE_TO_THE_OLFACTORY_BULB",9,8,FALSE
"GOBP_TARGET_DIRECTED_MIRNA_DEGRADATION",4,3,FALSE
"GOBP_TAXIS",444,320,TRUE
"GOBP_TELENCEPHALON_DEVELOPMENT",282,211,TRUE
"GOBP_TELENCEPHALON_GLIAL_CELL_MIGRATION",27,21,TRUE
"GOBP_TELENCEPHALON_REGIONALIZATION",13,4,FALSE
"GOBP_TELOMERASE_HOLOENZYME_COMPLEX_ASSEMBLY",8,7,FALSE
"GOBP_TELOMERASE_RNA_LOCALIZATION",19,15,TRUE
"GOBP_TELOMERE_CAPPING",27,24,TRUE
"GOBP_TELOMERE_LOCALIZATION",12,5,FALSE
"GOBP_TELOMERE_MAINTENANCE_IN_RESPONSE_TO_DNA_DAMAGE",32,29,TRUE
"GOBP_TELOMERE_MAINTENANCE_VIA_RECOMBINATION",16,13,FALSE
"GOBP_TELOMERE_MAINTENANCE_VIA_SEMI_CONSERVATIVE_REPLICATION",10,10,FALSE
"GOBP_TELOMERE_MAINTENANCE_VIA_TELOMERE_LENGTHENING",71,63,TRUE
"GOBP_TELOMERE_ORGANIZATION",168,151,TRUE
"GOBP_TELOMERE_TETHERING_AT_NUCLEAR_PERIPHERY",6,1,FALSE
"GOBP_TELOMERIC_D_LOOP_DISASSEMBLY",8,8,FALSE
"GOBP_TELOMERIC_LOOP_DISASSEMBLY",10,10,FALSE
"GOBP_TEMPERATURE_HOMEOSTASIS",188,146,TRUE
"GOBP_TENDON_DEVELOPMENT",7,5,FALSE
"GOBP_TERMINAL_BUTTON_ORGANIZATION",6,5,FALSE
"GOBP_TERMINATION_OF_RNA_POLYMERASE_III_TRANSCRIPTION",18,12,FALSE
"GOBP_TERMINATION_OF_RNA_POLYMERASE_II_TRANSCRIPTION",13,13,FALSE
"GOBP_TERMINATION_OF_RNA_POLYMERASE_I_TRANSCRIPTION",16,12,FALSE
"GOBP_TERPENOID_BIOSYNTHETIC_PROCESS",26,15,TRUE
"GOBP_TERPENOID_CATABOLIC_PROCESS",8,5,FALSE
"GOBP_TERTIARY_ALCOHOL_METABOLIC_PROCESS",23,13,FALSE
"GOBP_TESTOSTERONE_BIOSYNTHETIC_PROCESS",13,7,FALSE
"GOBP_TETRAHYDROBIOPTERIN_BIOSYNTHETIC_PROCESS",7,5,FALSE
"GOBP_TETRAHYDROBIOPTERIN_METABOLIC_PROCESS",9,7,FALSE
"GOBP_TETRAHYDROFOLATE_BIOSYNTHETIC_PROCESS",7,5,FALSE
"GOBP_TETRAHYDROFOLATE_INTERCONVERSION",10,10,FALSE
"GOBP_TETRAHYDROFOLATE_METABOLIC_PROCESS",18,16,TRUE
"GOBP_TETRAPYRROLE_BIOSYNTHETIC_PROCESS",31,28,TRUE
"GOBP_TETRAPYRROLE_CATABOLIC_PROCESS",11,7,FALSE
"GOBP_TETRAPYRROLE_METABOLIC_PROCESS",58,48,TRUE
"GOBP_THALAMUS_DEVELOPMENT",11,6,FALSE
"GOBP_THELARCHE",5,5,FALSE
"GOBP_THERMOCEPTION",9,5,FALSE
"GOBP_THIAMINE_CONTAINING_COMPOUND_METABOLIC_PROCESS",7,7,FALSE
"GOBP_THIAMINE_DIPHOSPHATE_BIOSYNTHETIC_PROCESS",5,5,FALSE
"GOBP_THIAMINE_TRANSPORT",8,5,FALSE
"GOBP_THIRD_VENTRICLE_DEVELOPMENT",4,4,FALSE
"GOBP_THORAX_AND_ANTERIOR_ABDOMEN_DETERMINATION",4,1,FALSE
"GOBP_THREONINE_METABOLIC_PROCESS",5,5,FALSE
"GOBP_THROMBIN_ACTIVATED_RECEPTOR_SIGNALING_PATHWAY",13,9,FALSE
"GOBP_THROMBOPOIETIN_MEDIATED_SIGNALING_PATHWAY",7,6,FALSE
"GOBP_THYMIC_T_CELL_SELECTION",38,31,TRUE
"GOBP_THYMOCYTE_APOPTOTIC_PROCESS",18,14,FALSE
"GOBP_THYMOCYTE_MIGRATION",5,1,FALSE
"GOBP_THYMUS_DEVELOPMENT",50,36,TRUE
"GOBP_THYROID_GLAND_DEVELOPMENT",30,17,TRUE
"GOBP_THYROID_HORMONE_GENERATION",22,10,FALSE
"GOBP_THYROID_HORMONE_METABOLIC_PROCESS",29,13,FALSE
"GOBP_THYROID_HORMONE_RECEPTOR_SIGNALING_PATHWAY",7,6,FALSE
"GOBP_THYROID_HORMONE_TRANSPORT",12,7,FALSE
"GOBP_TIE_SIGNALING_PATHWAY",5,5,FALSE
"GOBP_TIGHT_JUNCTION_ORGANIZATION",72,53,TRUE
"GOBP_TISSUE_HOMEOSTASIS",271,193,TRUE
"GOBP_TISSUE_MIGRATION",95,70,TRUE
"GOBP_TISSUE_MORPHOGENESIS",633,452,TRUE
"GOBP_TISSUE_REGENERATION",74,61,TRUE
"GOBP_TISSUE_REMODELING",187,142,TRUE
"GOBP_TOLERANCE_INDUCTION",36,25,TRUE
"GOBP_TOLERANCE_INDUCTION_DEPENDENT_UPON_IMMUNE_RESPONSE",11,9,FALSE
"GOBP_TOLERANCE_INDUCTION_TO_SELF_ANTIGEN",6,5,FALSE
"GOBP_TOLL_LIKE_RECEPTOR_2_SIGNALING_PATHWAY",18,16,TRUE
"GOBP_TOLL_LIKE_RECEPTOR_3_SIGNALING_PATHWAY",24,22,TRUE
"GOBP_TOLL_LIKE_RECEPTOR_7_SIGNALING_PATHWAY",14,10,FALSE
"GOBP_TOLL_LIKE_RECEPTOR_8_SIGNALING_PATHWAY",6,6,FALSE
"GOBP_TOLL_LIKE_RECEPTOR_9_SIGNALING_PATHWAY",23,18,TRUE
"GOBP_TOLL_LIKE_RECEPTOR_SIGNALING_PATHWAY",80,69,TRUE
"GOBP_TOLL_SIGNALING_PATHWAY",13,11,FALSE
"GOBP_TONGUE_DEVELOPMENT",18,15,TRUE
"GOBP_TONGUE_MORPHOGENESIS",10,9,FALSE
"GOBP_TONIC_SMOOTH_MUSCLE_CONTRACTION",12,10,FALSE
"GOBP_TOOTH_ERUPTION",5,4,FALSE
"GOBP_TOOTH_MINERALIZATION",31,21,TRUE
"GOBP_TORC1_SIGNALING",111,98,TRUE
"GOBP_TORC2_SIGNALING",24,22,TRUE
"GOBP_TOR_SIGNALING",178,146,TRUE
"GOBP_TOXIC_METABOLITE_REPAIR",5,5,FALSE
"GOBP_TOXIN_CATABOLIC_PROCESS",4,3,FALSE
"GOBP_TOXIN_METABOLIC_PROCESS",15,9,FALSE
"GOBP_TRABECULA_FORMATION",26,18,TRUE
"GOBP_TRABECULA_MORPHOGENESIS",48,38,TRUE
"GOBP_TRACHEA_CARTILAGE_DEVELOPMENT",7,3,FALSE
"GOBP_TRACHEA_DEVELOPMENT",19,14,FALSE
"GOBP_TRACHEA_FORMATION",7,7,FALSE
"GOBP_TRACHEA_MORPHOGENESIS",11,8,FALSE
"GOBP_TRAIL_ACTIVATED_APOPTOTIC_SIGNALING_PATHWAY",9,8,FALSE
"GOBP_TRANSCRIPTION_BY_RNA_POLYMERASE_I",71,63,TRUE
"GOBP_TRANSCRIPTION_BY_RNA_POLYMERASE_III",61,53,TRUE
"GOBP_TRANSCRIPTION_COUPLED_NUCLEOTIDE_EXCISION_REPAIR",12,11,FALSE
"GOBP_TRANSCRIPTION_DEPENDENT_TETHERING_OF_RNA_POLYMERASE_II_GENE_DNA_AT_NUCLEAR_PERIPHERY",7,7,FALSE
"GOBP_TRANSCRIPTION_ELONGATION_BY_RNA_POLYMERASE_I",16,12,FALSE
"GOBP_TRANSCRIPTION_ELONGATION_BY_RNA_POLYMERASE_II",136,119,TRUE
"GOBP_TRANSCRIPTION_ELONGATION_COUPLED_CHROMATIN_REMODELING",8,8,FALSE
"GOBP_TRANSCRIPTION_INITIATION_AT_RNA_POLYMERASE_III_PROMOTER",27,21,TRUE
"GOBP_TRANSCRIPTION_INITIATION_AT_RNA_POLYMERASE_II_PROMOTER",190,162,TRUE
"GOBP_TRANSCRIPTION_INITIATION_AT_RNA_POLYMERASE_I_PROMOTER",24,19,TRUE
"GOBP_TRANSCRIPTION_PAUSING_BY_RNA_POLYMERASE_II",6,6,FALSE
"GOBP_TRANSCRIPTION_PREINITIATION_COMPLEX_ASSEMBLY",69,61,TRUE
"GOBP_TRANSCYTOSIS",21,16,TRUE
"GOBP_TRANSDIFFERENTIATION",9,5,FALSE
"GOBP_TRANSEPITHELIAL_AMMONIUM_TRANSPORT",5,1,FALSE
"GOBP_TRANSEPITHELIAL_CHLORIDE_TRANSPORT",8,6,FALSE
"GOBP_TRANSEPITHELIAL_TRANSPORT",40,27,TRUE
"GOBP_TRANSEPITHELIAL_WATER_TRANSPORT",5,3,FALSE
"GOBP_TRANSFERRIN_TRANSPORT",11,10,FALSE
"GOBP_TRANSFORMING_GROWTH_FACTOR_BETA1_PRODUCTION",19,14,FALSE
"GOBP_TRANSFORMING_GROWTH_FACTOR_BETA2_PRODUCTION",8,7,FALSE
"GOBP_TRANSFORMING_GROWTH_FACTOR_BETA_PRODUCTION",42,32,TRUE
"GOBP_TRANSFORMING_GROWTH_FACTOR_BETA_RECEPTOR_SIGNALING_PATHWAY",218,178,TRUE
"GOBP_TRANSITION_BETWEEN_FAST_AND_SLOW_FIBER",7,7,FALSE
"GOBP_TRANSITION_METAL_ION_TRANSPORT",101,78,TRUE
"GOBP_TRANSLATION",661,537,FALSE
"GOBP_TRANSLATIONAL_ELONGATION",74,68,TRUE
"GOBP_TRANSLATIONAL_INITIATION",126,108,TRUE
"GOBP_TRANSLATIONAL_READTHROUGH",9,8,FALSE
"GOBP_TRANSLATIONAL_TERMINATION",17,17,TRUE
"GOBP_TRANSMEMBRANE_TRANSPORT",1537,1028,FALSE
"GOBP_TRANSMISSION_OF_NERVE_IMPULSE",84,49,TRUE
"GOBP_TRANSPORT_OF_VIRUS",13,9,FALSE
"GOBP_TRANSPOSABLE_ELEMENT_SILENCING_BY_HETEROCHROMATIN_FORMATION",23,11,FALSE
"GOBP_TRANSPOSABLE_ELEMENT_SILENCING_BY_PIRNA_MEDIATED_HETEROCHROMATIN_FORMATION",4,1,FALSE
"GOBP_TRANSPOSITION",39,20,TRUE
"GOBP_TRANSSULFURATION",4,4,FALSE
"GOBP_TRANS_SYNAPTIC_SIGNALING_BY_BDNF_MODULATING_SYNAPTIC_TRANSMISSION",5,5,FALSE
"GOBP_TRANS_SYNAPTIC_SIGNALING_BY_LIPID",9,9,FALSE
"GOBP_TRANS_SYNAPTIC_SIGNALING_BY_TRANS_SYNAPTIC_COMPLEX",13,9,FALSE
"GOBP_TRANS_SYNAPTIC_SIGNALING_BY_TRANS_SYNAPTIC_COMPLEX_MODULATING_SYNAPTIC_TRANSMISSION",7,4,FALSE
"GOBP_TRANS_SYNAPTIC_SIGNALING_MODULATING_SYNAPTIC_TRANSMISSION",26,18,TRUE
"GOBP_TRICARBOXYLIC_ACID_CYCLE",32,29,TRUE
"GOBP_TRICARBOXYLIC_ACID_METABOLIC_PROCESS",14,12,FALSE
"GOBP_TRICARBOXYLIC_ACID_TRANSPORT",5,3,FALSE
"GOBP_TRICUSPID_VALVE_DEVELOPMENT",7,5,FALSE
"GOBP_TRIF_DEPENDENT_TOLL_LIKE_RECEPTOR_SIGNALING_PATHWAY",10,9,FALSE
"GOBP_TRIGEMINAL_NERVE_DEVELOPMENT",12,8,FALSE
"GOBP_TRIGLYCERIDE_CATABOLIC_PROCESS",34,15,TRUE
"GOBP_TRIGLYCERIDE_METABOLIC_PROCESS",111,73,TRUE
"GOBP_TRIGLYCERIDE_RICH_LIPOPROTEIN_PARTICLE_CLEARANCE",8,5,FALSE
"GOBP_TRIGLYCERIDE_RICH_LIPOPROTEIN_PARTICLE_REMODELING",15,7,FALSE
"GOBP_TRIGLYCERIDE_STORAGE",6,4,FALSE
"GOBP_TRIPEPTIDE_TRANSMEMBRANE_TRANSPORT",10,9,FALSE
"GOBP_TRIPEPTIDE_TRANSPORT",13,10,FALSE
"GOBP_TRNA_3_END_PROCESSING",7,7,FALSE
"GOBP_TRNA_5_END_PROCESSING",16,13,FALSE
"GOBP_TRNA_5_LEADER_REMOVAL",13,10,FALSE
"GOBP_TRNA_AMINOACYLATION_FOR_MITOCHONDRIAL_PROTEIN_TRANSLATION",8,7,FALSE
"GOBP_TRNA_DECAY",17,15,TRUE
"GOBP_TRNA_METABOLIC_PROCESS",204,171,TRUE
"GOBP_TRNA_METHYLATION",39,34,TRUE
"GOBP_TRNA_MODIFICATION",94,83,TRUE
"GOBP_TRNA_PROCESSING",135,116,TRUE
"GOBP_TRNA_PSEUDOURIDINE_SYNTHESIS",8,8,FALSE
"GOBP_TRNA_SURVEILLANCE",8,8,FALSE
"GOBP_TRNA_THIO_MODIFICATION",6,5,FALSE
"GOBP_TRNA_THREONYLCARBAMOYLADENOSINE_METABOLIC_PROCESS",18,14,FALSE
"GOBP_TRNA_THREONYLCARBAMOYLADENOSINE_MODIFICATION",5,3,FALSE
"GOBP_TRNA_TRANSCRIPTION",13,11,FALSE
"GOBP_TRNA_TRANSPORT",6,4,FALSE
"GOBP_TRNA_TYPE_INTRON_SPLICE_SITE_RECOGNITION_AND_CLEAVAGE",5,5,FALSE
"GOBP_TRNA_WOBBLE_BASE_MODIFICATION",30,24,TRUE
"GOBP_TRNA_WOBBLE_GUANINE_MODIFICATION",6,5,FALSE
"GOBP_TRNA_WOBBLE_POSITION_URIDINE_THIOLATION",5,4,FALSE
"GOBP_TRNA_WOBBLE_URIDINE_MODIFICATION",20,16,TRUE
"GOBP_TROPHECTODERMAL_CELL_DIFFERENTIATION",19,14,FALSE
"GOBP_TROPHOBLAST_CELL_MIGRATION",21,19,TRUE
"GOBP_TROPHOBLAST_GIANT_CELL_DIFFERENTIATION",12,10,FALSE
"GOBP_TRYPTOPHAN_TRANSPORT",7,7,FALSE
"GOBP_TUBE_CLOSURE",91,81,TRUE
"GOBP_TUBE_DEVELOPMENT",1106,846,FALSE
"GOBP_TUBE_FORMATION",152,121,TRUE
"GOBP_TUBE_LUMEN_CAVITATION",5,3,FALSE
"GOBP_TUBE_MORPHOGENESIS",882,690,FALSE
"GOBP_TUBULIN_COMPLEX_ASSEMBLY",9,8,FALSE
"GOBP_TUBULIN_DEACETYLATION",18,15,TRUE
"GOBP_TUMOR_NECROSIS_FACTOR_MEDIATED_SIGNALING_PATHWAY",116,95,TRUE
"GOBP_TUMOR_NECROSIS_FACTOR_SUPERFAMILY_CYTOKINE_PRODUCTION",185,153,TRUE
"GOBP_TYPE_2_IMMUNE_RESPONSE",41,28,TRUE
"GOBP_TYPE_2_MITOPHAGY",16,15,TRUE
"GOBP_TYPE_B_PANCREATIC_CELL_APOPTOTIC_PROCESS",13,8,FALSE
"GOBP_TYPE_B_PANCREATIC_CELL_DEVELOPMENT",21,19,TRUE
"GOBP_TYPE_B_PANCREATIC_CELL_DIFFERENTIATION",26,19,TRUE
"GOBP_TYPE_B_PANCREATIC_CELL_PROLIFERATION",21,16,TRUE
"GOBP_TYPE_III_INTERFERON_PRODUCTION",4,4,FALSE
"GOBP_TYPE_II_HYPERSENSITIVITY",5,5,FALSE
"GOBP_TYPE_II_INTERFERON_MEDIATED_SIGNALING_PATHWAY",28,25,TRUE
"GOBP_TYPE_II_INTERFERON_PRODUCTION",126,88,TRUE
"GOBP_TYPE_II_PNEUMOCYTE_DIFFERENTIATION",7,4,FALSE
"GOBP_TYPE_IV_HYPERSENSITIVITY",5,3,FALSE
"GOBP_TYPE_I_HYPERSENSITIVITY",4,3,FALSE
"GOBP_TYPE_I_INTERFERON_MEDIATED_SIGNALING_PATHWAY",68,58,TRUE
"GOBP_TYPE_I_INTERFERON_PRODUCTION",138,120,TRUE
"GOBP_TYPE_I_PNEUMOCYTE_DIFFERENTIATION",7,6,FALSE
"GOBP_TYROSINE_METABOLIC_PROCESS",17,7,FALSE
"GOBP_TYROSINE_PHOSPHORYLATION_OF_STAT_PROTEIN",38,28,TRUE
"GOBP_T_CELL_ACTIVATION",573,441,TRUE
"GOBP_T_CELL_ACTIVATION_INVOLVED_IN_IMMUNE_RESPONSE",139,104,TRUE
"GOBP_T_CELL_ACTIVATION_VIA_T_CELL_RECEPTOR_CONTACT_WITH_ANTIGEN_BOUND_TO_MHC_MOLECULE_ON_ANTIGEN_PRESENTING_CELL",15,11,FALSE
"GOBP_T_CELL_ANTIGEN_PROCESSING_AND_PRESENTATION",5,5,FALSE
"GOBP_T_CELL_APOPTOTIC_PROCESS",52,39,TRUE
"GOBP_T_CELL_CHEMOTAXIS",25,16,TRUE
"GOBP_T_CELL_CYTOKINE_PRODUCTION",40,30,TRUE
"GOBP_T_CELL_DIFFERENTIATION",333,258,TRUE
"GOBP_T_CELL_DIFFERENTIATION_INVOLVED_IN_IMMUNE_RESPONSE",110,83,TRUE
"GOBP_T_CELL_DIFFERENTIATION_IN_THYMUS",92,73,TRUE
"GOBP_T_CELL_EXTRAVASATION",11,9,FALSE
"GOBP_T_CELL_HOMEOSTASIS",62,50,TRUE
"GOBP_T_CELL_LINEAGE_COMMITMENT",40,30,TRUE
"GOBP_T_CELL_MEDIATED_CYTOTOXICITY",47,32,TRUE
"GOBP_T_CELL_MEDIATED_IMMUNE_RESPONSE_TO_TUMOR_CELL",19,16,TRUE
"GOBP_T_CELL_MEDIATED_IMMUNITY",120,88,TRUE
"GOBP_T_CELL_MIGRATION",71,52,TRUE
"GOBP_T_CELL_PROLIFERATION",206,154,TRUE
"GOBP_T_CELL_RECEPTOR_SIGNALING_PATHWAY",141,112,TRUE
"GOBP_T_CELL_SELECTION",77,60,TRUE
"GOBP_T_CELL_TOLERANCE_INDUCTION",18,13,FALSE
"GOBP_T_FOLLICULAR_HELPER_CELL_DIFFERENTIATION",11,10,FALSE
"GOBP_T_HELPER_17_CELL_DIFFERENTIATION",54,40,TRUE
"GOBP_T_HELPER_17_TYPE_IMMUNE_RESPONSE",74,53,TRUE
"GOBP_T_HELPER_1_CELL_CYTOKINE_PRODUCTION",8,4,FALSE
"GOBP_T_HELPER_1_CELL_DIFFERENTIATION",39,31,TRUE
"GOBP_T_HELPER_1_TYPE_IMMUNE_RESPONSE",66,51,TRUE
"GOBP_T_HELPER_2_CELL_CYTOKINE_PRODUCTION",13,6,FALSE
"GOBP_T_HELPER_2_CELL_DIFFERENTIATION",17,15,TRUE
"GOBP_T_HELPER_CELL_LINEAGE_COMMITMENT",29,21,TRUE
"GOBP_T_TUBULE_ORGANIZATION",6,6,FALSE
"GOBP_U2_TYPE_PRESPLICEOSOME_ASSEMBLY",26,24,TRUE
"GOBP_U4_SNRNA_3_END_PROCESSING",8,8,FALSE
"GOBP_UBIQUITIN_DEPENDENT_ENDOCYTOSIS",9,9,FALSE
"GOBP_UBIQUITIN_DEPENDENT_PROTEIN_CATABOLIC_PROCESS_VIA_THE_C_END_DEGRON_RULE_PATHWAY",15,13,FALSE
"GOBP_UBIQUITIN_DEPENDENT_PROTEIN_CATABOLIC_PROCESS_VIA_THE_MULTIVESICULAR_BODY_SORTING_PATHWAY",35,33,TRUE
"GOBP_UBIQUITIN_DEPENDENT_PROTEIN_CATABOLIC_PROCESS_VIA_THE_N_END_RULE_PATHWAY",5,5,FALSE
"GOBP_UBIQUITIN_INDEPENDENT_PROTEIN_CATABOLIC_PROCESS_VIA_THE_MULTIVESICULAR_BODY_SORTING_PATHWAY",5,5,FALSE
"GOBP_UBIQUITIN_RECYCLING",14,12,FALSE
"GOBP_UDP_ALPHA_D_GLUCOSE_METABOLIC_PROCESS",5,5,FALSE
"GOBP_UDP_BIOSYNTHETIC_PROCESS",5,4,FALSE
"GOBP_UDP_METABOLIC_PROCESS",8,7,FALSE
"GOBP_UDP_N_ACETYLGLUCOSAMINE_BIOSYNTHETIC_PROCESS",10,10,FALSE
"GOBP_UDP_N_ACETYLGLUCOSAMINE_METABOLIC_PROCESS",13,12,FALSE
"GOBP_UDP_N_ACETYLGLUCOSAMINE_TRANSMEMBRANE_TRANSPORT",5,5,FALSE
"GOBP_UMP_CATABOLIC_PROCESS",5,3,FALSE
"GOBP_UMP_SALVAGE",6,4,FALSE
"GOBP_UNSATURATED_FATTY_ACID_BIOSYNTHETIC_PROCESS",51,36,TRUE
"GOBP_UNSATURATED_FATTY_ACID_METABOLIC_PROCESS",109,64,TRUE
"GOBP_URATE_METABOLIC_PROCESS",12,7,FALSE
"GOBP_URATE_TRANSPORT",11,3,FALSE
"GOBP_UREA_CYCLE",12,9,FALSE
"GOBP_UREA_TRANSMEMBRANE_TRANSPORT",9,0,FALSE
"GOBP_UREA_TRANSPORT",11,1,FALSE
"GOBP_URETERIC_BUD_ELONGATION",7,5,FALSE
"GOBP_URETERIC_BUD_FORMATION",7,3,FALSE
"GOBP_URETER_DEVELOPMENT",18,13,FALSE
"GOBP_URETER_MORPHOGENESIS",7,3,FALSE
"GOBP_URIDINE_TRANSMEMBRANE_TRANSPORT",6,3,FALSE
"GOBP_URINARY_TRACT_SMOOTH_MUSCLE_CONTRACTION",8,6,FALSE
"GOBP_UROGENITAL_SYSTEM_DEVELOPMENT",65,39,TRUE
"GOBP_UTERINE_SMOOTH_MUSCLE_CONTRACTION",9,4,FALSE
"GOBP_UTERUS_DEVELOPMENT",28,17,TRUE
"GOBP_UTERUS_MORPHOGENESIS",6,4,FALSE
"GOBP_UTP_BIOSYNTHETIC_PROCESS",8,6,FALSE
"GOBP_UTP_METABOLIC_PROCESS",10,8,FALSE
"GOBP_UV_DAMAGE_EXCISION_REPAIR",14,12,FALSE
"GOBP_UV_PROTECTION",12,9,FALSE
"GOBP_VACUOLAR_ACIDIFICATION",40,33,TRUE
"GOBP_VACUOLAR_LOCALIZATION",91,69,TRUE
"GOBP_VACUOLAR_PROTON_TRANSPORTING_V_TYPE_ATPASE_COMPLEX_ASSEMBLY",6,4,FALSE
"GOBP_VACUOLAR_TRANSMEMBRANE_TRANSPORT",9,7,FALSE
"GOBP_VACUOLAR_TRANSPORT",173,153,TRUE
"GOBP_VACUOLE_FUSION",13,12,FALSE
"GOBP_VACUOLE_ORGANIZATION",253,225,TRUE
"GOBP_VAGINA_DEVELOPMENT",11,9,FALSE
"GOBP_VALINE_METABOLIC_PROCESS",7,5,FALSE
"GOBP_VASCULAR_ASSOCIATED_SMOOTH_MUSCLE_CELL_APOPTOTIC_PROCESS",9,8,FALSE
"GOBP_VASCULAR_ASSOCIATED_SMOOTH_MUSCLE_CELL_DEVELOPMENT",11,11,FALSE
"GOBP_VASCULAR_ASSOCIATED_SMOOTH_MUSCLE_CELL_DIFFERENTIATION",30,28,TRUE
"GOBP_VASCULAR_ASSOCIATED_SMOOTH_MUSCLE_CELL_MIGRATION",25,23,TRUE
"GOBP_VASCULAR_ASSOCIATED_SMOOTH_MUSCLE_CELL_PROLIFERATION",54,48,TRUE
"GOBP_VASCULAR_ASSOCIATED_SMOOTH_MUSCLE_CONTRACTION",26,23,TRUE
"GOBP_VASCULAR_ENDOTHELIAL_CELL_PROLIFERATION",22,20,TRUE
"GOBP_VASCULAR_ENDOTHELIAL_CELL_RESPONSE_TO_FLUID_SHEAR_STRESS",26,25,TRUE
"GOBP_VASCULAR_ENDOTHELIAL_CELL_RESPONSE_TO_LAMINAR_FLUID_SHEAR_STRESS",21,21,TRUE
"GOBP_VASCULAR_ENDOTHELIAL_GROWTH_FACTOR_PRODUCTION",35,24,TRUE
"GOBP_VASCULAR_ENDOTHELIAL_GROWTH_FACTOR_RECEPTOR_2_SIGNALING_PATHWAY",6,6,FALSE
"GOBP_VASCULAR_ENDOTHELIAL_GROWTH_FACTOR_RECEPTOR_SIGNALING_PATHWAY",58,54,TRUE
"GOBP_VASCULAR_ENDOTHELIAL_GROWTH_FACTOR_SIGNALING_PATHWAY",48,43,TRUE
"GOBP_VASCULAR_PROCESS_IN_CIRCULATORY_SYSTEM",275,203,TRUE
"GOBP_VASCULAR_TRANSPORT",89,70,TRUE
"GOBP_VASCULAR_WOUND_HEALING",19,17,TRUE
"GOBP_VASCULATURE_DEVELOPMENT",764,611,FALSE
"GOBP_VASCULOGENESIS",84,70,TRUE
"GOBP_VASCULOGENESIS_INVOLVED_IN_CORONARY_VASCULAR_MORPHOGENESIS",4,2,FALSE
"GOBP_VASOCONSTRICTION",85,57,TRUE
"GOBP_VASODILATION",56,41,TRUE
"GOBP_VENOUS_BLOOD_VESSEL_DEVELOPMENT",16,13,FALSE
"GOBP_VENOUS_BLOOD_VESSEL_MORPHOGENESIS",9,7,FALSE
"GOBP_VENTRAL_MIDLINE_DEVELOPMENT",6,6,FALSE
"GOBP_VENTRAL_SPINAL_CORD_DEVELOPMENT",47,27,TRUE
"GOBP_VENTRAL_SPINAL_CORD_INTERNEURON_DIFFERENTIATION",10,4,FALSE
"GOBP_VENTRICULAR_CARDIAC_MUSCLE_CELL_ACTION_POTENTIAL",36,25,TRUE
"GOBP_VENTRICULAR_CARDIAC_MUSCLE_CELL_DEVELOPMENT",12,9,FALSE
"GOBP_VENTRICULAR_CARDIAC_MUSCLE_CELL_DIFFERENTIATION",18,15,TRUE
"GOBP_VENTRICULAR_CARDIAC_MUSCLE_CELL_MEMBRANE_REPOLARIZATION",29,19,TRUE
"GOBP_VENTRICULAR_CARDIAC_MUSCLE_TISSUE_DEVELOPMENT",63,50,TRUE
"GOBP_VENTRICULAR_CARDIAC_MUSCLE_TISSUE_MORPHOGENESIS",49,38,TRUE
"GOBP_VENTRICULAR_COMPACT_MYOCARDIUM_MORPHOGENESIS",8,6,FALSE
"GOBP_VENTRICULAR_SEPTUM_DEVELOPMENT",76,61,TRUE
"GOBP_VENTRICULAR_SEPTUM_MORPHOGENESIS",45,37,TRUE
"GOBP_VENTRICULAR_SYSTEM_DEVELOPMENT",33,27,TRUE
"GOBP_VENTRICULAR_TRABECULA_MYOCARDIUM_MORPHOGENESIS",15,13,FALSE
"GOBP_VERY_LONG_CHAIN_FATTY_ACID_BIOSYNTHETIC_PROCESS",13,11,FALSE
"GOBP_VERY_LONG_CHAIN_FATTY_ACID_CATABOLIC_PROCESS",7,6,FALSE
"GOBP_VERY_LONG_CHAIN_FATTY_ACID_METABOLIC_PROCESS",36,26,TRUE
"GOBP_VERY_LOW_DENSITY_LIPOPROTEIN_PARTICLE_ASSEMBLY",12,8,FALSE
"GOBP_VERY_LOW_DENSITY_LIPOPROTEIN_PARTICLE_CLEARANCE",10,7,FALSE
"GOBP_VESICLE_BUDDING_FROM_MEMBRANE",88,80,TRUE
"GOBP_VESICLE_CARGO_LOADING",31,28,TRUE
"GOBP_VESICLE_COATING",37,34,TRUE
"GOBP_VESICLE_CYTOSKELETAL_TRAFFICKING",59,54,TRUE
"GOBP_VESICLE_DOCKING",57,47,TRUE
"GOBP_VESICLE_DOCKING_INVOLVED_IN_EXOCYTOSIS",38,31,TRUE
"GOBP_VESICLE_FUSION_TO_PLASMA_MEMBRANE",33,23,TRUE
"GOBP_VESICLE_FUSION_WITH_GOLGI_APPARATUS",7,7,FALSE
"GOBP_VESICLE_LOCALIZATION",219,193,TRUE
"GOBP_VESICLE_MEDIATED_CHOLESTEROL_TRANSPORT",10,8,FALSE
"GOBP_VESICLE_MEDIATED_TRANSPORT",1589,1304,FALSE
"GOBP_VESICLE_MEDIATED_TRANSPORT_BETWEEN_ENDOSOMAL_COMPARTMENTS",47,46,TRUE
"GOBP_VESICLE_MEDIATED_TRANSPORT_IN_SYNAPSE",249,204,TRUE
"GOBP_VESICLE_MEDIATED_TRANSPORT_TO_THE_PLASMA_MEMBRANE",171,151,TRUE
"GOBP_VESICLE_ORGANIZATION",404,332,TRUE
"GOBP_VESICLE_TARGETING",66,56,TRUE
"GOBP_VESICLE_TARGETING_ROUGH_ER_TO_CIS_GOLGI",24,21,TRUE
"GOBP_VESICLE_TARGETING_TO_FROM_OR_WITHIN_GOLGI",31,28,TRUE
"GOBP_VESICLE_TETHERING",32,26,TRUE
"GOBP_VESICLE_TETHERING_INVOLVED_IN_EXOCYTOSIS",10,6,FALSE
"GOBP_VESICLE_TETHERING_TO_GOLGI",5,4,FALSE
"GOBP_VESICLE_TRANSPORT_ALONG_ACTIN_FILAMENT",6,6,FALSE
"GOBP_VESICLE_TRANSPORT_ALONG_MICROTUBULE",48,44,TRUE
"GOBP_VESICLE_UNCOATING",7,7,FALSE
"GOBP_VESTIBULAR_REFLEX",5,1,FALSE
"GOBP_VESTIBULOCOCHLEAR_NERVE_DEVELOPMENT",10,6,FALSE
"GOBP_VESTIBULOCOCHLEAR_NERVE_FORMATION",4,2,FALSE
"GOBP_VESTIBULOCOCHLEAR_NERVE_MORPHOGENESIS",6,4,FALSE
"GOBP_VIRAL_BUDDING",24,23,TRUE
"GOBP_VIRAL_GENE_EXPRESSION",80,69,TRUE
"GOBP_VIRAL_GENOME_REPLICATION",104,85,TRUE
"GOBP_VIRAL_LATENCY",5,5,FALSE
"GOBP_VIRAL_LIFE_CYCLE",267,217,TRUE
"GOBP_VIRAL_PROCESS",352,288,TRUE
"GOBP_VIRAL_PROTEIN_PROCESSING",31,26,TRUE
"GOBP_VIRAL_RELEASE_FROM_HOST_CELL",26,23,TRUE
"GOBP_VIRAL_RNA_GENOME_REPLICATION",20,18,TRUE
"GOBP_VIRAL_TRANSCRIPTION",25,21,TRUE
"GOBP_VIRAL_TRANSLATION",23,21,TRUE
"GOBP_VIRAL_TRANSLATIONAL_FRAMESHIFTING",6,4,FALSE
"GOBP_VIRAL_TRANSLATIONAL_TERMINATION_REINITIATION",5,5,FALSE
"GOBP_VIRION_ASSEMBLY",34,31,TRUE
"GOBP_VISUAL_BEHAVIOR",59,42,TRUE
"GOBP_VITAMIN_A_METABOLIC_PROCESS",8,4,FALSE
"GOBP_VITAMIN_B6_METABOLIC_PROCESS",6,6,FALSE
"GOBP_VITAMIN_BIOSYNTHETIC_PROCESS",23,16,TRUE
"GOBP_VITAMIN_CATABOLIC_PROCESS",16,9,FALSE
"GOBP_VITAMIN_D3_METABOLIC_PROCESS",6,4,FALSE
"GOBP_VITAMIN_D_BIOSYNTHETIC_PROCESS",11,5,FALSE
"GOBP_VITAMIN_D_METABOLIC_PROCESS",19,9,FALSE
"GOBP_VITAMIN_D_RECEPTOR_SIGNALING_PATHWAY",14,12,FALSE
"GOBP_VITAMIN_E_METABOLIC_PROCESS",6,2,FALSE
"GOBP_VITAMIN_K_CATABOLIC_PROCESS",5,2,FALSE
"GOBP_VITAMIN_K_METABOLIC_PROCESS",12,6,FALSE
"GOBP_VITAMIN_METABOLIC_PROCESS",41,27,TRUE
"GOBP_VITAMIN_TRANSMEMBRANE_TRANSPORT",20,15,TRUE
"GOBP_VITAMIN_TRANSPORT",52,34,TRUE
"GOBP_VOCALIZATION_BEHAVIOR",19,15,TRUE
"GOBP_VOLUNTARY_MUSCULOSKELETAL_MOVEMENT",6,6,FALSE
"GOBP_VOLUNTARY_SKELETAL_MUSCLE_CONTRACTION",5,5,FALSE
"GOBP_V_D_J_RECOMBINATION",19,16,TRUE
"GOBP_WALKING_BEHAVIOR",40,27,TRUE
"GOBP_WATER_SOLUBLE_VITAMIN_BIOSYNTHETIC_PROCESS",9,9,FALSE
"GOBP_WATER_TRANSPORT",27,12,FALSE
"GOBP_WHITE_FAT_CELL_DIFFERENTIATION",21,16,TRUE
"GOBP_WHITE_FAT_CELL_PROLIFERATION",7,4,FALSE
"GOBP_WNT_PROTEIN_SECRETION",6,5,FALSE
"GOBP_WNT_SIGNALING_PATHWAY",467,380,TRUE
"GOBP_WNT_SIGNALING_PATHWAY_CALCIUM_MODULATING_PATHWAY",5,2,FALSE
"GOBP_WNT_SIGNALING_PATHWAY_PLANAR_CELL_POLARITY_PATHWAY",47,39,TRUE
"GOBP_WOUND_HEALING",438,337,TRUE
"GOBP_WOUND_HEALING_INVOLVED_IN_INFLAMMATORY_RESPONSE",10,9,FALSE
"GOBP_WOUND_HEALING_SPREADING_OF_EPIDERMAL_CELLS",24,20,TRUE
"GOBP_WYBUTOSINE_BIOSYNTHETIC_PROCESS",5,4,FALSE
"GOBP_XENOBIOTIC_CATABOLIC_PROCESS",26,12,FALSE
"GOBP_XENOBIOTIC_EXPORT_FROM_CELL",15,11,FALSE
"GOBP_XENOBIOTIC_METABOLIC_PROCESS",110,54,TRUE
"GOBP_XENOBIOTIC_TRANSMEMBRANE_TRANSPORT",18,12,FALSE
"GOBP_XENOBIOTIC_TRANSPORT",50,33,TRUE
"GOBP_XENOBIOTIC_TRANSPORT_ACROSS_BLOOD_BRAIN_BARRIER",6,3,FALSE
"GOBP_XENOPHAGY",15,15,TRUE
"GOBP_XMP_METABOLIC_PROCESS",8,8,FALSE
"GOBP_ZINC_ION_IMPORT_ACROSS_PLASMA_MEMBRANE",11,8,FALSE
"GOBP_ZINC_ION_IMPORT_INTO_ORGANELLE",13,9,FALSE
"GOBP_ZINC_ION_TRANSPORT",34,27,TRUE
"GOBP_ZYGOTIC_DETERMINATION_OF_ANTERIOR_POSTERIOR_AXIS_EMBRYO",6,3,FALSE
"GOBP_ZYMOGEN_ACTIVATION",54,35,TRUE
"GOBP_ZYMOSTEROL_METABOLIC_PROCESS",14,12,FALSE
