"ID","Description","GeneRatio","BgRatio","RichFactor","FoldEnrichment","zScore","pvalue","p.adjust","qvalue","geneID","Count"
"GO:0007059","chromosome segregation","40/379","392/21697",0.102040816326531,5.84163480695708,12.898241521907,2.17017323942277e-19,4.44032104239564e-16,3.44210933519042e-16,"Mki67/Top2a/Ccnb2/Cenpf/Aurkb/Uhrf1/Prc1/Ube2c/Cdc20/Cdk1/Cenpt/Kif18b/Kif11/Kifc1/Tpx2/Knstrn/Ncapd2/Nusap1/Cenpe/Mybl2/Nuf2/Kif4a/Kif2c/Cenpw/Psrc1/Aspm/Bub1/Bub1b/Fancd2/Kif22/Flna/Plk1/Xrcc3/Ect2/Kif23/Pttg1/Espl1/Esco2/Tacc3/Cdca2",40
"GO:0098813","nuclear chromosome segregation","35/379","291/21697",0.120274914089347,6.88550082057141,13.477159576795,2.22071570012285e-19,4.44032104239564e-16,3.44210933519042e-16,"Top2a/Ccnb2/Cenpf/Aurkb/Uhrf1/Prc1/Ube2c/Cdc20/Cdk1/Kif18b/Kif11/Kifc1/Tpx2/Knstrn/Ncapd2/Nusap1/Cenpe/Mybl2/Nuf2/Kif4a/Kif2c/Psrc1/Aspm/Bub1/Bub1b/Fancd2/Kif22/Flna/Plk1/Xrcc3/Ect2/Kif23/Pttg1/Espl1/Tacc3",35
"GO:0000819","sister chromatid segregation","29/379","193/21697",0.150259067357513,8.60203425977826,14.1444173873799,6.38034393781241e-19,8.50499846910394e-16,6.59302206907282e-16,"Top2a/Aurkb/Uhrf1/Prc1/Ube2c/Cdc20/Cdk1/Kif18b/Kif11/Kifc1/Tpx2/Knstrn/Ncapd2/Nusap1/Cenpe/Mybl2/Nuf2/Kif4a/Kif2c/Psrc1/Bub1/Bub1b/Kif22/Flna/Plk1/Xrcc3/Kif23/Espl1/Tacc3",29
"GO:0000070","mitotic sister chromatid segregation","27/379","177/21697",0.152542372881356,8.73274898260364,13.7732244336265,7.17591093392741e-18,7.17411695619393e-15,5.56133097379374e-15,"Aurkb/Uhrf1/Prc1/Ube2c/Cdc20/Cdk1/Kif18b/Kif11/Kifc1/Tpx2/Knstrn/Ncapd2/Nusap1/Cenpe/Mybl2/Nuf2/Kif4a/Kif2c/Psrc1/Bub1/Bub1b/Kif22/Flna/Plk1/Xrcc3/Kif23/Espl1",27
"GO:0140014","mitotic nuclear division","30/379","264/21697",0.113636363636364,6.5054569441113,12.0002436555301,4.39496763261205e-16,3.00511113590279e-13,2.32954351620372e-13,"Mki67/Aurkb/Uhrf1/Prc1/Ube2c/Cdc20/Cdk1/Kif18b/Kif11/Kifc1/Tpx2/Knstrn/Ncapd2/Nusap1/Cenpe/Mybl2/Nuf2/Bmp7/Kif4a/Kif2c/Psrc1/Bub1/Bub1b/Kif22/Flna/Plk1/Xrcc3/Kif23/Espl1/Cdca2",30
"GO:0000280","nuclear division","38/379","439/21697",0.0865603644646925,4.95540957200642,11.1634576994407,4.50879390232977e-16,3.00511113590279e-13,2.32954351620372e-13,"Mki67/Top2a/Ccnb2/Aurkb/Uhrf1/Prc1/Ube2c/Cdc20/Cdk1/Kif18b/Kif11/Kifc1/Tpx2/Knstrn/Ncapd2/Marf1/Nusap1/Ankle1/Cenpe/Mybl2/Nuf2/Bmp7/Cdc25b/Kif4a/Kif2c/Psrc1/Aspm/Bub1/Bub1b/Fancd2/Kif22/Flna/Plk1/Xrcc3/Kif23/Pttg1/Espl1/Cdca2",38
"GO:0048285","organelle fission","39/379","497/21697",0.0784708249496982,4.49229944309657,10.5016599325082,4.72000896673034e-15,2.69647369399352e-12,2.09028968526629e-12,"Mki67/Top2a/Ccnb2/Inf2/Aurkb/Uhrf1/Prc1/Ube2c/Cdc20/Cdk1/Kif18b/Kif11/Kifc1/Tpx2/Knstrn/Ncapd2/Marf1/Nusap1/Ankle1/Cenpe/Mybl2/Nuf2/Bmp7/Cdc25b/Kif4a/Kif2c/Psrc1/Aspm/Bub1/Bub1b/Fancd2/Kif22/Flna/Plk1/Xrcc3/Kif23/Pttg1/Espl1/Cdca2",39
"GO:1902850","microtubule cytoskeleton organization involved in mitosis","22/379","157/21697",0.140127388535032,8.02201569668756,11.7740258451581,5.25948280821402e-14,2.62908396875598e-11,2.03804958818293e-11,"Aurkb/Uhrf1/Prc1/Cdc20/Cdk1/Kif11/Kifc1/Tpx2/Nusap1/Cenpe/Mybl2/Nuf2/Kif4a/Psrc1/Plk2/Flna/Plk1/Cenpa/Kif23/Tacc3/Stil/Sapcd2",22
"GO:0044772","mitotic cell cycle phase transition","34/379","410/21697",0.0829268292682927,4.74739687238561,10.2141116408239,5.98878378069746e-14,2.6610162598899e-11,2.06280330224024e-11,"Cdkn1a/Gpnmb/Ccnb2/Cenpf/Aurkb/Ccng1/Ube2c/Cdc20/Cdk1/Ccnf/Rrm2/Iqgap3/Pkmyt1/Ccna2/Dtl/Cenpe/Cdc25b/Foxm1/Bub1/Cdkn2c/Bub1b/Plk2/Ctdsp2/Kank2/Ezh2/Plk1/Mepce/Clspn/Xrcc3/Ccnd3/Tcf19/Fhl1/Tacc3/Stil",34
"GO:0007346","regulation of mitotic cell cycle","35/379","475/21697",0.0736842105263158,4.21827523955006,9.45612154425519,8.04205785969406e-13,3.21601893809166e-10,2.49303793650516e-10,"Cdkn1a/Mki67/Gpnmb/Cenpf/Aurkb/Ccng1/Ube2c/Cdc20/Cdk1/Rrm2/Pkmyt1/Dtl/Nusap1/Cenpe/Bmp7/Cdc25b/Foxm1/Bub1/Cdkn2c/Scrib/Bub1b/Fancd2/Ctdsp2/Kank2/Ezh2/Rad9a/Plk1/Mepce/Clspn/Iqgap1/Xrcc3/Ccnd3/Fhl1/Stil/Cdca2",35
"GO:0007051","spindle organization","23/379","204/21697",0.112745098039216,6.45443375239278,10.4364416145983,1.51839997583102e-12,5.52007409395294e-10,4.27912720461468e-10,"Ccnb2/Aurkb/Uhrf1/Prc1/Cdc20/Cdk1/Kif11/Kifc1/Tpx2/Knstrn/Cenpe/Mybl2/Nuf2/Kif4a/Psrc1/Aspm/Plk2/Flna/Plk1/Kif23/Espl1/Tacc3/Stil",23
"GO:0045786","negative regulation of cell cycle","30/379","362/21697",0.0828729281767956,4.74431114156183,9.57891024710479,1.94881032479931e-12,6.49441040739372e-10,5.03442667239823e-10,"Cdkn1a/Gpnmb/Ccnb2/Aurkb/Ccng1/Cdk1/Ccnf/Kifc1/Pkmyt1/Dtl/Cenpe/Bmp7/Atf5/Bub1/Recql4/Ets1/Scrib/Bub1b/Suv39h1/Fancd2/Ctdsp2/Kank2/Ezh2/Rad9a/E2f8/Plk1/Clspn/Xrcc3/Fhl1/Tp53i13",30
"GO:0007052","mitotic spindle organization","18/379","124/21697",0.145161290322581,8.31019661247766,10.8848097023564,5.82948733391139e-12,1.79323998833166e-09,1.39010851808656e-09,"Aurkb/Uhrf1/Prc1/Cdc20/Kif11/Kifc1/Tpx2/Cenpe/Mybl2/Nuf2/Kif4a/Psrc1/Plk2/Flna/Plk1/Kif23/Tacc3/Stil",18
"GO:0010948","negative regulation of cell cycle process","26/379","292/21697",0.089041095890411,5.09742653702967,9.39899021788794,1.22629841530139e-11,3.50283383056446e-09,2.71537506245307e-09,"Cdkn1a/Gpnmb/Ccnb2/Aurkb/Ccng1/Cdk1/Ccnf/Kifc1/Pkmyt1/Dtl/Cenpe/Bmp7/Atf5/Bub1/Recql4/Bub1b/Fancd2/Ctdsp2/Kank2/Ezh2/Rad9a/E2f8/Plk1/Clspn/Xrcc3/Fhl1",26
"GO:0000281","mitotic cytokinesis","15/379","84/21697",0.178571428571429,10.2228609121749,11.2923410876284,1.61942627745831e-11,4.31739045570384e-09,3.34681430674717e-09,"Ckap2/Aurkb/Iqgap2/Iqgap3/Snx33/Anln/Nusap1/Kif4a/Kif20a/Cep55/Plk1/Iqgap1/Ect2/Cenpa/Kif23",15
"GO:1901990","regulation of mitotic cell cycle phase transition","26/379","303/21697",0.0858085808580858,4.91237144822662,9.14432412633731,2.81098956543253e-11,7.02571704510292e-09,5.44629228302552e-09,"Cdkn1a/Gpnmb/Cenpf/Aurkb/Ccng1/Ube2c/Cdc20/Cdk1/Rrm2/Pkmyt1/Dtl/Cenpe/Cdc25b/Bub1/Cdkn2c/Bub1b/Ctdsp2/Kank2/Ezh2/Plk1/Mepce/Clspn/Xrcc3/Ccnd3/Fhl1/Stil",26
"GO:0048511","rhythmic process","30/379","425/21697",0.0705882352941176,4.04103678410678,8.44205521597168,1.06645799272788e-10,2.50868559583458e-08,1.94471751615083e-08,"Dbp/Nr1d1/Per3/Top2a/Tef/Adipoq/Ddit3/Nr1d2/Mmp2/Cdk1/Per2/Erbb2/Adcy6/Dtl/Col6a1/Twist1/Bhlhe40/Atf5/Mybbp1a/Slc4a1/Ciart/Ets1/Suv39h1/Retn/Nos3/Prkcg/Ezh2/Mta1/Hlf/Nfkb2",30
"GO:1901987","regulation of cell cycle phase transition","29/379","409/21697",0.0709046454767726,4.05915064092226,8.32781940741026,1.98785733722212e-10,4.41635638419514e-08,3.42353208077142e-08,"Cdkn1a/Gpnmb/Cenpf/Aurkb/Ccng1/Ube2c/Cdc20/Cdk1/Rrm2/Pkmyt1/Dtl/Cenpe/Cdc25b/Atf5/Bub1/Cdkn2c/Bub1b/Fancd2/Ctdsp2/Kank2/Ezh2/Rad9a/Plk1/Mepce/Clspn/Xrcc3/Ccnd3/Fhl1/Stil",29
"GO:0045930","negative regulation of mitotic cell cycle","21/379","222/21697",0.0945945945945946,5.41535334807103,8.81681194494729,3.97113099533971e-10,8.35818571071762e-08,6.47921372923847e-08,"Cdkn1a/Gpnmb/Aurkb/Ccng1/Cdk1/Pkmyt1/Dtl/Cenpe/Bmp7/Bub1/Scrib/Bub1b/Fancd2/Ctdsp2/Kank2/Ezh2/Rad9a/Plk1/Clspn/Xrcc3/Fhl1",21
"GO:0061640","cytoskeleton-dependent cytokinesis","15/379","111/21697",0.135135135135135,7.7362190686729,9.48697634250727,9.69412000190904e-10,1.93833929438171e-07,1.5025886002959e-07,"Ckap2/Aurkb/Iqgap2/Iqgap3/Snx33/Anln/Nusap1/Kif4a/Kif20a/Cep55/Plk1/Iqgap1/Ect2/Cenpa/Kif23",15
"GO:0000910","cytokinesis","18/379","173/21697",0.104046242774566,5.95644150258514,8.72705588185816,1.57044658337695e-09,2.99057899377353e-07,2.31827828974692e-07,"Ckap2/Aurkb/Prc1/Iqgap2/Iqgap3/Snx33/Anln/Nusap1/Cdc25b/Kif4a/Kif20a/Cep55/E2f8/Plk1/Iqgap1/Ect2/Cenpa/Kif23",18
"GO:0090307","mitotic spindle assembly","12/379","69/21697",0.173913043478261,9.9561775840312,9.93516932731306,2.44257663943171e-09,4.43993817322156e-07,3.44181253738105e-07,"Aurkb/Uhrf1/Prc1/Cdc20/Kif11/Kifc1/Tpx2/Mybl2/Kif4a/Flna/Plk1/Kif23",12
"GO:0000082","G1/S transition of mitotic cell cycle","19/379","203/21697",0.0935960591133005,5.35818916776064,8.31824458090446,3.28028645998883e-09,5.70341980586754e-07,4.42125566346321e-07,"Cdkn1a/Gpnmb/Ccnb2/Ccng1/Cdk1/Ccnf/Rrm2/Iqgap3/Ccna2/Cdkn2c/Plk2/Ctdsp2/Kank2/Ezh2/Mepce/Ccnd3/Tcf19/Fhl1/Stil",19
"GO:1901991","negative regulation of mitotic cell cycle phase transition","17/379","170/21697",0.1,5.72480211081794,8.24617488459104,8.21476111166808e-09,1.36878457023169e-06,1.06107331025713e-06,"Cdkn1a/Gpnmb/Aurkb/Ccng1/Cdk1/Pkmyt1/Dtl/Cenpe/Bub1/Bub1b/Ctdsp2/Kank2/Ezh2/Plk1/Clspn/Xrcc3/Fhl1",17
"GO:0051225","spindle assembly","15/379","131/21697",0.114503816793893,6.5551169207839,8.50315828888803,9.92183564510343e-09,1.58709682979075e-06,1.23030761999283e-06,"Ccnb2/Aurkb/Uhrf1/Prc1/Cdc20/Kif11/Kifc1/Tpx2/Cenpe/Mybl2/Kif4a/Aspm/Flna/Plk1/Kif23",15
"GO:1901988","negative regulation of cell cycle phase transition","20/379","243/21697",0.0823045267489712,4.71177128462382,7.75829730973195,1.15808784989193e-08,1.78122819681455e-06,1.38079705179422e-06,"Cdkn1a/Gpnmb/Aurkb/Ccng1/Cdk1/Pkmyt1/Dtl/Cenpe/Atf5/Bub1/Bub1b/Fancd2/Ctdsp2/Kank2/Ezh2/Rad9a/Plk1/Clspn/Xrcc3/Fhl1",20
"GO:0044843","cell cycle G1/S phase transition","19/379","228/21697",0.0833333333333333,4.77066842568162,7.63160830542804,2.2094362937085e-08,3.27242064390381e-06,2.53676018907272e-06,"Cdkn1a/Gpnmb/Ccnb2/Ccng1/Cdk1/Ccnf/Rrm2/Iqgap3/Ccna2/Cdkn2c/Plk2/Ctdsp2/Kank2/Ezh2/Mepce/Ccnd3/Tcf19/Fhl1/Stil",19
"GO:0030866","cortical actin cytoskeleton organization","9/379","40/21697",0.225,12.8808047493404,10.0279675106136,2.33470087948655e-08,3.33445314895239e-06,2.58484740228868e-06,"Iqgap2/Tln1/Iqgap3/Anln/Epb41/Fmnl3/Iqgap1/Ect2/Ehd2",9
"GO:0044839","cell cycle G2/M phase transition","16/379","163/21697",0.098159509202454,5.61943765479062,7.8932665725719,2.9518519875846e-08,4.0705021028796e-06,3.15542798672837e-06,"Cdkn1a/Ccnb2/Cenpf/Aurkb/Ccng1/Cdc20/Cdk1/Pkmyt1/Ccna2/Dtl/Cdc25b/Atf5/Foxm1/Plk1/Clspn/Fhl1",16
"GO:0051983","regulation of chromosome segregation","12/379","100/21697",0.12,6.86976253298153,7.84440539665067,1.79025565599693e-07,2.35436009474178e-05,1.82508534476107e-05,"Aurkb/Ube2c/Cdc20/Cdk1/Ncapd2/Cenpe/Kif2c/Bub1/Bub1b/Plk1/Xrcc3/Tacc3",12
"GO:0032506","cytokinetic process","9/379","50/21697",0.18,10.3046437994723,8.78257986669202,1.83379068510295e-07,2.35436009474178e-05,1.82508534476107e-05,"Aurkb/Iqgap2/Iqgap3/Snx33/Anln/Kif20a/Cep55/Iqgap1/Ect2",9
"GO:0000086","G2/M transition of mitotic cell cycle","14/379","141/21697",0.099290780141844,5.68420067740789,7.4404152386699,1.88395906555981e-07,2.35436009474178e-05,1.82508534476107e-05,"Cdkn1a/Cenpf/Aurkb/Ccng1/Cdc20/Cdk1/Pkmyt1/Ccna2/Dtl/Cdc25b/Foxm1/Plk1/Clspn/Fhl1",14
"GO:0090068","positive regulation of cell cycle process","19/379","272/21697",0.0698529411764706,3.998942650939,6.6363366609796,3.56660499302668e-07,3.9089479588035e-05,3.03019221612675e-05,"Aurkb/Ube2c/Cdc20/Cdk1/Rrm2/Ncapd2/Dtl/Nusap1/Cenpe/Cdc25b/Bub1/Ezh2/E2f8/Mepce/Xrcc3/Ect2/Ccnd3/Kif23/Stil",19
"GO:0007093","mitotic cell cycle checkpoint signaling","13/379","127/21697",0.102362204724409,5.86003365674278,7.32406646674635,3.62598202706595e-07,3.9089479588035e-05,3.03019221612675e-05,"Cdkn1a/Aurkb/Ccng1/Cdk1/Dtl/Cenpe/Bub1/Bub1b/Fancd2/Rad9a/Plk1/Clspn/Xrcc3",13
"GO:0000912","assembly of actomyosin apparatus involved in cytokinesis","5/379","10/21697",0.5,28.6240105540897,11.6499269907015,3.71442916815536e-07,3.9089479588035e-05,3.03019221612675e-05,"Iqgap2/Iqgap3/Anln/Iqgap1/Ect2",5
"GO:0000915","actomyosin contractile ring assembly","5/379","10/21697",0.5,28.6240105540897,11.6499269907015,3.71442916815536e-07,3.9089479588035e-05,3.03019221612675e-05,"Iqgap2/Iqgap3/Anln/Iqgap1/Ect2",5
"GO:0044837","actomyosin contractile ring organization","5/379","10/21697",0.5,28.6240105540897,11.6499269907015,3.71442916815536e-07,3.9089479588035e-05,3.03019221612675e-05,"Iqgap2/Iqgap3/Anln/Iqgap1/Ect2",5
"GO:0051231","spindle elongation","5/379","10/21697",0.5,28.6240105540897,11.6499269907015,3.71442916815536e-07,3.9089479588035e-05,3.03019221612675e-05,"Aurkb/Prc1/Kif11/Kif4a/Kif23",5
"GO:0071214","cellular response to abiotic stimulus","24/379","425/21697",0.0564705882352941,3.23282942728543,6.19843515589915,5.36695158617279e-07,5.35218100372433e-05,4.14897752226692e-05,"Cdkn1a/Aurkb/Kcnk3/Mmp2/Clcn2/Ybx3/Erbb2/Piezo1/Eng/Pold1/Hdac7/Irf1/Nos3/Gpr4/Nfatc4/Bard1/Rad9a/Cav1/Bbc3/Pbk/Slc2a4/Ect2/Mgmt/Tmem109",24
"GO:0104004","cellular response to environmental stimulus","24/379","425/21697",0.0564705882352941,3.23282942728543,6.19843515589915,5.36695158617279e-07,5.35218100372433e-05,4.14897752226692e-05,"Cdkn1a/Aurkb/Kcnk3/Mmp2/Clcn2/Ybx3/Erbb2/Piezo1/Eng/Pold1/Hdac7/Irf1/Nos3/Gpr4/Nfatc4/Bard1/Rad9a/Cav1/Bbc3/Pbk/Slc2a4/Ect2/Mgmt/Tmem109",24
"GO:0033045","regulation of sister chromatid segregation","10/379","73/21697",0.136986301369863,7.84219467235334,7.80773477825014,5.48735736815948e-07,5.35218100372433e-05,4.14897752226692e-05,"Aurkb/Ube2c/Cdc20/Cdk1/Cenpe/Bub1/Bub1b/Plk1/Xrcc3/Tacc3",10
"GO:0030865","cortical cytoskeleton organization","9/379","57/21697",0.157894736842105,9.03916122760728,8.10318492933853,5.91233332943069e-07,5.62938594866508e-05,4.36386507648456e-05,"Iqgap2/Tln1/Iqgap3/Anln/Epb41/Fmnl3/Iqgap1/Ect2/Ehd2",9
"GO:1902750","negative regulation of cell cycle G2/M phase transition","10/379","74/21697",0.135135135135135,7.7362190686729,7.73945358908708,6.24722807563849e-07,5.80992211034379e-05,4.50381558941379e-05,"Cdkn1a/Aurkb/Ccng1/Cdk1/Pkmyt1/Dtl/Atf5/Plk1/Clspn/Fhl1",10
"GO:0051310","metaphase chromosome alignment","11/379","93/21697",0.118279569892473,6.77127131387068,7.43673135980941,6.76991486899609e-07,6.15292944570804e-05,4.76971274861088e-05,"Cenpf/Aurkb/Cdk1/Kifc1/Knstrn/Cenpe/Nuf2/Kif2c/Psrc1/Kif22/Ect2",11
"GO:1903037","regulation of leukocyte cell-cell adhesion","22/379","372/21697",0.0591397849462366,3.38563565693534,6.18824186385756,7.46327324769644e-07,6.6323621594529e-05,5.14136601507977e-05,"Gpnmb/Lgals5/Sele/Erbb2/Icam1/Dpp4/Tnfrsf13c/Slc4a1/Ets1/Scrib/Irf1/Cxcl12/Pf4/Cav1/Il4r/Ccdc88b/Sirpa/Ephb4/Jak3/Sox13/Tgfbr2/Itgal",22
"GO:0022407","regulation of cell-cell adhesion","26/379","498/21697",0.0522088353413655,2.98885250765595,5.98681410708009,8.00196761600864e-07,6.95649315139534e-05,5.39263034991887e-05,"Alox15/Gpnmb/Lgals5/Adipoq/Sele/Erbb2/Piezo1/Icam1/Dpp4/Tnfrsf13c/Bmp7/Slc4a1/Ets1/Scrib/Irf1/Cxcl12/Pf4/Cav1/Il4r/Ccdc88b/Sirpa/Ephb4/Jak3/Sox13/Tgfbr2/Itgal",26
"GO:0050000","chromosome localization","12/379","116/21697",0.103448275862069,5.92220908015649,7.08744140845367,9.12555309127299e-07,7.76448655574483e-05,6.01898182615878e-05,"Cenpf/Aurkb/Cdk1/Kifc1/Knstrn/Cenpe/Nuf2/Kif2c/Psrc1/Kif22/Ect2/Lmna",12
"GO:0007159","leukocyte cell-cell adhesion","23/379","410/21697",0.0560975609756098,3.21147435484909,6.02771649773724,1.03995192713672e-06,8.64589545755244e-05,6.70224454073832e-05,"Gpnmb/Lgals5/Sele/Erbb2/Icam1/Dpp4/Tnfrsf13c/Bmp7/Slc4a1/Ets1/Scrib/Irf1/Cxcl12/Pf4/Cav1/Il4r/Ccdc88b/Sirpa/Ephb4/Jak3/Sox13/Tgfbr2/Itgal",23
"GO:0031099","regeneration","21/379","350/21697",0.06,3.43488126649076,6.12321625227744,1.05938704031025e-06,8.64589545755244e-05,6.70224454073832e-05,"Cdkn1a/Ifrd1/Mki67/Abcb1b/Mmp2/Ybx3/Erbb2/Alas2/Ccna2/Col6a1/Ace/Hmgb2l1/Sulf2/Cxcl12/Ezh2/Flna/Cav1/Lamb2/Cad/Anxa3/Tgfbr2",21
"GO:0043534","blood vessel endothelial cell migration","13/379","141/21697",0.0921985815602837,5.27818634330732,6.79549939355458,1.20952968918927e-06,9.67381845413577e-05,7.49908407297347e-05,"Card10/Clec14a/Hdac7/Meox2/Ets1/Plk2/Nos3/Mmrn2/Cxcl12/Col18a1/Cdh5/Foxc2/Ephb4",13
"GO:0031100","animal organ regeneration","14/379","168/21697",0.0833333333333333,4.77066842568162,6.54180009017979,1.59786509929423e-06,0.0001252914221976,9.71251334865119e-05,"Cdkn1a/Mki67/Ybx3/Alas2/Ccna2/Ace/Hmgb2l1/Sulf2/Cxcl12/Ezh2/Cav1/Cad/Anxa3/Tgfbr2",14
"GO:0002042","cell migration involved in sprouting angiogenesis","9/379","65/21697",0.138461538461538,7.92664907651715,7.45706174249073,1.85771137412701e-06,0.000142865149714113,0.000110748178072956,"Card10/Clec14a/Hdac7/Meox2/Plk2/Mmrn2/Cdh5/Foxc2/Ephb4",9
"GO:0007623","circadian rhythm","18/379","277/21697",0.0649819494584837,3.72008801424993,6.07504249548703,2.04968302018295e-06,0.00015170102024818,0.000117597690114869,"Nr1d1/Per3/Top2a/Adipoq/Nr1d2/Cdk1/Per2/Adcy6/Col6a1/Bhlhe40/Atf5/Mybbp1a/Slc4a1/Ciart/Suv39h1/Prkcg/Ezh2/Mta1",18
"GO:1902410","mitotic cytokinetic process","7/379","35/21697",0.2,11.4496042216359,8.24937033166722,2.0711064429221e-06,0.00015170102024818,0.000117597690114869,"Aurkb/Iqgap2/Iqgap3/Kif20a/Cep55/Iqgap1/Ect2",7
"GO:0043542","endothelial cell migration","17/379","250/21697",0.068,3.8928654353562,6.13410453863089,2.13280977737191e-06,0.00015170102024818,0.000117597690114869,"Card10/Fn1/Dpp4/Clec14a/Plekhg5/Hdac7/Meox2/Ets1/Plk2/Nos3/Mmrn2/Cxcl12/Col18a1/Cdh5/Foxc2/Ephb4/Anxa3",17
"GO:0003018","vascular process in circulatory system","18/379","278/21697",0.0647482014388489,3.70670640268788,6.05619938742329,2.15711807487164e-06,0.00015170102024818,0.000117597690114869,"Abcb1b/Mmp2/Per2/Icam1/Slc1a5/Adcy6/Npr1/Ace/Faah/Slc5a6/Nos3/Ptgis/Gpr4/Cav1/Cdh5/Foxc2/Plod3/Klf2",18
"GO:0140694","membraneless organelle assembly","24/379","460/21697",0.0521739130434783,2.98685327520936,5.74294082097254,2.16228010856371e-06,0.00015170102024818,0.000117597690114869,"Ccnb2/Aurkb/Uhrf1/Prc1/Cdc20/Cenpt/Kif11/Krt19/Kifc1/Flnc/Tpx2/Cenpe/Mybl2/Kif4a/Cenpw/Aspm/Hdac7/Wdr90/Plk2/Flna/Plk1/Cenpa/Kif23/Stil",24
"GO:1902749","regulation of cell cycle G2/M phase transition","12/379","126/21697",0.0952380952380952,5.45219248649328,6.68282790945018,2.20930400860081e-06,0.000152327702248184,0.000118083490114871,"Cdkn1a/Cenpf/Aurkb/Ccng1/Cdk1/Pkmyt1/Dtl/Cdc25b/Atf5/Plk1/Clspn/Fhl1",12
"GO:0046209","nitric oxide metabolic process","11/379","106/21697",0.10377358490566,5.94083237915069,6.79912282178044,2.52154283385285e-06,0.000170909318518263,0.000132487843812607,"Por/Icam1/Nos3/Ptgis/Npy/Cav1/Khsrp/Sirpa/Klf2/Cygb/Jak3",11
"GO:0030198","extracellular matrix organization","19/379","312/21697",0.0608974358974359,3.48625769569041,5.89800345003291,2.78740213108031e-06,0.000182734772494921,0.000141654862399163,"Mmp2/Fn1/Ltbp4/Dpp4/Eng/Col6a1/Col5a1/Fbln1/Ets1/Sulf2/Antxr1/Adamts2/Col18a1/Cav1/Lamb2/Foxc2/Plod3/Tnfrsf11b/Nfkb2",19
"GO:0045229","external encapsulating structure organization","19/379","312/21697",0.0608974358974359,3.48625769569041,5.89800345003291,2.78740213108031e-06,0.000182734772494921,0.000141654862399163,"Mmp2/Fn1/Ltbp4/Dpp4/Eng/Col6a1/Col5a1/Fbln1/Ets1/Sulf2/Antxr1/Adamts2/Col18a1/Cav1/Lamb2/Foxc2/Plod3/Tnfrsf11b/Nfkb2",19
"GO:0043062","extracellular structure organization","19/379","313/21697",0.060702875399361,3.47511949218981,5.88112050702657,2.92082672707053e-06,0.000183792136810575,0.00014247452465936,"Mmp2/Fn1/Ltbp4/Dpp4/Eng/Col6a1/Col5a1/Fbln1/Ets1/Sulf2/Antxr1/Adamts2/Col18a1/Cav1/Lamb2/Foxc2/Plod3/Tnfrsf11b/Nfkb2",19
"GO:0032943","mononuclear cell proliferation","20/379","343/21697",0.0583090379008746,3.3380770325469,5.81972507153819,2.95861555001229e-06,0.000183792136810575,0.00014247452465936,"Cdkn1a/Gpnmb/Lgals5/Erbb2/Csf1/Tnfrsf13c/Siglec10/Slc4a1/Scrib/Irf1/Cxcl12/P2rx7/Ephb2/Ccnd3/Ccdc88b/Jak3/Cd79a/Tgfbr2/Cd180/Itgal",20
"GO:0007088","regulation of mitotic nuclear division","11/379","108/21697",0.101851851851852,5.83081696472198,6.71046181629629,3.03332858952186e-06,0.000183792136810575,0.00014247452465936,"Mki67/Ube2c/Cdc20/Nusap1/Cenpe/Bmp7/Bub1/Bub1b/Plk1/Xrcc3/Cdca2",11
"GO:0010389","regulation of G2/M transition of mitotic cell cycle","11/379","108/21697",0.101851851851852,5.83081696472198,6.71046181629629,3.03332858952186e-06,0.000183792136810575,0.00014247452465936,"Cdkn1a/Cenpf/Aurkb/Ccng1/Cdk1/Pkmyt1/Dtl/Cdc25b/Plk1/Clspn/Fhl1",11
"GO:2001057","reactive nitrogen species metabolic process","11/379","108/21697",0.101851851851852,5.83081696472198,6.71046181629629,3.03332858952186e-06,0.000183792136810575,0.00014247452465936,"Por/Icam1/Nos3/Ptgis/Npy/Cav1/Khsrp/Sirpa/Klf2/Cygb/Jak3",11
"GO:0008630","intrinsic apoptotic signaling pathway in response to DNA damage","11/379","111/21697",0.0990990990990991,5.67322731702679,6.58155510499546,3.97134916736562e-06,0.000237036198810375,0.000183748991325872,"Cdkn1a/Aen/Ikbke/Cxcl12/Nfatc4/Rad9a/Bbc3/Uri1/Ackr3/Phlda3/Tmem109",11
"GO:0010972","negative regulation of G2/M transition of mitotic cell cycle","9/379","72/21697",0.125,7.15600263852243,6.97626869889095,4.44215457215719e-06,0.000261237884324362,0.000202509987848343,"Cdkn1a/Aurkb/Ccng1/Cdk1/Pkmyt1/Dtl/Plk1/Clspn/Fhl1",9
"GO:0051304","chromosome separation","9/379","74/21697",0.121621621621622,6.96259716180561,6.85061509041871,5.59404342810506e-06,0.000324211299550611,0.000251326588798923,"Ube2c/Cdc20/Ncapd2/Cenpe/Bub1/Bub1b/Plk1/Xrcc3/Espl1",9
"GO:1901989","positive regulation of cell cycle phase transition","11/379","116/21697",0.0948275862068965,5.42869165681012,6.37683042768094,6.10318574104334e-06,0.000348666282549033,0.000270283939960491,"Ube2c/Cdc20/Cdk1/Rrm2/Dtl/Cenpe/Cdc25b/Ezh2/Mepce/Ccnd3/Stil",11
"GO:0007080","mitotic metaphase chromosome alignment","8/379","57/21697",0.140350877192982,8.03480998009536,7.09083505076504,6.30240430082351e-06,0.000350863476031049,0.000271987190721744,"Aurkb/Cdk1/Kifc1/Cenpe/Nuf2/Kif2c/Psrc1/Kif22",8
"GO:0001666","response to hypoxia","24/379","490/21697",0.0489795918367347,2.8039847073394,5.38551804754495,6.34731228510933e-06,0.000350863476031049,0.000271987190721744,"Abcb1b/Adipoq/Kcnk3/Mmp2/Icam1/Alas2/Dpp4/Ccna2/Eng/Ace/Twist1/Ets1/Suv39h1/Nos3/Ptgis/Cxcl12/Cav1/Bbc3/Vasn/Slc2a4/Lmna/Cygb/Tacc3/Tgfbr2",24
"GO:1903046","meiotic cell cycle process","16/379","243/21697",0.065843621399177,3.76941702769906,5.78860038185273,6.40485965247977e-06,0.000350863476031049,0.000271987190721744,"Top2a/Ccnb2/Cdc20/Cdk1/Pkmyt1/Ncapd2/Marf1/Ankle1/Cenpe/Nuf2/Cdc25b/Aspm/Fancd2/Plk1/Pttg1/Espl1",16
"GO:1901992","positive regulation of mitotic cell cycle phase transition","10/379","96/21697",0.104166666666667,5.96333553210202,6.49843135386606,6.97926916816367e-06,0.000377163478425494,0.000292374789477127,"Ube2c/Cdc20/Cdk1/Rrm2/Dtl/Cenpe/Cdc25b/Mepce/Ccnd3/Stil",10
"GO:0007265","Ras protein signal transduction","11/379","118/21697",0.0932203389830508,5.33667993381334,6.29823598242298,7.20172626008371e-06,0.000383996044187663,0.00029767135208346,"Cdkn1a/Erbb2/Iqgap3/Ccna2/Csf1/Dok2/Foxm1/Plk2/Rasgrp2/Ephb2/Rasal1",11
"GO:0046651","lymphocyte proliferation","19/379","336/21697",0.056547619047619,3.23723928885538,5.51070925595697,8.11055734207135e-06,0.000426764721196623,0.0003308253652687,"Cdkn1a/Gpnmb/Lgals5/Erbb2/Tnfrsf13c/Siglec10/Slc4a1/Scrib/Irf1/Cxcl12/P2rx7/Ephb2/Ccnd3/Ccdc88b/Jak3/Cd79a/Tgfbr2/Cd180/Itgal",19
"GO:0008608","attachment of spindle microtubules to kinetochore","7/379","43/21697",0.162790697674419,9.31944529668037,7.28107901619944,8.80117207814898e-06,0.000457089443383348,0.000354332901847556,"Aurkb/Cdk1/Knstrn/Cenpe/Nuf2/Kif2c/Ect2",7
"GO:0010212","response to ionizing radiation","14/379","196/21697",0.0714285714285714,4.08914436486996,5.79259443727743,9.65933974157117e-06,0.000495226918289014,0.000383896835882957,"Cdkn1a/Abcb1b/Top2a/Aen/Icam1/Fancd2/Bard1/Rad9a/Cav1/Bbc3/Ect2/Mta1/Mgmt/Tmem109",14
"GO:0042060","wound healing","21/379","405/21697",0.0518518518518519,2.96841590931301,5.33178172151637,1.03114999031854e-05,0.000521970735605548,0.000404628477213603,"Alox15/Cdkn1a/Erbb2/Angptl2/Fn1/Eng/Col5a1/Slc4a1/Fbln1/Ets1/Scrib/Itpr3/Gpr4/Pf4/Flna/Cav1/Ephb2/Ppl/Foxc2/Epb41l4b/Myof",21
"GO:0007091","metaphase/anaphase transition of mitotic cell cycle","8/379","61/21697",0.131147540983607,7.50793719451533,6.7866585000654,1.05695120084002e-05,0.000528343481519904,0.000409568590325507,"Ube2c/Cdc20/Cenpe/Bub1/Bub1b/Plk1/Xrcc3/Tacc3",8
"GO:0051988","regulation of attachment of spindle microtubules to kinetochore","5/379","18/21697",0.277777777777778,15.9022280856054,8.43342618799767,1.1252644905274e-05,0.000554561282224086,0.000429892466840376,"Aurkb/Cdk1/Knstrn/Cenpe/Ect2",5
"GO:0009648","photoperiodism","6/379","30/21697",0.2,11.4496042216359,7.63655158398355,1.13713491228745e-05,0.000554561282224086,0.000429892466840376,"Nr1d1/Per3/Per2/Bhlhe40/Npy/Mta1",6
"GO:0000075","cell cycle checkpoint signaling","13/379","173/21697",0.0751445086705202,4.30187441853371,5.81377638581877,1.16535314762256e-05,0.000560849283862848,0.000434766886715386,"Cdkn1a/Aurkb/Ccng1/Cdk1/Dtl/Cenpe/Bub1/Bub1b/Fancd2/Rad9a/Plk1/Clspn/Xrcc3",13
"GO:0045787","positive regulation of cell cycle","19/379","345/21697",0.0550724637681159,3.15278956827655,5.37437615464294,1.17807801561588e-05,0.000560849283862848,0.000434766886715386,"Aurkb/Ube2c/Cdc20/Cdk1/Rrm2/Ncapd2/Dtl/Nusap1/Cenpe/Cdc25b/Bub1/Ezh2/E2f8/Mepce/Xrcc3/Ect2/Ccnd3/Kif23/Stil",19
"GO:0022409","positive regulation of cell-cell adhesion","18/379","316/21697",0.0569620253164557,3.26096322768111,5.39832771616731,1.27029583527733e-05,0.000597636828855768,0.000463284363454084,"Alox15/Sele/Piezo1/Icam1/Dpp4/Tnfrsf13c/Bmp7/Slc4a1/Ets1/Cav1/Il4r/Ccdc88b/Sirpa/Ephb4/Jak3/Sox13/Tgfbr2/Itgal",18
"GO:0033044","regulation of chromosome organization","14/379","201/21697",0.0696517412935323,3.98742435579359,5.67351662122519,1.28602252200318e-05,0.000598000472731479,0.000463566257931379,"Aurkb/Ube2c/Cdc20/Cdk1/Ncapd2/Cenpe/Pnkp/Bub1/Recql4/Bub1b/Plk1/Xrcc3/Lmna/Tacc3",14
"GO:0070661","leukocyte proliferation","20/379","380/21697",0.0526315789473684,3.01305374253576,5.27861925066757,1.34921486438573e-05,0.000620173591112475,0.000480754721792616,"Cdkn1a/Gpnmb/Lgals5/Erbb2/Csf1/Tnfrsf13c/Siglec10/Slc4a1/Scrib/Irf1/Cxcl12/P2rx7/Ephb2/Ccnd3/Ccdc88b/Jak3/Cd79a/Tgfbr2/Cd180/Itgal",20
"GO:0051321","meiotic cell cycle","17/379","289/21697",0.0588235294117647,3.36753065342232,5.40247413324638,1.46064100593316e-05,0.000663761748037127,0.000514543990726455,"Mki67/Top2a/Ccnb2/Cdc20/Cdk1/Pkmyt1/Ncapd2/Marf1/Ankle1/Cenpe/Nuf2/Cdc25b/Aspm/Fancd2/Plk1/Pttg1/Espl1",17
"GO:0044784","metaphase/anaphase transition of cell cycle","8/379","64/21697",0.125,7.15600263852243,6.57607293486437,1.51789101603673e-05,0.000682027659902348,0.000528703612327402,"Ube2c/Cdc20/Cenpe/Bub1/Bub1b/Plk1/Xrcc3/Tacc3",8
"GO:0051255","spindle midzone assembly","4/379","10/21697",0.4,22.8992084432718,9.23559520869424,1.77077509319428e-05,0.00078681439974266,0.000609933643211364,"Aurkb/Prc1/Kif4a/Kif23",4
"GO:0034405","response to fluid shear stress","7/379","48/21697",0.145833333333333,8.34866974494283,6.7958946981501,1.86570845962087e-05,0.000819886607694929,0.000635571013716999,"Mmp2/Ace/Ets1/Nos3/P2rx7/Smad6/Klf2",7
"GO:1905818","regulation of chromosome separation","8/379","66/21697",0.121212121212121,6.93915407371872,6.44309408499938,1.91079051901339e-05,0.000830570791905929,0.00064385332705886,"Ube2c/Cdc20/Ncapd2/Cenpe/Bub1/Bub1b/Plk1/Xrcc3",8
"GO:0031960","response to corticosteroid","19/379","358/21697",0.053072625698324,3.03830279624416,5.18512695141829,1.97239797290006e-05,0.000841662681036069,0.000652451690725635,"Cdkn1a/Ephx1/Adipoq/Fabp4/Lmnb1/Por/Erbb2/Fn1/Icam1/Ace/Tk1/Pappa/Nos3/Bard1/Pf4/Cav1/Cad/Anxa3/Fosb",19
"GO:0051383","kinetochore organization","5/379","20/21697",0.25,14.3120052770449,7.94136399078375,1.97840190090999e-05,0.000841662681036069,0.000652451690725635,"Cenpt/Cenpe/Nuf2/Cenpw/Cenpa",5
"GO:0048872","homeostasis of number of cells","21/379","424/21697",0.0495283018867925,2.83539727186738,5.08902813876116,2.04564344119038e-05,0.000861108223296876,0.000667525754493702,"Ccnb2/Glis2/Slc1a5/Alas2/Rhd/Csf1/Col6a1/Tnfrsf13c/Slc4a1/Ets1/Hmgb2l1/Nos3/Ezh2/Trim10/Hbb/P2rx7/Ahsp/Klf1/Klf2/Jak3/Epb42",21
"GO:0033047","regulation of mitotic sister chromatid segregation","7/379","49/21697",0.142857142857143,8.17828872973992,6.70727766344678,2.14428296714991e-05,0.000893227873503386,0.000692424708142159,"Aurkb/Cdk1/Cenpe/Bub1/Bub1b/Plk1/Xrcc3",7
"GO:0010965","regulation of mitotic sister chromatid separation","7/379","51/21697",0.137254901960784,7.85757152465208,6.53736628818494,2.80471524734131e-05,0.00115629446124927,0.000896352295542067,"Ube2c/Cdc20/Cenpe/Bub1/Bub1b/Plk1/Xrcc3",7
"GO:2000045","regulation of G1/S transition of mitotic cell cycle","11/379","137/21697",0.0802919708029197,4.59655643934287,5.63065602663152,2.96682486264909e-05,0.00120898967939199,0.000937201301854255,"Cdkn1a/Gpnmb/Rrm2/Cdkn2c/Ctdsp2/Kank2/Ezh2/Mepce/Ccnd3/Fhl1/Stil",11
"GO:0097193","intrinsic apoptotic signaling pathway","18/379","337/21697",0.0534124629080119,3.05775780399771,5.07627096120743,2.99299770592165e-05,0.00120898967939199,0.000937201301854255,"Cdkn1a/Aen/Ddit3/Mmp2/Ybx3/Ikbke/Mybbp1a/Eda2r/Bub1/Cxcl12/Nfatc4/Rad9a/Cav1/Bbc3/Uri1/Ackr3/Phlda3/Tmem109",18
"GO:0051315","attachment of mitotic spindle microtubules to kinetochore","5/379","22/21697",0.227272727272727,13.0109138882226,7.51526073800232,3.26507537409456e-05,0.00130570364210042,0.00101217336596931,"Aurkb/Cdk1/Cenpe/Nuf2/Kif2c",5
"GO:0051783","regulation of nuclear division","11/379","140/21697",0.0785714285714286,4.49805880135695,5.53647285182319,3.62667132501747e-05,0.00143594639888563,0.00111313674332219,"Mki67/Ube2c/Cdc20/Nusap1/Cenpe/Bmp7/Bub1/Bub1b/Plk1/Xrcc3/Cdca2",11
"GO:0030218","erythrocyte differentiation","12/379","166/21697",0.072289156626506,4.1384111644467,5.41212720721683,3.69810763423993e-05,0.00144987572836524,0.00112393467315135,"Slc1a5/Alas2/Rhd/Slc4a1/Ets1/Hmgb2l1/Trim10/Hbb/Ahsp/Klf1/Klf2/Epb42",12
"GO:0044773","mitotic DNA damage checkpoint signaling","8/379","73/21697",0.10958904109589,6.27375573788268,6.01796471138703,4.02162019600225e-05,0.00153399301049128,0.00118914186859789,"Cdkn1a/Ccng1/Cdk1/Dtl/Fancd2/Rad9a/Plk1/Clspn",8
"GO:0032886","regulation of microtubule-based process","16/379","282/21697",0.0567375886524823,3.24811467280451,5.06664162883958,4.02202627965334e-05,0.00153399301049128,0.00118914186859789,"Ckap2/Aurkb/Ccnf/Erbb2/Kifc1/Tpx2/Psrc1/Atf5/Plk2/Plk1/Cav1/Xrcc3/Caly/Cdh5/Tacc3/Stil",16
"GO:0048821","erythrocyte development","7/379","54/21697",0.12962962962963,7.42103977328252,6.29911768667098,4.10191370000502e-05,0.00153399301049128,0.00118914186859789,"Alas2/Rhd/Slc4a1/Hbb/Klf1/Klf2/Epb42",7
"GO:0051306","mitotic sister chromatid separation","7/379","54/21697",0.12962962962963,7.42103977328252,6.29911768667098,4.10191370000502e-05,0.00153399301049128,0.00118914186859789,"Ube2c/Cdc20/Cenpe/Bub1/Bub1b/Plk1/Xrcc3",7
"GO:0061982","meiosis I cell cycle process","11/379","142/21697",0.0774647887323944,4.43470586049277,5.47514873953269,4.13367651016838e-05,0.00153399301049128,0.00118914186859789,"Top2a/Ccnb2/Cdc20/Pkmyt1/Ankle1/Cenpe/Cdc25b/Fancd2/Plk1/Pttg1/Espl1",11
"GO:0050863","regulation of T cell activation","19/379","378/21697",0.0502645502645503,2.87754603453812,4.91008817592186,4.14281683253458e-05,0.00153399301049128,0.00118914186859789,"Gpnmb/Lgals5/Erbb2/Dpp4/Tnfrsf13c/Slc4a1/Scrib/Irf1/Fancd2/Pf4/Cav1/Il4r/Ccdc88b/Sirpa/Ephb4/Jak3/Sox13/Tgfbr2/Itgal",19
"GO:0007517","muscle organ development","19/379","379/21697",0.050131926121372,2.86995356479,4.89681176968725,4.29292563115901e-05,0.00157499170633072,0.00122092380335715,"Kel/Cenpf/Nr1d2/Ybx3/Erbb2/Fzd2/Eng/Col6a1/Lama5/Twist1/Hdac7/Disp1/Meox2/Cav1/Foxc2/Lmna/Fhl1/Hlf/Zbtb42",19
"GO:0031348","negative regulation of defense response","16/379","284/21697",0.0563380281690141,3.22524062581292,5.03307733854582,4.37735844400496e-05,0.00159136876523417,0.00123361919785594,"Nr1d1/Adipoq/Aurkb/Nr1d2/Irak3/Siglec10/Mapkbp1/Ets1/Ptgis/Pf4/Npy/Tap1/Pbk/Cdh5/Sirpa/Parp14",16
"GO:0006809","nitric oxide biosynthetic process","9/379","96/21697",0.09375,5.36700197889182,5.71765950508027,4.68487425861983e-05,0.00168510148635364,0.00130628022197956,"Por/Icam1/Nos3/Ptgis/Cav1/Khsrp/Sirpa/Klf2/Jak3",9
"GO:0001818","negative regulation of cytokine production","17/379","317/21697",0.0536277602523659,3.07008315091183,4.95050818985927,4.71946402779713e-05,0.00168510148635364,0.00130628022197956,"Gpnmb/Lgals5/Adipoq/Ddit3/Fn1/Irak3/Prg4/Twist1/Hdac7/Mapkbp1/Fbln1/Ezh2/Ephb2/Nfkbil1/Sirpa/Klf2/Jak3",17
"GO:0061515","myeloid cell development","9/379","97/21697",0.0927835051546392,5.31167206158366,5.67467410852759,5.08564585122523e-05,0.0017900630292238,0.00138764575908822,"Ptprv/Alas2/Rhd/Slc4a1/Hbb/Fbn1/Klf1/Klf2/Epb42",9
"GO:0010721","negative regulation of cell development","17/379","319/21697",0.0532915360501567,3.05083498068668,4.92015442465829,5.10295537213086e-05,0.0017900630292238,0.00138764575908822,"Nr1d1/Ifrd1/Ccnb2/Adipoq/Sema6c/Erbb2/Bmp7/Atf5/Erfe/Irf1/Nfatc4/Pf4/Fbn1/Ephb2/Il4r/Jak3/Tnfrsf11b",17
"GO:0030071","regulation of mitotic metaphase/anaphase transition","7/379","56/21697",0.125,7.15600263852243,6.15021588179921,5.21318309432867e-05,0.00181282775601916,0.00140529283412338,"Ube2c/Cdc20/Cenpe/Bub1/Bub1b/Plk1/Xrcc3",7
"GO:0051384","response to glucocorticoid","17/379","320/21697",0.053125,3.04130112137203,4.9050664679386,5.30483550489089e-05,0.00182879630897057,0.00141767155734153,"Cdkn1a/Ephx1/Adipoq/Fabp4/Lmnb1/Por/Erbb2/Fn1/Icam1/Ace/Tk1/Pappa/Nos3/Cav1/Cad/Anxa3/Fosb",17
"GO:0071375","cellular response to peptide hormone stimulus","21/379","453/21697",0.0463576158940397,2.65388177322686,4.74320208030253,5.35159231527554e-05,0.00182914680929803,0.00141794326302173,"Adipoq/Myo1c/Por/Fn1/Fzd2/Ccna2/Adcy6/Col6a1/Ace/Erfe/Irf1/Tns2/Nos3/Fbn1/Cav1/Slc2a4/Foxc2/Cyp21a1/Klf1/Klf2/Jak3",21
"GO:1903039","positive regulation of leukocyte cell-cell adhesion","15/379","260/21697",0.0576923076923077,3.30277044854881,4.98071314049374,5.77408207890383e-05,0.00195682662996071,0.0015169198681866,"Sele/Icam1/Dpp4/Tnfrsf13c/Slc4a1/Ets1/Cav1/Il4r/Ccdc88b/Sirpa/Ephb4/Jak3/Sox13/Tgfbr2/Itgal",15
"GO:0044774","mitotic DNA integrity checkpoint signaling","8/379","77/21697",0.103896103896104,5.94784634890176,5.79922467267861,5.92526165046658e-05,0.00199118666724503,0.0015435555560039,"Cdkn1a/Ccng1/Cdk1/Dtl/Fancd2/Rad9a/Plk1/Clspn",8
"GO:0002040","sprouting angiogenesis","11/379","148/21697",0.0743243243243243,4.25492048777009,5.29777967977692,6.03719783475958e-05,0.00201189617843363,0.00155960944064622,"Card10/Clec14a/Hdac7/Meox2/Plk2/Mmrn2/E2f8/Cdh5/Foxc2/Ephb4/Klf2",11
"GO:0032944","regulation of mononuclear cell proliferation","15/379","265/21697",0.0566037735849057,3.24045402499129,4.89287178265557,7.15937220297796e-05,0.0023571275482456,0.00182723065755473,"Cdkn1a/Gpnmb/Lgals5/Erbb2/Csf1/Tnfrsf13c/Siglec10/Slc4a1/Scrib/Irf1/Ephb2/Ccdc88b/Jak3/Tgfbr2/Itgal",15
"GO:0044703","multi-organism reproductive process","17/379","328/21697",0.0518292682926829,2.96712304524101,4.78643935531448,7.1910367813444e-05,0.0023571275482456,0.00182723065755473,"Mmp2/Erbb2/Alas2/Itgb4/Ace/Tk1/Pappa/Fbln1/Ets1/Irf1/Nos3/Ptgis/Cad/Mta1/Klf1/Tgfbr2/Fosb",17
"GO:0007095","mitotic G2 DNA damage checkpoint signaling","6/379","41/21697",0.146341463414634,8.37775918656284,6.3046864779528,7.32328784082013e-05,0.0023646144717866,0.00183303447425318,"Cdkn1a/Ccng1/Cdk1/Dtl/Plk1/Clspn",6
"GO:1902099","regulation of metaphase/anaphase transition of cell cycle","7/379","59/21697",0.11864406779661,6.79213809758061,5.94008374184775,7.33213789701272e-05,0.0023646144717866,0.00183303447425318,"Ube2c/Cdc20/Cenpe/Bub1/Bub1b/Plk1/Xrcc3",7
"GO:0034101","erythrocyte homeostasis","12/379","179/21697",0.0670391061452514,3.83785616367683,5.08337507994217,7.69408892193972e-05,0.00246149292790696,0.00190813405264105,"Slc1a5/Alas2/Rhd/Slc4a1/Ets1/Hmgb2l1/Trim10/Hbb/Ahsp/Klf1/Klf2/Epb42",12
"GO:0009612","response to mechanical stimulus","18/379","363/21697",0.0495867768595041,2.83874484833948,4.71058503721296,7.81830481428873e-05,0.00248138102796354,0.00192355118446786,"Mmp2/Erbb2/Piezo1/Csf1/Eng/Col6a1/Hdac7/Ets1/Irf1/Retn/Nos3/Cxcl12/P2rx7/Cav1/Ppl/Lmna/Tgfbr2/Fosb",18
"GO:0140013","meiotic nuclear division","13/379","208/21697",0.0625,3.57800131926121,4.98130245380922,8.00620403792889e-05,0.00252100865729745,0.00195427027697477,"Top2a/Ccnb2/Cdc20/Marf1/Ankle1/Cenpe/Nuf2/Cdc25b/Aspm/Fancd2/Plk1/Pttg1/Espl1",13
"GO:0007062","sister chromatid cohesion","7/379","60/21697",0.116666666666667,6.67893579595427,5.87327415554552,8.1773876716257e-05,0.00255479478897119,0.00198046107672185,"Cdc20/Bub1/Recql4/Bub1b/Kif22/Pttg1/Esco2",7
"GO:0042752","regulation of circadian rhythm","10/379","128/21697",0.078125,4.47250164907652,5.25374091963891,8.5692183160801e-05,0.00265645767798483,0.0020592695178177,"Nr1d1/Per3/Top2a/Nr1d2/Cdk1/Per2/Bhlhe40/Prkcg/Ezh2/Mta1",10
"GO:0006302","double-strand break repair","16/379","302/21697",0.0529801324503311,3.0330077408307,4.7437584894984,9.04497627075873e-05,0.00278237385436647,0.00215687895687324,"Mcm5/Marf1/Ankle1/Pnkp/Twist1/Mrgbp/Foxm1/Mcm3/Recql4/Hmgb2l1/Fancd2/Plk1/Xrcc3/Mta1/Mgmt/Esco2",16
"GO:0032963","collagen metabolic process","10/379","129/21697",0.0775193798449612,4.43783109365732,5.22168494976275,9.14748302238136e-05,0.00279242630583993,0.00216467155491467,"Mmp2/Fn1/Eng/Col6a1/Col5a1/Tns2/P2rx7/Mrc2/Plod3/Cygb",10
"GO:0007565","female pregnancy","16/379","303/21697",0.0528052805280528,3.0229978142933,4.72832090857708,9.40002897442474e-05,0.0028477815052064,0.00220758256217551,"Mmp2/Erbb2/Alas2/Itgb4/Ace/Pappa/Fbln1/Ets1/Irf1/Nos3/Ptgis/Cad/Mta1/Klf1/Tgfbr2/Fosb",16
"GO:0035296","regulation of tube diameter","13/379","213/21697",0.0610328638497653,3.494010677964,4.87715716195833,0.000101768032224323,0.0030370922452617,0.00235433507384628,"Mmp2/Per2/Icam1/Adcy6/Npr1/Ace/Faah/Nos3/Ptgis/Cav1/Foxc2/Plod3/Klf2",13
"GO:0097746","blood vessel diameter maintenance","13/379","213/21697",0.0610328638497653,3.494010677964,4.87715716195833,0.000101768032224323,0.0030370922452617,0.00235433507384628,"Mmp2/Per2/Icam1/Adcy6/Npr1/Ace/Faah/Nos3/Ptgis/Cav1/Foxc2/Plod3/Klf2",13
"GO:0045931","positive regulation of mitotic cell cycle","10/379","131/21697",0.0763358778625954,4.37007794718927,5.15854241044442,0.000104036962351343,0.00308180601809646,0.00238899691325307,"Ube2c/Cdc20/Cdk1/Rrm2/Dtl/Cenpe/Cdc25b/Mepce/Ccnd3/Stil",10
"GO:0035150","regulation of tube size","13/379","214/21697",0.0607476635514019,3.47768352526324,4.85670212384324,0.0001066716804357,0.00313661801516443,0.0024314868334608,"Mmp2/Per2/Icam1/Adcy6/Npr1/Ace/Faah/Nos3/Ptgis/Cav1/Foxc2/Plod3/Klf2",13
"GO:0042771","intrinsic apoptotic signaling pathway in response to DNA damage by p53 class mediator","6/379","44/21697",0.136363636363636,7.80654833293356,6.02601828592123,0.000110013025706652,0.00321125612993358,0.00248934583715782,"Cdkn1a/Aen/Bbc3/Uri1/Phlda3/Tmem109",6
"GO:0033622","integrin activation","5/379","28/21697",0.178571428571429,10.2228609121749,6.51120624804324,0.000111794169597044,0.00323960061027954,0.00251131830254228,"Tln1/Piezo1/Fn1/Cxcl12/Col16a1",5
"GO:0042098","T cell proliferation","14/379","246/21697",0.0569105691056911,3.25801746144111,4.74905599517323,0.00011710208958656,0.00336900184357304,0.00261162933610313,"Gpnmb/Lgals5/Erbb2/Tnfrsf13c/Slc4a1/Scrib/Irf1/Cxcl12/P2rx7/Ccnd3/Ccdc88b/Jak3/Tgfbr2/Itgal",14
"GO:0032465","regulation of cytokinesis","8/379","85/21697",0.0941176470588235,5.38804904547571,5.40467605828452,0.000120065609266436,0.00342958836754626,0.00265859563375679,"Aurkb/Prc1/Cdc25b/Kif20a/E2f8/Plk1/Ect2/Kif23",8
"GO:1902806","regulation of cell cycle G1/S phase transition","11/379","160/21697",0.06875,3.93580145118734,4.96970122759498,0.000121700149641168,0.0034516233930144,0.00267567704884838,"Cdkn1a/Gpnmb/Rrm2/Cdkn2c/Ctdsp2/Kank2/Ezh2/Mepce/Ccnd3/Fhl1/Stil",11
"GO:0090049","regulation of cell migration involved in sprouting angiogenesis","6/379","45/21697",0.133333333333333,7.63306948109059,5.9389272639145,0.000125087660328837,0.00352271516658465,0.00273078695084082,"Card10/Hdac7/Meox2/Plk2/Mmrn2/Foxc2",6
"GO:0043535","regulation of blood vessel endothelial cell migration","9/379","109/21697",0.0825688073394495,4.72690082544601,5.20105076268362,0.000126304947018074,0.00353212225961734,0.00273807927102119,"Card10/Hdac7/Meox2/Ets1/Plk2/Nos3/Mmrn2/Col18a1/Foxc2",9
"GO:0072332","intrinsic apoptotic signaling pathway by p53 class mediator","8/379","86/21697",0.0930232558139535,5.32539731238878,5.35887975369545,0.00013039396177152,0.00359617553878834,0.00278773297580491,"Cdkn1a/Aen/Mybbp1a/Eda2r/Bbc3/Uri1/Phlda3/Tmem109",8
"GO:0080164","regulation of nitric oxide metabolic process","8/379","86/21697",0.0930232558139535,5.32539731238878,5.35887975369545,0.00013039396177152,0.00359617553878834,0.00278773297580491,"Icam1/Ptgis/Npy/Cav1/Khsrp/Sirpa/Klf2/Jak3",8
"GO:0000212","meiotic spindle organization","5/379","29/21697",0.172413793103448,9.87034846692749,6.3733310676001,0.000133161230690969,0.00364734083241906,0.00282739599412331,"Ccnb2/Cdk1/Cenpe/Aspm/Espl1",5
"GO:1905954","positive regulation of lipid localization","9/379","110/21697",0.0818181818181818,4.68392899976013,5.16473045036474,0.000135476720105005,0.00368551975306065,0.00285699205663616,"Adipoq/Ldlrap1/Ikbke/Erfe/Retn/P2rx7/Cav1/Lrat/Acacb",9
"GO:0051382","kinetochore assembly","4/379","16/21697",0.25,14.3120052770449,7.10231663127407,0.00014122117246997,0.00381341244009249,0.0029561336744903,"Cenpt/Cenpe/Cenpw/Cenpa",4
"GO:0044706","multi-multicellular organism process","17/379","347/21697",0.0489913544668588,2.80465809463703,4.51852764499304,0.000142085134677115,0.00381341244009249,0.0029561336744903,"Mmp2/Erbb2/Alas2/Itgb4/Ace/Tk1/Pappa/Fbln1/Ets1/Irf1/Nos3/Ptgis/Cad/Mta1/Klf1/Tgfbr2/Fosb",17
"GO:0051052","regulation of DNA metabolic process","20/379","452/21697",0.0442477876106195,2.53309827912298,4.39184554298417,0.000150350807435257,0.00400835252622395,0.00310725002032865,"Cdkn1a/Adipoq/Aurkb/Cdk1/Ccna2/Ankle1/Pnkp/Twist1/Mrgbp/Foxm1/Suv39h1/Hmgb2l1/Prkcg/E2f8/Plk1/Lmna/Mgmt/Anxa3/Esco2/Ddx39b",20
"GO:0001667","ameboidal-type cell migration","15/379","284/21697",0.0528169014084507,3.02366308669962,4.5771467158967,0.000154272701904307,0.00405879299286397,0.00314635115725889,"Sema6c/Mmp2/Fn1/Anln/Itgb4/Lama5/Bmp7/Twist1/Scrib/Kank2/Cxcl12/Iqgap1/Epb41l4b/Cygb/Tgfbr2",15
"GO:0045444","fat cell differentiation","15/379","284/21697",0.0528169014084507,3.02366308669962,4.5771467158967,0.000154272701904307,0.00405879299286397,0.00314635115725889,"Nr1d1/Ifrd1/Adipoq/Fabp4/Ddit3/Fbxo9/Per2/Bmp7/Atf5/Ifrd2/Retn/Fbn1/Slc2a4/Smad6/Sox13",15
"GO:0072331","signal transduction by p53 class mediator","11/379","165/21697",0.0666666666666667,3.81653474054529,4.84229352032524,0.000159750968886287,0.00416278209634775,0.00322696286538585,"Cdkn1a/Aen/Rbm38/Twist1/Mybbp1a/Foxm1/Eda2r/Bbc3/Uri1/Phlda3/Tmem109",11
"GO:0034612","response to tumor necrosis factor","15/379","285/21697",0.0526315789473684,3.01305374253576,4.56126594127639,0.000160307187506265,0.00416278209634775,0.00322696286538585,"Nr1d1/Abcb1b/Adipoq/Fabp4/Ybx3/Icam1/Tnfrsf13c/Eda2r/Irf1/Nos3/Ptgis/Slc2a4/Cd14/Klf2/Tnfrsf11b",15
"GO:0070663","regulation of leukocyte proliferation","15/379","287/21697",0.0522648083623693,2.99205685234387,4.52971163829406,0.000172993455444812,0.00446323115047614,0.00345986910889623,"Cdkn1a/Gpnmb/Lgals5/Erbb2/Csf1/Tnfrsf13c/Siglec10/Slc4a1/Scrib/Irf1/Ephb2/Ccdc88b/Jak3/Tgfbr2/Itgal",15
"GO:0007143","female meiotic nuclear division","6/379","48/21697",0.125,7.15600263852243,5.6929413274726,0.0001803423262449,0.00462300617085483,0.00358372571384096,"Top2a/Ccnb2/Marf1/Cenpe/Cdc25b/Plk1",6
"GO:0034616","response to laminar fluid shear stress","4/379","17/21697",0.235294117647059,13.4701226136893,6.85806753678177,0.000182136971974119,0.00463927229888218,0.00359633511541254,"Ace/Ets1/Smad6/Klf2",4
"GO:0002262","myeloid cell homeostasis","13/379","226/21697",0.0575221238938053,3.29302776285988,4.62033652421483,0.000183443745524334,0.00464298441994817,0.00359921272864199,"Slc1a5/Alas2/Rhd/Csf1/Slc4a1/Ets1/Hmgb2l1/Trim10/Hbb/Ahsp/Klf1/Klf2/Epb42",13
"GO:0071356","cellular response to tumor necrosis factor","14/379","257/21697",0.0544747081712062,3.11856924324713,4.55546848313628,0.000184878192431659,0.00464986095304532,0.00360454337445374,"Nr1d1/Abcb1b/Adipoq/Fabp4/Ybx3/Icam1/Tnfrsf13c/Eda2r/Irf1/Nos3/Ptgis/Slc2a4/Klf2/Tnfrsf11b",14
"GO:0001503","ossification","20/379","460/21697",0.0434782608695652,2.4890443960078,4.3040389306918,0.000189555226559295,0.0047146395545225,0.00365475934459108,"Alox15/Gpnmb/Rsad2/Mmp2/Fn1/Asgr2/Csf1/Col6a1/Bmp7/Hemgn/Twist1/Hdac7/Erfe/Suv39h1/P2rx7/Smurf1/Bcor/Foxc2/Lmna/Smad6",20
"GO:0071478","cellular response to radiation","12/379","197/21697",0.0609137055837563,3.48718910303631,4.675832029517,0.000190222369578811,0.0047146395545225,0.00365475934459108,"Cdkn1a/Aurkb/Mmp2/Pold1/Nfatc4/Bard1/Rad9a/Bbc3/Pbk/Ect2/Mgmt/Tmem109",12
"GO:0007098","centrosome cycle","10/379","141/21697",0.0709219858156028,4.06014334100563,4.86075185820863,0.000190990649620566,0.0047146395545225,0.00365475934459108,"Ccnf/Kif11/Kifc1/Atf5/Wdr90/Plk2/Plk1/Xrcc3/Stil/Crocc",10
"GO:0009411","response to UV","11/379","169/21697",0.0650887573964497,3.72620255733712,4.74390346562453,0.000197061259369992,0.00480517058671097,0.00372493843931083,"Cdkn1a/Aurkb/Mmp2/Dtl/Col6a1/Pold1/Col6a2/Col6a3/Nfatc4/Pbk/Tp53i13",11
"GO:0022612","gland morphogenesis","11/379","169/21697",0.0650887573964497,3.72620255733712,4.74390346562453,0.000197061259369992,0.00480517058671097,0.00372493843931083,"Mki67/Mmp2/Erbb2/Csf1/Lama5/Bmp7/Rarg/Scrib/Sulf2/Cav1/Tgfbr2",11
"GO:0007292","female gamete generation","12/379","198/21697",0.0606060606060606,3.46957703685936,4.65459882630183,0.00019937447297755,0.00483211222689225,0.00374582343169942,"Top2a/Ccnb2/Mmp2/Cdc20/Cdk1/Marf1/Cenpe/Cdc25b/Aspm/Nos3/Plk1/Kmt2b",12
"GO:0050670","regulation of lymphocyte proliferation","14/379","260/21697",0.0538461538461538,3.08258575197889,4.50447078979285,0.000208402302449991,0.0050204867921537,0.00389185022647573,"Cdkn1a/Gpnmb/Lgals5/Erbb2/Tnfrsf13c/Siglec10/Slc4a1/Scrib/Irf1/Ephb2/Ccdc88b/Jak3/Tgfbr2/Itgal",14
"GO:0045839","negative regulation of mitotic nuclear division","6/379","50/21697",0.12,6.86976253298153,5.54042254119932,0.000226780478420603,0.00543050977966461,0.00420969750361598,"Cenpe/Bmp7/Bub1/Bub1b/Plk1/Xrcc3",6
"GO:0032922","circadian regulation of gene expression","7/379","71/21697",0.0985915492957746,5.64417109517262,5.22619365465011,0.000238951866057311,0.00568790781168563,0.00440923086177181,"Nr1d1/Per3/Per2/Bhlhe40/Mybbp1a/Ciart/Mta1",7
"GO:0090398","cellular senescence","8/379","94/21697",0.0851063829787234,4.87217200920676,5.01646454788126,0.00024242023892857,0.00573632269512042,0.00444676177916311,"Cdkn1a/Prelp/Icam1/Twist1/Suv39h1/Plk2/Cav1/Lmna",8
"GO:0046605","regulation of centrosome cycle","6/379","52/21697",0.115384615384615,6.60554089709763,5.39605806540757,0.000282149989213565,0.00659834974774881,0.00511499980445644,"Ccnf/Kifc1/Atf5/Plk2/Xrcc3/Stil",6
"GO:0070232","regulation of T cell apoptotic process","6/379","52/21697",0.115384615384615,6.60554089709763,5.39605806540757,0.000282149989213565,0.00659834974774881,0.00511499980445644,"Lgals5/Icam1/P2rx7/Bbc3/Jak3/St3gal1",6
"GO:0050728","negative regulation of inflammatory response","11/379","178/21697",0.0617977528089888,3.53779905724704,4.53306975693841,0.000308710387865389,0.00717751651787029,0.00556396629292271,"Nr1d1/Adipoq/Nr1d2/Siglec10/Ets1/Ptgis/Pf4/Npy/Pbk/Cdh5/Sirpa",11
"GO:0006998","nuclear envelope organization","6/379","53/21697",0.113207547169811,6.48090804998258,5.32669586111897,0.000313542719423676,0.00724773025997271,0.00561839555036644,"Cdk1/Lmnb1/Dmpk/Plk1/Lmna/Tmpo",6
"GO:0007097","nuclear migration","5/379","35/21697",0.142857142857143,8.17828872973992,5.66685214322762,0.000334043526940859,0.0076344546384625,0.00591818189028101,"Fhod1/Lmnb1/Syne2/Lmna/Tacc3",5
"GO:1902106","negative regulation of leukocyte differentiation","9/379","124/21697",0.0725806451612903,4.15509830623883,4.69790984787163,0.000334454097886534,0.0076344546384625,0.00591818189028101,"Adipoq/Erbb2/Erfe/Irf1/Pf4/Fbn1/Il4r/Jak3/Tnfrsf11b",9
"GO:0070228","regulation of lymphocyte apoptotic process","7/379","75/21697",0.0933333333333333,5.34314863676341,5.02369893765387,0.000336000004093373,0.0076344546384625,0.00591818189028101,"Lgals5/Aurkb/Icam1/P2rx7/Bbc3/Jak3/St3gal1",7
"GO:0032102","negative regulation of response to external stimulus","18/379","410/21697",0.0439024390243902,2.51332775596885,4.12480961451601,0.00035008976587497,0.00790965521883618,0.00613151567351642,"Nr1d1/Adipoq/Aurkb/Nr1d2/Dpp4/Irak3/Siglec10/Mapkbp1/Ets1/Ptgis/Pf4/Npy/Tap1/Pbk/Nfkbil1/Cdh5/Sirpa/Parp14",18
"GO:0031589","cell-substrate adhesion","17/379","375/21697",0.0453333333333333,2.5952436235708,4.15494131242269,0.000352338215037865,0.00791573326930575,0.00613622734054709,"Alox15/Sned1/Fn1/Msln/Csf1/Itgb4/Lama5/Fbln1/Antxr1/Flna/Npy/Iqgap1/Lamb2/Col16a1/Sirpa/Smad6/Itgal",17
"GO:0070234","positive regulation of T cell apoptotic process","4/379","20/21697",0.2,11.4496042216359,6.2337798818889,0.000355724639735302,0.00794716667207527,0.00616059431943819,"Lgals5/Icam1/P2rx7/Bbc3",4
"GO:1990778","protein localization to cell periphery","18/379","411/21697",0.0437956204379562,2.50721260327793,4.11324531008404,0.000360393564968857,0.00800674370172478,0.00620677806335254,"Adipoq/Rhbdf2/Erbb2/Adcy6/Ldlrap1/Lama5/Kif2c/Slc4a1/Epb41/Gpc6/Scrib/Flna/Plk1/Cav1/Smurf1/Ttc7a/Ehd2/Sapcd2",18
"GO:0033627","cell adhesion mediated by integrin","7/379","76/21697",0.0921052631578947,5.27284404943758,4.97533309874727,0.000364618168268808,0.00805584560722078,0.0062448415559851,"Piezo1/Icam1/Dpp4/Itgb4/Fbn1/Col16a1/Foxc2",7
"GO:0009416","response to light stimulus","17/379","377/21697",0.0450928381962865,2.58147575288873,4.13024510140576,0.000374467951149997,0.00822800734422437,0.0063783002668406,"Cdkn1a/Nr1d1/Per3/Aurkb/Mmp2/Per2/Dtl/Col6a1/Pold1/Bhlhe40/Col6a2/Col6a3/Nfatc4/Npy/Pbk/Mta1/Tp53i13",17
"GO:0044818","mitotic G2/M transition checkpoint","6/379","55/21697",0.109090909090909,6.24523866634685,5.19318883327924,0.000384502682809758,0.00840232911779355,0.00651343342464617,"Cdkn1a/Ccng1/Cdk1/Dtl/Plk1/Clspn",6
"GO:0031023","microtubule organizing center organization","10/379","154/21697",0.0649350649350649,3.7174039680636,4.51229710223321,0.000388701967554883,0.008447930262239,0.00654878314902248,"Ccnf/Kif11/Kifc1/Atf5/Wdr90/Plk2/Plk1/Xrcc3/Stil/Crocc",10
"GO:0032835","glomerulus development","7/379","78/21697",0.0897435897435897,5.13764291996482,4.88111141544407,0.000427702009980843,0.00917023723470681,0.00710871103465644,"Adipoq/Bmp7/Sulf2/Gpr4/Lamb2/Enpep/Foxc2",7
"GO:0006997","nucleus organization","10/379","156/21697",0.0641025641025641,3.66974494283201,4.46205946224446,0.000430563599320272,0.00917023723470681,0.00710871103465644,"Cdk1/Lmnb1/Ets1/Suv39h1/Syne2/Hmgb2l1/Dmpk/Plk1/Lmna/Tmpo",10
"GO:0044771","meiotic cell cycle phase transition","4/379","21/21697",0.19047619047619,10.9043849729866,6.05457691827931,0.000433402059854861,0.00917023723470681,0.00710871103465644,"Ccnb2/Cdc20/Pkmyt1/Cdc25b",4
"GO:0045019","negative regulation of nitric oxide biosynthetic process","4/379","21/21697",0.19047619047619,10.9043849729866,6.05457691827931,0.000433402059854861,0.00917023723470681,0.00710871103465644,"Ptgis/Cav1/Khsrp/Sirpa",4
"GO:1904406","negative regulation of nitric oxide metabolic process","4/379","21/21697",0.19047619047619,10.9043849729866,6.05457691827931,0.000433402059854861,0.00917023723470681,0.00710871103465644,"Ptgis/Cav1/Khsrp/Sirpa",4
"GO:0007127","meiosis I","9/379","129/21697",0.0697674418604651,3.99404798429159,4.54762752227328,0.000447637830819686,0.0093722706044394,0.00726532604995302,"Top2a/Ccnb2/Ankle1/Cenpe/Cdc25b/Fancd2/Plk1/Pttg1/Espl1",9
"GO:1903707","negative regulation of hemopoiesis","9/379","129/21697",0.0697674418604651,3.99404798429159,4.54762752227328,0.000447637830819686,0.0093722706044394,0.00726532604995302,"Adipoq/Erbb2/Erfe/Irf1/Pf4/Fbn1/Il4r/Jak3/Tnfrsf11b",9
"GO:1901654","response to ketone","19/379","456/21697",0.0416666666666667,2.38533421284081,3.98644442422968,0.000461382710521504,0.00960973676758069,0.00744940834696178,"Cdkn1a/Abcb1b/Lmnb1/Por/Erbb2/Fn1/Icam1/Foxp4/Adcy6/Ace/Tk1/Pappa/Nos3/Bard1/Pf4/Cav1/P2ry4/Cad/Fosb",19
"GO:0071216","cellular response to biotic stimulus","15/379","315/21697",0.0476190476190476,2.72609624324664,4.11464464292312,0.000465996973039512,0.00965555386106222,0.00748492547369164,"Nr1d1/Abcb1b/Ddit3/Fn1/Icam1/Irak3/Hmgb2l1/Nos3/Pf4/Ephb2/Nfkbil1/Cd14/Sirpa/Cd68/Cd180",15
"GO:0042770","signal transduction in response to DNA damage","11/379","187/21697",0.0588235294117647,3.36753065342232,4.33543242019904,0.000469470476986641,0.00967738369829678,0.00750184782813704,"Cdkn1a/Rbm38/Ccng1/Cdk1/Dtl/Twist1/Foxm1/Fancd2/Rad9a/Plk1/Clspn",11
"GO:0051656","establishment of organelle localization","17/379","385/21697",0.0441558441558442,2.52783469828325,4.0330243312019,0.000475446949808228,0.00975031975529796,0.00755838740720772,"Myo1c/Fhod1/Lmnb1/Kifc1/Nusap1/Cenpe/Scrib/Syne2/Plk1/P2rx7/Slc2a4/Il4r/Lmna/Cenpa/Tacc3/Crocc/Sapcd2",17
"GO:0045132","meiotic chromosome segregation","8/379","104/21697",0.0769230769230769,4.40369393139842,4.63924052828947,0.000482448076985359,0.00984341765236964,0.00763055631966639,"Ccnb2/Cenpe/Nuf2/Aspm/Fancd2/Plk1/Pttg1/Espl1",8
"GO:0003203","endocardial cushion morphogenesis","5/379","38/21697",0.131578947368421,7.5326343563394,5.37399379200295,0.000494815864743231,0.00999378102579889,0.0077471170742627,"Eng/Bmp7/Twist1/Nos3/Tgfbr2",5
"GO:2000108","positive regulation of leukocyte apoptotic process","5/379","38/21697",0.131578947368421,7.5326343563394,5.37399379200295,0.000494815864743231,0.00999378102579889,0.0077471170742627,"Lgals5/Icam1/P2rx7/Bbc3/Jak3",5
"GO:0072132","mesenchyme morphogenesis","6/379","58/21697",0.103448275862069,5.92220908015649,5.00485699404063,0.000513792263244692,0.0103249008076157,0.00800379907567107,"Eng/Bmp7/Twist1/Nos3/Foxc2/Tgfbr2",6
"GO:0031214","biomineral tissue development","11/379","190/21697",0.0578947368421053,3.31435911678933,4.27222231323035,0.000536600463214636,0.0107293262619766,0.00831730717982686,"Alox15/Gpnmb/Asgr2/Col6a1/Bmp7/Twist1/Suv39h1/Nos3/Wnt6/P2rx7/Bcor",11
"GO:0007094","mitotic spindle assembly checkpoint signaling","5/379","39/21697",0.128205128205128,7.33948988566403,5.28340197558479,0.00055953517610395,0.0110225673361561,0.0085446258419815,"Cenpe/Bub1/Bub1b/Plk1/Xrcc3",5
"GO:0071173","spindle assembly checkpoint signaling","5/379","39/21697",0.128205128205128,7.33948988566403,5.28340197558479,0.00055953517610395,0.0110225673361561,0.0085446258419815,"Cenpe/Bub1/Bub1b/Plk1/Xrcc3",5
"GO:0071174","mitotic spindle checkpoint signaling","5/379","39/21697",0.128205128205128,7.33948988566403,5.28340197558479,0.00055953517610395,0.0110225673361561,0.0085446258419815,"Cenpe/Bub1/Bub1b/Plk1/Xrcc3",5
"GO:0051784","negative regulation of nuclear division","6/379","59/21697",0.101694915254237,5.82183265506909,4.94499427978942,0.000563656891653134,0.0110493328907886,0.00856537433394469,"Cenpe/Bmp7/Bub1/Bub1b/Plk1/Xrcc3",6
"GO:0062042","regulation of cardiac epithelial to mesenchymal transition","3/379","10/21697",0.3,17.1744063324538,6.82126342668697,0.000579214432418864,0.0112989195865514,0.00875885239267551,"Eng/Twist1/Tgfbr2",3
"GO:2000106","regulation of leukocyte apoptotic process","8/379","107/21697",0.0747663551401869,4.28022587724706,4.53529488542482,0.000583556300793904,0.0113283575091011,0.00878167248767526,"Lgals5/Aurkb/Icam1/Cxcl12/P2rx7/Bbc3/Jak3/St3gal1",8
"GO:0071364","cellular response to epidermal growth factor stimulus","6/379","60/21697",0.1,5.72480211081794,4.88648914595995,0.000617199448868342,0.0118662528655024,0.0091986456321724,"Ptprv/Erbb2/Baiap2/Knstrn/Iqgap1/Cad",6
"GO:2000134","negative regulation of G1/S transition of mitotic cell cycle","6/379","60/21697",0.1,5.72480211081794,4.88648914595995,0.000617199448868342,0.0118662528655024,0.0091986456321724,"Cdkn1a/Gpnmb/Ctdsp2/Kank2/Ezh2/Fhl1",6
"GO:0045428","regulation of nitric oxide biosynthetic process","7/379","83/21697",0.0843373493975904,4.82814635852116,4.6590376306951,0.000624004862217225,0.0119396911196492,0.00925557451135597,"Icam1/Ptgis/Cav1/Khsrp/Sirpa/Klf2/Jak3",7
"GO:0031577","spindle checkpoint signaling","5/379","40/21697",0.125,7.15600263852243,5.19596069094412,0.000630405652334524,0.012004724779456,0.00930598820112869,"Cenpe/Bub1/Bub1b/Plk1/Xrcc3",5
"GO:0070555","response to interleukin-1","10/379","164/21697",0.0609756097560976,3.49073299440118,4.26906767822269,0.000637344704433714,0.0120793434740778,0.00936383215044793,"Nr1d1/Sele/Mmp2/Fn1/Icam1/Irak3/Ets1/Ptgis/Sirpa/Klf2",10
"GO:0001822","kidney development","17/379","396/21697",0.0429292929292929,2.45761706777538,3.90325795857464,0.000652090085378761,0.0123005106199512,0.0095352795503498,"Cenpf/Adipoq/Glis2/Ace/Lama5/Bmp7/Sulf2/Tns2/Kank2/Gpr4/Ezh2/Wnt6/Fbn1/Lamb2/Enpep/Foxc2/Smad6",17
"GO:0033046","negative regulation of sister chromatid segregation","5/379","41/21697",0.121951219512195,6.98146598880237,5.11147989305759,0.000707790759824291,0.0131039594839692,0.0101581081271079,"Cenpe/Bub1/Bub1b/Plk1/Xrcc3",5
"GO:0033048","negative regulation of mitotic sister chromatid segregation","5/379","41/21697",0.121951219512195,6.98146598880237,5.11147989305759,0.000707790759824291,0.0131039594839692,0.0101581081271079,"Cenpe/Bub1/Bub1b/Plk1/Xrcc3",5
"GO:0045841","negative regulation of mitotic metaphase/anaphase transition","5/379","41/21697",0.121951219512195,6.98146598880237,5.11147989305759,0.000707790759824291,0.0131039594839692,0.0101581081271079,"Cenpe/Bub1/Bub1b/Plk1/Xrcc3",5
"GO:2000816","negative regulation of mitotic sister chromatid separation","5/379","41/21697",0.121951219512195,6.98146598880237,5.11147989305759,0.000707790759824291,0.0131039594839692,0.0101581081271079,"Cenpe/Bub1/Bub1b/Plk1/Xrcc3",5
"GO:0043153","entrainment of circadian clock by photoperiod","4/379","24/21697",0.166666666666667,9.54133685136324,5.58223566738031,0.000738308173100589,0.0135435522212351,0.0104988776908799,"Per3/Per2/Bhlhe40/Mta1",4
"GO:0071459","protein localization to chromosome, centromeric region","4/379","24/21697",0.166666666666667,9.54133685136324,5.58223566738031,0.000738308173100589,0.0135435522212351,0.0104988776908799,"Aurkb/Cdk1/Bub1b/Cenpa",4
"GO:0071479","cellular response to ionizing radiation","7/379","86/21697",0.0813953488372093,4.65972264834019,4.53415309344145,0.000772362854513033,0.0141035573296695,0.0109329901780384,"Cdkn1a/Bard1/Rad9a/Bbc3/Ect2/Mgmt/Tmem109",7
"GO:0000077","DNA damage checkpoint signaling","8/379","112/21697",0.0714285714285714,4.08914436486996,4.37026127185953,0.000789610948463275,0.0143529735586574,0.0111263360919825,"Cdkn1a/Ccng1/Cdk1/Dtl/Fancd2/Rad9a/Plk1/Clspn",8
"GO:0010718","positive regulation of epithelial to mesenchymal transition","6/379","63/21697",0.0952380952380952,5.45219248649328,4.71858743153214,0.000801741465678708,0.0145075299604034,0.0112461472561267,"Eng/Bmp7/Twist1/Scrib/Ezh2/Tgfbr2",6
"GO:0030282","bone mineralization","9/379","140/21697",0.0642857142857143,3.68022992838296,4.24207284033647,0.000809342026789251,0.0145236913017635,0.0112586754277236,"Alox15/Gpnmb/Asgr2/Col6a1/Bmp7/Twist1/Suv39h1/P2rx7/Bcor",9
"GO:0050767","regulation of neurogenesis","19/379","478/21697",0.0397489539748954,2.27554895618286,3.75997394741193,0.000812292990794907,0.0145236913017635,0.0112586754277236,"Nr1d1/Ifrd1/Sema6c/Per2/Clcn2/Fn1/Baiap2/Ace/Bmp7/Plxnb2/Bhlhe40/Aspm/Atf5/Hmgb2l1/Cxcl12/Nfatc4/Ezh2/Ephb2/Smurf1",19
"GO:0062197","cellular response to chemical stress","17/379","404/21697",0.0420792079207921,2.40895138326498,3.8115750496466,0.000813530095422611,0.0145236913017635,0.0112586754277236,"Ddit3/Mmp2/Cdk1/Clcn2/Ybx3/Ets1/Fancd2/Nos3/Ezh2/Bard1/Cav1/Slc2a4/Ect2/Sirpa/Mgmt/Klf2/Cygb",17
"GO:0042129","regulation of T cell proliferation","11/379","200/21697",0.055,3.14864116094987,4.07029768469179,0.000820958700147075,0.014591172630614,0.0113109865353597,"Gpnmb/Lgals5/Erbb2/Tnfrsf13c/Slc4a1/Scrib/Irf1/Ccdc88b/Jak3/Tgfbr2/Itgal",11
"GO:0003151","outflow tract morphogenesis","7/379","87/21697",0.0804597701149425,4.60616261789949,4.49380022970431,0.00082756821358397,0.0146435632129305,0.0113515993898686,"Fzd2/Eng/Bmp7/Twist1/Foxc2/Smad6/Tgfbr2",7
"GO:0000302","response to reactive oxygen species","14/379","299/21697",0.0468227424749164,2.68050934954686,3.90145091856602,0.000840622532327323,0.0148090286642157,0.0114798671815626,"Ddit3/Mmp2/Cdk1/Fn1/Col6a1/Slc4a1/Ets1/Nos3/Ezh2/Hbb/Ect2/Sirpa/Klf2/Cygb",14
"GO:0050870","positive regulation of T cell activation","12/379","233/21697",0.0515021459227468,2.94839593690194,3.98690656660551,0.000860826604234679,0.0149011960424888,0.0115513147616192,"Dpp4/Tnfrsf13c/Slc4a1/Cav1/Il4r/Ccdc88b/Sirpa/Ephb4/Jak3/Sox13/Tgfbr2/Itgal",12
"GO:0070230","positive regulation of lymphocyte apoptotic process","4/379","25/21697",0.16,9.15968337730871,5.44289589169563,0.000866920244636849,0.0149011960424888,0.0115513147616192,"Lgals5/Icam1/P2rx7/Bbc3",4
"GO:0031663","lipopolysaccharide-mediated signaling pathway","6/379","64/21697",0.09375,5.36700197889182,4.66499532345596,0.000871862518702872,0.0149011960424888,0.0115513147616192,"Irak3/Nos3/Nfkbil1/Cd14/Sirpa/Cd180",6
"GO:0043536","positive regulation of blood vessel endothelial cell migration","6/379","64/21697",0.09375,5.36700197889182,4.66499532345596,0.000871862518702872,0.0149011960424888,0.0115513147616192,"Hdac7/Ets1/Plk2/Nos3/Col18a1/Foxc2",6
"GO:0050873","brown fat cell differentiation","6/379","64/21697",0.09375,5.36700197889182,4.66499532345596,0.000871862518702872,0.0149011960424888,0.0115513147616192,"Adipoq/Fabp4/Bmp7/Fbn1/Slc2a4/Sox13",6
"GO:0043409","negative regulation of MAPK cascade","10/379","171/21697",0.0584795321637427,3.3478374917064,4.10979947930599,0.000879940801016107,0.0149011960424888,0.0115513147616192,"Adipoq/Irak3/Dok2/Foxm1/Fbln1/P2rx7/Cav1/Ephb2/Pbk/Sirpa",10
"GO:0001569","branching involved in blood vessel morphogenesis","5/379","43/21697",0.116279069767442,6.65674664048598,4.95071700037906,0.000883592964664678,0.0149011960424888,0.0115513147616192,"Eng/Cxcl12/Nfatc4/Foxc2/Tgfbr2",5
"GO:0051647","nucleus localization","5/379","43/21697",0.116279069767442,6.65674664048598,4.95071700037906,0.000883592964664678,0.0149011960424888,0.0115513147616192,"Fhod1/Lmnb1/Syne2/Lmna/Tacc3",5
"GO:1902100","negative regulation of metaphase/anaphase transition of cell cycle","5/379","43/21697",0.116279069767442,6.65674664048598,4.95071700037906,0.000883592964664678,0.0149011960424888,0.0115513147616192,"Cenpe/Bub1/Bub1b/Plk1/Xrcc3",5
"GO:1905819","negative regulation of chromosome separation","5/379","43/21697",0.116279069767442,6.65674664048598,4.95071700037906,0.000883592964664678,0.0149011960424888,0.0115513147616192,"Cenpe/Bub1/Bub1b/Plk1/Xrcc3",5
"GO:0019395","fatty acid oxidation","8/379","114/21697",0.0701754385964912,4.01740499004768,4.30691535627566,0.000886842875246897,0.0149011960424888,0.0115513147616192,"Alox15/Adipoq/Por/Twist1/Dgat2/Aldh1l2/Acacb/Cygb",8
"GO:0048771","tissue remodeling","12/379","235/21697",0.051063829787234,2.92330320552406,3.95259942785348,0.000927056564612554,0.0155117121417808,0.012024583055644,"Gpnmb/Abcb1b/Ptprv/Mmp2/Erbb2/Col6a1/Nos3/Flna/P2rx7/Cav1/Foxc2/Tnfrsf11b",12
"GO:0072089","stem cell proliferation","9/379","143/21697",0.0629370629370629,3.6030223075078,4.16407153390215,0.000941184075176904,0.0156824796526352,0.012156960971035,"Mki67/Prg4/Ace/Rarg/Foxm1/Fbln1/Cdkn2c/Hmgb2l1/Tgfbr2",9
"GO:1902807","negative regulation of cell cycle G1/S phase transition","6/379","65/21697",0.0923076923076923,5.2844327176781,4.61251594448288,0.000946614533309244,0.015707516675119,0.0121763695155961,"Cdkn1a/Gpnmb/Ctdsp2/Kank2/Ezh2/Fhl1",6
"GO:0014823","response to activity","10/379","173/21697",0.0578034682080925,3.30913416810286,4.06580868819515,0.000961711459887705,0.0158841026383863,0.0123132578592142,"Adipoq/Mmp2/Cdk1/Erbb2/Fn1/Col6a1/Slc4a1/Tns2/Nos3/Col4a2",10
"GO:0051495","positive regulation of cytoskeleton organization","11/379","204/21697",0.053921568627451,3.08690309897046,3.99305286972731,0.000965200535415819,0.0158841026383863,0.0123132578592142,"Alox15/Aurkb/Myo1c/Fhod1/Icam1/Baiap2/Psrc1/Flna/P2rx7/Cav1/Stil",11
"GO:0072001","renal system development","17/379","411/21697",0.0413625304136253,2.36792301420693,3.73311828106121,0.000981691454389392,0.0160892792053409,0.0124723094615046,"Cenpf/Adipoq/Glis2/Ace/Lama5/Bmp7/Sulf2/Tns2/Kank2/Gpr4/Ezh2/Wnt6/Fbn1/Lamb2/Enpep/Foxc2/Smad6",17
"GO:0030278","regulation of ossification","9/379","144/21697",0.0625,3.57800131926121,4.13853592025269,0.000988816042645196,0.0161398994062781,0.0125115499273474,"Rsad2/Csf1/Bmp7/Twist1/Suv39h1/P2rx7/Smurf1/Bcor/Smad6",9
"GO:0031664","regulation of lipopolysaccharide-mediated signaling pathway","4/379","26/21697",0.153846153846154,8.80738786279683,5.31115731451538,0.00101054142778833,0.0164274600395346,0.0127344651469261,"Nfkbil1/Cd14/Sirpa/Cd180",4
"GO:0035771","interleukin-4-mediated signaling pathway","3/379","12/21697",0.25,14.3120052770449,6.15021931733216,0.00103463923674482,0.0167511024604961,0.0129853507445706,"Il4r/Jak3/Parp14",3
"GO:0033002","muscle cell proliferation","14/379","306/21697",0.0457516339869281,2.61919050821736,3.80346418253581,0.00104960744305006,0.0168569854900926,0.0130674306124749,"Cdkn1a/Adipoq/Ddit3/Mmp2/Cdk1/Ldlrap1/Npr1/Tk1/Nos3/Ptgis/Cav1/Foxc2/Tgfbr2/Ddx39b",14
"GO:0007009","plasma membrane organization","10/379","175/21697",0.0571428571428571,3.27131549189597,4.022456776352,0.00104960974919557,0.0168569854900926,0.0130674306124749,"Baiap2/Snx33/Col6a1/Col5a1/Slc4a1/P2rx7/Cav1/Iqgap1/Ehd2/Myof",10
"GO:0071222","cellular response to lipopolysaccharide","13/379","272/21697",0.0477941176470588,2.73611865590563,3.84184335115234,0.00105886132807412,0.0169375458038736,0.0131298804681191,"Nr1d1/Fn1/Icam1/Irak3/Hmgb2l1/Nos3/Pf4/Ephb2/Nfkbil1/Cd14/Sirpa/Cd68/Cd180",13
"GO:0051985","negative regulation of chromosome segregation","5/379","45/21697",0.111111111111111,6.36089123424216,4.79988083958474,0.00108998015736407,0.0173658591605534,0.0134619063260104,"Cenpe/Bub1/Bub1b/Plk1/Xrcc3",5
"GO:0006260","DNA replication","13/379","273/21697",0.0476190476190476,2.72609624324664,3.82676914103821,0.00109467528826759,0.0173714542769131,0.013466243625514,"Mcm5/Cdk1/Fam111a/Ccna2/Dtl/Mcm6/Tk1/Pold1/Mcm3/Mcm10/Recql4/E2f8/Esco2",13
"GO:0010824","regulation of centrosome duplication","5/379","46/21697",0.108695652173913,6.2226109900195,4.72785149139674,0.00120561743613691,0.0189646575911474,0.0147012849543778,"Ccnf/Kifc1/Plk2/Xrcc3/Stil",5
"GO:0085029","extracellular matrix assembly","5/379","46/21697",0.108695652173913,6.2226109900195,4.72785149139674,0.00120561743613691,0.0189646575911474,0.0147012849543778,"Ltbp4/Col6a1/Antxr1/Lamb2/Plod3",5
"GO:0050727","regulation of inflammatory response","17/379","419/21697",0.0405727923627685,2.32271207360155,3.64538279158759,0.00120929924624721,0.0189646575911474,0.0147012849543778,"Alox15/Nr1d1/Adipoq/Fabp4/Nr1d2/Siglec10/Letmd1/Ets1/Il16/Fancd2/Ptgis/Gpr4/Pf4/Npy/Pbk/Cdh5/Sirpa",17
"GO:0051302","regulation of cell division","10/379","179/21697",0.0558659217877095,3.19821346973069,3.93760040253215,0.00124516232131719,0.0194507973552634,0.0150781374847003,"Aurkb/Prc1/Kif18b/Cdc25b/Kif20a/Aspm/E2f8/Plk1/Ect2/Kif23",10
"GO:0032370","positive regulation of lipid transport","7/379","94/21697",0.074468085106383,4.26315050805591,4.2274668581721,0.00130673316253385,0.0200168298995013,0.0155169224027142,"Adipoq/Ldlrap1/Erfe/Retn/P2rx7/Cav1/Lrat",7
"GO:0051385","response to mineralocorticoid","7/379","94/21697",0.074468085106383,4.26315050805591,4.2274668581721,0.00130673316253385,0.0200168298995013,0.0155169224027142,"Cdkn1a/Lmnb1/Ace/Nos3/Bard1/Pf4/Fosb",7
"GO:0001765","membrane raft assembly","3/379","13/21697",0.230769230769231,13.2110817941953,5.87208494347674,0.00132768105926612,0.0200168298995013,0.0155169224027142,"Col6a1/Cav1/Iqgap1",3
"GO:0007144","female meiosis I","3/379","13/21697",0.230769230769231,13.2110817941953,5.87208494347674,0.00132768105926612,0.0200168298995013,0.0155169224027142,"Ccnb2/Cenpe/Cdc25b",3
"GO:0008315","G2/MI transition of meiotic cell cycle","3/379","13/21697",0.230769230769231,13.2110817941953,5.87208494347674,0.00132768105926612,0.0200168298995013,0.0155169224027142,"Ccnb2/Pkmyt1/Cdc25b",3
"GO:0044857","plasma membrane raft organization","3/379","13/21697",0.230769230769231,13.2110817941953,5.87208494347674,0.00132768105926612,0.0200168298995013,0.0155169224027142,"Col6a1/Cav1/Iqgap1",3
"GO:0072697","protein localization to cell cortex","3/379","13/21697",0.230769230769231,13.2110817941953,5.87208494347674,0.00132768105926612,0.0200168298995013,0.0155169224027142,"Epb41/Plk1/Sapcd2",3
"GO:1903706","regulation of hemopoiesis","17/379","423/21697",0.0401891252955083,2.30074789323653,3.60225911985399,0.00133895790805411,0.0200168298995013,0.0155169224027142,"Adipoq/Erbb2/Csf1/Rarg/Erfe/Ets1/Irf1/Hmgb2l1/Fancd2/Pf4/Fbn1/Faxdc2/Il4r/Jak3/Tnfrsf11b/Sox13/Tgfbr2",17
"GO:0007064","mitotic sister chromatid cohesion","4/379","28/21697",0.142857142857143,8.17828872973992,5.06776789462816,0.00134646842784843,0.0200168298995013,0.0155169224027142,"Cdc20/Bub1/Pttg1/Esco2",4
"GO:0009649","entrainment of circadian clock","4/379","28/21697",0.142857142857143,8.17828872973992,5.06776789462816,0.00134646842784843,0.0200168298995013,0.0155169224027142,"Per3/Per2/Bhlhe40/Mta1",4
"GO:0034508","centromere complex assembly","4/379","28/21697",0.142857142857143,8.17828872973992,5.06776789462816,0.00134646842784843,0.0200168298995013,0.0155169224027142,"Cenpt/Cenpe/Cenpw/Cenpa",4
"GO:0051984","positive regulation of chromosome segregation","4/379","28/21697",0.142857142857143,8.17828872973992,5.06776789462816,0.00134646842784843,0.0200168298995013,0.0155169224027142,"Aurkb/Cdk1/Ncapd2/Cenpe",4
"GO:1905820","positive regulation of chromosome separation","4/379","28/21697",0.142857142857143,8.17828872973992,5.06776789462816,0.00134646842784843,0.0200168298995013,0.0155169224027142,"Ube2c/Cdc20/Ncapd2/Cenpe",4
"GO:0031570","DNA integrity checkpoint signaling","8/379","122/21697",0.0655737704918033,3.75396859725767,4.06723914825966,0.00137604355591229,0.0203197255597582,0.0157517252401226,"Cdkn1a/Ccng1/Cdk1/Dtl/Fancd2/Rad9a/Plk1/Clspn",8
"GO:0051251","positive regulation of lymphocyte activation","14/379","315/21697",0.0444444444444444,2.54435649369686,3.68141591085391,0.00138096746760498,0.0203197255597582,0.0157517252401226,"Cdkn1a/Dpp4/Tnfrsf13c/Slc4a1/Cav1/Ephb2/Il4r/Ccdc88b/Sirpa/Ephb4/Jak3/Sox13/Tgfbr2/Itgal",14
"GO:0006631","fatty acid metabolic process","18/379","462/21697",0.038961038961039,2.23044238083816,3.56444853547478,0.0013820868597785,0.0203197255597582,0.0157517252401226,"Alox15/Ephx1/Adipoq/Fabp4/Per2/Por/Cyp2s1/Twist1/Faah/Dgat2/Erfe/Akr1c14/Aldh1l2/Ptgis/Slc27a3/Cav1/Acacb/Cygb",18
"GO:0070231","T cell apoptotic process","6/379","70/21697",0.0857142857142857,4.90697323784395,4.36543502332961,0.00139703077585956,0.0203895112140962,0.0158058226465862,"Lgals5/Icam1/P2rx7/Bbc3/Jak3/St3gal1",6
"GO:0070849","response to epidermal growth factor","6/379","70/21697",0.0857142857142857,4.90697323784395,4.36543502332961,0.00139703077585956,0.0203895112140962,0.0158058226465862,"Ptprv/Erbb2/Baiap2/Knstrn/Iqgap1/Cad",6
"GO:0002696","positive regulation of leukocyte activation","15/379","353/21697",0.0424929178470255,2.43263545785465,3.61843982363267,0.00147314744281766,0.0214222422684648,0.0166063893553991,"Cdkn1a/Dpp4/Tnfrsf13c/Slc4a1/Il16/Cav1/Ephb2/Il4r/Ccdc88b/Sirpa/Ephb4/Jak3/Sox13/Tgfbr2/Itgal",15
"GO:0120161","regulation of cold-induced thermogenesis","9/379","153/21697",0.0588235294117647,3.36753065342232,3.91845052851309,0.00151175961815187,0.0219040822934395,0.0169799087546043,"Nr1d1/Adipoq/Fabp4/Ddit3/Per2/Letmd1/Cav1/Il4r/Foxc2",9
"GO:0071248","cellular response to metal ion","12/379","249/21697",0.0481927710843374,2.7589407762978,3.72214855382376,0.0015198757668228,0.0219421775867306,0.0170094399897136,"Alox15/Fabp4/Ddit3/Kcnk3/Fn1/Nos3/Rasgrp2/Nfatc4/Iqgap1/Rasal1/Ect2/Fosb",12
"GO:0034440","lipid oxidation","8/379","124/21697",0.0645161290322581,3.69342071665674,4.01047653070665,0.00152678416643228,0.0219626254732471,0.0170252910645326,"Alox15/Adipoq/Por/Twist1/Dgat2/Aldh1l2/Acacb/Cygb",8
"GO:0070227","lymphocyte apoptotic process","7/379","97/21697",0.0721649484536082,4.13130049234284,4.12116449862635,0.00156871851923804,0.0224849654424119,0.0174302057693115,"Lgals5/Aurkb/Icam1/P2rx7/Bbc3/Jak3/St3gal1",7
"GO:0014044","Schwann cell development","5/379","49/21697",0.102040816326531,5.84163480695708,4.52394577843156,0.00160709501535498,0.0229296555815608,0.0177749268074115,"Erbb2/Pou3f1/Itgb4/Col6a1/Lamb2",5
"GO:0032720","negative regulation of tumor necrosis factor production","6/379","72/21697",0.0833333333333333,4.77066842568162,4.27309695213076,0.00161694495473872,0.0229296555815608,0.0177749268074115,"Gpnmb/Adipoq/Irak3/Twist1/Nfkbil1/Sirpa",6
"GO:2001244","positive regulation of intrinsic apoptotic signaling pathway","6/379","72/21697",0.0833333333333333,4.77066842568162,4.27309695213076,0.00161694495473872,0.0229296555815608,0.0177749268074115,"Ddit3/Mmp2/Bub1/Rad9a/Cav1/Bbc3",6
"GO:0042542","response to hydrogen peroxide","10/379","186/21697",0.0537634408602151,3.07785059721395,3.79469348415895,0.00165835625900709,0.0233565514578283,0.0181058538432777,"Ddit3/Mmp2/Cdk1/Slc4a1/Ets1/Ezh2/Hbb/Ect2/Sirpa/Klf2",10
"GO:0071219","cellular response to molecule of bacterial origin","13/379","286/21697",0.0454545454545455,2.60218277764452,3.63674467854657,0.00166014934897283,0.0233565514578283,0.0181058538432777,"Nr1d1/Fn1/Icam1/Irak3/Hmgb2l1/Nos3/Pf4/Ephb2/Nfkbil1/Cd14/Sirpa/Cd68/Cd180",13
"GO:1990874","vascular associated smooth muscle cell proliferation","7/379","98/21697",0.0714285714285714,4.08914436486996,4.0866799999354,0.00166457043397876,0.0233565514578283,0.0181058538432777,"Cdkn1a/Adipoq/Ddit3/Mmp2/Ldlrap1/Cav1/Ddx39b",7
"GO:0010594","regulation of endothelial cell migration","10/379","187/21697",0.053475935828877,3.0613915031112,3.77482907788013,0.00172552494725683,0.0240623713066573,0.0186530010129126,"Card10/Hdac7/Meox2/Ets1/Plk2/Nos3/Mmrn2/Col18a1/Foxc2/Anxa3",10
"GO:0031109","microtubule polymerization or depolymerization","9/379","156/21697",0.0576923076923077,3.30277044854881,3.8487192182578,0.00172861818320552,0.0240623713066573,0.0186530010129126,"Ckap2/Aurkb/Cdk1/Kif18b/Tpx2/Kif2c/Psrc1/Cav1/Cdh5",9
"GO:1903556","negative regulation of tumor necrosis factor superfamily cytokine production","6/379","73/21697",0.0821917808219178,4.70531680341201,4.22819464452393,0.00173629865504026,0.0240623713066573,0.0186530010129126,"Gpnmb/Adipoq/Irak3/Twist1/Nfkbil1/Sirpa",6
"GO:0007162","negative regulation of cell adhesion","14/379","323/21697",0.043343653250774,2.48133837620592,3.57642271686252,0.00174495815927247,0.0240623713066573,0.0186530010129126,"Gpnmb/Lgals5/Adipoq/Mmp2/Erbb2/Plxnb2/Fbln1/Scrib/Irf1/Cxcl12/Pf4/Ephb2/Il4r/Jak3",14
"GO:1901342","regulation of vasculature development","14/379","323/21697",0.043343653250774,2.48133837620592,3.57642271686252,0.00174495815927247,0.0240623713066573,0.0186530010129126,"Eng/Ets1/Plk2/Nos3/Ptgis/Gpr4/Cxcl12/Pf4/Col4a2/Cdh5/Foxc2/Klf2/Anxa3/Tgfbr2",14
"GO:0001558","regulation of cell growth","17/379","434/21697",0.0391705069124424,2.24243400654159,3.48611843316712,0.00175769927841238,0.024154774619832,0.0187246314882418,"Cdkn1a/Ifrd1/Sema6c/Erbb2/Fn1/Ptch2/Psrc1/Cdkn2c/Cxcl12/Uri1/Smurf1/Rasal1/Rerg/Pttg1/Fhl1/Osgin1/Ddx39b",17
"GO:0007584","response to nutrient","15/379","360/21697",0.0416666666666667,2.38533421284081,3.53407159815586,0.0017835092131969,0.0244255251492275,0.0189345156195562,"Abcb1b/Adipoq/Ddit3/Por/Erbb2/Fzd2/Bmp7/Dgat2/Kank2/Cav1/Lrat/Acacb/Mgmt/Tnfrsf11b/Tgfbr2",15
"GO:0048659","smooth muscle cell proliferation","11/379","221/21697",0.0497737556561086,2.84944901443427,3.68466504624624,0.00183175700856509,0.0250006698882313,0.0193803642544429,"Cdkn1a/Adipoq/Ddit3/Mmp2/Ldlrap1/Npr1/Nos3/Ptgis/Cav1/Tgfbr2/Ddx39b",11
"GO:0051445","regulation of meiotic cell cycle","6/379","74/21697",0.0810810810810811,4.64173144120374,4.18409959441362,0.00186221820821434,0.0253146570813771,0.0196237651793621,"Ccnb2/Cdc20/Cdk1/Pkmyt1/Cdc25b/Aspm",6
"GO:0071347","cellular response to interleukin-1","8/379","128/21697",0.0625,3.57800131926121,3.90040160974083,0.00186742281545542,0.0253146570813771,0.0196237651793621,"Nr1d1/Mmp2/Fn1/Icam1/Irak3/Ptgis/Sirpa/Klf2",8
"GO:0001889","liver development","13/379","290/21697",0.0448275862068966,2.56629060140115,3.58038433640434,0.00187636228417881,0.0253499080217265,0.0196510914897105,"Dbp/Ephx1/Mki67/Erbb2/Alas2/Tk1/Foxm1/Sulf2/Ezh2/E2f8/Cad/Klf1/Ddx39b",13
"GO:0042063","gliogenesis","17/379","437/21697",0.0389016018306636,2.22703972274382,3.45504670758322,0.00188937651746014,0.0254397868462057,0.0197207649970587,"Nr1d1/Ifrd1/Clcn2/Erbb2/Fn1/Csf1/Pou3f1/Itgb4/Col6a1/Atf5/Cdkn2c/Scrib/Syne2/Ezh2/Lamb2/Sox13/C1s",17
"GO:0003197","endocardial cushion development","5/379","51/21697",0.0980392156862745,5.6125510890372,4.39717411383943,0.00192428775832604,0.0258229085421001,0.0200177585597675,"Eng/Bmp7/Twist1/Nos3/Tgfbr2",5
"GO:0032946","positive regulation of mononuclear cell proliferation","9/379","159/21697",0.0566037735849057,3.24045402499129,3.78066437023419,0.00196971144452505,0.026256253555519,0.0203536849267589,"Cdkn1a/Csf1/Tnfrsf13c/Slc4a1/Ephb2/Ccdc88b/Jak3/Tgfbr2/Itgal",9
"GO:0106106","cold-induced thermogenesis","9/379","159/21697",0.0566037735849057,3.24045402499129,3.78066437023419,0.00196971144452505,0.026256253555519,0.0203536849267589,"Nr1d1/Adipoq/Fabp4/Ddit3/Per2/Letmd1/Cav1/Il4r/Foxc2",9
"GO:0034383","low-density lipoprotein particle clearance","4/379","31/21697",0.129032258064516,7.38684143331347,4.74475534467628,0.00198571063595807,0.026381584163443,0.0204508404367775,"Adipoq/Ldlrap1/Dgat2/Khsrp",4
"GO:0002064","epithelial cell development","12/379","258/21697",0.0465116279069767,2.66269865619439,3.58226202146717,0.00204491307885017,0.0268095761018813,0.0207826171332413,"Cdkn1a/Abcb1b/Adipoq/Icam1/Rarg/Gpr4/Flna/Col18a1/Lamb2/Cdh5/Foxc2/Plod3",12
"GO:0061008","hepaticobiliary system development","13/379","293/21697",0.0443686006825939,2.54001458841752,3.53872965937567,0.00205335629998746,0.0268095761018813,0.0207826171332413,"Dbp/Ephx1/Mki67/Erbb2/Alas2/Tk1/Foxm1/Sulf2/Ezh2/E2f8/Cad/Klf1/Ddx39b",13
"GO:0045843","negative regulation of striated muscle tissue development","3/379","15/21697",0.2,11.4496042216359,5.39798922720779,0.00205814950319519,0.0268095761018813,0.0207826171332413,"Ybx3/Twist1/Hdac7",3
"GO:0051782","negative regulation of cell division","3/379","15/21697",0.2,11.4496042216359,5.39798922720779,0.00205814950319519,0.0268095761018813,0.0207826171332413,"Aurkb/Aspm/E2f8",3
"GO:1902969","mitotic DNA replication","3/379","15/21697",0.2,11.4496042216359,5.39798922720779,0.00205814950319519,0.0268095761018813,0.0207826171332413,"Cdk1/Tk1/Mcm3",3
"GO:1903659","regulation of complement-dependent cytotoxicity","3/379","15/21697",0.2,11.4496042216359,5.39798922720779,0.00205814950319519,0.0268095761018813,0.0207826171332413,"Fcrl1/Cdh5/Jak3",3
"GO:0071456","cellular response to hypoxia","11/379","225/21697",0.0488888888888889,2.79879214306655,3.61636455457915,0.00210809404497307,0.027371000278725,0.0212178296734302,"Kcnk3/Icam1/Ccna2/Twist1/Suv39h1/Ptgis/Cav1/Bbc3/Vasn/Slc2a4/Lmna",11
"GO:0048662","negative regulation of smooth muscle cell proliferation","6/379","76/21697",0.0789473684210526,4.51958061380364,4.0982272507398,0.00213467409177886,0.0275372957839472,0.0213467409177886,"Cdkn1a/Adipoq/Npr1/Nos3/Ptgis/Cav1",6
"GO:0051298","centrosome duplication","6/379","76/21697",0.0789473684210526,4.51958061380364,4.0982272507398,0.00213467409177886,0.0275372957839472,0.0213467409177886,"Ccnf/Kifc1/Wdr90/Plk2/Xrcc3/Stil",6
"GO:0042692","muscle cell differentiation","18/379","481/21697",0.0374220374220374,2.14233758824788,3.37809193161588,0.00214609547809425,0.0275956135591605,0.0213919484954733,"Ifrd1/Rbm38/Kel/Cdk1/Piezo1/Krt19/Flnc/Eng/Col6a1/Cxcl12/Nfatc4/Ezh2/Dmpk/Il4r/Lmna/Ehd2/Myof/Ddx39b",18
"GO:0071496","cellular response to external stimulus","8/379","131/21697",0.0610687022900763,3.49606235775141,3.82069605906698,0.00216016834945459,0.0276875424021439,0.0214632111644526,"Abcb1b/Erbb2/Piezo1/Eng/Hdac7/Irf1/Nos3/Cav1",8
"GO:0031334","positive regulation of protein-containing complex assembly","11/379","226/21697",0.0486725663716814,2.78640810703528,3.59952319713494,0.00218222087672211,0.0278808347795902,0.0216130502167366,"Alox15/Myo1c/Piezo1/Icam1/Baiap2/Psrc1/P2rx7/Cav1/Bbc3/Caly/Cdh5",11
"GO:0043627","response to estrogen","8/379","132/21697",0.0606060606060606,3.46957703685936,3.7946438826389,0.00226537360703517,0.0288510479443747,0.0223651534452517,"Mmp2/Mfge8/Krt19/Cav1/Il4r/Smad6/Tnfrsf11b/Tgfbr2",8
"GO:0010324","membrane invagination","6/379","77/21697",0.0779220779220779,4.46088476167632,4.05640088311668,0.00228167572853945,0.0289163976487256,0.022415812130795,"Alox15/Aurkb/Clcn2/Snx33/Smurf1/Sirpa",6
"GO:0035987","endodermal cell differentiation","5/379","53/21697",0.0943396226415094,5.40075670831881,4.27693592562055,0.0022849666559133,0.0289163976487256,0.022415812130795,"Mmp2/Fn1/Col6a1/Col5a1/Col4a2",5
"GO:0048762","mesenchymal cell differentiation","12/379","262/21697",0.0458015267175573,2.62204676831356,3.52199297920614,0.00232174727436222,0.0292891714516546,0.0227047840710501,"Sema6c/Fn1/Eng/Lama5/Bmp7/Twist1/Scrib/Ezh2/Flna/Vasn/Foxc2/Tgfbr2",12
"GO:0034698","response to gonadotropin","6/379","78/21697",0.0769230769230769,4.40369393139842,4.01528348980094,0.00243617353841933,0.0305399936681471,0.023674413696238,"Por/Icam1/Ccna2/Foxm1/Pappa/Bard1",6
"GO:0060612","adipose tissue development","6/379","78/21697",0.0769230769230769,4.40369393139842,4.01528348980094,0.00243617353841933,0.0305399936681471,0.023674413696238,"Ifrd1/Csf1/Col6a1/Dgat2/Ifrd2/Lmna",6
"GO:0030510","regulation of BMP signaling pathway","7/379","105/21697",0.0666666666666667,3.81653474054529,3.85744318595957,0.00246936467321071,0.0306335148899005,0.0237469107673647,"Eng/Erfe/Fbn1/Cav1/Smurf1/Cdh5/Smad6",7
"GO:0070167","regulation of biomineral tissue development","7/379","105/21697",0.0666666666666667,3.81653474054529,3.85744318595957,0.00246936467321071,0.0306335148899005,0.0237469107673647,"Bmp7/Twist1/Suv39h1/Nos3/Wnt6/P2rx7/Bcor",7
"GO:0071887","leukocyte apoptotic process","8/379","134/21697",0.0597014925373134,3.41779230496594,3.74328600796373,0.00248782754411605,0.0306335148899005,0.0237469107673647,"Lgals5/Aurkb/Icam1/Cxcl12/P2rx7/Bbc3/Jak3/St3gal1",8
"GO:0090435","protein localization to nuclear envelope","3/379","16/21697",0.1875,10.7340039577836,5.19335567853692,0.00250051757951639,0.0306335148899005,0.0237469107673647,"Lmnb1/Plk1/Lmna",3
"GO:1901741","positive regulation of myoblast fusion","3/379","16/21697",0.1875,10.7340039577836,5.19335567853692,0.00250051757951639,0.0306335148899005,0.0237469107673647,"Cxcl12/Il4r/Ehd2",3
"GO:1901862","negative regulation of muscle tissue development","3/379","16/21697",0.1875,10.7340039577836,5.19335567853692,0.00250051757951639,0.0306335148899005,0.0237469107673647,"Ybx3/Twist1/Hdac7",3
"GO:0003180","aortic valve morphogenesis","4/379","33/21697",0.121212121212121,6.93915407371872,4.55248423447172,0.0025125763650631,0.0306335148899005,0.0237469107673647,"Twist1/Nos3/Smad6/Tgfbr2",4
"GO:0031295","T cell costimulation","4/379","33/21697",0.121212121212121,6.93915407371872,4.55248423447172,0.0025125763650631,0.0306335148899005,0.0237469107673647,"Dpp4/Tnfrsf13c/Cav1/Ephb4",4
"GO:1904044","response to aldosterone","4/379","33/21697",0.121212121212121,6.93915407371872,4.55248423447172,0.0025125763650631,0.0306335148899005,0.0237469107673647,"Cdkn1a/Ace/Bard1/Pf4",4
"GO:0072091","regulation of stem cell proliferation","7/379","106/21697",0.0660377358490566,3.78052969582317,3.82631132990576,0.00260521069791904,0.0316663756260736,0.0245475780047083,"Ace/Rarg/Foxm1/Fbln1/Cdkn2c/Hmgb2l1/Tgfbr2",7
"GO:1903038","negative regulation of leukocyte cell-cell adhesion","9/379","167/21697",0.0538922155688623,3.08522269445278,3.60682337614519,0.00274568912455657,0.0331847712881132,0.0257246289055141,"Gpnmb/Lgals5/Erbb2/Scrib/Irf1/Cxcl12/Pf4/Il4r/Jak3",9
"GO:0034502","protein localization to chromosome","7/379","107/21697",0.0654205607476635,3.74519764259118,3.79555594457202,0.0027467265057178,0.0331847712881132,0.0257246289055141,"Aurkb/Cdk1/Bub1b/Ezh2/Plk1/Cenpa/Esco2",7
"GO:0050867","positive regulation of cell activation","15/379","377/21697",0.0397877984084881,2.27777272313711,3.33708216569684,0.00277049303164618,0.0333710892576899,0.0258690614400697,"Cdkn1a/Dpp4/Tnfrsf13c/Slc4a1/Il16/Cav1/Ephb2/Il4r/Ccdc88b/Sirpa/Ephb4/Jak3/Sox13/Tgfbr2/Itgal",15
"GO:0071709","membrane assembly","5/379","56/21697",0.0892857142857143,5.11143045608745,4.10756563515886,0.002914832882044,0.034959364898819,0.0271002828673016,"Col6a1/Cav1/Iqgap1/Ephb2/Tmpo",5
"GO:0030879","mammary gland development","10/379","201/21697",0.0497512437810945,2.84816025413828,3.50990240144704,0.00291983692828346,0.034959364898819,0.0271002828673016,"Abcb1b/Erbb2/Iqgap3/Alas2/Csf1/Scrib/Cav1/Cad/Mgmt/Tgfbr2",10
"GO:0060411","cardiac septum morphogenesis","6/379","81/21697",0.0740740740740741,4.24059415616144,3.89597086296083,0.00294702948307428,0.0351503119722433,0.0272483038544522,"Fzd2/Eng/Bmp7/Nos3/Smad6/Tgfbr2",6
"GO:0001704","formation of primary germ layer","8/379","138/21697",0.0579710144927536,3.31872586134373,3.64343356493703,0.00298382518769713,0.0351503119722433,0.0272483038544522,"Mmp2/Fn1/Itgb4/Col6a1/Bmp7/Col5a1/Col4a2/Foxc2",8
"GO:0045842","positive regulation of mitotic metaphase/anaphase transition","3/379","17/21697",0.176470588235294,10.102591960267,5.00606067455569,0.00299731342398974,0.0351503119722433,0.0272483038544522,"Ube2c/Cdc20/Cenpe",3
"GO:0048635","negative regulation of muscle organ development","3/379","17/21697",0.176470588235294,10.102591960267,5.00606067455569,0.00299731342398974,0.0351503119722433,0.0272483038544522,"Ybx3/Twist1/Hdac7",3
"GO:0090306","meiotic spindle assembly","3/379","17/21697",0.176470588235294,10.102591960267,5.00606067455569,0.00299731342398974,0.0351503119722433,0.0272483038544522,"Ccnb2/Cenpe/Aspm",3
"GO:0097278","complement-dependent cytotoxicity","3/379","17/21697",0.176470588235294,10.102591960267,5.00606067455569,0.00299731342398974,0.0351503119722433,0.0272483038544522,"Fcrl1/Cdh5/Jak3",3
"GO:1901970","positive regulation of mitotic sister chromatid separation","3/379","17/21697",0.176470588235294,10.102591960267,5.00606067455569,0.00299731342398974,0.0351503119722433,0.0272483038544522,"Ube2c/Cdc20/Cenpe",3
"GO:0006909","phagocytosis","11/379","236/21697",0.0466101694915254,2.66833996690667,3.43598920144478,0.00304647551833604,0.0355185294397254,0.0275337437517251,"Alox15/Adipoq/C4a/Clcn2/Mfge8/Letmd1/Prkcg/P2rx7/Sirpa/Anxa3/C1s",11
"GO:0036294","cellular response to decreased oxygen levels","11/379","236/21697",0.0466101694915254,2.66833996690667,3.43598920144478,0.00304647551833604,0.0355185294397254,0.0275337437517251,"Kcnk3/Icam1/Ccna2/Twist1/Suv39h1/Ptgis/Cav1/Bbc3/Vasn/Slc2a4/Lmna",11
"GO:0061448","connective tissue development","14/379","344/21697",0.0406976744186047,2.32986132417009,3.31506722088506,0.00309507777521653,0.0359802791368922,0.0278916892534048,"Ifrd1/Por/Csf1/Col6a1/Bmp7/Rarg/Col5a1/Dgat2/Ifrd2/Sulf2/Gpr4/Foxc2/Lmna/Tgfbr2",14
"GO:1904994","regulation of leukocyte adhesion to vascular endothelial cell","4/379","35/21697",0.114285714285714,6.54263098379193,4.37559304900781,0.00312819128597676,0.0362598172539741,0.028108385468197,"Sele/Icam1/Ets1/Cxcl12",4
"GO:0014037","Schwann cell differentiation","5/379","57/21697",0.087719298245614,5.0217562375596,4.05378541504457,0.00315016036157144,0.0363843530672315,0.028204924858319,"Erbb2/Pou3f1/Itgb4/Col6a1/Lamb2",5
"GO:0060541","respiratory system development","13/379","308/21697",0.0422077922077922,2.41631257924134,3.33791630207862,0.00315713191156022,0.0363843530672315,0.028204924858319,"Clcn2/Foxp4/Col6a1/Ace/Lama5/Rarg/Disp1/Nos3/Adamts2/Fbn1/Plod3/Klf2/Tgfbr2",13
"GO:0090288","negative regulation of cellular response to growth factor stimulus","7/379","110/21697",0.0636363636363636,3.64305588870233,3.70546534183627,0.00320683805303176,0.0368509924542356,0.0285666608172369,"Erfe/Sulf2/Mmrn2/Fbn1/Cav1/Smurf1/Smad6",7
"GO:0032640","tumor necrosis factor production","10/379","204/21697",0.0490196078431373,2.8062755445186,3.45610380765473,0.00324604463184307,0.0370883785221155,0.0287506810248958,"Gpnmb/Adipoq/Irak3/Twist1/Nfatc4/Pf4/Ephb2/Nfkbil1/Cd14/Sirpa",10
"GO:0032680","regulation of tumor necrosis factor production","10/379","204/21697",0.0490196078431373,2.8062755445186,3.45610380765473,0.00324604463184307,0.0370883785221155,0.0287506810248958,"Gpnmb/Adipoq/Irak3/Twist1/Nfatc4/Pf4/Ephb2/Nfkbil1/Cd14/Sirpa",10
"GO:0007264","small GTPase-mediated signal transduction","17/379","462/21697",0.0367965367965368,2.10652891523604,3.20548563085652,0.00334459674779941,0.0381055338873214,0.0295391735560631,"Cdkn1a/Erbb2/Iqgap3/Ccna2/Csf1/Plekhg5/Myo9b/Dok2/Foxm1/Arhgap31/Plk2/Kank2/Rasgrp2/Gpr4/Arhgap33/Ephb2/Rasal1",17
"GO:2001242","regulation of intrinsic apoptotic signaling pathway","10/379","205/21697",0.0487804878048781,2.79258639552095,3.43838752789248,0.0033610028727323,0.0381836661592513,0.0295997412087219,"Ddit3/Mmp2/Ybx3/Bub1/Cxcl12/Rad9a/Cav1/Bbc3/Uri1/Ackr3",10
"GO:0045581","negative regulation of T cell differentiation","5/379","58/21697",0.0862068965517241,4.93517423346374,4.0012490254667,0.0033988743331117,0.0383957583562534,0.0297641537645375,"Erbb2/Irf1/Pf4/Il4r/Jak3",5
"GO:0061005","cell differentiation involved in kidney development","5/379","58/21697",0.0862068965517241,4.93517423346374,4.0012490254667,0.0033988743331117,0.0383957583562534,0.0297641537645375,"Adipoq/Glis2/Gpr4/Lamb2/Foxc2",5
"GO:0051054","positive regulation of DNA metabolic process","12/379","275/21697",0.0436363636363636,2.49809546653874,3.33358889988929,0.00343995893477279,0.0387504106483278,0.0300390780219595,"Aurkb/Cdk1/Ccna2/Pnkp/Mrgbp/Foxm1/Hmgb2l1/Prkcg/E2f8/Mgmt/Anxa3/Ddx39b",12
"GO:0031294","lymphocyte costimulation","4/379","36/21697",0.111111111111111,6.36089123424216,4.29225195758768,0.00347141342235957,0.0388987694854969,0.0301540848724782,"Dpp4/Tnfrsf13c/Cav1/Ephb4",4
"GO:0070665","positive regulation of leukocyte proliferation","9/379","173/21697",0.0520231213872832,2.97822075129257,3.48315278898727,0.0034725833224112,0.0388987694854969,0.0301540848724782,"Cdkn1a/Csf1/Tnfrsf13c/Slc4a1/Ephb2/Ccdc88b/Jak3/Tgfbr2/Itgal",9
"GO:0009880","embryonic pattern specification","6/379","84/21697",0.0714285714285714,4.08914436486996,3.78230488014706,0.00353400443015053,0.0390076510959263,0.0302384892216483,"Lama5/Bmp7/Disp1/Meox2/Smad6/Stil",6
"GO:0010717","regulation of epithelial to mesenchymal transition","7/379","112/21697",0.0625,3.57800131926121,3.64713914069352,0.00354478291131576,0.0390076510959263,0.0302384892216483,"Eng/Bmp7/Twist1/Scrib/Ezh2/Vasn/Tgfbr2",7
"GO:0001886","endothelial cell morphogenesis","3/379","18/21697",0.166666666666667,9.54133685136324,4.83368885974677,0.00355058389570321,0.0390076510959263,0.0302384892216483,"Col18a1/Cdh5/Plod3",3
"GO:0070341","fat cell proliferation","3/379","18/21697",0.166666666666667,9.54133685136324,4.83368885974677,0.00355058389570321,0.0390076510959263,0.0302384892216483,"Fabp4/Per2/Col6a1",3
"GO:0072109","glomerular mesangium development","3/379","18/21697",0.166666666666667,9.54133685136324,4.83368885974677,0.00355058389570321,0.0390076510959263,0.0302384892216483,"Bmp7/Gpr4/Foxc2",3
"GO:0090051","negative regulation of cell migration involved in sprouting angiogenesis","3/379","18/21697",0.166666666666667,9.54133685136324,4.83368885974677,0.00355058389570321,0.0390076510959263,0.0302384892216483,"Card10/Meox2/Mmrn2",3
"GO:1902101","positive regulation of metaphase/anaphase transition of cell cycle","3/379","18/21697",0.166666666666667,9.54133685136324,4.83368885974677,0.00355058389570321,0.0390076510959263,0.0302384892216483,"Ube2c/Cdc20/Cenpe",3
"GO:0071706","tumor necrosis factor superfamily cytokine production","10/379","207/21697",0.0483091787439614,2.76560488445311,3.40327229851537,0.00360062503492218,0.0393055462970274,0.0304694157341297,"Gpnmb/Adipoq/Irak3/Twist1/Nfatc4/Pf4/Ephb2/Nfkbil1/Cd14/Sirpa",10
"GO:1903555","regulation of tumor necrosis factor superfamily cytokine production","10/379","207/21697",0.0483091787439614,2.76560488445311,3.40327229851537,0.00360062503492218,0.0393055462970274,0.0304694157341297,"Gpnmb/Adipoq/Irak3/Twist1/Nfatc4/Pf4/Ephb2/Nfkbil1/Cd14/Sirpa",10
"GO:1905952","regulation of lipid localization","9/379","174/21697",0.0517241379310345,2.96110454007825,3.46306129550664,0.00360718566916955,0.0393055462970274,0.0304694157341297,"Adipoq/Ldlrap1/Ikbke/Erfe/Retn/P2rx7/Cav1/Lrat/Acacb",9
"GO:0014902","myotube differentiation","8/379","143/21697",0.0559440559440559,3.20268649556248,3.52365175965937,0.00370846015822687,0.0402992722085578,0.0312397458981068,"Rbm38/Kel/Piezo1/Col6a1/Cxcl12/Dmpk/Il4r/Ehd2",8
"GO:2001251","negative regulation of chromosome organization","6/379","85/21697",0.0705882352941176,4.04103678410678,3.74558682664921,0.00374771796363951,0.0406155125652964,0.0314848934614701,"Cenpe/Bub1/Recql4/Bub1b/Plk1/Xrcc3",6
"GO:0070371","ERK1 and ERK2 cascade","14/379","352/21697",0.0397727272727273,2.27690993043895,3.22047349183071,0.00379489821879839,0.0408614883105146,0.0316755723337323,"Alox15/Gpnmb/Adipoq/Erbb2/Fn1/Icam1/Iqgap3/Fbln1/Cxcl12/Npy/Cav1/Ephb2/Ackr3/Sirpa",14
"GO:0002819","regulation of adaptive immune response","11/379","243/21697",0.0452674897119342,2.5914742065431,3.32647922200371,0.00380106868004787,0.0408614883105146,0.0316755723337323,"Alox15/Rsad2/Dpp4/Tnfrsf13c/Pf4/P2rx7/Ephb2/RT1-T24-4/Il4r/Jak3/RT1-S3",11
"GO:0050866","negative regulation of cell activation","11/379","243/21697",0.0452674897119342,2.5914742065431,3.32647922200371,0.00380106868004787,0.0408614883105146,0.0316755723337323,"Nr1d1/Gpnmb/Lgals5/Erbb2/Fn1/Scrib/Irf1/Pf4/Il4r/Cygb/Jak3",11
"GO:0071772","response to BMP","9/379","176/21697",0.0511363636363636,2.92745562485008,3.42330591527471,0.00388865768923968,0.0415795243295976,0.0322321894027888,"Fn1/Eng/Bmp7/Erfe/Fbn1/Cav1/Smurf1/Cdh5/Smad6",9
"GO:0071773","cellular response to BMP stimulus","9/379","176/21697",0.0511363636363636,2.92745562485008,3.42330591527471,0.00388865768923968,0.0415795243295976,0.0322321894027888,"Fn1/Eng/Bmp7/Erfe/Fbn1/Cav1/Smurf1/Cdh5/Smad6",9
"GO:0045765","regulation of angiogenesis","13/379","316/21697",0.0411392405063291,2.3551401088808,3.23556363920351,0.00391934574237561,0.0417735271440127,0.0323825791814052,"Eng/Ets1/Plk2/Nos3/Ptgis/Gpr4/Pf4/Col4a2/Cdh5/Foxc2/Klf2/Anxa3/Tgfbr2",13
"GO:0030514","negative regulation of BMP signaling pathway","5/379","60/21697",0.0833333333333333,4.77066842568162,3.89970413637437,0.00393813946819025,0.0417735271440127,0.0323825791814052,"Erfe/Fbn1/Cav1/Smurf1/Smad6",5
"GO:0051926","negative regulation of calcium ion transport","5/379","60/21697",0.0833333333333333,4.77066842568162,3.89970413637437,0.00393813946819025,0.0417735271440127,0.0323825791814052,"Icam1/Ace/Nos3/Rem1/Cav1",5
"GO:0014032","neural crest cell development","6/379","86/21697",0.0697674418604651,3.99404798429159,3.70942643318744,0.00397086959682399,0.0420092791473522,0.0325653326723661,"Sema6c/Fn1/Lama5/Bmp7/Twist1/Foxc2",6
"GO:0030100","regulation of endocytosis","14/379","355/21697",0.0394366197183099,2.25766843806905,3.18565685042119,0.00408846937098714,0.0431392849988854,0.0334413062006864,"Alox15/Adipoq/Sele/C4a/Snx33/Ldlrap1/Letmd1/Scrib/Plk2/Prkcg/Cav1/Cd14/Caly/Sirpa",14
"GO:0007369","gastrulation","10/379","211/21697",0.0473933649289099,2.71317635583789,3.33427737892737,0.00412046605995512,0.0433624836151593,0.0336143283838444,"Adipoq/Mmp2/Fn1/Itgb4/Col6a1/Bmp7/Col5a1/Col4a2/Foxc2/Tgfbr2",10
"GO:0060973","cell migration involved in heart development","3/379","19/21697",0.157894736842105,9.03916122760728,4.67427377069258,0.00416221777947443,0.0436869000003103,0.0338658139537289,"Eng/Bmp7/Twist1",3
"GO:1990845","adaptive thermogenesis","9/379","178/21697",0.050561797752809,2.89456286502031,3.38410781638419,0.00418704330391444,0.0438324245349578,0.0339786236705099,"Nr1d1/Adipoq/Fabp4/Ddit3/Per2/Letmd1/Cav1/Il4r/Foxc2",9
"GO:0046578","regulation of Ras protein signal transduction","5/379","61/21697",0.0819672131147541,4.69246074657208,3.85060109876299,0.00422952669027197,0.0438525647298667,0.0339942362247029,"Erbb2/Csf1/Foxm1/Ephb2/Rasal1",5
"GO:0003176","aortic valve development","4/379","38/21697",0.105263157894737,6.02610748507152,4.13466741736473,0.00423283070410817,0.0438525647298667,0.0339942362247029,"Twist1/Nos3/Smad6/Tgfbr2",4
"GO:0048048","embryonic eye morphogenesis","4/379","38/21697",0.105263157894737,6.02610748507152,4.13466741736473,0.00423283070410817,0.0438525647298667,0.0339942362247029,"Bmp7/Rarg/Twist1/Fbn1",4
"GO:0060236","regulation of mitotic spindle organization","4/379","38/21697",0.105263157894737,6.02610748507152,4.13466741736473,0.00423283070410817,0.0438525647298667,0.0339942362247029,"Tpx2/Psrc1/Plk1/Tacc3",4
"GO:0048660","regulation of smooth muscle cell proliferation","10/379","212/21697",0.0471698113207547,2.70037835415941,3.31727924385417,0.00425925947960243,0.0440123479558918,0.0341180991906138,"Cdkn1a/Adipoq/Mmp2/Ldlrap1/Npr1/Nos3/Ptgis/Cav1/Tgfbr2/Ddx39b",10
"GO:0002460","adaptive immune response based on somatic recombination of immune receptors built from immunoglobulin superfamily domains","14/379","357/21697",0.0392156862745098,2.24502043561488,3.16263878501081,0.0042942479662313,0.0442182642232929,0.034277724204103,"Rsad2/C4a/Icam1/Dpp4/Tnfrsf13c/Pf4/P2rx7/Ephb2/RT1-T24-4/Il4r/Jak3/C1s/RT1-S3/Nfkb2",14
"GO:0010595","positive regulation of endothelial cell migration","7/379","116/21697",0.0603448275862069,3.45462196342462,3.53438650459001,0.00430130152109551,0.0442182642232929,0.034277724204103,"Hdac7/Ets1/Plk2/Nos3/Col18a1/Foxc2/Anxa3",7
"GO:0070372","regulation of ERK1 and ERK2 cascade","13/379","321/21697",0.0404984423676012,2.31845568350882,3.17315323115324,0.00446700727239757,0.0457141051419454,0.0354372908077096,"Alox15/Gpnmb/Adipoq/Erbb2/Fn1/Icam1/Fbln1/Cxcl12/Npy/Cav1/Ephb2/Ackr3/Sirpa",13
"GO:0060562","epithelial tube morphogenesis","15/379","397/21697",0.0377833753148615,2.16302346756345,3.11838793747772,0.00446967119542402,0.0457141051419454,0.0354372908077096,"Csf1/Eng/Lama5/Bmp7/Rarg/Twist1/Plxnb2/Scrib/Mmrn2/Cxcl12/Nfatc4/Wnt6/Foxc2/Tgfbr2/Stil",15
"GO:0001755","neural crest cell migration","5/379","62/21697",0.0806451612903226,4.61677589582092,3.8025523942489,0.00453597174940831,0.046038961994629,0.0356891178252938,"Sema6c/Fn1/Lama5/Bmp7/Twist1",5
"GO:0007019","microtubule depolymerization","5/379","62/21697",0.0806451612903226,4.61677589582092,3.8025523942489,0.00453597174940831,0.046038961994629,0.0356891178252938,"Ckap2/Aurkb/Kif18b/Tpx2/Kif2c",5
"GO:1902808","positive regulation of cell cycle G1/S phase transition","5/379","62/21697",0.0806451612903226,4.61677589582092,3.8025523942489,0.00453597174940831,0.046038961994629,0.0356891178252938,"Rrm2/Ezh2/Mepce/Ccnd3/Stil",5
"GO:0010811","positive regulation of cell-substrate adhesion","8/379","148/21697",0.0540540540540541,3.09448762746916,3.40903381020902,0.00456229498752083,0.0461889054559387,0.0358053530666192,"Alox15/Fn1/Csf1/Fbln1/Flna/Npy/Iqgap1/Col16a1",8
"GO:0032467","positive regulation of cytokinesis","4/379","39/21697",0.102564102564103,5.87159190853122,4.06003933723143,0.00465263590730865,0.0467484698324806,0.0362391239011477,"Aurkb/Cdc25b/Ect2/Kif23",4
"GO:0044786","cell cycle DNA replication","4/379","39/21697",0.102564102564103,5.87159190853122,4.06003933723143,0.00465263590730865,0.0467484698324806,0.0362391239011477,"Cdk1/Tk1/Mcm3/E2f8",4
"GO:0071711","basement membrane organization","4/379","39/21697",0.102564102564103,5.87159190853122,4.06003933723143,0.00465263590730865,0.0467484698324806,0.0362391239011477,"Col6a1/Cav1/Lamb2/Plod3",4
"GO:0003007","heart morphogenesis","12/379","286/21697",0.041958041958042,2.40201487167186,3.18238979655733,0.0046946931828612,0.0468653844166752,0.0363297553617637,"Fzd2/Eng/Bmp7/Col5a1/Twist1/Nos3/Flna/Foxc2/Ephb4/Smad6/Tgfbr2/Stil",12
"GO:0001960","negative regulation of cytokine-mediated signaling pathway","6/379","89/21697",0.0674157303370786,3.85941715336041,3.60413830327908,0.00469942964518298,0.0468653844166752,0.0363297553617637,"Adipoq/Irak3/Cav1/Palm3/Tnfrsf11b/Parp14",6
"GO:0071277","cellular response to calcium ion","6/379","89/21697",0.0674157303370786,3.85941715336041,3.60413830327908,0.00469942964518298,0.0468653844166752,0.0363297553617637,"Alox15/Rasgrp2/Iqgap1/Rasal1/Ect2/Fosb",6
"GO:0035358","regulation of peroxisome proliferator activated receptor signaling pathway","3/379","20/21697",0.15,8.58720316622691,4.52619577299405,0.0048339518629578,0.0480869987561399,0.0372767432218139,"Alox15/Twist1/Ptgis",3
"GO:0001706","endoderm formation","5/379","63/21697",0.0793650793650794,4.5434937387444,3.7555171008614,0.0048578881531781,0.0482051978276904,0.0373683704090623,"Mmp2/Fn1/Col6a1/Col5a1/Col4a2",5
"GO:0009636","response to toxic substance","13/379","325/21697",0.04,2.28992084432718,3.12405283803204,0.0049481931354551,0.0489797632393192,0.0379688087126505,"Cdkn1a/Ephx1/Abcb1b/Ddit3/Cdk1/Col6a1/Tk1/Nos3/Prkcg/Hbb/Arhgap33/Mgmt/Cygb",13
"GO:0001570","vasculogenesis","6/379","90/21697",0.0666666666666667,3.81653474054529,3.5700585876269,0.00496281225531955,0.0490031758247479,0.0379869580036805,"Eng/Foxm1/Hdac7/Cav1/Ackr3/Tgfbr2",6
"GO:0060485","mesenchyme development","13/379","326/21697",0.0398773006134969,2.28289654725869,3.1118899232616,0.00507477184162903,0.0499852526962426,0.0387482579040641,"Sema6c/Fn1/Eng/Lama5/Bmp7/Twist1/Scrib/Nos3/Ezh2/Flna/Vasn/Foxc2/Tgfbr2",13
