"symbol","statistic"
"Alox15",18.3941643778475
"Cdkn1a",12.9735347778838
"Dbp",10.4807720547426
"Ephx1",9.16162850652165
"Nr1d1",9.11661505300049
"Ifrd1",8.72550460780528
"Per3",8.37691067595077
"Mki67",8.32378603313968
"Gpnmb",8.12398547626037
"Ckap2",8.03925193714638
"Abcb1b",7.94121052692668
"Top2a",7.33894653510936
"Lgals5",7.06266003636842
"Ecel1",7.0039857891704
"Aen",6.96126695551312
"Tef",6.77921661354612
"Ccnb2",6.74575457740835
"Rbm38",6.56190202877735
"Mcm5",6.5521742116098
"Kel",6.54311534989332
"Inf2",6.38679739566408
"Cenpf",6.35081754879608
"Adipoq",6.287512414095
"Aurkb",6.28027389458856
"Uhrf1",6.26042760430091
"Fabp4",6.17130047378969
"Ifitm3",5.96426008355854
"Smtn",5.93928267351127
"Prc1",5.9335413157979
"Plin1",5.75348740729311
"Gtse1",5.74308181989254
"Slc6a6",5.74166668607293
"Sele",5.71290442544957
"Ccng1",5.65569625234999
"Sned1",5.60714564706454
"Arhgap11a",5.5547673776447
"Rhbdf2",5.51288635271688
"Caskin2",5.45782657734178
"Ddit3",5.36753982860429
"Ptprv",5.27368517671873
"Sema6c",5.26275515703963
"Nr1d2",5.2580355378252
"Rsad2",5.250315690198
"Car3",5.18237389461541
"Kcnk3",5.17631961667808
"Ube2c",5.16444786211936
"Fam150b",5.15870998277616
"Mmp2",5.14039664947895
"Cdc20",5.06537294583194
"Cdk1",5.06526367735077
"C4a",4.98059479999167
"Thrsp",4.95794655385132
"Fbxo9",4.94369210876139
"Exoc3l2",4.92954890014018
"Cenpt",4.89205215239436
"Per2",4.86845874417285
"Clcn2",4.8562159601261
"Myo1c",4.82023174970509
"Ccnf",4.81964759953571
"Mfge8",4.81569497581588
"Fhod1",4.79859146507208
"Lmnb1",4.74222689509926
"Iqgap2",4.73738177621011
"Ybx3",4.71495567754358
"Por",4.69012103191707
"Card10",4.66814026102143
"Glis2",4.6376936885147
"LOC100911664",4.60199292838595
"Kif18b",4.59414839120634
"Erbb2",4.5933745268619
"Tln1",4.58748217418773
"Rrm2",4.58591465914232
"Piezo1",4.57199605534313
"Tubb6",4.56808965170262
"Prelp",4.55476180360058
"Kif11",4.54639323748768
"Angptl2",4.54178116210884
"Krt19",4.53668162193417
"Kifc1",4.50934155800619
"Fn1",4.50834715484702
"Ptch2",4.49803628592299
"Flnc",4.49515893102783
"Icam1",4.49434408959479
"Cidec",4.48651596705134
"Baiap2",4.48347906916664
"Slc1a5",4.47843187007309
"Tpx2",4.43870070496877
"Asgr2",4.43113117824411
"Iqgap3",4.4251350653787
"Fam64a",4.41475973740656
"Foxp4",4.40739913280868
"Isg20",4.40623553354173
"Aox3",4.40523203765724
"Zfp862",4.40517455493054
"Bahcc1",4.39523323835481
"Ltbp4",4.38570114354263
"Nav2",4.38255659894174
"Fzd2",4.3649136308424
"Pkmyt1",4.35303925833237
"Alas2",4.34707907254921
"Fam111a",4.33924827066223
"Msln",4.30116387376938
"Rhd",4.28782715312937
"Dpp4",4.28163033054327
"Ccna2",4.27806911474466
"Irak3",4.27488617815366
"Knstrn",4.2389192785609
"Ncapd2",4.21908562658733
"Marf1",4.21168975464651
"Cd52",4.19660492488875
"Clec14a",4.17209567230182
"Adcy6",4.17197076653052
"Mical3",4.15315003000959
"Scara3",4.14859476931288
"Snx33",4.13644179237145
"Anln",4.13157957776672
"Csf1",4.11768567035898
"Ldlrap1",4.11068676086475
"Pou3f1",4.10871461535224
"Cyp2s1",4.10140014294111
"Dtl",4.07669617452066
"Nusap1",4.07369536768595
"Ankle1",4.07010446302935
"Ikbke",4.06714058235662
"Cenpe",4.05247897907411
"Mybl2",4.04498740576418
"Itgb4",4.040293170248
"Nuf2",4.04025346301611
"Troap",4.038222273406
"Eng",4.00489614039437
"Prg4",3.99704191712217
"Npr1",3.99659734768231
"Col6a1",3.99461133367602
"Ddn",3.98690889070629
"Tnfrsf13c",3.98656625997071
"Mcm6",3.9840766079587
"Lama5",3.95061019678965
"Ace",3.95038384384111
"Bmp7",3.94429407184866
"Tnfrsf25",3.93990424125402
"Cdc25b",3.93591181400414
"Plekhg5",3.93091392866322
"Sptbn5",3.92899966604306
"Myo9b",3.92353438886795
"Kif4a",3.91919011239758
"Kif2c",3.9159963776289
"Rarg",3.90816454439717
"Tk1",3.90777850833028
"Cenpw",3.88392209079933
"Psrc1",3.87525120867817
"Tmcc2",3.87477494416188
"Pnkp",3.87164934863886
"Hemgn",3.86275075025119
"Pold1",3.86097980678053
"Col5a1",3.86027629519766
"Twist1",3.8588097503068
"Plxnb2",3.85851467488363
"Hba2",3.85437246772657
"Siglec10",3.85246353188147
"Lmo7",3.85179569210959
"LOC103694857",3.85090719773425
"Faah",3.85085395426608
"Dok2",3.84488248231931
"Bhlhe40",3.84459783208392
"Kif20a",3.84044022194312
"Aspm",3.82848521487371
"Dgat2",3.82709144614934
"Col6a2",3.82496917595733
"Mrgbp",3.81050694818111
"Atf5",3.80516032283747
"LOC108351097",3.80326142307919
"Mybbp1a",3.80100210571495
"Hba1",3.7961138026094
"Foxm1",3.7877516140592
"Mcm3",3.78148912904954
"Col6a3",3.77366941119865
"Fam129c",3.7703154736982
"Hdac7",3.76102534800322
"Igdcc3",3.76008659897424
"Mapkbp1",3.74858340494394
"Slc4a1",3.74693114198598
"Arhgap31",3.73755676838733
"Ciart",3.73394893516873
"Eda2r",3.73245744429088
"Disp1",3.73108360321899
"Bub1",3.72794294504979
"Epb41",3.72599161674659
"Mcm10",3.72566355758916
"Ifrd2",3.7233604000284
"Slc25a28",3.71843113457155
"Letmd1",3.71659537489777
"Erfe",3.71141613486244
"Pappa",3.70144823059396
"Fbln1",3.69292786190426
"Recql4",3.68825156915348
"Gpc6",3.67911117484416
"Meox2",3.67545390319166
"Ets1",3.66803699042008
"Il16",3.66220709295927
"Cdkn2c",3.66026444469129
"Scrib",3.65577043787025
"Akr1c14",3.65020198612707
"Arl5c",3.64525997758106
"Fmnl3",3.63669176960031
"Bub1b",3.63207776382262
"Wdr90",3.62968515516448
"Slc5a6",3.62406768297622
"Suv39h1",3.61948173972763
"Irf1",3.6187093218961
"Adgre5",3.6179236203957
"Itpr3",3.61784374600158
"Sdk1",3.61565798969739
"Plk2",3.61304262448833
"Syne2",3.61169833029296
"Hmgb2l1",3.60943694745963
"Fancd2",3.60780500482825
"Klf16",3.60474118174051
"Tns2",3.60254911510293
"Sulf2",3.60244250589598
"Pla2g4b",3.60067487459073
"Retn",3.59143371260586
"Kif22",3.58847962179222
"Nos3",3.58802434945317
"Asf1b",3.58492043156992
"Ctdsp2",3.58233462126934
"Cep55",3.57310373033193
"Mmrn2",3.56186320640658
"Slfn13",3.56038658088945
"Gypa",3.55855978302281
"Kank2",3.55832300525715
"Col8a2",3.55602372623796
"Aldh1l2",3.55546924683326
"Prkcg",3.55428146567436
"Ns5atp9",3.54477437417912
"Antxr1",3.54409926808669
"Ptgis",3.53773922396892
"Ckap2l",3.53744726179716
"Rasgrp2",3.53675131314903
"Gpr4",3.52890650062457
"Cdca4",3.52841646295154
"Rem1",3.52412064569199
"Igfbp6",3.52254125680946
"Srrm2",3.52025589251055
"Cxcl12",3.5177892302081
"Tle2",3.51443757000503
"Nfatc4",3.51114433347155
"Ezh2",3.4965519967755
"Bard1",3.49259901493813
"Pf4",3.48872575404134
"Prss23",3.48359023166294
"Dmpk",3.47685033422219
"Flna",3.47667856551706
"Tinagl1",3.46067645079296
"Wnt6",3.44857554499633
"Trim10",3.43650197802919
"LOC102552659",3.43644904859428
"Hbb",3.42933799959213
"Adamts2",3.41880742338015
"Rad9a",3.40347344009153
"E2f8",3.4014549293833
"Sfswap",3.39240218590958
"Mpp1",3.39109019853793
"Plk1",3.3910779164186
"Fbn1",3.38750510955273
"Cenpm",3.37945015031532
"Ltk",3.37913216061704
"Mepce",3.3760158579124
"Col18a1",3.37536550324064
"Col4a2",3.37394829089908
"Clspn",3.37284146979954
"Arhgap33",3.37277878042239
"Gtpbp6",3.36985485159001
"Mt2A",3.36496771340078
"Mxd3",3.35383701035729
"Hr",3.35327778937002
"LOC108348101",3.35277097424536
"Mettl7a",3.35133236674176
"Npy",3.34578977131721
"Slc27a3",3.34390741608816
"P2rx7",3.3349499142103
"Pkn3",3.33430505237248
"Tap1",3.32193638791159
"Cav1",3.32086896907339
"Iqgap1",3.31871346465068
"Ahsp",3.31682495349686
"Plcd3",3.31579530175062
"Cldn15",3.30912460491562
"Bbc3",3.3089039781029
"Nf1x",3.30290992650981
"Kmt2b",3.30238235250552
"Uri1",3.29898756163914
"Rfx1",3.29864996119205
"Ephb2",3.29688811020807
"Smurf1",3.29603004772568
"Khsrp",3.28710529168781
"Faxdc2",3.26784156535983
"RT1-CE13",3.26764319107717
"Rrp12",3.26695160360271
"Fcrl1",3.2656492996366
"Phyhd1",3.26309991420531
"Ttc7a",3.25920252575918
"RT1-T24-4",3.25700527182294
"Ppl",3.25677349787071
"P2ry4",3.2560856415743
"Lrat",3.25362977592749
"Lamb2",3.25225221919228
"Adig",3.24596309285213
"Pbk",3.24453821756394
"Nfx1",3.2419050895691
"Cad",3.23738150313941
"Zfp628",3.23703574971276
"Nfkbil1",3.23605233773695
"Vasn",3.23163981018988
"Bcor",3.22827413814808
"Slc2a4",3.22775801948613
"Xrcc3",3.22685914792156
"Cd14",3.22652049155999
"Col16a1",3.22441908135794
"LOC310926",3.22359753173837
"Rasal1",3.22350948950586
"Enpep",3.22288487219022
"Ect2",3.21848046579854
"Caly",3.21822470880926
"Ccnd3",3.21613788574844
"Il4r",3.21414736946547
"Cdh5",3.20569154021171
"Foxc2",3.20263606070594
"Tcf19",3.20057733866082
"Mta1",3.19924807631517
"Lmna",3.19849619575188
"Mrc2",3.19760188035365
"Ccdc88b",3.19144116528317
"Cenpa",3.19043803594752
"Epb41l4b",3.18945359538833
"Cyp21a1",3.18810507120797
"Man2b1",3.18261891714766
"Ackr3",3.18002754394064
"Marveld1",3.17903863847822
"Phf19",3.177355092114
"Palm3",3.17534743314894
"Sirpa",3.17502521391131
"Kif23",3.17477388160048
"Fnbp4",3.17222627257331
"Hbb-b1",3.17189351400399
"Cd68",3.17165685296893
"Rab3il1",3.16360278911659
"Prr14",3.16244571895863
"Acacb",3.15346627716924
"Lhx6",3.15220763257257
"Rerg",3.15069357565841
"Pttg1",3.14591466179549
"Fhl1",3.14119472648099
"Ephb4",3.13958420175774
"Zcchc7",3.13594615851198
"Mgmt",3.13034297841698
"Plod3",3.12880548877791
"Ahnak",3.12464255901804
"Phlda3",3.12213419949496
"Ehd2",3.12129824514542
"Aldh16a1",3.12125818969524
"Hlf",3.12047569816842
"Nup214",3.11792162115724
"Klf1",3.11747371237519
"Smad6",3.11354788341637
"Klf2",3.11031938624725
"Cygb",3.10899709651824
"Surf1",3.10843640472295
"Acy1",3.10046506915936
"Jak3",3.09990783254379
"Anxa3",3.09614382184048
"Myof",3.09433764000511
"Tnfrsf11b",3.09149779986797
"Man1a1",3.09106910085706
"Cd79a",3.0870551457408
"Sox13",3.08604129495432
"Espl1",3.08359231693519
"Fbxo10",3.08070198662814
"Leng8",3.07999302923276
"C1s",3.07973752012843
"Tmpo",3.07963119426277
"Esco2",3.07662855936955
"Zbtb42",3.0763646807244
"Tp53i13",3.07618215217859
"Rfx2",3.07338514132999
"Klhl14",3.07078052672005
"Tacc3",3.06849821638858
"Osgin1",3.06616883878673
"Epb42",3.06545878718453
"Tmem109",3.06497485870946
"Alg3",3.06435297662553
"Dpep2",3.06336095723017
"Lsp1",3.05578219369817
"Tgfbr2",3.05450527316131
"Stil",3.05243618933444
"RT1-S3",3.05213731671359
"Prr12",3.04961398851967
"Gigyf1",3.04945854388823
"Slc25a10",3.04881056858955
"Fosb",3.04764040589035
"Parp14",3.04731244909955
"Crocc",3.03911863388602
"St6galnac2",3.0354444198204
"Rrbp1",3.03367575898533
"Col24a1",3.03230235391633
"Cd180",3.02943481330864
"Rdh5",3.02724240666763
"Ddx39b",3.02382325524478
"Cdca2",3.02278705397787
"Spsb2",3.01949709673455
"Fcrla",3.0192342955174
"St3gal1",3.0180578551832
"Slc43a1",3.01679263433076
"Itgal",3.01413391719742
"Pdcd11",3.01275586367454
"Nfkb2",3.01147226881468
"Il17re",3.00980438982033
"Sapcd2",3.00897848638259
"LOC688613",3.00625589833985
"Olfml2a",3.00252036408519
"Cd79al",2.99956661657246
"Sh2b3",2.99782993660193
"Nupr1",2.99739741464341
"LOC691414",2.99711132999016
"Edc4",2.99503421766351
"Hps1",2.9901910737407
"Crtc3",2.98601162341075
"Atad2",2.98425730581676
"Casq2",2.98240358309451
"Emilin2",2.98209404588017
"Sp1",2.98063664676636
"Rexo1",2.97967320480116
"Dlgap5",2.97874065791785
"Trim47",2.97850188031882
"Adam33",2.97803953853769
"Dmbt1",2.97721878000104
"Clasrp",2.9770121904533
"Sart3",2.97276897701741
"Aldh1a2",2.97156140299096
"Stk10",2.97064931676642
"Cnn2",2.96994726517076
"Helz2",2.96872665444914
"Slc12a7",2.96831711038077
"Nfkbid",2.96686382825289
"Dclk3",2.96642634713949
"Zfp180",2.96410928985886
"LOC100366216",2.96385023110446
"Cd109",2.962963949364
"LOC690813",2.96070528198139
"RGD1560108",2.95777444542055
"Aoc3",2.9559900012437
"Ebf2",2.9559512963738
"Klf4",2.95470295855514
"Cox18",2.95382774268675
"Mt1",2.9502855919525
"Arhgef28",2.94556169632375
"Plk5",2.94536964773376
"Ildr2",2.94382957271942
"Cd79b",2.94367793557982
"Pole",2.94219390019899
"Ttk",2.9416353263687
"Mcm7",2.94105450110819
"Trim41",2.93997480183732
"Tead1",2.93946188395408
"Idua",2.93832545333473
"Cldn16",2.93491794408446
"Dock6",2.93421968818961
"Has1",2.92998106113209
"Adgra2",2.9267785277518
"RGD1309350",2.92674974580267
"Lims2",2.92375764038513
"Celf3",2.9236140702876
"Top1mt",2.92194001495134
"Ubald2",2.92160835206675
"Ddo",2.92150400056461
"Med23",2.91993965865332
"Eya2",2.91891444577115
"Orai2",2.91845856690107
"Scarf2",2.91779483374812
"Pgm5",2.91448280469201
"Wdr62",2.91319897770665
"Cep72",2.91067517935315
"Ipo9",2.9075894354343
"Npepo",2.90637860920177
"Ptpn13",2.9061517432309
"Mocs1",2.90529818046187
"Hbq1b",2.90512726598386
"Ptpn14",2.90492840001824
"Dnmt1",2.9007557708472
"Ntn1",2.90062016752484
"Prima1",2.89844197241301
"Ski",2.8957399874902
"Cfb",2.89555487940794
"Bmp3",2.89515963350618
"LOC100910270",2.89467583506712
"Nrbp2",2.89375658995516
"Sssca1",2.89180219024152
"Cdca7",2.89138304345279
"Lrrc27",2.88994607277367
"Myo1g",2.88900508673014
"Alpk2",2.88525964022551
"Gypc",2.88203393169649
"Zfp395",2.880645047273
"Melk",2.88029522335774
"Cubn",2.8758319293406
"Ganab",2.87450670053242
"LOC100911196",2.87322556781852
"LOC102552895",2.87050045242678
"Kri1",2.8636441061198
"Hspg2",2.86040433322917
"Lrp1",2.85988357591648
"Fam83f",2.85685872255843
"Lzts2",2.85386227854733
"Fanci",2.85378137860538
"Rfng",2.85259058763802
"Fam20c",2.85239178686785
"Gli2",2.85190599344816
"Hao1",2.85131229261693
"Sgf29",2.85105236125817
"Sun2",2.85020423009272
"Arvcf",2.84665707615747
"Serping1",2.84400752291238
"Als2cl",2.83657299389498
"Flt4",2.83636055080337
"LOC100911104",2.83448392693891
"Rag1",2.83448389750141
"Adgrf5",2.83158493753594
"Esam",2.83148657054374
"Vim",2.83071800597697
"Cercam",2.82819979069454
"Arhgap29",2.8273383605154
"Zfyve19",2.8263328147594
"Il2rb",2.82485770719625
"Nynrin",2.82436058425376
"Crlf1",2.82315558373889
"RGD1310587",2.8226382452184
"Cdca8",2.82118555902808
"Pold2",2.81956810328485
"Shroom1",2.81788740753831
"Creg1",2.81691537252984
"Kcnk5",2.80988072761182
"Foxd2",2.80898367742137
"Kmt2d",2.80807412320104
"Zwilch",2.80655520326245
"Pax5",2.80624267014406
"Phc1",2.80598999266251
"Rasip1",2.80441178862207
"Sra1",2.80158127776019
"Proser3",2.80063987652463
"Krt2",2.80018050634113
"Szt2",2.80000946752961
"Blk",2.79618749807068
"Lima1",2.79530204740547
"Foxj3",2.79240900169963
"Zfp692",2.78922359338277
"Spon2",2.78149776892484
"Myo5c",2.78135012080706
"Rad23a",2.78025625868972
"Ticrr",2.78012940598212
"Dclre1a",2.77962702331786
"Pou6f1",2.77872569885682
"Hs3st4",2.7727694603723
"Nfam1",2.77157164324245
"Ttll3",2.76955331203956
"Shroom2",2.76803240878505
"Dixdc1",2.76526948792328
"Phldb1",2.76329737992348
"Kdm2b",2.76152829848021
"Btg2",2.75979914196944
"Nktr",2.75852987164711
"Nek2",2.75639433476755
"Rnpepl1",2.75577017291456
"Abi3bp",2.75517447023704
"Scnn1a",2.75373857994961
"Ccdc9",2.7527894475805
"Plcd1",2.74964945038639
"Col3a1",2.74949191305451
"LOC100911699",2.74825274610256
"Abhd14a",2.74662499700889
"Wfdc1",2.74333498092848
"Lrp2bp",2.74266751524472
"LOC102556148",2.74095131801198
"Pidd1",2.73933942751458
"Rpap1",2.73888216879338
"Sf1",2.73606078918706
"Foxp1",2.73490305991952
"Nkd1",2.73453402927436
"C1r",2.73452095575104
"Spib",2.73439806797995
"Srrm1",2.73409671670791
"Nab2",2.73151002513201
"Cdca3",2.73077643455045
"Tcn2",2.72930009441223
"Kif15",2.72823508724301
"Plekhg4",2.72717244339987
"Brpf1",2.72659008393401
"Gli1",2.72552142660414
"Asxl1",2.72438589001757
"Gbp2",2.72215323966326
"Gimap4",2.72120476093693
"Ms4a1",2.71971333601599
"Slit3",2.71960159504445
"Ccdc3",2.71927154806847
"Klf3",2.71845698438301
"Tfeb",2.71777407029807
"Anxa9",2.717613190659
"LOC108348044",2.71742428288751
"Mcm2",2.71671253507483
"Gmip",2.71443694440327
"Plxnb1",2.71140864034754
"Zic1",2.71136652802705
"Plekhg2",2.71095110057042
"Tarbp1",2.7106162989921
"3-Sep",2.70223952100204
"Bank1",2.69850974491404
"Sh3gl1",2.69804055696443
"Adamts7",2.69754579212811
"Pak1ip1",2.6969031929547
"Mdm2",2.69440591153562
"Mov10",2.69399993516262
"Sit1",2.69159335066176
"Slc41a1",2.68989545140524
"Dpf2",2.68916148601195
"Plce1",2.6866965367869
"Lilrb4",2.68305761121014
"Pias3",2.6813215323179
"Git1",2.67967843387941
"Dalrd3",2.67233343048908
"Tsc2",2.67198099122832
"Ifi30",2.67066616544094
"LOC687679",2.67049574862442
"Cep250",2.67011689294688
"Ccnk",2.66841557207725
"Rapgef3",2.66516272707989
"Hm13",2.664728136744
"Snrnp70",2.66433178039832
"Kif14",2.65418562859078
"Srsf4",2.65098169105824
"Mmp19",2.65068449385265
"LOC100360522",2.64754006990335
"Dpf1",2.64716333071796
"Cherp",2.64406199489612
"Nhsl1",2.64122401577909
"Fam193b",2.64007842890524
"Cspg4",2.63579151727053
"Rps6ka4",2.63513919257887
"Cd19",2.63355545612711
"Egln3",2.63328535075842
"Phf12",2.63285156893464
"Nfe2",2.63055939918471
"Ccdc62",2.62988438796989
"Cabin1",2.62864738096115
"Tnrc18",2.62725422031699
"Hjurp",2.62685874450597
"Aldh2",2.62531163540076
"Ctrl",2.62461770147966
"Nlrc3",2.62415789303958
"Fam53b",2.62413522146897
"Col17a1",2.61874570257447
"Pde7b",2.61865579122156
"Fbxo5",2.61601116408193
"Plxnb3",2.61120955232291
"Map3k14",2.61116407465365
"Tek",2.60750904032686
"Anpep",2.6073231402183
"Ccdc97",2.60686472264095
"Ccdc134",2.60602065695847
"Brpf3",2.60452397544459
"Il4i1",2.60411897260087
"Mrgprf",2.60218981575406
"Cactin",2.60195613007637
"Baz1a",2.59884424960339
"Sgo1",2.59850010817305
"Parpbp",2.59848664681768
"Mmp17",2.59808089920222
"Fat1",2.59518926957064
"Ier5",2.59356405303752
"Scara5",2.59192671546009
"Tap2",2.58862108620485
"Gch1",2.5883063838121
"Rps19",2.58706734748037
"Myzap",2.58596378198948
"Tnfaip8",2.58310336200906
"Ccdc130",2.5804020745785
"Emp1",2.57695275520115
"Cdh23",2.5761496320717
"Aff3",2.57412035275954
"Atp13a1",2.57386407485031
"Cpt1b",2.57279315296395
"Hdgfrp2",2.57210369222569
"Tfdp2",2.56855589145408
"LOC100909441",2.56600380788275
"Arhgef19",2.56562547714488
"Mbd6",2.56478910290679
"Calml3",2.56391719648124
"Xdh",2.56354629663931
"Tgfbr3l",2.56182346731815
"LOC103691988",2.56156904641138
"Fzd4",2.5585646604455
"LOC303566",2.55728316136491
"Midn",2.55713007005585
"LOC100911865",2.55631385083669
"Tp53inp1",2.55540744651527
"LOC688452",2.55534741539713
"Carns1",2.55534198241642
"Irf5",2.55225148654936
"Col12a1",2.55088897870066
"Ubtf",2.55051004514712
"Slc6a9",2.54891851266365
"Thbd",2.54778490779403
"Tmem86b",2.54708519445292
"Tesk1",2.54654677769336
"Ext2",2.54606309055629
"Heg1",2.54509753253864
"Sart1",2.54378695388618
"Dennd1a",2.54272251075478
"Zfp61",2.5410642564564
"Slfn5",2.54039087058408
"LOC100912282",2.53940025058601
"Rasl10a",2.53903610529435
"Pdlim1",2.53741704670906
"Anks1a",2.53679914215338
"Nfatc1",2.53471017362033
"Pck1",2.53334711203128
"Fcrl2",2.53311436905898
"Inip",2.53302795756283
"Map3k6",2.53031175194419
"Gpr81",2.52944227066707
"Cdk2",2.52942424522816
"Epha2",2.52532074626333
"Sesn2",2.52508601623727
"Rrp1b",2.52506068519373
"Boc",2.52346185741855
"Pik3c2b",2.52338566496928
"Igf2r",2.5216066381098
"Axl",2.52027445803042
"Tet3",2.51901156311028
"Prdm6",2.51901151070774
"Hdac10",2.51607997107292
"Ppm1d",2.51580069013507
"Ankrd61",2.51489432471734
"Fxyd5",2.51431224600978
"Hck",2.51373359039342
"Man2b2",2.51292633276875
"Lgals9",2.51206718439675
"Nfatc2",2.51171372771676
"Rev3l",2.50974673598284
"Tnfrsf22",2.50949312901069
"Ska1",2.50758570058974
"LOC100910121",2.50648079875662
"Kcnj9",2.50640330199056
"Rasgef1c",2.4998272787788
"Foxr1",2.49969097926101
"Cntrl",2.49853719234134
"Clec2dl1",2.49674324525173
"Lrrc2",2.4962734025296
"Rxra",2.49613611278043
"Zfp358",2.49538158101632
"Smarcal1",2.49437402452906
"Irgm",2.49382630264218
"Nsl1",2.49325277903438
"Kif20b",2.49293710536583
"Ccnd2",2.49292662539275
"Cdt1",2.49175856908749
"Lmnb2",2.49069225067175
"Pcbp2",2.49033334875981
"Rhbdf1",2.49012444658292
"Ncf2",2.48836321304925
"Six5",2.48777519603591
"Acvrl1",2.48689606194049
"Col5a2",2.48458653416358
"Nhsl2",2.4841016130514
"Cnppd1",2.48378119420605
"Kdm4b",2.48353831503909
"Cdc45",2.48324448012839
"Rbpms2",2.48237294978563
"Postn",2.48124260656991
"Tnk2",2.4801802595174
"Gal3st1",2.47952775685892
"Znf408",2.47572932702299
"LOC100910912",2.47496365393343
"Crtc2",2.4748905421323
"Fcmr",2.47333723890777
"Osr1",2.47331786506627
"LOC100911440",2.4728443304854
"Ackr2",2.47198442999201
"Bmp4",2.47124594494212
"Ccdc102a",2.46972005108315
"Ankzf1",2.46928435177975
"Mdm1",2.4667858574848
"Hspa2",2.4656117825409
"Zfand3",2.46546592932468
"Ddx46",2.46446107991131
"Xab2",2.46191823903231
"Mxd1",2.46090952913299
"Tspan11",2.4601233223936
"Dchs1",2.45985539674662
"Zfpm1",2.45749733431145
"Itga9",2.45739125246415
"Coro1a",2.45526795430432
"Rbm42",2.45252470880523
"LOC689064",2.4508192930604
"Xylb",2.45026664047176
"Wfikkn2",2.44849444320223
"Cfap100",2.44836284944074
"Hoxa2",2.44531512866403
"Tagln",2.44481019009743
"Tp53i11",2.44413650238833
"Rasgrf2",2.44250962204972
"Izumo4",2.4419860673927
"Ptprb",2.44192801114272
"Gsta1",2.44158267757071
"Ptpru",2.4402735217283
"RGD1311084",2.43948395891892
"Gse1",2.43936138918068
"Cd80",2.43846307421853
"Capg",2.43771641231602
"Arhgef3",2.43759505013507
"Mllt6",2.43605074119416
"Ikzf3",2.43560155963281
"Emp2",2.43435626767383
"Palm",2.43426482069179
"Plekhg3",2.43340032701359
"Il3ra",2.43307440015403
"Nadsyn1",2.4328388476596
"Pcsk6",2.43256212595062
"Polr2m",2.43198257646986
"Tpm2",2.43150497657797
"Utp4",2.42930608239773
"Dkk3",2.42927510688036
"Prr22",2.42880164608252
"LOC103692002",2.42724095085037
"Kcnj13",2.42626644395752
"Csf2ra",2.42391222572963
"Stk32b",2.42027369073719
"Eva1a",2.41908223175477
"Slc25a39",2.4167950857094
"Cdc42bpb",2.41603434325763
"Mier2",2.41599821426679
"Col1a1",2.41404097231715
"Polrmt",2.41048551969791
"Cdkn1c",2.40860621582405
"Sdpr",2.40778863696292
"Zfp598",2.40759018200934
"Cks2",2.40750411439037
"Smarcc2",2.40728326690673
"Acap3",2.40544588066159
"Mllt10",2.40376353102393
"Aebp1",2.40183138457674
"Kmt2e",2.40147251841412
"Hnrnpul1",2.40131279534956
"Cxcl1",2.40014310999256
"Mlxipl",2.40010365790323
"Clk2",2.3996119904562
"Efnb3",2.39759608395808
"Proser1",2.39708539081293
"Slc25a48",2.39692409209888
"Smarcd2",2.39646322112883
"Plcg2",2.39579740554018
"Rspo3",2.39527564735054
"Flnb",2.39479688597746
"Nod1",2.39412827131776
"Fancc",2.39266641874279
"Slc4a3",2.39229896512964
"Uap1l2",2.39031040227283
"LOC679149",2.38961213598895
"Unc119b",2.38873297433146
"Itga10",2.38637683052584
"Prkd2",2.38625836556913
"Arhgef40",2.38617920656223
"Pcdhga9",2.38551434433647
"Cmya5",2.3853903467221
"Pdlim4",2.38531099506763
"Zmynd10",2.3840680983175
"Treml2",2.38283272208083
"Ptch1",2.38093108842267
"Fa2h",2.37959429496892
"Cpsf1",2.37938039898752
"Furin",2.3786223502407
"Cpe",2.3782389001129
"Foxd1",2.37718804216308
"Lmtk3",2.37666030896315
"Rftn1",2.37468631255327
"Rps27l",2.37370829075037
"Cdca5",2.37352326904685
"Hic1",2.3728699412923
"Nfya",2.37268772397906
"Kif19",2.37241458160834
"Cped1",2.37208162678821
"Cdc6",2.37207753337508
"Arhgef39",2.37175442513971
"Kcnj8",2.36708451219145
"Il20rb",2.36705210200467
"Sap25",2.3669239804866
"Nup85",2.36583379158713
"Mta3",2.36560193903678
"Agpat2",2.36411377300763
"Slc25a37",2.36215785795857
"Cbarp",2.35964105995403
"Podxl",2.35853910937066
"Tnfaip2",2.35840058019151
"Adcy4",2.35450949844214
"Itgb2",2.3543025510659
"Ltbp3",2.35403346782597
"Ldha",2.35382620905381
"Appl2",2.35344539605766
"Acbd4",2.35268228182104
"Kifc3",2.35105612709949
"Zmiz2",2.34972179319521
"Flvcr2",2.34814602451694
"Pknox1",2.34737996206451
"Lyve1",2.34500108535909
"Elf2",2.34253823515551
"Ddr2",2.34223733005247
"Mst1r",2.34128696711137
"Mpzl2",2.34126019478333
"Ints1",2.34119724883634
"Gsdmd",2.34005892493206
"Tmem249",2.3387746281238
"Dnmbp",2.33676493721154
"Polr2a",2.33605493194061
"Ell",2.33399936618786
"LOC102549747",2.33397986704947
"Sf3a2",2.33324970513778
"Hdac5",2.33214583706251
"Zfp526",2.33158585306547
"Cxxc5",2.33037607267492
"Tnni1",2.33028584696989
"Dync1h1",2.3301523879649
"Map4k1",2.32976394241396
"Krt79",2.32947603208348
"LOC691113",2.3293836697797
"Rbm33",2.32729726980773
"Ufd1l",2.32713358050891
"Loxl1",2.32352339200895
"Shb",2.32343494818336
"Cytl1",2.32215868856196
"Cenpb",2.32120580993802
"Chtf18",2.3201355231021
"Col6a6",2.31952114601181
"Engase",2.31760399170199
"Kremen1",2.31720102599506
"Clec3b",2.31713871439682
"Plin4",2.31694231676373
"Vangl1",2.31688610518398
"Ybx2",2.31653192843721
"Mad2l2",2.31496161340681
"Tnfrsf26",2.314148303562
"LOC691485",2.314145981915
"LOC100302372",2.31313238082491
"Tcea2",2.31305213429476
"Noc4l",2.31273405758491
"Cbx2",2.3111731761284
"Med12",2.30928240992925
"Gsg1l",2.30884438413643
"Dennd4b",2.30798359948852
"Procr",2.30599469906986
"Med25",2.3057975109043
"Acp5",2.30523637339494
"Sgo2",2.30441463089027
"Uap1",2.30430760393092
"Khnyn",2.30419745189169
"Nmnat3",2.30364737793108
"Zbtb7c",2.30328261164353
"Sema6d",2.30156432153461
"Kifc2",2.30081008952988
"Zmat5",2.29989433195376
"Bora",2.29984695292429
"Gatsl3",2.29813308951541
"Scube1",2.29768534470522
"LOC303140",2.29695446710618
"Zc3h12a",2.29651709582587
"Hsh2d",2.29479539734202
"Pak4",2.29450728753885
"Ddx54",2.293752907436
"Lgals3bp",2.29347572981318
"Sars2",2.29341988523392
"Arhgef1",2.29256129335357
"C4b",2.29242736309206
"E2f4",2.28971733279571
"Srpk3",2.28953335348321
"Plxnd1",2.28893202450168
"LOC680329",2.2888633382093
"Mastl",2.2885883583508
"LOC100910978",2.28850754895315
"Tubgcp6",2.28770218941656
"Kcng1",2.28691953974137
"Vcan",2.28634125806973
"Xrcc1",2.28621502635826
"Slc38a5",2.28587864296868
"Des",2.2844031506978
"RGD1308134",2.28382750566222
"Ehmt2",2.28380533150833
"F11r",2.28376759667758
"Baz1b",2.28354396477648
"Kif26a",2.28328395089405
"Man2c1",2.2824486027856
"Col5a3",2.28182199914681
"Pycr2",2.28045953587392
"Ccnb1",2.27995199473396
"Evc",2.27926639338499
"RGD1561736",2.2789952345641
"F8",2.27856424161939
"Krba1",2.2784274003549
"Tpm3",2.278180425078
"Nr2f2",2.27724223866601
"Ssbp4",2.27703988581368
"Rasa4",2.2768309726205
"Slc12a4",2.27648098518423
"Coch",2.27467446144131
"Kcnn4",2.27298841246012
"LOC103689954",2.27291676702023
"Stag1",2.27275350845108
"Slfn2",2.27224188728276
"Ppara",2.27211586258954
"Ets2",2.27143110601163
"Rnf10",2.27018867179144
"LOC689268",2.26957415531473
"Slc26a10",2.2684812839857
"Gfer",2.26830296244892
"LOC100910885",2.26799635638764
"Tnfrsf13b",2.26700940132253
"Btbd6",2.2663729965802
"Maz",2.26595896279262
"RGD1565355",2.26548025185141
"Nup210l",2.26339740064615
"Col6a5",2.26337299137803
"Tmem43",2.26307700233706
"Odf2",2.26276280285308
"Aatk",2.26259420408748
"Pif1",2.26251446757231
"Tjp1",2.26098424423905
"Dot1l",2.2599090459921
"Ermap",2.25969135773428
"Pou3f2",2.25871594857039
"Erbb3",2.25798256077487
"Cd40",2.25787829541063
"Hps4",2.25771429254849
"Zer1",2.25768378414757
"Zfp703",2.25421579987604
"Cpxm2",2.25297258924243
"Rps6kb2",2.2494452020332
"Cd22",2.24307549583147
"Mr1",2.24206863342844
"Deaf1",2.24101908857902
"Slc26a6",2.24045032261534
"Racgap1",2.2398995605426
"Ankef1",2.23897643182048
"Pecam1",2.23866237613126
"Eif6",2.23722468776812
"Pou2af1",2.23247356333353
"Map3k4",2.23131984072938
"Gins2",2.2304886449809
"Ephb3",2.23018104608896
"Il17rc",2.22594728205614
"Ctsk",2.22442186252851
"Slc6a8",2.22053681297649
"Gpx1",2.22029883205362
"Chrd",2.21934845662444
"Spen",2.21919750968589
"Ecm1",2.21901696149198
"Nrm",2.21895422960152
"Arl10",2.21750996847939
"Eno1",2.21615568864586
"Hmcn2",2.21584548597891
"LOC100911068",2.21436148931643
"Arap1",2.21379845050469
"Lrrc39",2.21361043543173
"LOC102547212",2.21324431956472
"Spc24",2.21249077824334
"LOC690035",2.21235126612745
"Plvap",2.21233342707742
"Nufip1",2.2120441259439
"LOC103693553",2.20967729879115
"LOC108352751",2.20810399271874
"Sema4g",2.20606003112279
"Efhd1",2.20549865644247
"Fgf21",2.2052621796527
"Atp1a2",2.20524335794167
"Arhgef10",2.20452634946995
"Smarcd3",2.20397426984517
"Rgs12",2.20315752990058
"MGC108823",2.20279782681607
"Psmb9",2.20270118252688
"Drp2",2.20172386233947
"Pcolce",2.2011994330599
"Rtbdn",2.20012126311681
"Fam65c",2.19988000629479
"Map2k3",2.19964651121128
"LOC100911519",2.19922950325931
"Cdan1",2.19684329704289
"Col1a2",2.19559171583178
"Ugdh",2.19549764574431
"Rnf213",2.19477053004813
"Tbx10",2.19373499376776
"Cacna1d",2.19348888968564
"Ptbp1",2.19199862707577
"Tspo",2.19059760654326
"Lama2",2.19025314223831
"Slc2a9",2.18945743133888
"Tmem120a",2.18704686706804
"Myh14",2.18424892635308
"Strn4",2.18345718986474
"Tfpt",2.18140825372347
"Tead4",2.1811657561533
"LOC102549404",2.1803568627042
"Adamtsl5",2.18018319207361
"Aunip",2.18009222583861
"Slc12a1",2.1799955946873
"Ldb1",2.17935215599919
"Pkdcc",2.17894518942822
"Mms22l",2.17882983437532
"Serpina3n",2.1774253675566
"Dap",2.17733957885929
"LOC499770",2.17630409351435
"Tbc1d10c",2.17560875371353
"Nptx2",2.17556726830619
"Slc25a23",2.17552277009762
"Timeless",2.17275808478512
"LOC100912218",2.1722885960448
"Aplp1",2.17210034298857
"Prrg3",2.17174120368623
"Mtcp1",2.17128590939807
"Sympk",2.16904046212027
"Ccdc6",2.16628472977456
"Plec",2.16566751148108
"Fam160a1",2.1653440325953
"Adam15",2.16490653782688
"LOC685668",2.16353477632177
"Cep164",2.16240279010626
"Kdr",2.16171184281456
"Thoc5",2.16076584074944
"Cecr2",2.1583229428668
"Tnf",2.15627047006001
"Slc12a3",2.15592660750829
"Mxra8",2.15571191408667
"Trpc4",2.15567067660846
"Lmbr1l",2.15547883644498
"Ctu2",2.15515220916991
"Ltbr",2.15486302043795
"Glb1l",2.15459482251176
"Zic4",2.15198519917811
"Efs",2.15125738413965
"Wnt4",2.15041273959678
"Prdm11",2.14900128115472
"Ikbkb",2.14883492634829
"Rad51",2.14869012981535
"Rnf123",2.14829651728165
"Pml",2.14808855621757
"Sp2",2.14790513187737
"Sipa1",2.14655278431133
"Ssrp1",2.1462435936827
"Gps2",2.14300111499923
"Dntt",2.14297586918474
"Drosha",2.14294720939323
"Pde5a",2.14212190055532
"Pbxip1",2.1416772173549
"LOC108348140",2.14024979761857
"Nxf1",2.13987466264604
"Rgs19",2.13978412511714
"Sp110",2.13955138536511
"Ccdc57",2.13845089902469
"Tmem104",2.13799764515533
"Tsr3",2.13701713689252
"Notch2",2.13641813533068
"Lama4",2.13630905748579
"Fryl",2.13588733302392
"Ino80b",2.13559663952451
"Acss1",2.13500334933714
"Ddx58",2.13233709165366
"Omd",2.13028494501241
"Safb",2.12981193567647
"Fgf4",2.12937857115982
"Prr11",2.12912953374339
"Sox10",2.12903924068054
"Csk",2.12895063629779
"Ndc80",2.12862757622963
"Abcb4",2.12857924329291
"Dnase2",2.12822006124326
"Tpbg",2.12795876445363
"Phka2",2.12663834709206
"Rbms2",2.12658502933392
"Fpgs",2.12636377594418
"Tchp",2.12624775235269
"Col4a1",2.12577251559229
"Mtmr11",2.12415226066387
"Ccdc17",2.12389734486088
"Spon1",2.12335448789482
"Borcs5",2.12259780666848
"Tbc1d17",2.12181807654289
"Numa1",2.12138178390685
"Ppp2r5a",2.12091904939771
"Mak16",2.1203232014795
"Enc1",2.11960235159367
"Mro",2.11848164292123
"Kdm6b",2.11814879396085
"Gdf15",2.11764133771999
"Pcgf2",2.1176028408492
"Mmp15",2.11686324731303
"Srgap2",2.11561357580384
"Arhgap24",2.11508692194502
"Slc29a4",2.11404777440696
"RGD1306556",2.11338593049394
"Lrch1",2.11324989445349
"Trim58",2.11225441732215
"Rasa3",2.11080481632492
"Vwf",2.11003041392817
"Abcc8",2.10995561789556
"Wdr74",2.10919852952099
"Bmp1",2.10891402944474
"Akap13",2.10806444927332
"Dact1",2.10758404528594
"Thbs3",2.10749259916678
"LOC100911610",2.10704629755477
"Trerf1",2.10697024680525
"Csrnp1",2.10628452772319
"LOC102549694",2.10561192081321
"Ttyh2",2.10521001491337
"S1pr5",2.10406707610904
"Catsperg1",2.10271072467184
"Dram1",2.1020732358299
"Cd27",2.10109020053983
"Cd34",2.10036616437369
"LOC103690156",2.09995443263062
"Nucb1",2.09935386210285
"Selplg",2.09914002327338
"Dek",2.09846704999986
"LOC100911260",2.09743134361006
"LOC102553405",2.09715633093246
"Slc38a6",2.09541159282308
"Ap5z1",2.09473831650548
"Zbtb46",2.09221394888122
"U2af1",2.09170133397115
"Fam117a",2.09163233286365
"Bcl3",2.09157995707512
"Tnn",2.09149579055002
"Fbrs",2.0908749024607
"Pask",2.08843068189011
"Wwc3",2.088381852084
"Cdc42ep1",2.08561608650849
"Herpud1",2.08385980811454
"Phactr4",2.08376646450698
"Sfmbt2",2.0836127294567
"Mast3",2.0832700282937
"Blnk",2.08314127422638
"Steap1",2.08288706464712
"Itpr2",2.08102127512576
"Abcb1a",2.08048053697796
"Zbtb40",2.08015186478063
"Nop14",2.0799719387995
"Miip",2.07962771730585
"LOC103692170",2.07890493683021
"Ccdc142",2.07890493683021
"Pax9",2.07781693256032
"Fchsd1",2.07765304061457
"Tcf3",2.07630460171972
"Btla",2.0760960146084
"Rab36",2.07463860975161
"Meis1",2.07368491191745
"Pnp",2.07326629985636
"Chdh",2.07323108393203
"LOC100911295",2.07278687969846
"Cxcr3",2.07198799576243
"Atp8b1",2.07170220142607
"Cep89",2.06918847169764
"Cep295",2.0688071294331
"Zc3h12d",2.06812100052569
"LOC108348145",2.06746060170962
"Gsn",2.06351757791606
"Sdk2",2.0625776194761
"Adh1",2.06238105060257
"Hmmr",2.05918403366767
"Sp100",2.05905645152722
"Tyw1",2.05903012681809
"Pan2",2.05833045816343
"Car11",2.05719396919267
"Bcl9",2.05660077123238
"Tbx2",2.05461145485701
"Wdr3",2.05440593374218
"RGD1304728",2.05388001682737
"Mmp23",2.05198298039288
"Arfrp1",2.05051696660733
"Dtx1",2.05014245899092
"Col11a2",2.0492838751905
"Abl1",2.04928027390814
"Hmg20b",2.04875380409126
"Slc22a4",2.04872426542581
"Nol9",2.04823673125445
"Kif1c",2.04748197903358
"Fermt3",2.04741889871133
"LOC100911422",2.04529857561008
"Cenpq",2.04519281335773
"Arid1a",2.0446238651044
"Gng8",2.04401571781905
"Rspo4",2.04393943586129
"Kat2a",2.04385210951373
"P3h1",2.04272511925435
"Myct1",2.04144810370343
"Orc1",2.04141476988375
"Actn3",2.04105434687287
"Pc",2.04094885605249
"Kcnh4",2.04051597527266
"Rab11fip1",2.04028587250064
"Hmgb2",2.03916324167606
"Agap1",2.03895126524321
"RGD1305464",2.03873421103002
"Nutm1",2.03814089866197
"LOC102546990",2.03779422227804
"Ttc28",2.03756385600121
"Phf2",2.03615426388676
"Gcn1l1",2.03584792749733
"Ppp2r1b",2.03550684140575
"Exosc10",2.03448290891881
"Ptprc",2.03427605781065
"Smad7",2.0340028635886
"LOC689479",2.03394588279415
"Dnmt3b",2.03387316752464
"Syt5",2.03333121938008
"Rreb1",2.0329713995759
"Pogz",2.03274903144451
"Zfp467",2.03227088715291
"Tcf15",2.02946552876487
"Adamtsl2",2.02941768100955
"Cdc23",2.02869188986512
"Pim1",2.02775340343202
"Ydjc",2.02685243838582
"Sbno2",2.02680616263314
"Oprd1",2.0260347057767
"Arl4d",2.02602133646703
"Entpd2",2.02496040085434
"LOC100911413",2.02432817899015
"Crlf2",2.02383730566386
"Tcirg1",2.0228280837316
"Scrn2",2.0222587436457
"Ankrd11",2.01807421497585
"Cep131",2.01788627410309
"Sparcl1",2.01740148354629
"Mras",2.01716193027045
"Adsl",2.01687102289483
"Calhm2",2.01664680678828
"Sh2b1",2.01607688358349
"Vit",2.01575694695504
"Mettl17",2.01215166371905
"Foxc1",2.01187235835892
"Amotl2",2.0113542712862
"Psap",2.01095389758416
"Dlgap3",2.01089364403139
"Flt3lg",2.00991636633696
"Slamf6",2.00877613004364
"LOC108348052",2.00770685012904
"LOC102555457",2.0074892881451
"Scaf8",2.00525130012162
"Myh9l1",2.0051578414826
"Hk3",2.00365850711303
"Tssk3",2.00265366789714
"Prim1",2.00209456701355
"Map3k1",1.99961830029814
"Sharpin",1.99955599359563
"RGD1563091",1.99865113346953
"Crocc2",1.99774414993758
"Rnf43",1.99771380952077
"Zcchc14",1.99721446700132
"Zfp958",1.99704079200466
"Shroom4",1.9956134738465
"LOC100911545",1.99456581139115
"Eno3",1.99403427080384
"Pomt1",1.99364024145076
"Foxj2",1.99246374113114
"Nrsn2",1.9921176169988
"Ep300",1.99060086216787
"Zfp646",1.98971058231682
"Stk35",1.98908481905291
"Abcc6",1.98869102204584
"LOC102554746",1.9878895752314
"Safb2",1.98704692729172
"LOC102556082",1.98697450596365
"Nup210",1.98653150394472
"Git2",1.98618761783061
"Vps9d1",1.98572132830312
"Gimap1",1.98519043264891
"Unc93b1",1.98478135509908
"Itgax",1.98453187984745
"Cmah",1.98406909474454
"Aup1",1.98400323353374
"Cbx7",1.98235397796869
"Atxn2l",1.98198968148875
"Sp140",1.98124876172354
"Limk2",1.98029081605492
"Qtrt1",1.97975601130234
"Ogn",1.97954663811854
"Gabre",1.97921708989727
"Nlrc5",1.97848135811921
"Adcyap1",1.97827393390595
"Gins1",1.97825878506256
"Sh3tc2",1.97798254353206
"Samd11",1.9779258374555
"Tmprss2",1.97648050752046
"Adamts1",1.97638312414638
"LOC501934",1.97580912586195
"Nosip",1.97557489035402
"Cdkn3",1.9753070410245
"E2f2",1.97480518331668
"LOC103693254",1.97465085065493
"Pbx4",1.97395794350754
"Tmem235",1.9736761878377
"Cyb561a3",1.97318092970772
"Hus1",1.97272565903201
"Dact2",1.97219992924492
"Man2a1",1.9700580964996
"LOC100360552",1.96975389045851
"Ranbp10",1.96972657109278
"Abca2",1.96861128935137
"Casp8",1.96700860331688
"Smg9",1.96683103857173
"T2",1.96665918376379
"Dhx16",1.96650534730626
"Ushbp1",1.96650393139126
"Col4a5",1.96554183348956
"Bcorl1",1.9653634548197
"Kif17",1.96470040192708
"Pnpla7",1.96417012569246
"Faap100",1.96276917633911
"Actn1",1.96265278908655
"Rxrb",1.96180003212196
"Mmrn1",1.96162723113791
"Apba3",1.96160135596155
"Neil3",1.96128492708364
"Pde8b",1.96077569981004
"Tacr1",1.9604519536104
"Msh5",1.95950025162522
"Prrt1",1.95912272456857
"Smarcd1",1.95895563647175
"Ier5l",1.95831235275892
"Birc5",1.95781740056995
"Kansl1l",1.95673181976704
"Wnt10b",1.95651303750985
"Ccm2l",1.95624796815608
"Ptprcap",1.95576831572235
"Tjap1",1.95516569092765
"Gnb3",1.95502741043862
"Smox",1.95495259603178
"Ager",1.95410845636043
"Grn",1.95355181808294
"Nr4a2",1.95307218101799
"Itpka",1.95207279189679
"Edn1",1.95180390896212
"Mamstr",1.94964721630864
"Slc35c1",1.94956853056459
"Phf21a",1.94920164991146
"Rpn2",1.94899282106844
"Fam3a",1.94888832718999
"Rela",1.94818944996724
"Csrp1",1.94726331425748
"Slc9a5",1.94709977632527
"Ogdhl",1.94628944968297
"Ahdc1",1.9450781611205
"Itfg2",1.94493664278197
"Kat6b",1.94244769366853
"RGD1309808",1.94241073604345
"Ghdc",1.94183969328753
"Tmem173",1.94178016783857
"Nt5c1a",1.94142678773695
"Raver1",1.94119168678653
"Lhb",1.94084967020851
"Wdr34",1.93976471529734
"Gpd1",1.93919120086053
"Pwwp2a",1.93802180943051
"Reep4",1.93750098663753
"Btbd11",1.93743751332193
"N4bp1",1.93697023699223
"Arhgef37",1.93680355832227
"Bgn",1.93624532663791
"Baiap3",1.93585358030997
"E2f7",1.93543692525773
"Cd300e",1.93417625224121
"Ccdc88c",1.93334736944479
"RT1-T24-1",1.93265177568915
"Acr",1.93264587541457
"Dstnl1",1.93196021317169
"Obsl1",1.9317804548173
"Elk4",1.93107339484217
"Pragmin",1.92942841631918
"Dnah2",1.9289596297413
"P2ry2",1.92655617961388
"Abcc9",1.92536092067769
"Fam189a2",1.92510100591645
"Dok3",1.92498528238032
"Fgd5",1.92449535721308
"Atoh8",1.92441011870968
"Axin2",1.92316441456573
"Slc36a2",1.92271513947499
"Shmt1",1.92220127366319
"Fgr",1.92140290890136
"Tead3",1.92126134747963
"Fam46c",1.92110892142771
"C1rl",1.92041406421677
"Sema4c",1.9203889249002
"Dcaf11",1.92003243236891
"Gkn2",1.91975591237171
"Tyms",1.91927161592964
"Traf3ip3",1.91900300433046
"E4f1",1.91835728793845
"Micall2",1.91702613829803
"Tshz1",1.91670316235971
"Tgfb1i1",1.91651384164664
"Duxbl1",1.91603210156595
"Cpne7",1.91593140302157
"Mib2",1.91526585294355
"Spta1",1.91432630925133
"Smc4",1.91358378185401
"Wdhd1",1.91346099930372
"Akap8",1.9130652614018
"Fam20a",1.91212951554883
"Otop1",1.91209578256851
"Btbd19",1.91175915230757
"Pola1",1.91107764126602
"Zcchc24",1.90969761739948
"RGD1311756",1.90951866670888
"Slx4",1.90775719266005
"Tmc8",1.90767850428008
"Ergic1",1.90766430921907
"Nid2",1.90704746650389
"Scarf1",1.90676185936082
"Plb1",1.90566004336427
"Dctpp1",1.90551851057686
"Itga5",1.90338752883266
"Nvl",1.90238007402363
"Ier2",1.90107363866446
"Mfsd10",1.90097571466025
"LOC361646",1.90084001092554
"Ap1g2",1.90037015917659
"Zfp276",1.89997646319995
"Wdr60",1.89896008211508
"Plcb4",1.89828349474491
"Zfp335",1.89764048481177
"Dazap1",1.89752601102134
"Plekhm1",1.89699695821921
"Frrs1",1.89625066099554
"Rai14",1.89614243348109
"Tmem63a",1.89566109488197
"Fbxw8",1.89371023425415
"Slc9a2",1.89367275714184
"Pes1",1.89339463057246
"Inpp5k",1.89209568599707
"Ddx39a",1.89157433269992
"Zfp346",1.89146349829677
"Sirt6",1.89087470380239
"Fzd6",1.88968795870323
"Chaf1b",1.88960938515956
"Zc3h3",1.88863003518194
"Cwc22",1.88819996328373
"Akr1b8",1.88805171798303
"Uxt",1.8873157576533
"Pdgfrb",1.88659295835369
"Ints5",1.88593483364568
"H2afy",1.88550105567085
"Sptan1",1.8843461743898
"Poc1a",1.88430890547045
"Npy1r",1.88419456746976
"LOC103689922",1.88352457778844
"LOC103692127",1.88352457778844
"Hoxa5",1.88352457778844
"Copa",1.88311421991113
"Nrros",1.88306727789496
"Lrrc36",1.88256426309455
"Trpm6",1.88090728135594
"Bpgm",1.88063948089251
"Enpp3",1.87994175261962
"Secisbp2",1.87897742925705
"Zfp574",1.87830940507109
"Svep1",1.87827173056478
"Scand1",1.878249845512
"Tmem39b",1.87745316976506
"C1qtnf7",1.8769464817041
"Amotl1",1.8768446329668
"Dcun1d2",1.87578928954925
"Pagr1",1.8746618735297
"Zfr2",1.87441862064239
"Prpf40b",1.87392702840681
"Rabggta",1.87380877437936
"Agrn",1.87370935555844
"Sirt5",1.87340551195402
"Antxr2",1.87317418010979
"Slc8b1",1.87275968764037
"Traip",1.87222671411763
"RGD1563888",1.87154357293041
"Diaph1",1.87102577986066
"Pa2g4",1.87088864929292
"Slc25a34",1.87064624018331
"Rad54l",1.86989567879407
"Hirip3",1.868950614051
"Fam92b",1.86869536574203
"Gsg2",1.86566709334657
"Prkcsh",1.8651474435754
"Zfp580",1.8649635721306
"Vpreb3",1.86470846535129
"Klhl6",1.86421411305914
"Tp53",1.86221930451809
"Dqx1",1.86144325365795
"Ino80",1.86077898001054
"Chd2",1.86057805314444
"Dus3l",1.85971010741328
"RGD1306215",1.85940200612087
"Cc2d1a",1.85938421827419
"Igsf9",1.85910395296012
"Slc25a22",1.85872711614699
"LOC103690020",1.85782809308142
"Grpel1",1.8574660133622
"Ttc22",1.85603165321745
"Depdc1",1.85509999650937
"Rtfdc1",1.85448615388147
"LOC100911320",1.85382689727162
"Med13l",1.85371968247803
"Igll1",1.85364533593196
"Homer3",1.85308514434382
"Mrpl38",1.85291744965994
"Spn",1.85267749388661
"Trafd1",1.85039407215334
"Kif9",1.84993857506713
"Myg1",1.84846550522473
"LOC500956",1.84739990846686
"Psd4",1.84735000702148
"Chd4",1.84696748718637
"Upk1b",1.84685941132826
"Zfp362",1.84675492260817
"Lbr",1.84662589977209
"LOC691418",1.84654344577374
"Sipa1l3",1.84647290701282
"Fam53a",1.84630166600987
"Gltscr1l",1.8458048790733
"Gxylt2",1.84552871901713
"Dock9",1.84482386794135
"Eif4ebp1",1.84431626015835
"Atxn2",1.84418979583328
"Bmp6",1.84402027862238
"Prpf18",1.84342916733608
"Ctdspl",1.8427770601919
"Rps4y2",1.84216336435399
"Ly6g6c",1.84168268198172
"Prmt8",1.8410920127851
"Cep95",1.840333595508
"Stard9",1.8402839290643
"Abi3",1.84000264270474
"Exo1",1.83933414041975
"Pfn1",1.83835487698838
"Emcn",1.83795580773314
"Dkc1",1.83757045736521
"Ccdc22",1.83740946347193
"Kansl3",1.83715419914881
"Stard8",1.83704648589236
"Spag8",1.83698409056801
"Shisa7",1.83685093968606
"LOC501396",1.83684650451384
"Crim1",1.83633939320191
"Adck5",1.8358482408702
"Baz2a",1.83562235094418
"Ptpn21",1.83501147133499
"Dnajc1",1.83488978922221
"Casp7",1.83463852676987
"Zcchc5",1.83313258995436
"Tmem95",1.83261269363787
"Plcl2",1.83249275738764
"Aldh1a3",1.83146509059747
"Pinlyp",1.83133981694287
"Lox",1.82968500524288
"Sult1a1",1.82931530070019
"Nt5c",1.82883567019258
"Mapk1ip1",1.8284334020735
"Cmtm5",1.82751915730013
"Ndor1",1.82743477572454
"Afap1l1",1.82589790939155
"Stx2",1.82567865442738
"Slc2a8",1.82555851561873
"Cenpi",1.82545041288716
"Hrh3",1.8252794258214
"Mthfsd",1.82434485506148
"Apcdd1",1.82409716767495
"Cp",1.82389182219285
"Dlgap4",1.82264814317308
"Syde1",1.82246823073511
"Msantd1",1.82128917223373
"Syne3",1.82063608314225
"Nnt",1.82048409877247
"Agtr2",1.81902074934341
"Fbxl7",1.81843178271512
"Apoa1",1.81743736443506
"Shkbp1",1.81634256492521
"Mta2",1.81609521255744
"Tnrc6c",1.81596027795433
"Tbrg1",1.81551582153333
"Pipox",1.81478908911494
"Spata2L",1.81384086003414
"Asb15",1.81361003803112
"Arhgap10",1.81339099959944
"NEWGENE_621351",1.81338341519665
"Rcc1",1.81295728706067
"Plppr3",1.81290748610873
"Tjp3",1.81265875136922
"Pmf1",1.81228283529448
"Pcdhga10",1.81222480937605
"Zfp777",1.81207934086642
"Rsph3",1.81005915923384
"Rassf7",1.81003038616494
"Stat5a",1.80998803294905
"Stk38",1.80937038038341
"Tpcn1",1.80856527853941
"Stk19",1.80813424953502
"Lpin3",1.80785018312601
"Tgfb1",1.80757846136198
"Zfp93",1.80719585919829
"Topbp1",1.80662102064565
"Rrp9",1.80637993769167
"RGD1560020_predicted",1.80458193043319
"Mnda",1.80435066670249
"Vgf",1.80289395398281
"Anp32b",1.80215638507138
"Mocs3",1.80058745481622
"Srrt",1.80030275083148
"Ercc2",1.80017133808487
"LOC100362819",1.79908571144298
"Bves",1.79885404601872
"LOC102550664",1.79765769531725
"Enkd1",1.79734123149833
"Cldn11",1.79728672363679
"Myh7b",1.79677550551235
"Zic2",1.79642647356705
"Cbfa2t2",1.79592037298455
"Fam129b",1.79462903851006
"Slc22a18",1.79349622672808
"Mrps18b",1.79344564474682
"Ctsa",1.7925127278505
"Ncor2",1.79197456781397
"Pon3",1.79109359373588
"Aff1",1.79005318728991
"Hsd17b14",1.79001805511178
"LOC108348169",1.7888983687115
"Rufy1",1.78881063800421
"Card11",1.78855263762958
"Eps8l1",1.78841259929031
"Alg12",1.78816874306592
"Ifitm2",1.78802633931207
"Rhpn1",1.78770246730002
"Slx1b",1.78750128317073
"Man1c1",1.78572306209919
"Klf6",1.7856314602287
"Cep85",1.78533141369987
"Prodh1",1.783659369711
"Sardh",1.78317144196007
"Mfap5",1.78310568124175
"RGD1560455",1.78295328188857
"Rad51ap1",1.78252839668527
"Noc2l",1.78185238840461
"Ccdc137",1.78153876861961
"Ankrd34a",1.78110348854367
"Slc38a3",1.77922570770154
"Dhrs1",1.77911811609944
"A2ml1",1.77821132008306
"Kmt2a",1.77794102089957
"Gpc3",1.77792026789492
"Prx",1.77761108720002
"Rara",1.77758565665221
"Adh7",1.77740245122027
"Elk3",1.77636872031415
"Sec14l5",1.77619776909181
"Kcnj11",1.7756435287641
"Naa40",1.77499032899647
"Fmo5",1.77492143139662
"Dgka",1.77457105968967
"Ly6e",1.77395478537942
"Gpr18",1.77333285692669
"Zfp496",1.77230974157518
"Sspn",1.77188262392473
"Ankrd10",1.77114698724226
"App",1.77019044683933
"Ssh3",1.77016539063266
"Rpl13",1.76871510772064
"Slc29a3",1.76826684773657
"Rdh16",1.76775084917457
"Lig4",1.76674207531913
"Ptpn23",1.76330578987089
"Tnfrsf1a",1.76310492857145
"Tor1b",1.76260795700791
"Scamp4",1.76199212622676
"LOC691143",1.7608645083346
"Slc9a3",1.76046218407608
"RGD1563496",1.76006160673517
"Tbc1d25",1.75997202424018
"Adgrd1",1.75979322189662
"Naga",1.75950759186466
"Arpc1b",1.75917845541848
"Pcnt",1.75899437788942
"Cyp2d4",1.75786713503149
"Usp2",1.75769438946837
"Cep295nl",1.75768206181078
"Spag5",1.75740466755423
"Plod1",1.75730016663747
"Psmb8",1.75706434533086
"Hectd3",1.75530233460124
"Fam98c",1.75497790146744
"Trip10",1.75478842830946
"Lypla2",1.75464602976921
"Tie1",1.75311242854629
"Smc6",1.75217920110614
"Susd2",1.75190095175857
"Lig1",1.7506093006567
"Tmem265",1.74987005505678
"Eppk1",1.74942739591222
"Ptgs2",1.7492658034105
"Fance",1.74885424705014
"Litaf",1.74874416915486
"Wnt10a",1.74806065979305
"RGD1563231",1.74703326808809
"Zfp524",1.74688936971379
"Zfp536",1.74568492146708
"Eif3d",1.74471326574174
"Abcc4",1.7440457449107
"Dmwd",1.74336685374283
"Ctdsp1",1.74306856054716
"Ift172",1.74202796188836
"Arhgap4",1.74116952148381
"Cldn19",1.73992899335211
"Dus1l",1.73985781700968
"Mtf1",1.7396644477748
"Ankrd13b",1.73919600869151
"LOC500077",1.73850190117564
"Plcz1",1.73834668309647
"Sfmbt1",1.7380761302269
"Rhod",1.73763744622582
"Bak1",1.73746009941481
"Enpp1",1.73712240146975
"Syvn1",1.7368480733575
"Atf7",1.73677613449674
"Smad3",1.73647824470177
"Lef1",1.73609267427259
"Ralbp1",1.73539845575953
"Naxe",1.73525543901324
"Ksr1",1.73513323086953
"Mknk2",1.73462561242271
"Pacs2",1.73459094385751
"Mcrip2",1.73414192728468
"Kat7",1.73407562160995
"Thap3",1.73406665679289
"Fzd1",1.73314618147364
"LOC100910069",1.73297486259268
"Fblim1",1.73282053535703
"Ptgr1",1.73280155599732
"Als2cr12",1.73272642659836
"Kcnj14",1.73230092995198
"Bud13",1.73208102338997
"Muc1",1.73186642566401
"Hira",1.73163792588323
"Psmb10",1.73105404596487
"Znf354b",1.7297994243471
"Nr2f1",1.72885853779748
"Actb",1.72865000427332
"Ei24",1.72816867256907
"Usp40",1.72787007295437
"Zap70",1.72697355815567
"LOC102553138",1.72683057137812
"Arhgdib",1.72656445286972
"Slc52a3",1.72572540899616
"Prr3",1.72366501699025
"Arhgef5",1.72354106275063
"Tgfbr3",1.72354051206283
"Snrpb",1.72338365401952
"Mb21d1",1.72267563069344
"Natd1",1.72251279076806
"Arhgef2",1.7222723913545
"Isoc2b",1.72179559057666
"RGD1561282",1.72164383205506
"Aplp2",1.72125855519882
"Adra1b",1.72095282664278
"Erf",1.72092554858402
"Nox4",1.72019682180685
"Mvb12b",1.72001999133924
"Isg15",1.72001316370187
"Sash3",1.71932426849555
"Aldh4a1",1.7191277215965
"Ddb1",1.71873601754578
"RGD1306227",1.71817800225893
"Akr7a3",1.7180763878855
"Ndst2",1.71626279628572
"Pkhd1l1",1.71575562772954
"Cys1",1.71559322065561
"Fkbp10",1.71543686688886
"Vars",1.71532322018937
"Gas7",1.7149009785241
"Sytl4",1.71477349275591
"Wiz",1.71305267861554
"Ifnlr1",1.71301015706586
"Tecta",1.71243534865321
"Setdb2",1.71213302071961
"Thada",1.7118207645154
"Olr63",1.71033044926556
"Myh6",1.71023498408977
"Clcn7",1.70990467754402
"Cnp",1.70823903865922
"Inafm1",1.70777053244292
"Camk1g",1.70759069912099
"Cbfa2t3",1.70747494117743
"Csnk2b",1.70641873229362
"Olfm4",1.70590143647676
"Tspan33",1.70530523231063
"Thsd1",1.70517735914525
"C1ql2",1.70326667216392
"LOC102555503",1.7027135553836
"Ncam1",1.70259585313228
"Chd1l",1.70237907767154
"Misp",1.70223001053887
"Btbd16",1.70177786872637
"Zfp386",1.70095410519936
"Egf",1.70051338166425
"Pla2g2d",1.69912699275668
"Atp10a",1.6987706139289
"Xylt1",1.69827534457158
"Zmiz1",1.69827024023569
"Myh7",1.69741921590051
"Myo1d",1.69703233722643
"Cpsf4",1.69624761169061
"Ankmy2",1.69542376589889
"Ahctf1",1.69507463476057
"Dok5",1.69502835134599
"Jmjd7",1.69500138393549
"Pik3ap1",1.69498056626233
"Tor2a",1.69497501719847
"XAF1",1.69419423870666
"Brd1",1.69326053955298
"Nkd2",1.69298662238408
"Pnmal1",1.69251276940648
"P3h3",1.69204789313557
"Ankrd13a",1.69191879729332
"Kif13b",1.69189968347095
"Chrna4",1.69166916469303
"Zfp13",1.69019477875978
"Iqck",1.68991945854117
"Ddb2",1.68916900834897
"Hoxc5",1.68848082329636
"Acin1",1.68802996482998
"Gabrq",1.6875094652039
"Brf1",1.68734973819234
"Wdr97",1.68619836807864
"Zfp511",1.68545680864938
"Ankrd27",1.68500171285123
"Gfpt2",1.68486120911165
"Sik1",1.68481597546059
"Nfkbie",1.68465816676224
"Slco2a1",1.68462822150353
"Mbd3",1.68452926278453
"Edrf1",1.68398246601338
"Ep400",1.68340625336941
"Sh3d21",1.68287842034197
"Ctc1",1.68236363556655
"Trim28",1.68172016322092
"C2",1.68171754496611
"Stard13",1.68133783309011
"Ptrh1",1.68080207974419
"Echs1",1.68078628182365
"Lck",1.67952442600769
"Irs3",1.6790384213136
"St3gal2",1.67759645718814
"Zhx2",1.67730007170999
"LOC102550127",1.67698355277279
"Galt",1.6765736577476
"Polr1a",1.67650215883823
"Lilrb3l",1.67513576941758
"Clcn6",1.67496480319109
"Parp8",1.6740534945594
"Abcg3l4",1.67395735349981
"Spi1",1.67336842217329
"Traf4",1.67299708892782
"Atg7",1.67211378751404
"Fam105a",1.67116197671588
"Usp1",1.67087575089955
"Islr",1.67053295495738
"Flot1",1.67051207817003
"Ncln",1.669214902367
"Chchd10",1.66915626998069
"Lamc1",1.66746043999474
"Ppm1m",1.6673179315472
"Arsa",1.66661699900372
"Ddx41",1.66651046145372
"LOC102557590",1.66617049200543
"Ovol1",1.66345768693602
"Sec16a",1.66345419568401
"Loxl3",1.66320952815281
"Armc7",1.66317167567796
"Mllt1",1.66311797324669
"Arhgap1",1.66281863044467
"Tube1",1.66147908173469
"Bop1",1.66043175560089
"Tmem123",1.66028716066479
"Gpr150",1.65944176371062
"Spef1",1.65840711908437
"Ccrl2",1.65839059025564
"Nags",1.6566649609791
"Rpl3l",1.65533785066187
"Ldlrad1",1.65498288099244
"Fam163b",1.65490065894363
"Zfp579",1.65446931809267
"Abcd1",1.65369788502543
"Bre",1.6529418417704
"Ppil2",1.65288883267828
"LOC100360205",1.65281768069141
"Zfp592",1.65196799400272
"Cchcr1",1.65142693309104
"Pomt2",1.65004542628503
"Hsd3b7",1.64949951559107
"LOC100909750",1.64940320463475
"Prr18",1.64849968410442
"Dffb",1.64765411716126
"Cox6b2",1.64542843412941
"Smg6",1.64531378037906
"Usp21",1.64520732975298
"Mvp",1.64443654325649
"Plscr4",1.64429973618446
"Smtnl2",1.64403498637572
"Setd2",1.64317604987454
"Isyna1",1.64251738410086
"Mss51",1.64190358659254
"Tinf2",1.6418059859322
"Rnf167",1.64144175336786
"Ppp1r14a",1.64136639946682
"Tmem198b",1.64024297646742
"Dhtkd1",1.6402084187652
"Zbtb5",1.63907562829548
"Foxk1",1.63857071948961
"Src",1.63853899402545
"Vars2",1.63840141012036
"Zmynd11",1.63786822457423
"Pros1",1.63750901794029
"Klf11",1.63720601082606
"Rgs16",1.63715446080168
"Slc22a20",1.63711088013261
"Tnfrsf11a",1.63663312748871
"Tmem200b",1.63644437294922
"Pex6",1.63488472357744
"Pou2f2",1.63426926646017
"Nphp4",1.63407024081283
"Gpr182",1.63394307500933
"Ormdl1",1.63354350201625
"Ddx49",1.6320789763072
"Syk",1.63194783480608
"Ikzf1",1.63165199523377
"Inppl1",1.6312522892923
"Lst1",1.62963851038559
"Specc1",1.62806154706932
"Wbscr27",1.62799664632002
"Fosl2",1.62775709477925
"Slc20a2",1.6277362957399
"Nfrkb",1.62761270451397
"Naxd",1.62730269654583
"Cog1",1.62708690405701
"Cd37",1.62585368163313
"Rassf9",1.62526127863445
"Srbd1",1.624724571507
"LOC100911956",1.62416767259286
"Anks6",1.62363942844124
"Carmil3",1.62286549544967
"Ifih1",1.62268030087487
"Gfi1b",1.62246641281339
"Snrpa",1.62120006357451
"LOC497940",1.620872195247
"Dnah17",1.62043801070868
"Pde6h",1.62019988902123
"Tnks1bp1",1.61981282245366
"LOC103693780",1.61936953242769
"Nin",1.61893534369911
"Gbp5",1.61809579498734
"Pisd",1.61787158949722
"Foxf1",1.61777680136566
"Pigv",1.6173000341751
"Itpr1",1.61720282877158
"Irf7",1.61695667125745
"Stra6",1.61673921110578
"Gas2l1",1.61657835199769
"Mycn",1.61567202090545
"Thbs1",1.61553749284262
"Usp6nl",1.61545183882526
"Trmt1",1.61516035061826
"Mical1",1.61515056278287
"Lamb1",1.61514558206361
"Prox1",1.61503641944028
"Arhgap45",1.61500904372076
"Prkcq",1.614792386543
"Fyn",1.61433438084042
"Efemp2",1.61376050121584
"Sema6a",1.61358402045283
"Hsd17b13",1.6131789919959
"Tnnt2",1.61304199166827
"Krt1",1.61281211515125
"Zpbp2",1.61255306437287
"Lhx3",1.61174393102088
"Piwil4",1.61120122478126
"LOC100363361",1.61111512103171
"Pawr",1.60952834885672
"Slit1",1.60895171321345
"Trim30",1.60873346974431
"Itgb1bp2",1.60851568135512
"Nuak2",1.60846788501703
"Smn1",1.60843190853829
"Hoxb9",1.60800032333803
"Ada",1.60787450406205
"Dnhd1",1.60767039759241
"Tepp",1.60752443419519
"Kdelr1",1.60676617729097
"RT1-CE4",1.60667725015503
"Rhot2",1.60622671341266
"Acap1",1.605917073316
"Zranb3",1.60516663967408
"Dusp7",1.60380150316113
"RGD1565693",1.60368464285184
"Ctxn1",1.60313955661737
"Tsku",1.60281790756431
"Myl12a",1.60210467290131
"NEWGENE_1304700",1.60207028747695
"Shisa8",1.60037813267903
"Tspan5",1.59943528540015
"Grb10",1.599078187956
"Slc29a2",1.59894289765842
"Cspp1",1.59851200785061
"Fam3b",1.59838077944426
"Dnah1",1.59765874701277
"G6b",1.59549489668175
"Zfp318",1.59529074939773
"LOC103694635",1.59522288094624
"Mgp",1.59391856749542
"LOC102547294",1.59315957457555
"Adamts14",1.59268110337583
"Samd4b",1.59234533047087
"Galnt16",1.59209300125589
"Ak3",1.59089045680953
"Gpr146",1.5906140422129
"Slfn1",1.59027445008832
"Dock8",1.59005394295626
"Plekha5",1.58997665452307
"Ahr",1.58832616742028
"Naprt",1.58819075373798
"Surf6",1.58791835397397
"LOC103693776",1.58773450575688
"Junb",1.58743648032026
"Atxn7l2",1.5873428958309
"Otud5",1.58730044679163
"Cdon",1.58673930758147
"Asb14",1.58656081669513
"LOC100158225",1.58610567046205
"Cfp",1.5860793906758
"Zfp641",1.58592936645762
"Oas1b",1.58550738225051
"Supt5h",1.58444994657177
"LOC103689977",1.58403326458124
"Avpr1a",1.58371433731279
"Tmbim1",1.58369562209747
"Triobp",1.58283957165706
"Cdh13",1.58275288978688
"Selo",1.58198494043275
"Numbl",1.5818823590126
"Tspan32",1.58156331846615
"Spag17",1.58143726925291
"Asl",1.58141564230888
"Polh",1.58129504117049
"Fbxw17",1.58045123453511
"Dsn1",1.58004478217282
"Glb1",1.5795884024033
"Morc2",1.57927396167966
"Rab8a",1.5791421182979
"Dusp16",1.57850964040093
"Eya1",1.57769865224638
"Plxdc1",1.57762038984191
"Ankrd63",1.57722797292703
"LOC498750",1.57691729655933
"Hcrtr1",1.57658862638838
"Nthl1",1.57547932071209
"Nup188",1.57540188254648
"Ccbe1",1.5751614813472
"RGD1561648",1.57510627568099
"Prr7",1.57465623524117
"Ift43",1.57410853112524
"Drc1",1.57364132388986
"Zfp414",1.57305908444134
"Uba52",1.57248902046303
"Cpt1c",1.57215130216964
"Lsm2",1.57198548730223
"Grap2",1.57140810312057
"Ralb",1.57116036209882
"Mus81",1.57038721327477
"Syngap1",1.56923248426977
"RGD1563222",1.56894956808284
"Poldip3",1.56842369790679
"Afap1l2",1.56757645848179
"Rbl1",1.5664605033611
"Dus2",1.56620961276921
"Lpl",1.56561603171665
"Slc16a11",1.56450782993905
"Slfn4",1.56434470941841
"Mpst",1.56384188620781
"Tgfbrap1",1.56237495099729
"Dhx38",1.56226248599045
"Sorbs3",1.56222935771126
"Nubp2",1.56131736450275
"Arse",1.56081290497349
"Nfs1",1.56079914518976
"Sec31b",1.5596156345839
"Kctd2",1.55934670829572
"Pla2g4a",1.55891933382563
"Tpra1",1.55786454635813
"Ramp2",1.55710379353264
"N4bp2",1.55690060947998
"Eif3b",1.55578481306611
"Cck",1.55494055831721
"Pola2",1.55486333503603
"Ampd2",1.55433758182012
"Zfp319",1.55197019606262
"Ovca2",1.55193267872894
"RGD1560775",1.55167786991083
"Gapdh",1.55139650373539
"Bmp2k",1.55121382813117
"Pygo2",1.55078761672164
"H2afx",1.55074822475287
"Lcat",1.55049009201008
"Ubr4",1.54999971063522
"Mcfd2",1.54997713392179
"Zc3hc1",1.54994979600021
"Exph5",1.54931262260656
"Gen1",1.54912960397899
"Runx2",1.54850146680886
"LOC100911932",1.54842294099506
"LOC108348067",1.54842294099506
"Fbrsl1",1.54686588775328
"Smim1",1.54628567004388
"Wnt2",1.54612402569398
"Pamr1",1.54597155306029
"Neurl1b",1.54516255095975
"Lgi4",1.5449163249734
"Cenpj",1.5441336746686
"Dcp1a",1.54410681561785
"Fcgr3a",1.54390476647491
"Ptges",1.54366159348475
"Epyc",1.54302585793693
"Dgcr14",1.54239241292484
"Foxd3",1.54191429493269
"Mns1",1.54161495623374
"Zcchc8",1.54157879494318
"Pkd2",1.54155585100968
"Plekha7",1.54133022982664
"Ism1",1.5412388183464
"Lrrc41",1.54019089567713
"Daglb",1.54004262195196
"Uap1l1",1.53896842905633
"B3gat1",1.53873845055172
"Car1",1.538627441646
"Cfap157",1.53695709521979
"Qpctl",1.53643379093764
"Arhgap20",1.53608380474514
"Gpr17",1.53596923607842
"Socs3",1.53542171422363
"Ube2t",1.53399243955695
"Fam171a2",1.53369340992893
"Dlk1",1.53312272360368
"Hhex",1.53284840578639
"RGD1562037",1.53248517830821
"Abcc3",1.53212016200061
"Gimap6",1.532041234424
"LOC100361706",1.5317089954663
"LOC102556485",1.53135588765714
"Utp20",1.53129043897976
"Necab2",1.53077145831536
"Cpsf7",1.52947117944455
"Zfp275",1.52908929327735
"Bdkrb2",1.52907407445823
"Sppl2b",1.52893030627136
"Nde1",1.52805175538913
"Mtx1",1.52705368480795
"Ptk7",1.52646844090139
"Mark2",1.52639588978167
"Aspdh",1.52606704666088
"Ypel2",1.52602808112245
"Riok1",1.52560888920097
"Wdfy4",1.52450638695993
"Irf3",1.52441909288572
"Rere",1.52411706984594
"Fbxw4",1.52410888098844
"LOC103690002",1.52391586787003
"Plekhh3",1.52341079459391
"Snx20",1.52321300357111
"Aanat",1.52256319955109
"Cbx4",1.52189249656477
"Padi2",1.51989367594747
"Rab13",1.51973696909879
"Rtdr1",1.51969426353139
"Zc3h7a",1.5187048351647
"Grin2d",1.51833407333802
"Zfp202",1.51800657876141
"LOC100361913",1.51798099703191
"LOC103690068",1.51798099703191
"Las1l",1.5176494555876
"Brat1",1.51757046655559
"Npepl1",1.51736904786341
"Mtfr2",1.51678978831898
"Steap2",1.51668693217346
"Zfp575",1.51635051161731
"Lbp",1.51497512544686
"LOC100359816",1.51464676882903
"Btg1",1.51462584023258
"Zbtb48",1.51409985996379
"LOC102552055",1.51408672130499
"Fmo3",1.51389764657478
"Tmigd3",1.51331641767209
"LOC102556290",1.51319619711031
"Myo19",1.51234126666106
"RT1-CE3",1.51201206081808
"Ccdc69",1.51157383178752
"Tspan9",1.511172007642
"Maml1",1.51019197174384
"Mlh1",1.51015305296597
"Cux1",1.51012523803638
"Sidt1",1.50893063641823
"RT1-N3",1.50890416348717
"Prickle3",1.50885598392857
"Eef2kmt",1.50851203532582
"Chd8",1.50811312295335
"Nol12",1.50779039655376
"Kif18a",1.50657417144128
"Cnot1",1.50652715106251
"Fam115c",1.50638590810423
"Necap2",1.5062884691924
"Fam110c",1.50623868147633
"Lepr",1.50596051549426
"Pigt",1.50564243644016
"LOC102552497",1.50544449222797
"Crebbp",1.50533582067251
"Kdm4a",1.50511986041432
"Pip4k2a",1.50480595005193
"Net1",1.50480041259293
"LOC691995",1.50448161441614
"Cntfr",1.5041936118361
"LOC103692716",1.50315144078271
"Sft2d2",1.50300790565113
"Cr2",1.50271195762962
"Pde8a",1.50271081513065
"S100a11",1.50193714687622
"Scnm1",1.50147105518591
"Stk11",1.50087752037589
"Cilp",1.50015831415037
"Hspa12b",1.50012771057185
"Ddx27",1.49983849996129
"LOC100912042",1.49954587916467
"Stap1",1.49934932051195
"Myh8",1.49919441064576
"Mag",1.49782459056331
"Ehbp1l1",1.49756515273277
"Ccl7",1.49741175872881
"Abcb6",1.49644659438386
"P4ha2",1.49627860630294
"Kcnh6",1.49536299742745
"Batf",1.49494630843524
"Ifit3",1.49481891752148
"Ctnnbl1",1.4946754623105
"Neurog2",1.49457088153191
"Gstm2",1.4940167302103
"Rhbg",1.49396940528934
"Rgma",1.49368982610339
"Hdac1",1.4936660740133
"Smarcb1",1.4936161001969
"Ftsj1",1.49267799393784
"Cluap1",1.49205629329831
"Ap3b1",1.49176740634364
"Mzf1",1.4914837917745
"Tbata",1.49086319337355
"Begain",1.4907259725288
"Srek1ip1",1.49055837309463
"Nop9",1.49052621307356
"Ankub1",1.49006355457569
"Zfp523",1.48973395968121
"Anapc7",1.48944125389148
"LOC102550455",1.48932615321178
"Ppfibp1",1.48855351574944
"RGD1308117",1.48828225856887
"Usp19",1.48812033541224
"Cdc42ep3",1.48782083052537
"Ppp1r13b",1.48747946381577
"Ptpn7",1.48694459628275
"Casp1",1.48671875315285
"Tnfsf9",1.48644583719007
"Casc1",1.48621502949413
"Zfp74",1.48546755083749
"Ece1",1.48506976215695
"Chrm5",1.48498572949178
"Map3k3",1.48456170571616
"Tcf7",1.48421643849208
"Pgk1",1.48409890976699
"Pitx3",1.4837151004504
"LOC100912342",1.4830477186178
"Flad1",1.48223686907635
"Nagpa",1.48120803133405
"Lrp4",1.48116982832596
"Dedd",1.47988974079926
"Id1",1.47975552522687
"Dvl1",1.47920855244939
"Pabpn1",1.4791449469283
"Tepsin",1.47907698063399
"Mettl22",1.47844631999894
"Tmem129",1.47814705171557
"Terf2",1.47811560076354
"Mbtps1",1.47778434428333
"Mk1",1.47731333273907
"Siah2",1.47722019177309
"Phf3",1.47622190230839
"Birc3",1.47612338558939
"Gbx1",1.47599405143422
"Igtp",1.47570012152945
"RGD1311447",1.47546878850677
"LOC103691253",1.47500148193545
"Cnksr3",1.47433863277661
"Ccdc180",1.47409288479667
"Emp3",1.47317458603433
"Nrtn",1.47297543527897
"Rsad1",1.47295465683154
"LOC102556346",1.4726318565445
"Gdf10",1.47244721553722
"Sstr1",1.47181573762872
"Nos1",1.47088713903313
"Plekhh2",1.4708788309186
"Sf3b3",1.47049512932532
"Rev1",1.47047470523792
"Zfp438",1.46966396062588
"Traf2",1.46879377896211
"Ak2",1.46836187426775
"Sin3a",1.46790627930149
"Fkbp15",1.46787486688865
"Bckdk",1.46722257244981
"Inha",1.46566196940468
"Nomo1",1.46551991936101
"Celsr2",1.46535167750739
"Zyg11a",1.4648516091948
"Comtd1",1.46470639733929
"Naaladl1",1.46443707443679
"Polr1e",1.46377669626548
"Zmat3",1.46349816784342
"Zfp354a",1.4623908378378
"RGD1304622",1.46168761633035
"Nudt16l1",1.46161466174225
"U2af2",1.46124992269185
"Bcl7b",1.46106247988151
"2-Mar",1.46047623442396
"Zswim8",1.46018898240227
"Tctn2",1.46001313691729
"Zbtb47",1.45990756973159
"Ppil4",1.45962717205951
"Slc27a4",1.45900122025601
"Lmf2",1.45897531794533
"Csnk2a2",1.45858559438192
"Ncapg2",1.45839037115899
"Fancg",1.45808619101256
"Fras1",1.45801480891548
"Slc7a3",1.45671471705316
"RGD1561916",1.45665588948993
"Tmem202",1.45618158665623
"Ncapd3",1.45535334936797
"Lrwd1",1.45492662332735
"Tbc1d31",1.45384370275946
"Gabpb1",1.45252525748508
"Dyrk3",1.45239836654023
"Gpt",1.451864987486
"Il15",1.4516175517223
"Kpna2",1.45093801864797
"Cav2",1.45081982645539
"Mogat2",1.45039513882273
"Gabrp",1.44956081703182
"Loxl2",1.44902749347378
"Uba7",1.44889107232393
"Prpf39",1.44832507726879
"Lrp5",1.44731726137743
"Ptges2",1.44677503865991
"Elp3",1.44634270625066
"Pbld2",1.44567036133748
"Egfl7",1.44534081663488
"Tonsl",1.4453403395538
"Shank3",1.44503821357586
"Fbxl21",1.44492125370039
"Neil1",1.44436593989951
"Atad3a",1.44326633513163
"RGD1565472",1.44299044793045
"B4galt3",1.44230339495586
"Bcl2l12",1.44207196611934
"Ascl3",1.44155900583366
"Creb3l2",1.44101439167415
"Serpinb8",1.44098474394925
"Lat2",1.44051457194686
"Wdtc1",1.44041372702654
"Pygm",1.43970247410217
"Hvcn1",1.43961450969967
"Slc1a7",1.43951313999802
"Parp12",1.43937538298474
"Arsi",1.43856795620074
"LOC100364500",1.43815371824302
"Arih2",1.43809505974588
"Eme1",1.4377381626444
"Rbm3",1.43769593660751
"Tma16",1.43721441163459
"Wasf2",1.43664135158619
"LOC100911109",1.43590999676029
"Amdhd2",1.4357710264484
"Htra3",1.43415447864176
"Extl1",1.43402171815893
"LOC102554302",1.4335877374633
"Tmprss11a",1.43349231997902
"LOC108353166",1.43340440635949
"Dclk2",1.43335469650187
"Nt5e",1.43293854111999
"Hmga1",1.43226699243553
"Foxo4",1.43165555759435
"Dnm2",1.43150501145307
"Scmh1",1.43122708852569
"Erlin1",1.4308282018755
"Brca1",1.42997277594718
"Sema3d",1.42984745174161
"Stxbp2",1.42923879660972
"Trim34",1.42909107258339
"RGD1311164",1.42704345151888
"Slc35f6",1.42555132292984
"Zc3hav1",1.42495593200069
"Sgk3",1.42475885844962
"Fbxw5",1.42422965054476
"Slc22a2",1.42374012883329
"Rgs22",1.423550339653
"Klhl3",1.42347973402089
"Nxn",1.42336426975906
"Camkk1",1.42303935638289
"LOC108348074",1.42295059750832
"Atn1",1.42187762960249
"Gab1",1.42170676812485
"Brca2",1.42145110118995
"LOC103691564",1.41883263740255
"Cacna1g",1.41872072622212
"Pnn",1.41801087069545
"RGD1309870",1.41744113715253
"Fiz1",1.41713626923591
"Prr29",1.41642192256596
"Pla1a",1.41634896152116
"Clec11a",1.4159494546212
"Tcf12",1.41495734421084
"Gpr179",1.41443453695306
"Shisa5",1.41364516539267
"Cpne5",1.41322315511722
"Rrp7a",1.41276376937577
"Stambp",1.4117011283024
"Repin1",1.41166273217524
"Mst1",1.41079169505774
"Pdk2",1.40954222446997
"Myom2",1.40812248035605
"Dapk2",1.40798516978704
"Igsf6",1.40790881046614
"LOC103694867",1.4073955685812
"Cttn",1.40726476935529
"Braf",1.406678459244
"Col4a3",1.40643955858901
"Pwp2",1.40617849897571
"Rab22a",1.40601246929469
"Eftud2",1.40588768443795
"Sde2",1.40582566645309
"Wdr5",1.40572039416064
"Lyn",1.40570207292382
"Lime1",1.40490145341047
"Mrm1",1.40454851157876
"Upf1",1.40451288029534
"Smc2",1.40425642778709
"Tmem98",1.40409992660832
"Msh2",1.40330027758343
"Tgfbi",1.403218244146
"Plxna1",1.4025760789601
"Hsd17b1",1.40239881040254
"LOC103693257",1.40213870039524
"Arhgap6",1.40198372685294
"Ptpn1",1.40196644335079
"Vipr1",1.40195542932239
"Qsox2",1.40171931801953
"LOC683674",1.40158724491453
"Tlr9",1.40156411879699
"Wdr43",1.3999634656263
"Sytl3",1.39932964505385
"Med18",1.39897059252397
"Prelid3a",1.39885241654136
"Nat1",1.39751561558765
"Nipal1",1.39670547096811
"Cd276",1.39667650261679
"Duox1",1.39645680106078
"Atp6v0a1",1.39598794356012
"Cenpn",1.39596264533742
"Tnfaip8l1",1.39595019190595
"Ruvbl2",1.39587714315024
"LOC102551433",1.39550225320717
"Mboat7",1.39541235211743
"Tlr3",1.39534575279585
"Csrp2",1.39458519019725
"LOC108351105",1.3944713820182
"Wnt9b",1.39443247402681
"LOC102551518",1.39439948211045
"Rpsa",1.39240430758644
"Tbx21",1.39192541248564
"Acvr1",1.39180329738434
"Dusp1",1.39139701565102
"Slc12a9",1.39089742264127
"Srebf1",1.39086188850848
"Srsf2",1.39002078165405
"Tpcn2",1.38965325009296
"Dxo",1.38963845324649
"Cdhr4",1.38962255399932
"Slc16a10",1.38959568066422
"Irgc",1.38959426970378
"P4hb",1.38910970660614
"Tnni3",1.38811027140223
"Figf",1.38788662700162
"Tep1",1.38734818165616
"Egr4",1.38720387682148
"Sema3e",1.38706178634495
"Dhx34",1.38655795029249
"Mslnl",1.3863184941729
"Pgpep1",1.38556405427019
"Dusp10",1.38553302285798
"Hormad1",1.38526861555489
"Fstl4",1.38523253251074
"Zfp423",1.38495482454839
"Zfp36",1.38483013599535
"Dbf4",1.38442254818628
"Thpo",1.383875173705
"Pcid2",1.38368927415938
"Srp68",1.38311677444064
"Mia3",1.38290573450945
"C1qtnf3",1.38271305567724
"Tbc1d10a",1.38252043721879
"Atp1a4",1.38250694076953
"Tbx15",1.3821458993673
"Acsl5",1.38207689072699
"Metrnl",1.38180012801174
"Sostdc1",1.38176850489554
"Ercc1",1.3797528270585
"Sec31a",1.37928429591084
"Tbl3",1.37817868647619
"Plekho2",1.37812702533963
"Rfx6",1.37762387858977
"Tradd",1.37697326879621
"Vezf1",1.37694526997317
"Ephx2",1.37673000657841
"Spata20",1.37664070498464
"Eef1a2",1.37640175560226
"RGD1562079",1.37639935099355
"Tpgs1",1.3759588248006
"Nucks1",1.37595865715632
"Slc48a1",1.37586879269361
"Rexo4",1.37555365262476
"Bmper",1.3749985943469
"Phospho1",1.37493117272821
"RGD1561796",1.37483704642562
"Actr5",1.37475506721706
"Crtac1",1.37338870564906
"Slc21a4",1.37266755510086
"Rfc4",1.37249844908662
"Cpne9",1.37201338969877
"Agbl2",1.37140357324368
"Peli2",1.37076494960936
"Dhrsx",1.37057399274135
"Skiv2l",1.37032096426514
"Lrg1",1.37003013110949
"Ttll9",1.36995709115889
"LOC102547665",1.36983792719756
"Alkbh2",1.36960988993741
"LOC102554047",1.36932369948198
"Bri3",1.36920181717756
"Pde9a",1.36893837002239
"Cnpy3",1.36840320116947
"Mpp2",1.36743564322007
"Clcf1",1.36713680929686
"Themis2",1.36680736119678
"Pabpc1",1.36672911992051
"Gng7",1.36650541690037
"LOC102556989",1.36553492180041
"Brip1",1.36478611447289
"Akap8l",1.36391366536992
"Tnfrsf1b",1.36361665443389
"Dnah12",1.36339508074608
"Cytip",1.36313948707858
"Ppan",1.36151760643081
"Gpatch8",1.36100380427529
"LOC103690023",1.36024539265888
"LOC689039",1.36024539265888
"Galnt2",1.36015165972535
"Fastk",1.36000306948655
"LOC690131",1.35983537823908
"Cdh26",1.35953391405205
"Cd200r1",1.35897434795317
"RGD1310257",1.3583242901767
"Pdzd3",1.35778520124788
"Ctns",1.3569136761825
"Acot11",1.35621441066198
"Sigirr",1.35555801860647
"Pex26",1.35523731689268
"Ccdc153",1.35479954977838
"Slc6a1",1.35426254731439
"Rplp0",1.35419688463103
"Det1",1.35396594842192
"Ppp2r5d",1.35371544416729
"Smyd2",1.35326969575235
"Snai2",1.35315973960094
"Pgghg",1.35227096043805
"Nme4",1.35204505797091
"Jmjd8",1.35183233162568
"RGD1564171",1.35169210343533
"Ptpn22",1.35150296729956
"Znfx1",1.35087072372191
"Tnnt3",1.35017072642954
"Slc2a6",1.35007224082625
"Smpd4",1.3500111508359
"Prss12",1.34936474984556
"Tab1",1.34925331421926
"Cmklr1",1.34816733190751
"Tmc5",1.34774809787877
"Trmt44",1.34751104787746
"Lrrc45",1.34742057732028
"Acsf2",1.34732169471295
"Rad52",1.34722039245381
"Cd3e",1.34692743819668
"Setdb1",1.34677734937908
"Adat3",1.34670898340617
"Tcp11l2",1.34583500674303
"Rnf31",1.34528723970295
"Col4a6",1.34519716707924
"Ctdnep1",1.34503213329238
"Phf21b",1.34498731609739
"B4gat1",1.34476202333053
"Cdk19",1.34437888032448
"Upf3a",1.34329412659581
"Kiaa0895l",1.34303694141762
"Unk",1.34303515812024
"Igfbp4",1.34301876745705
"LOC108353270",1.34252671882739
"Elmo3",1.34216848377785
"Trpm5",1.34107726741542
"LOC108353241",1.34097135068539
"Spint2",1.34066563320769
"Grb7",1.34048768302924
"Ubac2",1.34043285550288
"Urb1",1.33903209178434
"Akna",1.3387610948789
"Vash2",1.33842334735089
"Jund",1.33801116690264
"Ppt2",1.33772413007008
"Zmynd8",1.33726658509133
"8-Sep",1.33514417435197
"Pla2g2a",1.33500129984827
"Slit2",1.33470507626643
"Grhl1",1.3344540572775
"Epn1",1.33437157443363
"Fam178b",1.33415061894589
"Ccdc8",1.33380508842681
"Sirt7",1.33306205405831
"LOC102547047",1.33100855138288
"Dlx5",1.3308900659282
"Stk17b",1.32993310693737
"Hspbp1",1.32948656450877
"Pstpip1",1.32942080120321
"Smpd2",1.32906239891343
"Tex38",1.32831663784081
"Mrpl2",1.32707331736274
"Tsen2",1.32702553376886
"Ttc9b",1.32682092114513
"Rasgrp3",1.32663201270213
"Ston1",1.32629645733065
"Cdc42se1",1.32589794446293
"Nat9",1.32525866130531
"Rbpms",1.32505760412034
"Ccl21",1.3248644922968
"Card14",1.3246087454431
"Mum1",1.32438257505239
"Rabl2a",1.32425901921133
"Il21r",1.32401455477074
"Zbtb7b",1.32395090202024
"Mtss1l",1.32352966976531
"Dmap1",1.32345810700814
"Lpar2",1.3229730039257
"Dcxr",1.32283010938276
"Spred3",1.32254747248443
"Brd4",1.32177345104619
"Akap17a",1.32167607869499
"Nedd9",1.32161023104973
"Itpripl2",1.32098333560713
"LOC102551899",1.32094898341906
"Tfap4",1.32069475438894
"Wdr81",1.32043771348348
"RGD1562218",1.32033901688927
"Gadl1",1.32019708466404
"Dnajc17",1.3200333538264
"Tmem201",1.31993139790289
"Dzip1",1.31985259445865
"Hpca",1.31969530241038
"Ppp1r10",1.31954024048815
"Tmem150a",1.3193781169962
"Rock1",1.31923002498704
"Spsb3",1.31882512160958
"Traf7",1.31791114042156
"Ncor1",1.31749656516304
"Zfp90",1.31619740286447
"Egln1",1.31594969655843
"Tjp2",1.31581138926604
"Eda",1.31566571083345
"Ccnl2",1.31500250896486
"Rapgef1",1.31431635810049
"G2e3",1.31327668226578
"Ceacam18",1.31276999898061
"LOC100125368",1.31238133123556
"Rnf208",1.31219274676644
"Mob3a",1.31167571110506
"Pex16",1.31090678950236
"LOC103692169",1.31090200022767
"Itga6",1.31082635076651
"Ankrd16",1.30856495288691
"Dtx2",1.30834287936864
"Adamts20",1.30796418447263
"Nphp3",1.30745590860666
"Prkd3",1.30735552364483
"Eef2",1.30720233141509
"Vgll3",1.30673072738047
"Fmo2",1.30597475583942
"Creld2",1.30549246249192
"Ddx11",1.30519123363662
"Sh3rf2",1.30473692603841
"Hunk",1.30411053003788
"Tm9sf4",1.30337888292789
"Qars",1.3032625385421
"LOC103690139",1.30324339376435
"Sema6b",1.30313326636568
"Tmem145",1.30310704770062
"Adamts6",1.30286780836365
"LOC103692066",1.30280925839835
"Dct",1.30173686697291
"Fos",1.30117769611263
"Plscr3",1.30050516382084
"Tial1",1.30021963009122
"Mark3",1.30013225621791
"Slc2a10",1.29977827148564
"Svil",1.29878409829175
"Fbxw9",1.2979553552572
"Frmd8",1.29776675134539
"Hepacam",1.29768890467528
"S1pr4",1.29725605479952
"1-Sep",1.29711124576589
"Slc28a2",1.29590636104439
"Rab19",1.29575140239473
"Ubn1",1.29519211183007
"Zfp758",1.29488241483818
"Ddias",1.29417332206714
"Zfp64",1.29411069631491
"LOC100911779",1.29355425704386
"Plekhm2",1.29228030477792
"Egr1",1.2916707141332
"Abca17",1.29160007881131
"Farsa",1.29158196862045
"Fgf7",1.29152420194503
"Npc1",1.29124644418219
"Gtf2ird2",1.29098576837485
"Pom121",1.29049064078065
"Slc27a1",1.28992317601616
"Hook2",1.28983560327042
"Ldoc1l",1.28955832979216
"LOC294154",1.28917605038124
"Ring1",1.28914692857292
"Meaf6",1.2891112452115
"Nasp",1.28843676120267
"Lhfp",1.28838153937425
"Plp2",1.28835473268575
"LOC100360573",1.28832860026618
"Masp2",1.28821609146277
"Srebf2",1.28816820038986
"Snw1",1.28796608192614
"Fgfr3",1.28782674835673
"Ntrk3",1.28667913317318
"Lrrc20",1.28655135274824
"Tmco4",1.28627052415249
"Sepn1",1.28604640864132
"Tmem184a",1.28602843032112
"Elavl1",1.28596243814727
"Nelfe",1.28567741164231
"Rnf126",1.28471131487142
"Colca2",1.28465729791909
"Bysl",1.28426892036549
"Zxdc",1.28414402134724
"Urod",1.28395013173893
"Prf1",1.28288481596906
"Gpaa1",1.28283530525444
"LOC361635",1.28250006952247
"Spidr",1.28230023253833
"Zfp28",1.2822524194116
"Nup205",1.28189537304211
"LOC689519",1.28181252012168
"Cenph",1.2810562750809
"Slc5a2",1.27880069200222
"Hdac11",1.27827161360036
"LOC102554658",1.27815982039786
"Bach2",1.2777083760604
"Wdr59",1.27748602149619
"Atf7ip",1.27721687145336
"Eogt",1.27647643214096
"Rac2",1.2761359580437
"Erg",1.2757525095014
"Lrrc75a",1.27574238535325
"Lyl1",1.27434926418138
"Maml3",1.2733608882768
"Top3b",1.27260660254861
"Serpina1",1.271576851744
"Gltscr1",1.27083950587804
"Klhdc10",1.27072772647809
"Rai1",1.27049637394257
"Lgals12",1.26956681799496
"Ext1",1.26905388986185
"Slc23a1",1.26903128803435
"Pam",1.26859963050402
"Ptpn6",1.2684459306223
"Shc4",1.26842283015228
"Scn5a",1.2680627844595
"Icam2",1.26804041899484
"Mzb1",1.26768829150544
"Fstl3",1.26756695179946
"Prickle1",1.26747917416608
"Ing5",1.26680842972332
"Lmod1",1.26616063561218
"Gprin1",1.26606704816005
"Myd88",1.26604051026681
"Kctd15",1.26566184884181
"Irf9",1.26547453002932
"Trank1",1.26543536004054
"Folr2",1.26531019609127
"Cela2a",1.26517717825036
"Gabrb1",1.26438100696362
"Nmi",1.26428210567891
"Angptl1",1.2640806458332
"Iffo1",1.26293652134219
"Klhdc3",1.26177723494272
"Slfnl1",1.26155752356124
"Mtmr3",1.261179173662
"Wipi1",1.26071574559937
"Carmil1",1.26009856941494
"Apol2",1.25994849136413
"Diaph3",1.2599268130943
"Clic5",1.25938022327783
"Exnef",1.25920087758253
"Tmem67",1.25903882460275
"Kdm5c",1.25837383694325
"Epha4",1.25835878925253
"RGD1561662",1.25835430054272
"Odc1",1.25824631614906
"Cep112",1.25819853843774
"Stx1a",1.25799346794126
"Gdf7",1.25705202486471
"Adgrb2",1.25700043756916
"Mypop",1.25665307097603
"Agap2",1.25570253209825
"Sh3bp4",1.25522007778891
"Gltpd2",1.25478777670645
"Adam4l1",1.25453461051461
"Fam134c",1.25339407095814
"Celf2",1.25319629611189
"Eva1b",1.25312887867045
"Ppp1r35",1.25300855860414
"Olfml3",1.25246526598075
"Tbx1",1.2519477069027
"RGD1310507",1.2518085854167
"Slc22a6",1.25139198217768
"Sulf1",1.25073912513483
"Srd5a2",1.25043769521972
"Afap1",1.25030646419324
"Orai1",1.24940409761207
"Zfp791",1.24928790921312
"Pbld1",1.24911849197556
"Nrk",1.24898149544416
"Samd9l",1.24893386411238
"Apbb1ip",1.24890184609252
"Impdh2",1.24889339374197
"Usp49",1.24804110056836
"Ehmt1",1.24792875359634
"Med24",1.24751160732838
"Gnl2",1.24669697237139
"Il25",1.24659313327871
"LOC108349536",1.24601737802265
"Pole2",1.24599847140218
"Evi2a",1.24580811305639
"Dhrs9",1.24549179145694
"Gstm7",1.24505652126199
"Prrx2",1.24488637154726
"Igsf10",1.24487973457556
"Grk2",1.24475280694773
"Myh11",1.24463131202955
"Rimbp2",1.24461991635958
"Gar1",1.24454516466309
"Pym1",1.24373984192543
"Cpne8",1.24329410166562
"Invs",1.24300110024755
"Dnase1",1.24062531888054
"Parp10",1.23983603077869
"Car9",1.2394422096305
"Spata5l1",1.23921729788993
"LOC108352515",1.23913850932552
"Ipo13",1.23911674307174
"Lrrn2",1.2390663849246
"Nsmf",1.23889131386949
"Sox7",1.23857946422588
"Kcmf1",1.23848029493117
"Fxyd1",1.23813913613417
"Slc6a20",1.23791596521579
"Apol9a",1.23767224372647
"LOC100365773",1.23746644692479
"Siglec1",1.23698946818503
"Ilkap",1.23685102595458
"Mfap2",1.2367558660871
"Sf3b4",1.23664352395815
"Nfxl1",1.23654439529816
"LOC102550403",1.23606464727386
"Mprip",1.23574774172354
"Daxx",1.23501311451373
"Polr2e",1.23464217133101
"RGD1563354",1.23440076031973
"Sh3bp1",1.23387330724407
"Rcc2",1.23363793400237
"Ssc5d",1.23346126446231
"Pus1",1.23343867186156
"Prrt2",1.23342965131803
"Igfbp7",1.23330133343863
"Sfi1",1.23303408630824
"Nmral1",1.23278658896737
"Sla2",1.23276576500633
"Armc5",1.23243601591651
"Col7a1",1.23223941324042
"LOC103689941",1.23202642371725
"Cyba",1.23187351964477
"B4galt1",1.23178287522454
"Irf2bp1",1.23160790706165
"Rbm5",1.23150323168987
"Polm",1.23146379064053
"Mdn1",1.23132574880707
"Ciz1",1.23105799382983
"Dnah9",1.23105695324597
"LOC100909679",1.23098597399742
"LOC102551484",1.23076946249567
"Nptxr",1.23048727760489
"Lrrfip1",1.2302230391021
"Lrig1",1.23018097713634
"Farp1",1.23015109527923
"Tubgcp2",1.22995153122165
"B4galnt1",1.22963858426179
"Dusp15",1.22918642151017
"Cacna1f",1.22866159395245
"Sptb",1.22845135221943
"Trmo",1.22834591245771
"Cuedc2",1.22830566988304
"Bcl2l14",1.22822902949354
"Tf",1.22779723464415
"Slc44a4",1.22735090424259
"LOC100360238",1.22684008507627
"Dido1",1.22617144734609
"Apom",1.22605280352461
"Ccdc138",1.22594734182158
"Strada",1.22580911500096
"Doc2g",1.22549029666308
"LOC100911264",1.22527733553938
"Ppp1r15a",1.22465538274392
"Inpp5e",1.22418157918694
"Xkr5",1.22322745858665
"LOC100361457",1.22319399221535
"Lpcat1",1.22301807618278
"Eif5b",1.22288847714302
"Prkab1",1.2227919830516
"Chst12",1.2226557586318
"Slc9a1",1.2216193701413
"Ripk1",1.22151921887946
"Krt75",1.22131070231699
"Arhgef18",1.2200151326438
"Slco4a1",1.21932614217494
"Npff",1.21924060084253
"Ankrd44",1.21896872348431
"Pcdhga11",1.21817278349882
"Ifit2",1.21793041354138
"Gpr157",1.21785380620299
"Grin1",1.21709958243508
"Srpx2",1.21708676569294
"Terf1",1.21682906745728
"Nemp2",1.21652164235247
"Copz2",1.21645261559282
"Ppp1r18",1.21639512607412
"Ddx20",1.21569171491779
"Tyk2",1.21537772770002
"Igf2bp2",1.21499334352934
"Mtmr1",1.21481861806175
"Plpp3",1.21475573650008
"RGD1561777",1.21428936447268
"Zfp513",1.21409265316061
"LOC100911692",1.21373995562694
"Ints3",1.21312346972318
"Klhl30",1.21277578940562
"Tbc1d2b",1.21257220707998
"Oas2",1.21168608012958
"Crip2",1.21092381903662
"Crabp1",1.21082626661775
"Large2",1.21079686536348
"Aspnl1",1.21057085669696
"Rassf2",1.21046105444772
"Nsmce1",1.20988552929028
"Ezr",1.20973942466872
"Stx5",1.20973809951208
"Gimap9",1.20972130558472
"LOC103691267",1.20969832267378
"Dnai2",1.20965887004965
"Gm2a",1.20945183445573
"RGD1563015",1.20924965637005
"Klrk1",1.20912385540048
"Dhx37",1.20866216519132
"Cenpo",1.20864485195148
"Alyref",1.20825509000873
"Plac9",1.20802232007632
"Ctse",1.20801755009468
"Pum1",1.207437770677
"Kmt5c",1.20742247789363
"Il9r",1.20735056549458
"Il13ra2",1.20716470382666
"Sgce",1.20715198746949
"Fat4",1.20709811990844
"Reep3",1.2065458384284
"Fam160a2",1.20525253836238
"Sik3",1.205154720682
"Arid5b",1.20513600185725
"Hnrnpu",1.20507585229932
"Aurkc",1.20473667102669
"Eno4",1.20409207672894
"Fuk",1.20372902880572
"Tmem131",1.20368279050964
"Ddost",1.20306628218113
"Fam227a",1.20305417208846
"LOC103693267",1.20287944383252
"Ccdc86",1.20270896934405
"Aimp2",1.20267237493669
"LOC691153",1.202549947671
"Cfap45",1.20205730952346
"Lrtm2",1.20184961599586
"Hspbap1",1.20143378865339
"Nup160",1.20107363127521
"Map1s",1.20012836527658
"Nisch",1.20002595105839
"Twist2",1.19994125208244
"Rfx3",1.19827997984532
"Cars2",1.19789672699457
"Scaf1",1.19747895809624
"Bst1",1.19693377031702
"Tbl1x",1.19647789788386
"Timd2",1.19611530962462
"Dis3l2",1.19585088681891
"Irak4",1.1956443181594
"Rrp1",1.19562263753917
"Mroh7",1.19561304878043
"Cdc42bpg",1.19548458987227
"Nr6a1",1.19525484289601
"Rae1",1.19434260071958
"Usp3",1.19374162787839
"Gnb2",1.19359465639689
"Mark4",1.19321988678444
"Trpv3",1.19318603143387
"Fign",1.19285036215747
"Liph",1.19229474050874
"Tcfl5",1.19227202421309
"Prdm2",1.19179096321392
"Mex3a",1.19134645537796
"Lrrc14",1.19097286753289
"Kmo",1.19066533038604
"Parp9",1.19066249437297
"Npw",1.19050656065914
"Serpinf1",1.19043901249702
"Nemp1",1.1903996247888
"Skp2",1.19020876499391
"Mpa2l",1.1895484384608
"Slc17a9",1.18896593530526
"Dtnbp1",1.18879620495782
"Ubxn6",1.18865805348065
"Pi16",1.18845749745562
"Itsn1",1.18814530887974
"Psmb11",1.18756085083226
"LOC363301",1.18754563183725
"LOC100361898",1.18727759058766
"Cdhr2",1.18721588013603
"Trim21",1.18713514078148
"Fxyd6",1.18691101045551
"Peak1",1.1867238669011
"Serpine1",1.18599742409185
"Kcnj4",1.18575554392003
"Fam35a",1.18546023411456
"Bst2",1.18542211448146
"Map3k8",1.18518016529468
"Mrps35",1.184399306466
"Zc3h4",1.18432797485716
"Rgl2",1.18380629687672
"Tbx18",1.18349273806541
"Parp16",1.18312910819442
"Sqstm1",1.18232960566674
"Prrc2b",1.18227204752064
"Zbtb44",1.18217131203879
"Tekt2",1.18198740231478
"Sh2d7",1.1816731641157
"Tal1",1.18088698935012
"RGD1561671",1.18056194711785
"Spata6",1.18055210898152
"Eef1d",1.17998185021354
"Ermard",1.17975830162378
"Nrde2",1.17975783045407
"LOC300308",1.17966607793073
"Elovl1",1.17946545899561
"Cdk11b",1.17942260692966
"Eri1",1.17855948914679
"Srsf11",1.17845694386168
"Ackr4",1.17827215296514
"Dzip1l",1.17797435480971
"Flii",1.17780317038741
"Arhgap25",1.17743942181673
"Wdfy2",1.17709392362085
"Xpc",1.17706220189447
"Acy3",1.17695252247256
"Hspa1a",1.1765728267637
"Senp1",1.17646101459854
"Cfap57",1.17634852716145
"Abhd14b",1.17624699412179
"Tlk2",1.17614226723276
"Tpr",1.17572304296773
"Helz",1.17563745987039
"Mxra7",1.17499846447228
"Arhgap19",1.17410539403166
"Wdr83os",1.17230928779205
"RGD1309362",1.17209693747103
"Exosc8",1.17196263445906
"Clec12b",1.1708508200609
"Tmem82",1.17053920487778
"Ccdc14",1.17048437084096
"LOC102549506",1.17031021983404
"Rac1",1.17030926726162
"Dclre1c",1.16917317649257
"Tpst1",1.1682120075967
"LOC102547059",1.16786508310835
"Fam126a",1.16756326743145
"Epg5",1.16698421603356
"LOC691170",1.16696061498454
"Pglyrp2",1.16694334389956
"Osbpl5",1.16693496586221
"Kif13a",1.16668104837809
"Arhgap42",1.16618651658731
"Mrto4",1.16595062840585
"Taf15",1.16593001228429
"Tmem130",1.16574005321619
"LOC100911190",1.16551392057749
"Nup54",1.16509121967054
"Nsmce4a",1.16483860663183
"Slc44a2",1.16454684501537
"Ccdc80",1.1644702562766
"Bend3",1.16446200666851
"LOC682812",1.16439113361999
"Dhdh",1.16431433911585
"Rfc5",1.16398138639228
"Mrvi1",1.16360804720937
"Slc2a1",1.16340696792339
"Taf1d",1.16333988345931
"Rhbdd3",1.16328491288669
"Prss55",1.16287798158121
"LOC102555341",1.16276467120805
"LOC689453",1.16178420190572
"Foxl1",1.16133273972479
"LOC100909392",1.16130185634152
"Sorcs1",1.1610300254561
"Tmem248",1.16097819071493
"Pnisr",1.16088013835352
"Yeats2",1.16084622531816
"Grasp",1.1604043314202
"Cyth2",1.16015723457763
"LOC103694866",1.15983027829218
"Prim2",1.15971492126297
"Tcerg1l",1.15947475022823
"Slc23a3",1.15913832421614
"Tmprss3",1.15888951288038
"Tmem144",1.15849638272075
"Zcchc11",1.15830861045244
"LOC100911319",1.15815370873018
"Rest",1.15801708779773
"LOC108351482",1.1576137847828
"Pan3",1.15760263295248
"RT1-T24-3",1.15750321345343
"Hexdc",1.15749592478695
"Cdkn1b",1.15742227147981
"Mafb",1.15717842003914
"Surf2",1.15679465416253
"Lmf1",1.15647906331877
"Ac1576",1.15572634010371
"Fgd1",1.15529472028974
"Cmtm7",1.15479891576475
"Gpr174",1.15422031199101
"Cpsf3l",1.1536412390831
"Emc8",1.15341507523341
"Kcnk16",1.15304598213719
"Rilpl1",1.1530185127884
"Cnot3",1.15274173341003
"Jsrp1",1.15201313369063
"Kntc1",1.15174683802055
"Acsf3",1.15173046714111
"Cracr2b",1.15072449690794
"Klhl26",1.1506404342878
"Acpt",1.15019834969212
"Ccdc114",1.15011370049027
"Fitm2",1.14959389489424
"Zfp217",1.14943681531233
"Plekha4",1.14923226679473
"Fbf1",1.14881868843194
"Plekhg6",1.14878804859466
"Ces1d",1.14867477301793
"Inpp5a",1.14853908442956
"LOC100912604",1.14828202006012
"Adamtsl3",1.14825124407548
"Slc38a10",1.14799282228398
"Bcl7a",1.14772379867851
"Celsr3",1.14758970485661
"Nacc1",1.14737108685103
"Nck2",1.14721302796162
"Tnfrsf14",1.14720224328928
"Ryk",1.14705387129606
"Kdm5b",1.14685602533635
"Timp3",1.14661478995534
"Bnip1",1.145932218774
"Lrmp",1.14557087287098
"Kcnmb4",1.14552603817758
"Mau2",1.14504048908996
"Fmnl1",1.14409557208011
"Tceb3",1.14403808962039
"LOC499219",1.14342651699257
"Adam8",1.14333092950908
"Ccdc30",1.14293593549633
"Has3",1.1421194840567
"Nek3",1.14000440812408
"Ccnl1",1.1397710371523
"Lrrfip2",1.13960576456773
"Zeb1",1.13952709715418
"Aco1",1.13912695024999
"Snai1",1.13908856144664
"Bpifb4",1.13908760340462
"Dlg4",1.13862015314184
"Fignl2",1.13857065432451
"Thrb",1.1384576178332
"Smim5",1.13831801545773
"Igsf23",1.13787083445162
"Hcfc2",1.13783639461326
"Carm1",1.1376089745137
"Slc25a24",1.13759160431887
"Taf6",1.13745791906641
"Mef2b",1.1370971535461
"LOC108350547",1.13689515420784
"Frem1",1.13685054936225
"Aatf",1.13664693084471
"LOC690422",1.136530489371
"Dbil5",1.13552583755937
"C1qtnf1",1.13491722906365
"Agpat1",1.13483243227845
"Nfatc3",1.13467129223177
"Aox1",1.13462615138626
"LOC108349516",1.13450429542264
"Mgat1",1.13408030539915
"Fut8",1.13403823752103
"Tmem252",1.13399083951657
"Morn1",1.13378867661651
"Tfcp2",1.13350306884775
"Dnajb5",1.13338345118947
"Duoxa1",1.13336416229437
"RGD1560482",1.13327413347973
"Col27a1",1.1328929090741
"LOC100360514",1.132694798847
"Mad1l1",1.13147190270971
"F3",1.13050333649529
"Bcas1",1.13048640447916
"Gpx7",1.12820690266746
"LOC103690164",1.1279014717749
"Ubqln4",1.1274834381331
"Aldoa",1.12687543272648
"Degs2",1.12667523876119
"Fcna",1.12524690423579
"Dusp2",1.12464716430882
"Pgap2",1.12427738524508
"Actrt3",1.12408768839149
"Cyth1",1.12355940147459
"RGD1359508",1.12348532600983
"Cnot10",1.12346004102355
"Kdm2a",1.12264659923303
"Hnrnpl",1.1224088644374
"Rnf40",1.12221606552218
"Tmem192",1.12134026432695
"Cldn6",1.12132130020673
"Rpp21",1.1213083947813
"Ifitm5",1.12130128967611
"Otol1",1.12076172324837
"LOC108348049",1.12051236729725
"Zfp161",1.12050406171517
"Rnf25",1.1199504504694
"Fbxo7",1.11950240363832
"Slc24a4",1.11909010217196
"Lrp10",1.11908911489356
"Lipe",1.1190565336337
"LOC108353239",1.11905319481721
"Psme1",1.11868884201054
"Rasl12",1.1186753658583
"Jag1",1.11850174106889
"Dguok",1.1178893458462
"Cyp2j10",1.11775277840651
"Il12rb1",1.11775199930017
"Prr33",1.11749532399611
"Ephx3",1.11711682185117
"LOC100912068",1.11656437995529
"Mbd4",1.11651532956069
"Zfp609",1.11621012340653
"Hcn4",1.11620184953263
"Sall1",1.11508302335967
"Zfp212",1.11467693434531
"Nbeal2",1.11427084671514
"Lsmem2",1.11392112270245
"Eif3g",1.11326194154171
"Sun1",1.11302386294233
"Rhebl1",1.11294238326341
"Med15",1.11270841467926
"Stom",1.11266442735494
"Polq",1.1117356034191
"Msh3",1.11079121057951
"Napsa",1.11058912209007
"Rab43",1.11037466872587
"Cbx1",1.1102542695517
"Sdc2",1.11025072663261
"Ap5b1",1.1102484306806
"Cc2d2a",1.10949617126013
"Ubd",1.10922088473938
"Pigo",1.10891089201768
"Csnk1g2",1.10889776711956
"Bcl2l11",1.10832736979746
"Cdsn",1.10794144449006
"Mylip",1.10782489698118
"Gramd1a",1.10744888624569
"Xpnpep2",1.10732381452898
"Cnnm3",1.10717826322338
"Rps2",1.10689291878377
"LOC103689951",1.10638637699443
"Serpinh1",1.10637137153393
"LOC108353135",1.1063568036375
"Myo1f",1.10635592506316
"Ubp1",1.10610273004676
"Gna11",1.10590794957646
"Spc25",1.10484833752711
"Tsc1",1.1047505739545
"Unc13b",1.1046001310862
"Ddx23",1.10452114923224
"Lrrc66",1.1038607006387
"Tyw5",1.10365536623415
"Szrd1",1.10261307051074
"Stx16",1.10251875016304
"Fancb",1.10244143825551
"Gemin2",1.10217363468528
"Pycard",1.10193024133504
"Fbxo46",1.10186791168484
"Aaas",1.10183930791431
"Gatad2b",1.10180748291036
"Sugp1",1.10171672224315
"Ddx60",1.10127899016635
"Ap3d1",1.10083341348382
"Ntmt1",1.10059892682465
"Ccnt2",1.10025256284291
"Dhx58",1.10004133333737
"Diras3",1.09986547315646
"Gpatch4",1.09964488573321
"Pcnx3",1.09962290794251
"Uggt2",1.0990797477975
"Rnd3",1.09890950650631
"Irx3",1.09882399779221
"Pear1",1.09853800577098
"Lrrn4cl",1.09805865871886
"Eme2",1.09729821841277
"Pttg1ip",1.0972974367918
"Cebpa",1.09698416114644
"Ggn",1.09694705622386
"Cdk10",1.09688690590096
"Bin2",1.09659304718286
"Xpo5",1.09605496139169
"Sipa1l1",1.09589322990337
"Iqsec1",1.095877823392
"MGC94199",1.09583729152187
"Rsph1",1.0955055184058
"Tbc1d2",1.0954147079074
"Cep152",1.09484005184394
"Fam198b",1.09474815458924
"Arhgap23",1.09442865708956
"Sox17",1.0941855421377
"Snrpc",1.09417227893823
"Selp",1.09398808923689
"Smad5",1.09332103387272
"Slc47a1",1.09287499112011
"Srcap",1.09276402846093
"Rhoh",1.09259094018484
"Nyx",1.09252823750933
"Wdr4",1.0924609979035
"Rbm22",1.09226919265039
"Amy1a",1.09158237420481
"Setd4",1.09125527215639
"Sv2a",1.09124866513676
"C1qtnf6",1.0910795912339
"Hyou1",1.09106008913441
"Pfkl",1.09105016666441
"Cacna1c",1.09017206921938
"Knl1",1.09014971194645
"LOC103690884",1.09001403671499
"Tmem44",1.08875522635054
"LOC100912347",1.08850777442655
"Fmo6",1.08799132222738
"Serpina11",1.08774794779002
"Ptprt",1.08770300388719
"LOC103689975",1.08749671315629
"Six2",1.08736825259821
"Scube3",1.08722532988365
"Abhd17c",1.08687920499624
"Nol6",1.08679102513554
"Mansc1",1.08543994553604
"Nmur1",1.08540483784442
"Swt1",1.08494075123584
"Naa50",1.08482141853247
"Hmgn2",1.08478987103631
"Fdxr",1.08448381571024
"Myo6",1.08431331952732
"Trim39",1.08412236243761
"Tmem39a",1.08391019762157
"Prpf6",1.08353496035809
"Zfp667",1.08306248766985
"Elmod3",1.08266398567293
"Adgrl4",1.08217560708927
"LOC108352465",1.08154815416295
"RGD1564958",1.08147749422872
"LOC501110",1.08134947707932
"Cbs",1.08102254131156
"LOC100910957",1.08100642834136
"Wdr54",1.08086196163369
"Ccdc174",1.08043288872201
"Dis3l",1.08041043318197
"Rassf3",1.08015719406239
"Nov",1.08015375434446
"LOC100360577",1.08007630238745
"Hoxa4",1.08007630238745
"Vwa3a",1.07972390054418
"Nob1",1.07892637602922
"Pdcd2",1.07870242350937
"Trdmt1",1.07783706917423
"Slc25a29",1.07775098792839
"Smo",1.0776362871698
"Grhl3",1.07762479986258
"Zcchc2",1.07762066035767
"Pafah1b3",1.07708518245823
"Dgkz",1.07643676369355
"Prrc2a",1.07631351400223
"LOC100912062",1.07592874358856
"Lefty1",1.07573855230151
"Nrp2",1.07569992194912
"Cngb1",1.07519057577891
"Gpr143",1.07501746560256
"LOC103689946",1.07463246316508
"Letm2",1.07444232697833
"Slc11a1",1.0743337532132
"LOC108352957",1.07359797746029
"Ptprj",1.07354452700134
"Nudt4",1.07330965196829
"Cxcr4",1.0732007749647
"Cysltr1",1.07207501153844
"Arv1",1.07187116207356
"LOC257642",1.07096419406411
"LOC100910668",1.07093540295475
"Ctnnbip1",1.07092856930753
"Slc9a3r2",1.07054747499799
"Olr1877",1.0698953123505
"Dok1",1.06916026047962
"Tmprss12",1.06871841165346
"Rbm12b",1.06851836084081
"Zfp512b",1.06832621325909
"Arhgap17",1.06809214262198
"Fut7",1.06798674062606
"Ms4a6c",1.0676203813399
"C3ar1",1.06739056934823
"Utrn",1.06680541795023
"Gaa",1.06588606491297
"Pygb",1.06543918231109
"Ranbp9",1.06525949260515
"Zfp498",1.06469709971559
"Spint1",1.06452618395017
"Ccdc159",1.06447772814989
"Stard6",1.06431369456181
"LOC100359583",1.06398022915547
"Prss3",1.06336990973797
"Ecscr",1.06283709824606
"Bcas3",1.06242126565343
"Lrig3",1.06194634918415
"Itga2b",1.061938793221
"Zc3h10",1.06176086087111
"En1",1.06117820707789
"LOC102546514",1.06106273614011
"LOC679811",1.05993960675093
"Lmo1",1.05981524053675
"Nbl1",1.05977731691412
"Nell2",1.05948012295679
"Slc7a5",1.05867922238292
"Rbm28",1.05857788574169
"LOC685067",1.05825056128747
"Lrch4",1.05734738088481
"Casp12",1.05662631777865
"Dscc1",1.05648657013922
"Mbd1",1.05567005544087
"Cdhr5",1.05465637652562
"Aasdh",1.05462199880175
"Msr1",1.05454622063477
"Atg2a",1.05445741702991
"Mcrip1",1.05426072754675
"Hpx",1.05412462252737
"LOC103691225",1.05347950806537
"Zfp213",1.05321452094696
"Rpl38",1.052817317336
"Ago1",1.05276121188275
"Kif24",1.05268210692839
"Mb21d2",1.05236712338526
"Itga3",1.05234646316975
"Nr2f6",1.05150506260114
"Gpi",1.05143048519831
"Atp4a",1.05103990705668
"Adar",1.05022109695044
"LOC102555826",1.04946347977319
"Pdlim2",1.04890556258014
"Nrgn",1.04868724751981
"Pias4",1.04860596229644
"Rbm12",1.04856967416834
"Slc7a11",1.04835186013002
"Plg",1.04834313025328
"LOC688708",1.04788219768166
"Timm17b",1.04787956409988
"Trim80",1.04781780127673
"Ccnd1",1.04752569597513
"Rnf166",1.04627730495052
"Stard3",1.04624830566296
"Nadk",1.04607756716385
"Nfkb1",1.04575890716484
"Tmc3",1.04534873604107
"Lman2",1.04470690479378
"Mrps5",1.04460561927896
"Tmem237",1.04439456176694
"Srpx",1.0441919172069
"Sf3a3",1.04406186831707
"Nfat5",1.04362636444124
"Adprhl1",1.04356024601773
"RGD1304624",1.04319325532472
"Lrfn3",1.04295970805683
"Hlx",1.0428987401538
"Ccdc103",1.04246233672394
"LOC102552170",1.04238686158804
"Lag3",1.04232227664387
"Taz",1.04226710888354
"Hpcal1",1.04206092353448
"Cpz",1.04149204258618
"Ino80e",1.04123738985676
"Dock2",1.04099297357615
"Doc2a",1.04058604915881
"Tmem178a",1.0405729417638
"Trio",1.04027249666068
"Gtf2a1l",1.0401619226882
"Syce2",1.03998717021282
"LOC103692171",1.0399163503246
"Pax3",1.03990335173944
"Adgrb1",1.03955167132393
"Dhrs3",1.03932943417537
"LOC502176",1.03887549144966
"Fam192a",1.03826406137897
"Tomm40",1.03812623414643
"RGD1564744",1.03791532050623
"LOC679924",1.0377808412816
"Arhgap18",1.03748072737883
"Smc3",1.03732859830223
"Dsg2",1.03695353961856
"Sectm1b",1.03661047660459
"Vav1",1.03653077746892
"Ms4a4c",1.03647267413606
"RGD1565356",1.03640052699557
"Cyp4v3",1.03628636150973
"Glul",1.03618678744364
"Cenpc",1.03588722327008
"Crispld2",1.03569795096364
"Tnnc1",1.03555365898844
"Cmtm3",1.03546777943411
"Ptger1",1.03536346229315
"RGD1562608",1.03518461963488
"Ccdc149",1.03514723619059
"Arid2",1.03486035450558
"Mylpf",1.03387905212921
"Mlec",1.03348195615906
"Lsg1",1.03292511499628
"Itgbl1",1.03241621092984
"LOC100912964",1.031648132666
"LOC108348215",1.0310604431277
"Lonp1",1.03034293880971
"Thap4",1.02984066790544
"Aim2",1.02974580262126
"Syt13",1.02973790327173
"Pdgfa",1.02946021444434
"Srgap1",1.0293278248457
"LOC361346",1.02932108372256
"Cep44",1.02931999412465
"Sirt2",1.02897088881467
"Bub3",1.02872340966499
"Rgs14",1.02861531560228
"Nsun5",1.02780553788089
"Pih1d1",1.02777156404388
"Dennd3",1.02769205620404
"Tcte1",1.02715845247016
"Mdm4",1.0271067169118
"Rcl1",1.02709810494601
"Smpd3",1.02698027438539
"LOC103692165",1.02694414173754
"Il18bp",1.02678542435193
"Otof",1.02660923305281
"LOC102546424",1.02619580935504
"Atg16l1",1.02615984363119
"Dnaaf5",1.02562310265299
"P2ry10",1.02503054269644
"LOC102546864",1.02500929051045
"Gtf3c2",1.02417390277731
"Slc7a10",1.02386481163264
"Rgl3",1.02385953621235
"Ctcfl",1.0238412897417
"Fbxl8",1.02360719334346
"Cep170b",1.02358461734287
"Lad1",1.02357799367235
"Adssl1",1.02351611426426
"Snapc4",1.0234142707283
"Asap2",1.02317978788427
"Tmem115",1.02257125197651
"Trim59",1.02130102021535
"LOC100911090",1.02106323034821
"LOC102555319",1.02106323034821
"Ackr1",1.0208841889091
"RGD1306072",1.0206273347607
"Kif7",1.02043805951722
"Lin37",1.02036251213109
"Galnt4",1.01964186499004
"Faap20",1.01957333576523
"Notch1",1.01932311660363
"Sema3a",1.01925803324386
"Abhd1",1.01903911221725
"Lrrc32",1.01888538555245
"Epha8",1.01822143220031
"Mmp28",1.01800436209558
"Chrdl2",1.01793213028712
"Sec61a1",1.0177405429705
"Plin3",1.01754972543548
"Dpp7",1.01744407328925
"Eif4ebp2",1.01737779763157
"Slc25a42",1.01691568279774
"Ppp1r9a",1.01658922604168
"Spats1",1.01586329699195
"Ripk3",1.01563664135493
"Glt8d1",1.01539384895721
"LOC100911986",1.01517176986657
"Tbc1d22b",1.01509775958318
"Ctdspl2",1.01506378814594
"Pdgfra",1.01490581054368
"Ccl4",1.01477487758778
"Jazf1",1.01464802547946
"Ern1",1.01451978051644
"Arhgap30",1.01440067167064
"Sprn",1.01422227597603
"Cndp2",1.01375363750147
"LOC686013",1.01345009987455
"LOC100911216",1.01273277045922
"Mast2",1.01264865466039
"Vac14",1.01183295669884
"Tmem132a",1.01163547541126
"Qpct",1.01119301865712
"Trmt10b",1.01110028133585
"Pcdh1",1.01077230270328
"Slc22a15",1.01076378135726
"Frmd6",1.01060997011567
"Hoxc8",1.01006883296454
"Zeb2",1.00948144252207
"Foxf2",1.00927252352215
"Mapk7",1.00926100238146
"Traf3ip2",1.00875473836197
"Zw10",1.00838730282422
"Fbxo39",1.0077643635333
"Ccdc150",1.00775834420864
"Oas1g",1.00774411222726
"Pm20d1",1.00741464969688
"Dennd6b",1.00730943195433
"Pprc1",1.0068546530885
"Ska3",1.00652286294115
"Prpf3",1.00571611722635
"Saxo2",1.00471813605563
"Oasl2",1.00454222675146
"Lrp12",1.00441247047331
"Cfap73",1.0041500000488
"Dapk3",1.00343016699516
"Ppard",1.0028903877513
"Zfp286a",1.00277972361581
"LOC690862",1.00237865204657
"Sh3glb2",1.00235299582428
"Catip",1.00179821456982
"Plcl1",1.00155959418838
"Gapdhs",1.00143871818744
"Tubb5",1.00137308233844
"Ky",1.00110514111902
"Hs3st3b1",1.00092833203939
"Metap1d",1.00069618779087
"Cdip1",1.00056419134762
"Cers2",1.00054548125058
"Spock1",1.00052091311629
"Echdc2",1.00014125401841
"Col20a1",0.999776804160901
"Cdc37",0.999433398643855
"Slc39a1",0.999283394275348
"Taf1c",0.999173494535241
"Taok2",0.998801976211321
"Mx1",0.998582637478973
"Aldh18a1",0.998198084625201
"LOC103690160",0.997782982703319
"Mphosph6",0.997693857387823
"Smpdl3b",0.9976007423861
"Aifm2",0.997472234197247
"Zfp384",0.997302242552077
"Dusp18",0.997131209672635
"Il21",0.996997827386079
"Notch3",0.99691902947047
"Filip1l",0.996611300077966
"Eif2b4",0.99583277652528
"Clec4e",0.995783465536684
"Vsir",0.995258068866679
"Ppcdc",0.99522186948204
"Zfp775",0.994867351163983
"Tlr8",0.994651274207128
"Ung",0.994270454950323
"Paqr6",0.993526530535735
"Mppe1",0.993000321620158
"Ttc4",0.992833040104538
"Pcdhga12",0.992755124874664
"LOC102553140",0.992709647674575
"Dlx4",0.992337718550765
"Ncr1",0.99232848276169
"Ier3",0.992156241052193
"LOC360998",0.990790636097084
"Bhmt2",0.990645846866284
"Rnf4",0.990329273816581
"Osbpl7",0.990288642797747
"Trem1",0.990174865266736
"Slc4a2",0.990114407706259
"Megf6",0.989858902473306
"Pthlh",0.989673845132332
"Clic2",0.989293378301057
"Cnnm2",0.989228602903653
"Slc9a8",0.989173690911258
"Agrp",0.989165495612694
"Pusl1",0.988753916490459
"Abcf1",0.988641330038944
"Ddx59",0.988485188950344
"Slc25a27",0.988391109511563
"Cfd",0.988074957275686
"Snta1",0.987936123377627
"Optc",0.987898184526358
"LOC108350249",0.987820439459773
"Tnfsf10",0.987714792313153
"Med27",0.987692614128914
"Dapp1",0.987610526750287
"Atp8b5p",0.987604128268665
"Prrx1",0.987602193298148
"Ptrf",0.987386062171548
"Ippk",0.987264488020491
"Necab1",0.986456242102611
"Mfn1",0.986099232035086
"Cirbp",0.985700612147094
"Lfng",0.985607314915481
"Lrrk1",0.985272126059813
"Lrrc1",0.985119922996445
"Eif4enif1",0.984883588288874
"Mknk1",0.984777678846669
"LOC502618",0.984502487759303
"Casp2",0.984380623345363
"Qser1",0.984171366928494
"LOC691141",0.984091725983084
"LOC102551311",0.983748522452629
"Ascl2",0.98374181847963
"LOC100911917",0.983453274199572
"Rapsn",0.98332660752595
"Lefty2",0.983135414629226
"Cog2",0.983100718363491
"Nme6",0.982671015527045
"Bin1",0.982417085606665
"Gpat3",0.982200424049669
"Peg12",0.982036347351752
"Acd",0.981717228304537
"Xrn1",0.981530500236606
"Srrm3",0.981221005390724
"Lysmd1",0.981169878016156
"Aurka",0.980852328372894
"Sh3tc1",0.980760896174055
"Vamp5",0.980241298554694
"Mn1",0.979697068900468
"Tnfaip6",0.979458814014697
"RGD1564324",0.978997728444352
"Ctxn2",0.978984879648033
"LOC103690155",0.978929769571885
"Stard5",0.978610602713969
"Cideb",0.978506541635855
"Atp10d",0.978485283863175
"Lctl",0.978351058413532
"Sowahd",0.977939030996412
"Usp7",0.97769601525753
"Thap11",0.977562222328132
"Rnaseh2a",0.976985468841067
"Spata5",0.976317183132334
"Toe1",0.975924311885454
"Uaca",0.975803190767529
"Gprc5b",0.975504001082815
"Zfp292",0.974936793038594
"Rnpep",0.974923038923527
"Zfp853",0.974867391813533
"Chaf1a",0.974743710907626
"Tox2",0.97455899993619
"LOC100912658",0.974266122001073
"Ttc23",0.97408302357087
"Sfxn2",0.973820366850048
"Adamts10",0.973694399604257
"Zc3h13",0.973648274273051
"Tbkbp1",0.97340539011906
"Atad5",0.972669116565666
"Tmub1",0.972394367560145
"Itpk1",0.972219476292472
"Slc25a36l1",0.971792817228434
"Mavs",0.971442009575535
"Sema3b",0.970300154588126
"Pde4a",0.970256463981348
"Dusp12",0.970254974033275
"Cand2",0.970216925071843
"Hoxc6",0.969838444741558
"LOC499229",0.969768658731471
"H6pd",0.969719484523151
"Mfsd2b",0.969608099056937
"Acta2",0.96958922564137
"Tmem59l",0.969447483635507
"Rasgrf1",0.969336355751174
"Tmed10",0.969306742698484
"Npr2",0.968882547946262
"Adra1d",0.968706244210082
"Hipk4",0.968682427934865
"Dgcr8",0.96868219545712
"LOC688286",0.968526309813544
"Sprtn",0.968389574407259
"Rab31",0.968228406045363
"Odf3l1",0.968050344464214
"Vegfc",0.968022893522416
"LOC103691999",0.967944283272241
"Smurf2",0.967493375909107
"Prickle4",0.966982255349749
"Crybg3",0.966868735617159
"Ndufa4l2",0.966790666890435
"Ubc",0.966399328787204
"Rac3",0.966354456343654
"Cd6",0.965972309560545
"Fer1l5",0.965383635783144
"Ndrg3",0.965261668712577
"Mthfd1",0.965140040134292
"Actg2",0.965091521888669
"Map3k5",0.964578419039515
"Nfia",0.964396353257996
"LOC685025",0.964307226638663
"Asap3",0.964008370450304
"Zfp184",0.963935599306241
"RGD1566251",0.963138348169455
"Osmr",0.963073944796783
"Cntrob",0.962810477541581
"Atrip",0.962638561340121
"Pla2g4f",0.962612668650707
"Atp6v0a4",0.962570988751124
"Dcst1",0.962540197301141
"Fam169b",0.961564609462729
"Gdpd5",0.961546345962498
"Emc10",0.961036713194259
"Flrt1",0.960748476987617
"Samhd1",0.960402031293009
"Isg20l2",0.9603355511148
"L3mbtl2",0.959886738796145
"Tubb4a",0.959646711587269
"Zfp503",0.9596250773549
"Kctd11",0.959619114051807
"Tomm40l",0.959616259464603
"RT1-CE5",0.959450878845021
"Uvssa",0.959161774403218
"Fam101a",0.95901214082567
"Plekhn1",0.958798384928054
"Rps10",0.95836782902613
"Dctd",0.958159247001864
"Psmf1",0.958061090159949
"Trmt6",0.957992178754464
"Ttc38",0.957774917835811
"Spr",0.957459666149138
"Nupl2",0.957430645855279
"Bok",0.956984214515368
"Aifm3",0.956931485472209
"Dusp28",0.956895022285667
"Srf",0.95633924442484
"Kynu",0.956247669737769
"Prps2",0.955873805613045
"LOC257650",0.955368617886994
"Gga1",0.955155102514623
"Tceb2",0.95478071265856
"Ddx55",0.954616083790978
"Tanc2",0.954464095510042
"Pcbp3",0.954397332181579
"Sipa1l2",0.95424515102969
"Galnt7",0.953934726501685
"Zmym3",0.953879236927509
"LOC100912034",0.95382746423059
"Pter",0.953786831029153
"Tnip2",0.953008050337396
"LOC103690054",0.952383316214876
"Tprkb",0.952160088567017
"Cib1",0.951723395398864
"Dkk4",0.95169198344975
"Rassf1",0.951604718679623
"Adcy9",0.951535973714729
"Camk1",0.951311420132125
"Tgm1",0.950793837933912
"Zdhhc1",0.950368755530098
"Pak6",0.950325521201443
"Col13a1",0.95017958906267
"Map4k4",0.950069338339023
"Cry2",0.949938209132317
"RGD1304929",0.94967417280135
"LOC102549615",0.949473356305795
"LOC100910130",0.948811868174568
"R3hdm2",0.948595933944883
"Phldb2",0.948234119532426
"Sbspon",0.94802341755968
"Bricd5",0.947546409925663
"Dhrs11",0.947511266140325
"Pcdh18",0.947225472367289
"Gpr101",0.946840219240282
"Prss53",0.946753221606425
"Bloc1s4",0.946608690585316
"Npffr1",0.94644478183337
"Fen1",0.946408350535245
"Pld2",0.946150062738289
"Nrl",0.946149763628897
"Gadd45b",0.945633851695559
"LOC100911428",0.945623916564518
"Fam212b",0.945484904249451
"Nprl3",0.945405988027932
"Akip1",0.945189111052223
"LOC684270",0.944991273914691
"Acrbp",0.944830748505586
"Galr2",0.944812027968086
"Tmem138",0.944203250362109
"Uba1",0.943950723552287
"Lrrc19",0.943712858744395
"LOC102548503",0.943532121977857
"Ccnj",0.943480642095233
"Erich5",0.943264232697193
"Traf3ip1",0.943250535727522
"Mfsd11",0.942933640704526
"LOC100911855",0.942756092794792
"Megf11",0.942530935700579
"LOC102551694",0.942352602609593
"Cyp4f4",0.942015069871589
"LOC103690149",0.941611790666049
"Epsti1",0.941543059052528
"Gldn",0.940206259926357
"Fndc10",0.939847323029289
"Pcif1",0.939804214570609
"Tmod3",0.939685418364928
"Gpr35",0.939285571740114
"Clic1",0.939078770389175
"Btnl10",0.938634723855174
"Rbm17",0.938511926045188
"Cep76",0.938191050605277
"Mgea5",0.938146652039539
"Zfp326",0.93790338587675
"Tia1",0.937850250570289
"Sbf2",0.937687783266535
"LOC100362980",0.937587294063078
"LOC100909849",0.937455063369735
"Ralgps1",0.937321340785487
"Chrdl1",0.937106467238666
"Sytl1",0.936809620084208
"Gas6",0.936545276958699
"Hoxb4",0.936472958433614
"Usp38",0.935083584002281
"Ptpre",0.935024059977142
"Oasl",0.934870488701776
"Ppp6r2",0.93455365728724
"Zfp558",0.934549537571591
"Slc8a1",0.934459055300689
"Nlrp1a",0.934337684481488
"Hykk",0.933839698161834
"Slc26a11",0.93363346572039
"RGD1310127",0.933566852002032
"Samd1",0.933428311403204
"Ap4m1",0.933018249021199
"Thbs2",0.932792098916737
"Eefsec",0.932779418961363
"Atg9a",0.932295390695946
"Slc38a4",0.932146405277978
"Mok",0.932079550639799
"Tp53bp2",0.93182791451318
"Wisp2",0.931777327226205
"LOC100233176",0.931575291657363
"Scpep1",0.931402664646229
"Diablo",0.930493227216924
"Pced1a",0.930079427815055
"Mustn1",0.92989201728529
"Arhgef11",0.929749106411426
"Zfp521",0.929624178331185
"Pard3",0.9295950637809
"Parp3",0.928577511564207
"Bcl11b",0.928519115099301
"Mrpl21",0.928202504565962
"Mamdc4",0.927998441275318
"Ttll4",0.927974142514997
"Phf11",0.927866812460519
"Dopey2",0.927481151375086
"Fhl3",0.926889045758786
"Nkain1",0.926820812218321
"Max",0.926355291844138
"Pradc1",0.926311029117222
"Ano6",0.926301330674379
"Ttc12",0.925560768129932
"RGD1309621",0.925348664376532
"Lsm12",0.92530155862586
"Znf660",0.92455760354274
"Naip5",0.924253010912051
"Scnn1b",0.924213759985702
"Ift88",0.924120856716677
"S1pr2",0.923759745149494
"Tcta",0.922431508329513
"F5",0.922380492922208
"Armcx4",0.922157768158396
"Nop56",0.92112171506902
"Sstr3",0.92093310181558
"Cyp46a1",0.920897683751472
"Prpsap1",0.920063421623559
"LOC100911625",0.919849685314242
"Pdia5",0.919137621568579
"Gga3",0.918330728465159
"Unc5b",0.918283908434786
"Fam81b",0.918045532435537
"Sts",0.917939866290451
"Hsf1",0.91784010659926
"Dvl2",0.917706930879135
"Phactr3",0.917488380442266
"LOC103694878",0.916824280772452
"Ahrr",0.916734218070689
"Cln3",0.916496447953555
"LOC108351885",0.915573448449502
"Hmgb1",0.915538970736545
"Zfp78",0.914771009582266
"Ankrd54",0.914586596178786
"Zfp219",0.91417476109513
"Irgm2",0.914159073133857
"Gjd3",0.91413350711415
"Pcdhga3",0.913958169201254
"Rph3al",0.913817047965378
"Tacr3",0.913742006283216
"Zfp142",0.91314817972034
"Iqcg",0.912604376814482
"RGD1562811",0.912586784072093
"Ace2",0.912499309695738
"Wdr46",0.912482117319431
"Arnt",0.912151214154977
"LOC102546648",0.911779585451389
"Mtrf1",0.911639037390123
"Cks1b",0.911466776817516
"Ptgs1",0.910966543678892
"Tec",0.910475204563501
"Tor3a",0.910027777335829
"B3gnt9",0.910001737221155
"Prdm15",0.909298292924443
"RGD1310495",0.909090973644122
"Acaa1",0.908613337974888
"Rab4a",0.908573569069461
"Pick1",0.907465101887279
"Etnk2",0.906980480281209
"Ftcd",0.906921329495879
"Ifi44l",0.906591337833295
"Atxn7l1",0.90602457543751
"LOC102556446",0.905474200406312
"Gtf2ird1",0.90505732760277
"Timm50",0.904802481398287
"Prcp",0.904463456872541
"Glis1",0.904461215560963
"Riok3",0.904272646183131
"Usf2",0.903208607480739
"Slc6a4",0.902662407694413
"Bag6",0.902371666175138
"Cramp1",0.90220097261751
"Abtb1",0.902113977985459
"Plagl2",0.901813970835356
"Ripk2",0.901691852400866
"Cysrt1",0.901440065062191
"Gpr108",0.900919410374581
"Cfap43",0.900911644960149
"Tmem81",0.900820885587403
"Lrrc8d",0.900462338000582
"LOC299312",0.900369757051757
"Anks3",0.900181948635455
"Abhd15",0.900169565428084
"Fmod",0.899906566868603
"Fcgr2b",0.899381829668884
"Gsto2",0.899260900357641
"Rpap3",0.899039710792425
"Tmem220",0.898982056894194
"Pde3a",0.898655629500179
"Wdr18",0.898650939052519
"Msrb3",0.898640880513116
"Col19a1",0.897986737056663
"Wars",0.897051817420206
"Rbfox1",0.896687822892197
"Chd5",0.896392439373442
"Ubb",0.896386823620157
"Dlg3",0.896308873256174
"Polr2i",0.89627468467324
"Trmu",0.895732399509715
"Olfml2b",0.894897165644459
"Cryga",0.894823747086371
"Sult5a1",0.894395593593317
"Gjb1",0.893939406134672
"L1cam",0.893650195153206
"Hinfp",0.893631388364661
"Prkch",0.893566159559292
"Fyco1",0.893519799046682
"Fhl2",0.893380318684092
"LOC103690317",0.893277204524841
"Olr34",0.892809270671506
"Magix",0.892792691808657
"Reep6",0.892290099018031
"Jph3",0.891458567091446
"Upb1",0.891444066313139
"Fam92a1",0.891321535768578
"Itga11",0.890410120740682
"Ttc13",0.890188047819698
"Dpf3",0.890144568711686
"Trim5",0.889789910993468
"Ankle2",0.889305221810984
"Tom1",0.889286838451447
"Pgbd5",0.889034747072614
"Eln",0.888926126680165
"Meltf",0.888654187447543
"Otud1",0.888652461643052
"Wnt8b",0.888450226433082
"Wnt2b",0.888434707882348
"Rce1",0.888279991766955
"Igfbp5",0.88787217013001
"Sox12",0.887454356538942
"Kyat1",0.88706102539755
"Naip6",0.886957855222489
"Fam193a",0.886586149230761
"Rprd2",0.886183700783001
"Shank1",0.886150528623437
"Acp6",0.886080786375841
"Grip2",0.885991311095709
"LOC108348127",0.885729118960653
"Kbtbd12",0.885542789881959
"Pacs1",0.885534472460815
"RGD1559731",0.885289271765758
"Tfe3",0.884995797934833
"Cmtr1",0.884985606109886
"Dcaf15",0.884804783218554
"Cyyr1",0.884778966975388
"Trim8",0.884487852243462
"Cstf1",0.884370203446602
"RGD1308428",0.884237577666071
"Fam167b",0.883058099619872
"Lrrc29",0.882949135891922
"Paqr7",0.882397343983155
"Syt16",0.882303978883927
"Espn",0.882145317271926
"Eml3",0.881796514590769
"LOC685680",0.881712078091264
"LOC691354",0.881607055651025
"Rsrp1",0.881570739120009
"Fzd10",0.881373930485295
"Fscn2",0.881302053690296
"Fn3k",0.881175191694728
"Smad4",0.881007560279146
"Msh6",0.880683007194605
"Rttn",0.879848515145725
"Fcgrt",0.879439135204869
"Zfp639",0.879438544733467
"Cmtm8",0.879129926320442
"Baiap2l2",0.8790633507919
"Fbxl6",0.879049209779164
"Jph2",0.879047384541605
"Fermt1",0.878975108988967
"C2cd3",0.878777585435002
"Dtx3l",0.878509738498097
"LOC100912416",0.878054176279134
"Sox4",0.877933151465601
"Tmem214",0.877859371423264
"Chpf",0.877661656501307
"LOC498222",0.877655391602497
"Capn12",0.876994442952153
"Wfdc15b",0.87683188881839
"Tfpi2",0.876536883766388
"Kazald1",0.87640049461522
"Cfap53",0.876123038271485
"Prr36",0.875759467283341
"Cyp2u1",0.875732357338445
"Ssmem1",0.875726671773906
"Lurap1",0.875279289744149
"Ctsb",0.873776021549768
"Gli4",0.873488784803791
"Wnt11",0.873311325584816
"Taco1",0.872885400942891
"RGD1564308",0.872806756278284
"LOC103692307",0.871826845976617
"Col9a3",0.871478918768935
"LOC108349244",0.871289208800974
"Il17ra",0.871113789566285
"Zc3h11a",0.87100994399755
"RGD1565844",0.870950976164347
"Kdelc2",0.870525047417176
"Nova2",0.870024992349437
"Eri3",0.869342569677879
"Usf1",0.869322295095221
"Tiam1",0.869162132698885
"Pxmp2",0.868600008111264
"C1qb",0.867743718760441
"Gab2",0.867458625802841
"Myo18b",0.867085345640966
"Ctnna1",0.866956087616302
"Kat8",0.866759263806598
"Ntn3",0.866486061749037
"Fech",0.866479570820381
"LOC103694306",0.866116444241713
"Eif2ak4",0.865312614649122
"She",0.865281879498074
"Gtf3c5",0.864821357053773
"Trim69",0.864731362326094
"Dusp26",0.864658165592163
"LOC103694537",0.864148288749888
"Bbs2",0.863724786879738
"Rbm14",0.862709847956972
"Asgr1",0.862376373032024
"Myo7a",0.862356254158208
"Sh3gl3",0.862345499816182
"Hcls1",0.861361741371865
"Nek10",0.861271993854962
"Llgl2",0.861116746203507
"RGD1560556",0.860739072543989
"Aimp1",0.860725691317237
"Zcchc4",0.860301064092937
"Sgsm2",0.859891404003933
"Pskh1",0.859809231565271
"Map7d3",0.859791358515949
"Runx1",0.859534537409217
"Robo3",0.858820054163211
"Tp53tg5",0.858736433072222
"LOC498675",0.858568999199256
"Ly49si3",0.858555989069671
"LOC102547811",0.858504568617797
"Rasgrp4",0.85813616917292
"Slc6a12",0.85813192909799
"Dpy19l3",0.858031006366497
"Zfp36l2",0.857295161836734
"Sptbn2",0.857278972735417
"Cyp39a1",0.857064914564164
"Casp9",0.856976455740528
"Sec23ip",0.856560378683623
"Aqr",0.856508062207956
"Nr4a1",0.856323181559203
"Atp2a3",0.856272970140913
"Pitpnm3",0.855989605440172
"Tgm7l1",0.855771416462947
"L3mbtl3",0.855746701932347
"Eepd1",0.855499934828304
"Stat6",0.855371424983355
"Ramp3",0.855053676615227
"Nsrp1",0.85481522738216
"Adnp",0.854569707531586
"Adck4",0.853801985730874
"Tmem140",0.853780342878439
"Dnpep",0.853364237342747
"Cdpf1",0.852893707610454
"Mms19",0.852871986355263
"RGD1563667",0.852830578873262
"Spata17",0.852754121327605
"Ubash3a",0.852706717627563
"Zfp11",0.852075784171042
"Ube2v1",0.851535133707122
"Mcrs1",0.851008607406634
"Csad",0.850894951962028
"Med16",0.850841116616834
"Trim3",0.85082372587413
"Papd7",0.850606354302158
"LOC100909869",0.850300661065923
"Zfp280b",0.850300661065923
"Htatsf1",0.850094827850192
"LOC680835",0.849828266865791
"Sh2d1b",0.849664855466728
"H2afy2",0.84930488433003
"Rasgef1a",0.848942043981419
"Foxn2",0.848813448463178
"Mettl18",0.848675107790618
"Ddah1",0.847865276819622
"Agap3",0.847528585722029
"Bend7",0.847386198361702
"Ppp2r3a",0.846980329057815
"Rgs5",0.846902861395257
"Rbm10",0.846810332453507
"LOC689757",0.846583760047732
"Egfr",0.846242029259519
"Xbp1",0.846175243957733
"Rpl28",0.845987991817171
"Plekho1",0.845694259643892
"Naa10",0.845466728436499
"Atic",0.845339728106424
"LOC100359523",0.845325607710926
"Hhip",0.845135198200437
"Pkm",0.844879190534813
"Col22a1",0.844506779829306
"LOC108348298",0.843985741484061
"Gabrr2",0.843973455453907
"Fntb",0.843902841053524
"Col15a1",0.843824781957284
"Zdhhc3",0.843692023021246
"Lrrc71",0.843605588618919
"Cyp7b1",0.843061665103569
"Arhgap39",0.843029190639464
"Eif2b3",0.842965901428922
"Dip2b",0.842942135888343
"L3hypdh",0.842747658148184
"Hoxa3",0.842710633225591
"LOC108348320",0.842710633225591
"Ip6k1",0.842367147505215
"LOC100363502",0.842297708584974
"Spem1",0.842290299517169
"Slc39a5",0.841945833349376
"Emc1",0.841775561698511
"Wdr24",0.841243066257343
"Kansl1",0.84113293217466
"Gpsm1",0.841086222265854
"Ssbp3",0.840924909347031
"Vps8",0.840858869607774
"Acsm5",0.840540122775346
"Rtp4",0.839917069121172
"Khdrbs3",0.839223949356916
"Zbp1",0.838606343271417
"LOC108348322",0.838519221221026
"Ints7",0.838307697187079
"Ephx4",0.838046077350135
"Ripply3",0.837861670325432
"Fndc1",0.837841466019315
"Aarsd1",0.837785378490337
"LOC102552503",0.837766461017415
"Ptger2",0.837413977127481
"Rbm4",0.837353117982083
"Aes",0.837200967057709
"Epb41l2",0.837197420073835
"Rnf114",0.836912511265146
"Efcc1",0.836351131580823
"Dlx1",0.836089522885382
"Sgsh",0.835851221184856
"Glipr1",0.835475401023141
"Prmt5",0.835301923361929
"Zfp296",0.834889235870988
"Vwa1",0.834202590035889
"Pabpc4",0.834079217412618
"Epc1",0.834021581114356
"Them5",0.833529171549208
"Ppp6r3",0.833140879904456
"LOC103693723",0.833055261862013
"Snrnp200",0.832983998730779
"Camk2n1",0.831317121883086
"Trim63",0.83109443868429
"Rbm15b",0.830947145548908
"Ppm1g",0.830879674652791
"Glmp",0.830686909231759
"Klf5",0.830529746447888
"Zfp512",0.830133977214972
"Ggcx",0.829929801129409
"LOC691228",0.82903534575477
"Nrf1",0.828954576709005
"LOC499407",0.828903026664753
"Glp1r",0.828758522325405
"Dysf",0.828510144296132
"St14",0.828420235349562
"Il1rl2",0.828367999116193
"Tmem97",0.827939030581232
"Acnat1",0.82769799323928
"Phrf1",0.827613613238386
"Rpl18",0.827473993042584
"LOC102551140",0.827209265624503
"Heatr6",0.826031953797006
"Gpat4",0.825972242757058
"Pyroxd2",0.825610862669276
"Shroom3",0.825601161083763
"Actn2",0.825227114585432
"Tnfrsf12a",0.82521293868622
"Hs3st1",0.824971803990632
"Spats2",0.824788878846658
"Ppox",0.824662428351223
"Slc25a36",0.824140369912204
"Cxxc1",0.82386717068744
"Depdc7",0.823607660577328
"Rtkn2",0.822802495384333
"Cdc7",0.822504177655394
"LOC100363520",0.822124713362983
"Malt1",0.822120320583718
"Sox8",0.821695268524754
"Tpsg1",0.821377882029577
"Acad10",0.821326423132853
"Cyfip2",0.821311170114053
"Rpain",0.821223325591317
"Mapre3",0.820920055369314
"Klhl34",0.820358339478377
"Ccdc84",0.820353361328545
"Cyr61",0.820347739272514
"LOC100910944",0.82033316879873
"Nanos3",0.820072881839688
"Ccdc61",0.820038471770863
"Ctgf",0.819532075783814
"Gatad2a",0.819385592751538
"Apol3",0.819305064514337
"Cxcl17",0.819303494731908
"Cdk2ap2",0.819289827883357
"Hoxd3",0.819203532959659
"Grin2b",0.818266036965411
"Ldlrad3",0.817770688734449
"Med1",0.817690621441536
"Prcd",0.817630510685195
"Dab2ip",0.817345821420922
"Wdr77",0.817219186517022
"Retsat",0.817096378004874
"Ercc6l",0.817047656951866
"Epor",0.816988821819172
"Ccdc116",0.816849285504046
"Gns",0.816779295787881
"B3gnt6",0.816776717449174
"Kmt5b",0.816770422841444
"Ror2",0.816265352718842
"Vwa8",0.816053930878533
"Cnnm4",0.815969245359995
"Ckap4",0.815736938244963
"Tsks",0.81564533517183
"Rft1",0.815275269195897
"Mcm4",0.815143726781309
"Lrfn4",0.814788780271657
"Trappc10",0.814443880412445
"Lcorl",0.814428640565288
"LOC100909505",0.814322713089596
"Cracr2a",0.813922905924656
"Tspan15",0.813628460706919
"Klhdc4",0.813547895778633
"Bicc1",0.812982511265245
"Pth1r",0.812660141696315
"Zfp672",0.812556140405561
"Notch4",0.812357369119336
"Smc5",0.812237816479246
"Gstm3",0.811620200953398
"Vav2",0.811167728214582
"Pcdhb5",0.811097672450685
"Pgrmc2",0.81101426435671
"Fam151a",0.810965233678145
"Cd244",0.810792094065131
"Pcdhga1",0.810627335430391
"Gpc1",0.810344585838214
"Yif1a",0.809621786370726
"Foxl2",0.809497493660115
"Plcd4",0.809224604966666
"Cited2",0.808932361293296
"Rnf26",0.808871671041742
"Mif4gd",0.808862120451003
"Naglu",0.807910439056031
"Pik3r2",0.807847424247447
"Mysm1",0.807534196698373
"Ecm2",0.807508164603875
"Cep290",0.807364134375583
"Katnb1",0.806986539968052
"Gon4l",0.806316301250975
"LOC108350026",0.806294442594603
"Shcbp1",0.805922774496735
"Mecom",0.805725277687193
"Raet1d",0.805714102740414
"Trip6",0.805669955041401
"LOC680316",0.805561255249335
"Rilp",0.805379045451319
"LOC102553014",0.805233688489779
"Cd3g",0.805015903971737
"Sppl2a",0.804709596190832
"Cyp4b1",0.804669353511119
"Ccdc170",0.804499276870466
"Fam222a",0.804278308799653
"LOC108350407",0.803520089988917
"LOC102554500",0.803335705942998
"Tapbp",0.803146456425192
"Kxd1",0.803091925457022
"Mfap4",0.802596699351193
"Nkapl",0.802219013868887
"Ift22",0.801829186139183
"Cdc42ep5",0.801440854791519
"Zfp157",0.800915316083926
"Mpc1l",0.800798206750826
"Rpa2",0.800770275465187
"Cacnb3",0.800690926452694
"Dolpp1",0.800457181450911
"Pcdhgb4",0.800194934213315
"LOC102549471",0.80002385910349
"Tns1",0.79990802050315
"Naalad2",0.799852323773783
"Nr3c1",0.799339606505441
"Bco2",0.799208950363398
"Rbmx",0.798893933203978
"Kdm1b",0.798621511817273
"Ing4",0.798547631109348
"Plpp2",0.798226901742866
"Fam163a",0.798046001309638
"Fbxo4",0.79758026544501
"Ncstn",0.797042829854453
"Fam205c",0.796987883724313
"Tapt1",0.796957534581006
"Usp16",0.796796943766634
"Atp8b4",0.796328879167883
"Il1r1",0.79623836868081
"Map3k11",0.796152386153359
"Klf10",0.796144776873203
"Mgst2",0.795913447004723
"Zbed3",0.795809488836084
"Zfp652",0.795690472471474
"Atf3",0.795603662362929
"Ccdc85b",0.795494385742915
"Krt25",0.795302180511752
"Pop1",0.795082632317631
"Sptbn4",0.794615509421935
"Ccdc120",0.794374845904127
"Vrk2",0.794350481177972
"LOC102554031",0.794150676376206
"Fam45a",0.79393935723736
"Ly6g6e",0.793705782000141
"Elmsan1",0.793618622226089
"Tars2",0.79360437693764
"Slc3a2",0.793542713072229
"LOC108348189",0.793467837963969
"Rcn3",0.793201025725151
"Capn5",0.792674210274057
"Sestd1",0.791957917785828
"Thap8",0.791616178431018
"LOC102556459",0.791314776795369
"Tubb1",0.791231985641352
"St5",0.790807619752551
"Brd3",0.790133027089838
"Gjb2",0.789951978194461
"Cul9",0.789719726778578
"Zmym6",0.789554349397338
"Ttc21a",0.789363092644299
"Rnf24",0.789188627937569
"Il6st",0.789051568886557
"Scn2a",0.78897812046376
"Rora",0.788702038183243
"Csnk1e",0.788674289928197
"Gprc5a",0.788322808607024
"Odf3",0.788278932879131
"Dtx3",0.788186587403043
"Tmem121",0.788120958710062
"Tmem268",0.787908039332714
"Sfrp1",0.787725684423262
"Sirt1",0.787063251407903
"Usp36",0.786695830639484
"Ten1",0.786472647433393
"Vps16",0.785932612474504
"Cdk16",0.785850704025956
"Atg4d",0.785797301903409
"LOC102550397",0.78428155922288
"Ebna1bp2",0.784215435689535
"Rgs18",0.784123509096305
"Wwp2",0.784084269813676
"Dock5",0.78396824113497
"Il22ra2",0.783870447958309
"Snai3",0.783687488587407
"Rnf130",0.783656358679193
"Wbscr17",0.782834183595546
"Wisp3",0.78270561884833
"Srpk1",0.782000889654533
"Mrps10",0.781427804324425
"Popdc2",0.781234338775621
"Ly6h",0.780544667963659
"Ablim3",0.780339774792419
"Alg9",0.780338709918726
"Mfsd3",0.780218648590021
"Sufu",0.780137001934436
"Tssk4",0.779987655188097
"Myc",0.778871177522619
"Lrrc40",0.777942180939799
"Rassf10",0.777925278094744
"Phf7",0.777663309118952
"Smpd1",0.777250635156648
"U2af1l4",0.777234026016617
"LOC102554066",0.776787222569292
"Brsk1",0.776730681756238
"Tspyl5",0.776651214979891
"Ehd4",0.776254089999464
"LOC685619",0.776151437721
"Tox",0.775954726886672
"Efna2",0.775897410266526
"Rcor1",0.77535782444889
"LOC108348062",0.775060511779984
"Pcgf5",0.774924288162272
"Nfic",0.774880699001596
"Cnot6l",0.774818659354155
"Pld3",0.774696209301252
"Prelid3b",0.774007227691856
"Abhd12",0.773744958105538
"Ppp1r3b",0.773678021673714
"Trim11",0.773541614595173
"Chkb",0.7733380894112
"LOC108348250",0.773119011884881
"Oas1a",0.772790532032062
"Dusp13",0.771979145377189
"Efhd2",0.771805599461779
"Soga1",0.77047587892139
"Snhg11",0.769895611066823
"Zfp704",0.769678324263491
"Olr300",0.769387373748998
"Rtel1",0.769053009866667
"Arl14epl",0.76878817686522
"Acot7",0.768720107640676
"Wdr45",0.768516049736322
"Ugt1a6",0.768401137615227
"Mapk14",0.767847031924546
"B3glct",0.76783453488244
"Ptdss2",0.767238821945125
"Ugt1a7c",0.767057843520382
"Ankrd9",0.766808160407576
"Tnfsf8",0.766701390021051
"C10H5orf58",0.765985795600222
"Crtc1",0.765904410804292
"LOC102555439",0.765785158338829
"Efnb1",0.765664739219815
"LOC103690106",0.765519382767004
"LOC690283",0.765491852362643
"Gucy1a3",0.765395438262164
"Hes6",0.764769681601801
"Rhbdd2",0.763850172254429
"Akap1",0.763499277913852
"Ccar2",0.763202879739304
"LOC685187",0.763118525015327
"Fam124a",0.762482054491127
"Rock2",0.761535660663787
"Ica1",0.761326615676284
"Top2b",0.761097852903858
"Map4k3",0.760818002851571
"Noc3l",0.760735478484172
"RGD1306271",0.760326172391702
"Zfp978",0.760277834516198
"Hoxb5",0.759962428284259
"Rbbp8nl",0.759687891508088
"F12",0.759443906203178
"Eps8l2",0.759437941129246
"Tspan18",0.759407272842957
"Emilin1",0.759280951203852
"Neo1",0.757977705519709
"Krt20",0.757570759205221
"Mylk2",0.757003987822773
"Testin",0.756552977515795
"Nr5a1",0.756330125240524
"LOC100362814",0.756064412199404
"B3gnt7",0.756009481753737
"Atp2b4",0.755671912285597
"Tifa",0.755634658742708
"LOC100909794",0.754981978834766
"Jup",0.754763673618619
"Mcart1",0.754352522996421
"Scg2",0.754039538735983
"Gmppa",0.75393296109716
"Bik",0.753751780268324
"Aldh3b1",0.753708934272621
"Ak4",0.753508445787403
"Dnajc11",0.752983654697209
"Abhd11",0.751936190841483
"Ano2",0.751872018206135
"LOC108350839",0.751111504128114
"Cd99",0.750666209825256
"Mrps27",0.750578841417962
"Synb",0.749919963859828
"LOC103690007",0.749904071831822
"Gimap5",0.749788007588346
"Oard1",0.749695655702629
"Paf1",0.749431096756435
"Papd5",0.748721687356251
"Pomgnt1",0.74866521516121
"LOC687560",0.74835592275744
"Erbin",0.748251980752157
"Kcnab3",0.748093768914995
"Chd3",0.747895677383386
"RGD1562310",0.747799586398715
"LOC102555832",0.747781690162642
"Irak2",0.747523959256109
"Napa",0.747439300045018
"Fubp3",0.747281319686839
"Lyrm2",0.747254132173187
"Thbs4",0.74703851729768
"Rhbdl3",0.746961135827271
"Slc17a2",0.746748855862588
"Pygo1",0.746696102972955
"LOC685215",0.746619665827037
"Slc35d2",0.74657496194624
"LOC108349776",0.746529988001194
"Ttll13",0.746066477941339
"Elf1",0.745838894192609
"Itih4",0.745657883940231
"Trip13",0.745558468799071
"Adamtsl4",0.745480839906399
"Mrpl52",0.744870612676472
"Fam205a",0.744826369253264
"Abcg1",0.744747246381208
"Trrap",0.744668043188255
"Ngdn",0.744498128809512
"Tmem74b",0.744307755849572
"Marcks",0.744290935525389
"Nabp1",0.744184578885054
"Gamt",0.744093974231399
"Ap2a1",0.743782856531538
"Itga2",0.743748045235441
"Nexn",0.743557991349504
"Slc25a52",0.743527267571487
"Zfp185",0.743479872151449
"Slamf9",0.743354071659581
"LOC103693197",0.742838458131332
"Trmt2a",0.742653615151895
"LOC103693664",0.74244056329738
"Zbtb7a",0.742429530544984
"Rimklb",0.742426228451975
"Snx32",0.741955673945327
"LOC691712",0.74187933179598
"Amigo2",0.741594549006304
"Actl7b",0.741532789850022
"Xrra1",0.741525927108585
"Clec4a",0.74152368191514
"Fgd2",0.740882256489716
"Ubap1l",0.740627196000912
"Matk",0.740545092219958
"Cacna1h",0.74050640003085
"Krr1",0.740250412384386
"Synpo2",0.739035126698558
"Dach2",0.738863358270295
"Sertad1",0.738683483400609
"RT1-N2",0.73859740808009
"Cobll1",0.737982383208063
"Vps13d",0.737485847774365
"Neil2",0.73726833362725
"LOC108350588",0.737141843006166
"Top3a",0.737105027972933
"Lipogenin",0.737076308090912
"Olr292",0.736698447372831
"Bcl9l",0.736667430177254
"Dnajc4",0.736310824824874
"Lpar4",0.736278875736485
"Nes",0.73616323825168
"Tspan4",0.73607256980904
"Pef1",0.735649130689359
"Kctd10",0.735398409338576
"Tgif1",0.735338955144109
"Pla2r1",0.735150113259486
"Lnp1",0.735146364873995
"Adam12",0.73490782284906
"Ddx17",0.734795174559725
"Gins4",0.734604986054304
"Plppr1",0.734131237941841
"Mkl2",0.732848724322631
"Lmcd1",0.732600339798941
"Soat1",0.732526696660415
"Ubtd1",0.732390901922631
"LOC102550291",0.732258203022461
"Dhx35",0.731903251623719
"Plac8l1",0.731355899493074
"Rrm1",0.731314107951709
"Ttll11",0.731200742214149
"Dst",0.730807150854913
"Psmc4",0.730746182356302
"Ccdc188",0.72991365379268
"Jarid2",0.729860332128924
"Gng13",0.729747329068902
"LOC687707",0.729140837410852
"Cep41",0.728963172568293
"Mall",0.728581904357026
"Polr2c",0.727988963052053
"Clic3",0.727903002950323
"Pcnp",0.727743380711793
"Unc79",0.727621639154599
"LOC108351878",0.727509353685432
"Fbxl12",0.727371589020216
"Yars",0.727342104818405
"Rbbp6",0.727182646399848
"Slc22a17",0.72709667081623
"Parp11",0.726733235302226
"Scamp2",0.726630302598087
"Rhog",0.726505151890405
"Pigb",0.726416863514836
"Cdv3",0.72629194517295
"LOC108348167",0.725694833850056
"Rnasel",0.725324382433247
"Ccdc34",0.725291945923345
"Suz12",0.725089666610689
"Ptprk",0.725004062632339
"LOC103691813",0.724667936778629
"Ctf1",0.724196385317926
"Nolc1",0.724140109211803
"LOC685157",0.723885636756679
"Slc39a3",0.723863262370254
"Relb",0.72384783151126
"Eif4e3",0.723635734084653
"LOC108349753",0.723480990641121
"Gnat1",0.723200028916658
"Cxcl10",0.723152165907432
"Cnot9",0.722943603935318
"Sdr9c7",0.722940307401996
"F8a1",0.722768640304638
"Abca4",0.721802977781919
"Ly6g5b",0.721770955666963
"Thra",0.721663340880738
"Rbck1",0.721251933772372
"Fam76a",0.721209151847775
"Nos1ap",0.720876583876208
"Ddx51",0.720580420465825
"Gpr88",0.720503614756739
"Astn1",0.720377050317159
"Slc1a1",0.719427835261661
"Adam11",0.719407150430876
"Ccl28",0.719170947601277
"Cwf19l1",0.718814161056208
"LOC680910",0.718809075549602
"Pigl",0.718762075074961
"LOC687399",0.718755582443061
"Krt80",0.718631592356363
"Nfe2l3",0.718564431729611
"Zfp951",0.718345161419083
"Spice1",0.71818783430206
"Entpd7",0.717961073543089
"Ttll5",0.717924022423961
"Msi1",0.717761653605402
"Myrip",0.717604749174399
"Fsbp",0.717239884710316
"Rpf2",0.716667136728221
"Wscd2",0.716011712432188
"Cfap52",0.715594195784869
"Sertad2",0.715592032556601
"Bbs1",0.715410537479532
"Fzr1",0.715100902107414
"Ccdc177",0.714591849198025
"Mdfi",0.714549887864575
"Magee2",0.71441883367628
"Zc3hav1l",0.714024542547281
"Gcm2",0.714000914431247
"Morn3",0.713986082249777
"Pgm2",0.71384649170729
"Il17b",0.71380253744463
"Ankmy1",0.713295610549087
"Actn4",0.713168807845183
"Myl4",0.712349860484845
"Zswim4",0.712244619133294
"Cabp2",0.712226331000133
"Cd3eap",0.712137022030419
"Stx19",0.712069786598947
"Tmem150b",0.712032198515387
"Rdm1",0.711963310489219
"Bcl2l15",0.711961191590889
"Spns2",0.711900485011778
"Hps6",0.71089783555906
"Lypd1",0.710798791618325
"Clk1",0.710535700684265
"Eci3",0.710462282363445
"F2rl1",0.710411782216145
"LOC100362432",0.709800031255238
"Ints10",0.709693267425767
"Mbtd1",0.709060945439186
"Slc11a2",0.709046798115218
"LOC259244",0.708653890503239
"Kctd19",0.708534055260172
"Atp11c",0.708406488634116
"Rorb",0.708375586173264
"Ss18",0.708118290094399
"Ankk1",0.707780333299414
"Cntnap1",0.707247556931535
"Itga7",0.707048952631277
"RGD1307554",0.706594236300038
"Adprhl2",0.706556101094549
"Znf768",0.706480632577924
"Tle6",0.706231340927139
"Rnf152",0.706198439718971
"Pacrgl",0.706129334647835
"Pnlip",0.705932427459482
"Kat6a",0.705196637615828
"C1qtnf4",0.705146463005765
"Ppp1r12c",0.705036835432969
"Oser1",0.704846567581584
"Fbxo32",0.704565758108108
"Coro7",0.704251610991414
"LOC103689968",0.704186708516485
"LOC102551980",0.704175583151567
"Adra2c",0.703969754106754
"Adrb2",0.703547151354293
"N4bp2l1",0.703531460729315
"Tomm34",0.703465719448749
"Vps11",0.703367747029711
"Slc22a12",0.703333370559124
"Rlf",0.702627542691347
"Icos",0.702586376646462
"Prdx6",0.702424399866729
"Kl",0.702054263742264
"Adprh",0.701524040010102
"Grik5",0.701245101862797
"LOC690918",0.700493172931276
"Dlc1",0.700451201304216
"Def6",0.700228898863487
"Gtpbp3",0.699956126408872
"Cr1l",0.699537118064738
"Zfp385a",0.699464218060492
"Nelfa",0.699211165678076
"LOC102550773",0.698576854942676
"Ppp1r1b",0.698548254054919
"Ltb4r",0.698504714918087
"Mypn",0.698453807602382
"Rfx8",0.698412496593457
"Tgds",0.698331478026186
"Ipo4",0.698325347715558
"Lyar",0.697952118946148
"Ctso",0.697708542286085
"Dnaaf3",0.697598382454109
"Ticam1",0.69720483616592
"MAST1",0.696957763808006
"LOC103692813",0.696375037720343
"LOC108353263",0.696238204292944
"Fig4",0.695744424466673
"Rasal3",0.695455990462124
"Tex14",0.695377878670751
"Il1rapl1",0.69526588282298
"Insr",0.694015578589396
"Bms1",0.693942803207668
"Sec22a",0.693883439217764
"Zfp3",0.693812349871037
"Aqp11",0.693697162151909
"Cd5l",0.693666880368908
"Tbx19",0.693486511914032
"Efcab10",0.692989548079427
"Vipas39",0.692907650457184
"Asxl2",0.692685958271029
"Katnal1",0.692483222709171
"Pofut2",0.692407057288469
"Slc43a3",0.692187842633515
"Rpl29",0.691942768923722
"Syngr4",0.691701717512102
"Mlkl",0.691584807521549
"Arap3",0.691389497968016
"Gstz1",0.6910883963532
"Tmem125",0.690752559556064
"Exoc3l1",0.690616591368229
"Chmp2a",0.690588950897617
"Zfyve26",0.690378012842542
"Islr2",0.69034041412645
"Prdm16",0.690289412072139
"Fanca",0.690199195144834
"Cd63",0.690197388833537
"Ints4",0.690127592305105
"Deup1",0.69010618635091
"Krt76",0.689773752353273
"Hnrnpa3",0.689668427397507
"Gipc3",0.68925996267486
"Tob1",0.689245839365717
"Lrrc4b",0.689160905906518
"LOC100909590",0.688752759325316
"Gas1",0.688198869245285
"Dnah6",0.687968143751976
"Gnptg",0.687896104349217
"Tpd52l1",0.687082627050966
"Rln1",0.687035022200609
"Ccdc106",0.686262076051959
"Isl2",0.685459045366455
"Asb9",0.68542518838494
"Macrod1",0.684860983765842
"Mrgprb5",0.684545762697017
"Dennd2a",0.68446602639359
"LOC691280",0.684341614808494
"Dph6",0.684322447588127
"Akap3",0.684285789578628
"Spry2",0.683863439721809
"Rnase4",0.683629571578637
"Foxa3",0.683362620299041
"Gper1",0.683159864242031
"Il17rb",0.682787441360053
"Akt2",0.682767365994281
"Hacd4",0.682621971485114
"Ccdc151",0.68241647537833
"Plcg1",0.682207922651575
"Cpox",0.68179911205656
"Sypl1",0.681582331105504
"Zfp446",0.681399586089412
"Zfp18",0.68123649539782
"Ddx50",0.681110885259258
"Lypd6",0.681007816026564
"Chmp6",0.680571879603476
"LOC102553270",0.679651570114168
"Loxl4",0.679582282635254
"Tnfsf12",0.679497715314435
"Tmem63b",0.679369724647157
"Ddx25",0.679314228875831
"Pklr",0.679182845660301
"Esm1",0.679138365808741
"Gpn2",0.678487744300566
"Pxylp1",0.678341742032004
"Prorsd1",0.678262884943647
"Rasl11a",0.677875655175656
"Golgb1",0.677734225349754
"Pde6c",0.67753562376537
"Smagp",0.677197826135648
"LOC690182",0.676713742249779
"Cars",0.676664901988619
"Plekhf2",0.676518965247284
"Stk16",0.676147145908791
"Mmab",0.6758237300742
"Rpl27a",0.675272708301704
"Tkt",0.674925575837566
"Pkn1",0.67490386397441
"Cpsf3",0.674868135183319
"Aif1l",0.674232204097865
"Gnrh1",0.673881010058876
"Socs5",0.673613344188121
"Gorasp2",0.673524664058013
"LOC102554881",0.673041939334215
"Ly6c",0.672846308997597
"Igf1r",0.672650239604383
"Mutyh",0.672428026817825
"Sclt1",0.672388144062984
"RGD1311739",0.671838751098974
"Ankrd23",0.671258020726585
"Sowaha",0.670946668839791
"Ptf1a",0.670757654185166
"Mcmbp",0.670635208218808
"Rdx",0.670455906169296
"Clta",0.670316177894989
"Gemin5",0.670264671523635
"Kdelc1",0.670054921520378
"Ccdc18",0.669944166846964
"Tchh",0.669787160373621
"Esrp2",0.669591734984872
"Tacc2",0.669322818998117
"LOC100912115",0.669262813911018
"Srek1",0.669188485096759
"Snd1",0.66887256788696
"C11H22orf29",0.667950056226372
"Cplx3",0.667502951333372
"Dpp9",0.667212289816308
"Farp2",0.666437984484687
"LOC102548728",0.666340175340204
"Fam83d",0.666299968101649
"Clu",0.666132836300693
"Pstk",0.665998957140987
"Lgi3",0.665858100415648
"Usp30",0.665403644833192
"Aplnr",0.665279100354426
"Mboat1",0.665111995474506
"Slc35g3",0.665082088235378
"Slc26a2",0.664483545084792
"Tssk6",0.664284217174047
"PCOLCE2",0.664159740643307
"Tpp1",0.664110962486003
"Actl6b",0.663964113121393
"Gsg1",0.663762225430713
"Dpys",0.66345028351751
"Clec4d",0.663294036262027
"Ces2g",0.663292781192268
"Cdk18",0.663199306497538
"Maf",0.663187049067332
"RT1-M10-1",0.663092235323074
"Fam136a",0.662899011783002
"Abcd4",0.662670598866422
"Arid5a",0.662535248790437
"Batf3",0.662528109483834
"Tmem239",0.661904873073995
"Abcg3",0.661636018560598
"Rps5",0.661575619256908
"Sspo",0.660237920512582
"Tfpi",0.660197009804262
"Ptov1",0.660118430716997
"Etv6",0.659787283348422
"Reps1",0.658901785819623
"LOC498711",0.658838724667069
"Map2k5",0.658387343506856
"Cd69",0.6582497895054
"LOC103689948",0.657980372510363
"Btnl9",0.657756762339359
"Lif",0.657705061138498
"Nfkbiz",0.657422874558982
"Spatc1",0.657325821727792
"Ppp4r3a",0.657172313822598
"Tbx6",0.65706009694613
"Mast4",0.656891265060237
"Slc35c2",0.656569050330951
"Cdc25a",0.656300244529527
"Cmss1",0.65626374767104
"LOC100909954",0.656221246633093
"Disc1",0.655306685545794
"Ch25h",0.654941824404509
"Exoc3l4",0.654697463558131
"Ptgds",0.654311007859693
"Rgp1",0.654259188724601
"Oas3",0.653723326691996
"Kank4",0.653647242462315
"Zic5",0.653056475861067
"Cd163l1",0.652974357444023
"Slc6a13",0.652846901125049
"Sf3b2",0.652830224485858
"Nat10",0.651997000735856
"Arhgef26",0.651599206434572
"Sidt2",0.651596177573271
"Pafah2",0.651364758650549
"Smarca4",0.651282958984437
"Zbtb8a",0.651079683660006
"Phkg2",0.651062665403993
"LOC100912483",0.651046567540223
"Snx17",0.650898019766131
"Pycr1",0.650631148533767
"Ajuba",0.650446830022143
"Eid2b",0.650296764817575
"Lat",0.650143262840191
"LOC100362110",0.650075960960377
"Gne",0.649887694539667
"Vtn",0.649651754319268
"LOC108352163",0.649587437011524
"Spata21",0.649469674288696
"LOC100909712",0.649459266851228
"Saal1",0.649367288104408
"LOC100912596",0.649133024036151
"Acsl1",0.649006834651626
"Nat6",0.648851629677273
"Fam78a",0.648583965619622
"Tnfaip8l3",0.648410777576585
"Whsc1l1",0.64826612322326
"Cnih3",0.648028317545381
"Pkp4",0.647893475031526
"Itih3",0.647336008406322
"LOC100363116",0.646898681511672
"Npl",0.646475316669005
"RGD1559482",0.646467455454166
"Traf5",0.646014163306126
"Ddx56",0.645968554965733
"Msl2",0.645930892787266
"Glis3",0.645527648785399
"Ablim2",0.64540884949591
"LOC100910278",0.645202736214078
"Srd5a1",0.644804277930965
"Jam3",0.644692083731589
"St8sia6",0.644614997329721
"Adgrv1",0.644077454152651
"Arfgap1",0.644034033428227
"Pirb",0.643550192997203
"Dlec1",0.643244360321379
"Ldhd",0.643192384294309
"Clk3",0.642666514977191
"Gltp",0.641953548659162
"Mthfr",0.641881928692673
"Bace2",0.641783791418541
"Fbxo21",0.641721999680495
"Prdm5",0.641421206377165
"Rptor",0.641410493986838
"Tas1r1",0.641362003625897
"Fibp",0.640902302523568
"Tp53i3",0.640389660836094
"Unc45a",0.640059291741321
"Atxn3",0.639962881500271
"LOC100911572",0.639416892860515
"Pus7",0.639242889686915
"R3hcc1l",0.639195927860381
"Bptf",0.638991551747921
"Numb",0.638296204428609
"Ly6l",0.637443385024022
"R3hdm1",0.63737609740438
"LOC103690502",0.63708486857759
"Nfkbia",0.636934046114172
"Gnl3",0.63655002177342
"Gimap7",0.636439640801824
"Chd9",0.63638084687114
"Arfgap3",0.636145745696449
"Cluh",0.63599706045269
"Cyp4f5",0.6358975952586
"Rab44",0.635815319190089
"Polr3b",0.635745060027579
"LOC108348180",0.634950976519193
"Wdr93",0.634904517630167
"Hs1bp3",0.634859122652711
"Fbxw2",0.634427937270498
"Ppp1r32",0.634392556332319
"Capn15",0.633955953214163
"RGD1304567",0.633525095097634
"NEWGENE_1305243",0.633319187161762
"Zdhhc8",0.63296775007405
"Chn1",0.63270465451399
"Elmod2",0.632349615827923
"LOC108348201",0.632289447411106
"Hemk1",0.632211597807186
"LOC100912336",0.632169127260243
"Ptprf",0.631955183985289
"Snph",0.631794255864266
"Foxq1",0.631769151178392
"Usp43",0.631455268827967
"Cotl1",0.631299624298112
"Garnl3",0.631103355014411
"LOC108351831",0.63105601746474
"Add3",0.630894950221188
"Brd2",0.630821255311082
"Mitd1",0.629930271727701
"G4",0.62992826284034
"Fam173a",0.629693058909948
"Morn5",0.629566231896437
"Erp29",0.629545902537855
"LOC100909860",0.629131625740858
"Pllp",0.629114241329591
"Alox12",0.628533698651734
"Smco4",0.628180204805592
"Arhgef12",0.627680117015143
"Cxcr5",0.627663824603113
"LOC100911813",0.627534631373388
"Hsd17b11",0.627414762955272
"LOC102552988",0.627273236225622
"Atg101",0.627137560075239
"Myo16",0.627073382612858
"RGD1562618",0.626957463931527
"Akr1b7",0.626838446835687
"Dph1",0.626543652016994
"Ppp4c",0.626499900731419
"Abca8a",0.626434887736914
"Flrt2",0.626401480604446
"Wbp1l",0.626077043833623
"Nudt18",0.625867774376862
"Nxph4",0.625541866165628
"Ms4a6b",0.625001126010402
"Fut2",0.624949600325603
"Il2rg",0.62483555802847
"Mrpl23",0.624620543493906
"Cdnf",0.624420476270993
"Imp3",0.623880060037311
"Gp5",0.622880256640233
"Nabp2",0.622367996006755
"Trabd",0.622071914180131
"LOC685989",0.621936660454202
"LOC100360380",0.62188725625574
"Nr4a3",0.621493972416511
"Zgrf1",0.620914584557267
"Tead2",0.620687924405368
"Sh2d1a",0.620458434683187
"Abcc10",0.620453392721279
"Il11ra1",0.620040696048994
"Elp5",0.619970414022484
"Mef2d",0.61990921172768
"Phf1",0.619851223400666
"Rras",0.619822715188067
"Traf1",0.61976478052751
"Ankrd55",0.619744032888435
"Spata18",0.619552404685341
"Lactb",0.619506031373132
"Thyn1",0.618827106316614
"LOC103693563",0.618736401295094
"Rin2",0.618545777775497
"LOC108348157",0.618457208506829
"Zfp382",0.618018603556478
"Tox3",0.617934355129069
"Abca1",0.617546031115523
"RGD1559441",0.617523356471794
"Hhipl1",0.617429329315862
"Plac8",0.617338582767628
"LOC685574",0.617218809010285
"Mrpl47",0.616537493713897
"Dennd1c",0.616384894093795
"Ercc6",0.616196542812437
"Stk25",0.61593904167907
"Ccdc191",0.615826659244914
"Dsc2",0.615511912793067
"Isx",0.614758376927618
"Dcaf4",0.614723346275889
"Neurl2",0.614647857443146
"Vwa5b2",0.613137479211655
"Kcnt1",0.612916541641256
"Frmpd1",0.612773353255933
"Zc3h18",0.612621956370392
"LOC102549812",0.61256545533368
"Ftl1",0.612440563900808
"Wrap53",0.612039246058281
"Adrm1",0.611987119507833
"Rangrf",0.611844485493559
"Ndufaf3",0.6117501422802
"LOC103694876",0.611314767279037
"Slc38a8",0.61085863933328
"Kcnq1",0.610852040216424
"Ash1l",0.6104954060164
"Gem",0.610482543206558
"Larp6",0.610417394211458
"LOC100911261",0.610065491123658
"Mesp2",0.609924170517072
"Coq7",0.60972773646538
"Wdfy3",0.609483246767898
"Cdyl",0.60937340172656
"LOC103689949",0.608999977140969
"Stxbp5",0.608829439625035
"Phf13",0.608373967331228
"Lcn12",0.608365447949201
"Gpatch1",0.607796972661883
"Nol8",0.607692528894923
"P3h4",0.607682700725098
"P2ry12",0.607631603532281
"Flywch2",0.607596126455
"Adra2b",0.607594077453774
"RGD1565775",0.607543180282019
"Zbtb32",0.607058785070858
"Ptk2b",0.606604596704558
"LOC681766",0.60652553602138
"Pla2g1b",0.606012805953065
"Calca",0.605531620857449
"Bmp2",0.605499655432372
"Smyd5",0.605455789235871
"Wee2",0.605443302931246
"Atpaf2",0.60502946258271
"Magohb",0.604905170239641
"LOC102546764",0.604533812740904
"Txnip",0.604291020879868
"Colgalt1",0.603902196774757
"Mpp3",0.603415790089203
"Dnm1",0.602802126389538
"Eif2ak2",0.602778730654225
"Asf1a",0.602512038368244
"Dnmt3a",0.601767384473217
"Batf2",0.601676117285979
"Efcab3",0.601291561195141
"Dgkq",0.601176124066032
"LOC103694855",0.601115934516312
"Mrpl40",0.600958791247863
"Qrsl1",0.600798922319315
"Zfpl1",0.600591227508189
"Ubr7",0.600200430546355
"Gnb1l",0.599838259743376
"LOC108348069",0.599221788510968
"Sumf2",0.599006400114464
"Crb2",0.598678341926053
"S100a4",0.598619516021735
"LOC498231",0.598408088706295
"Tnfrsf19",0.598180711369818
"Ntsr2",0.598121118829822
"LOC103690190",0.597928217464706
"Mgat4b",0.597837655319025
"Clec2d2",0.597812654461361
"Cdh4",0.597522788329268
"Gfra4",0.597294680053819
"Zfp30",0.597085425854478
"Nup62",0.596849137238743
"Duox2",0.596841169202025
"LOC103690005",0.596806626536901
"Sorl1",0.596709085333198
"Rtn4r",0.596378817060241
"Mnd1",0.596351566451952
"Snx30",0.595754735152122
"Jag2",0.595723640211872
"Plek2",0.595704873005561
"LOC108350576",0.595691593039035
"Gpr37l1",0.595425712190893
"Recql5",0.595405350144852
"Epha10",0.59527715719613
"Rp2",0.595113282559975
"Nono",0.594914968919601
"Hnrnpdl",0.594864929467589
"NEWGENE_1310847",0.594421246119474
"LOC102547060",0.594167619306485
"Gja1",0.592975015620398
"Nepn",0.59277829699797
"Pcmtd1",0.592468837496133
"Eci1",0.592302180795424
"Efna1",0.591884312474085
"Amt",0.591828710734731
"Zfp169",0.591800105912261
"Cd72",0.591654830689793
"Nudcd2",0.591489944241185
"Zzef1",0.591326741791627
"Rack1",0.591145720727561
"Car13",0.59101080441233
"Btd",0.590835681435386
"LOC690826",0.590834671958552
"Tenm2",0.590799919817108
"Arid3a",0.590578129006107
"Zbtb34",0.590539992308297
"Cep135",0.590481882154188
"Vmac",0.590310698212087
"Atat1",0.590074016874253
"Lrrc56",0.589953679009014
"Nckap5l",0.589940683142114
"Ndufv1",0.589600109433769
"LOC100910438",0.589580015302985
"Ncdn",0.589434910528897
"Cebpe",0.589374310371428
"Dph3",0.589316128218346
"Sh2d2a",0.589162320395404
"Gle1",0.588979851667267
"LOC686030",0.588588327371292
"Niacr1",0.588472280705671
"Pelp1",0.588468662741759
"LOC102547920",0.588068380929204
"Babam1",0.58718982231723
"Plekhh1",0.586903402118183
"Aox2",0.586867869997934
"Perm1",0.586025263642637
"Dzf17",0.585904332618252
"Aspscr1",0.585804219955267
"Gpr132",0.585258626892148
"RT1-S2",0.585242680066922
"Tnfsf13",0.584949176064861
"Gsto1",0.584778383867894
"Arrb2",0.584631026261326
"Mpz",0.584617990223273
"Rdh10",0.584348328864385
"Dnal4",0.584033155507706
"Slc50a1",0.583809772484984
"Coq6",0.583801223125258
"Ogfod2",0.583623636751239
"Pfkfb1",0.583593191837053
"Ncapg",0.583408545704114
"Vcl",0.583408219614728
"LOC100911180",0.583352422004467
"Slc22a14",0.583276531227021
"Iqce",0.583244498916458
"Man2a2",0.5831159854873
"Gtpbp8",0.581829992784464
"Gjc1",0.581805570688948
"LOC102546698",0.58135662331501
"Mlc1",0.581348205055976
"Tslp",0.581204665633597
"Cyp1b1",0.580172067887963
"Cilp2",0.580168721848816
"Irf2bp2",0.580095308539546
"Arfgap2",0.579922062364779
"Sdc1",0.579891034951143
"Tdrd6",0.579464576668651
"Gngt2",0.579002607870256
"Casc3",0.578987163272451
"Adat2",0.578985924233795
"Zdhhc4",0.57865568370976
"Samd4a",0.578138080778064
"Klrc3",0.577694479330058
"Rccd1",0.577260798119085
"Sdccag3",0.577190483618815
"C4bpb",0.577099414614137
"Scyl1",0.57675033356057
"Adora2a",0.576656422135254
"LOC102555474",0.57662571680248
"Dennd2d",0.576277697753323
"Znrd1as1",0.575847102905037
"Laptm5",0.575731064643402
"Zfp295",0.575679049908764
"Nipal2",0.575541664339194
"B4galt2",0.575500504435055
"Ranbp3",0.575343792346899
"Mri1",0.575051268136804
"Lrp2",0.574976706679538
"Gpatch2",0.574871357077396
"Gnl1",0.574774727290785
"Cenpu",0.574517064687462
"Stac2",0.574374776764246
"Gtf2f1",0.573959345051015
"LOC108348336",0.573720265981023
"Hnrnph1",0.57366787991767
"Taf5l",0.573582308035341
"Mettl6",0.573461957342806
"Gata6",0.573291558625627
"Ube2m",0.573197404173634
"Dlgap2",0.572758834827386
"Sema3c",0.572200979546545
"Cyth3",0.571558129314121
"Fam83h",0.571460394685429
"Vwa9",0.571430111363663
"Nfyb",0.570349143985573
"LOC103692166",0.570181692996882
"Stra13",0.570122720410176
"Ap3b2",0.570031408119653
"Ccdc113",0.569972713414991
"Cyp2d1",0.569922957770379
"Mrpl37",0.569887294940436
"Pard6b",0.569830548222418
"Spaca9",0.569523050670724
"Luc7l3",0.569510810434657
"Ctnna3",0.569480685152815
"U2surp",0.56914398074201
"LOC103692167",0.569031447613619
"Cln8",0.569020547603861
"LOC102551788",0.568243330246999
"Zufsp",0.568202399044723
"Ncoa6",0.568063369542699
"Tiam2",0.567795282788484
"As3mt",0.567573767184858
"Fam109a",0.566945609774223
"Slc16a13",0.566858588684255
"Trim17",0.566752498752452
"Pcsk4",0.565966086958002
"Fam71e1",0.565702885618948
"LOC100362981",0.565069340841338
"Tbc1d20",0.565013662358919
"Tdh",0.564942108623595
"LOC103690996",0.564789024249881
"Kmt2c",0.564678482519164
"LOC102552675",0.564254099917613
"Nbas",0.564094854496099
"Chgb",0.563965354579708
"Igf2bp3",0.563857183961492
"Cthrc1",0.563704908942356
"Disp3",0.563692753814791
"Trappc9",0.563569731085843
"Fam214a",0.563568729414547
"Mrpl10",0.56348377769759
"Klhl21",0.563002475629946
"LOC108351821",0.562654467129209
"Edaradd",0.56243384247472
"Mkl1",0.561990267132101
"Nhej1",0.561772618676136
"Vps37b",0.561675057076941
"Gpr68",0.561567602301794
"LOC108349732",0.561428255432486
"Fzd5",0.56139177639072
"LOC100909569",0.561360324843814
"LOC690319",0.561213160658148
"Cacna1a",0.561169286562337
"Mks1",0.561058953032073
"Tnrc6a",0.560801935368701
"Grxcr2",0.560794037801423
"Dkk2",0.560110844745133
"Btbd8",0.560057287339781
"LOC679539",0.560007578947285
"Was",0.559719074751488
"Mief2",0.559705029567276
"Mterf2",0.559661849755393
"Stx17",0.559602688084635
"Lypd6b",0.559495733010002
"Ctcf",0.559464188836
"Cep68",0.559102163791988
"Rai2",0.558930984864404
"Aprt",0.558631680093271
"Slc7a9",0.558524846435634
"LOC100909521",0.558273358301594
"Gcgr",0.558117743000984
"Hk1",0.558095203052418
"Rfc3",0.557619720944663
"Utp14a",0.557609523390773
"Blvrb",0.557603880945479
"Bax",0.5571599382332
"Kctd20",0.557120295828534
"Akap9",0.556872789328292
"Tnfaip8l2",0.556867696729239
"Gabpb2",0.556751923504618
"Haus7",0.55666012942114
"Fgfrl1",0.556567904717435
"Hprt1",0.556486179226335
"Zfp366",0.55639488578675
"Prpf8",0.555946512700276
"Tnk1",0.55587999811629
"Tex264",0.555367059395155
"Slc7a1",0.555299437284484
"Cacna1e",0.554788633840189
"Ano1",0.554710039025044
"LOC500035",0.554368248821348
"Zzz3",0.554254031636616
"Rbm19",0.554156665749559
"LOC360919",0.554053145973815
"Colec12",0.553935975485265
"Chic2",0.553490656972183
"Ube2r2",0.553218063367505
"Rbp2",0.552939159995723
"Bhlhe22",0.552692882824145
"Ap2m1",0.552393621109998
"Snrpa1",0.552340974595713
"Rcor3",0.552240517887533
"Mgll",0.551963873848449
"Marveld3",0.550775538093013
"LOC308990",0.550662693217323
"LOC108350028",0.549805654453395
"Fam175a",0.54971452655044
"Fbxo15",0.549562450433014
"LOC102553611",0.549358297432998
"Fam210b",0.549074436610934
"Rad51c",0.548950652744663
"Pgam2",0.548869750264069
"Zfp787",0.548774465433194
"Mfsd5",0.548471559168942
"Nepro",0.548202891989149
"Mybphl",0.547917367685302
"Cd81",0.547377568516096
"LOC303448",0.547093649632308
"LOC108348046",0.546968821322908
"RGD1559908",0.54687360690041
"Chst7",0.546756735673323
"Radil",0.546558550953019
"Itga8",0.546459663637729
"Angptl6",0.546238968260271
"Ift27",0.546158787805912
"Aptx",0.545977051190268
"Vps28",0.545750094415713
"Isy1",0.545545906534307
"Sdsl",0.545278873480826
"Magi2",0.545261373617942
"RGD1561812",0.54512072942738
"Zfp51",0.545011137117761
"Gtf2h2",0.544695401333122
"Dag1",0.544462582592027
"RGD1311847",0.544445773832877
"Trpv4",0.544435777684614
"Guk1",0.543879430690977
"Fhl4",0.543820756522095
"Slc35b1",0.543612436348
"Enho",0.54360664807842
"Pgpep1l",0.543555581642916
"Abcg5",0.543471180790798
"Mgarp",0.543470296161869
"Lmo3",0.543322761910965
"RGD1561145",0.542999107764248
"Jak2",0.542923215140254
"Fcho1",0.542863846099274
"Ly6g6d",0.542816762672784
"Ppp1r36",0.542416748664949
"Chd7",0.541966028040832
"Slc15a4",0.541302012239181
"Calcrl",0.541232225437718
"Telo2",0.541068617867842
"Zfp106",0.540543852520208
"G6pc3",0.540390792460573
"Ttc29",0.539898051848414
"Slc28a1",0.539840431555184
"Rab34",0.539565267704448
"Galnt10",0.539492849825268
"Spag4",0.538843443173585
"Kdm5a",0.538762660396057
"Ccdc91",0.538708490670521
"Slc45a4",0.538609040321936
"LOC100912365",0.538589430190162
"Crhr2",0.53851848872044
"Cbr1",0.538356627591102
"Asb4",0.538162947790658
"Adamts12",0.538161883243045
"Ranbp3l",0.537859815015397
"Rprd1b",0.537666976858628
"Zfp385c",0.537417512312926
"Hmg1l1",0.536920092414936
"Prmt7",0.536592330283499
"Zdhhc23",0.536572442711741
"Acss3",0.536472454163888
"RGD1308106",0.536455972076983
"Fth1",0.536358530045987
"Luc7l2",0.536180124806219
"Sez6l",0.536123685856244
"Hoxc4",0.536093794670554
"Pdgfrl",0.53605397215111
"Cwc27",0.535912418564075
"Lgmn",0.535733251429694
"Slc25a43",0.535280339204064
"Casp3",0.535227161698878
"LOC317416",0.534830134374858
"Mfng",0.534746523479371
"St6gal1",0.534312959739496
"Cgref1",0.534241747437158
"Garem2",0.53417071627363
"Nxt1",0.533578517487611
"LOC102549397",0.53272488680901
"Agbl1",0.532552808490407
"Ankrd34b",0.532316971069772
"Wisp1",0.531944616093061
"H1f0",0.531907490357539
"Zfyve28",0.531843367532069
"Ank3",0.531391810137787
"Aplf",0.531364728585232
"Vwa5b1",0.531322546221392
"LOC102551177",0.53128824593485
"RGD1307315",0.531148034999094
"Eif4a3",0.531108622895561
"Creb1",0.530799455443382
"Abcf2",0.530564541593631
"Msx1",0.530237285841863
"Inafm2",0.530047204628509
"Trmt1l",0.529965942314195
"Gusb",0.529797433332815
"Gpsm3",0.529780972652297
"LOC103690165",0.52879611499777
"Smu1",0.528467321181329
"LOC108350812",0.528412803784721
"Dvl3",0.528393011006414
"Rpl11",0.528270595383304
"Sag",0.527946043775428
"Rimbp3",0.527776981734141
"Chrnb1",0.527667006355257
"Slc2a12",0.526922615026069
"Phex",0.526728886318337
"LOC102547078",0.526580152269508
"LOC100363314",0.526466806202507
"Grwd1",0.52645009409114
"Cdk9",0.526137907116605
"Stat1",0.525877142139149
"Acp2",0.525565672458651
"Grin3b",0.525537121152594
"Arhgap21",0.525468679705675
"LOC100911734",0.525264740982205
"RGD1305089",0.525101746265733
"LOC103691261",0.524955764603938
"Ykt6",0.524807170584784
"Lnx1",0.524594357913357
"Snapc2",0.524515467648765
"Cnn1",0.524483509757572
"Htra1",0.524367666067443
"Sct",0.524066755222813
"Pigq",0.523861501056673
"Gata2",0.523798648267394
"Colq",0.523463456501221
"Raly",0.523319363986569
"Tm4sf1",0.523096015298371
"Fkbp9",0.523033046405177
"Cfap46",0.522549796247166
"Pmfbp1",0.52218831691052
"Cybrd1",0.522001669250984
"Emd",0.521944339321235
"Qrich2",0.52157291341124
"Frmpd2",0.521459699214805
"Slc36a4",0.521322326420993
"Ccdc40",0.520996250209671
"Fbxo24",0.520978108598559
"Chad",0.520916865804302
"Wrap73",0.520914144789219
"Tsen34",0.520907628801941
"Tmem88",0.520820769169257
"Gnaz",0.520518292283878
"Klhdc7a",0.51999703001042
"Plek",0.519532577684585
"Rprml",0.519353427673068
"Fam174b",0.519102620051274
"Rpl19",0.518830274073064
"Chd1",0.518587867438429
"Papss2",0.51851881290492
"LOC108348144",0.518294746319916
"Aspn",0.51807336620796
"Tstd1",0.517629530680515
"Kcnv2",0.517587691118335
"Cnot2",0.517473556306919
"Dnd1",0.517414508257721
"Evi2b",0.517320213411998
"LOC102554096",0.517255358576172
"RGD1565222",0.517151167994119
"Cd96",0.516962912876836
"Syna",0.516844299860502
"Angpt1",0.516742357121762
"Fam166a",0.516504051369016
"Scn11a",0.516028181339678
"Banp",0.515990884606874
"LOC302192",0.51543095038762
"LOC102548162",0.515429496150868
"Zfp455",0.515391779654165
"LOC100361104",0.515304704948321
"Lrfn1",0.515233260156629
"Ctbp1",0.515164596841001
"Grxcr1",0.515037673093861
"LOC103694871",0.514808286193769
"Zdhhc24",0.514528920903092
"Fscn3",0.514447160140633
"Mecp2",0.514129601347528
"Shisa2",0.513964170864678
"Ift81",0.513950398802694
"Accs",0.513403458735545
"Cpne2",0.512876133432491
"Smap2",0.51178612826114
"Tsr1",0.511093936340026
"Mup5",0.51107530887999
"Zfp316",0.510877641175261
"Npat",0.510615885711686
"Blm",0.510492147607988
"Dbh",0.510382878564757
"Sall4",0.510128505584649
"LOC102551453",0.509763539998403
"Sec24d",0.509269732256534
"Adora2b",0.509098907608398
"Gpr83",0.508960077609381
"Arhgap26",0.508925698540504
"Smim6",0.508915620109189
"Armc3",0.508489908052865
"Ccdc33",0.508327736820888
"Kat2b",0.508144515105467
"LOC108348429",0.508143377395497
"Pnrc2",0.508039401011591
"Tbxa2r",0.507920076116672
"Il24",0.507052461213109
"Trim25",0.506738019634269
"Lace1",0.506703536161876
"Camk2b",0.506697690810721
"RGD1560813",0.506438246777289
"Nostrin",0.506093668129735
"Adamts9",0.505721494998641
"Arl13b",0.504663401707912
"LOC108348047",0.504155404406871
"Ly9",0.503953686993473
"Sap30",0.503866650862098
"LOC680200",0.50371012674466
"LOC103690896",0.503596621241181
"Arf2",0.503378216047277
"Gjb6",0.503175696232684
"Cckbr",0.503120954356286
"Hspb6",0.50292099512782
"Nle1",0.502530975768925
"Rab11fip5",0.502515018852015
"Ube2ql1",0.502390761887294
"Ncmap",0.502034668172619
"Smg1",0.501995433190672
"Gimap8",0.501950237262962
"Atp7b",0.501946852528564
"Nudt22",0.501861295561172
"Tex40",0.501812287325732
"Mpnd",0.501736256107159
"Btk",0.501733611088031
"Ccdc148",0.501606314267113
"Fam118b",0.50138806207113
"Rpgrip1l",0.501378760041272
"Samd14",0.500967719667885
"Dut",0.50067753192375
"Rp9",0.500560572929875
"Rslcan18",0.500004790865697
"Xpnpep1",0.49993820281839
"Taf6l",0.499935812206253
"Gtpbp1",0.499910452287441
"Serpine2",0.499910446220232
"Aldob",0.499626822299753
"Pcdhga5",0.499544532410972
"Cdipt",0.499505649020137
"Gadd45g",0.4993326559152
"Ak7",0.498563675531592
"Fahd2a",0.498548727895813
"Timm44",0.498491857687248
"Snx29",0.498376835348702
"Rpl36",0.498158621876863
"Sp5",0.498100573556185
"Arfip2",0.497936351353819
"Crym",0.497629092150446
"Pacrg",0.497337476672371
"Elac2",0.497188336245015
"Alad",0.497095394557548
"Cox10",0.496982876509009
"LOC684998",0.496965817508939
"Ehbp1",0.496567877002109
"Runx3",0.496391665039066
"Fam180a",0.496377808901004
"Ocln",0.49634482358179
"Itpkb",0.496305458237867
"Slc39a13",0.496019141980152
"Spata22",0.495963053317122
"Pcdh17",0.495893002514322
"Cep70",0.495881027378286
"Gpc2",0.495677291927698
"Map10",0.495373468749863
"Grk5",0.495079936870891
"Pcdhb14",0.495014446663369
"Slitrk6",0.494802492375558
"LOC102548478",0.49478783658466
"Gng12",0.494565049507891
"Zfand6",0.49413570268085
"LOC102547688",0.493534879226567
"Cd8a",0.492498954289951
"Tmprss9",0.4924027338342
"Diexf",0.492005618978679
"Spata7",0.491959218815539
"Nelfcd",0.491749220431099
"Slc37a4",0.491415360681074
"Ppie",0.49108013458383
"Eif4h",0.491070406826334
"Ociad2",0.491039879860503
"Ror1",0.490668285127676
"Ankrd50",0.490556440225239
"Gltscr2",0.490263577759924
"Hyi",0.490115751329415
"RT1-M6-2",0.490043202614383
"Iqcf1",0.48900541736985
"Lum",0.488421234404114
"Lzic",0.488401252613832
"Drap1",0.488274894422569
"Chrm3",0.488243976767597
"Arih2os",0.4880667029442
"Znhit2",0.488030077058291
"Cd36",0.487697331520783
"Foxp3",0.487245091547421
"Stag3",0.487180796863563
"Nwd1",0.487012356200946
"Tor1a",0.486661075936449
"LOC103691294",0.486648432137345
"Eral1",0.486611910466083
"Rbm44",0.486094386577927
"Zfp618",0.486081623383214
"Gid4",0.485737763411237
"Fbxl15",0.485701268231043
"Cic",0.485697574252498
"Zfp277",0.485428374054682
"Zfp143",0.485406616167639
"Trim66",0.485315437773356
"Ncbp3",0.485227665998869
"Atm",0.485165901954996
"Suclg2",0.485125936514733
"Pkd1l2",0.485021734874861
"Zyx",0.485008301146349
"LOC103693234",0.484462160584264
"LOC108352495",0.484449793815929
"Nod2",0.484051947122037
"Fus",0.483897410581281
"Il17rd",0.483654955095913
"Pum3",0.483625730625301
"LOC365949",0.483483116399966
"LOC103690006",0.483350182662921
"Ccne1",0.483251068523632
"Flrt3",0.482599276819543
"Cpq",0.482434975157603
"Parva",0.482429243148778
"Tapbpl",0.482395938735338
"Mtmr12",0.48227267015523
"Abcb8",0.481988945843969
"Dact3",0.480982835062862
"Serinc5",0.480934837756952
"Lrrc46",0.480924627590469
"Maff",0.480093409680888
"Inmt",0.480088663116033
"Grhpr",0.480013279571435
"Igfbp3",0.479913785627095
"Ing1",0.479624328072133
"Arhgef25",0.478991895850079
"Emilin3",0.478867897490729
"Rassf8",0.47841785137479
"Samm50",0.477937709961632
"Ssx1",0.477893312479724
"LOC681290",0.477810006252929
"Eif3c",0.477601550667231
"Myl9",0.477434707436924
"Pak7",0.477263361596611
"Ilk",0.477164093728625
"Gtf3a",0.477106121857568
"Ifngr1",0.477078460496413
"Rps15",0.476854624423156
"L3mbtl4",0.476533489920242
"Arpc1a",0.476308027078776
"Tram2",0.476294223279203
"Ncoa1",0.47624236777237
"LOC102553158",0.476220709447711
"Hbegf",0.476085993847721
"Cel",0.476053801455727
"Rfxank",0.47526591686547
"Cemip",0.475248194556374
"LOC102548917",0.475126950690545
"Eef2k",0.475005840446654
"LOC108352198",0.474662968045196
"LOC100360087",0.474529210712293
"Srsf9",0.47444003999804
"Igsf21",0.474068826017412
"LOC102546892",0.473454968928534
"Stat2",0.473211430617144
"Ccar1",0.472850654372248
"Fam43b",0.472682071261211
"Ift57",0.471580710126799
"Tm6sf2",0.471548151465493
"Cnot6",0.471461886649858
"Eif1ad",0.471151989504891
"Ppp1r9b",0.470890039046749
"Mos",0.470884946308001
"Brd7",0.470529471160822
"Cd247",0.470527389852695
"Prep",0.470497401661822
"Fam102a",0.470443564872577
"Dmgdh",0.470433030989212
"Rnd2",0.470330316215392
"Rbp1",0.470304570289671
"Mier3",0.470206275847547
"Apc2",0.470020415619091
"Kank3",0.469924447661176
"Patz1",0.469751943507967
"Drg2",0.469209796990362
"Tmem30b",0.469108677635994
"Uckl1",0.468999129828073
"Tmem9",0.468455735269483
"LOC108348130",0.467883970688553
"S100a16",0.467848580321632
"Mrps22",0.467770437413784
"Zfp617",0.467761943337644
"Cit",0.467282795817818
"Elp4",0.467135961928
"Pspn",0.466901563785787
"Tmem243",0.466447613092025
"Itgae",0.466352697833509
"Wdr83",0.466062636267011
"LOC100912904",0.466027351584883
"Ccdc65",0.465804137701367
"Zfp94",0.465607090385061
"Galnt12",0.465409736822061
"Mal",0.46519988689323
"Exosc2",0.465177009803168
"Larp4b",0.465105883789263
"Rec8",0.464983845362955
"Zmat4",0.464970221643963
"Htr2b",0.464854148540716
"Ncoa5",0.464571875538854
"Nlrp3",0.464212939683969
"Hoxa1",0.463787758909088
"RGD1561849",0.463406713060112
"Cacna1i",0.46326721404001
"Supt20h",0.463228172434435
"Eri2",0.463217768637391
"Trpc4ap",0.463200612386284
"Nt5c2",0.462391623158552
"Nat8f1",0.462372123679025
"Ccer2",0.462112742781002
"Exosc1",0.462090516712139
"Hnrnpm",0.461504835261566
"LOC102552073",0.461262250562073
"Smoc2",0.461135793972028
"Fbxo18",0.460836566655928
"Frmd4b",0.460827238287818
"Trim6",0.460784330112867
"Vrk1",0.46045567825945
"Psmd4",0.460422705464958
"RGD1562726",0.460420881352728
"Serpinb10",0.460018924528024
"Gramd2",0.460012902851922
"Aph1a",0.459972721636297
"Dgat1",0.459207421995644
"Stmn1",0.458536515675209
"Gatm",0.457962322361803
"Ppp4r3b",0.457874834322645
"Acot8",0.45758659113593
"Wdr5b",0.456985172661563
"Hexim2",0.456810400229016
"Sptlc1",0.456535448257744
"Atf6b",0.456349494883566
"Tgfb3",0.456249133431543
"Pcdh12",0.456126299909322
"LOC498265",0.455839346807674
"Lrrc30",0.455410436788899
"Stim1",0.455308426533593
"R3hcc1",0.455075318024829
"Sys1",0.455063835444313
"LOC102553031",0.454385379520296
"LOC100361079",0.454186862353873
"Trak1",0.454157514678445
"Ctu1",0.453431562917978
"Tfdp1",0.45317257350656
"Gramd4",0.45310113683809
"Lpar6",0.453047766675084
"Sec16b",0.452897701200164
"Nat8f5",0.452432045281262
"Zfp799",0.45231878353786
"Bpifb5",0.452086469124065
"Gna15",0.451804415877343
"Ccnb1ip1",0.451356487259186
"Mrps15",0.451255964333184
"Ankrd7",0.451248919621398
"Tcf7l2",0.451079918069892
"Wnk2",0.450957176472664
"Fbxo16",0.450820704887376
"Pdlim3",0.450765752619801
"Ppp1r3f",0.450340091569532
"Prlhr",0.449933782318879
"Eif4ebp3",0.44970753892617
"LOC103690508",0.449458693585909
"Trit1",0.449404052857969
"Ppfia1",0.449116618325277
"Pcdhb12",0.449090039675356
"Nek4",0.449008906188313
"LOC100911832",0.448462411316791
"Popdc3",0.448008481688364
"LOC100911511",0.447672041855197
"Vps52",0.447543707250402
"Slc26a7",0.447242860968681
"Ocel1",0.447104221763713
"Haus8",0.447014841786711
"Col4a4",0.4467102811413
"Adgrl2",0.446588636226329
"Zfp52",0.446484385732178
"Rap2b",0.446480002282812
"Pkp2",0.446151935143879
"Ttll12",0.446093898490318
"Dnah8",0.446062149511366
"RT1-M1-2",0.445912873506792
"Cfdp1",0.445763837234086
"Flt1",0.44537402866832
"Helq",0.445208303082151
"Sh3rf1",0.445188405611186
"Tmem175",0.445121765231502
"Styxl1",0.444715877047209
"Ube2j2",0.44462691727557
"Ppp2r2a",0.44438122787214
"Nipal4",0.443893871172493
"Celsr1",0.443889128505506
"Mmel1",0.443647760015699
"Ninj2",0.443500476918698
"LOC689986",0.443491060635441
"LOC100911456",0.443396197811432
"Cnpy1",0.443366863905631
"Fjx1",0.443346807774712
"Cep162",0.442983152831796
"LOC100909857",0.442249683345604
"Ddx18",0.442162682615268
"Brwd1",0.441814241386621
"Dpagt1",0.441729647339974
"LOC683404",0.4417241041547
"LOC680227",0.441691688184274
"Clcnkb",0.441671421768339
"Ulk1",0.440727741832599
"Rhbdl2",0.440143360819071
"LOC685590",0.439986099173722
"Cdhr3",0.439709791123589
"Dnajb11",0.439635285572289
"RGD1306746",0.439341753335433
"Hpse2",0.4392534783358
"LOC688839",0.438998011120221
"Kctd18",0.438770580935469
"Kdm3b",0.438550840159878
"Rnf216",0.43831241137354
"Zbtb24",0.437787868716645
"Zfp39",0.43772946333575
"Mettl8",0.437208255190267
"Sfrp2",0.437120599082814
"RGD1563285",0.436966815082233
"Spns1",0.436690402487419
"Pcsk7",0.436678445070232
"Mlst8",0.436389411294135
"LOC100912350",0.436349786855069
"Col14a1",0.436199227488115
"Topors",0.436149834850359
"Otub2",0.435758867296888
"Fgd3",0.43555528002276
"Hras",0.435387290609832
"Stx1b",0.435385611010087
"Efnb2",0.435045314046278
"Nphs2",0.434993500467145
"Cmtm6",0.434943722732169
"Snapc3",0.434942378248882
"Klf12",0.434753684681373
"Zfp869",0.434074325637694
"Rbak",0.433998873510563
"LOC367277",0.433836985657956
"Efcab8",0.433835850331243
"Hint2",0.43365872928452
"B9d2",0.433637470586452
"Opn4",0.433169575388737
"Timd4",0.432547076060077
"Tigd5",0.432541552001673
"Fam65a",0.432436886075546
"Vom2r44",0.432267721335719
"Ptms",0.432173922199809
"Rhpn2",0.432130512805191
"Nom1",0.431877508794508
"LOC691387",0.431839934277237
"Spetex-2C",0.431675764158273
"1-Mar",0.431600830858126
"Iqsec3",0.431468763314966
"Neurl1",0.431205253412697
"Ppp2r3b",0.431164751799924
"Psmc5",0.430090580906849
"Aspg",0.429884237352096
"Ppp4r2",0.429568430765446
"Slc5a5",0.429516544724636
"Ubl7",0.428953081344301
"Znf235",0.428921819208604
"Dyrk1b",0.428844705202148
"Mgat5b",0.428567572648305
"Zbtb39",0.428338449046238
"LOC102546376",0.42823077335999
"LOC102551929",0.428177668294548
"Smarcad1",0.427990235536875
"Gcfc2",0.427912411132265
"Usp4",0.427667225931014
"Zfp341",0.427634111281919
"Entpd1",0.427624369712505
"Tmem57",0.427386581017946
"Pwwp2b",0.427322480550545
"PVR",0.427160568634766
"Slc26a5",0.427137529015842
"Mx2",0.427086137608705
"Crip1",0.42708081790209
"LOC108349185",0.426849039932554
"Has2",0.426673542487502
"Hivep3",0.42645129899415
"Timmdc1",0.425147587547136
"Slc19a1",0.424724383733804
"Usp48",0.424661253361502
"Thap7",0.424247707381549
"Pid1",0.424144888450325
"Zfp653",0.424111079259726
"Mtfp1",0.423985803455988
"Tgif2",0.423417219495793
"Tshr",0.423405606714992
"Kcnj15",0.423023448490884
"Rnf111",0.422841503274045
"Syce1l",0.422833754857545
"Clk4",0.422770874196151
"Set",0.422451914959377
"Tax1bp3",0.422400760135115
"Gmeb2",0.422212677748032
"Kazn",0.42220080018839
"RGD1307621",0.422190612795022
"Mnt",0.421600026022428
"Sh2d4a",0.421321505062853
"Spg11",0.421196860024043
"Usp11",0.421141355684127
"Abca9",0.421085993426589
"Nt5c3b",0.420874120136775
"Mfsd13a",0.420816324720757
"Matn3",0.419877776930689
"Dnajb12",0.419695930684057
"Gfra3",0.41941299507298
"Ccdc78",0.419095510971946
"LOC679342",0.419072261227094
"Apobec3b",0.418915502942389
"C1ql3",0.418801123024094
"Neurl3",0.418790365222007
"Hsd17b3",0.418610881175764
"Tmem234",0.41853345844401
"Arhgdia",0.41762925890076
"Il6r",0.417409249454932
"RGD1565283",0.417396441215289
"Slc44a1",0.416910308752437
"Mrpl46",0.416788317454274
"Klhdc8a",0.416656667353407
"Slc37a1",0.41645259600254
"Cyb561d1",0.416386388004442
"Med26",0.416046016515385
"Clec16a",0.415903090313652
"LOC100910864",0.415737980907514
"RGD1563714",0.415684104631573
"Zfp462",0.415512430393113
"Snap23",0.415443863193503
"Pspc1",0.415039742629489
"LOC102553986",0.414778568692163
"Prkar1b",0.414215336065557
"Snap47",0.414105965432638
"Dctn1",0.413979990662621
"LOC108352224",0.413821853075148
"Plod2",0.413672772617175
"Sgca",0.413656410737059
"Gcc1",0.413631354001761
"Olr155",0.413478858172601
"Kin",0.413472438044935
"Esr1",0.413411686741661
"Sgsm3",0.413358696628229
"Cdk5rap2",0.413341104913253
"LOC102548231",0.412925664623862
"RGD1306091",0.412917858765441
"RGD1359634",0.412783149965226
"Abra",0.412628715414166
"Ttc30b",0.412492290423781
"Pgam5",0.412344973487362
"Ppp1r14b",0.412271292679349
"Wnt16",0.411931385445001
"Hoxd4",0.411771850861274
"Srprb",0.411718403702726
"Galm",0.411686352502484
"Zfp110",0.411189744300358
"Fam219b",0.410911547518454
"RGD1562652",0.410906433982503
"Zfp111",0.410666906594747
"Crebrf",0.410308757758525
"Wdr20",0.410080382408837
"Mob3c",0.410009306077997
"Bend5",0.409794184244009
"Plppr2",0.409532667475511
"Ccnyl1",0.409009602327741
"LOC102548546",0.408977829639364
"Fcer2",0.408734892983081
"Gpr173",0.408120404446991
"LOC102554323",0.407948897647832
"Etnppl",0.407934780305389
"Tmem222",0.407757394673062
"Cachd1",0.407434340075986
"Adam1a",0.407195297893921
"LOC100909512",0.406963906641476
"Usp22",0.406509690801252
"Itgb6",0.40598954407193
"LOC500354",0.40585887198295
"Stk36",0.405467802652395
"Cdh24",0.405205062634878
"Wnt9a",0.40519153284682
"Slc30a7",0.405179229398868
"Prp2l1",0.404977559557104
"Emid1",0.404803405007037
"LOC108349506",0.404596675054445
"Fbxl18",0.404452522796766
"RGD1560291",0.404416595289062
"Mthfd1l",0.404394533523472
"C2cd4d",0.404082014209145
"Leng1",0.404073626716391
"Pkdrej",0.404047804854726
"Celf1",0.404034993760225
"Zfp532",0.404028825088183
"Ptprs",0.403946722795246
"Irf4",0.403592598724116
"Nudt19",0.403291195543062
"Klhl17",0.403155974964137
"LOC103690937",0.402932823153021
"Cul4a",0.402667123966779
"Fchsd2",0.40258724820151
"Foxo6",0.402433954524139
"Rabl6",0.402266517909505
"Sema5a",0.401966537345129
"Zdhhc14",0.401571727349267
"Cln6",0.401002025109907
"Lrrc3b",0.400755117923256
"RGD1562276",0.40075281141948
"Mad2l1",0.400751607788515
"Cdk5rap1",0.400633140011377
"Tuba1b",0.400590997312078
"Mlxip",0.400225159346807
"LOC102549836",0.400104964255666
"Adal",0.399913523736473
"Lamb3",0.39957272467666
"LOC100910882",0.3991527756645
"Elmo2",0.399133159322155
"Ryr1",0.39907263102466
"Wfikkn1",0.398594504439895
"Fndc8",0.398469952094846
"Slc7a8",0.398110987710825
"Cuedc1",0.39782797198761
"Susd6",0.397591336049888
"Gbp3",0.397538985397436
"LOC100360821",0.397118082372284
"Tmem116",0.396923130799594
"LOC103690170",0.396470161836909
"RGD1305298",0.396470161836909
"Nrp1",0.396459739029899
"Rel",0.396404918301754
"Fam172a",0.395383046830577
"Nol11",0.395075958083576
"Ddx19a",0.394966488449428
"Slc35e4",0.394860732205063
"Pgls",0.394534537169531
"Acta1",0.394489982772042
"Gpr137",0.394405270986963
"Coro1c",0.394237152647203
"Tmem11",0.394047304504673
"Lrrtm4",0.393519798779864
"Lgals2",0.393280970518588
"Hgs",0.393155759023352
"Dgkd",0.392861413708064
"Hcfc1",0.392098706576573
"Ddr1",0.39196280222005
"Rufy2",0.391866537934392
"Inhba",0.391555854648613
"Pde6a",0.391519934630654
"Dhx30",0.390947941905363
"Mettl13",0.390696487153247
"Clic4",0.390527661683914
"Psmc3ip",0.390525055174919
"Ccdc66",0.390149951531939
"Arid3b",0.38994450761905
"Papd4",0.389938948583939
"LOC499136",0.389792135601048
"Slc38a7",0.389613710259839
"LOC497963",0.389402264745092
"Sap30bp",0.389323448306098
"Acer1",0.389184243482423
"Galnt15",0.388062975323738
"Macf1",0.387980684753788
"Sox18",0.387928125223038
"Zfp819",0.387717959077462
"Hipk1",0.387449797332309
"Cct8l1",0.38730560765834
"Ttc14",0.387157524220024
"Add1",0.386734546659567
"Pxdn",0.386475844175115
"Morc3",0.386289864865918
"RGD1565170",0.386214274903275
"Dtwd1",0.38565675298562
"Oprk1",0.385568731767461
"Stab2",0.38496013163897
"Mapkapk5",0.384703900616654
"Edem2",0.384494147204393
"Sergef",0.38424625639431
"Slc16a8",0.384190398381884
"Ccdc13",0.38411841087406
"Parl",0.383763008846925
"Clptm1",0.383706524278578
"LOC102554161",0.3836967778947
"Hhat",0.383566300454365
"Synrg",0.383436263873176
"Cdk2ap1",0.383389263648542
"Zscan30",0.383298246362746
"Fxyd3",0.383019228130063
"LOC100910134",0.382915721965601
"Avpr2",0.382710181783255
"Cacng4",0.382389683598473
"Tnnc2",0.382150558966606
"Ngfr",0.382139806158463
"Gins3",0.38147454746866
"Znhit6",0.381435067551234
"Celf4",0.381350873851438
"LOC108350822",0.381174084400365
"Npm3",0.380875869596424
"Gas8",0.380863281847255
"Tsc22d4",0.380815169513334
"Herc6",0.380812116175269
"Zfp236",0.380434870951472
"Fbxl19",0.380356646334907
"RGD735065",0.380335837345512
"Nop2",0.380245924182418
"Rpl18a",0.380022669706686
"Crp",0.380017640209112
"Lrp6",0.379709389481498
"Zfp263",0.379676432628958
"RT1-O1",0.379575262887957
"Hells",0.379086599595362
"Agbl5",0.378761949725202
"Arl5b",0.378480518379263
"Pars2",0.378443000048571
"Trim65",0.378330970040503
"Cblb",0.378269919166611
"Epm2a",0.377990724381815
"LOC103690178",0.377749248683775
"Calu",0.377578120220475
"Esyt3",0.376768594541266
"Adarb2",0.376545716161889
"Cd300a",0.376543051106895
"Stx4",0.37633730384309
"Hspb2",0.376030781197375
"Grtp1",0.376016716835929
"L2hgdh",0.376003444585541
"Pcdhgb8",0.375883689441371
"LOC102548459",0.375701499478826
"Lsr",0.375536369082119
"Calr4",0.375276870263007
"Capns1",0.374941307630243
"Hmox1",0.374595590101727
"Ccl22",0.374205079708039
"LOC103689931",0.374188513543172
"Tnfsf15",0.373967868349051
"Rnf169",0.373874017116127
"Slc16a9",0.373326279964306
"Fut1",0.373291678298351
"Txlna",0.373272124485533
"Atf1",0.373262163835943
"Actr8",0.372389064071045
"Nfe2l2",0.372381729068259
"Ears2l1",0.372269710824995
"Stat4",0.372090288561157
"Dsp",0.371996566187528
"Cpxm1",0.371597308636597
"Pla2g12a",0.370762219060291
"RGD1305350",0.370709841616727
"LOC501317",0.370599987614302
"Cryz",0.370436499280503
"Smim24",0.370433377072684
"LOC102547029",0.370375841007828
"RGD1311188",0.370047179888155
"Rell1",0.369826793833903
"Tbc1d30",0.369789199172393
"Tex261",0.369723708592579
"Sh2d5",0.369670717758068
"Endou",0.369417063895606
"Fbln7",0.369336166922086
"Kars",0.369241510807456
"Bcl11a",0.369120359901973
"Tas1r3",0.369050116762791
"Mc1r",0.369001837250865
"Tll2",0.368929075020295
"LOC102555814",0.368911001485827
"Bcr",0.368799940059918
"RGD1560436",0.368646705426572
"Tpbgl",0.368123757100119
"Ppfia3",0.36804181650196
"Mybl1",0.367633228338597
"Grm2",0.367620326019642
"LOC100911585",0.367317439695078
"Ambra1",0.36684527129937
"Pcdhb6",0.366706977768698
"Eif4e1b",0.366635322629414
"Fam198a",0.365913343893086
"Rad51b",0.365868941809496
"Pi4kb",0.365728222901203
"Gfap",0.36556588659091
"Ptgdr2",0.365465755970889
"Ggnbp1",0.365424371702083
"Srd5a3",0.365368374206345
"Eif3f",0.365307223864129
"Ptprn",0.365064877049049
"Fam26d",0.364999604197008
"Morn4",0.364950474863644
"Ppp1r13l",0.364890146693995
"Glod5",0.36482678891896
"Sparc",0.364789705258191
"Fam107a",0.364771153210251
"Ogfr",0.364731101701475
"Acad11",0.364562777238282
"Pcgf6",0.364316568724462
"Mtbp",0.36387050696386
"Cxcl16",0.363670818677281
"LOC100911661",0.363471876970134
"Akirin2",0.363436257613305
"Zbtb45",0.36312275669971
"Rab3b",0.362966217963112
"Hnrnpd",0.362942456339122
"Mrps24",0.362702981838718
"LOC691254",0.362671511105768
"Nr1h2",0.362171876941622
"Scaf11",0.362000632092127
"Mtx3",0.361808877851127
"Rrp36",0.361784124174883
"Wdr26",0.361693629240237
"Rnf112",0.361375080076392
"Rasal2",0.361067392702534
"Osbpl2",0.360880360185973
"Rhbdl1",0.360855679344469
"Tspoap1",0.360796911558843
"Os9",0.359998716976231
"LOC102550577",0.359745884569435
"Slc43a2",0.359426098914612
"Tmem204",0.359273513430934
"RGD1561442",0.359004444085288
"Cdca7l",0.358993416453783
"Olr287",0.358789034633469
"Adat1",0.358487369338998
"Srsf6",0.358345181570424
"Scaf4",0.358222028377042
"RGD1566099",0.357970719596085
"Gpr62",0.357575872113326
"Msto1",0.357460131245045
"Borcs6",0.356977064359309
"Pdf",0.356603193790367
"Trap1",0.356222345834391
"Cdk4",0.356006543728942
"Kcnj16",0.355911221927986
"Cyth4",0.355407052155962
"LOC103690052",0.355279720815442
"LOC103694870",0.355279720815442
"Rogdi",0.355267714850778
"Sec24b",0.354902432564429
"Insl3",0.354433889832181
"Tdrd12",0.354282145378591
"Mxd4",0.354081119377978
"Mettl23",0.354055989289705
"Pxdc1",0.353260914650022
"Fam76b",0.353259612558422
"Raver2",0.352976858735433
"Slc35b2",0.352901011811249
"Vps37d",0.352558154905403
"Adamts3",0.352451747207238
"Smg8",0.352013324026449
"Cidea",0.351989013738268
"Cebpz",0.351426487639405
"LOC102548194",0.350277514053507
"Fbxo36",0.350257495097047
"Fam46a",0.350240975766705
"Pdcd6ip",0.349947125976694
"LOC102554398",0.349860193051191
"Pxn",0.349837224227457
"LOC108350772",0.349420913996406
"LOC108348125",0.34940417253941
"Elp6",0.349120943535999
"Xkrx",0.349030158383129
"Pard6g",0.349019696173155
"Sult6b1",0.348926527120034
"Snrnp40",0.348803405871587
"Lpxn",0.348789960753628
"Cpa4",0.348643176894111
"Ntn5",0.34818714253744
"LOC100912481",0.348165773269718
"Bcl2l10",0.348041902209026
"LOC108348172",0.347900909938344
"Naa35",0.347890280432037
"Ipo5",0.347267861720297
"Ltbp2",0.347266791240353
"Tgm6",0.347234483794358
"Abcg3l3",0.347156637369787
"Coro1b",0.347078171737757
"Unkl",0.347018912037028
"Panx1",0.346986622588289
"Cog3",0.346941084019035
"Adgre4",0.346616049370944
"LOC102555289",0.346536826034914
"LOC102550424",0.346319744749159
"Srsf12",0.346260064400363
"Klrb1a",0.346220764063384
"RGD1310262",0.345877840471019
"Car14",0.345869968412616
"Yy1",0.3453524362875
"Ezh1",0.345293264985769
"Tmem110",0.345241814575915
"Hoxd8",0.345046222280327
"Slc14a2",0.344498396643789
"Gpbp1l1",0.344155701514636
"Cited4",0.343596728745584
"Tex12",0.343032911286698
"Syt4",0.34299230085497
"Rnf165",0.342870655953146
"LOC108352182",0.342735305937068
"Sh2d6",0.342592196722161
"L3mbtl1",0.342572592300448
"Atg14",0.342359814634753
"Klhl18",0.342256661315869
"Map4k2",0.341961245610774
"LOC108350519",0.341920997172684
"Cdh22",0.34178600955916
"Wnk4",0.341762039224887
"LOC499742",0.341159322376401
"Iqub",0.341086969588824
"Chrnb4",0.341025207885761
"Tti1",0.340811272459011
"Ppef2",0.340716222502314
"Siae",0.340619309880708
"Tdp2",0.340023865599416
"Sycp3",0.339973746203483
"Eif2b2",0.339900174952642
"Usp18",0.339538180847754
"LOC103690108",0.338998691192781
"Ddah2",0.338979913151321
"Nox1",0.33872043386276
"Lmntd1",0.338605094639582
"Slc2a3",0.33852617078842
"Plekhg1",0.338516361144458
"Ankrd12",0.338381697105377
"Mylk3",0.338100497926527
"Myh9",0.33795186225382
"Bcl6b",0.337871525655567
"Prmt9",0.337575196463146
"LOC680920",0.337481446013256
"Rassf5",0.336733580389493
"Cdc40",0.336536541672992
"Zfp84",0.336472683074601
"Nradd",0.335999629345523
"LOC317165",0.335998406737084
"Tmem182",0.335900792293261
"Adck1",0.335854720130351
"Foxs1",0.335851711811452
"Casp8ap2",0.335569503154628
"Dnlz",0.335554062758426
"Gpatch2l",0.334965584130144
"Asic4",0.334843220076421
"Armc9",0.334496921494127
"Lin7c",0.334417394101589
"Fkbp7",0.334396187498887
"Tbc1d13",0.333857764418118
"Cox7a1",0.333534945743875
"Pabpc1l2a",0.333520453163475
"Vmo1",0.333484541297139
"Zak",0.333175119324741
"RGD1310335",0.332888623335341
"Usp24",0.332768979721318
"Higd1b",0.332625540255284
"Zfand1",0.332553368329736
"Slc25a15",0.332488602319729
"Arsb",0.332050469081143
"Satb2",0.331889451636182
"Supv3l1",0.33147800480327
"Tmem147",0.331383715651191
"Irs1",0.330481190490078
"Arid1b",0.330188028410688
"Impad1",0.330142120952859
"Hsf4",0.329779236750645
"Prss39",0.329721914237026
"Ssfa2",0.329591984988177
"Nup133",0.329564907188559
"Cyp27b1",0.329368023536818
"LOC100910478",0.329359837689037
"Rbpj",0.329273688693668
"Espnl",0.329253383747981
"Cyb5r1",0.328907513686443
"Apex2",0.328450939865141
"Plekhb1",0.328194696575898
"Atp9a",0.328118288834729
"Phkg1",0.328056059096192
"Snx24",0.327954955173749
"Ap1b1",0.327638000338476
"LOC679594",0.327481378654156
"Nlrp12",0.327136792731123
"Hgh1",0.327051183769419
"Cbr3",0.32694802800643
"Pddc1",0.326805472470802
"LOC102555809",0.3267895137414
"Rplp2",0.326701346626842
"Fam189a1",0.326332649714648
"Steap4",0.326247425375089
"Efemp1",0.326196831253846
"Tctex1d4",0.32583138195172
"Hectd4",0.325811951954042
"Sema5b",0.325360385939739
"Rnps1",0.325215331568211
"Yipf2",0.324324494873226
"N4bp3",0.323163392728636
"Mapkapk2",0.323121514187668
"Acat2l1",0.322972328871053
"Abat",0.322921483479891
"Bmi1",0.322623215221724
"Htr1f",0.322368273720069
"Igsf8",0.322228850549442
"Fap",0.322041110095613
"Sftpa1",0.322008351812664
"Abcb10",0.321946685933433
"LOC100910596",0.321713594345634
"Fam89b",0.321699338852872
"MGC105567",0.320971890590358
"Afdn",0.320218876555739
"Donson",0.319861768000164
"Hyal1",0.319757846629441
"Stx18",0.319628320087867
"Etv3l",0.319418039161647
"Wscd1",0.319303852870498
"Ssh1",0.319276162994169
"Ctdp1",0.319092823961325
"LOC102555083",0.318691349332157
"Zfp647",0.318691349332157
"Fam110a",0.318465750333538
"Nxpe5l1",0.318099172875433
"Oplah",0.318013529711454
"Lrrc47",0.317906210823781
"RGD1565033",0.317802889991879
"LOC100912459",0.317752442665942
"Mydgf",0.31733031296105
"Nfkbib",0.317177992302443
"Nol4l",0.317047605591335
"Zdhhc18",0.316985268195683
"Ints6",0.316978993745655
"Tmem37",0.316855015251752
"Glg1",0.316737924986278
"Dhrs7",0.316646919811899
"Ints9",0.316427724177794
"3-Mar",0.316251628162563
"LOC100911766",0.316195073066833
"Ankdd1a",0.315860683046246
"Dnajc12",0.315632052181115
"LOC102555975",0.315448537137485
"Lrpprc",0.315347582430023
"LOC100361083",0.314966247185791
"Bbs4",0.314860779134746
"LOC103691871",0.314806865975103
"Mdga1",0.314578317127348
"Catsperd",0.314405508963838
"Tubgcp4",0.3141780105121
"Ift140",0.313966727551107
"Adck2",0.313491279234433
"Clec4a1",0.313219198376108
"Tcof1",0.313192559171173
"LOC108350448",0.313051468387652
"Selenbp1",0.313041865671679
"Micall1",0.313023557006675
"Pmp22",0.31301849601936
"Dnajc25",0.312956947163254
"Gdap1l1",0.312877226659018
"Notum",0.312763415424375
"Pik3cd",0.31266223628126
"RGD1564963",0.312605276312113
"Rsg1",0.311527046013614
"Trex1",0.311113739944483
"Akr1cl",0.310727403545048
"Rab25",0.310484894434355
"Rpl32",0.310454335178727
"Zfp839",0.310103730973165
"Hn1",0.309867163221597
"Fads3",0.309748566318741
"LOC100911622",0.309675987362773
"Thoc6",0.309346967614069
"Fam161a",0.308453327061304
"Terb1",0.3083573513404
"Lair1",0.3082668619305
"Mrps18a",0.308218479158814
"LOC103690128",0.308206936101949
"Def8",0.308113188041897
"Dnaaf1",0.307713965028359
"Senp3",0.307610158279661
"Apold1",0.30755778823408
"Akt1",0.307330673631711
"Wtip",0.306776633075696
"Fscn1",0.306611439635321
"Efcab6",0.30650655552437
"Sirt4",0.306459980619311
"Pla2g16",0.306356577817171
"Trim29",0.306162828363488
"Otud7b",0.305403588360983
"Ado",0.305356475931253
"Mcm3ap",0.305207058072861
"Adamts17",0.305165491328835
"Sap30l",0.3051455943077
"Nipbl",0.305139991094161
"Fbxo25",0.304855734188108
"LOC103693936",0.304548279147986
"Myh4",0.304543052525244
"Rabep2",0.304491320290483
"LOC108350349",0.304126587270872
"Ace3",0.304050104911492
"Rpl39",0.303804013228785
"Ppp1ca",0.303679799156268
"LOC102549842",0.303356903471775
"Ddx52",0.303305167903849
"Ngf",0.302967503633845
"Olr88",0.302749010414983
"Krcc1",0.301860865677679
"Rap1gap",0.301580908962289
"LOC499469",0.301529737185593
"Aagab",0.301374054442055
"Slc13a4",0.301340973271069
"Mrpl4",0.301297424093654
"Crebl2",0.301282752352477
"LOC108348120",0.300875215541714
"Nxpe1",0.300709869439198
"Ptp4a2",0.300580890820002
"Qrich1",0.300577390352103
"Bspry",0.300276792106102
"Zfp939",0.299993433695479
"Dab2",0.299973749247984
"Trpv6",0.299796719753389
"Crtap",0.299399905564265
"Bcas2",0.298793688892332
"LOC102548076",0.298752440684826
"Igsf11",0.298532475443008
"Phf20l1",0.298514384019648
"Fnip2",0.298355144258878
"Mtfr1",0.298135251754351
"Prr14l",0.298086028352152
"Ecsit",0.29795409278471
"RGD1564379",0.297940116574529
"Lyrm5",0.297888439964769
"Cep78",0.297394316670129
"Mettl2b",0.297114045090111
"Znf761",0.297049674968954
"LOC367195",0.296965570667625
"LOC685048",0.296930108364058
"Dyrk1a",0.296818016221967
"Fem1c",0.296250914056892
"LOC100912756",0.296019628840964
"Gak",0.295913825368381
"Mccc1",0.295860914058846
"Zfp608",0.295582423363759
"Tfip11",0.295574027936348
"Arglu1",0.295564209696615
"Gstt1",0.295480676729537
"Cldn1",0.294895678183244
"Bmp5",0.294448378068297
"Zim1",0.2944200307298
"Ccdc172",0.293853515228888
"Jmjd6",0.293573240478445
"LOC681193",0.293039352964841
"Ric8b",0.292798439511331
"Mterf1",0.292433927301406
"Myo15a",0.292143488315912
"Lix1l",0.292054008228346
"Styx",0.291903105830746
"Creb3l1",0.291619016710721
"Prrc1",0.291430207255518
"Hmx1",0.291149248592098
"Btbd17",0.291102744934675
"Hip1",0.290559345615604
"Car4",0.290420599207984
"Ndst1",0.289829825283339
"Art3",0.289756162772034
"Ift122",0.289003866244006
"Bag5",0.288377907527976
"Lman1",0.288124410950876
"Cep57l1",0.286820916936705
"Padi3",0.286727836936243
"Slx4ip",0.286706885524961
"Zfp763",0.286526237109971
"Ucn2",0.286403195426437
"Nsun2",0.285801382867678
"Pmm2",0.285426618698578
"Fam21c",0.285147806971654
"Ppil6",0.285088244652709
"Slc10a3",0.285070536620693
"Abhd16a",0.284089645626041
"Josd2",0.283977264457548
"Pi4ka",0.283862104209231
"RGD1311251",0.283634360023371
"Rpl4",0.283199208648842
"LOC103693323",0.283119442687535
"Pigh",0.282883429303141
"Robo1",0.282702634843776
"Lca5",0.282690839217853
"Cyp3a9",0.28237765402579
"Zfp324",0.282029301318547
"LOC679711",0.282004985247312
"Trim27",0.281976093911823
"Shisa6",0.281881978480784
"Nxnl1",0.281692978881594
"Hapln3",0.281614141602011
"LOC102551828",0.281583282428807
"Ccdc85c",0.28144111833152
"Tsga10ip",0.281116069789721
"Anp32a",0.280835503050276
"Zscan21",0.280483601748438
"Zfp330",0.280463062781763
"Prox2",0.280106084120894
"Tor1aip2",0.280067597076059
"Tlk1",0.279765364171481
"Map3k19",0.279635236241013
"RGD1562114",0.279556324703924
"Trappc6a",0.279419313783762
"Rbfox3",0.279200929390495
"Rab40c",0.278854776052925
"RGD1308775",0.278690924820891
"Tmem259",0.278560393457804
"Ubxn2b",0.278298511431764
"Carhsp1",0.278286463640838
"Rgn",0.278080284859609
"Krt10",0.27802044305932
"RGD1559951",0.27775475082454
"Zfp174",0.277549395131943
"Podnl1",0.277533781277503
"LOC102551194",0.277422813034061
"Swap70",0.277132184930695
"Myo18a",0.27697811241132
"Susd5",0.27653865268506
"Mapk13",0.276437964958084
"Naa60",0.276433120830361
"Slc9b2",0.276335076749486
"LOC102552527",0.276280545960202
"Casq1",0.275676945492063
"LOC108348048",0.274637821323096
"Smad1",0.274612705863747
"Pop5",0.274281208701873
"Tmem238",0.274265105542439
"Rtcb",0.274113395441166
"Npas3",0.274090562803959
"Itgb7",0.273166304853108
"Snf8",0.273104359966727
"Nckap1l",0.273101214680093
"LOC108348102",0.273045396410732
"LOC102554479",0.272830808079427
"Rpl7a",0.272554436082484
"Sox9",0.272433210593107
"Mga",0.272204632282248
"Vipr2",0.272200777638232
"Stxbp6",0.272099695513449
"Vstm4",0.272034398229203
"Slfn3",0.27202904629586
"Sap130",0.271973252552455
"Clnk",0.271969636385366
"Sgpl1",0.271862517660037
"Nmnat1",0.271546566634916
"Cops8",0.271493132043605
"Pik3ip1",0.271077758860461
"St6galnac4",0.271042345200836
"Nsfl1c",0.270888049540632
"Fn3krp",0.27070804624002
"Fam63a",0.270582199173411
"Dio2",0.269912041534041
"Th",0.269557747309116
"Nrg2",0.269444953658991
"Garem1",0.269341294424159
"Lhcgr",0.269119233398622
"Sp4",0.268611171028208
"Mob2",0.268257349727317
"Nsun6",0.267994363546768
"Sh2b2",0.267926912881205
"LOC103691005",0.267698035767234
"Gtf3c1",0.267491984059889
"Strip1",0.267245546894233
"Mybpc2",0.267018923649672
"C8a",0.267009974618773
"LOC103690834",0.266581621707419
"Abca3",0.266236695639694
"Qsox1",0.265872097844176
"Vps72",0.265805520199823
"Ctps1",0.26544471637894
"Plch1",0.26523784337381
"Pknox2",0.265181297832973
"Zfp300",0.264901705464484
"Mixl1",0.264853331209921
"Moxd1",0.264805225200541
"Frem2",0.264798631426297
"Copg1",0.264798348223931
"Mob1a",0.264180238081812
"Pcf11",0.263948418260329
"LOC503053",0.263784063006409
"Zfpm2",0.263726144674227
"Fam214b",0.263281350768895
"Lats1",0.262479918936065
"Stim2",0.262125020077002
"RGD1559808",0.261660008450929
"Uvrag",0.260952068412099
"Primpol",0.260556188369457
"Camsap1",0.260410780406683
"Gjb5",0.259924133419866
"Taldo1",0.259735424231136
"Btg3",0.259583501786052
"Tshz2",0.259563857294915
"Gipc2",0.259273371890366
"Abca12",0.258920708618532
"Apitd1",0.258604675511662
"Tpst2",0.258409964444124
"Alms1",0.258272498661138
"Tpd52l3",0.258201904613406
"Cyfip1",0.257910152668776
"Orc2",0.257820814097022
"Wdr66",0.257349427385634
"Slc18b1",0.257219874813869
"LOC108353281",0.256811446773291
"Riok2",0.256771686652683
"Lipg",0.256512029074482
"Hipk2",0.255752592742897
"Sgta",0.255701489696773
"Fam13c",0.255285187041913
"Shbg",0.254535970264576
"Ncr3",0.254484156397451
"Pard3b",0.254448103579545
"LOC108348208",0.254320609927279
"Tmem71",0.253998391797061
"Gprasp1",0.253932958696199
"Mtpap",0.25382719020868
"Eqtn",0.253161102494017
"LOC102551014",0.252894735717535
"Gpr155",0.252751915910136
"Gstcd",0.252672627669113
"Kcnk7",0.252229624925179
"2-Sep",0.252002037157771
"Aurkaip1",0.251871079451754
"Setd3",0.251791373524052
"Tectb",0.251702673924078
"Usp10",0.25152918841948
"Abcg4",0.251163088318763
"Pdik1l",0.250748817475744
"LOC103691376",0.250253132997051
"Sertad3",0.24996467752275
"Ttc7b",0.2498641673649
"Ttf2",0.24985036697431
"Ces2h",0.249621676060069
"Lacc1",0.249450182832433
"LOC684871",0.249408077452625
"Foxj1",0.249138988836392
"LOC108348323",0.249137845974627
"Map7d1",0.249107057048569
"Wsb1",0.249047160885367
"Creb5",0.249042436812186
"Limch1",0.248737441160582
"Slc27a6",0.248553090074387
"Ptk2",0.248537704296488
"Ppp1r26",0.248473670084277
"Neurl4",0.248193774989826
"Paqr8",0.247961903422417
"Vom2r60",0.247740817707731
"Ormdl3",0.247624145855104
"Mreg",0.247580113666617
"LOC100909582",0.247267610716785
"Inpp1",0.247227219348119
"LOC103694879",0.247111798882263
"Met",0.246920371237233
"LOC103693189",0.246782523666673
"Fv1",0.246734387390707
"Prkag3",0.246593423279117
"Yipf3",0.246412391333419
"Odf2l",0.246289497678678
"Syde2",0.246196267528745
"Usp27x",0.24617253302229
"Ldlrad2",0.245842489742644
"Dock3",0.245196679730044
"Zfp689",0.245006258335397
"Exog",0.244977809027202
"Gpr137b",0.244784693784003
"Eif3k",0.244696254576912
"Hfm1",0.244643735391037
"Ccne2",0.244631053643244
"LOC108352464",0.243924010949457
"Nid1",0.243879619640394
"Dennd5b",0.243867004578163
"Adgrg5",0.24374922523071
"RGD1304694",0.243740021875344
"LOC684327",0.243737402055547
"Zfp260",0.243279144824602
"Smc1a",0.242733986411691
"Kpna3",0.242515660816944
"Ptpa",0.242405463694402
"Apln",0.242375310612856
"Zswim3",0.242186979642314
"Mdc1",0.241597660381021
"LOC108351703",0.241568148141332
"B3gntl1",0.24156393374737
"Adamtsl1",0.241433978729801
"Farsb",0.241146993540738
"Apeh",0.240512656673704
"Zfp956",0.240453480819646
"Bhlhe41",0.240274730360726
"LOC100911302",0.240239443461106
"Klc3",0.239996613938617
"Rmnd5b",0.239811106776151
"Mpg",0.239694198740661
"Ddt",0.238916911157939
"Apaf1",0.238820550963274
"Cd226",0.238152336095796
"Ncf4",0.238142550975594
"Lmo2",0.238128059585146
"Reck",0.238004599967944
"Dgkk",0.23723996626803
"Hoxb3",0.23720211174794
"LOC108351076",0.237027387818346
"Pank2",0.23698775203532
"Atp6v1d",0.236923824117338
"Prpf4b",0.236804173026784
"LOC108350451",0.236343850157087
"Rab29",0.236132618107907
"Tnfaip3",0.235993480950465
"LOC100911700",0.235885487374398
"Mpped1",0.235635938178264
"LOC108349745",0.235298461801645
"Sod3",0.235092471510652
"Ebf4",0.234968134639653
"Fto",0.234578277768686
"LOC102546754",0.233892017374458
"Ybx1",0.233627897070171
"LOC108348080",0.233548366153103
"Pik3cg",0.23344982037108
"Stk32a",0.233346771378648
"Zfp367",0.233242013293628
"Dpysl5",0.233147667393955
"Rbm41",0.232145276888868
"Cntf",0.232090221034984
"Zswim1",0.231901905495217
"Klhl25",0.231892683413973
"Gfi1",0.231740060436903
"Nr5a2",0.231735504354702
"LOC685184",0.231659488364725
"Atp1b2",0.231626774999921
"Pgbd1",0.231529817369438
"Pitpnm2",0.231522569437362
"Aldh7a1",0.231423815304834
"Wwc2",0.231299586524389
"Supt6h",0.231208805231473
"Tet2",0.231098607346279
"Ttpal",0.231012734023836
"Tram1",0.230749009702428
"Cyp4a8",0.230555928104633
"Cabp4",0.230452199342827
"Mtif3",0.230092653285019
"Vldlr",0.230041827465626
"Mbp",0.229968750770312
"Thop1",0.229851462652862
"Zfp786",0.229510020030916
"LOC108350933",0.229122935538156
"LOC102553670",0.229066869770229
"Hdgf",0.229050591182115
"Icoslg",0.228379835359805
"Ankrd1",0.228245647237206
"Lrit2",0.228013226888018
"Prr5l",0.227852822532359
"Kcnmb1",0.227696807949784
"Naa11",0.227351904666647
"Mrpl27",0.22721347528651
"Uhrf2",0.226961884685904
"Hoxb6",0.226690316728065
"Eya4",0.226105266924836
"LOC102556057",0.225997703605796
"Zfyve21",0.225807913567647
"Rrnad1",0.225569645821587
"Peo1",0.225562051669928
"Arhgap35",0.225511432505362
"Ptp4a1",0.225196307572323
"Uqcc3",0.224987047284053
"Vsig10",0.224820527809918
"Mtmr14",0.22460817918731
"Lrch3",0.224556314948949
"Ell3",0.22420823899641
"Iba57",0.223379677573708
"Ing3",0.223132956465605
"Ube2j1",0.222858480180558
"Creld1",0.222522679161481
"Gapt",0.222479142503847
"LOC102555634",0.222425146582928
"5-Sep",0.222207890007084
"Vrk3",0.222002711307712
"Txndc12",0.221822290465514
"Ddi2",0.221745988780004
"RGD1564899",0.221475874046211
"LOC100363129",0.221471602010874
"Gcnt6",0.221274684217755
"Wdr31",0.221219072966677
"Hivep1",0.221067349790005
"Tac4",0.220884793855109
"Txn2",0.22076254123984
"Mfsd4",0.220705629367218
"Klhl8",0.220690994534719
"Epha1",0.22054758908307
"Bcl10",0.220109093184902
"Lpcat4",0.220028631654872
"Cog8",0.219743795256374
"Rfx5",0.21955526414511
"Sorbs2",0.219536791699631
"Usp39",0.219450756045766
"Stxbp3",0.219213465065227
"Jade1",0.218880040425772
"Cryl1",0.218705128773301
"Gripap1",0.218519517122496
"Arl11",0.218420281455494
"Alk",0.218377306300033
"Dnajc9",0.218250289904436
"Tmem161a",0.218250081909654
"Tubgcp5",0.217981963833418
"Pfdn6",0.217645145745432
"Hp1bp3",0.217574902726478
"Pgap3",0.217111658140779
"Prkcdbp",0.2166685360248
"Ube2f",0.216373147955089
"Ppp1r12b",0.216353123324834
"Ubald1",0.216336649819381
"Svbp",0.216326551145783
"Sema4b",0.216158192791741
"LOC108352427",0.215877102565236
"Pcmtd2",0.215776620182192
"Wnk3",0.215708201343713
"Apol11a",0.215397660285606
"LOC108352650",0.215002408907169
"Ca5b",0.214982613297003
"Ano5",0.214916573178381
"Ccdc15",0.214875537196993
"LOC102554659",0.214770923469147
"LOC102547505",0.214484295973633
"Rpusd1",0.214443042088822
"LOC102552482",0.214435951560536
"Tekt4",0.214402322289772
"Pank4",0.214342925490785
"Egln2",0.213868808067905
"Zfp964",0.213723083631444
"Mapkap1",0.213678984413943
"Zc3h7b",0.213574997063319
"Cebpb",0.213451492725767
"Rcan3",0.213069474261241
"Fah",0.212006981566735
"Arc",0.211820193559772
"Fcgr2a",0.211666756534904
"Baz2b",0.21138705729733
"Nsd1",0.211293562569418
"Kat5",0.211114246699858
"Phf6",0.210886713177354
"LOC103694558",0.210792916044143
"Eml4",0.21052126295246
"Mfsd7",0.210264472688426
"Haus3",0.209925940563924
"Btn2a2",0.209670047194037
"Slc30a6",0.209616194189682
"Anxa5",0.208987388949321
"Ash2l",0.208575312452964
"Mrps34",0.208236979841845
"Mrm2",0.207913878124201
"Exoc7",0.207840710122064
"RGD1310212",0.207727816900842
"Zfp865",0.20736140680044
"LOC102550729",0.20734837826227
"Pfn3",0.20730866324963
"LOC103694037",0.207150345987758
"Nmbr",0.207137738768651
"Cmtr2",0.207001348179886
"Fcer1g",0.206250482195292
"LOC108348051",0.206176314175643
"Fam96a",0.205445098105661
"Milr1",0.205264772339737
"Gpr165",0.205228418454539
"C8g",0.205046282437787
"Ing2",0.204994394345377
"Lin9",0.204552315089996
"LOC100174910",0.204414101851046
"Mtor",0.204375520031722
"LOC500124",0.20429075264959
"Psg19",0.203731475228836
"Ephb6",0.203311189425387
"RT1-CE7",0.203212719174337
"Mto1",0.203038384133316
"Col23a1",0.203027891412276
"Acadsb",0.202892665535562
"Tmco6",0.202759857998695
"Sds",0.202613370609016
"Abhd13",0.202443294879788
"Mafk",0.202389899535992
"Mre11a",0.202350536193062
"Xpo7",0.202316710269129
"Dohh",0.202198771094681
"LOC103690114",0.202152074680838
"LOC103690163",0.202152074680838
"Txk",0.201843736255147
"LOC100912538",0.201637002753306
"Defa11",0.201488427373976
"RGD1311595",0.201371396607005
"Meis3",0.201197561637106
"Mylk",0.200859896820403
"Cdcp1",0.200698028766473
"Wdsub1",0.200141486096214
"Sash1",0.200098922845719
"Tg",0.199909862067447
"Prr32",0.199903528332049
"Shprh",0.199834384515533
"Stard10",0.199183078731666
"Cyb5d1",0.198751992187977
"Copz1",0.198702246543053
"Xxylt1",0.198593292426651
"Ldoc1",0.198486178136477
"Ist1",0.198379567758285
"Hexa",0.198238395929952
"Zscan20",0.198130543811278
"Ift74",0.197845385105218
"Slc4a11",0.19783404547195
"Zfp830",0.197369308353028
"Rgs8",0.197329879992308
"Tcf25",0.196942957411839
"Tcf7l1",0.196655596656929
"Ifi35",0.196594475306101
"Rnpc3",0.196398648427109
"Hrct1",0.196346026518311
"LOC103690031",0.19628165462699
"Tmbim6",0.196161256437347
"Acot13",0.195425797011163
"Id2",0.195366401152735
"Renbp",0.195354180680214
"LOC103690131",0.194765139910468
"Smim12",0.194716815664058
"LOC108351541",0.194580189497662
"Lgals3",0.194470742155376
"Rdh12",0.19439570585771
"Plxna3",0.194159832605423
"Poc5",0.193940041343597
"RGD1565616",0.193739001021705
"Sh2d3c",0.193695671051693
"MGC94335",0.193529950783759
"LOC691392",0.193455097450046
"LOC102549817",0.193204643242889
"Txnrd1",0.192943875345278
"Clptm1l",0.192922589695318
"Mical2",0.192628647145936
"Katna1",0.192601613882796
"LOC103691744",0.19253957771628
"Cox20",0.192473017075985
"Zfp82",0.19236647762458
"Pax8",0.192340487744
"Pcdhgb5",0.192238776782464
"Adgrl3",0.192138852231419
"LOC108348175",0.191910188242524
"Fsip1",0.191782492196617
"Atxn7",0.191710431413831
"Fam151b",0.191688038880099
"Pnldc1",0.191451242050088
"Cenpv",0.191279060637141
"Sdad1",0.190729238163341
"Rmi2",0.19060834065583
"Fbxo41",0.18971663888728
"Gmppb",0.189681543319014
"Slc22a13",0.189679474437671
"LOC103690030",0.189625197757212
"Txndc5",0.18950137440875
"Nprl2",0.189279817650253
"LOC100911807",0.189161260372857
"Ctif",0.189099544707136
"LOC100911395",0.188568646757097
"Cybb",0.188415808922404
"Pcsk1n",0.188375593317052
"Chit1",0.188312151348621
"Slc52a2",0.18765928466184
"Slc26a8",0.187295291204996
"LOC100365450",0.187118031956065
"Zfp182",0.187076739654397
"Mmgt2",0.187050474706858
"Gstt3",0.187029489272256
"LOC100910172",0.186503737107226
"Trpc7",0.186448239932192
"Mei1",0.186398872724387
"Ulk4",0.186156612782934
"Dph2",0.186117610429775
"Gnat2",0.186114224639985
"Olr1746",0.185990924941207
"Amhr2",0.185947441353053
"Mcm9",0.185346015492473
"Cryba2",0.185191044051314
"Pold3",0.185080840623775
"Adamts16",0.185026856106895
"Ppfibp2",0.184876029264611
"LOC102552069",0.184711666246007
"LOC102553085",0.184711666246007
"Foxp2",0.184489892322359
"Fkbp11",0.184040985031444
"Cyp2j3",0.183920585231772
"Alkbh4",0.183891983635268
"LOC102555217",0.183761255710224
"Dhh",0.18369873622584
"Mtap",0.183595260144016
"Naif1",0.18358878153854
"Cyp20a1",0.183358193819944
"Rpl35",0.183345850639244
"Cstf2t",0.183179373957469
"Fam135b",0.183128998278425
"Eif1",0.183006582128076
"Pmm1",0.18218629324978
"Cryab",0.182165700970309
"Rbmxrtl",0.181930926308412
"Tmem74bos",0.181486600187362
"Stambpl1",0.181474968103382
"Gna12",0.181364272404819
"Chrm4",0.181219655365172
"Pbx3",0.180700120173702
"Thumpd2",0.180590942739427
"Il34",0.180125820855719
"Tmem42",0.180122338420979
"Bpifb2",0.179905114427448
"Dpt",0.179880979020026
"Slk",0.179359657012247
"Armc10",0.179303837413709
"Asmt",0.179179967490068
"Cpped1",0.178707752628732
"Plpp5",0.178691195598065
"Kdm4c",0.178520081634691
"LOC102553088",0.178256586607211
"Pdzd7",0.177930881007328
"Htr6",0.177775802268944
"Cdo1",0.177213745084318
"LOC102552805",0.177144766168516
"Rictor",0.177077735227644
"Kcp",0.176940262634158
"Rhob",0.176855175027683
"Ajap1",0.176424750418058
"Stat5b",0.176196013956537
"Ppp1r12a",0.176129153509797
"Tmem41a",0.17610847506521
"Rtkn",0.17595144379031
"Cgnl1",0.175761873642556
"Brsk2",0.175511918750683
"Ift46",0.175239427560428
"Fam219a",0.174427015398369
"LOC100362820",0.174380181386801
"Dusp6",0.174256337321076
"Chodl",0.174046876163374
"Map7",0.17393886545491
"Akap5",0.173830167722711
"Ifitm10",0.173533281286681
"Zswim5",0.172894477584744
"Ankrd52",0.172723658895574
"LOC108349796",0.172458086579089
"Syn1",0.172441153080767
"Mfsd4b",0.171916386614849
"Card6",0.171597844841456
"Abca7",0.171450973128341
"LOC499843",0.171361708846588
"Sh3pxd2a",0.171080929374368
"LOC102555644",0.170635946375169
"Grin2a",0.170446994510554
"Lama1",0.170426487744848
"Map2k7",0.170100197820105
"Gja4",0.170087819675593
"Tceanc2",0.170034226054932
"Hapln2",0.16986247358159
"Ptma",0.169797315410584
"Zfp629",0.169308813007599
"LOC108353238",0.169223890568367
"RGD1565071",0.169092238130431
"Lyrm9",0.168714648946235
"Ppp1r16a",0.168653318397362
"Dnajc16",0.168586272640395
"Tnfrsf4",0.16857793307301
"Tmem141",0.168410896744773
"Shtn1",0.1683892287822
"Pcbp4",0.1681261609151
"Cftr",0.168075003102942
"Lrrc8e",0.16761412972143
"T",0.167466122491218
"Zfp407",0.16720156219887
"Tgfb2",0.167172870504795
"Ccl19",0.167090802490861
"Npnt",0.167064855660844
"Anapc1",0.166878659899594
"Wbp2",0.166797818116421
"Ncf1",0.166597900784867
"Clec1b",0.166134112842317
"Mis18bp1",0.165714665692229
"LOC103691272",0.165690518673006
"Psmg1",0.165640827445426
"Hcfc1r1",0.16525506320454
"Rcc1l",0.165105903312218
"Syt17",0.16509504040287
"Crygd",0.164982808074802
"Taf9b",0.164776610499055
"RT1-CE2",0.164446975768582
"Ccdc175",0.164324312027279
"Medag",0.164030348889717
"Rras2",0.163960146374659
"Ndufb7",0.163223652241033
"Sdc4",0.163100215656362
"LOC102556703",0.163012374289231
"Dnali1",0.162817940819185
"Tsga10",0.162565054029796
"Kcnk2",0.162389503637201
"Morc4",0.162325118214146
"Myl12b",0.162144692040479
"Ogt",0.162092573680753
"Tmprss6",0.161538435178799
"Gnas",0.161477067887178
"Gal3st3",0.161045823546428
"Pdzd9",0.160955810239257
"Wdr92",0.160619711778138
"Josd1",0.160611602775318
"LOC103692087",0.160289763296938
"Mettl24",0.160230858492096
"Ppp1r16b",0.159748279357911
"F13a1",0.15943925893457
"Zfp280c",0.159315449698699
"Mak",0.158811414779547
"Ptges3l",0.158543578193397
"Vgll4",0.158194467666655
"Prmt1",0.158054803844551
"LOC108348225",0.15803093007282
"Fndc3b",0.157848895484776
"Secisbp2l",0.157612683245431
"Zdhhc16",0.157387461173987
"LOC688649",0.157321766910586
"Col25a1",0.157277517328256
"Dyrk2",0.156834213604708
"Serhl2",0.156642267913168
"Capsl",0.156522745903019
"Hdac3",0.156478577829529
"Lsm14b",0.15644147947589
"Zadh2",0.156400115362469
"Gucy2e",0.156184065189344
"Zfp593",0.15601935624869
"Gtpbp10",0.156003003345583
"Fam208a",0.155641324280327
"Ap1m1",0.155614619903771
"Arhgap9",0.155271615090639
"Aqp1",0.154869023909974
"LOC100909604",0.154577462357005
"Rab32",0.154573667611565
"Setd6",0.154549069790303
"Ick",0.154493698660687
"LOC100911840",0.154209927329704
"Stap2",0.154081128385265
"Draxin",0.153861023961976
"Tk2",0.153716730810798
"Stpg1",0.153693438482819
"LOC108350921",0.153474940317029
"LOC103692761",0.153443324748015
"Cyb5rl",0.15325848263522
"Cd93",0.153077645775846
"Ergic3",0.152901730324003
"LOC681282",0.152223216002691
"Tbce",0.151949564995319
"Camta2",0.151871563809074
"Ric1",0.151382745603601
"Akr1b1",0.151295896839096
"Wnt3",0.151213818044643
"RGD1565785",0.150998223117392
"Mpp6",0.150991443907548
"Ms4a3",0.150839002750346
"Gga2",0.150493345176716
"Prss8",0.150392645318563
"Zbed5",0.150286387939491
"Prdx4",0.150270471871482
"Mkrn1",0.150212670723122
"Lrrc7",0.149667389658527
"Rpa1",0.149346278373604
"Il11",0.149303620680209
"Slc22a5",0.149290480276079
"Golim4",0.14910842648312
"Fuca1",0.148932827126841
"LOC100360476",0.148615039100751
"Acot5",0.148397308105721
"Prkrip1",0.148263968319345
"Mpv17l",0.147704409647617
"Tspear",0.14763820460143
"Hes1",0.14763169826809
"tGap1",0.147257654865313
"Fam26f",0.146920984665583
"Hap1",0.146812608125194
"LOC108348055",0.146776000991647
"RGD1306233",0.146657832118358
"LOC100910732",0.146451099079957
"Med13",0.146397879963607
"Golph3l",0.146243442418762
"Nup37",0.146211928326069
"B3gnt4",0.146155384762158
"H2afv",0.145776738849961
"LOC100911798",0.145069247738155
"Acap2",0.144732125353805
"Zcchc6",0.144511955426985
"Osm",0.144436362941763
"Fcf1",0.144328700193208
"Polr3gl",0.143955129687076
"Ctnnd2",0.143949016580277
"Neto1",0.14368893807894
"Rassf6",0.143449686044228
"Ogfod3",0.143412701425646
"Hid1",0.143410568809543
"Tgm2",0.143357221399325
"LOC500350",0.143279243071788
"LOC100912151",0.143225398396196
"Yy2",0.143129974112167
"Skap1",0.143014764070634
"Olr1105",0.142615243604349
"Polr3e",0.142176166134888
"Atp1a1",0.142165795129951
"Mmp9",0.141970421737906
"Eva1c",0.14192471957494
"Klhl29",0.141911338664906
"Plbd2",0.141762193530362
"Ccna1",0.141613748007797
"Alox5",0.141057569299797
"Acvr2b",0.140944611060511
"Tmem170a",0.140893373417224
"LOC100909688",0.140876378617573
"Nr1h3",0.140803914814315
"LOC100912585",0.140438133855514
"Pdgfc",0.140128239450041
"Gtpbp2",0.140053165131415
"Prdm1",0.139821358573773
"Lrig2",0.139802352897883
"Mog",0.138889666763842
"Trim46",0.138774050862662
"Rangap1",0.137877624561287
"LOC103694084",0.137736851308235
"Eif2ak3",0.137497622299289
"Hist1h2ail1",0.137473866479765
"Rfwd3",0.137446390667258
"LOC100912428",0.137370231461557
"Cap2",0.137318061874559
"Nhlrc2",0.137287286378148
"Arf6",0.136958493155193
"Usp51",0.136670058823257
"Lrrc10b",0.136584738589792
"LOC108350705",0.136457290377265
"Hnrnpf",0.136359193502018
"Tldc1",0.136170573624093
"Rnf151",0.135821447129288
"Poli",0.135792342531712
"Slc16a2",0.135612471830358
"Cpa3",0.135604334822719
"Prpf4",0.135333320975843
"Ccl27",0.135289876718607
"LOC108350391",0.134785270563014
"Timm13",0.134771799851763
"Sh3bp5",0.133624725390896
"Ucp2",0.133575164731363
"Nckipsd",0.133244978589174
"Timp1",0.133186240989248
"LOC103693041",0.133001158198951
"Ficd",0.132989258065825
"Gstm1",0.13294896776402
"Ermn",0.132875355592458
"Nudt9",0.132797636686021
"LOC102557427",0.132717287265052
"Cisd3",0.132471667081505
"Shisa9",0.132454290542805
"Alpp",0.132237035478661
"Lasp1",0.132117546543919
"Syt15",0.132079147734911
"LOC102553278",0.131684733810834
"Fam160b1",0.13116791053876
"Tbcel",0.130968373154922
"Hmcn1",0.130677270967281
"Ralyl",0.130657503369759
"RGD1309108",0.130605875428229
"Micb",0.13040240681348
"Pitpnb",0.130259663369248
"Rfx4",0.129890142675206
"Rsf1",0.129803681941292
"LOC100363112",0.129715325175396
"Samsn1",0.129708241834826
"Arl6ip6",0.129468188920503
"Hrk",0.129447114837978
"Kcne5",0.129285786606654
"Smchd1",0.129262546525793
"Kcnk6",0.129192750610707
"Jmjd4",0.129135883324937
"Scn4b",0.128712109419633
"Snrpd2",0.128440779298996
"LOC102551647",0.12825282565629
"Pcnx2",0.127532683096088
"Xkr6",0.127449964854313
"Ube3b",0.127190620457233
"RGD1562747",0.127122593103223
"Zfp780b",0.1262990937888
"Scn2b",0.126225570039398
"Plpp4",0.12598626365928
"Ubr5",0.125653618846754
"Tuft1",0.125515841404723
"Adra1a",0.12530305903653
"Tstd2",0.125276740415231
"Dtna",0.125233954924001
"Lrrc9",0.125156099177235
"Nsun3",0.124964881597281
"Zfp347",0.123960320456908
"Pip5k1a",0.123655767455287
"Hes3",0.123400314594943
"Orc5",0.123205180647145
"Gorasp1",0.123013229073277
"Rsph10b",0.1229484315708
"Slc4a8",0.12265393235771
"LOC500227",0.122631838559045
"Fut4",0.122222296815743
"Slc39a7",0.122166637200669
"Dock1",0.121824020555266
"Rab35",0.12174824884452
"LOC100361655",0.121658577327693
"LOC103690234",0.121536912928052
"Tmem100",0.121491815300717
"Ctsc",0.121401646065638
"Bbof1",0.120923635964665
"LOC102548800",0.120856511311695
"Fndc7",0.120391738746725
"Bckdha",0.120114090233808
"Pcdhgb7",0.120037029477127
"Slf2",0.119978275459436
"Slc4a1ap",0.119693360424249
"Thoc1",0.119586424209036
"Klhl22",0.119272064892951
"LOC690468",0.118988294905352
"C1qbp",0.118725087391974
"Gadd45gip1",0.118669597024173
"LOC102552640",0.11856078204054
"RGD1306782",0.118176826480877
"Taf10",0.118161406608394
"B9d1",0.118112316534912
"Dnai1",0.117713845339463
"Rcsd1",0.117416345222307
"Best1",0.117337340721484
"Ly6g6f",0.117297697038114
"Cyp4f6",0.117056958165566
"LOC102546845",0.116952148057382
"Mospd3",0.116718676619654
"Rbl2",0.116694805589753
"Ammecr1",0.116523846175888
"Prob1",0.116228002679342
"Haao",0.115969265737512
"RGD1561149",0.115742518213333
"Actl7a",0.115503452221294
"Narfl",0.115500392741122
"Cfap61",0.115292521027918
"Olah",0.115040363284514
"LOC103692719",0.11453149195763
"Mkx",0.11451337967031
"Mvb12a",0.114381199336454
"Il1r2",0.11437715870155
"Ptgr2",0.114247279715009
"Nek8",0.114142825933782
"Prcc",0.114037445686306
"Myo5b",0.113862355336165
"Giot1",0.113784578061796
"LOC108348302",0.113493638943591
"RGD1305184",0.113407240811875
"Dnase1l1",0.113372256736313
"Cenpk",0.113162650385929
"Tfr2",0.11291026636458
"Atp5sl",0.11281748476191
"Myoz2",0.112690892918786
"Cox15",0.11254322458718
"Zmym1",0.111915536038311
"Akr7a2",0.111747710802078
"LOC102556297",0.111667310308535
"Wsb2",0.111125154497561
"Rpl31",0.110998239059107
"Cfap99",0.110975754835488
"Ncaph2",0.110226358713599
"LOC688583",0.110202784539999
"Pced1b",0.109800937063277
"Rad54b",0.109787164694731
"Dnajc21",0.109571961872911
"Pycrl",0.108998002597398
"Elfn1",0.108694884082811
"Pms2",0.108583440681452
"Hbp1",0.108110659553592
"Ndc1",0.107163758750598
"Arrb1",0.106903915785766
"Mlph",0.106894860936479
"Uimc1",0.106721933573097
"Tbl2",0.106567237140929
"Commd9",0.106512999888319
"Npdc1",0.106271113274578
"Usp42",0.105518459998755
"Sapcd1",0.105392805009158
"Nup98",0.1052129669627
"Satl1",0.104873172087319
"RGD1309730",0.104690390087024
"RGD1309139",0.10467963403962
"Lrrc18",0.104345923309863
"LOC102547431",0.104094234116881
"Champ1",0.103577294307075
"Cmip",0.103339361083418
"Phip",0.103245890980015
"Ttn",0.102887131802937
"Speg",0.102826644318532
"Chek1",0.102378632810593
"Tnfsf14",0.102355221452243
"Efcab1",0.102322993495425
"Whamm",0.102076170237798
"Pex10",0.102011981402097
"Coro6",0.101789145473665
"Rps13",0.10174238850441
"Fam188b2",0.101654907454929
"Nr2c1",0.101624709100625
"Zmpste24",0.100771328967891
"Myl1",0.100659030766057
"LOC108351334",0.100086500596572
"B3gnt5",0.0998115101452557
"Cst6",0.0997863616563002
"Trem3",0.0996166584246279
"Tmprss13",0.0991316932481504
"Cd1d1",0.0991296791566951
"Gpn1",0.0991223824664217
"Stpg2",0.098960168204875
"Lsm4",0.0986563674885166
"LOC102549491",0.0985663225741907
"Cuta",0.0983001294346175
"Mfsd8",0.0981322012048742
"RT1-CE10",0.0980626950970927
"Acbd6",0.0980614882262383
"Ptpn18",0.0975968899400279
"Apcdd1l",0.0971962191288668
"Pik3r5",0.0971547800010325
"LOC102556347",0.0971356755031392
"Slc22a8",0.0970629132415247
"Ak8",0.0968016270835567
"Bnip2",0.0967621611766768
"Syt7",0.0966091589105294
"Pink1",0.096607338040986
"Camkk2",0.0965295566811625
"Zxdb",0.0963651047203551
"RGD1565131",0.0963076335292949
"Dmd",0.0962195759439658
"LOC102547626",0.0962046543006987
"Cyp27a1",0.0961565164846131
"Vps45",0.0958478250635043
"Scarb1",0.0956883466028514
"Agbl3",0.095480238776962
"Vsig10l",0.0953908579880068
"Grin2c",0.0949955065350007
"Mier1",0.0948975218387564
"Acan",0.0948524793025974
"Slc46a3",0.0948168211609184
"LOC499643",0.0946088340933606
"Rnf215",0.0942456253835977
"Kcns1",0.0938100800245028
"LOC685267",0.0934048168289113
"LOC100910990",0.0932927555595529
"Sesn3",0.0932140126354179
"Klhl35",0.0928022245199122
"LOC102555951",0.0925786870095589
"Klc4",0.0924160580188189
"Tmem171",0.0923296068874678
"Pcsk5",0.0921343543619844
"Tktl1",0.0918751502470908
"LOC102551882",0.0917918390248959
"Anxa11",0.0917118261875903
"Nudcd3",0.0914536051326548
"Fam131c",0.0912618898420236
"Wdr70",0.0912000798022405
"Egr2",0.0911966097574928
"RGD1561444",0.0911444724074017
"Dap3",0.0910792482423587
"Hk2",0.0909338245536691
"LOC100912943",0.090620174203904
"Olr1748",0.0904169998342924
"Olr1088",0.0903480408769159
"Rps11",0.0902569893342118
"Wapl",0.090000678237541
"Ghrhr",0.0898718235274612
"Amer3",0.0897318863031426
"M6pr",0.0893434654003039
"Itgb5",0.0893294290132505
"Ino80d",0.0891074942771207
"Kif5a",0.0890653517777584
"Prpf40a",0.0890558516655039
"LOC102555635",0.0889322350292893
"Chrna1",0.0889130441597139
"Rps8",0.0888520065171582
"LOC501230",0.0888158235085531
"LOC100910371",0.0881855976426557
"RGD1560010",0.08810788260286
"Mafa",0.0880828080846117
"Apopt1",0.08797690894378
"LOC108351322",0.0879256170669538
"LOC360479",0.0877074028444882
"Rpl8",0.0876667797239182
"Triap1",0.0872172701991752
"Ak1",0.0871183671934051
"Xrcc2",0.0870214967117522
"Phf10",0.087002848024971
"Pqlc2",0.0869639365554645
"Lbh",0.0867258694740128
"Htr2c",0.0867040833467078
"Fbxo48",0.0866840771302571
"Hcn2",0.086559660817487
"Hnrnpul2",0.086555331417091
"MGC105649",0.0858147448737471
"Nucb2",0.0854884274428576
"Golga2",0.0853200871581135
"Chst14",0.0852409758440811
"Rbm8a",0.0849264813284851
"Myoc",0.0848841143428142
"Ankrd26",0.0845361334343198
"Cc2d1b",0.0844638814658165
"LOC103694863",0.0842944599897528
"Htr2a",0.0842335367120205
"Heatr5a",0.0841028314541622
"Rbm4b",0.0838233632927698
"Smarcc1",0.0829603797191681
"Rarb",0.0824236039032438
"Chpf2",0.0822759601902056
"Spp2",0.0819434426484807
"Sun3",0.0816918851370503
"NEWGENE_1565481",0.0815586395400772
"Vangl2",0.0815030375943704
"Scnn1g",0.0814036584399716
"Heatr1",0.0805353561342167
"Rhbdd1",0.0801837189347556
"Cnpy2",0.0801509464848217
"Paxip1",0.0798721130546589
"Spata33",0.0797780360090665
"Slc4a10",0.0797443597442033
"Vkorc1",0.0792408471343738
"Ylpm1",0.0791998356860382
"St3gal5",0.0791277816785197
"Gmeb1",0.0789889048014652
"RGD1310819",0.0788752993783621
"Tub",0.0788135467755812
"Sirt3",0.0786371663859217
"Rbbp9",0.0785997666847853
"LOC100912689",0.0784353973903419
"LOC102556043",0.0784353973903419
"LOC100911224",0.0783527374360684
"Uqcc1",0.0782227622715366
"Rufy4",0.0777552229429628
"LOC680663",0.0776496566373205
"Asb6",0.0776488787131057
"Dennd6a",0.0775168642534227
"LOC103693494",0.0774942268531365
"Ano8",0.0773474806489087
"Prr19",0.0771436620690599
"LOC102556178",0.0768298767351002
"Usb1",0.0766713774219441
"Plau",0.0766208372704948
"Mettl14",0.0766172534408276
"Ppp3ca",0.0765453713094492
"LOC365985",0.0763996406927788
"Gcnt7",0.0761324747161674
"LOC690467",0.0760251990653682
"Upp1",0.0759926359700032
"LOC691320",0.0758632610369684
"Dhrs4",0.0752695062588163
"Poll",0.0752048341887363
"Gnai2",0.0749597353940446
"Zfp62",0.0748390461746301
"LOC688390",0.0745083258333881
"Gpr19",0.0744726422751913
"Dusp22",0.074164393667337
"Ewsr1",0.074050123779597
"Atp23",0.0735763746962682
"Alx4",0.0734408291075145
"Lrrc24",0.0733806145142011
"Socs6",0.0733075015605238
"LOC690871",0.0732143658081722
"Tmub2",0.0731991282226708
"Cyp4f17",0.073123887734752
"Chrna2",0.0730439267742899
"LOC103691033",0.0728843962256325
"Fam83e",0.0726131072486861
"Psen1",0.0725088038402813
"Abhd18",0.0724230853356467
"Ppp1r8",0.0723937960040035
"RGD1564036",0.0721791850933751
"Zfp282",0.0720906297008561
"Zbtb1",0.0719502632272705
"Tsen54",0.0717339274383307
"Atg16l2",0.0716939779491167
"Slpi",0.0716810896172867
"Trib2",0.0712353749414429
"Setx",0.0711600183354165
"Csmd2",0.0708793028358744
"Nit2",0.070791629927475
"Marcksl1",0.070386803318043
"Psd2",0.0703627317150901
"E2f1",0.0703003745576988
"Etv5",0.070065621913892
"Zfp53",0.0699966915518699
"Sfrp4",0.0698829132287031
"LOC102556781",0.069785876387347
"Dusp14",0.0696205806709023
"Chchd7",0.0691826365110722
"Cdc16",0.0691210981601978
"Spred1",0.0691163652984495
"Steap3",0.0689772084947842
"RGD1564062",0.0687204814540645
"LOC100911761",0.0687049186094522
"Golga1",0.0686702686770752
"Blcap",0.0681948564857864
"Gpr84",0.0678061705637118
"Cox4i1",0.0677717212218513
"Olr59",0.0674606263090102
"Nol7",0.0672771498936046
"Smg7",0.0672204780226901
"Tmem185b",0.0671258234710556
"LOC102547612",0.0668509262455446
"Rprd1a",0.0660866339063865
"Hdac4",0.0660560829818559
"Wdr78",0.0658218470117973
"Disp2",0.0657588873456632
"LOC100911399",0.0655680676581191
"Cldn14",0.0652502720624729
"Fkbp8",0.0649271879286761
"Rpl15",0.0649173906467147
"Nop16",0.0644332667524311
"Shmt2",0.0641937549946479
"Cops7b",0.0641930470916885
"Faap24",0.0637504053829437
"Ppwd1",0.0635814223330279
"Ccdc146",0.063264031931761
"Ugt8",0.0631432225421064
"LOC108348233",0.0631335330162897
"Capns2",0.0631003063355663
"Pnoc",0.0630846885190311
"LOC100361087",0.0627630362460735
"Cnbd2",0.0624744247342209
"RGD1564664",0.0621268298212557
"Hhatl",0.0617602407596573
"Akr1d1",0.0616320872157267
"Cdh15",0.0611032948674748
"Supt3h",0.0610839334959241
"Tle3",0.0608703192689906
"Npb",0.060843633513037
"Chadl",0.0607929039279139
"Mettl26",0.0605677863484507
"NEWGENE_2319083",0.0602861186452682
"LOC103690024",0.0600872435865996
"Afm",0.0599237247746895
"Cndp1",0.0596626354034045
"Ccdc155",0.059356234069133
"Gdpd2",0.0592807461892272
"Irg1",0.0592676140045904
"Ppic",0.0592580875959868
"LOC100360754",0.0592088259118226
"Pkd1l1",0.059067588364845
"Nf2",0.0589474154183196
"Gnpnat1",0.0584039631089103
"Prok1",0.0583531937246939
"Hnrnph3",0.0581030778046545
"Slc23a2",0.057936093414302
"Uba2",0.0578904294703707
"Fam149a",0.0577827795853583
"LOC103692862",0.0577553010990942
"Spata1",0.0576638987946734
"Gmfg",0.0575088938987885
"Bad",0.0574440063670836
"Haus4",0.0573279596184839
"Ntpcr",0.0571936388047739
"Clstn2",0.0570587656455319
"Tmem260",0.0569837182831231
"Sin3b",0.0569235434057346
"Cdk17",0.0568798264655859
"Ncoa2",0.0565819558938356
"Ovol3",0.0563400912709314
"R3hdm4",0.0562132194407587
"Aldh6a1",0.0559842411239685
"LOC103692025",0.0556619314343008
"Wipf1",0.055396288126787
"Incenp",0.0552601735420478
"Tmem86a",0.0552131208186181
"Ltv1",0.0551509227317219
"Coq4",0.0548700668008202
"Serpinf2",0.0548668767130602
"Cacng3",0.0548459235651255
"Pard6a",0.0546564221735032
"LOC102555942",0.0545849335669593
"Cyp4x1",0.0544898341673599
"Kti12",0.0544339626321757
"LOC100912450",0.05423724722612
"Stx8",0.0542298727895049
"Spry3",0.0540462436681002
"Frmd4a",0.0539959550360215
"Adamts13",0.0539919572449222
"Ctnnal1",0.0534696702460701
"Ubxn11",0.0532995861215449
"Myoz1",0.0532493058274143
"Clstn3",0.053155500597714
"Adam32",0.053101576496323
"Flywch1",0.0530896291105129
"Sfn",0.0529478330372793
"Upf3b",0.0527190110761329
"Taf8",0.0526530796194858
"Alg1",0.0523744856775607
"Sfr1",0.0518556608826022
"Tspy26",0.0515541912501894
"Gjb3",0.0512414530635108
"Myo7b",0.0511349747649784
"Nudt8",0.0506804044637869
"LOC103689986",0.0505946942110832
"Hs3st6",0.0504869504504937
"Kirrel",0.0500178042201844
"Slc16a3",0.049891452149226
"Pdyn",0.0498166272844392
"Gpx8",0.0497897884886447
"Ofd1",0.049784837234271
"Ppib",0.0493659289271411
"Smim14",0.0493065779524707
"Klc2",0.0489666660523619
"Zfp469",0.0485210156618662
"Mkrn3",0.0484675217393914
"Ly75",0.0472231881918482
"LOC108348912",0.0466434140876999
"Fam204a",0.046423109655812
"Map3k10",0.0463317302346846
"Ceacam9",0.0455364600324939
"Pdk1",0.0445261114065432
"Zgpat",0.0444896414446806
"LOC100910717",0.044432579441
"Ppp1r15b",0.0443232693877653
"Susd1",0.0442180510547214
"LOC100912537",0.0439666899020828
"Tctn3",0.0439666899020828
"LOC103693260",0.0439109302197777
"LOC501416",0.04388356894026
"Dusp4",0.0436540121188653
"Slain2",0.0436474065390028
"Ctsf",0.0434319825171526
"Lipk",0.0433989572375042
"Zfhx2",0.0431099136195554
"Alppl2",0.0429248370168988
"Xpo6",0.0425133672572834
"Adpgk",0.0424579664001566
"Kdm1a",0.0423530060772884
"Zscan26",0.042303475904651
"LOC100910106",0.0419379394267503
"Lsm10",0.0417848258192828
"Tmem191c",0.0414998044873451
"LOC100911365",0.0413749051103169
"Ankrd33b",0.0411494786106138
"Ccm2",0.0411293496037539
"Pcdhb20",0.040834377528807
"Tmprss7",0.040799797709255
"LOC100362783",0.0406797682772042
"Fry",0.0405836145766281
"LOC100360856",0.0403223535201813
"LOC108348727",0.0402801173965859
"Ccdc12",0.0400299263025941
"Mpdz",0.0398637252768965
"Aida",0.0397800774512952
"Tmem179b",0.0396759564771807
"LOC103690158",0.0396224294597266
"Ccr10",0.0395140660908294
"Tbc1d9b",0.0388628197567917
"Ier3ip1",0.0388321740909757
"Eif5a",0.0387954789694322
"Ccdc39",0.0387055861161784
"Nup88",0.038597077191775
"Pnma1",0.0385171228481251
"Exoc2",0.0384909224212562
"Zfp27",0.03819311263839
"Unc13a",0.0380045427403059
"Ciita",0.0379807510892516
"Ube2e2",0.0378481597959173
"Myo3b",0.0378469084070252
"Rrp8",0.037810324289309
"Lpp",0.0377924442535099
"Cdk5rap3",0.0377210463809424
"Efcab2",0.0376315628899163
"Rb1",0.0375658201828947
"Pgs1",0.0374458669199336
"LOC108350942",0.0367306431986762
"LOC102551838",0.0367283192198765
"Jam2",0.0366545308286792
"Gsdma",0.0366337812130014
"Suds3",0.0366064587090466
"Fam166b",0.0360668691770745
"Galns",0.0360175413454099
"Sord",0.0359481146461898
"LOC678774",0.0359061939839781
"Fgfr1",0.0352281069610834
"Sema3g",0.0350928101157116
"Rps6kl1",0.0350345751969248
"Timp2",0.0349977358801001
"Rnf185",0.0349955258908538
"Rbbp8",0.03496386796176
"Orc6",0.0343793437016788
"Mtch1",0.0343553046570301
"Cacna2d1",0.0341747211636605
"Epha3",0.0340748547622505
"Puf60",0.0339521099891956
"Insm1",0.0337512112277679
"Fnip1",0.0336199907003511
"Sel1l",0.0334362825332553
"Tekt1",0.0332621818371124
"Star",0.0327447454628836
"Cd46",0.0327030093306618
"Slc25a19",0.0326828417559893
"Dnajb3",0.0323893518694823
"Txnrd3",0.0318538612248995
"Med30",0.0317930555947556
"Fbxl20",0.0315714361418677
"Slc15a1",0.0313754578663445
"Hsf5",0.0310082728175297
"Rex2",0.0310056145743343
"Fam167a",0.0306912826227457
"Cpg1",0.0306373851166103
"Ggt1",0.0302571338436534
"Atxn1",0.0298405562850355
"Pcdhga4",0.0296252127665866
"Zbtb3",0.0293656002692211
"Lrsam1",0.0293188253236763
"Mettl1",0.0291435717846762
"Shf",0.0290120537165665
"Csf2rb",0.028996353016722
"Tada2a",0.0289735027763708
"LOC100910033",0.0288425571619462
"Pus10",0.0287194443027023
"Slc13a5",0.0287105906549011
"Vcam1",0.028693202944503
"Ago2",0.0281571824081054
"Cd151",0.0279980831098148
"LOC100912615",0.0278559759654973
"Gja5",0.0272868914834945
"Irf8",0.027262047997571
"Catsperb",0.0271858100592466
"RGD1359290",0.0271167962716715
"Intu",0.0270412268107706
"LOC108348173",0.0268435428274642
"Fmo1",0.0265445383751959
"Vwce",0.0265067704283328
"Hmgcl",0.0264828567465123
"Mzt2b",0.0260183605842855
"Ptpn5",0.0259537426981823
"Pcdhb21",0.0258200524735082
"Rhag",0.0257576961648627
"Bend4",0.025705972794363
"Rnf8",0.0255469243613651
"Pde6g",0.0254850667024017
"Ptpn12",0.0253695992732358
"Fbxo44",0.0252217151184466
"Thoc2",0.0251540676310381
"Rnf39",0.0251329841351337
"Itm2a",0.0248225600625976
"LOC500877",0.0245960350804564
"Derl3",0.0242525286772511
"Fam160b2",0.0236344910185973
"Pkd2l2",0.0236218138817318
"Hook3",0.0235960386508682
"MGC116197",0.0231244869614767
"LOC103690154",0.0227662658557307
"Ftsj3",0.0224681918345751
"Chek2",0.0223124128891861
"Mfsd14b",0.0217783086995527
"LOC499179",0.0215342704176425
"LOC102552889",0.0209083090800984
"Rab7b",0.020786649083058
"LOC100909476",0.0207013493953567
"Lrrc73",0.0205956861281535
"Slc12a5",0.0203767629998216
"Fgf11",0.0203245720262954
"Ccdc125",0.0203172197735231
"Kbtbd4",0.019999492355708
"Brd8",0.0198705205160826
"Stag2",0.019715798215869
"Vsx2",0.0197157310016844
"Urm1",0.0195856515535974
"Zfp105",0.019241456729188
"Esr2",0.019125871901456
"Pigu",0.0189390058523396
"Hddc3",0.0188960530892823
"Lcp1",0.0183774436866536
"Tmem179",0.0183351177649221
"Rpl41",0.0181903045327737
"Atp5f1",0.0180305856855334
"Mkrn2",0.0179208518346404
"Hmces",0.0178875953732806
"Epb4.1l5",0.0175500676244068
"Otub1",0.0175130947864589
"Map3k2",0.017372963455573
"Arfip1",0.0167869475843467
"Csgalnact2",0.0167588904588268
"A2m",0.0166323348063871
"Alas1",0.0162018484592506
"Myo3a",0.0151499243323563
"Rad54l2",0.0149918656385116
"Fasn",0.0142825555570144
"Prdm8",0.0140253757882014
"Hspb3",0.0137169884718079
"Srsf5",0.0136835443523291
"Zc3h12b",0.0134497974848321
"Tmc7",0.013255254262625
"Rundc3a",0.0130825435554985
"Pqbp1",0.0129963063041699
"Bmyc",0.0128821944395401
"Zbed4",0.0128490185087754
"RGD1565685",0.0126652542406655
"Ptbp3",0.0122702417107693
"Sec14l3",0.0117185026871247
"Sdcbp2",0.0113956535111623
"Sox15",0.0111457287994783
"Pkd1",0.0110502671209909
"Spg7",0.0108339688872741
"Mcam",0.0108157176509908
"Trpc5",0.0103879684440496
"Ptpn11",0.0101235185608946
"LOC108352965",0.0101044648961586
"Fam78b",0.010098545008963
"Sntg2",0.0096274991436902
"Fat3",0.00960464666806748
"Trmt13",0.00940427894385956
"Alkbh5",0.00917443534753801
"Il27ra",0.00896362933711341
"Siva1",0.00873732108928067
"Sh3gl2",0.00865353326785174
"Slc47a2",0.00859180305184718
"FAM120C",0.00858108339290085
"Bin3",0.00716464756032654
"Smarce1l",0.00716149484526548
"RGD1302996",0.00660322465845379
"Ccdc189",0.00658418678057669
"Ddx42",0.00648902944121025
"Ednra",0.00647947244701692
"Gba2",0.00633840334557553
"Mphosph9",0.00622297862583213
"Tceanc",0.00601611200791798
"LOC102550851",0.00586893953349857
"Tada3",0.00568624546272779
"Kcnip3",0.00541116793889656
"Tomm6",0.00540405965837183
"Fam207a",0.0045983599643886
"Si",0.00456588530640371
"Vom2r80",0.00429077662121708
"Ecd",0.00396165966758803
"Pde7a",0.00382584731767893
"Serpine3",0.00372129338612502
"Setbp1",0.00351452557617203
"Rybp",0.00330328009200381
"Aard",0.00319753461201147
"Abca13",0.00280285531162155
"Mrps25",0.00243538314795926
"Casp4",0.0021520003255225
"Itk",0.000810284687122808
"Trabd2b",0.00057148378613001
"Stk40",0.000409184842962935
"Gabra4",0.000371814566521677
"Slc25a38",0.000212490294132523
"Bud31",-0.000191527198183339
"Xpa",-0.000485766196362743
"Slc41a3",-0.000826746172217585
"Trim68",-0.00115387384373544
"Psme2",-0.00135680784429338
"Rlim",-0.00228271597949359
"Adora1",-0.00262205983028418
"Rnf170",-0.00287195320732586
"Cdk6",-0.00353255610500568
"Kiz",-0.00353498065188855
"Slc19a2",-0.00378684606969822
"RGD1563348",-0.00382731728744489
"Supt4h1",-0.00409211243777304
"Vps37c",-0.00415588624933487
"Cfh",-0.00474466416968953
"Stab1",-0.00490210848681976
"Fkbp14",-0.00506249996093265
"Ndrg1",-0.00546025731588426
"Tuba1c",-0.00559955370462703
"Jtb",-0.00576718958088583
"Gcnt1",-0.00582162543648243
"Tob2",-0.00586114190064381
"Btf3",-0.00600649901086591
"Tm4sf4",-0.00611885916426071
"St3gal3",-0.00643417781040071
"Atp11b",-0.00659997371815628
"Nat14",-0.00663673715363394
"Tkfc",-0.00664428616792352
"Trpm4",-0.00704965857440961
"Mtcl1",-0.00767489046171187
"Cd84",-0.00798294315143781
"Ddx24",-0.00823664652733838
"Nsun7",-0.00847010956577418
"Klhl4",-0.00870543738249362
"Rnf122",-0.0088169343209023
"LOC102552823",-0.00883370356233952
"Ldhb",-0.0089179492283797
"Rps6ka1",-0.00926255005211415
"Skap2",-0.00933487261161954
"Adgrg3",-0.00935708965368875
"LOC103694902",-0.00956757749185496
"Snip1",-0.00963424940991038
"Cacna1b",-0.00964009883312104
"Spin4",-0.00993941210177223
"Gpank1",-0.010217043688402
"Capn1",-0.0104553144423614
"LOC100912498",-0.0110728006580659
"Dus4l",-0.0111718168276338
"Tdp1",-0.0112074592649252
"Gstp1",-0.01121815761448
"LOC100302465",-0.0113675720065723
"Prpf31",-0.0114765833653909
"Olr1",-0.0117687232514076
"Rpl14",-0.0119891887973755
"Cadm4",-0.0121114773374738
"LOC102551095",-0.0124213718046928
"Id4",-0.0128050008486492
"Dstyk",-0.0129185725829941
"Gpc4",-0.0132299507368156
"LOC685081",-0.0136778867710559
"Rnaseh2b",-0.0140819618185667
"Mpl",-0.0141055904928534
"Slc12a2",-0.0145215841609122
"Nr1i3",-0.0151342582527168
"LOC102555038",-0.0154156390769987
"Pou2f1",-0.0163073294863391
"Zfp26",-0.0165319837329924
"Mcoln2",-0.0168187515575609
"Sntb2",-0.016890532301534
"Cdkal1",-0.0169967608977468
"Ca5a",-0.0172426490863195
"Zfp128",-0.0172777459696026
"Camk1d",-0.0172894570420933
"Vps18",-0.0174840936185197
"Nubp1",-0.0175055978758204
"9-Sep",-0.0177883655370645
"Urb2",-0.0178586855891649
"Birc7",-0.0184807279880403
"Yae1d1",-0.0187376590592723
"Sfxn1",-0.0188429174949938
"Tgfbr1",-0.0192250107714386
"Lmo4",-0.0194463298773245
"Cttnbp2nl",-0.0196577026067252
"Hpn",-0.020198803044785
"Hist2h3c2",-0.020514857209566
"Syndig1",-0.0205922661094334
"LOC102548682",-0.0208275491448378
"Rps12",-0.0209431501189919
"Aim1",-0.0209661399807738
"Apoc2",-0.021056079897054
"Smarca5",-0.0211894811874304
"Cnih4",-0.021221770677105
"Elk1",-0.0214843123280178
"Metrn",-0.0216282007345359
"Foxred2",-0.0216403878197229
"Nr1h5",-0.0217823946559916
"Ddhd1",-0.0221425806573649
"Dbn1",-0.0222328886061943
"Ndufs7",-0.0224180217553378
"LOC100362830",-0.0228009811752115
"Neurod1",-0.023402261472736
"Slc39a8",-0.0234210829999967
"Rhobtb3",-0.023467143123358
"Snx18",-0.0235311727791631
"LOC108351723",-0.0235510583725489
"RGD1562914",-0.0242574985458266
"Hp",-0.024415787944747
"Morf4l1",-0.0244526900167586
"Cyb5r2",-0.0245871400650715
"Napepld",-0.0246389983675267
"Spink8",-0.0246549528753829
"Supt7l",-0.0248051630085324
"Rps28",-0.0249136693753747
"Slurp1",-0.0249624800427507
"Sephs1",-0.0252873907022075
"Npc1l1",-0.0254574399493305
"Cdk20",-0.0258539001444202
"Rnft1",-0.0259046079495066
"LOC102555091",-0.0260442083976253
"Tfam",-0.0263691036849704
"Zcwpw2",-0.0264120014968302
"Scap",-0.0266204985887051
"Drc7",-0.0267909022056654
"Slc26a4",-0.0269829534008195
"Ptafr",-0.0275230905704306
"Rapgef2",-0.0276087680261868
"Enpp6",-0.0277143154736442
"Vnn1",-0.027915836673537
"Zic3",-0.0279175446809261
"Cst8",-0.0279424997920091
"Slc17a4",-0.0279651768739551
"Hist3h3",-0.0280461711727095
"LOC100360619",-0.0281881952944539
"Cldn12",-0.0281998924897583
"Adcy7",-0.0283979477378494
"Gmnc",-0.0285321570617225
"Gpr34",-0.0285554164443774
"RGD1564513",-0.0285795710601915
"Psd",-0.0292257438575573
"Pcdhga2",-0.0292282890192349
"S100a7a",-0.029312097404293
"Leprot",-0.0294635753894055
"Atg9b",-0.0297283452376574
"Bmpr1b",-0.029755163331755
"LOC688981",-0.0297908461057755
"Ttc16",-0.0298301085993839
"LOC102547160",-0.0300299581666592
"Yap1",-0.0300456213214444
"Ccdc122",-0.0312545741378344
"LOC501349",-0.0315864032623877
"LOC100364769",-0.0317397011993477
"LOC108351873",-0.0319593899094545
"Ppig",-0.0319609092676562
"RT1-A2",-0.03202116372523
"B4galnt4",-0.0325092708741994
"Tceal7",-0.0326051025292685
"Mtr",-0.0326912576074496
"Rpl37a",-0.0326946378690329
"Arhgap44",-0.0328539291297952
"Cers1",-0.0328647774996788
"Gdf1",-0.0328647774996788
"Rxfp3",-0.0328662273957641
"Bmf",-0.0329923878716048
"Coro2b",-0.0330664412346765
"Ttf1",-0.0334234620982575
"Stum",-0.0336495034453474
"Zbtb2",-0.0338540128184675
"LOC102551901",-0.0338579295837158
"Taok3",-0.0339825310710288
"LOC365778",-0.0340888652649486
"Asb2",-0.034165178948394
"LOC100909998",-0.0348647505601208
"Armc6",-0.0351382394459869
"Unc5a",-0.0352491346857871
"Slc4a5",-0.0353434076682233
"Slc45a2",-0.0358705243745987
"S100a5",-0.0359339214757925
"LOC100359574",-0.0361797536787154
"Krt13",-0.0363423972319196
"Cct3",-0.0363882513142529
"Gml",-0.0364419282691661
"LOC102551340",-0.0364622091733004
"Ankrd36",-0.0367130029024745
"Rhoj",-0.0370297478843202
"RGD1562667",-0.037316655899307
"Slc15a3",-0.037321712830542
"Pcna",-0.0373515952900893
"LOC103690642",-0.0374778806253781
"Fadd",-0.0375043425640975
"Cd38",-0.0377829310071403
"RGD1563378",-0.0381138753152925
"Mgrn1",-0.0382897625542548
"Ptp4a3",-0.0382928674281692
"Klhl41",-0.0384229693406867
"Gng4",-0.0384648365451089
"Fbxl17",-0.038675569723929
"Abcf3",-0.038871486240879
"Olr1584",-0.0393030448451387
"LOC103690097",-0.0393133804106527
"Crcp",-0.0393738063989821
"Bnc1",-0.0396870982714651
"Ttc26",-0.0397316485817827
"LOC685699",-0.0397324899696142
"Kctd17",-0.0400108493982003
"Prss48",-0.0400972167111928
"G3bp1",-0.0402327891064239
"Eid3",-0.0405066264053983
"Tbc1d10b",-0.0406091181551297
"Paxbp1",-0.0407954913325229
"Llgl1",-0.0412261691093249
"Supt16h",-0.0413465953264743
"Neurod4",-0.0415795806401613
"Tut1",-0.0417760983706322
"Sucnr1",-0.0417872472421019
"Chst10",-0.0418195169025967
"LOC363324",-0.0418425451038402
"Flot2",-0.0421762114595171
"Madd",-0.0421951811597073
"Rpia",-0.0422162769817061
"Npm1",-0.0426491270972449
"Gjc2",-0.0428049249109551
"Ildr1",-0.0429103426546112
"Dcaf13",-0.0429746756709917
"LOC103689978",-0.0432924809362834
"Egflam",-0.0435248569017496
"Etfbkmt",-0.0435981887519917
"Spata31d1d",-0.0436175440905348
"Bach1",-0.0440647980033723
"Frg1",-0.0441371599195357
"Parp2",-0.0441830651384522
"LOC108351567",-0.0443124939515714
"Atraid",-0.0443898651546488
"Rundc1",-0.04440414259039
"Mat2b",-0.0448787413675239
"LOC108348154",-0.0450480687467789
"Zc2hc1c",-0.0455995213624639
"Rps24",-0.04614972142622
"Tsnaxip1",-0.0461856552614684
"Ssc4d",-0.0465157915312203
"Map2k6",-0.0468359205989199
"Knop1",-0.0468429994792923
"Rhoa",-0.0472183471046983
"Ahsa2",-0.0474491368005079
"LOC102553858",-0.047467506825796
"LOC100910177",-0.0474857698493698
"Carf",-0.0478707833687536
"Wipi2",-0.0478963179551491
"Aoah",-0.048011739797414
"Plbd1",-0.048040681013146
"Fli1",-0.0481651142394739
"Enkur",-0.0481881065608535
"Aldoc",-0.0485334622520566
"Anxa6",-0.0485560274414971
"Chmp4c",-0.0486468882460904
"Fcnb",-0.0489277799126578
"Tirap",-0.0491690617101495
"Zfp259",-0.049517295644751
"Dusp3",-0.0496847889104516
"Rap1gds1",-0.0498763446715091
"Porcn",-0.0499792865523344
"Tmem108",-0.0501299271381274
"LOC102552360",-0.0501650605581799
"Agbl4",-0.0502592780603331
"LOC690276",-0.0503370013294675
"Fut11",-0.0505982996907472
"LOC103691238",-0.0508165630259581
"Dbnl",-0.0509332784134724
"Cwc25",-0.0510183882242163
"Mrpl35",-0.0510213725320421
"Tom1l2",-0.0510577304989644
"Ccdc167",-0.0511667996731077
"Ncr3lg1",-0.0511677397913355
"Astn2",-0.0512710662435425
"Spsb1",-0.0518477017292533
"Fam84a",-0.051896238418485
"Zglp1",-0.0525977666930064
"Ankra2",-0.052679067969554
"Rbp4",-0.0529793185702764
"LOC102550396",-0.0531999882302657
"Hfe",-0.0534282887569763
"Ggt7",-0.0534956372171272
"Qk",-0.0536750180971973
"Snapc1",-0.0537216620666288
"Lhx9",-0.0537367944995474
"Lmx1a",-0.0537853551339492
"Prss36",-0.0538878747214375
"Cd47",-0.054071685121951
"MGC95210",-0.0541948881659041
"Txlng",-0.0542204812401712
"Hrc",-0.0543599290392673
"Dlg5",-0.0544770227990387
"Kdsr",-0.054635217516895
"Serinc4",-0.0548008934890996
"Tyw3",-0.0549877743678983
"LOC108353163",-0.0552080907072362
"Fbp2",-0.05540030972503
"Spert",-0.0554692323561133
"RGD1564149",-0.055539097658543
"LOC100909645",-0.0562147237904901
"Rnf44",-0.0564906167760468
"Gk5",-0.0569111207938646
"Dmc1",-0.0571637283199903
"Med20",-0.0572736306839412
"Lsm6",-0.0573685708823261
"Grk6",-0.0574536224608735
"Gpbp1",-0.0582731569084539
"Cobl",-0.0583213623895411
"Trim62",-0.0586921097566285
"Fam149b1",-0.0588801441119534
"Pald1",-0.0589231203904697
"Pcyt1a",-0.0591345911136618
"Kirrel2",-0.0595297653620549
"Fam229a",-0.0598138044516949
"Gbf1",-0.0599905307929812
"Lztr1",-0.060123056724145
"LOC108350583",-0.0602337518762236
"Sorbs1",-0.0602955666973054
"Pcdh15",-0.0603204367544739
"Tbcc",-0.0607702557996718
"Gchfr",-0.0610295281397994
"Olfm2",-0.0613620869096763
"Gpr107",-0.0622475864755575
"Slc44a3",-0.0625132142113294
"Erich2",-0.0626052182322315
"Pdia4",-0.0627357196580425
"Ppdpf",-0.0628891346148929
"Rpgrip1",-0.0630416461872974
"Ctbp2",-0.0630692588464555
"RGD1560248",-0.0634118851634905
"Ccdc73",-0.0641696158880167
"Pip4k2b",-0.0649584343070417
"RGD1559904",-0.0649622274330277
"Fibin",-0.0654682534252061
"Chtf8",-0.0658060018955232
"Kcne2",-0.0659851276280952
"RGD1562161",-0.0660004120129182
"Vti1a",-0.0660187020258677
"Atp6v0c",-0.0661528410296413
"Manf",-0.0665465704564809
"Rrn3",-0.0670126484930835
"Tsr2",-0.067207215962714
"Tmem206",-0.067360481208828
"Ifi47",-0.0674030890660564
"Gsk3a",-0.0675077618672133
"Trub1",-0.0676217802824194
"Calb2",-0.0678896113959942
"Pms1",-0.0680860271174566
"Fas",-0.0688157637273911
"Gramd1c",-0.0688597081151709
"Cyb5r3",-0.0690393652805258
"RGD1561161",-0.0691804283700269
"Tysnd1",-0.069808980346065
"LOC100911402",-0.0699742414103419
"Upf2",-0.0701532561999403
"Kyat3",-0.0703330807362622
"Wdyhv1",-0.0704849056458643
"RGD1560314",-0.0707952960776464
"Elf4",-0.071568589694593
"Pgap1",-0.0715781084133006
"Htr5a",-0.0716820325701654
"Rab42",-0.0724018054730055
"Mtg2",-0.07294378417165
"Xkr4",-0.0733497890743056
"Layn",-0.0736391492378815
"Vps26b",-0.0737311633513915
"Klhl2",-0.0741460930658111
"Ccdc58",-0.0743478493709569
"Mrpl34",-0.0745703061527791
"Sike1",-0.0749203752280126
"LOC100912294",-0.0752268538028163
"Zdbf2",-0.0756973373972664
"Zfat",-0.0758338246496024
"Rad18",-0.0759177801189274
"Cela1",-0.0759946486792017
"Dnajc3",-0.0760406693876094
"Nfib",-0.0766988440359759
"Plscr1",-0.0768654364112542
"Msi2",-0.076970623184387
"Tmem126a",-0.0771762515972839
"Gabra1",-0.0774369358723542
"Tfcp2l1",-0.0775626034296378
"Fgl2",-0.0775970501618776
"Ppp1r1a",-0.0779837577818093
"Epb41l4a",-0.0780289264276643
"Snx8",-0.078311055797432
"Fam156b",-0.0789753842205174
"Arsk",-0.0792234113581297
"Rbm25",-0.0798162285505027
"Col8a1",-0.0798921400583188
"Spa17",-0.0802878057643032
"B3galt2",-0.0807205081786519
"Stk4",-0.0808850349050657
"Rpl7l1",-0.0810067519073436
"Foxn3",-0.0811420242623006
"Trappc11",-0.0818604798986746
"Abcg8",-0.0819601834320841
"Rubcn",-0.082088779526678
"Srpk2",-0.0821434841430257
"P4htm",-0.0828207276672641
"Opn3",-0.0828880724907574
"Fgf22",-0.0839804741478201
"LOC108351645",-0.0842671325918169
"C5ar1",-0.0844372704047766
"Stk3",-0.0853885958801508
"Wnt5a",-0.0858295642092084
"LOC100365921",-0.0866926034546704
"Slc35d1",-0.0868890803391289
"Bcar1",-0.0871548594107977
"Cacnb1",-0.0872388475631825
"Hmgn3",-0.0873808422323094
"LOC685275",-0.0876203892635405
"Nkiras2",-0.0879330031597839
"Psen2",-0.0884476074899632
"Fbxo6",-0.0886389385935879
"Cebpg",-0.088674665187993
"Ubn2",-0.0892442798510108
"Ahcy",-0.0893949232409137
"LOC100910207",-0.0895257538716182
"Mtdh",-0.0896051163560882
"Hpgds",-0.0898067764575187
"Tcea3",-0.0904060923165569
"Ccdc92",-0.0907820247624131
"Son",-0.0908396987904756
"Fam107b",-0.0910976617564592
"Efna5",-0.0911481963731286
"Tmem91",-0.0916885173058279
"RGD1565622",-0.0916943580926461
"Mamdc2",-0.0920844859105553
"Mttp",-0.0927582620100121
"Gtf3c4",-0.0927731339915784
"Treml1",-0.0928958641883641
"Enpp5",-0.0929709620866155
"Mlip",-0.0933888623790418
"Larp1",-0.0935471875410368
"LOC102555672",-0.0935811747304721
"Bcar3",-0.0938738926776944
"Tm9sf1",-0.094155132565948
"Osbpl11",-0.0943531215888935
"Sorcs2",-0.0948935146823733
"Drd2",-0.0949207464466599
"Dner",-0.0950949373835976
"Nup43",-0.0951357400548787
"Tbrg4",-0.0954102089161562
"Capn7",-0.0957914333205592
"Pogk",-0.0963135191364051
"Heatr5b",-0.0966092370970142
"Rspo1",-0.0967584130777212
"Btbd7",-0.0967992099162291
"Ankhd1",-0.0969845248971514
"Abhd8",-0.0973576466809369
"Synpo2l",-0.0976641159369444
"Drgx",-0.0979574923046445
"Ubr2",-0.0982009080035649
"Pcyt2",-0.0982126123323796
"Gemin4",-0.0984891923013088
"Mtus1",-0.0985102684116166
"RGD1560171",-0.0987640211827687
"Cbx8",-0.0992749469881272
"Nedd1",-0.0992884524990289
"Nav1",-0.0995806866723653
"Cpne4",-0.0999080895204215
"Nsmce2",-0.100125375542718
"Rmnd1",-0.100314967953999
"Nsmaf",-0.101360490071529
"Atp6v1g2",-0.101456891134927
"Arhgap32",-0.101512831143796
"LOC691519",-0.101517324366821
"Slc19a3",-0.10154176102374
"Arrdc2",-0.101626101090961
"Psmd9",-0.102286347571838
"Cpn1",-0.102543534784377
"Adcyap1r1",-0.102967542399856
"Erich4",-0.103003211622893
"Cacng2",-0.103240068925757
"Pparg",-0.103413498220308
"Pcdhb10",-0.103625444196225
"Rhof",-0.104278440790625
"LOC102546572",-0.104548180548266
"LOC100911848",-0.104778232218058
"Susd3",-0.104797103223204
"Aloxe3",-0.105045826535552
"Mcc",-0.105306711760009
"Tango6",-0.105414092941783
"Rwdd1",-0.105443128360116
"LOC102551683",-0.105854568714529
"Zmat1",-0.105887310238399
"Ankrd13d",-0.106441193610758
"LOC689679",-0.106442279124201
"Ptpn9",-0.107084237129928
"Slco1a2",-0.1074646001918
"Nfyc",-0.107624678059915
"Lemd2",-0.107836219037336
"Slc1a6",-0.108046286208083
"Fes",-0.108343712521927
"LOC100910275",-0.108545104276459
"LOC102552068",-0.108703766170939
"Pde1b",-0.108826068858935
"Traf3",-0.108827598987712
"Rps4x",-0.108973429433655
"Desi2",-0.109146568086146
"Myom1",-0.109153258488613
"LOC363337",-0.109372821561271
"Pepd",-0.109732182865332
"Gal3st4",-0.109839633701855
"Phlda1",-0.109857114550394
"Rpl10l",-0.109970681438028
"Ago4",-0.110522487813978
"Ufsp1",-0.110637253132473
"Zfp36l1",-0.110699727414031
"LOC108349769",-0.110702767702922
"LOC100912578",-0.110916900719707
"Hoxd9",-0.11129681287995
"Rsbn1l",-0.111706932080007
"Cadps2",-0.111883126768655
"Polg2",-0.112039174650949
"Pdcd2l",-0.11209492347943
"Pax1",-0.1132697749582
"LOC108351491",-0.113346815349421
"Ptx3",-0.113447347472681
"Otud3",-0.113554000149317
"Wdr86",-0.113747581336533
"B3gnt8",-0.113777118727231
"Pgc",-0.113873649914397
"LOC103692555",-0.113935399165038
"Pnpla6",-0.113997246084791
"Rpl6",-0.11407188888647
"Malrd1",-0.114107668329967
"RGD1560289",-0.114165444001792
"Txndc9",-0.11468302813364
"Gria3",-0.114826693079191
"LOC102555469",-0.115022677213776
"Gipc1",-0.115072566326037
"Dcn",-0.115191925190095
"Senp2",-0.115354817312687
"Kctd3",-0.115546353559634
"Gatad1",-0.115702198029772
"Igflr1",-0.115727137086331
"Oas1h",-0.115823960245987
"Zfp472",-0.115894571655825
"Hmg20a",-0.115962221335766
"LOC102550789",-0.116495475626061
"Fhl5",-0.116510993633983
"Srrd",-0.116615849539075
"Pfkm",-0.116626932703706
"LOC108348136",-0.11702174007179
"Slc28a3",-0.117062134750853
"Prdm12",-0.117134667439748
"Zmynd12",-0.11715375278578
"LOC102552880",-0.117190445458706
"Tubd1",-0.117646395597538
"Bcl6",-0.117683739342754
"Cblc",-0.117736418293367
"Fmr1",-0.117826247604889
"Abcc1",-0.118033489027902
"Tex30",-0.118108632997234
"Ppil1",-0.118284816064647
"Jph1",-0.118347409861458
"Esco1",-0.11865939569355
"Rbpjl",-0.118861276121688
"RGD1565057",-0.119388418265959
"Gdf9",-0.119512639519645
"Hpse",-0.120007057917163
"Rchy1",-0.120135811238211
"Kat14",-0.120349166884454
"Insc",-0.120369686317231
"Aktip",-0.120497346724771
"LOC102550256",-0.120555448954186
"Evc2",-0.120883141295392
"Sugp2",-0.121115997425225
"LOC100912748",-0.121443429926959
"Grhl2",-0.12221668680757
"Zdhhc7",-0.12222139682457
"RGD1560207",-0.122559482002682
"Anapc2",-0.122571419872545
"Thrap3",-0.122760613073228
"Pag1",-0.123040531448304
"E2f3",-0.123045137116239
"S100a3",-0.123066624609144
"Rps6ka5",-0.123162229674407
"LOC103692529",-0.12340109282344
"Ssr4",-0.12358255381652
"Tmem156",-0.123843213659701
"Tex11",-0.123848920585934
"Dand5",-0.123913001678211
"RGD1306739",-0.123943276791584
"Clec4a2",-0.123960581185546
"Tmem107",-0.124065029838098
"Ddx3y",-0.12431360955887
"Hsd11b2",-0.124525584436163
"Csnk1d",-0.124697207134686
"Rfc2",-0.124714581171434
"Phgdh",-0.124970532763648
"LOC102551737",-0.125153805227146
"Scml2",-0.125366255939179
"Ms4a6a",-0.12545899493949
"Plekha6",-0.12555561581536
"Crhbp",-0.125663695907354
"Kdm8",-0.125728159334326
"Phactr2",-0.125819910586216
"Hils1",-0.125896964297918
"Dmrta2",-0.126037996527736
"Kcnq5",-0.126318574277399
"Cgrrf1",-0.1269905088615
"Clec2d",-0.127156720217793
"LOC103694538",-0.127182690900878
"Lrrc74b",-0.127315108289681
"Kif6",-0.12758020809284
"Mtf2",-0.127710209889667
"Mlf1",-0.128035674350582
"LOC102555183",-0.128185467413684
"Fau",-0.128250254049306
"Syce3",-0.128395543080547
"RGD1305455",-0.128617186911256
"Cep104",-0.128846190959055
"Scyl3",-0.129029726004798
"Ndrg2",-0.12923118658044
"Spint3",-0.129274505893396
"Shisa3",-0.129925852458609
"Ttyh3",-0.130054126818356
"Rps17",-0.130091190661218
"Trnp1",-0.130100042154274
"Rnf113a2",-0.130204034273393
"Cd300ld",-0.131366329863833
"Sh3bgrl2",-0.131424198568376
"Rad21l1",-0.131454860315245
"Nub1",-0.131698338293191
"Gdnf",-0.131834539001182
"Prpf38a",-0.131918992251873
"Slco1c1",-0.13195854829181
"Tppp2",-0.132096700586898
"Ppp1r3g",-0.132368760080991
"Nlrx1",-0.132837992704116
"Fbxo28",-0.133225012691544
"Mbnl3",-0.133291956219705
"Mtus2",-0.133464584240957
"Plin2",-0.133474766941837
"Rnf225",-0.133751482203498
"Tsn",-0.133856878644752
"Spata13",-0.134073288174227
"Tmem251",-0.134083609024258
"RGD1563300",-0.13415802578315
"Ulk3",-0.134178204488818
"Crot",-0.134570889902835
"Tgm7",-0.134603391110215
"Pbx1",-0.134999314916789
"Mrpl30",-0.135299921794264
"Ccdc112",-0.135384039839644
"Neb",-0.135430942387227
"Zkscan3",-0.13552645317029
"Wdr1",-0.135661175253493
"Plag1",-0.13571071276073
"Grap",-0.136199098423954
"Actl6a",-0.136285940276354
"H3f3b",-0.136341423549228
"St8sia5",-0.136375976655422
"Cntn2",-0.13650572890631
"Rab12",-0.136677623645212
"Cep120",-0.136797899084589
"Katnal2",-0.137085153063714
"Fmn2",-0.137265681419788
"Wdr76",-0.137437882921452
"Mrm3",-0.137973995705501
"Clcnka",-0.137984507818404
"Fbp1",-0.13815395379914
"Cd320",-0.138932782939233
"LOC103690842",-0.138962710289945
"Nanog",-0.139016007236334
"Esyt1",-0.139096168719705
"LOC361990",-0.139753470586599
"Mynn",-0.139862804544078
"Cdk12",-0.140258905429561
"Ccng2",-0.140489656484632
"Gp1ba",-0.14058001645221
"Skil",-0.140937101153937
"Fbln5",-0.141152682020807
"Baiap2l1",-0.141316792503214
"LOC102546394",-0.141865620091813
"Dusp5",-0.142258700641155
"Cdc42se2",-0.142260853324977
"Slc7a4",-0.142631471260653
"Dcaf10",-0.142948945848591
"Poln",-0.143044483214012
"Grina",-0.143048060693493
"Brf2",-0.143198401303586
"Cdh1",-0.143504570029742
"Gca",-0.143516000745051
"Lca5l",-0.143516830368067
"Rasd1",-0.143547103421246
"Rbm26",-0.143820185861657
"LOC689130",-0.143972583747352
"Hrh1",-0.144211616887837
"Stx11",-0.144559711389162
"Nudc",-0.144988039939222
"Reep2",-0.145028799675177
"RGD1304770",-0.145301944277615
"Ptgdrl",-0.145506516494394
"Pgf",-0.145544769550459
"Haghl",-0.145659226912853
"Usf3",-0.146017922624588
"Rinl",-0.146425651705248
"Ssbp2",-0.146923646152468
"Ebf3",-0.147348849733184
"Ctsz",-0.147393299834188
"Ribc1",-0.147569233882464
"Prkar2a",-0.147579318074505
"Jmjd1c",-0.147961798783064
"LOC103694877",-0.147993035272976
"Mnat1",-0.148207904694431
"Zranb2",-0.148276666807458
"Spdef",-0.148300146542135
"Dopey1",-0.148350867646594
"Psmd2",-0.148470279939909
"Lhfpl2",-0.149417675457451
"RGD1309779",-0.14957005553626
"Rxrg",-0.149653778913625
"LOC108351584",-0.149780724498742
"Zfp266",-0.150125221741387
"Sec14l4",-0.150426238679988
"Mdfic",-0.150699669126918
"Vps54",-0.150989103532794
"Snx19",-0.151078974763984
"Sphk1",-0.151442668670262
"Pds5a",-0.151569522795615
"St6galnac3",-0.151749512007153
"Bbox1",-0.151888095970588
"Pck2",-0.152248391254119
"Adgrg6",-0.152293775987893
"Elfn2",-0.152465483554496
"Tnfrsf9",-0.152846374180675
"Amtn",-0.152880247627577
"Crmp1",-0.152901587149999
"Dip2a",-0.1537491057055
"LOC100362113",-0.153886130454934
"Tmppe",-0.153922152939713
"Ccdc51",-0.154085316549056
"Taf4b",-0.1541727629294
"Tmem240",-0.154200114378217
"Lrrc23",-0.154264326010466
"Lin7a",-0.154624243931559
"Sbsn",-0.15498692520392
"Igsf7",-0.155249202236317
"C3",-0.155860581063319
"Galntl6",-0.155918212774933
"LOC103694875",-0.155929395370342
"Rbm25l1",-0.155951043453248
"Rnase13",-0.156423811783381
"Prss29",-0.156697026942299
"LOC685183",-0.15670119047974
"Minpp1",-0.15686759558972
"Top1",-0.157105061537729
"Syngr2",-0.157285976970143
"P2ry6",-0.15733645123903
"LOC100910575",-0.157407145999472
"Osbpl9",-0.157449307448206
"Grid2",-0.157786004269533
"Matn2",-0.157795471489721
"Zfand2b",-0.158479776874074
"Scn10a",-0.159211618512469
"Vwa7",-0.15929525782118
"Etv3",-0.159369529364962
"Dcst2",-0.159510559839752
"LOC108348771",-0.159532627540871
"Plcb2",-0.159548386173347
"Artn",-0.159809289665124
"Chchd1",-0.160772011122257
"Cdh3",-0.16103290521847
"Sdr42e1",-0.161357742497329
"Ccnjl",-0.161606676951639
"Tacr2",-0.162015848711927
"Gdf5",-0.162503703168637
"C6",-0.16315511509484
"Hdc",-0.163544529369033
"Polg",-0.163739614437712
"Slc16a12",-0.163844607881955
"Aste1",-0.163906180687892
"LOC100911186",-0.164591128829218
"Trmt11",-0.164808837396046
"Agpat4",-0.164858918604189
"Zpbp",-0.16498627307387
"LOC100363535",-0.165000323528552
"Ppp1r21",-0.165255358837198
"Gsta4",-0.165303659780532
"Fggy",-0.165376354696085
"Sstr4",-0.165406344520419
"Cpa2",-0.165428963108461
"Abcc12",-0.166211647926386
"Clec2g",-0.166414341982543
"Slc45a3",-0.166612261041642
"Cabp7",-0.166752341366981
"LOC690948",-0.167253865472628
"LOC108349548",-0.167437909025648
"Dock10",-0.167438651163295
"Gan",-0.167441297586353
"Exosc4",-0.167512461498414
"LOC103692182",-0.167585837181952
"Msl3l2",-0.167603974885384
"Kcng2",-0.167763410253769
"Parp6",-0.168068810535334
"Lmntd2",-0.168117134705027
"Dhfr",-0.168165349294677
"Clmn",-0.16831431827373
"Grik3",-0.168435287045531
"LOC108353169",-0.168561649196367
"Patj",-0.168637005724721
"Tceal3",-0.168902643630865
"Med4",-0.168962410249145
"LOC102551633",-0.169319777483219
"LOC103690914",-0.169620612268464
"Slc35b3",-0.170200914167975
"Syf2",-0.170835994552251
"Mdh2",-0.170892145693442
"Rbm34",-0.17099732402527
"Jph4",-0.17114307652729
"Utp23",-0.171486991262906
"Jmy",-0.171487931759877
"Tubgcp3",-0.17154415139444
"Slain1",-0.171560977523131
"Mettl9",-0.171663417938695
"Reln",-0.171813743107088
"Iars2",-0.171831246711815
"Stk11ip",-0.171855331860418
"LOC691215",-0.171953901514041
"Vamp2",-0.173653284859568
"Pnpla2",-0.174270608691205
"Rpp38",-0.174368480686082
"RGD1562625",-0.174764143185542
"Magel2",-0.174887562262475
"Rps16",-0.17497269374804
"Znrf4",-0.174974559833442
"Pdzrn4",-0.175071215951833
"Dpep3",-0.175107277390266
"LOC103689928",-0.175398783995357
"Ablim1",-0.176110287002573
"Pank1",-0.176171211930974
"Tst",-0.176192758843735
"Slc7a15",-0.176283851075184
"Abca14",-0.176559161947231
"LOC103690326",-0.176612579093243
"Dnajc2",-0.176907822614686
"Vamp8",-0.177008763088237
"LOC108348192",-0.177070108130566
"Snx15",-0.177256191602268
"Ska2",-0.177468303584446
"Acox3",-0.178292231272842
"Frk",-0.178394052106791
"Hist1h4b",-0.178506388792866
"Rps25",-0.17853927108437
"Wdr89",-0.178686800896395
"LOC683422",-0.178747326207706
"Mid1",-0.17878154820977
"Slc25a13",-0.179300965202971
"Ppp1r37",-0.179460225686019
"Ly96",-0.179495972161252
"Psmc1",-0.17964316644499
"Cyb5d2",-0.179646555224885
"Med12l",-0.179945919472307
"Smim20",-0.180147723912638
"Slc25a44",-0.180264394060289
"Cd200",-0.180372649856741
"Vwc2",-0.181066807325313
"C7",-0.18112373181681
"Adam4",-0.181202816678448
"Edn3",-0.181243049279332
"Psma8",-0.181416543386876
"Ralgapb",-0.18148989457921
"Atp6ap1l",-0.181605079157129
"Cux2",-0.181745343968877
"Limd1",-0.181761710450177
"Oxtr",-0.181988716536948
"Alg8",-0.182066615172165
"Zscan2",-0.182118708433914
"LOC103693564",-0.182200486957847
"Cxadr",-0.182237440645045
"Snrpd3",-0.182525053805413
"Hist1h1t",-0.182563784497755
"Psmc3",-0.182720605627822
"Fbxo27",-0.182845369521701
"Ptchd1",-0.182875804711147
"RGD1562156",-0.18291107317035
"Gucy1b3",-0.182971788806812
"Lss",-0.183404070103711
"Tmem221",-0.183538722644026
"Zfp605",-0.183767558010535
"Fam83a",-0.18378723601691
"Atp8b3",-0.183808998132842
"Ptges3l1",-0.183997084690377
"Gkap1",-0.184144208153312
"Siglec15",-0.184183852939081
"Prrt4",-0.184194118796248
"Sncaip",-0.185692207371111
"Rnaseh1",-0.186056683400896
"Pik3c2g",-0.186248485238271
"Nadk2",-0.186390057779483
"Hspa5",-0.18657867228431
"Ybey",-0.186613851878642
"Cfap70",-0.18703060066383
"Npffr2",-0.187311514988578
"Sox2",-0.187543388827027
"RGD1310951",-0.187968164158856
"Zfp518a",-0.188075025819959
"Efcab7",-0.188168790702792
"Exosc6",-0.188303388147174
"Pip4k2c",-0.188304428755655
"Smyd1",-0.188626787748202
"Eif3l",-0.188634752253572
"LOC100912642",-0.189023029736903
"Gpr162",-0.189145347419443
"Slf1",-0.189301388498495
"Ocm2",-0.189303318905068
"LOC108348098",-0.189534049558347
"Sobp",-0.189871253627818
"Crhr1",-0.190069749716104
"Otud4",-0.190087933907335
"Frmd5",-0.190268200757351
"Mapk15",-0.190365964154707
"Arid4b",-0.190395858652721
"Agmat",-0.19059554555086
"Celf5",-0.190890346132451
"Lonp2",-0.191018129401984
"Zfp192",-0.19106476940593
"Dfna5",-0.191358418502819
"Emc3",-0.191404641137928
"Itm2b",-0.192143482284393
"Tada2b",-0.19221137203117
"Lsm7",-0.192414572535221
"Oxa1l",-0.192710060460804
"Mrpl22",-0.193174873088139
"Peli1",-0.193604645496868
"Hpf1",-0.193616659854136
"LOC102557607",-0.193832598935848
"Fbxo34",-0.193836352382524
"Plk3",-0.193892459926247
"Uck1",-0.193990235788282
"Zp3",-0.193991299250319
"LOC102554600",-0.194082117906835
"Adcy2",-0.194267172822708
"Otud7a",-0.194629898863421
"Bet1",-0.195015868894043
"Fam206a",-0.195017302560998
"Synj2",-0.195256097309557
"Mycbpap",-0.195444233503751
"Spats2l",-0.195451114123346
"Tmem267",-0.195510298632629
"Rnasek",-0.195573342885596
"RGD1565866",-0.195652023508226
"Clpb",-0.195923245127985
"Fbxo33",-0.196209845168766
"Runx1t1",-0.196313772609931
"Ccs",-0.19671368302181
"Dnah10",-0.197120520963197
"Fndc3a",-0.197332557261244
"Pcnx1",-0.197445248499514
"LOC103693165",-0.197522324047765
"Ccl11",-0.197824519224305
"Fam13b",-0.19802928939166
"Dcaf8",-0.198149881404787
"Slc3a1",-0.198158612114067
"Zfp945",-0.198197778969195
"Rnf133",-0.198268714680035
"Dync2li1",-0.19855694490043
"LOC102552331",-0.198890576273754
"Dlx3",-0.198964052099136
"LOC102551403",-0.199334057178176
"Fmo4",-0.199357976236813
"Clpp",-0.200095928533993
"Armc2",-0.200298949902608
"Zik1",-0.201005300233084
"Endog",-0.201212339264603
"Hadha",-0.201245058838012
"Ccdc152",-0.201321425752652
"Cdk5r2",-0.201383102744695
"Rpl21",-0.201511645322776
"LOC102548541",-0.201525968192406
"Npap60",-0.201543369128361
"Slc41a2",-0.201854900909297
"Hecw2",-0.202195638382244
"Xpo1",-0.202548186149518
"Tph1",-0.202735185400658
"Tssk1b",-0.202833427720976
"Pex5",-0.202993932762213
"Ggct",-0.203302113184418
"Afg3l2",-0.20374902905695
"Tdrd5",-0.203804923371497
"LOC100911326",-0.203959223709298
"Adck3",-0.20421548004563
"P3h2",-0.204253229334613
"Trappc5",-0.2045316721411
"Trnau1ap",-0.204581257034796
"Myocd",-0.204813328377389
"Zfp710",-0.205246684093358
"Klf13",-0.205921121504137
"Prkca",-0.205932530259322
"Ang",-0.206029651039784
"Il1rap",-0.206656079568827
"Itpkc",-0.206677292002234
"Sh3bp2",-0.206731568881514
"Trps1",-0.207039039861349
"Acaa2",-0.207330195864767
"LOC108348147",-0.207366087991354
"MGC116121",-0.207421492504304
"Rps29",-0.20767514739895
"Vwa3b",-0.207903346387594
"Adrb1",-0.207922540236966
"Ddx21",-0.208072767997743
"Polr1c",-0.208137022796078
"Igsf1",-0.208236961978151
"Wipf2",-0.208835767378736
"Hspb11",-0.209182036810223
"Tas2r137",-0.209337367008943
"Pax2",-0.209377019849642
"Tsfm",-0.209497777992279
"Gpr55",-0.209761343418695
"Rps27",-0.210007075575449
"Nectin3",-0.210365541750354
"Ammecr1l",-0.210421609628292
"Rnls",-0.210526752064817
"Mrps2",-0.210744348888405
"Znrf1",-0.211612468990508
"Ubac1",-0.212049624328003
"Dhx32",-0.212249885047577
"Zfp451",-0.212374567265651
"Azgp1",-0.212508440387218
"Aebp2",-0.21279142906291
"Lrrc17",-0.212803702096639
"Tmem40",-0.213209028541589
"Stk32c",-0.213664287171861
"Akr1c19",-0.214465960064694
"Rbbp4",-0.214494845068885
"Acvr2a",-0.214606420786654
"Ryr2",-0.214944190312093
"Manba",-0.215192240634775
"Zbtb25",-0.216368287540699
"Haus5",-0.216403757155991
"Bloc1s1",-0.216608637071206
"Zfp394",-0.216649681390283
"Cdh19",-0.216908087415656
"Man1b1",-0.217128190438886
"Sdccag8",-0.217436256587778
"Tm4sf19",-0.217853158740112
"Rwdd4",-0.218037143433621
"Adam10",-0.218078399241453
"LOC100909682",-0.218145367802021
"Cdk5r1",-0.218235153555666
"LOC100910688",-0.218249065587772
"Cdk13",-0.218618225519175
"LOC690126",-0.219131189203784
"Psmd3",-0.219408215653964
"LOC108352836",-0.220204796497786
"Agt",-0.220245182344144
"Raf1",-0.220321019080514
"Sertad4",-0.22047898595022
"Epb41l1",-0.22055566136146
"LOC100910385",-0.220710510983153
"Irak1",-0.220741917746983
"Patl1",-0.220745471262098
"Map3k12",-0.220817469269285
"Acer3",-0.220916500107834
"Zmym5",-0.220984005569572
"Naa16",-0.221130937964917
"Hist1h2ao",-0.221161362599109
"Ctrc",-0.221171204533528
"Sec24c",-0.221258578240734
"RGD1562080",-0.221292447949815
"LOC102547257",-0.221440927715957
"Tmem120b",-0.221502263764503
"LOC100912259",-0.221701296728516
"Slc10a2",-0.221766239212399
"Mplkip",-0.221851634437704
"Tmem198",-0.222473813779947
"Mroh6",-0.222834250612313
"Serinc2",-0.222988857542117
"Lrp3",-0.22337163093519
"Ugt2b17",-0.223646974904348
"Sgsm1",-0.223709334229834
"Trim15",-0.223808205936416
"Mas1",-0.223817974806723
"RGD1560917",-0.22389072244653
"Yif1b",-0.223909167757126
"Tln2",-0.224088217687558
"Tspyl2",-0.224151089529028
"Amh",-0.224510488873045
"Matn4",-0.224934841296487
"Phc2",-0.22494453214593
"Lgr5",-0.225163740390295
"Rhobtb1",-0.225188203437313
"Grm6",-0.225289756816774
"LOC100360057",-0.225337940720502
"Tmed9",-0.225375087423912
"LOC100361645",-0.225899111567978
"Rnf187",-0.226092470294216
"Cdyl2",-0.226450062224364
"Vcpkmt",-0.226467404583418
"Evpl",-0.226527532131546
"Wdr33",-0.227056933001933
"Elof1",-0.227202157452148
"Dync2h1",-0.227246775524095
"Plppr5",-0.227333423690578
"LOC108351090",-0.227596554990311
"Rab38",-0.22768989799289
"Fam109b",-0.227897120029891
"Aspa",-0.228260544917816
"Scly",-0.228335209197212
"Simc1",-0.228723123304354
"Gpm6b",-0.228791827276359
"Shq1",-0.229355028486246
"Atp13a2",-0.229588793122872
"Mcph1",-0.229723498106969
"Gpr65",-0.229824753039181
"Pold4",-0.23020474412393
"Lpin2",-0.230275986624518
"Ppp1r14d",-0.23084550029473
"Pdxk",-0.231175722170369
"Xiap",-0.231246451616697
"Gclc",-0.231429930735511
"Prkra",-0.231515474119568
"Ttll1",-0.231852171541733
"Ryr3",-0.23204344824051
"LOC100910848",-0.232700799530081
"Pigf",-0.232750756750839
"LOC108352632",-0.232944313257287
"Focad",-0.233058725655878
"Ccl3",-0.233142674946184
"Tm2d2",-0.233158383147254
"Sdhc",-0.233415365696127
"Tbc1d7",-0.233489181215103
"LOC103694906",-0.233694433445898
"Siah3",-0.233798854669967
"Zfp41",-0.233880520309698
"Apobec1",-0.234050669466549
"LOC362863",-0.234791881489367
"Mybph",-0.234824353850511
"Irf2",-0.235369764784761
"Filip1",-0.235429360894778
"Cfap126",-0.235460417320166
"Rps19bp1",-0.235529894221242
"Apoc3",-0.235532965058412
"Dck",-0.235749763890238
"Ros1",-0.235850419988622
"Itgb1",-0.236508340798987
"Etaa1",-0.23666107363993
"Unc13d",-0.236917661480951
"Slc16a4",-0.237282031135983
"Dnajc7",-0.237454638040507
"LOC100909715",-0.237455912177019
"LOC100363171",-0.237638658938976
"Pcdhb11",-0.237726856103099
"Prdm10",-0.237906642054812
"Ces1f",-0.237910462937026
"Slc30a2",-0.237930947203713
"Tbc1d12",-0.238349812896544
"Trim13",-0.238349948656299
"Ppm1n",-0.238464790638806
"Tssc1",-0.23860165320797
"Mis18a",-0.238821239608331
"Chuk",-0.238946228191718
"Mpo",-0.239013182470262
"Nrdc",-0.239016401471657
"Rbms1",-0.239208778617112
"Rims4",-0.239558039493346
"Exosc3",-0.239631064330786
"Rasgef1b",-0.239754540282533
"Fopnl",-0.240192976184621
"Strc",-0.24027342008742
"Adm",-0.240374743124612
"Hist1h2an",-0.240456536118085
"Fam49a",-0.24067427776388
"LOC100362216",-0.240787921431347
"Kdelr3",-0.240923383930101
"Fam65b",-0.240928465172999
"Me3",-0.241083372524166
"Ccdc190",-0.241123965557453
"Sdf4",-0.241238137416943
"Rit1",-0.241333737056599
"Jrkl",-0.241387545132629
"Taf5",-0.241630443011895
"Grk3",-0.241993663317175
"Dnajc13",-0.242054074296645
"LOC103690098",-0.242372108212868
"Fhdc1",-0.243030799644532
"Dnal1",-0.24317483000876
"Col26a1",-0.243225956952078
"Gzmm",-0.243275991336139
"Rpa3",-0.243381890128314
"Cdc42ep4",-0.243691693961838
"Srgap3",-0.243739766809366
"Ankfy1",-0.244032407722184
"Fbxl13",-0.244566592814655
"Ptprn2",-0.245135485594904
"Coprs",-0.245144912275829
"Pla2g15",-0.245331411809336
"LOC100909671",-0.245428281608142
"Bambi",-0.245600796898833
"Arhgef38",-0.245724325838842
"Map4",-0.245929535470516
"Fbll1",-0.24597609460114
"LOC302022",-0.246253325281125
"Homez",-0.246324485962863
"Zfp697",-0.246433028306017
"Mtnr1a",-0.246566250640707
"Pianp",-0.246780469227447
"Exd1",-0.24690432476203
"Fosl1",-0.24704547018313
"Gxylt1",-0.24707539142424
"Zfx",-0.247428571701783
"Tecr",-0.247587883493147
"Ttc21b",-0.247640237019099
"Lypd3",-0.247821455573855
"LOC103691004",-0.247897385579418
"Tardbp",-0.248104429429526
"Gbp4",-0.248131879740345
"Hmbs",-0.248175951170032
"LOC108351267",-0.248412165975935
"Tlr6",-0.248993612009218
"Efl1",-0.249024384561734
"Nkg7",-0.249340496622968
"Tlr2",-0.249558186512458
"LOC100361018",-0.249931072085198
"Nkain4",-0.250282178749176
"Htr5b",-0.250317217425139
"Cstf2",-0.250413664083367
"LOC100363372",-0.250493325975934
"Sfpq",-0.250521339998826
"Scube2",-0.250943757864971
"Adam17",-0.251351742086841
"Derl1",-0.251445229924748
"Fars2",-0.251589171602519
"Mark1",-0.252015793419034
"Brix1",-0.252058585409676
"Plxna4",-0.252647172029038
"Vdac1",-0.253088697297932
"Col11a1",-0.253106962921879
"Rif1",-0.253158955177807
"Mlycd",-0.253499428279197
"Nphs1",-0.253562545672847
"Eef1g",-0.254503120695044
"Zfp709",-0.254874857751691
"Tvp23a",-0.255062557724383
"Chst4",-0.255725635190305
"Zfp606",-0.256573876811152
"Prr15",-0.257034769042513
"Zbtb17",-0.257185170532127
"Egfl8",-0.257232899804907
"Mcur1",-0.257411307295817
"Cyp2j4",-0.257688556191009
"Plp1",-0.257862909409516
"Wdr25",-0.258295731898877
"Murc",-0.258354772509894
"LOC685203",-0.258430099626039
"LOC361985",-0.258903451385992
"Pwp1",-0.259077580348333
"Hsd11b1",-0.259604389776498
"Ccdc181",-0.259627712248539
"Cnksr1",-0.259660785911287
"Prl8a5",-0.259924823421928
"Dpy19l2",-0.260087264772333
"Atrx",-0.260123494187536
"Scaper",-0.260364333319452
"rnf141",-0.260585834438786
"Cst3",-0.261251763219642
"Timm10b",-0.261296827193924
"Lipt1",-0.261720733296608
"Ubxn10",-0.261781421786757
"Tmem62",-0.262077972029962
"Gdi1",-0.26209916186638
"LOC100125367",-0.262131147329392
"Micalcl",-0.262272931529461
"Baat",-0.262708551931146
"Slc22a3",-0.262881668065229
"LOC108349973",-0.262966277046451
"Nphp1",-0.263293151431718
"Ccsap",-0.263677626510639
"Pigr",-0.263913092975986
"Col2a1",-0.264065506339443
"Smim4",-0.264344575914762
"Spdya",-0.264525288623231
"Arpin",-0.264619278289634
"Tbc1d15",-0.264724506169831
"LOC100912683",-0.265108581808675
"Edem1",-0.265278101439397
"Sfxn3",-0.265405672235389
"Glipr2",-0.265656665443883
"Ldlrad4",-0.265698046901061
"Zfp780b-ps1",-0.265951934278837
"Msrb2",-0.266397216241686
"Dzip3",-0.266921386218856
"LOC100911453",-0.266924815245573
"Hyal2",-0.267102155677199
"Taf2",-0.267275118222888
"Rnf2",-0.267276102386144
"Oc90",-0.267298192575753
"Glmn",-0.267599199824983
"Dhx8",-0.267650464125501
"Zbtb9",-0.267707642444114
"Ccdc183",-0.267841897967204
"Stx6",-0.268072633164389
"Zfp746",-0.268372932555325
"Pram1",-0.26853867225623
"Ankrd66",-0.268539925666405
"Rbm39",-0.268577060499144
"Mc4r",-0.26858480488448
"Spns3",-0.268593737086371
"Lrrc74a",-0.268725164334853
"Sft2d1",-0.269253691638892
"Mrps12",-0.269258110070488
"Cers5",-0.269467255555316
"Dmrta1",-0.269562167232076
"Iqcc",-0.26970113183544
"Inpp5b",-0.270105321806757
"Sh3d19",-0.270244945392916
"Snx21",-0.270282571492817
"Tssc4",-0.27044049370548
"Epc2",-0.271018746056302
"LOC103694864",-0.271073011137873
"Pcca",-0.271131879943769
"Sez6l2",-0.271350484166692
"Adra2a",-0.271759051513438
"Kcnk13",-0.272257211309807
"LOC108353205",-0.272434087141803
"Gmpr2",-0.272820153006646
"Rsbn1",-0.272829500844041
"Mettl25",-0.272854110739039
"LOC108349608",-0.27296006946463
"Best3",-0.273033014650047
"Ttc17",-0.273758229885227
"Use1",-0.274075362688132
"Rad51d",-0.274335879160071
"Mdk",-0.274675760251617
"Cxcl6",-0.27491623624666
"Npas1",-0.275043688282202
"Mina",-0.275364353783452
"Fam188b",-0.275465324942988
"Cd2",-0.275628782942205
"Tex29",-0.275832891063014
"Arhgef33",-0.276054589272187
"Pxk",-0.276121100418142
"Gemin8",-0.276356672970712
"Zscan12",-0.276430876438102
"Adgrl1",-0.276432990111525
"Bmp15",-0.277190977575625
"RGD1562107",-0.277540974308222
"Ntrk1",-0.277905714744617
"Hilpda",-0.2780461098477
"Sowahc",-0.278474256491871
"Gnptab",-0.278698091638111
"Pdk4",-0.279074930228368
"LOC103693699",-0.279086126845674
"Ston2",-0.279142650239276
"Igf2",-0.279428658342707
"C2cd2l",-0.279497703161618
"Neu2",-0.279624616152954
"Pgm1",-0.280233499930313
"Wac",-0.280345097488629
"Raph1",-0.280402836178403
"Prrg4",-0.280579294927695
"Evi5l",-0.280892435255056
"Ddx6",-0.280915583796503
"Rnf144a",-0.281125675800157
"Pkn2",-0.281659254530957
"Sema4f",-0.282133050848715
"LOC108352191",-0.282176335824369
"Nelfb",-0.282608854402119
"Npas4",-0.282698470132753
"Rmnd5a",-0.282891270087344
"Zfp663",-0.282897000936342
"Apbb2",-0.28293974507153
"Prtg",-0.283524947388776
"Capn10",-0.283613119960395
"Esf1",-0.283833037571314
"LOC102548506",-0.284256784706549
"LOC100363193",-0.284863096907698
"Bzw2",-0.285043763475447
"Caskin1",-0.28515810373162
"LOC103691072",-0.285287472943776
"Inca1",-0.285673286508066
"Svop",-0.285898606335841
"Pcbd2",-0.285977249173892
"Ak6",-0.286082407446923
"Bcat2",-0.286254877503267
"Prelid1",-0.286359795992147
"Adgrg7",-0.286958328994485
"Sars",-0.287058801718451
"Tufm",-0.28813581864178
"Tmem136",-0.288544601896477
"LOC691921",-0.288887773513049
"Tmem132e",-0.289083709110998
"Ptcd1",-0.289666750333931
"Rad21",-0.289949828436441
"LOC108348149",-0.290154180134326
"Txnrd2",-0.290342281134395
"Oosp1",-0.290460266953501
"LOC100909657",-0.290628625753777
"Erich3",-0.290989187076622
"Tab2",-0.291158610388361
"Tmed1",-0.291321597872418
"Csf3r",-0.291534509664346
"Pbx2",-0.291672574298415
"Prex1",-0.291814562239521
"Clic6",-0.292035314469063
"Pla2g2c",-0.292123184072052
"Mtm1",-0.292503317037635
"Myo1b",-0.292645885188254
"Rell2",-0.292958971440802
"G0s2",-0.292989000623893
"LOC100910486",-0.293141059282168
"LOC103694868",-0.293141059282168
"Tpk1",-0.293215098110403
"Kcnk12",-0.293269781485038
"Crispld1",-0.293359110635138
"LOC102553715",-0.293493495975549
"Rpusd2",-0.294004793987955
"Plch2",-0.294160138255668
"Uchl1",-0.294241117702419
"Eif4g3",-0.294346273210317
"Snx1",-0.294666448739781
"Pitrm1",-0.294794220980293
"Lonrf3",-0.294958834375602
"Bola1",-0.295219433760006
"Mapkapk3",-0.295589578580108
"LOC100910754",-0.295591344979922
"Zfp418",-0.295645153858835
"Pex2",-0.295830768976096
"Atxn7l3",-0.296131513835244
"LOC100911379",-0.296638688606914
"Shpk",-0.297101332732366
"Tfap2a",-0.297791507551723
"Mtss1",-0.298084931276063
"Kank1",-0.298226932702239
"Tulp4",-0.299497127167137
"Slc31a2",-0.299503635437402
"Pus7l",-0.299910218964218
"Sort1",-0.299998509145623
"Utp18",-0.300240147373796
"Btbd2",-0.300283232774392
"Ints6l",-0.300330290350029
"Ptchd3",-0.300397425877787
"Sptbn1",-0.300475580512923
"LOC102550306",-0.300854714527203
"Kcnk10",-0.300951327521203
"Commd5",-0.301470124683159
"LOC100910088",-0.301722029433542
"RT1-M3-1",-0.301782196055945
"Aamp",-0.301892164654643
"Zbtb49",-0.302324027059669
"LOC108348553",-0.302406150369415
"Veph1",-0.302892075477873
"Gprc5c",-0.303294603879246
"Gstm4",-0.303603510750194
"Ubap2",-0.303807425501938
"Zranb1",-0.303857567470017
"Mrpl54",-0.303995763364002
"Snca",-0.304080008825269
"Prpf38b",-0.304094443301552
"Ctsh",-0.304162809180478
"Capn8",-0.304336821240108
"Dcaf1",-0.304596059338297
"LOC100912399",-0.304839636300049
"Brs3",-0.305133458088738
"Timm9",-0.305452007778865
"Rint1",-0.305568924256303
"Dok7",-0.30564660920456
"Imp4",-0.305668122056516
"Gda",-0.305796066708014
"Vegfb",-0.30597478044077
"Hdgfrp3",-0.306226788633384
"Taf3",-0.30625502027957
"Lin28a",-0.306653427809282
"Bcl7c",-0.307018562809584
"Pxmp4",-0.3072935618825
"Prrg2",-0.307390802229831
"Rps27a",-0.307395143058049
"Nrxn2",-0.307463802330053
"Insrr",-0.307771707787786
"Zfp668",-0.307791516073454
"Rab10",-0.307894968168112
"Hoxb2",-0.307925335819237
"Tasp1",-0.308474324855547
"Fkbp5",-0.308643408760861
"Ccdc96",-0.30908850171379
"LOC102556967",-0.309304720660134
"Stxbp4",-0.309384451617138
"Mroh5",-0.309475220387815
"Anks4b",-0.309573092847679
"Ncs1",-0.309747523483706
"Klhl36",-0.309891226208942
"Xpnpep3",-0.310270911258926
"LOC102551486",-0.310356298632772
"Rbm48",-0.310445209910608
"Bclaf1",-0.310464468736912
"Sh3glb1",-0.310766173619761
"Galc",-0.31093376408253
"Rffl",-0.310953542725238
"Eif2b1",-0.311232300416259
"Zmym2",-0.311281209636459
"Tspan14",-0.311296693848273
"Elac1",-0.311367405517804
"LOC102554639",-0.311527225568742
"Tmem9b",-0.311725096512559
"Gpalpp1",-0.311881031526062
"S100a1",-0.311892083147855
"Bid",-0.311944662584578
"LOC108351137",-0.311987559493022
"Gpx3",-0.312081118826242
"Slc39a14",-0.312313329336689
"Rundc3b",-0.312885128017314
"Fam122a",-0.313351573696397
"NEWGENE_1587253",-0.313405891600844
"Bod1l1",-0.313558048760423
"Susd4",-0.313642526400427
"Pot1b",-0.313970123016739
"RGD1359127",-0.314152147329861
"Fam101b",-0.314228165803311
"LOC498933",-0.314529046070826
"Mblac1",-0.31461377297763
"Tmem150c",-0.314653459111915
"Fignl1",-0.3149117161638
"Dock7",-0.314948019969323
"Hapln4",-0.31506190621963
"Myrf",-0.315430389382843
"Cnot11",-0.315479836120499
"Papolb",-0.316863629133149
"Fktn",-0.316885669641046
"LOC100911660",-0.316990936382713
"Sec23b",-0.31709575965135
"Mroh1",-0.317521498563505
"Rilpl2",-0.318007783455746
"Rfx7",-0.318019161037205
"Gabbr1",-0.318730700441903
"Samd5",-0.318799343587756
"Gsap",-0.319095232337243
"Ankrd37",-0.319169754679206
"Fez2",-0.319248633459233
"Zfp68",-0.319281356962045
"Zfp428",-0.319599237910075
"Senp7",-0.319645009710889
"Taf1b",-0.319649925180867
"LOC100910636",-0.319748736758327
"Smim19",-0.320256352205256
"Kcnh1",-0.320367897947638
"Abtb2",-0.320619356336343
"Icmt",-0.320776923200679
"H1fx",-0.320997848468083
"Ptgir",-0.321157800792237
"Mpp4",-0.321347084783413
"RGD1561730",-0.321487678355454
"Calb1",-0.321799891920926
"LOC361914",-0.322027803674944
"LOC103690166",-0.322328546136474
"Nme2",-0.322668008303962
"LOC501346",-0.322685924025709
"Uso1",-0.323869900310131
"Fam132a",-0.323918171259404
"Etv4",-0.324128380343806
"LOC108349907",-0.324245669059019
"Zfp867",-0.324301177426454
"Ppp2r1a",-0.324307360265099
"Bicdl1",-0.324417996213755
"Ap5s1",-0.324441449173915
"Fem1a",-0.324633017527133
"Kcnf1",-0.324944076426119
"Ltbp1",-0.325010970072155
"Ndnl2",-0.325148005947185
"Scrt1",-0.325286192520272
"LOC100359752",-0.326125122707542
"Ank2",-0.326134278116274
"LOC498368",-0.326154496419908
"LOC103689957",-0.326328335907943
"Dpp8",-0.326607218734871
"Tpsb2",-0.32718762396818
"Sqrdl",-0.327204985554766
"A4galt",-0.327436540989092
"Ptprg",-0.327538574984343
"Ccdc74a",-0.327598812029759
"Tmem106c",-0.327923541578913
"LOC102556352",-0.328081550000136
"Htra4",-0.328211919032198
"LOC498122",-0.328236080273798
"Zfp426",-0.32835049331795
"Tpt1",-0.328409679393348
"Zfp800",-0.328625842229103
"Rag2",-0.328926495328808
"LOC679730",-0.329129323827037
"Otulin",-0.329249779981935
"Tbc1d8",-0.329430684116228
"Zfp654",-0.329456393870779
"Tbxas1",-0.329487908269937
"Yipf5",-0.329556343627883
"Ube2o",-0.330033940692639
"Zfp42l",-0.330037336990901
"Coq2",-0.33034894548403
"Agtr1a",-0.330507248604412
"Dcp1b",-0.330654530801769
"Hrnr",-0.33070023332041
"Fam19a3",-0.330754705150032
"Ikzf2",-0.331040160650804
"Tpmt",-0.331047638381966
"Ano10",-0.331139459638319
"Ube2i",-0.331336714517072
"LOC108351576",-0.331487564955996
"Mitf",-0.331542257649159
"Cby3",-0.331551006906387
"Ica1l",-0.33160484586174
"Pnma3",-0.332465667265292
"Cfap74",-0.332486131032386
"Wrnip1",-0.332807881419386
"Prelid2",-0.333202495415843
"Phf8",-0.333337703326953
"Ndufa11",-0.333489784744361
"Ankrd17",-0.333706035255858
"Edar",-0.333744668664418
"Sphk2",-0.334261470890305
"Plpp7",-0.334659473451801
"Wfdc2",-0.33474984293825
"Smim11",-0.33481583508348
"Zfp831",-0.334856306784321
"Tmem8b",-0.335111416347781
"Atg13",-0.335132405285117
"Usp25",-0.335139747049345
"Lrrc6",-0.335222465739153
"Odf3b",-0.335311453682494
"Efcab11",-0.335335880706561
"Lamp3",-0.336137501081663
"Trdn",-0.336157854949861
"Caln1",-0.336580643038587
"LOC100909548",-0.336769041127494
"Dupd1",-0.336772438188367
"Ppa2",-0.336988413010766
"Tdg",-0.337329457702305
"Tmem106a",-0.337674323569188
"Hspa1l",-0.337867267717035
"Kcnrg",-0.338293822012192
"Bet1l",-0.338699528404644
"Nol10",-0.338753678548976
"Slitrk5",-0.338805026169115
"Tle1",-0.338906735820532
"LOC100911528",-0.3390161953722
"Abhd6",-0.339768115313984
"Mrpl13",-0.340189591024035
"Zfp773-ps1",-0.34023080125488
"Ccdc184",-0.340356068698572
"Olig2",-0.340373316507817
"Klhl31",-0.34044229932329
"Nme3",-0.340661371736872
"Sp3",-0.340951510584534
"Chst1",-0.341054424104662
"LOC103692570",-0.341486139174222
"Tnfaip1",-0.341492958717624
"Cnot8",-0.34155194455034
"LOC102547011",-0.341648020785275
"Zfc3h1",-0.341666340898455
"Cyp26a1",-0.341746436054821
"Sap18",-0.341917436079864
"Thap12",-0.342274376794048
"LOC100910284",-0.343166181545304
"Rragc",-0.343185824077741
"Fank1",-0.343264036008482
"Usp50",-0.343266529629574
"Trmt112",-0.343272119991648
"Srcin1",-0.343332854902202
"Afg3l1",-0.343495068151509
"Fcgbpl1",-0.344017172275353
"LOC314140",-0.344659651773328
"Mmp13",-0.344722565810282
"Zcchc10",-0.344773016436011
"Bnip3l",-0.346034420755252
"Mrps6",-0.346548597329168
"Cul5",-0.346755719020952
"Cldn20",-0.346944767246753
"Ifit1bl",-0.347427316122245
"LOC682102",-0.347507289290823
"Purg",-0.34853078316728
"Edn2",-0.348945771620751
"Slc24a5",-0.348987590077372
"Nek5",-0.349027314012125
"RGD1561102",-0.349200994930969
"Nbeal1",-0.34933595998004
"C2cd4c",-0.349941080079852
"Exosc5",-0.349946562456156
"Smim22",-0.350069665207199
"Galr1",-0.35062102129867
"Adgra3",-0.350732181376531
"Pdcd7",-0.351234007923245
"Clec5a",-0.35159670010107
"Lilrb1",-0.351611692427113
"Csrnp2",-0.351758117770552
"Cnksr2",-0.352030722266123
"Cst7",-0.352478372507791
"Ebf1",-0.352688406285584
"LOC103689927",-0.353454909778209
"Zfp458",-0.353573372241787
"Lpcat2",-0.353707740784925
"LOC103694491",-0.353932238791712
"Kif27",-0.354009264223311
"Klhdc9",-0.354268258898799
"LOC108348108",-0.354491868332659
"Pdlim7",-0.354631136473756
"Fam104a",-0.354902052401874
"RGD1311946",-0.355058928625693
"Tmprss11f",-0.355073391339345
"Psmd13",-0.355080144908529
"Heca",-0.355145646569429
"LOC102550203",-0.355261946691967
"Clhc1",-0.355356606586292
"Ubxn1",-0.355402876188121
"Ptcd2",-0.355629133250814
"Pkp1",-0.356207246019969
"Trpm3",-0.356500173494544
"Setd5",-0.356680498131158
"Mrps26",-0.3567771831601
"RGD1304587",-0.356785053947714
"Rusc1",-0.356912921692851
"Slc6a2",-0.357033593690204
"Ndufa3",-0.357462226335711
"Ikzf4",-0.357866662350886
"Med17",-0.358057839254286
"Creg2",-0.358242108049561
"Mipep",-0.358300795512179
"Cyp4f39",-0.358568230774214
"RGD1563159",-0.358608972137912
"Wdfy1",-0.359577609542921
"Pomk",-0.359788089744072
"Nmd3",-0.360515308572886
"RGD1561143",-0.360918439034786
"Rnf207",-0.361091082138677
"RGD1560034",-0.361213477161964
"Il15ra",-0.361491594832324
"Slc30a4",-0.361564653269121
"Stau1",-0.362046390090645
"LOC56764",-0.362220174970812
"Neu3",-0.362931895776822
"LOC367333",-0.36313689760668
"Pdcd5",-0.36321929156127
"Gnmt",-0.363323039582133
"Mrpl28",-0.363358458055878
"Krtcap3",-0.363690819919238
"Arid4a",-0.36386248974183
"Ush2a",-0.363937839517566
"Olr86",-0.364262236469962
"Lrpap1",-0.364307499576383
"Chga",-0.364336642128783
"Slc6a5",-0.364446888797511
"Igfbpl1",-0.365058254766041
"LOC100911818",-0.365122175551876
"Alb",-0.365222610165334
"Echdc3",-0.36532169305041
"Fxn",-0.365469542628723
"Snx16",-0.365791500261797
"Vamp3",-0.365869162156349
"Nemf",-0.366767443238186
"Gabrr3",-0.367290325639002
"Apobr",-0.367477965297084
"Mef2a",-0.367594783300681
"Cbll1",-0.367626619881171
"Angpt2",-0.367714224466024
"Tmem64",-0.368298759710258
"8-Mar",-0.368369632385392
"Kctd14",-0.368504248724729
"Deptor",-0.368596068216786
"Psmb5",-0.368606687319667
"Ccdc94",-0.368898184699326
"Anks1b",-0.369479126011206
"Asb7",-0.370233437627579
"Hat1",-0.370599136165588
"Zdhhc6",-0.370963472902671
"Cox4i2",-0.371211198389852
"Zfp397",-0.371219680373619
"Col10a1",-0.371404701661663
"Alpk3",-0.371580662827133
"Rnaseh2c",-0.371680898982183
"Tmem2",-0.371987182017704
"Pmpcb",-0.3722541532223
"Grb14",-0.372258184957827
"Ifnar1",-0.372457284338993
"Trpm1",-0.372461510864861
"Grk4",-0.373143737776536
"RGD1566085",-0.373252940569688
"Pde4c",-0.373326602336611
"Syn3",-0.373418333830996
"Fzd8",-0.373781140178988
"Kif4b",-0.373890839453203
"Greb1l",-0.374182766444423
"Atp8b2",-0.374299349458155
"Aip",-0.374330452987656
"Opa3",-0.374337524957429
"Agtrap",-0.374375390796342
"Ankar",-0.3748395384118
"Lrrcc1",-0.375001078170545
"Grm3",-0.375332502000082
"Trim14",-0.375760247429991
"Cdh2",-0.375951217603149
"LOC686050",-0.376511269399827
"Mmd",-0.376873729238292
"Atp1a3",-0.377100475340351
"Dagla",-0.377230493081393
"RGD1562029",-0.377549675055336
"LOC108348090",-0.377595015116478
"Panx3",-0.377773067287306
"Ttc30a1",-0.378172611708884
"Ghr",-0.378185877746606
"RGD1560464",-0.378471265115587
"Pofut1",-0.378644265059435
"Fam170b",-0.378915787372384
"LOC103693222",-0.379097142131171
"Spop",-0.379207887336081
"LOC108349261",-0.379218569189767
"Tm7sf3",-0.379565095060605
"Kmt5a",-0.379849593412269
"Adhfe1",-0.379924357058847
"RGD1566386",-0.38024130098334
"LOC316820",-0.380244520359062
"LOC102557111",-0.38032687195122
"Obscn",-0.38065308698092
"Tdrd7",-0.380926586237734
"Twf1",-0.381377367498455
"Adcy1",-0.38172680605119
"Polr3d",-0.38212793570323
"Tbl1xr1",-0.382441378355948
"Crls1",-0.382907588352983
"Cd86",-0.382940409430733
"Ubtd2",-0.383685610504359
"Trip12",-0.383713037946916
"Nacad",-0.383744075541702
"Cope",-0.384079353107143
"Mrps21l",-0.384198918074949
"Rrp15",-0.384251171665603
"Zfp280d",-0.384323841028656
"Tuba8",-0.384722946303159
"Dlg1",-0.384726225750168
"Tprn",-0.384748156734879
"Nenf",-0.385009258514562
"Cd300le",-0.385333744808206
"Gfm1",-0.385838182840279
"Fbxo42",-0.385862644023871
"Sdc3",-0.385945065762744
"Hectd1",-0.386040962783964
"Prkce",-0.386889908944281
"Slc39a6",-0.386914833687465
"Tamm41",-0.387062128389625
"Spry4",-0.387078162574189
"Gps1",-0.38711305873296
"Aven",-0.387261306820345
"Phlpp2",-0.388149358895656
"Myom3",-0.388591655247726
"LOC100910079",-0.389341505583676
"Gpm6a",-0.389444594637365
"Fbxl16",-0.3894947396629
"Cx3cl1",-0.389639774642027
"Zfp827",-0.389903049467802
"Rab26",-0.390141533561307
"Gtdc1",-0.390308955651459
"Dennd4c",-0.390454205965022
"Ceacam1",-0.390584451038844
"Kirrel3",-0.390658871047611
"Gpatch3",-0.390681838557739
"Zfp866",-0.390814834047513
"Fbl",-0.391284112852791
"Ap5m1",-0.391389916691186
"Cldn5",-0.391460976897849
"Rpl34",-0.391563955647535
"Cfap206",-0.391598340455357
"Tbc1d5",-0.392249743585186
"Tex26",-0.392536979646106
"Mettl11b",-0.392607141805061
"Zfp711",-0.392616785149637
"Golga5",-0.39262191342866
"Tlr12",-0.392859956447494
"Asic3",-0.393002395165856
"LOC102557071",-0.393019132779782
"Hist1h1d",-0.393142522276195
"Ropn1l",-0.393465878631799
"Fam184a",-0.3941513294693
"Pomc",-0.394660732448886
"Heph",-0.395092941217825
"Rbms3",-0.395591405728277
"LOC100911225",-0.395698864689487
"LOC102552182",-0.395823614160471
"Asb5",-0.395951756686358
"Nkpd1",-0.395975791700801
"Zbtb37",-0.39635949805158
"Vat1",-0.396448694317365
"Jrk",-0.39646932812947
"Ckb",-0.396674200352299
"Tctex1d1",-0.397148025280982
"Zbtb12",-0.397918887589228
"S100pbp",-0.398098223777074
"Slc35g1",-0.398201735270093
"Osbpl10",-0.398507947629394
"Krt12",-0.398658942247086
"Mbnl1",-0.398865650317711
"LOC100360508",-0.399321277902622
"Sass6",-0.39933197137483
"Gas2l3",-0.399985218525661
"Taf1a",-0.400020292137142
"Sptssa",-0.400036909317014
"Ankrd39",-0.400706007148655
"Oxnad1",-0.400721672027147
"Ap2b1",-0.400735003504778
"Uqcrc1",-0.400926055985323
"Pou6f2",-0.400980376925871
"Tmem88b",-0.401027739443789
"Banf1",-0.401257558101807
"LOC679894",-0.40125831464944
"Bri3bp",-0.401368685924783
"Xirp2",-0.401768799010887
"Smcr8",-0.401911528476491
"Lin28b",-0.402289739232773
"Wdr75",-0.402300401595579
"Msl3",-0.402975184481007
"Hnmt",-0.402986323858469
"Scn4a",-0.403020896088409
"RGD1310081",-0.403358605978166
"Gnb1",-0.403438619388268
"Angel2",-0.403890172722928
"Ffar3",-0.403962440751111
"Mthfd2l",-0.404190430836566
"LOC100911949",-0.404295631619251
"Hectd2",-0.404448359639679
"Rnf38",-0.404556276406196
"Slc2a2",-0.404754638457024
"Pde4b",-0.405339060737699
"Rgl1",-0.405976455728921
"Fhad1",-0.406452253363328
"Ms4a12",-0.406570182155663
"Dbr1",-0.406849610627142
"Pcdhb17",-0.406994896564909
"LOC689065",-0.407052880623578
"Lpcat3",-0.407633679678492
"Rpl36a",-0.40811999159293
"Gjc3",-0.408164299353091
"Dhx29",-0.408362961695984
"Crb3",-0.408454385703599
"Gramd3",-0.40851477437026
"Nhp2",-0.408577006349562
"RGD1562963",-0.40930636781659
"LOC102555239",-0.409701979828459
"Phf23",-0.409893927423875
"Mon1b",-0.410045078831912
"Tex15",-0.410281792652364
"Usp5",-0.41047919665905
"Ccdc71",-0.410702121209091
"7-Mar",-0.410799702078019
"Adamts19",-0.410817066338622
"Gcdh",-0.411222425463491
"Syt2",-0.411265904508195
"Nudt3",-0.411362413749952
"Zc2hc1a",-0.412041497506668
"Rin3",-0.412505508551427
"LOC100910669",-0.412674096679473
"Pbrm1",-0.412796303000507
"Erap1",-0.412926862875361
"Tmem134",-0.412993766687373
"Vps37a",-0.413181240479877
"Chmp1b",-0.414120236006658
"Pex14",-0.41486631584413
"Brap",-0.414972682587787
"Ankrd6",-0.415334784738928
"LOC687508",-0.415419785445995
"Esyt2",-0.415661339807203
"Zfp566",-0.415720677066517
"RGD1559962",-0.415938712582113
"Atf4",-0.416183525191483
"LOC108348083",-0.416223927454476
"Rab40b",-0.416361353313126
"Swsap1",-0.4163990102843
"Tmem216",-0.416751296782355
"Srrm5",-0.416769979533597
"Iqca1l",-0.417234708164333
"Ube2z",-0.417265948314139
"Cd9",-0.41734673799824
"Eps15l1",-0.417483808023886
"Trim24",-0.41758669597003
"Itgam",-0.417822947848017
"Nip7",-0.417892919428074
"Rfc1",-0.418003463834837
"Hsp90b1",-0.418341111509653
"Ppp4r1",-0.418809917962307
"Chid1",-0.418855276285119
"Pi4k2a",-0.418935737793792
"Mettl4",-0.41964129279856
"LOC685488",-0.419671692633694
"Mtmr10",-0.41989451062756
"Lcmt1",-0.420012329361812
"Rnf220",-0.420149738779589
"LOC102553671",-0.420169210960428
"Pih1d2",-0.420286450675722
"Osr2",-0.420558550985377
"Rabepk",-0.42058578159209
"Polr1d",-0.421256396106524
"Kit",-0.421457135925777
"Fbxo38",-0.421500331956762
"Katnbl1",-0.421526706153568
"Prtfdc1",-0.421856981087755
"Ibtk",-0.421901566538914
"Sh3rf3",-0.422060839092927
"LOC100365363",-0.4222810369778
"Rnase2",-0.422315213954399
"Rmdn1",-0.422414049637339
"Syncrip",-0.422514814109307
"Eps8",-0.422841523383175
"Dbt",-0.422865303999653
"Csrp3",-0.423197042624772
"Smim10l1",-0.423258716858362
"Nav3",-0.423282556457442
"Pcyox1l",-0.423446675778688
"RGD1306474",-0.423567287143728
"Atp13a4",-0.423619172215589
"RGD1561147",-0.423620092067386
"Pde6b",-0.424501983153697
"Arhgap28",-0.424915497746817
"Ltc4s",-0.425143401374183
"Zfp709l1",-0.425175187910966
"Sema4a",-0.425249245176081
"Znhit1",-0.42528762089537
"Fndc9",-0.425696584791634
"Tmlhe",-0.425791741376483
"Rspry1",-0.425846818748311
"Otor",-0.425904136562113
"B3galnt2",-0.426086675200566
"Blmh",-0.42640528032518
"Slc39a11",-0.426437515562714
"Ikbip",-0.426499881306582
"Lekr1",-0.426986456133665
"Sult1d1",-0.427234788910669
"Fbxo43",-0.42729600622946
"Calr",-0.428121825004843
"Wdr91",-0.428160491052344
"Ptpn20",-0.428163285247875
"Cpeb2",-0.42831308317552
"Tulp2",-0.42842005724187
"Hs2st1",-0.428435884818803
"Il17d",-0.428795238980127
"Proca1",-0.428967919604851
"Zfp1",-0.428979746812771
"Dnajc8",-0.429117633758502
"LOC102552101",-0.429120775513945
"LOC689955",-0.429230088364378
"Wdr11",-0.429302969816967
"Gpr52",-0.429356193458896
"Scamp3",-0.429450027709181
"RGD621098",-0.429633933164655
"Fbxw10",-0.429872432180006
"Nxpe2",-0.430343092508613
"LOC103692848",-0.430466917039925
"Alg2",-0.430530094907524
"Maats1",-0.4309573128595
"Amfr",-0.431113560620185
"Ndufaf5",-0.431418695917607
"Rtf1",-0.431634373489975
"Psip1",-0.431769190344473
"Fam196a",-0.432086414913141
"RGD1564541",-0.433221046044421
"Fam131a",-0.433436697969989
"Psca",-0.43367921931189
"Smpdl3a",-0.434370765728718
"Efcab14",-0.434724492278006
"LOC102550714",-0.434741726801994
"Atp2b2",-0.434873322057143
"Rnf32",-0.434935147163225
"Otoa",-0.434994465144597
"Sec1",-0.435048708963112
"Mapk12",-0.435143453704387
"Cnr2",-0.43529166514442
"Hoxb7",-0.435498892310235
"Tm4sf20",-0.436391472980934
"Tor4a",-0.436431040619855
"Zfp14",-0.436625638953837
"Fam221a",-0.436671050447984
"Ppp2r5c",-0.43690016724632
"Whrn",-0.436904751549472
"Zfp354c",-0.436954774510213
"Klhl5",-0.436976360285152
"Esrrb",-0.437036243282025
"Mcat",-0.437494578034706
"Sepsecs",-0.437514374999455
"Cryaa",-0.437734039414123
"Kcnab1",-0.437881098753436
"Hivep2",-0.438090484458244
"Exd2",-0.438581054854573
"Duoxa2",-0.438587315755866
"Vom2r52",-0.43863174108788
"Wdr72",-0.439121408190605
"Art2b",-0.43951385968246
"Rab20",-0.43957233781953
"Scrn1",-0.439694387510722
"Pdss1",-0.43973555619473
"Zfp287",-0.440054767180194
"Zfp638",-0.440340359314854
"LOC100911993",-0.440484027483003
"RT1-DOb",-0.440721532713318
"LOC288978",-0.440731936328344
"Adcy10",-0.440806905342282
"Lrrc38",-0.441226918933766
"Atg4b",-0.441272126244255
"Wash1",-0.441414401467927
"Tmem151a",-0.441447734876099
"Prps1",-0.441485950328769
"RGD1564093",-0.441672381007093
"Stac",-0.441746657938743
"Nt5m",-0.442011457110754
"Cmc2",-0.442226463768134
"Snx4",-0.442539373749256
"Cited1",-0.4426364274836
"Exosc7",-0.442751900905006
"Cyp2r1",-0.442839924245558
"Htra2",-0.443022102333025
"Vstm2l",-0.443403587010284
"Lzts1",-0.443617246523464
"Slc29a1",-0.443738174521624
"Zcchc3",-0.443802054153745
"LOC100912199",-0.44449281679818
"Zswim7",-0.444627453613445
"Haus1",-0.444641127237782
"Zfp12",-0.444663620828088
"Edf1",-0.444762174811874
"Fam43a",-0.444832454296986
"Maob",-0.444933424154583
"Ik",-0.445713457191202
"Nop58",-0.445938852846414
"Kdm3a",-0.445960560090913
"Rab5c",-0.446037722311814
"Myh10",-0.446274132431761
"LOC100360449",-0.446535687481553
"Lancl1",-0.446721210278402
"Rc3h2",-0.446817725800978
"Cyp4f1",-0.447160436276966
"Mon1a",-0.448191339401794
"Xrn2",-0.448586269345514
"Nxnl2",-0.449764375008205
"Aldh3a1",-0.449884015761188
"Rbks",-0.450210733319632
"Bco1",-0.450651581514093
"Stxbp1",-0.450711199171985
"Gpat2",-0.450780282611891
"Ptpmt1",-0.451498535608291
"Rpl5",-0.452623073160684
"Zfp691",-0.452861959081169
"LOC103692785",-0.453029720801937
"Zfand4",-0.453344957291073
"Tns3",-0.453430639751509
"Tmem241",-0.453704297981295
"Plekha8",-0.453872226078542
"Frs2",-0.454135787612263
"Zfp112",-0.454143412141964
"Pcdhga7",-0.454192801756781
"Azin2",-0.454573825588909
"Slc12a8",-0.454624546918453
"LOC688637",-0.454830737711823
"Clcc1",-0.455034925703411
"Corin",-0.455656435323244
"Pltp",-0.457048951624341
"Mon2",-0.457222293844525
"Zfp91",-0.458001607790929
"Efhc1",-0.458091550618019
"Slc35e2b",-0.458114111469952
"Cep57",-0.458398375143217
"Ddx19b",-0.458443191883042
"Nup153",-0.458611741645161
"LOC102555453",-0.458734165273977
"Actr1a",-0.459043063598853
"Abcg3l1",-0.459149515660677
"Borcs8",-0.459481634243787
"Muc15",-0.459777206890833
"Cbx3",-0.459979041543551
"Aggf1",-0.460631210792799
"Lamc2",-0.460922577455361
"Kdm4dl2",-0.461036699394585
"Rnf121",-0.461284834302516
"LOC102556096",-0.461406850672063
"Tal2",-0.461822002251166
"Oma1",-0.46193433982217
"Ndufb8",-0.461984584468961
"LOC100912338",-0.462017123667526
"Nt5c3a",-0.462601966529348
"Sft2d3",-0.462702795088661
"Prtn3",-0.462723949018045
"Trpc6",-0.462847915445054
"Pea15",-0.463339154670544
"Msl1",-0.46349865687178
"Pinx1",-0.463718762279693
"Tac3",-0.463763823212221
"Eif2a",-0.464046694105447
"Fam58b",-0.464469761040404
"Slc6a7",-0.464487274378864
"Pin4",-0.464883117593248
"Lrrc14b",-0.465295054402027
"Ndufa10",-0.465579021630174
"LOC102552729",-0.465938501446362
"LOC100911305",-0.466104732670673
"Mars2",-0.466104732670673
"Jade2",-0.466255086152109
"LOC102554913",-0.466543969443147
"Vom2r66",-0.466903351527675
"Galnt1",-0.466919822724364
"Ctsw",-0.467542395878396
"Sgms1",-0.467626014229794
"Mif",-0.467684958504869
"Gdf3",-0.467844709607655
"Idh2",-0.46784822494124
"Cradd",-0.468167137883611
"Slc2a5",-0.468312333814586
"Rbp7",-0.4688445807228
"Ppp1r3e",-0.468966788555439
"Gpx2",-0.468998504246637
"Enox1",-0.469427345372643
"LOC100361558",-0.47006198894488
"Hist2h2aa3",-0.470086217963764
"LOC102553001",-0.470520844837311
"LOC102548151",-0.47086917167405
"Rcn1",-0.470961763271016
"LOC108348096",-0.47111810390183
"Zbtb20",-0.471135243434803
"Znrf2",-0.471209140043248
"Bles03",-0.471299552979369
"Chl1",-0.471628213131717
"Rbmx2",-0.471776379810935
"Stoml2",-0.472009464199578
"Fam19a5",-0.472330342990932
"Dtd2",-0.472489896696341
"Tshz3",-0.472857568806648
"Ubxn8",-0.473039960785691
"Rps26",-0.473189625766885
"LOC103693393",-0.473234378859546
"LOC108353290",-0.473234744039788
"Ngef",-0.47349813845499
"Bsg",-0.4738163654618
"Kcnj2",-0.473933727395783
"Cxcl9",-0.47397884371223
"RGD1561517",-0.474025425924498
"Surf4",-0.474130790779152
"Cep83",-0.474200760253714
"Mrpl58",-0.474725282247927
"Tex43",-0.475082815462122
"Atp6v0d1",-0.475239068037652
"Plekhf1",-0.47531563943973
"Rab2b",-0.475378900431727
"Eprs",-0.475749054344877
"Fam20b",-0.475813399489097
"Gulp1",-0.476112480966312
"Mum1l1",-0.476234913326009
"Adcy5",-0.476263456278697
"Dse",-0.4767503102739
"Tango2",-0.476988472869392
"Vapa",-0.477151610531851
"Mief1",-0.477339483007081
"Mip",-0.477413763458096
"Tymp",-0.478153652864191
"LOC683420",-0.478449186118024
"B3galt4",-0.478593550438409
"Carmil2",-0.478622061487854
"Opn1sw",-0.478653624439261
"Impg2",-0.478861196223071
"Rbfa",-0.47907991979731
"Lmx1b",-0.479173553142239
"Ddx28",-0.480048970940265
"Agk",-0.480137091527153
"Aph1b",-0.480259723484033
"Pnmal2",-0.480530970154989
"Iqsec2",-0.480592738790946
"Tdrd3",-0.480675300753296
"Tmem159",-0.480757916658819
"LOC108348241",-0.481268160990717
"Ice2",-0.481586209577144
"Fam180b",-0.482353565988994
"Csdc2",-0.482676573321417
"Gsta3",-0.482763856128153
"Skiv2l2",-0.482799261685941
"Prdm13",-0.483167938378433
"LOC682225",-0.483448263319729
"Npy5r",-0.484521388434474
"Iws1",-0.485263175900661
"LOC102556092",-0.485399532181886
"Rgs10",-0.485490630328106
"Bace1",-0.485605359114117
"Lcor",-0.485681096833309
"Srfbp1",-0.485698738149505
"LOC103689999",-0.485721528336946
"Them4",-0.486231175121084
"Dusp8",-0.486298196631887
"Mdh1b",-0.486709246355092
"Rnf103",-0.4867700238364
"Ccdc158",-0.486992156049523
"Osbp2",-0.487169305999075
"Apex1",-0.487573634407789
"Tmem185a",-0.487709027540453
"Tcf20",-0.487890013380556
"Zfp623",-0.488349453578788
"Bfsp1",-0.488744947621284
"Commd4",-0.489046733432379
"Adgrg1",-0.489067148712609
"Hsf2bp",-0.489374698528727
"Tmod2",-0.489963171543838
"Orc3",-0.490069402546555
"Ank1",-0.490142319019652
"RGD1565059",-0.490835715418611
"Zfp281",-0.490918461209234
"Ssbp1",-0.491415925602762
"Bcl2a1",-0.491483786890935
"Cald1",-0.491596479698374
"Polr3h",-0.491675950476354
"Dgke",-0.491752884666504
"Lrfn2",-0.491786057928958
"Rpl12",-0.491816547298099
"Atp6v0a2",-0.492193230622084
"Dexi",-0.492354739986058
"Ddrgk1",-0.492543619302445
"Cfap47",-0.492567816609629
"Lyplal1",-0.492730048541768
"Grem1",-0.492775230811282
"Kcnb2",-0.492802666777871
"Rsl1d1l1",-0.492872795902017
"Rsl1d1",-0.492872795902017
"Nme5",-0.493224625305881
"Slc13a3",-0.493252669602806
"Eef1a1",-0.493436641422788
"Atp2b3",-0.493774249418095
"Bhlha9",-0.493823481165988
"Med14",-0.494064835667424
"Lrrtm3",-0.494282433542415
"Kif1a",-0.495202206965156
"Scel",-0.495345785951444
"LOC686774",-0.49577070837584
"Ormdl2",-0.495790283712668
"Mia",-0.495834236189986
"Uqcc2",-0.496422799012959
"LOC108353318",-0.496450403644846
"LOC679087",-0.496674415934628
"Tmem177",-0.49681141952705
"Wnk1",-0.497680146521635
"Vom2r31",-0.497892727282829
"Mcf2l",-0.497946130506589
"Noct",-0.497973858835832
"LOC100910996",-0.498332615563794
"St8sia2",-0.499430617612211
"S1pr1",-0.499864009382439
"Krtcap2",-0.499865034323469
"Gng10",-0.50022896108036
"Il12rb2",-0.500236001265339
"Hoxc10",-0.500461516280772
"Pum2",-0.500531337400246
"Dcbld2",-0.500658044057463
"LOC100911312",-0.500901789876772
"Txndc11",-0.501690621980121
"Usp53",-0.502252705567426
"LOC100362342",-0.502444114398196
"LOC102551435",-0.502521707288516
"Tmem26",-0.502654770160389
"RGD1359158",-0.502714074988048
"Rab23",-0.503963658963645
"Polr3f",-0.504202926416453
"B4galt7",-0.504256481723339
"Cyp3a62",-0.504571716616929
"Soat2",-0.505039766840467
"Mcpt1l1",-0.505078055655158
"Ercc4",-0.505099039628031
"Hmgxb4",-0.505189506377657
"RGD1309104",-0.505286919122484
"Pithd1",-0.505331267314205
"Tra2a",-0.505460495213139
"Akap2",-0.505513652946666
"Atp13a3",-0.505853926330894
"Gstm5",-0.505968218207877
"Zmynd19",-0.507554065789927
"C1d",-0.507639762906618
"Cnnm1",-0.507731442845768
"9-Mar",-0.507748584331627
"Ifnar2",-0.507799542007427
"Tll1",-0.508082645362815
"Kcnc1",-0.508150449965339
"Dcc",-0.508251639557155
"LOC103690028",-0.50851831724883
"Sh3pxd2b",-0.508658141307998
"Smim15",-0.508767763861154
"LOC102551257",-0.508851566566826
"Snx14",-0.509369853969626
"Micu1",-0.509452158854317
"Nln",-0.50952025097367
"LOC103690035",-0.509837195287252
"Camkmt",-0.5101520267108
"Pou4f3",-0.510361673463949
"LOC681292",-0.510708284888317
"Gipr",-0.511013709666686
"Psmb6",-0.511462912863693
"Cyp2t1",-0.511542407718234
"Mfrp",-0.511771035757608
"Dnah7",-0.512180742390119
"Hoxa6",-0.512262711497915
"Eif5",-0.512529794210573
"Ndnf",-0.512583008505512
"RGD1562200",-0.512679558692953
"Tarbp2",-0.512723699658571
"Il10rb",-0.512756215603086
"Cntnap4",-0.51346591565648
"Fastkd3",-0.513977306747678
"Trpv1",-0.513997542780197
"Adam9",-0.514692256403483
"Rer1",-0.514861309195829
"Tmem160",-0.515529014583187
"Tmtc3",-0.515766462620805
"Dbndd1",-0.516006287089349
"Gspt1",-0.51610755110297
"Nup107",-0.516286675094685
"Phf5a",-0.516390138003706
"Gzmbl3",-0.516434113936615
"Lrrc59",-0.516621656085555
"Rbm43",-0.516839095618945
"Cyb561d2",-0.516935141897754
"Prex2",-0.516998960574539
"Dyx1c1",-0.517483529130919
"LOC102552540",-0.517585163876413
"Rtn2",-0.517691436010322
"Scarb2",-0.518076503228901
"Rabac1",-0.518505169261205
"Ncbp1",-0.518686537822356
"Slc1a2",-0.518823188989612
"Gpr75",-0.519688054575575
"Anxa2",-0.519763799981328
"Rpl10",-0.519944197317829
"Nr1h4",-0.520003798517007
"Dnah3",-0.520847102902242
"Fam57a",-0.520884567122723
"LOC108352087",-0.521124240009179
"Cdc26",-0.521199175768614
"Sfrp5",-0.521533165471552
"LOC108353146",-0.521787437748744
"Clip2",-0.522118687173557
"Chn3",-0.522161678290008
"Ankrd40",-0.522396064892118
"RGD1564786",-0.52255175950856
"Slc25a54",-0.522584240779327
"Gys1",-0.522807380416612
"Camsap3",-0.523010881716341
"Zfyve16",-0.523104758836702
"LOC689574",-0.523279838893461
"LOC685324",-0.523475319849363
"Pof1b",-0.523480943016619
"Fads6",-0.524011249939524
"Kdm5d",-0.524201120006434
"Thnsl2",-0.524202584156517
"Znrd1",-0.52424485083514
"LOC102553845",-0.524247826606488
"Ticam2",-0.524292670567341
"Dpm2",-0.525182527378205
"Clec9a",-0.525388542547042
"Sim2",-0.525578030796412
"Mrpl15",-0.526341246835391
"Mpv17l2",-0.526432156204986
"Lsm14a",-0.526474717397542
"Fam96b",-0.526505457742848
"Stc1",-0.52652041515259
"Trpt1",-0.526854298090597
"Mogat1",-0.526943873108158
"Nat2",-0.526964933432329
"Peli3",-0.527401898507939
"Lin52",-0.527553812832021
"LOC103694513",-0.527591786426196
"Parvg",-0.527856420483667
"Twsg1",-0.528153208197519
"Cdc14b",-0.528298159675831
"RGD1565498",-0.528452076317964
"Mesdc2",-0.52860339148294
"RGD1564804",-0.528747364182756
"Igbp1b",-0.528789146261745
"Cecr6",-0.528887205961675
"Pip5k1b",-0.529203890641163
"LOC108349760",-0.52928310305534
"Wrn",-0.529582305149146
"Tcf4",-0.529935295270072
"H2afz",-0.530306768660646
"Mptx1",-0.530429252740572
"Naca",-0.530527146550482
"Ptprm",-0.530636374538844
"Tmem38b",-0.530780777958203
"Clasp1",-0.53084188680762
"Tlcd2",-0.531326390242651
"RGD1563056",-0.531432382660087
"Slc10a1",-0.531465445488532
"Pmpca",-0.53171281276168
"Tpm4",-0.532574281325245
"LOC103693768",-0.532644843165375
"Anapc13",-0.532691923075064
"Extl3",-0.533254240995832
"RGD1310852",-0.533269167789694
"Coa7",-0.533293832522175
"Psme3",-0.533632974869143
"LOC108353265",-0.533738579351797
"Coil",-0.533751051400756
"RGD1563307",-0.533916450919893
"Cd53",-0.534219649750753
"Slc7a6os",-0.534369080924803
"Ilf2",-0.534413033870101
"Doc2b",-0.534418370089245
"Pyroxd1",-0.534511322494238
"Prr16",-0.53454191188136
"Myadm",-0.534630833895176
"RGD1565367",-0.53469965255745
"RGD1312005",-0.534802583367402
"Nrep",-0.534808660809777
"LOC501297",-0.535087932330762
"Ppp2r5b",-0.535415427934446
"Map3k7cl",-0.535451862483867
"Mecr",-0.535869716444215
"LOC100360244",-0.535875829023103
"Mdp1",-0.535980016438899
"Uba5",-0.536138596424739
"LOC690183",-0.536210280322705
"Fgfr4",-0.536722156903582
"Arhgap15",-0.536830134965781
"Frat1",-0.537443248198015
"Stt3b",-0.537508740408858
"Tle4",-0.537652916804443
"Rsl24d1",-0.537663536761368
"Sar1a",-0.538009043339501
"Gng11",-0.538184606427983
"Tesk2",-0.53833818437809
"Hacd2",-0.538590155382011
"Eif1ax",-0.538680657430274
"Thtpa",-0.539165708274404
"Ndufa8",-0.539293464067234
"Rnf150",-0.539359842660863
"Ninj1",-0.539857312334005
"Zfp879",-0.539886871907952
"Hebp1",-0.539923936412059
"Ccl5",-0.539933629599477
"LOC108348153",-0.540074822918263
"Mrs2",-0.540078526315678
"Ankrd28",-0.540336070061576
"Fam222b",-0.540529100538087
"Arhgef4",-0.540590722017611
"Mob3b",-0.541055285367657
"Rcbtb2",-0.541096254553371
"Vps53",-0.541111632356121
"Myh15",-0.541423709250739
"Als2",-0.541731777661419
"Gtf2h4",-0.541754703413794
"Rpl17",-0.542044317689968
"Trem2",-0.542132062076658
"Rsph9",-0.54269834466641
"Gorab",-0.543122858777905
"Keap1",-0.543155382058576
"LOC103690147",-0.543230351327962
"Zbtb43",-0.543482152501889
"LOC103692111",-0.543699352429332
"Zfp771",-0.543732038197441
"Slc5a3",-0.543909834470433
"Tmtc1",-0.54418893612504
"Rab9a",-0.544267557995842
"Nxph3",-0.544319356649195
"Zfp449",-0.544607413474625
"Naa30",-0.544763930877241
"Tmem132b",-0.544891729829655
"Mettl3",-0.544998778052691
"Ethe1",-0.545025105584997
"RT1-A1",-0.545120890815011
"Bdh2",-0.545271637821262
"Brd9",-0.545280671636256
"Rho",-0.545860981242949
"Trib3",-0.545918996624733
"Dennd4a",-0.546045215004925
"LOC499644",-0.546421071651397
"Ptchd4",-0.546437550942276
"Rab3gap2",-0.546479120909411
"Dedd2",-0.546882736359895
"LOC108348139",-0.546954849145583
"Map2k2",-0.547022015491632
"Gjd2",-0.547081777935191
"Mocos",-0.547390463463169
"Zfp92",-0.548003947162818
"Eif4g1",-0.548208882221574
"Cd177",-0.548490411210277
"LOC103691893",-0.548715582538899
"Slamf8",-0.548723415920136
"Vps25",-0.548736256230835
"LOC102553495",-0.548894407585882
"Tmem158",-0.548906515582456
"Spata32",-0.549125613721599
"Iah1",-0.54930937507797
"Itga4",-0.54939064988352
"Fzd7",-0.549395095819838
"NEWGENE_1562258",-0.549670800918338
"Ankh",-0.549867467056517
"Fam228b",-0.550035378865517
"Zkscan2",-0.55017415904863
"Dennd2c",-0.550431229758578
"RGD1563400",-0.551070257359604
"Wdr48",-0.551831114728116
"Ganc",-0.551900935678787
"Kndc1",-0.551919133268929
"Nfu1",-0.552073130878099
"LOC103693914",-0.552268354712595
"Zbed6",-0.552318172322197
"Sec62",-0.552623425323344
"Rps23",-0.552634506398532
"Sf3b1",-0.552785397431633
"Srgn",-0.553711449452936
"Ak9",-0.554386506864138
"Slc26a3",-0.554516518493809
"Serp1",-0.554842161315693
"Gopc",-0.555357268479429
"LOC108349568",-0.555534024889701
"Fam212a",-0.555975014382632
"Ntng2",-0.555976565599781
"LOC108349109",-0.556173749363808
"Chd6",-0.556249795305041
"LOC102549235",-0.55706804769758
"Gosr2",-0.557227610482213
"Tmem53",-0.557582413445298
"LOC103690129",-0.557615979036008
"Ptpn3",-0.557922682480788
"Tmem87a",-0.558262366781984
"Fancf",-0.558695720194329
"Dcdc2",-0.559213630885433
"Zcchc16",-0.559247083996221
"Pla2g6",-0.559766947756187
"LOC102555033",-0.559808213856438
"Rpn1",-0.559844826537277
"RGD1561157",-0.559867017177306
"Phpt1",-0.559880498190017
"Crlf3",-0.559996190990332
"Vsig2",-0.56013152548411
"Acbd7",-0.560145815001877
"Gpld1",-0.560186612922732
"Nagk",-0.560488108829555
"Acot4",-0.560672687727965
"Olr1738",-0.560915841634827
"Il33",-0.561136195271991
"LOC102548101",-0.561214815445385
"Nptx1",-0.561309049336774
"Rps18",-0.56138368524661
"Pigz",-0.561709150462624
"Rpap2",-0.561964820220075
"Sec14l2",-0.562401596141004
"Tex10",-0.562430386458651
"Mtif2",-0.562471920639071
"Caap1",-0.56265632912595
"Smug1",-0.562698684445768
"LOC102552882",-0.562790059521402
"Aldh1b1",-0.5630721206138
"Smad2",-0.563123595194951
"Bloc1s3",-0.563756392976694
"Asmtl",-0.564080125428684
"Usp35",-0.564484258315391
"Gnai1",-0.564719782575484
"Alg5",-0.565665470516267
"Mrps30",-0.565886826662435
"Sorcs3",-0.566174115890412
"RGD1307752",-0.566217647933953
"Sav1",-0.56625367355864
"Phc3",-0.566295001223747
"Trim33",-0.566496555021593
"Aga",-0.566669306587842
"Rpl22",-0.56695132670989
"Lsm3",-0.56702493515556
"Gzf1",-0.567104192534627
"Npr3",-0.567311901651975
"Slc30a8",-0.567422388509823
"LOC103694861",-0.56760971238849
"Dynlrb2",-0.567649363031446
"Stub1",-0.567685834194598
"LOC685158",-0.567840494899463
"Rpl26",-0.567843556074802
"Mapk8ip3",-0.568274752169113
"Wwc1",-0.568361863402337
"LOC498084",-0.568400237792457
"Dhx36",-0.568435148863699
"Arl6ip4",-0.56881344026889
"Fdft1",-0.568814762294131
"Rwdd2b",-0.568829477500846
"Pcm1",-0.568899477321985
"LOC365238",-0.569222668341839
"RGD1562378",-0.569370486961498
"RGD1560341",-0.569733095750052
"Ahi1",-0.570329558193965
"Tnip1",-0.570931260151763
"Rnf139",-0.570944632878353
"Exoc1",-0.570983767114749
"Clns1a",-0.571147731750281
"Avpi1",-0.571164646162979
"Utp11",-0.571400719438069
"LOC100151767",-0.5714167641884
"Ilvbl",-0.571497899916958
"Alkbh1",-0.571834969894385
"Emg1",-0.571885104947982
"Cage1",-0.572020933475141
"Galnt14",-0.572184017929953
"Piga",-0.572341651419872
"Bche",-0.572551419619982
"Fbxo31",-0.573080968030668
"Slc35e1",-0.573348811068858
"Luc7l",-0.573494852912452
"Snrpe",-0.573543968309543
"Mxi1",-0.573818822427425
"Ngp",-0.574141308725157
"Oscar",-0.574183241830168
"Unc50",-0.574568871957945
"Sh2d1b2",-0.574812892290686
"Ssr2",-0.575031686709565
"Rps15a",-0.575192872845744
"Aamdc",-0.575203555782741
"Irs2",-0.575298254419218
"Samd10",-0.575370236931999
"Cass4",-0.575440071731373
"Hmgn1",-0.575479443180337
"Anapc4",-0.575526740504767
"Fgd4",-0.575854652458544
"Oas1f",-0.575978496575137
"RGD1563365",-0.576235885633037
"Pphln1",-0.576727920725541
"Txndc16",-0.576825365369213
"Klra1",-0.576981256998484
"LOC683897",-0.576983297888547
"Ctnna2",-0.57718546068668
"LOC298139",-0.577450298047122
"NEWGENE_1595506",-0.577573236537158
"Eppin",-0.577802220469777
"Dmkn",-0.577849791705985
"RGD1561590",-0.577850027967782
"Nme1",-0.577938679576747
"Fam127b",-0.57806831448973
"Atmin",-0.578468220581508
"Ciao1",-0.578727830580859
"Bap1",-0.579445251052751
"Oaz3",-0.579556540793721
"Zc3h8",-0.579628563628318
"Cpsf4l",-0.579747192744902
"Eya3",-0.580205364983071
"Arhgef16",-0.580782496388374
"Mrpl12",-0.581617232038751
"Scai",-0.581646416468502
"RGD1566137",-0.581786785672422
"Slc9a3r1",-0.581977833697042
"Pdcd4",-0.582067789392257
"Btbd9",-0.582210267181195
"Gli3",-0.582671631799797
"Ppm1f",-0.582906682255904
"Pfdn2",-0.583017295240052
"Naf1",-0.583125919235842
"Wfs1",-0.58344978092111
"Rpl23",-0.58365232621365
"Hexb",-0.583866463957329
"Ddx10",-0.584101159917285
"Ppm1j",-0.584562587764719
"Uhrf1bp1",-0.584616326249283
"Clpx",-0.58495807604789
"Med9",-0.585001179360937
"Clstn1",-0.585283697066382
"Gstm6",-0.585796695046865
"Bdnf",-0.586028268498805
"Bean1",-0.586090382974551
"Dll1",-0.586199632316569
"Hist2h4",-0.586578810115619
"LOC102548694",-0.586696952475661
"Pabpc5",-0.586731550697021
"Cacna1s",-0.586765740270939
"Srsf3",-0.587017334440283
"LOC100366030",-0.587194638429183
"Nif3l1",-0.587411168268411
"Cyp26b1",-0.587446879555019
"Coq5",-0.587478604384526
"Abhd17a",-0.587650232363961
"Cct7",-0.587731796563221
"Wdr19",-0.587748408332172
"Fuz",-0.588599081406762
"Ttc1",-0.588666643044543
"Dnajb13",-0.589102620912536
"Arl14ep",-0.589149525116155
"Tbc1d22a",-0.589538235217648
"RGD1563709",-0.589838896214841
"Ccdc43",-0.589932973713405
"LOC103693953",-0.590147856736782
"Rexo2",-0.590365878384417
"Piwil1",-0.590826705115773
"Syne4",-0.59109806126939
"Acad8",-0.591120319662576
"Mpped2",-0.59136583525051
"Gpr82",-0.591429880352709
"Rwdd3",-0.591436659519304
"Ppil3",-0.591573134427032
"Ccdc50",-0.591667958069119
"Sos2",-0.592180747390878
"Fam53c",-0.592287774844165
"Zfp770",-0.592400566095042
"Khdrbs1",-0.592661879762334
"Osgin2",-0.592795803529983
"Il1rn",-0.592906270877503
"Plagl1",-0.592928130578323
"Mrpl53",-0.593058936964537
"Rad9b",-0.593152150354182
"Ndufa12",-0.593415136510861
"Spryd4",-0.593523202947402
"Pggt1b",-0.593718823793402
"Tti2",-0.593999797507396
"Ppargc1b",-0.595139552283468
"Syp",-0.595367401524034
"Arsg",-0.595386944483204
"Slc46a1",-0.595651382551776
"Lingo2",-0.596281695151368
"Myo1a",-0.596418249313954
"Usp34",-0.596671137730958
"Anapc15",-0.596693247953416
"Rpe",-0.596925428804882
"Pik3r4",-0.596999938010726
"Arhgap22",-0.597518694595367
"Itsn2",-0.597830310747657
"Ythdc1",-0.597850266378964
"Polr3k",-0.598082417427836
"Prkcz",-0.598096194193467
"Cfap44",-0.598221859444721
"Prkdc",-0.598231663992339
"Hif1a",-0.59833658632407
"Fer1l6",-0.598407299621213
"Sdr39u1",-0.598892616041535
"Mep1a",-0.598918890146015
"Cyb5a",-0.598928092904106
"LOC103694873",-0.598984881939808
"Klhl42",-0.599418725982128
"Mars",-0.599501608199054
"Slc25a17",-0.599591343392773
"Sema3f",-0.599626509415037
"Tbck",-0.600804766375448
"Kalrn",-0.601145027038526
"Golga4",-0.601449646475554
"Hdhd3",-0.601453112204307
"Suclg1",-0.601479609459408
"Nanp",-0.601800772587397
"Usp20",-0.601909697698912
"Slc24a3",-0.602002823173757
"Rbbp5",-0.602111929263067
"Arfgef2",-0.602306442499481
"RT1-DMb",-0.602599906468149
"Alpl",-0.602710005162876
"Tmem161b",-0.602764171170708
"Mrpl39",-0.603119601650181
"Chchd6",-0.60342909515735
"Nppb",-0.603552874115425
"Thumpd1",-0.60360119835649
"Dscam",-0.603983794480952
"RGD1560065",-0.604193230502654
"Eef1e1",-0.605119108430346
"LOC100911356",-0.605508259919182
"LOC103693540",-0.605818628998847
"RGD1564162",-0.605820483025323
"Tiparp",-0.607144799335232
"Fam134a",-0.607388538292311
"Cryba4",-0.607524170282717
"Znrf3",-0.607547183925181
"LOC108348122",-0.609296701822064
"Tmem143",-0.609893402124428
"Slc25a35",-0.609976160239372
"Fubp1",-0.610086317618881
"Bmx",-0.610184645519954
"LOC108348128",-0.610289894030108
"Praf2",-0.610810801684663
"LOC103690486",-0.610937476431941
"Prpf19",-0.611469466114876
"Tmem164",-0.611828266893177
"Ffar2",-0.611865401482302
"Tm9sf2",-0.612018143219011
"Padi4",-0.612279560049147
"Slc4a9",-0.613062791231473
"Fam60a",-0.613173178584111
"Fut10",-0.613465891090131
"Arntl2",-0.613608218989212
"Tmem255b",-0.613800896605272
"LOC102554315",-0.614127280655911
"Pmp2",-0.614420540162456
"RGD1311575",-0.614479287472332
"Pp2d1",-0.614581117930576
"Zfp317",-0.615038812502925
"Bcl2l1",-0.615242148994655
"Cep350",-0.615754663186144
"LOC102546968",-0.615921054248434
"Prg3",-0.616040885151945
"Rps7",-0.616154178491286
"Plscr2",-0.616216237386714
"Gh1",-0.616439906225376
"Lrtomt",-0.616485366851914
"Wbscr22",-0.616578634167873
"LOC100910623",-0.617258777353716
"Mettl7b",-0.617298162974606
"Crabp2",-0.617312222983781
"Dcun1d5",-0.617570606046063
"Arhgef15",-0.617712494710862
"Kctd6",-0.618011950750431
"Meis2",-0.618264780562877
"RGD1561231",-0.618403913243673
"Tmem266",-0.618421650220596
"Sec61b",-0.618632607730792
"Tarsl2",-0.618712564007252
"Egfl6",-0.619665492097506
"Adnp2",-0.620174460723353
"Stox2",-0.620396133151386
"Cdadc1",-0.620555268169487
"Zfp507",-0.621042791535136
"Ube2l3",-0.62115082092094
"Tmem170b",-0.621234035812159
"Zfp69",-0.621393025379501
"Rbm15",-0.621505301646083
"Hn1l",-0.62209567362525
"Tenm1",-0.622465384994192
"Wasf1",-0.622567693319131
"Ptprh",-0.622927006987454
"Mettl21a",-0.622932740571477
"Tfec",-0.622945281001382
"Ccdc88a",-0.622978166164047
"Map3k15",-0.62306417539855
"Cldn10",-0.62311386412066
"LOC686660",-0.624806516602102
"Mthfd2",-0.625069189728896
"Pde1a",-0.625418177778435
"Rab28",-0.625738998785852
"Kpna6",-0.625979196873381
"Osbp",-0.626203184460237
"Fam168a",-0.626416887637635
"LOC680077",-0.626547666880158
"Paox",-0.626661008685346
"Tpsab1",-0.626783160128977
"Spin1",-0.626959156774603
"Rab2a",-0.627389427841948
"Ube2e3",-0.627586753344779
"Preb",-0.627720663041758
"Tigd2",-0.627737869705792
"Sdf2l1",-0.627979588312382
"Sec61g",-0.628866282783243
"Slc30a1",-0.629139640822254
"Naglt1",-0.629786963714127
"LOC100362315",-0.629894390401769
"Slc9b1",-0.630032601275786
"LOC100911847",-0.63005187294581
"Lynx1",-0.630199375720736
"Tada1",-0.630382157327171
"LOC103690013",-0.63076232717308
"Cir1",-0.6317422728904
"Fam117b",-0.631817596003483
"Smad9",-0.632475388028058
"LOC102548111",-0.632684224397516
"Arf3",-0.632815883215234
"LOC365085",-0.63291965770345
"Np4",-0.633021936108668
"Map1a",-0.633406891815475
"Aldh9a1",-0.633463194666857
"Mrpl42",-0.633700522989866
"Prkd1",-0.63380139509427
"LOC108351875",-0.633997622524272
"Bcat1",-0.634166341751126
"LOC306766",-0.634225713746681
"RGD1565132",-0.634241615442045
"Smg5",-0.634285701946399
"Cby1",-0.634368826479992
"Fst",-0.634960666474438
"Psmc2",-0.635004473944042
"Cep170",-0.63566746017024
"LOC102556157",-0.635732609179977
"Cpne6",-0.635981728977384
"Mtrf1l",-0.636123642003276
"Smndc1",-0.63626065266637
"Ccdc82",-0.636410084911464
"Depdc1b",-0.636623298257665
"Ccdc89",-0.636951472870683
"Paqr3",-0.637071269880514
"Epas1",-0.637139752686122
"Zfp410",-0.637264452360451
"Cklf",-0.637295300408378
"Suox",-0.637341179502747
"Sh3yl1",-0.637996995774217
"Lxn",-0.638767268630355
"Papss1",-0.638856611694764
"Tlr5",-0.638929086784296
"LOC103690058",-0.638963278989656
"Tmem51",-0.639378428332097
"Rap1a",-0.639405549918922
"LOC108352688",-0.63948066994109
"LOC102551354",-0.6396629520556
"Rasl10b",-0.639675249019833
"Zfyve9",-0.639727710680973
"Ssuh2",-0.639948044574747
"Bbs12",-0.64009496218096
"LOC108352537",-0.640137678282333
"Znf48",-0.640199138754165
"LOC102555167",-0.640256437769606
"Bdp1",-0.640284448315072
"Mcoln3",-0.640329110818283
"Brwd3",-0.640612883049415
"Ccdc117",-0.641176717047102
"Cnpy4",-0.64146083903488
"Adamts4",-0.642140552455417
"LOC100909732",-0.642171655274001
"Ramp1",-0.642364843092497
"Myh3",-0.642450286971387
"Olfm1",-0.642843737692305
"Nck1",-0.642916421513726
"Ppme1",-0.642923165348989
"Ttc32",-0.643088766647688
"Ptger4",-0.643371355999864
"Map1b",-0.643464260663356
"Cbln1",-0.643486583257629
"Ccdc81",-0.643681122541263
"Apoh",-0.643754157918994
"C1qtnf9",-0.644100406324946
"B3gat3",-0.644621510511432
"Atrn",-0.645050939367008
"RGD1566029",-0.645522907291625
"Nckap5",-0.64591309775528
"RGD1565989",-0.646664259506903
"LOC100364265",-0.647004067634786
"Rnf34",-0.647404297344975
"Zcchc9",-0.64746049489531
"B4galt4",-0.648041554351451
"Ebi3",-0.648304345239938
"LOC108348065",-0.648410733925271
"Hdac6",-0.648410733925271
"Krt27",-0.648543131602208
"Bola3",-0.648708432859486
"Kcnh2",-0.648794108810364
"Hoxa7",-0.649349391776752
"LOC108348085",-0.649399251449304
"Tom1l1",-0.64947043886925
"Plcb1",-0.649761608620923
"LOC690171",-0.64979929377459
"Chrm2",-0.650066899980049
"Mllt3",-0.650401944350336
"Ktn1",-0.650476723549006
"Aldh8a1",-0.650637715059188
"Rpl7",-0.651216910178341
"Ufl1",-0.651741930897197
"LOC108349748",-0.652305344315439
"Arhgef10l",-0.652583291795455
"Htt",-0.652675147444802
"Tcerg1",-0.652987796546978
"Gabrb2",-0.653259330159129
"Kptn",-0.653312096316843
"Cox16",-0.653423595649845
"Arr3",-0.65412012510795
"Tbc1d16",-0.654175784705944
"MGC95208",-0.654206699316839
"mrpl9",-0.654212531347535
"Vav3",-0.654217653644949
"Nt5dc1",-0.654301473241292
"LOC100910046",-0.65432646169055
"Wnt5b",-0.654538134331582
"Gpam",-0.654553461494492
"LOC100364027",-0.654559040098395
"Cdc42ep2",-0.654566483292656
"LOC689959",-0.654725759109849
"Tpd52",-0.655388504269902
"Gabpb1l",-0.655401502735296
"Iars",-0.655801973124928
"LOC690097",-0.655946672565256
"Tbx3",-0.656352232672974
"LOC100909595",-0.656533317687693
"LOC691722",-0.65656593074143
"Dph5",-0.656587698424772
"Aldh5a1",-0.657162958242217
"Dnttip1",-0.657173561016309
"LOC100363225",-0.657241034969515
"Strn",-0.65737071443243
"LOC498465",-0.657493395522601
"Nat3",-0.657517681465761
"Pus3",-0.657543917840869
"Vps33b",-0.657544237233342
"Car6",-0.657550911288852
"Ebpl",-0.657559148008088
"Inpp5d",-0.657607982699661
"Alcam",-0.657664771032703
"Muc2",-0.657723797364226
"Vwa5a",-0.657820920969272
"Acot2",-0.658119245456721
"Fam216a",-0.658244416749366
"Trak2",-0.65908354269261
"LOC103693683",-0.659371202345679
"Casr",-0.660028655850589
"Pcdhb3",-0.661167618269538
"Nudt17",-0.661280316916462
"Cgn",-0.661909678780412
"Mapk3",-0.662159516690358
"Slc26a1",-0.66235294749369
"Glrx5",-0.662638473083879
"Nrcam",-0.663061466348445
"Pdzk1",-0.664179761667473
"RGD1560394",-0.664296662229607
"Dis3",-0.664465231753211
"Pex3",-0.664598565996648
"Atp2a1",-0.665049910937226
"RGD1566359",-0.665072960771406
"Snurf",-0.665082642852378
"RGD1305207",-0.665854976888534
"Ube2l6",-0.665912514044864
"Rab37",-0.66602988427622
"Ranbp17",-0.666125952388185
"Abcc5",-0.666302717330022
"LOC103690112",-0.666565133564462
"Gpr61",-0.666669905081309
"Eif4a1",-0.666742029322924
"Senp6",-0.66699439824918
"Calr3",-0.667199868680345
"G6pd",-0.667245624793804
"Ilf3",-0.667351145904055
"Aff4",-0.667619291544455
"Hist2h2be",-0.667876938322082
"Riiad1",-0.667892577751961
"Tlr13",-0.668196105606725
"Mcm8",-0.668350129289616
"Lin54",-0.668498145968253
"Wdr27",-0.668816735618216
"Pmaip1",-0.668870856490943
"Nqo2",-0.668872962102001
"Rps6kc1",-0.669164607770832
"Zfp655",-0.669172031538224
"Armcx6",-0.669352441698702
"Impa2",-0.669789884370799
"Fam181b",-0.67046124457534
"Zfp541",-0.670547798685207
"Spic",-0.670894627129935
"MGC94207",-0.671214014762289
"Coq10a",-0.67142384720559
"Hus1b",-0.671812701088619
"Tnnt1",-0.672394458011601
"Socs7",-0.672655695462196
"RGD1565117",-0.672679608736964
"LOC102551408",-0.67290899869044
"Cpsf6",-0.673102079182281
"Kcnip2",-0.673354511960797
"Rpp25l",-0.673424774429546
"Emsy",-0.673785161128097
"Tnfrsf10b",-0.673802153567539
"Spag7",-0.673802455519542
"Gp6",-0.673804530543205
"Pld5",-0.67394704828581
"Dera",-0.67429704311035
"Umodl1",-0.674373088423208
"Fgf2",-0.674748885304779
"Stt3a",-0.674807771607083
"Zfp24",-0.675056349658475
"Mcpt8l3",-0.675186126196642
"Pias2",-0.675274644504203
"Qprt",-0.675324962102468
"LOC100911372",-0.676140152456711
"Arhgap36",-0.676456931761322
"Ass1",-0.67667896330073
"Fam208b",-0.676946162402606
"LOC100910540",-0.677193995163103
"Galk2",-0.677301349170447
"Zdhhc9",-0.677638115144397
"Mrpl45",-0.677726978613314
"Defa5",-0.677753098483264
"Psat1",-0.677835675172294
"Mad2l1bp",-0.677973602716842
"Men1",-0.678112790012115
"Ppp2cb",-0.678180311266631
"Jade3",-0.678320738545902
"Kpnb1",-0.67856061633788
"Tmem87b",-0.678782596269963
"Ankrd35",-0.679133823684659
"RGD1563941",-0.679435561306775
"LOC102546589",-0.679451768224797
"LOC108350166",-0.679614306022715
"LOC100910483",-0.679628562869405
"RGD1563962",-0.679633151480966
"Rnft2",-0.679912890675571
"Mfsd2a",-0.679965878434264
"Krt23",-0.680074003546279
"Zfp9",-0.680394719790383
"Epn2",-0.680482154038472
"Tmod4",-0.680734041623865
"Phb2",-0.680797138341105
"Spata6l",-0.680915800009996
"Faslg",-0.681293453650065
"Pon1",-0.681820077108604
"Dym",-0.682109594881459
"Acvr1b",-0.682250553869574
"LOC100912479",-0.682901409681014
"Kctd13",-0.683043445938853
"Ndufb10",-0.683119853477824
"Setmar",-0.683346269396428
"Fam32a",-0.684214137561569
"Nbr1",-0.684377996597228
"Srsf10",-0.684545897361441
"Plk4",-0.685175955835414
"Fgfr1op2",-0.685222820206071
"RGD1560821",-0.68542211885957
"Mycbp2",-0.685679698540751
"Ccser1",-0.685905199200615
"Dclre1b",-0.686051678048036
"Gast",-0.686395840573414
"Mlf2",-0.686752766101744
"Sugt1",-0.686768557650794
"Pelo",-0.687637093632753
"LOC103694869",-0.687751523449491
"Hyls1",-0.687909687384162
"LOC103693202",-0.688134721056423
"Wdr12",-0.688389836683706
"Ginm1",-0.688686605750392
"Mtmr4",-0.688784913096048
"Spryd3",-0.689044505501161
"Nmt2",-0.689311854968542
"Nmt1",-0.689353024457552
"Ncoa3",-0.689729836577808
"Col28a1",-0.689800651824702
"Arhgap27",-0.689942441521295
"Asns",-0.690016808069243
"Gad1",-0.690045957589194
"Adarb1",-0.690129246912862
"Lmln",-0.690221303375142
"Trmt5",-0.690484997212346
"Timm22",-0.690719740693729
"Pemt",-0.691192890176437
"Tmem190",-0.691347270938694
"Twf2",-0.692375791728973
"Ppp2r3c",-0.693073524199341
"Dapk1",-0.693191549040322
"Hltf",-0.693620458968003
"Pcdhgc5",-0.69385195073301
"Cma1",-0.693977514925208
"Ythdf2",-0.694221377970804
"Serf2",-0.694463076428188
"Rps3",-0.694489114199418
"Trim35",-0.694504763956827
"Ngrn",-0.695797418457207
"Cptp",-0.696073989758582
"Dcun1d3",-0.696188058175424
"Snx22",-0.696477654937542
"Lonrf1",-0.696518695434498
"LOC108348143",-0.696547584778766
"Lcn2",-0.696586460640904
"Oscp1",-0.696617383361415
"Polr2l",-0.697086750628498
"LOC100909526",-0.697143223308673
"Polr1b",-0.697203116554372
"Ttc30a",-0.697545549966619
"Nxf2",-0.697907032829784
"Atp2a2",-0.698285756218634
"Slc1a3",-0.698532205698468
"Bahd1",-0.698629668696451
"Zc4h2",-0.698738527822069
"Paqr4",-0.699184780268797
"Rapgef6",-0.699223395283691
"Fbxo30",-0.699810871492852
"Nlgn2",-0.699978301669035
"Mccc2",-0.700219194151531
"Adamts5",-0.700501193816828
"Ccdc173",-0.701137531474488
"Pkhd1",-0.701138155732089
"LOC100910905",-0.701829981796293
"Erich6",-0.702388535454441
"Phlpp1",-0.7033746014147
"Usp45",-0.703559407451286
"Kcnk4",-0.703646912907491
"LOC102547413",-0.704021201119812
"Mul1",-0.704088210920664
"Lmtk2",-0.704967995420392
"Tmem163",-0.705310715909849
"Pgr",-0.7056451973681
"Tmod1",-0.706084712483457
"Csnk1g3",-0.706142528116702
"Itpripl1",-0.706663756169656
"RGD1566368",-0.706755491412258
"Sat2",-0.707020243572413
"Gnai3",-0.70735864395834
"Syne1",-0.707367896059937
"Mrps14",-0.707910523899394
"Pop4",-0.708019206366808
"LOC100910781",-0.708019532513829
"Mipol1",-0.708105990929231
"Tdrp",-0.70842812582844
"Atp2c2",-0.709219432246574
"LOC108348879",-0.709379855325912
"Magea11",-0.709492329176181
"Lamc3",-0.709754606953932
"Nkap",-0.709851378486794
"Lrrc8b",-0.70996354104195
"Slc2a13",-0.710283221332473
"Ibsp",-0.710765629747317
"Tmem151b",-0.710823276541504
"Eif4e2",-0.710931280545486
"LOC102555039",-0.711389868915204
"Tmem176b",-0.711416385927791
"Slc35a4",-0.711555529491633
"Chrna5",-0.711689732749864
"Slc25a47",-0.71192060059465
"E2f5",-0.712022732534224
"Dars2",-0.712162711506826
"RGD1309594",-0.712550761521285
"Cntn3",-0.71270517209291
"Ss18l1",-0.713352762223898
"LOC100294508",-0.71349668547016
"S1pr3",-0.713597967521981
"Ap1s3",-0.713833001491077
"Znf740",-0.713969096162902
"Prdx2",-0.715042374545869
"LOC102557190",-0.715076745124552
"Trpv2",-0.715131145885578
"Pfkfb3",-0.715369690932678
"Bcdin3d",-0.715374147764559
"RGD1309651",-0.715605453123941
"Mboat2",-0.715623517384394
"Mex3d",-0.715683666198358
"Rasa1",-0.715837628616147
"RGD1310553",-0.715953874707781
"Tnni2",-0.715954142784222
"RGD1305014",-0.716510032377655
"Ccdc163",-0.717405389538143
"Fam179a",-0.717639883285579
"LOC102554501",-0.717872387887422
"Kcna6",-0.718460365316543
"Pigs",-0.718559304967126
"Suv39h2",-0.718609243808733
"Capzb",-0.718745026521992
"Rnf180",-0.718989766238653
"Mrps21",-0.719086598062122
"LOC100910143",-0.719275109915744
"Pigg",-0.719275109915744
"Zfp148",-0.719318348919143
"Chmp4b",-0.719598895467729
"Tyrobp",-0.719621081582232
"Dynlt1",-0.719873755334753
"Aqp12a",-0.719876539136048
"Bcam",-0.720694675864092
"LOC108348137",-0.720842310389781
"RGD1309106",-0.721117609971985
"Skor2",-0.721179494606283
"Zfp870",-0.721313271284129
"Dgkg",-0.72154403006269
"Tulp3",-0.721999001195369
"Ift52",-0.722245950331786
"Gnb5",-0.722293193514084
"LOC103690039",-0.722451040408337
"Tnrc6b",-0.722569714366745
"Derl2",-0.722735841372787
"Tro",-0.722880769135754
"Ndufb11",-0.723241703648965
"Elovl6",-0.723386505396794
"St7l",-0.723416879052955
"Iffo2",-0.72380551643738
"Ctps2",-0.724374560560575
"Gpr183",-0.724614415049003
"RGD1565309",-0.72486474706476
"Trim31",-0.725438324823163
"Hey2",-0.726167066870428
"Wbp11l1",-0.726261083021694
"Zcchc17",-0.726620366386099
"Fnbp1l",-0.727151781446684
"Scgn",-0.727608274005206
"Tmx4",-0.72812829782481
"Efr3b",-0.728508292803659
"Tprg1l",-0.728520486035312
"Npc2",-0.728733260065728
"Atp6v1f",-0.728815766175344
"Chst5",-0.728916444524006
"Snn",-0.729584835423696
"Tc2n",-0.729884084669074
"Wasl",-0.730226615245847
"Capn3",-0.730488382642058
"Clrn3",-0.731202570282866
"LOC100360647",-0.731275449963656
"LOC687780",-0.731275449963656
"Fdx1l",-0.731804752286899
"Rps6ka2",-0.732129717419252
"LOC100911403",-0.732233920324137
"Gdpd3",-0.732333189206522
"LOC108348118",-0.732513139783865
"Blzf1",-0.732523894131687
"Prmt2",-0.732885577367802
"Vps13a",-0.733023756963893
"Mme",-0.733383228714885
"Mrps9",-0.73372919387972
"Metap2",-0.733951729347322
"Zfp612",-0.73403963037266
"Plekhj1",-0.735044594088018
"Sdhaf2",-0.735942426872859
"Hexim1",-0.736289806365331
"NEWGENE_1589866",-0.736680378935937
"Fam124b",-0.736680378935937
"Parg",-0.737193204392655
"Bccip",-0.737202058409511
"Arrdc4",-0.737348309569241
"Zdhhc5",-0.737506626791006
"Sppl3",-0.737544045424788
"Slc10a7",-0.737720616318898
"RGD1560883",-0.737785582811311
"Zmynd15",-0.737869016900639
"Tspan1",-0.738047539121204
"Nt5dc2",-0.738237331332955
"Gmpr",-0.738536099651008
"LOC102550657",-0.738573836156656
"Atp2b1",-0.73860590694288
"Cd48",-0.739062123809706
"Lrrc69",-0.739247034430005
"Ero1a",-0.739256099598492
"Lrrc42",-0.73925857207667
"Zfp238",-0.739315272986033
"Dpm3",-0.739424723028494
"Mlh3",-0.739721619633431
"LOC108352189",-0.740230321498548
"Shox2",-0.740248950223846
"Proser2",-0.740388989350775
"Hdlbp",-0.740670928886566
"Epcam",-0.740947580418402
"Map6d1",-0.74102803885127
"Papolg",-0.741176809674334
"Sh3bgrl",-0.741280871196354
"RGD1563620",-0.74132267594704
"Kcnj1",-0.741937317566965
"LOC102547287",-0.741994929453909
"LOC102554748",-0.742055669417229
"Coa6",-0.742315074804161
"Jaml",-0.742750352290865
"Sfxn4",-0.743145620011604
"Tmem212",-0.743399850912112
"RGD1563680",-0.743437930008702
"Amacr",-0.743461357682256
"Ptar1",-0.743616819261447
"RGD1559896",-0.743792545789452
"LOC103694328",-0.743904582728935
"LOC100360645",-0.744106670207892
"Dnajb2",-0.744484507142874
"Tanc1",-0.744488575111489
"Neu1",-0.744688458785721
"Cnn3",-0.744777601275443
"Csde1",-0.744894909095198
"Lingo3",-0.745433426469119
"Comp",-0.745475264435485
"Mat2a",-0.745630590952217
"Cul3",-0.745771821397778
"Fgd6",-0.74629356414517
"LOC102553010",-0.7463928255981
"Ar",-0.746410471323181
"Amigo3",-0.746596825909171
"Smpd5",-0.746946140808549
"Tmem52b",-0.748124251137073
"Dcps",-0.748547092200325
"Cdcp2",-0.748615782223603
"Crygs",-0.748766369156088
"Frs3",-0.748811140084331
"Dao",-0.749004837663576
"Krt26",-0.749093433547772
"Tacc1",-0.7502371298857
"Pet100",-0.750654298462085
"Mob1b",-0.750795269629336
"Clmp",-0.751332665048797
"LOC100360117",-0.75166855988116
"Lars2",-0.751731900487386
"D2hgdh",-0.751883673263767
"Ankrd45",-0.752174021539731
"Fbxo45",-0.752225644334842
"Gtf2i",-0.752513356645967
"Inpp4a",-0.752532894320788
"Atp5g2",-0.753063877648385
"Rngtt",-0.753136340141544
"LOC686596",-0.753495089201884
"RGD1308601",-0.753659123785131
"Chchd5",-0.75393824361571
"Fam114a1",-0.754106723234682
"St3gal6",-0.754128743066973
"Tmem154",-0.754333596856601
"Ms4a4a",-0.754361036659925
"LOC100909455",-0.75467683447129
"LOC100362027",-0.754766699713294
"LOC103692792",-0.754791124469873
"Cenpl",-0.754910618176707
"LOC100363289",-0.755147911729695
"Alkbh8",-0.755278455031495
"Itgav",-0.75543315959499
"Rbm6",-0.755472331756254
"Asun",-0.755596114966406
"Krt42",-0.755950171855492
"Lap3",-0.755985291043167
"Gtf2h1",-0.756006121646236
"Palb2",-0.75629115162278
"Il1rapl2",-0.756498145623935
"Rasd2",-0.757296843977924
"RGD1561778",-0.757447859750868
"Anxa1",-0.758727421911307
"LOC102556957",-0.758831252198581
"Mrpl1",-0.759048457768529
"LOC100911516",-0.75941210391182
"Lyrm1",-0.759562321473326
"Rbm27",-0.759647646391217
"Cryzl1",-0.759772495209636
"Fbn2",-0.759775111391809
"Unc45b",-0.759989533422882
"Ube3c",-0.760085016741666
"Nol4",-0.760361074446356
"Il12a",-0.76081280264363
"Il7",-0.761066850827128
"LOC103691527",-0.76170808928893
"Cog5",-0.761748931304963
"Nek6",-0.762104563184449
"Nab1",-0.762141931511905
"Ascc1",-0.762242479144903
"Cdc25c",-0.762377087388377
"Tmed7",-0.762534495722013
"Btbd10",-0.762557479554431
"Mmp14",-0.762861546797347
"LOC100911576",-0.762940297187965
"Mal2",-0.763099763377744
"Yars2",-0.763341902137648
"Tmem209",-0.763437805930589
"Ccdc59",-0.763609094696724
"Wdr35",-0.763611746430482
"Pdap1",-0.763732352411709
"Cd274",-0.763884327289954
"Fam171a1",-0.763947102403344
"Zfp473",-0.764391587577328
"Itgb3bp",-0.764554161585856
"Wdpcp",-0.764599895800123
"Mrps31",-0.764657801865326
"Rap1b",-0.76512417766329
"Elmod1",-0.765525697231484
"Gart",-0.765627013552362
"Nmnat2",-0.766372055663271
"LOC498276",-0.766537555205164
"Cxcl14",-0.766766014059592
"Usp46",-0.766835261379297
"LOC102555624",-0.766886352792275
"LOC100910258",-0.767259944666874
"Ttc19",-0.768137495554683
"LOC681177",-0.768140615133618
"Tars",-0.768783885934408
"Tctn1",-0.768821215363955
"Cth",-0.768832154357389
"Pcdhb2",-0.76946018984338
"LOC108349347",-0.769680425071941
"Ercc6l2",-0.770950211962851
"Evi5",-0.771551478408905
"Pdrg1",-0.772115777909028
"Fbxl2",-0.772251692589356
"Glt8d2",-0.772444390969608
"Pcbp1",-0.772607763645654
"Urgcp",-0.772634433339996
"LOC100911796",-0.772797085933724
"Lrrc8c",-0.773312434977058
"Alpk1",-0.773361702421927
"Tcp1",-0.773449733384939
"Nhlrc3",-0.77376689789429
"Plxdc2",-0.77380120393758
"Fcgbp",-0.773867976830534
"Olr35",-0.774031388702729
"Sdr16c5",-0.774081262296058
"Arrdc3",-0.774196635061504
"Slu7",-0.774249557414467
"RGD1309534",-0.7749213385903
"Tac1",-0.775581428668777
"Prepl",-0.775765039121588
"Pccb",-0.775817589409094
"Jdp2",-0.776419546460729
"Tbx4",-0.776681324358465
"RGD1306954",-0.776823021633472
"RGD1563482",-0.777245279982306
"Lingo1",-0.777257270929815
"Foxo3",-0.777427664487607
"Drd1",-0.777601838276943
"Exoc6",-0.778054659668781
"Mrps18c",-0.778161757275712
"C5ar2",-0.778997700483997
"Obfc1",-0.779414683487217
"Arpc4",-0.779640970783827
"Zfyve27",-0.779751775640468
"Xkr8",-0.7803476933717
"Fancl",-0.780571465174727
"Hnrnpll",-0.780707943987054
"Mterf4",-0.780743121651959
"Btf3l4",-0.781403358182177
"Prkag1",-0.781420561630415
"Pak1",-0.78177041654009
"Ppp6r1",-0.78195964433894
"Tlr4",-0.782576511413965
"LOC102551184",-0.782654127360922
"Bhmt",-0.783163030300327
"Slco2b1",-0.783261273575945
"Ppat",-0.783306190039538
"Ppm1e",-0.783392196538564
"LOC103694121",-0.784382903100112
"Mmaa",-0.784500643817922
"Tmem54",-0.784585628496084
"Ascc2",-0.784635827316853
"Pon2",-0.784852283452114
"Camk4",-0.784936101587447
"Morc1",-0.78596773332704
"LOC102548514",-0.786155832111788
"Irx2",-0.786538952350807
"Lsm8",-0.786644865679184
"Tmed5",-0.786904028372951
"Rpgr",-0.787126540222363
"Rnf19b",-0.787361507107079
"Ttbk1",-0.787654070645722
"Ccnh",-0.787997848053537
"Polr3c",-0.788169971421014
"Vhl",-0.788179435000067
"Gatsl2",-0.78830626166231
"RGD1564074",-0.78854337112121
"Prokr2",-0.788550593389929
"Lect1",-0.788571607122614
"Chka",-0.78863499738169
"Mafg",-0.788638653487847
"Erlin2",-0.788946689480606
"Rab3a",-0.789336696884308
"Hoxc9",-0.789379404135877
"Smyd4",-0.789738660386058
"Slc25a12",-0.789748281804421
"Entpd3",-0.790220573981046
"Zfp141",-0.79039134576763
"Gtf2f2",-0.790662576014373
"RragB",-0.790896216075761
"Rnf138",-0.792128468971887
"Mtfmt",-0.792228596613704
"Mei4",-0.792234475213262
"Mmp25",-0.792964340020673
"LOC103690067",-0.792966337802946
"Tigd3",-0.793144390815967
"Hal",-0.793154807701985
"Mycbp",-0.793428713419487
"Lgr6",-0.793483856231319
"Zc3h14",-0.793527594023123
"Rap2a",-0.793806736795229
"Stat3",-0.793955386199957
"Elavl3",-0.793960809371818
"Ssr1",-0.79459936133086
"Pex11a",-0.794638247122298
"Ankrd42",-0.795503539729216
"Rxfp2",-0.795546500274595
"Ly49s6",-0.795937445392575
"Utp3",-0.79636096581146
"Ccdc77",-0.79652189336358
"Cabp1",-0.796547252982092
"Kctd12",-0.796924433195129
"LOC102548320",-0.796953664465939
"Lyc2",-0.797223980252477
"LOC100910854",-0.797457119256713
"Zfp483",-0.797597564791608
"Cdc73",-0.797605505833221
"Kcnk9",-0.798123570800153
"Ppfia4",-0.798481317792217
"Tmem245",-0.799034935700876
"Cntn5",-0.799060825052347
"Papln",-0.799081513206388
"Slc7a7",-0.799799837234669
"Ces5a",-0.799895093689269
"Zfp136",-0.800090237656299
"Cdr2",-0.800166010127623
"Ccdc115",-0.800290023760894
"Cd300lf",-0.800525867018426
"Dda1",-0.801027134441695
"Zfp748",-0.801459754936224
"Myl6",-0.801552588454312
"LOC102556047",-0.801656631562066
"Cxxc4",-0.80194201918613
"Hsp90ab1",-0.802021606416363
"Syt10",-0.802090704468151
"C1qa",-0.802368672193134
"Cldn2",-0.803241913725843
"Ywhab",-0.803352337797066
"Arhgef6",-0.803415513203306
"Pik3ca",-0.803513929453478
"Hip1r",-0.803613056009669
"Nfasc",-0.80376881692881
"Naaa",-0.804171270749569
"Vta1",-0.804287648524788
"Taf7",-0.804410571970702
"Tbc1d8b",-0.804575296268584
"Yrdc",-0.804850672430954
"Ns5atp4",-0.805772379637787
"Kdm7a",-0.806893846264629
"Purb",-0.807029666061586
"Dnaaf2",-0.807095553248054
"Lexm",-0.807110259814553
"Cox7a2l",-0.807473765431657
"Rpl37",-0.80785078834626
"Cldn22",-0.808382241322964
"Ighmbp2",-0.80838367084897
"Podxl2",-0.80856925647976
"Alox5ap",-0.808808694647734
"Csnk1g1",-0.808995532752378
"Sall2",-0.809419737802528
"Ythdf1",-0.809451355306256
"Tmem101",-0.809593488988641
"Hsbp1l1",-0.810112299387695
"Ttc25",-0.810492751537446
"Zfp422",-0.810636878695192
"Dctn2",-0.811294863093393
"Tatdn2",-0.811637582265246
"Zfp420",-0.812074035522328
"Psenen",-0.81214971320023
"Cdkn2aipnl",-0.812469370351468
"Mfhas1",-0.812521715071113
"Lins1",-0.812922871325419
"P4ha3",-0.813347242488134
"RGD1561413",-0.813598722918616
"Fbxo11",-0.813933009794278
"Zfp113",-0.81435778593004
"Bmpr1a",-0.814741150914076
"Dad1",-0.81475286478834
"RGD1560554",-0.814938696158899
"Efna4",-0.815121699349824
"Helb",-0.815774757856647
"Sil1",-0.815942519209615
"Cyp4f18",-0.816016394266745
"Brcc3",-0.81615087711932
"LOC102556298",-0.816165803221471
"Rps3a",-0.816668119209035
"Edc3",-0.816832601559302
"Nova1",-0.816984829259196
"Abr",-0.817064514402479
"Clec2e",-0.817162082006963
"LOC102548600",-0.817305485778463
"Rmdn2",-0.817634954615361
"Eed",-0.817663224753471
"Bdh1",-0.817988934994756
"N5",-0.818013710386573
"Abcc2",-0.818071072048308
"RGD1560492",-0.818112112216013
"Nrbp1",-0.818450561262915
"Usp28",-0.818538889499769
"LOC103690059",-0.8189162844642
"Cdh20",-0.819156267547823
"Arpc2",-0.819396864017407
"Mboat4",-0.819437082345654
"Tex2",-0.819566602341164
"Slc34a2",-0.81999802022
"Calhm3",-0.820024771140066
"Gemin7",-0.820301612985505
"Mbnl2",-0.821062090365784
"Apbb1",-0.82112950152571
"LOC361016",-0.821213070013297
"Rpf1",-0.821470231674883
"Nr2c2",-0.82148993561683
"Spag6l",-0.821596884439283
"Trim43a",-0.82160550393619
"Cers6",-0.822448053333792
"Arnt2",-0.822628338391349
"Lig3",-0.823193394495604
"Mrps17",-0.823378802004737
"Pop7",-0.823419899352522
"Ccdc124",-0.823530238105882
"Chpt1",-0.824260501152499
"Pdss2",-0.82467029394585
"Trim44",-0.824755977440088
"Dnaja2",-0.82527843283912
"Mrc1",-0.82546798971957
"LOC100360750",-0.825625523801203
"LOC100912526",-0.825958236510008
"Rbsn",-0.826419422389552
"Ikbkap",-0.826568417202324
"Topaz1",-0.827009993842157
"Msn",-0.827212971916169
"Usp54",-0.828068797029128
"Rftn2",-0.828269402792144
"Dicer1",-0.828291659379084
"Fmc1",-0.828652799890307
"Poldip2",-0.828727449323359
"Slc25a11",-0.828761435217868
"Cdkn2aip",-0.82915140851368
"Psmg4",-0.829789156653257
"Ehf",-0.829829629629022
"Trip4",-0.830196629746024
"RGD1564405",-0.830749107173642
"Dscaml1",-0.830812462372385
"Slco3a1",-0.831068804646926
"C5",-0.831339046927293
"Them6",-0.831349841862267
"Pcdhb8",-0.831970340175718
"Cntln",-0.832046496645589
"Rpusd3",-0.832092603914777
"Tecpr2",-0.832111208215514
"Naa25",-0.832348523173758
"LOC103690085",-0.833111101656569
"Lama3",-0.83316316251854
"Hist1h2ai",-0.833346349146259
"Nfatc2ip",-0.833428000133037
"LOC103690141",-0.83362804415318
"Cnga3",-0.83377701785717
"Bbx",-0.833946194838477
"Ranbp1",-0.834416874634888
"Rsph6a",-0.834813905410915
"Znhit3",-0.835069412622397
"Nhlh1",-0.83519639921171
"Gnao1",-0.835297987089687
"Pdxdc1",-0.835349530908319
"Ercc4l1",-0.835421918989616
"Thap1",-0.836328076402402
"Pbdc1",-0.837152735112879
"Irf2bpl",-0.83751780936287
"Glyctk",-0.838028819839185
"Snrnp48",-0.838171744159909
"Pcnx4",-0.838934519373308
"Bloc1s6",-0.839123203891356
"Hnrnpa2b1",-0.839297465611035
"Fnbp1",-0.839323340890851
"Rita1",-0.839578373960965
"Vdac2",-0.839664093067186
"LOC688459",-0.84018148039972
"Camkv",-0.840492491574628
"Ubl4a",-0.842066240031439
"RGD1565987",-0.842271566270573
"Cmc1",-0.842442201282169
"Utp6",-0.84275533137334
"Fabp2",-0.84290342423379
"Zkscan5",-0.843144506705703
"Dpy19l1",-0.84328921557895
"LOC102546590",-0.843537184006212
"Tert",-0.84374008478963
"Spef2",-0.844021886983404
"Mea1",-0.84443916137912
"Myadml2",-0.844449984183386
"Ndufb9",-0.844473887358029
"Nlgn3",-0.84482354145938
"Casz1",-0.844860836259971
"Pfdn1",-0.845499918219926
"RGD1561958",-0.845923564428617
"Lrrc63",-0.846084002959228
"Fbln2",-0.846402599292633
"Mcu",-0.846420961953111
"Pde3b",-0.846520994459194
"Nudt13",-0.846591856779365
"Hspb7",-0.84683224748343
"Meikin",-0.84698803129835
"Ccdc107",-0.846999782405643
"LOC500567",-0.847106966630794
"Tbc1d14",-0.8472396951268
"Serbp1",-0.847825086435722
"Ifi44",-0.848767760022119
"Scn7a",-0.849025956301305
"Fer",-0.849369306324486
"Guf1",-0.849655383828398
"NEWGENE_1310139",-0.850086574921895
"Mfn2",-0.850139459638417
"Maea",-0.850325737648697
"RGD1304704",-0.850634970290136
"Gpr37",-0.850792744122262
"Dmxl1",-0.850964362925521
"Cpvl",-0.851155826835117
"Tmcc1",-0.851436021942451
"LOC102557137",-0.851478178676298
"Sgcd",-0.851697647849819
"Ninl",-0.851852992486484
"Fbxl14",-0.852240641160571
"Rplp1",-0.852600078501824
"Acox2",-0.852671104941729
"LOC103694903",-0.85299608707137
"Ccdc160",-0.853171442322003
"Hmgcs2",-0.853495144812474
"Nek1",-0.853497143269089
"Dtymk",-0.853582458056571
"LOC681367",-0.853651726041813
"LOC497899",-0.853916778048928
"Col6a4",-0.854182733313565
"Sycp2l",-0.854511029985149
"Heatr3",-0.855101643983805
"Mcts2",-0.855974119602714
"Eapp",-0.856542066488143
"Plpp6",-0.856726780208731
"Shc2",-0.856774137634959
"Rpp25",-0.856989885842259
"LOC108351581",-0.857158384810035
"Eif2d",-0.857464369976058
"LOC103691573",-0.857515033877635
"LOC100911483",-0.857598997406909
"Fam175b",-0.85769950390194
"Pde10a",-0.857881731954844
"Xpr1",-0.85804418582208
"Rlbp1",-0.858434554858055
"LOC100362684",-0.858467498397664
"Zfhx3",-0.858584629641115
"Gabarap",-0.859050486214524
"Rab27a",-0.859195595234115
"Tsg101",-0.860034493793311
"Prph",-0.860087379638822
"Cggbp1",-0.861580840000572
"Rsl1",-0.861640758478482
"LOC102553828",-0.861736768114818
"Gpr151",-0.861788060679994
"Rab6b",-0.862055523308388
"Wdr17",-0.862411922091925
"Pla2g5",-0.862483354162286
"Sec22c",-0.862544883148497
"Vstm5",-0.862698652556379
"Satb1",-0.862834754672033
"Mink1",-0.863016040046775
"Mfsd12",-0.863338030576814
"St6galnac5",-0.864027588516048
"Ypel1",-0.86426719993467
"Exoc6b",-0.864286146748878
"Rad50",-0.864427722813414
"Hist1h1b",-0.864849003695842
"Zfp57",-0.86491744045069
"Grik4",-0.865170279137619
"Slc6a17",-0.865224331096025
"Bivm",-0.865336089050726
"10-Sep",-0.865832909669838
"LOC103690120",-0.866212670057459
"Rrad",-0.866526843428732
"Agfg2",-0.866548438040575
"Clip3",-0.867177979349633
"Rab7a",-0.867387713189857
"Ccdc25",-0.867649303266977
"Mmd2",-0.867704833186963
"LOC103690064",-0.867973839767519
"Tcea1",-0.867977894368932
"Alkbh3",-0.868347450117081
"Nup155",-0.868391843784187
"Arhgef7",-0.868987609744658
"Osbpl6",-0.869123237360735
"Sptssb",-0.870392715856751
"Tmx1",-0.870558360745961
"Osbpl8",-0.870738469210057
"Ccpg1os",-0.872026242447636
"Gnal",-0.87234807066853
"LOC498453",-0.872558317066477
"Ranbp2",-0.872577198723454
"Syt1",-0.872792635185343
"Nudt1",-0.873102920548234
"Sumo2",-0.873625180161335
"Ccdc166",-0.873641516525122
"Apc",-0.873781557135661
"Mmp8",-0.873814213288045
"Ddx31",-0.873908014997867
"RGD1563578",-0.873966526729066
"S100a8",-0.873968815489891
"Bcs1l",-0.87473296290163
"Ghrl",-0.875655461364347
"Desi1",-0.875662203572483
"Prkaca",-0.875737056005755
"Mex3b",-0.876269012758722
"LOC100362565",-0.87646423696075
"Gprin2",-0.876658849581098
"LOC100910875",-0.876743224874144
"Arl8a",-0.876999016438805
"Tmed2",-0.877520429752143
"LOC102552204",-0.877952368394449
"Xrcc6",-0.878064261275181
"Ckm",-0.878174032073015
"Dimt1",-0.878432411627567
"Lsamp",-0.878457777393854
"Kcnab2",-0.878528084534641
"Rnaset2",-0.87862402820126
"Cat",-0.878723058469804
"Pdpr",-0.87881954221298
"Foxo1",-0.879028604136799
"Spry1",-0.881002248338422
"Icam5",-0.881287851057281
"Tcaim",-0.881331395100124
"Hscb",-0.881384885685796
"Enpp4",-0.881637955244357
"Sgcb",-0.882043231989809
"Apod",-0.8822238079018
"Eno2",-0.882934892202309
"Zcrb1",-0.88345429602154
"Fxr2",-0.883894009855555
"Adipor1",-0.884242800315237
"Diaph2",-0.884735591943278
"Xpo4",-0.884745201982966
"Rpl23a",-0.884798973667688
"LOC103690962",-0.885012810646493
"Arl2",-0.885062149300413
"Fzd9",-0.885449679624065
"Golm1",-0.885483385738769
"Fyttd1",-0.88553843187659
"LOC108352187",-0.885871476050386
"LOC108349002",-0.8860575521843
"Pigbos1",-0.886301235395153
"LOC102551716",-0.886384558078042
"Grem2",-0.886407617502249
"Stau2",-0.886503304719658
"Pld1",-0.886727301420864
"LOC102551714",-0.887704019522122
"Cwc15",-0.887885031979378
"Fip1l1",-0.888581657196897
"Cox5b",-0.889826057884909
"Fam133b",-0.890369159338722
"Sgpp1",-0.890817689769326
"Anapc10",-0.891166222902669
"Mrpl32",-0.892100685498354
"Kif26b",-0.892429900519551
"RGD1306626",-0.892556058670397
"Krit1",-0.892575588708445
"Trnt1",-0.892657544104168
"Gpc5",-0.892932194935203
"Inpp4b",-0.89316542573005
"Med6",-0.893573326548301
"Mas1l",-0.89363737143139
"Ptprz1",-0.893783243964819
"Zfp622",-0.894214819860302
"Ddc",-0.894252284317593
"Strap",-0.894444638283758
"Cd164l2",-0.89453736885179
"Adh5",-0.894682620208889
"Asna1",-0.894748727958192
"LOC103694552",-0.895351112703848
"Spg21",-0.895625835737907
"Rasl11b",-0.895777378743536
"Rtn4rl2",-0.895936952078649
"Uspl1",-0.896061041692151
"Olr1750",-0.896323193650539
"Btc",-0.896714569595654
"Fbxo40",-0.896845563236903
"Pgp",-0.897063085389782
"Grid1",-0.89724039333659
"Rnf217",-0.897651642400093
"Ints2",-0.897973720120905
"Glra4",-0.898012278352786
"Drg1",-0.898019957371964
"Cadm2",-0.898242955277611
"Slc5a7",-0.898439563171526
"Dmtf1",-0.898731155468225
"Unc5d",-0.899564668708935
"Mrpl51",-0.899710947268774
"Mchr1",-0.900364001736383
"B4galnt2",-0.901085637255729
"Kbtbd11",-0.90132112620548
"RGD1307929",-0.901552408257428
"Nipsnap1",-0.902107245139551
"LOC100910200",-0.902132476811899
"RGD1560723",-0.902213950505161
"LOC102553866",-0.902264678776052
"Zfp518b",-0.902488916718299
"Nme7",-0.902744610474753
"LOC681410",-0.902749887624931
"Dnajc19",-0.903032529965596
"Aars2",-0.903238387670112
"Ap4b1",-0.90351939449565
"Atg3",-0.90354305319397
"Asb13",-0.903732984177143
"Pappa2",-0.903926608016504
"Map4k5",-0.904154712330755
"Taok1",-0.90473325825666
"Gars",-0.905739906590992
"Arl4a",-0.905865181937122
"Shd",-0.906398860482326
"Cab39l",-0.906564579914901
"Rars",-0.90743819121172
"Grcc10",-0.907572544857393
"Slc25a21",-0.907812359277456
"Mospd2",-0.907816182357367
"Trim26",-0.908099397603228
"LOC100910708",-0.908103998901691
"NEWGENE_1306267",-0.90813724807219
"Bcl2",-0.908294432881352
"Idh3a",-0.908536816025322
"Chac1",-0.908653393760636
"Plcb3",-0.908712021342368
"Prrg1",-0.908964240336813
"Gpr171",-0.909020346187276
"Rpp40",-0.909275769639879
"LOC684828",-0.909489256412087
"Pcdhb19",-0.910136115675231
"Lclat1",-0.910322659448297
"Evl",-0.910542995850529
"Cdh11",-0.910632030050832
"Laptm4a",-0.910782101958659
"Slc9a9",-0.911043895701455
"Ptcd3",-0.911626910818272
"LOC103690089",-0.912703455528582
"Cbl",-0.912831278491298
"Snupn",-0.912861779011281
"LOC102553814",-0.912862082437995
"LOC100911357",-0.913286371245895
"LOC100912008",-0.91356378528605
"Gpkow",-0.91370096122591
"Mex3c",-0.913876428659383
"Luzp1",-0.914857160121153
"Cd33",-0.914986166147628
"Angptl4",-0.915223077271423
"Ikbkg",-0.915233931096027
"Mrpl57",-0.915456084238839
"Appbp2",-0.915632892856861
"Gtpbp4",-0.915946524688761
"Mapt",-0.916279901137582
"Hcn3",-0.916320379217145
"Eef1akmt1",-0.916776661734469
"LOC102552047",-0.916873422242325
"Tsnax",-0.917316800840627
"Sgms2",-0.917319997888338
"Vbp1",-0.917361029224617
"Spdl1",-0.917532352682166
"Fcgr1a",-0.917941293976398
"Gigyf2",-0.918039582061919
"Kcnn2",-0.918303667692854
"LOC108348111",-0.918358692561146
"Qtrt2",-0.918679892145761
"Stard7",-0.919287341128418
"Kcnmb2",-0.919609070157489
"Npas2",-0.919729008822807
"Ahnak2",-0.920402880951351
"Dfnb59",-0.920508989658789
"Inpp5f",-0.921193669598909
"Tomm20l",-0.921794175002332
"LOC108351349",-0.922144695664619
"Actg1",-0.922361948774965
"LOC102555377",-0.922500664507151
"Dcakd",-0.922769244086092
"Ddx47",-0.923007254279396
"B3galt6",-0.92327328217948
"Jakmip3",-0.923536592946683
"C1qtnf5",-0.923910388044373
"Gstt2",-0.925038893256923
"Bnc2",-0.92565726001035
"Lrriq3",-0.92569134947225
"Rpl13a",-0.925732251448463
"Cdc42bpa",-0.925782277881903
"Rfwd2",-0.925910669358237
"Srp72",-0.925970916168689
"Dnph1",-0.926226433924989
"Plrg1",-0.926247509274387
"Adgrf3",-0.927109458700255
"Arf5",-0.92798833558357
"Bbs5",-0.928049248233727
"Rbm7",-0.928567695157464
"P2rx5",-0.929100275641798
"Herc1",-0.929121792348617
"Pomgnt2",-0.929595832306181
"Morn2",-0.92988787160015
"Acad9",-0.929932073477551
"Timm21",-0.930392802288493
"Prom2",-0.930437426956941
"7-Sep",-0.930584939623139
"LOC102547753",-0.930991691534539
"Cacng8",-0.931098523087694
"Fibcd1",-0.931528438976421
"Slc12a6",-0.931929779867967
"Spcs2",-0.931991789951215
"Gosr1",-0.932243244783316
"Mapk11",-0.932587624691243
"Vdr",-0.932637410286924
"Ppp3cc",-0.932694045749506
"Dhrs7b",-0.932919057502065
"Srr",-0.932949908445783
"Tubg2",-0.933246485621392
"Sh2d4b",-0.933752444520078
"Cetn3",-0.933881548713694
"Cdr1",-0.934020071308482
"LOC102557179",-0.934043217728677
"Per1",-0.934548451392392
"Hrasls",-0.934651801355069
"Phf24",-0.93542113182097
"Magoh",-0.935678678957053
"Atp6v1e2",-0.936036301449223
"Tp53inp2",-0.936393418581041
"LOC108353091",-0.936739705280639
"Psmb3",-0.936766499973663
"Tmem119",-0.937470167377609
"Larp4",-0.937708727776854
"Gid8",-0.937819891320753
"Rad1",-0.938256881069849
"Grsf1",-0.938299429135058
"RGD1311805",-0.938603903154465
"Nipal3",-0.938631589836014
"Itgb3",-0.938714340493271
"Srsf1",-0.938888711609742
"Pfas",-0.939022195454892
"Amer2",-0.939548691048211
"Tmem55a",-0.939851134949972
"Mgat5",-0.939946976352116
"Ntsr1",-0.940142841207709
"Ube4b",-0.940339136230461
"Ivd",-0.941116986100956
"Gba",-0.941558671027755
"Ascl4",-0.941633383331704
"RGD1566289",-0.941949145799125
"Plekhm3",-0.942024853800329
"Tnks",-0.942337135369457
"Park7",-0.942479015748346
"Zfp365",-0.943374568480891
"Fam189b",-0.943398731943937
"Fam81a",-0.944092040544216
"Sowahb",-0.944139162436543
"Zfp59",-0.944468163540291
"Pate2",-0.944567737547478
"Zbtb10",-0.944808678944987
"Tagap",-0.944914752846176
"Mgat3",-0.945055334528269
"Commd10",-0.945245213110311
"Whsc1",-0.945345939371831
"Zfp597",-0.945602821183329
"Smarca2",-0.945610280633708
"Myt1l",-0.945864065018342
"Grip1",-0.946317197630012
"Lrrc25",-0.946778227086651
"Eef1b2",-0.947068429171854
"Glcci1",-0.947519694668291
"Fam159b",-0.948243583796591
"Sarm1",-0.948287520504668
"Ube2h",-0.948982237664387
"Dhx9",-0.949669110071699
"Pdgfb",-0.949813089770733
"Prnd",-0.949870471881017
"Pramef8",-0.949984709834195
"Coasy",-0.950157720435985
"Irak1bp1",-0.950681523967619
"Dnaja3",-0.950890540454088
"Prr13",-0.951347989828103
"Pnpla1",-0.951832982833861
"Nupr2",-0.952329263107498
"Dgcr6",-0.953200853363021
"Tmem256",-0.95438277062028
"Iqcb1",-0.954672870177702
"Rbbp7",-0.954932891922286
"Abi2",-0.955833390210373
"Sez6",-0.956475810335495
"Thoc3",-0.956608613054647
"Mcoln1",-0.95663084885768
"Vwa2",-0.956896725873022
"Mcmdc2",-0.957839094794558
"S100a9",-0.958261328530241
"Pitpna",-0.958641258096053
"LOC102546678",-0.958780637490013
"Fam229b",-0.959202307929697
"Palmd",-0.959896659527906
"mrpl11",-0.960218478853939
"Ruvbl1",-0.960378294675275
"Tenm3",-0.960662737435422
"Tor1aip1",-0.961081803283488
"Tmem200a",-0.961126938757935
"Wwp1",-0.961251787030804
"Agmo",-0.961512722482804
"Akr1c12",-0.961537609406577
"Etfb",-0.961803318977274
"Kcnj10",-0.962760670666085
"Lilrb3",-0.9628919114325
"Lrrc51",-0.962936115675166
"Alg6",-0.963297056046172
"Erbb4",-0.963354717975016
"Dear",-0.96344358735574
"Trip11",-0.963561660169301
"Glyr1",-0.963736817751159
"Entpd6",-0.964031816772178
"Rnf125",-0.964602315928435
"Paics",-0.964766610240285
"Ppp5c",-0.964983504089176
"Psma7",-0.965198427157722
"Dhrs13",-0.965512215135872
"Zfyve1",-0.965587364109784
"Lpar5",-0.965696719648351
"Slco4c1",-0.966481244829977
"Rnf181",-0.966513572795469
"Cspg5",-0.967006512906434
"Cdc14a",-0.967462906124016
"LOC100912534",-0.967475318890102
"Wdcp",-0.967700482616276
"Polr2j",-0.968044045385803
"Pip5k1c",-0.968321477630891
"LOC102555189",-0.968438917946011
"Slc24a1",-0.968845021298976
"Fgf14",-0.968904657069154
"Fuca2",-0.968947688182079
"Zfp7",-0.969042676720132
"Pin1",-0.969585756342178
"Tlx3",-0.969770211460623
"Ttc39a",-0.970243081014254
"Pdlim5",-0.970460782221313
"Camsap2",-0.970607156828414
"Mrpl50",-0.970617639268764
"Angpt4",-0.970815859876138
"Kcnk1",-0.970860776911899
"Rrh",-0.971228392161011
"LOC498154",-0.971264097326023
"Atp8a1",-0.971660015181961
"Mios",-0.972101781827712
"Rps6ka6",-0.972865737717106
"Abhd10",-0.973028223080396
"Pip5kl1",-0.973113324315135
"Lrif1",-0.973271361539593
"Acat1",-0.973558189600476
"Thap6",-0.973576737365598
"Vps13b",-0.97374634225624
"Mrps11",-0.973773353890194
"Tgfa",-0.974211702733193
"Baalc",-0.975262606898827
"Slc33a1",-0.975357797347896
"Ccdc53",-0.975406381705373
"Optn",-0.975650395235874
"Cpd",-0.975894507788238
"Cd302",-0.976051548954844
"Kcnq4",-0.976095512598121
"Fcho2",-0.977215230324705
"F2rl2",-0.977229652164966
"Pik3r6",-0.977392517596591
"Nutf2",-0.977501518766282
"Wdr13",-0.977643907235862
"LOC681355",-0.97771433262048
"Slc38a9",-0.978008918750941
"LOC102550241",-0.978073037669917
"LOC102548730",-0.978228391853945
"Rab24",-0.978604317094425
"Maged1",-0.978763936709387
"Mtfr1l",-0.978997657696187
"Crat",-0.979060355022559
"Xrcc4",-0.979832257444792
"Shisa4",-0.980045577469492
"Itga1",-0.980174661311422
"Mpdu1",-0.980366797073879
"Klf7",-0.98126051189909
"Flcn",-0.981587987891707
"Card19",-0.981663961149837
"Rtn1",-0.981774718658084
"Commd3",-0.983323260896714
"Pex11g",-0.983519835828938
"Cnbp",-0.984094669197395
"Zbtb8b",-0.984161324401175
"Mrpl17",-0.984240582631442
"Immp1l",-0.984542993575557
"mrpl24",-0.984760762922977
"Zbtb26",-0.984832594103978
"Pcdhb7",-0.984890022053341
"LOC100911374",-0.986422116261084
"Brk1",-0.986721757580921
"LOC108349819",-0.986885888772754
"Rgs9",-0.98691373316653
"RGD1561034",-0.987142758738048
"Ppm1l",-0.987214773462789
"Slc35a2",-0.987520576722183
"Prkag2",-0.987917834242638
"Pura",-0.98797953739663
"Tceal5",-0.988175166545459
"RatNP-3b",-0.988236266348101
"Ltn1",-0.98858852893415
"Ubiad1",-0.988630543135161
"Wasf3",-0.988711426653018
"Gnpda1",-0.988838029111986
"Coq10b",-0.989238380631513
"Cntnap5a",-0.989258772624435
"Tyrp1",-0.989495402520155
"Pfpl",-0.989577647504541
"Prss30",-0.989647238447822
"Frmd7",-0.989898748034382
"Pigp",-0.989954892528186
"LOC100911515",-0.989977170504764
"Pdpn",-0.990061574636356
"Mroh4",-0.990241394506666
"Peg10",-0.990333888165544
"Foxr2",-0.99109342039996
"Zfp868",-0.991391946949944
"Gtf2h3",-0.992298406377316
"Stk38l",-0.992425763428977
"LOC100360781",-0.992552733399338
"Kcnd1",-0.992680344121312
"Dcaf17",-0.992955868803064
"Ipmk",-0.992979722312463
"Cyc1",-0.992992783757136
"Snx5",-0.994399493818725
"Dnajc30",-0.994457546274175
"Rab11fip2",-0.995222563572383
"Itm2c",-0.995607715897393
"Tfb2m",-0.995746217798547
"Vti1b",-0.995801304811918
"Nudt12",-0.995941942652124
"LOC108348078",-0.995986640719044
"Lamtor1",-0.996445992439225
"Lrba",-0.996473144612773
"Olfml1",-0.997502542795799
"Mrpl19",-0.99767588668703
"Kctd21",-0.998190741836933
"Eif2ak1",-0.998324191610194
"Aox4",-0.998674867655223
"Asb18",-0.998702802662558
"Scfd1",-0.998847012325117
"Rims1",-0.999065094719849
"Ppp1cc",-1.00010812104793
"Cep85l",-1.00021499716086
"Rsu1",-1.00039107287224
"NEWGENE_1308196",-1.0006232661149
"Fam98b",-1.00064884813766
"Mpzl1",-1.00069540384395
"Tmem132d",-1.00125569565106
"Mrps7",-1.00193958855272
"Tubb2b",-1.00198098454928
"Snx11",-1.00214947449976
"Ust",-1.00228082559084
"Map3k7",-1.00243117552988
"Zdhhc19",-1.00269339724825
"Syt3",-1.00283329859916
"Stoml1",-1.00339016725564
"LOC691135",-1.00379228159964
"LOC108348230",-1.0038017697788
"Trim72",-1.00404337375092
"Cant1",-1.0041590829464
"Atp6v1c2",-1.00448305448152
"Med19",-1.00660818453346
"Syt6",-1.00741859557491
"Mrpl36",-1.00766260257069
"Slc18a1",-1.00809531177631
"Robo4",-1.00817938269029
"Rpusd4",-1.00823653656773
"Acsm3",-1.00875443660811
"Atg10",-1.00884874840623
"Crebzf",-1.00901550743642
"Ankrd13c",-1.00923220630966
"Spag9",-1.00951267259911
"Hacd1",-1.01011597611582
"Bphl",-1.01047224680635
"Ccpg1",-1.01054502240001
"Sae1",-1.01076006069337
"Mthfs",-1.01091253406155
"Cipc",-1.01094894459749
"Osbpl1a",-1.01176222181914
"Dab1",-1.0119977225341
"RGD1561277",-1.01200805467174
"Zfp445",-1.01208661317079
"Gpd1l",-1.01239998348369
"Slc16a7",-1.01267132746732
"Nans",-1.01275956164583
"Pde4d",-1.01289026003273
"Ccdc68",-1.01333060084001
"Sptlc2",-1.0142938557153
"Ppp1cb",-1.0145875646189
"Recql",-1.0147990561254
"Fam127c",-1.01482550019981
"Enoph1",-1.01522102118176
"Nr2c2ap",-1.01615132420888
"Fgf5",-1.01652028050335
"Fbxl3",-1.01665751830172
"Cbx6",-1.01676111800521
"Dtx4",-1.01678877024502
"Cisd2",-1.01704012586946
"Sesn1",-1.01736313734808
"Slc1a4",-1.01739053572408
"Sarnp",-1.01743303885709
"Cstf3",-1.01748001135987
"LOC500475",-1.01749064481839
"Ngb",-1.0176175996123
"Plekha3",-1.01774923927794
"Mroh8",-1.01877802465701
"Tmed3",-1.01887944985191
"Sos1",-1.01900298073174
"Vamp4",-1.01915635844387
"Yme1l1",-1.01924436925269
"Degs1",-1.01978863554905
"Spcs3",-1.02041782034601
"Lrrc28",-1.02076582609627
"Tet1",-1.02123514992689
"Parp1",-1.02160127368345
"Slc25a3",-1.02176498739266
"Fam155b",-1.02202086367926
"Ttc27",-1.02205017656072
"Anapc5",-1.02221713964916
"Sbno1",-1.02237779594262
"Ankrd49",-1.02249816871043
"Herc2",-1.02253008796072
"Kif5c",-1.02326085408355
"Htr1a",-1.02327413924801
"Grik2",-1.02334375226509
"Tmem258",-1.02339738394025
"Dnah11",-1.02388789997683
"Mrps23",-1.02507412398837
"Nhlh2",-1.02526868671779
"Sycp2",-1.02544676885943
"LOC102549173",-1.02639004358148
"Eif1b",-1.02641468675222
"LOC100911837",-1.02646474962354
"Bend6",-1.02655078409523
"Camta1",-1.02674189254526
"Dnm3",-1.02705640743676
"Daam1",-1.02770790643946
"Gdpgp1",-1.02783693505885
"Mphosph10",-1.02817480016743
"Ctla2a",-1.0282045822886
"Zfp37",-1.02890873878414
"Lrrc58",-1.02894878334145
"Asph",-1.02903792876129
"Sf3a1",-1.02910787286939
"Rdh11",-1.02937083009421
"Tbc1d24",-1.02971568336667
"Slc17a6",-1.03107031017352
"LOC108348366",-1.0314624169722
"Krt7",-1.0315796906577
"Il18",-1.03163317881086
"Polb",-1.03198594996713
"Mterf3",-1.03259720314106
"Chrna3",-1.03325568255449
"LOC100910506",-1.03356679696042
"LOC100911248",-1.03390161102351
"Iqca1",-1.03429316085826
"Ndufc1",-1.03456705939738
"Serpinb1b",-1.03481020489918
"Dnajc5",-1.03486079669399
"LOC102553620",-1.03491763390135
"LOC102550211",-1.03499243131528
"Tmem69",-1.0350104454725
"Sec11a",-1.03509110739937
"Ptgfrn",-1.03521505604454
"Skida1",-1.03531171793595
"Fndc5",-1.03535889735969
"Rnf115",-1.03540687093406
"Rab4b",-1.03547445767663
"Sell",-1.03587290598238
"Lpin1",-1.03633254487182
"Rbfox2",-1.03637297209818
"Ide",-1.0369606901636
"Tefm",-1.03698632251744
"Ufc1",-1.03734507199735
"Hoga1",-1.03831894680529
"Kdelr2",-1.0386328774122
"Oacyl",-1.0386519610452
"Fam110d",-1.03900216037301
"Rmi1",-1.03920785407578
"Ctnnd1",-1.03971077881986
"Tfap2b",-1.03972435123721
"Hsd17b8",-1.03981987495996
"Chi3l1",-1.04026541143636
"Socs1",-1.04102572413479
"Ino80c",-1.04105676832877
"Ms4a14",-1.04125888423224
"Fkbpl",-1.04183009570786
"Spire2",-1.04195235902003
"Rcan1",-1.0429078157021
"Ythdc2",-1.04310186438559
"Dpy19l4",-1.04394226023907
"Zfp385d",-1.04404365177104
"Efhc2",-1.04433622422659
"Pstpip2",-1.04446810067986
"Slc10a5",-1.0451807170626
"Fam120a",-1.0453650520546
"Epx",-1.04619395473728
"Asap1",-1.04693624775896
"Impact",-1.04716912518457
"LOC690000",-1.04730815777929
"LOC100911871",-1.04741865118914
"Mff",-1.04787077067345
"C1qc",-1.04875777812414
"Oxld1",-1.04887006008254
"Cmtm4",-1.04888430233706
"Abcb7",-1.04910880005082
"Dtwd2",-1.04924176980467
"Npepps",-1.04997586781704
"Wee1",-1.05030153201221
"Gucy2g",-1.05053674153415
"LOC100911928",-1.05091584048264
"LOC102550986",-1.05111757203296
"St8sia1",-1.05165891704445
"Mocs2",-1.05173742235022
"Cdkl3",-1.05201219439406
"Tph2",-1.05219762350417
"Sdhb",-1.05291782391983
"Exoc4",-1.05306964542503
"Gmds",-1.05327022933857
"Nudt10",-1.05328340534062
"Mpi",-1.05385619270563
"Mbtps2",-1.05396858563626
"Map6",-1.05400417550817
"Ccny",-1.05452050739611
"Dusp23",-1.05463262566682
"Rhoq",-1.0551632595375
"Aacs",-1.05542838200502
"Mbip",-1.05550402298085
"Leo1",-1.05579947443255
"Zfp949",-1.05602501017587
"Tmf1",-1.05621835298183
"Itgb8",-1.05671779664618
"Cpne1",-1.05726567076079
"Kctd9",-1.05771028606836
"Khdrbs2",-1.05781492091449
"Tmx2",-1.05801190038026
"Ppp1r11",-1.05928662678969
"Cpeb3",-1.06024692208101
"Pcdh19",-1.06069293860845
"Man1a2",-1.06092052850556
"Sh3kbp1",-1.06115948496855
"Lamp1",-1.06187145173888
"Phykpl",-1.0622022378332
"Nudt6",-1.06222906451656
"Cnih1",-1.06230602322229
"Kcnh8",-1.06287273223025
"Slc25a14",-1.0629633567054
"Fem1b",-1.06298228269098
"Eif3a",-1.06325583164155
"Zbtb22",-1.06504711207019
"Lhpp",-1.06513285162622
"Nampt",-1.06522382117483
"Dmrtc1b",-1.06550688228612
"Pdia6",-1.06591925759701
"Rnf214",-1.06618582752792
"Cmpk2",-1.0666772694594
"Rpe65",-1.06675399250741
"Alox15b",-1.06675937460902
"Chsy1",-1.06707464271915
"Slc16a6",-1.06731230534627
"Yes1",-1.06755218086147
"Dusp19",-1.06766326268144
"Gap43",-1.06780839816565
"Btaf1",-1.06808387183477
"Atp5d",-1.06808989580586
"Prmt6",-1.06856210947858
"Rwdd2a",-1.0687190995302
"Abl2",-1.06889581880656
"Rmdn3",-1.06998372352192
"Reg3a",-1.07022690885396
"Hist1h2ah",-1.07096572986216
"Pex5l",-1.07128741207303
"Gpihbp1",-1.07136370923676
"Spata16",-1.071383461445
"Bex4",-1.07197369702771
"Nbn",-1.07218362930303
"Letm1",-1.07244418001127
"Ccdc90b",-1.07294559617517
"Slc7a2",-1.07322567920128
"Pld6",-1.07355971860805
"Dnttip2",-1.0737661469088
"Pacsin3",-1.07413058686391
"Maml2",-1.07472926572292
"Pot1",-1.07526055204295
"Zfp560",-1.07552250943622
"Ppm1k",-1.07635305634539
"Dcaf7",-1.07663206638899
"Pqlc1",-1.07740410475951
"Tmcc3",-1.07758888232746
"Dbf4b",-1.07772922257449
"Mefv",-1.07813570728055
"Hdac2",-1.07896478357218
"Myo1e",-1.07921324092329
"Slc4a4",-1.07936865778282
"Lias",-1.07961551218611
"Spopl",-1.08077397988904
"Pno1",-1.08155717831439
"Rtl1",-1.08158219774975
"Gng5",-1.08160122664665
"Cdc27",-1.08163712675615
"Ubfd1",-1.08175984790153
"Abca6",-1.08237782109019
"Pdilt",-1.08299181436472
"Mcpt9",-1.0831051167525
"Lrrk2",-1.08312667857806
"Mrap",-1.08339583379896
"LOC108353009",-1.08352176039884
"LOC108353010",-1.08352176039884
"Hspa14",-1.08356093030551
"Ulk2",-1.08359363237175
"Msantd3",-1.08379938567579
"Aco2",-1.08417824371178
"Ercc5",-1.08489833277247
"Snrpb2",-1.08517272636294
"Prr5",-1.08597921205579
"Homer2",-1.08628107664258
"Cetn4",-1.08635484932117
"Dlx2",-1.08655676826827
"LOC100366044",-1.08672983858322
"Snap29",-1.08684410186654
"Med8",-1.08691876330574
"Cep126",-1.08692421489841
"Kcna5",-1.08727101964089
"Abt1",-1.08753074162677
"Nek9",-1.08755687485571
"Vsnl1",-1.08831480852869
"Tspan17",-1.08844789338161
"Arf4",-1.08870831454873
"Rapgefl1",-1.08908517363844
"P2rx6",-1.08918399460372
"Golt1b",-1.08920128547253
"Aqp9",-1.08945048733289
"Atp5e",-1.0895497633682
"Abracl",-1.08958693617044
"Zhx3",-1.08993712535139
"Errfi1",-1.09010440760662
"Denr",-1.09010628904682
"Tmco3",-1.09019919655731
"LOC102547039",-1.09039795350928
"Abca16",-1.09076388856192
"MGC93861",-1.09119842234091
"Lgr4",-1.09182478902786
"Zfp563",-1.09218861631365
"Prokr1",-1.09220775357298
"Gpr27",-1.09221200808122
"RGD1566239",-1.09224320094605
"Ndufs3",-1.09362404017818
"Hikeshi",-1.09367138892947
"Slc8a3",-1.09402453356785
"Erp44",-1.09404865506415
"LOC688765",-1.09511886138915
"Ell2",-1.09515912320008
"Strip2",-1.09569951618009
"LOC100363228",-1.0957001917188
"Arl3",-1.09690009216241
"Cdc42",-1.09691723448084
"Maged2",-1.09702724681174
"Socs2",-1.09831178332522
"Cfap97",-1.09832333473262
"P2rx2",-1.09885873095611
"Mapk10",-1.09896612075403
"Plekhb2",-1.09908343156878
"Mzt1",-1.09917604504836
"Map3k9",-1.09925733385273
"LOC103689995",-1.09971301060453
"Stk39",-1.0997658357539
"Tmem176a",-1.09977480474342
"Eif3e",-1.10012430856334
"LOC682206",-1.10028830632564
"Tmem236",-1.10048052483311
"Sfxn5",-1.10062668270515
"Gtf2a2",-1.10113567827134
"Wbscr28",-1.10116993691077
"Rb1cc1",-1.10145399186548
"RGD1559909",-1.10169204459645
"Sel1l3",-1.1020322821114
"Agtpbp1",-1.10212096070955
"Mef2c",-1.10217033149329
"Psmd12",-1.10251229068499
"LOC680498",-1.10262266296776
"Fam185a",-1.1026319441747
"Mfap3",-1.10298688800674
"Dnajc22",-1.10357028424344
"Dctn5",-1.10406492484295
"Fgf10",-1.10509294042008
"Tmem223",-1.10514428250556
"Zfp334",-1.10544170238806
"Abca8",-1.10591006059239
"Nebl",-1.10624047229866
"Ppp6c",-1.10682952028117
"Swi5",-1.10696700684004
"LOC102548695",-1.10782141086007
"LOC108348216",-1.10805390635044
"Dirc2",-1.10892241324003
"Specc1l",-1.1094750113565
"Dip2c",-1.10963369626362
"Fermt2",-1.10983058622806
"Zfp133",-1.11001409186909
"Hes7",-1.1102143947087
"Maoa",-1.11039165704449
"Pitpnm1",-1.11101071343598
"Wdr73",-1.11152838315774
"Pfdn4",-1.11154689453862
"Ngly1",-1.11164410796053
"LOC100910577",-1.11244791810751
"Gata3",-1.11297500676097
"Ogfod1",-1.11328301168378
"Crem",-1.11502887005696
"RGD1307182",-1.11510644898027
"Tbc1d23",-1.11556845161346
"Rabl3",-1.11558153448044
"Cecr5",-1.11565339217948
"Lrriq1",-1.11633472963452
"Ccdc93",-1.11633748206854
"Med21",-1.11650719629994
"Bckdhb",-1.11666417579338
"Scimp",-1.11666708706059
"Rgs7",-1.11685030008241
"Mgst1",-1.11743376876289
"Bglap",-1.11756344636322
"Tmem253",-1.11798188520462
"Smim13",-1.11806953869122
"Prdm4",-1.11882004526683
"Sf3b6",-1.11920765868283
"Usp37",-1.11936994104927
"Smyd3",-1.11971882265596
"Rhoc",-1.11972849317696
"Mcl1",-1.12024647425584
"Cyb5b",-1.12081569161532
"Cog7",-1.12100647616318
"RGD1565363",-1.12112917334736
"Clca4",-1.12154033716099
"Bloc1s5",-1.12171652333244
"Pmepa1",-1.12255797155978
"Bicd1",-1.12300705920672
"Etf1",-1.12302163086654
"Sumo1",-1.1231213658425
"Frzb",-1.12326196630059
"Fbxo22",-1.12331698935879
"Lats2",-1.12404294389892
"Pibf1",-1.12406608222645
"Nudt2",-1.1241570376855
"Stfa2l2",-1.1245883087885
"Atad2b",-1.12518290806832
"Csrnp3",-1.1259120802138
"Aldh3a2",-1.12628876864746
"Sectm1a",-1.12649007412709
"Clip4",-1.1265391131624
"Mansc4",-1.12656997007348
"Bag1",-1.12707905070535
"Smarce1",-1.12757992084928
"Gdf11",-1.12761759071895
"Asb3",-1.12803952686991
"Rnf135",-1.12843386683491
"Miga2",-1.12887889541096
"Frmpd3",-1.12927870672465
"Marveld2",-1.12973589672333
"Herpud2",-1.12982970903387
"Mrpl14",-1.13031171375327
"Gss",-1.13036212435798
"Adcy3",-1.13042819086287
"Kcne3",-1.13071355124699
"Clvs1",-1.131255527057
"Aqp4",-1.13154564738304
"Snrnp27",-1.13186421345597
"Asah1",-1.13187309198045
"Gpr156",-1.13200054197107
"Trib1",-1.13203062190312
"Pou4f2",-1.13218365761525
"Ttpa",-1.13222180907112
"Zc3h12c",-1.13282234840966
"Akap17b",-1.13289338977326
"Ube4a",-1.13289723241918
"Dtnb",-1.13293190655588
"Ccdc28b",-1.13349907804302
"Ipcef1",-1.13388733672797
"Tmem65",-1.13405871432596
"Rab11b",-1.13418401728618
"Acaca",-1.13458534120284
"Fam135a",-1.13458652527375
"Adamts18",-1.13550213886054
"Gabpa",-1.13555536939651
"Fam168b",-1.13608923878163
"Birc6",-1.13627013372514
"Magi3",-1.13654013310452
"LOC103690082",-1.13687901838673
"RGD1311745",-1.13761095422058
"LOC689800",-1.13773206695946
"Ddx3",-1.13781164399604
"Zhx1",-1.13814492709547
"Mcemp1",-1.13830891091652
"Pim3",-1.13844258376793
"Mrgprb4",-1.13861260349717
"Poc1b",-1.13927911438209
"Mertk",-1.13933192401355
"Ywhaq",-1.13939539558421
"Zmym4",-1.13942594761826
"Agpat5",-1.13948842771277
"Spata24",-1.13985559127225
"Kifap3",-1.13989621563498
"Rsrc2",-1.14011552736932
"Get4",-1.14021911448793
"Myt1",-1.14031838301398
"Mmp16",-1.14044053734859
"Lrrc31",-1.14100364741681
"Cltc",-1.14104333065632
"Elp2",-1.14105075806445
"F10",-1.14106757987965
"Golga7b",-1.14155799730831
"Strn3",-1.1424225114324
"Smarca1",-1.14349230657348
"Pde2a",-1.1437044562676
"Gucd1",-1.14439199800037
"Polk",-1.1445578146936
"Srsf7",-1.14493288526701
"Gckr",-1.14533276074606
"Pnrc1",-1.14557107072717
"Sema4d",-1.14563554035918
"Thy1",-1.14643899665371
"Cdk8",-1.1471166481489
"Car12",-1.14720469847912
"Celf6",-1.1477251023002
"Relt",-1.14825551823374
"Six1",-1.1484312220399
"LOC100909709",-1.14870685309956
"Cd300lg",-1.14890311172884
"Snx27",-1.14915057808105
"Usp13",-1.14940855716968
"Dsel",-1.15018416459689
"St3gal4",-1.15019633404066
"Negr1",-1.15172751936693
"Unc5c",-1.15192114954259
"Fhod3",-1.1528672658868
"Spag16",-1.15298158031878
"Grb2",-1.15299399846983
"Cntn1",-1.15329119305379
"Gin1",-1.15377447301844
"Mrps28",-1.15470334719382
"Tatdn3",-1.15515239997264
"Zfp322a",-1.15519564536916
"Tmie",-1.15526815405498
"Metap1",-1.15653130847131
"RGD1305704",-1.15670927042985
"Wwtr1",-1.15694987834593
"Stk24",-1.1575700343362
"Slc25a1",-1.15761925945296
"Saraf",-1.15763564954304
"Rarres2",-1.15781621166073
"Vstm2b",-1.15819059645323
"Tra2b",-1.15822364384433
"RGD1311703",-1.1584236628982
"Ttc3",-1.15867954643464
"Slc38a2",-1.15873501952748
"Tax1bp1",-1.15878556121066
"Hcrtr2",-1.15929004763671
"Map2",-1.15986932115535
"Kif1b",-1.15990484455441
"Nrip1",-1.16044655799269
"Rpl24",-1.16113855267481
"Mtrr",-1.16173594082307
"Rab11fip4",-1.16186651822005
"Pcdh11x",-1.16203666009785
"Pts",-1.16213155618178
"Arl2bp",-1.16295958745119
"LOC102554867",-1.16323488877303
"Prr35",-1.16326468619643
"Nxt2",-1.1633685799067
"Copb1",-1.16357328937061
"Sncb",-1.16411065225166
"Tmem45al",-1.16483220594787
"Hcn1",-1.16486594973309
"Gpatch11",-1.16510986774111
"Il1b",-1.16512090223936
"Csgalnact1",-1.16554355518787
"Hist1h1c",-1.16557761618324
"Thg1l",-1.16572412816065
"S100g",-1.16616653366984
"LOC108349682",-1.16625662278478
"Bbs9",-1.16648710329942
"Zc3h6",-1.16672546121907
"Bsn",-1.1671695520142
"Ndufs4",-1.16766144013959
"Zfp329",-1.16797215457944
"Btbd1",-1.16817307976034
"Ebag9",-1.16835732796634
"Zbtb38",-1.16848247890886
"Lrrc61",-1.16868327904911
"Dlk2",-1.16896335374496
"Tppp",-1.1693130968331
"Fdx1",-1.16935224273131
"Acly",-1.16996560095017
"Ppid",-1.17022140710969
"Gpr135",-1.17032962497539
"Nceh1",-1.17103480644198
"Bbip1",-1.17112904598845
"Nectin2",-1.17182350692607
"Mapk1ip1l",-1.1719095441257
"Fads1",-1.17317015225822
"Fam220a",-1.17330054200239
"Trim54",-1.173977598156
"Pias1",-1.17439671377553
"Trappc8",-1.17441117792819
"Myl3",-1.17463398654756
"Tlcd1",-1.17496051819241
"Trpm8",-1.17638726684205
"St6galnac6",-1.17667903068924
"Chst15",-1.17710106579373
"Fam169a",-1.17739487452387
"P4ha1",-1.17744252021187
"Uhrf1bp1l",-1.17759463172405
"LOC108348197",-1.17823722573713
"Tfb1m",-1.17851639620019
"Klhl32",-1.17867222813726
"Magi1",-1.17887727678185
"Tekt3",-1.17901577936129
"Zrsr2",-1.17928017291938
"Zbtb41",-1.17948574411495
"Orc4",-1.1800081369367
"Masp1",-1.18010751115425
"Cntnap5b",-1.18047674470716
"Lsm5",-1.18054177374468
"Samd15",-1.18123478918819
"Cebpd",-1.18148596648829
"Arfgef1",-1.18171653915733
"Prss35",-1.18216885816052
"Rnf41",-1.18232613619753
"Hoxd1",-1.18233772208471
"Tmem79",-1.18238922153225
"Psmg3",-1.18251656634476
"Larp7",-1.18262695243444
"Pgd",-1.18430665972937
"Trim45",-1.18461389007586
"Zmat2",-1.18464325850788
"Pdzd2",-1.18487692973132
"Mab21l1",-1.18492128646545
"Siah1",-1.1852526269709
"Mib1",-1.18533189294576
"Atg4c",-1.18608365489676
"Pzp",-1.18641333860557
"Snx9",-1.18666553234574
"Tab3",-1.18683205071828
"Echdc1",-1.18699220171283
"Gldc",-1.18744115183519
"Ttc5",-1.18746305029467
"Fam227b",-1.1879480544342
"Slamf7",-1.18803841131075
"LOC100909474",-1.18833921097697
"Nhlrc1",-1.18836461831712
"Stmn3",-1.18857648363194
"Dpp3",-1.18879323847574
"Kcna10",-1.18984460329465
"Mageh1",-1.19006935764292
"Cntd1",-1.19021912847364
"Crb1",-1.19023536092605
"LOC103693015",-1.19069477889196
"Cep63",-1.19078142813111
"Pkia",-1.19108550569573
"Gpr180",-1.19209328885998
"Ndufb4",-1.19212898569173
"Lrrc8a",-1.19247635876721
"Uros",-1.19304775068083
"Adi1",-1.19343954362557
"Cd2bp2",-1.19359980680006
"Tdo2",-1.19362053356708
"Cdc34",-1.1937706325865
"Dbndd2",-1.19380423896544
"RGD1309748",-1.19386963983363
"Ccz1b",-1.19395901345157
"Rnf11l2",-1.19440999121404
"Kb15",-1.19444376502023
"Cds2",-1.19444508181205
"Gprasp2",-1.19459859581635
"Ercc8",-1.19521490225637
"Fbxo3",-1.19537450804111
"Asphd2",-1.19543241262884
"Nufip2",-1.19707693113054
"Acsbg1",-1.19724880608395
"Lrguk",-1.19729328726835
"Ptpdc1",-1.19752814925499
"Aars",-1.19807270413582
"Rnf20",-1.198215717923
"Ttyh1",-1.19878959141268
"Bhlhb9",-1.19899224119621
"Rad17",-1.1995281960104
"Col4a3bp",-1.19977956923309
"LOC100909664",-1.19999740514329
"Ate1",-1.20058703325226
"Cflar",-1.20058738283035
"Ppif",-1.20064178740957
"Xpot",-1.20204300545908
"Slc7a14",-1.20232358082634
"LOC100909776",-1.20242044027458
"Tmem127",-1.20245121773887
"Srms",-1.20280834403603
"Rab30",-1.20341058353308
"Rnf212",-1.20354601221711
"Ube2e1",-1.20355701606591
"Wtap",-1.20379626908138
"Fam46b",-1.20392705126502
"Shoc2",-1.20443457126125
"Hdac8",-1.20485364998186
"Ift20",-1.20509972004404
"Oxsm",-1.20525242066748
"Acot3",-1.20592993015291
"Guca1b",-1.20627137279188
"Cpsf2",-1.20633105309038
"Polr3a",-1.20634892585067
"Mrrf",-1.20638179890341
"10-Mar",-1.20643340316679
"Ccdc60",-1.20752868626938
"LOC681383",-1.20779444576542
"LOC691422",-1.20782229926738
"Hcst",-1.20791018828143
"Kif5b",-1.20801954009123
"Ampd3",-1.20823757963949
"RGD1307947",-1.20850284392797
"RGD1309995",-1.2089448475237
"Ubr1",-1.20911975456082
"Gpr153",-1.20932630135693
"Grin3a",-1.20946864784749
"Sco1",-1.20961215240447
"Sox11",-1.20985619074753
"Clock",-1.21046618696984
"Mbd2",-1.21093182972517
"Scn8a",-1.21106860955881
"Atg5",-1.21113457469399
"Zfp551",-1.21148763586179
"Med22",-1.21155318196943
"Dennd5a",-1.21164344215987
"Rec114",-1.21183676084059
"Bsdc1",-1.21191630800905
"Vash1",-1.2124698842148
"Lcp2",-1.21255458849952
"Atp6v0e1",-1.21266697804698
"Pde1c",-1.21306807232669
"Tmem19",-1.21312247144964
"Glo1",-1.21314995310488
"RGD1309821",-1.21315966483484
"Ufsp2",-1.21400253793525
"Tigd4",-1.21463746442596
"Rusc2",-1.21478764738581
"Clcn1",-1.21481375022305
"Scn3a",-1.2148158363086
"Chrac1",-1.21516258681442
"Phldb3",-1.21546633576709
"Herc4",-1.21547364605274
"LOC108348064",-1.21557001126838
"Rpl27",-1.21566366507292
"Nqo1",-1.21568293052952
"Paqr5",-1.21605580497154
"LOC108353138",-1.21651084528062
"Idh3g",-1.21667410161395
"Klhl15",-1.21671454759145
"Hacl1",-1.21762502980905
"Unc13c",-1.21765397070719
"LOC102553962",-1.21777096535427
"Ncoa4",-1.21847774877789
"Plaa",-1.21973130358458
"Bag2",-1.22096153194487
"Spg20",-1.22116449897107
"Apoa5",-1.22192775908282
"Kcna4",-1.22198249339283
"Parvb",-1.22238672983563
"LOC102550330",-1.22260458580918
"Hmgcr",-1.22260896476088
"Ppp1r14c",-1.22263430007876
"Zfp804b",-1.22282431034998
"Msmo1",-1.22285274239774
"Card9",-1.22291252018696
"Kras",-1.22293131769641
"Pkig",-1.22303819500346
"Arcn1",-1.223230019338
"Nubpl",-1.22353304764961
"Ntrk2",-1.22354234766604
"Lnpep",-1.22361164791582
"LOC100911881",-1.22370534067514
"Tvp23b",-1.22410760925552
"Zfp398",-1.22439961183425
"Atp9b",-1.22474689418846
"Jun",-1.22489665756152
"Hibadh",-1.22528329968055
"Tnik",-1.22549443856635
"Chmp7",-1.22554096538136
"Cdkl4",-1.2255445361754
"Hist1h2bk",-1.22568470706512
"Prrt3",-1.22630925078622
"Tenm4",-1.22664964024811
"Fam120b",-1.22666784804031
"Tox4",-1.22668095250134
"Klhl23",-1.22685450489356
"Zfp488",-1.22802207156864
"Il18r1",-1.22865856774402
"LOC102546889",-1.22880030241917
"Anapc11",-1.22938400264921
"Zfp644",-1.22950926639948
"Ndufaf6",-1.22964665390053
"Kctd1",-1.22964890978149
"Basp1",-1.23027464863875
"Prdx1",-1.23038382959223
"Srm",-1.23165219720717
"Thoc7",-1.23207809319131
"Trhde",-1.23237775376784
"Rnf13",-1.23255998519076
"S100b",-1.23262070251725
"C2cd5",-1.2334530698521
"Fam26e",-1.23352200102189
"Rabep1",-1.23426282512671
"Cabyr",-1.23441282247609
"Clec4a3",-1.23494356134851
"Zfp189",-1.23502496187442
"Asic1",-1.23510501371563
"Pdzd11",-1.23523326959813
"Scml4",-1.23554524553741
"Ispd",-1.23559267773042
"LOC108348114",-1.23595383373328
"Cops6",-1.23615345074323
"Spast",-1.23674541117005
"LOC103690019",-1.23683798743426
"Far2",-1.23706358139436
"Zfp2",-1.23750159563816
"Pmel",-1.23781920662967
"Ap3s2",-1.23806043863318
"Ogfrl1",-1.23806518594042
"Cplx2",-1.23848711200713
"Erc1",-1.23856800008787
"Tnfsf13b",-1.23874857116174
"Svip",-1.2388641710719
"Col9a1",-1.23899365424625
"Slc14a1",-1.23955656425123
"Hax1",-1.2398915862286
"Galnt3",-1.23992546871892
"Dcaf12",-1.24062588374364
"Hdx",-1.24082803851783
"RGD1304884",-1.24127894650723
"Phyh",-1.24148034691068
"Casc4",-1.24205456469649
"Erh",-1.24246384602544
"Lysmd4",-1.24359379987058
"Rps21",-1.24424059003389
"Ndufs8",-1.24428273231563
"LOC103692273",-1.24440156033757
"Ucma",-1.24554302932347
"Il23a",-1.24559098679757
"Plxna2",-1.24629002000093
"Fbxw11",-1.24712533787702
"Dhodh",-1.2471391497392
"Prpsap2",-1.24737398395961
"Cwf19l2",-1.24740443715791
"Galk1",-1.24830120509801
"Ccdc141",-1.24844162888362
"Cttnbp2",-1.24917531256038
"Ip6k2",-1.24925523873981
"RGD1564247",-1.24950219968593
"Snrnp25",-1.2495363114364
"Me2",-1.24956178447046
"Prdm9",-1.25057359542215
"Akt1s1",-1.25085630358448
"LOC100911685",-1.250865150071
"Vps33a",-1.25095812343656
"Glb1l2",-1.25099552315417
"Rab15",-1.25129684319292
"Fis1",-1.25167958715318
"Asb8",-1.2518573049748
"Traf6",-1.25187571207484
"Rom1",-1.25224934583265
"Alg13",-1.25242056971456
"B2m",-1.25296726563194
"Ntn4",-1.25306429096296
"Mapk4",-1.2535281156301
"Glrx3",-1.25374330141647
"Fgf18",-1.25377018715779
"Fdxacb1",-1.25428523035494
"Lman1l",-1.25484948651869
"Ube2v2",-1.25509899798274
"Acot6",-1.25523056768563
"Gatc",-1.25531636696154
"Lnx2",-1.2553321120451
"Colec11",-1.25744245682263
"Hipk3",-1.25757285321015
"Cd82",-1.25784029132704
"Laptm4b",-1.25809729638629
"Fkbp2",-1.25840914162232
"Oaf",-1.2588111051088
"Gmps",-1.2593028568682
"Smim7",-1.25974558639894
"Ptpro",-1.25976366834664
"Macrod2",-1.26004948640468
"N6amt1",-1.26033587408116
"RGD1560470",-1.26044133590713
"LOC108351580",-1.26051538192333
"Nicn1",-1.26080651498839
"Ube2d1",-1.26089561625968
"Pigc",-1.26108324246353
"Tmem246",-1.26174257736975
"Kif3c",-1.2619231999157
"Lilrb3a",-1.26244904369636
"Lilrb3b",-1.26244904369636
"Rab33b",-1.26251599628073
"Ypel4",-1.26258151884628
"Nacc2",-1.26263062912299
"Api5",-1.26317896807912
"Glod4",-1.26322383892384
"Sigmar1",-1.26326515545484
"LOC500584",-1.26406827692808
"Necap1",-1.26411596102133
"Tspan6",-1.26472380708033
"Gprin3",-1.26568369933944
"Ndel1",-1.26630982538122
"Zswim6",-1.26639179222835
"Rcbtb1",-1.26646493682586
"Nkain3",-1.26653745277387
"Tbcd",-1.26727966036215
"Ehhadh",-1.26736895185543
"Fpr1",-1.26790093257922
"Lsm11",-1.26814584640203
"Slbp",-1.26819636890548
"Ube2d2",-1.26919196685906
"Cav3",-1.26941563100232
"Clec12a",-1.26977185018872
"Nectin1",-1.27013116349572
"Hist1h2bcl1",-1.27029615609549
"Map1lc3b",-1.27060377726943
"Acbd3",-1.27061234024581
"LOC100910056",-1.27107300952132
"Rgs4",-1.27200248158427
"Axdnd1",-1.2726818224839
"N4bp2l2",-1.27293565263582
"Camlg",-1.27440143484113
"Cyp11b2",-1.27445641919178
"Uxs1",-1.27483268759123
"Gcsam",-1.27491404703273
"Rgs20",-1.27557964317117
"Pecr",-1.27627225318509
"Nploc4",-1.27634734689549
"Tubg1",-1.27678716315807
"Dll3",-1.27685378055947
"Hacd3",-1.27718716535763
"RGD1561931",-1.27756693077968
"Retnlg",-1.2789714497261
"Rgs1",-1.27900024592652
"Lhfpl5",-1.27920195254664
"Akr1a1",-1.27940671742242
"Lyst",-1.27962031641694
"Ebp",-1.27992251745857
"Isca2",-1.28046054801756
"Zfp444",-1.28050639623863
"Cdc5l",-1.28052688259153
"Apip",-1.28078090174345
"Rars2",-1.28226108764091
"Greb1",-1.28241802970559
"Pfkfb2",-1.282586399966
"Med7",-1.2825912406021
"LOC679818",-1.28262181145226
"Nsa2",-1.28275799725977
"Gls2",-1.28284333816545
"Slc46a2",-1.28301205571051
"Trmt10a",-1.28313508238442
"Insm2",-1.28328952351178
"Hmox2",-1.28381098541801
"RGD1559821",-1.28390677176775
"Sacs",-1.2847204150617
"Cpm",-1.28526472250223
"Pdgfd",-1.28560712372089
"Cyld",-1.28699985927488
"Klhl12",-1.28712097305504
"Faim2",-1.28743709717937
"Cers4",-1.28814894999216
"Ctbs",-1.28874611364477
"Ccser2",-1.28899903672987
"Pcdhb9",-1.28901466775218
"Decr1",-1.28908711690725
"Tmed4",-1.28991595374117
"Dolk",-1.29204092195618
"Tnfrsf18",-1.29237371397786
"Gabrg3",-1.29248322005073
"Ercc3",-1.29280354719647
"Slirp",-1.2945998077522
"Slc6a11",-1.29460050829686
"Usp31",-1.29460669346384
"Lipt2",-1.29573188489095
"Hnrnpk",-1.29583578675572
"Pex1",-1.29594534484682
"Pcgf3",-1.29644323479299
"Slc35f1",-1.29675494254737
"Anp32e",-1.29767920587832
"Nudt5",-1.29899424780267
"Snrk",-1.29909134830543
"Cript",-1.29951954812461
"Kif2a",-1.29968098031285
"Foxk2",-1.30010493310427
"Ndp",-1.30061862443067
"Nrxn3",-1.30072236916978
"Chmp1a",-1.30084004616846
"Il10ra",-1.30124861372655
"Plekha1",-1.30184432943919
"Ccdc186",-1.30185832532478
"Ckap5",-1.30213777200464
"Nhs",-1.30240320490985
"Aaed1",-1.30279506632008
"Lix1",-1.30286004105918
"Cops4",-1.30289255947403
"Gabarapl2",-1.30327147037316
"Ostm1",-1.30327576880226
"Atp5h",-1.30416235105261
"Nap1l4",-1.30422668240964
"Ppargc1a",-1.30441413987498
"Wdr82",-1.30451618241615
"Klb",-1.30476925938797
"Pcdhb4",-1.30488948335682
"Cacna2d3",-1.30494534940537
"Ggta1",-1.30521452802055
"Megf9",-1.30557086334657
"Lemd3",-1.30572151216223
"Cnot7",-1.30617369624435
"Seli",-1.30637705299005
"Rala",-1.30647399592167
"Syndig1l",-1.30677738653803
"Gcc2",-1.3068269821603
"Abhd4",-1.30700574043212
"Fam199x",-1.30705258536715
"Mtmr9",-1.30728979684059
"RGD1559786",-1.30733817306429
"Rrs1",-1.30759625809338
"LOC103693605",-1.30934449799475
"Bicd2",-1.30949882265386
"Cul1",-1.30973836806523
"Eif3m",-1.31069478195845
"Arhgap8",-1.31269004217772
"Rnh1",-1.31278202869128
"Nxpe4",-1.31281217202729
"Astl",-1.31325356459932
"Elmo1",-1.31373407998197
"NEWGENE_1305281",-1.31391469587148
"P2rx1",-1.3142523456763
"Grm8",-1.31448177244372
"Agps",-1.31490409103002
"Tmem68",-1.31600125180434
"Oraov1",-1.3162904551139
"Sec63",-1.31673539379547
"Ubox5",-1.31717435703453
"Tmem261",-1.31740074501198
"Nipsnap3b",-1.3180515892233
"Cpeb4",-1.31816227846836
"Yaf2",-1.31909748344149
"Ttc8",-1.31974426230597
"Fam162a",-1.32073186115271
"Twistnb",-1.32090382741333
"Nsf",-1.32150302548017
"S100a6",-1.32187121607564
"Harbi1",-1.32217945555833
"Trappc3l",-1.32219103698072
"Ssb",-1.32249083704783
"Csnk1a1",-1.32305618327399
"Ret",-1.32350921055925
"Prkcd",-1.32423582969212
"Sod1",-1.32450677920534
"Krt5",-1.32464768104397
"Msx3",-1.3247434087011
"Fastkd1",-1.32501927603453
"Opcml",-1.32522203639249
"Fam173b",-1.32533611957826
"Ltb",-1.32550165499867
"P2rx4",-1.32577241486609
"Shank2",-1.32617753223422
"Fbxl22",-1.32700033210102
"Eif4e",-1.32768551558493
"Rap1gap2",-1.32828022621305
"Shc3",-1.32841876011679
"Gdpd4",-1.3285287699797
"Igsf3",-1.32895033369315
"Clvs2",-1.32917053496145
"Fam49b",-1.32924903025602
"Hook1",-1.32969352704836
"Spp1",-1.33005186936094
"RGD1305645",-1.33063209353421
"Nudt11",-1.33118723839921
"NEWGENE_1306455",-1.33226610041762
"Cpt2",-1.33231897104843
"Rorc",-1.33246816723006
"Arhgap5",-1.33267693623784
"Cacna2d2",-1.33342496299254
"Sgip1",-1.33362302110848
"Lyz2",-1.33497875869387
"LOC103690016",-1.33498019597853
"Bcan",-1.33566299694456
"Ap3m2",-1.3361135034208
"Mfap1a",-1.336230547329
"Tp53bp1",-1.33629162652165
"Rfesd",-1.33749664994878
"Pacsin2",-1.33756006971528
"Chfr",-1.33764640932994
"Gbas",-1.33779766198414
"Cacng5",-1.33801169208524
"Nup93",-1.33823659103924
"Tmem263",-1.33849483937601
"Wars2",-1.33849661857411
"Camk2g",-1.33940186543203
"Dpcd",-1.33947268947222
"Ctnnb1",-1.33961377394416
"Cetn2",-1.33966693519458
"LOC100911237",-1.34004069669521
"Apoe",-1.34045248737929
"Tollip",-1.34056579380087
"Trub2",-1.34064281657419
"LOC100912380",-1.34065486770217
"Ap1ar",-1.34085910859453
"LOC102553881",-1.34087976345316
"LOC103690779",-1.34131770915921
"Snrnp35",-1.34155959038916
"Gabrr1",-1.34210180683833
"Ocrl",-1.34268582816399
"Cbwd1",-1.34308790326229
"Tecpr1",-1.34335381872992
"RGD1560028",-1.34339467087658
"Clec1a",-1.34442255355815
"Agpat3",-1.34520705118349
"Pcdhb22",-1.34553666543712
"Cox19",-1.34649000395722
"Tram1l1",-1.3465870249997
"Hpdl",-1.34665073900441
"Ccnt1",-1.34718059029833
"Tp53rk",-1.34741412337358
"Noa1",-1.34749360990567
"Nf1",-1.3476814129939
"Prkab2",-1.34778637644092
"Wdr53",-1.3485084440806
"Lrrc3",-1.34855930883668
"Kcnj6",-1.34871959728742
"LOC288913",-1.34873773518381
"Tlx2",-1.34903611107692
"Asphd1",-1.34917429181994
"Txnl4a",-1.34950095371294
"Tbc1d4",-1.3496597853272
"Zfp717",-1.35065612144991
"B4galt5",-1.35071534130217
"Myh1",-1.35150642603216
"Glrx2",-1.35179375099557
"Asb1",-1.35186715947106
"Ripk4",-1.3518972965021
"Crk",-1.35197546952337
"Zbtb8os",-1.35279173044332
"LOC100912656",-1.35319845279301
"RGD1309079",-1.35322111970188
"Sult2b1",-1.35366487816688
"Camk2n2",-1.35385920762649
"Prune2",-1.35418142349721
"Lpar1",-1.35469889916298
"Grid2ip",-1.35498185700467
"Uggt1",-1.35525845885468
"R3hdml",-1.35546373321008
"Pnpla8",-1.35556718400145
"Pdzd4",-1.35561067405172
"Uevld",-1.35586410816903
"Ints12",-1.35590454075334
"Nlk",-1.35677860903293
"Gdi2",-1.35690013940243
"Kctd5",-1.35713181642633
"Emc6",-1.35730470005516
"Zfp131",-1.3577630855824
"Aass",-1.35780644494336
"Cct8",-1.35792211940631
"Dazap2",-1.35829298413631
"Pgam1",-1.35835102410412
"LOC102553382",-1.35837886719601
"LOC690155",-1.3586035139136
"Mgat4a",-1.35970170986876
"Dhdds",-1.36034622004018
"Abcd3",-1.36044511246444
"LOC502684",-1.36054760120674
"Fbxl5",-1.36065598527243
"E2f6",-1.36074367720597
"Clca5",-1.36091994855142
"Ccp110",-1.36151004097531
"Gna13",-1.36264465244297
"Rnf128",-1.3630354877251
"Hist3h2a",-1.36321952800339
"LOC103694905",-1.36323654288061
"Msra",-1.36364669768568
"Zdhhc20",-1.3638643822951
"Sla",-1.36432770559242
"Dhx57",-1.3659475082929
"Faf2",-1.36620670201699
"RT1-Db1",-1.36626433136792
"Hnrnpab",-1.36650069597143
"Zfr",-1.3672811267185
"Naaladl2",-1.36739676926927
"Mettl10",-1.36824521100666
"Frmd3",-1.36826589684596
"Hace1",-1.36845617907558
"Pigw",-1.36861872684402
"Fh",-1.36890887510811
"Rtn4ip1",-1.36892711221026
"LOC100912582",-1.36910972337356
"Eif2s2",-1.37022820662861
"LOC108351956",-1.37059443047565
"Dpysl3",-1.37094850336707
"Phactr1",-1.37117327634655
"Cep97",-1.37193149819587
"LOC691083",-1.37207597619307
"Slc45a1",-1.37216174970597
"Hsdl1",-1.37285404393105
"Eci2",-1.37452104865827
"Ogdh",-1.37518533669153
"Got2",-1.37553000599697
"Actr1b",-1.37630886250618
"Zc3h15",-1.37674837573762
"Dlg2",-1.37812826244104
"Brinp3",-1.37977194907468
"C2cd4b",-1.38016766214433
"Plscr5",-1.38029550848928
"Manea",-1.38052429076832
"Abcb9",-1.38059915208656
"Sertm1",-1.38128025483205
"Slc25a30",-1.38133998566539
"LOC102552920",-1.3813418101776
"Heatr4",-1.3813661130127
"Chsy3",-1.38150850426883
"Ddx1",-1.3815728663116
"Spata9",-1.38199845569246
"Rab8b",-1.38246063574233
"LOC102553825",-1.38253838930218
"Kcns3",-1.38309502277532
"RGD1564420",-1.38314942850726
"Mpp5",-1.38347143422206
"Tmeff1",-1.38474755817354
"Svopl",-1.38548759680938
"Resp18",-1.38578668227415
"Tmem59",-1.38640149451732
"Ncl",-1.38730918772613
"Phb",-1.38758729498208
"Anxa4",-1.38763430127994
"Immp2l",-1.38845682356853
"Cxcr2",-1.38861826311176
"Cadps",-1.3899037711469
"Nfil3",-1.38999618347508
"Il18rap",-1.38999974467634
"LOC102547219",-1.39030428928441
"Mrpl44",-1.39035906244701
"RGD1305938",-1.39037135992129
"Trpm7",-1.39120498351599
"Mkln1",-1.39135980812336
"Gal",-1.39152799220356
"Ppp1r7",-1.39168836382967
"Rbm47",-1.39187404016486
"Gpr6",-1.39224713456782
"Cox17",-1.39333829165888
"Rasef",-1.39375756262557
"Ssu72",-1.394557987307
"Ankib1",-1.39512743618069
"Slc35a1",-1.39533004356919
"Eif4g2",-1.3956208456383
"Ctsg",-1.39569824796674
"Hlcs",-1.39597771073055
"Madcam1",-1.39642484330759
"Pfn2",-1.39649422540712
"Dynlrb1",-1.39731461263902
"Scrg1",-1.39751175828269
"Large1",-1.397853246979
"Mrgprx3",-1.39817478386553
"Tbccd1",-1.39846046637347
"Synpo",-1.39858139957714
"LOC688778",-1.39979061325627
"Hdac9",-1.39981472694473
"Ern2",-1.40013548578357
"St18",-1.40035810323242
"Rnf11l1",-1.40130434973328
"Igsf9b",-1.40201598106431
"Hadh",-1.40241208188072
"Hsbp1",-1.40271206178844
"Abi1",-1.40275299653383
"Mrgpre",-1.40285276832953
"Zbtb6",-1.40310371287725
"Txndc15",-1.40342018395902
"Tm2d3",-1.4034407285109
"LOC100910714",-1.40349755728774
"Msc",-1.40390038981581
"Usp8",-1.40499864714745
"Ppih",-1.40626136968312
"Grm5",-1.40629596609371
"Sumf1",-1.40657386735808
"Trappc2l",-1.40658288480004
"Slco1b2",-1.40723935909809
"Apobec2",-1.40730402355846
"LOC108353410",-1.40735472354926
"B3gnt2",-1.40738315666826
"Zbtb11",-1.40755575091859
"LOC100911238",-1.40818395197039
"Cacnb4",-1.40837463681615
"Aftph",-1.40864092803002
"Piezo2",-1.40907948236402
"LOC100911034",-1.40908529012118
"Cables2",-1.40933715826997
"Ndufb5",-1.40945892587519
"Fnta",-1.40955628456436
"Jakmip1",-1.40988346957249
"Nat8f4",-1.41007031107298
"Rab11fip3",-1.41011945451871
"Lrch2",-1.41017903036946
"RGD1563870",-1.41028717236101
"Abhd17b",-1.41040479817268
"Coa5",-1.41042303809191
"Ndufa7",-1.41059791392167
"Mesdc1",-1.41083994653958
"Mvk",-1.41087972626129
"Faxc",-1.4110059637584
"LOC501033",-1.41110247694193
"LOC100909824",-1.4115200953339
"Rbm20",-1.41170451173708
"Gtf3c6",-1.41172740316045
"Adap1",-1.41237679121815
"Dscr3",-1.41298295220781
"Vps4b",-1.41369557794639
"Gtf3c3",-1.41383259251147
"Sbk1",-1.41399115996176
"Ube2s",-1.4142177624981
"Car10",-1.41456595853385
"Ralgapa1",-1.41461397820155
"RGD1562660",-1.41474951045467
"Parn",-1.41509379709414
"H2afj",-1.41513782484207
"LRRTM1",-1.41523140480145
"Ran",-1.41525917054974
"Alg14",-1.41559844779273
"Cadm3",-1.41587930950451
"Mcpt8l2",-1.41610189621038
"Spire1",-1.41651797763589
"Serp2",-1.41655010891628
"Dlst",-1.41665812106492
"Cops3",-1.41678272823093
"Nnmt",-1.41760013331532
"Pdk3",-1.41778290168046
"Unc119",-1.41779655752426
"LOC103692531",-1.41807718318507
"Lancl3",-1.41816206049352
"Tnks2",-1.41831051299943
"Gnl3l",-1.41865640380045
"LOC688126",-1.41883885611792
"Rab5a",-1.41892390267109
"Mrpl48",-1.41913563154309
"Pdcl3",-1.41970137374965
"Cldn23",-1.41988075565155
"Epha5",-1.42096591994161
"Vapb",-1.4220566970844
"Zfp35",-1.42283428539652
"Adgrg2",-1.42289144959959
"Tmem47",-1.42294826961514
"Nras",-1.42351933335924
"A1cf",-1.4240348838487
"Nrip2",-1.42408542374292
"Wbp4",-1.42445461612564
"Nbea",-1.4245234198525
"Ube2q2l",-1.42457342574386
"Tmem205",-1.4252088229978
"Tmem165",-1.42544723382351
"Bmt2",-1.42549883160545
"Coa4",-1.42562126392023
"LOC24906",-1.42590908239098
"Erich1",-1.42630950545121
"Pcdhgc3",-1.42635493142159
"LOC501266",-1.42645141000164
"Armc8",-1.42656597007329
"Pgbd2",-1.42682430874126
"Cct6b",-1.42690160721878
"Cdkn2a",-1.42879936044032
"Rasa2",-1.42886201476816
"Mrfap1",-1.42917007485409
"Dusp11",-1.43009233501486
"Cd2ap",-1.4308975146302
"Pnpo",-1.43095977567672
"Lor",-1.43101106705917
"LOC103694169",-1.43102613918789
"Cct4",-1.43113491252326
"Ush1g",-1.43149929526135
"Arl5a",-1.43166790661343
"Snrpn",-1.4319530727614
"Homer1",-1.43280320185411
"LOC108348486",-1.43292942596676
"Dnajc15",-1.4330437374508
"Trim67",-1.43321554297673
"RGD1305537",-1.43442545855062
"Cacnb2",-1.43468223568268
"Med29",-1.43526635587673
"Nkrf",-1.43661760157126
"Anxa7",-1.43679346323227
"RGD1559459",-1.43758228190055
"Mut",-1.43770788800019
"Cog6",-1.43771245257045
"Bloc1s2",-1.437922110362
"RGD1310110",-1.43816050058632
"Pex7",-1.43824691849881
"Ppp1r42",-1.43864854913348
"Ifitm6",-1.43956673644605
"Cyb5r4",-1.44097627899885
"Usp29",-1.44117204243262
"Pebp1",-1.4413626773895
"Rnf14",-1.44163898379535
"Smim8",-1.44180620560261
"Oprl1",-1.44223645380308
"Fam177a1",-1.44303170114053
"Tusc5",-1.44364796758946
"Egr3",-1.44409201096631
"Smap1",-1.44459060270231
"Nhp2l1",-1.44515294630941
"Tmem184b",-1.44589490942785
"Slc30a5",-1.4461421529025
"Cnep1r1",-1.44614626719905
"Myef2",-1.44617701799256
"LOC102556337",-1.4463956692234
"Ptpn2",-1.4473335957555
"Mab21l3",-1.44813607355659
"Slc37a3",-1.44893613385943
"Kcnb1",-1.44966062198444
"LOC108348081",-1.45023936855061
"Nit1",-1.45107505768626
"LOC102548633",-1.45141683467222
"Glud1",-1.45151660598982
"Ssx2ip",-1.45212966922851
"Terf2ip",-1.45341537491304
"Sp7",-1.45407452636162
"Dcaf5",-1.45417010328933
"Fam213b",-1.45418307809752
"Nanos1",-1.45448543234058
"Arrdc1",-1.45505821476593
"Tmem17",-1.45520166042214
"Tmem203",-1.45604798983488
"Ntm",-1.45633158093291
"Slc38a1",-1.45647620749794
"Tbcb",-1.45681954318586
"LOC100911510",-1.45709626440527
"Eml1",-1.45761976029827
"Hps5",-1.45767608520732
"Capn6",-1.45864529572727
"Sec61a2",-1.45908948337857
"Dnah5",-1.45939726264518
"Scd4",-1.45978140659395
"Snx2",-1.4605017992952
"Tbc1d1",-1.46053842456494
"Taf11",-1.46187708573138
"Ascc3",-1.46286170605885
"Fam234b",-1.46290763850836
"Ptger3",-1.46311942640353
"Sec24a",-1.46336135776584
"Cstb",-1.46394524513082
"Golga3",-1.46417758376573
"Coq3",-1.4643202258886
"Itch",-1.4643737217993
"LOC681300",-1.46489255205118
"Grm4",-1.46495073216201
"Gtf2e2",-1.46505333547425
"Arhgef9",-1.4660124583876
"Commd2",-1.46617838999122
"LOC100359498",-1.46653963102219
"Ciapin1",-1.46684606770049
"Sgk1",-1.46767380524429
"Trmt12",-1.46824535568976
"Cap1",-1.4682793564689
"Gpcpd1",-1.46859858455869
"Dhps",-1.4689639108066
"LOC100911408",-1.4696741022925
"Acox1",-1.46974079228266
"Pclo",-1.469911121998
"Tspyl1",-1.47099057644963
"Lvrn",-1.47109179142951
"Pnkd",-1.47178813400688
"Rnf168",-1.47211222198244
"Atp5a1",-1.4730994702607
"Trim7",-1.47320768927311
"Mtg1",-1.47327842766198
"LOC103690050",-1.4740425753426
"Taf12",-1.47510563508042
"Matr3",-1.47518430726319
"Megf10",-1.47603162925337
"Rem2",-1.47674023168317
"Mapk8ip1",-1.47701828337535
"Hic2",-1.4771407895639
"Tlr1",-1.47729155531854
"Mfap3l",-1.47775757070748
"Amz2",-1.47782682706609
"Limd2",-1.47805379283743
"Pygl",-1.47840264476717
"Ppp1r3c",-1.47841239602591
"Tmco1",-1.47887557035363
"Kctd7",-1.47891843108874
"LOC102547093",-1.47923036012522
"Snx13",-1.47936046349786
"Pnpt1",-1.47948630352493
"Pole3",-1.47964574393729
"Sephs2",-1.48029017037901
"Zfp385b",-1.48030313428549
"Igfbp2",-1.48031553955756
"Diras2",-1.48072490284257
"Snx25",-1.48127491349601
"LOC100912599",-1.48185408061989
"LOC679739",-1.48185408061989
"Med28",-1.48195521986755
"Kcnc4",-1.48245361568818
"Fam110b",-1.48288877456618
"Malsu1",-1.48290381218216
"Cd7",-1.48302560862283
"Rnf19a",-1.48329984701418
"Hif3a",-1.48434136361148
"Pld4",-1.48495585348273
"Cnih2",-1.48513900223316
"Snrpf",-1.48558738477781
"RGD1311345",-1.48593653477614
"Ndufa9",-1.48652804784372
"Mfsd14a",-1.48677539321496
"Spred2",-1.48687155351619
"Igbp1",-1.48715229108103
"Zfp707",-1.48716670033931
"RGD1563986",-1.48783206953363
"Nrsn1",-1.48788517825576
"Nars2",-1.48844931684018
"Sepw1",-1.48860166125426
"Ube2g1",-1.48994490891264
"Ehd1",-1.49031266193052
"Fam57b",-1.490445773411
"Faf1",-1.49045261048632
"Aadat",-1.49046182303903
"Cdkl5",-1.49129039149723
"Gnb4",-1.49227717977301
"LOC100911887",-1.49258955281908
"LOC102554605",-1.49267122851006
"Atxn10",-1.49313033810393
"LOC108348123",-1.49331394426924
"Pou4f1",-1.49367117675834
"Gstk1",-1.49381196797129
"Dlgap1",-1.49447416506176
"Syt12",-1.49452733773469
"Gsk3b",-1.49522525702602
"C2cd4a",-1.49553619874175
"Dock4",-1.49581382810103
"Ankrd46",-1.49598692860846
"Appl1",-1.49608170107365
"Zfp167",-1.49633006478671
"Fabp5",-1.49681213383052
"Neto2",-1.49721213925684
"Lta4h",-1.49771604018161
"Carnmt1",-1.49857676856759
"Pmvk",-1.49861728708274
"Cox6a1",-1.49862751515588
"Ache",-1.49873983112928
"Mrpl55",-1.49962149865913
"Cst12",-1.50110597248257
"Apba2",-1.5011702062539
"Gramd1b",-1.50237626062615
"Dmrtc1a",-1.50317028336445
"Klrg2",-1.50317811815845
"Vasp",-1.50324157550271
"Camk2a",-1.50356322892506
"Mc5r",-1.50365190750904
"Slmap",-1.50482846400542
"Klhl7",-1.50491662557578
"LOC100362572",-1.50496531866814
"Grifin",-1.50516244412811
"Atf2",-1.50592988098382
"Ccdc157",-1.50641508180556
"LOC102551819",-1.50761378807217
"Tnpo3",-1.50803463931316
"Slc25a25",-1.50813721319429
"15-Sep",-1.50842848249501
"Vegfa",-1.50879002387144
"Miga1",-1.50952827123456
"NEWGENE_1305560",-1.50974195538
"Sgcz",-1.51002940768026
"Ndufv3",-1.51083571129202
"Got1",-1.51192983449905
"Ids",-1.51213038293202
"Vps4a",-1.51320354893388
"Gtf2a1",-1.51380711614343
"RGD1563072",-1.5140877909091
"Mettl5",-1.51446983104521
"Dnajc18",-1.5152473956396
"Omp",-1.51532693858718
"Unc80",-1.51555304116435
"St8sia4",-1.51556974347515
"Bscl2",-1.51581969630637
"Ldah",-1.51626434575787
"B4galnt3",-1.51652900633691
"Amn1",-1.51744864782245
"Vps26a",-1.51866634457335
"Pdcl",-1.51890404585788
"Nt5dc3",-1.51970971010837
"Ppip5k1",-1.52001388901835
"Thumpd3",-1.5205276436215
"Fam91a1",-1.52073266215295
"Eif3h",-1.52093358487889
"Ifngr2",-1.52156918490478
"Edem3",-1.52229260716664
"P2ry13",-1.52232537008572
"Rims3",-1.52269240187754
"Prkaa1",-1.52279337321778
"Maf1",-1.52297995727204
"Manbal",-1.52366964621052
"Chchd3",-1.52475994309062
"Ghsr",-1.52477927771367
"Romo1",-1.52477978983785
"Tspan31",-1.52482659272209
"Pfkp",-1.52588909284196
"Dok6",-1.52653134769952
"Stx3",-1.52703987067287
"Mcub",-1.52761168836976
"Pi15",-1.52767257554089
"Phax",-1.52819146080797
"Rbm18",-1.52877904933794
"Wdr55",-1.52903996718291
"Osgep",-1.52971883452701
"Tmsb10",-1.53082545103537
"Pglyrp1",-1.53129164283318
"Hint1",-1.53153722126845
"Prlr",-1.53187933685197
"Zdhhc22",-1.53255406071592
"Cntnap2",-1.53259513464622
"Ap2a2",-1.53289015822651
"Msrb1",-1.53298739913142
"Ptpn4",-1.53315275985885
"Aldh1a1",-1.53331399871163
"Tmem38a",-1.53343459734698
"Pdia3",-1.53374285012371
"Rnf223",-1.53484156926583
"Trove2",-1.5349454522834
"Gucy1a2",-1.53587294297841
"Lrrc4",-1.53589655353101
"Cbr4",-1.53617990508131
"RGD1564053",-1.53646943720403
"Igf1",-1.53694859112373
"LOC108348229",-1.53741090024881
"Rpl36al",-1.53774936448574
"Psmb4",-1.53798092537118
"Slc35b4",-1.53798989756105
"Ttc34",-1.53820504629783
"LOC100910807",-1.53860073116254
"Nat8l",-1.53945740600874
"Ppp3cb",-1.53972871241982
"Tbc1d32",-1.54007527943725
"Socs4",-1.54050789952678
"Arpc3",-1.54058161339356
"Zkscan1",-1.54062074610089
"Fam213a",-1.54187051916059
"Scd2",-1.54313978093384
"Pds5b",-1.54395334428737
"LOC102554194",-1.54408750159353
"Perp",-1.54448697382731
"RGD1564574",-1.54488196936793
"Phkb",-1.54532301886454
"Lysmd3",-1.54554690950836
"11-Sep",-1.54595605748464
"Sbf1",-1.54877052974041
"Cand1",-1.5494469729914
"Tmem178b",-1.54963279112395
"Fastkd2",-1.54969308891211
"Magt1",-1.55007722316773
"Tmed8",-1.55094881186419
"Zfp952",-1.55111417642709
"Catsper2",-1.55186471665113
"Bag4",-1.55195338734174
"Hist3h2ba",-1.55290927973649
"Psmd7",-1.55327002890626
"Cox11",-1.55337318036723
"RGD1306063",-1.55480085067188
"Mtch2",-1.55499500088377
"Ice1",-1.55543632160958
"Prkcb",-1.55639913554641
"Fam217b",-1.55648693419539
"LOC108351053",-1.55669594969041
"Sntg1",-1.55721825657662
"Zdhhc12",-1.55771178115532
"Dars",-1.55878868303328
"Exoc3",-1.55885763435293
"Tmem181",-1.55964426820427
"Pde4dip",-1.55983492004838
"Coa3",-1.56196504795058
"Fgf12",-1.56213164176545
"Nell1",-1.56346113153419
"Eif2b5",-1.56378346594159
"Gdap2",-1.56417265581499
"Nudcd1",-1.56454621171412
"Minos1",-1.56483972839957
"Sat1",-1.56542312940063
"Cckar",-1.56563309516405
"Zfp706",-1.56588489390479
"Lgi2",-1.56589899351917
"Thap2",-1.56666143627804
"Pde12",-1.5669550491575
"Nars",-1.56728286365412
"Phyhip",-1.56849270502633
"Gfm2",-1.56851207982756
"Dpp6",-1.56910700321313
"Zfp637",-1.56921766042359
"Rsrc1",-1.57090069779761
"Nedd4l",-1.57126841900145
"Tbp",-1.57180418713939
"Vps39",-1.57223066369545
"Gpx4",-1.57225913946712
"Nrxn1",-1.57275455070469
"Ppp2r2d",-1.57317685208501
"Cdk5",-1.57398586820939
"Epb41l3",-1.57490330289067
"Lhfpl4",-1.57509633799149
"Ywhae",-1.57511366175215
"Atp5j2",-1.57539912570577
"Rxfp1",-1.57562387208855
"Hypk",-1.57662403628703
"Lingo4",-1.57700573842131
"Coq9",-1.57719612782555
"B4galt6",-1.57752908314166
"Ccr5",-1.57762015398344
"Klhdc1",-1.57793093908917
"Pm20d2",-1.57919514065655
"Tnr",-1.57947092399353
"Spock2",-1.57982365024309
"Fam155a",-1.58033945507902
"Pank3",-1.58137802081117
"Pigm",-1.58146165696836
"Irf6",-1.58276632261199
"Atp5j",-1.58349174769176
"Dhx40",-1.58405871488932
"Rnf5",-1.58459292485606
"Ears2",-1.58624665305459
"Samd8",-1.5869956394875
"Zkscan4",-1.58705394332678
"Clip1",-1.58775544483747
"Map2k1",-1.58781398277859
"Fra10ac1",-1.58781556637107
"LOC103694210",-1.58825672699372
"Add2",-1.58826233985845
"Cog4",-1.58834236402256
"Nifk",-1.5890408405062
"Oxsr1",-1.58947773290613
"LOC500331",-1.58982019451829
"Naa38",-1.59011056902116
"RGD1563861",-1.5905056281286
"Ssh2",-1.59089792797061
"Etl4",-1.59111428683938
"Ahcyl2",-1.59192302775559
"Cerk",-1.59215846791644
"Zfp772",-1.59241101909017
"LOC103689992",-1.59261010658103
"Rps9",-1.59261010658103
"Psma6",-1.59306513015008
"Acadvl",-1.59341644760194
"Slc39a9",-1.59346601842931
"Tmem117",-1.59378713376388
"Pi4k2b",-1.59388623067396
"Actr3",-1.59415975744787
"Tomm20",-1.59431960222954
"RGD1565641",-1.59450753098884
"Stx7",-1.59482456179816
"Ggt5",-1.59494600588771
"Dpm1",-1.59512463615716
"Ccdc85a",-1.59565337157827
"Lgalsl",-1.59610660624225
"Stip1",-1.59725096246903
"Zfand2a",-1.59857983934383
"LOC100910054",-1.59902671598828
"Tnni3k",-1.59921327785116
"Ikzf5",-1.59926077968552
"Lrrc75b",-1.60018204651136
"Idnk",-1.60129124133462
"Rps10l1",-1.6014178064258
"Hrh2",-1.60149412204517
"Ttc9c",-1.60155922533694
"LOC100910528",-1.60248406036222
"Dnajb6",-1.60268060611942
"Hoxa9",-1.60361444241223
"Stam2",-1.6036198908465
"Ggh",-1.6048370042744
"Spata2",-1.60552339950711
"LOC103689966",-1.60573613030813
"Exo5",-1.60590784146631
"Serpinb9",-1.60604521692564
"Kcnj3",-1.60646338250041
"Enox2",-1.60740871162569
"Ccdc136",-1.60949213960853
"Erlec1",-1.60956232963743
"Zfp40",-1.60957320563826
"Nup58",-1.60980187907381
"Rnf144b",-1.6111940591546
"LOC100911672",-1.61145044967627
"Gfpt1",-1.61147613527963
"Mgme1",-1.61158110703082
"Dlat",-1.61159550962014
"Kcnt2",-1.61206359982919
"Ube2q1",-1.61214615989925
"Usp47",-1.61263832556018
"Map1lc3a",-1.6133204683694
"Pln",-1.61335044469294
"Cfi",-1.61431179548115
"Papola",-1.61432701121652
"Klhl24",-1.61467282014324
"Afmid",-1.61654083638573
"Soga3",-1.61703017066195
"Gpn3",-1.61704770267192
"Abhd2",-1.61791984536531
"Cldn3",-1.61828739570061
"Sar1b",-1.61835519172726
"Alg10",-1.61844086750647
"Nol3",-1.61923478822399
"Tmem208",-1.61976435058087
"Suco",-1.6200188810372
"LOC100911548",-1.62053810269183
"Serinc1",-1.62058988083739
"Cast",-1.62073431996066
"Ctsd",-1.62088447353957
"Tmem25",-1.62097243324165
"Rnf149",-1.6214222216531
"Eea1",-1.62197445733554
"Pex11b",-1.62200970250668
"F2rl3",-1.62244485431511
"LOC103693389",-1.62336603607457
"Mcee",-1.62385787262307
"Tnpo1",-1.62405314106406
"LOC102549500",-1.62514585291338
"Arpp21",-1.62543930112111
"Snx3",-1.62676624670917
"Emb",-1.62703062423445
"Vezt",-1.62812093165494
"Pcyox1",-1.62870127939501
"Osbpl3",-1.62940427803068
"Rpp14",-1.62967901032871
"Mrpl20",-1.6296906295679
"Fam174a",-1.62973598322887
"Slc4a7",-1.62988821055458
"Zbtb16",-1.63047087312017
"Slc25a2",-1.63079101999829
"Ndufv2",-1.63085988762132
"Nudt15",-1.63112232765191
"Ppp2r2b",-1.63179617235694
"Gas2",-1.63194931507938
"Nectin4",-1.63212891737485
"Sptlc3",-1.63399365538463
"Zfp583",-1.63420759802882
"Mrpl33",-1.63444314579592
"Gapvd1",-1.63449057728484
"Arel1",-1.63705142434747
"Serpinb6b",-1.63728139450863
"Cmbl",-1.63852666939004
"Mapk9",-1.63862857391489
"Lrp1b",-1.63916323727377
"Mpzl3",-1.63917143429288
"Ncan",-1.64099167642575
"Iglon5",-1.64218038112644
"Cdkn2b",-1.64241330652308
"Atp6ap1",-1.64356057098577
"Arpc5",-1.64360327750935
"Thsd7a",-1.64369181936037
"Tgs1",-1.64385605927364
"Tceal9",-1.6441806065068
"Pigk",-1.64428736528058
"Eid1",-1.64476351376247
"B3gat2",-1.64567864683665
"Eif4b",-1.64615830308413
"LOC100911751",-1.64671336941566
"Rprm",-1.64756457490641
"Lamtor2",-1.64795008071166
"Adgrb3",-1.64830721603963
"ST7",-1.64831112879567
"Vma21",-1.64835963712526
"Sec13",-1.64956099927213
"Csmd1",-1.64957658919963
"Krt8",-1.65022748657923
"Tank",-1.65026275683792
"Becn1",-1.65040169733304
"Psmb1",-1.65180917195881
"RGD1563441",-1.65211712814142
"LOC100911730",-1.65228812203227
"Pole4",-1.65285017424431
"Rapgef5",-1.6534743832961
"Cd99l2",-1.65532356883856
"Tmem186",-1.65547899015539
"Ism2",-1.65592667806635
"6-Sep",-1.65640937677946
"Umps",-1.6573087861507
"Atp5l",-1.65789188014503
"Chml",-1.66019937293711
"Slc25a18",-1.66082901630388
"Cdhr1",-1.66136602274227
"Calml4",-1.66139217560304
"Ndufb3",-1.66198633209893
"Abce1",-1.66209081134902
"Tmem183a",-1.66246722695269
"Cd24",-1.66326084174182
"Sugct",-1.66381246854645
"Dram2",-1.66395949160592
"Id3",-1.66534990704539
"Psmg2",-1.66562547060783
"LOC103690393",-1.66676789856021
"Arl6",-1.66739387868381
"Cep19",-1.66742672705776
"Clgn",-1.66783875640073
"Clint1",-1.66796090015734
"Timm17al1",-1.669441812547
"Hs6st3",-1.66982163063309
"Slc25a32",-1.67004895417906
"Snx6",-1.6704262377291
"Adss",-1.67044407463389
"Fam104b",-1.67137510425748
"Acsl3",-1.67193321606724
"RT1-Db2",-1.67216589900879
"Ccdc71l",-1.67216787056558
"Scrn3",-1.67217319146053
"Hgf",-1.67258973328078
"Utp15",-1.6737247645977
"Rdh13",-1.67375662550213
"Polr2f",-1.67440303669103
"Serpini1",-1.67493221503951
"Lamtor4",-1.67537957993969
"Gpr158",-1.67543829490832
"Rps6kb1",-1.67665653385692
"Atp5g1",-1.67674402866104
"Sync",-1.67838393821694
"Acads",-1.67884140104711
"Spcs1",-1.67927771095905
"Brox",-1.67948556107454
"Mapre2",-1.67955248609509
"RGD1565784",-1.67971455095913
"Usmg5",-1.68003455786712
"Scamp5",-1.68116163768272
"Trpc1",-1.68132137014304
"Rhot1",-1.68138364010233
"Lbhd1",-1.68184768597856
"Eml2",-1.68250924149585
"Thsd4",-1.68268405175676
"St6gal2",-1.68463629912608
"Cox14",-1.68480463202125
"Lonrf2",-1.6849270092596
"Txnl4b",-1.68515405828205
"LOC499331",-1.68532578513965
"Leng9",-1.68547235514962
"Cbx5",-1.68701642781869
"Zfp207",-1.68702991093673
"Vimp",-1.68865738422752
"LOC108348072",-1.6894332682466
"Rnf145",-1.69084765825947
"LOC100911776",-1.69124678248238
"Arg2",-1.69131469169021
"Col9a2",-1.69131527044864
"Arhgap12",-1.69136258452222
"Chst11",-1.69152172203473
"Ndufab1",-1.69189342385881
"Wif1",-1.69236047211814
"Rabgap1l",-1.69321630042212
"LOC500007",-1.69333331911865
"Rab27b",-1.69385679322031
"Rab33a",-1.69430127013765
"Ccndbp1",-1.69453625970912
"Sdhaf3",-1.69571721575884
"Tmsb4x",-1.6957550165762
"Tuba1a",-1.69686708281684
"Itgb1bp1",-1.69722481238774
"Avil",-1.69730809206158
"Ndufaf4",-1.69733077117089
"Slc25a20",-1.69763661640758
"Kidins220",-1.69922538425562
"Kif21a",-1.69931066322626
"Tmx3",-1.70053367663091
"Fbxo8",-1.70053750149273
"Ap1g1",-1.70081089149426
"Rbx1",-1.70130997953999
"Rabgef1",-1.70151758324692
"RGD1305587",-1.70188228663613
"Mrpl18",-1.70192727392844
"Kbtbd8",-1.70197067201536
"Syap1",-1.7021616844093
"Trim9",-1.70262142749475
"Tctex1d2",-1.70273837446629
"Mcts1",-1.70335441029244
"Wwox",-1.7034487248944
"Htr1b",-1.70603979226602
"LOC102549542",-1.70660727413213
"Fam122b",-1.70675937311273
"Slc35f2",-1.7072030459888
"Wls",-1.70725704454876
"Prkar1a",-1.70731948632705
"Micu2",-1.70734857467622
"Lman2l",-1.70741530744918
"Golga7",-1.70882049683542
"Mrpl43",-1.70903448413151
"Rpp30",-1.70934014536387
"Spink4",-1.70981002259163
"Cadm1",-1.7098564761739
"Naa15",-1.70991745738507
"Atp10b",-1.7099827817198
"Colgalt2",-1.71018073162821
"Gpr3",-1.71049479085999
"Slc5a11",-1.71079320082838
"Trmt10c",-1.71101404499617
"Cplx1",-1.71271431402825
"Klhl38",-1.71306244851023
"Thsd7b",-1.71343404537014
"Depdc5",-1.71345320698203
"Ms4a2",-1.71348812093233
"Lzts3",-1.71369507353989
"Ren",-1.71494890189082
"Atp11a",-1.71615221287012
"Cx3cr1",-1.71617784522307
"LOC680933",-1.71622635299968
"Vat1l",-1.71782809458759
"Brinp2",-1.717861251994
"Erc2",-1.71813119972682
"LOC100362333",-1.71840730535753
"Krt28",-1.71863454486574
"Fam103a1",-1.71873194358488
"Dll4",-1.71891177609742
"Ggnbp2",-1.71909103813211
"Eif3i",-1.71932008005016
"Cd83",-1.71956377573321
"Klf9",-1.71998789711615
"LOC681266",-1.7200852939323
"Dgkh",-1.72025105818823
"Srp54a",-1.72056988439471
"Mrpl3",-1.72225869333415
"Pfdn5",-1.72270330771101
"Dynll1",-1.72307201236478
"LOC103690074",-1.72454025926008
"Slc17a8",-1.72537708211062
"Tsen34l1",-1.7262040944064
"Arl15",-1.72679998059474
"Clec2l",-1.72744929044383
"RGD1305713",-1.72853523884651
"Mycl",-1.73059846046412
"Atp8a2",-1.73092613199994
"Folh1",-1.73230113884006
"RGD1563349",-1.73289808148833
"Abcg2",-1.73318377358687
"Nyap1",-1.7332102404537
"Nlrc4",-1.73360844608587
"Ddx5",-1.73364377946513
"Fyb",-1.73387326423182
"RGD1306502",-1.73447708387816
"Polr2d",-1.73479020590385
"Pacsin1",-1.73556172134419
"Mgst3",-1.73584298126903
"Cd74",-1.73641260373175
"LOC100912052",-1.73664735676597
"Pde6d",-1.738054376341
"Paip1",-1.73829286516443
"Vps35",-1.73898345631811
"Gpr139",-1.74029352850702
"Pdhx",-1.74051241154723
"Ece2",-1.7409138183385
"Nfe2l1",-1.74101366994265
"RGD1562987",-1.74211811857301
"Orai3",-1.74243361298294
"Schip1",-1.74276961812648
"LOC102546809",-1.74346849497346
"Tdrd1",-1.74362811387941
"Ctxn3",-1.74435251367459
"Htr3a",-1.74445165845022
"Efna3",-1.74495962564959
"Slc40a1",-1.74514163853844
"Ppia",-1.74566183466495
"Bex3",-1.74599177575588
"Ccni",-1.74634994102389
"Gfod2",-1.74745382813653
"Mmachc",-1.74770526619463
"Psmb7",-1.7484484587675
"Crnkl1",-1.74857529542312
"LOC100911575",-1.74927966324109
"Klhl33",-1.7503415803428
"Tmem106b",-1.75041960408472
"Exosc9",-1.75055031243713
"Lcmt2",-1.75070615935445
"Ythdf3",-1.75080724568536
"Polr2b",-1.75085893686899
"Prkci",-1.75109138848954
"RGD1308430",-1.75135064308329
"Gja10",-1.7529147021603
"RGD1308706",-1.75417545810738
"Selv",-1.75427459441603
"Yod1",-1.75434054809544
"Hbs1l",-1.75451666988842
"Prkg1",-1.75540260485546
"Gpsm2",-1.75875290098861
"Snapin",-1.7589770201256
"Arxes2",-1.75979789247385
"Chchd4",-1.76002186159384
"Akap7",-1.76035229600297
"Ube2q2",-1.76053085336726
"Atp5g3",-1.76141306499309
"Tagln2",-1.76205694550205
"Htr4",-1.7627519715185
"Nrn1l",-1.76313890699574
"Ttc33",-1.76370073203245
"Apba1",-1.7644196391707
"Heyl",-1.76478370261294
"Prosc",-1.76591937805283
"Ksr2",-1.76716698051515
"Ddhd2",-1.7672582456575
"Rpl10a",-1.76758847567235
"Dcun1d1",-1.76762929512768
"Cables1",-1.76791037055493
"Birc2",-1.76792676724896
"Cops9",-1.7692971614596
"Actl10",-1.76955091185498
"Apbb3",-1.76979386038698
"Lmbr1",-1.7702904796347
"Gpr137c",-1.7707722179803
"Phf14",-1.77116228921009
"Ech1",-1.77155686646598
"Dpysl4",-1.77160028036168
"Rcan2",-1.7716114365607
"Galnt18",-1.77175677938637
"Rc3h1",-1.77176709033531
"Ivns1abp",-1.7718367765138
"Gmnn",-1.7723992871719
"Sec14l1",-1.77345403992046
"Rnmt",-1.7750781302528
"Plekha2",-1.77571453779466
"Tmem229a",-1.77571696525833
"11-Mar",-1.7781008421659
"Sepp1",-1.77913057795125
"Tcaf1",-1.78093817669947
"Nwd2",-1.78162744726564
"LOC108348155",-1.78194764895523
"Prickle2",-1.78306820321214
"Polr2g",-1.78357328450254
"Ntan1",-1.78406408082676
"RGD1311517",-1.78499242110058
"Mid2",-1.7865628892639
"Atp5o",-1.7867059669369
"Fbxl4",-1.7870094509601
"Gemin6",-1.78720647532177
"Wbp1",-1.78800557903088
"Hmbox1",-1.78920422775037
"Eif2s3y",-1.78922690474133
"Chmp3",-1.78955971657566
"Emc4",-1.79066796956413
"Ptrhd1",-1.79123970483091
"Capn2",-1.79192340543037
"Slc35e3",-1.79212135767139
"Stam",-1.79342605448175
"Ccnc",-1.79438781610824
"Penk",-1.79471054982922
"Hsd17b12",-1.79484861621129
"Usp33",-1.79588370269477
"Pik3c2a",-1.79732319543272
"Ndufa2",-1.79774716345403
"Ube2w",-1.79838091786559
"Cntn4",-1.79903770032835
"Igdcc4",-1.7990741057555
"Tmem218",-1.79978199041441
"Med11",-1.79984100679302
"Spsb4",-1.80075193604545
"Adcy8",-1.80082580061112
"Klf15",-1.80236857531337
"Cdk14",-1.80239873257554
"Kcnq3",-1.80241276477031
"Cln5",-1.80245773239441
"Wdr7",-1.80341456478932
"RGD1560212",-1.80382774008637
"Ssr3",-1.80384231907086
"Atp6ap2",-1.80570074201196
"Dgkb",-1.80600648330815
"Sox5",-1.80640510778758
"Ankdd1b",-1.80659399020202
"Pcp4",-1.80666025626661
"Itfg1",-1.80668603006252
"Cpt1a",-1.80732837466699
"Esd",-1.80753877332734
"Flvcr1",-1.80757087411607
"Tpd52l2",-1.80957807508693
"Ntng1",-1.80969949032349
"Cish",-1.81018950063009
"Slc25a26",-1.8102048786876
"Rgs17",-1.81051107380892
"Cox6c",-1.81074252798293
"Nek11",-1.81154670682438
"Trim16",-1.81253853301957
"Dync1li1",-1.81282219295002
"Yeats4",-1.8146491077953
"Tmem168",-1.81465030956873
"Smdt1",-1.81526531015002
"Ppp2r2c",-1.81585035916421
"Fundc2",-1.81601920900913
"Kcnd3",-1.81607345356753
"Pikfyve",-1.81628711406624
"Rbm45",-1.81759139799333
"Otud6b",-1.81763014204346
"Daam2",-1.81763180247332
"Poglut1",-1.81786613356067
"Sema7a",-1.81799601917276
"Tm2d1",-1.81923466749314
"Ptprr",-1.81994466378255
"Nog",-1.82091873569011
"Hnrnpr",-1.82092268218355
"LOC102552000",-1.82117352103461
"Ireb2",-1.82188955436818
"Ap4e1",-1.82206120332586
"Slc24a2",-1.82219621956021
"Pcdh8",-1.82381213816455
"LOC102554034",-1.82419159822135
"Fam114a1l1",-1.82504928243047
"Syngr3",-1.8271523917028
"Psmd14",-1.82737153639062
"Cfl2",-1.82752751845374
"Slc9a6",-1.82784457310136
"Cs",-1.82819871442732
"Mettl15",-1.82838988748774
"LOC103693583",-1.82873662701143
"Ckmt2",-1.82920651889923
"Golph3",-1.8292934454514
"Med10",-1.82954562028412
"Ldlr",-1.83149034346873
"Ddit4l",-1.83201143079752
"Psph",-1.83260374659616
"Ttc37",-1.83261421205074
"Gria1",-1.83385358614049
"Ptges3",-1.83391343536223
"Dcx",-1.83399937074405
"Timm17a",-1.83427709789674
"Ube3d",-1.83510649644581
"RGD1566320",-1.83530319295535
"Pcsk1",-1.83617500846463
"Aldh1l1",-1.83631003386177
"Zdhhc17",-1.83634915113999
"Acot9",-1.8364033636765
"Atp6v1g1",-1.83653010331311
"Elovl7",-1.83672592278798
"LOC654482",-1.8368648767864
"Ipo11",-1.83687085735546
"Nap1l1",-1.83706478484965
"Dctn4",-1.8383618120556
"Slitrk2",-1.83937300244333
"Copg2",-1.8395983762941
"Uqcrb",-1.8402220090293
"RGD1562229",-1.8409580531754
"LOC100360828",-1.84099490164597
"Exoc8",-1.84211564150546
"C1galt1",-1.84238290221081
"Fgfr2",-1.84282147164325
"LOC108350662",-1.84308178725815
"Clasp2",-1.84343492927107
"LOC619574",-1.84346438724178
"Sh3bgrl3",-1.8442038655787
"Enpp2",-1.84505312370955
"Ubr3",-1.84533013405226
"RGD1566265",-1.84560995380204
"Cisd1",-1.84622455528565
"LOC688869",-1.84780268686066
"Mapk1",-1.84800845866813
"Kcnk18",-1.84919928492332
"Mphosph8",-1.84940965142347
"Sncg",-1.84960447086441
"Mstn",-1.84990485535013
"Tbc1d9",-1.84992422051319
"Cox7b",-1.85025721173524
"Slc15a2",-1.85051535373288
"Timm8b",-1.85060021589471
"Grpel2",-1.85076517559882
"LOC108351600",-1.851006151142
"Selm",-1.85132155180899
"Ndufa1",-1.85164539510709
"Arfgef3",-1.85186952147136
"Ralgps2",-1.85206733702385
"Parp4",-1.8525126302515
"Scn1b",-1.85256537657049
"Mpp7",-1.85283701605243
"Gcat",-1.85334004697827
"Pptc7",-1.85390747892068
"LOC685152",-1.85446304819019
"RGD1310352",-1.85678897396001
"Paip2b",-1.85680795245492
"Ahsa1",-1.85745454934823
"Atp5s",-1.85760085540607
"Akap12",-1.85827616225931
"Nmrk1",-1.85867247377112
"Cdh8",-1.85921511559942
"Tmem126b",-1.85996555102051
"Tbc1d19",-1.86112841499492
"Otc",-1.86141424953313
"Zfp251",-1.86213864502382
"Pex13",-1.86265500857681
"Narf",-1.86303750597187
"Wdr45b",-1.86389536945772
"Ap2s1",-1.86516294650539
"Tmem50a",-1.86534196795996
"Tcp11l1",-1.86542420819089
"C1qtnf2",-1.8654582015975
"Hist1h1a",-1.86595169895296
"Zdhhc13",-1.86711513888594
"Myo5a",-1.86725152584842
"Idh1",-1.86767040868256
"Trpa1",-1.86770536855908
"Mpeg1",-1.86791791353932
"Gpd2",-1.86822112996526
"Rpl3",-1.86824771461871
"RGD1307461",-1.86927308558638
"Akirin1",-1.86990981088835
"Aifm1",-1.87014548046601
"Ssna1",-1.8706019240724
"Bod1",-1.8708409496836
"Zscan18",-1.87151061036256
"Ubxn7",-1.87210637543737
"Chrnb2",-1.8740783132534
"Gng2",-1.87447259076278
"Dhx15",-1.87475746735778
"Kcnh5",-1.87503692527322
"Dcbld1",-1.87573593944362
"Rgs6",-1.87605318470154
"Slc37a2",-1.87624521475325
"Gpr63",-1.87666302627099
"LOC500300",-1.87671086026364
"Tyro3",-1.87671473339302
"Actr2",-1.8784513564344
"Synj1",-1.87863208497494
"Mlx",-1.8787856763843
"Ndufa5",-1.87890638021827
"Fastkd5",-1.87935070291635
"Dleu7",-1.88148802516365
"Churc1",-1.88157195672038
"LOC100359421",-1.88184717416944
"RGD1307100",-1.88201398342116
"Eif2s1",-1.88260495922712
"Esrrg",-1.88300713417066
"Chchd2",-1.88469482502328
"Clcn3",-1.88475292725508
"Rph3a",-1.88492974392926
"Tmem8a",-1.88537695058015
"Taf1",-1.88581538854739
"Cdh12",-1.88622265081385
"Fez1",-1.88648651891312
"Sv2c",-1.88776643481129
"RGD1305178",-1.88784713028667
"Zfp516",-1.88809877029054
"Cxcl13",-1.8885825725625
"Atp6v0e2",-1.888674157991
"Oaz1",-1.89030333462791
"Scfd2",-1.89030589655143
"LOC103694908",-1.89046519795376
"Actr6",-1.89056943363928
"Gnpat",-1.89062121127127
"Onecut1",-1.89077268813106
"Clcn5",-1.89394951760054
"Gatb",-1.89400690291366
"Vamp7",-1.89523813295357
"Lrrc55",-1.89593208211396
"Crybb1",-1.89599771535112
"Uqcrh",-1.89704726708838
"Ifi27",-1.89732481932
"Timp4",-1.89793329275564
"Rab21",-1.89811604770109
"RGD1307443",-1.89867462224155
"Acpp",-1.8990080948502
"Akap10",-1.89913509509059
"RGD1562136",-1.90007238924685
"Atox1",-1.90078381077197
"Hydin",-1.90135818096265
"Psmb2",-1.90177211543595
"Stradb",-1.90219831893326
"Lifr",-1.90227038248149
"Gnaq",-1.90252122465581
"RGD1305110",-1.90261017761765
"Tlr7",-1.90427557625926
"Chst9",-1.90441076738129
"Rnf146",-1.90465225309813
"Dclk1",-1.90551869899643
"Dzank1",-1.90580698666358
"Ina",-1.90610063123379
"Nup35",-1.90765609847019
"Ubl5",-1.90820707787503
"Fan1",-1.90850093456119
"Oat",-1.90924525050986
"Arl8b",-1.91020275402183
"Tubb4b",-1.91022036899458
"Trhr",-1.91032476289197
"Cdk7",-1.91111307145632
"Faim",-1.91146197865035
"Bbs10",-1.91212386751195
"Chmp4bl1",-1.91226383028622
"Gabra3",-1.91356906758927
"Peg3",-1.9137332533261
"Ephb1",-1.91608009133686
"Pign",-1.91716833688226
"Zfhx4",-1.91744723541028
"Park2",-1.91766639071887
"Chst2",-1.91809540535103
"Ube2b",-1.91956287008435
"Hoxb8",-1.91959300365083
"Asah2",-1.92000698090942
"RGD1307704",-1.92020454987187
"Zbtb4",-1.92052148551018
"Xylt2",-1.92069364864257
"Sntb1",-1.9215937145548
"Ociad1",-1.92323150674343
"Tex9",-1.92332872801406
"Aff2",-1.92333540725163
"Chn2",-1.9234377389609
"LOC314407",-1.92356754563109
"Cdkl1",-1.92388092692657
"Pcdhga8",-1.92449671984375
"Cntn6",-1.92719093364349
"Psmd10",-1.9277050081231
"Ly86",-1.92845393113481
"Aif1",-1.92904388659559
"Tmem128",-1.93031399503779
"Smim3",-1.93060183700334
"Fam63b",-1.93351560746279
"Gls",-1.93403021594253
"Lrrtm2",-1.93442313723699
"Moap1",-1.93445885462867
"Lurap1l",-1.93480550368686
"Tmprss5",-1.93585729863611
"Kif1bp",-1.93615126173213
"Arg1",-1.93628826856316
"LOC100365259",-1.93731156223402
"Tmem63c",-1.9373597531369
"Plgrkt",-1.93821164693421
"LOC100911825",-1.93889702233032
"Jak1",-1.94092879778225
"Pcsk2",-1.94152801845278
"LOC103694910",-1.94239400790793
"Rnd1",-1.94331584203859
"Hs6st1",-1.94418112229916
"Tspan8",-1.94427377950742
"Snrpd1",-1.94451996892318
"Setd7",-1.94538965444278
"Ttc39b",-1.94547796856547
"Rab5al1",-1.94564536644726
"LOC691807",-1.94624057279527
"Ndufb2",-1.94629777629111
"Hyal3",-1.94630061212912
"LOC691931",-1.94634808205394
"Atp6v1e1",-1.94756946524929
"Mrps33",-1.94880718627505
"Cym",-1.94946519782442
"Tbca",-1.94961099350992
"Cinp",-1.95006495996075
"Usp9x",-1.95147210113811
"Kcnd2",-1.95181439509277
"Ttll7",-1.95186345480757
"Panx2",-1.95295081982466
"Actr3b",-1.95320349771688
"RT1-Bb",-1.95353957579747
"Gcsh",-1.95385221652262
"Dcun1d4",-1.95447717770706
"LOC102550588",-1.95452443020304
"Chst3",-1.95452585855764
"Tifab",-1.9551876553585
"Dpy30",-1.95702646280106
"Epha7",-1.95764947131112
"RGD1309676",-1.95849843459553
"Myo9a",-1.95954408590083
"RT1-DOa",-1.96042343497187
"Memo1",-1.9612866358433
"Ndn",-1.96611382106963
"Zfp46",-1.96706647983278
"Tmem33",-1.96853473314145
"Kpna5",-1.96976145576649
"Cntnap5c",-1.97000004740746
"Lmbrd1",-1.97041633828216
"Snrpg",-1.97142463799578
"Stard3nl",-1.97205608223236
"Myo10",-1.97223267592674
"Pdp1",-1.97256975744706
"LOC103692128",-1.97453205292847
"Tbpl1",-1.9745413282634
"Tril",-1.97479510834695
"Nat8f3",-1.97513725879465
"LOC100911951",-1.97520864046818
"Ergic2",-1.9763149730744
"Ago3",-1.97675566597132
"Tomm22",-1.97678672887114
"Tubb3",-1.9768950108935
"Cartpt",-1.97701747171844
"Nim1k",-1.97778108319228
"Atf6",-1.9780175767776
"Tatdn1",-1.97832168799781
"Gemin7l1",-1.97839295875444
"Ube2k",-1.97867202798657
"Cnr1",-1.97953479973691
"Fam126b",-1.97959595053427
"Pcp4l1",-1.97997022244713
"Commd6",-1.98049400648423
"Mmp24",-1.98135127426831
"Trmt61a",-1.9818706376953
"Gdpd1",-1.98203944567903
"Lztfl1",-1.98211255235202
"Zrsr1",-1.98216583957475
"Dtd1",-1.98235776175499
"Wdr41",-1.98283293543804
"Isl1",-1.98305917126108
"Mrps16",-1.98369618272213
"Triqk",-1.98395374970634
"Armc1",-1.98477024113997
"Tceal8",-1.98538441080595
"LOC108350133",-1.98610729484315
"Pgm3",-1.98614402477296
"Tmc4",-1.98677577950161
"Cutc",-1.98684022827176
"Med31",-1.98832657927151
"Sbds",-1.98964445112361
"Mis12",-1.98990518175304
"Hs3st5",-1.99006605856313
"Kpna1",-1.99024642458574
"Usp15",-1.99306627932927
"Mtpn",-1.99372366995064
"Lmbrd2",-1.99527884377472
"Bbs7",-1.99574548483249
"Tmem231",-1.99667979665898
"Dcaf6",-1.99668902697102
"Pla2g4e",-1.99671027991118
"Chmp5",-1.99677768411161
"Clybl",-1.99724952460934
"Arpp19",-1.99868191774069
"Aasdhppt",-1.99894735053391
"Plekhd1",-1.99932888786949
"Sox6",-1.99956370037098
"Ndrg4",-1.99994986526266
"Ostc",-2.00024251575806
"Vdac3",-2.00096504222065
"Kcnj12",-2.00107600638914
"Trpm2",-2.0011341348072
"Cox5a",-2.00221472884217
"Psma2",-2.00278360041061
"Prkaa2",-2.00367820608891
"Ppt1",-2.00393539793493
"Ccdc127",-2.00539556495875
"Ncam2",-2.0055868591627
"Prkg2",-2.00681482097677
"Ndufs2",-2.00698676331815
"Armt1",-2.00723874748381
"Fam69c",-2.00727230758645
"Henmt1",-2.00772740655645
"Bcl2l2",-2.00969157649089
"Pcdh10",-2.01013926552891
"Fahd1",-2.01100984989889
"Lrrc4c",-2.01114583208531
"Rbm46",-2.01141195444726
"Adprm",-2.01159112896721
"P2ry1",-2.01208082241036
"Srp9",-2.01345084904785
"Exoc5",-2.01496384991728
"Hspa13",-2.01593975178615
"Dhcr24",-2.01772059082181
"Arl4c",-2.01775675789224
"Klra5",-2.01975025220411
"Camp",-2.02065089417655
"Gpr160",-2.02142936296889
"Phka1",-2.02193350114924
"Sgpp2",-2.02311272953217
"Acadm",-2.02324606474676
"Hif1an",-2.02327139831345
"Sdhaf4",-2.02367501597147
"LOC102553760",-2.02412853252251
"Lpgat1",-2.02453615637383
"Zfp955a",-2.02506393580118
"Dbi",-2.02520280487503
"Musk",-2.02562399931508
"Ero1b",-2.02651347674903
"Vopp1",-2.0272560229516
"LOC100910418",-2.02857873701051
"Mmadhc",-2.02891118816921
"Abo",-2.02957993801646
"Lrrc49",-2.03039549204439
"Sp6",-2.03189590964356
"Lsm1",-2.03260338969519
"Mapk6",-2.03429833974414
"Srpra",-2.03596981528978
"Jagn1",-2.03605314482032
"Akap11",-2.03675333945796
"Morf4l2",-2.03734884880664
"Rab3d",-2.03801957301959
"Scp2",-2.0382516692102
"LOC681180",-2.0389378396496
"Tusc2",-2.04059280792389
"Slc30a10",-2.040957874317
"Hmgcll1",-2.04131882012563
"Trim32",-2.04232163508773
"Atp5i",-2.0431479962195
"Kdm6a",-2.04346774090299
"Chmp2b",-2.04360335200872
"Cry1",-2.04402746175012
"Tusc3",-2.04492108222417
"Hars",-2.04764448135953
"LOC100364335",-2.04808085066343
"Xkr7",-2.04897294428714
"Dmp1",-2.04932683584938
"Nek7",-2.04958483718569
"Cbfb",-2.05130692116866
"Slc35g2",-2.05149961878637
"Cers3",-2.05156046188092
"Atad1",-2.05162395360255
"Ppip5k2",-2.05187753167927
"Sec23a",-2.05197158903885
"Ndufa6",-2.05337042493873
"Atg12",-2.05376344484414
"Canx",-2.05379817018518
"Xk",-2.05432827272042
"Fads2",-2.05470201019007
"Lypla1",-2.05477667104964
"Nudt16",-2.05510200805536
"S100a10",-2.05523479135891
"Clp1",-2.05577427636796
"Cltb",-2.05651347913296
"Pdpk1",-2.05804403663389
"Lamtor5",-2.05953957497833
"Hspa8",-2.06119657793333
"Tsc22d2",-2.0619062275732
"Psma1",-2.06409082038536
"Emc7",-2.06485100242696
"Rab5b",-2.06494710016291
"Hs3st2",-2.06543264388892
"Fam89a",-2.06573998884057
"Cldn24",-2.06687068740066
"Kcna1",-2.06748675561445
"Hsd17b10",-2.06838616504515
"Grm7",-2.07016550564289
"Snx12",-2.07092874378584
"Stk26",-2.07101666852041
"Samd12",-2.07184813153353
"Syt14",-2.07194117516
"Rasgrp1",-2.07376446898068
"Slc25a45",-2.07395125880445
"Lars",-2.0742204879639
"Mllt11",-2.07424993551718
"Vcpip1",-2.07501357408676
"Frat2",-2.07606216012038
"Syn2",-2.07650391542525
"LOC100912608",-2.0772423746877
"Arl1",-2.07793638656402
"LOC103694872",-2.07869546639719
"Timm8a1",-2.07873391288817
"Yipf6",-2.07880490777547
"Elovl2",-2.07915772197532
"Pfkfb4",-2.07937930882604
"Cldnd1",-2.08041704654109
"Tmsbl1",-2.08207016430222
"Atl2",-2.08230907444193
"Psma4",-2.08246942926885
"Ap4s1",-2.08263118684707
"Thnsl1",-2.08278926594231
"Pik3cb",-2.08593941795909
"Dhx33",-2.08848636923019
"Pdzrn3",-2.08917906596914
"Kcng3",-2.08922054042847
"RGD1560398",-2.08987412058747
"Ano3",-2.09055099222645
"Scg3",-2.09173149693699
"Fdps",-2.09290706070685
"Mob4",-2.09340485476535
"Tnpo2",-2.09347837530712
"Dnajb14",-2.09423777233641
"Fam118a",-2.09424945581447
"Acyp1",-2.0960906960888
"Cnst",-2.0974572634946
"Tstd3",-2.09807134688492
"Immt",-2.09818485452628
"LOC102547897",-2.09898274835191
"Scn3b",-2.09956438513871
"Cmpk1",-2.09967201559534
"Spag1",-2.10023743403865
"Fam13a",-2.10046289589815
"Hsd17b4",-2.10156032842759
"Dpyd",-2.10181774945645
"Dnajc24",-2.10261115273055
"Trpc3",-2.10273848427774
"Lancl2",-2.10280063817122
"RGD1309036",-2.10293991052064
"Amz1",-2.10397290595354
"Senp8",-2.10403363926708
"Mapk8ip2",-2.10552163187441
"Nmu",-2.10615040808093
"Ndufaf2",-2.10641904470506
"Olfm3",-2.11035882154448
"Eif1a",-2.11073602481277
"Ppp2r5e",-2.11440283305294
"Chic1",-2.1154423447964
"Tmem35b",-2.11753361097191
"Hagh",-2.11861014332504
"Arap2",-2.1188999219895
"RGD1306941",-2.11931081084891
"Hint3",-2.11933176579808
"Sec11c",-2.11950584367668
"Hnrnpc",-2.12068507821962
"Nppa",-2.12155277926007
"Cnrip1",-2.12223381952523
"Shfm1",-2.1236541258261
"Kpna4",-2.12402328411624
"LOC500959",-2.12440941851354
"LOC108350059",-2.12486254578277
"Pcbd1",-2.1259644292243
"LOC103694865",-2.12619820862594
"Pcdh7",-2.12630674889878
"Copb2",-2.12711165181238
"Ube2g2",-2.12795176446774
"Prom1",-2.12798662004124
"Drc3",-2.12827149066294
"Mab21l2",-2.12833450001195
"Ldb3",-2.12916608295979
"Trappc3",-2.1299824337747
"Ptn",-2.13003526839229
"Commd8",-2.13088717502148
"Uqcr11",-2.13385860757568
"Tdrd15",-2.13415391208369
"Atcay",-2.13417040662862
"Asic2",-2.1352104775681
"Opa1",-2.1352770860243
"Onecut2",-2.13565617690228
"Ptprd",-2.13600302396417
"Klhl40",-2.1361683323746
"LOC100912059",-2.13845623690701
"RGD1561481",-2.13845623690701
"Chp2",-2.13885139951757
"Elavl4",-2.14035080782881
"Il1rl1",-2.14089627727595
"Meox1",-2.14120997113567
"Slc35f5",-2.14163539314751
"Mcf2",-2.14169303456116
"RGD1307830",-2.14307254864049
"Tcf23",-2.14399196364492
"Etnk1",-2.14480070475558
"Ostf1",-2.14496089860851
"Eml5",-2.1457089281115
"Bmpr2",-2.14630068859072
"Acp1",-2.14642964416107
"Klhl13",-2.14651315016109
"Pafah1b2",-2.14660568666476
"Hps3",-2.14746638019995
"Ggact",-2.14760275468543
"Lactb2",-2.14796206274089
"Pik3c3",-2.14903130897823
"Rims2",-2.15006576109478
"RGD1305733",-2.15044816956274
"Kcnc2",-2.15058242688077
"Stard4",-2.1543103280991
"Klc1",-2.15558327453836
"Mospd1",-2.15803713689285
"Dennd1b",-2.1583350951533
"Tiprl",-2.15845667379831
"Cda",-2.15938198529137
"Ccr1",-2.16099190685925
"Slc17a5",-2.16328105388993
"LOC108350654",-2.16369930613173
"Pitpnc1",-2.16474065642823
"Serinc3",-2.1661628309302
"Pigx",-2.16704072735948
"Ube3a",-2.16821994003328
"Pdcd10",-2.16899068218244
"Mturn",-2.16916687574141
"Tmem199",-2.17044740468312
"Oprm1",-2.17048170228994
"Uchl3",-2.17228991161992
"Ttl",-2.17367894402045
"Ckmt1b",-2.17537152063368
"Cdh10",-2.17724713890984
"Tmem14c",-2.17745477279582
"Rgs2",-2.17998309707243
"LOC103693430",-2.1819613567124
"Ubl3",-2.18229932825203
"Klhl28",-2.18240544478027
"Cse1l",-2.18245519550937
"Cfap36",-2.18333732365482
"Epha6",-2.18423823964568
"Atrnl1",-2.18428887636206
"Coro2a",-2.18462697350349
"Psme4",-2.18531026953639
"Entpd5",-2.18560115725104
"Pdcd6",-2.18613933804742
"Ptrh2",-2.18661702926938
"Eny2",-2.18734062302344
"Nalcn",-2.18777409738483
"Yipf4",-2.18778174519321
"Lrrc57",-2.18948325034803
"Cops2",-2.18956101826343
"Zdhhc2",-2.18995898897262
"Bcap31",-2.19056857434183
"Clrn1",-2.1908848066249
"LOC102554622",-2.19301273921087
"Pcdh20",-2.19332945330737
"Scyl2",-2.19439139721248
"LOC100362965",-2.19464132948065
"Calcb",-2.1950337517739
"Maneal",-2.19508960460998
"Hspb8",-2.19565780635888
"Rrm2b",-2.19596856601445
"Fam129a",-2.19615374616466
"Prg2",-2.19657896672443
"Trappc2b",-2.1976817217194
"Higd1a",-2.19827183389794
"Aig1",-2.20088275941806
"Frmpd4",-2.20171866776831
"Emc2",-2.20298155288573
"Cox7a2l2",-2.20395469280447
"Cib2",-2.20484821276239
"Itpa",-2.20514366962696
"Ttbk2",-2.20537385353341
"Taf13",-2.20718384341781
"Ptbp2",-2.20819363205155
"Tma7",-2.20824244413059
"Fxyd2",-2.20872141061755
"Cept1",-2.21040045564552
"Htr7",-2.21213048437488
"Fam184b",-2.21292129447988
"Emc9",-2.21309963965821
"Cyp2a3",-2.21401498689209
"Ppm1h",-2.21459251477548
"A3galt2",-2.21468306561362
"Map9",-2.21471952921012
"Ophn1",-2.21549900598144
"Cd28",-2.21612726266135
"Ptgdr",-2.21735768567437
"RGD1309540",-2.21791207847432
"Alkbh7",-2.21805137574831
"Plpp1",-2.21825099277735
"Lage3",-2.21845631689096
"Slc20a1",-2.21862740050825
"Adam22",-2.21998022679298
"Uba3",-2.22061473703765
"Insig2",-2.22172383631941
"Sf3b5",-2.22191974548817
"Far1",-2.2225858565992
"Slc25a46",-2.22264599354897
"Pim2",-2.22306224074074
"Plxnc1",-2.22323814768489
"Nckap1",-2.22338463913725
"Tmem167b",-2.22561504506369
"Usp32",-2.22727198287503
"Rab18",-2.22766758840153
"Ankrd34c",-2.22872003815682
"Atp7a",-2.2288538882041
"Fgfbp3",-2.23034141793282
"Sub1",-2.23038870053354
"Parm1",-2.23231637103049
"Zfp804a",-2.23302590079801
"Gtf2h5",-2.23444515113951
"Tomm5",-2.2352050728652
"Ndufs5",-2.23541598144315
"Rufy3",-2.23667295057617
"Trappc1",-2.23704346713242
"Fbxw7",-2.23802952976877
"Tubb2a",-2.23961122879942
"LOC100361180",-2.24055134028756
"Cacul1",-2.24110862574133
"Pam16",-2.24176371328996
"Bzw1",-2.2420480697838
"Armcx2",-2.24257583153061
"P2ry14",-2.24278671967566
"Rab11a",-2.24421667908547
"Lamp5",-2.24498335305369
"Rabgap1",-2.24729257570205
"Kctd4",-2.2492467745163
"Ctss",-2.24981727454702
"Pomp",-2.24998092979786
"Cox8a",-2.25091492823315
"Tmem72",-2.25150683151261
"Ccdc171",-2.2516078970193
"Hddc2",-2.25173237052634
"Tmem60",-2.2556903919689
"Lamp2",-2.25570706620878
"Gpt2",-2.25599929088041
"Rgcc",-2.25654265859901
"Psmd6",-2.25699433979153
"Cfl1",-2.25765337416035
"Mapk8",-2.25827270010859
"Apmap",-2.25829977546215
"Chm",-2.25865110177542
"Ppcs",-2.2592466235747
"4-Sep",-2.25939684638024
"Lims1",-2.25964267243944
"Uprt",-2.25997909396006
"Tmem242",-2.25997955684083
"Psmd11",-2.26005787511241
"Rit2",-2.26072621239951
"Sox3",-2.26080637924918
"Tspan13",-2.26092297732617
"Rab14",-2.26519940333803
"Cpeb1",-2.26647502909922
"Apool",-2.26669489361645
"Cul4b",-2.26700045198665
"Slc31a1",-2.2670820390372
"Ola1",-2.26798189453777
"Ddx3x",-2.26863294108555
"Fstl1",-2.27089800456533
"LOC102556098",-2.27105408819631
"RGD1310769",-2.27137458671274
"Rnf7",-2.27232254967433
"Mobp",-2.27282651913162
"Sumo3",-2.27309360060951
"C1galt1c1",-2.27553098183092
"Anxa8",-2.27650834723812
"Ipp",-2.27790798308362
"Ube2n",-2.27906374577788
"Tmem5",-2.27911995593617
"Fzd3",-2.27999590099373
"Aar2",-2.28021345287489
"Sstr2",-2.28048697044384
"LOC100909840",-2.28259780505276
"Mkks",-2.28300716508614
"Adap2",-2.28384330772502
"Clec7a",-2.28440231046141
"Cdh6",-2.28669898023192
"RGD1559575",-2.28716569928727
"Phtf2",-2.28781833163022
"Tmtc2",-2.28806303628976
"Agl",-2.28817941019531
"Gria4",-2.28942617515563
"Jakmip2",-2.29053526017696
"Omg",-2.29288095710328
"Tigar",-2.29477534123963
"Selk",-2.29490253285921
"Hadhb",-2.29740499177832
"Nedd8",-2.29745007957859
"Srxn1",-2.29788515083129
"Psma3",-2.29812237128816
"Mrpl16",-2.29838287691395
"LOC681458",-2.29986016223709
"Hspa12a",-2.30049128956345
"Creb3",-2.30057788184036
"Pdxp",-2.30133602525643
"Slc22a23",-2.30147505486909
"Ugp2",-2.30148630187958
"Agtr1b",-2.30219314834856
"LOC108351182",-2.30425437902688
"Ddit4",-2.30604441161623
"Sdf2",-2.3079666813776
"Ifitm1",-2.30817013614381
"Nudt14",-2.30914400631576
"Cfap69",-2.30976756214903
"Glrb",-2.3118950318219
"LOC108351807",-2.31212304346941
"C1H10orf76",-2.31253721267289
"Ufm1",-2.31483728651785
"Capza1",-2.31547504933113
"Tmem41b",-2.31730111011583
"Sh3bp5l",-2.31755014960561
"Esrra",-2.32005945903849
"Hspb1",-2.32016947481373
"Brms1",-2.32200370716479
"Pls1",-2.32200638524242
"Tmem135",-2.32296061432069
"Comt",-2.32374487199691
"Tmem200c",-2.32388398264091
"Fmn1",-2.32409898617905
"Dpysl2",-2.32581129990077
"Cfap20",-2.32587556753144
"Slc35f4",-2.32639537850878
"Aak1",-2.32726742910176
"Gtf2e1",-2.32836135995021
"LOC103694018",-2.3295384046206
"Tmem255a",-2.32961276433744
"Hey1",-2.33020529636062
"Amer1",-2.33026345370615
"Mvd",-2.33121753145419
"Rnf157",-2.33165936227381
"Slc51a",-2.33180931577379
"Limk1",-2.33193852985919
"Nmb",-2.33280442355581
"Piwil2",-2.33315417666553
"Ppm1b",-2.33331406896974
"LOC304725",-2.33400712359464
"Reep5",-2.33413831645457
"Tmem18",-2.33455327472303
"LOC689173",-2.3350110005962
"Uchl5",-2.33798028906739
"Gabra5",-2.33855831604402
"Rhov",-2.34130819132013
"Uqcrq",-2.34245910169689
"Slc25a33",-2.34405426508825
"LOC501038",-2.34512285750516
"Rgs3",-2.34558923612236
"Chst8",-2.34640895924543
"4-Mar",-2.34695132520358
"Pgrmc1",-2.34743756120159
"Nuak1",-2.34873431680972
"Hmgb3",-2.34931654616636
"Phf20",-2.3507342757624
"LOC102550385",-2.35389984951669
"Gsr",-2.35713398494109
"Zdhhc21",-2.3620801002998
"Mdh1",-2.36257434178261
"LOC102549059",-2.36414856520885
"Pls3",-2.365445348417
"Dstn",-2.36618289418433
"Angel1",-2.3717059729198
"Ralgapa2",-2.37257947294681
"Mid1ip1",-2.37319075354775
"Rap2c",-2.37361056243829
"Hes5",-2.37485689324893
"Fkbp1a",-2.37507065499081
"Car2",-2.37523904337639
"Palm2",-2.37563508540976
"Uhmk1",-2.375739713392
"Ctsl",-2.3777874924674
"Lrp8",-2.37812176669
"Synm",-2.37950936034552
"Klhl11",-2.38110851419655
"Ceacam16",-2.38155748064362
"Dmtn",-2.38202101862865
"Gde1",-2.38503771200653
"Gcnt2",-2.38510936827698
"Cct5",-2.38590248004841
"Lgals1",-2.38617198636935
"Ppm1a",-2.38635283027005
"Fam19a1",-2.38894122370968
"Gfra2",-2.38985521271209
"Fgfr1op",-2.39042939699072
"RGD735029",-2.39064897593209
"Kcnq2",-2.39116911753623
"Scn9a",-2.39147232120467
"Btrc",-2.39382903608683
"Rheb",-2.39424877471089
"Napg",-2.39516735775588
"Atl3",-2.39589911609275
"Fxr1",-2.3959665156684
"Ppp4r4",-2.39694353185079
"Idi1",-2.39750052511755
"LOC108348257",-2.39755811222329
"Rcn2",-2.39820893919643
"Gabrb3",-2.39937888848881
"Yipf1",-2.40310611994868
"Inhbb",-2.40334127983712
"NEWGENE_1582994",-2.40462434708539
"Lin7b",-2.40575805510653
"Bcl2l13",-2.40628774494951
"Qdpr",-2.40638573422463
"Asrgl1",-2.40697302951116
"Ypel5",-2.4074610137037
"Scrt2",-2.40800476525443
"Tbk1",-2.40847472229099
"Pik3r3",-2.40869521958305
"Lrrn3",-2.40891792804474
"Taf9",-2.41038633723825
"Cdc123",-2.41251827573702
"Cct2",-2.41562019646789
"Gbe1",-2.41591286492987
"Zyg11b",-2.41592445285785
"RGD1311899",-2.41627440198886
"Uqcr10",-2.41824537202013
"5-Mar",-2.41883759230997
"Gmfb",-2.41940383299142
"RGD1303003",-2.42162521282971
"LOC684762",-2.42304133852837
"Ahcyl1",-2.42355579571917
"Tuba4a",-2.42371539889331
"Pdha1",-2.42393089747138
"Ric8a",-2.42593857743801
"Ppp3r1",-2.42683513720104
"Sccpdh",-2.42755618913502
"Ipo7",-2.42833573593371
"Tm9sf3",-2.42933352276331
"Picalm",-2.43075756676389
"LOC103690018",-2.43087110160992
"Capza2",-2.43188041274688
"Akt3",-2.43231316154583
"Cd101",-2.43262563330759
"Leprotl1",-2.43304160008017
"Naa20",-2.43484621917659
"LOC103689925",-2.43726336952343
"Ap3m1",-2.43726361136963
"Higd2a",-2.43891145443991
"Impa1",-2.4409988478143
"Ctr9",-2.44521947721421
"Xrcc5",-2.44667405124258
"Bfar",-2.44746988511176
"Atp5c1",-2.44777160779764
"Borcs7",-2.44842548481603
"Rragd",-2.44975994549034
"Megf8",-2.45043691856112
"Elovl5",-2.45132098723999
"Prnp",-2.45263103570942
"Fam8a1",-2.45778515668679
"Ndufb6",-2.4596318477014
"Gpr176",-2.45998266637667
"Bpnt1",-2.46125773951457
"Dnajb9",-2.46133566587428
"Hsf2",-2.46192655511115
"Lgi1",-2.46379606313727
"Mt3",-2.46447227350533
"Rab1a",-2.46645392566095
"Tmc2",-2.4686994629501
"Cdh7",-2.46883440397483
"Eaf1",-2.46893058621724
"Arpc5l",-2.46930119545313
"Serac1",-2.47082078283248
"Six4",-2.47112709118699
"Rabggtb",-2.47161439964382
"Fundc1",-2.47232494223486
"Kcng4",-2.47264725866493
"Mpc2",-2.47274975646289
"Ric3",-2.47335779667658
"Phospho2",-2.47538477777846
"Jkamp",-2.47662788201825
"Akap6",-2.4772534778831
"Irgq",-2.47891624160754
"Ggps1",-2.47959246659868
"Slc25a16",-2.48021471974415
"Nr3c2",-2.48462651069551
"Atp6v0b",-2.48479483746104
"Kcnj5",-2.4888781863381
"Map3k13",-2.48973977163242
"Pcmt1",-2.49591060598362
"Mrgprd",-2.4959637094317
"Kbtbd7",-2.49683200824912
"Ugcg",-2.49822038243737
"Ndufaf7",-2.50019929678699
"Cbln4",-2.50073602312565
"Polr2k",-2.50137678701976
"Lpar3",-2.50156422311253
"Slc16a1",-2.50284049529062
"Ankrd29",-2.50304451547807
"RT1-Ba",-2.50468073971999
"Mfsd9",-2.50658622068293
"Csn1s1",-2.50726334134938
"Tdrkh",-2.50963944826102
"Krt222",-2.51184758395069
"Hdhd2",-2.51607381531101
"Nae1",-2.51652158451403
"Smoc1",-2.51705603731148
"Habp4",-2.51816895648546
"Rdh14",-2.51817093651461
"LOC301124",-2.51834905610367
"Flt3",-2.51862329080172
"Nrip3",-2.51946907379289
"Isca1",-2.51994310372717
"RGD1304810",-2.52089457064492
"Btbd3",-2.52179200460677
"Kif21b",-2.52212481114354
"Pigy",-2.52219668267124
"Ehd3",-2.52335108447669
"Rnf6",-2.52415399016062
"Dpp10",-2.52773755380831
"Prr15l",-2.52799102392265
"LOC100365043",-2.52954493147288
"Mdga2",-2.52988586520873
"Ift80",-2.53026933253097
"RGD1308147",-2.53107094421907
"Impdh1",-2.53133739362535
"RGD1565002",-2.53215512887125
"Tmtc4",-2.53307535237796
"Tmem196",-2.53328450241672
"Lamtor3",-2.53379702577445
"Pnpla3",-2.53461839082875
"Ppp1r3d",-2.53777076692853
"Cd163",-2.53829640767334
"Hars2",-2.53907656979503
"Pten",-2.53932387156708
"Mtmr7",-2.53936958275882
"Fgf1",-2.53958279622357
"Kcna3",-2.54106689329942
"Ndufc2",-2.54115776691962
"Adamts15",-2.54243064170851
"Nxph1",-2.54289142429879
"Cpne3",-2.54663507309481
"Pir",-2.54676968783479
"Ube2a",-2.54918129446567
"Eid2",-2.55545554596852
"Arih1",-2.55575033199233
"Atp1b1",-2.55588626618
"Chrna7",-2.5581769970643
"Dnajc27",-2.55831490589994
"Frrs1l",-2.55980878437075
"Herc3",-2.5607129398605
"Klhdc2",-2.56079726643842
"B3galt1",-2.56091430113833
"Trappc13",-2.56245665792551
"Rps6ka3",-2.56319678864994
"Hibch",-2.56583290932474
"Mctp1",-2.56738163771065
"Abcd2",-2.56803364980612
"Tmem30a",-2.56997466868132
"Kcnh7",-2.57070280606417
"Necab3",-2.5724442467015
"Dmxl2",-2.57439500536694
"Cnot4",-2.57635168244845
"Nsdhl",-2.57727021658852
"Prkacb",-2.5797311097724
"Mcpt8",-2.58105733036926
"Galnt5",-2.58110410419115
"Cdr2l",-2.58118122247752
"Tsta3",-2.58556452850663
"Shc1",-2.58682098780329
"LOC100911668",-2.58723574153677
"Hoxa10",-2.58723574153677
"Stk31",-2.58878589592444
"Tmprss11d",-2.58963324419706
"Tmem229b",-2.59070696893849
"Rida",-2.59205155417478
"Rapgef4",-2.59269070877169
"Snap25",-2.59468038586218
"LOC691658",-2.5953652642559
"Wipf3",-2.59798751881965
"Rab6a",-2.59856795976485
"Igip",-2.59861838090709
"Atp1b3",-2.59877652512072
"Ap1s2",-2.59888741675621
"Hsdl2",-2.60021039917274
"Dnajc28",-2.60038388655256
"St8sia3",-2.60041249374981
"Ss18l2",-2.60600655348343
"Cask",-2.60720435175926
"Nedd4",-2.6072479669249
"Eif2s3",-2.60885759858624
"Rhobtb2",-2.61347206954628
"Ppp1r1c",-2.61379432017857
"Serpinb1a",-2.61492772767039
"Ubxn4",-2.61585892110462
"Trappc12",-2.61746311239374
"Ogg1",-2.61923536913783
"Plppr4",-2.62130495297866
"Kcnc3",-2.62255374154508
"Amph",-2.62319789803727
"Srp14",-2.62340500165997
"Wdr44",-2.624371993529
"Pqlc3",-2.62506493086787
"Ywhaz",-2.62630568496255
"Nus1",-2.62809611322771
"Synj2bp",-2.62842256515134
"Commd7",-2.62976610138887
"Fam210a",-2.63044370146327
"Slc10a6",-2.6307474574274
"Ldb2",-2.63193452680356
"Arf1",-2.63252469350041
"Dctn6",-2.63285513302566
"Reps2",-2.63348993873924
"Slc35f3",-2.63418295712316
"Acadl",-2.63568632909457
"Htr1d",-2.63810362051263
"Scamp1",-2.63909804255027
"Tes",-2.6404253203723
"Klf8",-2.64129398680521
"Wdr61",-2.64146650363855
"LOC686911",-2.64244397069826
"Tceb1",-2.64251898865713
"Chtop",-2.64261021076079
"Stmn2",-2.64290712452517
"Tfg",-2.64383357972429
"Nnat",-2.64404254681749
"Tmem74",-2.64477527325151
"Csnk2a1",-2.64485829561003
"Snapc5",-2.64569261069654
"Gtf2b",-2.64621199799487
"Arl16",-2.64621460487002
"Fam98a",-2.64682736063192
"Commd1",-2.64733808321557
"Ublcp1",-2.64954307684792
"Cend1",-2.65168153294532
"Eif3j",-2.6524163456614
"Ppp1r2",-2.6528141798155
"Oaz2",-2.65365011356291
"Gpr45",-2.6539980231821
"Ncbp2",-2.65420603683862
"Phyhipl",-2.65573819416449
"Tmbim4",-2.65627588444776
"Abca5",-2.65694175133398
"Rarres1",-2.66016090224678
"Grik1",-2.66065192231439
"Hsd17b7",-2.66233309209044
"Fkrp",-2.66277240343851
"Paqr9",-2.66442321348692
"Usp12",-2.6652179533783
"Prune",-2.66765285229966
"Mgat2",-2.66769479745692
"Dynlt3",-2.66904007430503
"LOC680039",-2.67027718174135
"Cyp51",-2.67407463681115
"Fkbp1b",-2.67463687242612
"F2r",-2.67620743384509
"Stbd1",-2.67626427659031
"Tmem189",-2.67669818913572
"Cmas",-2.6773524985204
"Wnt7a",-2.67750234154612
"Fam3c",-2.68025430357959
"LOC100910792",-2.68213234033512
"Atxn7l3b",-2.68637243559625
"Sdhd",-2.68814564805011
"Amot",-2.69024534864613
"Htatip2",-2.69107289226862
"Cdh9",-2.69309456878811
"Txndc17",-2.69355741498824
"Rgs7bp",-2.69381738853401
"Fam19a4",-2.69796845576636
"RT1-Da",-2.70076765922633
"Diras1",-2.70367485278424
"Hnrnpa1",-2.704469495351
"Srp19",-2.70610124710662
"Pcyt1b",-2.70670344406547
"Tmem132c",-2.70879672848796
"Ptgfr",-2.70987092101778
"Klhdc8b",-2.71077969392358
"Sdha",-2.71567082349266
"Pafah1b1",-2.71619327758086
"Csf1r",-2.71730155606602
"Chrne",-2.72100131103805
"LOC100912076",-2.72169341439114
"Eml6",-2.72173860168936
"Kcne4",-2.72222834637739
"Sdcbp",-2.72277138312725
"Pja1",-2.72380467060562
"Galnt6",-2.72396706041035
"Ubqln1",-2.72627631322667
"Nlgn1",-2.72835775190974
"Pex19",-2.72853068739376
"Dctn3",-2.72992146182572
"LOC100909856",-2.73000314641418
"Rnf182",-2.73106383270882
"Cyb561",-2.73230929554063
"Decr2",-2.73308034993469
"Fam196b",-2.7343833709688
"Ccl2",-2.73543898635064
"Wdr6",-2.73570413290305
"RGD1562339",-2.73578245650541
"Tomm70",-2.73664977532333
"Kcnn1",-2.73999140679988
"Atp2c1",-2.74205286483628
"Glt1d1",-2.7421465164796
"Kcnn3",-2.74215347584011
"Mrpl41",-2.74461006991527
"Kif16b",-2.74511203016021
"Timm10",-2.74544526269027
"Gphn",-2.7454565038
"Ttc39c",-2.74716463017895
"Acbd5",-2.7490694262663
"Agfg1",-2.75004353418231
"Ptpra",-2.75224229453589
"RGD1564450",-2.75392050741282
"Alg11",-2.75904595140164
"Gpr149",-2.76217952731219
"LOC108349010",-2.76358313599549
"Tipin",-2.76405796571142
"Smim17",-2.76440517051797
"Gfy",-2.76577177515283
"Stx12",-2.77278442102792
"Idh3B",-2.77338864811161
"Rfk",-2.77390697857881
"Ube2d3",-2.77465105103061
"Vamp1",-2.7747533842465
"Fam102b",-2.77706507230184
"Psmc6",-2.77813858730535
"Gpr85",-2.77892522241129
"Tnc",-2.77964375178593
"Eps15",-2.77984033506039
"Sult4a1",-2.78098467358725
"Cacng7",-2.78148809387216
"RGD1308564",-2.78351099447712
"Ap3s1",-2.78385493959689
"Galnt9",-2.78468088774283
"Mmgt1",-2.78749784405376
"Pde11a",-2.78843121493415
"Gria2",-2.78857906864324
"Psd3",-2.78882826206701
"Mill1",-2.79207480337534
"Rab39a",-2.79345749025053
"Nts",-2.79935097935462
"Anapc16",-2.79970528740634
"Amd1",-2.80215874996205
"Clec10a",-2.80302837209138
"Zdhhc15",-2.80513556532129
"Kcnip4",-2.80762322181311
"Tpm1",-2.80787278487188
"Kif3a",-2.8081249024198
"Tomm7",-2.80868026772893
"Hsp90aa1",-2.81012177355646
"Gclm",-2.81066371892585
"Tnfrsf21",-2.81137989856959
"Txnl1",-2.81304460437536
"Nudt21",-2.8134699384911
"Usp14",-2.81389319455277
"Trim36",-2.81534365517012
"Kbtbd2",-2.81552878652938
"LOC103689983",-2.81636779537096
"Tesc",-2.82253523456085
"Pcdha4",-2.82558954904164
"Tpgs2",-2.82798473165356
"Fsd1",-2.83377262313918
"Slc18a2",-2.83619805179828
"Etv1",-2.8362518678899
"Slc8a2",-2.83712100689385
"Adipor2",-2.8387335980285
"Slc16a14",-2.83903977025166
"Cdkl2",-2.8396890822439
"Prkx",-2.8409289219682
"Nrarp",-2.84094991458641
"Timm23",-2.84158593661441
"Tmem35",-2.84163705746656
"Shh",-2.84237553968812
"Amdhd1",-2.84659174881381
"LOC100912195",-2.84781269666204
"Nipa2",-2.85247068371067
"Trim23",-2.85277587629774
"Slc35a3",-2.85452046109313
"Gabbr2",-2.85610408265176
"Pdzd8",-2.85629115712064
"Mien1",-2.8572141037209
"Cd55",-2.85772271522672
"Lhfpl1",-2.85929549717235
"Prmt3",-2.85981283110989
"Dnajc6",-2.86293372980175
"Slco5a1",-2.86348614002238
"Tpp2",-2.86377539101029
"Slc25a40",-2.8638386917658
"Rab3c",-2.86926048208491
"Ednrb",-2.8718674042997
"Rhou",-2.87439991490959
"Iapp",-2.87473943101739
"Reep1",-2.87587743130116
"Egfem1",-2.87743953606876
"Rad23b",-2.88330947653514
"Siglec5",-2.88376723041197
"Syt9",-2.8856088574457
"Ccdc32",-2.88587578344183
"Adamts8",-2.88608420645599
"Dgki",-2.88716373057315
"Ubash3b",-2.88790764971091
"Cdc37l1",-2.88848480086141
"Ms4a7",-2.89001555808095
"Gk",-2.89436866650447
"Cox7a2",-2.89540934917201
"Fam188a",-2.89549767850605
"RGD1309188",-2.89720709531908
"Fam131b",-2.89790912806371
"Acot1",-2.89864195643627
"Slc9a7",-2.89947730384988
"Ap1s1",-2.90068611636488
"Cyhr1",-2.90241407985345
"Ccdc47",-2.9049242327655
"Wdr47",-2.90667780886971
"Tpi1",-2.9076048754697
"Kansl2",-2.90988541343174
"Slc39a10",-2.91774381944029
"Tmem50b",-2.91944662812617
"Armcx1",-2.92078576414615
"Iscu",-2.92089529322599
"Cox7c",-2.92276065220334
"Chrna6",-2.9252053158734
"LOC103691872",-2.92830861961496
"Sri",-2.93130886845779
"Nsun4",-2.93277065421224
"Khk",-2.93390554619146
"Ppfia2",-2.9347051043212
"Tspyl4",-2.93569834351585
"Slc7a6",-2.93827871627173
"LOC100359937",-2.94099388000822
"Hccs",-2.94267252539337
"Adk",-2.94764759607126
"Htr3b",-2.94822920016445
"Cops7a",-2.94887226927269
"Syngr1",-2.94932807244259
"Tsen15",-2.94986549822912
"Calm2",-2.95083173821564
"Mfsd6",-2.95118343372983
"Mtmr2",-2.95237819830804
"Abhd3",-2.95592865812892
"Ccl6",-2.95671324880357
"Akr1b10",-2.95801301015307
"Zfp846",-2.96043844998639
"MGC109340",-2.9607549121962
"Prdx5",-2.96246666496345
"Scx",-2.96294639660927
"Rassf4",-2.96575167225787
"Ubap1",-2.96621297871884
"Ndufa4",-2.97441127661337
"B3galnt1",-2.97722080297702
"Sucla2",-2.98223016149773
"Fbxo2",-2.98490620441658
"Rspo2",-2.98518687239854
"LOC103693210",-2.9865749293044
"Lnp",-2.98963143824762
"Tmem167a",-2.99021513467487
"Cds1",-2.99317819278542
"Pirt",-2.9932651703853
"Tceal1",-2.99331837858825
"Brms1l",-2.99509213266637
"Adam19",-2.99548884295873
"Uba6",-2.99584680955188
"Plcxd2",-2.99818458123973
"Fsd1l",-3.00139558343391
"Galnt11",-3.00168874425011
"Larp1b",-3.01054209989547
"Nipa1",-3.01217141806607
"Il31ra",-3.01231693754209
"Dhrs2",-3.01257779636914
"Strbp",-3.01548722102092
"Scd",-3.01801434602845
"Crbn",-3.01885968806568
"Trim2",-3.02006900803223
"Rnf219",-3.02207065699189
"Ndfip2",-3.02354150249354
"Araf",-3.02357613208946
"LOC108349479",-3.02462569763371
"LOC100912566",-3.02899706967127
"Ubqln2",-3.02933694516283
"Lrp11",-3.03149742213138
"Bex2",-3.03278658513754
"Map2k4",-3.03775239050256
"Tmem56",-3.03988374233049
"Lgals8",-3.04235508447454
"Lilra5",-3.04646048681879
"Paip2",-3.04658537623945
"Gskip",-3.04742965816238
"LOC100360977",-3.04766104644422
"Mgat4c",-3.05096318990863
"Enah",-3.05160896323528
"LOC108348326",-3.05316747294432
"Ptdss1",-3.05424216749843
"Hnrnph2",-3.05482884827629
"Nrbf2",-3.05899184234764
"Tmem55b",-3.06214386288292
"Cystm1",-3.06545067369101
"Slc35a5",-3.0656613160592
"RGD1559662",-3.06665123016747
"Ndst3",-3.07315344951996
"Apoo",-3.07475819496088
"Dnajc10",-3.07501377517986
"Gnpda2",-3.07519929856243
"Slc6a15",-3.08434081232344
"Efr3a",-3.08444956248046
"Gng3",-3.0859819231137
"Snx10",-3.0901977210169
"Kctd16",-3.09140128074227
"Fam171b",-3.09159045868721
"Sgtb",-3.09581963692242
"Hpcal4",-3.09698334785868
"Avl9",-3.09723555938842
"Nsg2",-3.09879483521614
"Camk2d",-3.09950639276162
"Gabarapl1",-3.10075584806493
"Chrnb3",-3.10184192625487
"Pla2g7",-3.10279661888495
"Trappc6b",-3.1033597470124
"Gfra1",-3.10351067413588
"Gpr26",-3.106369692143
"Vps41",-3.10686895142258
"Mctp2",-3.10993322817408
"Atp5b",-3.11126636704027
"Cysltr2",-3.11355043049807
"Lyrm7",-3.11364601242113
"Fam69a",-3.11457948999067
"Robo2",-3.11583599073281
"Serf1",-3.11726703138657
"Blvra",-3.11784225047834
"Mapre1",-3.11828980245029
"Lrfn5",-3.1218590622684
"Nptn",-3.12186147582221
"Acsl6",-3.1220626775307
"Pcsk9",-3.12336794332371
"Pdp2",-3.12509466856868
"Uqcrc2",-3.12677887912701
"Eif5a2",-3.1298644626357
"Cd44",-3.13035149401471
"Mrgprx1",-3.14114265233676
"Sms",-3.14417256855903
"Plat",-3.14532056136611
"Bag3",-3.1530344493759
"Psmd8",-3.16179485648056
"Fabp7",-3.16396784910769
"Hecw1",-3.16422541954689
"Adam23",-3.16563277320796
"LOC100911417",-3.16664613392945
"Fkbp4",-3.1684762203858
"Trappc2",-3.17563224013059
"Kcna2",-3.18578889163061
"Il13ra1",-3.19174234389543
"Stxbp5l",-3.1935736907337
"Armcx3",-3.19782310248845
"Me1",-3.2009495858046
"Stmn4",-3.20230357448072
"Atp6v1a",-3.2074191360377
"Sphkap",-3.2082417303636
"Atr",-3.21731598790627
"Npy2r",-3.21776454272308
"Nop10",-3.21779565035323
"Mrpl49",-3.22044235353487
"Lrrn1",-3.2266095801094
"Tspan3",-3.22677303732714
"Nudt7",-3.23119724527873
"Tmem14a",-3.23127839444802
"Slc17a7",-3.23354387413697
"Rgmb",-3.23365346769213
"Psmd1",-3.23516300308652
"Fam179b",-3.23559016732101
"Vps29",-3.23610126560477
"Tmem70",-3.2395922508219
"Amigo1",-3.24008817009976
"Dnajb1",-3.24035175725487
"Lipa",-3.24185880363533
"Nrn1",-3.24223138681604
"Arl6ip1",-3.24593916094663
"Car8",-3.24604265487884
"Ndst4",-3.25153430700954
"Hist1h2bh",-3.25292736519541
"Sod2",-3.2531778712089
"Kif3b",-3.25569235693679
"Dnaja4",-3.25641880632954
"Gna14",-3.2578996840675
"RGD1307235",-3.25876348340597
"Akr1e2",-3.26151997257361
"Mpc1",-3.27637806071976
"Ghitm",-3.27843863874314
"Fgf9",-3.28488288452901
"Tgoln2",-3.28659672671687
"Gabra2",-3.28812040402768
"Cab39",-3.28835793215983
"Abhd5",-3.29051210899206
"Ncald",-3.29617886298526
"Wdr37",-3.29957093246201
"Arl6ip5",-3.30023706506274
"Pja2",-3.30088813286072
"Zfand5",-3.30324863848038
"Spryd7",-3.30415735899496
"Dach1",-3.30837619730528
"6-Mar",-3.31397707302314
"Inpp5j",-3.31551278661542
"Ccdc28a",-3.31572039092342
"Rtn4rl1",-3.31727912900049
"Pak3",-3.3176682829692
"Pcdh9",-3.31836317030442
"Edil3",-3.3233031858001
"Vmp1",-3.32706829511908
"Gabrg2",-3.32947489282793
"Dync1i1",-3.33342539531188
"Ppp2ca",-3.34091286462125
"Wrb",-3.34203548508055
"Fam134b",-3.34459389012725
"Klhl20",-3.34475571128031
"LOC100363436",-3.34888766515195
"Gyg1",-3.35345500283132
"Uck2",-3.35915388925416
"Hs6st2",-3.35978933018084
"Ndfip1",-3.36085614306875
"Dld",-3.36554502960367
"Fhit",-3.36723762288802
"Glce",-3.37011348004676
"Scg5",-3.37449265667695
"Oxct1",-3.37579020422278
"Klhl1",-3.38331276154656
"Pvalb",-3.39236204024339
"Azi2",-3.39831377330167
"Reg3b",-3.39943391213036
"Kcnma1",-3.40078040659847
"Smpx",-3.40666183581063
"Serpinb6",-3.4069944820876
"Gfod1",-3.40749875816503
"Gabrg1",-3.40763213711391
"Dhcr7",-3.40768062638956
"Calcoco1",-3.40817591118669
"Mtx2",-3.41331451043282
"Ralgds",-3.41460762097906
"Gspt2",-3.41957428071922
"Ermp1",-3.42050618257521
"Dok4",-3.42088036039585
"Psmd5",-3.42119518099606
"Acyp2",-3.42151012070532
"Ywhah",-3.42177640776462
"Atpif1",-3.42193372694012
"Hmgcs1",-3.42343278426171
"Hspe1",-3.42428068285416
"Gpr161",-3.42453838433079
"Casd1",-3.42786553162536
"Rtn3",-3.43843878910809
"Gla",-3.43890857375307
"Etfdh",-3.44327056542748
"Sc5d",-3.44685927999214
"Prdx3",-3.44767604391409
"Txn1",-3.45065094527303
"Gale",-3.45140628942865
"RGD1359108",-3.46091347378264
"Mblac2",-3.46346315277143
"Mrps36",-3.46853594886208
"Ncoa7",-3.47449718851646
"Acsl4",-3.48270077404202
"Tm7sf2",-3.49436838798841
"Fstl5",-3.50161931585646
"Rab1b",-3.50258315051569
"Rab3ip",-3.50775211127234
"Vstm2a",-3.5080278791781
"Skp1",-3.51348743530433
"Sybu",-3.51673690521963
"Rtcd1",-3.52048085095519
"Nap1l3",-3.52270864868748
"Prkar2b",-3.52427991654435
"Pnma2",-3.53440570042909
"Nrg3",-3.53952562844151
"Cdh18",-3.55085350821446
"Epn3",-3.55172853398172
"Gdap1",-3.5548298712249
"Rtn4",-3.55536098666068
"RGD1561327",-3.55542475866881
"Micu3",-3.56460360281505
"Adgra1",-3.56776758827668
"Actr10",-3.56930254239427
"Atpaf1",-3.56946728607977
"Slitrk3",-3.57164984486365
"Bcap29",-3.57818041199426
"Tsc22d1",-3.58031956783307
"Epdr1",-3.58061576401149
"Entpd4",-3.58274640594996
"Dnajc14",-3.58521294982293
"Rraga",-3.58808754143542
"RGD1310429",-3.59537692222114
"Tmeff2",-3.59703443055502
"Cd4",-3.60336648184142
"Dynll2",-3.61055410342079
"Epm2aip1",-3.61058159127571
"Slc25a5",-3.62182371555117
"Klhl9",-3.62670090601591
"Phtf1",-3.62680450978383
"Tmem184c",-3.63613111151317
"Slc30a9",-3.64374118153891
"Akain1",-3.64956702306299
"Spock3",-3.65815145799656
"Ypel3",-3.65974113301169
"Elavl2",-3.66402450786449
"Slitrk1",-3.66446539942894
"Atg4a",-3.6658559575254
"Vps50",-3.67753582754688
"LOC684792",-3.67817002758861
"Dock11",-3.68057882031215
"Chac2",-3.68851284470594
"Dnm1l",-3.69044537006696
"Zcchc12",-3.69303504548136
"Sec22b",-3.69464204184693
"Synpr",-3.69612216365855
"Selt",-3.69799050487699
"C2cd2",-3.69857291785647
"Gadd45a",-3.6998600216894
"Tmem169",-3.70478817873311
"Magee1",-3.71163781279162
"Slc25a53",-3.71551573812648
"Ttc9",-3.72293657927799
"Fgf13",-3.73489062443145
"Fkbp3",-3.73713285704356
"Sacm1l",-3.74450545314624
"Ubxn2a",-3.74772478373991
"Pgm2l1",-3.74799715273437
"Napb",-3.75442783132623
"Acer2",-3.75993467459544
"Tmem45b",-3.77617814443154
"Endod1",-3.78293966082849
"Plcxd3",-3.79653221893411
"Insig1",-3.80265565135808
"Hsph1",-3.81138701929495
"Dync1li2",-3.81690012010705
"Csmd3",-3.81765411607594
"Sh3bgr",-3.82005817828697
"Ranbp6",-3.83253472689311
"Lysmd2",-3.83666824023645
"Cacfd1",-3.839401021215
"Slc36a1",-3.84417045952111
"Adgre1",-3.86978617951355
"Chp1",-3.87774727645391
"Mtmr6",-3.87805371983006
"St13",-3.89407382777509
"Ost4",-3.90583093197806
"Oxr1",-3.92143297238078
"S100a13",-3.92716245614343
"Luzp2",-3.93199807043951
"Asnsd1",-3.95407093291561
"Cul2",-3.95465660391988
"Dync1i2",-3.95736830792701
"Brinp1",-3.96522349531007
"Elovl4",-3.97421088873038
"Ccl24",-3.9749671767405
"Tm6sf1",-3.98272222378843
"Syt11",-3.98319283613998
"Ndufaf1",-3.98357410248986
"Sqle",-3.98374328497253
"Osgepl1",-3.98740781581468
"Hspa4l",-3.99447559412115
"Psma5",-4.00048321943621
"Dnajb4",-4.00970221275623
"Cd164",-4.02079602059099
"Vps36",-4.03064396934703
"Fam69b",-4.04763557470128
"Snap91",-4.0580904079429
"Ankrd24",-4.06152899777902
"Sv2b",-4.06872423519254
"Fpgt",-4.07156945916166
"Galnt13",-4.07719020042048
"Pla2g3",-4.08944467898895
"Trappc4",-4.0950813507323
"Hopx",-4.10598096923953
"G3bp2",-4.12390143145706
"Tspan7",-4.12535701062804
"Gmcl1",-4.1387247324987
"Cops5",-4.14333721503497
"Cd59",-4.16881034252168
"Snx7",-4.17108408537956
"Gpr89b",-4.18128921213838
"Pkib",-4.18344318575923
"Hspa9",-4.18609819931247
"Pdhb",-4.19361505594964
"Ppa1",-4.21114632765947
"Msantd4",-4.21119319442796
"Ywhag",-4.22657525998739
"Nxpe3",-4.22994168862702
"Scoc",-4.23478440135051
"Hspd1",-4.23826256075928
"Cbln2",-4.24443157255405
"Calm1",-4.24583170817145
"Kcnv1",-4.25919285966515
"Atp6v1h",-4.26214229954416
"Hspa4",-4.26569968334104
"Vcp",-4.26973532843328
"Cacybp",-4.27932120564588
"Mfsd1",-4.31523226334734
"Dnaja1",-4.31710450387923
"Scn1a",-4.31943405113578
"Uqcrfs1",-4.33735142871436
"Tspan12",-4.34542689402409
"Kitlg",-4.34551709789108
"LOC108348061",-4.37708874924328
"Ndufs1",-4.39526174257028
"Cycs",-4.40523334652792
"Kctd8",-4.41390438347234
"Auh",-4.42451849768106
"Atp6v1c1",-4.43257671442607
"Gpr22",-4.45712478262776
"P2rx3",-4.47986090600115
"Glrx",-4.48596004009852
"LOC100125364",-4.48803257761682
"Nrg1",-4.50614862516463
"Fam19a2",-4.51343304700487
"Hapln1",-4.53335623645973
"LOC103694506",-4.54264616670658
"Ensa",-4.56062888811102
"Arntl",-4.57787068318013
"Rpl22l1",-4.58338566410445
"Kcnip1",-4.5847284936928
"Map7d2",-4.5911023796952
"Senp5",-4.59697073114808
"Tspan2",-4.60446708490652
"Caprin1",-4.63622986739763
"Nsg1",-4.65321035739318
"Il7r",-4.65853435033714
"Tppp3",-4.66461600765201
"LOC100362176",-4.66503012612811
"Azin1",-4.70456966722928
"Mest",-4.72359038449418
"Rbm11",-4.73135188485255
"Atp6v1b2",-4.76457912181314
"Tagln3",-4.81093387314031
"Fxyd7",-4.83025526604833
"Bnip3",-4.83428823138907
"Plaur",-4.86121799255074
"Acss2",-4.89595942360078
"Pctp",-4.94004373648101
"Cct6a",-4.95415362548966
"Ppef1",-5.01231099646201
"Etfa",-5.03983141266019
"Acat2",-5.0435756498937
"Ano4",-5.04455615393703
"Rab9b",-5.04530960304273
"Calm3",-5.0756701900722
"Extl2",-5.09810830845771
"Kbtbd3",-5.10998132595697
"Sst",-5.12271703999714
"B3galt5",-5.14158630088879
"Chordc1",-5.1490097431745
"Sytl2",-5.2221206947703
"Pik3r1",-5.22478075597787
"Polr3g",-5.2609899697616
"Nefm",-5.2826558698261
"Vwc2l",-5.30407335632233
"Nefh",-5.33561988690274
"Tfrc",-5.34849381598138
"Eif4a2",-5.358762100839
"Slitrk4",-5.36150849947806
"Dffa",-5.39786889613056
"Tmem230",-5.45330074170028
"Caprin2",-5.47198130606788
"LOC100125362",-5.51040467545739
"Zcchc18",-5.53704801668224
"Tsc22d3",-5.60539585645655
"Trim37",-5.76880597875708
"RGD1561113",-5.81769340968301
"Smim18",-5.83446819806473
"Slc25a4",-5.86629310608926
"Ccdc126",-5.97290123402871
"Nkiras1",-6.08185754216186
"Nefl",-6.14635596576755
"Ifi27l2b",-6.17644539568748
"Zwint",-6.20404374980399
"Mrap2",-6.2183873621461
"Nap1l5",-6.25507669419965
"Fabp3",-6.28397396933178
"Hebp2",-6.4270466600376
"Clcn4",-6.47674769660562
"Atl1",-6.49485919526231
"Nap1l2",-9.34826762828946
