"gene_id","gene_class","baseMean","log2FoldChange","lfcSE","stat","pvalue","padj"
"MSTRG.20494","MSTRG_novel_locus",2040.11879437891,6.13730769281122,0.283161844803736,21.6742043655814,3.59394533711633e-104,1.04634124544805e-99
"MSTRG.20493","MSTRG_novel_locus",1827.50332474616,6.09425860176602,0.285565987486215,21.3409820105422,4.72909297296069e-101,6.88414064073887e-97
"MSTRG.14351","MSTRG_novel_locus",9153.38999251201,-1.75010664813424,0.0994496422904974,-17.5979179796554,2.55547329138342e-69,2.48000164684456e-65
"MSTRG.6090","MSTRG_novel_locus",1483.96481009898,4.40242256632042,0.262815221849073,16.7510182071897,5.56653259189751e-63,4.0516007470126e-59
"MSTRG.15112","MSTRG_novel_locus",2308.03242945567,-1.19176405261767,0.0859129176162037,-13.8717678980663,9.39327290767949e-44,5.46951494868362e-40
"MSTRG.9381","MSTRG_novel_locus",3484.31622770732,3.46344619949931,0.254676602423535,13.5993890547491,4.03792322006964e-42,1.95933494381846e-38
"MSTRG.9056","MSTRG_novel_locus",741.181721661052,5.44787115148461,0.417247925773364,13.056676414597,5.82142980035197e-39,2.42121581724924e-35
"MSTRG.20709","MSTRG_novel_locus",756.872094427781,4.54582737122403,0.365217077671043,12.446918967241,1.45348508071908e-35,5.2895955800069e-32
"MSTRG.2908","MSTRG_novel_locus",1993.18304237976,1.32736050367314,0.113331751831226,11.7121678808058,1.10419697880738e-31,3.57195453788867e-28
"MSTRG.5945","MSTRG_novel_locus",176.76690767033,-7.70016706690857,0.699396603231398,-11.0097290025884,3.43033972685184e-28,9.98709108075645e-25
"MSTRG.29094","MSTRG_novel_locus",3328.67706679176,0.851062541830908,0.0775668777510729,10.971984002787,5.21160964520933e-28,1.3793709382784e-24
"ENSRNOG00000002412","annotated_Ensembl",497.773545234589,-12.3771070314819,1.18944839691383,-10.4057536784243,2.33401751521137e-25,5.66271549482199e-22
"MSTRG.9058","MSTRG_novel_locus",1167.13599996223,5.79560225428011,0.580239144245742,9.98829932753651,1.71498759013585e-23,3.84078066917041e-20
"MSTRG.5163","MSTRG_novel_locus",330.169543484371,11.8505945497127,1.19398969138848,9.92520675445002,3.2343172835258e-23,6.725993813755e-20
"MSTRG.3160","MSTRG_novel_locus",113.073882450539,-4.36263997423159,0.443474952104013,-9.83739882835224,7.76935809825631e-23,1.5079806111509e-19
"MSTRG.19264","MSTRG_novel_locus",4491.93353743002,1.58387729992381,0.164033433709785,9.65581993928185,4.64428925757925e-22,8.45086484032264e-19
"MSTRG.24342","MSTRG_novel_locus",2874.80839080521,-0.839477898360648,0.0879839048296573,-9.54126666673789,1.41098258877244e-21,2.41643218173652e-18
"MSTRG.9447","MSTRG_novel_locus",376.838107761588,3.61304546627773,0.383758224569523,9.41490041113939,4.73531081919009e-21,7.65910217721668e-18
"MSTRG.9052","MSTRG_novel_locus",360.690310456604,4.91650416086583,0.525893421743883,9.34886035380042,8.85971741266516e-21,1.35758848817018e-17
"MSTRG.3714","MSTRG_novel_locus",2163.37928502833,4.49039895043085,0.488472671260676,9.19273321645977,3.82983981612962e-20,5.57509782033989e-17
"MSTRG.13965","MSTRG_novel_locus",1508.75823820975,1.23796914203475,0.135782023857263,9.11732721951569,7.69998218855281e-20,1.06751086398822e-16
"MSTRG.17603","MSTRG_novel_locus",377.399961223174,4.07360645705801,0.448276686226444,9.087259235695,1.01567006513419e-19,1.34410083074168e-16
"MSTRG.11675","MSTRG_novel_locus",169.076880564636,5.2702272311294,0.580784812629529,9.07431998310737,1.14389540429781e-19,1.44797264350985e-16
"MSTRG.1384","MSTRG_novel_locus",158.173856177456,10.789016275068,1.2082728657571,8.92928789583277,4.28759726381777e-19,5.20121278078294e-16
"MSTRG.2427","MSTRG_novel_locus",214.506804682148,3.85433404743446,0.434011809789728,8.88071236886808,6.64335307088974e-19,7.73658325223535e-16
"MSTRG.9010","MSTRG_novel_locus",5880.20192995536,0.859042729861321,0.0974586483637334,8.81443303682211,1.2029224884168e-18,1.34699558952949e-15
"MSTRG.3054","MSTRG_novel_locus",211.667803036091,4.56234689459961,0.521567292684177,8.74737921375418,2.18364904174543e-18,2.35462067412506e-15
"MSTRG.2274","MSTRG_novel_locus",291.570322992981,-1.8194196044263,0.208399610609665,-8.73043667933764,2.53691204216891e-18,2.63784489984663e-15
"MSTRG.20002","MSTRG_novel_locus",4199.47633834953,1.81214701473694,0.20910386673995,8.66625301095266,4.46573973514836e-18,4.48329471203825e-15
"MSTRG.13889","MSTRG_novel_locus",6063.88489003341,1.47396429544351,0.171951901141097,8.57195695809159,1.01741118008002e-17,9.87363636561656e-15
"MSTRG.12628","MSTRG_novel_locus",112.661546367344,10.2993354214254,1.22048010391727,8.43875732866806,3.20729196629892e-17,3.01216446151054e-14
"MSTRG.2476","MSTRG_novel_locus",1051.78730706453,2.00103175189677,0.237909531902996,8.41089356904227,4.06898823030237e-17,3.70201635428197e-14
"MSTRG.21378","MSTRG_novel_locus",467.794999397311,2.30604817353473,0.280304566920701,8.22693757318312,1.92060489360673e-16,1.69443911734747e-13
"MSTRG.9957","MSTRG_novel_locus",1599.5752905444,2.04705149727662,0.250983183904567,8.15613008581078,3.45929856395168e-16,2.96217701149674e-13
"MSTRG.9059","MSTRG_novel_locus",1225.05385358748,4.66442897031376,0.584691673602494,7.97758747199965,1.4922115019937e-15,1.2412641619727e-12
"MSTRG.9060","MSTRG_novel_locus",81.66327418309,6.39209234819313,0.80829302147965,7.90813749262842,2.61268169699913e-15,2.11293374795646e-12
"MSTRG.5795","MSTRG_novel_locus",1287.60912809843,1.28633925984024,0.166249664102049,7.73739463949022,1.01474711031202e-14,7.98468847827684e-12
"MSTRG.16481","MSTRG_novel_locus",115.471732487599,5.87038048799955,0.759648570808679,7.72775822081818,1.09456980244518e-14,8.38613295483924e-12
"MSTRG.4308","MSTRG_novel_locus",162.446642219196,3.64252646291044,0.471606131975668,7.72366221713668,1.13034137683712e-14,8.43814329365025e-12
"MSTRG.22448","MSTRG_novel_locus",8347.03682759396,1.05606743446798,0.137019658281324,7.7074154739147,1.28391286972021e-14,9.34495982225852e-12
"MSTRG.9050","MSTRG_novel_locus",149.102172760732,5.00908857722779,0.652946089281371,7.67151937879093,1.6997079250375e-14,1.20695845194005e-11
"MSTRG.17233","MSTRG_novel_locus",757.57211422147,1.37531109412247,0.179375592458959,7.66721422501858,1.7577207372391e-14,1.20909992089603e-11
"MSTRG.23883","MSTRG_novel_locus",1349.92843922343,2.04114737759349,0.266288195342776,7.66518160884321,1.78578335503638e-14,1.20909992089603e-11
"MSTRG.10944","MSTRG_novel_locus",342650.880149026,-0.577398325377728,0.0759212952305136,-7.60522227162513,2.84414651229929e-14,1.88192003543367e-11
"MSTRG.9626","MSTRG_novel_locus",10805.9582018456,0.677259198137627,0.0893592446191547,7.57906136096021,3.48063874563022e-14,2.25189592089507e-11
"MSTRG.12765","MSTRG_novel_locus",2034.21487638586,2.20163576665356,0.297023661761323,7.41232450505145,1.24104627438459e-13,7.85474374618109e-11
"MSTRG.1540","MSTRG_novel_locus",122.852320762779,5.4211672399929,0.73988995847472,7.32699123416761,2.35377213660801e-13,1.4580366379831e-10
"MSTRG.9414","MSTRG_novel_locus",368.483558690977,3.63435375451716,0.497188076851603,7.30981679514796,2.67506859099642e-13,1.62254056163062e-10
"MSTRG.15771","MSTRG_novel_locus",9686.47869374334,1.27940085034211,0.178430960322362,7.17028506729256,7.48417600517665e-13,4.44682245336149e-10
"MSTRG.9051","MSTRG_novel_locus",667.226518940569,4.65330122988806,0.65192465399626,7.13778992919441,9.48434264462949e-13,5.52254303511486e-10
"MSTRG.9054","MSTRG_novel_locus",139.690644333902,4.40943184706462,0.620780516408282,7.10304484518418,1.22037782414093e-12,6.96668234745863e-10
"MSTRG.8961","MSTRG_novel_locus",2577.1914571577,0.940164579035103,0.133288855508754,7.05358730440413,1.74363021339853e-12,9.7623173140163e-10
"MSTRG.29474","MSTRG_novel_locus",1048.8366826809,1.30282166259064,0.188599213740774,6.9078849097502,4.91932809454996e-12,2.70228902159863e-09
"MSTRG.7015","MSTRG_novel_locus",7459.2214447002,-0.547724612117301,0.0794635895639084,-6.89277460435882,5.47145327151242e-12,2.94992389901505e-09
"MSTRG.16488","MSTRG_novel_locus",5844.65637985988,0.612796566606114,0.0898146345638699,6.82290330057889,8.92187152475809e-12,4.72275213766922e-09
"MSTRG.27345","MSTRG_novel_locus",7427.56142906139,-0.764679574255131,0.113004483187818,-6.76680741050074,1.31655136630577e-11,6.84465651404037e-09
"ENSRNOG00000057126","annotated_Ensembl",37.5122758760667,-8.64667125020511,1.29193253882913,-6.69281947031193,2.18911142988862e-11,1.11457049427838e-08
"MSTRG.20001","MSTRG_novel_locus",1970.68125777394,1.83869132831169,0.274811257412663,6.6907423866944,2.220412470569e-11,1.11457049427838e-08
"MSTRG.26433","MSTRG_novel_locus",2650.16049084637,-0.638302219107912,0.0954384064794229,-6.6881064201919,2.26076716860935e-11,1.11559280248971e-08
"MSTRG.5203","MSTRG_novel_locus",12090.1686289654,-0.696593292253942,0.104472493298106,-6.66771960985229,2.59808530636032e-11,1.26067759348957e-08
"MSTRG.17234","MSTRG_novel_locus",2275.47928289769,1.37371985913733,0.207718895847238,6.61336010637951,3.7569303331227e-11,1.79310278227105e-08
"MSTRG.16548","MSTRG_novel_locus",1306.37244603869,1.05735912863011,0.160015534827156,6.60785297985122,3.89933633998457e-11,1.83105287423082e-08
"MSTRG.20000","MSTRG_novel_locus",34186.8915061167,1.18538003001345,0.179669198926252,6.59756951718813,4.17952732832013e-11,1.93147235931289e-08
"MSTRG.15681","MSTRG_novel_locus",520.088180160157,-2.42664962744368,0.369644138779955,-6.56482647189556,5.20934911784986e-11,2.36976547214189e-08
"MSTRG.13807","MSTRG_novel_locus",6776.67406625897,1.34204587707288,0.204623986680751,6.55859510335266,5.43170617616143e-11,2.42912451161871e-08
"MSTRG.27393","MSTRG_novel_locus",9183.28686060363,-0.549699238680143,0.0838397148027285,-6.55654948223003,5.50670528841227e-11,2.42912451161871e-08
"MSTRG.21043","MSTRG_novel_locus",38.4739853378182,-8.68413356020291,1.32854527943752,-6.53657326898152,6.29443090841792e-11,2.69494208040705e-08
"MSTRG.2748","MSTRG_novel_locus",1808.10466982305,-0.754636701104944,0.115410876272766,-6.53869657242194,6.20572819891912e-11,2.69494208040705e-08
"MSTRG.4046","MSTRG_novel_locus",4034.95662825652,0.927747324458441,0.142369678831424,6.51646707412298,7.19826009696329e-11,2.99385920661413e-08
"MSTRG.7112","MSTRG_novel_locus",12357.4295825204,1.01367383210303,0.155544308250394,6.51694583688162,7.17533199166147e-11,2.99385920661413e-08
"MSTRG.29475","MSTRG_novel_locus",7383.22726986433,1.09340100001004,0.168187628456402,6.50107864677739,7.97461242326154e-11,3.27004036747657e-08
"MSTRG.28617","MSTRG_novel_locus",461.453752617255,2.58858563404807,0.399383983137629,6.48144578486021,9.08478133048718e-11,3.67353227299727e-08
"MSTRG.26600","MSTRG_novel_locus",271.755371163552,2.45320719455429,0.380979125328344,6.43921682701123,1.20091540646196e-10,4.78951385530594e-08
"MSTRG.15616","MSTRG_novel_locus",2721.39933874512,-0.782955960247133,0.12197668532395,-6.4188984818511,1.37263901683664e-10,5.35428037692961e-08
"MSTRG.20643","MSTRG_novel_locus",2049.54588334023,1.96550975301191,0.306241900954903,6.41816076403388,1.37930558586838e-10,5.35428037692961e-08
"MSTRG.16483","MSTRG_novel_locus",84.4498695039665,5.56258420828474,0.875210111059948,6.35571291737936,2.07462166364139e-10,7.94743883095467e-08
"MSTRG.16493","MSTRG_novel_locus",431.190678439343,-0.933085448723053,0.147226599034975,-6.33775048013839,2.33143993642881e-10,8.75464970443201e-08
"MSTRG.29188","MSTRG_novel_locus",1062.71137545067,-0.749779126431558,0.1183209424463,-6.33682517168796,2.34547872826028e-10,8.75464970443201e-08
"ENSRNOG00000061816","annotated_Ensembl",68.5845803661689,-6.02584611425784,0.957893508526306,-6.29072653757561,3.15983552128674e-10,1.16449938438914e-07
"MSTRG.24556","MSTRG_novel_locus",906.879141738167,1.54174890357578,0.24599803529919,6.26732202027819,3.67310065072453e-10,1.33673315431492e-07
"MSTRG.24570","MSTRG_novel_locus",1178.37151270579,1.26001790130951,0.20157990975362,6.25071170460172,4.08586476588359e-10,1.46859094807327e-07
"MSTRG.7028","MSTRG_novel_locus",1357.1337139363,3.31043606537547,0.531442653827153,6.22915010967892,4.6897228307468e-10,1.66508037188247e-07
"MSTRG.10824","MSTRG_novel_locus",623.372452749164,5.13573733741337,0.826476308078773,6.2140164058083,5.16471322218961e-10,1.8116320572389e-07
"MSTRG.9057","MSTRG_novel_locus",30.8212596120037,8.42987976507427,1.36055198467115,6.19592625643907,5.79432526160146e-10,2.00828554364601e-07
"MSTRG.24960","MSTRG_novel_locus",612.342885797157,1.08645902243838,0.175705897128882,6.18339532247715,6.27373404484363e-10,2.12387782536718e-07
"MSTRG.4180","MSTRG_novel_locus",1373.55622799277,0.746681369558912,0.120742980086478,6.18405615816445,6.24751258411904e-10,2.12387782536718e-07
"MSTRG.3055","MSTRG_novel_locus",231.771801657403,3.78494818429121,0.613107323662656,6.17338602592483,6.68427405872746e-10,2.23685005684818e-07
"MSTRG.10060","MSTRG_novel_locus",9715.70095529418,0.744900271803074,0.120735863781397,6.16966863426578,6.84332561363754e-10,2.2386132799488e-07
"MSTRG.10774","MSTRG_novel_locus",593.514149278934,-0.995847442075426,0.161392577751004,-6.17034225459746,6.81423289125083e-10,2.2386132799488e-07
"MSTRG.25615","MSTRG_novel_locus",15448.378863559,0.979572526809361,0.158856903008032,6.16638313010442,6.98696770243295e-10,2.26020641876259e-07
"MSTRG.8334","MSTRG_novel_locus",1409.93542262014,-0.70763232576619,0.116257556186255,-6.08676415520465,1.15215494857298e-09,3.68613617283008e-07
"MSTRG.19998","MSTRG_novel_locus",10012.5051968585,0.616758989936871,0.101366868976014,6.08442379810324,1.16910988809969e-09,3.69972448718853e-07
"MSTRG.16354","MSTRG_novel_locus",3480.61374023381,-0.777448838568189,0.128028092700716,-6.07248629709407,1.25944848745969e-09,3.94275088859156e-07
"MSTRG.16831","MSTRG_novel_locus",908.624354822757,-1.49529978408571,0.247256758421786,-6.04755879527844,1.47057008516436e-09,4.55469972973139e-07
"MSTRG.8424","MSTRG_novel_locus",3183.28509787059,0.852393320845472,0.141173976983957,6.03789267013661,1.56139858583589e-09,4.78511141347642e-07
"MSTRG.9045","MSTRG_novel_locus",55.8438133437843,5.55543784148939,0.921780190923797,6.02685748315094,1.6717829499103e-09,5.07003008371755e-07
"MSTRG.4421","MSTRG_novel_locus",3828.50683965504,-0.461326929429052,0.0771780899915634,-5.97743387377792,2.26679892087737e-09,6.80366843117772e-07
"ENSRNOG00000010278","annotated_Ensembl",38.7357927133983,8.75967039548334,1.47226532668339,5.94979059597667,2.68485762466658e-09,7.9552336879731e-07
"MSTRG.26178","MSTRG_novel_locus",2840.20812059068,-0.629535870012272,0.105829961595054,-5.948559940153,2.70511827680613e-09,7.9552336879731e-07
"MSTRG.16746","MSTRG_novel_locus",2205.47580873581,1.42952754285414,0.240852675100438,5.93527783014248,2.93348314317451e-09,8.54054282303828e-07
"MSTRG.10926","MSTRG_novel_locus",1924.6666369122,1.4456493932198,0.243846344118332,5.92852600865021,3.0566600451575e-09,8.81104955987283e-07
"MSTRG.18445","MSTRG_novel_locus",23735.533633515,-0.675993854450783,0.114323090810027,-5.91301240773917,3.35906864245692e-09,9.58783573102849e-07
"MSTRG.92","MSTRG_novel_locus",1642.52911389127,0.661025834443986,0.112490822349056,5.87626457554768,4.19627469363904e-09,1.18611981971463e-06
"ENSRNOG00000056580","annotated_Ensembl",26.5706915634646,8.215843957736,1.40464927103939,5.84903586050101,4.94430495978637e-09,1.34542721246076e-06
"MSTRG.18036","MSTRG_novel_locus",3136.24579964592,-0.780259622720378,0.133400020910729,-5.84902174222689,4.94472459068837e-09,1.34542721246076e-06
"MSTRG.23884","MSTRG_novel_locus",538.773345531281,1.94631906448512,0.332720425479078,5.8497131989497,4.92421340196488e-09,1.34542721246076e-06
"MSTRG.28622","MSTRG_novel_locus",377.073474171269,7.33003196758052,1.25310193645244,5.84950972810082,4.93024049536531e-09,1.34542721246076e-06
"MSTRG.2415","MSTRG_novel_locus",1431.55831522365,1.47770680842227,0.253551857458451,5.82802596373965,5.60868541833798e-09,1.51195617842122e-06
"MSTRG.19708","MSTRG_novel_locus",23.4868261263749,-7.97137655745408,1.3711409569381,-5.81368131198924,6.11137106850575e-09,1.63235281916033e-06
"MSTRG.24537","MSTRG_novel_locus",6017.58671794104,-0.52803326742085,0.0914449828263634,-5.7743273725961,7.72610932010335e-09,2.04489042495899e-06
"MSTRG.13551","MSTRG_novel_locus",135.75520441423,-4.5443383869194,0.787462627667314,-5.77086229524442,7.88669057131886e-09,2.06858657021061e-06
"MSTRG.21459","MSTRG_novel_locus",3199.08797044127,1.00261703691661,0.174830515922114,5.73479424703678,9.76307922241182e-09,2.51541848213538e-06
"MSTRG.6569","MSTRG_novel_locus",23104.031454709,-0.482424772561832,0.0841126188379255,-5.73546251712129,9.72465978826124e-09,2.51541848213538e-06
"MSTRG.2225","MSTRG_novel_locus",242.292244538866,2.48795302235109,0.434282711174426,5.72887881173752,1.01096583013706e-08,2.58186484022899e-06
"MSTRG.5483","MSTRG_novel_locus",1028.9155374262,0.686623645464564,0.12010987621347,5.71662936563379,1.08657755967523e-08,2.75083644107694e-06
"MSTRG.13014","MSTRG_novel_locus",24039.1011061359,-0.371136622795836,0.0651644222956317,-5.69538729449789,1.23092177230551e-08,3.08940142059506e-06
"MSTRG.20768","MSTRG_novel_locus",4864.4178730972,0.570945075494185,0.100424873897131,5.68529541873286,1.30586725064121e-08,3.24948881497165e-06
"MSTRG.14128","MSTRG_novel_locus",4998.59770679054,0.955086411726871,0.168050927387469,5.68331532931541,1.32108363427342e-08,3.25949397696917e-06
"MSTRG.28739","MSTRG_novel_locus",587.71176222591,1.08473629275505,0.190964011820224,5.68031789034801,1.34444630206996e-08,3.28926131415671e-06
"MSTRG.783","MSTRG_novel_locus",1118.22517541994,0.823896931553169,0.145301478392555,5.67025842178482,1.42582287948174e-08,3.45928394276927e-06
"MSTRG.22467","MSTRG_novel_locus",9146.92019945823,-0.409612585655657,0.0723673663652474,-5.66018367434141,1.51211067517122e-08,3.63831323941612e-06
"ENSRNOG00000043416","annotated_Ensembl",340.332617867764,1.30208899692276,0.230238434076259,5.6553937319235,1.5548941070502e-08,3.71058910103766e-06
"MSTRG.28592","MSTRG_novel_locus",2336.33692847954,-0.985106398035954,0.174417635750428,-5.64797472341347,1.62349039838921e-08,3.84278857387834e-06
"MSTRG.15774","MSTRG_novel_locus",3115.22076309414,1.00418438461843,0.178076789111214,5.63905262235653,1.7098828136653e-08,4.01463937395576e-06
"MSTRG.15882","MSTRG_novel_locus",4761.84494149746,0.537910192425187,0.095540006508048,5.63020887359763,1.79991512460298e-08,4.1922183150153e-06
"MSTRG.11058","MSTRG_novel_locus",7167.46431365506,-0.413960604221358,0.0736129940359527,-5.6234719106681,1.87157207788453e-08,4.32451979964526e-06
"MSTRG.20044","MSTRG_novel_locus",478.727961440367,-1.08487939428131,0.193045226346983,-5.61981984641944,1.91156681053453e-08,4.38215402534663e-06
"MSTRG.12417","MSTRG_novel_locus",338.628632955584,2.77367144719807,0.494715992051127,5.60659346324795,2.0634756862832e-08,4.66736932632902e-06
"MSTRG.26607","MSTRG_novel_locus",32110.3086063638,-0.443010753405846,0.0790214278927475,-5.60621043202517,2.06804507486585e-08,4.66736932632902e-06
"MSTRG.13562","MSTRG_novel_locus",191.26662593298,2.69708092560143,0.481654131794586,5.59962169441468,2.14820084981376e-08,4.81097842626753e-06
"MSTRG.1749","MSTRG_novel_locus",150.962832960037,2.31110143187607,0.412831739066928,5.59816800205228,2.16628773461824e-08,4.8144504660821e-06
"MSTRG.3239","MSTRG_novel_locus",130.014424666204,2.26503089178619,0.405665080884251,5.58349978472136,2.35726070127321e-08,5.19918848915668e-06
"MSTRG.27214","MSTRG_novel_locus",4515.75186403714,-0.476385360752269,0.0856313898496825,-5.56320949115175,2.64857614468729e-08,5.79779292303952e-06
"MSTRG.27907","MSTRG_novel_locus",2108.35841816253,0.772320255453556,0.139562489880014,5.53386698759488,3.13246559809678e-08,6.80586592708878e-06
"MSTRG.10223","MSTRG_novel_locus",237553.968393801,-0.54834583911203,0.0994711404796292,-5.51261236644136,3.53546327322755e-08,7.6245539064257e-06
"MSTRG.3142","MSTRG_novel_locus",21.0067693694263,7.87580154714177,1.43256776664573,5.49768166680346,3.84816795132953e-08,8.23790895110353e-06
"MSTRG.17244","MSTRG_novel_locus",1275.22123902921,0.840972664610079,0.153514805044751,5.4781209171645,4.29866351758469e-08,9.13513063145699e-06
"MSTRG.9049","MSTRG_novel_locus",22.2772888120722,7.96181528711063,1.45486506811652,5.47254550376829,4.43616799904486e-08,9.35902863218783e-06
"MSTRG.15775","MSTRG_novel_locus",573.221929322938,1.04182738678254,0.190934384928315,5.45646813261888,4.85698395672208e-08,1.01731101378422e-05
"ENSRNOG00000009153","annotated_Ensembl",48.8359920548345,3.53123217323613,0.649567993861134,5.43627796721622,5.44050592665779e-08,1.13139206820511e-05
"MSTRG.24824","MSTRG_novel_locus",96.5113404915958,2.01476350577389,0.370872710273641,5.43249327858967,5.55720475384616e-08,1.14746424967005e-05
"MSTRG.15770","MSTRG_novel_locus",382.16984682898,0.959589794162228,0.176749388257654,5.4290982482123,5.66394993101302e-08,1.16126928374305e-05
"MSTRG.29248","MSTRG_novel_locus",1931.67423014324,0.518702580093046,0.0955940213244355,5.42609854577231,5.75991660438161e-08,1.17268679734242e-05
"MSTRG.8674","MSTRG_novel_locus",1279.13857695345,-0.54451533806312,0.100374694577982,-5.4248268485647,5.80107471310289e-08,1.17286450831443e-05
"MSTRG.8610","MSTRG_novel_locus",633.439003882535,-0.895694047226214,0.166163966145724,-5.39042289373798,7.02920712348826e-08,1.41136783581543e-05
"MSTRG.4624","MSTRG_novel_locus",948.815555605382,1.38368684468862,0.257189904059239,5.38002006630056,7.44775366297698e-08,1.48516369961583e-05
"MSTRG.26360","MSTRG_novel_locus",450.923696304312,-1.08522715833793,0.201841260590376,-5.37663684404114,7.58900245398643e-08,1.50303549282558e-05
"MSTRG.2161","MSTRG_novel_locus",652.24820508329,1.46267308130952,0.272151336346897,5.37448428856925,7.68021795081236e-08,1.51082341499967e-05
"MSTRG.9055","MSTRG_novel_locus",58.9144680539771,4.53791917451612,0.845060877638812,5.36993167544986,7.87664783232535e-08,1.53906526839141e-05
"MSTRG.16261","MSTRG_novel_locus",1275.29445631389,1.1040417035033,0.205858098881782,5.36312007883313,8.1796590065527e-08,1.58761728211184e-05
"MSTRG.4402","MSTRG_novel_locus",2056.15119926957,0.765126616186765,0.143277949937341,5.34015608487818,9.28665914423371e-08,1.79054168427298e-05
"MSTRG.10928","MSTRG_novel_locus",274.544998599948,-1.40382336959792,0.263157461146025,-5.33453759389685,9.57883416897608e-08,1.83472485523401e-05
"MSTRG.16165","MSTRG_novel_locus",3167.90490138487,-0.537326369839606,0.100991668711587,-5.3205019453051,1.0348134250295e-07,1.96912144158882e-05
"MSTRG.8721","MSTRG_novel_locus",97.6019523942918,4.76851866879903,0.89796297202172,5.31037338662522,1.09400865872608e-07,2.06824468117863e-05
"MSTRG.28959","MSTRG_novel_locus",1155.16220814109,0.600882975568113,0.113193715736004,5.3084481913247,1.1056250187532e-07,2.07672043845037e-05
"MSTRG.9637","MSTRG_novel_locus",175.274204610389,1.88245111243975,0.35655206049232,5.27959678550308,1.29468477366618e-07,2.41624695516137e-05
"MSTRG.23096","MSTRG_novel_locus",1190.9971218947,0.981624836257867,0.186152674165961,5.27322446833461,1.34047443471785e-07,2.48576896129781e-05
"MSTRG.26127","MSTRG_novel_locus",1195.40276412342,-0.633679873568448,0.120710136925554,-5.24959949270258,1.52430254788104e-07,2.79969352216986e-05
"MSTRG.9380","MSTRG_novel_locus",283.162255409231,2.25750906683422,0.430080914062889,5.24903336329898,1.52899385184107e-07,2.79969352216986e-05
"MSTRG.13729","MSTRG_novel_locus",2105.73503047163,1.04175466098799,0.198595291953638,5.24561610066359,1.55760935442247e-07,2.83426492154098e-05
"MSTRG.22951","MSTRG_novel_locus",706.737793336538,0.704552984426475,0.134634177603953,5.2330916039687,1.66698073362786e-07,2.99583191844701e-05
"MSTRG.23092","MSTRG_novel_locus",11229.6803453177,-0.427918151077653,0.081763471122314,-5.23361037886355,1.66230662687287e-07,2.99583191844701e-05
"MSTRG.21803","MSTRG_novel_locus",17.0044949266147,-7.50545332563875,1.43502675775794,-5.23018353843461,1.69341829682581e-07,3.02467363765562e-05
"MSTRG.11046","MSTRG_novel_locus",519.46710595584,-0.829015166578045,0.158771523853166,-5.22143484208621,1.77542098704624e-07,3.15180528151611e-05
"MSTRG.27098","MSTRG_novel_locus",271.079596760685,1.96562178844757,0.378651205247321,5.19111456984191,2.09038941231641e-07,3.68846044546546e-05
"MSTRG.24394","MSTRG_novel_locus",920.577968920769,-1.04587375868026,0.201705938643828,-5.18514113026223,2.15851347136728e-07,3.78572055454139e-05
"ENSRNOG00000017762","annotated_Ensembl",310.443353497273,1.39637899976375,0.270640665824294,5.15953134947691,2.47568768565978e-07,4.31599828025742e-05
"MSTRG.7345","MSTRG_novel_locus",1625.57852755521,0.987013255625036,0.1916973751473,5.14880944439963,2.62145029928354e-07,4.54291095317506e-05
"MSTRG.8057","MSTRG_novel_locus",79.9623058875728,4.53101807873258,0.880948111678928,5.14334274478127,2.6989257806325e-07,4.64949853120323e-05
"MSTRG.18479","MSTRG_novel_locus",16823.1030361916,-0.532159106725486,0.103690490769443,-5.13218813776037,2.86393010692289e-07,4.90473300782076e-05
"MSTRG.14115","MSTRG_novel_locus",4817.18366971224,0.806552592517514,0.157651975224348,5.11603226898833,3.12029701261409e-07,5.31253375586238e-05
"MSTRG.9737","MSTRG_novel_locus",2472.04490265738,0.525762495412196,0.102867726474197,5.11105390808923,3.20366542664835e-07,5.42276251345583e-05
"MSTRG.18653","MSTRG_novel_locus",2699.66349906162,-0.581502383883417,0.114090627115929,-5.0968462404238,3.45358610826924e-07,5.77860379058336e-05
"MSTRG.25861","MSTRG_novel_locus",1401.17585285693,-0.547154256838184,0.107345733055461,-5.09712162061898,3.44856786876882e-07,5.77860379058336e-05
"MSTRG.10320","MSTRG_novel_locus",270.673222702326,-0.916952188512622,0.180066691670655,-5.09229208358948,3.53760559830281e-07,5.88536282222788e-05
"MSTRG.19555","MSTRG_novel_locus",11437.2219591303,1.00643458656233,0.197738878996687,5.08971524299574,3.58601606842214e-07,5.89848993310972e-05
"MSTRG.21656","MSTRG_novel_locus",2559.43825319721,-0.601284201528857,0.118127791174875,-5.09011635237234,3.57843873063713e-07,5.89848993310972e-05
"MSTRG.16184","MSTRG_novel_locus",356.472883354343,-2.64154831251866,0.519933928062136,-5.08054614239941,3.76351303087219e-07,6.15566957195578e-05
"MSTRG.23807","MSTRG_novel_locus",495.502180706757,1.7898173598483,0.352479864534629,5.0777861090345,3.81858223611623e-07,6.21084934202725e-05
"MSTRG.19301","MSTRG_novel_locus",10584.0326045845,-0.464457817145518,0.0917920535014471,-5.05989134602154,4.19495453870722e-07,6.785105913329e-05
"MSTRG.860","MSTRG_novel_locus",889.785829274073,0.819080146737386,0.16197652145888,5.0567831643756,4.2638757631088e-07,6.8584795009475e-05
"MSTRG.23522","MSTRG_novel_locus",12614.7903247364,0.781221103440528,0.154531963490992,5.05540139264501,4.29486494668015e-07,6.87036802514538e-05
"MSTRG.17048","MSTRG_novel_locus",98037.3326024916,-0.40049775134358,0.0794048682108506,-5.04374303953384,4.56512270865918e-07,7.25131408580466e-05
"MSTRG.21817","MSTRG_novel_locus",1850.06576965456,1.24146495947792,0.246175728633277,5.04300308714556,4.58281854704973e-07,7.25131408580466e-05
"MSTRG.14368","MSTRG_novel_locus",120.025277150822,1.84286013339169,0.366462608942209,5.02878080443484,4.93608256082966e-07,7.76805987437809e-05
"MSTRG.26960","MSTRG_novel_locus",43333.7449308243,-0.299716056716241,0.0596363596744947,-5.02572689466865,5.01529202249774e-07,7.85028021198921e-05
"MSTRG.6543","MSTRG_novel_locus",281.658808492738,1.66374916473435,0.331430871778864,5.01989798296287,5.16989285355941e-07,8.0489978897609e-05
"MSTRG.15235","MSTRG_novel_locus",133.78701462817,-1.5560848367131,0.310086583258741,-5.01822691056155,5.21505588065893e-07,8.05199216119508e-05
"MSTRG.22112","MSTRG_novel_locus",33359.3125971935,0.733377869968973,0.146155769967857,5.01778253523798,5.2271296230881e-07,8.05199216119508e-05
"MSTRG.4984","MSTRG_novel_locus",424.199181143039,0.811176696429407,0.161970353248764,5.0081800783848,5.49471139243814e-07,8.4196330252339e-05
"ENSRNOG00000037191","annotated_Ensembl",17.4166099468011,7.60672750337279,1.51943476208192,5.00628766249241,5.5489811237149e-07,8.45827415894427e-05
"MSTRG.8686","MSTRG_novel_locus",2379.53251489418,-0.705417388173863,0.14094931469631,-5.00475926182229,5.59318868965843e-07,8.48125497451643e-05
"MSTRG.28866","MSTRG_novel_locus",494.303022186776,0.941062068609981,0.189332184531619,4.97042840834502,6.68051258202217e-07,0.00010077535922953
"MSTRG.24725","MSTRG_novel_locus",665.204090084722,0.908700297675152,0.1832306491718,4.9593247733524,7.07386208517559e-07,0.000106158979766908
"MSTRG.11030","MSTRG_novel_locus",17197.5566694998,-0.402158296299255,0.0813525186888145,-4.94340313958281,7.67705010362504e-07,0.000114620326521507
"MSTRG.8058","MSTRG_novel_locus",164.660777401284,1.14628960536979,0.232074563762499,4.93931599734853,7.83970803422154e-07,0.000116451663116493
"MSTRG.60","MSTRG_novel_locus",6561.50637672884,0.757245757705531,0.153683180205159,4.92731707331047,8.33664105865395e-07,0.000123204552173427
"MSTRG.20274","MSTRG_novel_locus",4297.06384708938,-0.559463097479094,0.113675104462902,-4.92159739040905,8.58406663711613e-07,0.000126220462663131
"MSTRG.26189","MSTRG_novel_locus",4669.18674772224,-0.697033085649713,0.141926031343602,-4.91124199733451,9.05013110954055e-07,0.000132404782473952
"MSTRG.18892","MSTRG_novel_locus",2263.62992488254,0.731120371540192,0.148958380396098,4.90821912534266,9.19071345041423e-07,0.000133123597709134
"MSTRG.26440","MSTRG_novel_locus",8023.35566932937,-0.453904380309137,0.0924735599411664,-4.90847741341331,9.17861976763724e-07,0.000133123597709134
"MSTRG.4300","MSTRG_novel_locus",1797.13635300765,-0.542732434527238,0.110761764180179,-4.89999810443939,9.58375799619395e-07,0.000138129470446134
"MSTRG.3261","MSTRG_novel_locus",2697.13051151363,-0.72716556589774,0.148625776205255,-4.8925938990119,9.95156106179898e-07,0.000142724014164145
"ENSRNOG00000015248","annotated_Ensembl",90.898143257244,2.49610736167398,0.51078772780762,4.88678021374487,1.02498407129007e-06,0.000144861098308443
"MSTRG.10734","MSTRG_novel_locus",18683.3869717674,0.409256396477768,0.0837452415560201,4.8869212014154,1.02425063792476e-06,0.000144861098308443
"MSTRG.11117","MSTRG_novel_locus",17982.908615229,0.910215170066557,0.18625257117892,4.88699385090462,1.02387290453129e-06,0.000144861098308443
"MSTRG.17229","MSTRG_novel_locus",526.323912612287,2.150067102191,0.441065970975255,4.8747063788143,1.08970411624184e-06,0.000153263988600313
"MSTRG.26573","MSTRG_novel_locus",6783.8278778573,-0.635526063273326,0.130758899940109,-4.86028915480641,1.17214422512948e-06,0.000163281373064209
"MSTRG.28212","MSTRG_novel_locus",5043.99394990756,-0.460122630616466,0.0946618227635213,-4.86069903561775,1.16971971602367e-06,0.000163281373064209
"MSTRG.27346","MSTRG_novel_locus",1070.45284363934,-0.669523790404745,0.137800227692366,-4.85865518233708,1.18185757281959e-06,0.000163850482738426
"MSTRG.24092","MSTRG_novel_locus",15.3059405643033,7.41857926833632,1.52828720351566,4.85417875074178,1.20886660663349e-06,0.000166800674812926
"MSTRG.5893","MSTRG_novel_locus",13536.3461103578,-0.383373268410344,0.0792268134675851,-4.83893333116568,1.30537822101156e-06,0.000179267837389295
"MSTRG.1231","MSTRG_novel_locus",172.167286728418,1.90265797847027,0.393454245080045,4.83577951505692,1.32624864610164e-06,0.000181051950128
"MSTRG.18799","MSTRG_novel_locus",1433.5433053108,0.636860505134713,0.131741449118191,4.83416957531231,1.33702580468228e-06,0.000181051950128
"MSTRG.28202","MSTRG_novel_locus",331.304508182062,1.10928970743482,0.229436616427749,4.83484164256818,1.33251669139153e-06,0.000181051950128
"MSTRG.8795","MSTRG_novel_locus",40154.964534242,-0.400777656951603,0.08354074963579,-4.79739119769527,1.60745472256294e-06,0.000216664059225451
"ENSRNOG00000017325","annotated_Ensembl",14.803781333639,7.37118575313978,1.5389195445088,4.78984478392114,1.66910372754121e-06,0.000223936801491405
"MSTRG.11537","MSTRG_novel_locus",7406.39364466252,-0.357216818802585,0.0746966423031818,-4.78223395039229,1.73357749019538e-06,0.000231520069034626
"MSTRG.21310","MSTRG_novel_locus",55823.2936649602,-0.542000715417616,0.113472048074709,-4.77651302337265,1.78361006987615e-06,0.00023603647079261
"MSTRG.22449","MSTRG_novel_locus",2669.96613174846,0.676601997224833,0.141650540219533,4.7765578315213,1.78321286036606e-06,0.00023603647079261
"MSTRG.24554","MSTRG_novel_locus",2512.13900132419,-0.554505233096837,0.116126357896004,-4.77501613882886,1.79692843010624e-06,0.000236722960697344
"MSTRG.15470","MSTRG_novel_locus",1914.85186740321,0.457612166564173,0.096105740519293,4.76154872842699,1.92112896836807e-06,0.000251944814347154
"MSTRG.27752","MSTRG_novel_locus",221.339111229674,-1.04534958677113,0.219842486220814,-4.75499347164934,1.98452829949655e-06,0.000259092183459832
"MSTRG.8770","MSTRG_novel_locus",218.707336718888,1.00951968376205,0.212366969941334,4.7536567670619,1.99770070916286e-06,0.000259647582350748
"MSTRG.28618","MSTRG_novel_locus",31.852026884792,3.40606593583066,0.716832815843065,4.75154856272141,2.01864662584402e-06,0.000261203901621434
"MSTRG.3053","MSTRG_novel_locus",39.9574046420723,5.32066697601118,1.12113753613679,4.74577543299914,2.07709057102691e-06,0.000267577057012732
"MSTRG.11752","MSTRG_novel_locus",760.892116134437,0.658094635127097,0.13888627083799,4.73837069104375,2.15443437200399e-06,0.000276318071834908
"MSTRG.27141","MSTRG_novel_locus",15144.3054275495,0.618050302101179,0.130633805623153,4.73116663143157,2.23233181158689e-06,0.000285053106853249
"MSTRG.18050","MSTRG_novel_locus",7969.90200497282,-0.588419183156057,0.124434353266961,-4.7287518897106,2.25904238321421e-06,0.00028720419189912
"MSTRG.23258","MSTRG_novel_locus",700.609574416479,1.25684994891744,0.266045924295277,4.72418418830012,2.31040947856243e-06,0.000292457658951594
"MSTRG.25580","MSTRG_novel_locus",1117.8627113851,1.13510565631443,0.240596417583805,4.71788261734631,2.38311920706092e-06,0.000300355552356588
"ENSRNOG00000026036","annotated_Ensembl",43.4390994144394,2.6552645062505,0.562983462366525,4.71641652685317,2.40034780019842e-06,0.000301222956271451
"MSTRG.21039","MSTRG_novel_locus",35786.4716121996,-0.395379254886268,0.0839572575225327,-4.70929216310043,2.48578541420242e-06,0.000310605822099095
"ENSRNOG00000020579","annotated_Ensembl",174.477193404421,1.2139228293559,0.25782370015002,4.70834461164568,2.4973663543622e-06,0.000310719333508124
"MSTRG.20233","MSTRG_novel_locus",16479.7680765981,-0.389505177533218,0.082835674504576,-4.7021428854509,2.57445233165947e-06,0.000318947256101846
"MSTRG.1729","MSTRG_novel_locus",1921.97043092546,1.14673268053495,0.244027886622108,4.6991870331227,2.61199163228033e-06,0.000320867191486116
"MSTRG.26359","MSTRG_novel_locus",120.955233824036,-1.38586629881086,0.294889273793494,-4.69961582862238,2.60651353790822e-06,0.000320867191486116
"MSTRG.25611","MSTRG_novel_locus",467.472763196782,0.902422106661025,0.192205773920018,4.69508323426614,2.66498187773356e-06,0.000326001186505609
"MSTRG.22256","MSTRG_novel_locus",2327.59454883339,0.711983048458652,0.151849360084416,4.68874579427169,2.74884603942955e-06,0.000334853153104401
"MSTRG.16645","MSTRG_novel_locus",251.030910920309,5.69579955451212,1.22086502012092,4.66538025141222,3.08046850055947e-06,0.000373686499688702
"ENSRNOG00000026548","annotated_Ensembl",14.5846476123474,-7.2853118823679,1.56378061205618,-4.65878130615048,3.1808690882205e-06,0.000384264824209343
"MSTRG.7144","MSTRG_novel_locus",317.757089690258,-1.01674033472462,0.220486573305074,-4.61134807205617,4.00065999719056e-06,0.000481302541976057
"MSTRG.29012","MSTRG_novel_locus",28477.6560471181,0.59169374387649,0.128492002035126,4.60490718881273,4.12649854678256e-06,0.000494398677740853
"MSTRG.6214","MSTRG_novel_locus",1928.86984188122,0.509848401467839,0.1108013857867,4.60146231789311,4.19535064406217e-06,0.000500587863324697
"MSTRG.14434","MSTRG_novel_locus",945.753803132313,-1.44709980895139,0.314677884326428,-4.59867019904792,4.25196268574995e-06,0.000505272006664997
"ENSRNOG00000049976","annotated_Ensembl",42.3809703745845,3.84612407273138,0.836886444711074,4.5957538170656,4.31187553645107e-06,0.00051030871694405
"MSTRG.8678","MSTRG_novel_locus",1975.28175983056,-0.503041791058696,0.109573340679985,-4.5909140666602,4.41309019770545e-06,0.000520172906947355
"ENSRNOG00000001251","annotated_Ensembl",11.3963610790306,6.99374336356873,1.52508232519984,4.58581366265083,4.52221794811416e-06,0.000530886505408854
"MSTRG.19253","MSTRG_novel_locus",2241.15726635507,-1.41436763936349,0.308616693258143,-4.58292655666696,4.5851311555462e-06,0.000536110475753302
"MSTRG.10669","MSTRG_novel_locus",178.303362767819,2.04784373665625,0.446942853918438,4.58189166400668,4.60788607090922e-06,0.000536615980273804
"MSTRG.11553","MSTRG_novel_locus",2344.63808663951,0.378955703652945,0.0829214048723627,4.5700588917452,4.87587177822184e-06,0.000565562274705779
"MSTRG.22475","MSTRG_novel_locus",172.066434063213,1.54588578823284,0.338380113054512,4.56848889338778,4.91253095796246e-06,0.00056755327900841
"MSTRG.11878","MSTRG_novel_locus",17600.7290881798,0.400781064284777,0.0877576248054544,4.56690874637103,4.94969355905478e-06,0.000569586475408383
"MSTRG.23912","MSTRG_novel_locus",1588.85752822965,-0.519341841890606,0.113808378330059,-4.56330060678351,5.03556333395019e-06,0.000574923101586768
"MSTRG.23974","MSTRG_novel_locus",14482.9175589291,-0.392212497525122,0.085944775407886,-4.56354089778834,5.0298006103984e-06,0.000574923101586768
"MSTRG.24582","MSTRG_novel_locus",1840.86881522077,0.793641682908108,0.174256859877097,4.55443581083616,5.25263601444106e-06,0.000597364237986083
"MSTRG.16875","MSTRG_novel_locus",4963.54902014819,-0.459778270109038,0.100980721393404,-4.55312918906392,5.28537930548444e-06,0.000598749156030638
"MSTRG.13550","MSTRG_novel_locus",875.482454434747,-5.56933040703217,1.22394753778111,-4.55030157348801,5.35690831693785e-06,0.000602166134128681
"MSTRG.4596","MSTRG_novel_locus",7408.07492520289,-0.435449581190984,0.0956865015083432,-4.55079425338814,5.34437888235546e-06,0.000602166134128681
"ENSRNOG00000007332","annotated_Ensembl",67.4904554182415,2.38446979443942,0.525056343788249,4.5413598419469,5.58925383344565e-06,0.00062586744656514
"MSTRG.16192","MSTRG_novel_locus",9064.32075039134,-0.504300817125887,0.111300838835564,-4.53097049763426,5.87133383395024e-06,0.000654934916634587
"MSTRG.7766","MSTRG_novel_locus",3310.07682015131,0.430213453961298,0.0950080438208981,4.52817926419265,5.94940999952905e-06,0.000661111155443851
"MSTRG.14241","MSTRG_novel_locus",5457.34719089704,-0.407454330672799,0.0900356191113032,-4.52547930135405,6.02587793108878e-06,0.000667062395763189
"MSTRG.20732","MSTRG_novel_locus",5060.98452662097,0.513625811349749,0.113587078126014,4.52186833065578,6.12961857861117e-06,0.000675976194309415
"MSTRG.18888","MSTRG_novel_locus",32480.8255920337,-0.33142670236362,0.073338648442042,-4.51912749149638,6.20949963575767e-06,0.000682201405265844
"MSTRG.1959","MSTRG_novel_locus",532.487220340491,-0.841061653090796,0.186183877858265,-4.51737101389124,6.26121443481639e-06,0.000685296981410693
"MSTRG.8683","MSTRG_novel_locus",1848.96439164956,-0.477643367268311,0.105842367135211,-4.51278046964063,6.39832399836967e-06,0.000697680917185522
"MSTRG.3322","MSTRG_novel_locus",1043.51169230736,0.77374273420999,0.171502055287497,4.51156537402965,6.43509431564416e-06,0.000699072148901732
"MSTRG.14976","MSTRG_novel_locus",34883.2415680921,0.346600216399572,0.0769327976784558,4.50523348764989,6.63000023421009e-06,0.000717568129437891
"MSTRG.23095","MSTRG_novel_locus",713.970362403554,1.12148668460689,0.249096148422939,4.50222410786828,6.72460179218096e-06,0.000725111320657617
"MSTRG.20644","MSTRG_novel_locus",157.685916777461,1.27917990960273,0.284578425825995,4.49499959770277,6.95700786947792e-06,0.000747403421077417
"MSTRG.3878","MSTRG_novel_locus",1281.44691358673,-0.531760263298449,0.118402132163462,-4.4911375629986,7.08437741469448e-06,0.000758288838424321
"MSTRG.9357","MSTRG_novel_locus",2533.4417624956,-0.495209224836903,0.110374955900309,-4.48660858613775,7.23658433112986e-06,0.000771743282844377
"MSTRG.8630","MSTRG_novel_locus",18401.4826549344,-0.402248589227861,0.0899123925871446,-4.47378362040577,7.68475094339129e-06,0.000816546857539759
"MSTRG.6625","MSTRG_novel_locus",121.19722838532,2.37149811616637,0.530300807604676,4.47198661996807,7.74962773548218e-06,0.000820446043239375
"MSTRG.1169","MSTRG_novel_locus",5642.09996717385,-0.556850679315426,0.125000849717283,-4.4547751521279,8.39811617292299e-06,0.000876353957915699
"MSTRG.28067","MSTRG_novel_locus",7330.18567751241,-0.353416946411833,0.0793274631595231,-4.45516511351348,8.38286536734447e-06,0.000876353957915699
"MSTRG.28783","MSTRG_novel_locus",1793.55079509473,0.591324914265856,0.132717901784093,4.45550228203449,8.36970055282288e-06,0.000876353957915699
"MSTRG.7029","MSTRG_novel_locus",226.85242678074,1.56287666973967,0.350649350893643,4.45709272170795,8.3078675045928e-06,0.000876353957915699
"MSTRG.24428","MSTRG_novel_locus",282.587766948304,-0.82401672763838,0.185045163241893,-4.45305736827725,8.46561238615453e-06,0.000880242282180368
"MSTRG.22033","MSTRG_novel_locus",883.541547558841,0.652600603201203,0.146603655000968,4.45146202662474,8.52876163223128e-06,0.000883394088887546
"MSTRG.27804","MSTRG_novel_locus",36.6502923713444,4.76370395101241,1.07031197346193,4.45076208537982,8.5566096402517e-06,0.000883394088887546
"MSTRG.13206","MSTRG_novel_locus",7441.23151843359,-0.412814818353606,0.0929518702716103,-4.44116742511301,8.94721455722611e-06,0.000920456553424314
"MSTRG.22553","MSTRG_novel_locus",53104.2836773526,0.658019630219819,0.148367064010153,4.4350788674688,9.20385877709745e-06,0.000943525156466251
"MSTRG.12802","MSTRG_novel_locus",70836.5022359978,0.561125921813686,0.12659509509596,4.4324459915951,9.31700451351449e-06,0.000951772875110389
"MSTRG.19031","MSTRG_novel_locus",12572.8448677886,-0.465758772442802,0.1052603112424,-4.42482799970277,9.65191530294416e-06,0.00097911450219483
"MSTRG.24367","MSTRG_novel_locus",467.956034611265,-0.837833419968255,0.189343728541378,-4.42493356617914,9.64719666670456e-06,0.00097911450219483
"MSTRG.12073","MSTRG_novel_locus",505.85359224656,-0.605588410177007,0.137064894994339,-4.41826049041965,9.94984586414642e-06,0.00100583268225263
"MSTRG.20270","MSTRG_novel_locus",14742.2997133138,-0.332308509401723,0.0753038817362852,-4.41290012864769,1.01995053875756e-05,0.00102750311368124
"MSTRG.12374","MSTRG_novel_locus",48311.3127612918,-0.460108690782117,0.104457092125364,-4.40476258165333,1.05899795886854e-05,0.00105954967711596
"MSTRG.1965","MSTRG_novel_locus",553.85270796766,0.754711944380634,0.171340318808361,4.40475394016722,1.05904017325254e-05,0.00105954967711596
"MSTRG.18484","MSTRG_novel_locus",80.5100899212015,-1.96382418774805,0.446034615283523,-4.40285152868627,1.06837283166629e-05,0.00106493970890325
"MSTRG.8673","MSTRG_novel_locus",4763.85405373762,-0.526168634467786,0.119524877017754,-4.40216838198151,1.07174326684293e-05,0.00106493970890325
"MSTRG.10204","MSTRG_novel_locus",2678.59962964067,-0.392271380849377,0.0893471905088061,-4.39041651579088,1.13133745038282e-05,0.00112033192280426
"MSTRG.25100","MSTRG_novel_locus",3379.81479411526,0.813138251418489,0.185345880798822,4.38713958958216,1.1485108514387e-05,0.00113348287894191
"MSTRG.17362","MSTRG_novel_locus",577.425115357793,1.25275470167071,0.285994663803561,4.38034292322034,1.18492683275963e-05,0.00116547161516769
"MSTRG.5059","MSTRG_novel_locus",5351.78450795607,-0.471977965010041,0.107866744905427,-4.3755651051105,1.21118283700652e-05,0.00118728542480161
"ENSRNOG00000025119","annotated_Ensembl",54.4353748497503,2.57433277707115,0.588466627550769,4.37464531809675,1.21630076057101e-05,0.00118830135380082
"MSTRG.27051","MSTRG_novel_locus",9714.99773929355,0.472872034239104,0.108116392009737,4.3737311747928,1.22140772613087e-05,0.00118929981734362
"MSTRG.27779","MSTRG_novel_locus",1093.93691239916,0.703400391771475,0.160946000109422,4.37041238237208,1.24012108403738e-05,0.00120349617468881
"MSTRG.11859","MSTRG_novel_locus",1413.47234820885,-0.615243545571003,0.140870524219595,-4.36743988126243,1.25711383300256e-05,0.00121593395794141
"MSTRG.9299","MSTRG_novel_locus",27858.7413295716,-0.279351437705087,0.0639929066213352,-4.36535004353047,1.2691934723742e-05,0.00122355293889743
"MSTRG.11251","MSTRG_novel_locus",3289.49504376076,-0.840529843616601,0.19258192251034,-4.36453137792033,1.27395563235816e-05,0.00122409057031272
"MSTRG.19757","MSTRG_novel_locus",202.463104228528,-1.51240691386697,0.346606235280439,-4.36347289783544,1.28013806374219e-05,0.00122598485486151
"MSTRG.792","MSTRG_novel_locus",2164.13938430265,-0.399057966363413,0.0917188154900994,-4.35088443119383,1.3558950716141e-05,0.00129427964311387
"MSTRG.28201","MSTRG_novel_locus",270.931631274094,0.999590969548236,0.230046003136961,4.34517859870452,1.39162391387704e-05,0.00132404374603321
"MSTRG.21333","MSTRG_novel_locus",45544.0507557815,-0.318137035089431,0.0732880040212724,-4.34091553369484,1.41890263946547e-05,0.00133689098528795
"MSTRG.28737","MSTRG_novel_locus",7315.83008097089,0.287082059174909,0.0661322591422947,4.34102906657406,1.41816959501173e-05,0.00133689098528795
"MSTRG.5599","MSTRG_novel_locus",1145.40008807068,-0.479393044554845,0.110423931172059,-4.34138722889581,1.41585942496736e-05,0.00133689098528795
"MSTRG.3756","MSTRG_novel_locus",1186.10751715142,-0.437180646840551,0.100737552212366,-4.33979819083679,1.42613625954043e-05,0.00133937196968581
"ENSRNOG00000019763","annotated_Ensembl",49.2457055714317,2.54473139307097,0.586998971785978,4.33515477093339,1.45657603473238e-05,0.00135919085497431
"MSTRG.5953","MSTRG_novel_locus",2150.70613178806,1.29192053390763,0.297977902893247,4.33562529759286,1.45346352856792e-05,0.00135919085497431
"MSTRG.13721","MSTRG_novel_locus",21499.4906541936,-0.705026498494803,0.162834009230939,-4.32972510978896,1.4929558738159e-05,0.00138868745400243
"MSTRG.20886","MSTRG_novel_locus",2903.32035192814,0.628010743662629,0.145072134381401,4.32895501496905,1.49818529308726e-05,0.00138911358671791
"MSTRG.8680","MSTRG_novel_locus",510.68451234502,-0.740266374814533,0.171214315227936,-4.3236243057657,1.53486590261283e-05,0.00141860590122762
"MSTRG.13896","MSTRG_novel_locus",3521.78684576183,0.749447907151834,0.17353793392409,4.31864025464118,1.56993440470027e-05,0.0014459240597541
"MSTRG.2401","MSTRG_novel_locus",5245.83605198501,-0.489940981426695,0.113464283617679,-4.31801943136188,1.5743557290034e-05,0.0014459240597541
"MSTRG.1430","MSTRG_novel_locus",328.632540852853,7.97247451154777,1.84766429191069,4.31489342866683,1.5967991681676e-05,0.00146192487364879
"MSTRG.20239","MSTRG_novel_locus",2679.03284956926,0.701790548784469,0.163043610754473,4.30431186807615,1.67505563896598e-05,0.00152876394585754
"MSTRG.8858","MSTRG_novel_locus",508.242644220856,1.44005252834099,0.334643310510757,4.30324612239543,1.68313693973238e-05,0.00153133902698027
"ENSRNOG00000006950","annotated_Ensembl",92.5824837735114,2.02272945392699,0.470319001958464,4.3007606443799,1.70212835529869e-05,0.00154379330019209
"MSTRG.10125","MSTRG_novel_locus",21714.0070009544,-0.52063291186185,0.121168531692952,-4.29676669831376,1.73307426741296e-05,0.00156697901308885
"ENSRNOG00000054218","annotated_Ensembl",86.1179847984,2.30096979882779,0.535889841032863,4.29373655300676,1.75690933915333e-05,0.00157468603022246
"MSTRG.15589","MSTRG_novel_locus",580.588960468461,1.17349144805972,0.273246968926252,4.29461835449103,1.74994107357806e-05,0.00157468603022246
"MSTRG.20715","MSTRG_novel_locus",112.58150715851,2.76653683058425,0.644336521081414,4.29362101955833,1.75782427636979e-05,0.00157468603022246
"MSTRG.18632","MSTRG_novel_locus",373.960216705913,1.0685742940622,0.249099641838369,4.28974640901154,1.78877250022738e-05,0.00159749455741166
"MSTRG.10337","MSTRG_novel_locus",208.105853704275,1.12906353847283,0.263360219245304,4.28714534681177,1.80983880620042e-05,0.00161136535179569
"MSTRG.19789","MSTRG_novel_locus",382.162971832591,-0.724431623869279,0.169018564428578,-4.28610683281126,1.81831570030888e-05,0.00161397692984124
"MSTRG.14894","MSTRG_novel_locus",2188.2926666184,0.406132803842024,0.0950092541993271,4.27466573929701,1.91424263202998e-05,0.00169395927017997
"MSTRG.22910","MSTRG_novel_locus",1806.97300382966,0.665583140508185,0.155835419362688,4.27106458358558,1.94542054474245e-05,0.0017163325375646
"MSTRG.8417","MSTRG_novel_locus",242.4902305797,1.10182396744946,0.258345002617011,4.2649323822334,1.99962750715915e-05,0.00175882644239974
"MSTRG.28919","MSTRG_novel_locus",2771.74366894543,-0.471598834060757,0.110754490974904,-4.25805608341079,2.06212221743262e-05,0.00180833211561245
"MSTRG.23257","MSTRG_novel_locus",41.2578921365097,2.80355305627187,0.660246210637671,4.24622362249407,2.17403655855723e-05,0.00190074775873379
"MSTRG.16074","MSTRG_novel_locus",11860.9467989865,-0.431581305512338,0.101665364612203,-4.24511638903359,2.18479986297215e-05,0.00190443901828057
"MSTRG.12130","MSTRG_novel_locus",71.3951291916283,1.58547424981797,0.373928433573585,4.24004731243839,2.23472679626524e-05,0.00194214435661093
"MSTRG.13365","MSTRG_novel_locus",58.6277677190962,3.63440036598701,0.858181702140318,4.23500099911564,2.28550689701351e-05,0.00198036451784677
"MSTRG.6031","MSTRG_novel_locus",380.739389161564,-0.912741744157284,0.215674950393742,-4.23202482481604,2.31596838673325e-05,0.00200080426146444
"MSTRG.4610","MSTRG_novel_locus",1003.7657536147,0.913463606367645,0.216009149106108,4.22881905765452,2.34921184064014e-05,0.00201755025157513
"MSTRG.6229","MSTRG_novel_locus",1516.82992256694,1.00599789329541,0.23785610833273,4.22943896773147,2.34274823422212e-05,0.00201755025157513
"MSTRG.23955","MSTRG_novel_locus",12490.0872225451,0.496054543031641,0.117466844203819,4.22293240610882,2.41144157562804e-05,0.00206490323625985
"MSTRG.12079","MSTRG_novel_locus",1916.19635449853,-0.446578375561531,0.106012205900992,-4.21251847149192,2.52539055681711e-05,0.00215613550355347
"MSTRG.18101","MSTRG_novel_locus",1454.01966117546,0.446715784360067,0.10621225688563,4.20587790391363,2.60070617868516e-05,0.00220749153604198
"MSTRG.9383","MSTRG_novel_locus",2822.33365141542,-0.652229710345773,0.155074311324212,-4.20591718110014,2.6002544910362e-05,0.00220749153604198
"MSTRG.12233","MSTRG_novel_locus",6164.93125475676,0.573175383225033,0.136381524547665,4.20273482882727,2.63709445389023e-05,0.00223187116077209
"MSTRG.26798","MSTRG_novel_locus",1281.25028515331,0.730998018882602,0.174394817519275,4.1916269604847,2.76961126597397e-05,0.00233723079413235
"MSTRG.21288","MSTRG_novel_locus",1096.57836955207,0.676971609789285,0.161656608304009,4.18771380206234,2.81778531868425e-05,0.00237101161179691
"MSTRG.15438","MSTRG_novel_locus",38959.5738266487,0.406987688165957,0.0973481614552713,4.1807434478663,2.90557543977219e-05,0.00243783640788264
"MSTRG.12155","MSTRG_novel_locus",16871.1065023499,-0.378338001570347,0.0905995605409833,-4.1759363876738,2.96762748272555e-05,0.00248274444057677
"MSTRG.20839","MSTRG_novel_locus",225.827686625537,-0.871922578769578,0.20884412742651,-4.17499208387556,2.97996415838136e-05,0.00248592196295458
"MSTRG.17515","MSTRG_novel_locus",949.368708932002,0.866539612370177,0.207829889766191,4.16946577484612,3.05314458717803e-05,0.00253969290031718
"MSTRG.29464","MSTRG_novel_locus",282.09079996048,0.928202716985057,0.222777263700532,4.166505601006,3.09304296787072e-05,0.00256555136656946
"MSTRG.29284","MSTRG_novel_locus",13261.1028721684,0.481373822204511,0.115627578322979,4.16314022300029,3.13900460959829e-05,0.00259627784670013
"MSTRG.14273","MSTRG_novel_locus",359.354736960564,1.08320376540454,0.260310366710765,4.16120102741856,3.16578253186093e-05,0.0026039181399166
"MSTRG.5437","MSTRG_novel_locus",326.391094969295,0.872295096338037,0.209659517722402,4.16053182709783,3.1750736404149e-05,0.0026039181399166
"MSTRG.9363","MSTRG_novel_locus",1236.45122588908,0.52720545518603,0.126710724573367,4.16070113213479,3.1727205814992e-05,0.0026039181399166
"ENSRNOG00000003435","annotated_Ensembl",294.280608675688,-0.886916792467246,0.213253437328941,-4.15898005479362,3.19671808247668e-05,0.00261430478239399
"MSTRG.17788","MSTRG_novel_locus",12041.7348133695,-0.331584652036126,0.0797999339167515,-4.15519958176958,3.25003720666829e-05,0.00263819336925674
"MSTRG.231","MSTRG_novel_locus",8170.19839460005,-0.333163545507541,0.0801918206677887,-4.15458263365463,3.25881832665553e-05,0.00263819336925674
"MSTRG.24216","MSTRG_novel_locus",6699.8238843453,-0.424945441172876,0.102289341421014,-4.15434722004746,3.26217494309413e-05,0.00263819336925674
"MSTRG.2963","MSTRG_novel_locus",3621.58971567505,0.46644039402778,0.112274720929609,4.15445605356006,3.26062274559441e-05,0.00263819336925674
"MSTRG.8844","MSTRG_novel_locus",3619.09898401461,0.723731809777221,0.174355381468451,4.15090032599985,3.31169974552588e-05,0.00267082621582384
"ENSRNOG00000000187","annotated_Ensembl",324.075004884763,1.21858090132662,0.294069089846329,4.14385919296521,3.41509481153181e-05,0.00274660415311981
"MSTRG.1966","MSTRG_novel_locus",5864.2333107892,0.387996439091485,0.0937681391202877,4.1378280803222,3.50608913125407e-05,0.00280427365788733
"MSTRG.28797","MSTRG_novel_locus",1344.63215247282,1.2846160986636,0.310550340280016,4.13657926603876,3.52521616226615e-05,0.00280427365788733
"MSTRG.5859","MSTRG_novel_locus",22.1190680616776,-2.94920160465519,0.712768130500495,-4.13767321861642,3.50845565269096e-05,0.00280427365788733
"MSTRG.8737","MSTRG_novel_locus",3063.22355589259,0.971416904147305,0.234836216266027,4.1365719461553,3.52532856628002e-05,0.00280427365788733
"ENSRNOG00000004641","annotated_Ensembl",86.8423993967025,2.27954766262877,0.551263665473674,4.13513134530655,3.54751678300635e-05,0.00281237521811668
"MSTRG.23818","MSTRG_novel_locus",4671.21737293369,-0.683616691431083,0.165338138619291,-4.13465820493591,3.55483300222209e-05,0.00281237521811668
"MSTRG.18088","MSTRG_novel_locus",224058.699594618,-0.750422838521829,0.181593614893884,-4.13242965046072,3.58948647336523e-05,0.00282703994916758
"MSTRG.19348","MSTRG_novel_locus",8907.99224329753,-0.337356414281559,0.0816405113434892,-4.13221829126212,3.59278965855603e-05,0.00282703994916758
"MSTRG.17311","MSTRG_novel_locus",201.357145693007,1.2172968385694,0.295174585348412,4.12398932358135,3.72366161621603e-05,0.00292212087047207
"MSTRG.19193","MSTRG_novel_locus",1351.72053885453,0.885049387326358,0.214781677570268,4.12069314914818,3.77734240847355e-05,0.00295627814194352
"MSTRG.12913","MSTRG_novel_locus",3368.83414795108,-0.751350757257933,0.182600152054955,-4.11473237454811,3.87628887662465e-05,0.00302558376284317
"MSTRG.109","MSTRG_novel_locus",390.178559202203,0.702052022759214,0.17072606589924,4.11215486669479,3.91983202194939e-05,0.00305139009323621
"MSTRG.17576","MSTRG_novel_locus",2446.90206117239,-0.458517091593187,0.111673455609892,-4.10587358552707,4.02789727466793e-05,0.00312715203345819
"MSTRG.22478","MSTRG_novel_locus",912.657161050871,0.727941289241077,0.177799602774004,4.0941671290815,4.23688623814693e-05,0.00328065707280345
"MSTRG.12101","MSTRG_novel_locus",1618.11386333684,0.758779336846936,0.185440329940439,4.0917708520614,4.2809155941613e-05,0.00330595693921518
"MSTRG.21114","MSTRG_novel_locus",602.665376105531,0.694120557669061,0.169792228167535,4.08805847688251,4.34998514941208e-05,0.00335040919682495
"MSTRG.6971","MSTRG_novel_locus",5205.33945991106,0.7402240192336,0.1811356791754,4.08657213533738,4.37793411289239e-05,0.00336303888556066
"MSTRG.16896","MSTRG_novel_locus",12587.4023393812,0.511385812924618,0.125263308548499,4.08248687385279,4.45563293661742e-05,0.00340606597719821
"MSTRG.6967","MSTRG_novel_locus",1178.5757572526,0.730509244371697,0.178941226029146,4.08239767091298,4.45734401769773e-05,0.00340606597719821
"MSTRG.27982","MSTRG_novel_locus",2233.69541548532,0.542694991229871,0.133310468930312,4.07091052626605,4.68297350546856e-05,0.00356911232037203
"MSTRG.26397","MSTRG_novel_locus",5713.59188620764,-0.432122247536909,0.106219693205691,-4.06819333115675,4.73790641355518e-05,0.00360155110507169
"MSTRG.13533","MSTRG_novel_locus",28158.3336966847,0.53516966818792,0.131822105392834,4.05978698787351,4.91175041663496e-05,0.00372397660494558
"MSTRG.16026","MSTRG_novel_locus",4479.08063275099,-0.345788005791781,0.0852083159440858,-4.05814857341728,4.94632971190253e-05,0.00374045307096961
"MSTRG.12619","MSTRG_novel_locus",404.135159069752,1.08608167833631,0.267671257031648,4.05752074533686,4.95964129276151e-05,0.00374080302065955
"MSTRG.26198","MSTRG_novel_locus",726.607986881634,0.791055067418495,0.195759090654343,4.04096210691579,5.32323602003207e-05,0.00400466908235695
"MSTRG.1109","MSTRG_novel_locus",524.510706147192,0.986279627600182,0.244367087818127,4.03605754116214,5.43568900411824e-05,0.00407872808417264
"MSTRG.20989","MSTRG_novel_locus",9011.47986326222,-0.499298192498981,0.1242301703007,-4.01913795409301,5.84114640167633e-05,0.00437170016294099
"MSTRG.16183","MSTRG_novel_locus",160.818189101915,-2.53881163880834,0.632572695237874,-4.01347016385783,5.98325684568679e-05,0.00446657794372629
"MSTRG.8001","MSTRG_novel_locus",4439.28999207835,0.521812904149299,0.130292786866151,4.0049254966459,6.20370305519732e-05,0.00461929950764744
"MSTRG.21705","MSTRG_novel_locus",5703.27778074002,0.382597372433337,0.0955637679194233,4.00358190936896,6.23905857380237e-05,0.00462625322667775
"MSTRG.2466","MSTRG_novel_locus",432.520830157366,0.950467235903332,0.237417166972882,4.00336356474127,6.24482214084068e-05,0.00462625322667775
"MSTRG.13731","MSTRG_novel_locus",4638.66961335492,0.470202548511941,0.117602703994997,3.99822905884837,6.38181771875964e-05,0.00471574215898396
"MSTRG.27628","MSTRG_novel_locus",39.5341484085034,3.93883809124664,0.985727344361423,3.9958697643701,6.44571636725189e-05,0.00475090091939674
"MSTRG.24572","MSTRG_novel_locus",414.134500645711,0.671032524930469,0.16800043465246,3.99423088588207,6.49045933985536e-05,0.00477179881870073
"MSTRG.7676","MSTRG_novel_locus",23942.1063962127,-0.360301035385023,0.0903956607242952,-3.98582224520637,6.72468427148384e-05,0.00493154805743024
"MSTRG.11054","MSTRG_novel_locus",3060.43746763831,0.514481290536057,0.129232005534255,3.98106713897345,6.86065659333644e-05,0.00501437026736733
"MSTRG.23071","MSTRG_novel_locus",513.979782883943,1.02063993685972,0.256449183904105,3.97989153765986,6.89467177208188e-05,0.00501437026736733
"MSTRG.7510","MSTRG_novel_locus",1547.87626329275,-0.672450933992376,0.168977328629143,-3.97953346432772,6.90506402816218e-05,0.00501437026736733
"MSTRG.8774","MSTRG_novel_locus",855.214185200923,0.626255769286558,0.157371116641159,3.9794835459836,6.90651396996049e-05,0.00501437026736733
"MSTRG.22973","MSTRG_novel_locus",142.206431398335,-1.26351128693761,0.3177929221678,-3.9758949894751,7.0115061787036e-05,0.00507793509668598
"ENSRNOG00000056493","annotated_Ensembl",120.544292309073,-3.30028613090862,0.83043450105185,-3.97416789250494,7.06257327698088e-05,0.00508959797985201
"MSTRG.24283","MSTRG_novel_locus",2842.11865867744,0.595078208145766,0.149715953237347,3.97471475335952,7.04636565711302e-05,0.00508959797985201
"MSTRG.16687","MSTRG_novel_locus",4157.22330975575,0.581741989311136,0.146522332029207,3.97032985521398,7.17731959241761e-05,0.00515951808922584
"ENSRNOG00000018716","annotated_Ensembl",418.103745622661,0.737726401434284,0.185970750001219,3.96689480162578,7.28151124157197e-05,0.0052215250809637
"MSTRG.12162","MSTRG_novel_locus",6711.86227943282,0.792975440070071,0.200036655876686,3.9641506532628,7.36577267414539e-05,0.00525605651066345
"MSTRG.20489","MSTRG_novel_locus",1700.26611401027,-0.48966244868427,0.123516248365404,-3.96435655360643,7.35941846261528e-05,0.00525605651066345
"MSTRG.26390","MSTRG_novel_locus",850.805080113193,-0.494850764925441,0.12511445615441,-3.95518455768789,7.64755920825553e-05,0.00544379067944136
"MSTRG.13798","MSTRG_novel_locus",5593.15079675273,0.401553461321474,0.101859292761312,3.94223688812017,8.0725186219615e-05,0.00573227578438505
"MSTRG.15773","MSTRG_novel_locus",177.393475064221,1.10167050919984,0.279551637908435,3.94084798587618,8.11940703423814e-05,0.00575154297797589
"ENSRNOG00000002460","annotated_Ensembl",63.4754014778029,3.73028033953375,0.947101364432574,3.93862840834216,8.19487327696671e-05,0.00577688960255711
"MSTRG.3498","MSTRG_novel_locus",6126.13989461177,-0.552041458580602,0.140146352877019,-3.93903549573659,8.1809827339359e-05,0.00577688960255711
"MSTRG.364","MSTRG_novel_locus",1939.67637899567,0.910602843678352,0.231348035275242,3.93607338223114,8.28256560922199e-05,0.00582460423060118
"MSTRG.25844","MSTRG_novel_locus",18479.0330996346,-0.388203329734224,0.0986760261368721,-3.93412001812632,8.35020540220495e-05,0.00584393942499507
"MSTRG.29224","MSTRG_novel_locus",629.653072833975,2.56699802079483,0.652400807840226,3.93469473051832,8.33025063511069e-05,0.00584393942499507
"MSTRG.2386","MSTRG_novel_locus",696.481736760231,0.873353448615172,0.22229228542569,3.92885181302041,8.53524129017992e-05,0.00595911306768101
"MSTRG.27916","MSTRG_novel_locus",1509.78597584993,-0.635696527052629,0.162054165808148,-3.92274104082715,8.75472343618759e-05,0.00609772770624798
"MSTRG.8061","MSTRG_novel_locus",15148.787226072,-0.326832863233148,0.0834247911675789,-3.9176947123143,8.93998268879054e-05,0.00621190109788658
"MSTRG.22147","MSTRG_novel_locus",12145.9077421008,0.732791785180536,0.187280230755755,3.91280906811899,9.12286646173744e-05,0.0063238841468339
"MSTRG.25961","MSTRG_novel_locus",1059.47978945839,-0.504479759766712,0.128958186123488,-3.91196383053676,9.15486253372976e-05,0.00633098973413321
"MSTRG.10367","MSTRG_novel_locus",549.597805754582,-0.677700089251489,0.173421580697236,-3.90781866090032,9.3133163669243e-05,0.00642530551437522
"MSTRG.21694","MSTRG_novel_locus",608.503610869356,-0.640583101593809,0.1639822519099,-3.90641727463152,9.36746928232472e-05,0.00644738772306388
"MSTRG.1461","MSTRG_novel_locus",8.5448335839338,-6.51307105958229,1.66774940359278,-3.90530558461083,9.41063900956589e-05,0.00646182415387975
"MSTRG.19224","MSTRG_novel_locus",1739.34346719171,0.766034302219447,0.196253635911973,3.9032871857877,9.48949915192482e-05,0.00650064184256798
"MSTRG.20884","MSTRG_novel_locus",24839.8327627484,-0.374219519837771,0.0959185452206004,-3.90143031232504,9.56259915381461e-05,0.0065254491190991
"MSTRG.7127","MSTRG_novel_locus",106.081641167154,-3.47931955405514,0.891852073119989,-3.90122942909505,9.57053916966172e-05,0.0065254491190991
"MSTRG.8666","MSTRG_novel_locus",2054.30216567169,-0.445206090175442,0.11414742065548,-3.90027288938192,9.60843237735118e-05,0.00653597897743464
"MSTRG.4032","MSTRG_novel_locus",215.040893495415,1.66529134982099,0.427106080300521,3.89901110433561,9.65863456602221e-05,0.00655481321107624
"MSTRG.20229","MSTRG_novel_locus",1319.1342523246,-0.729352222375853,0.187276109299305,-3.8945289129763,9.83897562055772e-05,0.00666167293527715
"MSTRG.20031","MSTRG_novel_locus",40.3618342141433,2.22516126758652,0.571595583019481,3.89289444091222,9.905526065633e-05,0.00669117136600555
"MSTRG.16787","MSTRG_novel_locus",3122.96414109303,-0.624066284190569,0.160723758876429,-3.88285023044027,0.000103239161418734,0.00695765033690976
"MSTRG.17217","MSTRG_novel_locus",465.656128914655,0.766722456509074,0.197588453262032,3.88040112593161,0.000104284332870132,0.00701185696808547
"MSTRG.25190","MSTRG_novel_locus",36.5961154022005,2.18400178946301,0.563594971399405,3.87512646544759,0.000106569338493258,0.00714898553201089
"MSTRG.22019","MSTRG_novel_locus",23261.2714375262,0.390284921631571,0.100737443161541,3.87427861362051,0.000106941009974603,0.00715742658482894
"MSTRG.26712","MSTRG_novel_locus",7177.94542759884,-0.302614656735982,0.0782659250045324,-3.86649307113482,0.000110411599375186,0.00737275987203937
"MSTRG.24957","MSTRG_novel_locus",3707.63612001649,0.363487897140377,0.094036157780202,3.86540566650953,0.000110904708949938,0.00738874072395537
"MSTRG.12093","MSTRG_novel_locus",273.406897416806,0.847147366178759,0.219232131394108,3.86415695907213,0.000111473527664143,0.00739956317958662
"MSTRG.21818","MSTRG_novel_locus",1053.27901312755,0.927559599451401,0.240055768688667,3.86393380387527,0.000111575470077575,0.00739956317958662
"MSTRG.13899","MSTRG_novel_locus",2293.9403039594,0.393154040702498,0.101880029064635,3.85899026837802,0.00011385647095063,0.0075336756710378
"MSTRG.24026","MSTRG_novel_locus",641.943135692896,0.657286208571753,0.170467679653222,3.85578198699514,0.000115360265192496,0.00761587020592819
"MSTRG.7061","MSTRG_novel_locus",3270.33464177481,-0.350314358328034,0.0908741763860035,-3.85493846832805,0.000115758740338372,0.00762488680138315
"MSTRG.15205","MSTRG_novel_locus",1204.21090678422,-0.557740846475738,0.14484109906757,-3.85070846649366,0.000117776630192872,0.00774029077073426
"MSTRG.13727","MSTRG_novel_locus",705.367419554389,1.00997270321433,0.262355715530042,3.84963102928352,0.000118295888571082,0.00774444656202232
"MSTRG.18552","MSTRG_novel_locus",10209.3822339528,-0.541570308564185,0.140686843277871,-3.84947373859637,0.00011837187332898,0.00774444656202232
"MSTRG.14822","MSTRG_novel_locus",33607.9353482514,0.241540563579106,0.0627776701137863,3.84755539893894,0.000119302305501819,0.00778781910847524
"ENSRNOG00000017980","annotated_Ensembl",457.106455007702,0.722344944598314,0.18837014953224,3.83471025739501,0.000125712396270366,0.00812363107736976
"MSTRG.20606","MSTRG_novel_locus",10048.8809886163,-0.392612038513755,0.102337999491173,-3.83642479299801,0.000124838401822454,0.00812363107736976
"MSTRG.22906","MSTRG_novel_locus",9328.52189387984,0.315911353685836,0.0823681184836669,3.83535959666821,0.000125380715469083,0.00812363107736976
"MSTRG.27269","MSTRG_novel_locus",10654.5727879567,-0.318969649144052,0.0831850810310976,-3.83445739536889,0.000125841781132574,0.00812363107736976
"MSTRG.8968","MSTRG_novel_locus",6257.00998564597,-0.366369737726921,0.0955246311860661,-3.83534312750492,0.000125389117669551,0.00812363107736976
"MSTRG.25762","MSTRG_novel_locus",313.858516026604,1.0367019414399,0.270612772146755,3.83094239497937,0.000127653391882431,0.00820419613965803
"MSTRG.7829","MSTRG_novel_locus",1949.15788481354,0.7652747807065,0.199733164268062,3.83148579010857,0.000127371732038248,0.00820419613965803
"MSTRG.10927","MSTRG_novel_locus",170.269848775827,-0.924597782194993,0.241411977435192,-3.82995819850407,0.00012816502883033,0.00821893535102693
"MSTRG.5832","MSTRG_novel_locus",383.65535334794,0.834457400223831,0.217970740072525,3.82830007342353,0.000129031382565184,0.00825630697143465
"MSTRG.3512","MSTRG_novel_locus",2300.23087286812,0.343902463548524,0.0899691393599884,3.8224491864092,0.00013213271277426,0.00843621008708293
"MSTRG.1416","MSTRG_novel_locus",27.8405612795529,2.82384719776417,0.739121248304516,3.82054663459052,0.000133156223786686,0.00848295470311943
"MSTRG.12979","MSTRG_novel_locus",8004.67495246795,-0.457443355256593,0.120129330783401,-3.80792394557984,0.000140138356073384,0.00890827095790503
"MSTRG.27867","MSTRG_novel_locus",8544.22286569315,-0.358352161857068,0.0941361939830518,-3.80674155916677,0.000140809754961179,0.00892892036435759
"MSTRG.8855","MSTRG_novel_locus",1283.49858655596,0.656070312152425,0.172365536394393,3.80627314413513,0.000141076573731005,0.00892892036435759
"MSTRG.23198","MSTRG_novel_locus",126.27340537697,1.36622343235721,0.359435649622598,3.80102372647712,0.00014409950151954,0.0091004617944466
"MSTRG.13733","MSTRG_novel_locus",13994.1692001678,0.41519094295887,0.109352289573105,3.79681984327639,0.000146564223767622,0.00923608400599686
"MSTRG.1897","MSTRG_novel_locus",16482.7687154706,-0.295392237199535,0.0778301332327022,-3.79534538783777,0.000147438055241556,0.0092710832403945
"MSTRG.15590","MSTRG_novel_locus",179.946014721781,1.05680504083137,0.278735452427902,3.79142671528202,0.000149784348129638,0.00939832222294455
"MSTRG.9210","MSTRG_novel_locus",3785.42772401951,-0.329993142540122,0.0872870446546933,-3.78055121290418,0.000156481525767647,0.00979742611010599
"MSTRG.9927","MSTRG_novel_locus",4199.06046241422,-0.428220911656934,0.11339326372015,-3.77642284566187,0.000159096811158324,0.00993979519326918
"ENSRNOG00000014960","annotated_Ensembl",181.655970074233,1.11417884458566,0.295347271678821,3.772436556642,0.000161661080651808,0.0100783740944256
"ENSRNOG00000012172","annotated_Ensembl",178.865261358228,0.880614679226821,0.233636376133408,3.76916768613114,0.000163792823765304,0.0101246949687062
"MSTRG.21233","MSTRG_novel_locus",3275.38795660091,-0.374278325552683,0.09929398617391,-3.76939571040232,0.000163643267336724,0.0101246949687062
"MSTRG.23898","MSTRG_novel_locus",201.144663652405,1.23363339352981,0.327296274711557,3.76916417584344,0.000163795127095577,0.0101246949687062
"MSTRG.9312","MSTRG_novel_locus",9965.53966438454,-0.335227644316111,0.0889022765950441,-3.77074308055231,0.000162762174288489,0.0101246949687062
"MSTRG.7009","MSTRG_novel_locus",134.668510284227,-4.67356033315561,1.24108659408595,-3.76570043978088,0.000166082823142611,0.0102443544766398
"MSTRG.19364","MSTRG_novel_locus",2238.89933365253,-0.406598120134311,0.108095044166596,-3.76148715483812,0.000168906096969003,0.0103964737994832
"MSTRG.9935","MSTRG_novel_locus",11474.6165784407,-0.464791951551682,0.123589091729344,-3.76078458906033,0.000169381247520232,0.0104037249795444
"MSTRG.13033","MSTRG_novel_locus",936.41888971261,-0.468871194246284,0.124841424444382,-3.75573409493714,0.000172834122871186,0.0105934582174141
"MSTRG.27711","MSTRG_novel_locus",290.640692324659,0.906011876453662,0.241389282090675,3.7533227184185,0.000174505959960156,0.0106734590720167
"MSTRG.16364","MSTRG_novel_locus",1910.48926815541,-0.563599337072981,0.150316857107604,-3.74940873510633,0.000177251987861624,0.0107960551769944
"MSTRG.17223","MSTRG_novel_locus",260.168821553784,1.46437724606888,0.390536545585621,3.74965483415388,0.00017707813596907,0.0107960551769944
"MSTRG.14844","MSTRG_novel_locus",12144.4401501484,-0.352035369274664,0.0939199720933246,-3.74824823121604,0.000178073968416358,0.0108234770698828
"MSTRG.29398","MSTRG_novel_locus",3724.25947756193,0.35226303577081,0.0941863882940682,3.74006310413959,0.000183974061762382,0.0111587934044792
"MSTRG.11282","MSTRG_novel_locus",36.7480125597871,3.29275486137628,0.880555519521247,3.73940630474559,0.000184455383031074,0.0111647276955648
"MSTRG.27691","MSTRG_novel_locus",1515.71875944981,0.547189931937241,0.146446748783265,3.73644301757124,0.000186641719877117,0.0112736245487601
"MSTRG.6875","MSTRG_novel_locus",53.1549633650204,2.42672149288984,0.649954655036293,3.73367814829226,0.000188703609034249,0.0113745690961141
"MSTRG.9153","MSTRG_novel_locus",1072.51359789871,0.553372835836048,0.148421783437144,3.72838018127172,0.000192714497939347,0.0115923344896821
"MSTRG.28656","MSTRG_novel_locus",1678.41534729413,-0.383642126825217,0.102938082578373,-3.72692124445903,0.000193832991910021,0.0116355746937492
"ENSRNOG00000014956","annotated_Ensembl",147.192881506121,1.10248796291425,0.296003460744114,3.72457794967239,0.00019564225532781,0.0117200177399462
"MSTRG.16066","MSTRG_novel_locus",251.262840397079,-1.08148402675033,0.290479217614278,-3.72310293188138,0.000196789245569019,0.0117645217566662
"MSTRG.15507","MSTRG_novel_locus",774.785826972811,-0.542743794607717,0.145900006908754,-3.71997100005041,0.000199245654492455,0.011862654365835
"MSTRG.663","MSTRG_novel_locus",3161.43831527206,-0.443853838501897,0.119311569946948,-3.72012403071436,0.000199124964465275,0.011862654365835
"MSTRG.13205","MSTRG_novel_locus",659.370696971499,0.950070354544987,0.255538612886423,3.71791309271627,0.000200875346146219,0.0119352751585735
"MSTRG.8169","MSTRG_novel_locus",2779.8076083537,-0.354456132521132,0.0954989916724583,-3.71162172828843,0.000205935589347674,0.0122110157805869
"MSTRG.14037","MSTRG_novel_locus",88.8652566504332,-1.2229208397554,0.329875278905111,-3.70722184400844,0.000209545371646446,0.012356727567148
"MSTRG.17617","MSTRG_novel_locus",25441.4164314925,0.369435595445109,0.0996568783399591,3.70707573424942,0.000209666257407815,0.012356727567148
"MSTRG.5472","MSTRG_novel_locus",27.4169857872707,3.96132687808022,1.06832345272905,3.70798456961789,0.000208915382991195,0.012356727567148
"MSTRG.16187","MSTRG_novel_locus",284.234037266961,-0.94347210468822,0.254562952061187,-3.70624278611228,0.000210356659547496,0.0123723712849814
"MSTRG.23097","MSTRG_novel_locus",684.688685062521,1.12218956316116,0.303132875983964,3.7019724750031,0.000213929831151836,0.0125571635164406
"MSTRG.13808","MSTRG_novel_locus",471.663916842745,0.821799497154615,0.222215202829354,3.69821455368966,0.000217121332182407,0.012718854054645
"MSTRG.26624","MSTRG_novel_locus",603.455225578898,0.950955866519545,0.257434106960868,3.69397776287699,0.000220773117182617,0.0129068042844472
"MSTRG.28177","MSTRG_novel_locus",2193.89289217241,0.355662906951222,0.0964083238708109,3.68913069609858,0.000225021607528387,0.0131288157947524
"MSTRG.15520","MSTRG_novel_locus",8547.86268449643,0.38374600414981,0.104048019161456,3.68816251613915,0.000225879368527425,0.0131525038706149
"MSTRG.26211","MSTRG_novel_locus",2550.74781520319,0.373784662211462,0.101488633119654,3.68301996708118,0.000230487098280486,0.0133697502107539
"MSTRG.3467","MSTRG_novel_locus",233.861818506975,1.33298864950551,0.361932689596369,3.68297390045667,0.000230528769863243,0.0133697502107539
"ENSRNOG00000000383","annotated_Ensembl",74.2207584676674,-2.04835339692449,0.556309659227216,-3.68203816516491,0.00023137676226223,0.0133922525974206
"MSTRG.14887","MSTRG_novel_locus",2535.80696783727,0.503909008478914,0.137080022960094,3.67602074757172,0.000236900264729877,0.0136847506098128
"ENSRNOG00000014835","annotated_Ensembl",132.228506889194,1.18990892074002,0.323933357330947,3.67331395119135,0.000239425018313078,0.0137931446713117
"MSTRG.25698","MSTRG_novel_locus",1162.01875050245,0.491993017091074,0.133948732488412,3.6729949432977,0.000239724229019843,0.0137931446713117
"MSTRG.27096","MSTRG_novel_locus",213.262895122872,-0.901813260137098,0.245750625569107,-3.66962752606911,0.000242904138658054,0.0139485425895278
"MSTRG.23882","MSTRG_novel_locus",595.013253239062,0.570892173999413,0.155725443783323,3.66601731951881,0.000246357247757171,0.0141189860456738
"MSTRG.6091","MSTRG_novel_locus",4010.03023361733,0.421479154063913,0.115112370569673,3.66145838173673,0.000250783604408569,0.0143444280132634
"MSTRG.12720","MSTRG_novel_locus",6291.08014467273,-0.354328242841224,0.0968482962513541,-3.65859035786879,0.000253606327984259,0.0144774404567328
"MSTRG.19714","MSTRG_novel_locus",1172.1548595067,0.597247362099537,0.163317515053244,3.6569706678725,0.000255213571982657,0.0145406808898299
"MSTRG.5208","MSTRG_novel_locus",3845.26737647226,0.502927021605784,0.13760923682936,3.65474755324333,0.000257435161088571,0.0146386079686185
"ENSRNOG00000024536","annotated_Ensembl",52.9937245319622,2.59251610718683,0.709696866613497,3.65299077556547,0.000259203546344473,0.0147104328426374
"MSTRG.8297","MSTRG_novel_locus",28751.0061403573,-0.273003180274973,0.0747652978841255,-3.65146917087236,0.000260744403298251,0.0147690905790375
"MSTRG.16653","MSTRG_novel_locus",908.556892687018,-0.707590118507748,0.19386876184098,-3.64984080874332,0.000262402879187813,0.0148137191417101
"MSTRG.17420","MSTRG_novel_locus",5414.67187215184,0.465719572674779,0.127605000626689,3.64969688011876,0.000262549944257828,0.0148137191417101
"MSTRG.4622","MSTRG_novel_locus",535.640670664013,0.944454307976939,0.258881899835914,3.64820525720632,0.000264078629194726,0.0148711512773216
"MSTRG.10186","MSTRG_novel_locus",2538.02476541119,0.311483744949088,0.0853929494280036,3.64765179134263,0.000264647966408259,0.0148744418803283
"MSTRG.7408","MSTRG_novel_locus",1132.16097040083,-0.564343510098745,0.154801830956352,-3.64558679062308,0.000266782355699592,0.0149655134948708
"MSTRG.20650","MSTRG_novel_locus",41.2178059237895,3.86724194198649,1.06180802861578,3.64212912105023,0.000270392379876509,0.0150943161861
"MSTRG.24561","MSTRG_novel_locus",2252.24152124013,4.49750624412895,1.23493422789865,3.64189941660445,0.000270633820469334,0.0150943161861
"MSTRG.9958","MSTRG_novel_locus",3051.00990361996,0.474660193516154,0.130319610783776,3.64227755639712,0.000270236468016717,0.0150943161861
"MSTRG.27475","MSTRG_novel_locus",2498.55106083045,0.519459811361673,0.142658924804654,3.64127103910941,0.000271295336180971,0.0151022799571182
"MSTRG.11871","MSTRG_novel_locus",1745.62470350353,0.56299743892088,0.154716312091769,3.6389016213555,0.000273803364207798,0.0152128075296676
"ENSRNOG00000007483","annotated_Ensembl",241.429465556159,1.00320612745567,0.276026257752462,3.63445903887641,0.000278564507919917,0.0154359690021381
"MSTRG.25096","MSTRG_novel_locus",4493.52709116467,0.323546584470027,0.0890290924137098,3.63416694136942,0.000278880253318837,0.0154359690021381
"MSTRG.23372","MSTRG_novel_locus",13180.4744996911,0.311492508613729,0.0857507745961767,3.63253288475387,0.000280652796131036,0.0154752377018163
"MSTRG.729","MSTRG_novel_locus",7655.93460167428,0.489254460593082,0.134674642208899,3.63286252384603,0.00028029437233575,0.0154752377018163
"MSTRG.17260","MSTRG_novel_locus",6925.31760652091,0.444884801210701,0.122497572177947,3.63178464112281,0.000281467972265736,0.0154908479102923
"MSTRG.11033","MSTRG_novel_locus",4651.66596116498,-0.333180602551072,0.0918000662377692,-3.62941570965874,0.00028406346649339,0.0156041957801671
"ENSRNOG00000004642","annotated_Ensembl",113.919726317394,1.04231973633533,0.287365681110256,3.62715454506698,0.000286561790280211,0.0156874927984519
"MSTRG.9187","MSTRG_novel_locus",2102.17884713974,0.457582029095479,0.126157544210226,3.62706829750091,0.000286657490168867,0.0156874927984519
"ENSRNOG00000057862","annotated_Ensembl",101.096168837972,-1.76126717592433,0.485715140831485,-3.62613191943998,0.000287698419835538,0.0157110072809765
"MSTRG.16804","MSTRG_novel_locus",669.089735981911,0.724310848094532,0.199770654904886,3.62571193671757,0.00028816644528548,0.0157110072809765
"MSTRG.15331","MSTRG_novel_locus",5062.54244380372,-0.448920139783912,0.123833189158405,-3.62520050428211,0.000288737344759123,0.0157127085146114
"MSTRG.18475","MSTRG_novel_locus",87.4752348435982,-1.95365648141718,0.539504450992136,-3.62120549297498,0.000293233481005889,0.0159276111306072
"MSTRG.6936","MSTRG_novel_locus",135.115917305634,-2.70838722980212,0.749146767213582,-3.61529589171938,0.000300004765788563,0.0162650628513375
"MSTRG.25805","MSTRG_novel_locus",19729.974168837,0.322309473419568,0.0891813960693352,3.6140886734828,0.000301405901660771,0.016310653198795
"MSTRG.26690","MSTRG_novel_locus",952.218342109704,0.541789730982759,0.149949783246252,3.61314114134474,0.00030250992777755,0.0163400260432571
"ENSRNOG00000005810","annotated_Ensembl",136.205218649513,1.15755274413523,0.320496313935057,3.61175056874379,0.00030413702563899,0.0163974914156547
"MSTRG.23821","MSTRG_novel_locus",5378.41763854024,-0.421682637105326,0.116804648490798,-3.61015287108671,0.000306016594974308,0.0164683311387837
"MSTRG.11632","MSTRG_novel_locus",1219.79341439654,-0.487906462442187,0.135201934834458,-3.60872396567093,0.00030770680164065,0.0165287376807489
"MSTRG.28609","MSTRG_novel_locus",27563.8513221108,0.382408892257329,0.106072743410696,3.60515698907406,0.000311964287597017,0.0167265713979734
"MSTRG.19509","MSTRG_novel_locus",3122.70375585386,0.544706093319348,0.151128643887898,3.60425449012427,0.000313050204656804,0.0167539405484893
"MSTRG.15571","MSTRG_novel_locus",46.8911198865205,-1.82750977334517,0.507424271278503,-3.60154189853905,0.000316335427159634,0.0168986965620653
"MSTRG.28229","MSTRG_novel_locus",1537.06146765105,-0.536326364079849,0.149052021989787,-3.59824950322779,0.000320366208173874,0.0170826772614911
"MSTRG.1896","MSTRG_novel_locus",745.05185429828,1.00434420161106,0.279296885708063,3.59597350706179,0.000323180691621507,0.0172012479997597
"MSTRG.19308","MSTRG_novel_locus",2338.06227021509,0.636089129220079,0.176951415051614,3.59471061044943,0.000324752348564291,0.0172533574381401
"MSTRG.25031","MSTRG_novel_locus",19.232496149369,4.79974874129012,1.33540412468639,3.5942293816243,0.000325353111045267,0.0172537895718978
"MSTRG.20040","MSTRG_novel_locus",55830.778894371,-0.385747764920802,0.107463202130515,-3.58958003552051,0.000331211130182098,0.0175058001493147
"MSTRG.25614","MSTRG_novel_locus",749.11451576466,0.891083928689718,0.248247095674787,3.58950394270501,0.000331307820370695,0.0175058001493147
"MSTRG.28374","MSTRG_novel_locus",772.82687595091,1.08878095697285,0.303745448511327,3.58451776745634,0.000337701576533012,0.0178113110492429
"MSTRG.21036","MSTRG_novel_locus",11809.6469509805,-0.414544677597305,0.115718354462412,-3.58235890514637,0.000340505535808532,0.0179267236338691
"MSTRG.26193","MSTRG_novel_locus",78.3449185374409,1.81747673028732,0.507910466435549,3.57834077143979,0.00034578242595955,0.018171677886979
"ENSRNOG00000020807","annotated_Ensembl",164.412571987521,-1.58523059588654,0.443287260528606,-3.5760797501742,0.000348785289697647,0.0182964593229861
"MSTRG.4178","MSTRG_novel_locus",708.757903760913,0.470949009823632,0.131772502514896,3.57395511837072,0.000351629228043019,0.0184124700454037
"MSTRG.24571","MSTRG_novel_locus",1752.83422168521,1.00560989973964,0.281671490540027,3.57015151874853,0.000356774799570164,0.0186483689671198
"MSTRG.12108","MSTRG_novel_locus",431.43649508042,0.823643642531502,0.230771500936078,3.5690873404669,0.000358226994242243,0.0186907181189402
"MSTRG.15104","MSTRG_novel_locus",7683.42076887464,-0.279998372721052,0.0784986428572686,-3.56691991771327,0.000361201803924044,0.0188122170294179
"MSTRG.10897","MSTRG_novel_locus",50502.6405768475,-0.26872236513776,0.0753992607680911,-3.56399203918301,0.000365257036545173,0.0189894524321003
"MSTRG.6112","MSTRG_novel_locus",2349.41790886408,0.530510756655663,0.148873874154415,3.56349130879343,0.000365954816987546,0.0189918155824873
"MSTRG.8660","MSTRG_novel_locus",1265.12333348754,-0.50435188531694,0.14155949929151,-3.56282614618706,0.000366883665457818,0.0190061406336991
"MSTRG.15671","MSTRG_novel_locus",1117.07793521619,0.54690353259506,0.153564791848555,3.56138621367334,0.000368901976339881,0.0190429293247505
"MSTRG.5289","MSTRG_novel_locus",256.267497600829,1.29975120271433,0.364918497784986,3.56175751737352,0.000368380539975162,0.0190429293247505
"MSTRG.991","MSTRG_novel_locus",8852.98393209852,-0.420346846769939,0.118116434265845,-3.55874988423595,0.000372624167943448,0.0192010265938151
"MSTRG.22049","MSTRG_novel_locus",12856.0963356439,-0.349472505132277,0.0982324882066088,-3.55760615975892,0.000374249869038697,0.0192507255957467
"MSTRG.15437","MSTRG_novel_locus",61479.6289776473,0.36909093138044,0.103778146309282,3.55653810081041,0.000375774002984626,0.0192950340791789
"ENSRNOG00000000017","annotated_Ensembl",81.6762365979584,1.93005537938442,0.542815822776398,3.55563581310611,0.000377066098397388,0.0193272929379253
"MSTRG.20402","MSTRG_novel_locus",26214.042617945,0.53678801958693,0.151053305773325,3.55363304919954,0.000379948953278146,0.0194067260100701
"MSTRG.29107","MSTRG_novel_locus",146.958922286101,1.49409241839684,0.420418132211031,3.55382488033811,0.000379671934674501,0.0194067260100701
"MSTRG.17787","MSTRG_novel_locus",10406.492209304,-0.347343843144778,0.0977584745413233,-3.55308166145691,0.000380746250946499,0.0194133911559656
"MSTRG.12126","MSTRG_novel_locus",590.739756907473,0.928238392405237,0.261383443077856,3.55125168402022,0.000383403589688552,0.0195147064863505
"MSTRG.6716","MSTRG_novel_locus",14559.0756463088,-0.640061856601391,0.180512461778893,-3.54580426356045,0.00039141682873897,0.0198718111631945
"MSTRG.8634","MSTRG_novel_locus",97.7697542170462,-1.21966660245219,0.343998617636955,-3.54555669679867,0.000391784694912194,0.0198718111631945
"MSTRG.9053","MSTRG_novel_locus",171.897266797858,4.54157193935152,1.28165510727188,3.5435211185782,0.000394821687681252,0.0199910236785252
"MSTRG.17281","MSTRG_novel_locus",2146.77753169625,-0.820445538629608,0.231691078162302,-3.54111839410095,0.000398434748800261,0.0201389397162687
"ENSRNOG00000008478","annotated_Ensembl",60.3232492203259,-1.50142759035833,0.424406066242617,-3.53771472601908,0.000403605864126103,0.020364958627673
"MSTRG.9633","MSTRG_novel_locus",2049.50706049486,-0.466098673392052,0.131771571723683,-3.53717169261235,0.000404436658798026,0.020371572464093
"ENSRNOG00000013123","annotated_Ensembl",125.799925828608,1.29105137020379,0.365335571906513,3.53387808218731,0.00040950992771298,0.0205206059129702
"MSTRG.12110","MSTRG_novel_locus",1035.4976928175,0.776973180208912,0.219814879699732,3.53467054309636,0.000408283869071464,0.0205206059129702
"MSTRG.19125","MSTRG_novel_locus",1505.04895499732,-0.386527199334114,0.109369369269183,-3.53414490653943,0.000409096725983019,0.0205206059129702
"MSTRG.26728","MSTRG_novel_locus",1324.04731474813,-0.365626082662193,0.103540361242075,-3.53124209995141,0.0004136129864491,0.0206905987757373
"MSTRG.20007","MSTRG_novel_locus",25812.6957333469,-0.277555089923934,0.0786293127111805,-3.52991880958497,0.00041568721007167,0.0207231462911415
"MSTRG.21089","MSTRG_novel_locus",701.685555620266,0.70538410863603,0.199818278157445,3.5301280500487,0.000415358585698873,0.0207231462911415
"MSTRG.21029","MSTRG_novel_locus",396.20860843926,-0.791955453251112,0.224516356979896,-3.52738421335612,0.000419687274998381,0.0208867954261588
"MSTRG.26512","MSTRG_novel_locus",1387.94189236538,-0.539132257455063,0.152872798908873,-3.52667224845172,0.00042081733805875,0.0209072968946117
"MSTRG.24941","MSTRG_novel_locus",22334.1012665073,0.370795326575248,0.105205468333713,3.52448720059952,0.000424303312906102,0.0210445769198437
"MSTRG.8916","MSTRG_novel_locus",757.674298869471,0.417733449327163,0.118585833280348,3.52262523921893,0.000427295102682461,0.0211569211215938
"MSTRG.6436","MSTRG_novel_locus",11951.2560200372,-0.287617896569057,0.0816798508788272,-3.52128332109398,0.000429463490246313,0.0212281834550614
"MSTRG.26284","MSTRG_novel_locus",16250.4899703186,-0.266517758630473,0.0757245790837794,-3.51956738294452,0.000432251221102005,0.0213297661884132
"MSTRG.5951","MSTRG_novel_locus",863.568469836475,-0.511683424422789,0.145449909290532,-3.51793567227818,0.000434917777724201,0.0214250358386842
"MSTRG.7495","MSTRG_novel_locus",3145.30229972747,0.556687331784015,0.15845594186246,3.51319947514005,0.000442744950607795,0.0217737778581003
"MSTRG.1824","MSTRG_novel_locus",31807.3637132567,-0.211177527678495,0.060142362658627,-3.51129417507516,0.000445930632214208,0.021893464462537
"MSTRG.11256","MSTRG_novel_locus",2232.31999740072,-0.326085201547771,0.0928804393465527,-3.51080597639177,0.000446750341856472,0.0218967835905881
"MSTRG.11436","MSTRG_novel_locus",14115.0892788126,0.387696651498396,0.110500933361545,3.50853734628558,0.000450577968516323,0.0220058791126404
"MSTRG.2137","MSTRG_novel_locus",158.770645207109,0.879433941759623,0.250631405106209,3.50887368399403,0.000450008574581148,0.0220058791126404
"MSTRG.5112","MSTRG_novel_locus",403.191375364168,0.658390969971834,0.18767498119739,3.50814459003121,0.000451243725707437,0.0220058791126404
"MSTRG.18848","MSTRG_novel_locus",21128.4748913793,0.489429911665233,0.139653793796018,3.50459445720542,0.000457303310356951,0.0222640946115924
"MSTRG.19898","MSTRG_novel_locus",1829.42632006323,-0.372624838432337,0.106354483775066,-3.50361193252951,0.000458993709972254,0.0222929512355147
"MSTRG.28455","MSTRG_novel_locus",174.590306979339,1.71888688625231,0.490639472970069,3.50336037140894,0.00045942744869509,0.0222929512355147
"MSTRG.14472","MSTRG_novel_locus",4020.65091469459,0.566911158549749,0.161849362747306,3.50270862317118,0.000460552964981008,0.0223103810689802
"MSTRG.12120","MSTRG_novel_locus",923.192272004211,0.830834956498336,0.237310308581399,3.5010487385269,0.000463431081748874,0.0223553875186245
"MSTRG.15653","MSTRG_novel_locus",7005.94350704214,0.530295232652473,0.151477428640468,3.5008201381021,0.000463828770071617,0.0223553875186245
"MSTRG.18996","MSTRG_novel_locus",10813.2281427093,-0.397212607513492,0.113476216764846,-3.50040403917084,0.000464553460492129,0.0223553875186245
"MSTRG.7506","MSTRG_novel_locus",1558.46759437306,-0.467849043433377,0.133624100787773,-3.5012324923064,0.000463111642265869,0.0223553875186245
"MSTRG.18439","MSTRG_novel_locus",4721.54289668746,-0.275344149470841,0.078730345510808,-3.49730650468239,0.000469981514992136,0.022579276943038
"MSTRG.6035","MSTRG_novel_locus",2200.55932664793,-0.898444863380875,0.257696808895415,-3.48644155599732,0.000489492326522449,0.0234778906002876
"MSTRG.14064","MSTRG_novel_locus",474.566535006654,0.992122148736047,0.284641633745796,3.48551311935652,0.000491194136178999,0.023520766580124
"MSTRG.21334","MSTRG_novel_locus",17181.71209068,-0.274321272030753,0.0787525796920268,-3.4833306172766,0.000495216381245807,0.0236460797831021
"MSTRG.430","MSTRG_novel_locus",3661.43424593984,-0.270885827900934,0.0777689706761277,-3.48321220592015,0.000495435483536865,0.0236460797831021
"MSTRG.18510","MSTRG_novel_locus",3863.19687698718,0.408986029918983,0.117446302352588,3.48232359577536,0.000497082608785745,0.0236858642752671
"MSTRG.24443","MSTRG_novel_locus",8148.96356035919,-0.270323958429753,0.0777106845892115,-3.47859447975165,0.000504050718770565,0.023978648082167
"MSTRG.20439","MSTRG_novel_locus",16280.7986649539,-0.381190706942372,0.109679030832658,-3.47551126271321,0.000509880581935119,0.0242164164151045
"MSTRG.7761","MSTRG_novel_locus",10.5538749223048,5.00928216335503,1.44197801460798,3.4738963511291,0.000512959142273846,0.0243229519025419
"MSTRG.12097","MSTRG_novel_locus",774.383820149971,0.770948663386886,0.221984432290977,3.47298526941892,0.000514703604075367,0.0243659849252849
"MSTRG.15651","MSTRG_novel_locus",11715.0607062562,-0.668582964661895,0.192563086729574,-3.47202039610436,0.000516557089587362,0.0243744620846782
"MSTRG.16435","MSTRG_novel_locus",757.878790114422,0.528424711280729,0.152189636356302,3.47214648731795,0.000516314520204844,0.0243744620846782
"ENSRNOG00000008412","annotated_Ensembl",49.6725988099584,1.54334749862477,0.445022043164555,3.46802483681486,0.000524298828732469,0.0246997347891863
"MSTRG.2581","MSTRG_novel_locus",3267.78584034579,-0.349452384244149,0.100783464334812,-3.46735832659249,0.000525600725008376,0.0247210654408625
"MSTRG.29301","MSTRG_novel_locus",2217.56685070674,0.290968254083491,0.0840271626640452,3.46278804208624,0.000534609353842417,0.0251042205286583
"MSTRG.10929","MSTRG_novel_locus",134.255996324086,-1.30549922335624,0.377060269315864,-3.46230915743238,0.000535561579832112,0.0251084377378939
"MSTRG.11874","MSTRG_novel_locus",1391.44348628481,0.417376629697399,0.120643519509972,3.45958598847824,0.000541006507792484,0.0253229316203704
"MSTRG.11213","MSTRG_novel_locus",520.008735752244,0.707767425107768,0.204776002608614,3.45630062161393,0.00054764417931798,0.0255514625587559
"MSTRG.6862","MSTRG_novel_locus",21575.0520261012,-0.217469205996507,0.0629152250119567,-3.45654340352717,0.000547151084762033,0.0255514625587559
"MSTRG.17702","MSTRG_novel_locus",2329.49425075663,0.39666549800276,0.114794289495017,3.45544625736786,0.000549382702463362,0.0255915647992293
"MSTRG.20272","MSTRG_novel_locus",6756.59944408692,-0.544406087574979,0.157608457373038,-3.45416798469413,0.000551993428198248,0.025672103304415
"MSTRG.9655","MSTRG_novel_locus",38044.6294229723,-0.290254662683718,0.084087365507244,-3.45182252925635,0.000556813832995291,0.0258549887301832
"ENSRNOG00000059513","annotated_Ensembl",6.10859332695682,6.09430479699762,1.76616525027357,3.45058583620849,0.000559371256699947,0.0258781105020892
"MSTRG.1812","MSTRG_novel_locus",1234.31432613468,0.610894521087893,0.177047976204517,3.45044622471266,0.000559660653000881,0.0258781105020892
"MSTRG.22510","MSTRG_novel_locus",493.318083300567,0.759139977626116,0.220021884834567,3.45029303878979,0.000559978347747344,0.0258781105020892
"MSTRG.14263","MSTRG_novel_locus",16899.7213881017,-0.285198184844868,0.082705662771559,-3.44835136177571,0.000564019807119506,0.0260235699912477
"ENSRNOG00000028743","annotated_Ensembl",70.3189581091768,-1.28535507371513,0.373024978400219,-3.44576140511447,0.000569452903759401,0.0261912351343621
"MSTRG.12245","MSTRG_novel_locus",36648.3439831029,-0.255269800102188,0.0740770675126241,-3.44600304350176,0.000568943951539252,0.0261912351343621
"ENSRNOG00000046231","annotated_Ensembl",78.2633463604564,-2.86829242489195,0.832932734827252,-3.44360631412431,0.000574010865460326,0.0263592308154762
"MSTRG.8997","MSTRG_novel_locus",36610.2102586397,-0.267403007724926,0.077712480638177,-3.44092744857718,0.000579723954875301,0.0265796586177
"MSTRG.17539","MSTRG_novel_locus",58.6940079188122,1.52441974597741,0.443570768818733,3.43670019112638,0.000588847013914632,0.0269554905080355
"MSTRG.15988","MSTRG_novel_locus",361.234652253089,-0.617832657456276,0.180354766079196,-3.42565195745909,0.000613325745846712,0.0280319713729689
"MSTRG.6250","MSTRG_novel_locus",1414.43251211566,0.525896467498405,0.153629142924159,3.42315564279378,0.000618986241891022,0.0282463408251022
"MSTRG.16918","MSTRG_novel_locus",2922.27994777577,0.361949265659139,0.105828485642736,3.42014972113495,0.000625866792292657,0.0284769695415034
"MSTRG.5786","MSTRG_novel_locus",673.860223549959,-0.478799377893722,0.139995995836937,-3.42009337503777,0.000625996445234669,0.0284769695415034
"MSTRG.11722","MSTRG_novel_locus",397.280437071301,-0.522310635126217,0.152826828216194,-3.41766325469596,0.000631612013960806,0.0286876008961855
"MSTRG.10566","MSTRG_novel_locus",4176.22292007956,-0.287915766854546,0.084272854892105,-3.41647102407016,0.000634384145877171,0.0287686293194205
"MSTRG.10502","MSTRG_novel_locus",373.901100112871,0.747457018609831,0.219171540056552,3.41037444194154,0.00064873746699495,0.0293737832256469
"MSTRG.4172","MSTRG_novel_locus",902.591776957252,0.53544316925364,0.15707459989746,3.40884630362378,0.000652382238666115,0.0294929448703808
"MSTRG.9784","MSTRG_novel_locus",8397.75683744266,-0.279091836726637,0.0818958406072822,-3.407887807941,0.000654678061054821,0.0295508481698451
"ENSRNOG00000045654","annotated_Ensembl",18.5245480376022,-3.33198749787132,0.97841824308709,-3.40548382188612,0.000660469267142631,0.0296285088499084
"MSTRG.20036","MSTRG_novel_locus",734.76669536007,-0.501434568827177,0.147238233232495,-3.40560028342226,0.000660187616723694,0.0296285088499084
"MSTRG.26340","MSTRG_novel_locus",168.927486902754,0.78445319851494,0.230333864070482,3.40572239206171,0.000659892429298273,0.0296285088499084
"MSTRG.5402","MSTRG_novel_locus",20341.8425567231,-0.274630930407536,0.0806267936997817,-3.40619932661765,0.000658740655321477,0.0296285088499084
"MSTRG.22416","MSTRG_novel_locus",2220.05261265699,-0.308112406555561,0.09056592731211,-3.4020786370766,0.000668753921456331,0.0299540025681225
"MSTRG.12104","MSTRG_novel_locus",605.30365095975,0.79039127789331,0.232450436580512,3.40025723126378,0.000673224877905524,0.0301079402386197
"MSTRG.8958","MSTRG_novel_locus",1772.07857957837,-0.331869230424117,0.0976227352247058,-3.39950760097254,0.000675073034695837,0.0301442888529672
"MSTRG.12091","MSTRG_novel_locus",983.528723046657,0.730377482646792,0.215135964449062,3.39495762373903,0.000686392236261206,0.0306027925980226
"MSTRG.16656","MSTRG_novel_locus",5092.13647199295,0.309312574864066,0.0911484504116773,3.39350338340408,0.000690047061052848,0.0307187005129856
"MSTRG.12300","MSTRG_novel_locus",1128.61253596817,0.408905975980989,0.120640360209204,3.389462492253,0.00070029788474379,0.0311274391090545
"MSTRG.5366","MSTRG_novel_locus",11135.7992821497,-0.250446752803066,0.0739139215794374,-3.38835698947327,0.000703126847366811,0.0312055412107276
"MSTRG.21625","MSTRG_novel_locus",7514.65449899428,0.351767681543401,0.103840195916778,3.3875868437818,0.000705103909079532,0.0312456548081301
"MSTRG.25610","MSTRG_novel_locus",2568.54791884239,-1.81802478732292,0.536820083917013,-3.38665568183914,0.000707501218438951,0.03128094506733
"MSTRG.6424","MSTRG_novel_locus",1957.89354943155,-0.502384484365078,0.148351661190374,-3.38644326820437,0.000708049144719739,0.03128094506733
"MSTRG.17054","MSTRG_novel_locus",1379.06961333028,-0.386313722396243,0.114124774606502,-3.38501191987662,0.000711751636457284,0.0313781528275414
"MSTRG.1978","MSTRG_novel_locus",875.284667986541,0.625725672526196,0.184865592288917,3.38476005609676,0.000712404994813658,0.0313781528275414
"MSTRG.24029","MSTRG_novel_locus",7819.13657973535,-0.34215742009483,0.101133262928059,-3.3832332725013,0.00071637755800662,0.0315054625737232
"MSTRG.24167","MSTRG_novel_locus",40.0604481187331,-1.89665771783626,0.560854206190425,-3.38173039785013,0.000720308004120861,0.0316056021882681
"MSTRG.29051","MSTRG_novel_locus",14503.0701287438,-0.274942282788211,0.0813069935864233,-3.38153301039188,0.000720825714536307,0.0316056021882681
"MSTRG.16894","MSTRG_novel_locus",2101.46696794193,0.335254223747555,0.0992309059480513,3.37852628215513,0.000728754660992196,0.0319052078197395
"MSTRG.11813","MSTRG_novel_locus",2383.85325433204,-0.347533050542774,0.102952524675627,-3.37566321600902,0.000736379995089279,0.0321906414069508
"MSTRG.7027","MSTRG_novel_locus",1304.58070017433,-0.42386594575552,0.125655253182506,-3.37324493023688,0.00074287839021103,0.0324260291643237
"MSTRG.18602","MSTRG_novel_locus",613.609625110804,-0.61980091616405,0.184071712338156,-3.36717091556915,0.000759436051443579,0.0330991335355215
"MSTRG.6390","MSTRG_novel_locus",11105.631166764,-0.308967102561225,0.0917930915412047,-3.36590801522938,0.000762921447067571,0.0332013378324742
"MSTRG.19121","MSTRG_novel_locus",7886.72871752048,-0.780173229747918,0.231860568889895,-3.36483790013646,0.000765886405618919,0.0332806221092376
"MSTRG.27726","MSTRG_novel_locus",3696.84698102914,0.640340599383261,0.190346062851886,3.36408638975384,0.000767974999703386,0.0333216455161913
"MSTRG.7684","MSTRG_novel_locus",20790.0768170252,-0.241586965934144,0.0718634003192588,-3.36175250351187,0.000774495084992483,0.0335545385483201
"MSTRG.1477","MSTRG_novel_locus",1777.86397418968,-0.708543747523091,0.210816046075855,-3.3609573877889,0.000776728078467671,0.0336012797570695
"MSTRG.11051","MSTRG_novel_locus",14551.8515307481,-0.403965018825645,0.120253536246141,-3.35927766813268,0.000781465045874784,0.0337560435394636
"MSTRG.15932","MSTRG_novel_locus",1831.72052328848,0.475091174562929,0.141489840634402,3.35777588293795,0.000785722913049264,0.0338395516131897
"MSTRG.20039","MSTRG_novel_locus",1690.80605341335,0.337069886173968,0.100382419052862,3.3578577738445,0.000785490181659186,0.0338395516131897
"ENSRNOG00000016429","annotated_Ensembl",33.4051232515845,1.83813906219077,0.547532037251443,3.35713517590322,0.000787545992934323,0.0338679675602509
"MSTRG.25399","MSTRG_novel_locus",4794.21455231977,-0.394567026773136,0.117576709947488,-3.35582639580029,0.000791282228272318,0.0339784524984075
"ENSRNOG00000024904","annotated_Ensembl",280.829988086314,-0.821358600309955,0.244796679816803,-3.35526854745184,0.000792879738822932,0.0339969082711205
"MSTRG.12149","MSTRG_novel_locus",347.666943505453,0.903737544958593,0.269568365309187,3.35253561345016,0.000800749386480671,0.0342838494676445
"MSTRG.27169","MSTRG_novel_locus",8308.04875800274,0.304434070792569,0.0908219602393712,3.35198744874257,0.000802336561775512,0.0343013607335275
"MSTRG.6736","MSTRG_novel_locus",13624.80261418,-0.344815175371948,0.102931783141658,-3.34993881236276,0.000808294134607431,0.0344548688652427
"MSTRG.9454","MSTRG_novel_locus",1765.64133913639,-0.351258574294394,0.104848675001411,-3.35014795646837,0.000807684053372004,0.0344548688652427
"MSTRG.21595","MSTRG_novel_locus",1567.35562280927,-0.309703223958441,0.0924974693181604,-3.34823456513351,0.000813281450380517,0.0346167779917812
"MSTRG.17434","MSTRG_novel_locus",295.326983025874,1.64830567886832,0.492475695938275,3.34697872902728,0.000816974789783709,0.0347232175616977
"ENSRNOG00000026594","annotated_Ensembl",49.1237752651269,1.60056477386406,0.478414616121014,3.34555993886942,0.000821166086064275,0.0348051620235059
"MSTRG.8838","MSTRG_novel_locus",589.652534727988,-0.736320843025385,0.220091806688374,-3.34551682820221,0.000821293752495312,0.0348051620235059
"MSTRG.12854","MSTRG_novel_locus",1573.28024842939,0.660567937272148,0.197531663141167,3.34411165667182,0.000825465074392563,0.0349310903718969
"ENSRNOG00000022796","annotated_Ensembl",194.276833135564,-1.10112300597892,0.329407951327587,-3.34273353615525,0.000829575177146121,0.0350032633441046
"MSTRG.13734","MSTRG_novel_locus",9799.6604015925,0.394142684318223,0.117903277248249,3.34293238930369,0.000828980948340703,0.0350032633441046
"ENSRNOG00000020281","annotated_Ensembl",391.28557800368,0.818864523762449,0.245027365763875,3.34193089498241,0.000831977711970006,0.0350538337283571
"ENSRNOG00000002937","annotated_Ensembl",13.496417804083,-3.63626358180018,1.08852151015658,-3.34055280292725,0.000836117796302619,0.035177360580281
"MSTRG.6153","MSTRG_novel_locus",6213.31992258908,0.416947077582541,0.124933492499035,3.33735229234676,0.000845806654187126,0.0355336434776392
"MSTRG.24258","MSTRG_novel_locus",10982.9070500695,-0.349761356057755,0.104871233949087,-3.33515057358396,0.000852532229510059,0.0357645869307721
"MSTRG.4972","MSTRG_novel_locus",1500.02274963177,0.514966799681571,0.154578694705108,3.33142158215258,0.000864036399176373,0.0361950442095265
"MSTRG.10436","MSTRG_novel_locus",104.248779631508,1.15548028489597,0.34688708974057,3.33099823853384,0.000865351499791472,0.0361980510990358
"MSTRG.27914","MSTRG_novel_locus",11022.1630533229,-0.266581331353746,0.0801098229947448,-3.32769841934658,0.00087566605504611,0.0365769605833751
"MSTRG.20356","MSTRG_novel_locus",2870.61227089595,-0.509329829106798,0.153141104423244,-3.32588582944484,0.000881380225261453,0.0366197582025829
"MSTRG.20961","MSTRG_novel_locus",29.5236288549316,2.29191312062451,0.688995447348486,3.32645611730042,0.000879578682558906,0.0366197582025829
"MSTRG.21613","MSTRG_novel_locus",42616.966899611,-0.442965466201581,0.133181558822943,-3.32602704245621,0.000880933814152188,0.0366197582025829
"MSTRG.7645","MSTRG_novel_locus",2124.04307253284,0.411898140717891,0.123850168357566,3.32577780216419,0.000881721869204183,0.0366197582025829
"MSTRG.21311","MSTRG_novel_locus",3276.98505637707,0.693404483748544,0.208519573379268,3.32536880116927,0.000883016476514252,0.0366212844689971
"MSTRG.759","MSTRG_novel_locus",7869.17134959922,-0.496683566802373,0.149424681592021,-3.32397273001046,0.00088744873322285,0.0367527488179944
"MSTRG.21041","MSTRG_novel_locus",575.327782250147,-0.491762150203937,0.148286657614865,-3.31629398162819,0.000912198160883995,0.0377240586022395
"MSTRG.5471","MSTRG_novel_locus",630.425445868148,0.842339582943063,0.254430861840401,3.31068163999478,0.000930690273997893,0.0384342079959924
"MSTRG.9956","MSTRG_novel_locus",47.6947609502256,2.29104049161514,0.692967702014459,3.3061288209466,0.000945945872394331,0.0390088783695305
"MSTRG.10403","MSTRG_novel_locus",1137.33250126484,-0.474643650175148,0.143619684814791,-3.30486486436201,0.000950222038533145,0.0391297941016322
"MSTRG.12096","MSTRG_novel_locus",381.503223224657,0.811520296445417,0.245614368206191,3.30404244007481,0.000953014039087488,0.0391893371949056
"MSTRG.13183","MSTRG_novel_locus",4406.20890525206,-0.514862168513546,0.155856713504286,-3.30343272957174,0.000955088812700611,0.0391925462327381
"MSTRG.875","MSTRG_novel_locus",116.706297783377,-1.03864801318904,0.314434192638347,-3.30322858488759,0.000955784427603354,0.0391925462327381
"MSTRG.14982","MSTRG_novel_locus",331.813499814331,0.893758103899147,0.27087595407179,3.29951068178712,0.000968535415190336,0.039597654002129
"MSTRG.2350","MSTRG_novel_locus",12720.6986901307,-0.38009100842874,0.115200786276576,-3.29937859552634,0.00096899130524471,0.039597654002129
"MSTRG.8665","MSTRG_novel_locus",1719.17984227962,-0.425189869602883,0.128878195540527,-3.29916063628606,0.00096974401674514,0.039597654002129
"MSTRG.15422","MSTRG_novel_locus",3907.64628589562,0.673426515438585,0.204429792688459,3.29417012355364,0.000987127343413931,0.040082601779851
"MSTRG.22335","MSTRG_novel_locus",7653.31295178509,-0.826643405153544,0.250898847967169,-3.2947277831332,0.000985170641173762,0.040082601779851
"MSTRG.23260","MSTRG_novel_locus",58.4153305892831,2.9860251695126,0.90644098876613,3.29423007842712,0.000986916802721924,0.040082601779851
"MSTRG.6707","MSTRG_novel_locus",5529.69900651249,-0.29603355227464,0.0898440224673237,-3.29497215446144,0.000984314329257467,0.040082601779851
"MSTRG.26660","MSTRG_novel_locus",6553.27995182635,0.338343486773811,0.102747800074021,3.29295115350462,0.000991416971243903,0.0402007154607173
"MSTRG.9610","MSTRG_novel_locus",807.451889434451,-0.453133080143566,0.137631881883999,-3.29235547709421,0.000993519463541816,0.04022993833318
"MSTRG.3250","MSTRG_novel_locus",452.536449189629,-0.722878818764926,0.219606913797811,-3.29169426528379,0.000995858102639928,0.0402686288892484
"ENSRNOG00000055650","annotated_Ensembl",114.318401340481,1.07942726415848,0.327983145556429,3.2911058960887,0.000997943388976039,0.0402969817290546
"MSTRG.20787","MSTRG_novel_locus",935.374586279627,0.768758861728964,0.233774883893004,3.288457891314,0.00100737852677037,0.0406216321722889
"MSTRG.13076","MSTRG_novel_locus",22.0850814079755,-2.14502019017817,0.65249076779679,-3.28743377844421,0.00101104964824188,0.0406440207936245
"MSTRG.13310","MSTRG_novel_locus",4985.25061872259,-0.288373924502852,0.0877280354780931,-3.28713532602543,0.00101212183401036,0.0406440207936245
"MSTRG.24573","MSTRG_novel_locus",663.732410188125,0.537281934284034,0.163420697116519,3.28772269219334,0.00101001273158927,0.0406440207936245
"MSTRG.12785","MSTRG_novel_locus",2613.15564412704,-0.341342013014575,0.10390135885497,-3.28525071063828,0.00101891662889599,0.0408068616288505
"MSTRG.9615","MSTRG_novel_locus",5037.24310015298,0.297024319314066,0.0904119452932519,3.28523314425617,0.00101898016089079,0.0408068616288505
"MSTRG.2696","MSTRG_novel_locus",20826.9599164036,-0.277198596774021,0.0844313650330473,-3.28312347746033,0.00102663686923004,0.0410570134763232
"MSTRG.4732","MSTRG_novel_locus",2160.96461185415,-0.324513300101332,0.0989818082876477,-3.27851456459833,0.00104354978964167,0.0416168679809891
"MSTRG.5788","MSTRG_novel_locus",1793.82774854782,-0.501380531312734,0.152946509994346,-3.27814300130986,0.00104492445195106,0.0416168679809891
"MSTRG.9013","MSTRG_novel_locus",413.677036196345,-0.675262032654476,0.205982223946326,-3.27825391782562,0.0010445139218848,0.0416168679809891
"MSTRG.4087","MSTRG_novel_locus",8588.70448999495,0.230078083808853,0.0701984427870658,3.27753828538266,0.00104716528559739,0.0416491395148667
"MSTRG.5900","MSTRG_novel_locus",31242.321059056,0.257771792078839,0.0786862609065448,3.27594409886871,0.00105309402802433,0.041827802908459
"ENSRNOG00000006731","annotated_Ensembl",85.4436747818615,-1.04084269346784,0.317761247795777,-3.27554949097122,0.00105456635302668,0.0418292163515244
"MSTRG.19399","MSTRG_novel_locus",96.6859150330772,-1.14786632053899,0.350735264784429,-3.27274282283677,0.0010650934084576,0.0421892918283464
"MSTRG.14663","MSTRG_novel_locus",2057.47163116314,-0.342124350204244,0.104558315706757,-3.27209125253854,0.00106755113678136,0.0422055507692714
"MSTRG.9779","MSTRG_novel_locus",149.626700223696,1.31498343505612,0.401906301204059,3.2718656839084,0.00106840320522611,0.0422055507692714
"MSTRG.19659","MSTRG_novel_locus",98.9562680719143,1.63736935139428,0.500958374381366,3.26847385956223,0.00108129165233375,0.0425990868282068
"MSTRG.4633","MSTRG_novel_locus",17317.510116164,-0.254401687577282,0.0778272264562979,-3.26880063906858,0.00108004370557521,0.0425990868282068
"MSTRG.14913","MSTRG_novel_locus",770.762379794398,0.697605500066438,0.213465656533437,3.26799875631126,0.00108310841580773,0.0426129978619275
"MSTRG.11024","MSTRG_novel_locus",909.370652712896,-0.484327762536814,0.148264272279034,-3.26665187163437,0.00108827417243453,0.0427008278386238
"MSTRG.785","MSTRG_novel_locus",1156.00206668792,-0.498605055928962,0.152632119083649,-3.26671121990847,0.00108804607273602,0.0427008278386238
"MSTRG.22736","MSTRG_novel_locus",3343.0711267953,0.757397733066667,0.231941367456005,3.26547067206687,0.00109282321541707,0.0428103772175692
"MSTRG.5387","MSTRG_novel_locus",13854.800170131,0.376250121087198,0.115231613981902,3.26516402995354,0.00109400702925986,0.0428103772175692
"ENSRNOG00000011321","annotated_Ensembl",202.874392077296,-0.687155804498814,0.210606746698984,-3.26274355057082,0.00110339317479641,0.0429960231319339
"MSTRG.14588","MSTRG_novel_locus",218.598824419016,-1.03322605386861,0.316595013382194,-3.2635575741722,0.00110022827157528,0.0429960231319339
"MSTRG.19123","MSTRG_novel_locus",353.218833208886,-0.646037904780538,0.197992240839207,-3.26294556818111,0.0011026069509792,0.0429960231319339
"MSTRG.4671","MSTRG_novel_locus",71.4403452800862,1.23061024265991,0.377207938336314,3.2624187287456,0.00110465842215726,0.0429960231319339
"MSTRG.6433","MSTRG_novel_locus",2088.03077201944,-0.388771853326412,0.119296578116193,-3.25886843919155,0.001118575265512,0.043479573137672
"MSTRG.9592","MSTRG_novel_locus",438.555029087964,-0.790923529388764,0.242759702849802,-3.25805115142242,0.00112180183680956,0.0435468515691648
"MSTRG.3499","MSTRG_novel_locus",8258.49786025437,-0.316316800266613,0.0971142178572284,-3.2571626199126,0.0011253194326761,0.0436252329732781
"MSTRG.19591","MSTRG_novel_locus",36.2507110925715,3.89700860166664,1.19708275082931,3.25542123045955,0.00113224299150824,0.043737547310164
"MSTRG.4322","MSTRG_novel_locus",10864.7848174418,-0.240767972288103,0.0739546595722663,-3.25561599067103,0.00113146669670679,0.043737547310164
"MSTRG.8664","MSTRG_novel_locus",1216.28239962703,-0.413828070083262,0.127124373959127,-3.25530075150116,0.00113272345510283,0.043737547310164
"MSTRG.18683","MSTRG_novel_locus",2639.65683482083,0.52081078831029,0.160012782892029,3.25480739036777,0.00113469291958688,0.0437555624647051
"MSTRG.25559","MSTRG_novel_locus",11787.9566494734,0.357537561845056,0.109959473386736,3.25153941568607,0.0011478185918241,0.0441447694615151
"MSTRG.26068","MSTRG_novel_locus",2738.44504349728,-0.325915275929626,0.100229528506368,-3.25168920563084,0.00114721391141617,0.0441447694615151
"MSTRG.6442","MSTRG_novel_locus",5825.9552774936,0.441478639593849,0.13582414863897,3.25036927540279,0.0011525524286204,0.0442683527794911
"MSTRG.8677","MSTRG_novel_locus",4171.2630257238,-0.392410392866426,0.120916400371837,-3.24530329764782,0.00117325589253849,0.045004179256081
"MSTRG.28279","MSTRG_novel_locus",62.438808997581,1.34508494635497,0.414846819652611,3.24236533253727,0.00118541956717827,0.0454109279984582
"MSTRG.16939","MSTRG_novel_locus",364.252956421454,-0.630817994411329,0.195102674963783,-3.2332616378962,0.00122385419915239,0.0467902089031256
"MSTRG.28699","MSTRG_novel_locus",551.982136855463,0.671991540577763,0.207848815446124,3.23307851976644,0.00122463897726804,0.0467902089031256
"ENSRNOG00000019377","annotated_Ensembl",11.6967434634336,-4.47501680499687,1.38544810863988,-3.23001401285977,0.00123784150971699,0.0472326575542602
"MSTRG.917","MSTRG_novel_locus",15473.8859462656,0.709271659709764,0.219793277880746,3.22699432188548,0.0012509794260611,0.0476714856156321
"MSTRG.5723","MSTRG_novel_locus",2181.28458239528,-0.384671099044649,0.119383617818508,-3.22214308858895,0.00127235576033464,0.0484227001390623
"MSTRG.4866","MSTRG_novel_locus",14088.0744069951,-0.287228100682548,0.0891656337966557,-3.22128704134575,0.00127616264247824,0.048504176466203
"MSTRG.7689","MSTRG_novel_locus",570.801648649381,0.522566461524373,0.162336193535745,3.21903852827071,0.00128621202168353,0.0488223947839561
"MSTRG.22361","MSTRG_novel_locus",5220.25315613223,-0.355679906186444,0.110509843813791,-3.21853595943694,0.00128846813982163,0.0488443508108946
"MSTRG.18860","MSTRG_novel_locus",30301.9411818737,0.261290703286202,0.0811977141168211,3.21795639357873,0.00129107444572206,0.0488795076888844
"MSTRG.6122","MSTRG_novel_locus",434.753711912371,-0.777059104704949,0.241536164221251,-3.21715428085191,0.00129468957233445,0.0489527171544744
"MSTRG.5556","MSTRG_novel_locus",5683.80703751484,-0.287394415472277,0.0893587089117305,-3.21618809148383,0.00129905659777088,0.0490541294260718
"MSTRG.10884","MSTRG_novel_locus",97314.1125641799,-0.281764869412691,0.0876741642953636,-3.21377308443408,0.00131003157968322,0.0494044811021986
"MSTRG.20269","MSTRG_novel_locus",3409.50964317335,-0.345731185222414,0.107699656249802,-3.21014195644705,0.00132669434866622,0.0499681491165178
